2982924	2.682159900665283
2982958	2.682159900665283
2987424	2.682159900665283
2987458	2.682159900665283
2987882	2.682159900665283
2987916	2.682159900665283
2987966	2.682159900665283
2988000	2.682159900665283
2988424	2.682159900665283
2988458	2.682159900665283
2992924	2.682159900665283
2992958	2.682159900665283
3026268	2.682159900665283
3026357	2.682159900665283
3030768	2.682159900665283
3030857	2.682159900665283
3031226	2.682159900665283
3031310	2.682159900665283
3031315	2.682159900665283
3031399	2.682159900665283
3031768	2.682159900665283
3031857	2.682159900665283
3036268	2.682159900665283
3036357	2.682159900665283
3046010	2.682159900665283
3046079	2.682159900665283
3046097	2.682159900665283
3046102	2.682159900665283
3046128	2.682159900665283
3046144	2.682159900665283
3048645	2.682159900665283
3048711	2.682159900665283
3050510	2.682159900665283
3050579	2.682159900665283
3050597	2.682159900665283
3050602	2.682159900665283
3050628	2.682159900665283
3050644	2.682159900665283
3050968	2.682159900665283
3051037	2.682159900665283
3051052	2.682159900665283
3051055	2.682159900665283
3051060	2.682159900665283
3051086	2.682159900665283
3051102	3.0915732383728027
3051121	3.864466667175293
3051139	3.0915732383728027
3051144	2.682159900665283
3051170	2.682159900665283
3051186	2.682159900665283
3051510	2.682159900665283
3051579	2.682159900665283
3051597	2.682159900665283
3051602	2.682159900665283
3051628	2.682159900665283
3051644	2.682159900665283
3053145	2.682159900665283
3053211	2.682159900665283
3053603	2.682159900665283
3053669	2.682159900665283
3053687	2.682159900665283
3053753	2.682159900665283
3054145	2.682159900665283
3054211	2.682159900665283
3056010	2.682159900665283
3056079	2.682159900665283
3056097	2.682159900665283
3056102	2.682159900665283
3056128	2.682159900665283
3056144	2.682159900665283
3058645	2.682159900665283
3058711	2.682159900665283
3059880	2.682159900665283
3059883	2.682159900665283
3059884	2.682159900665283
3059923	2.682159900665283
3059935	2.682159900665283
3059982	2.682159900665283
3061328	2.682159900665283
3061411	2.682159900665283
3064380	2.682159900665283
3064383	2.682159900665283
3064384	2.682159900665283
3064423	2.682159900665283
3064435	2.682159900665283
3064482	2.682159900665283
3064838	2.682159900665283
3064841	2.682159900665283
3064842	2.682159900665283
3064881	2.682159900665283
3064893	3.0915732383728027
3064922	3.864466667175293
3064925	3.0915732383728027
3064926	2.682159900665283
3064940	2.682159900665283
3064965	2.682159900665283
3064977	2.682159900665283
3065024	2.682159900665283
3065380	2.682159900665283
3065383	2.682159900665283
3065384	2.682159900665283
3065423	2.682159900665283
3065435	2.682159900665283
3065482	2.682159900665283
3065828	2.682159900665283
3065911	2.682159900665283
3066286	2.682159900665283
3066369	2.682159900665283
3066370	2.682159900665283
3066453	2.682159900665283
3066828	2.682159900665283
3066911	2.682159900665283
3068748	2.682159900665283
3068838	2.682159900665283
3069880	2.682159900665283
3069883	2.682159900665283
3069884	2.682159900665283
3069923	2.682159900665283
3069935	2.682159900665283
3069982	2.682159900665283
3071328	2.682159900665283
3071411	2.682159900665283
3072637	2.682159900665283
3072716	2.682159900665283
3073248	2.682159900665283
3073338	2.682159900665283
3073706	2.682159900665283
3073790	2.682159900665283
3073796	2.682159900665283
3073880	2.682159900665283
3074248	2.682159900665283
3074338	2.682159900665283
3077137	2.682159900665283
3077216	2.682159900665283
3077595	2.682159900665283
3077674	2.682159900665283
3077679	2.682159900665283
3077758	2.682159900665283
3078137	2.682159900665283
3078216	2.682159900665283
3078668	2.682159900665283
3078714	2.682159900665283
3078748	2.682159900665283
3078838	2.682159900665283
3080443	2.682159900665283
3080451	2.682159900665283
3080483	2.682159900665283
3080511	2.682159900665283
3082637	2.682159900665283
3082716	2.682159900665283
3083168	2.682159900665283
3083214	2.682159900665283
3083626	2.682159900665283
3083672	2.682159900665283
3083710	2.682159900665283
3083756	2.682159900665283
3084168	2.682159900665283
3084214	2.682159900665283
3084943	2.682159900665283
3084951	2.682159900665283
3084983	2.682159900665283
3085011	2.682159900665283
3085401	2.682159900665283
3085409	2.682159900665283
3085441	2.682159900665283
3085469	2.682159900665283
3085485	3.0915732383728027
3085493	2.682159900665283
3085525	2.682159900665283
3085553	2.682159900665283
3085943	2.682159900665283
3085951	2.682159900665283
3085983	2.682159900665283
3086011	2.682159900665283
3087763	2.682159900665283
3087845	2.682159900665283
3088668	2.682159900665283
3088714	2.682159900665283
3089307	2.682159900665283
3089347	2.682159900665283
3090443	2.682159900665283
3090451	2.682159900665283
3090483	2.682159900665283
3090511	2.682159900665283
3092263	2.682159900665283
3092345	2.682159900665283
3092721	2.682159900665283
3092803	2.682159900665283
3092805	2.682159900665283
3092887	2.682159900665283
3093263	2.682159900665283
3093345	2.682159900665283
3093807	2.682159900665283
3093847	2.682159900665283
3094265	2.682159900665283
3094305	2.682159900665283
3094349	2.682159900665283
3094389	2.682159900665283
3094807	2.682159900665283
3094847	2.682159900665283
3097763	2.682159900665283
3097845	2.682159900665283
3099307	2.682159900665283
3099347	2.682159900665283
3100377	2.682159900665283
3100421	2.682159900665283
3104877	2.682159900665283
3104921	2.682159900665283
3105335	2.682159900665283
3105379	2.682159900665283
3105419	2.682159900665283
3105463	2.682159900665283
3105877	2.682159900665283
3105921	2.682159900665283
3110377	2.682159900665283
3110421	2.682159900665283
3114661	2.682159900665283
3114710	2.682159900665283
3115501	2.682159900665283
3115549	2.682159900665283
3119161	2.682159900665283
3119210	2.682159900665283
3119619	2.682159900665283
3119668	2.682159900665283
3119703	2.682159900665283
3119752	2.682159900665283
3120001	2.682159900665283
3120049	2.682159900665283
3120161	2.682159900665283
3120210	2.682159900665283
3120459	2.682159900665283
3120507	2.682159900665283
3120543	2.682159900665283
3120591	2.682159900665283
3121001	2.682159900665283
3121049	2.682159900665283
3123990	2.682159900665283
3124066	2.682159900665283
3124661	2.682159900665283
3124710	2.682159900665283
3125501	2.682159900665283
3125549	2.682159900665283
3128490	2.682159900665283
3128566	2.682159900665283
3128948	2.682159900665283
3129024	2.682159900665283
3129032	2.682159900665283
3129108	2.682159900665283
3129490	2.682159900665283
3129566	2.682159900665283
3130637	2.682159900665283
3130673	2.682159900665283
3133990	2.682159900665283
3134066	2.682159900665283
3135137	2.682159900665283
3135173	2.682159900665283
3135595	2.682159900665283
3135631	2.682159900665283
3135679	2.682159900665283
3135715	2.682159900665283
3136137	2.682159900665283
3136173	2.682159900665283
3136767	2.682159900665283
3136828	2.682159900665283
3140637	2.682159900665283
3140673	2.682159900665283
3141267	2.682159900665283
3141328	2.682159900665283
3141725	2.682159900665283
3141786	2.682159900665283
3141809	2.682159900665283
3141870	2.682159900665283
3142267	2.682159900665283
3142328	2.682159900665283
3146767	2.682159900665283
3146828	2.682159900665283
3162110	2.682159900665283
3162153	2.682159900665283
3162258	2.682159900665283
3162308	2.682159900665283
3166610	2.682159900665283
3166644	2.682159900665283
3166652	2.682159900665283
3166653	2.682159900665283
3166688	2.682159900665283
3166727	2.682159900665283
3166758	2.682159900665283
3166808	2.682159900665283
3167068	2.682159900665283
3167111	2.682159900665283
3167152	2.682159900665283
3167195	2.682159900665283
3167216	2.682159900665283
3167266	2.682159900665283
3167300	2.682159900665283
3167350	2.682159900665283
3167610	2.682159900665283
3167653	2.682159900665283
3167758	2.682159900665283
3167808	2.682159900665283
3171126	2.682159900665283
3171144	2.682159900665283
3171152	2.682159900665283
3171188	2.682159900665283
3171227	2.682159900665283
3171232	2.682159900665283
3171602	2.682159900665283
3171610	2.682159900665283
3171646	2.682159900665283
3171685	2.682159900665283
3171686	3.0915732383728027
3171694	2.682159900665283
3171730	2.682159900665283
3171769	2.682159900665283
3172110	2.682159900665283
3172144	2.682159900665283
3172152	2.682159900665283
3172153	2.682159900665283
3172188	2.682159900665283
3172227	2.682159900665283
3172258	2.682159900665283
3172308	2.682159900665283
3175626	2.682159900665283
3175732	2.682159900665283
3176084	2.682159900665283
3176168	2.682159900665283
3176190	2.682159900665283
3176274	2.682159900665283
3176626	2.682159900665283
3176644	2.682159900665283
3176652	2.682159900665283
3176688	2.682159900665283
3176727	2.682159900665283
3176732	2.682159900665283
3177626	2.682159900665283
3177721	2.682159900665283
3181126	2.682159900665283
3181232	2.682159900665283
3181958	2.682159900665283
3181996	2.682159900665283
3182126	2.682159900665283
3182221	2.682159900665283
3182584	2.682159900665283
3182668	2.682159900665283
3182679	2.682159900665283
3182763	2.682159900665283
3183126	2.682159900665283
3183221	2.682159900665283
3184389	2.682159900665283
3184395	2.682159900665283
3184432	2.682159900665283
3184453	2.682159900665283
3185520	2.682159900665283
3185555	2.682159900665283
3185804	2.682159900665283
3185870	2.682159900665283
3186458	2.682159900665283
3186496	2.682159900665283
3186916	2.682159900665283
3186954	2.682159900665283
3187000	2.682159900665283
3187038	2.682159900665283
3187458	2.682159900665283
3187496	2.682159900665283
3187626	2.682159900665283
3187721	2.682159900665283
3188889	2.682159900665283
3188895	2.682159900665283
3188932	2.682159900665283
3188953	2.682159900665283
3189347	2.682159900665283
3189353	2.682159900665283
3189390	2.682159900665283
3189411	2.682159900665283
3189431	3.0915732383728027
3189437	2.682159900665283
3189474	2.682159900665283
3189495	2.682159900665283
3189889	2.682159900665283
3189895	2.682159900665283
3189932	2.682159900665283
3189953	2.682159900665283
3190020	2.682159900665283
3190055	2.682159900665283
3190304	2.682159900665283
3190370	2.682159900665283
3190478	2.682159900665283
3190513	2.682159900665283
3190562	2.682159900665283
3190597	2.682159900665283
3190762	2.682159900665283
3190828	2.682159900665283
3190846	2.682159900665283
3190912	2.682159900665283
3191020	2.682159900665283
3191055	2.682159900665283
3191304	2.682159900665283
3191370	2.682159900665283
3191771	2.682159900665283
3191811	2.682159900665283
3191958	2.682159900665283
3191996	2.682159900665283
3194389	2.682159900665283
3194395	2.682159900665283
3194432	2.682159900665283
3194453	2.682159900665283
3195520	2.682159900665283
3195546	2.682159900665283
3195555	2.682159900665283
3195592	2.682159900665283
3195804	2.682159900665283
3195846	2.682159900665283
3195870	2.682159900665283
3195922	2.682159900665283
3196271	2.682159900665283
3196311	2.682159900665283
3196729	2.682159900665283
3196769	2.682159900665283
3196813	2.682159900665283
3196853	2.682159900665283
3197271	2.682159900665283
3197311	2.682159900665283
3200011	2.682159900665283
3200046	2.682159900665283
3200092	2.682159900665283
3200093	2.682159900665283
3200346	2.682159900665283
3200422	2.682159900665283
3200504	2.682159900665283
3200550	2.682159900665283
3200588	2.682159900665283
3200634	2.682159900665283
3200804	2.682159900665283
3200880	2.682159900665283
3200888	2.682159900665283
3200964	2.682159900665283
3201046	2.682159900665283
3201092	2.682159900665283
3201346	2.682159900665283
3201422	2.682159900665283
3201771	2.682159900665283
3201811	2.682159900665283
3204511	2.682159900665283
3204593	2.682159900665283
3204969	2.682159900665283
3205051	2.682159900665283
3205053	2.682159900665283
3205135	2.682159900665283
3205511	2.682159900665283
3205546	2.682159900665283
3205592	2.682159900665283
3205593	2.682159900665283
3205846	2.682159900665283
3205922	2.682159900665283
3210011	2.682159900665283
3210093	2.682159900665283
3213537	2.682159900665283
3213576	2.682159900665283
3215028	2.682159900665283
3215037	2.682159900665283
3215080	2.682159900665283
3215102	2.682159900665283
3216975	2.682159900665283
3217063	2.682159900665283
3218037	2.682159900665283
3218076	2.682159900665283
3218495	2.682159900665283
3218534	2.682159900665283
3218579	2.682159900665283
3218618	2.682159900665283
3219037	2.682159900665283
3219076	2.682159900665283
3219528	2.682159900665283
3219537	2.682159900665283
3219580	2.682159900665283
3219602	2.682159900665283
3219986	2.682159900665283
3219995	2.682159900665283
3220038	2.682159900665283
3220060	2.682159900665283
3220070	3.0915732383728027
3220079	2.682159900665283
3220122	2.682159900665283
3220144	2.682159900665283
3220528	2.682159900665283
3220537	2.682159900665283
3220580	2.682159900665283
3220602	2.682159900665283
3221475	2.682159900665283
3221563	2.682159900665283
3221933	2.682159900665283
3222017	2.682159900665283
3222021	2.682159900665283
3222105	2.682159900665283
3222475	2.682159900665283
3222563	2.682159900665283
3223537	2.682159900665283
3223576	2.682159900665283
3225028	2.682159900665283
3225037	2.682159900665283
3225080	2.682159900665283
3225102	2.682159900665283
3226975	2.682159900665283
3227063	2.682159900665283
3248300	2.682159900665283
3248327	2.682159900665283
3248328	2.682159900665283
3249598	2.682159900665283
3249636	2.682159900665283
3252800	2.682159900665283
3252827	2.682159900665283
3252828	2.682159900665283
3253258	2.682159900665283
3253285	2.682159900665283
3253286	2.682159900665283
3253342	3.0915732383728027
3253369	2.682159900665283
3253370	2.682159900665283
3253800	2.682159900665283
3253827	2.682159900665283
3253828	2.682159900665283
3254098	2.682159900665283
3254136	2.682159900665283
3254201	2.682159900665283
3254253	2.682159900665283
3254556	2.682159900665283
3254594	2.682159900665283
3254640	2.682159900665283
3254678	2.682159900665283
3255098	2.682159900665283
3255136	2.682159900665283
3258300	2.682159900665283
3258327	2.682159900665283
3258328	2.682159900665283
3258701	2.682159900665283
3258753	2.682159900665283
3259159	2.682159900665283
3259211	2.682159900665283
3259243	2.682159900665283
3259295	2.682159900665283
3259598	2.682159900665283
3259636	2.682159900665283
3259701	2.682159900665283
3259753	2.682159900665283
3264201	2.682159900665283
3264253	2.682159900665283
3268614	2.682159900665283
3268624	2.682159900665283
3268662	2.682159900665283
3268672	2.682159900665283
3271963	2.682159900665283
3272019	2.682159900665283
3273114	2.682159900665283
3273124	2.682159900665283
3273162	2.682159900665283
3273172	2.682159900665283
3273572	2.682159900665283
3273582	2.682159900665283
3273620	2.682159900665283
3273630	2.682159900665283
3273656	3.0915732383728027
3273666	2.682159900665283
3273704	2.682159900665283
3273714	2.682159900665283
3274114	2.682159900665283
3274124	2.682159900665283
3274162	2.682159900665283
3274172	2.682159900665283
3276463	2.682159900665283
3276519	2.682159900665283
3276921	2.682159900665283
3276977	2.682159900665283
3277005	2.682159900665283
3277061	2.682159900665283
3277463	2.682159900665283
3277519	2.682159900665283
3278614	2.682159900665283
3278624	2.682159900665283
3278662	2.682159900665283
3278672	2.682159900665283
3281963	2.682159900665283
3282019	2.682159900665283
3297773	2.682159900665283
3297850	2.682159900665283
3301733	2.682159900665283
3301828	2.682159900665283
3302273	2.682159900665283
3302350	2.682159900665283
3302731	2.682159900665283
3302808	2.682159900665283
3302815	2.682159900665283
3302892	2.682159900665283
3303273	2.682159900665283
3303350	2.682159900665283
3305662	2.682159900665283
3305708	2.682159900665283
3306233	2.682159900665283
3306328	2.682159900665283
3306691	2.682159900665283
3306775	2.682159900665283
3306786	2.682159900665283
3306870	2.682159900665283
3307233	2.682159900665283
3307328	2.682159900665283
3307773	2.682159900665283
3307850	2.682159900665283
3310162	2.682159900665283
3310208	2.682159900665283
3310620	2.682159900665283
3310666	2.682159900665283
3310704	2.682159900665283
3310750	2.682159900665283
3311162	2.682159900665283
3311208	2.682159900665283
3311733	2.682159900665283
3311828	2.682159900665283
3313568	2.682159900665283
3313658	2.682159900665283
3315662	2.682159900665283
3315708	2.682159900665283
3318068	2.682159900665283
3318158	2.682159900665283
3318526	2.682159900665283
3318610	2.682159900665283
3318616	2.682159900665283
3318700	2.682159900665283
3319068	2.682159900665283
3319158	2.682159900665283
3323568	2.682159900665283
3323658	2.682159900665283
3324977	2.682159900665283
3325057	2.682159900665283
3329477	2.682159900665283
3329557	2.682159900665283
3329935	2.682159900665283
3330015	2.682159900665283
3330019	2.682159900665283
3330099	2.682159900665283
3330477	2.682159900665283
3330557	2.682159900665283
3333827	2.682159900665283
3333897	2.682159900665283
3334390	2.682159900665283
3334442	2.682159900665283
3334977	2.682159900665283
3335057	2.682159900665283
3338327	2.682159900665283
3338397	2.682159900665283
3338785	2.682159900665283
3338855	2.682159900665283
3338869	2.682159900665283
3338890	2.682159900665283
3338939	2.682159900665283
3338942	2.682159900665283
3339327	2.682159900665283
3339348	2.682159900665283
3339397	2.682159900665283
3339400	2.682159900665283
3339432	2.682159900665283
3339484	2.682159900665283
3339890	2.682159900665283
3339942	2.682159900665283
3341975	2.682159900665283
3342018	2.682159900665283
3343827	2.682159900665283
3343897	2.682159900665283
3344390	2.682159900665283
3344442	2.682159900665283
3346475	2.682159900665283
3346518	2.682159900665283
3346933	2.682159900665283
3346976	2.682159900665283
3347017	2.682159900665283
3347060	2.682159900665283
3347475	2.682159900665283
3347518	2.682159900665283
3350208	2.682159900665283
3350212	2.682159900665283
3350255	2.682159900665283
3350266	2.682159900665283
3351975	2.682159900665283
3352018	2.682159900665283
3354708	2.682159900665283
3354712	2.682159900665283
3354755	2.682159900665283
3354766	2.682159900665283
3355166	2.682159900665283
3355170	2.682159900665283
3355213	2.682159900665283
3355224	2.682159900665283
3355250	3.0915732383728027
3355254	2.682159900665283
3355297	2.682159900665283
3355308	2.682159900665283
3355708	2.682159900665283
3355712	2.682159900665283
3355755	2.682159900665283
3355766	2.682159900665283
3360208	2.682159900665283
3360212	2.682159900665283
3360255	2.682159900665283
3360266	2.682159900665283
3405043	2.682159900665283
3405108	2.682159900665283
3405165	2.682159900665283
3405234	2.682159900665283
3409543	2.682159900665283
3409608	2.682159900665283
3409665	2.682159900665283
3409734	2.682159900665283
3410001	2.682159900665283
3410066	2.682159900665283
3410085	2.682159900665283
3410123	2.682159900665283
3410150	2.682159900665283
3410192	2.682159900665283
3410207	2.682159900665283
3410276	2.682159900665283
3410543	2.682159900665283
3410608	2.682159900665283
3410665	2.682159900665283
3410734	2.682159900665283
3415043	2.682159900665283
3415108	2.682159900665283
3415165	2.682159900665283
3415234	2.682159900665283
3421882	2.682159900665283
3421941	2.682159900665283
3424504	2.682159900665283
3424595	2.682159900665283
3426243	2.682159900665283
3426270	2.682159900665283
3426322	2.682159900665283
3426323	2.682159900665283
3426382	2.682159900665283
3426441	2.682159900665283
3426840	2.682159900665283
3426899	2.682159900665283
3426924	2.682159900665283
3426983	2.682159900665283
3427382	2.682159900665283
3427441	2.682159900665283
3429004	2.682159900665283
3429095	2.682159900665283
3429462	2.682159900665283
3429546	2.682159900665283
3429553	2.682159900665283
3429637	2.682159900665283
3430004	2.682159900665283
3430095	2.682159900665283
3430743	2.682159900665283
3430770	2.682159900665283
3430822	2.682159900665283
3430823	2.682159900665283
3431201	2.682159900665283
3431228	2.682159900665283
3431280	2.682159900665283
3431281	2.682159900665283
3431285	3.0915732383728027
3431312	2.682159900665283
3431364	2.682159900665283
3431365	2.682159900665283
3431743	2.682159900665283
3431770	2.682159900665283
3431822	2.682159900665283
3431823	2.682159900665283
3431882	2.682159900665283
3431941	2.682159900665283
3434504	2.682159900665283
3434595	2.682159900665283
3436243	2.682159900665283
3436270	2.682159900665283
3436322	2.682159900665283
3436323	2.682159900665283
3442465	2.682159900665283
3442546	2.682159900665283
3446965	2.682159900665283
3447046	2.682159900665283
3447423	2.682159900665283
3447504	2.682159900665283
3447507	2.682159900665283
3447588	2.682159900665283
3447805	2.682159900665283
3447894	2.682159900665283
3447965	2.682159900665283
3448046	2.682159900665283
3452305	2.682159900665283
3452394	2.682159900665283
3452465	2.682159900665283
3452546	2.682159900665283
3452763	2.682159900665283
3452847	2.682159900665283
3452852	2.682159900665283
3452936	2.682159900665283
3453305	2.682159900665283
3453394	2.682159900665283
3457805	2.682159900665283
3457894	2.682159900665283
3484175	2.682159900665283
3484236	2.682159900665283
3486366	2.682159900665283
3486401	2.682159900665283
3488675	2.682159900665283
3488736	2.682159900665283
3489133	2.682159900665283
3489194	2.682159900665283
3489217	2.682159900665283
3489278	2.682159900665283
3489675	2.682159900665283
3489736	2.682159900665283
3490866	2.682159900665283
3490901	2.682159900665283
3491324	2.682159900665283
3491359	2.682159900665283
3491408	2.682159900665283
3491443	2.682159900665283
3491866	2.682159900665283
3491901	2.682159900665283
3494175	2.682159900665283
3494236	2.682159900665283
3496366	2.682159900665283
3496401	2.682159900665283
3496923	2.682159900665283
3497020	2.682159900665283
3501423	2.682159900665283
3501520	2.682159900665283
3501881	2.682159900665283
3501965	2.682159900665283
3501978	2.682159900665283
3502062	2.682159900665283
3502423	2.682159900665283
3502520	2.682159900665283
3504616	2.682159900665283
3504663	2.682159900665283
3504686	2.682159900665283
3504725	2.682159900665283
3506923	2.682159900665283
3507020	2.682159900665283
3509116	2.682159900665283
3509163	2.682159900665283
3509186	2.682159900665283
3509225	2.682159900665283
3509574	2.682159900665283
3509621	2.682159900665283
3509644	2.682159900665283
3509658	2.682159900665283
3509683	2.682159900665283
3509705	2.682159900665283
3509728	2.682159900665283
3509767	2.682159900665283
3510116	2.682159900665283
3510163	2.682159900665283
3510186	2.682159900665283
3510225	2.682159900665283
3514616	2.682159900665283
3514663	2.682159900665283
3514686	2.682159900665283
3514725	2.682159900665283
3515104	2.682159900665283
3515177	2.682159900665283
3518447	2.682159900665283
3518478	2.682159900665283
3519604	2.682159900665283
3519677	2.682159900665283
3520062	2.682159900665283
3520135	2.682159900665283
3520146	2.682159900665283
3520219	2.682159900665283
3520604	2.682159900665283
3520677	2.682159900665283
3522947	2.682159900665283
3522978	2.682159900665283
3523405	2.682159900665283
3523436	2.682159900665283
3523489	2.682159900665283
3523520	2.682159900665283
3523947	2.682159900665283
3523978	2.682159900665283
3524063	2.682159900665283
3524156	2.682159900665283
3525104	2.682159900665283
3525177	2.682159900665283
3527444	2.682159900665283
3527511	2.682159900665283
3527926	2.682159900665283
3527990	2.682159900665283
3528447	2.682159900665283
3528478	2.682159900665283
3528563	2.682159900665283
3528656	2.682159900665283
3529021	2.682159900665283
3529105	2.682159900665283
3529114	2.682159900665283
3529198	2.682159900665283
3529563	2.682159900665283
3529656	2.682159900665283
3531944	2.682159900665283
3532011	2.682159900665283
3532402	2.682159900665283
3532426	2.682159900665283
3532469	2.682159900665283
3532486	2.682159900665283
3532490	2.682159900665283
3532553	2.682159900665283
3532884	2.682159900665283
3532944	2.682159900665283
3532948	2.682159900665283
3532968	2.682159900665283
3533011	2.682159900665283
3533032	2.682159900665283
3533426	2.682159900665283
3533490	2.682159900665283
3534063	2.682159900665283
3534156	2.682159900665283
3537444	2.682159900665283
3537511	2.682159900665283
3537926	2.682159900665283
3537990	2.682159900665283
3553358	2.682159900665283
3553417	2.682159900665283
3553430	2.682159900665283
3557858	2.682159900665283
3557917	2.682159900665283
3557930	2.682159900665283
3558316	2.682159900665283
3558375	2.682159900665283
3558388	2.682159900665283
3558400	3.0915732383728027
3558459	2.682159900665283
3558472	2.682159900665283
3558858	2.682159900665283
3558917	2.682159900665283
3558930	2.682159900665283
3563358	2.682159900665283
3563417	2.682159900665283
3563430	2.682159900665283
3575929	2.682159900665283
3575978	2.682159900665283
3576009	2.682159900665283
3576062	2.682159900665283
3579508	2.682159900665283
3579549	2.682159900665283
3580429	2.682159900665283
3580478	2.682159900665283
3580509	2.682159900665283
3580562	2.682159900665283
3580887	2.682159900665283
3580936	2.682159900665283
3580967	2.682159900665283
3580971	2.682159900665283
3581051	2.682159900665283
3581104	2.682159900665283
3581429	2.682159900665283
3581478	2.682159900665283
3581509	2.682159900665283
3581562	2.682159900665283
3583406	2.682159900665283
3583546	2.682159900665283
3584008	2.682159900665283
3584049	2.682159900665283
3584466	2.682159900665283
3584507	2.682159900665283
3584550	2.682159900665283
3584591	2.682159900665283
3585008	2.682159900665283
3585049	2.682159900665283
3585929	2.682159900665283
3585978	2.682159900665283
3586009	2.682159900665283
3586062	2.682159900665283
3587906	2.682159900665283
3588046	2.682159900665283
3588364	2.682159900665283
3588448	2.682159900665283
3588504	2.682159900665283
3588588	2.682159900665283
3588906	2.682159900665283
3589046	2.682159900665283
3589508	2.682159900665283
3589549	2.682159900665283
3593406	2.682159900665283
3593546	2.682159900665283
3594295	2.682159900665283
3594361	2.682159900665283
3598376	2.682159900665283
3598408	2.682159900665283
3598795	2.682159900665283
3598861	2.682159900665283
3599253	2.682159900665283
3599319	2.682159900665283
3599337	2.682159900665283
3599403	2.682159900665283
3599795	2.682159900665283
3599861	2.682159900665283
3602876	2.682159900665283
3602908	2.682159900665283
3603334	2.682159900665283
3603366	2.682159900665283
3603418	2.682159900665283
3603450	2.682159900665283
3603876	2.682159900665283
3603908	2.682159900665283
3604295	2.682159900665283
3604361	2.682159900665283
3608376	2.682159900665283
3608408	2.682159900665283
3623453	2.682159900665283
3623521	2.682159900665283
3627953	2.682159900665283
3628021	2.682159900665283
3628411	2.682159900665283
3628479	2.682159900665283
3628495	2.682159900665283
3628563	2.682159900665283
3628953	2.682159900665283
3629021	2.682159900665283
3629253	2.682159900665283
3629299	2.682159900665283
3631591	2.682159900665283
3631647	2.682159900665283
3633453	2.682159900665283
3633521	2.682159900665283
3633753	2.682159900665283
3633799	2.682159900665283
3634211	2.682159900665283
3634257	2.682159900665283
3634295	2.682159900665283
3634341	2.682159900665283
3634753	2.682159900665283
3634799	2.682159900665283
3636091	2.682159900665283
3636147	2.682159900665283
3636549	2.682159900665283
3636605	2.682159900665283
3636633	2.682159900665283
3636689	2.682159900665283
3637091	2.682159900665283
3637147	2.682159900665283
3639253	2.682159900665283
3639299	2.682159900665283
3639479	2.682159900665283
3639543	2.682159900665283
3641591	2.682159900665283
3641647	2.682159900665283
3643979	2.682159900665283
3644043	2.682159900665283
3644437	2.682159900665283
3644501	2.682159900665283
3644521	2.682159900665283
3644585	2.682159900665283
3644979	2.682159900665283
3645043	2.682159900665283
3649479	2.682159900665283
3649543	2.682159900665283
3654819	2.682159900665283
3654887	2.682159900665283
3659319	2.682159900665283
3659387	2.682159900665283
3659777	2.682159900665283
3659845	2.682159900665283
3659861	2.682159900665283
3659929	2.682159900665283
3660319	2.682159900665283
3660387	2.682159900665283
3664819	2.682159900665283
3664887	2.682159900665283
3668318	2.682159900665283
3668378	2.682159900665283
3669971	2.682159900665283
3670026	2.682159900665283
3670760	2.682159900665283
3670835	2.682159900665283
3672818	2.682159900665283
3672878	2.682159900665283
3673276	2.682159900665283
3673336	2.682159900665283
3673360	2.682159900665283
3673420	2.682159900665283
3673818	2.682159900665283
3673878	2.682159900665283
3674471	2.682159900665283
3674526	2.682159900665283
3674929	2.682159900665283
3674984	2.682159900665283
3675013	2.682159900665283
3675068	2.682159900665283
3675260	2.682159900665283
3675335	2.682159900665283
3675471	2.682159900665283
3675526	2.682159900665283
3675718	2.682159900665283
3675793	2.682159900665283
3675802	2.682159900665283
3675877	2.682159900665283
3676260	2.682159900665283
3676335	2.682159900665283
3676500	2.682159900665283
3676536	2.682159900665283
3678318	2.682159900665283
3678378	2.682159900665283
3679971	2.682159900665283
3680026	2.682159900665283
3680760	2.682159900665283
3680835	2.682159900665283
3681000	2.682159900665283
3681036	2.682159900665283
3681458	2.682159900665283
3681494	2.682159900665283
3681542	2.682159900665283
3681578	2.682159900665283
3682000	2.682159900665283
3682036	2.682159900665283
3686500	2.682159900665283
3686536	2.682159900665283
3688835	2.682159900665283
3688921	2.682159900665283
3693335	2.682159900665283
3693421	2.682159900665283
3693793	2.682159900665283
3693877	2.682159900665283
3693879	2.682159900665283
3693963	2.682159900665283
3694335	2.682159900665283
3694421	2.682159900665283
3698202	2.682159900665283
3698268	2.682159900665283
3698835	2.682159900665283
3698921	2.682159900665283
3701647	2.682159900665283
3701688	2.682159900665283
3702702	2.682159900665283
3702768	2.682159900665283
3703160	2.682159900665283
3703226	2.682159900665283
3703244	2.682159900665283
3703310	2.682159900665283
3703702	2.682159900665283
3703768	2.682159900665283
3706147	2.682159900665283
3706188	2.682159900665283
3706605	2.682159900665283
3706646	2.682159900665283
3706689	2.682159900665283
3706730	2.682159900665283
3707147	2.682159900665283
3707188	2.682159900665283
3708202	2.682159900665283
3708268	2.682159900665283
3711647	2.682159900665283
3711688	2.682159900665283
3716347	2.682159900665283
3716394	2.682159900665283
3716405	2.682159900665283
3720847	2.682159900665283
3720894	2.682159900665283
3720905	2.682159900665283
3721305	2.682159900665283
3721352	2.682159900665283
3721363	2.682159900665283
3721389	3.0915732383728027
3721436	2.682159900665283
3721447	2.682159900665283
3721847	2.682159900665283
3721894	2.682159900665283
3721905	2.682159900665283
3722591	2.682159900665283
3722666	2.682159900665283
3726347	2.682159900665283
3726394	2.682159900665283
3726405	2.682159900665283
3727091	2.682159900665283
3727166	2.682159900665283
3727549	2.682159900665283
3727624	2.682159900665283
3727633	2.682159900665283
3727708	2.682159900665283
3728091	2.682159900665283
3728166	2.682159900665283
3732591	2.682159900665283
3732666	2.682159900665283
3744562	2.682159900665283
3744607	2.682159900665283
3749062	2.682159900665283
3749107	2.682159900665283
3749520	2.682159900665283
3749565	2.682159900665283
3749604	2.682159900665283
3749649	2.682159900665283
3750062	2.682159900665283
3750107	2.682159900665283
3754562	2.682159900665283
3754607	2.682159900665283
3777154	2.682159900665283
3777237	2.682159900665283
3780177	2.682159900665283
3780234	2.682159900665283
3781654	2.682159900665283
3781737	2.682159900665283
3782112	2.682159900665283
3782195	2.682159900665283
3782196	2.682159900665283
3782279	2.682159900665283
3782654	2.682159900665283
3782737	2.682159900665283
3784677	2.682159900665283
3784734	2.682159900665283
3785135	2.682159900665283
3785192	2.682159900665283
3785219	2.682159900665283
3785276	2.682159900665283
3785677	2.682159900665283
3785734	2.682159900665283
3787154	2.682159900665283
3787237	2.682159900665283
3790177	2.682159900665283
3790234	2.682159900665283
3806126	2.682159900665283
3806209	2.682159900665283
3810626	2.682159900665283
3810709	2.682159900665283
3811084	2.682159900665283
3811167	2.682159900665283
3811168	2.682159900665283
3811251	2.682159900665283
3811626	2.682159900665283
3811709	2.682159900665283
3816126	2.682159900665283
3816209	2.682159900665283
3839364	2.682159900665283
3839404	2.682159900665283
3839471	2.682159900665283
3839476	2.682159900665283
3839504	2.682159900665283
3839591	2.682159900665283
3839865	2.682159900665283
3839956	2.682159900665283
3839960	2.682159900665283
3839998	2.682159900665283
3840080	2.682159900665283
3840090	2.682159900665283
3840192	2.682159900665283
3840206	2.682159900665283
3840208	2.682159900665283
3840213	2.682159900665283
3840309	2.682159900665283
3840359	2.682159900665283
3840369	2.682159900665283
3840410	2.682159900665283
3840438	2.682159900665283
3840522	2.682159900665283
3840530	2.682159900665283
3840577	2.682159900665283
3840606	2.682159900665283
3840699	2.682159900665283
3840749	2.682159900665283
3840765	2.682159900665283
3840852	2.682159900665283
3840900	2.682159900665283
3841002	2.682159900665283
3841020	2.682159900665283
3841045	2.682159900665283
3841126	2.682159900665283
3841131	2.682159900665283
3841153	2.682159900665283
3841920	2.682159900665283
3841971	2.682159900665283
3842004	2.682159900665283
3842013	2.682159900665283
3842055	2.682159900665283
3842146	2.682159900665283
3842275	2.682159900665283
3842277	2.682159900665283
3842329	2.682159900665283
3842400	2.682159900665283
3842432	2.682159900665283
3842644	2.682159900665283
3842711	2.682159900665283
3842731	2.682159900665283
3842748	2.682159900665283
3842908	2.682159900665283
3842929	2.682159900665283
3842940	2.682159900665283
3842977	2.682159900665283
3843042	2.682159900665283
3843066	2.682159900665283
3843316	2.682159900665283
3843414	2.682159900665283
3843417	2.682159900665283
3843424	2.682159900665283
3843493	2.682159900665283
3843548	2.682159900665283
3843582	2.682159900665283
3843642	2.682159900665283
3843694	2.682159900665283
3843766	2.682159900665283
3843864	2.682159900665283
3843882	2.682159900665283
3843904	2.682159900665283
3843938	2.682159900665283
3843939	2.682159900665283
3843971	2.682159900665283
3843976	2.682159900665283
3843985	2.682159900665283
3844004	2.682159900665283
3844023	2.682159900665283
3844037	2.682159900665283
3844049	2.682159900665283
3844091	2.682159900665283
3844097	2.682159900665283
3844112	2.682159900665283
3844128	2.682159900665283
3844139	2.682159900665283
3844151	2.682159900665283
3844322	2.682159900665283
3844324	2.682159900665283
3844362	2.682159900665283
3844365	2.682159900665283
3844396	2.682159900665283
3844406	2.682159900665283
3844429	2.682159900665283
3844430	2.682159900665283
3844434	2.682159900665283
3844446	2.682159900665283
3844456	2.682159900665283
3844460	2.682159900665283
3844462	2.682159900665283
3844463	2.682159900665283
3844474	2.682159900665283
3844475	2.682159900665283
3844498	2.682159900665283
3844513	2.682159900665283
3844518	2.682159900665283
3844546	2.682159900665283
3844549	2.682159900665283
3844580	2.682159900665283
3844590	2.682159900665283
3844625	2.682159900665283
3844629	2.682159900665283
3844633	2.682159900665283
3844685	2.682159900665283
3844692	2.682159900665283
3844704	2.682159900665283
3844706	2.682159900665283
3844708	2.682159900665283
3844713	2.682159900665283
3844773	2.682159900665283
3844809	2.682159900665283
3844816	2.682159900665283
3844823	2.682159900665283
3844837	2.682159900665283
3844859	2.682159900665283
3844864	2.682159900665283
3844869	2.682159900665283
3844897	2.682159900665283
3844904	2.682159900665283
3844907	2.682159900665283
3844910	2.682159900665283
3844914	2.682159900665283
3844918	2.682159900665283
3844924	2.682159900665283
3844938	2.682159900665283
3844956	2.682159900665283
3844971	2.682159900665283
3844976	2.682159900665283
3844998	2.682159900665283
3845002	2.682159900665283
3845003	2.682159900665283
3845004	2.682159900665283
3845022	2.682159900665283
3845030	2.682159900665283
3845038	2.682159900665283
3845040	2.682159900665283
3845048	2.682159900665283
3845077	2.682159900665283
3845091	2.682159900665283
3845106	2.682159900665283
3845122	2.682159900665283
3845132	2.682159900665283
3845141	2.682159900665283
3845150	2.682159900665283
3845164	2.682159900665283
3845166	2.682159900665283
3845171	2.682159900665283
3845178	3.0915732383728027
3845199	3.0915732383728027
3845234	3.0915732383728027
3845236	2.682159900665283
3845248	2.682159900665283
3845249	2.682159900665283
3845250	2.682159900665283
3845255	2.682159900665283
3845265	2.682159900665283
3845267	2.682159900665283
3845287	2.682159900665283
3845290	2.682159900665283
3845313	2.682159900665283
3845317	2.682159900665283
3845318	2.682159900665283
3845327	2.682159900665283
3845344	2.682159900665283
3845351	2.682159900665283
3845352	2.682159900665283
3845356	2.682159900665283
3845365	2.682159900665283
3845368	2.682159900665283
3845384	2.682159900665283
3845396	2.682159900665283
3845400	3.0915732383728027
3845401	3.0915732383728027
3845410	2.682159900665283
3845411	2.682159900665283
3845452	2.682159900665283
3845454	2.682159900665283
3845456	2.682159900665283
3845460	2.682159900665283
3845488	2.682159900665283
3845495	2.682159900665283
3845498	2.682159900665283
3845502	2.682159900665283
3845520	2.682159900665283
3845535	2.682159900665283
3845545	2.682159900665283
3845552	2.682159900665283
3845572	2.682159900665283
3845580	2.682159900665283
3845590	2.682159900665283
3845608	2.682159900665283
3845619	2.682159900665283
3845626	2.682159900665283
3845631	2.682159900665283
3845648	2.682159900665283
3845653	2.682159900665283
3845657	2.682159900665283
3845670	2.682159900665283
3845692	2.682159900665283
3845706	2.682159900665283
3845707	2.682159900665283
3845708	2.682159900665283
3845713	2.682159900665283
3845723	2.682159900665283
3845726	2.682159900665283
3845741	2.682159900665283
3845785	2.682159900665283
3845791	2.682159900665283
3845794	2.682159900665283
3845805	2.682159900665283
3845807	2.682159900665283
3845809	2.682159900665283
3845810	2.682159900665283
3845849	2.682159900665283
3845858	2.682159900665283
3845859	2.682159900665283
3845869	2.682159900665283
3845875	2.682159900665283
3845894	2.682159900665283
3845910	2.682159900665283
3845932	2.682159900665283
3845936	2.682159900665283
3845938	2.682159900665283
3845940	2.682159900665283
3845942	2.682159900665283
3845960	2.682159900665283
3845978	2.682159900665283
3845982	2.682159900665283
3846003	2.682159900665283
3846022	2.682159900665283
3846030	2.682159900665283
3846044	2.682159900665283
3846062	2.682159900665283
3846063	2.682159900665283
3846077	2.682159900665283
3846084	2.682159900665283
3846087	2.682159900665283
3846089	2.682159900665283
3846106	2.682159900665283
3846111	2.682159900665283
3846168	2.682159900665283
3846173	2.682159900665283
3846195	2.682159900665283
3846199	2.682159900665283
3846226	2.682159900665283
3846249	2.682159900665283
3846265	2.682159900665283
3846352	2.682159900665283
3846367	2.682159900665283
3846400	2.682159900665283
3846420	2.682159900665283
3846471	2.682159900665283
3846502	2.682159900665283
3846504	2.682159900665283
3846513	2.682159900665283
3846520	2.682159900665283
3846545	2.682159900665283
3846555	2.682159900665283
3846626	2.682159900665283
3846631	2.682159900665283
3846646	2.682159900665283
3846648	2.682159900665283
3846650	2.682159900665283
3846653	2.682159900665283
3846715	2.682159900665283
3846775	2.682159900665283
3846776	2.682159900665283
3846777	2.682159900665283
3846799	2.682159900665283
3846819	2.682159900665283
3846829	2.682159900665283
3846867	2.682159900665283
3846876	2.682159900665283
3846878	2.682159900665283
3846900	2.682159900665283
3846929	2.682159900665283
3846932	2.682159900665283
3846970	2.682159900665283
3846971	2.682159900665283
3846979	2.682159900665283
3847046	2.682159900665283
3847055	2.682159900665283
3847097	2.682159900665283
3847104	2.682159900665283
3847106	2.682159900665283
3847140	2.682159900665283
3847144	2.682159900665283
3847188	2.682159900665283
3847202	2.682159900665283
3847211	2.682159900665283
3847231	2.682159900665283
3847233	2.682159900665283
3847235	2.682159900665283
3847248	2.682159900665283
3847287	2.682159900665283
3847317	2.682159900665283
3847319	2.682159900665283
3847358	2.682159900665283
3847371	2.682159900665283
3847390	2.682159900665283
3847408	2.682159900665283
3847420	2.682159900665283
3847429	2.682159900665283
3847440	2.682159900665283
3847442	2.682159900665283
3847471	2.682159900665283
3847474	2.682159900665283
3847477	2.682159900665283
3847488	2.682159900665283
3847504	2.682159900665283
3847513	2.682159900665283
3847542	2.682159900665283
3847555	2.682159900665283
3847566	2.682159900665283
3847567	2.682159900665283
3847602	2.682159900665283
3847646	2.682159900665283
3847659	2.682159900665283
3847669	2.682159900665283
3847686	2.682159900665283
3847689	2.682159900665283
3847706	2.682159900665283
3847719	2.682159900665283
3847753	2.682159900665283
3847756	2.682159900665283
3847773	2.682159900665283
3847775	2.682159900665283
3847777	2.682159900665283
3847785	2.682159900665283
3847790	2.682159900665283
3847816	2.682159900665283
3847829	2.682159900665283
3847848	2.682159900665283
3847855	2.682159900665283
3847866	2.682159900665283
3847887	2.682159900665283
3847898	2.682159900665283
3847900	2.682159900665283
3847914	2.682159900665283
3847917	2.682159900665283
3847924	2.682159900665283
3847932	2.682159900665283
3847935	2.682159900665283
3847946	3.0915732383728027
3847950	3.0915732383728027
3847971	2.682159900665283
3847972	2.682159900665283
3847982	2.682159900665283
3847993	2.682159900665283
3848000	2.682159900665283
3848013	2.682159900665283
3848019	2.682159900665283
3848024	2.682159900665283
3848048	2.682159900665283
3848068	2.682159900665283
3848082	2.682159900665283
3848084	2.682159900665283
3848108	2.682159900665283
3848120	2.682159900665283
3848142	2.682159900665283
3848144	2.682159900665283
3848194	2.682159900665283
3848211	2.682159900665283
3848231	2.682159900665283
3848248	2.682159900665283
3848266	2.682159900665283
3848274	2.682159900665283
3848358	2.682159900665283
3848372	2.682159900665283
3848375	2.682159900665283
3848382	2.682159900665283
3848408	2.682159900665283
3848429	2.682159900665283
3848438	2.682159900665283
3848439	2.682159900665283
3848440	2.682159900665283
3848451	2.682159900665283
3848456	3.0915732383728027
3848459	2.682159900665283
3848466	2.682159900665283
3848477	2.682159900665283
3848485	2.682159900665283
3848506	2.682159900665283
3848523	2.682159900665283
3848535	2.682159900665283
3848537	2.682159900665283
3848540	2.682159900665283
3848542	2.682159900665283
3848549	2.682159900665283
3848566	2.682159900665283
3848590	2.682159900665283
3848597	2.682159900665283
3848600	2.682159900665283
3848612	2.682159900665283
3848624	2.682159900665283
3848628	2.682159900665283
3848639	2.682159900665283
3848651	2.682159900665283
3848652	2.682159900665283
3848684	2.682159900665283
3848724	2.682159900665283
3848736	2.682159900665283
3848808	2.682159900665283
3848816	2.682159900665283
3848824	2.682159900665283
3848840	2.682159900665283
3848896	2.682159900665283
3848897	2.682159900665283
3848914	2.682159900665283
3848917	2.682159900665283
3848924	2.682159900665283
3848930	2.682159900665283
3848943	2.682159900665283
3848963	2.682159900665283
3848974	2.682159900665283
3848975	2.682159900665283
3848980	2.682159900665283
3848993	2.682159900665283
3848995	2.682159900665283
3848998	2.682159900665283
3849007	2.682159900665283
3849027	3.0915732383728027
3849048	2.682159900665283
3849055	2.682159900665283
3849065	3.0915732383728027
3849070	2.682159900665283
3849079	3.0915732383728027
3849082	2.682159900665283
3849086	2.682159900665283
3849091	3.0915732383728027
3849097	2.682159900665283
3849109	3.0915732383728027
3849125	3.864466667175293
3849129	3.864466667175293
3849139	3.864466667175293
3849142	3.0915732383728027
3849154	3.0915732383728027
3849170	2.682159900665283
3849181	2.682159900665283
3849185	2.682159900665283
3849193	2.682159900665283
3849194	2.682159900665283
3849204	2.682159900665283
3849206	2.682159900665283
3849266	2.682159900665283
3849273	2.682159900665283
3849282	2.682159900665283
3849316	2.682159900665283
3849337	2.682159900665283
3849354	2.682159900665283
3849364	2.682159900665283
3849366	2.682159900665283
3849382	2.682159900665283
3849388	2.682159900665283
3849397	2.682159900665283
3849404	2.682159900665283
3849421	2.682159900665283
3849424	2.682159900665283
3849432	2.682159900665283
3849433	3.0915732383728027
3849438	3.864466667175293
3849439	3.0915732383728027
3849456	3.0915732383728027
3849471	3.864466667175293
3849472	3.864466667175293
3849476	3.0915732383728027
3849485	3.0915732383728027
3849503	3.0915732383728027
3849504	3.0915732383728027
3849505	3.0915732383728027
3849516	2.682159900665283
3849517	2.682159900665283
3849523	2.682159900665283
3849537	2.682159900665283
3849540	2.682159900665283
3849549	2.682159900665283
3849583	2.682159900665283
3849587	2.682159900665283
3849591	2.682159900665283
3849597	2.682159900665283
3849612	2.682159900665283
3849628	2.682159900665283
3849639	2.682159900665283
3849641	2.682159900665283
3849643	2.682159900665283
3849651	2.682159900665283
3849662	2.682159900665283
3849664	3.0915732383728027
3849667	3.864466667175293
3849671	3.0915732383728027
3849678	2.682159900665283
3849727	2.682159900665283
3849731	2.682159900665283
3849736	2.682159900665283
3849746	2.682159900665283
3849748	2.682159900665283
3849749	2.682159900665283
3849774	2.682159900665283
3849787	2.682159900665283
3849790	2.682159900665283
3849795	2.682159900665283
3849813	2.682159900665283
3849815	2.682159900665283
3849818	2.682159900665283
3849824	2.682159900665283
3849844	2.682159900665283
3849855	2.682159900665283
3849856	2.682159900665283
3849858	2.682159900665283
3849865	2.682159900665283
3849879	2.682159900665283
3849882	2.682159900665283
3849884	2.682159900665283
3849896	2.682159900665283
3849901	2.682159900665283
3849910	2.682159900665283
3849930	2.682159900665283
3849939	2.682159900665283
3849954	2.682159900665283
3849956	2.682159900665283
3849960	2.682159900665283
3849961	2.682159900665283
3849963	2.682159900665283
3849966	2.682159900665283
3849974	2.682159900665283
3849975	2.682159900665283
3849995	2.682159900665283
3849998	2.682159900665283
3850045	2.682159900665283
3850052	2.682159900665283
3850080	2.682159900665283
3850090	2.682159900665283
3850099	2.682159900665283
3850108	2.682159900665283
3850125	2.682159900665283
3850129	2.682159900665283
3850136	2.682159900665283
3850170	2.682159900665283
3850183	2.682159900665283
3850185	2.682159900665283
3850192	2.682159900665283
3850194	2.682159900665283
3850204	2.682159900665283
3850206	2.682159900665283
3850207	2.682159900665283
3850208	2.682159900665283
3850213	2.682159900665283
3850220	2.682159900665283
3850226	2.682159900665283
3850245	2.682159900665283
3850248	2.682159900665283
3850271	3.0915732383728027
3850273	3.864466667175293
3850276	3.864466667175293
3850278	4.637359619140625
3850285	3.864466667175293
3850291	3.864466667175293
3850294	3.0915732383728027
3850302	3.0915732383728027
3850305	3.864466667175293
3850309	3.864466667175293
3850314	3.864466667175293
3850316	4.637359619140625
3850329	4.637359619140625
3850332	3.864466667175293
3850337	3.0915732383728027
3850342	3.0915732383728027
3850349	3.864466667175293
3850355	3.864466667175293
3850359	3.0915732383728027
3850360	3.864466667175293
3850368	3.0915732383728027
3850369	3.864466667175293
3850375	3.864466667175293
3850386	3.864466667175293
3850397	3.0915732383728027
3850398	3.0915732383728027
3850410	2.682159900665283
3850412	2.682159900665283
3850424	3.0915732383728027
3850426	3.0915732383728027
3850432	2.682159900665283
3850436	2.682159900665283
3850438	2.682159900665283
3850440	2.682159900665283
3850443	2.682159900665283
3850452	2.682159900665283
3850453	2.682159900665283
3850482	2.682159900665283
3850496	2.682159900665283
3850503	2.682159900665283
3850510	2.682159900665283
3850522	2.682159900665283
3850530	2.682159900665283
3850537	2.682159900665283
3850563	2.682159900665283
3850566	2.682159900665283
3850577	2.682159900665283
3850594	2.682159900665283
3850606	2.682159900665283
3850628	2.682159900665283
3850641	2.682159900665283
3850650	2.682159900665283
3850668	2.682159900665283
3850678	2.682159900665283
3850684	2.682159900665283
3850699	2.682159900665283
3850712	2.682159900665283
3850726	2.682159900665283
3850736	2.682159900665283
3850743	2.682159900665283
3850749	2.682159900665283
3850752	2.682159900665283
3850763	2.682159900665283
3850765	3.0915732383728027
3850768	3.0915732383728027
3850787	2.682159900665283
3850790	2.682159900665283
3850807	2.682159900665283
3850813	3.0915732383728027
3850817	3.0915732383728027
3850818	3.864466667175293
3850827	3.864466667175293
3850833	3.0915732383728027
3850836	3.864466667175293
3850844	3.0915732383728027
3850847	3.0915732383728027
3850852	2.682159900665283
3850856	2.682159900665283
3850867	2.682159900665283
3850884	2.682159900665283
3850890	2.682159900665283
3850891	3.0915732383728027
3850894	2.682159900665283
3850898	3.0915732383728027
3850900	3.864466667175293
3850901	3.864466667175293
3850910	3.0915732383728027
3850917	3.0915732383728027
3850940	2.682159900665283
3850954	3.0915732383728027
3850974	3.0915732383728027
3850978	2.682159900665283
3850980	2.682159900665283
3850982	2.682159900665283
3850995	2.682159900665283
3851002	2.682159900665283
3851020	2.682159900665283
3851021	2.682159900665283
3851024	2.682159900665283
3851045	2.682159900665283
3851052	2.682159900665283
3851064	2.682159900665283
3851105	2.682159900665283
3851108	2.682159900665283
3851126	2.682159900665283
3851131	2.682159900665283
3851148	2.682159900665283
3851150	2.682159900665283
3851153	2.682159900665283
3851170	2.682159900665283
3851184	2.682159900665283
3851210	2.682159900665283
3851215	2.682159900665283
3851226	2.682159900665283
3851268	2.682159900665283
3851275	2.682159900665283
3851276	2.682159900665283
3851285	2.682159900665283
3851294	2.682159900665283
3851299	2.682159900665283
3851305	2.682159900665283
3851319	2.682159900665283
3851321	2.682159900665283
3851325	2.682159900665283
3851349	2.682159900665283
3851359	2.682159900665283
3851367	2.682159900665283
3851369	2.682159900665283
3851375	2.682159900665283
3851376	2.682159900665283
3851409	2.682159900665283
3851432	2.682159900665283
3851436	2.682159900665283
3851440	2.682159900665283
3851470	2.682159900665283
3851479	2.682159900665283
3851482	2.682159900665283
3851522	2.682159900665283
3851563	2.682159900665283
3851606	2.682159900665283
3851608	2.682159900665283
3851640	2.682159900665283
3851668	2.682159900665283
3851673	2.682159900665283
3851690	2.682159900665283
3851692	2.682159900665283
3851702	2.682159900665283
3851726	2.682159900665283
3851733	2.682159900665283
3851734	2.682159900665283
3851777	2.682159900665283
3851817	3.0915732383728027
3851818	2.682159900665283
3851825	2.682159900665283
3851834	2.682159900665283
3851841	3.0915732383728027
3851861	2.682159900665283
3851867	2.682159900665283
3851909	2.682159900665283
3851918	2.682159900665283
3851920	2.682159900665283
3851928	2.682159900665283
3851937	2.682159900665283
3851971	2.682159900665283
3851988	2.682159900665283
3852004	2.682159900665283
3852012	2.682159900665283
3852013	2.682159900665283
3852021	2.682159900665283
3852055	2.682159900665283
3852064	2.682159900665283
3852067	2.682159900665283
3852098	2.682159900665283
3852146	2.682159900665283
3852148	2.682159900665283
3852150	2.682159900665283
3852159	2.682159900665283
3852160	2.682159900665283
3852182	2.682159900665283
3852215	2.682159900665283
3852219	2.682159900665283
3852244	2.682159900665283
3852256	2.682159900665283
3852275	2.682159900665283
3852276	2.682159900665283
3852277	2.682159900665283
3852285	2.682159900665283
3852299	2.682159900665283
3852319	2.682159900665283
3852329	2.682159900665283
3852348	2.682159900665283
3852355	2.682159900665283
3852367	2.682159900665283
3852376	2.682159900665283
3852400	2.682159900665283
3852432	2.682159900665283
3852446	2.682159900665283
3852470	2.682159900665283
3852472	2.682159900665283
3852479	2.682159900665283
3852513	2.682159900665283
3852525	2.682159900665283
3852530	2.682159900665283
3852568	2.682159900665283
3852606	2.682159900665283
3852609	2.682159900665283
3852617	2.682159900665283
3852620	2.682159900665283
3852640	2.682159900665283
3852644	2.682159900665283
3852677	2.682159900665283
3852701	2.682159900665283
3852702	2.682159900665283
3852711	2.682159900665283
3852714	2.682159900665283
3852731	2.682159900665283
3852743	2.682159900665283
3852748	2.682159900665283
3852761	2.682159900665283
3852798	2.682159900665283
3852806	2.682159900665283
3852813	2.682159900665283
3852827	2.682159900665283
3852858	2.682159900665283
3852890	2.682159900665283
3852897	2.682159900665283
3852904	2.682159900665283
3852908	2.682159900665283
3852929	2.682159900665283
3852930	2.682159900665283
3852940	2.682159900665283
3852942	2.682159900665283
3852971	2.682159900665283
3852977	2.682159900665283
3852988	2.682159900665283
3853014	2.682159900665283
3853026	2.682159900665283
3853042	2.682159900665283
3853055	2.682159900665283
3853066	2.682159900665283
3853067	2.682159900665283
3853078	2.682159900665283
3853110	2.682159900665283
3853159	2.682159900665283
3853162	2.682159900665283
3853219	2.682159900665283
3853256	2.682159900665283
3853285	2.682159900665283
3853316	2.682159900665283
3853348	2.682159900665283
3853355	2.682159900665283
3853400	2.682159900665283
3853414	2.682159900665283
3853417	2.682159900665283
3853424	2.682159900665283
3853446	2.682159900665283
3853472	2.682159900665283
3853493	2.682159900665283
3853513	2.682159900665283
3853548	2.682159900665283
3853568	2.682159900665283
3853582	2.682159900665283
3853620	2.682159900665283
3853642	2.682159900665283
3853694	2.682159900665283
3853766	2.682159900665283
3853882	2.682159900665283
3853938	2.682159900665283
3853939	2.682159900665283
3853985	2.682159900665283
3854023	2.682159900665283
3854037	2.682159900665283
3854049	2.682159900665283
3854097	2.682159900665283
3854112	2.682159900665283
3854128	2.682159900665283
3854139	2.682159900665283
3854151	2.682159900665283
3854324	2.682159900665283
3854374	2.682159900665283
3854396	2.682159900665283
3854414	2.682159900665283
3854430	2.682159900665283
3854463	2.682159900665283
3854474	2.682159900665283
3854475	2.682159900665283
3854498	2.682159900665283
3854625	2.682159900665283
3854629	2.682159900665283
3854685	2.682159900665283
3854704	2.682159900665283
3854706	2.682159900665283
3854773	2.682159900665283
3854816	2.682159900665283
3854837	2.682159900665283
3854897	2.682159900665283
3854924	2.682159900665283
3855003	2.682159900665283
3855141	2.682159900665283
3855178	2.682159900665283
3855236	2.682159900665283
3855249	2.682159900665283
3855287	2.682159900665283
3855290	2.682159900665283
3855313	2.682159900665283
3855318	2.682159900665283
3855344	2.682159900665283
3855356	2.682159900665283
3855384	2.682159900665283
3855401	2.682159900665283
3855410	2.682159900665283
3855454	2.682159900665283
3855495	2.682159900665283
3855552	2.682159900665283
3855608	2.682159900665283
3855670	2.682159900665283
3855726	2.682159900665283
3855785	2.682159900665283
3855794	2.682159900665283
3855805	2.682159900665283
3855821	2.682159900665283
3855849	2.682159900665283
3855859	2.682159900665283
3855869	2.682159900665283
3855875	2.682159900665283
3855932	2.682159900665283
3855936	2.682159900665283
3855940	2.682159900665283
3855982	2.682159900665283
3856022	2.682159900665283
3856063	2.682159900665283
3856168	2.682159900665283
3856226	2.682159900665283
3856279	2.682159900665283
3856327	2.682159900665283
3856363	2.682159900665283
3856367	2.682159900665283
3856411	2.682159900665283
3856648	2.682159900665283
3856650	2.682159900665283
3856715	2.682159900665283
3856775	2.682159900665283
3856776	2.682159900665283
3856799	2.682159900665283
3856819	2.682159900665283
3856821	2.682159900665283
3856867	2.682159900665283
3856869	2.682159900665283
3856876	2.682159900665283
3856970	2.682159900665283
3856979	2.682159900665283
3857106	2.682159900665283
3857140	2.682159900665283
3857202	2.682159900665283
3857488	2.682159900665283
3857567	2.682159900665283
3857659	2.682159900665283
3857719	2.682159900665283
3857756	2.682159900665283
3857785	2.682159900665283
3857848	2.682159900665283
3857855	2.682159900665283
3857900	2.682159900665283
3857946	2.682159900665283
3857972	2.682159900665283
3858013	2.682159900665283
3858068	2.682159900665283
3858120	2.682159900665283
3858874	2.682159900665283
3858914	2.682159900665283
3859332	2.682159900665283
3859372	2.682159900665283
3859416	2.682159900665283
3859456	2.682159900665283
3859874	2.682159900665283
3859914	2.682159900665283
3861321	2.682159900665283
3861369	2.682159900665283
3864374	2.682159900665283
3864414	2.682159900665283
3871216	2.682159900665283
3871367	2.682159900665283
3871826	2.682159900665283
3871872	2.682159900665283
3875716	2.682159900665283
3875867	2.682159900665283
3876174	2.682159900665283
3876258	2.682159900665283
3876325	2.682159900665283
3876326	2.682159900665283
3876372	2.682159900665283
3876409	2.682159900665283
3876716	2.682159900665283
3876784	2.682159900665283
3876830	2.682159900665283
3876867	2.682159900665283
3876868	2.682159900665283
3876914	2.682159900665283
3877326	2.682159900665283
3877372	2.682159900665283
3881216	2.682159900665283
3881367	2.682159900665283
3881826	2.682159900665283
3881872	2.682159900665283
3889238	2.682159900665283
3889311	2.682159900665283
3892417	2.682159900665283
3892432	2.682159900665283
3892459	2.682159900665283
3892503	2.682159900665283
3892504	2.682159900665283
3892542	2.682159900665283
3893738	2.682159900665283
3893811	2.682159900665283
3894196	2.682159900665283
3894269	2.682159900665283
3894280	2.682159900665283
3894353	2.682159900665283
3894738	2.682159900665283
3894811	2.682159900665283
3896917	2.682159900665283
3896932	2.682159900665283
3896959	2.682159900665283
3897003	2.682159900665283
3897004	2.682159900665283
3897042	2.682159900665283
3897375	2.682159900665283
3897390	2.682159900665283
3897401	2.682159900665283
3897417	2.682159900665283
3897430	2.682159900665283
3897459	2.682159900665283
3897461	2.682159900665283
3897462	2.682159900665283
3897466	3.0915732383728027
3897474	3.0915732383728027
3897500	2.682159900665283
3897501	3.0915732383728027
3897506	2.682159900665283
3897545	2.682159900665283
3897546	2.682159900665283
3897584	2.682159900665283
3897917	2.682159900665283
3897932	2.682159900665283
3897959	2.682159900665283
3898003	2.682159900665283
3898004	2.682159900665283
3898042	2.682159900665283
3899238	2.682159900665283
3899311	2.682159900665283
3901375	2.682159900665283
3901468	2.682159900665283
3901901	2.682159900665283
3901930	2.682159900665283
3901966	2.682159900665283
3902006	2.682159900665283
3902359	2.682159900665283
3902388	2.682159900665283
3902417	2.682159900665283
3902424	2.682159900665283
3902432	2.682159900665283
3902443	2.682159900665283
3902459	2.682159900665283
3902464	2.682159900665283
3902472	2.682159900665283
3902503	2.682159900665283
3902504	2.682159900665283
3902508	2.682159900665283
3902542	2.682159900665283
3902548	2.682159900665283
3902901	2.682159900665283
3902930	2.682159900665283
3902966	2.682159900665283
3903006	2.682159900665283
3905875	2.682159900665283
3905968	2.682159900665283
3906333	2.682159900665283
3906417	2.682159900665283
3906426	2.682159900665283
3906510	2.682159900665283
3906875	2.682159900665283
3906968	2.682159900665283
3907401	2.682159900665283
3907430	2.682159900665283
3907466	2.682159900665283
3907506	2.682159900665283
3911375	2.682159900665283
3911468	2.682159900665283
3924734	2.682159900665283
3924812	2.682159900665283
3929234	2.682159900665283
3929312	2.682159900665283
3929692	2.682159900665283
3929770	2.682159900665283
3929776	2.682159900665283
3929854	2.682159900665283
3930234	2.682159900665283
3930312	2.682159900665283
3934734	2.682159900665283
3934812	2.682159900665283
3972275	2.682159900665283
3972354	2.682159900665283
3972812	2.682159900665283
3972851	2.682159900665283
3976775	2.682159900665283
3976854	2.682159900665283
3977233	2.682159900665283
3977312	2.682159900665283
3977317	2.682159900665283
3977351	2.682159900665283
3977396	2.682159900665283
3977770	2.682159900665283
3977775	2.682159900665283
3977809	2.682159900665283
3977854	2.682159900665283
3977893	2.682159900665283
3978312	2.682159900665283
3978351	2.682159900665283
3979140	2.682159900665283
3979189	2.682159900665283
3982275	2.682159900665283
3982354	2.682159900665283
3982812	2.682159900665283
3982851	2.682159900665283
3983640	2.682159900665283
3983689	2.682159900665283
3983978	2.682159900665283
3984024	2.682159900665283
3984098	2.682159900665283
3984147	2.682159900665283
3984182	2.682159900665283
3984231	2.682159900665283
3984640	2.682159900665283
3984662	2.682159900665283
3984689	2.682159900665283
3984743	2.682159900665283
3988478	2.682159900665283
3988524	2.682159900665283
3988936	2.682159900665283
3988982	2.682159900665283
3989020	2.682159900665283
3989066	2.682159900665283
3989140	2.682159900665283
3989162	2.682159900665283
3989189	2.682159900665283
3989243	2.682159900665283
3989478	2.682159900665283
3989524	2.682159900665283
3989620	2.682159900665283
3989701	2.682159900665283
3989704	2.682159900665283
3989785	2.682159900665283
3990162	2.682159900665283
3990243	2.682159900665283
3993978	2.682159900665283
3994024	2.682159900665283
3994662	2.682159900665283
3994743	2.682159900665283
3994907	2.682159900665283
3994957	2.682159900665283
3996260	2.682159900665283
3996328	2.682159900665283
3999407	2.682159900665283
3999457	2.682159900665283
3999865	2.682159900665283
3999915	2.682159900665283
3999949	2.682159900665283
3999999	2.682159900665283
4000407	2.682159900665283
4000457	2.682159900665283
4000760	2.682159900665283
4000828	2.682159900665283
4001218	2.682159900665283
4001286	2.682159900665283
4001302	2.682159900665283
4001370	2.682159900665283
4001760	2.682159900665283
4001828	2.682159900665283
4004907	2.682159900665283
4004957	2.682159900665283
4006260	2.682159900665283
4006328	2.682159900665283
4009027	2.682159900665283
4009095	2.682159900665283
4010990	2.682159900665283
4011072	2.682159900665283
4013527	2.682159900665283
4013595	2.682159900665283
4013985	2.682159900665283
4014053	2.682159900665283
4014069	2.682159900665283
4014137	2.682159900665283
4014527	2.682159900665283
4014595	2.682159900665283
4015490	2.682159900665283
4015572	2.682159900665283
4015948	2.682159900665283
4016030	2.682159900665283
4016032	2.682159900665283
4016114	2.682159900665283
4016490	2.682159900665283
4016572	2.682159900665283
4019027	2.682159900665283
4019095	2.682159900665283
4020990	2.682159900665283
4021072	2.682159900665283
4079483	2.682159900665283
4079558	2.682159900665283
4083983	2.682159900665283
4084058	2.682159900665283
4084441	2.682159900665283
4084516	2.682159900665283
4084525	2.682159900665283
4084600	2.682159900665283
4084983	2.682159900665283
4085058	2.682159900665283
4089483	2.682159900665283
4089558	2.682159900665283
4124648	2.682159900665283
4124726	2.682159900665283
4129148	2.682159900665283
4129226	2.682159900665283
4129606	2.682159900665283
4129684	2.682159900665283
4129690	2.682159900665283
4129768	2.682159900665283
4130148	2.682159900665283
4130226	2.682159900665283
4134648	2.682159900665283
4134726	2.682159900665283
4229041	2.682159900665283
4229099	2.682159900665283
4233541	2.682159900665283
4233599	2.682159900665283
4233999	2.682159900665283
4234057	2.682159900665283
4234083	2.682159900665283
4234141	2.682159900665283
4234541	2.682159900665283
4234599	2.682159900665283
4239041	2.682159900665283
4239099	2.682159900665283
4243674	2.682159900665283
4243742	2.682159900665283
4248174	2.682159900665283
4248242	2.682159900665283
4248632	2.682159900665283
4248700	2.682159900665283
4248716	2.682159900665283
4248784	2.682159900665283
4249174	2.682159900665283
4249242	2.682159900665283
4253674	2.682159900665283
4253742	2.682159900665283
4313840	2.682159900665283
4313872	2.682159900665283
4318340	2.682159900665283
4318372	2.682159900665283
4318798	2.682159900665283
4318830	2.682159900665283
4318882	2.682159900665283
4318914	2.682159900665283
4319340	2.682159900665283
4319372	2.682159900665283
4323840	2.682159900665283
4323872	2.682159900665283
4353871	2.682159900665283
4353936	2.682159900665283
4358371	2.682159900665283
4358436	2.682159900665283
4358829	2.682159900665283
4358894	2.682159900665283
4358913	2.682159900665283
4358978	2.682159900665283
4359371	2.682159900665283
4359436	2.682159900665283
4363871	2.682159900665283
4363936	2.682159900665283
4506583	2.682159900665283
4506693	2.682159900665283
4511083	2.682159900665283
4511193	2.682159900665283
4511541	2.682159900665283
4511625	2.682159900665283
4511651	2.682159900665283
4511735	2.682159900665283
4512083	2.682159900665283
4512193	2.682159900665283
4513613	2.682159900665283
4513638	2.682159900665283
4513647	2.682159900665283
4513699	2.682159900665283
4516583	2.682159900665283
4516693	2.682159900665283
4518113	2.682159900665283
4518138	2.682159900665283
4518147	2.682159900665283
4518199	2.682159900665283
4518571	2.682159900665283
4518596	2.682159900665283
4518605	2.682159900665283
4518655	2.682159900665283
4518657	2.682159900665283
4518680	2.682159900665283
4518689	2.682159900665283
4518741	2.682159900665283
4519113	2.682159900665283
4519138	2.682159900665283
4519147	2.682159900665283
4519199	2.682159900665283
4523613	2.682159900665283
4523638	2.682159900665283
4523647	2.682159900665283
4523699	2.682159900665283
4528372	2.682159900665283
4528469	2.682159900665283
4530142	2.682159900665283
4530190	2.682159900665283
4530255	2.682159900665283
4530294	2.682159900665283
4532872	2.682159900665283
4532969	2.682159900665283
4533330	2.682159900665283
4533414	2.682159900665283
4533427	2.682159900665283
4533511	2.682159900665283
4533872	2.682159900665283
4533969	2.682159900665283
4534642	2.682159900665283
4534690	2.682159900665283
4534755	2.682159900665283
4534794	2.682159900665283
4535100	2.682159900665283
4535148	2.682159900665283
4535184	2.682159900665283
4535213	2.682159900665283
4535232	2.682159900665283
4535252	2.682159900665283
4535297	2.682159900665283
4535336	2.682159900665283
4535642	2.682159900665283
4535690	2.682159900665283
4535755	2.682159900665283
4535794	2.682159900665283
4538372	2.682159900665283
4538469	2.682159900665283
4540142	2.682159900665283
4540190	2.682159900665283
4540255	2.682159900665283
4540294	2.682159900665283
4544216	2.682159900665283
4544241	2.682159900665283
4544277	2.682159900665283
4544313	2.682159900665283
4547892	2.682159900665283
4547941	2.682159900665283
4548705	2.682159900665283
4548716	2.682159900665283
4548741	2.682159900665283
4548777	2.682159900665283
4548794	2.682159900665283
4548800	2.682159900665283
4548813	2.682159900665283
4549174	2.682159900665283
4549199	2.682159900665283
4549235	2.682159900665283
4549258	2.682159900665283
4549271	2.682159900665283
4549283	2.682159900665283
4549319	2.682159900665283
4549355	2.682159900665283
4549716	2.682159900665283
4549724	2.682159900665283
4549741	2.682159900665283
4549772	2.682159900665283
4549777	2.682159900665283
4549813	2.682159900665283
4551131	2.682159900665283
4551198	2.682159900665283
4551781	2.682159900665283
4551851	2.682159900665283
4552392	2.682159900665283
4552441	2.682159900665283
4552850	2.682159900665283
4552899	2.682159900665283
4552934	2.682159900665283
4552983	2.682159900665283
4553205	2.682159900665283
4553241	2.682159900665283
4553294	2.682159900665283
4553300	2.682159900665283
4553392	2.682159900665283
4553441	2.682159900665283
4553663	2.682159900665283
4553699	2.682159900665283
4553747	2.682159900665283
4553752	2.682159900665283
4553758	2.682159900665283
4553783	2.682159900665283
4553836	2.682159900665283
4553842	2.682159900665283
4554205	2.682159900665283
4554216	2.682159900665283
4554224	2.682159900665283
4554241	2.682159900665283
4554272	2.682159900665283
4554277	2.682159900665283
4554294	2.682159900665283
4554300	2.682159900665283
4554313	2.682159900665283
4554637	2.682159900665283
4554682	2.682159900665283
4554698	2.682159900665283
4554730	2.682159900665283
4554766	2.682159900665283
4554814	2.682159900665283
4555224	2.682159900665283
4555272	2.682159900665283
4555631	2.682159900665283
4555698	2.682159900665283
4556089	2.682159900665283
4556156	2.682159900665283
4556173	2.682159900665283
4556240	2.682159900665283
4556281	2.682159900665283
4556351	2.682159900665283
4556631	2.682159900665283
4556698	2.682159900665283
4556739	2.682159900665283
4556809	2.682159900665283
4556823	2.682159900665283
4556893	2.682159900665283
4557281	2.682159900665283
4557351	2.682159900665283
4557892	2.682159900665283
4557941	2.682159900665283
4558705	2.682159900665283
4558741	2.682159900665283
4558794	2.682159900665283
4558800	2.682159900665283
4559137	2.682159900665283
4559198	2.682159900665283
4559595	2.682159900665283
4559656	2.682159900665283
4559679	2.682159900665283
4559724	2.682159900665283
4559740	2.682159900665283
4559772	2.682159900665283
4560137	2.682159900665283
4560198	2.682159900665283
4561058	2.682159900665283
4561127	2.682159900665283
4561131	2.682159900665283
4561198	2.682159900665283
4561781	2.682159900665283
4561851	2.682159900665283
4562726	2.682159900665283
4562779	2.682159900665283
4564637	2.682159900665283
4564698	2.682159900665283
4565558	2.682159900665283
4565627	2.682159900665283
4566016	2.682159900665283
4566085	2.682159900665283
4566100	2.682159900665283
4566169	2.682159900665283
4566558	2.682159900665283
4566627	2.682159900665283
4567226	2.682159900665283
4567279	2.682159900665283
4567684	2.682159900665283
4567737	2.682159900665283
4567768	2.682159900665283
4567821	2.682159900665283
4568226	2.682159900665283
4568279	2.682159900665283
4571058	2.682159900665283
4571127	2.682159900665283
4572726	2.682159900665283
4572779	2.682159900665283
4577311	2.682159900665283
4577387	2.682159900665283
4577403	2.682159900665283
4577424	2.682159900665283
4581811	2.682159900665283
4581887	2.682159900665283
4581903	2.682159900665283
4581924	2.682159900665283
4582269	2.682159900665283
4582345	2.682159900665283
4582353	2.682159900665283
4582361	2.682159900665283
4582382	2.682159900665283
4582429	2.682159900665283
4582445	2.682159900665283
4582466	2.682159900665283
4582811	2.682159900665283
4582887	2.682159900665283
4582903	2.682159900665283
4582924	2.682159900665283
4587311	2.682159900665283
4587387	2.682159900665283
4587403	2.682159900665283
4587424	2.682159900665283
4589149	2.682159900665283
4589189	2.682159900665283
4593112	2.682159900665283
4593169	2.682159900665283
4593649	2.682159900665283
4593689	2.682159900665283
4594107	2.682159900665283
4594147	2.682159900665283
4594191	2.682159900665283
4594231	2.682159900665283
4594649	2.682159900665283
4594689	2.682159900665283
4597612	2.682159900665283
4597669	2.682159900665283
4598070	2.682159900665283
4598127	2.682159900665283
4598154	2.682159900665283
4598211	2.682159900665283
4598612	2.682159900665283
4598669	2.682159900665283
4599149	2.682159900665283
4599189	2.682159900665283
4599637	2.682159900665283
4599670	2.682159900665283
4603112	2.682159900665283
4603169	2.682159900665283
4604137	2.682159900665283
4604170	2.682159900665283
4604595	2.682159900665283
4604628	2.682159900665283
4604679	2.682159900665283
4604712	2.682159900665283
4605137	2.682159900665283
4605170	2.682159900665283
4609637	2.682159900665283
4609670	2.682159900665283
4677952	2.682159900665283
4677966	2.682159900665283
4678036	2.682159900665283
4678060	2.682159900665283
4682452	2.682159900665283
4682466	2.682159900665283
4682536	2.682159900665283
4682560	2.682159900665283
4682910	2.682159900665283
4682924	2.682159900665283
4683008	2.682159900665283
4683018	2.682159900665283
4683078	2.682159900665283
4683102	2.682159900665283
4683452	2.682159900665283
4683466	2.682159900665283
4683536	2.682159900665283
4683560	2.682159900665283
4687952	2.682159900665283
4687966	2.682159900665283
4688036	2.682159900665283
4688060	2.682159900665283
4726556	2.682159900665283
4726625	2.682159900665283
4731056	2.682159900665283
4731125	2.682159900665283
4731514	2.682159900665283
4731583	2.682159900665283
4731598	2.682159900665283
4731667	2.682159900665283
4732056	2.682159900665283
4732125	2.682159900665283
4736556	2.682159900665283
4736625	2.682159900665283
4740485	2.682159900665283
4740539	2.682159900665283
4744985	2.682159900665283
4745039	2.682159900665283
4745443	2.682159900665283
4745497	2.682159900665283
4745527	2.682159900665283
4745581	2.682159900665283
4745985	2.682159900665283
4746039	2.682159900665283
4750485	2.682159900665283
4750539	2.682159900665283
4755964	2.682159900665283
4755975	2.682159900665283
4755979	2.682159900665283
4756010	2.682159900665283
4756018	2.682159900665283
4756029	2.682159900665283
4757098	2.682159900665283
4757142	2.682159900665283
4760464	2.682159900665283
4760475	2.682159900665283
4760479	2.682159900665283
4760510	2.682159900665283
4760518	2.682159900665283
4760529	2.682159900665283
4760922	2.682159900665283
4760933	2.682159900665283
4760937	2.682159900665283
4760968	2.682159900665283
4760976	3.0915732383728027
4760987	3.864466667175293
4761006	4.637359619140625
4761017	3.864466667175293
4761021	3.0915732383728027
4761052	2.682159900665283
4761060	2.682159900665283
4761071	2.682159900665283
4761464	2.682159900665283
4761475	2.682159900665283
4761479	2.682159900665283
4761510	2.682159900665283
4761518	2.682159900665283
4761529	2.682159900665283
4761598	2.682159900665283
4761642	2.682159900665283
4762056	2.682159900665283
4762100	2.682159900665283
4762140	2.682159900665283
4762184	2.682159900665283
4762598	2.682159900665283
4762642	2.682159900665283
4765964	2.682159900665283
4765975	2.682159900665283
4765979	2.682159900665283
4766010	2.682159900665283
4766018	2.682159900665283
4766029	2.682159900665283
4767098	2.682159900665283
4767142	2.682159900665283
4782785	2.682159900665283
4782867	2.682159900665283
4787104	2.682159900665283
4787139	2.682159900665283
4787285	2.682159900665283
4787367	2.682159900665283
4787743	2.682159900665283
4787825	2.682159900665283
4787827	2.682159900665283
4787909	2.682159900665283
4788285	2.682159900665283
4788367	2.682159900665283
4789876	2.682159900665283
4789915	2.682159900665283
4791604	2.682159900665283
4791639	2.682159900665283
4792062	2.682159900665283
4792097	2.682159900665283
4792146	2.682159900665283
4792181	2.682159900665283
4792604	2.682159900665283
4792639	2.682159900665283
4792785	2.682159900665283
4792867	2.682159900665283
4794376	2.682159900665283
4794415	2.682159900665283
4794420	2.682159900665283
4794468	2.682159900665283
4794834	2.682159900665283
4794873	2.682159900665283
4794918	2.682159900665283
4794957	2.682159900665283
4795376	2.682159900665283
4795415	2.682159900665283
4796540	2.682159900665283
4796596	2.682159900665283
4797104	2.682159900665283
4797139	2.682159900665283
4798920	2.682159900665283
4798968	2.682159900665283
4799319	2.682159900665283
4799356	2.682159900665283
4799378	2.682159900665283
4799379	2.682159900665283
4799397	2.682159900665283
4799426	2.682159900665283
4799462	2.682159900665283
4799510	2.682159900665283
4799876	2.682159900665283
4799915	2.682159900665283
4799920	2.682159900665283
4799968	2.682159900665283
4800658	2.682159900665283
4800697	2.682159900665283
4800705	2.682159900665283
4800766	2.682159900665283
4801040	2.682159900665283
4801096	2.682159900665283
4801498	2.682159900665283
4801554	2.682159900665283
4801582	2.682159900665283
4801638	2.682159900665283
4802040	2.682159900665283
4802096	2.682159900665283
4803819	2.682159900665283
4803856	2.682159900665283
4803879	2.682159900665283
4803897	2.682159900665283
4804277	2.682159900665283
4804314	2.682159900665283
4804337	2.682159900665283
4804355	2.682159900665283
4804361	3.0915732383728027
4804398	2.682159900665283
4804420	2.682159900665283
4804421	2.682159900665283
4804439	2.682159900665283
4804468	2.682159900665283
4804819	2.682159900665283
4804856	2.682159900665283
4804879	2.682159900665283
4804897	2.682159900665283
4805158	2.682159900665283
4805197	2.682159900665283
4805205	2.682159900665283
4805266	2.682159900665283
4805616	2.682159900665283
4805655	2.682159900665283
4805663	2.682159900665283
4805700	2.682159900665283
4805724	2.682159900665283
4805739	2.682159900665283
4805747	2.682159900665283
4805808	2.682159900665283
4806158	2.682159900665283
4806197	2.682159900665283
4806205	2.682159900665283
4806266	2.682159900665283
4806540	2.682159900665283
4806596	2.682159900665283
4809319	2.682159900665283
4809356	2.682159900665283
4809379	2.682159900665283
4809397	2.682159900665283
4810658	2.682159900665283
4810697	2.682159900665283
4810705	2.682159900665283
4810766	2.682159900665283
4815553	2.682159900665283
4815558	2.682159900665283
4815606	2.682159900665283
4815623	2.682159900665283
4820053	2.682159900665283
4820058	2.682159900665283
4820106	2.682159900665283
4820123	2.682159900665283
4820511	2.682159900665283
4820516	2.682159900665283
4820564	2.682159900665283
4820581	2.682159900665283
4820595	3.0915732383728027
4820600	2.682159900665283
4820648	2.682159900665283
4820665	2.682159900665283
4821053	2.682159900665283
4821058	2.682159900665283
4821106	2.682159900665283
4821123	2.682159900665283
4821523	2.682159900665283
4821611	2.682159900665283
4821707	2.682159900665283
4821771	2.682159900665283
4823390	2.682159900665283
4823448	2.682159900665283
4825553	2.682159900665283
4825558	2.682159900665283
4825606	2.682159900665283
4825623	2.682159900665283
4826023	2.682159900665283
4826111	2.682159900665283
4826207	2.682159900665283
4826271	2.682159900665283
4826481	2.682159900665283
4826565	2.682159900665283
4826569	2.682159900665283
4826653	2.682159900665283
4826665	2.682159900665283
4826729	2.682159900665283
4826749	2.682159900665283
4826813	2.682159900665283
4827023	2.682159900665283
4827111	2.682159900665283
4827207	2.682159900665283
4827271	2.682159900665283
4827890	2.682159900665283
4827948	2.682159900665283
4828348	2.682159900665283
4828406	2.682159900665283
4828432	2.682159900665283
4828490	2.682159900665283
4828890	2.682159900665283
4828948	2.682159900665283
4831419	2.682159900665283
4831458	2.682159900665283
4831523	2.682159900665283
4831611	2.682159900665283
4831707	2.682159900665283
4831771	2.682159900665283
4833390	2.682159900665283
4833448	2.682159900665283
4835919	2.682159900665283
4835958	2.682159900665283
4836377	2.682159900665283
4836416	2.682159900665283
4836461	2.682159900665283
4836500	2.682159900665283
4836919	2.682159900665283
4836958	2.682159900665283
4838623	2.682159900665283
4838669	2.682159900665283
4839525	2.682159900665283
4839622	2.682159900665283
4840994	2.682159900665283
4841074	2.682159900665283
4841419	2.682159900665283
4841458	2.682159900665283
4841951	2.682159900665283
4841987	2.682159900665283
4842000	2.682159900665283
4842130	2.682159900665283
4842931	2.682159900665283
4843018	2.682159900665283
4843123	2.682159900665283
4843169	2.682159900665283
4843581	2.682159900665283
4843627	2.682159900665283
4843665	2.682159900665283
4843711	2.682159900665283
4844025	2.682159900665283
4844122	2.682159900665283
4844123	2.682159900665283
4844169	2.682159900665283
4844483	2.682159900665283
4844567	2.682159900665283
4844580	2.682159900665283
4844664	2.682159900665283
4845025	2.682159900665283
4845122	2.682159900665283
4845494	2.682159900665283
4845574	2.682159900665283
4845952	2.682159900665283
4846032	2.682159900665283
4846036	2.682159900665283
4846116	2.682159900665283
4846451	2.682159900665283
4846487	2.682159900665283
4846494	2.682159900665283
4846500	2.682159900665283
4846574	2.682159900665283
4846630	2.682159900665283
4846909	2.682159900665283
4846945	2.682159900665283
4846958	2.682159900665283
4846993	2.682159900665283
4847029	2.682159900665283
4847042	2.682159900665283
4847088	2.682159900665283
4847172	2.682159900665283
4847431	2.682159900665283
4847451	2.682159900665283
4847487	2.682159900665283
4847500	2.682159900665283
4847518	2.682159900665283
4847630	2.682159900665283
4847889	2.682159900665283
4847973	2.682159900665283
4847976	2.682159900665283
4848016	2.682159900665283
4848060	2.682159900665283
4848105	2.682159900665283
4848431	2.682159900665283
4848518	2.682159900665283
4848538	2.682159900665283
4848606	2.682159900665283
4848623	2.682159900665283
4848669	2.682159900665283
4849525	2.682159900665283
4849622	2.682159900665283
4850994	2.682159900665283
4851074	2.682159900665283
4851951	2.682159900665283
4851987	2.682159900665283
4852000	2.682159900665283
4852130	2.682159900665283
4852516	2.682159900665283
4852605	2.682159900665283
4852931	2.682159900665283
4852974	2.682159900665283
4853018	2.682159900665283
4853038	2.682159900665283
4853058	2.682159900665283
4853063	2.682159900665283
4853106	2.682159900665283
4853147	2.682159900665283
4853496	2.682159900665283
4853516	2.682159900665283
4853564	2.682159900665283
4853580	2.682159900665283
4853605	2.682159900665283
4853648	2.682159900665283
4854038	2.682159900665283
4854106	2.682159900665283
4858016	2.682159900665283
4858105	2.682159900665283
4858538	2.682159900665283
4858606	2.682159900665283
4861118	2.682159900665283
4861152	2.682159900665283
4862835	2.682159900665283
4862921	2.682159900665283
4865618	2.682159900665283
4865652	2.682159900665283
4866076	2.682159900665283
4866110	2.682159900665283
4866160	2.682159900665283
4866194	2.682159900665283
4866618	2.682159900665283
4866652	2.682159900665283
4867335	2.682159900665283
4867421	2.682159900665283
4867793	2.682159900665283
4867877	2.682159900665283
4867879	2.682159900665283
4867963	2.682159900665283
4868335	2.682159900665283
4868421	2.682159900665283
4871118	2.682159900665283
4871152	2.682159900665283
4872835	2.682159900665283
4872921	2.682159900665283
4883991	2.682159900665283
4884051	2.682159900665283
4885439	2.682159900665283
4885517	2.682159900665283
4888491	2.682159900665283
4888551	2.682159900665283
4888949	2.682159900665283
4889009	2.682159900665283
4889033	2.682159900665283
4889093	2.682159900665283
4889491	2.682159900665283
4889551	2.682159900665283
4889939	2.682159900665283
4890017	2.682159900665283
4890397	2.682159900665283
4890475	2.682159900665283
4890481	2.682159900665283
4890559	2.682159900665283
4890939	2.682159900665283
4891017	2.682159900665283
4893991	2.682159900665283
4894051	2.682159900665283
4895439	2.682159900665283
4895517	2.682159900665283
4896811	2.682159900665283
4896870	2.682159900665283
4901311	2.682159900665283
4901370	2.682159900665283
4901769	2.682159900665283
4901828	2.682159900665283
4901853	2.682159900665283
4901912	2.682159900665283
4902311	2.682159900665283
4902370	2.682159900665283
4904094	2.682159900665283
4904156	2.682159900665283
4906811	2.682159900665283
4906870	2.682159900665283
4908594	2.682159900665283
4908656	2.682159900665283
4909052	2.682159900665283
4909114	2.682159900665283
4909136	2.682159900665283
4909198	2.682159900665283
4909594	2.682159900665283
4909656	2.682159900665283
4909990	2.682159900665283
4910077	2.682159900665283
4910085	2.682159900665283
4911542	2.682159900665283
4911568	2.682159900665283
4914094	2.682159900665283
4914156	2.682159900665283
4914490	2.682159900665283
4914577	2.682159900665283
4914585	2.682159900665283
4914948	2.682159900665283
4915032	2.682159900665283
4915035	2.682159900665283
4915043	2.682159900665283
4915119	2.682159900665283
4915127	2.682159900665283
4915490	2.682159900665283
4915577	2.682159900665283
4915585	2.682159900665283
4916042	2.682159900665283
4916068	2.682159900665283
4916500	2.682159900665283
4916526	2.682159900665283
4916584	2.682159900665283
4916610	2.682159900665283
4917042	2.682159900665283
4917068	2.682159900665283
4919235	2.682159900665283
4919291	2.682159900665283
4919990	2.682159900665283
4920077	2.682159900665283
4920085	2.682159900665283
4921542	2.682159900665283
4921568	2.682159900665283
4922745	2.682159900665283
4922838	2.682159900665283
4923215	2.682159900665283
4923270	2.682159900665283
4923735	2.682159900665283
4923791	2.682159900665283
4924193	2.682159900665283
4924249	2.682159900665283
4924277	2.682159900665283
4924333	2.682159900665283
4924674	2.682159900665283
4924730	2.682159900665283
4924735	2.682159900665283
4924791	2.682159900665283
4926420	2.682159900665283
4926484	2.682159900665283
4927245	2.682159900665283
4927338	2.682159900665283
4927703	2.682159900665283
4927715	2.682159900665283
4927770	2.682159900665283
4927787	2.682159900665283
4927796	2.682159900665283
4927880	2.682159900665283
4928173	2.682159900665283
4928228	2.682159900665283
4928245	2.682159900665283
4928257	2.682159900665283
4928312	2.682159900665283
4928338	2.682159900665283
4928715	2.682159900665283
4928770	2.682159900665283
4929174	2.682159900665283
4929230	2.682159900665283
4929235	2.682159900665283
4929291	2.682159900665283
4929632	2.682159900665283
4929688	2.682159900665283
4929716	2.682159900665283
4929772	2.682159900665283
4930174	2.682159900665283
4930230	2.682159900665283
4930453	2.682159900665283
4930509	2.682159900665283
4930920	2.682159900665283
4930984	2.682159900665283
4931378	2.682159900665283
4931442	2.682159900665283
4931462	2.682159900665283
4931526	2.682159900665283
4931920	2.682159900665283
4931984	2.682159900665283
4932745	2.682159900665283
4932838	2.682159900665283
4933215	2.682159900665283
4933270	2.682159900665283
4933335	2.682159900665283
4933428	2.682159900665283
4934674	2.682159900665283
4934730	2.682159900665283
4934953	2.682159900665283
4935009	2.682159900665283
4935411	2.682159900665283
4935467	2.682159900665283
4935495	2.682159900665283
4935551	2.682159900665283
4935953	2.682159900665283
4936009	2.682159900665283
4936276	2.682159900665283
4936307	2.682159900665283
4936420	2.682159900665283
4936484	2.682159900665283
4936715	2.682159900665283
4936762	2.682159900665283
4937454	2.682159900665283
4937529	2.682159900665283
4937835	2.682159900665283
4937928	2.682159900665283
4938293	2.682159900665283
4938377	2.682159900665283
4938386	2.682159900665283
4938470	2.682159900665283
4938835	2.682159900665283
4938928	2.682159900665283
4939837	2.682159900665283
4939910	2.682159900665283
4940453	2.682159900665283
4940509	2.682159900665283
4940776	2.682159900665283
4940807	2.682159900665283
4941215	2.682159900665283
4941234	2.682159900665283
4941262	2.682159900665283
4941265	2.682159900665283
4941318	2.682159900665283
4941349	2.682159900665283
4941673	2.682159900665283
4941720	2.682159900665283
4941757	2.682159900665283
4941776	2.682159900665283
4941804	2.682159900665283
4941807	2.682159900665283
4941954	2.682159900665283
4942029	2.682159900665283
4942215	2.682159900665283
4942262	2.682159900665283
4942412	2.682159900665283
4942487	2.682159900665283
4942496	2.682159900665283
4942571	2.682159900665283
4942954	2.682159900665283
4943029	2.682159900665283
4943335	2.682159900665283
4943428	2.682159900665283
4944337	2.682159900665283
4944410	2.682159900665283
4944795	2.682159900665283
4944868	2.682159900665283
4944879	2.682159900665283
4944952	2.682159900665283
4945337	2.682159900665283
4945410	2.682159900665283
4946276	2.682159900665283
4946307	2.682159900665283
4946715	2.682159900665283
4946762	2.682159900665283
4947454	2.682159900665283
4947529	2.682159900665283
4949837	2.682159900665283
4949910	2.682159900665283
4976405	2.682159900665283
4976429	2.682159900665283
4976488	2.682159900665283
4976501	2.682159900665283
4980905	2.682159900665283
4980929	2.682159900665283
4980988	2.682159900665283
4981001	2.682159900665283
4981363	2.682159900665283
4981387	2.682159900665283
4981446	2.682159900665283
4981447	2.682159900665283
4981459	2.682159900665283
4981471	2.682159900665283
4981530	2.682159900665283
4981543	2.682159900665283
4981905	2.682159900665283
4981929	2.682159900665283
4981988	2.682159900665283
4982001	2.682159900665283
4986405	2.682159900665283
4986429	2.682159900665283
4986488	2.682159900665283
4986501	2.682159900665283
4994510	2.682159900665283
4994607	2.682159900665283
4999010	2.682159900665283
4999107	2.682159900665283
4999468	2.682159900665283
4999552	2.682159900665283
4999565	2.682159900665283
4999649	2.682159900665283
5000010	2.682159900665283
5000107	2.682159900665283
5004510	2.682159900665283
5004607	2.682159900665283
5089078	2.682159900665283
5089144	2.682159900665283
5093578	2.682159900665283
5093644	2.682159900665283
5094036	2.682159900665283
5094102	2.682159900665283
5094120	2.682159900665283
5094186	2.682159900665283
5094578	2.682159900665283
5094644	2.682159900665283
5099078	2.682159900665283
5099144	2.682159900665283
5103416	2.682159900665283
5103480	2.682159900665283
5106811	2.682159900665283
5106862	2.682159900665283
5107916	2.682159900665283
5107980	2.682159900665283
5108374	2.682159900665283
5108438	2.682159900665283
5108458	2.682159900665283
5108522	2.682159900665283
5108916	2.682159900665283
5108980	2.682159900665283
5111311	2.682159900665283
5111362	2.682159900665283
5111769	2.682159900665283
5111820	2.682159900665283
5111853	2.682159900665283
5111904	2.682159900665283
5112311	2.682159900665283
5112362	2.682159900665283
5113416	2.682159900665283
5113480	2.682159900665283
5116811	2.682159900665283
5116862	2.682159900665283
5122919	2.682159900665283
5122965	2.682159900665283
5127419	2.682159900665283
5127465	2.682159900665283
5127877	2.682159900665283
5127923	2.682159900665283
5127961	2.682159900665283
5128007	2.682159900665283
5128419	2.682159900665283
5128465	2.682159900665283
5132919	2.682159900665283
5132965	2.682159900665283
5145607	2.682159900665283
5145659	2.682159900665283
5150107	2.682159900665283
5150159	2.682159900665283
5150565	2.682159900665283
5150617	2.682159900665283
5150649	2.682159900665283
5150701	2.682159900665283
5151107	2.682159900665283
5151159	2.682159900665283
5155607	2.682159900665283
5155659	2.682159900665283
5166885	2.682159900665283
5166893	2.682159900665283
5166951	2.682159900665283
5166968	2.682159900665283
5167143	2.682159900665283
5167206	2.682159900665283
5171015	2.682159900665283
5171073	2.682159900665283
5171385	2.682159900665283
5171393	2.682159900665283
5171451	2.682159900665283
5171468	2.682159900665283
5171643	2.682159900665283
5171706	2.682159900665283
5171843	2.682159900665283
5171851	2.682159900665283
5171909	2.682159900665283
5171926	2.682159900665283
5171927	3.0915732383728027
5171935	2.682159900665283
5171993	2.682159900665283
5172010	2.682159900665283
5172101	2.682159900665283
5172164	2.682159900665283
5172185	2.682159900665283
5172248	2.682159900665283
5172385	2.682159900665283
5172393	2.682159900665283
5172451	2.682159900665283
5172468	2.682159900665283
5172643	2.682159900665283
5172706	2.682159900665283
5175515	2.682159900665283
5175573	2.682159900665283
5175973	2.682159900665283
5176031	2.682159900665283
5176057	2.682159900665283
5176115	2.682159900665283
5176515	2.682159900665283
5176573	2.682159900665283
5176885	2.682159900665283
5176893	2.682159900665283
5176951	2.682159900665283
5176968	2.682159900665283
5177143	2.682159900665283
5177206	2.682159900665283
5181015	2.682159900665283
5181073	2.682159900665283
5215914	2.682159900665283
5215976	2.682159900665283
5220414	2.682159900665283
5220476	2.682159900665283
5220872	2.682159900665283
5220934	2.682159900665283
5220956	2.682159900665283
5221018	2.682159900665283
5221414	2.682159900665283
5221476	2.682159900665283
5225914	2.682159900665283
5225976	2.682159900665283
5256097	2.682159900665283
5256136	2.682159900665283
5257160	2.682159900665283
5257235	2.682159900665283
5257930	2.682159900665283
5258010	2.682159900665283
5259432	2.682159900665283
5259453	2.682159900665283
5259497	2.682159900665283
5259502	2.682159900665283
5260597	2.682159900665283
5260636	2.682159900665283
5261055	2.682159900665283
5261094	2.682159900665283
5261139	2.682159900665283
5261178	2.682159900665283
5261597	2.682159900665283
5261636	2.682159900665283
5261660	2.682159900665283
5261735	2.682159900665283
5261919	2.682159900665283
5261965	2.682159900665283
5262118	2.682159900665283
5262193	2.682159900665283
5262202	2.682159900665283
5262277	2.682159900665283
5262430	2.682159900665283
5262510	2.682159900665283
5262660	2.682159900665283
5262735	2.682159900665283
5262888	2.682159900665283
5262968	2.682159900665283
5262972	2.682159900665283
5263052	2.682159900665283
5263430	2.682159900665283
5263510	2.682159900665283
5263932	2.682159900665283
5263953	2.682159900665283
5263997	2.682159900665283
5264002	2.682159900665283
5264390	2.682159900665283
5264411	2.682159900665283
5264455	2.682159900665283
5264460	2.682159900665283
5264474	3.0915732383728027
5264495	2.682159900665283
5264539	2.682159900665283
5264544	2.682159900665283
5264932	2.682159900665283
5264953	2.682159900665283
5264997	2.682159900665283
5265002	2.682159900665283
5266097	2.682159900665283
5266136	2.682159900665283
5266419	2.682159900665283
5266465	2.682159900665283
5266650	2.682159900665283
5266760	2.682159900665283
5266877	2.682159900665283
5266923	2.682159900665283
5266961	2.682159900665283
5267007	2.682159900665283
5267160	2.682159900665283
5267235	2.682159900665283
5267419	2.682159900665283
5267465	2.682159900665283
5267930	2.682159900665283
5268010	2.682159900665283
5269432	2.682159900665283
5269453	2.682159900665283
5269497	2.682159900665283
5269502	2.682159900665283
5271150	2.682159900665283
5271260	2.682159900665283
5271608	2.682159900665283
5271692	2.682159900665283
5271718	2.682159900665283
5271802	2.682159900665283
5271919	2.682159900665283
5271965	2.682159900665283
5272150	2.682159900665283
5272260	2.682159900665283
5276650	2.682159900665283
5276760	2.682159900665283
5277502	2.682159900665283
5277603	2.682159900665283
5277940	2.682159900665283
5278015	2.682159900665283
5281030	2.682159900665283
5281095	2.682159900665283
5282002	2.682159900665283
5282103	2.682159900665283
5282440	2.682159900665283
5282460	2.682159900665283
5282515	2.682159900665283
5282544	2.682159900665283
5282561	2.682159900665283
5282645	2.682159900665283
5282898	2.682159900665283
5282973	2.682159900665283
5282982	2.682159900665283
5283002	2.682159900665283
5283057	2.682159900665283
5283103	2.682159900665283
5283440	2.682159900665283
5283515	2.682159900665283
5285530	2.682159900665283
5285595	2.682159900665283
5285988	2.682159900665283
5286053	2.682159900665283
5286072	2.682159900665283
5286137	2.682159900665283
5286530	2.682159900665283
5286595	2.682159900665283
5287502	2.682159900665283
5287578	2.682159900665283
5287603	2.682159900665283
5287629	2.682159900665283
5287798	2.682159900665283
5287860	2.682159900665283
5287940	2.682159900665283
5288015	2.682159900665283
5290604	2.682159900665283
5290660	2.682159900665283
5291030	2.682159900665283
5291095	2.682159900665283
5292078	2.682159900665283
5292129	2.682159900665283
5292298	2.682159900665283
5292360	2.682159900665283
5292536	2.682159900665283
5292587	2.682159900665283
5292593	2.682159900665283
5292620	2.682159900665283
5292653	2.682159900665283
5292671	2.682159900665283
5292756	2.682159900665283
5292818	2.682159900665283
5292840	2.682159900665283
5292902	2.682159900665283
5293078	2.682159900665283
5293129	2.682159900665283
5293298	2.682159900665283
5293360	2.682159900665283
5295104	2.682159900665283
5295160	2.682159900665283
5295562	2.682159900665283
5295618	2.682159900665283
5295646	2.682159900665283
5295702	2.682159900665283
5296104	2.682159900665283
5296160	2.682159900665283
5297093	2.682159900665283
5297153	2.682159900665283
5297551	2.682159900665283
5297578	2.682159900665283
5297611	2.682159900665283
5297629	2.682159900665283
5297635	2.682159900665283
5297695	2.682159900665283
5297798	2.682159900665283
5297860	2.682159900665283
5298093	2.682159900665283
5298153	2.682159900665283
5300604	2.682159900665283
5300660	2.682159900665283
5302593	2.682159900665283
5302653	2.682159900665283
5304438	2.682159900665283
5304517	2.682159900665283
5305044	2.682159900665283
5305090	2.682159900665283
5308938	2.682159900665283
5309017	2.682159900665283
5309396	2.682159900665283
5309475	2.682159900665283
5309480	2.682159900665283
5309544	2.682159900665283
5309559	2.682159900665283
5309590	2.682159900665283
5309938	2.682159900665283
5310002	2.682159900665283
5310017	2.682159900665283
5310048	2.682159900665283
5310086	2.682159900665283
5310132	2.682159900665283
5310544	2.682159900665283
5310590	2.682159900665283
5314438	2.682159900665283
5314517	2.682159900665283
5315044	2.682159900665283
5315090	2.682159900665283
5352852	2.682159900665283
5352886	2.682159900665283
5352926	2.682159900665283
5352932	2.682159900665283
5357352	2.682159900665283
5357386	2.682159900665283
5357426	2.682159900665283
5357432	2.682159900665283
5357810	2.682159900665283
5357844	2.682159900665283
5357884	2.682159900665283
5357890	2.682159900665283
5357894	3.0915732383728027
5357928	2.682159900665283
5357968	2.682159900665283
5357974	2.682159900665283
5358352	2.682159900665283
5358386	2.682159900665283
5358426	2.682159900665283
5358432	2.682159900665283
5362852	2.682159900665283
5362886	2.682159900665283
5362926	2.682159900665283
5362932	2.682159900665283
5367892	2.682159900665283
5367922	2.682159900665283
5372392	2.682159900665283
5372422	2.682159900665283
5372850	2.682159900665283
5372880	2.682159900665283
5372934	2.682159900665283
5372964	2.682159900665283
5373392	2.682159900665283
5373422	2.682159900665283
5377892	2.682159900665283
5377922	2.682159900665283
5392763	2.682159900665283
5392850	2.682159900665283
5397263	2.682159900665283
5397350	2.682159900665283
5397721	2.682159900665283
5397805	2.682159900665283
5397808	2.682159900665283
5397892	2.682159900665283
5398263	2.682159900665283
5398350	2.682159900665283
5402763	2.682159900665283
5402850	2.682159900665283
5406741	2.682159900665283
5406790	2.682159900665283
5411241	2.682159900665283
5411290	2.682159900665283
5411699	2.682159900665283
5411748	2.682159900665283
5411783	2.682159900665283
5411832	2.682159900665283
5412241	2.682159900665283
5412290	2.682159900665283
5416741	2.682159900665283
5416790	2.682159900665283
5425209	2.682159900665283
5425300	2.682159900665283
5429709	2.682159900665283
5429800	2.682159900665283
5430167	2.682159900665283
5430251	2.682159900665283
5430258	2.682159900665283
5430342	2.682159900665283
5430709	2.682159900665283
5430800	2.682159900665283
5435209	2.682159900665283
5435300	2.682159900665283
5447628	2.682159900665283
5447702	2.682159900665283
5452128	2.682159900665283
5452202	2.682159900665283
5452586	2.682159900665283
5452660	2.682159900665283
5452670	2.682159900665283
5452744	2.682159900665283
5453128	2.682159900665283
5453202	2.682159900665283
5457628	2.682159900665283
5457702	2.682159900665283
5464816	2.682159900665283
5464923	2.682159900665283
5469316	2.682159900665283
5469423	2.682159900665283
5469774	2.682159900665283
5469858	2.682159900665283
5469881	2.682159900665283
5469965	2.682159900665283
5470316	2.682159900665283
5470423	2.682159900665283
5474816	2.682159900665283
5474923	2.682159900665283
5475517	2.682159900665283
5475586	2.682159900665283
5480017	2.682159900665283
5480086	2.682159900665283
5480475	2.682159900665283
5480544	2.682159900665283
5480559	2.682159900665283
5480628	2.682159900665283
5481017	2.682159900665283
5481086	2.682159900665283
5485517	2.682159900665283
5485586	2.682159900665283
5495191	2.682159900665283
5495200	2.682159900665283
5495213	2.682159900665283
5495254	2.682159900665283
5495265	2.682159900665283
5495290	2.682159900665283
5496386	2.682159900665283
5496461	2.682159900665283
5499691	2.682159900665283
5499700	2.682159900665283
5499713	2.682159900665283
5499754	2.682159900665283
5499765	2.682159900665283
5499790	2.682159900665283
5500149	2.682159900665283
5500158	2.682159900665283
5500171	2.682159900665283
5500212	2.682159900665283
5500223	3.0915732383728027
5500233	3.864466667175293
5500242	3.0915732383728027
5500248	2.682159900665283
5500255	3.0915732383728027
5500296	2.682159900665283
5500307	2.682159900665283
5500332	2.682159900665283
5500691	2.682159900665283
5500700	2.682159900665283
5500713	2.682159900665283
5500754	2.682159900665283
5500765	2.682159900665283
5500790	2.682159900665283
5500886	2.682159900665283
5500961	2.682159900665283
5501344	2.682159900665283
5501419	2.682159900665283
5501428	2.682159900665283
5501503	2.682159900665283
5501886	2.682159900665283
5501961	2.682159900665283
5505191	2.682159900665283
5505200	2.682159900665283
5505213	2.682159900665283
5505254	2.682159900665283
5505265	2.682159900665283
5505290	2.682159900665283
5506386	2.682159900665283
5506461	2.682159900665283
5519775	2.682159900665283
5519845	2.682159900665283
5524275	2.682159900665283
5524345	2.682159900665283
5524733	2.682159900665283
5524803	2.682159900665283
5524817	2.682159900665283
5524887	2.682159900665283
5525275	2.682159900665283
5525345	2.682159900665283
5529775	2.682159900665283
5529845	2.682159900665283
5585601	2.682159900665283
5585722	2.682159900665283
5586891	2.682159900665283
5586905	2.682159900665283
5586948	2.682159900665283
5586962	2.682159900665283
5590101	2.682159900665283
5590222	2.682159900665283
5590559	2.682159900665283
5590643	2.682159900665283
5590680	2.682159900665283
5590764	2.682159900665283
5591101	2.682159900665283
5591222	2.682159900665283
5591391	2.682159900665283
5591405	2.682159900665283
5591448	2.682159900665283
5591462	2.682159900665283
5591849	2.682159900665283
5591863	2.682159900665283
5591906	2.682159900665283
5591920	2.682159900665283
5591933	3.0915732383728027
5591947	2.682159900665283
5591990	2.682159900665283
5592004	2.682159900665283
5592391	2.682159900665283
5592405	2.682159900665283
5592448	2.682159900665283
5592462	2.682159900665283
5595601	2.682159900665283
5595722	2.682159900665283
5596891	2.682159900665283
5596905	2.682159900665283
5596948	2.682159900665283
5596962	2.682159900665283
5602951	2.682159900665283
5602983	2.682159900665283
5606740	2.682159900665283
5606811	2.682159900665283
5607451	2.682159900665283
5607483	2.682159900665283
5607909	2.682159900665283
5607941	2.682159900665283
5607993	2.682159900665283
5608025	2.682159900665283
5608451	2.682159900665283
5608483	2.682159900665283
5610757	2.682159900665283
5610818	2.682159900665283
5611240	2.682159900665283
5611311	2.682159900665283
5611698	2.682159900665283
5611769	2.682159900665283
5611782	2.682159900665283
5611853	2.682159900665283
5612240	2.682159900665283
5612311	2.682159900665283
5612951	2.682159900665283
5612983	2.682159900665283
5615257	2.682159900665283
5615318	2.682159900665283
5615715	2.682159900665283
5615776	2.682159900665283
5615799	2.682159900665283
5615860	2.682159900665283
5616257	2.682159900665283
5616318	2.682159900665283
5616740	2.682159900665283
5616811	2.682159900665283
5620757	2.682159900665283
5620818	2.682159900665283
5624412	2.682159900665283
5624467	2.682159900665283
5628722	2.682159900665283
5628781	2.682159900665283
5628912	2.682159900665283
5628967	2.682159900665283
5629370	2.682159900665283
5629425	2.682159900665283
5629454	2.682159900665283
5629509	2.682159900665283
5629912	2.682159900665283
5629967	2.682159900665283
5632226	2.682159900665283
5632265	2.682159900665283
5633222	2.682159900665283
5633281	2.682159900665283
5633680	2.682159900665283
5633739	2.682159900665283
5633764	2.682159900665283
5633823	2.682159900665283
5634222	2.682159900665283
5634281	2.682159900665283
5634412	2.682159900665283
5634467	2.682159900665283
5636726	2.682159900665283
5636765	2.682159900665283
5637184	2.682159900665283
5637223	2.682159900665283
5637268	2.682159900665283
5637307	2.682159900665283
5637726	2.682159900665283
5637765	2.682159900665283
5638722	2.682159900665283
5638781	2.682159900665283
5642226	2.682159900665283
5642265	2.682159900665283
5646351	2.682159900665283
5646392	2.682159900665283
5650851	2.682159900665283
5650892	2.682159900665283
5651309	2.682159900665283
5651350	2.682159900665283
5651393	2.682159900665283
5651434	2.682159900665283
5651851	2.682159900665283
5651892	2.682159900665283
5653107	2.682159900665283
5653164	2.682159900665283
5656351	2.682159900665283
5656392	2.682159900665283
5657607	2.682159900665283
5657664	2.682159900665283
5658065	2.682159900665283
5658122	2.682159900665283
5658149	2.682159900665283
5658206	2.682159900665283
5658607	2.682159900665283
5658664	2.682159900665283
5663107	2.682159900665283
5663164	2.682159900665283
5697162	2.682159900665283
5697204	2.682159900665283
5701662	2.682159900665283
5701704	2.682159900665283
5702120	2.682159900665283
5702162	2.682159900665283
5702204	2.682159900665283
5702246	2.682159900665283
5702662	2.682159900665283
5702704	2.682159900665283
5707162	2.682159900665283
5707204	2.682159900665283
5774671	2.682159900665283
5774712	2.682159900665283
5779171	2.682159900665283
5779212	2.682159900665283
5779629	2.682159900665283
5779670	2.682159900665283
5779713	2.682159900665283
5779754	2.682159900665283
5780171	2.682159900665283
5780212	2.682159900665283
5784671	2.682159900665283
5784712	2.682159900665283
5806052	2.682159900665283
5806120	2.682159900665283
5810552	2.682159900665283
5810620	2.682159900665283
5811010	2.682159900665283
5811078	2.682159900665283
5811094	2.682159900665283
5811162	2.682159900665283
5811552	2.682159900665283
5811620	2.682159900665283
5812807	2.682159900665283
5812817	2.682159900665283
5812883	2.682159900665283
5812890	2.682159900665283
5816052	2.682159900665283
5816120	2.682159900665283
5817307	2.682159900665283
5817317	2.682159900665283
5817383	2.682159900665283
5817390	2.682159900665283
5817765	2.682159900665283
5817775	2.682159900665283
5817841	2.682159900665283
5817848	2.682159900665283
5817849	3.0915732383728027
5817859	2.682159900665283
5817925	2.682159900665283
5817932	2.682159900665283
5818307	2.682159900665283
5818317	2.682159900665283
5818383	2.682159900665283
5818390	2.682159900665283
5822807	2.682159900665283
5822817	2.682159900665283
5822883	2.682159900665283
5822890	2.682159900665283
5826608	2.682159900665283
5826645	2.682159900665283
5831108	2.682159900665283
5831110	2.682159900665283
5831145	2.682159900665283
5831146	2.682159900665283
5831566	2.682159900665283
5831603	2.682159900665283
5831650	2.682159900665283
5831687	2.682159900665283
5832108	2.682159900665283
5832145	2.682159900665283
5835610	2.682159900665283
5835646	2.682159900665283
5836068	2.682159900665283
5836104	2.682159900665283
5836152	2.682159900665283
5836188	2.682159900665283
5836608	2.682159900665283
5836610	2.682159900665283
5836645	2.682159900665283
5836646	2.682159900665283
5841110	2.682159900665283
5841146	2.682159900665283
5843529	2.682159900665283
5843539	2.682159900665283
5843604	2.682159900665283
5843605	2.682159900665283
5848029	2.682159900665283
5848039	2.682159900665283
5848104	2.682159900665283
5848105	2.682159900665283
5848487	2.682159900665283
5848497	2.682159900665283
5848562	2.682159900665283
5848563	2.682159900665283
5848571	3.0915732383728027
5848581	2.682159900665283
5848646	2.682159900665283
5848647	2.682159900665283
5849029	2.682159900665283
5849039	2.682159900665283
5849104	2.682159900665283
5849105	2.682159900665283
5853529	2.682159900665283
5853539	2.682159900665283
5853604	2.682159900665283
5853605	2.682159900665283
5904406	2.682159900665283
5904425	2.682159900665283
5904461	2.682159900665283
5904466	2.682159900665283
5908906	2.682159900665283
5908925	2.682159900665283
5908961	2.682159900665283
5908966	2.682159900665283
5909364	2.682159900665283
5909383	2.682159900665283
5909419	2.682159900665283
5909424	2.682159900665283
5909448	3.0915732383728027
5909467	2.682159900665283
5909503	2.682159900665283
5909508	2.682159900665283
5909906	2.682159900665283
5909925	2.682159900665283
5909961	2.682159900665283
5909966	2.682159900665283
5910694	2.682159900665283
5910754	2.682159900665283
5914406	2.682159900665283
5914425	2.682159900665283
5914461	2.682159900665283
5914466	2.682159900665283
5915194	2.682159900665283
5915254	2.682159900665283
5915652	2.682159900665283
5915712	2.682159900665283
5915736	2.682159900665283
5915796	2.682159900665283
5916194	2.682159900665283
5916254	2.682159900665283
5916822	2.682159900665283
5916891	2.682159900665283
5920694	2.682159900665283
5920754	2.682159900665283
5921322	2.682159900665283
5921391	2.682159900665283
5921780	2.682159900665283
5921849	2.682159900665283
5921864	2.682159900665283
5921933	2.682159900665283
5922322	2.682159900665283
5922391	2.682159900665283
5926822	2.682159900665283
5926891	2.682159900665283
5936144	2.682159900665283
5936178	2.682159900665283
5940644	2.682159900665283
5940678	2.682159900665283
5940937	2.682159900665283
5940982	2.682159900665283
5941102	2.682159900665283
5941136	2.682159900665283
5941186	2.682159900665283
5941220	2.682159900665283
5941644	2.682159900665283
5941678	2.682159900665283
5945437	2.682159900665283
5945482	2.682159900665283
5945895	2.682159900665283
5945940	2.682159900665283
5945979	2.682159900665283
5946024	2.682159900665283
5946144	2.682159900665283
5946178	2.682159900665283
5946437	2.682159900665283
5946482	2.682159900665283
5950937	2.682159900665283
5950982	2.682159900665283
5967858	2.682159900665283
5967916	2.682159900665283
5969561	2.682159900665283
5969637	2.682159900665283
5969821	2.682159900665283
5969884	2.682159900665283
5972358	2.682159900665283
5972416	2.682159900665283
5972816	2.682159900665283
5972874	2.682159900665283
5972900	2.682159900665283
5972958	2.682159900665283
5973358	2.682159900665283
5973416	2.682159900665283
5974061	2.682159900665283
5974137	2.682159900665283
5974321	2.682159900665283
5974384	2.682159900665283
5974519	2.682159900665283
5974595	2.682159900665283
5974603	2.682159900665283
5974679	2.682159900665283
5974779	2.682159900665283
5974842	2.682159900665283
5974863	2.682159900665283
5974926	2.682159900665283
5975061	2.682159900665283
5975137	2.682159900665283
5975321	2.682159900665283
5975384	2.682159900665283
5977858	2.682159900665283
5977916	2.682159900665283
5979561	2.682159900665283
5979637	2.682159900665283
5979821	2.682159900665283
5979884	2.682159900665283
5985804	2.682159900665283
5985891	2.682159900665283
5990304	2.682159900665283
5990391	2.682159900665283
5990762	2.682159900665283
5990846	2.682159900665283
5990849	2.682159900665283
5990933	2.682159900665283
5991304	2.682159900665283
5991391	2.682159900665283
5995804	2.682159900665283
5995891	2.682159900665283
6004145	2.682159900665283
6004228	2.682159900665283
6008645	2.682159900665283
6008728	2.682159900665283
6009103	2.682159900665283
6009186	2.682159900665283
6009187	2.682159900665283
6009270	2.682159900665283
6009645	2.682159900665283
6009728	2.682159900665283
6014145	2.682159900665283
6014228	2.682159900665283
6053679	2.682159900665283
6053739	2.682159900665283
6058179	2.682159900665283
6058239	2.682159900665283
6058637	2.682159900665283
6058697	2.682159900665283
6058721	2.682159900665283
6058781	2.682159900665283
6059179	2.682159900665283
6059239	2.682159900665283
6063679	2.682159900665283
6063739	2.682159900665283
6075893	2.682159900665283
6075923	2.682159900665283
6080393	2.682159900665283
6080423	2.682159900665283
6080851	2.682159900665283
6080881	2.682159900665283
6080935	2.682159900665283
6080943	2.682159900665283
6080965	2.682159900665283
6081000	2.682159900665283
6081393	2.682159900665283
6081423	2.682159900665283
6085443	2.682159900665283
6085500	2.682159900665283
6085537	2.682159900665283
6085595	2.682159900665283
6085893	2.682159900665283
6085901	2.682159900665283
6085923	2.682159900665283
6085958	2.682159900665283
6085985	2.682159900665283
6086042	2.682159900665283
6086443	2.682159900665283
6086500	2.682159900665283
6090037	2.682159900665283
6090095	2.682159900665283
6090495	2.682159900665283
6090553	2.682159900665283
6090579	2.682159900665283
6090637	2.682159900665283
6090943	2.682159900665283
6091000	2.682159900665283
6091037	2.682159900665283
6091095	2.682159900665283
6091134	2.682159900665283
6091187	2.682159900665283
6095537	2.682159900665283
6095595	2.682159900665283
6095634	2.682159900665283
6095687	2.682159900665283
6096092	2.682159900665283
6096145	2.682159900665283
6096176	2.682159900665283
6096229	2.682159900665283
6096634	2.682159900665283
6096687	2.682159900665283
6098332	2.682159900665283
6098401	2.682159900665283
6101134	2.682159900665283
6101187	2.682159900665283
6102832	2.682159900665283
6102901	2.682159900665283
6103290	2.682159900665283
6103359	2.682159900665283
6103374	2.682159900665283
6103443	2.682159900665283
6103832	2.682159900665283
6103901	2.682159900665283
6108209	2.682159900665283
6108285	2.682159900665283
6108332	2.682159900665283
6108401	2.682159900665283
6112145	2.682159900665283
6112186	2.682159900665283
6112709	2.682159900665283
6112785	2.682159900665283
6113167	2.682159900665283
6113243	2.682159900665283
6113251	2.682159900665283
6113327	2.682159900665283
6113709	2.682159900665283
6113785	2.682159900665283
6116645	2.682159900665283
6116686	2.682159900665283
6117103	2.682159900665283
6117144	2.682159900665283
6117187	2.682159900665283
6117228	2.682159900665283
6117645	2.682159900665283
6117686	2.682159900665283
6118209	2.682159900665283
6118285	2.682159900665283
6122145	2.682159900665283
6122186	2.682159900665283
6124977	2.682159900665283
6124978	2.682159900665283
6125032	2.682159900665283
6125040	2.682159900665283
6128872	2.682159900665283
6128950	2.682159900665283
6129477	2.682159900665283
6129478	2.682159900665283
6129532	2.682159900665283
6129540	2.682159900665283
6129935	2.682159900665283
6129936	2.682159900665283
6129990	2.682159900665283
6129998	2.682159900665283
6130019	3.0915732383728027
6130020	2.682159900665283
6130074	2.682159900665283
6130082	2.682159900665283
6130477	2.682159900665283
6130478	2.682159900665283
6130532	2.682159900665283
6130540	2.682159900665283
6133372	2.682159900665283
6133450	2.682159900665283
6133830	2.682159900665283
6133908	2.682159900665283
6133914	2.682159900665283
6133992	2.682159900665283
6134049	2.682159900665283
6134084	2.682159900665283
6134372	2.682159900665283
6134450	2.682159900665283
6134977	2.682159900665283
6134978	2.682159900665283
6135032	2.682159900665283
6135040	2.682159900665283
6138275	2.682159900665283
6138347	2.682159900665283
6138549	2.682159900665283
6138584	2.682159900665283
6138872	2.682159900665283
6138950	2.682159900665283
6139007	2.682159900665283
6139042	2.682159900665283
6139091	2.682159900665283
6139126	2.682159900665283
6139549	2.682159900665283
6139584	2.682159900665283
6141629	2.682159900665283
6141691	2.682159900665283
6141861	2.682159900665283
6141934	2.682159900665283
6142775	2.682159900665283
6142847	2.682159900665283
6143233	2.682159900665283
6143305	2.682159900665283
6143317	2.682159900665283
6143389	2.682159900665283
6143775	2.682159900665283
6143847	2.682159900665283
6144049	2.682159900665283
6144084	2.682159900665283
6144901	2.682159900665283
6144974	2.682159900665283
6146129	2.682159900665283
6146191	2.682159900665283
6146361	2.682159900665283
6146434	2.682159900665283
6146587	2.682159900665283
6146649	2.682159900665283
6146671	2.682159900665283
6146733	2.682159900665283
6146819	2.682159900665283
6146892	2.682159900665283
6146903	2.682159900665283
6146976	2.682159900665283
6147129	2.682159900665283
6147191	2.682159900665283
6147361	2.682159900665283
6147434	2.682159900665283
6148275	2.682159900665283
6148347	2.682159900665283
6149055	2.682159900665283
6149136	2.682159900665283
6149401	2.682159900665283
6149474	2.682159900665283
6149859	2.682159900665283
6149932	2.682159900665283
6149943	2.682159900665283
6150016	2.682159900665283
6150401	2.682159900665283
6150474	2.682159900665283
6151629	2.682159900665283
6151691	2.682159900665283
6151861	2.682159900665283
6151934	2.682159900665283
6153555	2.682159900665283
6153636	2.682159900665283
6154013	2.682159900665283
6154094	2.682159900665283
6154097	2.682159900665283
6154178	2.682159900665283
6154555	2.682159900665283
6154636	2.682159900665283
6154901	2.682159900665283
6154974	2.682159900665283
6159055	2.682159900665283
6159136	2.682159900665283
6203727	2.682159900665283
6203748	2.682159900665283
6203787	2.682159900665283
6203809	2.682159900665283
6208227	2.682159900665283
6208248	2.682159900665283
6208287	2.682159900665283
6208309	2.682159900665283
6208685	2.682159900665283
6208706	2.682159900665283
6208745	2.682159900665283
6208767	2.682159900665283
6208769	3.0915732383728027
6208790	2.682159900665283
6208829	2.682159900665283
6208851	2.682159900665283
6209227	2.682159900665283
6209248	2.682159900665283
6209287	2.682159900665283
6209309	2.682159900665283
6213727	2.682159900665283
6213748	2.682159900665283
6213787	2.682159900665283
6213809	2.682159900665283
6219487	2.682159900665283
6219529	2.682159900665283
6223987	2.682159900665283
6224029	2.682159900665283
6224445	2.682159900665283
6224487	2.682159900665283
6224529	2.682159900665283
6224571	2.682159900665283
6224987	2.682159900665283
6225029	2.682159900665283
6229487	2.682159900665283
6229529	2.682159900665283
6293986	2.682159900665283
6294022	2.682159900665283
6298486	2.682159900665283
6298522	2.682159900665283
6298944	2.682159900665283
6298980	2.682159900665283
6299028	2.682159900665283
6299064	2.682159900665283
6299486	2.682159900665283
6299522	2.682159900665283
6303986	2.682159900665283
6304022	2.682159900665283
6538781	2.682159900665283
6538821	2.682159900665283
6541789	2.682159900665283
6541834	2.682159900665283
6542532	2.682159900665283
6542602	2.682159900665283
6543281	2.682159900665283
6543321	2.682159900665283
6543739	2.682159900665283
6543779	2.682159900665283
6543823	2.682159900665283
6543863	2.682159900665283
6544281	2.682159900665283
6544321	2.682159900665283
6546289	2.682159900665283
6546334	2.682159900665283
6546747	2.682159900665283
6546792	2.682159900665283
6546831	2.682159900665283
6546876	2.682159900665283
6547032	2.682159900665283
6547102	2.682159900665283
6547289	2.682159900665283
6547334	2.682159900665283
6547490	2.682159900665283
6547560	2.682159900665283
6547574	2.682159900665283
6547644	2.682159900665283
6548032	2.682159900665283
6548102	2.682159900665283
6548781	2.682159900665283
6548821	2.682159900665283
6551789	2.682159900665283
6551834	2.682159900665283
6552532	2.682159900665283
6552602	2.682159900665283
6616160	2.682159900665283
6616186	2.682159900665283
6620660	2.682159900665283
6620686	2.682159900665283
6621118	2.682159900665283
6621144	2.682159900665283
6621202	2.682159900665283
6621228	2.682159900665283
6621660	2.682159900665283
6621686	2.682159900665283
6622000	2.682159900665283
6622059	2.682159900665283
6625598	2.682159900665283
6625650	2.682159900665283
6626160	2.682159900665283
6626186	2.682159900665283
6626500	2.682159900665283
6626559	2.682159900665283
6626958	2.682159900665283
6627017	2.682159900665283
6627042	2.682159900665283
6627101	2.682159900665283
6627500	2.682159900665283
6627559	2.682159900665283
6630098	2.682159900665283
6630150	2.682159900665283
6630556	2.682159900665283
6630608	2.682159900665283
6630640	2.682159900665283
6630692	2.682159900665283
6631098	2.682159900665283
6631150	2.682159900665283
6632000	2.682159900665283
6632059	2.682159900665283
6635598	2.682159900665283
6635650	2.682159900665283
6656823	2.682159900665283
6656877	2.682159900665283
6659163	2.682159900665283
6659249	2.682159900665283
6661323	2.682159900665283
6661377	2.682159900665283
6661781	2.682159900665283
6661835	2.682159900665283
6661865	2.682159900665283
6661919	2.682159900665283
6662323	2.682159900665283
6662377	2.682159900665283
6663663	2.682159900665283
6663749	2.682159900665283
6664121	2.682159900665283
6664205	2.682159900665283
6664207	2.682159900665283
6664291	2.682159900665283
6664663	2.682159900665283
6664749	2.682159900665283
6666823	2.682159900665283
6666877	2.682159900665283
6669163	2.682159900665283
6669249	2.682159900665283
6725558	2.682159900665283
6725613	2.682159900665283
6727001	2.682159900665283
6727053	2.682159900665283
6727426	2.682159900665283
6727514	2.682159900665283
6728912	2.682159900665283
6728954	2.682159900665283
6730058	2.682159900665283
6730113	2.682159900665283
6730516	2.682159900665283
6730571	2.682159900665283
6730600	2.682159900665283
6730655	2.682159900665283
6731058	2.682159900665283
6731113	2.682159900665283
6731501	2.682159900665283
6731553	2.682159900665283
6731926	2.682159900665283
6731959	2.682159900665283
6732011	2.682159900665283
6732014	2.682159900665283
6732043	2.682159900665283
6732095	2.682159900665283
6732384	2.682159900665283
6732468	2.682159900665283
6732472	2.682159900665283
6732501	2.682159900665283
6732553	2.682159900665283
6732556	2.682159900665283
6732926	2.682159900665283
6733014	2.682159900665283
6733412	2.682159900665283
6733454	2.682159900665283
6733870	2.682159900665283
6733912	2.682159900665283
6733954	2.682159900665283
6733996	2.682159900665283
6734412	2.682159900665283
6734454	2.682159900665283
6734934	2.682159900665283
6735003	2.682159900665283
6735051	2.682159900665283
6735129	2.682159900665283
6735558	2.682159900665283
6735613	2.682159900665283
6737001	2.682159900665283
6737053	2.682159900665283
6737426	2.682159900665283
6737514	2.682159900665283
6738467	2.682159900665283
6738507	2.682159900665283
6738912	2.682159900665283
6738954	2.682159900665283
6739434	2.682159900665283
6739503	2.682159900665283
6739551	2.682159900665283
6739629	2.682159900665283
6739892	2.682159900665283
6739961	2.682159900665283
6739976	2.682159900665283
6740009	2.682159900665283
6740045	2.682159900665283
6740087	2.682159900665283
6740093	2.682159900665283
6740171	2.682159900665283
6740434	2.682159900665283
6740503	2.682159900665283
6740551	2.682159900665283
6740629	2.682159900665283
6740670	2.682159900665283
6740724	2.682159900665283
6742967	2.682159900665283
6743007	2.682159900665283
6743425	2.682159900665283
6743465	2.682159900665283
6743509	2.682159900665283
6743549	2.682159900665283
6743967	2.682159900665283
6744007	2.682159900665283
6744934	2.682159900665283
6745003	2.682159900665283
6745051	2.682159900665283
6745129	2.682159900665283
6745170	2.682159900665283
6745224	2.682159900665283
6745628	2.682159900665283
6745682	2.682159900665283
6745712	2.682159900665283
6745766	2.682159900665283
6746170	2.682159900665283
6746224	2.682159900665283
6748467	2.682159900665283
6748507	2.682159900665283
6750670	2.682159900665283
6750724	2.682159900665283
6826383	2.682159900665283
6826423	2.682159900665283
6830883	2.682159900665283
6830923	2.682159900665283
6831341	2.682159900665283
6831381	2.682159900665283
6831425	2.682159900665283
6831465	2.682159900665283
6831883	2.682159900665283
6831923	2.682159900665283
6836383	2.682159900665283
6836423	2.682159900665283
7129942	2.682159900665283
7130015	2.682159900665283
7131214	2.682159900665283
7131303	2.682159900665283
7134442	2.682159900665283
7134515	2.682159900665283
7134900	2.682159900665283
7134973	2.682159900665283
7134984	2.682159900665283
7135057	2.682159900665283
7135442	2.682159900665283
7135515	2.682159900665283
7135714	2.682159900665283
7135803	2.682159900665283
7136172	2.682159900665283
7136256	2.682159900665283
7136261	2.682159900665283
7136345	2.682159900665283
7136714	2.682159900665283
7136803	2.682159900665283
7139942	2.682159900665283
7140015	2.682159900665283
7141214	2.682159900665283
7141303	2.682159900665283
7153039	2.682159900665283
7153088	2.682159900665283
7157539	2.682159900665283
7157588	2.682159900665283
7157997	2.682159900665283
7158046	2.682159900665283
7158081	2.682159900665283
7158130	2.682159900665283
7158539	2.682159900665283
7158588	2.682159900665283
7163039	2.682159900665283
7163088	2.682159900665283
7227594	2.682159900665283
7227668	2.682159900665283
7232094	2.682159900665283
7232168	2.682159900665283
7232552	2.682159900665283
7232626	2.682159900665283
7232636	2.682159900665283
7232710	2.682159900665283
7233094	2.682159900665283
7233168	2.682159900665283
7237594	2.682159900665283
7237668	2.682159900665283
7247739	2.682159900665283
7247791	2.682159900665283
7247800	2.682159900665283
7247865	2.682159900665283
7252239	2.682159900665283
7252291	2.682159900665283
7252300	2.682159900665283
7252365	2.682159900665283
7252697	2.682159900665283
7252749	2.682159900665283
7252758	2.682159900665283
7252781	2.682159900665283
7252823	2.682159900665283
7252833	2.682159900665283
7252842	2.682159900665283
7252907	2.682159900665283
7253239	2.682159900665283
7253291	2.682159900665283
7253300	2.682159900665283
7253365	2.682159900665283
7257739	2.682159900665283
7257791	2.682159900665283
7257800	2.682159900665283
7257865	2.682159900665283
7309232	2.682159900665283
7309323	2.682159900665283
7313732	2.682159900665283
7313823	2.682159900665283
7314190	2.682159900665283
7314274	2.682159900665283
7314281	2.682159900665283
7314365	2.682159900665283
7314732	2.682159900665283
7314823	2.682159900665283
7319232	2.682159900665283
7319323	2.682159900665283
7409371	2.682159900665283
7409420	2.682159900665283
7413871	2.682159900665283
7413920	2.682159900665283
7414329	2.682159900665283
7414378	2.682159900665283
7414413	2.682159900665283
7414462	2.682159900665283
7414871	2.682159900665283
7414920	2.682159900665283
7419371	2.682159900665283
7419420	2.682159900665283
7470883	2.682159900665283
7470913	2.682159900665283
7475383	2.682159900665283
7475413	2.682159900665283
7475841	2.682159900665283
7475871	2.682159900665283
7475925	2.682159900665283
7475955	2.682159900665283
7476383	2.682159900665283
7476413	2.682159900665283
7480883	2.682159900665283
7480913	2.682159900665283
7569859	2.682159900665283
7569918	2.682159900665283
7574359	2.682159900665283
7574418	2.682159900665283
7574817	2.682159900665283
7574876	2.682159900665283
7574901	2.682159900665283
7574960	2.682159900665283
7575359	2.682159900665283
7575418	2.682159900665283
7579859	2.682159900665283
7579918	2.682159900665283
7662961	2.682159900665283
7662990	2.682159900665283
7667461	2.682159900665283
7667490	2.682159900665283
7667919	2.682159900665283
7667948	2.682159900665283
7668003	2.682159900665283
7668032	2.682159900665283
7668461	2.682159900665283
7668490	2.682159900665283
7672961	2.682159900665283
7672990	2.682159900665283
7759837	2.682159900665283
7759877	2.682159900665283
7764337	2.682159900665283
7764377	2.682159900665283
7764795	2.682159900665283
7764835	2.682159900665283
7764879	2.682159900665283
7764919	2.682159900665283
7765337	2.682159900665283
7765377	2.682159900665283
7769837	2.682159900665283
7769877	2.682159900665283
8817375	2.682159900665283
8817462	2.682159900665283
8821875	2.682159900665283
8821962	2.682159900665283
8822333	2.682159900665283
8822417	2.682159900665283
8822420	2.682159900665283
8822504	2.682159900665283
8822875	2.682159900665283
8822962	2.682159900665283
8827375	2.682159900665283
8827462	2.682159900665283
8854997	2.682159900665283
8855044	2.682159900665283
8859497	2.682159900665283
8859544	2.682159900665283
8859955	2.682159900665283
8860002	2.682159900665283
8860039	2.682159900665283
8860086	2.682159900665283
8860497	2.682159900665283
8860544	2.682159900665283
8864997	2.682159900665283
8865044	2.682159900665283
9477843	2.682159900665283
9477875	2.682159900665283
9482343	2.682159900665283
9482375	2.682159900665283
9482801	2.682159900665283
9482833	2.682159900665283
9482885	2.682159900665283
9482917	2.682159900665283
9483343	2.682159900665283
9483375	2.682159900665283
9487843	2.682159900665283
9487875	2.682159900665283
9566083	2.682159900665283
9566140	2.682159900665283
9569366	2.682159900665283
9569416	2.682159900665283
9570583	2.682159900665283
9570640	2.682159900665283
9571041	2.682159900665283
9571098	2.682159900665283
9571125	2.682159900665283
9571182	2.682159900665283
9571583	2.682159900665283
9571640	2.682159900665283
9573866	2.682159900665283
9573916	2.682159900665283
9574324	2.682159900665283
9574374	2.682159900665283
9574408	2.682159900665283
9574458	2.682159900665283
9574866	2.682159900665283
9574916	2.682159900665283
9576083	2.682159900665283
9576140	2.682159900665283
9579366	2.682159900665283
9579416	2.682159900665283
9586489	2.682159900665283
9586579	2.682159900665283
9590989	2.682159900665283
9591079	2.682159900665283
9591447	2.682159900665283
9591531	2.682159900665283
9591537	2.682159900665283
9591621	2.682159900665283
9591989	2.682159900665283
9592079	2.682159900665283
9596489	2.682159900665283
9596579	2.682159900665283
10068278	2.682159900665283
10068306	2.682159900665283
10072778	2.682159900665283
10072806	2.682159900665283
10073236	2.682159900665283
10073264	2.682159900665283
10073320	2.682159900665283
10073348	2.682159900665283
10073778	2.682159900665283
10073806	2.682159900665283
10078278	2.682159900665283
10078306	2.682159900665283
10093724	2.682159900665283
10093778	2.682159900665283
10096540	2.682159900665283
10096594	2.682159900665283
10098224	2.682159900665283
10098278	2.682159900665283
10098682	2.682159900665283
10098736	2.682159900665283
10098766	2.682159900665283
10098820	2.682159900665283
10099224	2.682159900665283
10099278	2.682159900665283
10101040	2.682159900665283
10101094	2.682159900665283
10101498	2.682159900665283
10101552	2.682159900665283
10101582	2.682159900665283
10101636	2.682159900665283
10101973	2.682159900665283
10102040	2.682159900665283
10102046	2.682159900665283
10102094	2.682159900665283
10103724	2.682159900665283
10103778	2.682159900665283
10106031	2.682159900665283
10106075	2.682159900665283
10106473	2.682159900665283
10106540	2.682159900665283
10106546	2.682159900665283
10106594	2.682159900665283
10106931	2.682159900665283
10107004	2.682159900665283
10107015	2.682159900665283
10107088	2.682159900665283
10107473	2.682159900665283
10107546	2.682159900665283
10109365	2.682159900665283
10109451	2.682159900665283
10109834	2.682159900665283
10109886	2.682159900665283
10110531	2.682159900665283
10110575	2.682159900665283
10110989	2.682159900665283
10111033	2.682159900665283
10111073	2.682159900665283
10111117	2.682159900665283
10111531	2.682159900665283
10111575	2.682159900665283
10111973	2.682159900665283
10112046	2.682159900665283
10112542	2.682159900665283
10112597	2.682159900665283
10113865	2.682159900665283
10113951	2.682159900665283
10114323	2.682159900665283
10114334	2.682159900665283
10114386	2.682159900665283
10114407	2.682159900665283
10114409	2.682159900665283
10114493	2.682159900665283
10114792	2.682159900665283
10114844	2.682159900665283
10114865	2.682159900665283
10114876	2.682159900665283
10114928	2.682159900665283
10114951	2.682159900665283
10115334	2.682159900665283
10115386	2.682159900665283
10115799	2.682159900665283
10115898	2.682159900665283
10116031	2.682159900665283
10116075	2.682159900665283
10116463	2.682159900665283
10116553	2.682159900665283
10117042	2.682159900665283
10117097	2.682159900665283
10117500	2.682159900665283
10117555	2.682159900665283
10117584	2.682159900665283
10117639	2.682159900665283
10118042	2.682159900665283
10118097	2.682159900665283
10119365	2.682159900665283
10119451	2.682159900665283
10119834	2.682159900665283
10119854	2.682159900665283
10119886	2.682159900665283
10119896	2.682159900665283
10120299	2.682159900665283
10120398	2.682159900665283
10120757	2.682159900665283
10120841	2.682159900665283
10120856	2.682159900665283
10120940	2.682159900665283
10120963	2.682159900665283
10121053	2.682159900665283
10121299	2.682159900665283
10121398	2.682159900665283
10121421	2.682159900665283
10121505	2.682159900665283
10121511	2.682159900665283
10121595	2.682159900665283
10121716	2.682159900665283
10121760	2.682159900665283
10121963	2.682159900665283
10122053	2.682159900665283
10122542	2.682159900665283
10122574	2.682159900665283
10122597	2.682159900665283
10122632	2.682159900665283
10123438	2.682159900665283
10123488	2.682159900665283
10124354	2.682159900665283
10124396	2.682159900665283
10124812	2.682159900665283
10124854	2.682159900665283
10124878	2.682159900665283
10124896	2.682159900665283
10124917	2.682159900665283
10124938	2.682159900665283
10125354	2.682159900665283
10125396	2.682159900665283
10125799	2.682159900665283
10125898	2.682159900665283
10126216	2.682159900665283
10126260	2.682159900665283
10126463	2.682159900665283
10126553	2.682159900665283
10126674	2.682159900665283
10126718	2.682159900665283
10126758	2.682159900665283
10126802	2.682159900665283
10127074	2.682159900665283
10127132	2.682159900665283
10127216	2.682159900665283
10127260	2.682159900665283
10127532	2.682159900665283
10127590	2.682159900665283
10127616	2.682159900665283
10127674	2.682159900665283
10127938	2.682159900665283
10127988	2.682159900665283
10128074	2.682159900665283
10128132	2.682159900665283
10128396	2.682159900665283
10128446	2.682159900665283
10128480	2.682159900665283
10128530	2.682159900665283
10128938	2.682159900665283
10128988	2.682159900665283
10129378	2.682159900665283
10129417	2.682159900665283
10129502	2.682159900665283
10129549	2.682159900665283
10129836	2.682159900665283
10129854	2.682159900665283
10129875	2.682159900665283
10129896	2.682159900665283
10129920	2.682159900665283
10129959	2.682159900665283
10130378	2.682159900665283
10130417	2.682159900665283
10131716	2.682159900665283
10131760	2.682159900665283
10132574	2.682159900665283
10132632	2.682159900665283
10133438	2.682159900665283
10133488	2.682159900665283
10134002	2.682159900665283
10134049	2.682159900665283
10134460	2.682159900665283
10134507	2.682159900665283
10134544	2.682159900665283
10134591	2.682159900665283
10134878	2.682159900665283
10134917	2.682159900665283
10135002	2.682159900665283
10135049	2.682159900665283
10135834	2.682159900665283
10135884	2.682159900665283
10139502	2.682159900665283
10139549	2.682159900665283
10140334	2.682159900665283
10140384	2.682159900665283
10140792	2.682159900665283
10140842	2.682159900665283
10140876	2.682159900665283
10140926	2.682159900665283
10141334	2.682159900665283
10141384	2.682159900665283
10145834	2.682159900665283
10145884	2.682159900665283
10149487	2.682159900665283
10149538	2.682159900665283
10153987	2.682159900665283
10154038	2.682159900665283
10154420	2.682159900665283
10154445	2.682159900665283
10154452	2.682159900665283
10154496	2.682159900665283
10154529	2.682159900665283
10154580	2.682159900665283
10154783	2.682159900665283
10154827	2.682159900665283
10154987	2.682159900665283
10155038	2.682159900665283
10158167	2.682159900665283
10158220	2.682159900665283
10158920	2.682159900665283
10158952	2.682159900665283
10159283	2.682159900665283
10159327	2.682159900665283
10159378	2.682159900665283
10159410	2.682159900665283
10159462	2.682159900665283
10159487	2.682159900665283
10159494	2.682159900665283
10159538	2.682159900665283
10159741	2.682159900665283
10159785	2.682159900665283
10159825	2.682159900665283
10159869	2.682159900665283
10159920	2.682159900665283
10159952	2.682159900665283
10160283	2.682159900665283
10160327	2.682159900665283
10162667	2.682159900665283
10162720	2.682159900665283
10163125	2.682159900665283
10163178	2.682159900665283
10163209	2.682159900665283
10163262	2.682159900665283
10163667	2.682159900665283
10163720	2.682159900665283
10164420	2.682159900665283
10164452	2.682159900665283
10164783	2.682159900665283
10164827	2.682159900665283
10167666	2.682159900665283
10167698	2.682159900665283
10168167	2.682159900665283
10168220	2.682159900665283
10172166	2.682159900665283
10172198	2.682159900665283
10172624	2.682159900665283
10172656	2.682159900665283
10172708	2.682159900665283
10172740	2.682159900665283
10173166	2.682159900665283
10173198	2.682159900665283
10177666	2.682159900665283
10177698	2.682159900665283
10180501	2.682159900665283
10180532	2.682159900665283
10180721	2.682159900665283
10180772	2.682159900665283
10181466	2.682159900665283
10181506	2.682159900665283
10185001	2.682159900665283
10185032	2.682159900665283
10185221	2.682159900665283
10185272	2.682159900665283
10185459	2.682159900665283
10185490	2.682159900665283
10185543	2.682159900665283
10185574	2.682159900665283
10185679	2.682159900665283
10185730	2.682159900665283
10185763	2.682159900665283
10185814	2.682159900665283
10185966	2.682159900665283
10186001	2.682159900665283
10186006	2.682159900665283
10186032	2.682159900665283
10186221	2.682159900665283
10186272	2.682159900665283
10186424	2.682159900665283
10186464	2.682159900665283
10186508	2.682159900665283
10186548	2.682159900665283
10186966	2.682159900665283
10187006	2.682159900665283
10189003	2.682159900665283
10189044	2.682159900665283
10190501	2.682159900665283
10190532	2.682159900665283
10190721	2.682159900665283
10190772	2.682159900665283
10191466	2.682159900665283
10191506	2.682159900665283
10192197	2.682159900665283
10192272	2.682159900665283
10193503	2.682159900665283
10193544	2.682159900665283
10193961	2.682159900665283
10194002	2.682159900665283
10194045	2.682159900665283
10194086	2.682159900665283
10194503	2.682159900665283
10194544	2.682159900665283
10196697	2.682159900665283
10196772	2.682159900665283
10196794	2.682159900665283
10196842	2.682159900665283
10197155	2.682159900665283
10197230	2.682159900665283
10197239	2.682159900665283
10197314	2.682159900665283
10197697	2.682159900665283
10197772	2.682159900665283
10198837	2.682159900665283
10198900	2.682159900665283
10199003	2.682159900665283
10199044	2.682159900665283
10201294	2.682159900665283
10201342	2.682159900665283
10201752	2.682159900665283
10201800	2.682159900665283
10201836	2.682159900665283
10201884	2.682159900665283
10202197	2.682159900665283
10202272	2.682159900665283
10202294	2.682159900665283
10202342	2.682159900665283
10203337	2.682159900665283
10203400	2.682159900665283
10203795	2.682159900665283
10203858	2.682159900665283
10203879	2.682159900665283
10203942	2.682159900665283
10204337	2.682159900665283
10204400	2.682159900665283
10206794	2.682159900665283
10206842	2.682159900665283
10208837	2.682159900665283
10208900	2.682159900665283
10214411	2.682159900665283
10214454	2.682159900665283
10218911	2.682159900665283
10218954	2.682159900665283
10219369	2.682159900665283
10219412	2.682159900665283
10219453	2.682159900665283
10219496	2.682159900665283
10219911	2.682159900665283
10219954	2.682159900665283
10221213	2.682159900665283
10221243	2.682159900665283
10221582	2.682159900665283
10221646	2.682159900665283
10224411	2.682159900665283
10224454	2.682159900665283
10225713	2.682159900665283
10225743	2.682159900665283
10226048	2.682159900665283
10226082	2.682159900665283
10226106	2.682159900665283
10226146	2.682159900665283
10226171	2.682159900665283
10226201	2.682159900665283
10226255	2.682159900665283
10226285	2.682159900665283
10226379	2.682159900665283
10226440	2.682159900665283
10226540	2.682159900665283
10226604	2.682159900665283
10226624	2.682159900665283
10226688	2.682159900665283
10226713	2.682159900665283
10226743	2.682159900665283
10227082	2.682159900665283
10227146	2.682159900665283
10230548	2.682159900665283
10230606	2.682159900665283
10230879	2.682159900665283
10230940	2.682159900665283
10231006	2.682159900665283
10231064	2.682159900665283
10231090	2.682159900665283
10231148	2.682159900665283
10231213	2.682159900665283
10231243	2.682159900665283
10231337	2.682159900665283
10231398	2.682159900665283
10231421	2.682159900665283
10231482	2.682159900665283
10231548	2.682159900665283
10231582	2.682159900665283
10231606	2.682159900665283
10231646	2.682159900665283
10231879	2.682159900665283
10231940	2.682159900665283
10236048	2.682159900665283
10236106	2.682159900665283
10236379	2.682159900665283
10236440	2.682159900665283
10237849	2.682159900665283
10237888	2.682159900665283
10242349	2.682159900665283
10242388	2.682159900665283
10242807	2.682159900665283
10242846	2.682159900665283
10242891	2.682159900665283
10242930	2.682159900665283
10243349	2.682159900665283
10243388	2.682159900665283
10247849	2.682159900665283
10247888	2.682159900665283
10611405	2.682159900665283
10611435	2.682159900665283
10615905	2.682159900665283
10615935	2.682159900665283
10616363	2.682159900665283
10616393	2.682159900665283
10616447	2.682159900665283
10616477	2.682159900665283
10616905	2.682159900665283
10616935	2.682159900665283
10619919	2.682159900665283
10619968	2.682159900665283
10620529	2.682159900665283
10620565	2.682159900665283
10620627	2.682159900665283
10620671	2.682159900665283
10621405	2.682159900665283
10621435	2.682159900665283
10622498	2.682159900665283
10622543	2.682159900665283
10624419	2.682159900665283
10624468	2.682159900665283
10624877	2.682159900665283
10624926	2.682159900665283
10624961	2.682159900665283
10625010	2.682159900665283
10625029	2.682159900665283
10625065	2.682159900665283
10625127	2.682159900665283
10625171	2.682159900665283
10625419	2.682159900665283
10625468	2.682159900665283
10625487	2.682159900665283
10625523	2.682159900665283
10625571	2.682159900665283
10625585	2.682159900665283
10625607	2.682159900665283
10625629	2.682159900665283
10625669	2.682159900665283
10625713	2.682159900665283
10626029	2.682159900665283
10626065	2.682159900665283
10626127	2.682159900665283
10626171	2.682159900665283
10626998	2.682159900665283
10627043	2.682159900665283
10627456	2.682159900665283
10627501	2.682159900665283
10627540	2.682159900665283
10627585	2.682159900665283
10627998	2.682159900665283
10628043	2.682159900665283
10629919	2.682159900665283
10629968	2.682159900665283
10630529	2.682159900665283
10630565	2.682159900665283
10630627	2.682159900665283
10630671	2.682159900665283
10632498	2.682159900665283
10632543	2.682159900665283
10647421	2.682159900665283
10647456	2.682159900665283
10650064	2.682159900665283
10650065	2.682159900665283
10650109	2.682159900665283
10650111	2.682159900665283
10651852	2.682159900665283
10651885	2.682159900665283
10651921	2.682159900665283
10651956	2.682159900665283
10652093	2.682159900665283
10652124	2.682159900665283
10652379	2.682159900665283
10652414	2.682159900665283
10652463	2.682159900665283
10652498	2.682159900665283
10652921	2.682159900665283
10652956	2.682159900665283
10654204	2.682159900665283
10654238	2.682159900665283
10654564	2.682159900665283
10654565	2.682159900665283
10654609	2.682159900665283
10654611	2.682159900665283
10655022	2.682159900665283
10655023	2.682159900665283
10655067	2.682159900665283
10655069	2.682159900665283
10655106	3.0915732383728027
10655107	2.682159900665283
10655130	2.682159900665283
10655151	2.682159900665283
10655153	2.682159900665283
10655161	2.682159900665283
10655271	2.682159900665283
10655301	2.682159900665283
10655564	2.682159900665283
10655565	2.682159900665283
10655609	2.682159900665283
10655611	2.682159900665283
10656352	2.682159900665283
10656385	2.682159900665283
10656593	2.682159900665283
10656624	2.682159900665283
10656810	2.682159900665283
10656843	2.682159900665283
10656894	2.682159900665283
10656927	2.682159900665283
10657051	2.682159900665283
10657082	2.682159900665283
10657135	2.682159900665283
10657166	2.682159900665283
10657352	2.682159900665283
10657385	2.682159900665283
10657421	2.682159900665283
10657456	2.682159900665283
10657593	2.682159900665283
10657624	2.682159900665283
10658677	2.682159900665283
10658704	2.682159900665283
10658710	2.682159900665283
10658738	2.682159900665283
10659162	2.682159900665283
10659196	2.682159900665283
10659246	2.682159900665283
10659280	2.682159900665283
10659630	2.682159900665283
10659661	2.682159900665283
10659704	2.682159900665283
10659738	2.682159900665283
10659771	2.682159900665283
10659801	2.682159900665283
10660064	2.682159900665283
10660065	2.682159900665283
10660088	2.682159900665283
10660109	2.682159900665283
10660111	2.682159900665283
10660119	2.682159900665283
10660172	2.682159900665283
10660203	2.682159900665283
10660229	2.682159900665283
10660259	2.682159900665283
10660313	2.682159900665283
10660343	2.682159900665283
10660630	2.682159900665283
10660661	2.682159900665283
10660771	2.682159900665283
10660801	2.682159900665283
10661852	2.682159900665283
10661885	2.682159900665283
10661899	2.682159900665283
10661928	2.682159900665283
10661932	2.682159900665283
10661966	2.682159900665283
10661968	2.682159900665283
10661971	2.682159900665283
10661972	2.682159900665283
10662008	2.682159900665283
10662013	2.682159900665283
10662093	2.682159900665283
10662124	2.682159900665283
10663177	2.682159900665283
10663210	2.682159900665283
10663635	2.682159900665283
10663639	2.682159900665283
10663668	2.682159900665283
10663680	2.682159900665283
10663719	2.682159900665283
10663752	2.682159900665283
10664177	2.682159900665283
10664204	2.682159900665283
10664210	2.682159900665283
10664238	2.682159900665283
10664488	2.682159900665283
10664527	2.682159900665283
10665130	2.682159900665283
10665161	2.682159900665283
10665271	2.682159900665283
10665301	2.682159900665283
10666399	2.682159900665283
10666428	2.682159900665283
10666432	2.682159900665283
10666466	2.682159900665283
10666468	2.682159900665283
10666471	2.682159900665283
10666472	2.682159900665283
10666508	2.682159900665283
10666513	2.682159900665283
10666857	2.682159900665283
10666886	2.682159900665283
10666890	2.682159900665283
10666924	3.0915732383728027
10666926	3.864466667175293
10666929	4.637359619140625
10666930	5.410253047943115
10666941	6.1831464767456055
10666966	5.410253047943115
10666970	6.1831464767456055
10666971	4.637359619140625
10666974	5.410253047943115
10667008	4.637359619140625
10667010	3.864466667175293
10667013	3.0915732383728027
10667014	2.682159900665283
10667050	2.682159900665283
10667055	2.682159900665283
10667399	2.682159900665283
10667428	2.682159900665283
10667432	2.682159900665283
10667466	2.682159900665283
10667468	2.682159900665283
10667471	2.682159900665283
10667472	2.682159900665283
10667508	2.682159900665283
10667513	2.682159900665283
10667725	2.682159900665283
10667761	2.682159900665283
10668139	2.682159900665283
10668180	2.682159900665283
10668597	2.682159900665283
10668638	2.682159900665283
10668677	2.682159900665283
10668681	2.682159900665283
10668710	2.682159900665283
10668722	2.682159900665283
10668988	2.682159900665283
10669027	2.682159900665283
10669139	2.682159900665283
10669180	2.682159900665283
10669446	2.682159900665283
10669485	2.682159900665283
10669530	2.682159900665283
10669569	2.682159900665283
10669988	2.682159900665283
10670027	2.682159900665283
10671899	2.682159900665283
10671928	2.682159900665283
10671932	2.682159900665283
10671966	2.682159900665283
10671968	2.682159900665283
10671971	2.682159900665283
10671972	2.682159900665283
10672008	2.682159900665283
10672013	2.682159900665283
10672225	2.682159900665283
10672261	2.682159900665283
10672683	2.682159900665283
10672719	2.682159900665283
10672767	2.682159900665283
10672803	2.682159900665283
10672929	2.682159900665283
10672966	2.682159900665283
10673225	2.682159900665283
10673261	2.682159900665283
10673639	2.682159900665283
10673680	2.682159900665283
10673789	2.682159900665283
10673829	2.682159900665283
10674488	2.682159900665283
10674527	2.682159900665283
10677429	2.682159900665283
10677466	2.682159900665283
10677472	2.682159900665283
10677478	2.682159900665283
10677520	2.682159900665283
10677521	2.682159900665283
10677525	2.682159900665283
10677725	2.682159900665283
10677761	2.682159900665283
10677887	2.682159900665283
10677924	2.682159900665283
10677971	2.682159900665283
10678008	2.682159900665283
10678289	2.682159900665283
10678329	2.682159900665283
10678429	2.682159900665283
10678466	2.682159900665283
10678609	2.682159900665283
10678655	2.682159900665283
10678747	2.682159900665283
10678787	2.682159900665283
10678831	2.682159900665283
10678871	2.682159900665283
10679013	2.682159900665283
10679048	2.682159900665283
10679289	2.682159900665283
10679329	2.682159900665283
10680766	2.682159900665283
10680821	2.682159900665283
10681972	2.682159900665283
10681978	2.682159900665283
10682020	2.682159900665283
10682021	2.682159900665283
10682025	2.682159900665283
10682430	2.682159900665283
10682436	2.682159900665283
10682478	2.682159900665283
10682479	3.0915732383728027
10682483	3.864466667175293
10682514	4.637359619140625
10682520	3.864466667175293
10682562	2.682159900665283
10682563	2.682159900665283
10682567	2.682159900665283
10682929	2.682159900665283
10682966	2.682159900665283
10682972	2.682159900665283
10682978	2.682159900665283
10683020	2.682159900665283
10683021	2.682159900665283
10683025	2.682159900665283
10683109	2.682159900665283
10683155	2.682159900665283
10683513	2.682159900665283
10683548	2.682159900665283
10683567	2.682159900665283
10683613	2.682159900665283
10683651	2.682159900665283
10683697	2.682159900665283
10683789	2.682159900665283
10683829	2.682159900665283
10683971	2.682159900665283
10684006	2.682159900665283
10684055	2.682159900665283
10684090	2.682159900665283
10684109	2.682159900665283
10684155	2.682159900665283
10684513	2.682159900665283
10684548	2.682159900665283
10685266	2.682159900665283
10685321	2.682159900665283
10685724	2.682159900665283
10685779	2.682159900665283
10685808	2.682159900665283
10685863	2.682159900665283
10686266	2.682159900665283
10686321	2.682159900665283
10687211	2.682159900665283
10687246	2.682159900665283
10687472	2.682159900665283
10687478	2.682159900665283
10687518	2.682159900665283
10687520	2.682159900665283
10687521	2.682159900665283
10687525	2.682159900665283
10687561	2.682159900665283
10688609	2.682159900665283
10688655	2.682159900665283
10689013	2.682159900665283
10689048	2.682159900665283
10690766	2.682159900665283
10690821	2.682159900665283
10691711	2.682159900665283
10691746	2.682159900665283
10692018	2.682159900665283
10692061	2.682159900665283
10692169	2.682159900665283
10692204	2.682159900665283
10692253	2.682159900665283
10692288	2.682159900665283
10692476	2.682159900665283
10692519	2.682159900665283
10692560	2.682159900665283
10692603	2.682159900665283
10692711	2.682159900665283
10692746	2.682159900665283
10693018	2.682159900665283
10693061	2.682159900665283
10697211	2.682159900665283
10697246	2.682159900665283
10697518	2.682159900665283
10697561	2.682159900665283
10741877	2.682159900665283
10741922	2.682159900665283
10745798	2.682159900665283
10745843	2.682159900665283
10746377	2.682159900665283
10746422	2.682159900665283
10746835	2.682159900665283
10746880	2.682159900665283
10746919	2.682159900665283
10746964	2.682159900665283
10747377	2.682159900665283
10747422	2.682159900665283
10750014	2.682159900665283
10750016	2.682159900665283
10750046	2.682159900665283
10750047	2.682159900665283
10750298	2.682159900665283
10750320	2.682159900665283
10750343	2.682159900665283
10750361	2.682159900665283
10750756	2.682159900665283
10750801	2.682159900665283
10750840	2.682159900665283
10750885	2.682159900665283
10751298	2.682159900665283
10751343	2.682159900665283
10751846	2.682159900665283
10751877	2.682159900665283
10751884	2.682159900665283
10751922	2.682159900665283
10753012	2.682159900665283
10753048	2.682159900665283
10754317	2.682159900665283
10754348	2.682159900665283
10754514	2.682159900665283
10754516	2.682159900665283
10754546	2.682159900665283
10754547	2.682159900665283
10754820	2.682159900665283
10754836	2.682159900665283
10754861	2.682159900665283
10754873	2.682159900665283
10754965	2.682159900665283
10754972	2.682159900665283
10754974	2.682159900665283
10755004	2.682159900665283
10755005	2.682159900665283
10755017	3.0915732383728027
10755056	3.0915732383728027
10755058	2.682159900665283
10755088	2.682159900665283
10755089	2.682159900665283
10755278	2.682159900665283
10755319	2.682159900665283
10755362	2.682159900665283
10755403	2.682159900665283
10755514	2.682159900665283
10755516	2.682159900665283
10755546	2.682159900665283
10755547	2.682159900665283
10755798	2.682159900665283
10755820	2.682159900665283
10755843	2.682159900665283
10755861	2.682159900665283
10756122	2.682159900665283
10756128	2.682159900665283
10756153	2.682159900665283
10756169	2.682159900665283
10756346	2.682159900665283
10756384	2.682159900665283
10756804	2.682159900665283
10756842	2.682159900665283
10756888	2.682159900665283
10756926	2.682159900665283
10757346	2.682159900665283
10757384	2.682159900665283
10757512	2.682159900665283
10757548	2.682159900665283
10757970	2.682159900665283
10758006	2.682159900665283
10758054	2.682159900665283
10758090	2.682159900665283
10758512	2.682159900665283
10758548	2.682159900665283
10758817	2.682159900665283
10758848	2.682159900665283
10759275	2.682159900665283
10759306	2.682159900665283
10759336	2.682159900665283
10759359	2.682159900665283
10759373	2.682159900665283
10759390	2.682159900665283
10759465	2.682159900665283
10759517	2.682159900665283
10759794	2.682159900665283
10759817	2.682159900665283
10759831	2.682159900665283
10759848	2.682159900665283
10759878	2.682159900665283
10759915	2.682159900665283
10759923	2.682159900665283
10759975	2.682159900665283
10760007	2.682159900665283
10760014	2.682159900665283
10760016	2.682159900665283
10760046	2.682159900665283
10760047	2.682159900665283
10760059	2.682159900665283
10760320	2.682159900665283
10760336	2.682159900665283
10760361	2.682159900665283
10760373	2.682159900665283
10760465	2.682159900665283
10760517	2.682159900665283
10760622	2.682159900665283
10760628	2.682159900665283
10760653	2.682159900665283
10760669	2.682159900665283
10761080	2.682159900665283
10761086	2.682159900665283
10761111	2.682159900665283
10761127	2.682159900665283
10761164	3.0915732383728027
10761170	2.682159900665283
10761195	2.682159900665283
10761211	2.682159900665283
10761622	2.682159900665283
10761628	2.682159900665283
10761653	2.682159900665283
10761669	2.682159900665283
10761846	2.682159900665283
10761884	2.682159900665283
10763012	2.682159900665283
10763048	2.682159900665283
10763598	2.682159900665283
10763637	2.682159900665283
10763705	2.682159900665283
10763738	2.682159900665283
10763972	2.682159900665283
10764022	2.682159900665283
10764317	2.682159900665283
10764348	2.682159900665283
10764836	2.682159900665283
10764873	2.682159900665283
10764965	2.682159900665283
10765017	2.682159900665283
10766122	2.682159900665283
10766128	2.682159900665283
10766153	2.682159900665283
10766169	2.682159900665283
10767445	2.682159900665283
10767487	2.682159900665283
10767557	2.682159900665283
10767591	2.682159900665283
10767622	2.682159900665283
10767630	2.682159900665283
10767631	2.682159900665283
10767667	2.682159900665283
10767672	2.682159900665283
10768098	2.682159900665283
10768137	2.682159900665283
10768205	2.682159900665283
10768238	2.682159900665283
10768472	2.682159900665283
10768522	2.682159900665283
10768556	2.682159900665283
10768595	2.682159900665283
10768640	2.682159900665283
10768663	2.682159900665283
10768679	2.682159900665283
10768696	2.682159900665283
10768747	2.682159900665283
10768780	2.682159900665283
10768930	2.682159900665283
10768980	2.682159900665283
10769014	2.682159900665283
10769030	2.682159900665283
10769064	2.682159900665283
10769079	2.682159900665283
10769098	2.682159900665283
10769137	2.682159900665283
10769205	2.682159900665283
10769238	2.682159900665283
10769472	2.682159900665283
10769522	2.682159900665283
10770801	2.682159900665283
10770838	2.682159900665283
10770864	2.682159900665283
10770900	2.682159900665283
10771945	2.682159900665283
10771987	2.682159900665283
10772057	2.682159900665283
10772091	2.682159900665283
10772122	2.682159900665283
10772130	2.682159900665283
10772131	2.682159900665283
10772167	2.682159900665283
10772172	2.682159900665283
10772403	2.682159900665283
10772445	2.682159900665283
10772487	2.682159900665283
10772515	2.682159900665283
10772529	2.682159900665283
10772549	2.682159900665283
10772580	2.682159900665283
10772588	2.682159900665283
10772589	3.0915732383728027
10772599	3.864466667175293
10772625	3.0915732383728027
10772630	3.864466667175293
10772633	5.410253047943115
10772664	4.637359619140625
10772672	3.864466667175293
10772673	3.0915732383728027
10772709	2.682159900665283
10772714	2.682159900665283
10772945	2.682159900665283
10772955	2.682159900665283
10772987	2.682159900665283
10772995	2.682159900665283
10773057	2.682159900665283
10773091	2.682159900665283
10773122	2.682159900665283
10773130	2.682159900665283
10773131	2.682159900665283
10773167	2.682159900665283
10773172	2.682159900665283
10773530	2.682159900665283
10773579	2.682159900665283
10773598	2.682159900665283
10773637	2.682159900665283
10773705	2.682159900665283
10773738	2.682159900665283
10773972	2.682159900665283
10773988	2.682159900665283
10774022	2.682159900665283
10774037	2.682159900665283
10774072	2.682159900665283
10774121	2.682159900665283
10774530	2.682159900665283
10774579	2.682159900665283
10774910	2.682159900665283
10774949	2.682159900665283
10775301	2.682159900665283
10775338	2.682159900665283
10775364	2.682159900665283
10775400	2.682159900665283
10775759	2.682159900665283
10775796	2.682159900665283
10775822	2.682159900665283
10775843	2.682159900665283
10775858	2.682159900665283
10775880	2.682159900665283
10775906	2.682159900665283
10775919	2.682159900665283
10775942	2.682159900665283
10775953	2.682159900665283
10776301	2.682159900665283
10776338	2.682159900665283
10776364	2.682159900665283
10776400	2.682159900665283
10777445	2.682159900665283
10777455	2.682159900665283
10777487	2.682159900665283
10777495	2.682159900665283
10777557	2.682159900665283
10777591	2.682159900665283
10777622	2.682159900665283
10777630	2.682159900665283
10777631	2.682159900665283
10777667	2.682159900665283
10777672	2.682159900665283
10777913	2.682159900665283
10777953	2.682159900665283
10777997	2.682159900665283
10778037	2.682159900665283
10778455	2.682159900665283
10778495	2.682159900665283
10779030	2.682159900665283
10779079	2.682159900665283
10779410	2.682159900665283
10779449	2.682159900665283
10779868	2.682159900665283
10779907	2.682159900665283
10779952	2.682159900665283
10779991	2.682159900665283
10780227	2.682159900665283
10780274	2.682159900665283
10780410	2.682159900665283
10780419	2.682159900665283
10780449	2.682159900665283
10780453	2.682159900665283
10780801	2.682159900665283
10780838	2.682159900665283
10780864	2.682159900665283
10780877	2.682159900665283
10780900	2.682159900665283
10780911	2.682159900665283
10780952	2.682159900665283
10780961	2.682159900665283
10780994	2.682159900665283
10780995	2.682159900665283
10781227	2.682159900665283
10781260	2.682159900665283
10781419	2.682159900665283
10781453	2.682159900665283
10782678	2.682159900665283
10782715	2.682159900665283
10782955	2.682159900665283
10782995	2.682159900665283
10784727	2.682159900665283
10784774	2.682159900665283
10784890	2.682159900665283
10784910	2.682159900665283
10784921	2.682159900665283
10784949	2.682159900665283
10785185	2.682159900665283
10785232	2.682159900665283
10785269	2.682159900665283
10785316	2.682159900665283
10785452	2.682159900665283
10785494	2.682159900665283
10785760	2.682159900665283
10785774	2.682159900665283
10785910	2.682159900665283
10785919	2.682159900665283
10785952	2.682159900665283
10785953	2.682159900665283
10785994	2.682159900665283
10786036	2.682159900665283
10786185	2.682159900665283
10786218	2.682159900665283
10786269	2.682159900665283
10786302	2.682159900665283
10786452	2.682159900665283
10786494	2.682159900665283
10786727	2.682159900665283
10786760	2.682159900665283
10787178	2.682159900665283
10787215	2.682159900665283
10787636	2.682159900665283
10787673	2.682159900665283
10787711	2.682159900665283
10787720	2.682159900665283
10787757	2.682159900665283
10787761	2.682159900665283
10787997	2.682159900665283
10788029	2.682159900665283
10788061	2.682159900665283
10788096	2.682159900665283
10788178	2.682159900665283
10788215	2.682159900665283
10789390	2.682159900665283
10789421	2.682159900665283
10789848	2.682159900665283
10789879	2.682159900665283
10789932	2.682159900665283
10789963	2.682159900665283
10790227	2.682159900665283
10790274	2.682159900665283
10790390	2.682159900665283
10790421	2.682159900665283
10790846	2.682159900665283
10790897	2.682159900665283
10790952	2.682159900665283
10790994	2.682159900665283
10791091	2.682159900665283
10791097	2.682159900665283
10791101	2.682159900665283
10791130	2.682159900665283
10791148	2.682159900665283
10791149	2.682159900665283
10791227	2.682159900665283
10791260	2.682159900665283
10791692	2.682159900665283
10791736	2.682159900665283
10792211	2.682159900665283
10792261	2.682159900665283
10792497	2.682159900665283
10792529	2.682159900665283
10792561	2.682159900665283
10792596	2.682159900665283
10792669	2.682159900665283
10792678	2.682159900665283
10792715	2.682159900665283
10792719	2.682159900665283
10792753	2.682159900665283
10792803	2.682159900665283
10792955	2.682159900665283
10792987	2.682159900665283
10793019	2.682159900665283
10793039	2.682159900665283
10793054	2.682159900665283
10793071	2.682159900665283
10793103	2.682159900665283
10793138	2.682159900665283
10793211	2.682159900665283
10793261	2.682159900665283
10793497	2.682159900665283
10793529	2.682159900665283
10793561	2.682159900665283
10793596	2.682159900665283
10794447	2.682159900665283
10794478	2.682159900665283
10794890	2.682159900665283
10794921	2.682159900665283
10795346	2.682159900665283
10795397	2.682159900665283
10795591	2.682159900665283
10795597	2.682159900665283
10795601	2.682159900665283
10795630	2.682159900665283
10795648	2.682159900665283
10795649	2.682159900665283
10795804	2.682159900665283
10795855	2.682159900665283
10795888	2.682159900665283
10795939	2.682159900665283
10796049	2.682159900665283
10796055	2.682159900665283
10796059	2.682159900665283
10796088	3.0915732383728027
10796106	3.864466667175293
10796107	5.410253047943115
10796133	6.1831464767456055
10796139	5.410253047943115
10796143	4.637359619140625
10796172	3.0915732383728027
10796190	2.682159900665283
10796191	2.682159900665283
10796192	2.682159900665283
10796231	2.682159900665283
10796236	2.682159900665283
10796276	2.682159900665283
10796346	2.682159900665283
10796366	2.682159900665283
10796397	2.682159900665283
10796404	2.682159900665283
10796591	2.682159900665283
10796597	2.682159900665283
10796601	2.682159900665283
10796630	2.682159900665283
10796648	2.682159900665283
10796649	2.682159900665283
10796650	2.682159900665283
10796694	2.682159900665283
10796734	2.682159900665283
10796778	2.682159900665283
10797189	2.682159900665283
10797192	2.682159900665283
10797232	2.682159900665283
10797236	2.682159900665283
10797711	2.682159900665283
10797761	2.682159900665283
10797997	2.682159900665283
10798029	2.682159900665283
10798061	2.682159900665283
10798096	2.682159900665283
10798204	2.682159900665283
10798237	2.682159900665283
10798947	2.682159900665283
10798978	2.682159900665283
10799405	2.682159900665283
10799436	2.682159900665283
10799489	2.682159900665283
10799520	2.682159900665283
10799773	2.682159900665283
10799789	2.682159900665283
10799834	2.682159900665283
10799947	2.682159900665283
10799978	2.682159900665283
10800731	2.682159900665283
10800776	2.682159900665283
10800846	2.682159900665283
10800866	2.682159900665283
10800897	2.682159900665283
10800904	2.682159900665283
10801091	2.682159900665283
10801097	2.682159900665283
10801101	2.682159900665283
10801130	2.682159900665283
10801148	2.682159900665283
10801149	2.682159900665283
10801189	2.682159900665283
10801234	2.682159900665283
10801273	2.682159900665283
10801318	2.682159900665283
10801324	2.682159900665283
10801362	2.682159900665283
10801408	2.682159900665283
10801446	2.682159900665283
10801689	2.682159900665283
10801692	2.682159900665283
10801731	2.682159900665283
10801732	2.682159900665283
10801736	2.682159900665283
10801776	2.682159900665283
10801866	2.682159900665283
10801904	2.682159900665283
10802147	2.682159900665283
10802190	2.682159900665283
10802231	2.682159900665283
10802274	2.682159900665283
10802689	2.682159900665283
10802704	2.682159900665283
10802732	2.682159900665283
10802737	2.682159900665283
10803162	2.682159900665283
10803195	2.682159900665283
10803246	2.682159900665283
10803279	2.682159900665283
10803704	2.682159900665283
10803737	2.682159900665283
10804273	2.682159900665283
10804289	2.682159900665283
10804334	2.682159900665283
10804447	2.682159900665283
10804478	2.682159900665283
10804731	2.682159900665283
10804747	2.682159900665283
10804792	2.682159900665283
10804815	3.0915732383728027
10804831	2.682159900665283
10804876	2.682159900665283
10805273	2.682159900665283
10805289	2.682159900665283
10805334	2.682159900665283
10806231	2.682159900665283
10806276	2.682159900665283
10806366	2.682159900665283
10806404	2.682159900665283
10806861	2.682159900665283
10806894	2.682159900665283
10807189	2.682159900665283
10807232	2.682159900665283
10808204	2.682159900665283
10808237	2.682159900665283
10809773	2.682159900665283
10809789	2.682159900665283
10809834	2.682159900665283
10811361	2.682159900665283
10811394	2.682159900665283
10811503	2.682159900665283
10811533	2.682159900665283
10811563	2.682159900665283
10811566	2.682159900665283
10811819	2.682159900665283
10811852	2.682159900665283
10811903	2.682159900665283
10811936	2.682159900665283
10812361	2.682159900665283
10812394	2.682159900665283
10815978	2.682159900665283
10816003	2.682159900665283
10816009	2.682159900665283
10816033	2.682159900665283
10816063	2.682159900665283
10816066	2.682159900665283
10816461	2.682159900665283
10816491	2.682159900665283
10816521	2.682159900665283
10816524	2.682159900665283
10816545	3.0915732383728027
10816575	2.682159900665283
10816605	2.682159900665283
10816608	2.682159900665283
10816861	2.682159900665283
10816894	2.682159900665283
10817003	2.682159900665283
10817033	2.682159900665283
10817063	2.682159900665283
10817066	2.682159900665283
10820224	2.682159900665283
10820229	2.682159900665283
10820258	2.682159900665283
10820266	2.682159900665283
10820268	2.682159900665283
10820478	2.682159900665283
10820509	2.682159900665283
10820618	2.682159900665283
10820625	2.682159900665283
10820673	2.682159900665283
10820676	2.682159900665283
10820936	2.682159900665283
10820967	2.682159900665283
10821020	2.682159900665283
10821051	2.682159900665283
10821478	2.682159900665283
10821503	2.682159900665283
10821509	2.682159900665283
10821533	2.682159900665283
10821563	2.682159900665283
10821566	2.682159900665283
10824724	2.682159900665283
10824729	2.682159900665283
10824758	2.682159900665283
10824766	2.682159900665283
10824768	2.682159900665283
10825118	2.682159900665283
10825125	2.682159900665283
10825173	2.682159900665283
10825176	2.682159900665283
10825182	2.682159900665283
10825187	2.682159900665283
10825216	2.682159900665283
10825224	3.0915732383728027
10825226	3.864466667175293
10825266	4.637359619140625
10825271	3.0915732383728027
10825300	2.682159900665283
10825308	2.682159900665283
10825310	2.682159900665283
10825576	2.682159900665283
10825583	2.682159900665283
10825631	2.682159900665283
10825634	2.682159900665283
10825660	3.0915732383728027
10825667	2.682159900665283
10825715	2.682159900665283
10825718	2.682159900665283
10825724	2.682159900665283
10825729	2.682159900665283
10825758	2.682159900665283
10825766	2.682159900665283
10825768	2.682159900665283
10825978	2.682159900665283
10826009	2.682159900665283
10826118	2.682159900665283
10826125	2.682159900665283
10826173	2.682159900665283
10826176	2.682159900665283
10830224	2.682159900665283
10830229	2.682159900665283
10830258	2.682159900665283
10830266	2.682159900665283
10830268	2.682159900665283
10830488	2.682159900665283
10830541	2.682159900665283
10830618	2.682159900665283
10830625	2.682159900665283
10830673	2.682159900665283
10830676	2.682159900665283
10831996	2.682159900665283
10832028	2.682159900665283
10833999	2.682159900665283
10834039	2.682159900665283
10834988	2.682159900665283
10835041	2.682159900665283
10835446	2.682159900665283
10835499	2.682159900665283
10835530	2.682159900665283
10835583	2.682159900665283
10835831	2.682159900665283
10835867	2.682159900665283
10835988	2.682159900665283
10836041	2.682159900665283
10836496	2.682159900665283
10836528	2.682159900665283
10836942	2.682159900665283
10836954	2.682159900665283
10836986	2.682159900665283
10836998	2.682159900665283
10837038	2.682159900665283
10837070	2.682159900665283
10837496	2.682159900665283
10837528	2.682159900665283
10838499	2.682159900665283
10838539	2.682159900665283
10838957	2.682159900665283
10838997	2.682159900665283
10839041	2.682159900665283
10839081	2.682159900665283
10839499	2.682159900665283
10839539	2.682159900665283
10840331	2.682159900665283
10840367	2.682159900665283
10840488	2.682159900665283
10840541	2.682159900665283
10840789	2.682159900665283
10840825	2.682159900665283
10840873	2.682159900665283
10840909	2.682159900665283
10841331	2.682159900665283
10841367	2.682159900665283
10841442	2.682159900665283
10841498	2.682159900665283
10841900	2.682159900665283
10841956	2.682159900665283
10841984	2.682159900665283
10841996	2.682159900665283
10842028	2.682159900665283
10842040	2.682159900665283
10842442	2.682159900665283
10842498	2.682159900665283
10843036	2.682159900665283
10843073	2.682159900665283
10843638	2.682159900665283
10843671	2.682159900665283
10843999	2.682159900665283
10844039	2.682159900665283
10845831	2.682159900665283
10845867	2.682159900665283
10846942	2.682159900665283
10846998	2.682159900665283
10847205	2.682159900665283
10847248	2.682159900665283
10847528	2.682159900665283
10847529	2.682159900665283
10847530	2.682159900665283
10847531	2.682159900665283
10847536	2.682159900665283
10847559	2.682159900665283
10847560	2.682159900665283
10847563	2.682159900665283
10847564	2.682159900665283
10847573	2.682159900665283
10847994	2.682159900665283
10848031	2.682159900665283
10848078	2.682159900665283
10848115	2.682159900665283
10848138	2.682159900665283
10848171	2.682159900665283
10848536	2.682159900665283
10848573	2.682159900665283
10848596	2.682159900665283
10848629	2.682159900665283
10848680	2.682159900665283
10848713	2.682159900665283
10849138	2.682159900665283
10849171	2.682159900665283
10851705	2.682159900665283
10851748	2.682159900665283
10852028	2.682159900665283
10852029	2.682159900665283
10852030	2.682159900665283
10852031	2.682159900665283
10852059	2.682159900665283
10852060	2.682159900665283
10852063	2.682159900665283
10852064	2.682159900665283
10852163	2.682159900665283
10852206	2.682159900665283
10852247	2.682159900665283
10852290	2.682159900665283
10852486	2.682159900665283
10852487	2.682159900665283
10852488	2.682159900665283
10852489	2.682159900665283
10852517	3.0915732383728027
10852518	3.864466667175293
10852521	4.637359619140625
10852522	5.410253047943115
10852570	6.1831464767456055
10852571	5.410253047943115
10852572	4.637359619140625
10852573	3.864466667175293
10852601	3.0915732383728027
10852602	2.682159900665283
10852605	2.682159900665283
10852606	2.682159900665283
10852705	2.682159900665283
10852748	2.682159900665283
10853028	2.682159900665283
10853029	2.682159900665283
10853030	2.682159900665283
10853031	2.682159900665283
10853036	2.682159900665283
10853059	2.682159900665283
10853060	2.682159900665283
10853063	2.682159900665283
10853064	2.682159900665283
10853073	2.682159900665283
10853638	2.682159900665283
10853671	2.682159900665283
10854661	2.682159900665283
10854692	2.682159900665283
10857205	2.682159900665283
10857248	2.682159900665283
10857528	2.682159900665283
10857529	2.682159900665283
10857530	2.682159900665283
10857531	2.682159900665283
10857559	2.682159900665283
10857560	2.682159900665283
10857563	2.682159900665283
10857564	2.682159900665283
10859161	2.682159900665283
10859192	2.682159900665283
10859619	2.682159900665283
10859650	2.682159900665283
10859703	2.682159900665283
10859734	2.682159900665283
10860161	2.682159900665283
10860192	2.682159900665283
10863103	2.682159900665283
10863153	2.682159900665283
10863487	2.682159900665283
10863520	2.682159900665283
10864661	2.682159900665283
10864692	2.682159900665283
10865395	2.682159900665283
10865439	2.682159900665283
10867603	2.682159900665283
10867653	2.682159900665283
10867987	2.682159900665283
10868020	2.682159900665283
10868061	2.682159900665283
10868111	2.682159900665283
10868145	2.682159900665283
10868195	2.682159900665283
10868445	2.682159900665283
10868478	2.682159900665283
10868529	2.682159900665283
10868562	2.682159900665283
10868603	2.682159900665283
10868653	2.682159900665283
10868987	2.682159900665283
10869020	2.682159900665283
10869895	2.682159900665283
10869939	2.682159900665283
10870353	2.682159900665283
10870397	2.682159900665283
10870437	2.682159900665283
10870481	2.682159900665283
10870895	2.682159900665283
10870939	2.682159900665283
10871563	2.682159900665283
10871605	2.682159900665283
10871717	2.682159900665283
10871750	2.682159900665283
10872967	2.682159900665283
10873010	2.682159900665283
10873103	2.682159900665283
10873153	2.682159900665283
10873487	2.682159900665283
10873520	2.682159900665283
10875276	2.682159900665283
10875311	2.682159900665283
10875395	2.682159900665283
10875439	2.682159900665283
10875934	2.682159900665283
10875974	2.682159900665283
10876063	2.682159900665283
10876105	2.682159900665283
10876217	2.682159900665283
10876250	2.682159900665283
10876358	2.682159900665283
10876389	2.682159900665283
10876521	2.682159900665283
10876563	2.682159900665283
10876605	2.682159900665283
10876647	2.682159900665283
10876675	2.682159900665283
10876708	2.682159900665283
10876759	2.682159900665283
10876792	2.682159900665283
10877063	2.682159900665283
10877105	2.682159900665283
10877217	2.682159900665283
10877250	2.682159900665283
10877467	2.682159900665283
10877510	2.682159900665283
10877925	2.682159900665283
10877968	2.682159900665283
10878009	2.682159900665283
10878052	2.682159900665283
10878467	2.682159900665283
10878510	2.682159900665283
10879776	2.682159900665283
10879811	2.682159900665283
10880234	2.682159900665283
10880269	2.682159900665283
10880318	2.682159900665283
10880353	2.682159900665283
10880434	2.682159900665283
10880474	2.682159900665283
10880776	2.682159900665283
10880811	2.682159900665283
10880858	2.682159900665283
10880889	2.682159900665283
10880892	2.682159900665283
10880932	2.682159900665283
10880976	2.682159900665283
10881016	2.682159900665283
10881316	2.682159900665283
10881347	2.682159900665283
10881400	2.682159900665283
10881431	2.682159900665283
10881434	2.682159900665283
10881474	2.682159900665283
10881563	2.682159900665283
10881605	2.682159900665283
10881717	2.682159900665283
10881750	2.682159900665283
10881858	2.682159900665283
10881889	2.682159900665283
10882442	2.682159900665283
10882444	2.682159900665283
10882471	2.682159900665283
10882967	2.682159900665283
10883010	2.682159900665283
10884219	2.682159900665283
10884261	2.682159900665283
10885276	2.682159900665283
10885311	2.682159900665283
10885934	2.682159900665283
10885974	2.682159900665283
10886358	2.682159900665283
10886389	2.682159900665283
10886942	2.682159900665283
10886944	2.682159900665283
10886971	2.682159900665283
10887400	2.682159900665283
10887402	2.682159900665283
10887429	2.682159900665283
10887484	3.0915732383728027
10887486	2.682159900665283
10887513	2.682159900665283
10887532	2.682159900665283
10887562	2.682159900665283
10887584	2.682159900665283
10887609	2.682159900665283
10887942	2.682159900665283
10887944	2.682159900665283
10887971	2.682159900665283
10888719	2.682159900665283
10888761	2.682159900665283
10888791	2.682159900665283
10888827	2.682159900665283
10889177	2.682159900665283
10889219	2.682159900665283
10889237	2.682159900665283
10889261	2.682159900665283
10889270	2.682159900665283
10889303	2.682159900665283
10889719	2.682159900665283
10889761	2.682159900665283
10892032	2.682159900665283
10892062	2.682159900665283
10892084	2.682159900665283
10892109	2.682159900665283
10892442	2.682159900665283
10892444	2.682159900665283
10892471	2.682159900665283
10892490	2.682159900665283
10892520	2.682159900665283
10892542	2.682159900665283
10892567	2.682159900665283
10892574	3.0915732383728027
10892604	2.682159900665283
10892626	2.682159900665283
10892651	2.682159900665283
10893032	2.682159900665283
10893062	2.682159900665283
10893084	2.682159900665283
10893109	2.682159900665283
10893291	2.682159900665283
10893327	2.682159900665283
10893737	2.682159900665283
10893749	2.682159900665283
10893770	2.682159900665283
10893785	2.682159900665283
10893833	2.682159900665283
10893869	2.682159900665283
10894195	2.682159900665283
10894219	2.682159900665283
10894228	2.682159900665283
10894261	2.682159900665283
10894279	2.682159900665283
10894291	2.682159900665283
10894312	2.682159900665283
10894327	2.682159900665283
10894737	2.682159900665283
10894770	2.682159900665283
10897532	2.682159900665283
10897562	2.682159900665283
10897584	2.682159900665283
10897609	2.682159900665283
10898791	2.682159900665283
10898827	2.682159900665283
10899237	2.682159900665283
10899270	2.682159900665283
10900307	2.682159900665283
10900340	2.682159900665283
10900838	2.682159900665283
10900875	2.682159900665283
10901099	2.682159900665283
10901133	2.682159900665283
10901182	2.682159900665283
10901215	2.682159900665283
10901821	2.682159900665283
10901858	2.682159900665283
10901949	2.682159900665283
10901980	2.682159900665283
10902883	2.682159900665283
10902924	2.682159900665283
10904671	2.682159900665283
10904684	2.682159900665283
10904737	2.682159900665283
10904740	2.682159900665283
10904807	2.682159900665283
10904840	2.682159900665283
10905265	2.682159900665283
10905298	2.682159900665283
10905338	2.682159900665283
10905349	2.682159900665283
10905375	2.682159900665283
10905382	2.682159900665283
10905599	2.682159900665283
10905633	2.682159900665283
10905682	2.682159900665283
10905715	2.682159900665283
10905796	2.682159900665283
10905807	2.682159900665283
10905833	2.682159900665283
10905840	2.682159900665283
10905880	2.682159900665283
10905917	2.682159900665283
10906057	2.682159900665283
10906091	2.682159900665283
10906140	2.682159900665283
10906141	2.682159900665283
10906173	2.682159900665283
10906175	2.682159900665283
10906224	2.682159900665283
10906257	2.682159900665283
10906321	2.682159900665283
10906338	2.682159900665283
10906358	2.682159900665283
10906375	2.682159900665283
10906449	2.682159900665283
10906480	2.682159900665283
10906599	2.682159900665283
10906633	2.682159900665283
10906650	2.682159900665283
10906682	2.682159900665283
10906688	2.682159900665283
10906715	2.682159900665283
10906779	2.682159900665283
10906816	2.682159900665283
10906863	2.682159900665283
10906900	2.682159900665283
10906907	2.682159900665283
10906938	2.682159900665283
10906991	2.682159900665283
10907022	2.682159900665283
10907321	2.682159900665283
10907358	2.682159900665283
10907383	2.682159900665283
10907424	2.682159900665283
10907449	2.682159900665283
10907480	2.682159900665283
10907841	2.682159900665283
10907882	2.682159900665283
10907925	2.682159900665283
10907966	2.682159900665283
10908383	2.682159900665283
10908424	2.682159900665283
10909171	2.682159900665283
10909184	2.682159900665283
10909237	2.682159900665283
10909240	2.682159900665283
10909629	2.682159900665283
10909642	2.682159900665283
10909695	2.682159900665283
10909698	2.682159900665283
10909713	3.0915732383728027
10909726	2.682159900665283
10909779	2.682159900665283
10909782	2.682159900665283
10909849	2.682159900665283
10909856	2.682159900665283
10909903	2.682159900665283
10909910	2.682159900665283
10910171	2.682159900665283
10910184	2.682159900665283
10910237	2.682159900665283
10910240	2.682159900665283
10910279	2.682159900665283
10910307	2.682159900665283
10910308	2.682159900665283
10910340	2.682159900665283
10910838	2.682159900665283
10910875	2.682159900665283
10910920	2.682159900665283
10910924	2.682159900665283
10910959	2.682159900665283
10910964	2.682159900665283
10911099	2.682159900665283
10911116	2.682159900665283
10911133	2.682159900665283
10911149	2.682159900665283
10911150	2.682159900665283
10911182	2.682159900665283
10911188	2.682159900665283
10911215	2.682159900665283
10911608	2.682159900665283
10911646	2.682159900665283
10911692	2.682159900665283
10911730	2.682159900665283
10911821	2.682159900665283
10911858	2.682159900665283
10911949	2.682159900665283
10911980	2.682159900665283
10912150	2.682159900665283
10912188	2.682159900665283
10912883	2.682159900665283
10912924	2.682159900665283
10913089	2.682159900665283
10913120	2.682159900665283
10914349	2.682159900665283
10914356	2.682159900665283
10914403	2.682159900665283
10914410	2.682159900665283
10914671	2.682159900665283
10914684	2.682159900665283
10914737	2.682159900665283
10914740	2.682159900665283
10914779	2.682159900665283
10914807	2.682159900665283
10914808	2.682159900665283
10914814	2.682159900665283
10914861	2.682159900665283
10914868	2.682159900665283
10914891	3.0915732383728027
10914898	2.682159900665283
10914945	2.682159900665283
10914952	2.682159900665283
10915237	2.682159900665283
10915266	2.682159900665283
10915321	2.682159900665283
10915349	2.682159900665283
10915350	2.682159900665283
10915356	2.682159900665283
10915403	2.682159900665283
10915410	2.682159900665283
10915420	2.682159900665283
10915424	2.682159900665283
10915459	2.682159900665283
10915464	2.682159900665283
10915616	2.682159900665283
10915649	2.682159900665283
10915779	2.682159900665283
10915808	2.682159900665283
10915878	2.682159900665283
10915882	2.682159900665283
10915917	2.682159900665283
10915922	2.682159900665283
10915962	3.0915732383728027
10915966	2.682159900665283
10916001	2.682159900665283
10916006	2.682159900665283
10916074	2.682159900665283
10916107	2.682159900665283
10916158	2.682159900665283
10916191	2.682159900665283
10916387	2.682159900665283
10916419	2.682159900665283
10916420	2.682159900665283
10916424	2.682159900665283
10916459	2.682159900665283
10916464	2.682159900665283
10916616	2.682159900665283
10916649	2.682159900665283
10916650	2.682159900665283
10916688	2.682159900665283
10917589	2.682159900665283
10917620	2.682159900665283
10918047	2.682159900665283
10918078	2.682159900665283
10918131	2.682159900665283
10918162	2.682159900665283
10918589	2.682159900665283
10918620	2.682159900665283
10919704	2.682159900665283
10919745	2.682159900665283
10919849	2.682159900665283
10919856	2.682159900665283
10919903	2.682159900665283
10919910	2.682159900665283
10920279	2.682159900665283
10920308	2.682159900665283
10920887	2.682159900665283
10920919	2.682159900665283
10920920	2.682159900665283
10920924	2.682159900665283
10920959	2.682159900665283
10920964	2.682159900665283
10921116	2.682159900665283
10921149	2.682159900665283
10921345	2.682159900665283
10921377	2.682159900665283
10921429	2.682159900665283
10921461	2.682159900665283
10921645	2.682159900665283
10921646	2.682159900665283
10921672	2.682159900665283
10921674	2.682159900665283
10921731	2.682159900665283
10921887	2.682159900665283
10921919	2.682159900665283
10922756	2.682159900665283
10922787	2.682159900665283
10923089	2.682159900665283
10923120	2.682159900665283
10924204	2.682159900665283
10924245	2.682159900665283
10924662	2.682159900665283
10924703	2.682159900665283
10924746	2.682159900665283
10924787	2.682159900665283
10925204	2.682159900665283
10925215	2.682159900665283
10925216	2.682159900665283
10925245	2.682159900665283
10925252	2.682159900665283
10925255	2.682159900665283
10926145	2.682159900665283
10926146	2.682159900665283
10926172	2.682159900665283
10926174	2.682159900665283
10926231	2.682159900665283
10926387	2.682159900665283
10926419	2.682159900665283
10926603	2.682159900665283
10926604	2.682159900665283
10926630	2.682159900665283
10926632	2.682159900665283
10926687	3.864466667175293
10926688	3.0915732383728027
10926689	2.682159900665283
10926714	3.0915732383728027
10926716	2.682159900665283
10926773	2.682159900665283
10927145	2.682159900665283
10927146	2.682159900665283
10927172	2.682159900665283
10927174	2.682159900665283
10927231	2.682159900665283
10927256	2.682159900665283
10927287	2.682159900665283
10927714	2.682159900665283
10927745	2.682159900665283
10927798	2.682159900665283
10927829	2.682159900665283
10928256	2.682159900665283
10928287	2.682159900665283
10929704	2.682159900665283
10929715	2.682159900665283
10929716	2.682159900665283
10929745	2.682159900665283
10929752	2.682159900665283
10929755	2.682159900665283
10930173	2.682159900665283
10930174	2.682159900665283
10930210	2.682159900665283
10930213	2.682159900665283
10930257	3.0915732383728027
10930258	2.682159900665283
10930294	2.682159900665283
10930297	2.682159900665283
10930715	2.682159900665283
10930716	2.682159900665283
10930752	2.682159900665283
10930755	2.682159900665283
10931645	2.682159900665283
10931646	2.682159900665283
10931672	2.682159900665283
10931674	2.682159900665283
10931731	2.682159900665283
10932756	2.682159900665283
10932787	2.682159900665283
10934781	2.682159900665283
10934815	2.682159900665283
10935215	2.682159900665283
10935216	2.682159900665283
10935252	2.682159900665283
10935255	2.682159900665283
10937550	2.682159900665283
10937576	2.682159900665283
10937689	2.682159900665283
10937725	2.682159900665283
10939281	2.682159900665283
10939315	2.682159900665283
10939739	2.682159900665283
10939773	2.682159900665283
10939823	2.682159900665283
10939857	2.682159900665283
10940267	2.682159900665283
10940270	2.682159900665283
10940281	2.682159900665283
10940307	2.682159900665283
10940309	2.682159900665283
10940315	2.682159900665283
10942050	2.682159900665283
10942076	2.682159900665283
10942189	2.682159900665283
10942225	2.682159900665283
10942508	2.682159900665283
10942534	2.682159900665283
10942592	2.682159900665283
10942618	2.682159900665283
10942647	2.682159900665283
10942653	2.682159900665283
10942683	2.682159900665283
10942696	2.682159900665283
10942731	2.682159900665283
10942767	2.682159900665283
10943050	2.682159900665283
10943076	2.682159900665283
10943189	2.682159900665283
10943225	2.682159900665283
10944767	2.682159900665283
10944770	2.682159900665283
10944781	2.682159900665283
10944807	2.682159900665283
10944809	2.682159900665283
10944815	2.682159900665283
10945225	2.682159900665283
10945228	2.682159900665283
10945265	2.682159900665283
10945267	2.682159900665283
10945309	3.0915732383728027
10945312	2.682159900665283
10945349	2.682159900665283
10945351	2.682159900665283
10945767	2.682159900665283
10945770	2.682159900665283
10945807	2.682159900665283
10945809	2.682159900665283
10947153	2.682159900665283
10947196	2.682159900665283
10947550	2.682159900665283
10947576	2.682159900665283
10947611	2.682159900665283
10947654	2.682159900665283
10947689	2.682159900665283
10947695	2.682159900665283
10947725	2.682159900665283
10947738	2.682159900665283
10948153	2.682159900665283
10948196	2.682159900665283
10950267	2.682159900665283
10950270	2.682159900665283
10950307	2.682159900665283
10950309	2.682159900665283
10951231	2.682159900665283
10951265	2.682159900665283
10951347	2.682159900665283
10951376	2.682159900665283
10952653	2.682159900665283
10952696	2.682159900665283
10953282	2.682159900665283
10953302	2.682159900665283
10953317	2.682159900665283
10953345	2.682159900665283
10954779	2.682159900665283
10954820	2.682159900665283
10955731	2.682159900665283
10955765	2.682159900665283
10955847	2.682159900665283
10955876	2.682159900665283
10956189	2.682159900665283
10956223	2.682159900665283
10956273	2.682159900665283
10956305	2.682159900665283
10956307	2.682159900665283
10956334	2.682159900665283
10956389	2.682159900665283
10956418	2.682159900665283
10956731	2.682159900665283
10956765	2.682159900665283
10956847	2.682159900665283
10956876	2.682159900665283
10957782	2.682159900665283
10957802	2.682159900665283
10957817	2.682159900665283
10957845	2.682159900665283
10958240	2.682159900665283
10958260	2.682159900665283
10958275	2.682159900665283
10958303	2.682159900665283
10958324	3.0915732383728027
10958344	2.682159900665283
10958359	2.682159900665283
10958387	2.682159900665283
10958782	2.682159900665283
10958802	2.682159900665283
10958817	2.682159900665283
10958845	2.682159900665283
10959279	2.682159900665283
10959320	2.682159900665283
10959737	2.682159900665283
10959778	2.682159900665283
10959821	2.682159900665283
10959862	2.682159900665283
10960279	2.682159900665283
10960320	2.682159900665283
10961231	2.682159900665283
10961265	2.682159900665283
10961347	2.682159900665283
10961376	2.682159900665283
10962533	2.682159900665283
10962572	2.682159900665283
10963282	2.682159900665283
10963302	2.682159900665283
10963317	2.682159900665283
10963345	2.682159900665283
10964779	2.682159900665283
10964820	2.682159900665283
10967033	2.682159900665283
10967072	2.682159900665283
10967491	2.682159900665283
10967530	2.682159900665283
10967575	2.682159900665283
10967614	2.682159900665283
10968033	2.682159900665283
10968072	2.682159900665283
10968208	2.682159900665283
10968248	2.682159900665283
10968606	2.682159900665283
10968608	2.682159900665283
10968610	2.682159900665283
10968649	2.682159900665283
10968656	2.682159900665283
10968661	2.682159900665283
10968785	2.682159900665283
10968793	2.682159900665283
10968823	2.682159900665283
10968832	2.682159900665283
10969932	2.682159900665283
10969985	2.682159900665283
10971912	2.682159900665283
10971926	2.682159900665283
10971930	2.682159900665283
10971955	2.682159900665283
10971960	2.682159900665283
10971967	2.682159900665283
10971971	2.682159900665283
10972533	2.682159900665283
10972572	2.682159900665283
10972708	2.682159900665283
10972748	2.682159900665283
10973106	2.682159900665283
10973108	2.682159900665283
10973110	2.682159900665283
10973149	2.682159900665283
10973154	2.682159900665283
10973156	2.682159900665283
10973161	2.682159900665283
10973166	2.682159900665283
10973186	2.682159900665283
10973206	2.682159900665283
10973250	2.682159900665283
10973285	2.682159900665283
10973290	2.682159900665283
10973293	2.682159900665283
10973323	2.682159900665283
10973332	2.682159900665283
10973564	2.682159900665283
10973566	2.682159900665283
10973568	2.682159900665283
10973607	2.682159900665283
10973614	3.0915732383728027
10973619	3.864466667175293
10973648	4.637359619140625
10973650	3.864466667175293
10973652	3.0915732383728027
10973691	2.682159900665283
10973698	2.682159900665283
10973703	2.682159900665283
10973708	2.682159900665283
10973743	2.682159900665283
10973748	2.682159900665283
10973751	2.682159900665283
10973781	2.682159900665283
10973790	2.682159900665283
10973827	3.0915732383728027
10973835	2.682159900665283
10973865	2.682159900665283
10973874	2.682159900665283
10974106	2.682159900665283
10974108	2.682159900665283
10974110	2.682159900665283
10974149	2.682159900665283
10974156	2.682159900665283
10974161	2.682159900665283
10974285	2.682159900665283
10974293	2.682159900665283
10974323	2.682159900665283
10974332	2.682159900665283
10974432	2.682159900665283
10974485	2.682159900665283
10974890	2.682159900665283
10974943	2.682159900665283
10974974	2.682159900665283
10975027	2.682159900665283
10975432	2.682159900665283
10975485	2.682159900665283
10976412	2.682159900665283
10976426	2.682159900665283
10976430	2.682159900665283
10976455	2.682159900665283
10976460	2.682159900665283
10976467	2.682159900665283
10976471	2.682159900665283
10976870	2.682159900665283
10976884	2.682159900665283
10976888	2.682159900665283
10976913	3.0915732383728027
10976918	3.864466667175293
10976925	4.637359619140625
10976929	5.410253047943115
10976954	6.1831464767456055
10976968	4.637359619140625
10976972	3.864466667175293
10976997	3.0915732383728027
10977002	2.682159900665283
10977009	2.682159900665283
10977013	2.682159900665283
10977412	2.682159900665283
10977426	2.682159900665283
10977430	2.682159900665283
10977455	2.682159900665283
10977460	2.682159900665283
10977467	2.682159900665283
10977471	2.682159900665283
10977654	2.682159900665283
10977686	2.682159900665283
10978112	2.682159900665283
10978144	2.682159900665283
10978196	2.682159900665283
10978208	2.682159900665283
10978228	2.682159900665283
10978248	2.682159900665283
10978606	2.682159900665283
10978608	2.682159900665283
10978610	2.682159900665283
10978649	2.682159900665283
10978654	2.682159900665283
10978656	2.682159900665283
10978661	2.682159900665283
10978686	2.682159900665283
10978785	2.682159900665283
10978793	2.682159900665283
10978823	2.682159900665283
10978832	2.682159900665283
10979932	2.682159900665283
10979985	2.682159900665283
10981912	2.682159900665283
10981926	2.682159900665283
10981930	2.682159900665283
10981955	2.682159900665283
10981960	2.682159900665283
10981967	2.682159900665283
10981971	2.682159900665283
10983154	2.682159900665283
10983186	2.682159900665283
10983480	2.682159900665283
10983505	2.682159900665283
10986214	2.682159900665283
10986253	2.682159900665283
10987980	2.682159900665283
10988005	2.682159900665283
10988438	2.682159900665283
10988463	2.682159900665283
10988522	2.682159900665283
10988547	2.682159900665283
10988980	2.682159900665283
10989005	2.682159900665283
10989604	2.682159900665283
10989638	2.682159900665283
10989639	2.682159900665283
10990714	2.682159900665283
10990753	2.682159900665283
10991172	2.682159900665283
10991211	2.682159900665283
10991256	2.682159900665283
10991295	2.682159900665283
10991714	2.682159900665283
10991753	2.682159900665283
10992697	2.682159900665283
10992738	2.682159900665283
10992742	2.682159900665283
10993078	2.682159900665283
10993083	2.682159900665283
10993109	2.682159900665283
10993110	2.682159900665283
10993480	2.682159900665283
10993505	2.682159900665283
10994104	2.682159900665283
10994138	2.682159900665283
10994139	2.682159900665283
10994562	2.682159900665283
10994596	2.682159900665283
10994597	2.682159900665283
10994646	3.0915732383728027
10994680	2.682159900665283
10994681	2.682159900665283
10994838	2.682159900665283
10994869	2.682159900665283
10994873	2.682159900665283
10994874	2.682159900665283
10994883	2.682159900665283
10994885	2.682159900665283
10994888	2.682159900665283
10994889	2.682159900665283
10994892	2.682159900665283
10994893	2.682159900665283
10994895	2.682159900665283
10994897	2.682159900665283
10994898	2.682159900665283
10994899	2.682159900665283
10994901	2.682159900665283
10994902	2.682159900665283
10994903	2.682159900665283
10994905	2.682159900665283
10994906	2.682159900665283
10994913	2.682159900665283
10994940	2.682159900665283
10994941	2.682159900665283
10994943	2.682159900665283
10994944	2.682159900665283
10994945	2.682159900665283
10994946	2.682159900665283
10994947	2.682159900665283
10994948	2.682159900665283
10994949	2.682159900665283
10994952	2.682159900665283
10995104	2.682159900665283
10995138	2.682159900665283
10995139	2.682159900665283
10996082	2.682159900665283
10996113	2.682159900665283
10996214	2.682159900665283
10996253	2.682159900665283
10997197	2.682159900665283
10997238	2.682159900665283
10997242	2.682159900665283
10997578	2.682159900665283
10997583	2.682159900665283
10997609	2.682159900665283
10997610	2.682159900665283
10997655	2.682159900665283
10997696	2.682159900665283
10997700	2.682159900665283
10997739	3.0915732383728027
10997780	2.682159900665283
10997784	2.682159900665283
10998036	2.682159900665283
10998041	2.682159900665283
10998067	2.682159900665283
10998068	2.682159900665283
10998120	3.0915732383728027
10998125	2.682159900665283
10998151	2.682159900665283
10998152	2.682159900665283
10998197	2.682159900665283
10998238	2.682159900665283
10998242	2.682159900665283
10998578	2.682159900665283
10998583	2.682159900665283
10998609	2.682159900665283
10998610	2.682159900665283
10999338	2.682159900665283
10999369	2.682159900665283
10999373	2.682159900665283
10999374	2.682159900665283
10999383	2.682159900665283
10999385	2.682159900665283
10999388	2.682159900665283
10999389	2.682159900665283
10999392	2.682159900665283
10999393	2.682159900665283
10999395	2.682159900665283
10999397	2.682159900665283
10999398	2.682159900665283
10999399	2.682159900665283
10999401	2.682159900665283
10999402	2.682159900665283
10999403	2.682159900665283
10999405	2.682159900665283
10999406	2.682159900665283
10999413	2.682159900665283
10999440	2.682159900665283
10999441	2.682159900665283
10999443	2.682159900665283
10999444	2.682159900665283
10999445	2.682159900665283
10999446	2.77030086517334
10999447	2.902219772338867
10999448	3.1000986099243164
10999449	3.6937344074249268
10999452	3.891613006591797
10999604	3.9575724601745605
10999638	3.9575724601745605
10999639	3.9575724601745605
10999783	3.9575724601745605
10999796	3.9575724601745605
10999817	3.9575724601745605
10999827	3.9575724601745605
10999831	3.9575724601745605
10999832	3.9575724601745605
10999841	3.9575724601745605
10999843	5.410253047943115
10999846	6.956039905548096
10999847	7.728933334350586
10999850	9.27471923828125
10999851	10.047613143920898
10999853	10.82050609588623
10999855	12.366292953491211
10999856	13.139185905456543
10999857	16.230758666992188
10999859	18.5494384765625
10999860	19.32233238220215
10999861	20.095226287841797
10999863	21.64101219177246
10999864	22.41390609741211
10999871	23.186800003051758
10999880	23.959692001342773
10999898	23.186800003051758
10999899	25.50547981262207
10999901	27.824159622192383
10999902	29.369945526123047
10999903	30.142839431762695
10999904	31.68862533569336
10999905	33.234413146972656
10999906	35.55309295654297
10999907	42.509132385253906
10999910	44.82781219482422
10999911	45.600704193115234
10999915	44.82781219482422
10999916	44.0549201965332
10999925	43.28202438354492
10999927	40.96334457397461
10999930	39.41756057739258
10999931	38.6446647644043
10999934	37.098876953125
10999935	36.325984954833984
10999937	35.55309295654297
10999939	34.00730514526367
10999940	33.234413146972656
10999941	30.142839431762695
10999943	27.824159622192383
10999944	27.051265716552734
10999945	26.278371810913086
10999947	24.732585906982422
10999948	23.959692001342773
10999955	23.186800003051758
10999982	22.41390609741211
10999983	20.095226287841797
10999985	17.776546478271484
10999986	16.230758666992188
10999987	15.457866668701172
10999988	13.912079811096191
10999989	12.366292953491211
10999990	10.047613143920898
10999991	3.9575724601745605
10999994	3.9575724601745605
11000155	3.9575724601745605
11000190	3.9575724601745605
11000338	3.9575724601745605
11000369	3.891613006591797
11000373	3.825653553009033
11000374	3.7596938610076904
11000383	3.6937344074249268
11000385	3.4958558082580566
11000388	3.36393666267395
11000389	3.2979772090911865
11000392	3.16605806350708
11000393	3.1000986099243164
11000395	3.0341389179229736
11000397	2.902219772338867
11000398	2.8362603187561035
11000399	2.682159900665283
11000401	2.682159900665283
11000402	2.682159900665283
11000403	2.682159900665283
11000405	2.682159900665283
11000406	2.682159900665283
11000413	2.682159900665283
11000440	2.682159900665283
11000441	2.682159900665283
11000443	2.682159900665283
11000444	2.682159900665283
11000445	2.682159900665283
11000446	2.682159900665283
11000447	2.682159900665283
11000448	2.682159900665283
11000449	2.682159900665283
11000452	2.682159900665283
11000582	2.682159900665283
11000613	2.682159900665283
11001040	2.682159900665283
11001071	2.682159900665283
11001124	2.682159900665283
11001155	2.682159900665283
11001582	2.682159900665283
11001613	2.682159900665283
11002697	2.682159900665283
11002738	2.682159900665283
11002742	2.682159900665283
11003078	2.682159900665283
11003083	2.682159900665283
11003109	2.682159900665283
11003110	2.682159900665283
11003725	2.682159900665283
11003727	2.682159900665283
11003762	2.682159900665283
11003764	2.682159900665283
11003767	2.682159900665283
11004283	2.682159900665283
11004317	2.682159900665283
11004655	2.682159900665283
11004690	2.682159900665283
11004741	2.682159900665283
11004775	2.682159900665283
11004825	2.682159900665283
11004838	2.682159900665283
11004859	2.682159900665283
11004869	2.682159900665283
11004873	2.682159900665283
11004874	2.682159900665283
11004883	2.682159900665283
11004885	2.682159900665283
11004888	2.682159900665283
11004889	2.682159900665283
11004892	2.682159900665283
11004893	2.682159900665283
11004895	2.682159900665283
11004897	2.682159900665283
11004898	2.682159900665283
11004899	2.682159900665283
11004901	2.682159900665283
11004902	2.682159900665283
11004903	2.682159900665283
11004905	2.682159900665283
11004906	2.682159900665283
11004913	2.682159900665283
11004940	2.682159900665283
11004941	2.682159900665283
11004943	2.682159900665283
11004944	2.682159900665283
11004945	2.682159900665283
11004946	2.682159900665283
11004947	2.682159900665283
11004948	2.682159900665283
11004949	2.682159900665283
11004952	2.682159900665283
11005113	2.682159900665283
11005148	2.682159900665283
11005197	2.682159900665283
11005232	2.682159900665283
11005283	2.682159900665283
11005317	2.682159900665283
11005655	2.682159900665283
11005690	2.682159900665283
11006082	2.682159900665283
11006113	2.682159900665283
11007284	2.682159900665283
11007292	2.682159900665283
11007339	2.682159900665283
11007340	2.682159900665283
11008225	2.682159900665283
11008227	2.682159900665283
11008262	2.682159900665283
11008264	2.682159900665283
11008267	2.682159900665283
11008683	2.682159900665283
11008685	2.682159900665283
11008720	3.0915732383728027
11008722	3.864466667175293
11008725	5.410253047943115
11008767	6.1831464767456055
11008769	4.637359619140625
11008804	3.0915732383728027
11008806	2.682159900665283
11008809	2.682159900665283
11009225	2.682159900665283
11009227	2.682159900665283
11009262	2.682159900665283
11009264	2.682159900665283
11009267	2.682159900665283
11009783	2.682159900665283
11009817	2.682159900665283
11009837	2.682159900665283
11009869	2.682159900665283
11010155	2.682159900665283
11010190	2.682159900665283
11011784	2.682159900665283
11011792	2.682159900665283
11011839	2.682159900665283
11011840	2.682159900665283
11012242	2.682159900665283
11012250	2.682159900665283
11012297	2.682159900665283
11012298	2.682159900665283
11012326	3.0915732383728027
11012334	2.682159900665283
11012381	2.682159900665283
11012382	2.682159900665283
11012784	2.682159900665283
11012792	2.682159900665283
11012839	2.682159900665283
11012840	2.682159900665283
11013725	2.682159900665283
11013727	2.682159900665283
11013762	2.682159900665283
11013764	2.682159900665283
11013767	2.682159900665283
11014337	2.682159900665283
11014369	2.682159900665283
11014795	2.682159900665283
11014827	2.682159900665283
11014879	2.682159900665283
11014911	2.682159900665283
11015337	2.682159900665283
11015369	2.682159900665283
11017284	2.682159900665283
11017292	2.682159900665283
11017339	2.682159900665283
11017340	2.682159900665283
11017910	2.682159900665283
11017948	2.682159900665283
11018090	2.682159900665283
11018118	2.682159900665283
11019837	2.682159900665283
11019869	2.682159900665283
11021034	2.682159900665283
11021070	2.682159900665283
11022410	2.682159900665283
11022448	2.682159900665283
11022590	2.682159900665283
11022618	2.682159900665283
11022868	2.682159900665283
11022906	2.682159900665283
11022952	2.682159900665283
11022990	2.682159900665283
11023048	2.682159900665283
11023076	2.682159900665283
11023132	2.682159900665283
11023160	2.682159900665283
11023410	2.682159900665283
11023448	2.682159900665283
11023590	2.682159900665283
11023618	2.682159900665283
11025534	2.682159900665283
11025570	2.682159900665283
11025992	2.682159900665283
11026028	2.682159900665283
11026076	2.682159900665283
11026112	2.682159900665283
11026534	2.682159900665283
11026570	2.682159900665283
11027910	2.682159900665283
11027948	2.682159900665283
11028090	2.682159900665283
11028118	2.682159900665283
11028124	2.682159900665283
11028126	2.682159900665283
11028162	2.682159900665283
11028164	2.682159900665283
11028167	2.682159900665283
11029836	2.682159900665283
11029873	2.682159900665283
11030401	2.682159900665283
11030427	2.682159900665283
11031034	2.682159900665283
11031070	2.682159900665283
11031078	2.682159900665283
11031110	2.682159900665283
11032624	2.682159900665283
11032626	2.682159900665283
11032662	2.682159900665283
11032664	2.682159900665283
11032667	2.682159900665283
11033082	2.682159900665283
11033084	2.682159900665283
11033120	2.682159900665283
11033122	3.0915732383728027
11033125	3.864466667175293
11033166	4.637359619140625
11033168	3.0915732383728027
11033204	2.682159900665283
11033206	2.682159900665283
11033209	2.682159900665283
11033615	2.682159900665283
11033624	2.682159900665283
11033626	2.682159900665283
11033660	2.682159900665283
11033662	2.682159900665283
11033664	2.682159900665283
11033667	2.682159900665283
11034336	2.682159900665283
11034373	2.682159900665283
11034794	2.682159900665283
11034831	2.682159900665283
11034878	2.682159900665283
11034901	2.682159900665283
11034915	2.682159900665283
11034927	2.682159900665283
11035336	2.682159900665283
11035359	2.682159900665283
11035373	2.682159900665283
11035385	2.682159900665283
11035443	2.682159900665283
11035469	2.682159900665283
11035578	2.682159900665283
11035610	2.682159900665283
11035901	2.682159900665283
11035927	2.682159900665283
11036036	2.682159900665283
11036068	2.682159900665283
11036120	2.682159900665283
11036152	2.682159900665283
11036578	2.682159900665283
11036610	2.682159900665283
11038115	2.682159900665283
11038124	2.682159900665283
11038126	2.682159900665283
11038160	2.682159900665283
11038162	2.682159900665283
11038164	2.682159900665283
11038167	2.682159900665283
11038573	2.682159900665283
11038618	2.682159900665283
11038657	2.682159900665283
11038702	2.682159900665283
11039115	2.682159900665283
11039160	2.682159900665283
11039836	2.682159900665283
11039873	2.682159900665283
11040401	2.682159900665283
11040427	2.682159900665283
11041078	2.682159900665283
11041110	2.682159900665283
11043615	2.682159900665283
11043660	2.682159900665283
11082902	2.682159900665283
11082905	2.682159900665283
11082945	2.682159900665283
11082949	2.682159900665283
11083713	2.682159900665283
11083777	2.682159900665283
11087402	2.682159900665283
11087405	2.682159900665283
11087445	2.682159900665283
11087449	2.682159900665283
11087860	2.682159900665283
11087863	2.682159900665283
11087903	2.682159900665283
11087907	2.682159900665283
11087944	3.0915732383728027
11087947	2.682159900665283
11087987	2.682159900665283
11087991	2.682159900665283
11088213	2.682159900665283
11088277	2.682159900665283
11088402	2.682159900665283
11088405	2.682159900665283
11088445	2.682159900665283
11088449	2.682159900665283
11088671	2.682159900665283
11088735	2.682159900665283
11088755	2.682159900665283
11088819	2.682159900665283
11089213	2.682159900665283
11089277	2.682159900665283
11092207	2.682159900665283
11092305	2.682159900665283
11092624	2.682159900665283
11092690	2.682159900665283
11092902	2.682159900665283
11092905	2.682159900665283
11092945	2.682159900665283
11092949	2.682159900665283
11093559	2.682159900665283
11093563	2.682159900665283
11093581	2.682159900665283
11093619	2.682159900665283
11093650	2.682159900665283
11093652	2.682159900665283
11093713	2.682159900665283
11093777	2.682159900665283
11093858	2.682159900665283
11093935	2.682159900665283
11094141	2.682159900665283
11094214	2.682159900665283
11094641	2.682159900665283
11094646	2.682159900665283
11094663	2.682159900665283
11094683	2.682159900665283
11094693	2.682159900665283
11094706	2.682159900665283
11095500	2.682159900665283
11095535	2.682159900665283
11096707	2.682159900665283
11096805	2.682159900665283
11097124	2.682159900665283
11097165	2.682159900665283
11097190	2.682159900665283
11097249	2.682159900665283
11097263	2.682159900665283
11097347	2.682159900665283
11097582	2.682159900665283
11097648	2.682159900665283
11097666	2.682159900665283
11097707	2.682159900665283
11097732	2.682159900665283
11097805	2.682159900665283
11098059	2.682159900665283
11098063	2.682159900665283
11098081	2.682159900665283
11098119	2.682159900665283
11098124	2.682159900665283
11098150	2.682159900665283
11098152	2.682159900665283
11098190	2.682159900665283
11098358	2.682159900665283
11098435	2.682159900665283
11098517	2.682159900665283
11098521	2.682159900665283
11098539	2.682159900665283
11098577	2.682159900665283
11098601	3.0915732383728027
11098605	2.682159900665283
11098608	2.682159900665283
11098610	2.682159900665283
11098623	3.0915732383728027
11098641	2.682159900665283
11098661	2.682159900665283
11098692	2.682159900665283
11098694	2.682159900665283
11098714	2.682159900665283
11098816	2.682159900665283
11098893	2.682159900665283
11098900	2.682159900665283
11098977	2.682159900665283
11099059	2.682159900665283
11099063	2.682159900665283
11099081	2.682159900665283
11099099	2.682159900665283
11099119	2.682159900665283
11099141	2.682159900665283
11099146	2.682159900665283
11099150	2.682159900665283
11099152	2.682159900665283
11099163	2.682159900665283
11099172	2.682159900665283
11099183	2.682159900665283
11099193	2.682159900665283
11099206	2.682159900665283
11099256	2.682159900665283
11099358	2.682159900665283
11099435	2.682159900665283
11099446	2.682159900665283
11099530	2.682159900665283
11099599	2.682159900665283
11099604	2.682159900665283
11099621	2.682159900665283
11099641	2.682159900665283
11099651	3.0915732383728027
11099664	3.864466667175293
11099683	4.637359619140625
11099688	3.864466667175293
11099705	3.0915732383728027
11099714	2.682159900665283
11099725	2.682159900665283
11099735	2.682159900665283
11099748	2.682159900665283
11100000	2.682159900665283
11100035	2.682159900665283
11100141	2.682159900665283
11100146	2.682159900665283
11100163	2.682159900665283
11100183	2.682159900665283
11100193	2.682159900665283
11100206	2.682159900665283
11100458	2.682159900665283
11100493	2.682159900665283
11100542	2.682159900665283
11100577	2.682159900665283
11101000	2.682159900665283
11101035	2.682159900665283
11101828	2.682159900665283
11101888	2.682159900665283
11102207	2.682159900665283
11102305	2.682159900665283
11102624	2.682159900665283
11102690	2.682159900665283
11102844	2.682159900665283
11102895	2.682159900665283
11102932	2.682159900665283
11102987	2.682159900665283
11103559	2.682159900665283
11103563	2.682159900665283
11103581	2.682159900665283
11103619	2.682159900665283
11103650	2.682159900665283
11103652	2.682159900665283
11103858	2.682159900665283
11103935	2.682159900665283
11103946	2.682159900665283
11104030	2.682159900665283
11104141	2.682159900665283
11104214	2.682159900665283
11104404	2.682159900665283
11104572	2.682159900665283
11104641	2.682159900665283
11104646	2.682159900665283
11104663	2.682159900665283
11104683	2.682159900665283
11104693	2.682159900665283
11104706	2.682159900665283
11104946	2.682159900665283
11105030	2.682159900665283
11105111	2.682159900665283
11105170	2.682159900665283
11105500	2.682159900665283
11105535	2.682159900665283
11105724	2.682159900665283
11105725	2.682159900665283
11105732	2.682159900665283
11105792	2.682159900665283
11105801	2.682159900665283
11105805	2.682159900665283
11105889	2.682159900665283
11105929	2.682159900665283
11106328	2.682159900665283
11106388	2.682159900665283
11106662	2.682159900665283
11106714	2.682159900665283
11106786	2.682159900665283
11106846	2.682159900665283
11106870	2.682159900665283
11106930	2.682159900665283
11106974	2.682159900665283
11107026	2.682159900665283
11107069	2.682159900665283
11107076	2.682159900665283
11107097	2.682159900665283
11107163	2.682159900665283
11107328	2.682159900665283
11107344	2.682159900665283
11107388	2.682159900665283
11107395	2.682159900665283
11107432	2.682159900665283
11107487	2.682159900665283
11107515	2.682159900665283
11107607	2.682159900665283
11107753	2.682159900665283
11107769	2.682159900665283
11107802	2.682159900665283
11107826	2.682159900665283
11107835	2.682159900665283
11107853	2.682159900665283
11107886	2.682159900665283
11107890	2.682159900665283
11107937	2.682159900665283
11107945	2.682159900665283
11107974	2.682159900665283
11108029	2.682159900665283
11108344	2.682159900665283
11108377	2.682159900665283
11108395	2.682159900665283
11108432	2.682159900665283
11108450	2.682159900665283
11108487	2.682159900665283
11108926	2.682159900665283
11108965	2.682159900665283
11109063	2.682159900665283
11109107	2.682159900665283
11109122	2.682159900665283
11109198	2.682159900665283
11109446	2.682159900665283
11109530	2.682159900665283
11109611	2.682159900665283
11109670	2.682159900665283
11110069	2.682159900665283
11110128	2.682159900665283
11110153	2.682159900665283
11110212	2.682159900665283
11110224	2.682159900665283
11110225	2.682159900665283
11110232	2.682159900665283
11110292	2.682159900665283
11110301	2.682159900665283
11110305	2.682159900665283
11110389	2.682159900665283
11110429	2.682159900665283
11110524	2.682159900665283
11110598	2.682159900665283
11110611	2.682159900665283
11110670	2.682159900665283
11110682	2.682159900665283
11110683	2.682159900665283
11110690	2.682159900665283
11110740	2.682159900665283
11110743	2.682159900665283
11110750	2.682159900665283
11110756	3.0915732383728027
11110759	3.0915732383728027
11110763	3.864466667175293
11110766	4.637359619140625
11110767	3.864466667175293
11110774	3.0915732383728027
11110800	2.682159900665283
11110809	2.682159900665283
11110821	2.682159900665283
11110823	2.682159900665283
11110834	2.682159900665283
11110843	2.682159900665283
11110854	2.682159900665283
11110884	2.682159900665283
11110887	2.682159900665283
11110924	2.682159900665283
11110931	2.682159900665283
11110970	2.682159900665283
11110971	2.682159900665283
11111009	2.682159900665283
11111019	2.682159900665283
11111055	2.682159900665283
11111062	2.682159900665283
11111162	2.682159900665283
11111214	2.682159900665283
11111224	2.682159900665283
11111225	2.682159900665283
11111232	2.682159900665283
11111292	2.682159900665283
11111301	2.682159900665283
11111305	2.682159900665283
11111389	2.682159900665283
11111429	2.682159900665283
11111474	2.682159900665283
11111526	2.682159900665283
11111569	2.682159900665283
11111576	2.682159900665283
11111597	2.682159900665283
11111610	2.682159900665283
11111620	2.682159900665283
11111627	2.682159900665283
11111663	2.682159900665283
11111672	2.682159900665283
11111693	2.682159900665283
11111696	2.682159900665283
11111704	2.682159900665283
11111756	2.682159900665283
11111828	2.682159900665283
11111888	2.682159900665283
11111932	2.682159900665283
11111984	2.682159900665283
11112015	2.682159900665283
11112016	2.682159900665283
11112027	2.682159900665283
11112034	2.682159900665283
11112055	2.682159900665283
11112068	3.0915732383728027
11112107	2.682159900665283
11112111	2.682159900665283
11112118	2.682159900665283
11112121	2.682159900665283
11112139	2.682159900665283
11112162	2.682159900665283
11112205	2.682159900665283
11112214	2.682159900665283
11112253	2.682159900665283
11112269	2.682159900665283
11112326	2.682159900665283
11112335	2.682159900665283
11112473	2.682159900665283
11112474	2.682159900665283
11112526	2.682159900665283
11112557	2.682159900665283
11112565	2.682159900665283
11112569	2.682159900665283
11112576	2.682159900665283
11112597	2.682159900665283
11112649	2.682159900665283
11112663	2.682159900665283
11112711	2.682159900665283
11112727	2.682159900665283
11112784	2.682159900665283
11112793	2.682159900665283
11112795	3.0915732383728027
11112811	2.682159900665283
11112844	2.682159900665283
11112868	2.682159900665283
11112877	2.682159900665283
11112895	2.682159900665283
11112932	2.682159900665283
11112950	2.682159900665283
11112987	2.682159900665283
11113015	2.682159900665283
11113107	2.682159900665283
11113253	2.682159900665283
11113269	2.682159900665283
11113326	2.682159900665283
11113335	2.682159900665283
11113408	2.682159900665283
11113419	2.682159900665283
11113426	2.682159900665283
11113465	2.682159900665283
11113492	2.682159900665283
11113563	2.682159900665283
11113607	2.682159900665283
11113622	2.682159900665283
11113698	2.682159900665283
11113877	2.682159900665283
11113884	2.682159900665283
11113923	2.682159900665283
11113950	2.682159900665283
11113968	2.682159900665283
11114007	2.682159900665283
11114021	2.682159900665283
11114065	2.682159900665283
11114080	2.682159900665283
11114105	2.682159900665283
11114149	2.682159900665283
11114156	2.682159900665283
11114164	2.682159900665283
11114240	2.682159900665283
11114426	2.682159900665283
11114465	2.682159900665283
11114563	2.682159900665283
11114607	2.682159900665283
11114622	2.682159900665283
11114698	2.682159900665283
11115024	2.682159900665283
11115098	2.682159900665283
11115111	2.682159900665283
11115170	2.682159900665283
11115240	2.682159900665283
11115243	2.682159900665283
11115256	2.682159900665283
11115274	2.682159900665283
11115300	2.682159900665283
11115309	2.682159900665283
11115321	2.682159900665283
11115323	2.682159900665283
11115354	2.682159900665283
11115384	2.682159900665283
11115424	2.682159900665283
11115470	2.682159900665283
11115482	2.682159900665283
11115509	2.682159900665283
11115519	2.682159900665283
11115555	2.682159900665283
11115556	2.682159900665283
11115562	2.682159900665283
11115566	2.682159900665283
11115602	2.682159900665283
11115640	2.682159900665283
11115679	2.682159900665283
11115698	2.682159900665283
11115701	2.682159900665283
11115714	2.682159900665283
11115724	2.682159900665283
11115725	2.682159900665283
11115732	2.682159900665283
11115758	3.0915732383728027
11115767	3.864466667175293
11115779	4.637359619140625
11115781	5.410253047943115
11115782	6.1831464767456055
11115785	5.410253047943115
11115792	4.637359619140625
11115798	4.637359619140625
11115801	3.864466667175293
11115805	3.864466667175293
11115812	3.864466667175293
11115816	4.637359619140625
11115851	3.864466667175293
11115863	3.0915732383728027
11115865	2.682159900665283
11115882	2.682159900665283
11115889	2.682159900665283
11115896	2.682159900665283
11115926	2.682159900665283
11115928	2.682159900665283
11115929	2.682159900665283
11115966	2.682159900665283
11115967	2.682159900665283
11115977	2.682159900665283
11116012	2.682159900665283
11116013	2.682159900665283
11116020	2.682159900665283
11116024	3.0915732383728027
11116051	3.0915732383728027
11116061	2.682159900665283
11116097	2.682159900665283
11116098	2.682159900665283
11116104	2.682159900665283
11116110	2.682159900665283
11116127	2.682159900665283
11116193	2.682159900665283
11116196	2.682159900665283
11116240	2.682159900665283
11116243	2.682159900665283
11116256	2.682159900665283
11116274	2.682159900665283
11116300	2.682159900665283
11116309	2.682159900665283
11116321	2.682159900665283
11116323	2.682159900665283
11116354	2.682159900665283
11116384	2.682159900665283
11116424	2.682159900665283
11116470	2.682159900665283
11116509	2.682159900665283
11116519	2.682159900665283
11116555	2.682159900665283
11116562	2.682159900665283
11116568	2.682159900665283
11116585	2.682159900665283
11116651	2.682159900665283
11116652	2.682159900665283
11116654	2.682159900665283
11116662	2.682159900665283
11116669	2.682159900665283
11116714	2.682159900665283
11116735	2.682159900665283
11116738	2.682159900665283
11116974	2.682159900665283
11117026	2.682159900665283
11117069	2.682159900665283
11117076	2.682159900665283
11117097	2.682159900665283
11117110	2.682159900665283
11117127	2.682159900665283
11117163	2.682159900665283
11117193	2.682159900665283
11117196	2.682159900665283
11117515	2.682159900665283
11117607	2.682159900665283
11117753	2.682159900665283
11117769	2.682159900665283
11117826	2.682159900665283
11117835	2.682159900665283
11118377	2.682159900665283
11118450	2.682159900665283
11118926	2.682159900665283
11118965	2.682159900665283
11119063	2.682159900665283
11119107	2.682159900665283
11119122	2.682159900665283
11119198	2.682159900665283
11120102	2.682159900665283
11120179	2.682159900665283
11120524	2.682159900665283
11120560	2.682159900665283
11120598	2.682159900665283
11120637	2.682159900665283
11120644	2.682159900665283
11120721	2.682159900665283
11120740	2.682159900665283
11120743	2.682159900665283
11120756	2.682159900665283
11120774	2.682159900665283
11120800	2.682159900665283
11120809	2.682159900665283
11120821	2.682159900665283
11120823	2.682159900665283
11120854	2.682159900665283
11120884	2.682159900665283
11120924	2.682159900665283
11120970	2.682159900665283
11121009	2.682159900665283
11121019	2.682159900665283
11121055	2.682159900665283
11121062	2.682159900665283
11121102	2.682159900665283
11121179	2.682159900665283
11121610	2.682159900665283
11121627	2.682159900665283
11121693	2.682159900665283
11121696	2.682159900665283
11122327	2.682159900665283
11122341	2.682159900665283
11122359	2.682159900665283
11122379	2.682159900665283
11122423	2.682159900665283
11122436	2.682159900665283
11122438	2.682159900665283
11122455	2.682159900665283
11123804	2.682159900665283
11123806	2.682159900665283
11123822	2.682159900665283
11123855	2.682159900665283
11123859	2.682159900665283
11123861	2.682159900665283
11124951	2.682159900665283
11125022	2.682159900665283
11125045	2.682159900665283
11125073	2.682159900665283
11125602	2.682159900665283
11125679	2.682159900665283
11126827	2.682159900665283
11126841	2.682159900665283
11126859	2.682159900665283
11126879	2.682159900665283
11126923	2.682159900665283
11126936	2.682159900665283
11126938	2.682159900665283
11126955	2.682159900665283
11127285	2.682159900665283
11127299	2.682159900665283
11127317	2.682159900665283
11127337	2.682159900665283
11127369	3.0915732383728027
11127381	2.682159900665283
11127383	3.0915732383728027
11127394	2.682159900665283
11127396	3.0915732383728027
11127401	3.864466667175293
11127413	3.0915732383728027
11127421	3.864466667175293
11127465	3.0915732383728027
11127478	2.682159900665283
11127480	2.682159900665283
11127497	2.682159900665283
11127827	2.682159900665283
11127841	2.682159900665283
11127859	2.682159900665283
11127879	2.682159900665283
11127923	2.682159900665283
11127936	2.682159900665283
11127938	2.682159900665283
11127955	2.682159900665283
11128041	2.682159900665283
11128076	2.682159900665283
11128304	2.682159900665283
11128306	2.682159900665283
11128322	2.682159900665283
11128355	2.682159900665283
11128359	2.682159900665283
11128361	2.682159900665283
11128762	2.682159900665283
11128764	2.682159900665283
11128780	2.682159900665283
11128813	2.682159900665283
11128817	3.0915732383728027
11128819	3.864466667175293
11128846	4.637359619140625
11128848	3.864466667175293
11128864	3.0915732383728027
11128897	2.682159900665283
11128901	2.682159900665283
11128903	2.682159900665283
11129304	2.682159900665283
11129306	2.682159900665283
11129322	2.682159900665283
11129355	2.682159900665283
11129359	2.682159900665283
11129361	2.682159900665283
11129451	2.682159900665283
11129522	2.682159900665283
11129545	2.682159900665283
11129573	2.682159900665283
11129909	2.682159900665283
11129980	2.682159900665283
11129993	2.682159900665283
11130003	2.682159900665283
11130031	2.682159900665283
11130064	2.682159900665283
11130087	2.682159900665283
11130115	2.682159900665283
11130451	2.682159900665283
11130522	2.682159900665283
11130545	2.682159900665283
11130573	2.682159900665283
11132327	2.682159900665283
11132341	2.682159900665283
11132359	2.682159900665283
11132379	2.682159900665283
11132423	2.682159900665283
11132436	2.682159900665283
11132438	2.682159900665283
11132455	2.682159900665283
11132541	2.682159900665283
11132576	2.682159900665283
11132999	2.682159900665283
11133034	2.682159900665283
11133083	2.682159900665283
11133118	2.682159900665283
11133541	2.682159900665283
11133576	2.682159900665283
11133744	2.682159900665283
11133789	2.682159900665283
11133804	2.682159900665283
11133806	2.682159900665283
11133822	2.682159900665283
11133855	2.682159900665283
11133859	2.682159900665283
11133861	2.682159900665283
11134951	2.682159900665283
11135022	2.682159900665283
11135045	2.682159900665283
11135073	2.682159900665283
11135825	2.682159900665283
11135879	2.682159900665283
11137088	2.682159900665283
11137137	2.682159900665283
11138041	2.682159900665283
11138076	2.682159900665283
11138244	2.682159900665283
11138289	2.682159900665283
11138702	2.682159900665283
11138747	2.682159900665283
11138786	2.682159900665283
11138831	2.682159900665283
11139244	2.682159900665283
11139289	2.682159900665283
11140325	2.682159900665283
11140379	2.682159900665283
11140783	2.682159900665283
11140837	2.682159900665283
11140867	2.682159900665283
11140921	2.682159900665283
11141325	2.682159900665283
11141379	2.682159900665283
11141588	2.682159900665283
11141637	2.682159900665283
11142046	2.682159900665283
11142095	2.682159900665283
11142130	2.682159900665283
11142179	2.682159900665283
11142588	2.682159900665283
11142637	2.682159900665283
11143744	2.682159900665283
11143789	2.682159900665283
11145825	2.682159900665283
11145879	2.682159900665283
11147088	2.682159900665283
11147137	2.682159900665283
11148041	2.682159900665283
11148091	2.682159900665283
11148593	2.682159900665283
11148658	2.682159900665283
11152541	2.682159900665283
11152591	2.682159900665283
11152999	2.682159900665283
11153049	2.682159900665283
11153083	2.682159900665283
11153093	2.682159900665283
11153133	2.682159900665283
11153158	2.682159900665283
11153541	2.682159900665283
11153551	2.682159900665283
11153591	2.682159900665283
11153616	2.682159900665283
11153635	2.682159900665283
11153700	2.682159900665283
11154093	2.682159900665283
11154158	2.682159900665283
11158041	2.682159900665283
11158091	2.682159900665283
11158383	2.682159900665283
11158473	2.682159900665283
11158593	2.682159900665283
11158658	2.682159900665283
11162334	2.682159900665283
11162398	2.682159900665283
11162883	2.682159900665283
11162973	2.682159900665283
11163341	2.682159900665283
11163425	2.682159900665283
11163431	2.682159900665283
11163515	2.682159900665283
11163883	2.682159900665283
11163973	2.682159900665283
11164823	2.682159900665283
11164897	2.682159900665283
11166834	2.682159900665283
11166898	2.682159900665283
11167292	2.682159900665283
11167356	2.682159900665283
11167376	2.682159900665283
11167440	2.682159900665283
11167834	2.682159900665283
11167898	2.682159900665283
11168383	2.682159900665283
11168473	2.682159900665283
11169323	2.682159900665283
11169397	2.682159900665283
11169781	2.682159900665283
11169855	2.682159900665283
11169865	2.682159900665283
11169939	2.682159900665283
11170323	2.682159900665283
11170397	2.682159900665283
11172334	2.682159900665283
11172398	2.682159900665283
11174823	2.682159900665283
11174897	2.682159900665283
11180455	2.682159900665283
11180489	2.682159900665283
11184955	2.682159900665283
11184989	2.682159900665283
11185413	2.682159900665283
11185447	2.682159900665283
11185497	2.682159900665283
11185531	2.682159900665283
11185955	2.682159900665283
11185989	2.682159900665283
11187307	2.682159900665283
11187373	2.682159900665283
11187678	2.682159900665283
11187703	2.682159900665283
11190455	2.682159900665283
11190489	2.682159900665283
11191807	2.682159900665283
11191873	2.682159900665283
11192178	2.682159900665283
11192203	2.682159900665283
11192265	2.682159900665283
11192331	2.682159900665283
11192349	2.682159900665283
11192415	2.682159900665283
11192636	2.682159900665283
11192661	2.682159900665283
11192720	2.682159900665283
11192745	2.682159900665283
11192807	2.682159900665283
11192873	2.682159900665283
11193178	2.682159900665283
11193203	2.682159900665283
11197307	2.682159900665283
11197340	2.682159900665283
11197373	2.682159900665283
11197403	2.682159900665283
11197678	2.682159900665283
11197703	2.682159900665283
11198003	2.682159900665283
11198059	2.682159900665283
11200154	2.682159900665283
11200195	2.682159900665283
11201840	2.682159900665283
11201903	2.682159900665283
11202298	2.682159900665283
11202361	2.682159900665283
11202382	2.682159900665283
11202445	2.682159900665283
11202503	2.682159900665283
11202559	2.682159900665283
11202840	2.682159900665283
11202903	2.682159900665283
11202961	2.682159900665283
11203017	2.682159900665283
11203045	2.682159900665283
11203101	2.682159900665283
11203503	2.682159900665283
11203559	2.682159900665283
11204654	2.682159900665283
11204695	2.682159900665283
11205112	2.682159900665283
11205153	2.682159900665283
11205196	2.682159900665283
11205237	2.682159900665283
11205654	2.682159900665283
11205695	2.682159900665283
11207340	2.682159900665283
11207403	2.682159900665283
11208003	2.682159900665283
11208059	2.682159900665283
11210154	2.682159900665283
11210195	2.682159900665283
11213306	2.682159900665283
11213384	2.682159900665283
11217806	2.682159900665283
11217884	2.682159900665283
11218264	2.682159900665283
11218342	2.682159900665283
11218348	2.682159900665283
11218426	2.682159900665283
11218806	2.682159900665283
11218884	2.682159900665283
11223306	2.682159900665283
11223384	2.682159900665283
11229595	2.682159900665283
11229652	2.682159900665283
11232608	2.682159900665283
11232651	2.682159900665283
11234095	2.682159900665283
11234152	2.682159900665283
11234434	2.682159900665283
11234506	2.682159900665283
11234553	2.682159900665283
11234610	2.682159900665283
11234637	2.682159900665283
11234694	2.682159900665283
11235095	2.682159900665283
11235152	2.682159900665283
11235920	2.682159900665283
11235994	2.682159900665283
11237108	2.682159900665283
11237151	2.682159900665283
11237566	2.682159900665283
11237609	2.682159900665283
11237650	2.682159900665283
11237693	2.682159900665283
11238108	2.682159900665283
11238151	2.682159900665283
11238934	2.682159900665283
11239006	2.682159900665283
11239392	2.682159900665283
11239464	2.682159900665283
11239476	2.682159900665283
11239548	2.682159900665283
11239595	2.682159900665283
11239652	2.682159900665283
11239934	2.682159900665283
11240006	2.682159900665283
11240420	2.682159900665283
11240494	2.682159900665283
11240878	2.682159900665283
11240952	2.682159900665283
11240962	2.682159900665283
11241036	2.682159900665283
11241420	2.682159900665283
11241494	2.682159900665283
11242608	2.682159900665283
11242651	2.682159900665283
11244434	2.682159900665283
11244506	2.682159900665283
11245920	2.682159900665283
11245994	2.682159900665283
11260595	2.682159900665283
11260644	2.682159900665283
11265095	2.682159900665283
11265144	2.682159900665283
11265553	2.682159900665283
11265602	2.682159900665283
11265637	2.682159900665283
11265686	2.682159900665283
11266095	2.682159900665283
11266144	2.682159900665283
11268642	2.682159900665283
11268688	2.682159900665283
11268816	2.682159900665283
11268852	2.682159900665283
11270595	2.682159900665283
11270644	2.682159900665283
11273142	2.682159900665283
11273188	2.682159900665283
11273316	2.682159900665283
11273352	2.682159900665283
11273600	2.682159900665283
11273646	2.682159900665283
11273684	2.682159900665283
11273730	2.682159900665283
11273774	2.682159900665283
11273810	2.682159900665283
11273858	2.682159900665283
11273894	2.682159900665283
11274142	2.682159900665283
11274188	2.682159900665283
11274316	2.682159900665283
11274352	2.682159900665283
11275008	2.682159900665283
11275062	2.682159900665283
11278642	2.682159900665283
11278688	2.682159900665283
11278816	2.682159900665283
11278852	2.682159900665283
11279270	2.682159900665283
11279273	2.682159900665283
11279345	2.682159900665283
11279421	2.682159900665283
11279508	2.682159900665283
11279562	2.682159900665283
11279966	2.682159900665283
11280020	2.682159900665283
11280050	2.682159900665283
11280104	2.682159900665283
11280508	2.682159900665283
11280562	2.682159900665283
11283187	2.682159900665283
11283244	2.682159900665283
11283770	2.682159900665283
11283773	2.682159900665283
11283819	2.682159900665283
11283845	2.682159900665283
11283861	2.682159900665283
11283921	2.682159900665283
11284228	2.682159900665283
11284231	2.682159900665283
11284303	2.682159900665283
11284312	2.682159900665283
11284315	2.682159900665283
11284379	2.682159900665283
11284387	2.682159900665283
11284463	2.682159900665283
11284596	2.682159900665283
11284664	2.682159900665283
11284770	2.682159900665283
11284773	2.682159900665283
11284845	2.682159900665283
11284883	2.682159900665283
11284921	2.682159900665283
11284967	2.682159900665283
11284971	2.682159900665283
11285008	2.682159900665283
11285016	2.682159900665283
11285062	2.682159900665283
11285104	2.682159900665283
11285148	2.682159900665283
11285207	2.682159900665283
11285232	2.682159900665283
11285236	2.682159900665283
11285312	2.682159900665283
11285998	2.682159900665283
11286003	2.682159900665283
11286036	2.682159900665283
11286037	2.682159900665283
11286274	2.682159900665283
11286319	2.682159900665283
11286670	2.682159900665283
11286710	2.682159900665283
11286717	2.682159900665283
11286719	2.682159900665283
11286740	2.682159900665283
11286741	2.682159900665283
11286746	2.682159900665283
11286757	2.682159900665283
11286780	2.682159900665283
11286784	2.682159900665283
11286786	2.682159900665283
11286847	2.682159900665283
11286911	2.682159900665283
11286942	2.682159900665283
11286984	2.682159900665283
11287119	2.682159900665283
11287166	2.682159900665283
11287218	2.682159900665283
11287585	2.682159900665283
11287653	2.682159900665283
11287680	2.682159900665283
11287687	2.682159900665283
11287689	2.682159900665283
11287720	2.682159900665283
11287735	2.682159900665283
11287744	2.682159900665283
11287759	2.682159900665283
11287770	2.682159900665283
11287774	2.682159900665283
11287782	2.682159900665283
11287830	2.682159900665283
11287831	2.682159900665283
11287852	2.682159900665283
11287867	2.682159900665283
11287872	2.682159900665283
11287923	2.682159900665283
11288145	2.682159900665283
11288202	2.682159900665283
11288214	2.682159900665283
11288224	2.682159900665283
11288229	2.682159900665283
11288252	2.682159900665283
11288286	2.682159900665283
11288317	2.682159900665283
11288319	2.682159900665283
11288334	2.682159900665283
11288361	2.682159900665283
11288367	2.682159900665283
11288368	2.682159900665283
11288375	2.682159900665283
11288386	2.682159900665283
11288433	2.682159900665283
11288453	2.682159900665283
11288513	2.682159900665283
11288537	2.682159900665283
11288552	2.682159900665283
11288584	2.682159900665283
11288591	2.682159900665283
11288599	2.682159900665283
11288601	2.682159900665283
11288614	2.682159900665283
11288643	2.682159900665283
11288646	2.682159900665283
11288647	2.682159900665283
11288687	2.682159900665283
11288717	2.682159900665283
11288744	2.682159900665283
11288746	2.682159900665283
11288747	2.682159900665283
11288751	2.682159900665283
11288761	2.682159900665283
11288777	2.682159900665283
11288791	2.682159900665283
11288793	2.682159900665283
11288801	2.682159900665283
11288819	2.682159900665283
11288820	2.682159900665283
11288861	2.682159900665283
11288879	2.682159900665283
11288903	2.682159900665283
11289096	2.682159900665283
11289097	2.682159900665283
11289135	2.682159900665283
11289164	2.682159900665283
11289177	2.682159900665283
11289178	2.682159900665283
11289231	2.682159900665283
11289270	2.682159900665283
11289273	2.682159900665283
11289319	2.682159900665283
11289345	2.682159900665283
11289352	2.682159900665283
11289361	2.682159900665283
11289383	2.682159900665283
11289421	2.682159900665283
11289467	2.682159900665283
11289471	2.682159900665283
11289480	2.682159900665283
11289500	2.682159900665283
11289516	2.682159900665283
11289554	2.682159900665283
11289571	2.682159900665283
11289604	2.682159900665283
11289622	2.682159900665283
11289637	2.682159900665283
11289638	2.682159900665283
11289648	2.682159900665283
11289706	2.682159900665283
11289707	2.682159900665283
11289732	2.682159900665283
11289736	2.682159900665283
11289812	2.682159900665283
11289841	2.682159900665283
11289929	2.682159900665283
11289974	2.682159900665283
11290008	2.682159900665283
11290009	2.682159900665283
11290013	2.682159900665283
11290026	2.682159900665283
11290041	2.682159900665283
11290058	2.682159900665283
11290059	2.682159900665283
11290061	2.682159900665283
11290062	2.682159900665283
11290096	2.682159900665283
11290106	2.682159900665283
11290146	2.682159900665283
11290164	2.682159900665283
11290165	2.682159900665283
11290194	2.682159900665283
11290249	2.682159900665283
11290270	2.682159900665283
11290274	2.682159900665283
11290278	2.682159900665283
11290354	2.682159900665283
11290383	2.682159900665283
11290467	2.682159900665283
11290471	2.682159900665283
11290498	2.682159900665283
11290503	2.682159900665283
11290516	2.682159900665283
11290536	2.682159900665283
11290537	2.682159900665283
11290540	2.682159900665283
11290591	2.682159900665283
11290604	2.682159900665283
11290607	2.682159900665283
11290631	2.682159900665283
11290647	2.682159900665283
11290648	2.682159900665283
11290671	2.682159900665283
11290678	2.682159900665283
11290689	2.682159900665283
11290707	2.682159900665283
11290709	2.682159900665283
11290710	2.682159900665283
11290711	2.682159900665283
11290719	2.682159900665283
11290720	2.682159900665283
11290732	2.682159900665283
11290736	2.682159900665283
11290752	2.682159900665283
11290756	2.682159900665283
11290774	2.682159900665283
11290775	2.682159900665283
11290778	2.682159900665283
11290789	2.682159900665283
11290790	2.682159900665283
11290792	2.682159900665283
11290800	2.682159900665283
11290812	2.682159900665283
11290819	2.682159900665283
11290956	2.682159900665283
11290961	2.682159900665283
11290991	2.682159900665283
11290994	2.682159900665283
11290995	2.682159900665283
11291026	3.0915732383728027
11291040	3.0915732383728027
11291045	2.682159900665283
11291078	2.682159900665283
11291079	2.682159900665283
11291099	2.682159900665283
11291142	2.682159900665283
11291143	2.682159900665283
11291170	2.682159900665283
11291210	2.682159900665283
11291217	2.682159900665283
11291219	2.682159900665283
11291232	2.682159900665283
11291240	2.682159900665283
11291241	2.682159900665283
11291246	2.682159900665283
11291257	2.682159900665283
11291277	2.682159900665283
11291280	2.682159900665283
11291284	2.682159900665283
11291286	2.682159900665283
11291307	2.682159900665283
11291316	2.682159900665283
11291347	2.682159900665283
11291361	2.682159900665283
11291411	2.682159900665283
11291442	2.682159900665283
11291484	2.682159900665283
11291498	2.682159900665283
11291503	2.682159900665283
11291536	2.682159900665283
11291537	2.682159900665283
11291619	2.682159900665283
11291628	2.682159900665283
11291666	2.682159900665283
11291668	2.682159900665283
11291675	2.682159900665283
11291677	2.682159900665283
11291698	3.0915732383728027
11291699	3.864466667175293
11291704	4.637359619140625
11291712	5.410253047943115
11291715	4.637359619140625
11291718	5.410253047943115
11291738	5.410253047943115
11291742	6.1831464767456055
11291744	6.956039905548096
11291752	7.728933334350586
11291759	6.956039905548096
11291761	6.1831464767456055
11291774	5.410253047943115
11291782	5.410253047943115
11291783	4.637359619140625
11291788	3.864466667175293
11291799	3.0915732383728027
11291805	2.682159900665283
11291819	3.0915732383728027
11291822	3.0915732383728027
11291826	2.682159900665283
11291828	2.682159900665283
11291869	2.682159900665283
11291889	2.682159900665283
11291900	2.682159900665283
11291942	2.682159900665283
11291953	2.682159900665283
11291984	2.682159900665283
11291994	2.682159900665283
11292026	2.682159900665283
11292035	2.682159900665283
11292077	2.682159900665283
11292085	2.682159900665283
11292124	2.682159900665283
11292153	2.682159900665283
11292161	2.682159900665283
11292170	2.682159900665283
11292176	2.682159900665283
11292180	2.682159900665283
11292189	2.682159900665283
11292208	2.682159900665283
11292210	2.682159900665283
11292217	2.682159900665283
11292219	2.682159900665283
11292220	2.682159900665283
11292235	2.682159900665283
11292240	2.682159900665283
11292241	2.682159900665283
11292246	2.682159900665283
11292257	2.682159900665283
11292259	2.682159900665283
11292260	2.682159900665283
11292270	2.682159900665283
11292274	2.682159900665283
11292280	2.682159900665283
11292282	2.682159900665283
11292284	2.682159900665283
11292286	2.682159900665283
11292330	2.682159900665283
11292331	2.682159900665283
11292347	2.682159900665283
11292352	2.682159900665283
11292367	2.682159900665283
11292372	2.682159900665283
11292411	2.682159900665283
11292423	2.682159900665283
11292442	2.682159900665283
11292484	2.682159900665283
11292543	2.682159900665283
11292611	2.682159900665283
11292619	2.682159900665283
11292627	2.682159900665283
11292632	2.682159900665283
11292638	2.682159900665283
11292647	2.682159900665283
11292666	2.682159900665283
11292676	2.682159900665283
11292678	2.682159900665283
11292693	3.0915732383728027
11292695	3.864466667175293
11292714	3.0915732383728027
11292717	3.0915732383728027
11292718	3.864466667175293
11292722	3.864466667175293
11292724	3.0915732383728027
11292728	3.0915732383728027
11292731	3.864466667175293
11292732	3.0915732383728027
11292740	3.864466667175293
11292752	4.637359619140625
11292762	4.637359619140625
11292777	3.864466667175293
11292788	3.0915732383728027
11292789	3.864466667175293
11292801	4.637359619140625
11292810	3.864466667175293
11292812	4.637359619140625
11292813	3.864466667175293
11292816	3.864466667175293
11292817	3.0915732383728027
11292824	3.0915732383728027
11292825	2.682159900665283
11292830	3.0915732383728027
11292834	3.864466667175293
11292847	3.864466667175293
11292867	3.864466667175293
11292868	3.864466667175293
11292872	3.864466667175293
11292873	3.0915732383728027
11292875	2.682159900665283
11292881	2.682159900665283
11292886	3.0915732383728027
11292894	3.0915732383728027
11292909	2.682159900665283
11292914	2.682159900665283
11292933	2.682159900665283
11292953	2.682159900665283
11292965	2.682159900665283
11292986	2.682159900665283
11292988	2.682159900665283
11292992	2.682159900665283
11292993	2.682159900665283
11293000	2.682159900665283
11293013	2.682159900665283
11293019	2.682159900665283
11293031	2.682159900665283
11293037	2.682159900665283
11293038	2.682159900665283
11293040	2.682159900665283
11293052	2.682159900665283
11293084	2.682159900665283
11293085	2.682159900665283
11293091	2.682159900665283
11293099	2.682159900665283
11293101	2.682159900665283
11293114	2.682159900665283
11293143	2.682159900665283
11293146	2.682159900665283
11293147	2.682159900665283
11293153	2.682159900665283
11293172	2.682159900665283
11293180	2.682159900665283
11293182	2.682159900665283
11293186	2.682159900665283
11293187	2.682159900665283
11293188	2.682159900665283
11293189	2.682159900665283
11293210	2.682159900665283
11293217	2.682159900665283
11293220	2.682159900665283
11293226	2.682159900665283
11293231	2.682159900665283
11293235	2.682159900665283
11293244	2.682159900665283
11293246	2.682159900665283
11293247	2.682159900665283
11293251	2.682159900665283
11293256	2.682159900665283
11293259	2.682159900665283
11293261	2.682159900665283
11293266	2.682159900665283
11293270	2.682159900665283
11293274	2.682159900665283
11293275	2.682159900665283
11293282	2.682159900665283
11293291	2.682159900665283
11293292	2.682159900665283
11293293	2.682159900665283
11293294	2.682159900665283
11293301	2.682159900665283
11293320	2.682159900665283
11293325	2.682159900665283
11293326	2.682159900665283
11293330	3.0915732383728027
11293331	3.0915732383728027
11293333	3.0915732383728027
11293344	3.864466667175293
11293352	4.637359619140625
11293359	4.637359619140625
11293367	3.864466667175293
11293371	3.864466667175293
11293372	3.864466667175293
11293376	3.864466667175293
11293379	3.0915732383728027
11293391	3.0915732383728027
11293397	3.864466667175293
11293409	3.864466667175293
11293410	3.0915732383728027
11293411	2.682159900665283
11293417	3.0915732383728027
11293423	2.682159900665283
11293428	2.682159900665283
11293471	2.682159900665283
11293475	2.682159900665283
11293510	2.682159900665283
11293542	2.682159900665283
11293549	3.0915732383728027
11293555	3.864466667175293
11293557	3.0915732383728027
11293559	3.864466667175293
11293572	4.637359619140625
11293579	5.410253047943115
11293594	4.637359619140625
11293597	3.864466667175293
11293601	3.864466667175293
11293604	4.637359619140625
11293605	5.410253047943115
11293626	6.1831464767456055
11293633	5.410253047943115
11293635	4.637359619140625
11293641	4.637359619140625
11293643	3.864466667175293
11293656	3.0915732383728027
11293675	2.682159900665283
11293677	3.0915732383728027
11293678	3.0915732383728027
11293685	3.0915732383728027
11293688	2.682159900665283
11293689	2.682159900665283
11293704	2.682159900665283
11293705	2.682159900665283
11293709	2.682159900665283
11293714	3.0915732383728027
11293719	3.0915732383728027
11293724	3.864466667175293
11293731	3.864466667175293
11293749	3.864466667175293
11293751	4.637359619140625
11293752	5.410253047943115
11293778	5.410253047943115
11293788	6.1831464767456055
11293789	5.410253047943115
11293793	4.637359619140625
11293803	3.864466667175293
11293817	3.0915732383728027
11293819	3.0915732383728027
11293833	3.0915732383728027
11293834	2.682159900665283
11293835	2.682159900665283
11293837	2.682159900665283
11293843	2.682159900665283
11293852	2.682159900665283
11293861	2.682159900665283
11293862	2.682159900665283
11293867	2.682159900665283
11293868	2.682159900665283
11293872	2.682159900665283
11293875	2.682159900665283
11293886	2.682159900665283
11293910	2.682159900665283
11293921	2.682159900665283
11293933	2.682159900665283
11293953	2.682159900665283
11293980	2.682159900665283
11294000	2.682159900665283
11294013	2.682159900665283
11294037	2.682159900665283
11294052	2.682159900665283
11294055	2.682159900665283
11294071	2.682159900665283
11294084	2.682159900665283
11294091	2.682159900665283
11294093	2.682159900665283
11294099	2.682159900665283
11294101	2.682159900665283
11294114	2.682159900665283
11294132	2.682159900665283
11294135	2.682159900665283
11294136	2.682159900665283
11294137	3.0915732383728027
11294139	3.0915732383728027
11294143	2.682159900665283
11294146	2.682159900665283
11294147	2.682159900665283
11294170	2.682159900665283
11294177	2.682159900665283
11294189	2.682159900665283
11294217	2.682159900665283
11294219	2.682159900665283
11294220	2.682159900665283
11294246	2.682159900665283
11294247	2.682159900665283
11294251	2.682159900665283
11294261	2.682159900665283
11294273	2.682159900665283
11294291	2.682159900665283
11294293	2.682159900665283
11294301	2.682159900665283
11294310	2.682159900665283
11294320	2.682159900665283
11294379	2.682159900665283
11294394	2.682159900665283
11294438	2.682159900665283
11294458	2.682159900665283
11294508	2.682159900665283
11294522	2.682159900665283
11294526	2.682159900665283
11294529	2.682159900665283
11294540	2.682159900665283
11294541	2.682159900665283
11294542	2.682159900665283
11294559	2.682159900665283
11294561	2.682159900665283
11294587	2.682159900665283
11294595	2.682159900665283
11294596	2.682159900665283
11294597	2.682159900665283
11294613	2.682159900665283
11294635	2.682159900665283
11294664	2.682159900665283
11294677	2.682159900665283
11294678	2.682159900665283
11294679	2.682159900665283
11294717	2.682159900665283
11294721	2.682159900665283
11294731	2.682159900665283
11294763	2.682159900665283
11294766	2.682159900665283
11294852	2.682159900665283
11294883	2.682159900665283
11294966	2.682159900665283
11294967	2.682159900665283
11294971	2.682159900665283
11294980	2.682159900665283
11294984	2.682159900665283
11294999	2.682159900665283
11295000	3.0915732383728027
11295016	3.0915732383728027
11295017	3.0915732383728027
11295019	3.864466667175293
11295040	4.637359619140625
11295050	4.637359619140625
11295061	3.864466667175293
11295068	3.864466667175293
11295071	2.682159900665283
11295083	2.682159900665283
11295091	2.682159900665283
11295100	2.682159900665283
11295101	2.682159900665283
11295103	2.682159900665283
11295104	2.682159900665283
11295107	2.682159900665283
11295131	2.682159900665283
11295137	2.682159900665283
11295147	2.682159900665283
11295148	2.682159900665283
11295171	2.682159900665283
11295178	2.682159900665283
11295189	2.682159900665283
11295207	2.682159900665283
11295209	2.682159900665283
11295210	2.682159900665283
11295211	2.682159900665283
11295219	2.682159900665283
11295220	2.682159900665283
11295232	2.682159900665283
11295236	2.682159900665283
11295252	2.682159900665283
11295256	2.682159900665283
11295275	2.682159900665283
11295278	2.682159900665283
11295289	2.682159900665283
11295290	2.682159900665283
11295292	2.682159900665283
11295300	2.682159900665283
11295312	2.682159900665283
11295491	2.682159900665283
11295498	2.682159900665283
11295508	2.682159900665283
11295526	2.682159900665283
11295541	2.682159900665283
11295549	2.682159900665283
11295559	2.682159900665283
11295561	2.682159900665283
11295565	2.682159900665283
11295582	2.682159900665283
11295589	2.682159900665283
11295599	2.682159900665283
11295605	2.682159900665283
11295629	3.0915732383728027
11295633	3.864466667175293
11295636	3.0915732383728027
11295642	3.864466667175293
11295643	3.864466667175293
11295647	3.864466667175293
11295649	4.637359619140625
11295667	3.864466667175293
11295668	5.410253047943115
11295669	6.1831464767456055
11295673	6.956039905548096
11295677	6.1831464767456055
11295678	6.956039905548096
11295689	7.728933334350586
11295710	6.956039905548096
11295713	8.501826286315918
11295714	7.728933334350586
11295720	8.501826286315918
11295731	7.728933334350586
11295733	6.956039905548096
11295736	7.728933334350586
11295741	8.501826286315918
11295747	8.501826286315918
11295748	9.27471923828125
11295750	10.047613143920898
11295751	10.82050609588623
11295752	9.27471923828125
11295753	8.501826286315918
11295758	7.728933334350586
11295761	8.501826286315918
11295762	7.728933334350586
11295770	6.956039905548096
11295775	7.728933334350586
11295794	7.728933334350586
11295798	6.1831464767456055
11295807	5.410253047943115
11295817	5.410253047943115
11295820	4.637359619140625
11295831	3.864466667175293
11295832	3.0915732383728027
11295834	2.682159900665283
11295842	2.682159900665283
11295854	2.682159900665283
11295859	2.682159900665283
11295894	2.682159900665283
11295949	2.682159900665283
11295984	2.682159900665283
11295998	2.682159900665283
11296003	2.682159900665283
11296033	2.682159900665283
11296036	2.682159900665283
11296037	2.682159900665283
11296040	2.682159900665283
11296057	2.682159900665283
11296068	2.682159900665283
11296091	2.682159900665283
11296100	2.682159900665283
11296101	2.682159900665283
11296107	2.682159900665283
11296131	2.682159900665283
11296141	2.682159900665283
11296147	2.682159900665283
11296171	2.682159900665283
11296178	2.682159900665283
11296184	2.682159900665283
11296185	2.682159900665283
11296189	2.682159900665283
11296199	2.682159900665283
11296209	2.682159900665283
11296210	2.682159900665283
11296211	2.682159900665283
11296219	2.682159900665283
11296220	2.682159900665283
11296252	2.682159900665283
11296256	2.682159900665283
11296265	2.682159900665283
11296274	2.682159900665283
11296275	2.682159900665283
11296278	2.682159900665283
11296283	2.682159900665283
11296289	2.682159900665283
11296290	2.682159900665283
11296292	2.682159900665283
11296300	2.682159900665283
11296312	2.682159900665283
11296319	2.682159900665283
11296349	2.682159900665283
11296491	2.682159900665283
11296494	2.682159900665283
11296526	2.682159900665283
11296535	2.682159900665283
11296568	2.682159900665283
11296599	2.682159900665283
11296602	2.682159900665283
11296642	2.682159900665283
11296643	2.682159900665283
11296670	2.682159900665283
11296710	2.682159900665283
11296717	2.682159900665283
11296719	2.682159900665283
11296740	2.682159900665283
11296741	2.682159900665283
11296746	2.682159900665283
11296748	2.682159900665283
11296749	2.682159900665283
11296757	2.682159900665283
11296780	2.682159900665283
11296784	2.682159900665283
11296785	2.682159900665283
11296786	2.682159900665283
11296796	2.682159900665283
11296807	2.682159900665283
11296847	2.682159900665283
11296911	2.682159900665283
11296942	2.682159900665283
11296952	2.682159900665283
11296984	2.682159900665283
11296993	2.682159900665283
11297036	2.682159900665283
11297077	2.682159900665283
11297119	2.682159900665283
11297132	2.682159900665283
11297166	2.682159900665283
11297176	2.682159900665283
11297218	2.682159900665283
11297293	2.682159900665283
11297296	2.682159900665283
11297312	2.682159900665283
11297313	2.682159900665283
11297326	2.682159900665283
11297329	2.682159900665283
11297344	2.682159900665283
11297347	2.682159900665283
11297379	2.682159900665283
11297486	2.682159900665283
11297488	2.682159900665283
11297492	2.682159900665283
11297493	2.682159900665283
11297494	2.682159900665283
11297500	2.682159900665283
11297519	2.682159900665283
11297531	2.682159900665283
11297535	2.682159900665283
11297537	2.682159900665283
11297538	2.682159900665283
11297540	2.682159900665283
11297585	2.682159900665283
11297590	2.682159900665283
11297634	2.682159900665283
11297653	2.682159900665283
11297674	2.682159900665283
11297680	2.682159900665283
11297686	2.682159900665283
11297688	2.682159900665283
11297689	2.682159900665283
11297718	2.682159900665283
11297720	2.682159900665283
11297726	2.682159900665283
11297731	2.682159900665283
11297735	2.682159900665283
11297749	2.682159900665283
11297753	2.682159900665283
11297759	2.682159900665283
11297760	2.682159900665283
11297761	2.682159900665283
11297770	2.682159900665283
11297771	2.682159900665283
11297774	2.682159900665283
11297782	2.682159900665283
11297794	2.682159900665283
11297795	2.682159900665283
11297802	2.682159900665283
11297805	2.682159900665283
11297827	3.0915732383728027
11297830	3.0915732383728027
11297831	3.0915732383728027
11297852	3.0915732383728027
11297854	3.0915732383728027
11297855	2.682159900665283
11297867	2.682159900665283
11297871	2.682159900665283
11297872	2.682159900665283
11297889	2.682159900665283
11297897	2.682159900665283
11297923	2.682159900665283
11297944	2.682159900665283
11297946	2.682159900665283
11297950	2.682159900665283
11297951	2.682159900665283
11297958	3.0915732383728027
11297977	3.864466667175293
11297989	4.637359619140625
11297995	5.410253047943115
11297996	6.1831464767456055
11297998	6.956039905548096
11298028	7.728933334350586
11298030	6.956039905548096
11298034	6.1831464767456055
11298035	5.410253047943115
11298042	4.637359619140625
11298048	3.864466667175293
11298051	3.864466667175293
11298061	3.864466667175293
11298073	3.0915732383728027
11298079	2.682159900665283
11298080	2.682159900665283
11298082	2.682159900665283
11298092	2.682159900665283
11298096	2.682159900665283
11298132	2.682159900665283
11298144	2.682159900665283
11298146	2.682159900665283
11298176	2.682159900665283
11298184	2.682159900665283
11298189	2.682159900665283
11298214	3.0915732383728027
11298224	3.0915732383728027
11298228	3.0915732383728027
11298230	2.682159900665283
11298240	2.682159900665283
11298252	2.682159900665283
11298268	2.682159900665283
11298269	2.682159900665283
11298273	2.682159900665283
11298294	2.682159900665283
11298298	2.682159900665283
11298312	2.682159900665283
11298313	2.682159900665283
11298317	2.682159900665283
11298319	2.682159900665283
11298321	2.682159900665283
11298323	2.682159900665283
11298329	2.682159900665283
11298334	2.682159900665283
11298340	2.682159900665283
11298342	2.682159900665283
11298343	2.682159900665283
11298344	2.682159900665283
11298347	2.682159900665283
11298355	2.682159900665283
11298367	2.682159900665283
11298369	2.682159900665283
11298370	2.682159900665283
11298371	2.682159900665283
11298372	2.682159900665283
11298375	2.682159900665283
11298379	2.682159900665283
11298386	2.682159900665283
11298410	2.682159900665283
11298413	2.682159900665283
11298429	2.682159900665283
11298433	2.682159900665283
11298439	2.682159900665283
11298443	2.682159900665283
11298453	2.682159900665283
11298486	2.682159900665283
11298488	2.682159900665283
11298490	2.682159900665283
11298492	2.682159900665283
11298493	2.682159900665283
11298499	2.682159900665283
11298500	2.682159900665283
11298513	2.682159900665283
11298519	2.682159900665283
11298531	2.682159900665283
11298537	2.682159900665283
11298538	2.682159900665283
11298540	2.682159900665283
11298552	2.682159900665283
11298584	2.682159900665283
11298591	2.682159900665283
11298599	2.682159900665283
11298601	2.682159900665283
11298614	2.682159900665283
11298632	2.682159900665283
11298640	2.682159900665283
11298643	2.682159900665283
11298646	2.682159900665283
11298647	2.682159900665283
11298670	2.682159900665283
11298677	2.682159900665283
11298686	2.682159900665283
11298688	2.682159900665283
11298717	2.682159900665283
11298726	2.682159900665283
11298731	2.682159900665283
11298746	2.682159900665283
11298747	2.682159900665283
11298751	2.682159900665283
11298761	2.682159900665283
11298791	2.682159900665283
11298793	2.682159900665283
11298801	2.682159900665283
11298820	2.682159900665283
11298830	2.682159900665283
11298868	2.682159900665283
11298871	2.682159900665283
11298879	2.682159900665283
11298897	2.682159900665283
11298914	2.682159900665283
11298952	2.682159900665283
11298968	2.682159900665283
11299011	2.682159900665283
11299040	2.682159900665283
11299087	2.682159900665283
11299090	2.682159900665283
11299097	2.682159900665283
11299128	2.682159900665283
11299135	2.682159900665283
11299174	2.682159900665283
11299177	2.682159900665283
11299178	2.682159900665283
11299212	2.682159900665283
11299217	2.682159900665283
11299221	2.682159900665283
11299231	2.682159900665283
11299263	2.682159900665283
11299266	2.682159900665283
11299352	2.682159900665283
11299372	2.682159900665283
11299410	2.682159900665283
11299480	2.682159900665283
11299498	2.682159900665283
11299500	2.682159900665283
11299545	2.682159900665283
11299561	2.682159900665283
11299571	2.682159900665283
11299580	2.682159900665283
11299582	2.682159900665283
11299600	2.682159900665283
11299629	2.682159900665283
11299632	2.682159900665283
11299637	2.682159900665283
11299670	2.682159900665283
11299675	2.682159900665283
11299679	2.682159900665283
11299721	2.682159900665283
11299724	2.682159900665283
11299759	3.0915732383728027
11299763	2.682159900665283
11299805	2.682159900665283
11299808	2.682159900665283
11300006	2.682159900665283
11300008	2.682159900665283
11300019	2.682159900665283
11300026	2.682159900665283
11300037	2.682159900665283
11300040	2.682159900665283
11300041	2.682159900665283
11300058	2.682159900665283
11300059	2.682159900665283
11300061	2.682159900665283
11300087	2.682159900665283
11300103	2.682159900665283
11300136	2.682159900665283
11300142	2.682159900665283
11300195	2.682159900665283
11300217	2.682159900665283
11300221	2.682159900665283
11300236	2.682159900665283
11300263	2.682159900665283
11300266	2.682159900665283
11300275	2.682159900665283
11300293	2.682159900665283
11300298	2.682159900665283
11300300	2.682159900665283
11300306	2.682159900665283
11300308	2.682159900665283
11300309	2.682159900665283
11300340	2.682159900665283
11300350	2.682159900665283
11300359	2.682159900665283
11300363	2.682159900665283
11300365	2.682159900665283
11300366	2.682159900665283
11300389	2.682159900665283
11300394	2.682159900665283
11300540	2.682159900665283
11300561	2.682159900665283
11300591	2.682159900665283
11300600	2.682159900665283
11300607	2.682159900665283
11300631	2.682159900665283
11300647	2.682159900665283
11300671	2.682159900665283
11300678	2.682159900665283
11300689	2.682159900665283
11300694	2.682159900665283
11300709	2.682159900665283
11300710	2.682159900665283
11300711	2.682159900665283
11300719	2.682159900665283
11300720	2.682159900665283
11300733	2.682159900665283
11300752	2.682159900665283
11300756	2.682159900665283
11300775	2.682159900665283
11300778	2.682159900665283
11300789	2.682159900665283
11300790	2.682159900665283
11300792	2.682159900665283
11300800	2.682159900665283
11300812	2.682159900665283
11300852	2.682159900665283
11300878	2.682159900665283
11300901	2.682159900665283
11300919	2.682159900665283
11300936	2.682159900665283
11300991	2.682159900665283
11301026	2.682159900665283
11301036	2.682159900665283
11301067	2.682159900665283
11301068	2.682159900665283
11301099	2.682159900665283
11301102	2.682159900665283
11301142	2.682159900665283
11301143	2.682159900665283
11301205	2.682159900665283
11301236	2.682159900665283
11301241	2.682159900665283
11301248	2.682159900665283
11301249	2.682159900665283
11301275	2.682159900665283
11301285	2.682159900665283
11301296	2.682159900665283
11301307	2.682159900665283
11301359	2.682159900665283
11301394	2.682159900665283
11301526	2.682159900665283
11301560	2.682159900665283
11301610	2.682159900665283
11301644	2.682159900665283
11301706	2.682159900665283
11301707	2.682159900665283
11301743	2.682159900665283
11301754	2.682159900665283
11301790	3.0915732383728027
11301791	2.682159900665283
11301793	2.682159900665283
11301796	2.682159900665283
11301826	2.682159900665283
11301827	2.682159900665283
11301829	2.682159900665283
11301838	2.682159900665283
11301844	2.682159900665283
11301879	2.682159900665283
11301994	2.682159900665283
11302035	2.682159900665283
11302068	2.682159900665283
11302102	2.682159900665283
11302248	2.682159900665283
11302251	2.682159900665283
11302253	2.682159900665283
11302254	2.682159900665283
11302260	2.682159900665283
11302261	2.682159900665283
11302284	2.682159900665283
11302285	2.682159900665283
11302287	2.682159900665283
11302294	3.0915732383728027
11302295	3.0915732383728027
11302296	3.0915732383728027
11302302	3.0915732383728027
11302327	3.864466667175293
11302335	3.864466667175293
11302337	3.0915732383728027
11302338	3.864466667175293
11302368	3.0915732383728027
11302371	2.682159900665283
11302386	2.682159900665283
11302421	2.682159900665283
11302548	2.682159900665283
11302551	2.682159900665283
11302592	2.682159900665283
11302596	2.682159900665283
11302632	2.682159900665283
11302676	2.682159900665283
11302707	2.682159900665283
11302711	2.682159900665283
11302718	2.682159900665283
11302719	3.0915732383728027
11302740	3.864466667175293
11302752	3.864466667175293
11302753	6.1831464767456055
11302760	7.728933334350586
11302769	8.501826286315918
11302785	8.501826286315918
11302791	9.27471923828125
11302793	8.501826286315918
11302794	8.501826286315918
11302795	8.501826286315918
11302796	7.728933334350586
11302798	7.728933334350586
11302802	7.728933334350586
11302803	6.1831464767456055
11302812	5.410253047943115
11302813	5.410253047943115
11302819	5.410253047943115
11302821	5.410253047943115
11302823	5.410253047943115
11302826	5.410253047943115
11302829	5.410253047943115
11302836	5.410253047943115
11302837	3.0915732383728027
11302840	2.682159900665283
11302842	2.682159900665283
11302843	2.682159900665283
11302844	2.682159900665283
11302847	2.682159900665283
11302868	2.682159900665283
11302869	2.682159900665283
11302870	2.682159900665283
11302871	2.682159900665283
11302929	2.682159900665283
11302943	2.682159900665283
11302986	2.682159900665283
11302988	2.682159900665283
11302990	2.682159900665283
11302992	2.682159900665283
11302993	2.682159900665283
11302999	2.682159900665283
11303000	2.682159900665283
11303006	2.682159900665283
11303009	2.682159900665283
11303017	2.682159900665283
11303019	2.682159900665283
11303021	2.682159900665283
11303031	2.682159900665283
11303037	2.682159900665283
11303038	2.682159900665283
11303040	2.682159900665283
11303049	2.682159900665283
11303050	2.682159900665283
11303054	2.682159900665283
11303061	3.0915732383728027
11303062	3.0915732383728027
11303090	3.0915732383728027
11303093	2.682159900665283
11303134	2.682159900665283
11303138	2.682159900665283
11303140	2.682159900665283
11303177	2.682159900665283
11303186	2.682159900665283
11303188	2.682159900665283
11303193	2.682159900665283
11303198	2.682159900665283
11303225	2.682159900665283
11303226	2.682159900665283
11303227	2.682159900665283
11303231	2.682159900665283
11303249	2.682159900665283
11303252	2.682159900665283
11303253	3.0915732383728027
11303256	3.0915732383728027
11303260	3.864466667175293
11303261	3.864466667175293
11303277	3.864466667175293
11303279	4.637359619140625
11303281	5.410253047943115
11303282	6.1831464767456055
11303294	5.410253047943115
11303295	5.410253047943115
11303298	5.410253047943115
11303300	6.1831464767456055
11303301	6.956039905548096
11303302	8.501826286315918
11303311	9.27471923828125
11303326	8.501826286315918
11303327	9.27471923828125
11303328	10.047613143920898
11303329	10.82050609588623
11303336	11.593400001525879
11303337	10.047613143920898
11303340	10.82050609588623
11303361	10.047613143920898
11303363	9.27471923828125
11303365	8.501826286315918
11303371	7.728933334350586
11303382	7.728933334350586
11303384	6.956039905548096
11303385	6.1831464767456055
11303386	4.637359619140625
11303387	3.864466667175293
11303397	4.637359619140625
11303401	4.637359619140625
11303410	5.410253047943115
11303411	4.637359619140625
11303412	3.864466667175293
11303413	3.0915732383728027
11303421	2.682159900665283
11303448	2.682159900665283
11303457	2.682159900665283
11303468	3.0915732383728027
11303471	3.0915732383728027
11303485	2.682159900665283
11303511	2.682159900665283
11303532	2.682159900665283
11303541	2.682159900665283
11303548	2.682159900665283
11303551	2.682159900665283
11303592	2.682159900665283
11303596	2.682159900665283
11303598	2.682159900665283
11303635	2.682159900665283
11303682	2.682159900665283
11303719	2.682159900665283
11303740	2.682159900665283
11303766	2.682159900665283
11303769	2.682159900665283
11303794	2.682159900665283
11303798	2.682159900665283
11303801	2.682159900665283
11303819	2.682159900665283
11303821	2.682159900665283
11303823	2.682159900665283
11303840	2.682159900665283
11303842	2.682159900665283
11303843	2.682159900665283
11303844	2.682159900665283
11303868	2.682159900665283
11303869	2.682159900665283
11303870	2.682159900665283
11303871	2.682159900665283
11303872	2.682159900665283
11303879	2.682159900665283
11303910	2.682159900665283
11303926	2.682159900665283
11303929	2.682159900665283
11303943	2.682159900665283
11303969	2.682159900665283
11303990	2.682159900665283
11303999	2.682159900665283
11304010	2.682159900665283
11304045	2.682159900665283
11304053	2.682159900665283
11304080	2.682159900665283
11304132	2.682159900665283
11304140	2.682159900665283
11304170	2.682159900665283
11304177	2.682159900665283
11304280	2.682159900665283
11304329	2.682159900665283
11304468	2.682159900665283
11304503	2.682159900665283
11304506	2.682159900665283
11304511	2.682159900665283
11304537	2.682159900665283
11304538	2.682159900665283
11304540	2.682159900665283
11304587	2.682159900665283
11304622	2.682159900665283
11304636	2.682159900665283
11304695	2.682159900665283
11304717	2.682159900665283
11304721	2.682159900665283
11304763	2.682159900665283
11304766	2.682159900665283
11304793	2.682159900665283
11304798	2.682159900665283
11304800	2.682159900665283
11304806	2.682159900665283
11304808	2.682159900665283
11304809	2.682159900665283
11304840	2.682159900665283
11304850	2.682159900665283
11304863	2.682159900665283
11304865	2.682159900665283
11304866	2.682159900665283
11304889	2.682159900665283
11304964	2.682159900665283
11304995	2.682159900665283
11305026	2.682159900665283
11305045	2.682159900665283
11305048	2.682159900665283
11305060	2.682159900665283
11305061	2.682159900665283
11305079	2.682159900665283
11305080	2.682159900665283
11305094	2.682159900665283
11305100	2.682159900665283
11305150	2.682159900665283
11305153	2.682159900665283
11305178	2.682159900665283
11305198	2.682159900665283
11305227	2.682159900665283
11305237	2.682159900665283
11305251	2.682159900665283
11305256	2.682159900665283
11305258	2.682159900665283
11305264	2.682159900665283
11305266	3.0915732383728027
11305267	3.864466667175293
11305278	4.637359619140625
11305298	4.637359619140625
11305308	5.410253047943115
11305321	6.1831464767456055
11305323	6.956039905548096
11305324	7.728933334350586
11305335	8.501826286315918
11305340	7.728933334350586
11305342	6.956039905548096
11305347	6.1831464767456055
11305348	6.956039905548096
11305350	6.1831464767456055
11305351	5.410253047943115
11305378	4.637359619140625
11305382	4.637359619140625
11305392	3.864466667175293
11305405	3.0915732383728027
11305407	2.682159900665283
11305408	2.682159900665283
11305419	2.682159900665283
11305431	2.682159900665283
11305506	2.682159900665283
11305536	2.682159900665283
11305537	2.682159900665283
11305567	2.682159900665283
11305634	2.682159900665283
11305636	2.682159900665283
11305643	2.682159900665283
11305695	2.682159900665283
11305705	2.682159900665283
11305736	2.682159900665283
11305738	2.682159900665283
11305748	2.682159900665283
11305775	2.682159900665283
11305793	2.682159900665283
11305798	2.682159900665283
11305800	2.682159900665283
11305806	2.682159900665283
11305808	2.682159900665283
11305809	2.682159900665283
11305836	2.682159900665283
11305840	2.682159900665283
11305850	2.682159900665283
11305859	2.682159900665283
11305863	2.682159900665283
11305865	2.682159900665283
11305866	2.682159900665283
11305867	2.682159900665283
11305877	2.682159900665283
11305889	2.682159900665283
11305894	2.682159900665283
11305906	2.682159900665283
11305920	2.682159900665283
11305961	2.682159900665283
11305994	2.682159900665283
11306016	2.682159900665283
11306025	2.682159900665283
11306044	2.682159900665283
11306078	2.682159900665283
11306109	2.682159900665283
11306163	2.682159900665283
11306206	2.682159900665283
11306247	2.682159900665283
11306290	2.682159900665283
11306378	2.682159900665283
11306419	2.682159900665283
11306536	2.682159900665283
11306567	2.682159900665283
11306568	2.682159900665283
11306569	2.682159900665283
11306602	2.682159900665283
11306628	2.682159900665283
11306705	2.682159900665283
11306748	2.682159900665283
11306749	2.682159900665283
11306785	2.682159900665283
11306796	2.682159900665283
11306992	2.682159900665283
11307024	2.682159900665283
11307161	2.682159900665283
11307225	2.682159900665283
11307231	2.682159900665283
11307234	2.682159900665283
11307239	2.682159900665283
11307247	2.682159900665283
11307258	2.682159900665283
11307260	2.682159900665283
11307269	2.682159900665283
11307274	2.682159900665283
11307293	2.682159900665283
11307296	2.682159900665283
11307326	2.682159900665283
11307329	2.682159900665283
11307344	2.682159900665283
11307379	2.682159900665283
11307517	2.682159900665283
11307518	2.682159900665283
11307521	2.682159900665283
11307549	2.682159900665283
11307561	2.682159900665283
11307562	2.682159900665283
11307584	2.682159900665283
11307693	2.682159900665283
11307725	2.682159900665283
11307749	2.682159900665283
11307753	2.682159900665283
11307760	2.682159900665283
11307761	2.682159900665283
11307794	2.682159900665283
11307795	2.682159900665283
11307802	2.682159900665283
11307827	2.682159900665283
11307848	2.682159900665283
11307852	2.682159900665283
11307881	2.682159900665283
11307890	2.682159900665283
11307975	2.682159900665283
11307979	2.682159900665283
11308007	2.682159900665283
11308019	3.0915732383728027
11308020	3.864466667175293
11308048	4.637359619140625
11308051	4.637359619140625
11308059	4.637359619140625
11308063	3.864466667175293
11308091	2.682159900665283
11308092	2.682159900665283
11308096	2.682159900665283
11308103	2.682159900665283
11308104	2.682159900665283
11308151	2.682159900665283
11308183	2.682159900665283
11308235	2.682159900665283
11308240	2.682159900665283
11308266	2.682159900665283
11308267	2.682159900665283
11308269	2.682159900665283
11308294	2.682159900665283
11308298	2.682159900665283
11308301	2.682159900665283
11308319	2.682159900665283
11308321	2.682159900665283
11308323	2.682159900665283
11308340	2.682159900665283
11308342	2.682159900665283
11308343	2.682159900665283
11308344	2.682159900665283
11308368	2.682159900665283
11308369	2.682159900665283
11308370	2.682159900665283
11308371	2.682159900665283
11308379	2.682159900665283
11308429	2.682159900665283
11308443	2.682159900665283
11308490	2.682159900665283
11308499	2.682159900665283
11308517	2.682159900665283
11308521	2.682159900665283
11308549	2.682159900665283
11308561	2.682159900665283
11308562	2.682159900665283
11308605	2.682159900665283
11308640	2.682159900665283
11308651	2.682159900665283
11308677	2.682159900665283
11308680	2.682159900665283
11308693	2.682159900665283
11308718	2.682159900665283
11308724	2.682159900665283
11308725	2.682159900665283
11308727	2.682159900665283
11308731	2.682159900665283
11308751	2.682159900665283
11308759	2.682159900665283
11308777	2.682159900665283
11308780	2.682159900665283
11308808	2.682159900665283
11308829	2.682159900665283
11308843	2.682159900665283
11308968	2.682159900665283
11309011	2.682159900665283
11309238	2.682159900665283
11309266	2.682159900665283
11309287	2.682159900665283
11309301	2.682159900665283
11309322	2.682159900665283
11309368	2.682159900665283
11309371	2.682159900665283
11309406	2.682159900665283
11309507	2.682159900665283
11309514	2.682159900665283
11309526	2.682159900665283
11309545	2.682159900665283
11309548	2.682159900665283
11309549	2.682159900665283
11309560	2.682159900665283
11309580	2.682159900665283
11309650	2.682159900665283
11309698	2.682159900665283
11309727	2.682159900665283
11309778	2.682159900665283
11309780	2.682159900665283
11309814	2.682159900665283
11309829	2.682159900665283
11309860	2.682159900665283
11309984	2.682159900665283
11310006	2.682159900665283
11310018	2.682159900665283
11310037	2.682159900665283
11310068	2.682159900665283
11310102	2.682159900665283
11310108	2.682159900665283
11310134	2.682159900665283
11310136	2.682159900665283
11310138	2.682159900665283
11310143	2.682159900665283
11310156	2.682159900665283
11310185	2.682159900665283
11310192	2.682159900665283
11310195	2.682159900665283
11310205	2.682159900665283
11310206	2.682159900665283
11310236	2.682159900665283
11310238	2.682159900665283
11310240	2.682159900665283
11310269	2.682159900665283
11310293	2.682159900665283
11310298	2.682159900665283
11310300	2.682159900665283
11310306	2.682159900665283
11310308	2.682159900665283
11310309	2.682159900665283
11310320	2.682159900665283
11310340	2.682159900665283
11310350	2.682159900665283
11310363	2.682159900665283
11310365	2.682159900665283
11310366	2.682159900665283
11310367	2.682159900665283
11310389	2.682159900665283
11310406	2.682159900665283
11310516	2.682159900665283
11310526	2.682159900665283
11310544	2.682159900665283
11310560	2.682159900665283
11310592	2.682159900665283
11310601	2.682159900665283
11310650	2.682159900665283
11310663	2.682159900665283
11310676	2.682159900665283
11310685	2.682159900665283
11310696	2.682159900665283
11310698	2.682159900665283
11310727	2.682159900665283
11310747	2.682159900665283
11310778	2.682159900665283
11310780	2.682159900665283
11310825	2.682159900665283
11310864	2.682159900665283
11310878	2.682159900665283
11310909	2.682159900665283
11310919	2.682159900665283
11310948	2.682159900665283
11310974	2.682159900665283
11311002	2.682159900665283
11311036	2.682159900665283
11311058	2.682159900665283
11311067	2.682159900665283
11311069	2.682159900665283
11311086	2.682159900665283
11311128	2.682159900665283
11311134	2.682159900665283
11311143	2.682159900665283
11311205	2.682159900665283
11311209	2.682159900665283
11311238	2.682159900665283
11311244	2.682159900665283
11311248	2.682159900665283
11311367	2.682159900665283
11311406	2.682159900665283
11311492	2.682159900665283
11311516	2.682159900665283
11311524	2.682159900665283
11311527	2.682159900665283
11311544	2.682159900665283
11311586	2.682159900665283
11311611	2.682159900665283
11311661	2.682159900665283
11311670	2.682159900665283
11311725	2.682159900665283
11311731	2.682159900665283
11311734	2.682159900665283
11311739	2.682159900665283
11311747	2.682159900665283
11311758	2.682159900665283
11311760	2.682159900665283
11311769	2.682159900665283
11311774	2.682159900665283
11311950	2.682159900665283
11311982	2.682159900665283
11312018	2.682159900665283
11312034	2.682159900665283
11312066	2.682159900665283
11312069	2.682159900665283
11312084	2.682159900665283
11312119	2.682159900665283
11312128	2.682159900665283
11312176	2.682159900665283
11312183	2.682159900665283
11312189	2.682159900665283
11312192	2.682159900665283
11312197	3.0915732383728027
11312203	3.864466667175293
11312205	3.0915732383728027
11312210	3.864466667175293
11312216	3.864466667175293
11312218	4.637359619140625
11312227	5.410253047943115
11312232	6.1831464767456055
11312267	6.956039905548096
11312273	6.1831464767456055
11312276	5.410253047943115
11312281	4.637359619140625
11312289	3.864466667175293
11312300	3.0915732383728027
11312302	2.682159900665283
11312311	2.682159900665283
11312316	2.682159900665283
11312348	2.682159900665283
11312352	2.682159900665283
11312381	2.682159900665283
11312390	2.682159900665283
11312472	2.682159900665283
11312476	2.682159900665283
11312492	2.682159900665283
11312498	2.682159900665283
11312524	2.682159900665283
11312542	2.682159900665283
11312560	2.682159900665283
11312626	2.682159900665283
11312661	2.682159900665283
11312725	2.682159900665283
11312731	2.682159900665283
11312734	2.682159900665283
11312739	2.682159900665283
11312747	2.682159900665283
11312758	2.682159900665283
11312760	2.682159900665283
11312769	2.682159900665283
11312774	2.682159900665283
11312806	2.682159900665283
11312810	2.682159900665283
11312839	2.682159900665283
11312848	2.682159900665283
11312890	3.0915732383728027
11312894	2.682159900665283
11312923	2.682159900665283
11312932	2.682159900665283
11312968	2.682159900665283
11312991	2.682159900665283
11313017	2.682159900665283
11313018	2.682159900665283
11313021	2.682159900665283
11313034	2.682159900665283
11313036	2.682159900665283
11313049	2.682159900665283
11313061	2.682159900665283
11313062	2.682159900665283
11313084	2.682159900665283
11313105	2.682159900665283
11313112	2.682159900665283
11313151	2.682159900665283
11313158	2.682159900665283
11313180	2.682159900665283
11313193	2.682159900665283
11313218	2.682159900665283
11313225	2.682159900665283
11313227	2.682159900665283
11313231	2.682159900665283
11313251	2.682159900665283
11313277	2.682159900665283
11313348	2.682159900665283
11313352	2.682159900665283
11313381	2.682159900665283
11313390	2.682159900665283
11313563	2.682159900665283
11313609	2.682159900665283
11313638	2.682159900665283
11313647	2.682159900665283
11313651	2.682159900665283
11313676	2.682159900665283
11313685	3.0915732383728027
11313689	3.864466667175293
11313693	4.637359619140625
11313709	3.864466667175293
11313722	4.637359619140625
11313725	3.864466667175293
11313735	3.864466667175293
11313760	4.637359619140625
11313766	3.864466667175293
11313769	3.864466667175293
11313773	3.0915732383728027
11313793	2.682159900665283
11313801	2.682159900665283
11313819	2.682159900665283
11313823	2.682159900665283
11313868	2.682159900665283
11313906	2.682159900665283
11313972	2.682159900665283
11313978	2.682159900665283
11314007	2.682159900665283
11314014	2.682159900665283
11314037	2.682159900665283
11314048	2.682159900665283
11314049	2.682159900665283
11314065	2.682159900665283
11314105	2.682159900665283
11314151	2.682159900665283
11314180	2.682159900665283
11314193	2.682159900665283
11314218	2.682159900665283
11314227	2.682159900665283
11314231	2.682159900665283
11314251	2.682159900665283
11314277	2.682159900665283
11314280	2.682159900665283
11314314	2.682159900665283
11314326	2.682159900665283
11314329	2.682159900665283
11314360	2.682159900665283
11314364	2.682159900665283
11314377	2.682159900665283
11314380	2.682159900665283
11314410	2.682159900665283
11314415	2.682159900665283
11314422	2.682159900665283
11314448	2.682159900665283
11314465	2.682159900665283
11314472	2.682159900665283
11314506	2.682159900665283
11314507	2.682159900665283
11314549	3.0915732383728027
11314556	2.682159900665283
11314590	2.682159900665283
11314591	2.682159900665283
11314638	2.682159900665283
11314706	2.682159900665283
11314718	2.682159900665283
11314756	2.682159900665283
11314772	2.682159900665283
11314818	2.682159900665283
11314856	2.682159900665283
11314868	2.682159900665283
11314902	2.682159900665283
11314906	2.682159900665283
11315007	2.682159900665283
11315014	2.682159900665283
11315026	2.682159900665283
11315048	2.682159900665283
11315049	2.682159900665283
11315060	2.682159900665283
11315096	2.682159900665283
11315150	2.682159900665283
11315164	2.682159900665283
11315180	2.682159900665283
11315198	2.682159900665283
11315227	2.682159900665283
11315248	2.682159900665283
11315278	2.682159900665283
11315314	2.682159900665283
11315336	2.682159900665283
11315360	2.682159900665283
11315375	2.682159900665283
11315430	2.682159900665283
11315475	2.682159900665283
11315523	2.682159900665283
11315556	2.682159900665283
11315634	2.682159900665283
11315638	2.682159900665283
11315643	2.682159900665283
11315705	2.682159900665283
11315706	2.682159900665283
11315709	2.682159900665283
11315738	2.682159900665283
11315744	2.682159900665283
11315866	2.682159900665283
11315867	2.682159900665283
11315891	2.682159900665283
11315906	2.682159900665283
11315911	2.682159900665283
11315946	2.682159900665283
11316016	2.682159900665283
11316044	2.682159900665283
11316167	2.682159900665283
11316195	2.682159900665283
11316202	2.682159900665283
11316231	2.682159900665283
11316251	2.682159900665283
11316286	2.682159900665283
11316569	2.682159900665283
11316628	2.682159900665283
11316676	2.682159900665283
11316709	2.682159900665283
11316710	2.682159900665283
11316744	2.682159900665283
11316972	2.682159900665283
11316992	2.682159900665283
11316998	2.682159900665283
11317024	2.682159900665283
11317134	2.682159900665283
11317161	2.682159900665283
11317168	2.682159900665283
11317218	2.682159900665283
11317225	2.682159900665283
11317231	2.682159900665283
11317234	2.682159900665283
11317239	2.682159900665283
11317247	2.682159900665283
11317252	2.682159900665283
11317258	2.682159900665283
11317260	2.682159900665283
11317269	2.682159900665283
11317274	2.682159900665283
11317430	2.682159900665283
11317449	2.682159900665283
11317456	2.682159900665283
11317468	2.682159900665283
11317484	2.682159900665283
11317491	2.682159900665283
11317514	2.682159900665283
11317518	2.682159900665283
11317534	2.682159900665283
11317536	2.682159900665283
11317540	2.682159900665283
11317584	2.682159900665283
11317612	2.682159900665283
11317617	2.682159900665283
11317648	2.682159900665283
11317658	2.682159900665283
11317676	2.682159900665283
11317710	2.682159900665283
11317714	2.682159900665283
11317715	2.682159900665283
11317761	2.682159900665283
11317848	2.682159900665283
11317852	2.682159900665283
11317881	2.682159900665283
11317890	2.682159900665283
11317926	2.682159900665283
11317949	2.682159900665283
11317968	2.682159900665283
11317972	2.682159900665283
11317992	2.682159900665283
11317994	2.682159900665283
11317998	3.0915732383728027
11318005	3.0915732383728027
11318010	3.0915732383728027
11318033	2.682159900665283
11318070	2.682159900665283
11318076	2.682159900665283
11318078	2.682159900665283
11318116	2.682159900665283
11318154	2.682159900665283
11318200	2.682159900665283
11318225	2.682159900665283
11318323	2.682159900665283
11318468	2.682159900665283
11318472	2.682159900665283
11318478	2.682159900665283
11318491	2.682159900665283
11318534	2.682159900665283
11318536	2.682159900665283
11318537	2.682159900665283
11318565	2.682159900665283
11318605	2.682159900665283
11318612	2.682159900665283
11318651	2.682159900665283
11318658	2.682159900665283
11318680	2.682159900665283
11318683	2.682159900665283
11318693	2.682159900665283
11318718	2.682159900665283
11318727	2.682159900665283
11318731	2.682159900665283
11318751	2.682159900665283
11318767	2.682159900665283
11318777	2.682159900665283
11318781	2.682159900665283
11318865	2.682159900665283
11318877	2.682159900665283
11318880	2.682159900665283
11318901	2.682159900665283
11318908	2.682159900665283
11318915	2.682159900665283
11318922	2.682159900665283
11318930	2.682159900665283
11318936	2.682159900665283
11318956	2.682159900665283
11318995	2.682159900665283
11318996	2.682159900665283
11319014	2.682159900665283
11319020	2.682159900665283
11319023	2.682159900665283
11319036	2.682159900665283
11319047	2.682159900665283
11319079	2.682159900665283
11319097	2.682159900665283
11319098	2.682159900665283
11319107	2.682159900665283
11319218	2.682159900665283
11319225	2.682159900665283
11319256	2.682159900665283
11319323	2.682159900665283
11319335	2.682159900665283
11319338	2.682159900665283
11319368	2.682159900665283
11319373	2.682159900665283
11319380	2.682159900665283
11319406	3.0915732383728027
11319419	3.0915732383728027
11319422	2.682159900665283
11319457	2.682159900665283
11319464	2.682159900665283
11319472	2.682159900665283
11319478	2.682159900665283
11319507	2.682159900665283
11319514	2.682159900665283
11319537	2.682159900665283
11319548	2.682159900665283
11319549	2.682159900665283
11319565	2.682159900665283
11319600	2.682159900665283
11319633	2.682159900665283
11319646	2.682159900665283
11319676	2.682159900665283
11319703	2.682159900665283
11319714	2.682159900665283
11319760	2.682159900665283
11319798	2.682159900665283
11319814	2.682159900665283
11319836	2.682159900665283
11319860	2.682159900665283
11319875	2.682159900665283
11319877	2.682159900665283
11319880	2.682159900665283
11319895	2.682159900665283
11319915	2.682159900665283
11319922	2.682159900665283
11319930	2.682159900665283
11319938	2.682159900665283
11319971	2.682159900665283
11319975	2.682159900665283
11319981	2.682159900665283
11320007	2.682159900665283
11320012	2.682159900665283
11320023	2.682159900665283
11320056	2.682159900665283
11320138	2.682159900665283
11320206	2.682159900665283
11320218	2.682159900665283
11320256	2.682159900665283
11320294	2.682159900665283
11320333	2.682159900665283
11320366	2.682159900665283
11320378	2.682159900665283
11320388	2.682159900665283
11320391	2.682159900665283
11320411	2.682159900665283
11320417	2.682159900665283
11320433	2.682159900665283
11320446	2.682159900665283
11320472	2.682159900665283
11320481	2.682159900665283
11320514	2.682159900665283
11320517	2.682159900665283
11320565	2.682159900665283
11320598	2.682159900665283
11320695	2.682159900665283
11320731	2.682159900665283
11320824	2.682159900665283
11320836	2.682159900665283
11320849	2.682159900665283
11320869	2.682159900665283
11320875	2.682159900665283
11320904	2.682159900665283
11320908	3.0915732383728027
11320930	2.682159900665283
11320933	2.682159900665283
11320953	2.682159900665283
11320975	2.682159900665283
11320976	2.682159900665283
11320977	2.682159900665283
11320988	2.682159900665283
11321022	2.682159900665283
11321023	2.682159900665283
11321036	2.682159900665283
11321056	2.682159900665283
11321116	2.682159900665283
11321117	2.682159900665283
11321151	2.682159900665283
11321153	2.682159900665283
11321164	2.682159900665283
11321189	2.682159900665283
11321209	2.682159900665283
11321237	2.682159900665283
11321244	2.682159900665283
11321273	2.682159900665283
11321366	2.682159900665283
11321391	2.682159900665283
11321401	2.682159900665283
11321411	2.682159900665283
11321446	2.682159900665283
11321496	2.682159900665283
11321695	2.682159900665283
11321731	2.682159900665283
11321766	2.682159900665283
11321799	2.682159900665283
11321949	2.682159900665283
11321984	2.682159900665283
11322117	2.682159900665283
11322148	2.682159900665283
11322176	2.682159900665283
11322210	2.682159900665283
11322214	2.682159900665283
11322215	2.682159900665283
11322261	2.682159900665283
11322407	2.682159900665283
11322442	2.682159900665283
11322468	2.682159900665283
11322472	2.682159900665283
11322491	2.682159900665283
11322498	2.682159900665283
11322505	2.682159900665283
11322526	2.682159900665283
11322575	2.682159900665283
11322602	2.682159900665283
11322606	2.682159900665283
11322620	2.682159900665283
11322628	2.682159900665283
11322636	2.682159900665283
11322637	2.682159900665283
11322638	2.682159900665283
11322651	2.682159900665283
11322659	2.682159900665283
11322672	2.682159900665283
11322673	2.682159900665283
11322684	2.682159900665283
11322690	2.682159900665283
11322693	2.682159900665283
11322696	2.682159900665283
11322705	2.682159900665283
11322708	2.682159900665283
11322716	2.682159900665283
11322719	2.682159900665283
11322739	3.0915732383728027
11322756	3.0915732383728027
11322757	2.682159900665283
11322803	2.682159900665283
11322926	2.682159900665283
11322949	2.682159900665283
11322963	2.682159900665283
11322968	2.682159900665283
11322984	2.682159900665283
11322991	2.682159900665283
11323010	2.682159900665283
11323034	2.682159900665283
11323036	2.682159900665283
11323047	2.682159900665283
11323112	2.682159900665283
11323117	2.682159900665283
11323148	2.682159900665283
11323158	2.682159900665283
11323214	2.682159900665283
11323215	2.682159900665283
11323246	2.682159900665283
11323261	2.682159900665283
11323279	2.682159900665283
11323335	2.682159900665283
11323367	2.682159900665283
11323377	2.682159900665283
11323401	2.682159900665283
11323408	2.682159900665283
11323423	2.682159900665283
11323456	2.682159900665283
11323468	2.682159900665283
11323496	2.682159900665283
11323505	2.682159900665283
11323536	2.682159900665283
11323547	2.682159900665283
11323597	2.682159900665283
11323598	2.682159900665283
11323725	2.682159900665283
11323823	2.682159900665283
11323859	2.682159900665283
11323866	2.682159900665283
11323890	2.682159900665283
11323914	2.682159900665283
11323943	2.682159900665283
11323945	2.682159900665283
11323950	2.682159900665283
11323954	2.682159900665283
11323972	2.682159900665283
11323978	2.682159900665283
11323994	2.682159900665283
11323998	2.682159900665283
11324005	2.682159900665283
11324037	2.682159900665283
11324038	2.682159900665283
11324055	2.682159900665283
11324056	2.682159900665283
11324065	3.0915732383728027
11324078	3.0915732383728027
11324089	2.682159900665283
11324100	2.682159900665283
11324133	2.682159900665283
11324139	2.682159900665283
11324140	2.682159900665283
11324146	2.682159900665283
11324203	2.682159900665283
11324377	2.682159900665283
11324380	2.682159900665283
11324395	2.682159900665283
11324401	2.682159900665283
11324408	2.682159900665283
11324415	2.682159900665283
11324422	2.682159900665283
11324438	2.682159900665283
11324456	2.682159900665283
11324471	2.682159900665283
11324481	2.682159900665283
11324496	2.682159900665283
11324507	2.682159900665283
11324512	2.682159900665283
11324536	2.682159900665283
11324547	2.682159900665283
11324558	2.682159900665283
11324591	2.682159900665283
11324597	2.682159900665283
11324598	2.682159900665283
11324604	2.682159900665283
11324642	2.682159900665283
11324661	2.682159900665283
11324675	2.682159900665283
11324688	2.682159900665283
11324718	2.682159900665283
11324745	2.682159900665283
11324756	2.682159900665283
11324853	2.682159900665283
11324874	2.682159900665283
11324887	2.682159900665283
11324892	2.682159900665283
11324896	2.682159900665283
11324920	2.682159900665283
11324927	2.682159900665283
11324929	2.682159900665283
11324932	2.682159900665283
11324935	2.682159900665283
11324937	2.682159900665283
11324939	2.682159900665283
11324962	2.682159900665283
11324965	2.682159900665283
11324970	3.0915732383728027
11324980	3.864466667175293
11324981	3.0915732383728027
11325013	3.0915732383728027
11325023	2.682159900665283
11325049	2.682159900665283
11325054	2.682159900665283
11325100	2.682159900665283
11325133	2.682159900665283
11325146	2.682159900665283
11325203	2.682159900665283
11325252	2.682159900665283
11325322	2.682159900665283
11325336	2.682159900665283
11325375	2.682159900665283
11325395	2.682159900665283
11325430	2.682159900665283
11325438	2.682159900665283
11325471	2.682159900665283
11325475	2.682159900665283
11325476	2.682159900665283
11325477	2.682159900665283
11325481	2.682159900665283
11325507	2.682159900665283
11325512	2.682159900665283
11325522	2.682159900665283
11325523	2.682159900665283
11325536	2.682159900665283
11325556	2.682159900665283
11325616	2.682159900665283
11325617	2.682159900665283
11325651	2.682159900665283
11325664	2.682159900665283
11325744	2.682159900665283
11325766	2.682159900665283
11325790	2.682159900665283
11325793	2.682159900665283
11325812	2.682159900665283
11325836	2.682159900665283
11325866	2.682159900665283
11325891	2.682159900665283
11325901	2.682159900665283
11325911	2.682159900665283
11325934	2.682159900665283
11325935	2.682159900665283
11325946	2.682159900665283
11325956	2.682159900665283
11325980	2.682159900665283
11325984	2.682159900665283
11325994	2.682159900665283
11325996	3.0915732383728027
11326018	3.0915732383728027
11326019	2.682159900665283
11326064	2.682159900665283
11326074	2.682159900665283
11326075	2.682159900665283
11326078	2.682159900665283
11326109	2.682159900665283
11326122	2.682159900665283
11326158	3.0915732383728027
11326159	2.682159900665283
11326193	2.682159900665283
11326195	2.682159900665283
11326206	2.682159900665283
11326231	2.682159900665283
11326266	2.682159900665283
11326299	2.682159900665283
11326359	2.682159900665283
11326443	2.682159900665283
11326454	2.682159900665283
11326476	2.682159900665283
11326477	2.682159900665283
11326522	2.682159900665283
11326536	2.682159900665283
11326538	2.682159900665283
11326616	2.682159900665283
11326617	2.682159900665283
11326651	2.682159900665283
11326664	2.682159900665283
11326717	2.682159900665283
11326724	2.682159900665283
11326748	2.682159900665283
11326757	2.682159900665283
11326808	2.682159900665283
11326841	2.682159900665283
11326901	2.682159900665283
11326996	2.682159900665283
11327102	2.682159900665283
11327120	2.682159900665283
11327128	2.682159900665283
11327136	2.682159900665283
11327137	2.682159900665283
11327138	2.682159900665283
11327151	2.682159900665283
11327184	2.682159900665283
11327193	2.682159900665283
11327196	2.682159900665283
11327205	2.682159900665283
11327208	2.682159900665283
11327216	2.682159900665283
11327239	2.682159900665283
11327266	2.682159900665283
11327299	2.682159900665283
11327449	2.682159900665283
11327484	2.682159900665283
11327560	2.682159900665283
11327578	2.682159900665283
11327586	2.682159900665283
11327594	2.682159900665283
11327595	3.0915732383728027
11327596	3.864466667175293
11327609	4.637359619140625
11327617	5.410253047943115
11327642	5.410253047943115
11327644	6.1831464767456055
11327648	5.410253047943115
11327651	5.410253047943115
11327654	6.1831464767456055
11327662	6.956039905548096
11327663	6.1831464767456055
11327666	6.956039905548096
11327670	7.728933334350586
11327674	6.956039905548096
11327678	7.728933334350586
11327679	6.956039905548096
11327680	6.1831464767456055
11327693	5.410253047943115
11327697	4.637359619140625
11327714	5.410253047943115
11327715	5.410253047943115
11327726	5.410253047943115
11327735	4.637359619140625
11327738	3.864466667175293
11327746	3.0915732383728027
11327747	3.0915732383728027
11327750	2.682159900665283
11327758	2.682159900665283
11327761	2.682159900665283
11327779	2.682159900665283
11327781	2.682159900665283
11327835	2.682159900665283
11327867	2.682159900665283
11327877	2.682159900665283
11327923	2.682159900665283
11327968	2.682159900665283
11328005	2.682159900665283
11328102	2.682159900665283
11328120	2.682159900665283
11328128	2.682159900665283
11328136	2.682159900665283
11328137	2.682159900665283
11328138	2.682159900665283
11328151	2.682159900665283
11328184	2.682159900665283
11328193	2.682159900665283
11328196	2.682159900665283
11328204	2.682159900665283
11328205	2.682159900665283
11328208	2.682159900665283
11328216	2.682159900665283
11328237	2.682159900665283
11328239	2.682159900665283
11328288	2.682159900665283
11328293	2.682159900665283
11328321	2.682159900665283
11328325	2.682159900665283
11328335	2.682159900665283
11328377	2.682159900665283
11328381	2.682159900665283
11328390	2.682159900665283
11328409	2.682159900665283
11328419	2.682159900665283
11328445	2.682159900665283
11328465	2.682159900665283
11328746	2.682159900665283
11328779	2.682159900665283
11328835	2.682159900665283
11328848	2.682159900665283
11328867	2.682159900665283
11328877	2.682159900665283
11328901	2.682159900665283
11328903	2.682159900665283
11328908	2.682159900665283
11328923	2.682159900665283
11328932	2.682159900665283
11328956	2.682159900665283
11328987	2.682159900665283
11328996	2.682159900665283
11329036	2.682159900665283
11329047	2.682159900665283
11329097	2.682159900665283
11329098	2.682159900665283
11329240	2.682159900665283
11329276	2.682159900665283
11329374	2.682159900665283
11329387	2.682159900665283
11329390	2.682159900665283
11329392	2.682159900665283
11329420	2.682159900665283
11329427	2.682159900665283
11329432	2.682159900665283
11329435	2.682159900665283
11329445	2.682159900665283
11329462	2.682159900665283
11329481	2.682159900665283
11329600	2.682159900665283
11329633	2.682159900665283
11329646	2.682159900665283
11329703	2.682159900665283
11329752	2.682159900665283
11329822	2.682159900665283
11329832	2.682159900665283
11329845	2.682159900665283
11329850	2.682159900665283
11329878	3.0915732383728027
11329885	3.864466667175293
11329890	4.637359619140625
11329893	5.410253047943115
11329895	6.1831464767456055
11329916	6.1831464767456055
11329920	5.410253047943115
11329929	6.1831464767456055
11329934	4.637359619140625
11329938	3.864466667175293
11329939	3.864466667175293
11329962	4.637359619140625
11329969	3.864466667175293
11329971	3.0915732383728027
11329974	3.0915732383728027
11329977	2.682159900665283
11329981	2.682159900665283
11330004	2.682159900665283
11330007	2.682159900665283
11330012	2.682159900665283
11330023	2.682159900665283
11330210	2.682159900665283
11330244	2.682159900665283
11330266	2.682159900665283
11330280	2.682159900665283
11330290	2.682159900665283
11330293	2.682159900665283
11330294	2.682159900665283
11330312	2.682159900665283
11330336	2.682159900665283
11330364	2.682159900665283
11330374	2.682159900665283
11330387	2.682159900665283
11330392	2.682159900665283
11330420	2.682159900665283
11330427	2.682159900665283
11330432	2.682159900665283
11330435	2.682159900665283
11330456	2.682159900665283
11330462	2.682159900665283
11330481	2.682159900665283
11330484	2.682159900665283
11330702	2.682159900665283
11330724	2.682159900665283
11330748	2.682159900665283
11330751	2.682159900665283
11330752	3.0915732383728027
11330770	3.0915732383728027
11330786	3.864466667175293
11330794	3.0915732383728027
11330808	3.864466667175293
11330822	3.0915732383728027
11330832	3.0915732383728027
11330835	2.682159900665283
11330854	2.682159900665283
11330878	2.682159900665283
11330914	2.682159900665283
11330942	2.682159900665283
11330976	2.682159900665283
11330977	2.682159900665283
11330998	2.682159900665283
11331022	2.682159900665283
11331026	2.682159900665283
11331036	2.682159900665283
11331116	2.682159900665283
11331117	2.682159900665283
11331151	2.682159900665283
11331164	2.682159900665283
11331217	2.682159900665283
11331244	2.682159900665283
11331248	2.682159900665283
11331266	2.682159900665283
11331290	2.682159900665283
11331293	2.682159900665283
11331312	2.682159900665283
11331336	2.682159900665283
11331401	2.682159900665283
11331456	2.682159900665283
11331484	2.682159900665283
11331496	2.682159900665283
11331675	2.682159900665283
11331706	2.682159900665283
11331759	2.682159900665283
11331766	2.682159900665283
11331790	2.682159900665283
11331799	2.682159900665283
11332217	2.682159900665283
11332248	2.682159900665283
11332602	2.682159900665283
11332620	2.682159900665283
11332628	2.682159900665283
11332636	2.682159900665283
11332637	2.682159900665283
11332638	2.682159900665283
11332651	2.682159900665283
11332684	2.682159900665283
11332693	2.682159900665283
11332696	2.682159900665283
11332705	2.682159900665283
11332708	2.682159900665283
11332716	2.682159900665283
11332739	2.682159900665283
11333224	2.682159900665283
11333246	2.682159900665283
11333279	2.682159900665283
11333335	2.682159900665283
11333367	2.682159900665283
11333372	2.682159900665283
11333377	2.682159900665283
11333423	2.682159900665283
11333740	2.682159900665283
11333776	2.682159900665283
11333890	2.682159900665283
11333945	2.682159900665283
11334198	2.682159900665283
11334234	2.682159900665283
11334282	2.682159900665283
11334318	2.682159900665283
11334740	2.682159900665283
11334776	2.682159900665283
11334874	2.682159900665283
11334887	2.682159900665283
11334892	2.682159900665283
11334920	2.682159900665283
11334927	2.682159900665283
11334932	2.682159900665283
11334935	2.682159900665283
11334962	2.682159900665283
11334981	2.682159900665283
11335252	2.682159900665283
11335322	2.682159900665283
11335744	2.682159900665283
11335766	2.682159900665283
11335790	2.682159900665283
11335793	2.682159900665283
11335812	2.682159900665283
11335836	2.682159900665283
11335956	2.682159900665283
11335984	2.682159900665283
11336717	2.682159900665283
11336748	2.682159900665283
11337724	2.682159900665283
11337872	2.682159900665283
11338182	2.682159900665283
11338266	2.682159900665283
11338330	2.682159900665283
11338414	2.682159900665283
11338724	2.682159900665283
11338872	2.682159900665283
11339240	2.682159900665283
11339276	2.682159900665283
11343224	2.682159900665283
11343372	2.682159900665283
11343690	2.682159900665283
11343731	2.682159900665283
11344486	2.682159900665283
11344551	2.682159900665283
11344942	2.682159900665283
11344983	2.682159900665283
11348190	2.682159900665283
11348231	2.682159900665283
11348648	2.682159900665283
11348689	2.682159900665283
11348732	2.682159900665283
11348773	2.682159900665283
11348986	2.682159900665283
11349051	2.682159900665283
11349190	2.682159900665283
11349231	2.682159900665283
11349442	2.682159900665283
11349444	2.682159900665283
11349483	2.682159900665283
11349509	2.682159900665283
11349528	2.682159900665283
11349593	2.682159900665283
11349900	2.682159900665283
11349941	2.682159900665283
11349984	2.682159900665283
11349986	2.682159900665283
11350025	2.682159900665283
11350051	2.682159900665283
11350442	2.682159900665283
11350483	2.682159900665283
11353280	2.682159900665283
11353326	2.682159900665283
11353690	2.682159900665283
11353731	2.682159900665283
11354486	2.682159900665283
11354551	2.682159900665283
11354942	2.682159900665283
11354983	2.682159900665283
11355140	2.682159900665283
11355196	2.682159900665283
11357780	2.682159900665283
11357826	2.682159900665283
11358238	2.682159900665283
11358284	2.682159900665283
11358322	2.682159900665283
11358368	2.682159900665283
11358780	2.682159900665283
11358826	2.682159900665283
11359640	2.682159900665283
11359696	2.682159900665283
11360098	2.682159900665283
11360154	2.682159900665283
11360182	2.682159900665283
11360238	2.682159900665283
11360640	2.682159900665283
11360696	2.682159900665283
11363280	2.682159900665283
11363326	2.682159900665283
11365140	2.682159900665283
11365196	2.682159900665283
11372833	2.682159900665283
11372888	2.682159900665283
11372926	2.682159900665283
11372958	2.682159900665283
11374619	2.682159900665283
11374659	2.682159900665283
11375153	2.682159900665283
11375184	2.682159900665283
11375186	2.682159900665283
11375276	2.682159900665283
11377333	2.682159900665283
11377388	2.682159900665283
11377426	2.682159900665283
11377458	2.682159900665283
11377791	2.682159900665283
11377846	2.682159900665283
11377875	2.682159900665283
11377884	2.682159900665283
11377916	2.682159900665283
11377930	2.682159900665283
11377968	2.682159900665283
11378000	2.682159900665283
11378333	2.682159900665283
11378388	2.682159900665283
11378426	2.682159900665283
11378458	2.682159900665283
11379119	2.682159900665283
11379159	2.682159900665283
11379577	2.682159900665283
11379617	2.682159900665283
11379653	2.682159900665283
11379661	2.682159900665283
11379684	2.682159900665283
11379686	2.682159900665283
11379701	2.682159900665283
11379776	2.682159900665283
11380111	2.682159900665283
11380119	2.682159900665283
11380142	2.682159900665283
11380144	2.682159900665283
11380159	2.682159900665283
11380195	2.682159900665283
11380226	2.682159900665283
11380228	2.682159900665283
11380234	2.682159900665283
11380318	2.682159900665283
11380653	2.682159900665283
11380684	2.682159900665283
11380686	2.682159900665283
11380776	2.682159900665283
11382833	2.682159900665283
11382888	2.682159900665283
11382926	2.682159900665283
11382958	2.682159900665283
11384619	2.682159900665283
11384659	2.682159900665283
11385153	2.682159900665283
11385184	2.682159900665283
11385186	2.682159900665283
11385276	2.682159900665283
11387415	2.682159900665283
11387494	2.682159900665283
11389049	2.682159900665283
11389103	2.682159900665283
11389833	2.682159900665283
11389869	2.682159900665283
11391350	2.682159900665283
11391354	2.682159900665283
11391418	2.682159900665283
11391442	2.682159900665283
11391915	2.682159900665283
11391994	2.682159900665283
11392373	2.682159900665283
11392452	2.682159900665283
11392457	2.682159900665283
11392536	2.682159900665283
11392915	2.682159900665283
11392994	2.682159900665283
11393303	2.682159900665283
11393356	2.682159900665283
11393549	2.682159900665283
11393603	2.682159900665283
11394007	2.682159900665283
11394061	2.682159900665283
11394091	2.682159900665283
11394145	2.682159900665283
11394333	2.682159900665283
11394369	2.682159900665283
11394502	2.682159900665283
11394549	2.682159900665283
11394561	2.682159900665283
11394603	2.682159900665283
11394791	2.682159900665283
11394827	2.682159900665283
11394875	2.682159900665283
11394911	2.682159900665283
11395333	2.682159900665283
11395369	2.682159900665283
11395510	2.682159900665283
11395511	2.682159900665283
11395551	2.682159900665283
11395592	2.682159900665283
11395605	2.682159900665283
11395619	2.682159900665283
11395850	2.682159900665283
11395854	2.682159900665283
11395867	2.682159900665283
11395918	2.682159900665283
11395942	2.682159900665283
11395993	2.682159900665283
11396308	2.682159900665283
11396312	2.682159900665283
11396376	2.682159900665283
11396392	2.682159900665283
11396396	2.682159900665283
11396400	2.682159900665283
11396460	2.682159900665283
11396484	2.682159900665283
11396767	2.682159900665283
11396850	2.682159900665283
11396854	2.682159900665283
11396860	2.682159900665283
11396918	2.682159900665283
11396942	2.682159900665283
11397415	2.682159900665283
11397494	2.682159900665283
11397803	2.682159900665283
11397856	2.682159900665283
11398261	2.682159900665283
11398314	2.682159900665283
11398345	2.682159900665283
11398398	2.682159900665283
11398803	2.682159900665283
11398856	2.682159900665283
11399002	2.682159900665283
11399049	2.682159900665283
11399061	2.682159900665283
11399103	2.682159900665283
11399460	2.682159900665283
11399519	2.682159900665283
11399544	2.682159900665283
11399603	2.682159900665283
11399833	2.682159900665283
11399869	2.682159900665283
11400002	2.682159900665283
11400010	2.682159900665283
11400011	2.682159900665283
11400051	2.682159900665283
11400061	2.682159900665283
11400092	2.682159900665283
11400105	2.682159900665283
11400119	2.682159900665283
11400367	2.682159900665283
11400468	2.682159900665283
11400469	2.682159900665283
11400493	2.682159900665283
11400509	2.682159900665283
11400550	2.682159900665283
11400552	3.0915732383728027
11400553	2.682159900665283
11400563	2.682159900665283
11400577	2.682159900665283
11400593	3.0915732383728027
11400634	2.682159900665283
11400647	2.682159900665283
11400661	2.682159900665283
11400825	2.682159900665283
11400909	2.682159900665283
11400951	2.682159900665283
11401010	2.682159900665283
11401011	2.682159900665283
11401035	2.682159900665283
11401051	2.682159900665283
11401092	2.682159900665283
11401105	2.682159900665283
11401119	2.682159900665283
11401161	2.682159900665283
11401214	2.682159900665283
11401267	2.682159900665283
11401350	2.682159900665283
11401354	2.682159900665283
11401360	2.682159900665283
11401367	2.682159900665283
11401418	2.682159900665283
11401442	2.682159900665283
11401493	2.682159900665283
11401725	2.682159900665283
11401809	2.682159900665283
11401818	2.682159900665283
11401902	2.682159900665283
11402267	2.682159900665283
11402360	2.682159900665283
11403235	2.682159900665283
11403303	2.682159900665283
11403305	2.682159900665283
11403356	2.682159900665283
11404502	2.682159900665283
11404561	2.682159900665283
11405510	2.682159900665283
11405511	2.682159900665283
11405551	2.682159900665283
11405592	2.682159900665283
11405605	2.682159900665283
11405619	2.682159900665283
11405661	2.682159900665283
11405714	2.682159900665283
11405867	2.682159900665283
11405993	2.682159900665283
11406119	2.682159900665283
11406172	2.682159900665283
11406203	2.682159900665283
11406256	2.682159900665283
11406661	2.682159900665283
11406714	2.682159900665283
11406767	2.682159900665283
11406860	2.682159900665283
11407630	2.682159900665283
11407671	2.682159900665283
11407735	2.682159900665283
11407805	2.682159900665283
11408193	2.682159900665283
11408263	2.682159900665283
11408277	2.682159900665283
11408347	2.682159900665283
11408735	2.682159900665283
11408805	2.682159900665283
11411019	2.682159900665283
11411078	2.682159900665283
11411161	2.682159900665283
11411214	2.682159900665283
11412130	2.682159900665283
11412171	2.682159900665283
11412588	2.682159900665283
11412629	2.682159900665283
11412672	2.682159900665283
11412713	2.682159900665283
11413130	2.682159900665283
11413171	2.682159900665283
11413235	2.682159900665283
11413305	2.682159900665283
11415519	2.682159900665283
11415578	2.682159900665283
11415977	2.682159900665283
11416036	2.682159900665283
11416061	2.682159900665283
11416120	2.682159900665283
11416519	2.682159900665283
11416578	2.682159900665283
11417630	2.682159900665283
11417671	2.682159900665283
11421019	2.682159900665283
11421078	2.682159900665283
11426254	2.682159900665283
11426301	2.682159900665283
11430754	2.682159900665283
11430801	2.682159900665283
11431212	2.682159900665283
11431259	2.682159900665283
11431296	2.682159900665283
11431343	2.682159900665283
11431754	2.682159900665283
11431801	2.682159900665283
11436254	2.682159900665283
11436301	2.682159900665283
11447584	2.682159900665283
11447619	2.682159900665283
11452084	2.682159900665283
11452119	2.682159900665283
11452542	2.682159900665283
11452577	2.682159900665283
11452626	2.682159900665283
11452661	2.682159900665283
11453084	2.682159900665283
11453119	2.682159900665283
11457584	2.682159900665283
11457619	2.682159900665283
11462851	2.682159900665283
11462889	2.682159900665283
11467351	2.682159900665283
11467389	2.682159900665283
11467809	2.682159900665283
11467847	2.682159900665283
11467893	2.682159900665283
11467931	2.682159900665283
11468351	2.682159900665283
11468389	2.682159900665283
11471994	2.682159900665283
11472083	2.682159900665283
11472851	2.682159900665283
11472889	2.682159900665283
11476494	2.682159900665283
11476583	2.682159900665283
11476952	2.682159900665283
11477036	2.682159900665283
11477041	2.682159900665283
11477125	2.682159900665283
11477494	2.682159900665283
11477583	2.682159900665283
11480812	2.682159900665283
11480904	2.682159900665283
11481994	2.682159900665283
11482083	2.682159900665283
11482395	2.682159900665283
11482440	2.682159900665283
11484707	2.682159900665283
11484712	2.682159900665283
11484713	2.682159900665283
11484736	2.682159900665283
11484739	2.682159900665283
11485312	2.682159900665283
11485404	2.682159900665283
11485770	2.682159900665283
11485854	2.682159900665283
11485862	2.682159900665283
11485946	2.682159900665283
11486312	2.682159900665283
11486404	2.682159900665283
11486895	2.682159900665283
11486940	2.682159900665283
11487353	2.682159900665283
11487398	2.682159900665283
11487437	2.682159900665283
11487482	2.682159900665283
11487895	2.682159900665283
11487940	2.682159900665283
11488284	2.682159900665283
11488333	2.682159900665283
11489207	2.682159900665283
11489212	2.682159900665283
11489213	2.682159900665283
11489236	2.682159900665283
11489239	2.682159900665283
11489665	2.682159900665283
11489670	2.682159900665283
11489671	2.682159900665283
11489694	2.682159900665283
11489697	3.0915732383728027
11489749	4.637359619140625
11489754	3.864466667175293
11489755	3.0915732383728027
11489778	2.682159900665283
11489781	2.682159900665283
11490207	2.682159900665283
11490212	2.682159900665283
11490213	2.682159900665283
11490236	2.682159900665283
11490239	2.682159900665283
11490431	2.682159900665283
11490459	2.682159900665283
11490812	2.682159900665283
11490904	2.682159900665283
11490987	2.682159900665283
11491018	2.682159900665283
11491448	2.682159900665283
11491476	2.682159900665283
11492395	2.682159900665283
11492440	2.682159900665283
11492784	2.682159900665283
11492833	2.682159900665283
11493242	2.682159900665283
11493291	2.682159900665283
11493326	2.682159900665283
11493375	2.682159900665283
11493558	2.682159900665283
11493595	2.682159900665283
11493784	2.682159900665283
11493833	2.682159900665283
11494707	2.682159900665283
11494712	2.682159900665283
11494713	2.682159900665283
11494736	2.682159900665283
11494739	2.682159900665283
11494931	2.682159900665283
11494959	2.682159900665283
11495389	2.682159900665283
11495417	2.682159900665283
11495473	2.682159900665283
11495487	2.682159900665283
11495501	2.682159900665283
11495518	2.682159900665283
11495931	2.682159900665283
11495945	2.682159900665283
11495948	2.682159900665283
11495959	2.682159900665283
11495976	2.682159900665283
11496029	2.682159900665283
11496060	2.682159900665283
11496406	2.682159900665283
11496434	2.682159900665283
11496487	2.682159900665283
11496490	2.682159900665283
11496518	2.682159900665283
11496948	2.682159900665283
11496976	2.682159900665283
11497568	2.682159900665283
11497609	2.682159900665283
11498058	2.682159900665283
11498095	2.682159900665283
11498284	2.682159900665283
11498333	2.682159900665283
11498516	2.682159900665283
11498553	2.682159900665283
11498600	2.682159900665283
11498637	2.682159900665283
11499058	2.682159900665283
11499095	2.682159900665283
11500431	2.682159900665283
11500459	2.682159900665283
11500609	2.682159900665283
11500648	2.682159900665283
11500987	2.682159900665283
11501018	2.682159900665283
11501448	2.682159900665283
11501476	2.682159900665283
11502068	2.682159900665283
11502109	2.682159900665283
11502526	2.682159900665283
11502567	2.682159900665283
11502610	2.682159900665283
11502651	2.682159900665283
11503068	2.682159900665283
11503109	2.682159900665283
11503558	2.682159900665283
11503595	2.682159900665283
11505109	2.682159900665283
11505148	2.682159900665283
11505530	2.682159900665283
11505564	2.682159900665283
11505567	2.682159900665283
11505606	2.682159900665283
11505651	2.682159900665283
11505690	2.682159900665283
11506109	2.682159900665283
11506148	2.682159900665283
11507568	2.682159900665283
11507609	2.682159900665283
11508815	2.682159900665283
11508864	2.682159900665283
11509294	2.682159900665283
11509295	2.682159900665283
11509297	2.682159900665283
11509329	2.682159900665283
11509334	2.682159900665283
11509344	2.682159900665283
11510030	2.682159900665283
11510064	2.682159900665283
11510488	2.682159900665283
11510522	2.682159900665283
11510572	2.682159900665283
11510606	2.682159900665283
11510609	2.682159900665283
11510648	2.682159900665283
11511030	2.682159900665283
11511064	2.682159900665283
11513315	2.682159900665283
11513364	2.682159900665283
11513773	2.682159900665283
11513794	2.682159900665283
11513795	2.682159900665283
11513797	2.682159900665283
11513822	2.682159900665283
11513829	2.682159900665283
11513834	2.682159900665283
11513844	2.682159900665283
11513857	2.682159900665283
11513906	2.682159900665283
11514252	2.682159900665283
11514253	2.682159900665283
11514255	2.682159900665283
11514287	2.682159900665283
11514292	3.0915732383728027
11514302	3.864466667175293
11514315	4.637359619140625
11514336	4.637359619140625
11514337	3.864466667175293
11514339	3.0915732383728027
11514364	2.682159900665283
11514371	2.682159900665283
11514376	2.682159900665283
11514386	2.682159900665283
11514794	2.682159900665283
11514795	2.682159900665283
11514797	2.682159900665283
11514829	2.682159900665283
11514834	2.682159900665283
11514844	2.682159900665283
11515530	2.682159900665283
11515564	2.682159900665283
11517671	2.682159900665283
11517702	2.682159900665283
11518815	2.682159900665283
11518864	2.682159900665283
11519294	2.682159900665283
11519295	2.682159900665283
11519297	2.682159900665283
11519329	2.682159900665283
11519334	2.682159900665283
11519344	2.682159900665283
11522171	2.682159900665283
11522202	2.682159900665283
11522629	2.682159900665283
11522660	2.682159900665283
11522713	2.682159900665283
11522744	2.682159900665283
11523171	2.682159900665283
11523202	2.682159900665283
11524126	2.682159900665283
11524141	2.682159900665283
11524181	2.682159900665283
11524183	2.682159900665283
11526261	2.682159900665283
11526288	2.682159900665283
11527516	2.682159900665283
11527563	2.682159900665283
11527671	2.682159900665283
11527702	2.682159900665283
11528626	2.682159900665283
11528641	2.682159900665283
11528681	2.682159900665283
11528683	2.682159900665283
11529084	2.682159900665283
11529099	2.682159900665283
11529139	2.682159900665283
11529141	2.682159900665283
11529168	3.0915732383728027
11529183	2.682159900665283
11529223	2.682159900665283
11529225	2.682159900665283
11529626	2.682159900665283
11529641	2.682159900665283
11529681	2.682159900665283
11529683	2.682159900665283
11530607	2.682159900665283
11530638	2.682159900665283
11530761	2.682159900665283
11530788	2.682159900665283
11531219	2.682159900665283
11531246	2.682159900665283
11531303	2.682159900665283
11531330	2.682159900665283
11531761	2.682159900665283
11531788	2.682159900665283
11532016	2.682159900665283
11532063	2.682159900665283
11532474	2.682159900665283
11532521	2.682159900665283
11532558	2.682159900665283
11532605	2.682159900665283
11533016	2.682159900665283
11533063	2.682159900665283
11534126	2.682159900665283
11534141	2.682159900665283
11534181	2.682159900665283
11534183	2.682159900665283
11534229	2.682159900665283
11534260	2.682159900665283
11535107	2.682159900665283
11535138	2.682159900665283
11535565	2.682159900665283
11535596	2.682159900665283
11535649	2.682159900665283
11535680	2.682159900665283
11536107	2.682159900665283
11536138	2.682159900665283
11536261	2.682159900665283
11536288	2.682159900665283
11537516	2.682159900665283
11537563	2.682159900665283
11538729	2.682159900665283
11538760	2.682159900665283
11539187	2.682159900665283
11539218	2.682159900665283
11539271	2.682159900665283
11539302	2.682159900665283
11539729	2.682159900665283
11539760	2.682159900665283
11540607	2.682159900665283
11540638	2.682159900665283
11544229	2.682159900665283
11544260	2.682159900665283
11554161	2.682159900665283
11554205	2.682159900665283
11558661	2.682159900665283
11558705	2.682159900665283
11559119	2.682159900665283
11559163	2.682159900665283
11559203	2.682159900665283
11559247	2.682159900665283
11559661	2.682159900665283
11559705	2.682159900665283
11564161	2.682159900665283
11564205	2.682159900665283
11638318	2.682159900665283
11638362	2.682159900665283
11638641	2.682159900665283
11638647	2.682159900665283
11638673	2.682159900665283
11638679	2.682159900665283
11638719	2.682159900665283
11638766	2.682159900665283
11638768	2.682159900665283
11638773	2.682159900665283
11638814	2.682159900665283
11638823	2.682159900665283
11642818	2.682159900665283
11642862	2.682159900665283
11643141	2.682159900665283
11643147	2.682159900665283
11643173	2.682159900665283
11643179	2.682159900665283
11643219	2.682159900665283
11643266	2.682159900665283
11643268	2.682159900665283
11643273	2.682159900665283
11643276	2.682159900665283
11643314	2.682159900665283
11643320	2.682159900665283
11643323	2.682159900665283
11643360	2.682159900665283
11643404	2.682159900665283
11643599	2.682159900665283
11643605	2.682159900665283
11643631	2.682159900665283
11643637	2.682159900665283
11643677	3.0915732383728027
11643683	3.864466667175293
11643689	3.0915732383728027
11643715	2.682159900665283
11643721	2.682159900665283
11643724	2.682159900665283
11643726	2.682159900665283
11643731	2.682159900665283
11643761	3.0915732383728027
11643772	2.682159900665283
11643781	3.0915732383728027
11643808	3.864466667175293
11643810	3.0915732383728027
11643815	2.682159900665283
11643818	2.682159900665283
11643856	2.682159900665283
11643862	2.682159900665283
11643865	2.682159900665283
11644141	2.682159900665283
11644147	2.682159900665283
11644173	2.682159900665283
11644179	2.682159900665283
11644219	2.682159900665283
11644266	2.682159900665283
11644268	2.682159900665283
11644273	2.682159900665283
11644314	2.682159900665283
11644323	2.682159900665283
11646371	2.682159900665283
11646412	2.682159900665283
11648318	2.682159900665283
11648362	2.682159900665283
11648641	2.682159900665283
11648647	2.682159900665283
11648673	2.682159900665283
11648679	2.682159900665283
11648719	2.682159900665283
11648766	2.682159900665283
11648768	2.682159900665283
11648773	2.682159900665283
11648814	2.682159900665283
11648823	2.682159900665283
11650871	2.682159900665283
11650912	2.682159900665283
11651329	2.682159900665283
11651370	2.682159900665283
11651413	2.682159900665283
11651454	2.682159900665283
11651871	2.682159900665283
11651912	2.682159900665283
11653725	2.682159900665283
11653761	2.682159900665283
11656371	2.682159900665283
11656412	2.682159900665283
11658225	2.682159900665283
11658261	2.682159900665283
11658683	2.682159900665283
11658719	2.682159900665283
11658767	2.682159900665283
11658803	2.682159900665283
11659225	2.682159900665283
11659261	2.682159900665283
11663725	2.682159900665283
11663761	2.682159900665283
11670003	2.682159900665283
11670040	2.682159900665283
11674503	2.682159900665283
11674540	2.682159900665283
11674961	2.682159900665283
11674998	2.682159900665283
11675045	2.682159900665283
11675082	2.682159900665283
11675503	2.682159900665283
11675540	2.682159900665283
11676368	2.682159900665283
11676404	2.682159900665283
11680003	2.682159900665283
11680040	2.682159900665283
11680868	2.682159900665283
11680904	2.682159900665283
11681326	2.682159900665283
11681362	2.682159900665283
11681410	2.682159900665283
11681446	2.682159900665283
11681868	2.682159900665283
11681904	2.682159900665283
11682832	2.682159900665283
11682868	2.682159900665283
11683044	2.682159900665283
11683087	2.682159900665283
11685112	2.682159900665283
11685163	2.682159900665283
11685166	2.682159900665283
11685202	2.682159900665283
11685353	2.682159900665283
11685403	2.682159900665283
11686368	2.682159900665283
11686404	2.682159900665283
11687332	2.682159900665283
11687368	2.682159900665283
11687544	2.682159900665283
11687587	2.682159900665283
11687790	2.682159900665283
11687826	2.682159900665283
11687874	2.682159900665283
11687910	2.682159900665283
11688002	2.682159900665283
11688045	2.682159900665283
11688086	2.682159900665283
11688129	2.682159900665283
11688332	2.682159900665283
11688368	2.682159900665283
11688544	2.682159900665283
11688587	2.682159900665283
11689612	2.682159900665283
11689663	2.682159900665283
11689666	2.682159900665283
11689702	2.682159900665283
11689853	2.682159900665283
11689903	2.682159900665283
11690070	2.682159900665283
11690121	2.682159900665283
11690124	2.682159900665283
11690154	2.682159900665283
11690160	2.682159900665283
11690205	2.682159900665283
11690208	2.682159900665283
11690244	2.682159900665283
11690311	2.682159900665283
11690361	2.682159900665283
11690395	2.682159900665283
11690445	2.682159900665283
11690612	2.682159900665283
11690663	2.682159900665283
11690666	2.682159900665283
11690702	2.682159900665283
11690853	2.682159900665283
11690903	2.682159900665283
11692832	2.682159900665283
11692868	2.682159900665283
11693044	2.682159900665283
11693087	2.682159900665283
11693791	2.682159900665283
11693831	2.682159900665283
11695112	2.682159900665283
11695163	2.682159900665283
11695166	2.682159900665283
11695202	2.682159900665283
11695353	2.682159900665283
11695403	2.682159900665283
11698291	2.682159900665283
11698331	2.682159900665283
11698749	2.682159900665283
11698789	2.682159900665283
11698833	2.682159900665283
11698873	2.682159900665283
11699291	2.682159900665283
11699331	2.682159900665283
11702355	2.682159900665283
11702393	2.682159900665283
11703791	2.682159900665283
11703831	2.682159900665283
11704892	2.682159900665283
11704928	2.682159900665283
11706330	2.682159900665283
11706364	2.682159900665283
11706855	2.682159900665283
11706893	2.682159900665283
11707313	2.682159900665283
11707351	2.682159900665283
11707397	2.682159900665283
11707435	2.682159900665283
11707855	2.682159900665283
11707893	2.682159900665283
11707900	2.682159900665283
11709392	2.682159900665283
11709428	2.682159900665283
11709850	2.682159900665283
11709886	2.682159900665283
11709934	2.682159900665283
11709970	2.682159900665283
11710392	2.682159900665283
11710428	2.682159900665283
11710830	2.682159900665283
11710864	2.682159900665283
11711288	2.682159900665283
11711322	2.682159900665283
11711372	2.682159900665283
11711406	2.682159900665283
11711830	2.682159900665283
11711864	2.682159900665283
11712355	2.682159900665283
11712393	2.682159900665283
11712400	2.682159900665283
11712761	2.682159900665283
11712762	2.682159900665283
11712801	2.682159900665283
11712806	2.682159900665283
11712813	2.682159900665283
11712858	2.682159900665283
11712897	2.682159900665283
11712942	2.682159900665283
11713355	2.682159900665283
11713400	2.682159900665283
11714892	2.682159900665283
11714928	2.682159900665283
11716330	2.682159900665283
11716364	2.682159900665283
11716927	2.682159900665283
11716966	2.682159900665283
11716991	2.682159900665283
11716994	2.682159900665283
11716996	2.682159900665283
11717005	2.682159900665283
11717038	2.682159900665283
11717040	2.682159900665283
11717044	2.682159900665283
11717047	2.682159900665283
11717050	2.682159900665283
11717105	2.682159900665283
11717261	2.682159900665283
11717262	2.682159900665283
11717301	2.682159900665283
11717306	2.682159900665283
11717719	2.682159900665283
11717720	2.682159900665283
11717759	2.682159900665283
11717764	2.682159900665283
11717803	3.0915732383728027
11717804	2.682159900665283
11717843	2.682159900665283
11717848	2.682159900665283
11717855	2.682159900665283
11717900	2.682159900665283
11718203	2.682159900665283
11718239	2.682159900665283
11718243	2.682159900665283
11718261	2.682159900665283
11718262	2.682159900665283
11718294	2.682159900665283
11718301	2.682159900665283
11718306	2.682159900665283
11718342	2.682159900665283
11718346	2.682159900665283
11718376	2.682159900665283
11718383	2.682159900665283
11721427	2.682159900665283
11721466	2.682159900665283
11721491	2.682159900665283
11721494	2.682159900665283
11721496	2.682159900665283
11721505	2.682159900665283
11721538	2.682159900665283
11721540	2.682159900665283
11721544	2.682159900665283
11721547	2.682159900665283
11721550	2.682159900665283
11721605	2.682159900665283
11721885	2.682159900665283
11721924	2.682159900665283
11721949	2.682159900665283
11721952	2.682159900665283
11721954	3.0915732383728027
11721963	3.864466667175293
11721969	4.637359619140625
11721996	3.864466667175293
11721998	4.637359619140625
11722002	5.410253047943115
11722005	6.1831464767456055
11722033	6.956039905548096
11722036	6.1831464767456055
11722038	5.410253047943115
11722047	4.637359619140625
11722063	3.864466667175293
11722080	4.637359619140625
11722082	3.864466667175293
11722086	3.0915732383728027
11722089	2.682159900665283
11722092	2.682159900665283
11722147	2.682159900665283
11722427	2.682159900665283
11722466	2.682159900665283
11722491	2.682159900665283
11722494	2.682159900665283
11722496	2.682159900665283
11722505	2.682159900665283
11722538	2.682159900665283
11722540	2.682159900665283
11722544	2.682159900665283
11722547	2.682159900665283
11722550	2.682159900665283
11722605	2.682159900665283
11722703	2.682159900665283
11722739	2.682159900665283
11722743	2.682159900665283
11722761	2.682159900665283
11722762	2.682159900665283
11722794	2.682159900665283
11722801	2.682159900665283
11722806	2.682159900665283
11722842	2.682159900665283
11722846	2.682159900665283
11722876	2.682159900665283
11722883	2.682159900665283
11723161	2.682159900665283
11723197	2.682159900665283
11723201	2.682159900665283
11723245	2.682159900665283
11723252	2.682159900665283
11723281	2.682159900665283
11723285	2.682159900665283
11723300	2.682159900665283
11723304	2.682159900665283
11723334	2.682159900665283
11723336	3.0915732383728027
11723341	2.682159900665283
11723384	3.0915732383728027
11723388	2.682159900665283
11723418	2.682159900665283
11723425	2.682159900665283
11723703	2.682159900665283
11723739	2.682159900665283
11723743	2.682159900665283
11723794	2.682159900665283
11723842	2.682159900665283
11723846	2.682159900665283
11723876	2.682159900665283
11723883	2.682159900665283
11724829	2.682159900665283
11724830	2.682159900665283
11724860	2.682159900665283
11724867	2.682159900665283
11724869	2.682159900665283
11724874	2.682159900665283
11724877	2.682159900665283
11725586	2.682159900665283
11725619	2.682159900665283
11726255	2.682159900665283
11726280	2.682159900665283
11726927	2.682159900665283
11726966	2.682159900665283
11726991	2.682159900665283
11726994	2.682159900665283
11726996	2.682159900665283
11727005	2.682159900665283
11727038	2.682159900665283
11727040	2.682159900665283
11727044	2.682159900665283
11727047	2.682159900665283
11727050	2.682159900665283
11727105	2.682159900665283
11728203	2.682159900665283
11728239	2.682159900665283
11728243	2.682159900665283
11728294	2.682159900665283
11728342	2.682159900665283
11728346	2.682159900665283
11728376	2.682159900665283
11728383	2.682159900665283
11728634	2.682159900665283
11728675	2.682159900665283
11728676	2.682159900665283
11729329	2.682159900665283
11729330	2.682159900665283
11729360	2.682159900665283
11729367	2.682159900665283
11729369	2.682159900665283
11729374	2.682159900665283
11729377	2.682159900665283
11729394	2.682159900665283
11729425	2.682159900665283
11729787	2.682159900665283
11729788	2.682159900665283
11729818	3.864466667175293
11729825	4.637359619140625
11729827	5.410253047943115
11729831	6.1831464767456055
11729832	6.1831464767456055
11729835	6.956039905548096
11729839	7.728933334350586
11729840	7.728933334350586
11729844	7.728933334350586
11729871	7.728933334350586
11729872	6.1831464767456055
11729889	3.864466667175293
11729890	3.864466667175293
11729902	3.864466667175293
11729909	3.0915732383728027
11729911	2.682159900665283
11729916	2.682159900665283
11729919	2.682159900665283
11730086	2.682159900665283
11730119	2.682159900665283
11730329	2.682159900665283
11730330	2.682159900665283
11730360	2.682159900665283
11730367	2.682159900665283
11730369	2.682159900665283
11730374	2.682159900665283
11730377	2.682159900665283
11730544	2.682159900665283
11730577	2.682159900665283
11730628	2.682159900665283
11730661	2.682159900665283
11730755	2.682159900665283
11730780	2.682159900665283
11731086	2.682159900665283
11731119	2.682159900665283
11731213	2.682159900665283
11731238	2.682159900665283
11731297	2.682159900665283
11731322	2.682159900665283
11731755	2.682159900665283
11731780	2.682159900665283
11733021	2.682159900665283
11733053	2.682159900665283
11733134	2.682159900665283
11733175	2.682159900665283
11733176	2.682159900665283
11733592	2.682159900665283
11733633	2.682159900665283
11733634	2.682159900665283
11733676	3.0915732383728027
11733717	2.682159900665283
11733718	2.682159900665283
11733894	2.682159900665283
11733925	2.682159900665283
11734134	2.682159900665283
11734175	2.682159900665283
11734176	2.682159900665283
11734204	2.682159900665283
11734217	2.682159900665283
11734248	2.682159900665283
11734253	2.682159900665283
11734331	2.682159900665283
11734339	2.682159900665283
11734340	2.682159900665283
11734344	2.682159900665283
11734345	2.682159900665283
11734352	2.682159900665283
11734378	2.682159900665283
11734383	2.682159900665283
11734389	2.682159900665283
11734390	2.682159900665283
11734436	2.682159900665283
11734467	2.682159900665283
11734789	2.682159900665283
11734797	2.682159900665283
11734798	2.682159900665283
11734802	2.682159900665283
11734829	3.0915732383728027
11734830	3.0915732383728027
11734847	3.0915732383728027
11734848	5.410253047943115
11734860	6.1831464767456055
11734867	6.1831464767456055
11734869	6.1831464767456055
11734873	6.1831464767456055
11734874	5.410253047943115
11734877	5.410253047943115
11734881	5.410253047943115
11734882	4.637359619140625
11734886	3.864466667175293
11734894	3.0915732383728027
11734925	3.0915732383728027
11734931	3.0915732383728027
11734932	2.682159900665283
11735331	2.682159900665283
11735339	2.682159900665283
11735340	2.682159900665283
11735344	2.682159900665283
11735389	2.682159900665283
11735390	2.682159900665283
11735586	2.682159900665283
11735619	2.682159900665283
11735670	2.682159900665283
11735703	2.682159900665283
11736255	2.682159900665283
11736280	2.682159900665283
11737521	2.682159900665283
11737553	2.682159900665283
11737979	2.682159900665283
11738011	2.682159900665283
11738063	2.682159900665283
11738095	2.682159900665283
11738521	2.682159900665283
11738553	2.682159900665283
11738634	2.682159900665283
11738675	2.682159900665283
11738676	2.682159900665283
11738704	2.682159900665283
11738717	2.682159900665283
11738748	2.682159900665283
11738753	2.682159900665283
11738769	2.682159900665283
11738774	2.682159900665283
11738809	2.682159900665283
11738845	2.682159900665283
11738878	2.682159900665283
11739162	2.682159900665283
11739175	2.682159900665283
11739206	2.682159900665283
11739211	2.682159900665283
11739246	3.0915732383728027
11739259	2.682159900665283
11739290	2.682159900665283
11739295	2.682159900665283
11739303	2.682159900665283
11739336	2.682159900665283
11739387	2.682159900665283
11739394	2.682159900665283
11739420	2.682159900665283
11739425	2.682159900665283
11739704	2.682159900665283
11739717	2.682159900665283
11739748	2.682159900665283
11739753	2.682159900665283
11739831	2.682159900665283
11739839	2.682159900665283
11739840	2.682159900665283
11739844	2.682159900665283
11739845	2.682159900665283
11739878	2.682159900665283
11739889	2.682159900665283
11739890	2.682159900665283
11740170	2.682159900665283
11740203	2.682159900665283
11740628	2.682159900665283
11740661	2.682159900665283
11740712	2.682159900665283
11740745	2.682159900665283
11741170	2.682159900665283
11741203	2.682159900665283
11741254	2.682159900665283
11741304	2.682159900665283
11742665	2.682159900665283
11742669	2.682159900665283
11742676	2.682159900665283
11742682	2.682159900665283
11742687	2.682159900665283
11742714	2.682159900665283
11742734	2.682159900665283
11742739	2.682159900665283
11742740	2.682159900665283
11742750	2.682159900665283
11743021	2.682159900665283
11743053	2.682159900665283
11743269	2.682159900665283
11743274	2.682159900665283
11743309	2.682159900665283
11743727	2.682159900665283
11743732	2.682159900665283
11743767	2.682159900665283
11743811	3.0915732383728027
11743816	2.682159900665283
11743851	2.682159900665283
11744098	2.682159900665283
11744140	2.682159900665283
11744204	2.682159900665283
11744217	2.682159900665283
11744248	2.682159900665283
11744253	2.682159900665283
11744269	2.682159900665283
11744274	2.682159900665283
11744309	2.682159900665283
11744345	2.682159900665283
11744378	2.682159900665283
11745670	2.682159900665283
11745703	2.682159900665283
11745754	2.682159900665283
11745804	2.682159900665283
11746212	2.682159900665283
11746262	2.682159900665283
11746296	2.682159900665283
11746346	2.682159900665283
11746754	2.682159900665283
11746804	2.682159900665283
11747165	2.682159900665283
11747169	2.682159900665283
11747176	2.682159900665283
11747182	2.682159900665283
11747187	2.682159900665283
11747214	2.682159900665283
11747234	2.682159900665283
11747239	2.682159900665283
11747240	2.682159900665283
11747250	2.682159900665283
11747623	2.682159900665283
11747627	2.682159900665283
11747634	2.682159900665283
11747640	2.682159900665283
11747645	3.864466667175293
11747672	4.637359619140625
11747692	5.410253047943115
11747697	6.1831464767456055
11747698	6.956039905548096
11747707	8.501826286315918
11747708	7.728933334350586
11747711	8.501826286315918
11747718	7.728933334350586
11747724	6.956039905548096
11747729	5.410253047943115
11747756	4.637359619140625
11747776	3.864466667175293
11747781	3.0915732383728027
11747782	2.682159900665283
11747792	2.682159900665283
11748165	2.682159900665283
11748169	2.682159900665283
11748176	2.682159900665283
11748182	2.682159900665283
11748187	2.682159900665283
11748214	2.682159900665283
11748234	2.682159900665283
11748239	2.682159900665283
11748240	2.682159900665283
11748250	2.682159900665283
11748598	2.682159900665283
11748640	2.682159900665283
11748769	2.682159900665283
11748774	2.682159900665283
11748809	2.682159900665283
11749056	2.682159900665283
11749098	2.682159900665283
11749140	2.682159900665283
11749182	2.682159900665283
11749598	2.682159900665283
11749640	2.682159900665283
11751254	2.682159900665283
11751304	2.682159900665283
11752665	2.682159900665283
11752669	2.682159900665283
11752676	2.682159900665283
11752682	2.682159900665283
11752687	2.682159900665283
11752714	2.682159900665283
11752734	2.682159900665283
11752739	2.682159900665283
11752740	2.682159900665283
11752750	2.682159900665283
11754098	2.682159900665283
11754140	2.682159900665283
11761829	2.682159900665283
11761889	2.682159900665283
11762579	2.682159900665283
11762626	2.682159900665283
11766329	2.682159900665283
11766389	2.682159900665283
11766787	2.682159900665283
11766847	2.682159900665283
11766871	2.682159900665283
11766931	2.682159900665283
11767079	2.682159900665283
11767126	2.682159900665283
11767329	2.682159900665283
11767389	2.682159900665283
11767537	2.682159900665283
11767584	2.682159900665283
11767621	2.682159900665283
11767668	2.682159900665283
11768079	2.682159900665283
11768126	2.682159900665283
11771829	2.682159900665283
11771889	2.682159900665283
11772579	2.682159900665283
11772626	2.682159900665283
11791635	2.682159900665283
11791696	2.682159900665283
11795638	2.682159900665283
11795676	2.682159900665283
11796050	2.682159900665283
11796081	2.682159900665283
11796135	2.682159900665283
11796196	2.682159900665283
11796222	2.682159900665283
11796247	2.682159900665283
11796262	2.682159900665283
11796297	2.682159900665283
11796303	2.682159900665283
11796342	2.682159900665283
11796388	2.682159900665283
11796458	2.682159900665283
11796593	2.682159900665283
11796654	2.682159900665283
11796677	2.682159900665283
11796738	2.682159900665283
11797135	2.682159900665283
11797196	2.682159900665283
11800138	2.682159900665283
11800176	2.682159900665283
11800550	2.682159900665283
11800581	2.682159900665283
11800596	2.682159900665283
11800634	2.682159900665283
11800680	2.682159900665283
11800718	2.682159900665283
11800722	2.682159900665283
11800747	2.682159900665283
11800762	2.682159900665283
11800797	2.682159900665283
11800803	2.682159900665283
11800842	2.682159900665283
11800888	2.682159900665283
11800958	2.682159900665283
11801008	2.682159900665283
11801039	2.682159900665283
11801092	2.682159900665283
11801123	2.682159900665283
11801138	2.682159900665283
11801176	2.682159900665283
11801180	2.682159900665283
11801205	2.682159900665283
11801220	2.682159900665283
11801255	2.682159900665283
11801261	3.0915732383728027
11801264	3.864466667175293
11801289	3.0915732383728027
11801300	2.682159900665283
11801304	3.0915732383728027
11801339	2.682159900665283
11801345	2.682159900665283
11801346	2.682159900665283
11801384	2.682159900665283
11801416	2.682159900665283
11801430	2.682159900665283
11801500	2.682159900665283
11801550	2.682159900665283
11801581	2.682159900665283
11801635	2.682159900665283
11801696	2.682159900665283
11801722	2.682159900665283
11801747	2.682159900665283
11801762	2.682159900665283
11801797	2.682159900665283
11801803	2.682159900665283
11801842	2.682159900665283
11801888	2.682159900665283
11801958	2.682159900665283
11802068	2.682159900665283
11802136	2.682159900665283
11805638	2.682159900665283
11805676	2.682159900665283
11806050	2.682159900665283
11806081	2.682159900665283
11806222	2.682159900665283
11806247	2.682159900665283
11806262	2.682159900665283
11806297	2.682159900665283
11806303	2.682159900665283
11806342	2.682159900665283
11806388	2.682159900665283
11806458	2.682159900665283
11806568	2.682159900665283
11806636	2.682159900665283
11806846	2.682159900665283
11806902	2.682159900665283
11807026	2.682159900665283
11807094	2.682159900665283
11807110	2.682159900665283
11807178	2.682159900665283
11807568	2.682159900665283
11807636	2.682159900665283
11811346	2.682159900665283
11811402	2.682159900665283
11811804	2.682159900665283
11811860	2.682159900665283
11811888	2.682159900665283
11811944	2.682159900665283
11812068	2.682159900665283
11812136	2.682159900665283
11812346	2.682159900665283
11812402	2.682159900665283
11816214	2.682159900665283
11816267	2.682159900665283
11816846	2.682159900665283
11816902	2.682159900665283
11820714	2.682159900665283
11820767	2.682159900665283
11821172	2.682159900665283
11821225	2.682159900665283
11821256	2.682159900665283
11821309	2.682159900665283
11821714	2.682159900665283
11821767	2.682159900665283
11826214	2.682159900665283
11826267	2.682159900665283
11826596	2.682159900665283
11826657	2.682159900665283
11831096	2.682159900665283
11831157	2.682159900665283
11831554	2.682159900665283
11831615	2.682159900665283
11831638	2.682159900665283
11831699	2.682159900665283
11832096	2.682159900665283
11832157	2.682159900665283
11836596	2.682159900665283
11836657	2.682159900665283
11851241	2.682159900665283
11851278	2.682159900665283
11855741	2.682159900665283
11855778	2.682159900665283
11856199	2.682159900665283
11856236	2.682159900665283
11856283	2.682159900665283
11856320	2.682159900665283
11856741	2.682159900665283
11856778	2.682159900665283
11861241	2.682159900665283
11861278	2.682159900665283
11891250	2.682159900665283
11891276	2.682159900665283
11895750	2.682159900665283
11895776	2.682159900665283
11896208	2.682159900665283
11896234	2.682159900665283
11896292	2.682159900665283
11896318	2.682159900665283
11896750	2.682159900665283
11896776	2.682159900665283
11901250	2.682159900665283
11901276	2.682159900665283
11901744	2.682159900665283
11901778	2.682159900665283
11906244	2.682159900665283
11906278	2.682159900665283
11906702	2.682159900665283
11906736	2.682159900665283
11906786	2.682159900665283
11906820	2.682159900665283
11907244	2.682159900665283
11907278	2.682159900665283
11911744	2.682159900665283
11911778	2.682159900665283
12133981	2.682159900665283
12134044	2.682159900665283
12138481	2.682159900665283
12138544	2.682159900665283
12138939	2.682159900665283
12139002	2.682159900665283
12139023	2.682159900665283
12139086	2.682159900665283
12139481	2.682159900665283
12139544	2.682159900665283
12143981	2.682159900665283
12144044	2.682159900665283
12181252	2.682159900665283
12181328	2.682159900665283
12185752	2.682159900665283
12185828	2.682159900665283
12186210	2.682159900665283
12186286	2.682159900665283
12186294	2.682159900665283
12186370	2.682159900665283
12186752	2.682159900665283
12186828	2.682159900665283
12191252	2.682159900665283
12191328	2.682159900665283
12623890	2.682159900665283
12623931	2.682159900665283
12628390	2.682159900665283
12628431	2.682159900665283
12628848	2.682159900665283
12628889	2.682159900665283
12628932	2.682159900665283
12628973	2.682159900665283
12629390	2.682159900665283
12629431	2.682159900665283
12633890	2.682159900665283
12633931	2.682159900665283
12650893	2.682159900665283
12650920	2.682159900665283
12655393	2.682159900665283
12655420	2.682159900665283
12655851	2.682159900665283
12655878	2.682159900665283
12655935	2.682159900665283
12655962	2.682159900665283
12656393	2.682159900665283
12656420	2.682159900665283
12660893	2.682159900665283
12660920	2.682159900665283
12756210	2.682159900665283
12756243	2.682159900665283
12760710	2.682159900665283
12760743	2.682159900665283
12761168	2.682159900665283
12761201	2.682159900665283
12761252	2.682159900665283
12761285	2.682159900665283
12761710	2.682159900665283
12761743	2.682159900665283
12766210	2.682159900665283
12766243	2.682159900665283
12994513	2.682159900665283
12994574	2.682159900665283
12999013	2.682159900665283
12999074	2.682159900665283
12999471	2.682159900665283
12999532	2.682159900665283
12999555	2.682159900665283
12999616	2.682159900665283
13000013	2.682159900665283
13000074	2.682159900665283
13004513	2.682159900665283
13004574	2.682159900665283
13032868	2.682159900665283
13032919	2.682159900665283
13037368	2.682159900665283
13037419	2.682159900665283
13037826	2.682159900665283
13037877	2.682159900665283
13037910	2.682159900665283
13037961	2.682159900665283
13038368	2.682159900665283
13038419	2.682159900665283
13042868	2.682159900665283
13042919	2.682159900665283
13177699	2.682159900665283
13177747	2.682159900665283
13182199	2.682159900665283
13182247	2.682159900665283
13182657	2.682159900665283
13182705	2.682159900665283
13182741	2.682159900665283
13182789	2.682159900665283
13183199	2.682159900665283
13183247	2.682159900665283
13187699	2.682159900665283
13187747	2.682159900665283
13289946	2.682159900665283
13290019	2.682159900665283
13294446	2.682159900665283
13294519	2.682159900665283
13294904	2.682159900665283
13294977	2.682159900665283
13294988	2.682159900665283
13295061	2.682159900665283
13295446	2.682159900665283
13295519	2.682159900665283
13299946	2.682159900665283
13300019	2.682159900665283
13440131	2.682159900665283
13440172	2.682159900665283
13444631	2.682159900665283
13444672	2.682159900665283
13445089	2.682159900665283
13445130	2.682159900665283
13445173	2.682159900665283
13445214	2.682159900665283
13445631	2.682159900665283
13445672	2.682159900665283
13450131	2.682159900665283
13450172	2.682159900665283
13479505	2.682159900665283
13479535	2.682159900665283
13484005	2.682159900665283
13484035	2.682159900665283
13484463	2.682159900665283
13484493	2.682159900665283
13484547	2.682159900665283
13484577	2.682159900665283
13485005	2.682159900665283
13485035	2.682159900665283
13489505	2.682159900665283
13489535	2.682159900665283
13519357	2.682159900665283
13519401	2.682159900665283
13521499	2.682159900665283
13521592	2.682159900665283
13523857	2.682159900665283
13523901	2.682159900665283
13524315	2.682159900665283
13524359	2.682159900665283
13524399	2.682159900665283
13524443	2.682159900665283
13524857	2.682159900665283
13524901	2.682159900665283
13525999	2.682159900665283
13526092	2.682159900665283
13526457	2.682159900665283
13526541	2.682159900665283
13526550	2.682159900665283
13526634	2.682159900665283
13526999	2.682159900665283
13527092	2.682159900665283
13529357	2.682159900665283
13529401	2.682159900665283
13531499	2.682159900665283
13531592	2.682159900665283
13622776	2.682159900665283
13622806	2.682159900665283
13627276	2.682159900665283
13627306	2.682159900665283
13627734	2.682159900665283
13627764	2.682159900665283
13627818	2.682159900665283
13627848	2.682159900665283
13628276	2.682159900665283
13628306	2.682159900665283
13632776	2.682159900665283
13632806	2.682159900665283
13717466	2.682159900665283
13717523	2.682159900665283
13718731	2.682159900665283
13718829	2.682159900665283
13721966	2.682159900665283
13722023	2.682159900665283
13722424	2.682159900665283
13722481	2.682159900665283
13722508	2.682159900665283
13722565	2.682159900665283
13722966	2.682159900665283
13723023	2.682159900665283
13723231	2.682159900665283
13723329	2.682159900665283
13723689	2.682159900665283
13723773	2.682159900665283
13723787	2.682159900665283
13723871	2.682159900665283
13724231	2.682159900665283
13724329	2.682159900665283
13727466	2.682159900665283
13727523	2.682159900665283
13728731	2.682159900665283
13728829	2.682159900665283
13768087	2.682159900665283
13768158	2.682159900665283
13772587	2.682159900665283
13772658	2.682159900665283
13773045	2.682159900665283
13773116	2.682159900665283
13773129	2.682159900665283
13773200	2.682159900665283
13773587	2.682159900665283
13773658	2.682159900665283
13778087	2.682159900665283
13778158	2.682159900665283
13847094	2.682159900665283
13847141	2.682159900665283
13851594	2.682159900665283
13851641	2.682159900665283
13852052	2.682159900665283
13852099	2.682159900665283
13852136	2.682159900665283
13852183	2.682159900665283
13852594	2.682159900665283
13852641	2.682159900665283
13857094	2.682159900665283
13857141	2.682159900665283
13908169	2.682159900665283
13908225	2.682159900665283
13909586	2.682159900665283
13909661	2.682159900665283
13912669	2.682159900665283
13912725	2.682159900665283
13913127	2.682159900665283
13913183	2.682159900665283
13913211	2.682159900665283
13913267	2.682159900665283
13913669	2.682159900665283
13913725	2.682159900665283
13914086	2.682159900665283
13914161	2.682159900665283
13914544	2.682159900665283
13914619	2.682159900665283
13914628	2.682159900665283
13914703	2.682159900665283
13915086	2.682159900665283
13915161	2.682159900665283
13918169	2.682159900665283
13918225	2.682159900665283
13919586	2.682159900665283
13919661	2.682159900665283
13935490	2.682159900665283
13935506	2.682159900665283
13935546	2.682159900665283
13935554	2.682159900665283
13939990	2.682159900665283
13940006	2.682159900665283
13940046	2.682159900665283
13940054	2.682159900665283
13940448	2.682159900665283
13940464	2.682159900665283
13940504	2.682159900665283
13940512	2.682159900665283
13940532	3.0915732383728027
13940548	2.682159900665283
13940588	2.682159900665283
13940596	2.682159900665283
13940990	2.682159900665283
13941006	2.682159900665283
13941046	2.682159900665283
13941054	2.682159900665283
13945490	2.682159900665283
13945506	2.682159900665283
13945546	2.682159900665283
13945554	2.682159900665283
13962682	2.682159900665283
13962738	2.682159900665283
13967182	2.682159900665283
13967238	2.682159900665283
13967640	2.682159900665283
13967696	2.682159900665283
13967724	2.682159900665283
13967780	2.682159900665283
13968182	2.682159900665283
13968238	2.682159900665283
13972682	2.682159900665283
13972738	2.682159900665283
14064452	2.682159900665283
14064504	2.682159900665283
14068952	2.682159900665283
14069004	2.682159900665283
14069410	2.682159900665283
14069462	2.682159900665283
14069494	2.682159900665283
14069546	2.682159900665283
14069952	2.682159900665283
14070004	2.682159900665283
14074452	2.682159900665283
14074504	2.682159900665283
14091216	2.682159900665283
14091275	2.682159900665283
14095716	2.682159900665283
14095775	2.682159900665283
14096174	2.682159900665283
14096233	2.682159900665283
14096258	2.682159900665283
14096317	2.682159900665283
14096716	2.682159900665283
14096775	2.682159900665283
14101216	2.682159900665283
14101275	2.682159900665283
14350401	2.682159900665283
14350434	2.682159900665283
14354901	2.682159900665283
14354934	2.682159900665283
14355359	2.682159900665283
14355392	2.682159900665283
14355443	2.682159900665283
14355476	2.682159900665283
14355901	2.682159900665283
14355934	2.682159900665283
14360401	2.682159900665283
14360434	2.682159900665283
14423454	2.682159900665283
14423488	2.682159900665283
14427954	2.682159900665283
14427988	2.682159900665283
14428412	2.682159900665283
14428446	2.682159900665283
14428496	2.682159900665283
14428530	2.682159900665283
14428954	2.682159900665283
14428988	2.682159900665283
14433454	2.682159900665283
14433488	2.682159900665283
14458200	2.682159900665283
14458233	2.682159900665283
14462700	2.682159900665283
14462733	2.682159900665283
14463158	2.682159900665283
14463191	2.682159900665283
14463242	2.682159900665283
14463275	2.682159900665283
14463700	2.682159900665283
14463733	2.682159900665283
14468200	2.682159900665283
14468233	2.682159900665283
14541904	2.682159900665283
14541945	2.682159900665283
14546404	2.682159900665283
14546445	2.682159900665283
14546862	2.682159900665283
14546903	2.682159900665283
14546946	2.682159900665283
14546987	2.682159900665283
14547404	2.682159900665283
14547445	2.682159900665283
14551904	2.682159900665283
14551945	2.682159900665283
14561705	2.682159900665283
14561736	2.682159900665283
14562321	2.682159900665283
14562373	2.682159900665283
14566205	2.682159900665283
14566236	2.682159900665283
14566663	2.682159900665283
14566694	2.682159900665283
14566747	2.682159900665283
14566778	2.682159900665283
14566821	2.682159900665283
14566873	2.682159900665283
14567205	2.682159900665283
14567236	2.682159900665283
14567279	2.682159900665283
14567331	2.682159900665283
14567363	2.682159900665283
14567415	2.682159900665283
14567821	2.682159900665283
14567873	2.682159900665283
14571705	2.682159900665283
14571736	2.682159900665283
14572321	2.682159900665283
14572373	2.682159900665283
14584097	2.682159900665283
14584161	2.682159900665283
14588597	2.682159900665283
14588661	2.682159900665283
14589055	2.682159900665283
14589119	2.682159900665283
14589139	2.682159900665283
14589203	2.682159900665283
14589597	2.682159900665283
14589661	2.682159900665283
14590918	2.682159900665283
14590952	2.682159900665283
14594097	2.682159900665283
14594161	2.682159900665283
14595418	2.682159900665283
14595452	2.682159900665283
14595876	2.682159900665283
14595910	2.682159900665283
14595960	2.682159900665283
14595994	2.682159900665283
14596418	2.682159900665283
14596452	2.682159900665283
14600918	2.682159900665283
14600952	2.682159900665283
14611023	2.682159900665283
14611084	2.682159900665283
14615523	2.682159900665283
14615584	2.682159900665283
14615981	2.682159900665283
14616042	2.682159900665283
14616065	2.682159900665283
14616126	2.682159900665283
14616523	2.682159900665283
14616584	2.682159900665283
14621023	2.682159900665283
14621084	2.682159900665283
14944541	2.682159900665283
14944582	2.682159900665283
14949041	2.682159900665283
14949082	2.682159900665283
14949499	2.682159900665283
14949540	2.682159900665283
14949583	2.682159900665283
14949624	2.682159900665283
14950041	2.682159900665283
14950082	2.682159900665283
14950769	2.682159900665283
14950832	2.682159900665283
14954317	2.682159900665283
14954365	2.682159900665283
14954541	2.682159900665283
14954582	2.682159900665283
14955269	2.682159900665283
14955332	2.682159900665283
14955727	2.682159900665283
14955790	2.682159900665283
14955811	2.682159900665283
14955874	2.682159900665283
14956269	2.682159900665283
14956332	2.682159900665283
14958817	2.682159900665283
14958865	2.682159900665283
14959275	2.682159900665283
14959323	2.682159900665283
14959359	2.682159900665283
14959407	2.682159900665283
14959817	2.682159900665283
14959865	2.682159900665283
14960769	2.682159900665283
14960832	2.682159900665283
14964317	2.682159900665283
14964365	2.682159900665283
15151376	2.682159900665283
15151468	2.682159900665283
15155876	2.682159900665283
15155968	2.682159900665283
15156334	2.682159900665283
15156418	2.682159900665283
15156426	2.682159900665283
15156510	2.682159900665283
15156876	2.682159900665283
15156968	2.682159900665283
15161376	2.682159900665283
15161468	2.682159900665283
15170470	2.682159900665283
15170520	2.682159900665283
15174970	2.682159900665283
15175020	2.682159900665283
15175428	2.682159900665283
15175478	2.682159900665283
15175512	2.682159900665283
15175562	2.682159900665283
15175970	2.682159900665283
15176020	2.682159900665283
15180470	2.682159900665283
15180520	2.682159900665283
15189567	2.682159900665283
15189648	2.682159900665283
15194067	2.682159900665283
15194148	2.682159900665283
15194525	2.682159900665283
15194606	2.682159900665283
15194609	2.682159900665283
15194690	2.682159900665283
15195067	2.682159900665283
15195148	2.682159900665283
15199567	2.682159900665283
15199648	2.682159900665283
15287089	2.682159900665283
15287129	2.682159900665283
15291589	2.682159900665283
15291629	2.682159900665283
15292047	2.682159900665283
15292087	2.682159900665283
15292131	2.682159900665283
15292171	2.682159900665283
15292589	2.682159900665283
15292629	2.682159900665283
15297089	2.682159900665283
15297129	2.682159900665283
15312318	2.682159900665283
15312349	2.682159900665283
15316818	2.682159900665283
15316849	2.682159900665283
15317276	2.682159900665283
15317307	2.682159900665283
15317360	2.682159900665283
15317391	2.682159900665283
15317818	2.682159900665283
15317849	2.682159900665283
15322318	2.682159900665283
15322349	2.682159900665283
15547991	2.682159900665283
15548059	2.682159900665283
15552491	2.682159900665283
15552559	2.682159900665283
15552949	2.682159900665283
15553017	2.682159900665283
15553033	2.682159900665283
15553101	2.682159900665283
15553491	2.682159900665283
15553559	2.682159900665283
15557991	2.682159900665283
15558059	2.682159900665283
15582467	2.682159900665283
15582522	2.682159900665283
15586967	2.682159900665283
15587022	2.682159900665283
15587425	2.682159900665283
15587480	2.682159900665283
15587509	2.682159900665283
15587564	2.682159900665283
15587967	2.682159900665283
15588022	2.682159900665283
15592467	2.682159900665283
15592522	2.682159900665283
15601608	2.682159900665283
15601658	2.682159900665283
15606108	2.682159900665283
15606158	2.682159900665283
15606566	2.682159900665283
15606616	2.682159900665283
15606650	2.682159900665283
15606700	2.682159900665283
15607108	2.682159900665283
15607158	2.682159900665283
15611608	2.682159900665283
15611658	2.682159900665283
15696724	2.682159900665283
15696777	2.682159900665283
15701224	2.682159900665283
15701277	2.682159900665283
15701682	2.682159900665283
15701735	2.682159900665283
15701766	2.682159900665283
15701819	2.682159900665283
15702224	2.682159900665283
15702277	2.682159900665283
15706724	2.682159900665283
15706777	2.682159900665283
15726402	2.682159900665283
15726479	2.682159900665283
15730902	2.682159900665283
15730979	2.682159900665283
15731360	2.682159900665283
15731437	2.682159900665283
15731444	2.682159900665283
15731521	2.682159900665283
15731902	2.682159900665283
15731979	2.682159900665283
15733143	2.682159900665283
15733187	2.682159900665283
15734346	2.682159900665283
15734424	2.682159900665283
15736402	2.682159900665283
15736479	2.682159900665283
15737643	2.682159900665283
15737687	2.682159900665283
15738101	2.682159900665283
15738145	2.682159900665283
15738185	2.682159900665283
15738229	2.682159900665283
15738643	2.682159900665283
15738687	2.682159900665283
15738846	2.682159900665283
15738924	2.682159900665283
15739304	2.682159900665283
15739382	2.682159900665283
15739388	2.682159900665283
15739466	2.682159900665283
15739846	2.682159900665283
15739924	2.682159900665283
15743143	2.682159900665283
15743187	2.682159900665283
15744346	2.682159900665283
15744424	2.682159900665283
15782934	2.682159900665283
15782981	2.682159900665283
15785263	2.682159900665283
15785351	2.682159900665283
15787434	2.682159900665283
15787481	2.682159900665283
15787892	2.682159900665283
15787939	2.682159900665283
15787976	2.682159900665283
15788023	2.682159900665283
15788434	2.682159900665283
15788481	2.682159900665283
15789763	2.682159900665283
15789851	2.682159900665283
15790221	2.682159900665283
15790305	2.682159900665283
15790309	2.682159900665283
15790393	2.682159900665283
15790763	2.682159900665283
15790851	2.682159900665283
15792934	2.682159900665283
15792981	2.682159900665283
15795263	2.682159900665283
15795351	2.682159900665283
15830064	2.682159900665283
15830098	2.682159900665283
15834564	2.682159900665283
15834598	2.682159900665283
15835022	2.682159900665283
15835056	2.682159900665283
15835106	2.682159900665283
15835140	2.682159900665283
15835564	2.682159900665283
15835598	2.682159900665283
15840064	2.682159900665283
15840098	2.682159900665283
16113525	2.682159900665283
16113607	2.682159900665283
16118025	2.682159900665283
16118107	2.682159900665283
16118483	2.682159900665283
16118565	2.682159900665283
16118567	2.682159900665283
16118649	2.682159900665283
16119025	2.682159900665283
16119107	2.682159900665283
16123525	2.682159900665283
16123607	2.682159900665283
16237387	2.682159900665283
16237424	2.682159900665283
16241887	2.682159900665283
16241924	2.682159900665283
16242345	2.682159900665283
16242382	2.682159900665283
16242429	2.682159900665283
16242466	2.682159900665283
16242887	2.682159900665283
16242924	2.682159900665283
16247387	2.682159900665283
16247424	2.682159900665283
16731113	2.682159900665283
16731147	2.682159900665283
16735613	2.682159900665283
16735647	2.682159900665283
16736071	2.682159900665283
16736105	2.682159900665283
16736155	2.682159900665283
16736189	2.682159900665283
16736613	2.682159900665283
16736647	2.682159900665283
16741113	2.682159900665283
16741147	2.682159900665283
16855116	2.682159900665283
16855159	2.682159900665283
16859616	2.682159900665283
16859659	2.682159900665283
16860074	2.682159900665283
16860117	2.682159900665283
16860158	2.682159900665283
16860201	2.682159900665283
16860616	2.682159900665283
16860659	2.682159900665283
16865116	2.682159900665283
16865159	2.682159900665283
16884651	2.682159900665283
16884705	2.682159900665283
16889151	2.682159900665283
16889205	2.682159900665283
16889609	2.682159900665283
16889663	2.682159900665283
16889693	2.682159900665283
16889747	2.682159900665283
16890151	2.682159900665283
16890205	2.682159900665283
16894651	2.682159900665283
16894705	2.682159900665283
16902455	2.682159900665283
16902484	2.682159900665283
16902547	2.682159900665283
16902577	2.682159900665283
16902713	2.682159900665283
16902742	2.682159900665283
16906955	2.682159900665283
16906984	2.682159900665283
16907047	2.682159900665283
16907077	2.682159900665283
16907213	2.682159900665283
16907242	2.682159900665283
16907413	2.682159900665283
16907442	2.682159900665283
16907497	2.682159900665283
16907505	2.682159900665283
16907526	2.682159900665283
16907535	2.682159900665283
16907589	2.682159900665283
16907619	2.682159900665283
16907671	2.682159900665283
16907700	2.682159900665283
16907755	2.682159900665283
16907784	2.682159900665283
16907955	2.682159900665283
16907984	2.682159900665283
16908047	2.682159900665283
16908077	2.682159900665283
16908213	2.682159900665283
16908242	2.682159900665283
16910425	2.682159900665283
16910489	2.682159900665283
16912325	2.682159900665283
16912412	2.682159900665283
16912455	2.682159900665283
16912484	2.682159900665283
16912547	2.682159900665283
16912577	2.682159900665283
16912713	2.682159900665283
16912742	2.682159900665283
16914925	2.682159900665283
16914989	2.682159900665283
16915383	2.682159900665283
16915447	2.682159900665283
16915467	2.682159900665283
16915531	2.682159900665283
16915925	2.682159900665283
16915989	2.682159900665283
16916825	2.682159900665283
16916912	2.682159900665283
16917283	2.682159900665283
16917367	2.682159900665283
16917370	2.682159900665283
16917454	2.682159900665283
16917825	2.682159900665283
16917912	2.682159900665283
16920425	2.682159900665283
16920489	2.682159900665283
16922325	2.682159900665283
16922412	2.682159900665283
17006738	2.682159900665283
17006768	2.682159900665283
17011238	2.682159900665283
17011268	2.682159900665283
17011696	2.682159900665283
17011726	2.682159900665283
17011780	2.682159900665283
17011810	2.682159900665283
17012238	2.682159900665283
17012268	2.682159900665283
17016738	2.682159900665283
17016768	2.682159900665283
17215341	2.682159900665283
17215398	2.682159900665283
17219841	2.682159900665283
17219898	2.682159900665283
17220299	2.682159900665283
17220356	2.682159900665283
17220383	2.682159900665283
17220440	2.682159900665283
17220841	2.682159900665283
17220898	2.682159900665283
17225341	2.682159900665283
17225398	2.682159900665283
17321684	2.682159900665283
17321721	2.682159900665283
17326184	2.682159900665283
17326221	2.682159900665283
17326642	2.682159900665283
17326679	2.682159900665283
17326726	2.682159900665283
17326763	2.682159900665283
17327184	2.682159900665283
17327221	2.682159900665283
17331684	2.682159900665283
17331721	2.682159900665283
17782715	2.682159900665283
17782742	2.682159900665283
17787215	2.682159900665283
17787242	2.682159900665283
17787673	2.682159900665283
17787700	2.682159900665283
17787757	2.682159900665283
17787784	2.682159900665283
17788215	2.682159900665283
17788242	2.682159900665283
17792715	2.682159900665283
17792742	2.682159900665283
18924648	2.682159900665283
18924717	2.682159900665283
18929148	2.682159900665283
18929217	2.682159900665283
18929606	2.682159900665283
18929675	2.682159900665283
18929690	2.682159900665283
18929759	2.682159900665283
18930148	2.682159900665283
18930217	2.682159900665283
18934648	2.682159900665283
18934717	2.682159900665283
18952535	2.682159900665283
18952550	2.682159900665283
18952564	2.682159900665283
18952576	2.682159900665283
18956310	2.682159900665283
18956349	2.682159900665283
18957035	2.682159900665283
18957050	2.682159900665283
18957064	2.682159900665283
18957076	2.682159900665283
18957493	2.682159900665283
18957508	2.682159900665283
18957522	2.682159900665283
18957534	2.682159900665283
18957577	3.0915732383728027
18957592	2.682159900665283
18957606	2.682159900665283
18957618	2.682159900665283
18958035	2.682159900665283
18958050	2.682159900665283
18958064	2.682159900665283
18958076	2.682159900665283
18960810	2.682159900665283
18960849	2.682159900665283
18961268	2.682159900665283
18961307	2.682159900665283
18961352	2.682159900665283
18961391	2.682159900665283
18961810	2.682159900665283
18961849	2.682159900665283
18962535	2.682159900665283
18962550	2.682159900665283
18962564	2.682159900665283
18962576	2.682159900665283
18966310	2.682159900665283
18966349	2.682159900665283
18975706	2.682159900665283
18975763	2.682159900665283
18980206	2.682159900665283
18980263	2.682159900665283
18980664	2.682159900665283
18980721	2.682159900665283
18980748	2.682159900665283
18980805	2.682159900665283
18981206	2.682159900665283
18981263	2.682159900665283
18985706	2.682159900665283
18985763	2.682159900665283
19032554	2.682159900665283
19032630	2.682159900665283
19037054	2.682159900665283
19037130	2.682159900665283
19037512	2.682159900665283
19037588	2.682159900665283
19037596	2.682159900665283
19037672	2.682159900665283
19038054	2.682159900665283
19038130	2.682159900665283
19042554	2.682159900665283
19042630	2.682159900665283
19160574	2.682159900665283
19160606	2.682159900665283
19165074	2.682159900665283
19165106	2.682159900665283
19165532	2.682159900665283
19165564	2.682159900665283
19165616	2.682159900665283
19165648	2.682159900665283
19166074	2.682159900665283
19166106	2.682159900665283
19170574	2.682159900665283
19170606	2.682159900665283
19371080	2.682159900665283
19371136	2.682159900665283
19375580	2.682159900665283
19375636	2.682159900665283
19376038	2.682159900665283
19376094	2.682159900665283
19376122	2.682159900665283
19376178	2.682159900665283
19376580	2.682159900665283
19376636	2.682159900665283
19381080	2.682159900665283
19381136	2.682159900665283
19413247	2.682159900665283
19413279	2.682159900665283
19417747	2.682159900665283
19417779	2.682159900665283
19418205	2.682159900665283
19418237	2.682159900665283
19418289	2.682159900665283
19418321	2.682159900665283
19418747	2.682159900665283
19418779	2.682159900665283
19423247	2.682159900665283
19423279	2.682159900665283
19434327	2.682159900665283
19434364	2.682159900665283
19438827	2.682159900665283
19438864	2.682159900665283
19439285	2.682159900665283
19439322	2.682159900665283
19439369	2.682159900665283
19439406	2.682159900665283
19439827	2.682159900665283
19439864	2.682159900665283
19444327	2.682159900665283
19444364	2.682159900665283
19530308	2.682159900665283
19530364	2.682159900665283
19534808	2.682159900665283
19534864	2.682159900665283
19535266	2.682159900665283
19535322	2.682159900665283
19535350	2.682159900665283
19535406	2.682159900665283
19535808	2.682159900665283
19535864	2.682159900665283
19540308	2.682159900665283
19540364	2.682159900665283
19638128	2.682159900665283
19638156	2.682159900665283
19642628	2.682159900665283
19642656	2.682159900665283
19643086	2.682159900665283
19643114	2.682159900665283
19643170	2.682159900665283
19643198	2.682159900665283
19643628	2.682159900665283
19643656	2.682159900665283
19648128	2.682159900665283
19648156	2.682159900665283
19682025	2.682159900665283
19682063	2.682159900665283
19686525	2.682159900665283
19686563	2.682159900665283
19686983	2.682159900665283
19687021	2.682159900665283
19687067	2.682159900665283
19687105	2.682159900665283
19687525	2.682159900665283
19687563	2.682159900665283
19692025	2.682159900665283
19692063	2.682159900665283
20364152	2.682159900665283
20364242	2.682159900665283
20368271	2.682159900665283
20368351	2.682159900665283
20368652	2.682159900665283
20368742	2.682159900665283
20369110	2.682159900665283
20369194	2.682159900665283
20369200	2.682159900665283
20369284	2.682159900665283
20369652	2.682159900665283
20369742	2.682159900665283
20370255	2.682159900665283
20370293	2.682159900665283
20372771	2.682159900665283
20372851	2.682159900665283
20373229	2.682159900665283
20373309	2.682159900665283
20373313	2.682159900665283
20373393	2.682159900665283
20373771	2.682159900665283
20373851	2.682159900665283
20374152	2.682159900665283
20374242	2.682159900665283
20374755	2.682159900665283
20374793	2.682159900665283
20375213	2.682159900665283
20375251	2.682159900665283
20375297	2.682159900665283
20375335	2.682159900665283
20375755	2.682159900665283
20375793	2.682159900665283
20376404	2.682159900665283
20376463	2.682159900665283
20377186	2.682159900665283
20377217	2.682159900665283
20378271	2.682159900665283
20378351	2.682159900665283
20380255	2.682159900665283
20380293	2.682159900665283
20380904	2.682159900665283
20380963	2.682159900665283
20381362	2.682159900665283
20381421	2.682159900665283
20381446	2.682159900665283
20381505	2.682159900665283
20381686	2.682159900665283
20381717	2.682159900665283
20381904	2.682159900665283
20381963	2.682159900665283
20382144	2.682159900665283
20382175	2.682159900665283
20382228	2.682159900665283
20382259	2.682159900665283
20382686	2.682159900665283
20382717	2.682159900665283
20386404	2.682159900665283
20386463	2.682159900665283
20387186	2.682159900665283
20387217	2.682159900665283
20427098	2.682159900665283
20427129	2.682159900665283
20431598	2.682159900665283
20431629	2.682159900665283
20432056	2.682159900665283
20432087	2.682159900665283
20432140	2.682159900665283
20432171	2.682159900665283
20432598	2.682159900665283
20432629	2.682159900665283
20437098	2.682159900665283
20437129	2.682159900665283
20500938	2.682159900665283
20501016	2.682159900665283
20505438	2.682159900665283
20505516	2.682159900665283
20505896	2.682159900665283
20505974	2.682159900665283
20505980	2.682159900665283
20506058	2.682159900665283
20506438	2.682159900665283
20506516	2.682159900665283
20510938	2.682159900665283
20511016	2.682159900665283
20529000	2.682159900665283
20529027	2.682159900665283
20529046	2.682159900665283
20529049	2.682159900665283
20529063	2.682159900665283
20529071	2.682159900665283
20529076	2.682159900665283
20529077	2.682159900665283
20529088	2.682159900665283
20529279	2.682159900665283
20529282	2.682159900665283
20529308	2.682159900665283
20533500	2.682159900665283
20533527	2.682159900665283
20533546	2.682159900665283
20533549	2.682159900665283
20533563	2.682159900665283
20533571	2.682159900665283
20533576	2.682159900665283
20533577	2.682159900665283
20533588	2.682159900665283
20533779	2.682159900665283
20533782	2.682159900665283
20533808	2.682159900665283
20533958	2.682159900665283
20533985	2.682159900665283
20534004	2.682159900665283
20534007	3.0915732383728027
20534021	3.864466667175293
20534029	4.637359619140625
20534034	5.410253047943115
20534035	6.1831464767456055
20534042	6.956039905548096
20534046	6.1831464767456055
20534069	6.956039905548096
20534088	6.1831464767456055
20534091	4.637359619140625
20534105	3.864466667175293
20534113	3.0915732383728027
20534118	2.682159900665283
20534119	2.682159900665283
20534130	2.682159900665283
20534237	2.682159900665283
20534240	2.682159900665283
20534266	2.682159900665283
20534321	3.0915732383728027
20534324	2.682159900665283
20534350	2.682159900665283
20534500	2.682159900665283
20534527	2.682159900665283
20534546	2.682159900665283
20534549	2.682159900665283
20534563	2.682159900665283
20534571	2.682159900665283
20534576	2.682159900665283
20534577	2.682159900665283
20534588	2.682159900665283
20534779	2.682159900665283
20534782	2.682159900665283
20534808	2.682159900665283
20539000	2.682159900665283
20539027	2.682159900665283
20539046	2.682159900665283
20539049	2.682159900665283
20539063	2.682159900665283
20539071	2.682159900665283
20539076	2.682159900665283
20539077	2.682159900665283
20539088	2.682159900665283
20539279	2.682159900665283
20539282	2.682159900665283
20539308	2.682159900665283
20637204	2.682159900665283
20637259	2.682159900665283
20641704	2.682159900665283
20641759	2.682159900665283
20642162	2.682159900665283
20642217	2.682159900665283
20642246	2.682159900665283
20642301	2.682159900665283
20642704	2.682159900665283
20642759	2.682159900665283
20647204	2.682159900665283
20647259	2.682159900665283
20787972	2.682159900665283
20788035	2.682159900665283
20792472	2.682159900665283
20792535	2.682159900665283
20792930	2.682159900665283
20792993	2.682159900665283
20793014	2.682159900665283
20793077	2.682159900665283
20793472	2.682159900665283
20793535	2.682159900665283
20797972	2.682159900665283
20798035	2.682159900665283
20821736	2.682159900665283
20821783	2.682159900665283
20826236	2.682159900665283
20826283	2.682159900665283
20826694	2.682159900665283
20826741	2.682159900665283
20826778	2.682159900665283
20826825	2.682159900665283
20827236	2.682159900665283
20827283	2.682159900665283
20831736	2.682159900665283
20831783	2.682159900665283
20850644	2.682159900665283
20850674	2.682159900665283
20850755	2.682159900665283
20850783	2.682159900665283
20855144	2.682159900665283
20855174	2.682159900665283
20855255	2.682159900665283
20855283	2.682159900665283
20855602	2.682159900665283
20855632	2.682159900665283
20855686	2.682159900665283
20855713	2.682159900665283
20855716	2.682159900665283
20855741	2.682159900665283
20855797	2.682159900665283
20855825	2.682159900665283
20856144	2.682159900665283
20856174	2.682159900665283
20856255	2.682159900665283
20856283	2.682159900665283
20860644	2.682159900665283
20860674	2.682159900665283
20860755	2.682159900665283
20860783	2.682159900665283
20884431	2.682159900665283
20884474	2.682159900665283
20888931	2.682159900665283
20888974	2.682159900665283
20889389	2.682159900665283
20889432	2.682159900665283
20889473	2.682159900665283
20889516	2.682159900665283
20889931	2.682159900665283
20889974	2.682159900665283
20894431	2.682159900665283
20894474	2.682159900665283
21026560	2.682159900665283
21026622	2.682159900665283
21031060	2.682159900665283
21031122	2.682159900665283
21031518	2.682159900665283
21031580	2.682159900665283
21031602	2.682159900665283
21031664	2.682159900665283
21032060	2.682159900665283
21032122	2.682159900665283
21036560	2.682159900665283
21036622	2.682159900665283
21148954	2.682159900665283
21148994	2.682159900665283
21151222	2.682159900665283
21151307	2.682159900665283
21153454	2.682159900665283
21153494	2.682159900665283
21153912	2.682159900665283
21153952	2.682159900665283
21153996	2.682159900665283
21154036	2.682159900665283
21154454	2.682159900665283
21154494	2.682159900665283
21155722	2.682159900665283
21155807	2.682159900665283
21156180	2.682159900665283
21156264	2.682159900665283
21156265	2.682159900665283
21156349	2.682159900665283
21156722	2.682159900665283
21156807	2.682159900665283
21158954	2.682159900665283
21158994	2.682159900665283
21161222	2.682159900665283
21161307	2.682159900665283
21195431	2.682159900665283
21195467	2.682159900665283
21199931	2.682159900665283
21199967	2.682159900665283
21200389	2.682159900665283
21200425	2.682159900665283
21200473	2.682159900665283
21200509	2.682159900665283
21200931	2.682159900665283
21200967	2.682159900665283
21205431	2.682159900665283
21205467	2.682159900665283
21458729	2.682159900665283
21458761	2.682159900665283
21463229	2.682159900665283
21463261	2.682159900665283
21463687	2.682159900665283
21463719	2.682159900665283
21463771	2.682159900665283
21463803	2.682159900665283
21464229	2.682159900665283
21464261	2.682159900665283
21468729	2.682159900665283
21468761	2.682159900665283
22256067	2.682159900665283
22256119	2.682159900665283
22260567	2.682159900665283
22260619	2.682159900665283
22261025	2.682159900665283
22261077	2.682159900665283
22261109	2.682159900665283
22261161	2.682159900665283
22261567	2.682159900665283
22261619	2.682159900665283
22266067	2.682159900665283
22266119	2.682159900665283
22323787	2.682159900665283
22323820	2.682159900665283
22328287	2.682159900665283
22328320	2.682159900665283
22328745	2.682159900665283
22328778	2.682159900665283
22328829	2.682159900665283
22328862	2.682159900665283
22329287	2.682159900665283
22329320	2.682159900665283
22333787	2.682159900665283
22333820	2.682159900665283
22336286	2.682159900665283
22336352	2.682159900665283
22340786	2.682159900665283
22340852	2.682159900665283
22341244	2.682159900665283
22341310	2.682159900665283
22341328	2.682159900665283
22341394	2.682159900665283
22341786	2.682159900665283
22341852	2.682159900665283
22346286	2.682159900665283
22346352	2.682159900665283
23049720	2.682159900665283
23049792	2.682159900665283
23054220	2.682159900665283
23054292	2.682159900665283
23054678	2.682159900665283
23054750	2.682159900665283
23054762	2.682159900665283
23054834	2.682159900665283
23055220	2.682159900665283
23055292	2.682159900665283
23059720	2.682159900665283
23059792	2.682159900665283
23455103	2.682159900665283
23455131	2.682159900665283
23459603	2.682159900665283
23459631	2.682159900665283
23460061	2.682159900665283
23460089	2.682159900665283
23460145	2.682159900665283
23460173	2.682159900665283
23460603	2.682159900665283
23460631	2.682159900665283
23465103	2.682159900665283
23465131	2.682159900665283
26282265	2.682159900665283
26282299	2.682159900665283
26286765	2.682159900665283
26286799	2.682159900665283
26287223	2.682159900665283
26287257	2.682159900665283
26287307	2.682159900665283
26287341	2.682159900665283
26287765	2.682159900665283
26287799	2.682159900665283
26292265	2.682159900665283
26292299	2.682159900665283
26337730	2.682159900665283
26337790	2.682159900665283
26342230	2.682159900665283
26342290	2.682159900665283
26342688	2.682159900665283
26342748	2.682159900665283
26342772	2.682159900665283
26342832	2.682159900665283
26343230	2.682159900665283
26343290	2.682159900665283
26347730	2.682159900665283
26347790	2.682159900665283
26352976	2.682159900665283
26353071	2.682159900665283
26357476	2.682159900665283
26357571	2.682159900665283
26357934	2.682159900665283
26358018	2.682159900665283
26358029	2.682159900665283
26358113	2.682159900665283
26358476	2.682159900665283
26358571	2.682159900665283
26362976	2.682159900665283
26363071	2.682159900665283
26367493	2.682159900665283
26367494	2.682159900665283
26367547	2.682159900665283
26367583	2.682159900665283
26371328	2.682159900665283
26371353	2.682159900665283
26371402	2.682159900665283
26371429	2.682159900665283
26371993	2.682159900665283
26371994	2.682159900665283
26372047	2.682159900665283
26372083	2.682159900665283
26372451	2.682159900665283
26372452	2.682159900665283
26372505	2.682159900665283
26372535	2.682159900665283
26372536	2.682159900665283
26372541	2.682159900665283
26372589	2.682159900665283
26372625	2.682159900665283
26372993	2.682159900665283
26372994	2.682159900665283
26373047	2.682159900665283
26373083	2.682159900665283
26375828	2.682159900665283
26375853	2.682159900665283
26375902	2.682159900665283
26375929	2.682159900665283
26376286	2.682159900665283
26376311	2.682159900665283
26376360	2.682159900665283
26376370	2.682159900665283
26376387	2.682159900665283
26376395	2.682159900665283
26376444	2.682159900665283
26376471	2.682159900665283
26376828	2.682159900665283
26376853	2.682159900665283
26376902	2.682159900665283
26376929	2.682159900665283
26377493	2.682159900665283
26377494	2.682159900665283
26377547	2.682159900665283
26377583	2.682159900665283
26381328	2.682159900665283
26381353	2.682159900665283
26381402	2.682159900665283
26381429	2.682159900665283
26384837	2.682159900665283
26384873	2.682159900665283
26389337	2.682159900665283
26389373	2.682159900665283
26389795	2.682159900665283
26389831	2.682159900665283
26389879	2.682159900665283
26389915	2.682159900665283
26390337	2.682159900665283
26390373	2.682159900665283
26392606	2.682159900665283
26392661	2.682159900665283
26394837	2.682159900665283
26394873	2.682159900665283
26397106	2.682159900665283
26397161	2.682159900665283
26397564	2.682159900665283
26397619	2.682159900665283
26397648	2.682159900665283
26397703	2.682159900665283
26398106	2.682159900665283
26398161	2.682159900665283
26399102	2.682159900665283
26399136	2.682159900665283
26402606	2.682159900665283
26402661	2.682159900665283
26403602	2.682159900665283
26403636	2.682159900665283
26404060	2.682159900665283
26404094	2.682159900665283
26404144	2.682159900665283
26404178	2.682159900665283
26404602	2.682159900665283
26404636	2.682159900665283
26409102	2.682159900665283
26409136	2.682159900665283
26414044	2.682159900665283
26414103	2.682159900665283
26418544	2.682159900665283
26418603	2.682159900665283
26419002	2.682159900665283
26419061	2.682159900665283
26419086	2.682159900665283
26419145	2.682159900665283
26419544	2.682159900665283
26419603	2.682159900665283
26422490	2.682159900665283
26422534	2.682159900665283
26424044	2.682159900665283
26424103	2.682159900665283
26426990	2.682159900665283
26427034	2.682159900665283
26427448	2.682159900665283
26427492	2.682159900665283
26427532	2.682159900665283
26427576	2.682159900665283
26427990	2.682159900665283
26428034	2.682159900665283
26432490	2.682159900665283
26432534	2.682159900665283
26435035	2.682159900665283
26435070	2.682159900665283
26435386	2.682159900665283
26435433	2.682159900665283
26436372	2.682159900665283
26436490	2.682159900665283
26439535	2.682159900665283
26439570	2.682159900665283
26439886	2.682159900665283
26439933	2.682159900665283
26439993	2.682159900665283
26440028	2.682159900665283
26440077	2.682159900665283
26440112	2.682159900665283
26440344	2.682159900665283
26440391	2.682159900665283
26440428	2.682159900665283
26440475	2.682159900665283
26440535	2.682159900665283
26440570	2.682159900665283
26440872	2.682159900665283
26440886	2.682159900665283
26440933	2.682159900665283
26440990	2.682159900665283
26441330	2.682159900665283
26441414	2.682159900665283
26441448	2.682159900665283
26441532	2.682159900665283
26441872	2.682159900665283
26441990	2.682159900665283
26445035	2.682159900665283
26445070	2.682159900665283
26445386	2.682159900665283
26445433	2.682159900665283
26446372	2.682159900665283
26446490	2.682159900665283
26512631	2.682159900665283
26512663	2.682159900665283
26517131	2.682159900665283
26517163	2.682159900665283
26517589	2.682159900665283
26517621	2.682159900665283
26517673	2.682159900665283
26517705	2.682159900665283
26518131	2.682159900665283
26518163	2.682159900665283
26522631	2.682159900665283
26522663	2.682159900665283
26529554	2.682159900665283
26529616	2.682159900665283
26534054	2.682159900665283
26534116	2.682159900665283
26534512	2.682159900665283
26534574	2.682159900665283
26534596	2.682159900665283
26534658	2.682159900665283
26535054	2.682159900665283
26535116	2.682159900665283
26539554	2.682159900665283
26539616	2.682159900665283
26549870	2.682159900665283
26549909	2.682159900665283
26554370	2.682159900665283
26554409	2.682159900665283
26554828	2.682159900665283
26554867	2.682159900665283
26554912	2.682159900665283
26554951	2.682159900665283
26555370	2.682159900665283
26555409	2.682159900665283
26559870	2.682159900665283
26559909	2.682159900665283
26607329	2.682159900665283
26607385	2.682159900665283
26611829	2.682159900665283
26611885	2.682159900665283
26612287	2.682159900665283
26612343	2.682159900665283
26612371	2.682159900665283
26612427	2.682159900665283
26612829	2.682159900665283
26612885	2.682159900665283
26617329	2.682159900665283
26617385	2.682159900665283
26627414	2.682159900665283
26627448	2.682159900665283
26627616	2.682159900665283
26627681	2.682159900665283
26629620	2.682159900665283
26629671	2.682159900665283
26631914	2.682159900665283
26631948	2.682159900665283
26632116	2.682159900665283
26632181	2.682159900665283
26632372	2.682159900665283
26632406	2.682159900665283
26632456	2.682159900665283
26632490	2.682159900665283
26632574	2.682159900665283
26632639	2.682159900665283
26632658	2.682159900665283
26632723	2.682159900665283
26632914	2.682159900665283
26632948	2.682159900665283
26633116	2.682159900665283
26633181	2.682159900665283
26634120	2.682159900665283
26634171	2.682159900665283
26634578	2.682159900665283
26634598	2.682159900665283
26634629	2.682159900665283
26634637	2.682159900665283
26634662	2.682159900665283
26634713	2.682159900665283
26634884	2.682159900665283
26634918	2.682159900665283
26635120	2.682159900665283
26635171	2.682159900665283
26637414	2.682159900665283
26637448	2.682159900665283
26637616	2.682159900665283
26637681	2.682159900665283
26639098	2.682159900665283
26639137	2.682159900665283
26639384	2.682159900665283
26639418	2.682159900665283
26639556	2.682159900665283
26639595	2.682159900665283
26639620	2.682159900665283
26639640	2.682159900665283
26639671	2.682159900665283
26639679	2.682159900665283
26639842	2.682159900665283
26639876	2.682159900665283
26639926	2.682159900665283
26639960	2.682159900665283
26640098	2.682159900665283
26640137	2.682159900665283
26640384	2.682159900665283
26640418	2.682159900665283
26644598	2.682159900665283
26644637	2.682159900665283
26644884	2.682159900665283
26644918	2.682159900665283
56672987	2.682159900665283
56673023	2.682159900665283
56677487	2.682159900665283
56677523	2.682159900665283
56677945	2.682159900665283
56677981	2.682159900665283
56678029	2.682159900665283
56678065	2.682159900665283
56678487	2.682159900665283
56678523	2.682159900665283
56682987	2.682159900665283
56683023	2.682159900665283
56694826	2.682159900665283
56694845	2.682159900665283
56694878	2.682159900665283
56694890	2.682159900665283
56699326	2.682159900665283
56699345	2.682159900665283
56699378	2.682159900665283
56699390	2.682159900665283
56699784	2.682159900665283
56699803	2.682159900665283
56699836	2.682159900665283
56699848	2.682159900665283
56699868	3.0915732383728027
56699887	2.682159900665283
56699920	2.682159900665283
56699932	2.682159900665283
56700326	2.682159900665283
56700345	2.682159900665283
56700378	2.682159900665283
56700390	2.682159900665283
56704826	2.682159900665283
56704845	2.682159900665283
56704878	2.682159900665283
56704890	2.682159900665283
56762530	2.682159900665283
56762569	2.682159900665283
56767030	2.682159900665283
56767069	2.682159900665283
56767488	2.682159900665283
56767527	2.682159900665283
56767572	2.682159900665283
56767611	2.682159900665283
56768030	2.682159900665283
56768069	2.682159900665283
56772530	2.682159900665283
56772569	2.682159900665283
56816628	2.682159900665283
56816679	2.682159900665283
56816893	2.682159900665283
56816900	2.682159900665283
56816941	2.682159900665283
56817010	2.682159900665283
56817173	2.682159900665283
56817216	2.682159900665283
56817262	2.682159900665283
56817312	2.682159900665283
56817353	2.682159900665283
56817354	2.682159900665283
56817741	2.682159900665283
56817777	2.682159900665283
56817803	2.682159900665283
56817852	2.682159900665283
56817890	2.682159900665283
56817930	2.682159900665283
56818054	2.682159900665283
56818117	2.682159900665283
56818308	2.682159900665283
56818310	2.682159900665283
56818322	2.682159900665283
56818331	2.682159900665283
56818357	2.682159900665283
56818374	2.682159900665283
56818377	2.682159900665283
56818385	2.682159900665283
56818395	2.682159900665283
56818399	2.682159900665283
56818423	2.682159900665283
56818425	2.682159900665283
56818432	2.682159900665283
56818433	2.682159900665283
56818445	2.682159900665283
56818448	2.682159900665283
56818458	2.682159900665283
56818515	2.682159900665283
56818523	2.682159900665283
56818570	2.682159900665283
56818587	2.682159900665283
56818758	2.682159900665283
56818820	2.682159900665283
56818909	2.682159900665283
56818961	2.682159900665283
56819632	2.682159900665283
56819661	2.682159900665283
56819664	2.682159900665283
56819729	2.682159900665283
56820160	2.682159900665283
56820193	2.682159900665283
56820217	2.682159900665283
56820323	2.682159900665283
56820583	2.682159900665283
56820631	2.682159900665283
56820640	2.682159900665283
56820643	2.682159900665283
56820708	2.682159900665283
56820735	2.682159900665283
56820782	2.682159900665283
56820818	2.682159900665283
56820820	2.682159900665283
56820821	2.682159900665283
56820830	2.682159900665283
56820859	2.682159900665283
56820879	2.682159900665283
56820888	2.682159900665283
56820924	2.682159900665283
56820933	2.682159900665283
56821040	2.682159900665283
56821044	2.682159900665283
56821073	2.682159900665283
56821079	2.682159900665283
56821113	2.682159900665283
56821128	2.682159900665283
56821133	2.682159900665283
56821144	2.682159900665283
56821179	2.682159900665283
56821193	2.682159900665283
56821203	2.682159900665283
56821207	2.682159900665283
56821212	2.682159900665283
56821231	2.682159900665283
56821234	2.682159900665283
56821243	2.682159900665283
56821245	2.682159900665283
56821262	2.682159900665283
56821266	2.682159900665283
56821283	2.682159900665283
56821284	2.682159900665283
56821287	2.682159900665283
56821292	2.682159900665283
56821309	2.682159900665283
56821328	2.682159900665283
56821348	2.682159900665283
56821369	2.682159900665283
56821392	2.682159900665283
56821393	2.682159900665283
56821394	2.682159900665283
56821400	2.682159900665283
56821419	2.682159900665283
56821423	2.682159900665283
56821441	2.682159900665283
56821480	2.682159900665283
56821510	2.682159900665283
56821536	2.682159900665283
56821586	2.682159900665283
56821626	2.682159900665283
56821637	2.682159900665283
56821670	2.682159900665283
56821671	2.682159900665283
56821673	2.682159900665283
56821687	2.682159900665283
56821716	2.682159900665283
56821721	2.682159900665283
56821726	2.682159900665283
56821762	2.682159900665283
56821812	2.682159900665283
56821851	2.682159900665283
56821853	2.682159900665283
56821854	2.682159900665283
56821858	2.682159900665283
56821899	2.682159900665283
56821911	2.682159900665283
56821935	2.682159900665283
56821942	2.682159900665283
56821943	2.682159900665283
56821968	2.682159900665283
56821983	2.682159900665283
56822004	2.682159900665283
56822011	2.682159900665283
56822035	2.682159900665283
56822051	2.682159900665283
56822052	2.682159900665283
56822081	2.682159900665283
56822093	2.682159900665283
56822126	2.682159900665283
56822128	2.682159900665283
56822131	2.682159900665283
56822133	2.682159900665283
56822174	2.682159900665283
56822179	2.682159900665283
56822215	2.682159900665283
56822220	2.682159900665283
56822221	2.682159900665283
56822228	2.682159900665283
56822241	2.682159900665283
56822244	2.682159900665283
56822258	2.682159900665283
56822270	2.682159900665283
56822277	2.682159900665283
56822295	2.682159900665283
56822303	2.682159900665283
56822304	2.682159900665283
56822311	2.682159900665283
56822312	2.682159900665283
56822321	2.682159900665283
56822342	2.682159900665283
56822352	2.682159900665283
56822354	2.682159900665283
56822371	2.682159900665283
56822375	2.682159900665283
56822379	2.682159900665283
56822382	2.682159900665283
56822386	2.682159900665283
56822390	2.682159900665283
56822393	2.682159900665283
56822395	2.682159900665283
56822396	2.682159900665283
56822400	2.682159900665283
56822414	2.682159900665283
56822415	2.682159900665283
56822430	2.682159900665283
56822441	2.682159900665283
56822471	2.682159900665283
56822510	2.682159900665283
56822526	2.682159900665283
56822531	2.682159900665283
56822550	2.682159900665283
56822554	2.682159900665283
56822568	2.682159900665283
56822617	2.682159900665283
56822661	2.682159900665283
56822673	2.682159900665283
56822681	2.682159900665283
56822699	2.682159900665283
56822716	2.682159900665283
56822735	2.682159900665283
56822761	2.682159900665283
56822762	2.682159900665283
56822783	2.682159900665283
56822808	2.682159900665283
56822810	2.682159900665283
56822812	2.682159900665283
56822819	2.682159900665283
56822822	2.682159900665283
56822831	2.682159900665283
56822845	2.682159900665283
56822848	2.682159900665283
56822853	2.682159900665283
56822854	2.682159900665283
56822857	2.682159900665283
56822867	2.682159900665283
56822874	2.682159900665283
56822877	2.682159900665283
56822885	2.682159900665283
56822888	2.682159900665283
56822894	2.682159900665283
56822895	2.682159900665283
56822899	2.682159900665283
56822923	2.682159900665283
56822925	2.682159900665283
56822932	2.682159900665283
56822933	2.682159900665283
56822945	2.682159900665283
56822948	2.682159900665283
56822958	2.682159900665283
56822972	2.682159900665283
56823012	2.682159900665283
56823015	2.682159900665283
56823023	2.682159900665283
56823070	2.682159900665283
56823075	2.682159900665283
56823087	2.682159900665283
56823096	2.682159900665283
56823159	2.682159900665283
56823204	2.682159900665283
56823241	2.682159900665283
56823252	2.682159900665283
56823258	2.682159900665283
56823266	2.682159900665283
56823268	2.682159900665283
56823277	2.682159900665283
56823280	2.682159900665283
56823289	2.682159900665283
56823303	3.0915732383728027
56823315	3.0915732383728027
56823320	3.864466667175293
56823332	3.864466667175293
56823335	4.637359619140625
56823343	6.1831464767456055
56823350	6.956039905548096
56823352	6.1831464767456055
56823353	5.410253047943115
56823357	6.1831464767456055
56823364	6.956039905548096
56823373	6.1831464767456055
56823381	5.410253047943115
56823383	6.1831464767456055
56823390	6.956039905548096
56823391	7.728933334350586
56823399	8.501826286315918
56823403	7.728933334350586
56823406	8.501826286315918
56823409	9.27471923828125
56823419	9.27471923828125
56823427	7.728933334350586
56823430	6.956039905548096
56823437	6.956039905548096
56823441	6.1831464767456055
56823457	5.410253047943115
56823460	5.410253047943115
56823461	5.410253047943115
56823465	5.410253047943115
56823467	4.637359619140625
56823473	3.864466667175293
56823474	4.637359619140625
56823475	3.864466667175293
56823481	3.0915732383728027
56823487	3.864466667175293
56823490	3.0915732383728027
56823500	2.682159900665283
56823526	2.682159900665283
56823528	2.682159900665283
56823543	2.682159900665283
56823545	2.682159900665283
56823554	3.0915732383728027
56823557	3.0915732383728027
56823565	2.682159900665283
56823572	2.682159900665283
56823576	2.682159900665283
56823586	2.682159900665283
56823603	2.682159900665283
56823608	2.682159900665283
56823612	2.682159900665283
56823617	2.682159900665283
56823624	2.682159900665283
56823629	2.682159900665283
56823639	2.682159900665283
56823654	2.682159900665283
56823668	2.682159900665283
56823682	2.682159900665283
56823699	2.682159900665283
56823716	2.682159900665283
56823719	2.682159900665283
56823738	2.682159900665283
56823746	2.682159900665283
56823778	2.682159900665283
56823782	2.682159900665283
56823800	2.682159900665283
56823808	2.682159900665283
56823810	2.682159900665283
56823822	2.682159900665283
56823830	2.682159900665283
56823831	2.682159900665283
56823844	2.682159900665283
56823857	2.682159900665283
56823862	2.682159900665283
56823867	2.682159900665283
56823874	2.682159900665283
56823877	2.682159900665283
56823882	2.682159900665283
56823885	2.682159900665283
56823895	2.682159900665283
56823899	2.682159900665283
56823919	2.682159900665283
56823923	2.682159900665283
56823925	2.682159900665283
56823932	2.682159900665283
56823933	2.682159900665283
56823945	2.682159900665283
56823948	2.682159900665283
56823951	2.682159900665283
56823958	2.682159900665283
56824003	2.682159900665283
56824015	2.682159900665283
56824023	2.682159900665283
56824045	2.682159900665283
56824046	2.682159900665283
56824070	2.682159900665283
56824087	2.682159900665283
56824128	2.682159900665283
56824131	2.682159900665283
56824132	2.682159900665283
56824144	2.682159900665283
56824161	2.682159900665283
56824164	2.682159900665283
56824174	2.682159900665283
56824198	2.682159900665283
56824205	2.682159900665283
56824223	2.682159900665283
56824229	2.682159900665283
56824244	2.682159900665283
56824253	2.682159900665283
56824258	2.682159900665283
56824268	2.682159900665283
56824278	2.682159900665283
56824279	2.682159900665283
56824283	2.682159900665283
56824286	2.682159900665283
56824320	2.682159900665283
56824323	2.682159900665283
56824324	2.682159900665283
56824328	2.682159900665283
56824343	2.682159900665283
56824350	2.682159900665283
56824374	2.682159900665283
56824409	2.682159900665283
56824461	2.682159900665283
56824469	2.682159900665283
56824518	2.682159900665283
56824555	2.682159900665283
56824590	2.682159900665283
56824603	2.682159900665283
56824619	2.682159900665283
56824622	2.682159900665283
56824643	2.682159900665283
56824660	2.682159900665283
56824674	2.682159900665283
56824677	2.682159900665283
56824686	2.682159900665283
56824687	2.682159900665283
56824693	2.682159900665283
56824703	2.682159900665283
56824706	2.682159900665283
56824717	2.682159900665283
56824731	2.682159900665283
56824744	2.682159900665283
56824752	2.682159900665283
56824771	2.682159900665283
56824774	2.682159900665283
56824782	2.682159900665283
56824785	2.682159900665283
56824791	2.682159900665283
56824816	2.682159900665283
56824823	2.682159900665283
56824830	2.682159900665283
56824834	2.682159900665283
56824837	2.682159900665283
56824852	2.682159900665283
56824855	2.682159900665283
56824870	2.682159900665283
56824871	2.682159900665283
56824881	2.682159900665283
56824886	2.682159900665283
56824919	2.682159900665283
56824935	2.682159900665283
56824951	2.682159900665283
56824965	2.682159900665283
56825083	2.682159900665283
56825084	2.682159900665283
56825118	2.682159900665283
56825131	2.682159900665283
56825132	2.682159900665283
56825140	2.682159900665283
56825143	2.682159900665283
56825151	2.682159900665283
56825161	2.682159900665283
56825164	2.682159900665283
56825175	2.682159900665283
56825201	2.682159900665283
56825202	2.682159900665283
56825208	2.682159900665283
56825229	2.682159900665283
56825235	2.682159900665283
56825259	2.682159900665283
56825281	2.682159900665283
56825282	2.682159900665283
56825318	2.682159900665283
56825320	2.682159900665283
56825321	2.682159900665283
56825330	2.682159900665283
56825359	2.682159900665283
56825365	2.682159900665283
56825379	2.682159900665283
56825388	2.682159900665283
56825389	2.682159900665283
56825424	2.682159900665283
56825426	2.682159900665283
56825433	2.682159900665283
56825540	2.682159900665283
56825541	2.682159900665283
56825544	2.682159900665283
56825552	2.682159900665283
56825573	2.682159900665283
56825579	2.682159900665283
56825589	2.682159900665283
56825598	2.682159900665283
56825601	2.682159900665283
56825610	3.0915732383728027
56825613	3.0915732383728027
56825625	3.0915732383728027
56825633	2.682159900665283
56825644	2.682159900665283
56825660	2.682159900665283
56825666	2.682159900665283
56825673	3.0915732383728027
56825682	2.682159900665283
56825685	2.682159900665283
56825693	2.682159900665283
56825703	2.682159900665283
56825707	2.682159900665283
56825712	2.682159900665283
56825717	2.682159900665283
56825731	2.682159900665283
56825734	2.682159900665283
56825740	2.682159900665283
56825743	2.682159900665283
56825745	2.682159900665283
56825750	2.682159900665283
56825762	2.682159900665283
56825766	2.682159900665283
56825776	2.682159900665283
56825777	2.682159900665283
56825778	2.682159900665283
56825779	2.682159900665283
56825783	3.0915732383728027
56825784	3.0915732383728027
56825787	3.0915732383728027
56825788	3.0915732383728027
56825792	3.864466667175293
56825806	3.864466667175293
56825809	3.864466667175293
56825817	3.864466667175293
56825823	4.637359619140625
56825824	4.637359619140625
56825828	3.864466667175293
56825837	3.864466667175293
56825846	4.637359619140625
56825848	5.410253047943115
56825854	5.410253047943115
56825860	5.410253047943115
56825862	4.637359619140625
56825863	3.864466667175293
56825869	3.0915732383728027
56825872	3.0915732383728027
56825882	2.902219772338867
56825891	3.0915732383728027
56825892	3.864466667175293
56825894	3.864466667175293
56825901	3.864466667175293
56825915	3.0915732383728027
56825919	3.0915732383728027
56825921	3.1000986099243164
56825923	3.1000986099243164
56825930	3.16605806350708
56825944	3.16605806350708
56825961	3.16605806350708
56825966	3.16605806350708
56825975	3.16605806350708
56825980	3.16605806350708
56825998	3.2320175170898438
56826002	3.2320175170898438
56826004	3.2320175170898438
56826031	3.2320175170898438
56826036	3.2320175170898438
56826037	3.2979772090911865
56826044	3.2979772090911865
56826046	3.2979772090911865
56826063	3.2979772090911865
56826071	3.2979772090911865
56826080	3.864466667175293
56826082	3.864466667175293
56826083	3.2979772090911865
56826086	3.2320175170898438
56826091	3.2320175170898438
56826101	3.2320175170898438
56826102	3.2320175170898438
56826111	3.864466667175293
56826115	3.864466667175293
56826121	3.2320175170898438
56826126	3.2320175170898438
56826129	3.2979772090911865
56826131	3.2979772090911865
56826140	3.2320175170898438
56826143	3.16605806350708
56826151	3.1000986099243164
56826155	3.1000986099243164
56826161	3.1000986099243164
56826165	3.1000986099243164
56826170	3.864466667175293
56826171	4.637359619140625
56826174	4.637359619140625
56826175	4.637359619140625
56826181	3.864466667175293
56826186	3.864466667175293
56826187	3.16605806350708
56826189	3.2320175170898438
56826192	3.864466667175293
56826195	4.637359619140625
56826197	4.637359619140625
56826201	4.637359619140625
56826203	5.410253047943115
56826208	6.956039905548096
56826209	6.956039905548096
56826220	6.956039905548096
56826224	7.728933334350586
56826225	8.501826286315918
56826226	8.501826286315918
56826233	8.501826286315918
56826235	8.501826286315918
56826241	7.728933334350586
56826242	8.501826286315918
56826247	9.27471923828125
56826249	9.27471923828125
56826250	8.501826286315918
56826251	9.27471923828125
56826254	9.27471923828125
56826264	8.501826286315918
56826265	8.501826286315918
56826267	8.501826286315918
56826273	9.27471923828125
56826276	8.501826286315918
56826282	7.728933334350586
56826285	7.728933334350586
56826286	6.956039905548096
56826287	8.501826286315918
56826299	6.956039905548096
56826304	6.956039905548096
56826306	6.1831464767456055
56826307	7.728933334350586
56826308	7.728933334350586
56826318	6.956039905548096
56826320	6.956039905548096
56826321	6.956039905548096
56826325	6.956039905548096
56826326	6.1831464767456055
56826327	5.410253047943115
56826329	6.1831464767456055
56826330	5.410253047943115
56826334	5.410253047943115
56826346	4.637359619140625
56826350	4.637359619140625
56826351	5.410253047943115
56826352	4.637359619140625
56826359	5.410253047943115
56826367	5.410253047943115
56826370	5.410253047943115
56826377	3.864466667175293
56826379	4.637359619140625
56826380	4.637359619140625
56826381	4.637359619140625
56826384	5.410253047943115
56826388	5.410253047943115
56826390	5.410253047943115
56826411	3.864466667175293
56826424	3.0915732383728027
56826433	3.0915732383728027
56826434	3.0915732383728027
56826436	2.682159900665283
56826438	2.682159900665283
56826443	2.682159900665283
56826461	2.682159900665283
56826465	2.682159900665283
56826477	2.682159900665283
56826494	2.682159900665283
56826504	2.682159900665283
56826511	2.704341173171997
56826522	2.77030086517334
56826535	2.77030086517334
56826540	2.8362603187561035
56826544	2.77030086517334
56826551	2.704341173171997
56826552	2.77030086517334
56826573	2.77030086517334
56826578	2.704341173171997
56826579	2.704341173171997
56826581	2.682159900665283
56826584	2.704341173171997
56826593	2.704341173171997
56826613	2.77030086517334
56826626	2.704341173171997
56826628	2.77030086517334
56826629	2.77030086517334
56826631	2.77030086517334
56826644	2.8362603187561035
56826645	2.77030086517334
56826654	2.77030086517334
56826668	2.77030086517334
56826679	2.77030086517334
56826684	2.8362603187561035
56826693	2.8362603187561035
56826703	2.77030086517334
56826707	2.704341173171997
56826712	2.682159900665283
56826713	2.682159900665283
56826721	2.682159900665283
56826724	2.682159900665283
56826728	2.682159900665283
56826729	2.704341173171997
56826731	2.704341173171997
56826734	2.682159900665283
56826743	2.682159900665283
56826744	2.682159900665283
56826745	2.682159900665283
56826762	2.682159900665283
56826766	2.682159900665283
56826767	2.682159900665283
56826768	2.682159900665283
56826770	2.682159900665283
56826783	2.682159900665283
56826784	2.682159900665283
56826787	2.682159900665283
56826792	2.682159900665283
56826795	2.682159900665283
56826805	2.682159900665283
56826809	2.682159900665283
56826813	2.682159900665283
56826821	2.682159900665283
56826824	2.682159900665283
56826828	2.682159900665283
56826842	2.682159900665283
56826848	2.682159900665283
56826869	2.682159900665283
56826871	2.682159900665283
56826872	2.682159900665283
56826875	2.682159900665283
56826879	2.682159900665283
56826882	2.682159900665283
56826886	2.682159900665283
56826887	2.682159900665283
56826892	2.682159900665283
56826893	2.682159900665283
56826894	2.682159900665283
56826900	2.682159900665283
56826901	2.682159900665283
56826914	2.682159900665283
56826915	2.682159900665283
56826919	2.682159900665283
56826923	2.682159900665283
56826941	2.682159900665283
56826943	2.682159900665283
56826953	2.682159900665283
56826962	2.682159900665283
56826969	2.682159900665283
56826971	2.682159900665283
56826980	2.682159900665283
56826985	2.682159900665283
56826993	2.682159900665283
56827009	2.682159900665283
56827010	3.0915732383728027
56827026	3.0915732383728027
56827031	3.0915732383728027
56827036	3.0915732383728027
56827039	3.0915732383728027
56827046	3.864466667175293
56827050	3.0915732383728027
56827051	3.0915732383728027
56827053	3.864466667175293
56827068	3.0915732383728027
56827077	3.0915732383728027
56827084	2.682159900665283
56827086	3.0915732383728027
56827089	3.0915732383728027
56827091	3.864466667175293
56827093	4.637359619140625
56827097	3.864466667175293
56827099	3.864466667175293
56827101	3.864466667175293
56827104	3.864466667175293
56827123	3.864466667175293
56827126	3.0915732383728027
56827127	3.0915732383728027
56827135	3.0915732383728027
56827136	2.682159900665283
56827137	2.682159900665283
56827152	3.0915732383728027
56827161	3.0915732383728027
56827168	3.0915732383728027
56827171	2.682159900665283
56827172	2.682159900665283
56827173	2.682159900665283
56827175	2.682159900665283
56827179	2.682159900665283
56827181	2.682159900665283
56827186	2.682159900665283
56827187	2.682159900665283
56827189	2.682159900665283
56827197	2.682159900665283
56827202	2.682159900665283
56827205	3.0915732383728027
56827211	3.0915732383728027
56827221	3.0915732383728027
56827225	2.682159900665283
56827226	2.682159900665283
56827228	2.682159900665283
56827237	2.682159900665283
56827248	2.682159900665283
56827250	2.682159900665283
56827253	2.682159900665283
56827255	3.0915732383728027
56827262	3.0915732383728027
56827263	3.0915732383728027
56827270	2.682159900665283
56827278	2.682159900665283
56827279	2.682159900665283
56827286	2.682159900665283
56827287	2.682159900665283
56827300	2.682159900665283
56827303	2.682159900665283
56827312	2.682159900665283
56827319	2.682159900665283
56827321	2.682159900665283
56827329	2.682159900665283
56827331	3.0915732383728027
56827333	3.0915732383728027
56827335	3.864466667175293
56827340	3.864466667175293
56827341	4.637359619140625
56827344	4.637359619140625
56827353	5.410253047943115
56827354	5.410253047943115
56827363	5.410253047943115
56827367	4.637359619140625
56827372	4.637359619140625
56827373	5.410253047943115
56827376	6.1831464767456055
56827384	6.1831464767456055
56827401	5.410253047943115
56827411	5.410253047943115
56827413	5.410253047943115
56827417	4.637359619140625
56827421	3.864466667175293
56827424	3.0915732383728027
56827428	2.682159900665283
56827429	2.682159900665283
56827432	2.682159900665283
56827436	2.682159900665283
56827440	2.682159900665283
56827443	2.682159900665283
56827451	2.682159900665283
56827452	2.682159900665283
56827456	2.682159900665283
56827457	2.682159900665283
56827467	2.682159900665283
56827484	2.682159900665283
56827485	2.682159900665283
56827487	2.682159900665283
56827489	2.682159900665283
56827504	2.682159900665283
56827508	2.682159900665283
56827511	3.0915732383728027
56827513	3.0915732383728027
56827526	2.682159900665283
56827535	3.0915732383728027
56827551	3.0915732383728027
56827564	3.0915732383728027
56827568	3.0915732383728027
56827572	2.682159900665283
56827573	2.682159900665283
56827581	2.682159900665283
56827589	2.682159900665283
56827592	2.682159900665283
56827593	2.682159900665283
56827595	2.682159900665283
56827596	2.682159900665283
56827603	2.682159900665283
56827607	2.682159900665283
56827610	2.682159900665283
56827619	2.682159900665283
56827626	2.682159900665283
56827631	2.682159900665283
56827632	2.682159900665283
56827633	2.682159900665283
56827634	2.682159900665283
56827639	2.682159900665283
56827652	2.682159900665283
56827654	2.682159900665283
56827674	2.682159900665283
56827679	2.682159900665283
56827683	2.682159900665283
56827690	2.682159900665283
56827703	2.682159900665283
56827704	2.682159900665283
56827709	2.682159900665283
56827721	2.682159900665283
56827723	2.682159900665283
56827728	2.682159900665283
56827735	2.682159900665283
56827741	2.682159900665283
56827744	2.682159900665283
56827752	2.682159900665283
56827763	2.682159900665283
56827770	2.682159900665283
56827771	2.682159900665283
56827777	2.682159900665283
56827779	2.682159900665283
56827795	2.682159900665283
56827803	2.682159900665283
56827807	2.682159900665283
56827813	2.682159900665283
56827821	2.682159900665283
56827825	2.682159900665283
56827828	2.682159900665283
56827842	2.682159900665283
56827847	2.682159900665283
56827848	2.682159900665283
56827861	2.682159900665283
56827871	2.682159900665283
56827874	2.682159900665283
56827875	2.682159900665283
56827877	2.682159900665283
56827879	2.682159900665283
56827882	2.682159900665283
56827886	2.682159900665283
56827889	2.682159900665283
56827890	2.682159900665283
56827899	2.682159900665283
56827909	2.682159900665283
56827914	2.682159900665283
56827915	2.682159900665283
56827930	2.682159900665283
56827957	2.682159900665283
56827960	2.682159900665283
56827971	2.682159900665283
56828000	2.682159900665283
56828021	2.682159900665283
56828031	2.682159900665283
56828043	2.682159900665283
56828050	2.682159900665283
56828054	2.682159900665283
56828068	2.682159900665283
56828072	2.682159900665283
56828076	2.682159900665283
56828086	2.682159900665283
56828103	2.682159900665283
56828108	2.682159900665283
56828117	2.682159900665283
56828124	2.682159900665283
56828139	2.682159900665283
56828154	2.682159900665283
56828155	2.682159900665283
56828161	2.682159900665283
56828162	2.682159900665283
56828167	2.682159900665283
56828168	2.682159900665283
56828174	2.682159900665283
56828181	2.682159900665283
56828182	2.682159900665283
56828194	2.682159900665283
56828199	2.682159900665283
56828210	2.682159900665283
56828219	2.682159900665283
56828238	2.682159900665283
56828246	2.682159900665283
56828250	2.682159900665283
56828254	2.682159900665283
56828282	2.682159900665283
56828283	2.682159900665283
56828294	2.682159900665283
56828295	2.682159900665283
56828296	2.682159900665283
56828308	2.682159900665283
56828310	2.682159900665283
56828318	2.682159900665283
56828319	2.682159900665283
56828320	2.682159900665283
56828322	2.682159900665283
56828330	2.682159900665283
56828331	2.682159900665283
56828344	2.682159900665283
56828348	2.682159900665283
56828357	2.682159900665283
56828364	2.682159900665283
56828367	2.682159900665283
56828374	2.682159900665283
56828377	2.682159900665283
56828380	2.682159900665283
56828382	2.682159900665283
56828385	2.682159900665283
56828389	2.682159900665283
56828395	2.682159900665283
56828399	2.682159900665283
56828415	2.682159900665283
56828418	2.682159900665283
56828423	2.682159900665283
56828425	2.682159900665283
56828431	2.682159900665283
56828432	2.682159900665283
56828433	2.682159900665283
56828434	2.682159900665283
56828436	2.682159900665283
56828445	2.682159900665283
56828448	2.682159900665283
56828458	2.682159900665283
56828463	2.682159900665283
56828484	2.682159900665283
56828499	3.0915732383728027
56828501	2.682159900665283
56828502	3.0915732383728027
56828515	2.682159900665283
56828522	2.682159900665283
56828523	2.682159900665283
56828530	2.682159900665283
56828534	3.0915732383728027
56828542	3.864466667175293
56828544	3.0915732383728027
56828545	3.864466667175293
56828546	3.864466667175293
56828561	3.864466667175293
56828566	4.637359619140625
56828568	5.410253047943115
56828570	4.637359619140625
56828582	4.637359619140625
56828585	5.410253047943115
56828587	4.637359619140625
56828597	4.637359619140625
56828612	5.410253047943115
56828614	6.1831464767456055
56828618	5.410253047943115
56828626	4.637359619140625
56828628	5.410253047943115
56828631	4.637359619140625
56828640	4.637359619140625
56828644	5.410253047943115
56828645	5.410253047943115
56828650	4.637359619140625
56828657	3.864466667175293
56828666	4.637359619140625
56828669	3.864466667175293
56828674	3.864466667175293
56828677	3.864466667175293
56828681	4.637359619140625
56828684	3.864466667175293
56828686	3.864466667175293
56828692	3.864466667175293
56828698	3.864466667175293
56828704	3.864466667175293
56828705	4.637359619140625
56828710	4.637359619140625
56828723	3.864466667175293
56828724	3.864466667175293
56828731	3.0915732383728027
56828740	3.0915732383728027
56828741	3.864466667175293
56828744	3.0915732383728027
56828750	3.0915732383728027
56828752	3.0915732383728027
56828753	3.0915732383728027
56828757	3.0915732383728027
56828758	3.0915732383728027
56828761	3.0915732383728027
56828768	2.682159900665283
56828771	2.682159900665283
56828778	2.682159900665283
56828779	2.682159900665283
56828780	2.682159900665283
56828783	2.682159900665283
56828786	2.682159900665283
56828802	2.682159900665283
56828823	2.682159900665283
56828824	2.704341173171997
56828828	2.77030086517334
56828840	2.8362603187561035
56828843	2.8362603187561035
56828850	2.902219772338867
56828872	2.96817946434021
56828874	2.96817946434021
56828879	3.0341389179229736
56828880	3.0341389179229736
56828886	3.0341389179229736
56828890	3.0341389179229736
56828903	2.96817946434021
56828909	2.96817946434021
56828911	2.96817946434021
56828924	2.96817946434021
56828938	2.96817946434021
56828947	2.96817946434021
56828948	2.96817946434021
56828957	2.96817946434021
56828960	2.902219772338867
56828961	2.8362603187561035
56828969	2.8362603187561035
56828971	2.902219772338867
56828980	2.902219772338867
56829000	2.902219772338867
56829003	2.8362603187561035
56829004	2.8362603187561035
56829018	2.8362603187561035
56829021	2.902219772338867
56829026	2.902219772338867
56829031	2.8362603187561035
56829033	2.8362603187561035
56829043	2.8362603187561035
56829045	2.77030086517334
56829055	2.77030086517334
56829069	2.8362603187561035
56829072	2.8362603187561035
56829075	2.77030086517334
56829076	2.77030086517334
56829086	2.704341173171997
56829087	2.682159900665283
56829088	2.682159900665283
56829089	2.682159900665283
56829102	2.682159900665283
56829108	2.682159900665283
56829124	2.682159900665283
56829132	2.682159900665283
56829134	3.0915732383728027
56829135	3.0915732383728027
56829139	3.0915732383728027
56829143	3.0915732383728027
56829144	3.0915732383728027
56829151	3.0915732383728027
56829154	3.0915732383728027
56829156	3.0915732383728027
56829161	3.864466667175293
56829162	3.864466667175293
56829163	3.864466667175293
56829168	4.637359619140625
56829170	4.637359619140625
56829173	3.864466667175293
56829177	3.0915732383728027
56829180	3.0915732383728027
56829181	3.0915732383728027
56829182	3.864466667175293
56829186	3.864466667175293
56829199	3.0915732383728027
56829201	3.0915732383728027
56829202	3.0915732383728027
56829211	3.864466667175293
56829214	4.637359619140625
56829216	4.637359619140625
56829217	3.864466667175293
56829219	3.864466667175293
56829221	3.864466667175293
56829226	3.864466667175293
56829228	4.637359619140625
56829229	4.637359619140625
56829231	4.637359619140625
56829236	4.637359619140625
56829237	5.410253047943115
56829238	6.1831464767456055
56829240	6.1831464767456055
56829241	5.410253047943115
56829244	6.1831464767456055
56829246	6.956039905548096
56829247	6.956039905548096
56829252	6.1831464767456055
56829253	6.1831464767456055
56829265	6.1831464767456055
56829274	5.410253047943115
56829281	5.410253047943115
56829282	6.1831464767456055
56829285	6.956039905548096
56829287	6.956039905548096
56829291	6.956039905548096
56829292	6.956039905548096
56829295	6.956039905548096
56829301	6.1831464767456055
56829308	6.956039905548096
56829310	7.728933334350586
56829316	6.956039905548096
56829319	6.956039905548096
56829320	6.956039905548096
56829321	6.1831464767456055
56829325	5.410253047943115
56829327	4.637359619140625
56829328	4.637359619140625
56829332	3.864466667175293
56829334	4.637359619140625
56829337	4.637359619140625
56829344	4.637359619140625
56829347	4.637359619140625
56829352	4.637359619140625
56829355	4.637359619140625
56829360	4.637359619140625
56829362	4.637359619140625
56829365	4.637359619140625
56829366	3.864466667175293
56829370	3.0915732383728027
56829371	3.0341389179229736
56829381	3.1000986099243164
56829382	3.16605806350708
56829385	3.1000986099243164
56829386	3.1000986099243164
56829392	3.16605806350708
56829393	3.16605806350708
56829404	3.16605806350708
56829409	3.16605806350708
56829412	3.16605806350708
56829416	3.16605806350708
56829419	3.16605806350708
56829423	3.2320175170898438
56829427	3.2320175170898438
56829435	3.2320175170898438
56829446	3.2979772090911865
56829451	3.2979772090911865
56829465	3.36393666267395
56829469	3.429896354675293
56829476	3.429896354675293
56829477	3.429896354675293
56829487	3.429896354675293
56829511	3.429896354675293
56829513	3.429896354675293
56829518	3.429896354675293
56829544	3.429896354675293
56829545	3.429896354675293
56829546	3.36393666267395
56829560	3.2979772090911865
56829561	3.2979772090911865
56829563	3.2979772090911865
56829584	3.2979772090911865
56829592	3.36393666267395
56829597	3.36393666267395
56829601	3.36393666267395
56829607	3.36393666267395
56829628	3.36393666267395
56829631	3.2979772090911865
56829632	3.2320175170898438
56829635	3.2320175170898438
56829644	3.2320175170898438
56829645	3.16605806350708
56829656	3.16605806350708
56829661	3.16605806350708
56829664	3.16605806350708
56829674	3.16605806350708
56829675	3.1000986099243164
56829685	3.864466667175293
56829689	3.1000986099243164
56829698	3.864466667175293
56829701	3.864466667175293
56829702	3.864466667175293
56829703	4.637359619140625
56829705	4.637359619140625
56829710	4.637359619140625
56829719	5.410253047943115
56829723	4.637359619140625
56829728	4.637359619140625
56829729	3.864466667175293
56829732	3.864466667175293
56829740	4.637359619140625
56829743	5.410253047943115
56829744	6.1831464767456055
56829749	6.1831464767456055
56829753	6.956039905548096
56829756	6.956039905548096
56829759	6.956039905548096
56829768	5.410253047943115
56829773	5.410253047943115
56829774	4.637359619140625
56829778	5.410253047943115
56829779	5.410253047943115
56829783	5.410253047943115
56829786	5.410253047943115
56829788	4.637359619140625
56829792	5.410253047943115
56829794	6.1831464767456055
56829795	5.410253047943115
56829810	6.1831464767456055
56829813	6.956039905548096
56829816	7.728933334350586
56829823	6.956039905548096
56829824	6.956039905548096
56829827	6.1831464767456055
56829828	5.410253047943115
56829829	6.1831464767456055
56829833	6.956039905548096
56829839	6.1831464767456055
56829840	6.956039905548096
56829841	6.956039905548096
56829843	6.956039905548096
56829844	6.956039905548096
56829850	7.728933334350586
56829858	7.728933334350586
56829872	6.956039905548096
56829873	6.1831464767456055
56829874	6.1831464767456055
56829875	6.1831464767456055
56829876	6.1831464767456055
56829877	5.410253047943115
56829879	6.1831464767456055
56829882	5.410253047943115
56829889	5.410253047943115
56829893	5.410253047943115
56829894	6.1831464767456055
56829897	5.410253047943115
56829903	4.637359619140625
56829908	4.637359619140625
56829909	4.637359619140625
56829910	5.410253047943115
56829912	5.410253047943115
56829913	4.637359619140625
56829926	3.864466667175293
56829928	3.864466667175293
56829929	3.0915732383728027
56829930	3.0915732383728027
56829945	3.0915732383728027
56829956	3.0915732383728027
56829961	3.0915732383728027
56829966	2.803280830383301
56829969	2.8098766803741455
56829977	2.8098766803741455
56829993	2.8098766803741455
56829999	2.8098766803741455
56830007	2.8164727687835693
56830013	2.8164727687835693
56830018	2.823068618774414
56830034	2.823068618774414
56830042	2.829664707183838
56830044	2.829664707183838
56830045	2.8362605571746826
56830048	2.8428564071655273
56830052	2.849452495574951
56830055	2.849452495574951
56830093	2.849452495574951
56830103	2.856048345565796
56830109	2.856048345565796
56830110	2.8626444339752197
56830126	2.8626444339752197
56830143	2.8626444339752197
56830159	2.8626444339752197
56830160	2.8626444339752197
56830177	2.856048345565796
56830186	2.856048345565796
56830193	2.856048345565796
56830217	2.849452495574951
56830231	2.8428564071655273
56830238	2.8428564071655273
56830243	2.849452495574951
56830244	2.849452495574951
56830252	2.849452495574951
56830274	2.849452495574951
56830282	2.849452495574951
56830285	2.849452495574951
56830291	2.849452495574951
56830294	2.849452495574951
56830306	2.856048345565796
56830316	2.856048345565796
56830323	2.856048345565796
56830330	2.849452495574951
56830334	2.849452495574951
56830337	2.849452495574951
56830347	2.849452495574951
56830352	2.849452495574951
56830354	2.849452495574951
56830355	2.849452495574951
56830370	2.849452495574951
56830371	2.849452495574951
56830381	2.849452495574951
56830384	2.849452495574951
56830386	2.849452495574951
56830415	2.849452495574951
56830419	2.849452495574951
56830431	2.849452495574951
56830435	2.849452495574951
56830436	2.849452495574951
56830444	2.856048345565796
56830451	2.856048345565796
56830461	2.856048345565796
56830465	2.856048345565796
56830468	2.856048345565796
56830480	2.856048345565796
56830494	2.8626444339752197
56830504	2.8692402839660645
56830510	2.8692402839660645
56830537	2.8692402839660645
56830544	2.8758363723754883
56830546	2.8758363723754883
56830555	2.8758363723754883
56830562	2.882432222366333
56830563	2.8890280723571777
56830568	2.8890280723571777
56830580	2.8890280723571777
56830581	2.8890280723571777
56830583	2.8956241607666016
56830584	2.8890280723571777
56830594	2.8890280723571777
56830595	2.8890280723571777
56830601	2.8956241607666016
56830611	2.8956241607666016
56830629	2.8956241607666016
56830631	2.8956241607666016
56830640	2.8890280723571777
56830643	2.882432222366333
56830649	2.8758363723754883
56830651	2.882432222366333
56830652	2.882432222366333
56830674	2.882432222366333
56830681	2.882432222366333
56830689	2.882432222366333
56830695	2.8890280723571777
56830697	2.8890280723571777
56830701	2.8890280723571777
56830708	2.8890280723571777
56830709	2.882432222366333
56830725	2.882432222366333
56830727	2.882432222366333
56830733	2.8956241607666016
56830735	2.8956241607666016
56830740	2.8890280723571777
56830747	2.8956241607666016
56830751	2.8956241607666016
56830764	2.8956241607666016
56830765	2.8956241607666016
56830772	2.8956241607666016
56830776	2.9022200107574463
56830782	2.90881609916687
56830799	2.9022200107574463
56830800	2.9022200107574463
56830807	2.90881609916687
56830812	2.90881609916687
56830818	2.90881609916687
56830820	2.9022200107574463
56830821	2.8956241607666016
56830826	2.8890280723571777
56830827	2.8890280723571777
56830830	2.8890280723571777
56830846	2.882432222366333
56830848	2.882432222366333
56830852	2.882432222366333
56830859	2.882432222366333
56830867	2.8758363723754883
56830873	2.8758363723754883
56830879	2.8758363723754883
56830880	2.8692402839660645
56830884	2.8692402839660645
56830888	2.8692402839660645
56830889	2.8626444339752197
56830896	2.8626444339752197
56830902	2.8626444339752197
56830919	2.8626444339752197
56830924	2.8626444339752197
56830926	2.856048345565796
56830933	2.856048345565796
56830957	2.849452495574951
56830962	2.849452495574951
56830977	2.849452495574951
56830986	2.849452495574951
56831002	2.849452495574951
56831003	2.849452495574951
56831004	2.849452495574951
56831021	3.0915732383728027
56831023	3.864466667175293
56831038	3.864466667175293
56831040	4.637359619140625
56831044	4.637359619140625
56831046	4.637359619140625
56831059	3.864466667175293
56831069	4.637359619140625
56831073	5.410253047943115
56831079	5.410253047943115
56831086	5.410253047943115
56831087	4.637359619140625
56831088	5.410253047943115
56831100	3.864466667175293
56831105	3.864466667175293
56831109	3.0915732383728027
56831110	3.864466667175293
56831113	3.864466667175293
56831122	3.864466667175293
56831126	3.0915732383728027
56831132	3.0915732383728027
56831133	3.864466667175293
56831139	3.864466667175293
56831143	4.637359619140625
56831144	3.864466667175293
56831154	3.864466667175293
56831155	3.864466667175293
56831167	4.637359619140625
56831171	5.410253047943115
56831183	4.637359619140625
56831191	5.410253047943115
56831193	6.1831464767456055
56831203	5.410253047943115
56831205	5.410253047943115
56831207	6.956039905548096
56831209	6.956039905548096
56831212	7.728933334350586
56831214	7.728933334350586
56831216	7.728933334350586
56831221	6.956039905548096
56831222	6.956039905548096
56831224	8.501826286315918
56831231	8.501826286315918
56831234	8.501826286315918
56831237	8.501826286315918
56831239	7.728933334350586
56831243	6.956039905548096
56831245	6.956039905548096
56831251	6.956039905548096
56831257	6.1831464767456055
56831265	6.956039905548096
56831266	7.728933334350586
56831267	7.728933334350586
56831270	6.956039905548096
56831272	6.956039905548096
56831275	6.956039905548096
56831283	6.1831464767456055
56831284	6.1831464767456055
56831285	6.956039905548096
56831287	7.728933334350586
56831289	7.728933334350586
56831292	6.1831464767456055
56831293	6.1831464767456055
56831304	5.410253047943115
56831305	6.1831464767456055
56831306	6.1831464767456055
56831307	4.637359619140625
56831309	3.864466667175293
56831310	3.864466667175293
56831312	4.637359619140625
56831313	4.637359619140625
56831316	4.637359619140625
56831317	4.637359619140625
56831324	5.410253047943115
56831325	5.410253047943115
56831328	6.1831464767456055
56831338	6.1831464767456055
56831341	6.956039905548096
56831342	6.1831464767456055
56831347	6.956039905548096
56831348	6.956039905548096
56831349	6.956039905548096
56831354	6.1831464767456055
56831366	6.1831464767456055
56831368	6.1831464767456055
56831369	5.410253047943115
56831371	4.637359619140625
56831372	4.637359619140625
56831387	4.637359619140625
56831388	4.637359619140625
56831394	3.864466667175293
56831401	3.36393666267395
56831402	3.36393666267395
56831409	3.36393666267395
56831415	3.36393666267395
56831419	3.2979772090911865
56831422	3.2979772090911865
56831423	3.2979772090911865
56831426	3.2979772090911865
56831435	3.2979772090911865
56831443	3.2979772090911865
56831444	3.36393666267395
56831461	3.2979772090911865
56831476	3.2320175170898438
56831480	3.2320175170898438
56831504	3.2320175170898438
56831510	3.16605806350708
56831519	3.16605806350708
56831536	3.16605806350708
56831544	3.16605806350708
56831546	3.1000986099243164
56831548	2.96817946434021
56831563	2.96817946434021
56831580	2.902219772338867
56831584	2.8362603187561035
56831586	2.8362603187561035
56831587	2.902219772338867
56831594	2.902219772338867
56831597	2.902219772338867
56831599	2.96817946434021
56831604	3.0341389179229736
56831606	3.1000986099243164
56831611	3.1000986099243164
56831612	3.0341389179229736
56831626	3.0341389179229736
56831627	3.0341389179229736
56831629	3.1000986099243164
56831630	3.0341389179229736
56831635	3.0341389179229736
56831636	3.1000986099243164
56831641	3.16605806350708
56831643	3.16605806350708
56831651	3.16605806350708
56831652	3.1000986099243164
56831661	3.16605806350708
56831668	3.16605806350708
56831670	3.16605806350708
56831671	3.16605806350708
56831672	3.16605806350708
56831674	3.2320175170898438
56831679	3.16605806350708
56831681	3.16605806350708
56831682	3.1000986099243164
56831686	3.1000986099243164
56831687	3.1000986099243164
56831689	3.1000986099243164
56831694	3.16605806350708
56831695	3.16605806350708
56831696	3.1000986099243164
56831705	3.1000986099243164
56831709	3.16605806350708
56831711	3.1000986099243164
56831713	3.16605806350708
56831714	3.16605806350708
56831715	3.16605806350708
56831716	3.16605806350708
56831722	3.2320175170898438
56831725	3.2320175170898438
56831726	3.2320175170898438
56831728	3.2320175170898438
56831733	3.864466667175293
56831737	3.864466667175293
56831745	3.864466667175293
56831747	3.2979772090911865
56831748	3.16605806350708
56831750	3.2320175170898438
56831751	3.2979772090911865
56831755	3.2320175170898438
56831759	3.2979772090911865
56831764	3.2979772090911865
56831765	3.16605806350708
56831766	3.1000986099243164
56831768	3.1000986099243164
56831771	3.1000986099243164
56831778	3.1000986099243164
56831782	3.16605806350708
56831783	3.864466667175293
56831787	3.864466667175293
56831799	3.864466667175293
56831803	3.864466667175293
56831806	3.864466667175293
56831807	3.864466667175293
56831809	3.864466667175293
56831812	3.16605806350708
56831821	3.16605806350708
56831822	3.2320175170898438
56831826	3.2320175170898438
56831827	3.16605806350708
56831829	3.1000986099243164
56831830	3.1000986099243164
56831831	3.864466667175293
56831832	3.864466667175293
56831835	3.864466667175293
56831837	3.864466667175293
56831841	3.864466667175293
56831842	3.864466667175293
56831844	3.864466667175293
56831845	3.864466667175293
56831846	4.637359619140625
56831847	4.637359619140625
56831852	3.864466667175293
56831853	3.864466667175293
56831855	3.864466667175293
56831859	3.4958558082580566
56831866	3.429896354675293
56831867	3.429896354675293
56831871	3.36393666267395
56831876	3.36393666267395
56831880	3.429896354675293
56831884	3.36393666267395
56831897	3.2979772090911865
56831900	3.2979772090911865
56831901	3.2979772090911865
56831906	3.36393666267395
56831911	3.36393666267395
56831913	3.36393666267395
56831914	3.36393666267395
56831929	3.36393666267395
56831930	3.36393666267395
56831932	3.36393666267395
56831936	3.429896354675293
56831940	3.4958558082580566
56831943	3.5618152618408203
56831951	3.5618152618408203
56831952	3.627774953842163
56831967	3.6937344074249268
56831977	3.7596938610076904
56831985	3.6937344074249268
56831987	3.7596938610076904
56832004	3.891613006591797
56832011	3.891613006591797
56832035	3.891613006591797
56832036	3.891613006591797
56832044	3.891613006591797
56832051	3.891613006591797
56832052	3.891613006591797
56832055	3.825653553009033
56832057	3.825653553009033
56832059	3.825653553009033
56832060	3.825653553009033
56832062	3.825653553009033
56832064	3.864466667175293
56832065	3.891613006591797
56832072	3.891613006591797
56832077	3.9575724601745605
56832079	3.9575724601745605
56832081	3.9575724601745605
56832082	3.9575724601745605
56832084	3.9575724601745605
56832085	3.9575724601745605
56832089	4.637359619140625
56832093	4.637359619140625
56832094	5.410253047943115
56832095	6.1831464767456055
56832096	6.1831464767456055
56832098	6.1831464767456055
56832100	6.1831464767456055
56832103	6.1831464767456055
56832107	6.1831464767456055
56832110	6.1831464767456055
56832126	6.956039905548096
56832128	6.956039905548096
56832129	6.1831464767456055
56832130	6.1831464767456055
56832131	6.956039905548096
56832132	6.956039905548096
56832133	6.956039905548096
56832134	6.956039905548096
56832137	6.956039905548096
56832139	6.956039905548096
56832141	6.1831464767456055
56832143	5.410253047943115
56832146	4.637359619140625
56832147	4.419289588928223
56832152	4.637359619140625
56832154	4.637359619140625
56832155	4.637359619140625
56832163	5.410253047943115
56832168	6.1831464767456055
56832174	6.1831464767456055
56832177	6.956039905548096
56832178	6.1831464767456055
56832179	5.410253047943115
56832183	5.410253047943115
56832186	6.1831464767456055
56832189	6.956039905548096
56832190	6.956039905548096
56832194	6.956039905548096
56832195	6.1831464767456055
56832202	6.956039905548096
56832203	6.956039905548096
56832206	6.956039905548096
56832208	7.728933334350586
56832209	8.501826286315918
56832211	8.501826286315918
56832213	8.501826286315918
56832214	9.27471923828125
56832221	8.501826286315918
56832224	8.501826286315918
56832227	8.501826286315918
56832228	8.501826286315918
56832230	8.501826286315918
56832231	8.501826286315918
56832235	7.728933334350586
56832236	7.728933334350586
56832239	8.501826286315918
56832244	7.728933334350586
56832245	7.728933334350586
56832247	8.501826286315918
56832248	7.728933334350586
56832253	7.728933334350586
56832257	6.956039905548096
56832258	6.956039905548096
56832261	6.1831464767456055
56832263	6.956039905548096
56832267	6.956039905548096
56832270	6.1831464767456055
56832271	5.410253047943115
56832272	5.410253047943115
56832279	5.410253047943115
56832281	5.410253047943115
56832289	5.410253047943115
56832290	6.1831464767456055
56832292	5.410253047943115
56832293	4.815046787261963
56832295	6.1831464767456055
56832296	6.1831464767456055
56832297	6.1831464767456055
56832299	5.410253047943115
56832302	6.1831464767456055
56832305	6.956039905548096
56832307	6.956039905548096
56832308	6.956039905548096
56832311	6.956039905548096
56832317	9.27471923828125
56832319	9.27471923828125
56832320	9.27471923828125
56832321	8.501826286315918
56832324	8.501826286315918
56832328	8.501826286315918
56832329	8.501826286315918
56832333	7.728933334350586
56832334	7.728933334350586
56832342	8.501826286315918
56832345	8.501826286315918
56832347	7.728933334350586
56832348	7.728933334350586
56832349	7.728933334350586
56832350	7.728933334350586
56832352	7.728933334350586
56832359	7.728933334350586
56832363	8.501826286315918
56832368	7.728933334350586
56832371	7.728933334350586
56832372	7.728933334350586
56832373	7.728933334350586
56832374	6.956039905548096
56832375	6.956039905548096
56832377	6.956039905548096
56832379	5.410253047943115
56832381	5.410253047943115
56832382	5.410253047943115
56832383	5.410253047943115
56832386	5.1448445320129395
56832387	5.1448445320129395
56832389	5.078884601593018
56832390	5.1448445320129395
56832391	5.1448445320129395
56832394	5.1448445320129395
56832395	5.410253047943115
56832398	5.1448445320129395
56832399	5.1448445320129395
56832407	5.210803985595703
56832408	5.210803985595703
56832409	5.210803985595703
56832410	5.210803985595703
56832413	5.410253047943115
56832414	5.410253047943115
56832415	5.410253047943115
56832418	5.410253047943115
56832425	5.210803985595703
56832441	5.410253047943115
56832443	5.410253047943115
56832445	5.410253047943115
56832449	6.956039905548096
56832471	6.956039905548096
56832474	6.956039905548096
56832478	6.1831464767456055
56832482	5.410253047943115
56832493	5.1448445320129395
56832494	5.1448445320129395
56832509	5.1448445320129395
56832521	5.1448445320129395
56832522	5.210803985595703
56832526	5.210803985595703
56832527	5.210803985595703
56832529	5.210803985595703
56832530	5.210803985595703
56832531	5.210803985595703
56832532	5.210803985595703
56832547	5.210803985595703
56832550	5.210803985595703
56832553	5.210803985595703
56832554	5.210803985595703
56832558	5.210803985595703
56832561	5.210803985595703
56832564	5.410253047943115
56832565	5.410253047943115
56832568	6.1831464767456055
56832570	6.1831464767456055
56832586	6.1831464767456055
56832590	6.1831464767456055
56832592	6.956039905548096
56832597	7.728933334350586
56832599	7.728933334350586
56832600	7.728933334350586
56832601	7.728933334350586
56832604	7.728933334350586
56832606	7.728933334350586
56832609	6.956039905548096
56832610	6.956039905548096
56832612	8.501826286315918
56832614	9.27471923828125
56832627	8.501826286315918
56832631	8.501826286315918
56832632	7.728933334350586
56832635	8.501826286315918
56832636	8.501826286315918
56832637	8.501826286315918
56832638	7.728933334350586
56832641	6.1831464767456055
56832645	6.956039905548096
56832648	6.1831464767456055
56832649	6.956039905548096
56832652	6.1831464767456055
56832655	6.1831464767456055
56832661	6.1831464767456055
56832666	6.1831464767456055
56832667	6.1831464767456055
56832672	6.956039905548096
56832674	6.956039905548096
56832676	6.1831464767456055
56832681	5.410253047943115
56832689	5.410253047943115
56832693	5.410253047943115
56832694	6.1831464767456055
56832696	4.749087333679199
56832697	4.749087333679199
56832705	4.683127403259277
56832711	4.617167949676514
56832714	4.55120849609375
56832716	4.55120849609375
56832721	4.485249042510986
56832725	4.485249042510986
56832728	4.419289588928223
56832729	4.353329658508301
56832732	4.637359619140625
56832737	4.353329658508301
56832748	4.637359619140625
56832751	4.637359619140625
56832754	4.221410751342773
56832755	4.287370204925537
56832758	4.221410751342773
56832760	4.221410751342773
56832765	4.221410751342773
56832767	4.637359619140625
56832771	4.637359619140625
56832777	5.410253047943115
56832778	4.637359619140625
56832783	4.637359619140625
56832786	4.637359619140625
56832787	5.410253047943115
56832795	5.410253047943115
56832796	5.410253047943115
56832803	5.410253047943115
56832806	5.410253047943115
56832810	6.1831464767456055
56832812	6.956039905548096
56832813	6.1831464767456055
56832818	5.410253047943115
56832819	5.410253047943115
56832820	5.410253047943115
56832821	5.410253047943115
56832831	4.637359619140625
56832832	4.637359619140625
56832835	5.410253047943115
56832837	6.956039905548096
56832841	7.728933334350586
56832844	7.728933334350586
56832847	7.728933334350586
56832849	8.501826286315918
56832851	7.728933334350586
56832853	7.728933334350586
56832855	7.728933334350586
56832857	6.956039905548096
56832864	7.728933334350586
56832867	7.728933334350586
56832870	7.728933334350586
56832876	6.956039905548096
56832880	6.956039905548096
56832889	6.956039905548096
56832890	6.1831464767456055
56832894	5.410253047943115
56832901	4.637359619140625
56832916	4.637359619140625
56832919	3.9575724601745605
56832921	3.9575724601745605
56832931	3.9575724601745605
56832932	4.023531913757324
56832934	3.9575724601745605
56832940	4.023531913757324
56832941	3.9575724601745605
56832951	3.9575724601745605
56832952	3.891613006591797
56832963	3.825653553009033
56832967	3.891613006591797
56832979	3.825653553009033
56832985	3.825653553009033
56832987	3.7596938610076904
56833022	3.627774953842163
56833063	3.6937344074249268
56833064	3.6937344074249268
56833072	3.627774953842163
56833089	3.5618152618408203
56833095	3.4958558082580566
56833096	3.429896354675293
56833100	3.2979772090911865
56833103	3.2979772090911865
56833107	3.2320175170898438
56833113	3.16605806350708
56833125	3.16605806350708
56833132	3.16605806350708
56833134	3.146270513534546
56833152	3.146270513534546
56833153	3.146270513534546
56833154	3.1528663635253906
56833169	3.1528663635253906
56833174	3.1528663635253906
56833183	3.1528663635253906
56833184	3.1528663635253906
56833186	3.1528663635253906
56833190	3.1528663635253906
56833192	3.1528663635253906
56833195	3.1528663635253906
56833197	3.1594622135162354
56833201	3.1594622135162354
56833204	3.166058301925659
56833208	3.1594622135162354
56833209	3.1594622135162354
56833212	3.1594622135162354
56833216	3.166058301925659
56833225	3.166058301925659
56833231	3.172654151916504
56833235	3.172654151916504
56833236	3.172654151916504
56833241	3.172654151916504
56833250	3.172654151916504
56833253	3.172654151916504
56833254	3.864466667175293
56833257	4.637359619140625
56833263	4.637359619140625
56833270	4.637359619140625
56833276	4.637359619140625
56833278	5.410253047943115
56833279	6.956039905548096
56833292	6.956039905548096
56833295	6.1831464767456055
56833296	6.1831464767456055
56833299	5.410253047943115
56833307	5.410253047943115
56833311	5.410253047943115
56833313	5.410253047943115
56833315	5.410253047943115
56833320	5.410253047943115
56833322	5.410253047943115
56833325	6.1831464767456055
56833327	5.410253047943115
56833332	5.410253047943115
56833337	5.410253047943115
56833339	3.864466667175293
56833343	3.864466667175293
56833347	3.864466667175293
56833348	4.637359619140625
56833352	4.637359619140625
56833360	4.637359619140625
56833362	3.864466667175293
56833374	3.232017755508423
56833377	3.232017755508423
56833380	3.232017755508423
56833389	3.232017755508423
56833390	3.2386138439178467
56833392	3.232017755508423
56833394	3.864466667175293
56833399	4.637359619140625
56833403	4.637359619140625
56833406	4.637359619140625
56833411	3.864466667175293
56833421	3.864466667175293
56833422	4.637359619140625
56833424	3.864466667175293
56833429	3.864466667175293
56833431	3.864466667175293
56833438	3.2452096939086914
56833442	3.2518057823181152
56833447	3.264997720718384
56833448	3.264997720718384
56833457	3.264997720718384
56833460	3.25840163230896
56833471	3.2518057823181152
56833473	3.2518057823181152
56833476	3.2518057823181152
56833478	3.2518057823181152
56833480	3.2518057823181152
56833484	3.2518057823181152
56833488	3.25840163230896
56833490	3.264997720718384
56833495	3.2715935707092285
56833500	3.2781894207000732
56833505	3.2715935707092285
56833526	3.2715935707092285
56833529	3.264997720718384
56833531	3.2715935707092285
56833533	3.2715935707092285
56833543	3.2715935707092285
56833545	3.264997720718384
56833564	3.264997720718384
56833569	3.264997720718384
56833572	3.264997720718384
56833575	3.25840163230896
56833576	3.2979772090911865
56833577	3.2979772090911865
56833582	3.2979772090911865
56833588	3.2979772090911865
56833589	3.36393666267395
56833595	3.429896354675293
56833603	3.429896354675293
56833607	3.429896354675293
56833608	3.429896354675293
56833624	3.4958558082580566
56833627	3.4958558082580566
56833634	3.4958558082580566
56833635	3.5618152618408203
56833639	3.627774953842163
56833642	3.627774953842163
56833644	3.627774953842163
56833650	3.6937344074249268
56833651	3.6937344074249268
56833652	3.7596938610076904
56833654	3.7596938610076904
56833655	3.7596938610076904
56833661	3.6937344074249268
56833662	3.7596938610076904
56833663	3.825653553009033
56833667	3.825653553009033
56833668	3.7596938610076904
56833670	3.7596938610076904
56833674	3.7596938610076904
56833680	3.6937344074249268
56833682	3.7596938610076904
56833689	3.7596938610076904
56833694	3.864466667175293
56833699	3.864466667175293
56833701	3.864466667175293
56833708	3.864466667175293
56833711	4.637359619140625
56833714	3.864466667175293
56833715	3.864466667175293
56833719	4.637359619140625
56833721	4.637359619140625
56833726	4.637359619140625
56833728	3.891613006591797
56833729	3.9575724601745605
56833734	4.023531913757324
56833738	4.023531913757324
56833750	4.023531913757324
56833753	3.9575724601745605
56833754	4.023531913757324
56833758	3.9575724601745605
56833765	3.9575724601745605
56833773	4.023531913757324
56833778	4.023531913757324
56833782	4.023531913757324
56833783	4.089491844177246
56833786	4.023531913757324
56833787	4.023531913757324
56833792	4.089491844177246
56833794	4.15545129776001
56833795	4.15545129776001
56833796	4.023531913757324
56833799	3.9575724601745605
56833801	3.9575724601745605
56833813	3.9575724601745605
56833818	3.9575724601745605
56833819	3.891613006591797
56833820	3.9575724601745605
56833827	3.825653553009033
56833830	3.891613006591797
56833837	3.891613006591797
56833838	3.891613006591797
56833844	3.891613006591797
56833847	3.891613006591797
56833848	3.9575724601745605
56833860	4.637359619140625
56833861	4.637359619140625
56833862	5.410253047943115
56833864	4.637359619140625
56833869	4.637359619140625
56833870	5.410253047943115
56833871	4.637359619140625
56833880	4.637359619140625
56833882	4.637359619140625
56833885	5.410253047943115
56833889	4.637359619140625
56833893	4.637359619140625
56833896	4.637359619140625
56833900	5.410253047943115
56833904	5.410253047943115
56833905	5.410253047943115
56833906	6.1831464767456055
56833909	6.956039905548096
56833912	6.956039905548096
56833921	6.956039905548096
56833922	6.1831464767456055
56833923	5.410253047943115
56833929	5.410253047943115
56833931	6.1831464767456055
56833932	6.1831464767456055
56833934	5.410253047943115
56833936	5.410253047943115
56833938	5.410253047943115
56833945	6.1831464767456055
56833946	5.410253047943115
56833947	5.410253047943115
56833953	5.410253047943115
56833963	4.637359619140625
56833966	4.637359619140625
56833969	4.15545129776001
56833977	4.287370204925537
56833979	4.353329658508301
56833980	4.637359619140625
56833984	4.353329658508301
56833987	4.353329658508301
56833990	4.419289588928223
56833991	4.419289588928223
56834000	4.637359619140625
56834003	4.637359619140625
56834010	5.410253047943115
56834013	5.410253047943115
56834018	4.637359619140625
56834022	4.637359619140625
56834027	4.485249042510986
56834032	4.637359619140625
56834033	4.637359619140625
56834044	5.410253047943115
56834045	5.410253047943115
56834046	5.410253047943115
56834047	6.1831464767456055
56834054	6.956039905548096
56834055	6.956039905548096
56834063	6.956039905548096
56834065	6.1831464767456055
56834066	6.1831464767456055
56834073	6.956039905548096
56834075	6.1831464767456055
56834087	4.637359619140625
56834091	4.617167949676514
56834092	4.617167949676514
56834093	4.683127403259277
56834099	5.410253047943115
56834102	5.410253047943115
56834107	6.1831464767456055
56834108	6.1831464767456055
56834109	6.1831464767456055
56834111	6.956039905548096
56834117	6.1831464767456055
56834118	5.410253047943115
56834119	5.410253047943115
56834120	6.1831464767456055
56834130	6.956039905548096
56834131	6.1831464767456055
56834138	5.410253047943115
56834144	6.1831464767456055
56834146	6.1831464767456055
56834150	6.1831464767456055
56834153	5.410253047943115
56834156	5.410253047943115
56834158	5.410253047943115
56834159	5.410253047943115
56834169	6.1831464767456055
56834172	6.1831464767456055
56834174	6.956039905548096
56834176	6.956039905548096
56834177	6.1831464767456055
56834179	5.410253047943115
56834182	6.1831464767456055
56834184	6.1831464767456055
56834186	6.1831464767456055
56834187	6.1831464767456055
56834192	6.956039905548096
56834193	6.956039905548096
56834194	6.1831464767456055
56834195	6.1831464767456055
56834198	6.1831464767456055
56834203	6.1831464767456055
56834204	5.410253047943115
56834205	4.683127403259277
56834207	4.683127403259277
56834211	4.683127403259277
56834222	5.410253047943115
56834223	4.683127403259277
56834228	5.410253047943115
56834231	5.410253047943115
56834240	5.410253047943115
56834242	6.1831464767456055
56834243	6.1831464767456055
56834244	5.410253047943115
56834245	5.410253047943115
56834250	6.1831464767456055
56834252	6.956039905548096
56834253	6.956039905548096
56834256	6.956039905548096
56834257	6.1831464767456055
56834259	6.1831464767456055
56834263	6.1831464767456055
56834268	5.410253047943115
56834270	5.410253047943115
56834271	4.637359619140625
56834275	4.55120849609375
56834277	4.55120849609375
56834278	4.637359619140625
56834279	4.637359619140625
56834280	4.637359619140625
56834283	4.637359619140625
56834285	4.637359619140625
56834286	5.410253047943115
56834291	5.410253047943115
56834295	5.410253047943115
56834305	4.683127403259277
56834307	5.410253047943115
56834318	4.683127403259277
56834320	5.410253047943115
56834324	6.1831464767456055
56834328	5.410253047943115
56834330	5.410253047943115
56834334	5.410253047943115
56834338	4.637359619140625
56834339	4.637359619140625
56834340	4.683127403259277
56834341	4.749087333679199
56834343	4.815046787261963
56834350	4.749087333679199
56834351	4.749087333679199
56834354	5.410253047943115
56834357	5.410253047943115
56834361	5.410253047943115
56834362	4.749087333679199
56834367	5.410253047943115
56834369	6.1831464767456055
56834370	5.410253047943115
56834371	6.1831464767456055
56834373	6.1831464767456055
56834374	6.1831464767456055
56834375	6.1831464767456055
56834377	6.1831464767456055
56834379	6.1831464767456055
56834380	6.1831464767456055
56834381	6.1831464767456055
56834382	6.956039905548096
56834389	6.956039905548096
56834390	6.1831464767456055
56834392	6.1831464767456055
56834402	6.1831464767456055
56834404	5.410253047943115
56834408	6.1831464767456055
56834410	6.1831464767456055
56834411	6.1831464767456055
56834413	6.1831464767456055
56834420	5.410253047943115
56834422	5.410253047943115
56834424	5.410253047943115
56834427	5.410253047943115
56834429	6.956039905548096
56834430	6.956039905548096
56834438	6.956039905548096
56834440	6.956039905548096
56834445	6.956039905548096
56834446	7.728933334350586
56834447	6.956039905548096
56834448	6.956039905548096
56834451	6.956039905548096
56834454	6.1831464767456055
56834456	5.410253047943115
56834461	5.410253047943115
56834463	5.410253047943115
56834465	5.410253047943115
56834466	4.94696569442749
56834469	5.012925148010254
56834471	5.012925148010254
56834476	4.94696569442749
56834480	6.1831464767456055
56834488	6.1831464767456055
56834499	4.881006240844727
56834502	4.94696569442749
56834506	5.410253047943115
56834511	5.410253047943115
56834513	4.94696569442749
56834518	5.012925148010254
56834519	5.012925148010254
56834521	5.012925148010254
56834529	4.94696569442749
56834531	4.94696569442749
56834533	4.881006240844727
56834534	4.749087333679199
56834544	4.815046787261963
56834548	4.881006240844727
56834550	4.94696569442749
56834555	4.94696569442749
56834560	4.94696569442749
56834565	4.94696569442749
56834569	4.94696569442749
56834575	4.881006240844727
56834586	4.815046787261963
56834588	4.815046787261963
56834589	4.749087333679199
56834593	4.683127403259277
56834603	4.749087333679199
56834605	4.749087333679199
56834608	4.749087333679199
56834609	4.683127403259277
56834614	4.749087333679199
56834616	4.749087333679199
56834634	4.749087333679199
56834635	4.683127403259277
56834643	4.617167949676514
56834644	4.617167949676514
56834649	4.55120849609375
56834651	4.55120849609375
56834656	4.485249042510986
56834661	4.485249042510986
56834662	4.419289588928223
56834669	4.353329658508301
56834677	4.353329658508301
56834680	4.353329658508301
56834686	4.287370204925537
56834698	4.287370204925537
56834701	4.287370204925537
56834714	4.221410751342773
56834717	4.15545129776001
56834718	4.15545129776001
56834721	4.15545129776001
56834728	4.089491844177246
56834729	4.023531913757324
56834731	3.9575724601745605
56834736	3.9575724601745605
56834738	3.9575724601745605
56834740	4.023531913757324
56834744	4.023531913757324
56834745	4.023531913757324
56834752	4.023531913757324
56834753	4.023531913757324
56834765	3.9575724601745605
56834770	3.891613006591797
56834774	3.891613006591797
56834780	3.891613006591797
56834782	3.891613006591797
56834785	3.825653553009033
56834787	3.825653553009033
56834791	3.7596938610076904
56834792	3.7596938610076904
56834794	3.6937344074249268
56834797	3.7596938610076904
56834799	3.864466667175293
56834816	4.637359619140625
56834819	4.637359619140625
56834827	4.637359619140625
56834828	4.637359619140625
56834830	3.864466667175293
56834831	3.864466667175293
56834833	4.637359619140625
56834834	5.410253047943115
56834835	5.410253047943115
56834837	6.1831464767456055
56834838	5.410253047943115
56834840	5.410253047943115
56834847	6.1831464767456055
56834852	6.1831464767456055
56834855	6.1831464767456055
56834860	6.1831464767456055
56834861	6.1831464767456055
56834862	6.956039905548096
56834866	6.956039905548096
56834868	7.728933334350586
56834870	8.501826286315918
56834871	8.501826286315918
56834881	8.501826286315918
56834882	6.956039905548096
56834883	6.1831464767456055
56834886	5.410253047943115
56834887	5.410253047943115
56834888	6.1831464767456055
56834893	6.956039905548096
56834903	6.956039905548096
56834904	7.728933334350586
56834905	7.728933334350586
56834909	7.728933334350586
56834912	7.728933334350586
56834914	7.728933334350586
56834915	8.501826286315918
56834917	7.728933334350586
56834919	6.956039905548096
56834923	6.956039905548096
56834928	6.956039905548096
56834931	6.956039905548096
56834934	6.956039905548096
56834935	6.956039905548096
56834936	6.956039905548096
56834945	6.956039905548096
56834946	6.1831464767456055
56834950	6.1831464767456055
56834951	5.410253047943115
56834952	5.410253047943115
56834954	4.637359619140625
56834957	4.637359619140625
56834964	5.410253047943115
56834965	5.410253047943115
56834969	5.410253047943115
56834972	5.410253047943115
56834977	4.637359619140625
56834980	4.637359619140625
56834987	4.637359619140625
56834992	3.864466667175293
56834994	4.637359619140625
56834997	4.637359619140625
56834998	4.637359619140625
56835002	3.864466667175293
56835006	4.637359619140625
56835008	5.410253047943115
56835018	4.637359619140625
56835035	4.637359619140625
56835036	4.637359619140625
56835037	4.637359619140625
56835041	4.637359619140625
56835044	3.864466667175293
56835051	3.864466667175293
56835055	4.637359619140625
56835062	3.864466667175293
56835063	3.864466667175293
56835067	3.864466667175293
56835075	4.637359619140625
56835076	4.637359619140625
56835081	3.864466667175293
56835082	3.864466667175293
56835084	3.864466667175293
56835086	3.864466667175293
56835087	3.3903207778930664
56835090	3.3903207778930664
56835092	3.3903207778930664
56835095	3.3903207778930664
56835102	3.3903207778930664
56835107	3.396916627883911
56835110	3.396916627883911
56835117	3.403512716293335
56835122	3.4101085662841797
56835135	3.4167046546936035
56835141	3.4167046546936035
56835149	3.4233005046844482
56835150	3.4233005046844482
56835151	3.429896593093872
56835156	3.429896593093872
56835176	3.429896593093872
56835189	3.436492443084717
56835196	3.436492443084717
56835198	3.436492443084717
56835201	3.436492443084717
56835203	3.429896593093872
56835227	3.429896593093872
56835228	3.429896593093872
56835240	3.429896593093872
56835252	3.436492443084717
56835256	3.4430882930755615
56835258	3.4430882930755615
56835272	3.4496843814849854
56835276	3.4496843814849854
56835280	3.4496843814849854
56835286	3.4496843814849854
56835291	3.4496843814849854
56835295	3.45628023147583
56835300	3.45628023147583
56835336	3.45628023147583
56835339	3.45628023147583
56835340	3.45628023147583
56835341	3.45628023147583
56835348	3.45628023147583
56835373	3.462876319885254
56835375	3.462876319885254
56835377	3.4694721698760986
56835382	3.4694721698760986
56835389	3.4694721698760986
56835394	3.462876319885254
56835403	3.462876319885254
56835408	3.462876319885254
56835410	3.4694721698760986
56835420	3.4694721698760986
56835426	3.4760682582855225
56835429	3.4694721698760986
56835430	3.4694721698760986
56835438	3.4694721698760986
56835442	3.4694721698760986
56835445	3.4760682582855225
56835452	3.4760682582855225
56835456	3.4760682582855225
56835461	3.482664108276367
56835466	3.482664108276367
56835478	3.489259958267212
56835482	3.489259958267212
56835489	3.4958560466766357
56835495	3.5024518966674805
56835497	3.5024518966674805
56835499	3.5090479850769043
56835503	3.5090479850769043
56835513	3.515643835067749
56835520	3.515643835067749
56835521	3.864466667175293
56835522	3.864466667175293
56835523	3.515643835067749
56835534	3.515643835067749
56835536	3.515643835067749
56835539	3.515643835067749
56835544	3.515643835067749
56835545	3.515643835067749
56835548	3.522239923477173
56835552	3.522239923477173
56835553	3.515643835067749
56835559	3.864466667175293
56835563	3.864466667175293
56835569	3.864466667175293
56835579	3.864466667175293
56835593	3.5288357734680176
56835597	3.5288357734680176
56835600	3.5288357734680176
56835604	3.5288357734680176
56835607	3.5288357734680176
56835609	3.5354318618774414
56835610	3.5354318618774414
56835617	3.5288357734680176
56835623	3.5354318618774414
56835633	3.5354318618774414
56835637	3.542027711868286
56835640	3.542027711868286
56835643	3.548623561859131
56835647	3.5552196502685547
56835670	3.5552196502685547
56835671	3.5618155002593994
56835685	3.5684115886688232
56835691	3.5684115886688232
56835698	3.5684115886688232
56835700	3.575007438659668
56835713	3.5881993770599365
56835714	3.5947954654693604
56835719	3.5947954654693604
56835730	3.601391315460205
56835731	3.864466667175293
56835734	3.601391315460205
56835738	3.864466667175293
56835740	3.864466667175293
56835742	3.864466667175293
56835758	3.864466667175293
56835762	4.637359619140625
56835769	4.637359619140625
56835772	3.6211791038513184
56835777	3.6211791038513184
56835782	3.627775192260742
56835785	3.627775192260742
56835794	3.634371042251587
56835806	3.6409671306610107
56835812	3.634371042251587
56835814	3.634371042251587
56835816	3.634371042251587
56835818	3.634371042251587
56835820	3.634371042251587
56835825	3.6409671306610107
56835831	3.6409671306610107
56835840	3.6475629806518555
56835842	3.6541588306427
56835847	3.6541588306427
56835851	3.6541588306427
56835854	3.660754919052124
56835866	3.6541588306427
56835892	3.6541588306427
56835893	3.6541588306427
56835901	3.660754919052124
56835902	3.660754919052124
56835915	3.660754919052124
56835936	3.6541588306427
56835944	3.6541588306427
56835961	3.6475629806518555
56835976	3.6409671306610107
56835979	3.6409671306610107
56835980	3.6409671306610107
56835981	3.6409671306610107
56835989	3.6409671306610107
56835994	3.6475629806518555
56836004	3.6475629806518555
56836009	3.6409671306610107
56836027	3.6475629806518555
56836037	3.6475629806518555
56836044	3.6475629806518555
56836046	3.6409671306610107
56836048	3.627775192260742
56836055	3.627775192260742
56836058	3.627775192260742
56836062	3.627775192260742
56836063	3.627775192260742
56836065	3.6211791038513184
56836072	3.6211791038513184
56836079	3.627775192260742
56836080	3.634371042251587
56836081	3.627775192260742
56836087	3.627775192260742
56836095	3.627775192260742
56836101	3.627775192260742
56836104	3.6211791038513184
56836106	3.627775192260742
56836111	3.627775192260742
56836129	3.6211791038513184
56836130	3.6145832538604736
56836136	3.6145832538604736
56836141	3.6145832538604736
56836142	3.6145832538604736
56836143	3.6145832538604736
56836149	3.6145832538604736
56836151	3.6145832538604736
56836160	3.60798716545105
56836170	3.6145832538604736
56836172	3.6145832538604736
56836174	3.6145832538604736
56836181	3.60798716545105
56836186	3.601391315460205
56836189	3.601391315460205
56836194	3.601391315460205
56836195	3.601391315460205
56836197	3.5947954654693604
56836201	3.5881993770599365
56836207	3.5947954654693604
56836209	3.601391315460205
56836213	3.5947954654693604
56836214	3.5947954654693604
56836215	3.5947954654693604
56836220	3.5947954654693604
56836222	3.5947954654693604
56836227	3.5947954654693604
56836230	3.5947954654693604
56836233	3.5947954654693604
56836237	3.5881993770599365
56836240	3.5881993770599365
56836247	3.5881993770599365
56836251	3.575007438659668
56836254	3.5684115886688232
56836256	3.575007438659668
56836257	3.575007438659668
56836259	3.581603527069092
56836264	3.581603527069092
56836265	3.5684115886688232
56836268	3.5618155002593994
56836270	3.5618155002593994
56836272	3.5618155002593994
56836274	3.5618155002593994
56836276	3.5618155002593994
56836283	3.5618155002593994
56836285	3.864466667175293
56836299	3.864466667175293
56836300	3.864466667175293
56836303	3.864466667175293
56836304	3.864466667175293
56836305	3.5684115886688232
56836306	3.864466667175293
56836307	3.864466667175293
56836314	3.864466667175293
56836316	3.5618155002593994
56836317	3.5684115886688232
56836322	3.575007438659668
56836324	3.575007438659668
56836326	3.864466667175293
56836327	3.864466667175293
56836332	3.864466667175293
56836337	3.864466667175293
56836342	3.864466667175293
56836346	3.864466667175293
56836347	3.864466667175293
56836350	3.864466667175293
56836352	4.637359619140625
56836354	4.637359619140625
56836355	3.864466667175293
56836358	3.864466667175293
56836359	3.5552196502685547
56836360	3.864466667175293
56836367	4.637359619140625
56836371	3.864466667175293
56836376	3.864466667175293
56836380	3.864466667175293
56836384	3.864466667175293
56836389	3.864466667175293
56836397	3.5354318618774414
56836400	3.5354318618774414
56836405	3.5354318618774414
56836406	3.542027711868286
56836408	3.542027711868286
56836413	3.542027711868286
56836418	3.542027711868286
56836429	3.548623561859131
56836430	3.548623561859131
56836443	3.548623561859131
56836444	3.548623561859131
56836468	3.548623561859131
56836477	3.5552196502685547
56836506	3.548623561859131
56836518	3.548623561859131
56836521	3.548623561859131
56836523	3.548623561859131
56836536	3.548623561859131
56836545	3.548623561859131
56836552	3.548623561859131
56836556	3.542027711868286
56836560	3.548623561859131
56836564	3.548623561859131
56836565	3.548623561859131
56836569	3.548623561859131
56836573	3.548623561859131
56836577	3.5552196502685547
56836579	3.5552196502685547
56836582	3.5552196502685547
56836584	3.5552196502685547
56836588	3.627774953842163
56836590	3.864466667175293
56836592	3.627774953842163
56836594	3.627774953842163
56836596	3.864466667175293
56836598	3.864466667175293
56836599	3.864466667175293
56836601	4.637359619140625
56836610	5.410253047943115
56836626	5.410253047943115
56836628	5.410253047943115
56836629	6.1831464767456055
56836630	5.410253047943115
56836632	6.1831464767456055
56836634	6.1831464767456055
56836637	6.1831464767456055
56836638	6.1831464767456055
56836644	6.1831464767456055
56836648	6.956039905548096
56836652	5.410253047943115
56836654	6.1831464767456055
56836668	6.1831464767456055
56836671	6.1831464767456055
56836673	6.956039905548096
56836678	7.728933334350586
56836680	6.956039905548096
56836683	7.728933334350586
56836685	6.956039905548096
56836689	6.1831464767456055
56836690	6.1831464767456055
56836695	6.1831464767456055
56836702	6.956039905548096
56836703	6.956039905548096
56836711	6.956039905548096
56836712	6.956039905548096
56836713	6.1831464767456055
56836714	6.1831464767456055
56836717	5.410253047943115
56836721	6.1831464767456055
56836724	6.1831464767456055
56836726	6.1831464767456055
56836727	6.956039905548096
56836728	6.956039905548096
56836730	6.1831464767456055
56836736	6.1831464767456055
56836741	5.410253047943115
56836748	6.1831464767456055
56836753	6.1831464767456055
56836755	6.1831464767456055
56836756	5.410253047943115
56836757	5.1448445320129395
56836762	5.210803985595703
56836767	5.1448445320129395
56836770	5.1448445320129395
56836774	5.1448445320129395
56836779	5.1448445320129395
56836780	5.1448445320129395
56836781	5.1448445320129395
56836784	5.210803985595703
56836790	5.210803985595703
56836795	5.210803985595703
56836796	5.410253047943115
56836800	5.410253047943115
56836801	6.1831464767456055
56836805	5.410253047943115
56836808	6.1831464767456055
56836810	6.1831464767456055
56836812	5.410253047943115
56836813	5.410253047943115
56836814	6.1831464767456055
56836816	6.1831464767456055
56836817	6.1831464767456055
56836819	6.1831464767456055
56836824	6.1831464767456055
56836825	6.1831464767456055
56836829	5.410253047943115
56836833	6.1831464767456055
56836847	6.1831464767456055
56836848	6.1831464767456055
56836849	5.410253047943115
56836850	5.410253047943115
56836855	5.410253047943115
56836858	6.1831464767456055
56836859	6.956039905548096
56836866	6.956039905548096
56836868	6.956039905548096
56836871	6.956039905548096
56836872	7.728933334350586
56836874	7.728933334350586
56836879	6.956039905548096
56836881	6.1831464767456055
56836884	6.1831464767456055
56836887	5.54060173034668
56836888	6.1831464767456055
56836889	6.956039905548096
56836891	6.1831464767456055
56836892	6.1831464767456055
56836897	6.1831464767456055
56836901	5.54060173034668
56836902	5.474642276763916
56836907	5.410253047943115
56836908	5.474642276763916
56836913	5.54060173034668
56836939	5.606561183929443
56836941	5.606561183929443
56836942	5.672520637512207
56836943	5.672520637512207
56836948	5.672520637512207
56836949	5.672520637512207
56836955	5.738480091094971
56836971	5.738480091094971
56836972	5.738480091094971
56836976	5.738480091094971
56836994	5.672520637512207
56837018	5.672520637512207
56837023	5.672520637512207
56837031	5.672520637512207
56837032	5.672520637512207
56837035	5.738480091094971
56837037	5.738480091094971
56837040	5.738480091094971
56837042	5.738480091094971
56837048	6.1831464767456055
56837052	6.1831464767456055
56837054	6.956039905548096
56837056	7.728933334350586
56837058	8.501826286315918
56837064	9.27471923828125
56837068	9.27471923828125
56837070	10.047613143920898
56837074	10.047613143920898
56837078	10.047613143920898
56837086	9.27471923828125
56837087	9.27471923828125
56837090	10.047613143920898
56837092	11.593400001525879
56837095	12.366292953491211
56837097	13.139185905456543
56837099	13.139185905456543
56837100	13.139185905456543
56837101	13.139185905456543
56837102	13.139185905456543
56837104	12.366292953491211
56837106	12.366292953491211
56837107	12.366292953491211
56837109	11.593400001525879
56837110	11.593400001525879
56837112	12.366292953491211
56837114	13.139185905456543
56837119	13.139185905456543
56837121	12.366292953491211
56837124	11.593400001525879
56837126	10.82050609588623
56837127	10.047613143920898
56837130	10.047613143920898
56837135	10.047613143920898
56837136	10.047613143920898
56837138	9.27471923828125
56837140	8.501826286315918
56837141	7.728933334350586
56837142	7.728933334350586
56837143	6.956039905548096
56837147	6.956039905548096
56837148	7.728933334350586
56837152	9.27471923828125
56837153	8.501826286315918
56837160	9.27471923828125
56837166	10.047613143920898
56837169	10.047613143920898
56837170	10.82050609588623
56837172	10.82050609588623
56837174	10.82050609588623
56837176	9.27471923828125
56837179	8.501826286315918
56837185	7.728933334350586
56837186	9.27471923828125
56837188	9.27471923828125
56837189	10.047613143920898
56837194	10.047613143920898
56837196	9.27471923828125
56837197	8.501826286315918
56837205	8.501826286315918
56837206	8.501826286315918
56837210	9.27471923828125
56837211	8.501826286315918
56837213	9.27471923828125
56837215	9.27471923828125
56837216	10.047613143920898
56837222	10.047613143920898
56837225	10.047613143920898
56837228	10.047613143920898
56837230	10.047613143920898
56837231	10.82050609588623
56837232	10.047613143920898
56837236	8.501826286315918
56837237	8.501826286315918
56837239	7.728933334350586
56837244	8.501826286315918
56837248	7.728933334350586
56837250	7.728933334350586
56837253	7.728933334350586
56837254	6.956039905548096
56837255	7.728933334350586
56837258	6.956039905548096
56837259	6.956039905548096
56837260	6.956039905548096
56837266	6.956039905548096
56837267	7.728933334350586
56837268	7.728933334350586
56837269	7.728933334350586
56837272	6.1831464767456055
56837275	5.410253047943115
56837277	6.1831464767456055
56837278	6.956039905548096
56837283	6.956039905548096
56837287	6.956039905548096
56837290	6.956039905548096
56837291	6.1831464767456055
56837295	6.956039905548096
56837299	6.1831464767456055
56837303	5.410253047943115
56837306	5.410253047943115
56837307	5.410253047943115
56837308	6.1831464767456055
56837314	6.956039905548096
56837317	6.1831464767456055
56837321	6.956039905548096
56837322	6.956039905548096
56837323	6.956039905548096
56837326	6.1831464767456055
56837331	6.956039905548096
56837332	6.956039905548096
56837335	6.956039905548096
56837337	6.956039905548096
56837338	6.956039905548096
56837339	6.1831464767456055
56837341	6.956039905548096
56837342	6.956039905548096
56837344	6.956039905548096
56837347	6.956039905548096
56837349	6.956039905548096
56837350	7.728933334350586
56837351	6.956039905548096
56837353	6.956039905548096
56837355	6.956039905548096
56837359	6.956039905548096
56837361	6.1831464767456055
56837365	5.410253047943115
56837366	6.1831464767456055
56837371	6.956039905548096
56837372	7.728933334350586
56837375	7.728933334350586
56837376	6.956039905548096
56837391	6.956039905548096
56837392	6.1831464767456055
56837397	5.410253047943115
56837399	5.410253047943115
56837400	6.1831464767456055
56837401	6.1831464767456055
56837406	5.410253047943115
56837407	5.410253047943115
56837410	6.1831464767456055
56837413	5.410253047943115
56837423	5.410253047943115
56837425	4.637359619140625
56837429	4.637359619140625
56837430	4.637359619140625
56837432	4.637359619140625
56837433	4.637359619140625
56837436	4.353329658508301
56837440	4.353329658508301
56837447	4.353329658508301
56837449	4.353329658508301
56837450	4.353329658508301
56837451	4.353329658508301
56837452	4.353329658508301
56837455	4.353329658508301
56837466	4.353329658508301
56837467	4.353329658508301
56837483	4.353329658508301
56837485	4.353329658508301
56837487	4.353329658508301
56837488	4.353329658508301
56837490	4.353329658508301
56837491	4.353329658508301
56837516	4.353329658508301
56837520	4.353329658508301
56837522	4.353329658508301
56837527	4.353329658508301
56837528	4.353329658508301
56837534	4.353329658508301
56837536	4.353329658508301
56837558	4.287370204925537
56837560	4.287370204925537
56837564	4.221410751342773
56837565	4.221410751342773
56837567	4.15545129776001
56837572	4.637359619140625
56837574	5.410253047943115
56837575	4.637359619140625
56837577	4.637359619140625
56837578	4.637359619140625
56837579	4.637359619140625
56837582	4.637359619140625
56837584	4.637359619140625
56837589	4.637359619140625
56837594	4.637359619140625
56837595	4.637359619140625
56837596	4.637359619140625
56837598	4.637359619140625
56837600	4.637359619140625
56837603	3.864466667175293
56837606	3.864466667175293
56837607	3.627774953842163
56837610	3.627774953842163
56837612	3.5618152618408203
56837624	3.5618152618408203
56837629	3.5618152618408203
56837632	3.4958558082580566
56837634	3.36393666267395
56837637	3.2979774475097656
56837642	3.2979774475097656
56837651	3.2979774475097656
56837652	3.2979774475097656
56837653	3.284785509109497
56837654	3.284785509109497
56837656	3.2781894207000732
56837667	3.2781894207000732
56837668	3.284785509109497
56837672	3.284785509109497
56837674	3.284785509109497
56837683	3.2781894207000732
56837689	3.2715935707092285
56837690	3.2715935707092285
56837692	3.264997720718384
56837701	3.2715935707092285
56837702	3.2715935707092285
56837708	3.2715935707092285
56837709	3.2715935707092285
56837711	3.264997720718384
56837712	3.264997720718384
56837713	3.264997720718384
56837716	3.264997720718384
56837718	3.264997720718384
56837725	3.264997720718384
56837727	3.264997720718384
56837730	3.264997720718384
56837734	3.264997720718384
56837735	3.2715935707092285
56837745	3.264997720718384
56837746	3.2781894207000732
56837748	3.284785509109497
56837749	3.284785509109497
56837752	3.291381359100342
56837753	3.291381359100342
56837754	3.291381359100342
56837756	3.291381359100342
56837757	3.291381359100342
56837763	3.291381359100342
56837770	3.284785509109497
56837771	3.2781894207000732
56837772	3.2715935707092285
56837779	3.2715935707092285
56837781	3.264997720718384
56837788	3.264997720718384
56837795	3.2715935707092285
56837796	3.2715935707092285
56837799	3.2715935707092285
56837800	3.2715935707092285
56837802	3.2715935707092285
56837807	3.2715935707092285
56837808	3.264997720718384
56837811	3.2781894207000732
56837813	3.2781894207000732
56837815	3.2715935707092285
56837817	3.2715935707092285
56837819	3.2715935707092285
56837827	3.2715935707092285
56837828	3.2715935707092285
56837832	3.264997720718384
56837833	3.264997720718384
56837839	3.264997720718384
56837843	3.264997720718384
56837847	3.264997720718384
56837848	3.25840163230896
56837849	3.2518057823181152
56837850	3.2518057823181152
56837852	3.25840163230896
56837859	3.2518057823181152
56837868	3.2518057823181152
56837874	3.2518057823181152
56837877	3.2452096939086914
56837879	3.232017755508423
56837881	3.225421905517578
56837884	3.225421905517578
56837889	3.232017755508423
56837891	3.225421905517578
56837893	3.225421905517578
56837899	3.225421905517578
56837907	3.2188258171081543
56837908	3.2188258171081543
56837911	3.2188258171081543
56837913	3.2188258171081543
56837929	3.2188258171081543
56837932	3.2188258171081543
56837938	3.225421905517578
56837941	3.225421905517578
56837942	3.225421905517578
56837944	3.225421905517578
56837949	3.232017755508423
56837959	3.232017755508423
56837967	3.2386138439178467
56837984	3.2452096939086914
56837988	3.2452096939086914
56837990	3.2452096939086914
56837995	3.2452096939086914
56838013	3.2452096939086914
56838021	3.25840163230896
56838028	3.2518057823181152
56838029	3.25840163230896
56838032	3.25840163230896
56838044	3.25840163230896
56838051	3.264997720718384
56838054	3.2715935707092285
56838058	3.2781894207000732
56838059	3.2781894207000732
56838064	3.284785509109497
56838070	3.284785509109497
56838077	3.284785509109497
56838082	3.284785509109497
56838086	3.284785509109497
56838095	3.284785509109497
56838100	3.291381359100342
56838107	3.291381359100342
56838109	3.291381359100342
56838111	3.291381359100342
56838114	3.2979774475097656
56838123	3.2979774475097656
56838142	3.3045732975006104
56838152	3.3045732975006104
56838153	3.3045732975006104
56838155	3.3045732975006104
56838157	3.2979774475097656
56838159	3.3045732975006104
56838163	3.3045732975006104
56838166	3.3045732975006104
56838167	3.3045732975006104
56838170	3.2979774475097656
56838172	3.2979774475097656
56838174	3.3045732975006104
56838176	3.2979774475097656
56838181	3.3045732975006104
56838183	3.311169385910034
56838194	3.864466667175293
56838195	3.864466667175293
56838197	3.3045732975006104
56838210	3.311169385910034
56838212	3.864466667175293
56838214	4.637359619140625
56838237	4.637359619140625
56838243	3.864466667175293
56838246	3.317765235900879
56838250	3.317765235900879
56838253	3.311169385910034
56838254	3.864466667175293
56838257	3.3045732975006104
56838260	3.864466667175293
56838267	3.864466667175293
56838269	3.311169385910034
56838271	3.864466667175293
56838273	3.864466667175293
56838277	4.637359619140625
56838283	4.637359619140625
56838285	4.637359619140625
56838290	5.410253047943115
56838294	6.1831464767456055
56838295	5.410253047943115
56838296	5.410253047943115
56838297	4.637359619140625
56838301	5.410253047943115
56838318	6.1831464767456055
56838320	6.1831464767456055
56838327	6.1831464767456055
56838328	6.1831464767456055
56838337	6.1831464767456055
56838341	5.410253047943115
56838347	4.637359619140625
56838349	5.410253047943115
56838351	5.410253047943115
56838353	5.410253047943115
56838355	4.637359619140625
56838357	4.637359619140625
56838367	3.864466667175293
56838369	3.864466667175293
56838374	3.864466667175293
56838380	3.3045732975006104
56838381	3.2979774475097656
56838382	3.2979774475097656
56838385	3.3045732975006104
56838387	3.3045732975006104
56838389	3.3045732975006104
56838393	3.2979774475097656
56838396	3.3045732975006104
56838400	3.3045732975006104
56838404	4.637359619140625
56838417	4.637359619140625
56838431	4.637359619140625
56838434	3.864466667175293
56838436	3.864466667175293
56838442	3.864466667175293
56838446	4.637359619140625
56838447	5.410253047943115
56838448	5.410253047943115
56838449	6.1831464767456055
56838463	6.1831464767456055
56838471	6.1831464767456055
56838480	5.410253047943115
56838484	4.637359619140625
56838486	3.291381359100342
56838487	3.2979774475097656
56838492	3.864466667175293
56838500	3.864466667175293
56838508	3.864466667175293
56838510	3.864466667175293
56838522	3.864466667175293
56838526	3.864466667175293
56838530	3.311169385910034
56838532	3.311169385910034
56838533	3.36393666267395
56838535	3.36393666267395
56838537	3.36393666267395
56838540	3.36393666267395
56838544	3.36393666267395
56838553	3.864466667175293
56838554	4.637359619140625
56838555	4.637359619140625
56838565	4.637359619140625
56838571	5.410253047943115
56838574	4.637359619140625
56838587	4.637359619140625
56838591	4.637359619140625
56838599	4.637359619140625
56838600	4.637359619140625
56838608	4.637359619140625
56838610	4.637359619140625
56838613	5.410253047943115
56838618	6.1831464767456055
56838619	6.1831464767456055
56838621	4.637359619140625
56838624	5.410253047943115
56838627	4.637359619140625
56838628	4.637359619140625
56838637	4.637359619140625
56838646	3.9575724601745605
56838649	4.023531913757324
56838653	4.023531913757324
56838655	4.089491844177246
56838656	4.089491844177246
56838658	4.15545129776001
56838669	4.221410751342773
56838673	4.221410751342773
56838682	4.221410751342773
56838684	4.287370204925537
56838686	4.287370204925537
56838692	4.287370204925537
56838694	4.353329658508301
56838697	4.419289588928223
56838701	4.419289588928223
56838704	4.353329658508301
56838705	4.353329658508301
56838707	4.353329658508301
56838711	4.419289588928223
56838712	4.419289588928223
56838716	4.353329658508301
56838724	4.353329658508301
56838725	4.353329658508301
56838728	4.287370204925537
56838731	4.353329658508301
56838742	4.353329658508301
56838746	4.419289588928223
56838750	4.419289588928223
56838752	4.419289588928223
56838754	4.419289588928223
56838757	4.353329658508301
56838759	4.353329658508301
56838771	4.419289588928223
56838772	4.419289588928223
56838775	4.419289588928223
56838780	4.485249042510986
56838782	4.55120849609375
56838788	4.55120849609375
56838791	4.55120849609375
56838795	4.617167949676514
56838797	4.55120849609375
56838799	4.55120849609375
56838800	4.485249042510986
56838811	4.485249042510986
56838815	4.419289588928223
56838820	4.353329658508301
56838823	4.353329658508301
56838827	4.419289588928223
56838828	4.353329658508301
56838830	4.353329658508301
56838832	4.419289588928223
56838836	4.353329658508301
56838838	4.353329658508301
56838839	4.419289588928223
56838843	4.353329658508301
56838854	4.287370204925537
56838857	4.353329658508301
56838858	4.419289588928223
56838862	4.419289588928223
56838871	4.419289588928223
56838873	4.485249042510986
56838879	4.55120849609375
56838880	4.55120849609375
56838889	4.617167949676514
56838890	4.55120849609375
56838892	4.617167949676514
56838903	4.683127403259277
56838905	4.683127403259277
56838911	4.683127403259277
56838912	4.683127403259277
56838920	4.683127403259277
56838922	4.749087333679199
56838924	4.815046787261963
56838929	4.815046787261963
56838938	4.749087333679199
56838940	4.683127403259277
56838942	4.749087333679199
56838946	4.617167949676514
56838947	4.617167949676514
56838948	4.617167949676514
56838958	4.617167949676514
56838963	4.617167949676514
56838968	4.683127403259277
56838971	4.683127403259277
56838984	4.683127403259277
56838986	4.637359619140625
56838989	4.637359619140625
56838990	4.617167949676514
56838993	4.637359619140625
56838995	4.637359619140625
56839006	4.637359619140625
56839011	4.637359619140625
56839012	4.637359619140625
56839013	5.410253047943115
56839021	6.1831464767456055
56839022	6.1831464767456055
56839023	5.410253047943115
56839026	6.1831464767456055
56839029	4.637359619140625
56839031	4.637359619140625
56839033	4.637359619140625
56839042	4.637359619140625
56839045	4.55120849609375
56839048	4.637359619140625
56839049	4.637359619140625
56839052	6.1831464767456055
56839057	5.410253047943115
56839065	6.1831464767456055
56839066	6.1831464767456055
56839069	6.956039905548096
56839074	6.956039905548096
56839075	6.1831464767456055
56839076	6.1831464767456055
56839077	6.956039905548096
56839082	6.956039905548096
56839086	6.956039905548096
56839088	7.728933334350586
56839089	7.728933334350586
56839095	7.728933334350586
56839096	7.728933334350586
56839097	6.956039905548096
56839104	6.1831464767456055
56839107	6.956039905548096
56839108	6.1831464767456055
56839111	6.1831464767456055
56839114	7.728933334350586
56839116	8.501826286315918
56839124	9.27471923828125
56839129	9.27471923828125
56839133	8.501826286315918
56839134	6.956039905548096
56839135	6.956039905548096
56839140	6.956039905548096
56839141	7.728933334350586
56839144	6.956039905548096
56839151	6.956039905548096
56839152	6.956039905548096
56839153	7.728933334350586
56839155	8.501826286315918
56839160	8.501826286315918
56839161	7.728933334350586
56839162	7.728933334350586
56839163	7.728933334350586
56839165	7.728933334350586
56839166	8.501826286315918
56839169	8.501826286315918
56839170	8.501826286315918
56839180	7.728933334350586
56839186	7.728933334350586
56839188	8.501826286315918
56839195	7.728933334350586
56839198	6.1831464767456055
56839201	5.410253047943115
56839210	5.410253047943115
56839214	6.1831464767456055
56839217	6.1831464767456055
56839218	6.956039905548096
56839221	6.956039905548096
56839224	6.956039905548096
56839228	6.1831464767456055
56839229	6.1831464767456055
56839233	6.1831464767456055
56839234	6.956039905548096
56839236	6.1831464767456055
56839237	5.410253047943115
56839238	4.637359619140625
56839246	5.410253047943115
56839253	5.410253047943115
56839258	5.410253047943115
56839265	5.410253047943115
56839270	5.410253047943115
56839280	4.637359619140625
56839281	4.637359619140625
56839282	5.410253047943115
56839284	5.410253047943115
56839287	4.637359619140625
56839288	4.637359619140625
56839292	5.410253047943115
56839294	5.410253047943115
56839296	4.637359619140625
56839301	5.410253047943115
56839312	4.637359619140625
56839315	5.410253047943115
56839317	6.1831464767456055
56839319	5.410253047943115
56839322	5.410253047943115
56839327	4.637359619140625
56839329	4.637359619140625
56839331	5.410253047943115
56839333	6.1831464767456055
56839338	5.410253047943115
56839347	6.1831464767456055
56839348	6.1831464767456055
56839350	6.956039905548096
56839362	7.728933334350586
56839365	7.728933334350586
56839368	6.956039905548096
56839369	6.956039905548096
56839371	7.728933334350586
56839372	7.728933334350586
56839378	6.956039905548096
56839393	7.728933334350586
56839396	7.728933334350586
56839398	6.956039905548096
56839399	7.728933334350586
56839400	6.956039905548096
56839404	6.956039905548096
56839405	6.956039905548096
56839407	6.956039905548096
56839409	6.956039905548096
56839412	6.956039905548096
56839413	6.956039905548096
56839415	6.1831464767456055
56839421	5.410253047943115
56839422	6.1831464767456055
56839423	5.410253047943115
56839426	5.410253047943115
56839428	5.410253047943115
56839431	5.410253047943115
56839432	5.410253047943115
56839434	4.637359619140625
56839446	4.287370204925537
56839447	4.637359619140625
56839453	4.637359619140625
56839454	4.221410751342773
56839462	4.287370204925537
56839464	4.287370204925537
56839469	4.353329658508301
56839477	4.353329658508301
56839480	4.353329658508301
56839482	4.287370204925537
56839484	4.287370204925537
56839487	4.15545129776001
56839489	4.15545129776001
56839497	4.15545129776001
56839500	4.221410751342773
56839505	4.15545129776001
56839510	4.15545129776001
56839518	4.089491844177246
56839523	4.089491844177246
56839530	4.089491844177246
56839532	4.089491844177246
56839535	4.023531913757324
56839536	4.089491844177246
56839544	4.15545129776001
56839548	4.15545129776001
56839554	4.15545129776001
56839555	4.089491844177246
56839557	4.023531913757324
56839563	4.023531913757324
56839565	4.023531913757324
56839567	3.9575724601745605
56839573	4.023531913757324
56839574	4.023531913757324
56839575	4.023531913757324
56839578	4.089491844177246
56839582	4.089491844177246
56839587	4.15545129776001
56839589	4.089491844177246
56839591	4.089491844177246
56839592	3.9575724601745605
56839599	3.9575724601745605
56839602	3.891613006591797
56839607	3.9575724601745605
56839608	3.9575724601745605
56839610	3.891613006591797
56839617	3.9575724601745605
56839618	4.023531913757324
56839622	3.9575724601745605
56839627	4.023531913757324
56839628	4.023531913757324
56839641	3.9575724601745605
56839646	4.023531913757324
56839650	3.9575724601745605
56839653	4.023531913757324
56839656	3.891613006591797
56839658	3.825653553009033
56839676	3.7596938610076904
56839682	3.825653553009033
56839692	3.7596938610076904
56839694	3.6937344074249268
56839695	3.627774953842163
56839698	3.5618152618408203
56839703	3.5618152618408203
56839707	3.5618152618408203
56839711	3.4958558082580566
56839728	3.4958558082580566
56839738	3.429896354675293
56839740	3.429896354675293
56839742	3.4958558082580566
56839756	3.429896354675293
56839758	3.429896354675293
56839759	3.4958558082580566
56839760	3.429896354675293
56839769	3.429896354675293
56839775	3.429896354675293
56839778	3.36393666267395
56839780	3.36393666267395
56839786	3.2979772090911865
56839789	3.2979772090911865
56839795	3.2979772090911865
56839796	3.2979772090911865
56839822	3.2979772090911865
56839823	3.2979772090911865
56839830	3.2320175170898438
56839838	3.16605806350708
56839839	3.1000986099243164
56839840	3.1000986099243164
56839841	3.1000986099243164
56839848	3.1000986099243164
56839854	3.16605806350708
56839857	3.1000986099243164
56839863	3.0341389179229736
56839871	3.0341389179229736
56839872	2.9813716411590576
56839873	2.9879674911499023
56839875	2.9813716411590576
56839877	2.974775552749634
56839880	2.968179702758789
56839882	2.968179702758789
56839886	2.9615836143493652
56839889	2.9615836143493652
56839890	2.9615836143493652
56839892	2.9615836143493652
56839908	3.0915732383728027
56839910	3.0915732383728027
56839911	3.0915732383728027
56839912	3.0915732383728027
56839913	3.864466667175293
56839922	3.864466667175293
56839929	4.637359619140625
56839930	4.637359619140625
56839940	4.637359619140625
56839942	4.637359619140625
56839945	4.637359619140625
56839947	4.637359619140625
56839955	3.864466667175293
56839956	4.637359619140625
56839961	4.637359619140625
56839963	4.637359619140625
56839966	4.637359619140625
56839970	4.637359619140625
56839973	3.864466667175293
56839976	3.0915732383728027
56839982	2.915411949157715
56839988	2.915411949157715
56839989	2.915411949157715
56839993	2.915411949157715
56839994	3.0915732383728027
56839996	3.864466667175293
56839997	3.0915732383728027
56839999	3.0915732383728027
56840003	3.0915732383728027
56840006	3.0915732383728027
56840013	2.90881609916687
56840025	2.9022200107574463
56840031	3.0915732383728027
56840033	3.0915732383728027
56840034	3.864466667175293
56840039	3.864466667175293
56840040	3.0915732383728027
56840044	3.864466667175293
56840045	3.864466667175293
56840048	3.864466667175293
56840059	3.864466667175293
56840060	3.864466667175293
56840063	4.637359619140625
56840065	4.637359619140625
56840068	4.637359619140625
56840075	5.410253047943115
56840077	6.1831464767456055
56840078	5.410253047943115
56840080	4.637359619140625
56840093	5.410253047943115
56840099	5.410253047943115
56840107	6.1831464767456055
56840108	6.1831464767456055
56840109	6.956039905548096
56840116	6.1831464767456055
56840117	6.1831464767456055
56840124	5.410253047943115
56840133	4.637359619140625
56840134	4.637359619140625
56840140	5.410253047943115
56840143	5.410253047943115
56840144	5.410253047943115
56840152	4.637359619140625
56840159	3.864466667175293
56840164	3.2320175170898438
56840169	3.2320175170898438
56840170	3.16605806350708
56840171	3.2320175170898438
56840183	3.2979772090911865
56840192	3.2979772090911865
56840198	3.2979772090911865
56840200	3.36393666267395
56840210	3.4958558082580566
56840213	3.4958558082580566
56840216	3.5618152618408203
56840218	3.5618152618408203
56840219	3.4958558082580566
56840236	3.5618152618408203
56840238	3.4958558082580566
56840240	3.4958558082580566
56840242	3.5618152618408203
56840249	3.627774953842163
56840258	3.627774953842163
56840272	3.6937344074249268
56840277	3.6937344074249268
56840280	3.7596938610076904
56840282	3.627774953842163
56840285	3.627774953842163
56840294	3.6937344074249268
56840300	3.7596938610076904
56840306	3.7596938610076904
56840316	3.7596938610076904
56840319	3.7596938610076904
56840320	3.7596938610076904
56840336	3.825653553009033
56840338	3.825653553009033
56840340	3.7596938610076904
56840351	3.825653553009033
56840366	3.891613006591797
56840378	3.891613006591797
56840379	3.891613006591797
56840384	3.891613006591797
56840390	3.891613006591797
56840393	3.891613006591797
56840400	3.9575724601745605
56840405	3.9575724601745605
56840414	3.891613006591797
56840417	3.891613006591797
56840424	3.891613006591797
56840428	3.891613006591797
56840431	3.864466667175293
56840434	3.864466667175293
56840436	3.864466667175293
56840440	3.864466667175293
56840447	4.637359619140625
56840450	5.410253047943115
56840454	4.637359619140625
56840455	4.637359619140625
56840461	5.410253047943115
56840462	6.1831464767456055
56840464	5.410253047943115
56840469	5.410253047943115
56840472	5.410253047943115
56840480	5.410253047943115
56840484	5.410253047943115
56840489	4.637359619140625
56840494	4.637359619140625
56840497	4.637359619140625
56840498	4.637359619140625
56840503	3.864466667175293
56840508	4.637359619140625
56840509	3.864466667175293
56840517	3.864466667175293
56840521	4.637359619140625
56840524	5.410253047943115
56840528	4.637359619140625
56840531	4.637359619140625
56840533	3.864466667175293
56840535	3.864466667175293
56840536	3.864466667175293
56840537	3.864466667175293
56840539	3.864466667175293
56840545	3.4958558082580566
56840555	3.4958558082580566
56840562	3.4958558082580566
56840565	3.4958558082580566
56840567	3.4958558082580566
56840572	3.429896354675293
56840575	3.4958558082580566
56840579	3.864466667175293
56840581	3.864466667175293
56840582	3.864466667175293
56840587	3.864466667175293
56840591	3.429896354675293
56840595	3.864466667175293
56840598	3.864466667175293
56840602	4.637359619140625
56840604	4.637359619140625
56840605	4.637359619140625
56840610	3.864466667175293
56840617	3.864466667175293
56840622	3.864466667175293
56840628	3.864466667175293
56840629	4.637359619140625
56840641	5.410253047943115
56840649	5.410253047943115
56840650	4.637359619140625
56840656	4.637359619140625
56840658	5.410253047943115
56840659	6.956039905548096
56840660	6.1831464767456055
56840671	6.1831464767456055
56840675	6.956039905548096
56840676	6.1831464767456055
56840677	6.1831464767456055
56840682	6.956039905548096
56840685	6.1831464767456055
56840689	5.410253047943115
56840698	5.410253047943115
56840700	6.1831464767456055
56840701	6.956039905548096
56840707	6.956039905548096
56840708	6.956039905548096
56840712	6.956039905548096
56840713	6.1831464767456055
56840716	5.410253047943115
56840725	6.1831464767456055
56840727	6.1831464767456055
56840735	6.1831464767456055
56840740	6.956039905548096
56840742	6.1831464767456055
56840743	4.637359619140625
56840745	5.410253047943115
56840752	5.410253047943115
56840754	6.1831464767456055
56840755	6.1831464767456055
56840757	5.410253047943115
56840758	5.410253047943115
56840761	5.410253047943115
56840776	4.637359619140625
56840778	4.637359619140625
56840782	5.410253047943115
56840784	4.637359619140625
56840785	3.864466667175293
56840789	3.864466667175293
56840791	4.637359619140625
56840798	4.637359619140625
56840800	5.410253047943115
56840803	4.637359619140625
56840809	4.637359619140625
56840816	5.410253047943115
56840817	5.410253047943115
56840819	5.410253047943115
56840827	4.637359619140625
56840836	3.864466667175293
56840848	3.429896354675293
56840851	3.36393666267395
56840855	3.864466667175293
56840862	3.864466667175293
56840863	3.429896354675293
56840873	3.429896354675293
56840875	3.429896354675293
56840876	3.36393666267395
56840882	3.429896354675293
56840886	3.429896354675293
56840893	3.429896354675293
56840905	3.429896354675293
56840908	3.4958558082580566
56840914	3.429896354675293
56840918	3.429896354675293
56840920	3.4958558082580566
56840928	3.429896354675293
56840935	3.429896354675293
56840942	3.429896354675293
56840947	3.36393666267395
56840956	3.36393666267395
56840966	3.2979772090911865
56840967	3.2320175170898438
56840968	3.2320175170898438
56840982	3.2979772090911865
56840989	3.2320175170898438
56840997	3.16605806350708
56841003	3.1000986099243164
56841008	3.0341389179229736
56841021	3.0341389179229736
56841023	3.0341389179229736
56841030	3.0341389179229736
56841031	3.0341389179229736
56841037	3.0341389179229736
56841045	3.0341389179229736
56841051	2.96817946434021
56841056	2.96817946434021
56841059	3.0341389179229736
56841062	2.96817946434021
56841063	2.96817946434021
56841067	2.902219772338867
56841069	2.902219772338867
56841073	2.902219772338867
56841092	2.96817946434021
56841099	3.0341389179229736
56841100	3.1000986099243164
56841107	3.1000986099243164
56841114	3.0341389179229736
56841117	3.0341389179229736
56841118	2.96817946434021
56841121	2.96817946434021
56841130	2.96817946434021
56841133	3.0341389179229736
56841137	2.96817946434021
56841138	3.0341389179229736
56841140	3.1000986099243164
56841143	3.0341389179229736
56841146	2.96817946434021
56841155	2.96817946434021
56841159	2.96817946434021
56841165	2.96817946434021
56841170	2.96817946434021
56841171	2.902219772338867
56841183	2.856048345565796
56841198	3.0915732383728027
56841200	3.0915732383728027
56841202	3.0915732383728027
56841212	2.856048345565796
56841213	3.0915732383728027
56841214	3.0915732383728027
56841215	3.0915732383728027
56841219	3.864466667175293
56841223	3.864466667175293
56841240	3.864466667175293
56841242	3.864466667175293
56841249	3.864466667175293
56841255	3.0915732383728027
56841258	3.0915732383728027
56841261	3.0915732383728027
56841262	3.864466667175293
56841267	3.864466667175293
56841272	3.0915732383728027
56841274	3.0915732383728027
56841275	3.864466667175293
56841277	4.637359619140625
56841280	4.637359619140625
56841284	4.637359619140625
56841285	4.637359619140625
56841293	4.637359619140625
56841294	4.637359619140625
56841296	4.637359619140625
56841298	3.864466667175293
56841299	3.864466667175293
56841313	3.0915732383728027
56841314	3.864466667175293
56841316	3.864466667175293
56841317	3.864466667175293
56841320	3.864466667175293
56841327	3.864466667175293
56841330	3.0915732383728027
56841331	3.0915732383728027
56841334	3.0915732383728027
56841340	3.864466667175293
56841341	3.864466667175293
56841345	3.864466667175293
56841347	3.0915732383728027
56841351	3.0915732383728027
56841358	3.0915732383728027
56841359	2.882432222366333
56841363	2.882432222366333
56841366	2.882432222366333
56841371	2.8758363723754883
56841375	2.882432222366333
56841376	2.8890280723571777
56841377	3.0915732383728027
56841379	3.0915732383728027
56841392	3.0915732383728027
56841393	3.0915732383728027
56841397	3.0915732383728027
56841401	2.8956241607666016
56841402	2.8890280723571777
56841413	2.882432222366333
56841418	2.8890280723571777
56841426	2.8890280723571777
56841447	2.8890280723571777
56841460	2.8890280723571777
56841476	2.8890280723571777
56841489	2.882432222366333
56841509	2.8890280723571777
56841510	2.8890280723571777
56841514	2.8890280723571777
56841531	2.8890280723571777
56841542	2.8890280723571777
56841548	2.8890280723571777
56841550	2.882432222366333
56841557	2.882432222366333
56841572	3.0915732383728027
56841574	3.0915732383728027
56841579	3.0915732383728027
56841587	3.0915732383728027
56841588	3.0915732383728027
56841595	3.864466667175293
56841596	4.637359619140625
56841598	5.410253047943115
56841604	4.637359619140625
56841606	4.637359619140625
56841615	4.637359619140625
56841630	3.864466667175293
56841634	3.864466667175293
56841636	3.0915732383728027
56841641	3.0915732383728027
56841643	2.8428564071655273
56841660	2.8362605571746826
56841670	2.8362605571746826
56841672	2.829664707183838
56841679	2.823068618774414
56841680	2.823068618774414
56841686	2.823068618774414
56841694	2.8164727687835693
56841701	2.8098766803741455
56841707	2.8098766803741455
56841713	2.8098766803741455
56841714	2.803280830383301
56841715	2.796684741973877
56841722	2.7900888919830322
56841725	2.7834928035736084
56841732	2.7834928035736084
56841736	2.7834928035736084
56841737	2.7834928035736084
56841742	2.7768969535827637
56841754	2.7768969535827637
56841757	2.7768969535827637
56841759	2.7768969535827637
56841768	2.770301103591919
56841772	2.763705015182495
56841775	2.763705015182495
56841783	3.0915732383728027
56841785	3.0915732383728027
56841803	3.0915732383728027
56841806	3.0915732383728027
56841807	3.0915732383728027
56841816	3.0915732383728027
56841817	2.7505130767822266
56841822	2.7505130767822266
56841826	2.743917226791382
56841832	2.743917226791382
56841837	2.737321138381958
56841842	2.7307252883911133
56841847	2.7241291999816895
56841855	2.7175333499908447
56841856	2.7109375
56841859	2.7109375
56841871	2.7109375
56841872	2.704341411590576
56841876	2.704341411590576
56841897	2.704341411590576
56841900	2.6977455615997314
56841905	2.6911494731903076
56841906	2.6911494731903076
56841913	2.684553623199463
56841918	2.682159900665283
56841925	2.682159900665283
56841929	2.682159900665283
56841930	2.682159900665283
56841933	2.682159900665283
56841947	2.682159900665283
56841966	2.682159900665283
56841968	2.682159900665283
56841988	2.682159900665283
56841989	2.682159900665283
56842000	2.682159900665283
56842020	2.682159900665283
56842027	2.682159900665283
56842032	2.682159900665283
56842034	2.682159900665283
56842036	2.682159900665283
56842045	2.682159900665283
56842056	3.0915732383728027
56842060	3.0915732383728027
56842065	3.0915732383728027
56842073	3.0915732383728027
56842075	2.682159900665283
56842077	2.682159900665283
56842078	2.682159900665283
56842079	2.682159900665283
56842082	2.682159900665283
56842084	2.682159900665283
56842092	2.682159900665283
56842094	2.682159900665283
56842096	2.682159900665283
56842098	2.682159900665283
56842099	2.682159900665283
56842100	2.682159900665283
56842110	2.682159900665283
56842116	2.682159900665283
56842129	2.682159900665283
56842130	2.682159900665283
56842132	2.682159900665283
56842134	2.682159900665283
56842137	2.682159900665283
56842138	2.682159900665283
56842152	2.682159900665283
56842154	2.682159900665283
56842167	2.682159900665283
56842168	2.682159900665283
56842189	2.682159900665283
56842190	2.682159900665283
56842192	2.682159900665283
56842194	2.682159900665283
56842195	2.682159900665283
56842202	2.682159900665283
56842211	2.682159900665283
56842213	2.682159900665283
56842217	2.682159900665283
56842227	2.682159900665283
56842230	2.682159900665283
56842231	2.682159900665283
56842234	2.682159900665283
56842245	2.682159900665283
56842246	2.682159900665283
56842248	2.682159900665283
56842249	2.682159900665283
56842253	2.682159900665283
56842257	2.682159900665283
56842265	2.682159900665283
56842272	2.682159900665283
56842274	2.682159900665283
56842278	2.682159900665283
56842281	2.682159900665283
56842284	2.682159900665283
56842288	2.682159900665283
56842296	2.682159900665283
56842308	2.682159900665283
56842314	2.682159900665283
56842317	2.682159900665283
56842319	2.682159900665283
56842326	2.682159900665283
56842330	2.682159900665283
56842333	2.682159900665283
56842349	2.682159900665283
56842350	2.682159900665283
56842355	2.682159900665283
56842368	2.682159900665283
56842381	2.682159900665283
56842383	2.682159900665283
56842384	2.682159900665283
56842387	2.682159900665283
56842391	3.0915732383728027
56842405	3.864466667175293
56842407	4.637359619140625
56842408	4.637359619140625
56842414	4.637359619140625
56842424	3.864466667175293
56842432	4.637359619140625
56842439	4.637359619140625
56842441	3.864466667175293
56842444	3.864466667175293
56842446	3.864466667175293
56842449	4.637359619140625
56842459	4.637359619140625
56842467	4.637359619140625
56842471	3.864466667175293
56842475	3.0915732383728027
56842478	2.682159900665283
56842485	3.0915732383728027
56842489	3.864466667175293
56842492	3.0915732383728027
56842508	3.864466667175293
56842513	3.0915732383728027
56842528	3.0915732383728027
56842530	3.0915732383728027
56842531	2.682159900665283
56842532	2.682159900665283
56842533	2.682159900665283
56842536	3.0915732383728027
56842542	3.864466667175293
56842544	3.864466667175293
56842551	3.864466667175293
56842554	3.864466667175293
56842558	3.864466667175293
56842559	3.864466667175293
56842562	3.864466667175293
56842564	3.0915732383728027
56842569	3.0915732383728027
56842570	2.704341173171997
56842574	2.704341173171997
56842576	2.682159900665283
56842587	2.682159900665283
56842595	2.682159900665283
56842600	2.682159900665283
56842609	2.682159900665283
56842611	2.682159900665283
56842614	2.704341173171997
56842617	2.704341173171997
56842620	2.704341173171997
56842623	2.704341173171997
56842625	2.77030086517334
56842650	2.77030086517334
56842657	2.77030086517334
56842666	2.8362603187561035
56842672	2.8362603187561035
56842676	2.902219772338867
56842681	2.96817946434021
56842692	3.0341389179229736
56842697	3.0341389179229736
56842703	3.1000986099243164
56842704	3.864466667175293
56842707	4.637359619140625
56842709	5.410253047943115
56842714	4.637359619140625
56842728	4.637359619140625
56842734	4.637359619140625
56842736	3.864466667175293
56842746	3.864466667175293
56842758	4.637359619140625
56842760	4.637359619140625
56842766	4.637359619140625
56842767	6.1831464767456055
56842771	6.1831464767456055
56842772	6.1831464767456055
56842776	6.1831464767456055
56842777	5.410253047943115
56842787	5.410253047943115
56842788	3.864466667175293
56842791	3.2320175170898438
56842803	3.2320175170898438
56842807	3.2320175170898438
56842808	3.16605806350708
56842827	3.16605806350708
56842828	3.2320175170898438
56842830	3.2979772090911865
56842842	3.2979772090911865
56842849	3.2979772090911865
56842850	3.2979772090911865
56842851	3.2979772090911865
56842855	3.2979772090911865
56842864	3.36393666267395
56842867	3.429896354675293
56842872	3.4958558082580566
56842882	3.429896354675293
56842890	3.4958558082580566
56842892	3.4958558082580566
56842893	3.4958558082580566
56842897	3.5618152618408203
56842902	3.4958558082580566
56842907	3.4958558082580566
56842917	3.4958558082580566
56842925	3.5618152618408203
56842926	3.864466667175293
56842929	3.4958558082580566
56842933	3.429896354675293
56842947	3.36393666267395
56842949	3.2979772090911865
56842952	3.36393666267395
56842966	3.36393666267395
56842971	3.2979772090911865
56842974	4.637359619140625
56842986	3.864466667175293
56842987	3.864466667175293
56842988	3.864466667175293
56842992	3.864466667175293
56843001	3.864466667175293
56843002	3.429896354675293
56843008	3.864466667175293
56843012	3.864466667175293
56843017	4.637359619140625
56843020	5.410253047943115
56843027	5.410253047943115
56843033	5.410253047943115
56843034	5.410253047943115
56843041	5.410253047943115
56843053	5.410253047943115
56843055	6.1831464767456055
56843069	4.637359619140625
56843070	5.410253047943115
56843074	4.637359619140625
56843075	4.637359619140625
56843078	4.637359619140625
56843081	4.637359619140625
56843086	5.410253047943115
56843093	4.637359619140625
56843096	3.864466667175293
56843100	3.2979772090911865
56843101	3.2979772090911865
56843115	3.2979772090911865
56843127	3.2979772090911865
56843130	3.36393666267395
56843134	3.864466667175293
56843137	4.637359619140625
56843139	3.864466667175293
56843149	4.637359619140625
56843153	4.637359619140625
56843155	3.864466667175293
56843165	4.637359619140625
56843167	3.864466667175293
56843172	3.864466667175293
56843173	4.637359619140625
56843190	4.637359619140625
56843192	4.637359619140625
56843195	4.637359619140625
56843199	4.637359619140625
56843201	3.864466667175293
56843212	3.864466667175293
56843214	3.864466667175293
56843223	3.429896354675293
56843224	3.429896354675293
56843225	3.4958558082580566
56843229	3.4958558082580566
56843234	3.4958558082580566
56843235	3.429896354675293
56843239	3.864466667175293
56843241	3.429896354675293
56843245	3.429896354675293
56843249	3.2979772090911865
56843252	3.2320175170898438
56843256	3.2320175170898438
56843272	3.2320175170898438
56843282	3.2979772090911865
56843285	3.36393666267395
56843286	3.36393666267395
56843288	3.864466667175293
56843295	3.864466667175293
56843297	3.864466667175293
56843299	3.864466667175293
56843300	3.864466667175293
56843302	3.864466667175293
56843303	3.429896354675293
56843306	3.429896354675293
56843308	3.429896354675293
56843311	3.2979772090911865
56843315	3.2979772090911865
56843319	3.2979772090911865
56843322	3.2979772090911865
56843325	3.2979772090911865
56843327	3.864466667175293
56843332	3.864466667175293
56843339	3.864466667175293
56843340	3.864466667175293
56843343	4.637359619140625
56843350	4.637359619140625
56843351	4.637359619140625
56843364	5.410253047943115
56843369	5.410253047943115
56843370	4.637359619140625
56843375	3.864466667175293
56843384	4.637359619140625
56843389	4.637359619140625
56843397	4.637359619140625
56843399	3.864466667175293
56843403	3.864466667175293
56843406	3.864466667175293
56843407	3.16605806350708
56843408	3.864466667175293
56843409	3.864466667175293
56843411	3.16605806350708
56843412	3.16605806350708
56843424	3.2320175170898438
56843429	3.2320175170898438
56843432	3.2320175170898438
56843435	3.16605806350708
56843439	3.16605806350708
56843442	3.16605806350708
56843444	3.16605806350708
56843445	3.1000986099243164
56843450	3.1000986099243164
56843459	3.864466667175293
56843466	3.0915732383728027
56843467	3.864466667175293
56843474	3.864466667175293
56843480	3.864466667175293
56843484	3.864466667175293
56843485	3.864466667175293
56843486	3.864466667175293
56843488	3.864466667175293
56843490	3.864466667175293
56843493	3.864466667175293
56843495	3.864466667175293
56843511	3.864466667175293
56843513	3.864466667175293
56843521	3.864466667175293
56843523	3.864466667175293
56843527	3.864466667175293
56843528	3.864466667175293
56843529	3.1000986099243164
56843532	3.1000986099243164
56843534	3.1000986099243164
56843543	3.1000986099243164
56843544	3.1000986099243164
56843546	3.0341389179229736
56843548	3.0341389179229736
56843550	3.16605806350708
56843551	3.16605806350708
56843554	3.1000986099243164
56843559	3.0341389179229736
56843564	2.96817946434021
56843570	2.96817946434021
56843575	2.96817946434021
56843577	2.96817946434021
56843580	2.96817946434021
56843585	2.96817946434021
56843586	2.96817946434021
56843593	2.96817946434021
56843595	2.96817946434021
56843598	2.902219772338867
56843607	2.902219772338867
56843611	2.902219772338867
56843613	2.8362603187561035
56843616	3.0915732383728027
56843622	2.8362603187561035
56843623	2.8362603187561035
56843624	2.77030086517334
56843630	2.8362603187561035
56843631	2.8362603187561035
56843634	3.0915732383728027
56843646	3.0915732383728027
56843652	3.0915732383728027
56843655	3.0915732383728027
56843657	3.0915732383728027
56843663	3.0915732383728027
56843666	3.0915732383728027
56843668	3.0915732383728027
56843669	3.0915732383728027
56843670	2.8362603187561035
56843671	2.8362603187561035
56843672	2.8362603187561035
56843676	2.77030086517334
56843681	2.704341173171997
56843682	2.682159900665283
56843691	3.0915732383728027
56843697	2.682159900665283
56843704	2.682159900665283
56843714	2.682159900665283
56843715	2.682159900665283
56843725	2.682159900665283
56843730	2.682159900665283
56843740	2.682159900665283
56843746	3.0915732383728027
56843753	3.0915732383728027
56843755	3.0915732383728027
56843758	3.864466667175293
56843760	4.637359619140625
56843766	4.637359619140625
56843771	3.864466667175293
56843777	3.864466667175293
56843788	3.864466667175293
56843794	3.0915732383728027
56843814	3.0915732383728027
56843824	2.682159900665283
56843827	2.682159900665283
56843828	2.682159900665283
56843839	2.682159900665283
56843842	2.682159900665283
56843853	2.682159900665283
56843855	2.682159900665283
56843860	2.682159900665283
56843864	2.682159900665283
56843867	2.682159900665283
56843868	2.682159900665283
56843869	2.682159900665283
56843870	2.682159900665283
56843882	2.682159900665283
56843893	2.682159900665283
56843900	2.682159900665283
56843904	2.682159900665283
56843907	2.682159900665283
56843917	2.682159900665283
56843926	2.682159900665283
56843938	2.682159900665283
56843944	2.682159900665283
56843947	2.682159900665283
56843949	2.682159900665283
56843951	2.682159900665283
56843954	3.0915732383728027
56843969	2.682159900665283
56843971	3.0915732383728027
56843980	3.864466667175293
56843984	3.864466667175293
56843986	3.864466667175293
56843987	3.864466667175293
56843992	3.864466667175293
56844000	3.864466667175293
56844006	3.864466667175293
56844008	5.410253047943115
56844010	5.410253047943115
56844022	5.410253047943115
56844028	4.637359619140625
56844030	3.864466667175293
56844032	3.864466667175293
56844033	3.864466667175293
56844035	3.864466667175293
56844053	3.0915732383728027
56844054	2.682159900665283
56844055	2.682159900665283
56844057	2.682159900665283
56844065	2.682159900665283
56844074	2.682159900665283
56844078	2.682159900665283
56844082	2.682159900665283
56844087	2.682159900665283
56844089	2.682159900665283
56844090	2.682159900665283
56844091	2.682159900665283
56844099	2.682159900665283
56844108	2.682159900665283
56844117	2.682159900665283
56844118	2.682159900665283
56844124	2.682159900665283
56844127	2.682159900665283
56844128	2.682159900665283
56844146	2.682159900665283
56844149	2.682159900665283
56844151	2.682159900665283
56844153	2.682159900665283
56844155	2.682159900665283
56844156	2.682159900665283
56844158	2.682159900665283
56844166	2.682159900665283
56844173	2.682159900665283
56844182	2.682159900665283
56844192	2.682159900665283
56844194	2.682159900665283
56844195	2.682159900665283
56844207	2.682159900665283
56844208	2.682159900665283
56844218	2.682159900665283
56844224	2.682159900665283
56844228	2.682159900665283
56844242	2.682159900665283
56844246	2.682159900665283
56844247	2.682159900665283
56844252	2.682159900665283
56844259	2.682159900665283
56844269	2.682159900665283
56844272	2.682159900665283
56844275	2.682159900665283
56844280	2.682159900665283
56844282	2.682159900665283
56844283	2.682159900665283
56844291	2.682159900665283
56844297	2.682159900665283
56844300	2.682159900665283
56844318	2.682159900665283
56844323	2.682159900665283
56844326	2.682159900665283
56844330	2.682159900665283
56844338	2.682159900665283
56844339	2.682159900665283
56844354	2.682159900665283
56844357	2.682159900665283
56844365	2.682159900665283
56844371	2.682159900665283
56844372	2.682159900665283
56844373	2.682159900665283
56844380	2.682159900665283
56844382	2.682159900665283
56844384	2.682159900665283
56844390	3.0915732383728027
56844392	3.0915732383728027
56844402	3.0915732383728027
56844403	2.682159900665283
56844410	2.682159900665283
56844411	2.682159900665283
56844412	2.682159900665283
56844413	2.682159900665283
56844420	2.682159900665283
56844422	2.682159900665283
56844440	2.682159900665283
56844449	2.682159900665283
56844463	2.682159900665283
56844468	2.682159900665283
56844480	2.682159900665283
56844486	2.682159900665283
56844488	2.682159900665283
56844493	2.682159900665283
56844506	2.682159900665283
56844511	2.682159900665283
56844513	2.682159900665283
56844515	2.682159900665283
56844527	2.682159900665283
56844531	2.682159900665283
56844536	2.682159900665283
56844547	2.682159900665283
56844548	3.0915732383728027
56844563	3.0915732383728027
56844565	3.0915732383728027
56844572	3.0915732383728027
56844599	2.682159900665283
56844616	2.682159900665283
56844620	2.682159900665283
56844624	2.682159900665283
56844631	2.682159900665283
56844652	2.682159900665283
56844666	2.682159900665283
56844669	2.682159900665283
56844718	2.682159900665283
56844727	2.682159900665283
56844736	2.682159900665283
56844772	2.682159900665283
56844780	2.682159900665283
56844797	2.682159900665283
56844811	2.682159900665283
56844816	2.682159900665283
56844819	2.682159900665283
56844830	2.682159900665283
56844831	2.682159900665283
56844836	2.682159900665283
56844838	2.682159900665283
56844860	2.682159900665283
56844861	2.682159900665283
56844867	2.682159900665283
56844868	2.682159900665283
56844871	2.682159900665283
56844879	3.0915732383728027
56844881	3.0915732383728027
56844884	2.682159900665283
56844905	2.682159900665283
56844907	2.682159900665283
56844914	2.682159900665283
56844926	2.682159900665283
56844931	2.682159900665283
56844934	2.682159900665283
56844945	2.682159900665283
56844954	2.682159900665283
56844955	2.682159900665283
56844964	2.682159900665283
56844969	2.682159900665283
56844972	2.682159900665283
56844997	2.682159900665283
56845028	2.682159900665283
56845030	2.682159900665283
56845031	2.682159900665283
56845033	2.682159900665283
56845035	2.682159900665283
56845036	2.682159900665283
56845057	2.682159900665283
56845067	2.682159900665283
56845074	2.682159900665283
56845075	2.682159900665283
56845078	2.682159900665283
56845082	2.682159900665283
56845089	2.682159900665283
56845102	2.682159900665283
56845110	2.682159900665283
56845117	2.682159900665283
56845122	2.682159900665283
56845131	2.682159900665283
56845141	2.682159900665283
56845150	2.682159900665283
56845176	2.682159900665283
56845194	2.682159900665283
56845196	2.682159900665283
56845208	2.682159900665283
56845230	2.682159900665283
56845240	2.682159900665283
56845245	2.682159900665283
56845252	2.682159900665283
56845258	2.682159900665283
56845269	2.682159900665283
56845272	2.682159900665283
56845274	2.682159900665283
56845277	2.682159900665283
56845291	2.682159900665283
56845294	2.682159900665283
56845314	3.0915732383728027
56845327	2.682159900665283
56845337	2.682159900665283
56845339	3.0915732383728027
56845342	3.0915732383728027
56845348	3.864466667175293
56845358	3.864466667175293
56845361	3.0915732383728027
56845362	2.682159900665283
56845363	2.682159900665283
56845372	2.682159900665283
56845375	2.682159900665283
56845378	2.682159900665283
56845386	2.682159900665283
56845403	2.682159900665283
56845405	2.682159900665283
56845408	2.682159900665283
56845413	2.682159900665283
56845414	2.682159900665283
56845420	2.682159900665283
56845421	2.682159900665283
56845426	2.682159900665283
56845427	2.682159900665283
56845428	2.682159900665283
56845430	2.682159900665283
56845442	2.682159900665283
56845456	2.682159900665283
56845466	2.682159900665283
56845482	2.682159900665283
56845486	2.682159900665283
56845489	2.682159900665283
56845491	2.682159900665283
56845497	3.0915732383728027
56845503	3.0915732383728027
56845508	3.0915732383728027
56845511	3.0915732383728027
56845514	2.682159900665283
56845545	2.682159900665283
56845559	2.682159900665283
56845563	2.682159900665283
56845567	2.682159900665283
56845570	2.682159900665283
56845575	2.682159900665283
56845587	2.682159900665283
56845607	2.682159900665283
56845610	2.682159900665283
56845617	2.682159900665283
56845633	2.682159900665283
56845640	2.682159900665283
56845643	2.682159900665283
56845653	2.682159900665283
56845655	2.682159900665283
56845666	2.682159900665283
56845670	2.682159900665283
56845698	2.682159900665283
56845700	2.682159900665283
56845703	2.682159900665283
56845713	2.682159900665283
56845719	2.682159900665283
56845723	2.682159900665283
56845730	2.682159900665283
56845740	2.682159900665283
56845742	2.682159900665283
56845746	2.682159900665283
56845750	2.682159900665283
56845755	2.682159900665283
56845758	2.682159900665283
56845760	2.682159900665283
56845766	2.682159900665283
56845772	2.682159900665283
56845777	2.682159900665283
56845780	2.682159900665283
56845783	2.682159900665283
56845785	2.682159900665283
56845787	2.682159900665283
56845793	2.682159900665283
56845794	2.682159900665283
56845798	2.682159900665283
56845804	2.682159900665283
56845812	2.682159900665283
56845813	2.682159900665283
56845814	2.682159900665283
56845816	2.682159900665283
56845819	2.682159900665283
56845820	2.682159900665283
56845821	2.682159900665283
56845825	2.682159900665283
56845826	2.682159900665283
56845830	2.682159900665283
56845831	2.682159900665283
56845836	2.682159900665283
56845840	2.682159900665283
56845841	2.682159900665283
56845844	2.682159900665283
56845845	2.682159900665283
56845851	2.682159900665283
56845869	2.682159900665283
56845871	2.682159900665283
56845872	2.682159900665283
56845875	2.682159900665283
56845877	2.682159900665283
56845884	2.682159900665283
56845886	2.682159900665283
56845893	3.0915732383728027
56845905	3.0915732383728027
56845907	2.682159900665283
56845913	2.682159900665283
56845928	2.682159900665283
56845955	2.682159900665283
56845956	2.682159900665283
56845966	2.682159900665283
56845969	2.682159900665283
56845970	2.682159900665283
56845972	2.682159900665283
56845989	2.682159900665283
56846009	2.682159900665283
56846025	2.682159900665283
56846028	2.682159900665283
56846033	2.682159900665283
56846050	2.682159900665283
56846072	2.682159900665283
56846079	2.682159900665283
56846104	2.682159900665283
56846109	2.682159900665283
56846113	2.682159900665283
56846160	2.682159900665283
56846181	2.682159900665283
56846197	2.682159900665283
56846201	2.682159900665283
56846207	2.682159900665283
56846208	2.682159900665283
56846213	2.682159900665283
56846225	2.682159900665283
56846238	2.682159900665283
56846245	2.682159900665283
56846251	2.682159900665283
56846254	3.0915732383728027
56846256	3.0915732383728027
56846257	3.864466667175293
56846265	3.864466667175293
56846270	3.0915732383728027
56846271	3.864466667175293
56846272	4.637359619140625
56846283	4.637359619140625
56846285	5.410253047943115
56846288	5.410253047943115
56846297	6.1831464767456055
56846299	5.410253047943115
56846303	6.1831464767456055
56846309	6.956039905548096
56846310	6.956039905548096
56846316	6.956039905548096
56846317	6.956039905548096
56846322	6.956039905548096
56846327	6.1831464767456055
56846329	6.1831464767456055
56846332	6.956039905548096
56846333	6.956039905548096
56846337	7.728933334350586
56846340	8.501826286315918
56846342	7.728933334350586
56846354	7.728933334350586
56846355	6.956039905548096
56846363	6.1831464767456055
56846367	6.1831464767456055
56846371	5.410253047943115
56846372	6.1831464767456055
56846376	5.410253047943115
56846383	5.410253047943115
56846386	4.637359619140625
56846387	4.637359619140625
56846405	3.864466667175293
56846408	3.864466667175293
56846409	3.864466667175293
56846413	3.864466667175293
56846414	3.0915732383728027
56846417	3.0915732383728027
56846418	2.682159900665283
56846419	2.682159900665283
56846421	2.682159900665283
56846428	2.682159900665283
56846447	2.682159900665283
56846448	2.682159900665283
56846455	2.682159900665283
56846468	2.682159900665283
56846503	2.682159900665283
56846508	2.682159900665283
56846531	2.682159900665283
56846539	2.682159900665283
56846554	2.682159900665283
56846556	2.682159900665283
56846567	2.682159900665283
56846573	2.682159900665283
56846592	2.682159900665283
56846599	2.682159900665283
56846623	2.682159900665283
56846629	2.682159900665283
56846630	2.682159900665283
56846637	2.682159900665283
56846638	2.682159900665283
56846654	2.682159900665283
56846655	2.682159900665283
56846672	2.682159900665283
56846690	2.682159900665283
56846705	2.682159900665283
56846706	2.682159900665283
56846717	2.682159900665283
56846721	2.682159900665283
56846723	2.682159900665283
56846731	2.682159900665283
56846742	2.682159900665283
56846755	2.682159900665283
56846774	2.682159900665283
56846780	2.682159900665283
56846784	2.682159900665283
56846789	2.682159900665283
56846793	2.682159900665283
56846798	2.682159900665283
56846808	2.682159900665283
56846812	2.682159900665283
56846813	2.682159900665283
56846814	2.682159900665283
56846817	2.682159900665283
56846824	2.682159900665283
56846825	2.682159900665283
56846826	2.682159900665283
56846830	2.682159900665283
56846841	2.682159900665283
56846845	2.682159900665283
56846859	2.682159900665283
56846871	2.682159900665283
56846875	2.682159900665283
56846877	2.682159900665283
56846879	2.682159900665283
56846910	2.682159900665283
56846943	2.682159900665283
56846989	2.682159900665283
56847031	2.682159900665283
56847042	2.682159900665283
56847074	2.682159900665283
56847087	2.682159900665283
56847175	2.682159900665283
56847189	2.682159900665283
56847228	2.682159900665283
56847232	2.682159900665283
56847236	2.682159900665283
56847259	2.682159900665283
56847272	2.682159900665283
56847273	2.682159900665283
56847284	2.682159900665283
56847303	2.682159900665283
56847307	2.682159900665283
56847316	2.682159900665283
56847317	2.682159900665283
56847368	2.682159900665283
56847371	2.682159900665283
56847372	2.682159900665283
56847397	2.682159900665283
56847401	2.682159900665283
56847407	2.682159900665283
56847425	2.682159900665283
56847429	2.682159900665283
56847433	2.682159900665283
56847447	2.682159900665283
56847452	2.682159900665283
56847455	2.682159900665283
56847466	2.682159900665283
56847488	2.682159900665283
56847520	2.682159900665283
56847527	2.682159900665283
56847534	2.682159900665283
56847541	2.682159900665283
56847575	2.682159900665283
56847578	2.682159900665283
56847608	2.682159900665283
56847654	2.682159900665283
56847667	2.682159900665283
56847686	2.682159900665283
56847690	2.682159900665283
56847692	2.682159900665283
56847717	2.682159900665283
56847731	2.682159900665283
56847734	2.682159900665283
56847741	2.682159900665283
56847745	2.682159900665283
56847746	2.682159900665283
56847749	2.682159900665283
56847754	2.682159900665283
56847761	2.682159900665283
56847770	2.682159900665283
56847774	2.682159900665283
56847786	2.682159900665283
56847788	2.682159900665283
56847803	2.682159900665283
56847806	2.682159900665283
56847808	2.682159900665283
56847826	2.682159900665283
56847830	2.682159900665283
56847845	2.682159900665283
56847850	2.682159900665283
56847851	2.682159900665283
56847859	2.682159900665283
56847864	2.682159900665283
56847865	2.682159900665283
56847884	2.682159900665283
56847899	2.682159900665283
56847903	2.682159900665283
56847907	2.682159900665283
56847908	2.682159900665283
56847910	2.682159900665283
56847913	2.682159900665283
56847914	2.682159900665283
56847932	2.682159900665283
56847938	2.682159900665283
56847939	2.682159900665283
56847944	2.682159900665283
56847949	2.682159900665283
56847959	2.682159900665283
56847967	2.682159900665283
56847974	2.682159900665283
56847985	2.682159900665283
56847994	2.682159900665283
56847999	2.682159900665283
56848013	2.682159900665283
56848021	2.682159900665283
56848023	2.682159900665283
56848027	2.682159900665283
56848028	2.682159900665283
56848034	2.682159900665283
56848043	2.682159900665283
56848044	2.682159900665283
56848046	2.682159900665283
56848050	2.682159900665283
56848051	2.682159900665283
56848054	2.682159900665283
56848059	2.682159900665283
56848064	2.682159900665283
56848070	2.682159900665283
56848080	2.682159900665283
56848082	2.682159900665283
56848083	2.682159900665283
56848093	2.682159900665283
56848095	2.682159900665283
56848098	2.682159900665283
56848111	2.682159900665283
56848116	2.682159900665283
56848122	2.682159900665283
56848123	2.682159900665283
56848130	2.682159900665283
56848132	2.682159900665283
56848134	2.682159900665283
56848146	2.682159900665283
56848148	2.704341173171997
56848157	2.704341173171997
56848168	2.704341173171997
56848169	2.77030086517334
56848171	2.8362603187561035
56848172	2.902219772338867
56848176	2.902219772338867
56848181	2.902219772338867
56848199	2.902219772338867
56848212	2.902219772338867
56848214	2.902219772338867
56848225	2.902219772338867
56848228	2.96817946434021
56848232	2.902219772338867
56848244	2.902219772338867
56848260	2.902219772338867
56848261	2.902219772338867
56848264	3.0915732383728027
56848271	3.864466667175293
56848277	3.864466667175293
56848283	3.864466667175293
56848296	3.0915732383728027
56848303	2.902219772338867
56848308	2.8362603187561035
56848309	2.8362603187561035
56848322	3.0915732383728027
56848325	3.864466667175293
56848327	3.864466667175293
56848328	3.864466667175293
56848345	3.0915732383728027
56848347	2.8362603187561035
56848348	2.8362603187561035
56848353	2.8362603187561035
56848355	2.902219772338867
56848357	2.902219772338867
56848361	2.902219772338867
56848364	3.0915732383728027
56848365	3.0915732383728027
56848366	3.864466667175293
56848367	4.637359619140625
56848368	4.637359619140625
56848372	4.637359619140625
56848378	4.637359619140625
56848382	4.637359619140625
56848390	4.637359619140625
56848393	4.637359619140625
56848396	3.864466667175293
56848397	4.637359619140625
56848406	5.410253047943115
56848407	4.637359619140625
56848417	4.637359619140625
56848423	4.637359619140625
56848430	4.637359619140625
56848432	4.637359619140625
56848441	5.410253047943115
56848443	4.637359619140625
56848445	5.410253047943115
56848449	4.637359619140625
56848450	3.864466667175293
56848452	3.0915732383728027
56848471	3.0915732383728027
56848479	3.864466667175293
56848480	4.637359619140625
56848482	3.864466667175293
56848485	3.864466667175293
56848486	4.637359619140625
56848487	4.637359619140625
56848492	4.637359619140625
56848501	5.410253047943115
56848504	6.1831464767456055
56848508	6.956039905548096
56848514	7.728933334350586
56848516	7.728933334350586
56848522	6.956039905548096
56848525	7.728933334350586
56848527	7.728933334350586
56848528	6.956039905548096
56848533	7.728933334350586
56848538	7.728933334350586
56848540	8.501826286315918
56848541	9.27471923828125
56848551	9.27471923828125
56848555	10.047613143920898
56848556	9.27471923828125
56848563	10.047613143920898
56848565	9.27471923828125
56848569	8.501826286315918
56848574	7.728933334350586
56848576	8.501826286315918
56848580	7.728933334350586
56848585	8.501826286315918
56848599	7.728933334350586
56848604	7.728933334350586
56848606	8.501826286315918
56848612	7.728933334350586
56848617	6.956039905548096
56848622	6.956039905548096
56848624	6.1831464767456055
56848626	5.410253047943115
56848627	6.1831464767456055
56848629	6.956039905548096
56848635	7.728933334350586
56848640	6.956039905548096
56848649	6.1831464767456055
56848651	6.1831464767456055
56848655	6.1831464767456055
56848658	6.1831464767456055
56848664	5.410253047943115
56848672	4.637359619140625
56848673	3.864466667175293
56848676	3.864466667175293
56848683	3.0915732383728027
56848688	3.864466667175293
56848690	3.0915732383728027
56848710	3.0915732383728027
56848711	2.704341173171997
56848713	2.704341173171997
56848718	2.704341173171997
56848724	2.77030086517334
56848741	2.77030086517334
56848746	2.704341173171997
56848747	2.704341173171997
56848754	2.77030086517334
56848767	2.704341173171997
56848772	2.704341173171997
56848782	2.704341173171997
56848783	2.704341173171997
56848786	2.77030086517334
56848800	2.704341173171997
56848803	2.704341173171997
56848806	2.682159900665283
56848811	2.682159900665283
56848847	2.682159900665283
56848851	2.682159900665283
56848858	2.682159900665283
56848864	2.682159900665283
56848882	2.682159900665283
56848895	2.682159900665283
56848899	2.682159900665283
56848903	2.682159900665283
56848907	2.682159900665283
56848908	2.682159900665283
56848912	2.682159900665283
56848927	2.682159900665283
56848938	2.682159900665283
56848939	2.682159900665283
56848948	2.682159900665283
56848974	2.682159900665283
56848980	2.682159900665283
56848985	2.682159900665283
56848986	2.682159900665283
56848993	2.682159900665283
56849011	2.682159900665283
56849013	2.682159900665283
56849021	2.682159900665283
56849023	2.682159900665283
56849034	2.682159900665283
56849043	2.682159900665283
56849046	2.682159900665283
56849048	2.682159900665283
56849050	2.682159900665283
56849063	2.682159900665283
56849064	2.682159900665283
56849070	2.682159900665283
56849075	2.682159900665283
56849080	2.682159900665283
56849082	2.682159900665283
56849093	2.682159900665283
56849098	2.682159900665283
56849109	2.682159900665283
56849116	2.682159900665283
56849122	2.682159900665283
56849124	2.682159900665283
56849130	2.682159900665283
56849134	2.682159900665283
56849146	2.682159900665283
56849159	2.682159900665283
56849166	2.682159900665283
56849168	2.682159900665283
56849169	2.682159900665283
56849171	2.682159900665283
56849176	2.682159900665283
56849193	2.682159900665283
56849205	2.682159900665283
56849225	2.682159900665283
56849234	2.682159900665283
56849241	2.682159900665283
56849260	2.682159900665283
56849289	2.682159900665283
56849324	2.682159900665283
56849325	2.682159900665283
56849340	2.682159900665283
56849353	2.682159900665283
56849360	2.682159900665283
56849362	2.682159900665283
56849367	2.682159900665283
56849368	2.682159900665283
56849407	2.682159900665283
56849411	2.682159900665283
56849424	2.682159900665283
56849426	2.682159900665283
56849428	2.682159900665283
56849485	2.682159900665283
56849521	2.682159900665283
56849530	2.682159900665283
56849531	2.682159900665283
56849557	2.682159900665283
56849569	2.682159900665283
56849574	2.682159900665283
56849578	2.682159900665283
56849589	2.682159900665283
56849605	2.682159900665283
56849617	2.682159900665283
56849631	2.682159900665283
56849651	2.682159900665283
56849694	2.682159900665283
56849696	2.682159900665283
56849718	2.682159900665283
56849747	2.682159900665283
56849769	2.682159900665283
56849783	2.682159900665283
56849825	2.682159900665283
56849839	2.682159900665283
56849862	2.682159900665283
56849865	2.682159900665283
56849872	2.682159900665283
56849882	2.682159900665283
56849886	2.682159900665283
56849905	2.682159900665283
56849909	2.682159900665283
56849913	2.682159900665283
56849970	2.682159900665283
56849989	2.682159900665283
56850027	2.682159900665283
56850032	2.682159900665283
56850063	2.682159900665283
56850073	2.682159900665283
56850087	2.682159900665283
56850089	2.682159900665283
56850110	2.682159900665283
56850116	2.682159900665283
56850153	2.682159900665283
56850154	2.682159900665283
56850171	2.682159900665283
56850173	2.682159900665283
56850238	2.682159900665283
56850246	2.682159900665283
56850260	2.682159900665283
56850266	2.682159900665283
56850272	2.682159900665283
56850276	2.682159900665283
56850283	2.682159900665283
56850301	2.682159900665283
56850303	2.682159900665283
56850304	2.682159900665283
56850307	2.682159900665283
56850316	2.682159900665283
56850319	2.682159900665283
56850320	2.682159900665283
56850326	2.682159900665283
56850334	2.682159900665283
56850336	2.682159900665283
56850340	2.682159900665283
56850344	2.682159900665283
56850349	2.682159900665283
56850363	2.682159900665283
56850367	2.682159900665283
56850379	2.682159900665283
56850384	2.682159900665283
56850390	2.682159900665283
56850404	2.682159900665283
56850407	2.682159900665283
56850428	2.682159900665283
56850447	2.682159900665283
56850455	2.682159900665283
56850456	2.682159900665283
56850469	2.682159900665283
56850472	2.682159900665283
56850476	2.682159900665283
56850528	2.682159900665283
56850531	2.682159900665283
56850533	2.682159900665283
56850539	2.682159900665283
56850545	2.682159900665283
56850568	2.682159900665283
56850574	2.682159900665283
56850584	2.682159900665283
56850611	2.682159900665283
56850631	2.682159900665283
56850652	2.682159900665283
56850657	2.682159900665283
56850695	2.682159900665283
56850696	2.682159900665283
56850704	2.682159900665283
56850708	2.682159900665283
56850713	2.682159900665283
56850718	2.682159900665283
56850720	2.682159900665283
56850724	2.682159900665283
56850741	2.682159900665283
56850745	3.0915732383728027
56850752	3.0915732383728027
56850762	3.0915732383728027
56850772	3.864466667175293
56850777	3.864466667175293
56850784	4.637359619140625
56850788	5.410253047943115
56850801	4.637359619140625
56850802	4.637359619140625
56850808	3.864466667175293
56850809	3.0915732383728027
56850810	3.0915732383728027
56850824	3.0915732383728027
56850825	3.0915732383728027
56850827	2.682159900665283
56850832	2.682159900665283
56850842	2.682159900665283
56850845	2.682159900665283
56850846	2.682159900665283
56850861	2.682159900665283
56850862	2.682159900665283
56850863	2.682159900665283
56850864	2.682159900665283
56850865	2.682159900665283
56850868	2.682159900665283
56850878	2.682159900665283
56850879	2.682159900665283
56850886	2.682159900665283
56850898	2.682159900665283
56850905	2.682159900665283
56850908	2.682159900665283
56850909	2.682159900665283
56850913	2.682159900665283
56850914	2.682159900665283
56850928	2.682159900665283
56850941	2.682159900665283
56850947	2.682159900665283
56850948	2.682159900665283
56850949	2.682159900665283
56850960	2.682159900665283
56850997	2.682159900665283
56850998	2.682159900665283
56851003	2.682159900665283
56851008	2.682159900665283
56851020	2.682159900665283
56851039	2.682159900665283
56851054	2.682159900665283
56851067	2.682159900665283
56851087	2.682159900665283
56851095	2.682159900665283
56851110	2.682159900665283
56851123	2.682159900665283
56851129	2.682159900665283
56851153	2.682159900665283
56851154	2.682159900665283
56851155	2.682159900665283
56851171	2.682159900665283
56851172	2.682159900665283
56851190	2.682159900665283
56851205	2.682159900665283
56851206	2.682159900665283
56851221	2.682159900665283
56851223	2.682159900665283
56851242	2.682159900665283
56851246	2.682159900665283
56851255	2.682159900665283
56851260	2.682159900665283
56851266	2.682159900665283
56851267	2.682159900665283
56851268	2.682159900665283
56851280	2.682159900665283
56851283	2.682159900665283
56851289	2.682159900665283
56851290	2.682159900665283
56851293	2.682159900665283
56851298	2.682159900665283
56851300	2.682159900665283
56851304	3.0915732383728027
56851308	3.0915732383728027
56851311	3.0915732383728027
56851312	3.0915732383728027
56851313	3.0915732383728027
56851319	3.0915732383728027
56851324	3.0915732383728027
56851325	3.0915732383728027
56851326	3.0915732383728027
56851330	3.0915732383728027
56851341	3.0915732383728027
56851345	3.0915732383728027
56851351	3.0915732383728027
56851352	2.682159900665283
56851366	2.682159900665283
56851367	2.682159900665283
56851371	3.0915732383728027
56851374	3.0915732383728027
56851375	2.682159900665283
56851377	2.682159900665283
56851379	2.682159900665283
56851384	2.682159900665283
56851386	2.682159900665283
56851390	2.682159900665283
56851406	2.682159900665283
56851407	3.0915732383728027
56851410	3.0915732383728027
56851413	3.0915732383728027
56851443	3.0915732383728027
56851450	3.0915732383728027
56851451	2.682159900665283
56851455	2.682159900665283
56851456	2.682159900665283
56851461	2.682159900665283
56851470	2.682159900665283
56851489	2.682159900665283
56851490	2.682159900665283
56851497	2.682159900665283
56851512	2.682159900665283
56851545	2.682159900665283
56851587	2.682159900665283
56851596	2.682159900665283
56851612	2.682159900665283
56851630	2.682159900665283
56851648	3.0915732383728027
56851663	3.864466667175293
56851664	5.410253047943115
56851665	6.1831464767456055
56851671	5.410253047943115
56851679	4.637359619140625
56851696	5.410253047943115
56851700	4.637359619140625
56851714	5.410253047943115
56851732	4.637359619140625
56851747	3.864466667175293
56851748	3.0915732383728027
56851763	2.682159900665283
56851766	2.682159900665283
56851782	2.682159900665283
56851784	3.0915732383728027
56851809	2.682159900665283
56851810	2.682159900665283
56851831	2.682159900665283
56851832	2.682159900665283
56851842	2.682159900665283
56851850	2.682159900665283
56851866	2.682159900665283
56851868	2.682159900665283
56851901	2.682159900665283
56851908	2.682159900665283
56851909	2.682159900665283
56851928	2.682159900665283
56851948	2.682159900665283
56851952	2.682159900665283
56851985	2.682159900665283
56852003	2.682159900665283
56852039	2.682159900665283
56852054	2.682159900665283
56852108	2.682159900665283
56852123	2.682159900665283
56852129	2.682159900665283
56852172	2.682159900665283
56852190	2.682159900665283
56852205	2.682159900665283
56852206	2.682159900665283
56852217	2.682159900665283
56852221	2.682159900665283
56852231	2.682159900665283
56852242	2.682159900665283
56852274	2.682159900665283
56852289	2.682159900665283
56852308	2.682159900665283
56852324	2.682159900665283
56852326	2.682159900665283
56852332	2.682159900665283
56852359	2.682159900665283
56852366	2.682159900665283
56852410	2.682159900665283
56852413	2.682159900665283
56852443	2.682159900665283
56852492	2.682159900665283
56852503	2.682159900665283
56852513	2.682159900665283
56852544	2.682159900665283
56852553	2.682159900665283
56852559	2.682159900665283
56852566	2.682159900665283
56852612	2.682159900665283
56852613	2.682159900665283
56852632	2.682159900665283
56852650	2.682159900665283
56852652	2.682159900665283
56852677	2.682159900665283
56852696	2.682159900665283
56852697	2.682159900665283
56852728	2.682159900665283
56852765	2.682159900665283
56852773	2.682159900665283
56852782	2.682159900665283
56852803	2.682159900665283
56852808	2.682159900665283
56852809	2.682159900665283
56852825	2.682159900665283
56852839	2.682159900665283
56852847	2.682159900665283
56852857	2.682159900665283
56852863	2.682159900665283
56852868	2.682159900665283
56852872	2.682159900665283
56852878	2.682159900665283
56852890	2.682159900665283
56852907	2.682159900665283
56852923	2.682159900665283
56852930	2.682159900665283
56852952	2.682159900665283
56852982	2.682159900665283
56852984	2.682159900665283
56852994	2.682159900665283
56853014	2.682159900665283
56853017	2.682159900665283
56853020	2.682159900665283
56853025	2.682159900665283
56853030	2.682159900665283
56853041	2.682159900665283
56853072	2.682159900665283
56853076	2.682159900665283
56853079	2.682159900665283
56853090	2.682159900665283
56853096	2.682159900665283
56853099	2.682159900665283
56853104	2.682159900665283
56853107	2.682159900665283
56853108	2.682159900665283
56853146	2.682159900665283
56853149	2.682159900665283
56853150	2.682159900665283
56853154	2.682159900665283
56853155	2.682159900665283
56853165	2.682159900665283
56853174	2.682159900665283
56853185	2.682159900665283
56853190	2.682159900665283
56853239	2.682159900665283
56853241	2.682159900665283
56853254	2.682159900665283
56853261	2.682159900665283
56853266	2.682159900665283
56853267	2.682159900665283
56853283	2.682159900665283
56853286	3.0915732383728027
56853292	3.0915732383728027
56853297	3.0915732383728027
56853298	3.0915732383728027
56853303	3.0915732383728027
56853305	3.0915732383728027
56853306	3.864466667175293
56853326	3.864466667175293
56853336	4.637359619140625
56853347	5.410253047943115
56853348	5.410253047943115
56853350	6.1831464767456055
56853351	5.410253047943115
56853358	3.864466667175293
56853364	3.864466667175293
56853367	3.864466667175293
56853381	3.0915732383728027
56853388	3.864466667175293
56853389	4.637359619140625
56853399	3.864466667175293
56853403	3.864466667175293
56853407	3.864466667175293
56853408	3.864466667175293
56853410	3.864466667175293
56853420	3.0915732383728027
56853427	2.682159900665283
56853432	2.682159900665283
56853438	2.682159900665283
56853439	2.682159900665283
56853440	2.682159900665283
56853448	2.682159900665283
56853465	2.682159900665283
56853474	2.682159900665283
56853483	2.682159900665283
56853485	2.682159900665283
56853513	2.682159900665283
56853521	2.682159900665283
56853523	2.682159900665283
56853524	2.682159900665283
56853527	2.682159900665283
56853534	2.682159900665283
56853543	2.682159900665283
56853546	2.682159900665283
56853550	2.682159900665283
56853556	2.682159900665283
56853557	2.682159900665283
56853560	2.682159900665283
56853562	2.682159900665283
56853567	2.682159900665283
56853570	2.682159900665283
56853580	2.682159900665283
56853582	2.682159900665283
56853583	2.682159900665283
56853590	2.682159900665283
56853593	2.682159900665283
56853598	2.682159900665283
56853608	2.682159900665283
56853616	2.682159900665283
56853620	2.682159900665283
56853622	2.682159900665283
56853626	2.682159900665283
56853630	2.682159900665283
56853632	2.682159900665283
56853634	2.682159900665283
56853637	2.682159900665283
56853641	2.682159900665283
56853646	2.682159900665283
56853669	2.682159900665283
56853671	2.682159900665283
56853678	2.682159900665283
56853697	2.682159900665283
56853699	2.682159900665283
56853705	2.682159900665283
56853725	2.682159900665283
56853734	2.682159900665283
56853752	2.682159900665283
56853755	2.682159900665283
56853771	2.682159900665283
56853772	2.682159900665283
56853796	2.682159900665283
56853801	2.682159900665283
56853805	2.682159900665283
56853807	2.682159900665283
56853808	2.682159900665283
56853809	2.682159900665283
56853815	2.682159900665283
56853816	2.682159900665283
56853824	2.682159900665283
56853825	2.682159900665283
56853839	2.682159900665283
56853841	2.682159900665283
56853847	2.682159900665283
56853852	2.682159900665283
56853853	2.682159900665283
56853862	2.682159900665283
56853868	2.682159900665283
56853878	2.682159900665283
56853885	2.682159900665283
56853889	2.682159900665283
56853890	2.682159900665283
56853897	2.682159900665283
56853899	2.682159900665283
56853900	2.682159900665283
56853906	2.682159900665283
56853910	2.682159900665283
56853911	2.682159900665283
56853923	2.682159900665283
56853930	2.682159900665283
56853969	2.682159900665283
56853981	2.682159900665283
56853982	2.682159900665283
56853990	2.682159900665283
56854014	2.682159900665283
56854017	2.682159900665283
56854025	2.682159900665283
56854029	2.682159900665283
56854052	2.682159900665283
56854068	2.682159900665283
56854074	2.682159900665283
56854090	2.682159900665283
56854099	2.682159900665283
56854103	2.682159900665283
56854117	2.682159900665283
56854119	2.682159900665283
56854139	2.682159900665283
56854140	2.682159900665283
56854151	2.682159900665283
56854162	2.682159900665283
56854190	2.682159900665283
56854192	2.682159900665283
56854218	2.682159900665283
56854247	2.682159900665283
56854276	2.682159900665283
56854282	2.682159900665283
56854283	2.682159900665283
56854297	2.682159900665283
56854320	2.682159900665283
56854347	2.682159900665283
56854358	2.682159900665283
56854365	2.682159900665283
56854366	2.682159900665283
56854369	2.682159900665283
56854382	2.682159900665283
56854403	2.682159900665283
56854404	2.682159900665283
56854427	2.682159900665283
56854439	2.682159900665283
56854448	2.682159900665283
56854453	2.682159900665283
56854468	2.682159900665283
56854515	2.682159900665283
56854527	2.682159900665283
56854563	2.682159900665283
56854596	2.682159900665283
56854617	2.682159900665283
56854618	2.682159900665283
56854649	2.682159900665283
56854671	2.682159900665283
56854682	2.682159900665283
56854734	2.682159900665283
56854776	2.682159900665283
56854790	2.682159900665283
56854792	2.682159900665283
56854795	2.682159900665283
56854801	2.682159900665283
56854803	2.682159900665283
56854807	2.682159900665283
56854823	2.682159900665283
56854824	2.682159900665283
56854828	2.682159900665283
56854834	2.682159900665283
56854840	2.682159900665283
56854844	2.682159900665283
56854847	2.682159900665283
56854849	2.682159900665283
56854861	2.682159900665283
56854862	2.682159900665283
56854867	2.682159900665283
56854875	2.682159900665283
56854890	2.682159900665283
56854907	2.682159900665283
56854911	2.682159900665283
56854913	2.682159900665283
56854928	2.682159900665283
56854945	2.682159900665283
56854947	2.682159900665283
56854965	2.682159900665283
56854976	2.682159900665283
56854996	2.682159900665283
56855013	2.682159900665283
56855031	2.682159900665283
56855039	2.682159900665283
56855040	2.682159900665283
56855074	2.682159900665283
56855084	2.682159900665283
56855123	2.682159900665283
56855131	2.682159900665283
56855141	2.682159900665283
56855147	2.682159900665283
56855157	2.682159900665283
56855163	2.682159900665283
56855169	2.682159900665283
56855180	2.682159900665283
56855196	2.682159900665283
56855198	2.682159900665283
56855206	2.682159900665283
56855220	2.682159900665283
56855221	2.682159900665283
56855230	2.682159900665283
56855234	2.682159900665283
56855252	2.682159900665283
56855259	2.682159900665283
56855261	2.682159900665283
56855265	2.682159900665283
56855292	3.0915732383728027
56855298	4.637359619140625
56855301	5.410253047943115
56855302	5.410253047943115
56855307	6.1831464767456055
56855318	6.956039905548096
56855324	6.1831464767456055
56855343	6.1831464767456055
56855345	5.410253047943115
56855348	4.637359619140625
56855349	5.410253047943115
56855362	4.637359619140625
56855364	4.637359619140625
56855365	4.637359619140625
56855376	4.637359619140625
56855378	3.0915732383728027
56855379	3.0915732383728027
56855382	3.0915732383728027
56855386	2.682159900665283
56855391	2.682159900665283
56855398	2.682159900665283
56855403	2.682159900665283
56855405	2.682159900665283
56855432	2.682159900665283
56855434	2.682159900665283
56855441	2.682159900665283
56855447	2.682159900665283
56855452	2.682159900665283
56855460	2.682159900665283
56855485	2.682159900665283
56855489	2.682159900665283
56855490	2.682159900665283
56855497	2.682159900665283
56855514	2.682159900665283
56855518	2.682159900665283
56855520	2.682159900665283
56855542	2.682159900665283
56855551	2.682159900665283
56855573	2.682159900665283
56855581	2.682159900665283
56855587	2.682159900665283
56855595	2.682159900665283
56855610	2.682159900665283
56855615	2.682159900665283
56855626	2.682159900665283
56855653	2.682159900665283
56855671	2.682159900665283
56855678	2.682159900665283
56855699	2.682159900665283
56855710	2.682159900665283
56855746	2.682159900665283
56855759	2.682159900665283
56855760	3.0915732383728027
56855762	3.0915732383728027
56855766	2.682159900665283
56855776	2.682159900665283
56855782	2.682159900665283
56855783	3.0915732383728027
56855794	3.0915732383728027
56855801	2.682159900665283
56855803	2.682159900665283
56855804	3.0915732383728027
56855807	3.0915732383728027
56855810	3.0915732383728027
56855811	3.0915732383728027
56855819	3.0915732383728027
56855822	3.0915732383728027
56855826	3.864466667175293
56855834	3.864466667175293
56855836	3.864466667175293
56855837	4.637359619140625
56855840	5.410253047943115
56855843	5.410253047943115
56855844	3.864466667175293
56855849	3.864466667175293
56855856	3.864466667175293
56855866	4.637359619140625
56855887	3.864466667175293
56855899	3.0915732383728027
56855905	3.864466667175293
56855906	4.637359619140625
56855907	3.864466667175293
56855918	3.864466667175293
56855920	4.637359619140625
56855921	3.864466667175293
56855940	3.0915732383728027
56855955	2.682159900665283
56855956	2.682159900665283
56855976	2.682159900665283
56855978	2.682159900665283
56855983	3.0915732383728027
56855989	2.682159900665283
56856002	2.682159900665283
56856017	2.682159900665283
56856031	2.682159900665283
56856039	2.682159900665283
56856053	2.682159900665283
56856056	2.682159900665283
56856062	2.682159900665283
56856084	2.682159900665283
56856099	2.682159900665283
56856105	2.682159900665283
56856137	2.682159900665283
56856144	2.682159900665283
56856157	2.682159900665283
56856220	2.682159900665283
56856231	2.682159900665283
56856252	2.682159900665283
56856269	2.682159900665283
56856301	2.682159900665283
56856309	2.682159900665283
56856310	2.682159900665283
56856324	2.682159900665283
56856332	2.682159900665283
56856342	2.682159900665283
56856345	2.682159900665283
56856348	2.682159900665283
56856353	2.682159900665283
56856364	2.682159900665283
56856378	2.682159900665283
56856379	2.682159900665283
56856398	2.682159900665283
56856408	2.682159900665283
56856409	2.682159900665283
56856428	2.682159900665283
56856432	2.682159900665283
56856441	2.682159900665283
56856447	2.682159900665283
56856448	2.682159900665283
56856460	2.682159900665283
56856503	2.682159900665283
56856520	2.682159900665283
56856539	2.682159900665283
56856554	2.682159900665283
56856595	2.682159900665283
56856623	2.682159900665283
56856624	2.682159900665283
56856629	2.682159900665283
56856654	2.682159900665283
56856672	2.682159900665283
56856690	2.682159900665283
56856705	2.682159900665283
56856706	2.682159900665283
56856721	2.682159900665283
56856737	2.682159900665283
56856742	2.682159900665283
56856775	2.682159900665283
56856785	2.682159900665283
56856789	2.682159900665283
56856808	2.682159900665283
56856811	2.682159900665283
56856824	2.682159900665283
56856832	2.682159900665283
56856866	2.682159900665283
56856890	2.682159900665283
56856894	2.682159900665283
56856910	2.682159900665283
56856935	2.682159900665283
56856942	2.682159900665283
56856943	2.682159900665283
56856992	2.682159900665283
56857000	2.682159900665283
56857003	2.682159900665283
56857005	2.682159900665283
56857013	2.682159900665283
56857041	2.682159900665283
56857044	2.682159900665283
56857053	2.682159900665283
56857058	2.682159900665283
56857059	2.682159900665283
56857062	2.682159900665283
56857069	2.682159900665283
56857072	2.682159900665283
56857095	2.682159900665283
56857113	2.682159900665283
56857130	2.682159900665283
56857143	2.682159900665283
56857152	2.682159900665283
56857177	2.682159900665283
56857265	2.682159900665283
56857269	2.682159900665283
56857273	2.682159900665283
56857282	2.682159900665283
56857290	2.682159900665283
56857297	2.682159900665283
56857324	2.682159900665283
56857339	2.682159900665283
56857348	2.682159900665283
56857357	2.682159900665283
56857362	2.682159900665283
56857363	2.682159900665283
56857367	2.682159900665283
56857374	2.682159900665283
56857394	2.682159900665283
56857408	2.682159900665283
56857450	2.682159900665283
56857461	2.682159900665283
56857471	2.682159900665283
56857484	2.682159900665283
56857494	2.682159900665283
56857502	2.682159900665283
56857511	3.0915732383728027
56857514	3.864466667175293
56857517	3.864466667175293
56857520	4.637359619140625
56857530	4.637359619140625
56857534	4.637359619140625
56857545	3.864466667175293
56857555	3.0915732383728027
56857565	2.682159900665283
56857571	2.682159900665283
56857572	3.0915732383728027
56857576	3.0915732383728027
56857579	3.0915732383728027
56857586	3.0915732383728027
56857595	2.682159900665283
56857596	2.682159900665283
56857601	2.682159900665283
56857604	2.682159900665283
56857607	2.682159900665283
56857608	2.682159900665283
56857609	2.682159900665283
56857610	2.682159900665283
56857611	2.682159900665283
56857633	2.682159900665283
56857635	2.682159900665283
56857646	2.682159900665283
56857649	2.682159900665283
56857650	2.682159900665283
56857654	2.682159900665283
56857655	2.682159900665283
56857665	2.682159900665283
56857670	2.682159900665283
56857685	2.682159900665283
56857694	2.682159900665283
56857697	2.682159900665283
56857702	2.682159900665283
56857719	2.682159900665283
56857723	2.682159900665283
56857731	2.682159900665283
56857740	2.682159900665283
56857748	3.0915732383728027
56857761	3.0915732383728027
56857792	3.0915732383728027
56857797	3.0915732383728027
56857798	3.864466667175293
56857807	3.864466667175293
56857815	3.0915732383728027
56857821	2.682159900665283
56857824	3.0915732383728027
56857832	2.682159900665283
56857866	2.682159900665283
56857881	2.682159900665283
56857899	2.682159900665283
56857905	2.682159900665283
56857942	2.682159900665283
56857952	2.682159900665283
56857975	2.682159900665283
56857978	2.682159900665283
56857988	3.0915732383728027
56857992	3.864466667175293
56858003	3.864466667175293
56858012	3.864466667175293
56858013	3.864466667175293
56858026	3.864466667175293
56858030	3.0915732383728027
56858034	3.864466667175293
56858036	4.637359619140625
56858037	3.864466667175293
56858044	4.637359619140625
56858053	4.637359619140625
56858054	4.637359619140625
56858059	5.410253047943115
56858060	4.637359619140625
56858062	4.637359619140625
56858064	4.637359619140625
56858065	4.637359619140625
56858066	5.410253047943115
56858072	6.1831464767456055
56858080	5.410253047943115
56858083	5.410253047943115
56858090	5.410253047943115
56858098	5.410253047943115
56858104	5.410253047943115
56858107	6.1831464767456055
56858108	6.956039905548096
56858113	7.728933334350586
56858114	7.728933334350586
56858118	6.956039905548096
56858120	6.1831464767456055
56858121	6.1831464767456055
56858123	5.410253047943115
56858126	6.1831464767456055
56858132	6.1831464767456055
56858137	6.1831464767456055
56858138	6.1831464767456055
56858143	5.410253047943115
56858146	6.1831464767456055
56858148	5.410253047943115
56858149	5.410253047943115
56858150	4.637359619140625
56858152	3.864466667175293
56858168	3.864466667175293
56858177	3.864466667175293
56858178	3.864466667175293
56858188	3.864466667175293
56858191	3.0915732383728027
56858192	2.682159900665283
56858197	2.682159900665283
56858199	2.682159900665283
56858205	2.682159900665283
56858207	2.682159900665283
56858219	2.682159900665283
56858227	2.682159900665283
56858250	2.682159900665283
56858252	2.682159900665283
56858256	2.704341173171997
56858265	2.704341173171997
56858271	2.682159900665283
56858272	2.704341173171997
56858273	2.77030086517334
56858280	2.682159900665283
56858282	2.682159900665283
56858295	2.682159900665283
56858296	2.682159900665283
56858301	2.682159900665283
56858303	2.704341173171997
56858307	2.704341173171997
56858308	2.77030086517334
56858309	2.77030086517334
56858315	2.77030086517334
56858325	2.8362603187561035
56858327	2.8362603187561035
56858334	2.8362603187561035
56858339	2.8362603187561035
56858340	2.77030086517334
56858341	2.77030086517334
56858347	2.8362603187561035
56858352	2.8362603187561035
56858357	2.902219772338867
56858363	2.8362603187561035
56858364	2.77030086517334
56858365	2.77030086517334
56858368	2.77030086517334
56858378	2.77030086517334
56858390	2.77030086517334
56858399	2.77030086517334
56858410	2.8362603187561035
56858423	2.902219772338867
56858430	2.902219772338867
56858471	2.902219772338867
56858482	2.902219772338867
56858484	2.902219772338867
56858494	2.8362603187561035
56858514	2.77030086517334
56858518	2.77030086517334
56858520	2.77030086517334
56858522	2.704341173171997
56858525	2.704341173171997
56858529	2.704341173171997
56858530	2.77030086517334
56858541	2.704341173171997
56858547	3.0915732383728027
56858548	3.0915732383728027
56858552	3.864466667175293
56858566	3.864466667175293
56858568	4.637359619140625
56858572	4.637359619140625
56858574	4.637359619140625
56858576	4.637359619140625
56858578	4.637359619140625
56858579	5.410253047943115
56858584	5.410253047943115
56858590	6.1831464767456055
56858595	6.1831464767456055
56858596	6.956039905548096
56858599	6.956039905548096
56858602	6.956039905548096
56858603	6.1831464767456055
56858604	6.1831464767456055
56858606	5.410253047943115
56858607	4.637359619140625
56858608	4.637359619140625
56858610	4.637359619140625
56858615	4.637359619140625
56858619	4.637359619140625
56858622	4.637359619140625
56858625	4.637359619140625
56858626	3.864466667175293
56858632	4.637359619140625
56858636	3.864466667175293
56858639	4.637359619140625
56858640	4.637359619140625
56858646	4.637359619140625
56858649	4.637359619140625
56858650	4.637359619140625
56858656	3.864466667175293
56858657	3.864466667175293
56858662	4.637359619140625
56858663	3.864466667175293
56858665	4.637359619140625
56858668	4.637359619140625
56858679	3.864466667175293
56858685	3.0915732383728027
56858690	3.0915732383728027
56858697	3.0915732383728027
56858713	3.0915732383728027
56858720	3.0915732383728027
56858729	2.682159900665283
56858730	3.0915732383728027
56858741	3.864466667175293
56858747	3.0915732383728027
56858754	2.682159900665283
56858759	3.0915732383728027
56858761	3.864466667175293
56858765	3.864466667175293
56858772	4.637359619140625
56858773	4.637359619140625
56858781	5.410253047943115
56858783	5.410253047943115
56858792	5.410253047943115
56858794	5.410253047943115
56858797	4.637359619140625
56858798	4.637359619140625
56858799	4.637359619140625
56858810	5.410253047943115
56858813	6.1831464767456055
56858814	5.410253047943115
56858838	4.637359619140625
56858843	3.864466667175293
56858847	3.0915732383728027
56858849	3.0915732383728027
56858858	2.682159900665283
56858868	2.682159900665283
56858883	3.0915732383728027
56858894	2.682159900665283
56858927	2.682159900665283
56858939	2.682159900665283
56858941	2.682159900665283
56858948	2.682159900665283
56858952	2.682159900665283
56858968	2.682159900665283
56858975	2.682159900665283
56858987	2.682159900665283
56859010	2.682159900665283
56859015	2.682159900665283
56859026	2.682159900665283
56859032	3.0915732383728027
56859048	3.864466667175293
56859059	4.637359619140625
56859060	3.864466667175293
56859061	3.864466667175293
56859062	4.637359619140625
56859064	4.637359619140625
56859071	4.637359619140625
56859077	3.864466667175293
56859083	4.637359619140625
56859090	4.637359619140625
56859094	4.637359619140625
56859096	3.864466667175293
56859097	3.864466667175293
56859098	4.637359619140625
56859108	5.410253047943115
56859110	5.410253047943115
56859116	4.637359619140625
56859117	3.864466667175293
56859118	3.864466667175293
56859120	3.864466667175293
56859126	4.637359619140625
56859132	4.637359619140625
56859137	3.864466667175293
56859145	3.864466667175293
56859148	3.0915732383728027
56859149	3.864466667175293
56859161	3.864466667175293
56859168	3.0915732383728027
56859171	3.0915732383728027
56859178	3.0915732383728027
56859181	3.0915732383728027
56859182	2.682159900665283
56859199	2.682159900665283
56859204	2.682159900665283
56859205	2.682159900665283
56859232	2.682159900665283
56859234	2.682159900665283
56859252	2.682159900665283
56859271	2.682159900665283
56859272	2.682159900665283
56859290	2.682159900665283
56859292	2.682159900665283
56859295	2.682159900665283
56859296	2.682159900665283
56859301	2.682159900665283
56859307	2.682159900665283
56859315	2.682159900665283
56859324	2.682159900665283
56859328	2.682159900665283
56859334	2.682159900665283
56859341	2.682159900665283
56859347	2.682159900665283
56859349	2.682159900665283
56859352	2.682159900665283
56859362	2.682159900665283
56859375	2.682159900665283
56859399	2.682159900665283
56859410	2.682159900665283
56859411	2.682159900665283
56859413	2.682159900665283
56859426	2.682159900665283
56859447	2.682159900665283
56859465	2.682159900665283
56859473	2.682159900665283
56859484	2.682159900665283
56859491	2.682159900665283
56859496	2.682159900665283
56859507	2.682159900665283
56859510	2.682159900665283
56859513	2.682159900665283
56859517	2.682159900665283
56859529	2.682159900665283
56859540	2.682159900665283
56859548	2.682159900665283
56859552	2.682159900665283
56859554	2.682159900665283
56859555	2.682159900665283
56859557	2.682159900665283
56859568	2.682159900665283
56859574	2.682159900665283
56859575	2.682159900665283
56859576	2.682159900665283
56859587	2.682159900665283
56859590	2.682159900665283
56859603	2.682159900665283
56859607	2.682159900665283
56859619	3.0915732383728027
56859623	3.0915732383728027
56859629	3.0915732383728027
56859630	3.864466667175293
56859634	3.864466667175293
56859638	3.864466667175293
56859639	3.0915732383728027
56859640	3.0915732383728027
56859641	3.864466667175293
56859644	3.864466667175293
56859647	3.864466667175293
56859659	3.864466667175293
56859660	3.0915732383728027
56859662	2.682159900665283
56859663	2.682159900665283
56859669	2.682159900665283
56859673	2.682159900665283
56859680	2.682159900665283
56859690	2.682159900665283
56859691	2.682159900665283
56859698	2.682159900665283
56859706	2.682159900665283
56859713	2.682159900665283
56859721	2.682159900665283
56859724	2.682159900665283
56859730	2.682159900665283
56859748	2.682159900665283
56859750	2.682159900665283
56859753	2.682159900665283
56859775	2.682159900665283
56859781	2.682159900665283
56859786	2.682159900665283
56859792	3.0915732383728027
56859805	3.864466667175293
56859807	4.637359619140625
56859832	5.410253047943115
56859833	4.637359619140625
56859834	5.410253047943115
56859837	4.637359619140625
56859855	3.864466667175293
56859865	3.864466667175293
56859870	3.864466667175293
56859871	3.0915732383728027
56859876	3.864466667175293
56859889	3.0915732383728027
56859891	2.682159900665283
56859903	2.682159900665283
56859905	2.682159900665283
56859917	2.682159900665283
56859923	2.682159900665283
56859952	2.682159900665283
56859954	2.682159900665283
56859955	3.0915732383728027
56859968	2.682159900665283
56859971	2.682159900665283
56859985	3.0915732383728027
56859989	3.0915732383728027
56859990	2.682159900665283
56859998	2.682159900665283
56860007	3.0915732383728027
56860014	2.682159900665283
56860015	2.682159900665283
56860038	2.682159900665283
56860051	2.682159900665283
56860055	2.682159900665283
56860081	2.682159900665283
56860082	2.682159900665283
56860095	2.682159900665283
56860096	2.682159900665283
56860099	2.682159900665283
56860105	2.682159900665283
56860117	2.682159900665283
56860118	2.682159900665283
56860121	2.682159900665283
56860127	3.0915732383728027
56860138	3.864466667175293
56860149	4.637359619140625
56860156	4.637359619140625
56860164	5.410253047943115
56860165	6.1831464767456055
56860171	5.410253047943115
56860179	5.410253047943115
56860182	6.1831464767456055
56860183	6.1831464767456055
56860188	5.410253047943115
56860189	6.1831464767456055
56860205	5.410253047943115
56860211	4.637359619140625
56860222	3.864466667175293
56860240	3.0915732383728027
56860248	2.682159900665283
56860263	2.682159900665283
56860272	2.682159900665283
56860276	2.682159900665283
56860290	2.682159900665283
56860292	2.682159900665283
56860295	2.682159900665283
56860301	2.682159900665283
56860303	2.682159900665283
56860307	2.682159900665283
56860310	2.682159900665283
56860328	2.682159900665283
56860334	2.682159900665283
56860340	2.682159900665283
56860343	2.682159900665283
56860344	2.682159900665283
56860347	2.682159900665283
56860349	2.682159900665283
56860370	2.682159900665283
56860375	2.682159900665283
56860390	2.682159900665283
56860410	2.682159900665283
56860413	2.682159900665283
56860437	2.682159900665283
56860443	2.682159900665283
56860447	2.682159900665283
56860448	2.682159900665283
56860449	2.682159900665283
56860465	2.682159900665283
56860472	2.682159900665283
56860476	3.0915732383728027
56860494	3.0915732383728027
56860496	2.682159900665283
56860509	2.682159900665283
56860513	3.0915732383728027
56860517	3.0915732383728027
56860527	3.0915732383728027
56860531	2.682159900665283
56860532	2.682159900665283
56860539	2.682159900665283
56860540	2.682159900665283
56860553	2.682159900665283
56860556	2.682159900665283
56860584	2.682159900665283
56860593	2.682159900665283
56860599	2.682159900665283
56860605	2.682159900665283
56860623	2.682159900665283
56860637	2.682159900665283
56860640	2.682159900665283
56860641	2.682159900665283
56860644	2.682159900665283
56860647	2.682159900665283
56860657	2.682159900665283
56860663	2.682159900665283
56860669	2.682159900665283
56860680	2.682159900665283
56860681	2.682159900665283
56860685	2.682159900665283
56860698	2.682159900665283
56860706	2.682159900665283
56860720	2.682159900665283
56860721	2.682159900665283
56860730	2.682159900665283
56860731	2.682159900665283
56860737	2.682159900665283
56860752	2.682159900665283
56860768	2.682159900665283
56860788	2.682159900665283
56860801	2.682159900665283
56860804	2.682159900665283
56860815	2.682159900665283
56860824	2.682159900665283
56860832	2.682159900665283
56860845	2.682159900665283
56860846	2.682159900665283
56860852	2.682159900665283
56860863	2.682159900665283
56860864	2.682159900665283
56860872	2.682159900665283
56860878	2.682159900665283
56860879	2.682159900665283
56860880	2.682159900665283
56860885	2.682159900665283
56860898	2.682159900665283
56860930	2.682159900665283
56860934	2.682159900665283
56860941	2.682159900665283
56860947	2.682159900665283
56860952	2.682159900665283
56860960	2.682159900665283
56860975	2.682159900665283
56860985	2.682159900665283
56860990	2.682159900665283
56861014	2.682159900665283
56861020	2.682159900665283
56861051	2.682159900665283
56861057	2.682159900665283
56861059	2.682159900665283
56861063	2.682159900665283
56861095	2.682159900665283
56861098	2.682159900665283
56861102	2.682159900665283
56861124	2.682159900665283
56861141	2.682159900665283
56861147	2.682159900665283
56861186	2.682159900665283
56861189	2.682159900665283
56861217	2.682159900665283
56861237	2.682159900665283
56861273	2.682159900665283
56861275	2.682159900665283
56861285	2.682159900665283
56861296	2.682159900665283
56861310	2.682159900665283
56861311	2.682159900665283
56861342	2.682159900665283
56861343	2.682159900665283
56861369	2.682159900665283
56861380	2.682159900665283
56861390	2.682159900665283
56861394	2.682159900665283
56861399	2.682159900665283
56861424	2.682159900665283
56861435	2.682159900665283
56861442	2.682159900665283
56861444	2.682159900665283
56861446	2.682159900665283
56861469	2.682159900665283
56861500	2.682159900665283
56861505	2.682159900665283
56861517	2.682159900665283
56861541	2.682159900665283
56861556	2.682159900665283
56861558	2.682159900665283
56861562	2.682159900665283
56861569	2.682159900665283
56861571	2.682159900665283
56861572	2.682159900665283
56861580	2.682159900665283
56861582	2.682159900665283
56861595	2.682159900665283
56861599	2.682159900665283
56861605	2.682159900665283
56861613	2.682159900665283
56861629	2.682159900665283
56861630	2.682159900665283
56861643	2.682159900665283
56861644	2.682159900665283
56861666	2.682159900665283
56861695	2.682159900665283
56861714	2.682159900665283
56861731	2.682159900665283
56861733	2.682159900665283
56861743	2.682159900665283
56861764	2.682159900665283
56861769	2.682159900665283
56861779	2.682159900665283
56861780	2.682159900665283
56861797	2.682159900665283
56861817	2.682159900665283
56861827	2.682159900665283
56861848	2.682159900665283
56861852	2.682159900665283
56861862	2.682159900665283
56861867	2.682159900665283
56861893	2.682159900665283
56861894	2.682159900665283
56861900	2.682159900665283
56861936	2.682159900665283
56861958	2.682159900665283
56861963	2.682159900665283
56861976	3.0915732383728027
56861977	3.0915732383728027
56861984	2.682159900665283
56861999	2.682159900665283
56862014	2.682159900665283
56862016	2.682159900665283
56862020	3.0915732383728027
56862027	3.864466667175293
56862030	4.637359619140625
56862042	5.410253047943115
56862047	4.637359619140625
56862053	3.864466667175293
56862065	5.410253047943115
56862072	5.410253047943115
56862083	5.410253047943115
56862088	4.637359619140625
56862100	5.410253047943115
56862101	4.637359619140625
56862104	5.410253047943115
56862108	4.637359619140625
56862109	4.637359619140625
56862111	4.637359619140625
56862114	3.864466667175293
56862124	3.0915732383728027
56862133	3.0915732383728027
56862137	3.0915732383728027
56862170	2.682159900665283
56862172	2.682159900665283
56862185	2.682159900665283
56862197	2.682159900665283
56862202	2.682159900665283
56862204	2.682159900665283
56862227	2.682159900665283
56862237	2.682159900665283
56862248	2.682159900665283
56862255	2.682159900665283
56862275	2.682159900665283
56862285	2.682159900665283
56862306	2.682159900665283
56862311	2.682159900665283
56862316	2.682159900665283
56862320	2.682159900665283
56862325	2.682159900665283
56862332	3.0915732383728027
56862339	3.0915732383728027
56862352	2.682159900665283
56862366	3.0915732383728027
56862383	3.0915732383728027
56862390	3.0915732383728027
56862394	2.682159900665283
56862404	2.682159900665283
56862409	2.682159900665283
56862435	2.682159900665283
56862436	2.682159900665283
56862442	2.682159900665283
56862472	2.682159900665283
56862492	2.682159900665283
56862500	2.682159900665283
56862503	2.682159900665283
56862505	2.682159900665283
56862512	2.682159900665283
56862513	2.682159900665283
56862523	2.682159900665283
56862541	2.682159900665283
56862544	2.682159900665283
56862553	2.682159900665283
56862556	2.682159900665283
56862558	2.682159900665283
56862559	2.682159900665283
56862562	2.682159900665283
56862566	2.682159900665283
56862567	2.682159900665283
56862569	2.682159900665283
56862572	3.0915732383728027
56862580	3.0915732383728027
56862591	3.0915732383728027
56862595	3.864466667175293
56862598	3.864466667175293
56862607	3.864466667175293
56862613	3.0915732383728027
56862628	3.0915732383728027
56862630	3.864466667175293
56862643	3.864466667175293
56862648	3.864466667175293
56862650	3.864466667175293
56862651	3.0915732383728027
56862652	2.682159900665283
56862653	2.682159900665283
56862655	2.682159900665283
56862660	2.682159900665283
56862675	3.0915732383728027
56862677	2.682159900665283
56862682	2.682159900665283
56862706	2.682159900665283
56862712	3.0915732383728027
56862739	2.682159900665283
56862743	2.682159900665283
56862744	2.682159900665283
56862765	2.682159900665283
56862769	2.682159900665283
56862772	2.682159900665283
56862773	2.682159900665283
56862780	2.682159900665283
56862782	2.682159900665283
56862790	2.682159900665283
56862795	2.682159900665283
56862797	2.682159900665283
56862827	2.682159900665283
56862839	2.682159900665283
56862841	2.682159900665283
56862848	2.682159900665283
56862853	2.682159900665283
56862857	2.682159900665283
56862862	2.682159900665283
56862863	2.682159900665283
56862864	2.682159900665283
56862865	2.682159900665283
56862867	2.682159900665283
56862886	2.682159900665283
56862888	2.682159900665283
56862894	2.682159900665283
56862903	2.682159900665283
56862968	2.682159900665283
56862970	2.682159900665283
56862971	2.682159900665283
56862984	2.682159900665283
56862994	2.682159900665283
56863014	2.682159900665283
56863017	2.682159900665283
56863020	2.682159900665283
56863030	2.682159900665283
56863038	2.682159900665283
56863047	2.682159900665283
56863054	2.682159900665283
56863056	2.682159900665283
56863065	2.682159900665283
56863072	2.682159900665283
56863076	2.682159900665283
56863079	2.682159900665283
56863096	2.682159900665283
56863097	2.682159900665283
56863102	2.682159900665283
56863104	2.682159900665283
56863106	2.682159900665283
56863107	2.682159900665283
56863108	2.682159900665283
56863109	2.682159900665283
56863110	2.682159900665283
56863111	2.682159900665283
56863115	2.682159900665283
56863122	2.682159900665283
56863133	2.682159900665283
56863140	2.682159900665283
56863146	2.682159900665283
56863149	2.682159900665283
56863150	2.682159900665283
56863156	2.682159900665283
56863165	2.682159900665283
56863170	2.682159900665283
56863185	2.682159900665283
56863190	2.682159900665283
56863197	2.682159900665283
56863202	2.682159900665283
56863203	2.682159900665283
56863213	2.682159900665283
56863230	2.682159900665283
56863238	2.682159900665283
56863248	2.682159900665283
56863253	2.682159900665283
56863261	2.682159900665283
56863272	2.682159900665283
56863281	2.682159900665283
56863283	2.682159900665283
56863285	2.682159900665283
56863292	3.0915732383728027
56863295	3.0915732383728027
56863298	3.0915732383728027
56863314	3.0915732383728027
56863323	2.682159900665283
56863336	3.0915732383728027
56863337	3.0915732383728027
56863360	2.682159900665283
56863369	2.682159900665283
56863406	2.682159900665283
56863407	2.682159900665283
56863413	2.682159900665283
56863429	2.682159900665283
56863435	2.682159900665283
56863472	2.682159900665283
56863505	2.682159900665283
56863512	2.682159900665283
56863513	2.682159900665283
56863560	2.682159900665283
56863562	2.682159900665283
56863564	2.682159900665283
56863568	2.682159900665283
56863573	2.682159900665283
56863580	3.0915732383728027
56863583	3.864466667175293
56863589	3.864466667175293
56863590	3.0915732383728027
56863598	3.0915732383728027
56863608	3.0915732383728027
56863614	3.0915732383728027
56863620	4.637359619140625
56863626	4.637359619140625
56863637	4.637359619140625
56863644	4.637359619140625
56863648	3.864466667175293
56863652	3.864466667175293
56863655	3.0915732383728027
56863657	4.637359619140625
56863664	3.864466667175293
56863668	3.0915732383728027
56863671	3.0915732383728027
56863674	3.864466667175293
56863678	3.864466667175293
56863680	3.864466667175293
56863698	3.864466667175293
56863699	2.682159900665283
56863705	2.682159900665283
56863714	2.682159900665283
56863726	2.682159900665283
56863730	2.682159900665283
56863739	3.0915732383728027
56863741	2.682159900665283
56863742	3.0915732383728027
56863747	3.0915732383728027
56863752	3.0915732383728027
56863755	3.0915732383728027
56863771	2.682159900665283
56863772	2.682159900665283
56863778	2.682159900665283
56863779	2.682159900665283
56863780	2.682159900665283
56863795	2.682159900665283
56863796	2.682159900665283
56863801	2.682159900665283
56863807	2.682159900665283
56863809	2.682159900665283
56863814	2.682159900665283
56863820	2.682159900665283
56863823	2.682159900665283
56863825	2.682159900665283
56863827	2.682159900665283
56863841	2.682159900665283
56863852	2.682159900665283
56863864	2.682159900665283
56863865	2.682159900665283
56863899	2.682159900665283
56863909	2.682159900665283
56863910	2.682159900665283
56863945	2.682159900665283
56863971	2.682159900665283
56863984	2.682159900665283
56863991	2.682159900665283
56864007	2.682159900665283
56864010	2.682159900665283
56864017	2.682159900665283
56864029	2.682159900665283
56864047	2.682159900665283
56864048	2.682159900665283
56864052	2.682159900665283
56864055	2.682159900665283
56864068	2.682159900665283
56864074	2.682159900665283
56864087	2.682159900665283
56864090	2.682159900665283
56864102	2.682159900665283
56864103	2.682159900665283
56864110	2.682159900665283
56864115	2.682159900665283
56864119	2.682159900665283
56864122	2.682159900665283
56864130	2.682159900665283
56864134	2.682159900665283
56864139	2.682159900665283
56864140	2.682159900665283
56864144	2.682159900665283
56864156	2.682159900665283
56864162	2.682159900665283
56864173	2.682159900665283
56864175	2.682159900665283
56864185	2.682159900665283
56864190	2.682159900665283
56864197	2.682159900665283
56864213	2.682159900665283
56864227	2.682159900665283
56864229	2.682159900665283
56864272	2.682159900665283
56864275	2.682159900665283
56864283	2.682159900665283
56864292	2.682159900665283
56864325	2.682159900665283
56864355	2.682159900665283
56864391	2.682159900665283
56864442	2.682159900665283
56864449	2.682159900665283
56864465	2.682159900665283
56864468	2.682159900665283
56864506	3.0915732383728027
56864510	3.864466667175293
56864513	4.637359619140625
56864515	5.410253047943115
56864526	5.410253047943115
56864533	4.637359619140625
56864545	3.864466667175293
56864549	4.637359619140625
56864552	3.864466667175293
56864588	3.0915732383728027
56864590	3.864466667175293
56864592	3.0915732383728027
56864594	3.864466667175293
56864596	3.0915732383728027
56864597	3.0915732383728027
56864602	2.682159900665283
56864617	3.0915732383728027
56864618	3.0915732383728027
56864629	3.0915732383728027
56864631	2.682159900665283
56864649	3.0915732383728027
56864671	3.0915732383728027
56864672	3.0915732383728027
56864676	2.682159900665283
56864682	2.682159900665283
56864686	2.682159900665283
56864689	2.682159900665283
56864715	2.682159900665283
56864733	2.682159900665283
56864739	2.682159900665283
56864750	2.682159900665283
56864753	2.682159900665283
56864767	2.682159900665283
56864790	2.682159900665283
56864792	2.682159900665283
56864794	2.682159900665283
56864795	2.682159900665283
56864813	2.682159900665283
56864817	3.0915732383728027
56864823	2.682159900665283
56864828	2.682159900665283
56864834	2.682159900665283
56864844	2.682159900665283
56864847	2.682159900665283
56864849	2.682159900665283
56864870	2.682159900665283
56864875	2.682159900665283
56864878	2.682159900665283
56864897	2.682159900665283
56864913	2.682159900665283
56864918	2.682159900665283
56864936	2.682159900665283
56864937	2.682159900665283
56864947	2.682159900665283
56864949	2.682159900665283
56864957	2.682159900665283
56864965	2.682159900665283
56864984	2.682159900665283
56864991	2.682159900665283
56864994	2.682159900665283
56864996	2.682159900665283
56865007	2.682159900665283
56865010	2.682159900665283
56865013	2.682159900665283
56865021	2.682159900665283
56865040	2.682159900665283
56865048	2.682159900665283
56865052	2.682159900665283
56865055	2.682159900665283
56865077	2.682159900665283
56865087	2.682159900665283
56865115	2.682159900665283
56865123	2.682159900665283
56865125	2.682159900665283
56865130	2.682159900665283
56865134	2.682159900665283
56865140	2.682159900665283
56865141	2.682159900665283
56865143	2.682159900665283
56865144	2.682159900665283
56865147	2.682159900665283
56865163	2.682159900665283
56865169	2.682159900665283
56865171	2.682159900665283
56865173	2.682159900665283
56865180	2.682159900665283
56865181	2.682159900665283
56865185	2.682159900665283
56865198	2.682159900665283
56865204	2.682159900665283
56865205	2.682159900665283
56865206	2.682159900665283
56865221	2.682159900665283
56865230	2.682159900665283
56865237	2.682159900665283
56865244	2.682159900665283
56865245	2.682159900665283
56865257	2.682159900665283
56865266	2.682159900665283
56865268	2.682159900665283
56865272	2.682159900665283
56865275	2.682159900665283
56865279	2.682159900665283
56865281	2.682159900665283
56865288	2.682159900665283
56865292	2.682159900665283
56865304	2.682159900665283
56865315	2.682159900665283
56865328	2.682159900665283
56865332	2.682159900665283
56865346	2.682159900665283
56865355	2.682159900665283
56865363	2.682159900665283
56865372	2.682159900665283
56865380	2.682159900665283
56865395	2.682159900665283
56865407	2.682159900665283
56865412	2.682159900665283
56865430	2.682159900665283
56865434	2.682159900665283
56865452	2.682159900665283
56865479	2.682159900665283
56865485	2.682159900665283
56865490	2.682159900665283
56865491	2.682159900665283
56865514	2.682159900665283
56865536	2.682159900665283
56865551	2.682159900665283
56865595	2.682159900665283
56865598	2.682159900665283
56865639	2.682159900665283
56865643	2.682159900665283
56865682	2.682159900665283
56865695	2.682159900665283
56865717	2.682159900665283
56865723	2.682159900665283
56865727	2.682159900665283
56865746	2.682159900665283
56865762	2.682159900665283
56865773	2.682159900665283
56865779	3.0915732383728027
56865790	2.682159900665283
56865796	3.0915732383728027
56865804	3.0915732383728027
56865810	3.864466667175293
56865821	3.864466667175293
56865838	4.637359619140625
56865842	5.410253047943115
56865843	5.410253047943115
56865846	5.410253047943115
56865857	4.637359619140625
56865869	3.864466667175293
56865870	3.864466667175293
56865874	3.864466667175293
56865876	3.0915732383728027
56865877	3.0915732383728027
56865880	3.0915732383728027
56865887	3.0915732383728027
56865892	3.0915732383728027
56865899	3.864466667175293
56865905	3.864466667175293
56865908	3.0915732383728027
56865914	3.0915732383728027
56865915	2.682159900665283
56865922	2.682159900665283
56865924	2.682159900665283
56865937	2.682159900665283
56865940	2.682159900665283
56865944	2.682159900665283
56865946	2.682159900665283
56865949	2.682159900665283
56865951	2.682159900665283
56865957	2.682159900665283
56865963	2.682159900665283
56865964	2.682159900665283
56865968	2.682159900665283
56865969	2.682159900665283
56865972	2.682159900665283
56865976	2.682159900665283
56865992	2.682159900665283
56865994	2.682159900665283
56866006	2.682159900665283
56866013	2.682159900665283
56866017	2.682159900665283
56866020	2.682159900665283
56866028	2.682159900665283
56866030	2.682159900665283
56866056	2.682159900665283
56866058	2.682159900665283
56866071	2.682159900665283
56866074	2.682159900665283
56866080	2.682159900665283
56866099	2.682159900665283
56866105	2.682159900665283
56866106	2.682159900665283
56866113	2.682159900665283
56866129	2.682159900665283
56866140	2.682159900665283
56866144	2.682159900665283
56866175	2.682159900665283
56866181	2.682159900665283
56866185	2.682159900665283
56866214	2.682159900665283
56866222	2.682159900665283
56866231	2.682159900665283
56866237	2.682159900665283
56866251	2.682159900665283
56866252	2.682159900665283
56866254	2.682159900665283
56866259	2.682159900665283
56866264	2.682159900665283
56866280	2.682159900665283
56866282	2.682159900665283
56866288	2.682159900665283
56866293	2.682159900665283
56866294	2.682159900665283
56866300	2.682159900665283
56866304	2.682159900665283
56866315	2.682159900665283
56866323	2.682159900665283
56866327	2.682159900665283
56866332	2.682159900665283
56866346	2.682159900665283
56866357	2.682159900665283
56866363	3.0915732383728027
56866366	3.0915732383728027
56866372	3.0915732383728027
56866377	3.0915732383728027
56866380	3.0915732383728027
56866382	3.0915732383728027
56866384	3.864466667175293
56866402	3.0915732383728027
56866404	3.864466667175293
56866407	4.637359619140625
56866411	4.637359619140625
56866420	3.864466667175293
56866422	3.864466667175293
56866427	3.0915732383728027
56866430	3.864466667175293
56866434	3.864466667175293
56866437	3.864466667175293
56866441	3.864466667175293
56866444	3.0915732383728027
56866445	3.0915732383728027
56866453	3.0915732383728027
56866466	3.0915732383728027
56866476	2.682159900665283
56866486	2.682159900665283
56866488	2.682159900665283
56866500	2.682159900665283
56866504	2.682159900665283
56866511	2.682159900665283
56866515	2.682159900665283
56866529	2.682159900665283
56866538	2.682159900665283
56866539	2.682159900665283
56866542	2.682159900665283
56866543	2.682159900665283
56866553	2.682159900665283
56866571	2.682159900665283
56866572	3.0915732383728027
56866575	3.0915732383728027
56866579	3.0915732383728027
56866587	3.0915732383728027
56866590	3.864466667175293
56866613	3.864466667175293
56866622	3.0915732383728027
56866624	2.682159900665283
56866655	2.682159900665283
56866671	2.682159900665283
56866672	2.682159900665283
56866674	2.682159900665283
56866704	2.682159900665283
56866717	2.682159900665283
56866722	2.682159900665283
56866734	2.682159900665283
56866737	2.682159900665283
56866738	2.682159900665283
56866756	2.682159900665283
56866775	2.682159900665283
56866785	2.682159900665283
56866796	2.682159900665283
56866806	2.682159900665283
56866816	2.682159900665283
56866822	2.682159900665283
56866842	2.682159900665283
56866869	2.682159900665283
56866880	2.682159900665283
56866883	2.682159900665283
56866894	2.682159900665283
56866899	2.682159900665283
56866924	2.682159900665283
56866934	2.682159900665283
56866935	2.682159900665283
56866942	2.682159900665283
56866944	2.682159900665283
56866946	2.682159900665283
56866969	2.682159900665283
56867000	2.682159900665283
56867005	2.682159900665283
56867011	2.682159900665283
56867018	2.682159900665283
56867030	2.682159900665283
56867041	2.682159900665283
56867058	2.682159900665283
56867062	2.682159900665283
56867069	2.682159900665283
56867071	2.682159900665283
56867072	2.682159900665283
56867080	2.682159900665283
56867095	2.682159900665283
56867113	2.682159900665283
56867114	2.682159900665283
56867129	2.682159900665283
56867130	2.682159900665283
56867143	2.682159900665283
56867162	2.682159900665283
56867182	2.682159900665283
56867207	2.682159900665283
56867214	2.682159900665283
56867243	2.682159900665283
56867246	2.682159900665283
56867257	2.682159900665283
56867264	2.682159900665283
56867269	2.682159900665283
56867274	2.682159900665283
56867280	2.682159900665283
56867297	2.682159900665283
56867339	2.682159900665283
56867341	2.682159900665283
56867348	2.682159900665283
56867353	2.682159900665283
56867358	2.682159900665283
56867362	2.682159900665283
56867367	2.682159900665283
56867386	2.682159900665283
56867388	2.682159900665283
56867389	2.682159900665283
56867394	2.682159900665283
56867403	2.682159900665283
56867425	2.682159900665283
56867468	2.682159900665283
56867476	2.682159900665283
56867514	2.682159900665283
56867542	2.682159900665283
56867553	2.682159900665283
56867565	2.682159900665283
56867572	2.682159900665283
56867591	2.682159900665283
56867597	2.682159900665283
56867608	2.682159900665283
56867609	2.682159900665283
56867611	2.682159900665283
56867633	2.682159900665283
56867640	2.682159900665283
56867670	2.682159900665283
56867697	2.682159900665283
56867701	2.682159900665283
56867702	2.682159900665283
56867703	2.682159900665283
56867704	2.682159900665283
56867724	2.682159900665283
56867748	2.682159900665283
56867785	2.682159900665283
56867795	2.682159900665283
56867799	2.682159900665283
56867811	2.682159900665283
56867816	2.682159900665283
56867836	2.682159900665283
56867844	2.682159900665283
56867846	2.682159900665283
56867860	3.0915732383728027
56867861	3.0915732383728027
56867883	3.864466667175293
56867895	3.0915732383728027
56867903	2.682159900665283
56867913	2.682159900665283
56867918	2.682159900665283
56867926	2.682159900665283
56867928	3.0915732383728027
56867929	2.682159900665283
56867930	2.682159900665283
56867935	2.682159900665283
56867936	2.682159900665283
56867945	2.682159900665283
56867954	2.682159900665283
56867963	2.682159900665283
56867972	2.682159900665283
56867973	2.682159900665283
56867979	2.682159900665283
56867999	2.682159900665283
56868003	2.682159900665283
56868009	2.682159900665283
56868010	2.682159900665283
56868012	2.682159900665283
56868025	2.682159900665283
56868027	2.682159900665283
56868039	2.682159900665283
56868055	2.682159900665283
56868056	2.682159900665283
56868076	2.682159900665283
56868078	2.682159900665283
56868079	2.682159900665283
56868080	2.682159900665283
56868088	2.682159900665283
56868098	2.682159900665283
56868107	2.682159900665283
56868139	2.682159900665283
56868147	2.682159900665283
56868148	2.682159900665283
56868161	2.682159900665283
56868174	2.682159900665283
56868180	2.682159900665283
56868182	2.682159900665283
56868203	2.682159900665283
56868214	2.682159900665283
56868226	2.682159900665283
56868229	2.682159900665283
56868242	2.682159900665283
56868243	2.682159900665283
56868245	2.682159900665283
56868247	2.682159900665283
56868253	2.682159900665283
56868272	2.682159900665283
56868278	2.682159900665283
56868279	2.682159900665283
56868280	2.682159900665283
56868294	2.682159900665283
56868295	2.682159900665283
56868309	2.682159900665283
56868315	2.682159900665283
56868318	2.682159900665283
56868320	2.682159900665283
56868325	2.682159900665283
56868327	2.682159900665283
56868337	2.682159900665283
56868341	2.682159900665283
56868353	2.682159900665283
56868364	2.682159900665283
56868365	2.682159900665283
56868371	2.682159900665283
56868378	2.682159900665283
56868386	2.682159900665283
56868388	2.682159900665283
56868393	2.682159900665283
56868402	2.682159900665283
56868403	2.682159900665283
56868409	2.682159900665283
56868430	2.682159900665283
56868445	2.682159900665283
56868455	2.682159900665283
56868468	2.682159900665283
56868471	2.682159900665283
56868477	2.682159900665283
56868514	2.682159900665283
56868547	2.682159900665283
56868597	2.682159900665283
56868600	2.682159900665283
56868601	2.682159900665283
56868602	2.682159900665283
56868610	2.682159900665283
56868615	2.682159900665283
56868622	2.682159900665283
56868632	2.682159900665283
56868638	2.682159900665283
56868641	2.682159900665283
56868656	2.682159900665283
56868672	2.682159900665283
56868675	2.682159900665283
56868684	2.682159900665283
56868685	3.0915732383728027
56868687	3.0915732383728027
56868697	3.0915732383728027
56868700	3.0915732383728027
56868703	3.864466667175293
56868705	3.864466667175293
56868713	4.637359619140625
56868716	4.637359619140625
56868722	3.864466667175293
56868727	3.0915732383728027
56868729	3.0915732383728027
56868736	3.0915732383728027
56868737	3.864466667175293
56868744	4.637359619140625
56868756	4.637359619140625
56868766	3.864466667175293
56868767	3.864466667175293
56868768	4.637359619140625
56868772	3.864466667175293
56868773	3.864466667175293
56868778	4.637359619140625
56868781	5.410253047943115
56868783	5.410253047943115
56868784	6.1831464767456055
56868789	5.410253047943115
56868795	4.637359619140625
56868815	4.637359619140625
56868820	4.637359619140625
56868821	3.864466667175293
56868825	3.0915732383728027
56868836	3.0915732383728027
56868851	3.0915732383728027
56868857	2.682159900665283
56868860	2.682159900665283
56868862	2.682159900665283
56868891	2.682159900665283
56868903	2.682159900665283
56868913	2.682159900665283
56868917	2.682159900665283
56868935	2.682159900665283
56868951	2.682159900665283
56868972	2.682159900665283
56868987	2.682159900665283
56869114	2.682159900665283
56869133	2.682159900665283
56869139	2.682159900665283
56869143	2.682159900665283
56869174	2.682159900665283
56869180	2.682159900665283
56869182	2.682159900665283
56869185	2.682159900665283
56869187	3.864466667175293
56869189	4.637359619140625
56869198	4.637359619140625
56869214	3.864466667175293
56869217	3.864466667175293
56869226	3.0915732383728027
56869227	3.0915732383728027
56869242	2.682159900665283
56869247	2.682159900665283
56869253	2.682159900665283
56869267	2.682159900665283
56869269	2.682159900665283
56869271	2.682159900665283
56869278	2.682159900665283
56869279	2.682159900665283
56869283	2.682159900665283
56869294	2.682159900665283
56869309	2.682159900665283
56869315	2.682159900665283
56869320	2.682159900665283
56869325	2.682159900665283
56869331	2.682159900665283
56869344	2.682159900665283
56869349	2.682159900665283
56869367	2.682159900665283
56869372	2.682159900665283
56869378	2.682159900665283
56869409	2.682159900665283
56869418	2.682159900665283
56869430	2.682159900665283
56869433	2.682159900665283
56869436	2.682159900665283
56869445	2.682159900665283
56869457	2.682159900665283
56869477	2.682159900665283
56869484	2.682159900665283
56869491	2.682159900665283
56869507	2.682159900665283
56869510	2.682159900665283
56869521	2.682159900665283
56869548	2.682159900665283
56869552	2.682159900665283
56869555	2.682159900665283
56869577	2.682159900665283
56869587	2.682159900665283
56869598	2.682159900665283
56869608	2.682159900665283
56869615	2.682159900665283
56869625	2.682159900665283
56869630	2.682159900665283
56869634	2.682159900665283
56869643	2.682159900665283
56869644	2.682159900665283
56869647	2.682159900665283
56869648	2.682159900665283
56869656	2.682159900665283
56869661	2.682159900665283
56869671	2.682159900665283
56869673	2.682159900665283
56869675	2.682159900665283
56869685	2.682159900665283
56869704	2.682159900665283
56869705	2.682159900665283
56869711	2.682159900665283
56869725	2.682159900665283
56869727	2.682159900665283
56869729	2.682159900665283
56869731	2.682159900665283
56869744	2.682159900665283
56869745	2.682159900665283
56869752	2.682159900665283
56869757	2.682159900665283
56869766	2.682159900665283
56869768	2.682159900665283
56869772	2.682159900665283
56869775	2.682159900665283
56869779	2.682159900665283
56869781	2.682159900665283
56869792	2.682159900665283
56869795	2.682159900665283
56869802	2.682159900665283
56869809	2.682159900665283
56869825	2.682159900665283
56869855	2.682159900665283
56869876	2.682159900665283
56869886	2.682159900665283
56869891	2.682159900665283
56869894	2.682159900665283
56869915	2.682159900665283
56869920	3.0915732383728027
56869960	2.682159900665283
56869978	2.682159900665283
56869979	2.682159900665283
56869999	2.682159900665283
56870035	2.682159900665283
56870063	2.682159900665283
56870073	2.682159900665283
56870083	2.682159900665283
56870101	2.682159900665283
56870119	3.0915732383728027
56870129	2.682159900665283
56870131	3.0915732383728027
56870157	3.864466667175293
56870162	3.0915732383728027
56870163	3.864466667175293
56870167	4.637359619140625
56870185	3.864466667175293
56870189	3.0915732383728027
56870202	3.0915732383728027
56870203	3.864466667175293
56870213	5.410253047943115
56870224	4.637359619140625
56870226	5.410253047943115
56870230	6.1831464767456055
56870237	6.956039905548096
56870246	7.728933334350586
56870247	6.956039905548096
56870252	6.1831464767456055
56870253	6.1831464767456055
56870267	6.1831464767456055
56870286	6.1831464767456055
56870287	5.410253047943115
56870294	3.864466667175293
56870299	3.864466667175293
56870308	3.0915732383728027
56870310	2.682159900665283
56870314	2.682159900665283
56870321	2.682159900665283
56870344	2.682159900665283
56870346	2.682159900665283
56870354	2.682159900665283
56870370	2.682159900665283
56870376	2.682159900665283
56870377	2.682159900665283
56870378	2.682159900665283
56870387	2.682159900665283
56870408	2.682159900665283
56870415	2.682159900665283
56870418	2.682159900665283
56870424	2.682159900665283
56870436	2.682159900665283
56870437	2.682159900665283
56870440	2.682159900665283
56870449	2.682159900665283
56870451	2.682159900665283
56870463	2.682159900665283
56870464	2.682159900665283
56870468	2.682159900665283
56870492	2.682159900665283
56870494	2.682159900665283
56870506	2.682159900665283
56870513	2.682159900665283
56870520	2.682159900665283
56870521	2.682159900665283
56870528	2.682159900665283
56870530	2.682159900665283
56870558	2.682159900665283
56870574	2.682159900665283
56870577	2.682159900665283
56870606	2.682159900665283
56870615	2.682159900665283
56870625	2.682159900665283
56870640	2.682159900665283
56870643	2.682159900665283
56870671	2.682159900665283
56870673	2.682159900665283
56870681	2.682159900665283
56870685	2.682159900665283
56870704	2.682159900665283
56870705	2.682159900665283
56870722	2.682159900665283
56870737	2.682159900665283
56870744	2.682159900665283
56870745	2.682159900665283
56870751	2.682159900665283
56870752	2.682159900665283
56870757	2.682159900665283
56870759	2.682159900665283
56870766	2.682159900665283
56870768	2.682159900665283
56870772	2.682159900665283
56870779	2.682159900665283
56870782	2.682159900665283
56870788	2.682159900665283
56870793	2.682159900665283
56870794	2.682159900665283
56870804	2.682159900665283
56870815	2.682159900665283
56870823	2.682159900665283
56870834	2.682159900665283
56870835	2.682159900665283
56870845	2.682159900665283
56870846	3.0915732383728027
56870855	3.0915732383728027
56870856	3.0915732383728027
56870861	3.0915732383728027
56870863	3.0915732383728027
56870866	3.0915732383728027
56870872	3.864466667175293
56870873	3.864466667175293
56870877	4.637359619140625
56870878	4.637359619140625
56870880	4.637359619140625
56870882	4.637359619140625
56870888	5.410253047943115
56870898	4.637359619140625
56870907	5.410253047943115
56870909	5.410253047943115
56870915	6.1831464767456055
56870918	6.956039905548096
56870919	6.1831464767456055
56870920	5.410253047943115
56870921	5.410253047943115
56870922	6.1831464767456055
56870926	6.956039905548096
56870929	7.728933334350586
56870930	6.956039905548096
56870934	6.956039905548096
56870937	6.956039905548096
56870944	6.956039905548096
56870945	6.956039905548096
56870953	6.956039905548096
56870954	6.956039905548096
56870957	6.956039905548096
56870964	6.1831464767456055
56870966	7.728933334350586
56870971	6.956039905548096
56870977	7.728933334350586
56870978	7.728933334350586
56870982	8.501826286315918
56870986	7.728933334350586
56870988	8.501826286315918
56870993	9.27471923828125
56870999	8.501826286315918
56871000	7.728933334350586
56871004	7.728933334350586
56871005	7.728933334350586
56871006	6.956039905548096
56871010	6.1831464767456055
56871015	5.410253047943115
56871016	5.410253047943115
56871019	6.1831464767456055
56871029	6.1831464767456055
56871032	6.1831464767456055
56871034	6.956039905548096
56871036	6.1831464767456055
56871038	6.1831464767456055
56871039	6.1831464767456055
56871042	6.1831464767456055
56871043	6.1831464767456055
56871048	6.1831464767456055
56871055	4.637359619140625
56871057	3.864466667175293
56871062	3.864466667175293
56871063	3.1000986099243164
56871064	3.1000986099243164
56871070	3.864466667175293
56871072	3.1000986099243164
56871075	3.1000986099243164
56871079	3.16605806350708
56871090	3.2320175170898438
56871100	3.2979772090911865
56871108	3.2979772090911865
56871116	3.2979772090911865
56871148	3.2979772090911865
56871174	3.2979772090911865
56871180	3.36393666267395
56871209	3.36393666267395
56871210	3.36393666267395
56871217	3.36393666267395
56871234	3.36393666267395
56871240	3.429896354675293
56871251	3.864466667175293
56871252	4.637359619140625
56871264	5.410253047943115
56871281	4.637359619140625
56871293	5.410253047943115
56871294	4.637359619140625
56871296	3.864466667175293
56871301	3.864466667175293
56871318	3.429896354675293
56871327	3.429896354675293
56871336	3.429896354675293
56871342	3.429896354675293
56871346	3.429896354675293
56871369	3.36393666267395
56871376	3.36393666267395
56871377	3.2979772090911865
56871378	3.2320175170898438
56871380	3.2320175170898438
56871387	3.2320175170898438
56871395	3.16605806350708
56871399	3.864466667175293
56871402	3.864466667175293
56871403	4.637359619140625
56871408	5.410253047943115
56871411	4.637359619140625
56871415	5.410253047943115
56871419	5.410253047943115
56871422	4.637359619140625
56871423	4.637359619140625
56871424	4.637359619140625
56871440	4.637359619140625
56871444	4.637359619140625
56871446	4.637359619140625
56871449	4.637359619140625
56871451	3.864466667175293
56871457	3.864466667175293
56871458	3.864466667175293
56871463	4.637359619140625
56871464	4.637359619140625
56871468	4.637359619140625
56871469	4.637359619140625
56871473	4.637359619140625
56871479	5.410253047943115
56871486	4.637359619140625
56871492	3.864466667175293
56871495	3.864466667175293
56871496	3.0915732383728027
56871497	3.864466667175293
56871500	4.637359619140625
56871501	5.410253047943115
56871506	6.1831464767456055
56871513	6.1831464767456055
56871520	6.1831464767456055
56871528	6.1831464767456055
56871530	6.1831464767456055
56871533	6.1831464767456055
56871537	6.956039905548096
56871542	7.728933334350586
56871546	6.956039905548096
56871548	6.1831464767456055
56871557	6.956039905548096
56871558	6.1831464767456055
56871571	6.1831464767456055
56871574	5.410253047943115
56871580	5.410253047943115
56871581	4.637359619140625
56871584	3.864466667175293
56871585	3.0915732383728027
56871606	2.682159900665283
56871613	2.682159900665283
56871617	2.682159900665283
56871621	2.682159900665283
56871622	2.682159900665283
56871629	2.682159900665283
56871647	2.682159900665283
56871675	2.682159900665283
56871692	2.682159900665283
56871693	2.682159900665283
56871702	2.682159900665283
56871707	2.682159900665283
56871714	2.682159900665283
56871716	2.682159900665283
56871722	2.682159900665283
56871751	2.682159900665283
56871752	2.682159900665283
56871757	2.682159900665283
56871759	2.682159900665283
56871764	2.682159900665283
56871770	2.682159900665283
56871776	2.682159900665283
56871780	2.682159900665283
56871782	2.682159900665283
56871793	2.682159900665283
56871794	2.682159900665283
56871823	2.682159900665283
56871839	2.682159900665283
56871866	2.682159900665283
56871877	2.682159900665283
56871889	2.682159900665283
56871907	2.682159900665283
56871920	2.682159900665283
56871937	2.682159900665283
56871944	2.682159900665283
56871945	2.682159900665283
56871953	2.682159900665283
56871976	2.682159900665283
56872000	2.682159900665283
56872004	2.682159900665283
56872015	2.682159900665283
56872029	2.682159900665283
56872038	2.682159900665283
56872039	2.682159900665283
56872043	2.682159900665283
56872053	2.682159900665283
56872072	2.682159900665283
56872075	2.682159900665283
56872079	2.682159900665283
56872090	2.682159900665283
56872091	2.682159900665283
56872165	2.682159900665283
56872174	2.682159900665283
56872204	2.682159900665283
56872215	2.682159900665283
56872226	2.682159900665283
56872234	2.682159900665283
56872249	2.682159900665283
56872297	2.682159900665283
56872298	2.682159900665283
56872299	2.682159900665283
56872316	2.682159900665283
56872347	2.682159900665283
56872381	2.682159900665283
56872383	2.682159900665283
56872403	2.682159900665283
56872418	2.682159900665283
56872429	2.682159900665283
56872431	2.682159900665283
56872436	2.682159900665283
56872454	2.682159900665283
56872463	2.682159900665283
56872473	2.682159900665283
56872479	2.682159900665283
56872499	2.682159900665283
56872500	2.682159900665283
56872502	2.682159900665283
56872503	2.682159900665283
56872509	2.682159900665283
56872525	2.682159900665283
56872527	2.682159900665283
56872539	2.682159900665283
56872549	2.682159900665283
56872556	2.682159900665283
56872558	2.682159900665283
56872561	2.682159900665283
56872569	2.682159900665283
56872576	2.682159900665283
56872578	2.682159900665283
56872579	2.682159900665283
56872584	2.682159900665283
56872588	2.682159900665283
56872607	2.682159900665283
56872608	2.682159900665283
56872633	2.682159900665283
56872647	2.682159900665283
56872678	2.682159900665283
56872682	2.682159900665283
56872694	2.682159900665283
56872703	2.682159900665283
56872707	2.682159900665283
56872729	2.682159900665283
56872743	2.682159900665283
56872757	2.682159900665283
56872779	2.682159900665283
56872787	2.682159900665283
56872801	2.682159900665283
56872819	2.682159900665283
56872829	2.682159900665283
56872839	2.682159900665283
56872841	2.682159900665283
56872845	2.682159900665283
56872853	2.682159900665283
56872861	2.682159900665283
56872876	2.682159900665283
56872886	2.682159900665283
56872887	2.682159900665283
56872888	2.682159900665283
56872889	2.682159900665283
56872894	2.682159900665283
56872903	3.0915732383728027
56872912	3.0915732383728027
56872921	4.637359619140625
56872931	5.410253047943115
56872937	6.1831464767456055
56872945	7.728933334350586
56872957	6.956039905548096
56872960	7.728933334350586
56872961	6.956039905548096
56872967	7.728933334350586
56872968	10.047613143920898
56872971	10.047613143920898
56872978	9.27471923828125
56872983	8.501826286315918
56872985	9.27471923828125
56872996	10.047613143920898
56872997	8.501826286315918
56873005	9.27471923828125
56873014	8.501826286315918
56873015	9.27471923828125
56873021	8.501826286315918
56873034	6.956039905548096
56873036	7.728933334350586
56873037	8.501826286315918
56873041	9.27471923828125
56873042	8.501826286315918
56873045	8.501826286315918
56873046	7.728933334350586
56873051	8.501826286315918
56873065	6.1831464767456055
56873067	7.728933334350586
56873069	6.956039905548096
56873081	6.1831464767456055
56873091	5.410253047943115
56873097	5.410253047943115
56873098	5.410253047943115
56873100	4.637359619140625
56873101	4.637359619140625
56873105	4.637359619140625
56873118	5.410253047943115
56873120	4.637359619140625
56873121	3.864466667175293
56873130	3.0915732383728027
56873141	2.682159900665283
56873149	2.682159900665283
56873161	2.682159900665283
56873187	2.682159900665283
56873189	2.682159900665283
56873196	2.682159900665283
56873203	2.682159900665283
56873244	2.682159900665283
56873245	2.682159900665283
56873251	2.682159900665283
56873266	2.682159900665283
56873271	2.682159900665283
56873295	2.682159900665283
56873315	2.682159900665283
56873336	2.682159900665283
56873360	2.682159900665283
56873403	2.682159900665283
56873413	2.682159900665283
56873417	2.682159900665283
56873418	2.682159900665283
56873429	2.682159900665283
56873435	2.682159900665283
56873436	2.682159900665283
56873454	2.682159900665283
56873463	2.682159900665283
56873472	2.682159900665283
56873473	2.682159900665283
56873479	2.682159900665283
56873499	2.682159900665283
56873503	2.682159900665283
56873509	2.682159900665283
56873525	2.682159900665283
56873527	2.682159900665283
56873539	2.682159900665283
56873556	2.682159900665283
56873558	2.682159900665283
56873559	2.682159900665283
56873576	2.682159900665283
56873578	2.682159900665283
56873579	2.682159900665283
56873588	2.682159900665283
56873599	2.682159900665283
56873601	2.682159900665283
56873607	2.682159900665283
56873639	2.682159900665283
56873642	2.682159900665283
56873643	2.682159900665283
56873644	2.682159900665283
56873645	2.682159900665283
56873647	2.682159900665283
56873674	2.682159900665283
56873680	2.682159900665283
56873682	2.682159900665283
56873683	2.682159900665283
56873702	2.682159900665283
56873703	2.682159900665283
56873724	2.682159900665283
56873726	2.682159900665283
56873729	2.682159900665283
56873742	2.682159900665283
56873747	2.682159900665283
56873773	2.682159900665283
56873778	2.682159900665283
56873779	2.682159900665283
56873786	2.682159900665283
56873808	2.682159900665283
56873809	2.682159900665283
56873815	2.682159900665283
56873820	2.682159900665283
56873825	2.682159900665283
56873831	2.682159900665283
56873857	2.682159900665283
56873872	2.682159900665283
56873875	2.682159900665283
56873909	2.682159900665283
56873930	2.682159900665283
56873945	2.682159900665283
56873959	2.682159900665283
56873977	2.682159900665283
56874031	2.682159900665283
56874080	2.682159900665283
56874097	2.682159900665283
56874098	2.682159900665283
56874100	2.682159900665283
56874101	2.682159900665283
56874108	2.682159900665283
56874140	2.682159900665283
56874141	2.682159900665283
56874148	2.682159900665283
56874156	2.682159900665283
56874161	2.682159900665283
56874175	2.682159900665283
56874181	2.682159900665283
56874185	2.682159900665283
56874187	2.682159900665283
56874224	2.682159900665283
56874227	2.682159900665283
56874229	2.682159900665283
56874244	2.682159900665283
56874266	2.682159900665283
56874289	2.682159900665283
56874315	2.682159900665283
56874325	2.682159900665283
56874330	2.682159900665283
56874373	2.682159900665283
56874388	2.682159900665283
56874391	2.682159900665283
56874414	2.682159900665283
56874417	2.682159900665283
56874418	2.682159900665283
56874435	2.682159900665283
56874472	2.682159900665283
56874498	2.682159900665283
56874507	2.682159900665283
56874519	2.682159900665283
56874538	2.682159900665283
56874556	2.682159900665283
56874565	2.682159900665283
56874566	2.682159900665283
56874590	2.682159900665283
56874605	2.682159900665283
56874606	2.682159900665283
56874607	2.682159900665283
56874619	2.682159900665283
56874626	3.0915732383728027
56874628	3.0915732383728027
56874639	3.0915732383728027
56874640	3.0915732383728027
56874650	2.682159900665283
56874657	2.682159900665283
56874658	2.682159900665283
56874665	2.682159900665283
56874667	2.682159900665283
56874669	2.682159900665283
56874682	2.682159900665283
56874689	2.682159900665283
56874690	2.682159900665283
56874693	2.682159900665283
56874703	2.682159900665283
56874728	2.682159900665283
56874746	2.682159900665283
56874751	2.682159900665283
56874752	2.682159900665283
56874753	2.682159900665283
56874767	2.682159900665283
56874768	2.682159900665283
56874777	2.682159900665283
56874783	2.682159900665283
56874787	2.682159900665283
56874794	2.682159900665283
56874806	2.682159900665283
56874831	2.682159900665283
56874833	2.682159900665283
56874841	2.682159900665283
56874844	2.682159900665283
56874854	2.682159900665283
56874872	2.682159900665283
56874875	2.682159900665283
56874878	2.682159900665283
56874894	2.682159900665283
56874913	2.682159900665283
56874918	2.682159900665283
56874930	2.682159900665283
56874936	2.682159900665283
56874957	2.682159900665283
56874977	2.682159900665283
56875019	2.682159900665283
56875021	2.682159900665283
56875077	2.682159900665283
56875098	2.682159900665283
56875108	2.682159900665283
56875115	2.682159900665283
56875125	2.682159900665283
56875143	2.682159900665283
56875148	2.682159900665283
56875161	2.682159900665283
56875171	2.682159900665283
56875173	2.682159900665283
56875204	2.682159900665283
56875205	2.682159900665283
56875210	2.682159900665283
56875244	2.682159900665283
56875245	2.682159900665283
56875257	2.682159900665283
56875266	2.682159900665283
56875268	2.682159900665283
56875272	2.682159900665283
56875279	2.682159900665283
56875294	2.682159900665283
56875312	2.682159900665283
56875332	2.682159900665283
56875355	2.682159900665283
56875356	2.682159900665283
56875361	2.682159900665283
56875378	2.682159900665283
56875396	2.682159900665283
56875454	2.682159900665283
56875457	2.682159900665283
56875464	2.682159900665283
56875471	2.682159900665283
56875477	2.682159900665283
56875493	2.682159900665283
56875519	2.682159900665283
56875532	2.682159900665283
56875536	2.682159900665283
56875557	2.682159900665283
56875563	2.682159900665283
56875608	2.682159900665283
56875752	2.682159900665283
56875790	2.682159900665283
56875813	2.682159900665283
56875814	2.682159900665283
56875818	2.682159900665283
56875819	2.682159900665283
56875827	3.0915732383728027
56875836	3.0915732383728027
56875846	3.864466667175293
56875854	3.864466667175293
56875874	3.864466667175293
56875876	3.0915732383728027
56875877	3.0915732383728027
56875887	3.0915732383728027
56875897	3.0915732383728027
56875898	2.682159900665283
56875903	2.682159900665283
56875908	2.682159900665283
56875912	2.682159900665283
56875915	2.682159900665283
56875920	2.682159900665283
56875922	2.682159900665283
56875923	3.0915732383728027
56875924	3.0915732383728027
56875929	3.0915732383728027
56875935	3.864466667175293
56875940	4.637359619140625
56875951	4.637359619140625
56875957	5.410253047943115
56875963	5.410253047943115
56875964	5.410253047943115
56875968	5.410253047943115
56875977	5.410253047943115
56875990	6.1831464767456055
56875992	6.956039905548096
56875994	6.956039905548096
56875996	7.728933334350586
56875999	6.956039905548096
56876006	6.1831464767456055
56876013	4.637359619140625
56876015	3.864466667175293
56876019	4.637359619140625
56876020	3.864466667175293
56876021	3.864466667175293
56876028	4.637359619140625
56876030	4.637359619140625
56876033	4.637359619140625
56876035	4.637359619140625
56876058	3.864466667175293
56876061	3.864466667175293
56876066	3.0915732383728027
56876074	3.864466667175293
56876078	3.0915732383728027
56876099	2.682159900665283
56876105	2.682159900665283
56876106	2.682159900665283
56876120	2.682159900665283
56876122	2.682159900665283
56876147	2.682159900665283
56876150	2.682159900665283
56876175	2.682159900665283
56876185	2.682159900665283
56876193	2.682159900665283
56876202	2.682159900665283
56876222	2.682159900665283
56876251	2.682159900665283
56876252	2.682159900665283
56876259	2.682159900665283
56876270	2.682159900665283
56876274	2.682159900665283
56876276	2.682159900665283
56876282	2.682159900665283
56876285	2.682159900665283
56876293	2.682159900665283
56876294	2.682159900665283
56876323	2.682159900665283
56876332	2.682159900665283
56876355	2.682159900665283
56876356	2.682159900665283
56876360	2.682159900665283
56876361	2.682159900665283
56876366	2.682159900665283
56876369	2.682159900665283
56876377	2.682159900665283
56876378	2.682159900665283
56876380	2.682159900665283
56876381	2.682159900665283
56876407	2.682159900665283
56876420	2.682159900665283
56876437	2.682159900665283
56876444	2.682159900665283
56876445	2.682159900665283
56876453	2.682159900665283
56876454	2.682159900665283
56876457	2.682159900665283
56876464	2.682159900665283
56876465	2.682159900665283
56876471	2.682159900665283
56876477	2.682159900665283
56876493	2.682159900665283
56876500	2.682159900665283
56876504	2.682159900665283
56876515	2.682159900665283
56876519	2.682159900665283
56876529	2.682159900665283
56876532	2.682159900665283
56876536	2.682159900665283
56876538	2.682159900665283
56876539	2.682159900665283
56876542	2.682159900665283
56876543	2.682159900665283
56876557	2.682159900665283
56876563	2.682159900665283
56876575	2.682159900665283
56876579	2.682159900665283
56876580	2.682159900665283
56876590	2.682159900665283
56876605	2.682159900665283
56876608	2.682159900665283
56876633	2.682159900665283
56876651	2.682159900665283
56876660	3.0915732383728027
56876664	3.864466667175293
56876674	3.0915732383728027
56876689	3.0915732383728027
56876717	2.682159900665283
56876726	2.682159900665283
56876728	2.682159900665283
56876734	2.682159900665283
56876735	2.682159900665283
56876744	2.682159900665283
56876798	2.682159900665283
56876812	2.682159900665283
56876818	2.682159900665283
56876827	2.682159900665283
56876830	2.682159900665283
56876843	2.682159900665283
56876877	2.682159900665283
56876904	2.682159900665283
56876922	2.682159900665283
56876923	2.682159900665283
56876942	2.682159900665283
56876979	2.682159900665283
56877002	2.682159900665283
56877058	2.682159900665283
56877061	2.682159900665283
56877069	2.682159900665283
56877108	2.682159900665283
56877122	2.682159900665283
56877147	2.682159900665283
56877175	2.682159900665283
56877178	2.682159900665283
56877184	2.682159900665283
56877193	2.682159900665283
56877194	2.682159900665283
56877202	2.682159900665283
56877207	2.682159900665283
56877256	2.682159900665283
56877257	2.682159900665283
56877268	2.682159900665283
56877270	2.682159900665283
56877279	2.682159900665283
56877287	2.682159900665283
56877301	2.682159900665283
56877319	2.682159900665283
56877329	2.682159900665283
56877339	2.682159900665283
56877340	2.682159900665283
56877345	2.682159900665283
56877389	2.682159900665283
56877437	2.682159900665283
56877460	2.682159900665283
56877516	2.682159900665283
56877519	2.682159900665283
56877521	3.0915732383728027
56877527	2.682159900665283
56877542	3.0915732383728027
56877544	3.0915732383728027
56877566	2.682159900665283
56877591	3.0915732383728027
56877600	3.0915732383728027
56877603	2.682159900665283
56877611	2.682159900665283
56877636	2.682159900665283
56877640	2.682159900665283
56877641	2.682159900665283
56877650	2.682159900665283
56877652	2.682159900665283
56877693	2.682159900665283
56877696	2.682159900665283
56877720	2.682159900665283
56877726	2.682159900665283
56877736	2.682159900665283
56877737	2.682159900665283
56877745	2.682159900665283
56877751	2.682159900665283
56877759	2.682159900665283
56877777	2.682159900665283
56877787	3.0915732383728027
56877798	3.864466667175293
56877803	3.864466667175293
56877821	4.637359619140625
56877829	3.864466667175293
56877843	3.0915732383728027
56877861	2.682159900665283
56877871	2.682159900665283
56877887	2.682159900665283
56877903	2.682159900665283
56877918	2.682159900665283
56877929	2.682159900665283
56877936	2.682159900665283
56877954	2.682159900665283
56877963	2.682159900665283
56877973	2.682159900665283
56877979	2.682159900665283
56877999	2.682159900665283
56878002	2.682159900665283
56878003	2.682159900665283
56878009	2.682159900665283
56878025	2.682159900665283
56878027	2.682159900665283
56878039	2.682159900665283
56878056	2.682159900665283
56878058	2.682159900665283
56878061	2.682159900665283
56878069	2.682159900665283
56878076	2.682159900665283
56878078	2.682159900665283
56878079	2.682159900665283
56878088	2.682159900665283
56878099	2.682159900665283
56878101	2.682159900665283
56878107	2.682159900665283
56878108	2.682159900665283
56878144	2.682159900665283
56878147	2.682159900665283
56878154	2.682159900665283
56878178	2.682159900665283
56878183	2.682159900665283
56878194	2.682159900665283
56878203	2.682159900665283
56878209	2.682159900665283
56878214	2.682159900665283
56878226	2.682159900665283
56878229	2.682159900665283
56878238	2.682159900665283
56878249	2.682159900665283
56878274	2.682159900665283
56878279	2.682159900665283
56878287	2.682159900665283
56878293	2.682159900665283
56878301	2.682159900665283
56878319	2.682159900665283
56878324	2.682159900665283
56878329	2.682159900665283
56878345	2.682159900665283
56878531	2.682159900665283
56878559	2.682159900665283
56878580	2.682159900665283
56878600	2.682159900665283
56878601	2.682159900665283
56878602	2.682159900665283
56878641	2.682159900665283
56878643	2.682159900665283
56878672	2.682159900665283
56878686	2.682159900665283
56878687	2.682159900665283
56878696	2.682159900665283
56878719	2.682159900665283
56878725	2.682159900665283
56878744	2.682159900665283
56878751	2.682159900665283
56878756	2.682159900665283
56878764	2.682159900665283
56878766	2.682159900665283
56878815	2.682159900665283
56878838	2.682159900665283
56878876	2.682159900665283
56878917	2.682159900665283
56878918	2.682159900665283
56878989	2.682159900665283
56878998	2.682159900665283
56879007	2.682159900665283
56879038	2.682159900665283
56879065	2.682159900665283
56879066	2.682159900665283
56879073	2.682159900665283
56879090	2.682159900665283
56879101	2.682159900665283
56879105	2.682159900665283
56879107	2.682159900665283
56879122	2.682159900665283
56879126	2.682159900665283
56879128	2.682159900665283
56879130	2.682159900665283
56879139	2.682159900665283
56879144	2.682159900665283
56879157	2.682159900665283
56879158	2.682159900665283
56879165	2.682159900665283
56879167	2.682159900665283
56879169	2.682159900665283
56879178	2.682159900665283
56879182	2.682159900665283
56879183	2.682159900665283
56879193	2.682159900665283
56879214	2.682159900665283
56879228	2.682159900665283
56879246	2.682159900665283
56879251	2.682159900665283
56879268	2.682159900665283
56879277	2.682159900665283
56879283	2.682159900665283
56879287	2.682159900665283
56879306	2.682159900665283
56879331	2.682159900665283
56879333	2.682159900665283
56879341	2.682159900665283
56879372	2.682159900665283
56879375	2.682159900665283
56879376	2.682159900665283
56879394	2.682159900665283
56879413	2.682159900665283
56879430	2.682159900665283
56879456	2.682159900665283
56879457	2.682159900665283
56879460	2.682159900665283
56879465	2.682159900665283
56879477	2.682159900665283
56879496	2.682159900665283
56879507	2.682159900665283
56879519	2.682159900665283
56879523	2.682159900665283
56879524	3.0915732383728027
56879531	3.864466667175293
56879540	3.864466667175293
56879548	3.0915732383728027
56879549	3.864466667175293
56879563	3.0915732383728027
56879565	4.637359619140625
56879580	5.410253047943115
56879584	4.637359619140625
56879586	5.410253047943115
56879598	6.1831464767456055
56879607	6.1831464767456055
56879608	5.410253047943115
56879615	4.637359619140625
56879616	5.410253047943115
56879623	6.1831464767456055
56879625	6.956039905548096
56879627	7.728933334350586
56879632	8.501826286315918
56879640	7.728933334350586
56879647	8.501826286315918
56879648	6.956039905548096
56879649	6.956039905548096
56879651	6.1831464767456055
56879661	6.956039905548096
56879668	6.956039905548096
56879670	6.1831464767456055
56879686	5.410253047943115
56879699	6.1831464767456055
56879700	5.410253047943115
56879704	4.637359619140625
56879707	5.410253047943115
56879711	4.637359619140625
56879724	3.864466667175293
56879726	3.0915732383728027
56879741	3.864466667175293
56879745	4.637359619140625
56879764	5.410253047943115
56879770	6.1831464767456055
56879788	5.410253047943115
56879791	4.637359619140625
56879793	5.410253047943115
56879799	4.637359619140625
56879810	5.410253047943115
56879819	4.637359619140625
56879825	3.864466667175293
56879829	3.0915732383728027
56879833	2.682159900665283
56879848	3.864466667175293
56879852	3.0915732383728027
56879871	3.864466667175293
56879875	4.637359619140625
56879883	3.864466667175293
56879917	3.0915732383728027
56879918	2.682159900665283
56879936	2.682159900665283
56879955	2.682159900665283
56879977	2.682159900665283
56879998	2.682159900665283
56880007	2.682159900665283
56880038	2.682159900665283
56880061	2.682159900665283
56880065	2.682159900665283
56880066	2.682159900665283
56880090	2.682159900665283
56880105	2.682159900665283
56880107	2.682159900665283
56880126	2.682159900665283
56880128	2.682159900665283
56880157	2.682159900665283
56880158	2.682159900665283
56880165	2.682159900665283
56880167	2.682159900665283
56880169	2.682159900665283
56880182	2.682159900665283
56880193	2.682159900665283
56880228	2.682159900665283
56880246	2.682159900665283
56880251	2.682159900665283
56880252	2.682159900665283
56880266	2.682159900665283
56880268	2.682159900665283
56880277	2.682159900665283
56880283	2.682159900665283
56880286	2.682159900665283
56880287	2.682159900665283
56880306	2.682159900665283
56880333	2.682159900665283
56880341	2.682159900665283
56880344	2.682159900665283
56880354	2.682159900665283
56880357	2.682159900665283
56880375	2.682159900665283
56880394	2.682159900665283
56880400	2.682159900665283
56880413	2.682159900665283
56880443	2.682159900665283
56880519	2.682159900665283
56880533	2.682159900665283
56880617	2.682159900665283
56880620	2.682159900665283
56880647	2.682159900665283
56880685	2.682159900665283
56880690	2.682159900665283
56880774	2.682159900665283
56880832	2.682159900665283
56880855	2.682159900665283
56880856	2.682159900665283
56880861	2.682159900665283
56880878	2.682159900665283
56880954	2.682159900665283
56880957	2.682159900665283
56880964	2.682159900665283
56880965	2.682159900665283
56880971	2.682159900665283
56880977	2.682159900665283
56880991	2.682159900665283
56880993	2.682159900665283
56881019	2.682159900665283
56881032	2.682159900665283
56881036	2.682159900665283
56881057	2.682159900665283
56881063	2.682159900665283
56881073	2.682159900665283
56881075	2.682159900665283
56881078	2.682159900665283
56881108	2.682159900665283
56881143	2.682159900665283
56881162	2.682159900665283
56881227	2.682159900665283
56881232	2.682159900665283
56881316	2.682159900665283
56881318	2.682159900665283
56881327	2.682159900665283
56881330	2.682159900665283
56881343	2.682159900665283
56881350	2.682159900665283
56881377	2.682159900665283
56881392	2.682159900665283
56881401	2.682159900665283
56881404	2.682159900665283
56881422	2.682159900665283
56881423	2.682159900665283
56881442	2.682159900665283
56881533	2.682159900665283
56881620	2.682159900665283
56881622	2.682159900665283
56881647	2.682159900665283
56881668	2.682159900665283
56881675	2.682159900665283
56881685	2.682159900665283
56881693	2.682159900665283
56881702	2.682159900665283
56881770	2.682159900665283
56881774	2.682159900665283
56881785	2.682159900665283
56881788	2.682159900665283
56881799	2.682159900665283
56881801	2.682159900665283
56881835	2.682159900665283
56881862	3.0915732383728027
56881869	3.864466667175293
56881872	3.0915732383728027
56881885	2.682159900665283
56881900	2.682159900665283
56881919	2.682159900665283
56881946	2.682159900665283
56881977	2.682159900665283
56881984	2.682159900665283
56882006	2.682159900665283
56882066	2.682159900665283
56882128	2.682159900665283
56882140	2.682159900665283
56882193	2.682159900665283
56882226	2.682159900665283
56882298	2.682159900665283
56882327	2.682159900665283
56882330	2.682159900665283
56882343	2.682159900665283
56882377	2.682159900665283
56882404	2.682159900665283
56882442	2.682159900665283
56882479	2.682159900665283
56882502	2.682159900665283
56882558	2.682159900665283
56882561	2.682159900665283
56882569	2.682159900665283
56882598	2.682159900665283
56882608	2.682159900665283
56882651	2.682159900665283
56882678	2.682159900665283
56882682	2.682159900665283
56882694	2.682159900665283
56882726	2.682159900665283
56882735	2.682159900665283
56882749	2.682159900665283
56882774	2.682159900665283
56882779	2.682159900665283
56882787	2.682159900665283
56882801	2.682159900665283
56882819	2.682159900665283
56882824	2.682159900665283
56882829	2.682159900665283
56882845	2.682159900665283
56883140	2.682159900665283
56883141	2.682159900665283
56883184	2.682159900665283
56883193	2.682159900665283
56883196	2.682159900665283
56883207	2.682159900665283
56883219	2.682159900665283
56883232	2.682159900665283
56883251	2.682159900665283
56883264	2.682159900665283
56883268	2.682159900665283
56883282	2.682159900665283
56883291	2.682159900665283
56883316	2.682159900665283
56883338	2.682159900665283
56883366	2.682159900665283
56883376	2.682159900665283
56883601	2.682159900665283
56883630	2.682159900665283
56883644	2.682159900665283
56883677	2.682159900665283
56883678	2.682159900665283
56883683	2.682159900665283
56883714	2.682159900665283
56883722	2.682159900665283
56883726	2.682159900665283
56883749	2.682159900665283
56883761	2.682159900665283
56883774	2.682159900665283
56883796	2.682159900665283
56883806	2.682159900665283
56883824	2.682159900665283
56883834	2.682159900665283
56883880	2.682159900665283
56883918	2.682159900665283
56883957	2.682159900665283
56884007	2.682159900665283
56884031	2.682159900665283
56884080	2.682159900665283
56884088	2.682159900665283
56884136	2.682159900665283
56884172	2.682159900665283
56884219	2.682159900665283
56884220	2.682159900665283
56884264	2.682159900665283
56884338	2.682159900665283
56884376	2.682159900665283
56884415	2.682159900665283
56884418	2.682159900665283
56884465	2.682159900665283
56884498	2.682159900665283
56884499	2.682159900665283
56884507	2.682159900665283
56884538	2.682159900665283
56884549	2.682159900665283
56884565	2.682159900665283
56884566	2.682159900665283
56884590	2.682159900665283
56884605	2.682159900665283
56884607	2.682159900665283
56884626	2.682159900665283
56884628	2.682159900665283
56884630	2.682159900665283
56884657	2.682159900665283
56884658	2.682159900665283
56884665	2.682159900665283
56884667	2.682159900665283
56884669	2.682159900665283
56884678	2.682159900665283
56884682	2.682159900665283
56884693	2.682159900665283
56884728	2.682159900665283
56884746	2.682159900665283
56884751	2.682159900665283
56884766	2.682159900665283
56884768	2.682159900665283
56884777	2.682159900665283
56884783	2.682159900665283
56884786	2.682159900665283
56884787	2.682159900665283
56884806	2.682159900665283
56884833	2.682159900665283
56884841	2.682159900665283
56884844	2.682159900665283
56884857	2.682159900665283
56884875	2.682159900665283
56884894	2.682159900665283
56884900	2.682159900665283
56884913	2.682159900665283
56884943	2.682159900665283
56884957	2.682159900665283
56885007	2.682159900665283
56885019	2.682159900665283
56885117	2.682159900665283
56885147	2.682159900665283
56885190	2.682159900665283
56885224	2.682159900665283
56885244	2.682159900665283
56885302	2.682159900665283
56885308	2.682159900665283
56885315	2.682159900665283
56885328	2.682159900665283
56885358	2.682159900665283
56885386	2.682159900665283
56885399	2.682159900665283
56885401	2.682159900665283
56885442	2.682159900665283
56885465	2.682159900665283
56885485	2.682159900665283
56885573	2.682159900665283
56885575	2.682159900665283
56885605	2.682159900665283
56885648	2.682159900665283
56885659	3.0915732383728027
56885689	2.682159900665283
56885732	2.682159900665283
56885766	2.682159900665283
56885786	2.682159900665283
56885843	2.682159900665283
56885844	2.682159900665283
56885850	2.682159900665283
56885857	2.682159900665283
56885892	2.682159900665283
56885900	2.682159900665283
56885901	2.682159900665283
56885923	2.682159900665283
56885943	2.682159900665283
56886007	2.682159900665283
56886031	2.682159900665283
56886033	2.682159900665283
56886115	2.682159900665283
56886117	2.682159900665283
56886120	2.682159900665283
56886147	2.682159900665283
56886168	2.682159900665283
56886185	2.682159900665283
56886190	2.682159900665283
56886274	2.682159900665283
56886299	2.682159900665283
56886301	2.682159900665283
56886308	2.682159900665283
56886350	2.682159900665283
56886359	2.682159900665283
56886385	3.0915732383728027
56886392	2.682159900665283
56886434	2.682159900665283
56886443	2.682159900665283
56886465	2.682159900665283
56886477	2.682159900665283
56886506	2.682159900665283
56886566	2.682159900665283
56886573	2.682159900665283
56886626	2.682159900665283
56886628	2.682159900665283
56886710	2.682159900665283
56886757	2.682159900665283
56886827	2.682159900665283
56886830	2.682159900665283
56886841	2.682159900665283
56886843	2.682159900665283
56886850	2.682159900665283
56886877	2.682159900665283
56886892	2.682159900665283
56886901	2.682159900665283
56886904	2.682159900665283
56886935	2.682159900665283
56886942	2.682159900665283
56886964	2.682159900665283
56887019	2.682159900665283
56887024	2.682159900665283
56887048	2.682159900665283
56887086	2.682159900665283
56887108	2.682159900665283
56887168	2.682159900665283
56887170	2.682159900665283
