seqnames	start	end	width	strand	V4	V5	V6	annotation	geneChr	geneStart	geneEnd	geneLength	geneStrand	geneId	transcriptId	distanceToTSS	ENSEMBL	SYMBOL	GENENAME	PeakID	log2FoldChange	padj
chr18	12769958	12771214	1257	*	peak_16227	-1.83082749671825	2.04566598140955e-41	Intron (ENST00000589930.4/100996324, intron 1 of 3)	18	12739493	12775119	35627	2	100996324	ENST00000733312.1	3905	NA	LINC01882	long intergenic non-protein coding RNA 1882	NA	NA	NA
chr5	20660549	20661258	710	*	peak_28173	-1.555247231639	8.27609595956267e-41	Exon (ENST00000665581.2/105374676, exon 2 of 4)	5	20670576	20682230	11655	1	105374676	ENST00000765459.1	-9318	ENSG00000251629	LINC02241	long intergenic non-protein coding RNA 2241	NA	NA	NA
chr8	133717057	133717572	516	*	peak_32961	-1.48176848777281	2.63565863058952e-39	Distal Intergenic	8	133663756	133684259	20504	2	105375773	ENST00000701552.2	-32798	NA	LINC03024	long intergenic non-protein coding RNA 3024	NA	NA	NA
chr2	20884705	20885412	708	*	peak_18447	-1.5727190710435	4.22806220145805e-38	Distal Intergenic	2	20859771	20861661	1891	1	101928271	ENST00000447260.1	24934	ENSG00000236436	LINC02850	long intergenic non-protein coding RNA 2850	NA	NA	NA
chr8	133997849	133998512	664	*	peak_32979	-1.49417864590107	8.59139138860573e-35	Intron (ENST00000846274.1/ENST00000846274.1, intron 1 of 2)	8	133886496	133902407	15912	1	101927822	ENST00000520149.2	111353	ENSG00000253593	LOC101927822	uncharacterized LOC101927822	NA	NA	NA
chr4	46212836	46213359	524	*	peak_27618	-1.77672555109572	1.97042701662789e-34	Distal Intergenic	4	46035769	46124054	88286	2	2565	ENST00000295452.5	-88782	ENSG00000163285	GABRG1	gamma-aminobutyric acid type A receptor subunit gamma1	NA	NA	NA
chr18	7150611	7151335	725	*	peak_16084	-1.5646433575994	7.57371198187428e-34	Distal Intergenic	18	6941742	7117797	176056	2	284217	ENST00000389658.4	-32814	ENSG00000101680	LAMA1	laminin subunit alpha 1	NA	NA	NA
chr8	132331755	132332316	562	*	peak_32877	-1.5305745600487	1.30897462146301e-33	Intron (ENST00000388996.10/3786, intron 1 of 14)	8	132129406	132321545	192140	2	3786	ENST00000638588.1	-10210	ENSG00000184156	KCNQ3	potassium voltage-gated channel subfamily Q member 3	NA	NA	NA
chr8	101854919	101855533	615	*	peak_32588	-1.62854562490687	2.21027851316873e-33	Intron (ENST00000311028.4/83988, intron 4 of 6)	8	101847256	101847360	105	2	124902079	ENST00000459507.1	-7559	ENSG00000238372	LOC124902079	small nucleolar RNA U13	NA	NA	NA
chr17	51651510	51652174	665	*	peak_14749	-1.36348753211126	6.14851439520656e-33	Intron (ENST00000570565.5/56934, intron 5 of 8)	17	51661593	51747788	86196	2	56934	ENST00000575097.1	95614	ENSG00000154975	CA10	carbonic anhydrase 10	NA	NA	NA
chr4	33715933	33716435	503	*	peak_27571	-1.54017541251425	3.21064468704873e-32	Distal Intergenic	4	33850591	33892149	41559	1	105374392	ENST00000504795.5	-134156	NA	LOC105374392	uncharacterized LOC105374392	NA	NA	NA
chr17	54776857	54777490	634	*	peak_14756	-1.68531661420475	3.2746260767889e-32	Distal Intergenic	17	54899387	54937316	37930	1	10040	ENST00000570371.5	-121897	ENSG00000141198	TOM1L1	target of myb1 like 1 membrane trafficking protein	NA	NA	NA
chr20	16939110	16940052	943	*	peak_21208	-1.71941306854412	4.53770940962692e-32	Distal Intergenic	20	17122165	17152540	30376	1	105372544	ENST00000785117.1	-182113	ENSG00000302234	LOC105372544	uncharacterized LOC105372544	NA	NA	NA
chr18	14826876	14827390	515	*	peak_16280	-1.56736307484853	1.30549195209569e-31	Intron (ENST00000690538.1/374860, intron 32 of 43)	18	14830166	14830242	77	1	100422907	ENST00000581101.1	-2776	ENSG00000265499	MIR3156-2	microRNA 3156-2	NA	NA	NA
chr7	64300491	64301342	852	*	peak_31350	-1.39073643375024	8.81746675348845e-31	Promoter (<=1kb)	7	64294505	64300605	6101	2	105375322	ENST00000752311.1	0	NA	LOC105375322	uncharacterized LOC105375322	NA	NA	NA
chr8	133753104	133753721	618	*	peak_32965	-1.1141135567224	1.4165811931865e-30	Distal Intergenic	8	133775551	133777352	1802	2	101927798	ENST00000517380.1	23631	ENSG00000253165	LOC101927798	uncharacterized LOC101927798	NA	NA	NA
chr8	121096558	121097013	456	*	peak_32690	-1.53214444682088	3.24072511790378e-30	Intron (ENST00000517739.1/ENST00000517739.1, intron 2 of 3)	8	121140049	121145077	5029	2	124902010	ENST00000721799.1	48064	ENSG00000294187	LOC124902010	uncharacterized LOC124902010	NA	NA	NA
chr14	72686098	72686557	460	*	peak_9740	-1.61256691828903	3.9859618556042e-30	Intron (ENST00000556509.6/8110, intron 7 of 10)	14	72671000	72679302	8303	2	8110	ENST00000556891.5	-6796	ENSG00000205683	DPF3	double PHD fingers 3	NA	NA	NA
chr2	2054111	2055060	950	*	peak_18035	-1.28924040232306	9.90120520894987e-29	5' UTR	2	1973304	1979777	6474	2	23040	ENST00000485348.3	-74334	ENSG00000186487	MYT1L	myelin transcription factor 1 like	NA	NA	NA
chr18	7879699	7880215	517	*	peak_16105	-1.24073417512858	1.11126533889047e-28	Intron (ENST00000332175.12/5797, intron 2 of 30)	18	7946870	8069712	122843	1	5797	ENST00000578916.2	-66655	ENSG00000173482	PTPRM	protein tyrosine phosphatase receptor type M	NA	NA	NA
chr7	27975131	27975625	495	*	peak_30889	-1.40724109054562	1.12129913554854e-28	Intron (ENST00000427814.5/221895, intron 1 of 3)	7	27830573	27992056	161484	2	221895	ENST00000427814.5	16431	ENSG00000153814	JAZF1	JAZF zinc finger 1	NA	NA	NA
chr12	39232278	39232975	698	*	peak_7946	-1.71908071845802	1.44090343591959e-28	Distal Intergenic	12	39293228	39312826	19599	2	55605	ENST00000547733.1	79851	ENSG00000139116	KIF21A	kinesin family member 21A	NA	NA	NA
chr1	191558222	191558690	469	*	peak_2913	-1.94122455009189	1.81627666106964e-28	Distal Intergenic	1	191823432	192010781	187350	1	107985457	ENST00000664489.1	-264742	NA	LINC02770	long intergenic non-protein coding RNA 2770	NA	NA	NA
chr8	123579529	123580391	863	*	peak_32727	-1.44623353355949	2.19435135078697e-28	Distal Intergenic	8	123613874	123667251	53378	1	105375738	ENST00000836609.1	-33483	NA	LOC105375738	uncharacterized LOC105375738	NA	NA	NA
chr17	58044305	58044906	602	*	peak_14828	-1.4136863577864	2.6413112483367e-28	Distal Intergenic	17	58050789	58060739	9951	2	105371840	ENST00000649559.1	15833	NA	LOC105371840	uncharacterized LOC105371840	NA	NA	NA
chr18	14961995	14962385	391	*	peak_16285	-1.36914418660649	5.30749327013578e-28	Exon (ENST00000584531.1/400644, exon 2 of 4)	18	14964260	14970122	5863	2	101927642	ENST00000737862.1	7737	ENSG00000264301	LINC01444	long intergenic non-protein coding RNA 1444	NA	NA	NA
chr14	61643370	61643926	557	*	peak_9542	-1.37230130707109	6.98958853455884e-28	Intron (ENST00000556347.1/5583, intron 3 of 3)	14	61647420	61654002	6583	1	400221	ENST00000556717.3	-3494	ENSG00000232774	LINC03033	long intergenic non-protein coding RNA 3033	NA	NA	NA
chr18	2515974	2516659	686	*	peak_16034	-1.06353657979602	1.00154813053593e-27	Promoter (<=1kb)	18	2506627	2516326	9700	2	124904235	ENST00000795578.1	0	NA	LOC124904235	uncharacterized LOC124904235	NA	NA	NA
chr2	126515466	126515831	366	*	peak_19886	-1.5185477413851	2.32454487599281e-27	Distal Intergenic	2	126656133	126658767	2635	1	2995	ENST00000484700.2	-140302	ENSG00000136732	GYPC	glycophorin C (Gerbich blood group)	NA	NA	NA
chr5	41748676	41749040	365	*	peak_28240	-1.9720122327324	4.39536862067363e-27	Intron (ENST00000196371.10/5019, intron 15 of 16)	5	41731739	41739721	7983	2	5019	ENST00000503374.1	-8955	ENSG00000083720	OXCT1	3-oxoacid CoA-transferase 1	NA	NA	NA
chr5	130715426	130715923	498	*	peak_28471	-1.46133876738414	5.45301824821727e-27	Intron (ENST00000661392.1/107986449, intron 4 of 5)	5	130668638	130817850	149213	2	107986449	ENST00000804527.1	101927	NA	LOC107986449	uncharacterized LOC107986449	NA	NA	NA
chr9	77807160	77807540	381	*	peak_34146	-1.79711521506438	8.70981190749483e-27	Intron (ENST00000286548.9/2776, intron 3 of 6)	9	77423079	77648322	225244	2	9630	ENST00000341700.7	-158838	ENSG00000156049	GNA14	G protein subunit alpha 14	NA	NA	NA
chr1	117557684	117558222	539	*	peak_2422	-1.65754228587938	9.0544740371366e-27	Distal Intergenic	1	117604624	117605685	1062	2	100996263	ENST00000456126.1	47463	ENSG00000236866	TENT5C-DT	TENT5C divergent transcript	NA	NA	NA
chr4	65071638	65072306	669	*	peak_27691	-1.3325826968382	9.08948343017978e-27	Distal Intergenic	4	64914281	65024485	110205	2	401134	ENST00000509932.2	-47153	ENSG00000250125	LINC02232	long intergenic non-protein coding RNA 2232	NA	NA	NA
chr6	159404475	159404960	486	*	peak_30279	-1.39024048265482	1.04301767967356e-26	Intron (ENST00000753126.1/105378084, intron 1 of 2)	6	159387004	159396443	9440	1	102724053	ENST00000654094.1	17471	ENSG00000234777	LINC02529	long intergenic non-protein coding RNA 2529	NA	NA	NA
chr10	120017753	120018422	670	*	peak_5188	-1.55308629464946	1.09557218832786e-26	Distal Intergenic	10	119958513	119958592	80	1	100616322	ENST00000580643.1	59240	ENSG00000265370	MIR4682	microRNA 4682	NA	NA	NA
chr8	130880422	130881063	642	*	peak_32856	-1.07836060961576	2.07756792376071e-26	Intron (ENST00000789998.1/105375762, intron 2 of 2)	8	130850108	130907098	56991	1	105375762	ENST00000789998.1	30314	NA	LOC105375762	uncharacterized LOC105375762	NA	NA	NA
chr7	80763198	80763640	443	*	peak_31557	-1.67170242002867	1.08093821331994e-25	Intron (ENST00000265361.8/10512, intron 13 of 17)	7	80796389	80798238	1850	2	10512	ENST00000475955.1	34598	ENSG00000075223	SEMA3C	semaphorin 3C	NA	NA	NA
chr12	115691061	115691602	542	*	peak_8472	-1.3565243099958	1.29842273159784e-25	Distal Intergenic	12	115639535	115641126	1592	2	105370002	ENST00000775421.1	-49935	NA	LOC105370002	uncharacterized LOC105370002	NA	NA	NA
chr10	107972040	107972413	374	*	peak_5062	-1.78691996134888	1.40150767341336e-25	Intron (ENST00000630847.2/103695365, intron 2 of 5)	10	108040383	108040699	317	2	103695365	ENST00000622852.1	68286	ENSG00000229981	LINC01435	long intergenic non-protein coding RNA 1435	NA	NA	NA
chr8	133744384	133744852	469	*	peak_32964	-1.4972454770949	1.76461738069788e-25	Distal Intergenic	8	133775551	133777352	1802	2	101927798	ENST00000517380.1	32500	ENSG00000253165	LOC101927798	uncharacterized LOC101927798	NA	NA	NA
chr8	138605657	138606319	663	*	peak_33057	-1.38025306338482	1.76461738069788e-25	Intron (ENST00000341807.8/169044, intron 32 of 38)	8	138607938	138620620	12683	2	169044	ENST00000487854.1	14301	ENSG00000169436	COL22A1	collagen type XXII alpha 1 chain	NA	NA	NA
chr21	27649302	27649708	407	*	peak_22608	-1.55356724117866	2.23588177090953e-25	Intron (ENST00000426418.2/105372763, intron 2 of 2)	21	27638703	27672208	33506	1	105372763	ENST00000764722.1	10599	ENSG00000234052	LINC01673	long intergenic non-protein coding RNA 1673	NA	NA	NA
chr2	126896523	126896899	377	*	peak_19911	-1.46003732282295	3.187799422596e-25	Promoter (1-2kb)	2	126893547	126898804	5258	2	105373603	ENST00000843607.1	1905	NA	LOC105373603	uncharacterized LOC105373603	NA	NA	NA
chr5	38719841	38720372	532	*	peak_28224	-1.36047168235634	4.14397064652747e-25	Promoter (<=1kb)	5	38710367	38720259	9893	2	101926904	ENST00000847655.1	0	ENSG00000249740	LINC01265	long intergenic non-protein coding RNA 1265	NA	NA	NA
chr12	26164102	26164554	453	*	peak_7859	-1.48743519627394	5.5992555477684e-25	Intron (ENST00000538142.5/8082, intron 1 of 2)	12	26134967	26231146	96180	1	8082	ENST00000540266.5	29135	ENSG00000123096	SSPN	sarcospan	NA	NA	NA
chr16	7137999	7138517	519	*	peak_11933	-1.24352846636897	6.165964220193e-25	Intron (ENST00000641259.1/54715, intron 7 of 19)	16	7043707	7055541	11835	2	105371068	ENST00000849806.1	-82458	NA	LOC105371068	uncharacterized LOC105371068	NA	NA	NA
chr22	25884180	25884482	303	*	peak_23634	-1.24565414513214	6.39999292862095e-25	Intron (ENST00000536101.5/84700, intron 25 of 42)	22	25892398	25895595	3198	2	105372963	ENST00000593715.5	11113	NA	MYO18B-AS1	MYO18B antisense RNA 1	NA	NA	NA
chr2	174743872	174744471	600	*	peak_20258	-1.63649271649382	7.82758826260217e-25	Intron (ENST00000842845.1/124906096, intron 3 of 3)	2	174747810	174764412	16603	2	1134	ENST00000409219.5	19941	ENSG00000138435	CHRNA1	cholinergic receptor nicotinic alpha 1 subunit	NA	NA	NA
chr1	115192210	115192762	553	*	peak_2384	-1.34586770308324	1.24888219510354e-24	Distal Intergenic	1	115239825	115366937	127113	1	112840934	ENST00000793538.1	-47063	ENSG00000228035	NGF-AS1	NGF antisense RNA 1	NA	NA	NA
chr3	8693951	8695292	1342	*	peak_24970	-1.57174013544781	1.74873192878042e-24	Intron (ENST00000435138.5/51066, intron 4 of 17)	3	8663741	8682079	18339	2	51066	ENST00000470009.1	-11872	ENSG00000125046	SSUH2	ssu-2 homolog	NA	NA	NA
chr5	43281416	43282364	949	*	peak_28253	-1.09892353214579	2.95244331975416e-24	Distal Intergenic	5	43293734	43294852	1119	2	3157	ENST00000508319.1	12488	ENSG00000112972	HMGCS1	3-hydroxy-3-methylglutaryl-CoA synthase 1	NA	NA	NA
chr2	150681321	150681748	428	*	peak_20195	-1.65042416179301	3.37328238441234e-24	Distal Intergenic	2	150631181	150634787	3607	1	101929282	ENST00000653799.1	50140	ENSG00000224048	LINC02612	long intergenic non-protein coding RNA 2612	NA	NA	NA
chr14	76700763	76701347	585	*	peak_9829	-1.4448198660099	4.70105263949809e-24	Intron (ENST00000554926.1/105370577, intron 1 of 3)	14	76495363	76726712	231350	2	105370577	ENST00000554926.1	25365	NA	LOC105370577	uncharacterized LOC105370577	NA	NA	NA
chr8	32846974	32847417	444	*	peak_32246	-1.60708714949416	5.01424289985924e-24	Exon (ENST00000846031.1/ENST00000846031.1, exon 1 of 3)	8	32927913	33045445	117533	1	105379362	ENST00000659524.1	-80496	NA	LOC105379362	uncharacterized LOC105379362	NA	NA	NA
chr2	26805224	26805874	651	*	peak_18610	-1.23974500745889	7.0722758820626e-24	Distal Intergenic	2	26786143	26801067	14925	1	1058	ENST00000460030.1	19081	ENSG00000115163	CENPA	centromere protein A	NA	NA	NA
chr1	185500027	185500568	542	*	peak_2911	-1.30445536505774	8.30169033224189e-24	Intron (ENST00000753885.1/ENST00000753885.1, intron 2 of 2)	1	185478972	185530849	51878	1	107985239	ENST00000753887.1	21055	NA	LOC107985239	uncharacterized LOC107985239	NA	NA	NA
chr3	198093224	198093570	347	*	peak_27160	-1.7742403992823	8.37050770311441e-24	Intron (ENST00000729657.1/ENST00000729657.1, intron 1 of 3)	3	198027975	198081921	53947	2	348840	ENST00000762503.1	-11303	ENSG00000232832	ANKRD18DP	ankyrin repeat domain 18D, pseudogene	NA	NA	NA
chr12	11014781	11015361	581	*	peak_7777	-1.59622973620342	9.39892091955845e-24	Intron (ENST00000536668.2/100533464, intron 3 of 9)	12	11021619	11022620	1002	2	259294	ENST00000390673.2	7259	ENSG00000212124	TAS2R19	taste 2 receptor member 19	NA	NA	NA
chr2	233275706	233276179	474	*	peak_20634	-1.64817205340861	1.05199456270118e-23	Promoter (<=1kb)	2	233275727	233276002	276	1	677775	ENST00000516201.1	0	ENSG00000252010	SCARNA5	small Cajal body-specific RNA 5	NA	NA	NA
chr3	45023377	45024075	699	*	peak_25513	-1.4363950415031	1.0705017156601e-23	Intron (ENST00000481405.1/7123, intron 2 of 2)	3	45026303	45036071	9769	1	7123	ENST00000296130.5	-2228	ENSG00000163815	CLEC3B	C-type lectin domain family 3 member B	NA	NA	NA
chr6	152529391	152529922	532	*	peak_30216	-1.23463639402092	1.33847772586021e-23	Intron (ENST00000423061.6/23345, intron 3 of 145)	6	152462287	152563277	100991	2	23345	ENST00000535896.7	33355	ENSG00000131018	SYNE1	spectrin repeat containing nuclear envelope protein 1	NA	NA	NA
chr12	58529036	58529625	590	*	peak_8246	-1.78829660612737	1.98984319504122e-23	Intron (ENST00000849139.1/ENST00000849139.1, intron 1 of 1)	12	58544124	58813060	268937	1	100506869	ENST00000546977.5	-14499	ENSG00000258231	LOC100506869	uncharacterized LOC100506869	NA	NA	NA
chr5	95632104	95632715	612	*	peak_28373	-1.43454141768618	2.72406385721006e-23	Distal Intergenic	5	95620087	95622142	2056	1	285601	ENST00000380007.3	12017	ENSG00000178015	GPR150	G protein-coupled receptor 150	NA	NA	NA
chr13	66505238	66505866	629	*	peak_9121	-1.72733946780716	3.41403147314487e-23	Intron (ENST00000377865.7/5101, intron 4 of 4)	13	66304604	66306309	1706	2	5101	ENST00000617020.1	-198929	ENSG00000184226	PCDH9	protocadherin 9	NA	NA	NA
chr3	43423169	43423555	387	*	peak_25493	-1.66714436977447	3.56926640682752e-23	Intron (ENST00000468628.2/54861, intron 2 of 2)	3	43346923	43352152	5230	2	100873954	ENST00000607513.2	-71017	NA	SNRK-AS1	SNRK antisense RNA 1	NA	NA	NA
chr12	27493244	27493897	654	*	peak_7874	-1.56002707051716	5.31366340062802e-23	Promoter (<=1kb)	12	27493836	27502147	8312	1	341346	ENST00000541168.1	0	ENSG00000165935	SMCO2	single-pass membrane protein with coiled-coil domains 2	NA	NA	NA
chr15	86832919	86833550	632	*	peak_11229	-2.19705025265214	6.02695201084803e-23	Intron (ENST00000614907.3/123624, intron 22 of 22)	15	86932880	86946331	13452	1	105370954	ENST00000560696.1	-99330	ENSG00000259636	LOC105370954	uncharacterized LOC105370954	NA	NA	NA
chr15	63135552	63136315	764	*	peak_10536	-1.44615605426396	6.13807463174789e-23	Intron (ENST00000261893.9/114294, intron 5 of 5)	15	63129359	63141346	11988	1	114294	ENST00000559782.1	6193	ENSG00000103642	LACTB	lactamase beta	NA	NA	NA
chr8	2985187	2985805	619	*	peak_31913	-1.53748720421208	7.79441855749675e-23	Intron (ENST00000335551.11/64478, intron 41 of 55)	8	2999979	3043788	43810	2	64478	ENST00000519623.1	57983	ENSG00000183117	CSMD1	CUB and Sushi multiple domains 1	NA	NA	NA
chr18	14767917	14768589	673	*	peak_16279	-1.50888530358138	7.92650067025865e-23	Intron (ENST00000579292.5/374860, intron 1 of 4)	18	14748335	14817089	68755	1	374860	ENST00000580206.1	19582	ENSG00000180777	ANKRD30B	ankyrin repeat domain 30B	NA	NA	NA
chr2	201135290	201135704	415	*	peak_20307	-1.72044926712134	9.65160483115792e-23	Intron (ENST00000443227.5/8837, intron 2 of 8)	2	201133030	201136414	3385	1	8837	ENST00000460961.1	2260	ENSG00000003402	CFLAR	CASP8 and FADD like apoptosis regulator	NA	NA	NA
chr7	50772989	50773309	321	*	peak_31254	-1.71253235034973	1.18460753553068e-22	Intron (ENST00000335866.7/2887, intron 1 of 16)	7	50761658	50779570	17913	2	2887	ENST00000492265.1	6261	ENSG00000106070	GRB10	growth factor receptor bound protein 10	NA	NA	NA
chr5	133627201	133627559	359	*	peak_28604	-1.53716044577056	1.58225296284508e-22	Distal Intergenic	5	133196455	133612541	416087	2	23105	ENST00000265342.12	-14660	ENSG00000053108	FSTL4	follistatin like 4	NA	NA	NA
chr18	12768597	12769775	1179	*	peak_16226	-2.01326093464997	1.85555858507698e-22	Intron (ENST00000589930.4/100996324, intron 1 of 3)	18	12739493	12775119	35627	2	100996324	ENST00000733312.1	5344	NA	LINC01882	long intergenic non-protein coding RNA 1882	NA	NA	NA
chr5	158830955	158831497	543	*	peak_29077	-1.6034831226481	1.88434695599141e-22	Intron (ENST00000519890.5/1879, intron 3 of 11)	5	158698641	158708009	9369	2	1879	ENST00000518323.1	-122946	ENSG00000164330	EBF1	EBF transcription factor 1	NA	NA	NA
chr22	25497109	25497667	559	*	peak_23621	-1.20073644800118	2.1101640150426e-22	Intron (ENST00000818137.1/1416, intron 5 of 5)	22	25457380	25540792	83413	1	1416	ENST00000818132.1	39729	ENSG00000291087	CRYBB2P1	crystallin beta B2 pseudogene 1	NA	NA	NA
chr7	114048434	114049174	741	*	peak_31739	-1.1334919905879	2.27650564419246e-22	Intron (ENST00000449795.5/5506, intron 1 of 3)	7	113879556	114075920	196365	2	5506	ENST00000449795.5	26746	ENSG00000154415	PPP1R3A	protein phosphatase 1 regulatory subunit 3A	NA	NA	NA
chr14	61642321	61642970	650	*	peak_9541	-1.30829667507993	2.32804846464605e-22	Intron (ENST00000556347.1/5583, intron 3 of 3)	14	61647420	61654002	6583	1	400221	ENST00000556717.3	-4450	ENSG00000232774	LINC03033	long intergenic non-protein coding RNA 3033	NA	NA	NA
chr14	100871252	100873434	2183	*	peak_10103	-1.07327414606914	2.78167293556879e-22	Promoter (1-2kb)	14	100874493	100874585	93	1	442905	ENST00000362281.3	-1059	ENSG00000199151	MIR337	microRNA 337	NA	NA	NA
chr15	68017172	68017561	390	*	peak_10685	-1.29457319036176	3.36875950583053e-22	Distal Intergenic	15	68054309	68142339	88031	1	8554	ENST00000564915.5	-36748	ENSG00000033800	PIAS1	protein inhibitor of activated STAT 1	NA	NA	NA
chr1	183908193	183908528	336	*	peak_2902	-1.30341048384234	3.48405161411348e-22	Intron (ENST00000304685.8/23179, intron 15 of 18)	1	183929889	183936924	7036	2	23127	ENST00000486375.2	28396	ENSG00000198756	COLGALT2	collagen beta(1-O)galactosyltransferase 2	NA	NA	NA
chr16	12857303	12857953	651	*	peak_12113	-1.41548491576418	3.63541141634899e-22	Distal Intergenic	16	12842487	12842610	124	2	124900378	ENST00000362604.1	-14693	ENSG00000199474	LOC124900378	small nucleolar RNA SNORA27	NA	NA	NA
chr20	39164253	39165085	833	*	peak_21692	-1.29786460607061	3.73797524416393e-22	Intron (ENST00000772862.1/107985448, intron 4 of 4)	20	39130958	39401661	270704	1	107985448	ENST00000772859.1	33295	NA	LOC107985448	uncharacterized LOC107985448	NA	NA	NA
chr3	73866811	73867348	538	*	peak_26170	-1.56132346231112	3.86866031787911e-22	Intron (ENST00000659853.1/105377165, intron 2 of 3)	3	73827456	73879625	52170	1	105377165	ENST00000756909.1	39355	NA	LINC02005	long intergenic non-protein coding RNA 2005	NA	NA	NA
chr18	9899089	9899638	550	*	peak_16151	-1.1895668113344	4.16708543995041e-22	Distal Intergenic	18	9886014	9886930	917	1	84203	ENST00000426718.3	13075	ENSG00000168454	TXNDC2	thioredoxin domain containing 2	NA	NA	NA
chr2	220224795	220225143	349	*	peak_20477	-1.56001309072914	4.85998262668805e-22	Intron (ENST00000830324.1/105373891, intron 4 of 5)	2	220316778	220450448	133671	1	105373893	ENST00000830450.1	-91635	NA	LOC105373893	uncharacterized LOC105373893	NA	NA	NA
chr14	59521935	59522267	333	*	peak_9511	-1.69208912123686	5.96433561907597e-22	Intron (ENST00000554253.1/729665, intron 1 of 5)	14	59479274	59525437	46164	2	729665	ENST00000554253.1	3170	ENSG00000151838	CCDC175	coiled-coil domain containing 175	NA	NA	NA
chr12	12160746	12161092	347	*	peak_7792	-1.50965185348821	6.2941296685062e-22	Intron (ENST00000298566.2/79370, intron 5 of 6)	12	12125362	12135228	9867	2	4040	ENST00000540415.1	-25518	ENSG00000070018	LRP6	LDL receptor related protein 6	NA	NA	NA
chr18	3446553	3447009	457	*	peak_16049	-1.3465729566057	9.24690919055747e-22	Promoter (<=1kb)	18	3447609	3459978	12370	1	7050	ENST00000618001.4	-600	ENSG00000177426	TGIF1	TGFB induced factor homeobox 1	NA	NA	NA
chr2	1323144	1324306	1163	*	peak_18004	-1.45843636952497	9.78081860251843e-22	Intron (ENST00000308624.10/54221, intron 16 of 16)	2	1353688	1367613	13926	1	54221	ENST00000472606.1	-29382	ENSG00000172554	SNTG2	syntrophin gamma 2	NA	NA	NA
chr18	7016778	7017456	679	*	peak_16080	-1.16930948993096	1.06963319545906e-21	Exon (ENST00000389658.4/284217, exon 20 of 63)	18	7038572	7040237	1666	2	284217	ENST00000585178.1	22781	ENSG00000101680	LAMA1	laminin subunit alpha 1	NA	NA	NA
chr19	46288960	46289624	665	*	peak_17675	-1.30878037450121	1.22607135846373e-21	Distal Intergenic	19	46297042	46343433	46392	1	64344	ENST00000377670.9	-7418	ENSG00000124440	HIF3A	hypoxia inducible factor 3 subunit alpha	NA	NA	NA
chr2	100440937	100441384	448	*	peak_19465	-1.7527578850104	1.30977366335434e-21	Distal Intergenic	2	100391860	100417668	25809	2	9486	ENST00000264249.8	-23269	ENSG00000115526	CHST10	carbohydrate sulfotransferase 10	NA	NA	NA
chr8	126839313	126841057	1745	*	peak_32795	-1.00706907407163	1.31633887295222e-21	Intron (ENST00000645463.1/105375751, intron 4 of 6)	8	126838041	126845337	7297	2	105375753	ENST00000740238.1	4280	ENSG00000253573	LOC105375753	uncharacterized LOC105375753	NA	NA	NA
chr16	9722045	9722501	457	*	peak_11964	-1.41670696668995	1.3179529436027e-21	Distal Intergenic	16	9764839	9769228	4390	2	2903	ENST00000463531.1	46727	ENSG00000183454	GRIN2A	glutamate ionotropic receptor NMDA type subunit 2A	NA	NA	NA
chr5	113922359	113922753	395	*	peak_28418	-1.50190497324848	1.42385265672108e-21	Distal Intergenic	5	114055926	114229386	173461	1	3781	ENST00000512927.2	-133173	ENSG00000080709	KCNN2	potassium calcium-activated channel subfamily N member 2	NA	NA	NA
chr2	156114893	156115471	579	*	peak_20204	-1.54020781997141	1.49656097496734e-21	Intron (ENST00000824378.1/101929378, intron 3 of 6)	2	156011617	156024613	12997	2	101929378	ENST00000448255.5	-90280	ENSG00000226383	LINC01876	long intergenic non-protein coding RNA 1876	NA	NA	NA
chr1	184800942	184801841	900	*	peak_2908	-1.15193723395117	1.5173842223382e-21	Intron (ENST00000417056.5/116496, intron 2 of 3)	1	184790724	184805985	15262	2	116496	ENST00000417056.5	4144	ENSG00000135842	NIBAN1	niban apoptosis regulator 1	NA	NA	NA
chr7	44617224	44618034	811	*	peak_31113	-1.63476216225514	1.5173842223382e-21	Intron (ENST00000439616.6/4967, intron 1 of 19)	7	44606628	44708138	101511	1	4967	ENST00000444676.5	10596	ENSG00000105953	OGDH	oxoglutarate dehydrogenase	NA	NA	NA
chr18	7856561	7857267	707	*	peak_16103	-1.29710576537647	1.52184424542504e-21	Intron (ENST00000332175.12/5797, intron 2 of 30)	18	7774140	8406858	632719	1	5797	ENST00000400060.8	82421	ENSG00000173482	PTPRM	protein tyrosine phosphatase receptor type M	NA	NA	NA
chr8	142335054	142335446	393	*	peak_33479	-1.38802458850234	1.55733084277037e-21	Intron (ENST00000524325.6/203062, intron 4 of 13)	8	142300116	142326225	26110	2	203062	ENST00000518928.1	-8829	ENSG00000171045	TSNARE1	t-SNARE domain containing 1	NA	NA	NA
chr8	122786126	122787098	973	*	peak_32709	-1.18307751478765	1.56843480221678e-21	Intron (ENST00000314393.6/22882, intron 1 of 3)	8	122781655	122974510	192856	1	22882	ENST00000314393.6	4471	ENSG00000178764	ZHX2	zinc fingers and homeoboxes 2	NA	NA	NA
chr1	97231172	97231967	796	*	peak_2191	-1.3971389973012	1.66286469889718e-21	Intron (ENST00000422980.1/100873932, intron 1 of 4)	1	97265446	97280208	14763	1	100873932	ENST00000629811.2	-33479	ENSG00000232878	DPYD-AS1	DPYD antisense RNA 1	NA	NA	NA
chr17	71773821	71774248	428	*	peak_15105	-1.55944679455522	1.69645901212949e-21	Distal Intergenic	17	71829870	71871750	41881	2	107985015	ENST00000715471.1	97502	NA	LOC107985015	uncharacterized LOC107985015	NA	NA	NA
chr5	61910416	61911088	673	*	peak_28312	-1.60856019355263	1.82655420946669e-21	Intron (ENST00000660195.1/ENST00000660195.1, intron 3 of 3)	5	61902617	61917270	14654	2	105378998	ENST00000777194.1	6182	ENSG00000289916	LOC105378998	uncharacterized LOC105378998	NA	NA	NA
chr10	16606509	16607298	790	*	peak_3549	-1.35432757654526	2.03068598582118e-21	Intron (ENST00000377921.7/6251, intron 7 of 7)	10	16513734	16521879	8146	2	389941	ENST00000718439.1	-84630	ENSG00000165985	C1QL3	complement C1q like 3	NA	NA	NA
chr17	65492299	65492783	485	*	peak_15020	-1.61212528720632	2.10589852861523e-21	Distal Intergenic	17	65457541	65458408	868	1	105827617	ENST00000579474.1	34758	ENSG00000263520	LINC02563	long intergenic non-protein coding RNA 2563	NA	NA	NA
chr7	106468679	106469421	743	*	peak_31719	-1.70700949179227	2.73545038592664e-21	Intron (ENST00000848659.1/ENST00000848659.1, intron 1 of 1)	7	106569876	106598808	28933	2	102724339	ENST00000650160.1	129387	ENSG00000267052	CTB-30L5.1	uncharacterized CTB-30L5.1	NA	NA	NA
chr8	111933306	111933781	476	*	peak_32640	-1.48209241600918	2.76715279251134e-21	Exon (ENST00000746111.1/ENST00000746111.1, exon 3 of 3)	8	111741975	111756822	14848	1	105375707	ENST00000650619.1	191331	ENSG00000253434	LOC105375707	uncharacterized LOC105375707	NA	NA	NA
chr12	9032598	9032867	270	*	peak_7763	-1.73727612317234	3.31332442569092e-21	Distal Intergenic	12	9055591	9064346	8756	2	253128	ENST00000839193.1	31479	ENSG00000214851	LINC00612	long intergenic non-protein coding RNA 612	NA	NA	NA
chr8	133139362	133139819	458	*	peak_32919	-1.5427194777172	3.70151496318182e-21	Distal Intergenic	8	133144236	133158349	14114	1	105375769	ENST00000766397.1	-4417	NA	LOC105375769	uncharacterized LOC105375769	NA	NA	NA
chr10	20963552	20964766	1215	*	peak_3559	-1.40674163317432	3.73913277679519e-21	Intron (ENST00000675700.1/10529, intron 3 of 6)	10	20859283	20960012	100730	2	10529	ENST00000674540.1	-3540	ENSG00000078114	NEBL	nebulette	NA	NA	NA
chr10	123790147	123790572	426	*	peak_5280	-1.72252539793566	3.91076632373882e-21	Intron (ENST00000368854.7/119587, intron 7 of 19)	10	123776670	123777749	1080	1	105378533	ENST00000446888.1	13477	NA	LOC105378533	uncharacterized LOC105378533	NA	NA	NA
chr12	34235656	34236252	597	*	peak_7937	-1.49429342821159	4.07357970337262e-21	Distal Intergenic	12	34191033	34219437	28405	2	123706542	ENST00000813262.1	-16219	ENSG00000255652	LINC02963	long intergenic non-protein coding RNA 2963	NA	NA	NA
chr8	133735237	133736152	916	*	peak_32963	-1.24641520989254	4.27622866413103e-21	Distal Intergenic	8	133775551	133777352	1802	2	101927798	ENST00000517380.1	41200	ENSG00000253165	LOC101927798	uncharacterized LOC101927798	NA	NA	NA
chr18	7236711	7237369	659	*	peak_16088	-1.16355881172715	4.36706910559831e-21	Distal Intergenic	18	7231089	7232044	956	1	339291	ENST00000383467.3	5622	ENSG00000206422	LRRC30	leucine rich repeat containing 30	NA	NA	NA
chr10	35549157	35549765	609	*	peak_3653	-1.14147442072018	4.99953696271073e-21	Intron (ENST00000374706.5/219771, intron 9 of 11)	10	35530196	35566285	36090	1	219771	ENST00000497692.1	18961	ENSG00000108100	CCNY	cyclin Y	NA	NA	NA
chr17	57422618	57423104	487	*	peak_14789	-1.23993242934005	5.28373349873403e-21	Intron (ENST00000416426.6/124540, intron 6 of 13)	17	57406812	57627302	220491	1	124540	ENST00000579205.5	15806	ENSG00000153944	MSI2	musashi RNA binding protein 2	NA	NA	NA
chr17	51519787	51520151	365	*	peak_14747	-1.40876119658977	6.86427432061665e-21	Intron (ENST00000663733.2/440446, intron 4 of 4)	17	51439653	51445802	6150	1	105371828	ENST00000588341.1	80134	ENSG00000267452	LINC02073	long intergenic non-protein coding RNA 2073	NA	NA	NA
chr16	80721158	80721653	496	*	peak_13021	-1.51543377241629	6.93198769134719e-21	Intron (ENST00000570137.7/124359, intron 1 of 6)	16	80684604	80735133	50530	2	124359	ENST00000562753.1	13480	ENSG00000166446	CDYL2	chromodomain Y like 2	NA	NA	NA
chr12	39230079	39230853	775	*	peak_7945	-1.59368263477369	7.12880601022713e-21	Distal Intergenic	12	39293228	39312826	19599	2	55605	ENST00000547733.1	81973	ENSG00000139116	KIF21A	kinesin family member 21A	NA	NA	NA
chr3	42902276	42902632	357	*	peak_25477	-1.29567805040298	7.6393838498832e-21	Intron (ENST00000487368.4/1238, intron 3 of 3)	3	42906142	42919334	13193	1	389114	ENST00000440367.7	-3510	ENSG00000182983	ZNF662	zinc finger protein 662	NA	NA	NA
chr12	65525582	65526080	499	*	peak_8260	-1.41850841336881	8.54942204143424e-21	Intron (ENST00000537250.5/100507065, intron 2 of 3)	12	65523263	65538699	15437	2	100507065	ENST00000538294.1	12619	NA	MSRB3-AS1	MSRB3 antisense RNA 1	NA	NA	NA
chr10	119373260	119373680	421	*	peak_5176	-1.53350024827419	9.11272057921846e-21	Intron (ENST00000392870.3/2869, intron 2 of 15)	10	119377972	119378043	72	1	100616398	ENST00000580598.1	-4292	ENSG00000265719	MIR4681	microRNA 4681	NA	NA	NA
chr16	23267597	23268088	492	*	peak_12223	-1.26180012154678	9.57657929524462e-21	Distal Intergenic	16	23278231	23352913	74683	1	6338	ENST00000569789.1	-10143	ENSG00000168447	SCNN1B	sodium channel epithelial 1 subunit beta	NA	NA	NA
chr20	10733122	10733619	498	*	peak_21189	-1.40798308840521	9.90478055598698e-21	Intron (ENST00000667822.1/ENST00000667822.1, intron 1 of 1)	20	10747145	10754033	6889	1	101929395	ENST00000654385.1	-13526	NA	LINC01752	long intergenic non-protein coding RNA 1752	NA	NA	NA
chr8	24575255	24575877	623	*	peak_32158	-1.48228156144432	1.29897328883596e-20	Intron (ENST00000519689.1/101929294, intron 2 of 4)	8	24300885	24548618	247734	2	101929294	ENST00000523578.5	-26637	NA	ADAM7-AS1	ADAM7, ADAMDEC1 and ADAM28 antisense RNA 1	NA	NA	NA
chr5	21145247	21145731	485	*	peak_28175	-1.52426080155931	1.31061205927552e-20	Distal Intergenic	5	21048076	21116707	68632	2	105374678	ENST00000741983.1	-28540	NA	LOC105374678	uncharacterized LOC105374678	NA	NA	NA
chr18	76026167	76026970	804	*	peak_16480	-1.40328696822652	1.38751624467648e-20	Distal Intergenic	18	76050518	76052197	1680	2	124904339	ENST00000807360.1	25227	ENSG00000304954	LOC124904339	uncharacterized LOC124904339	NA	NA	NA
chr5	128200034	128200430	397	*	peak_28463	-1.4762540629781	1.53558954037684e-20	Distal Intergenic	5	128178380	128182921	4542	1	6558	ENST00000502849.1	21654	ENSG00000064651	SLC12A2	solute carrier family 12 member 2	NA	NA	NA
chr4	36651208	36651634	427	*	peak_27575	-1.42616000486748	1.63872886139902e-20	Distal Intergenic	4	36548331	36641939	93609	2	105374400	ENST00000655716.2	-9269	NA	LINC02505	long intergenic non-protein coding RNA 2505	NA	NA	NA
chr2	219987826	219988333	508	*	peak_20475	-1.32577713935275	1.86164967777595e-20	Intron (ENST00000830326.1/105373891, intron 1 of 4)	2	219947918	220146085	198168	1	105373891	ENST00000830328.1	39908	NA	LOC105373891	uncharacterized LOC105373891	NA	NA	NA
chr8	30327339	30327753	415	*	peak_32240	-1.72015828981119	2.0910661692187e-20	Intron (ENST00000739863.1/ENST00000739863.1, intron 1 of 1)	8	30382124	30384297	2174	2	100128750	ENST00000792133.1	56544	ENSG00000254109	RBPMS-AS1	RBPMS antisense RNA 1	NA	NA	NA
chr7	74097992	74098663	672	*	peak_31496	-1.020332406045	2.13376285088693e-20	Promoter (<=1kb)	7	74097103	74111440	14338	1	3984	ENST00000483414.1	889	ENSG00000106683	LIMK1	LIM domain kinase 1	NA	NA	NA
chr5	80399458	80399916	459	*	peak_28363	-1.53573254845533	2.30101994096077e-20	Distal Intergenic	5	80408013	80479350	71338	1	9765	ENST00000338008.9	-8097	ENSG00000039319	ZFYVE16	zinc finger FYVE-type containing 16	NA	NA	NA
chr3	131072155	131072734	580	*	peak_26698	-1.31859416039185	2.37057511345852e-20	Exon (ENST00000841769.1/ENST00000841769.1, exon 1 of 3)	3	131080423	131152569	72147	1	79858	ENST00000602792.1	-7689	ENSG00000114670	NEK11	NIMA related kinase 11	NA	NA	NA
chr19	55402358	55403594	1237	*	peak_17919	-1.26835936120963	2.47491377762413e-20	3' UTR	19	55401579	55407719	6141	2	27338	ENST00000587845.5	4125	ENSG00000108106	UBE2S	ubiquitin conjugating enzyme E2 S	NA	NA	NA
chr20	19001207	19001818	612	*	peak_21238	-1.25799833469707	3.04648557219455e-20	Intron (ENST00000815938.1/102724734, intron 1 of 3)	20	18984029	19050732	66704	1	102724734	ENST00000815938.1	17178	ENSG00000306163	LOC102724734	uncharacterized LOC102724734	NA	NA	NA
chr16	49370200	49370593	394	*	peak_12490	-1.44622280793731	3.40003328622266e-20	Intron (ENST00000849660.1/105371244, intron 6 of 6)	16	49373804	49399431	25628	1	123970	ENST00000299191.4	-3211	ENSG00000166152	C16orf78	chromosome 16 open reading frame 78	NA	NA	NA
chr2	130891461	130891948	488	*	peak_20115	-1.22653305457726	3.41719248696167e-20	Intron (ENST00000409359.7/50649, intron 1 of 13)	2	130916651	131047253	130603	1	50649	ENST00000636987.1	-24703	ENSG00000136002	ARHGEF4	Rho guanine nucleotide exchange factor 4	NA	NA	NA
chr16	17638124	17638564	441	*	peak_12149	-1.76536320617096	3.64910032777322e-20	Distal Intergenic	16	17471166	17481794	10629	2	105371106	ENST00000724331.1	-156330	NA	LOC105371106	uncharacterized LOC105371106	NA	NA	NA
chr16	24420938	24421346	409	*	peak_12248	-1.85337939291926	3.69809726769416e-20	Distal Intergenic	16	24465805	24495177	29373	2	105371143	ENST00000772088.1	73831	ENSG00000260072	LOC105371143	uncharacterized LOC105371143	NA	NA	NA
chr19	35388609	35388968	360	*	peak_17288	-1.57889448778242	3.78934461852604e-20	Intron (ENST00000786315.1/101927522, intron 2 of 2)	19	35399455	35406906	7452	1	100128682	ENST00000786436.1	-10487	ENSG00000205786	LINC01531	long intergenic non-protein coding RNA 1531	NA	NA	NA
chr1	29903661	29903973	313	*	peak_1105	-1.49302713719946	3.98902406637853e-20	Distal Intergenic	1	30013952	30037612	23661	2	101929406	ENST00000445180.2	133639	ENSG00000233399	LINC01648	long intergenic non-protein coding RNA 1648	NA	NA	NA
chr12	128754261	128754776	516	*	peak_8732	-1.22616006388989	4.590703855548e-20	Distal Intergenic	12	128793895	128801701	7807	2	121260	ENST00000545031.5	46925	ENSG00000139370	SLC15A4	solute carrier family 15 member 4	NA	NA	NA
chr18	61997808	61998364	557	*	peak_16443	-1.591449890996	5.5479849065437e-20	Intron (ENST00000639600.1/23556, intron 24 of 24)	18	62072370	62075181	2812	2	23556	ENST00000640704.1	76817	ENSG00000197563	PIGN	phosphatidylinositol glycan anchor biosynthesis class N	NA	NA	NA
chr4	31299018	31299450	433	*	peak_27569	-1.60635853298332	5.75720795535693e-20	Distal Intergenic	4	31193025	31211675	18651	1	102723778	ENST00000818235.1	105993	NA	LINC02497	long intergenic non-protein coding RNA 2497	NA	NA	NA
chr17	71543238	71543648	411	*	peak_15104	-1.55941081127969	5.95875964199415e-20	Intron (ENST00000722799.1/ENST00000722799.1, intron 1 of 1)	17	71829870	71871750	41881	2	107985015	ENST00000715471.1	328102	NA	LOC107985015	uncharacterized LOC107985015	NA	NA	NA
chr2	192307628	192308045	418	*	peak_20289	-1.5752221989656	6.4462604295995e-20	Distal Intergenic	2	191949046	192194933	245888	2	23671	ENST00000272771.10	-112695	ENSG00000144339	TMEFF2	transmembrane protein with EGF like and two follistatin like domains 2	NA	NA	NA
chr14	54369131	54369546	416	*	peak_9462	-1.57430441352176	6.47056611790783e-20	Intron (ENST00000770018.1/ENST00000770018.1, intron 3 of 3)	14	54396849	54417951	21103	1	1033	ENST00000555837.5	-27303	ENSG00000100526	CDKN3	cyclin dependent kinase inhibitor 3	NA	NA	NA
chr14	68443225	68443629	405	*	peak_9641	-1.16326863280103	7.21049907218819e-20	Intron (ENST00000479335.5/5890, intron 10 of 11)	14	68472033	68478101	6069	1	5890	ENST00000555782.1	-28404	ENSG00000182185	RAD51B	RAD51 paralog B	NA	NA	NA
chr20	39168574	39169631	1058	*	peak_21693	-1.52185373081405	8.85863436115436e-20	Intron (ENST00000772862.1/107985448, intron 4 of 4)	20	39130958	39401661	270704	1	107985448	ENST00000772859.1	37616	NA	LOC107985448	uncharacterized LOC107985448	NA	NA	NA
chr7	38561064	38561589	526	*	peak_31015	-1.13430348513327	8.85863436115436e-20	Intron (ENST00000356264.7/273, intron 1 of 20)	7	38383704	38631373	247670	2	273	ENST00000356264.7	69784	ENSG00000078053	AMPH	amphiphysin	NA	NA	NA
chr12	31807099	31807868	770	*	peak_7926	-1.38873218840086	9.7308181744401e-20	Exon (ENST00000816608.1/ENST00000816608.1, exon 2 of 2)	12	31791185	31792298	1114	2	440093	ENST00000340398.5	-14801	ENSG00000188375	H3-5	H3.5 histone	NA	NA	NA
chr8	28257264	28258153	890	*	peak_32210	-1.09598182682029	1.10557103435623e-19	Intron (ENST00000521731.1/ENST00000521731.1, intron 1 of 1)	8	28177510	28245217	67708	2	105379343	ENST00000842508.1	-12047	NA	LOC105379343	uncharacterized LOC105379343	NA	NA	NA
chr19	28229764	28230628	865	*	peak_17006	-1.08232061117156	1.13413137330077e-19	Distal Intergenic	19	28445137	28475832	30696	1	105372349	ENST00000785762.1	-214509	NA	LOC105372349	uncharacterized LOC105372349	NA	NA	NA
chr22	34449760	34450281	522	*	peak_23907	-1.46787213133293	1.16045838962583e-19	Distal Intergenic	22	34349633	34363204	13572	2	105373012	ENST00000739819.1	-86556	NA	LOC105373012	uncharacterized LOC105373012	NA	NA	NA
chr3	156764614	156765117	504	*	peak_26877	-1.48037868520426	1.21133218278493e-19	Intron (ENST00000716067.1/730091, intron 1 of 2)	3	156742292	156751753	9462	2	730091	ENST00000721674.1	-12861	ENSG00000243926	LINC00886	long intergenic non-protein coding RNA 886	NA	NA	NA
chr2	46224771	46225242	472	*	peak_18902	-1.47893248790216	1.2351615002292e-19	Distal Intergenic	2	46230658	46259179	28522	1	101926974	ENST00000723079.1	-5416	NA	LOC101926974	uncharacterized LOC101926974	NA	NA	NA
chr12	70546121	70546559	439	*	peak_8270	-1.89623531632629	1.32189181660244e-19	Intron (ENST00000334414.11/5787, intron 21 of 33)	12	70550237	70569971	19735	1	105369828	ENST00000761352.1	-3678	NA	PTPRB-AS1	PTPRB antisense RNA 1	NA	NA	NA
chr2	178101309	178101669	361	*	peak_20267	-1.71094361101521	1.39898124057125e-19	Intron (ENST00000358450.8/50940, intron 2 of 20)	2	178092503	178104470	11968	2	50940	ENST00000504253.1	2801	ENSG00000128655	PDE11A	phosphodiesterase 11A	NA	NA	NA
chr10	45160113	45160824	712	*	peak_3815	-1.49583879713376	1.4134941993839e-19	Intron (ENST00000745713.1/338579, intron 6 of 9)	10	45164014	45164088	75	1	100422988	ENST00000579389.1	-3190	ENSG00000263476	MIR3156-1	microRNA 3156-1	NA	NA	NA
chr16	82638503	82638806	304	*	peak_13062	-1.97448702790398	1.4849153669664e-19	Intron (ENST00000268613.14/1012, intron 1 of 14)	16	82627039	82859718	232680	1	1012	ENST00000567445.1	11464	ENSG00000140945	CDH13	cadherin 13	NA	NA	NA
chr8	124955784	124956600	817	*	peak_32756	-1.14289372664813	1.5210827604308e-19	Intron (ENST00000656094.1/157381, intron 2 of 2)	8	124949746	124951177	1432	1	157381	ENST00000759243.1	6038	ENSG00000249816	LINC00964	long intergenic non-protein coding RNA 964	NA	NA	NA
chr12	26279027	26279881	855	*	peak_7864	-1.04229657895361	1.55689139066896e-19	Intron (ENST00000534829.5/105369705, intron 2 of 3)	12	26231394	26271920	40527	2	101928554	ENST00000541940.1	-7107	ENSG00000255750	SSPN-AS1	SSPN antisense RNA 1	NA	NA	NA
chr3	143167863	143168255	393	*	peak_26829	-1.9220028995184	1.66685830322006e-19	Intron (ENST00000840694.1/ENST00000840694.1, intron 1 of 2)	3	143127772	143142631	14860	2	105374137	ENST00000840802.1	-25232	NA	LOC105374137	uncharacterized LOC105374137	NA	NA	NA
chr18	4157437	4157999	563	*	peak_16056	-1.43095071948825	1.67302088626767e-19	Intron (ENST00000315677.8/9229, intron 1 of 12)	18	4005025	4151287	146263	2	9229	ENST00000578250.6	-6150	ENSG00000170579	DLGAP1	DLG associated protein 1	NA	NA	NA
chr12	116736124	116736558	435	*	peak_8482	-1.29048396751312	1.81905653376137e-19	Promoter (1-2kb)	12	116717449	116737836	20388	2	79794	ENST00000547606.1	1278	ENSG00000111412	SPRING1	SREBF pathway regulator in golgi 1	NA	NA	NA
chr3	133014108	133014681	574	*	peak_26701	-1.66608893096712	1.86171717703885e-19	Distal Intergenic	3	133038391	133119384	80994	1	66000	ENST00000514529.5	-23710	ENSG00000144868	TMEM108	transmembrane protein 108	NA	NA	NA
chr2	164047907	164048276	370	*	peak_20228	-1.708352407116	1.87767172557055e-19	Intron (ENST00000429636.1/ENST00000429636.1, intron 2 of 4)	2	163593396	163736012	142617	2	55137	ENST00000409634.5	-311895	ENSG00000182263	FIGN	fidgetin, microtubule severing factor	NA	NA	NA
chr8	122688539	122688966	428	*	peak_32704	-1.0030415702434	1.93461393081023e-19	Intron (ENST00000664854.1/104266958, intron 1 of 3)	8	122634398	122694085	59688	2	104266958	ENST00000666337.1	5119	NA	LINC01151	long intergenic non-protein coding RNA 1151	NA	NA	NA
chr2	2164398	2164881	484	*	peak_18041	-1.25575252083571	2.15699302856898e-19	Intron (ENST00000647755.1/23040, intron 3 of 24)	2	1979686	2172949	193264	2	23040	ENST00000648148.1	8068	ENSG00000186487	MYT1L	myelin transcription factor 1 like	NA	NA	NA
chr1	98230421	98230787	367	*	peak_2192	-1.79098861414258	2.17543878585052e-19	Intron (ENST00000776603.1/729987, intron 1 of 1)	1	98210747	98272658	61912	1	729987	ENST00000418344.1	19674	ENSG00000226053	LINC01776	long intergenic non-protein coding RNA 1776	NA	NA	NA
chr2	102698466	102699079	614	*	peak_19508	-1.19890836059304	2.20126269356686e-19	Intron (ENST00000233969.3/6549, intron 7 of 11)	2	102689694	102702451	12758	1	6549	ENST00000469286.1	8772	ENSG00000115616	SLC9A2	solute carrier family 9 member A2	NA	NA	NA
chr10	26247225	26247679	455	*	peak_3592	-1.14121163583041	2.31040680779873e-19	Intron (ENST00000259271.7/2572, intron 8 of 16)	10	26218193	26224760	6568	1	2572	ENST00000376248.1	29032	ENSG00000136750	GAD2	glutamate decarboxylase 2	NA	NA	NA
chr12	12278796	12279451	656	*	peak_7794	-1.03275788260506	2.33485051960232e-19	Distal Intergenic	12	12116025	12267044	151020	2	4040	ENST00000261349.9	-11752	ENSG00000070018	LRP6	LDL receptor related protein 6	NA	NA	NA
chr1	56508434	56508894	461	*	peak_2068	-1.32092335205919	2.34638833122503e-19	Intron (ENST00000641494.1/124904185, intron 1 of 5)	1	56173433	56512039	338607	2	124904185	ENST00000641494.1	3145	NA	LOC124904185	uncharacterized LOC124904185	NA	NA	NA
chr14	83298043	83298498	456	*	peak_9900	-1.58958911431772	2.92872458606344e-19	Distal Intergenic	14	83018208	83043640	25433	2	105370600	ENST00000716915.1	-254403	ENSG00000258426	LOC105370600	uncharacterized LOC105370600	NA	NA	NA
chr20	51650612	51651151	540	*	peak_22014	-1.13609650853179	2.95497312759794e-19	Intron (ENST00000311637.9/10079, intron 9 of 22)	20	51725819	51732587	6769	2	10079	ENST00000477492.1	81436	ENSG00000054793	ATP9A	ATPase phospholipid transporting 9A (putative)	NA	NA	NA
chr2	12168900	12169650	751	*	peak_18292	-1.15350503270104	3.15803794091922e-19	Intron (ENST00000438292.5/100506457, intron 3 of 4)	2	12189604	12192855	3252	2	105373432	ENST00000824844.1	23205	ENSG00000289856	LOC105373432	uncharacterized LOC105373432	NA	NA	NA
chr8	125826851	125827349	499	*	peak_32789	-1.03212740629274	3.527012436957e-19	Intron (ENST00000651999.1/105375746, intron 5 of 7)	8	125749045	125750275	1231	2	105375747	ENST00000518339.2	-76576	ENSG00000253470	LOC105375747	uncharacterized LOC105375747	NA	NA	NA
chr3	71089211	71089663	453	*	peak_26143	-1.39875628643969	3.70681981677021e-19	Intron (ENST00000318789.11/27086, intron 7 of 20)	3	71053718	71095387	41670	2	27086	ENST00000650555.1	5724	ENSG00000114861	FOXP1	forkhead box P1	NA	NA	NA
chr5	127515375	127515830	456	*	peak_28456	-1.36108124492542	3.77688835222535e-19	Promoter (1-2kb)	5	127517617	127552146	34530	1	133619	ENST00000715263.1	-1787	ENSG00000164244	PRRC1	proline rich coiled-coil 1	NA	NA	NA
chr20	55090018	55090752	735	*	peak_22051	-1.54698556444242	3.79980277439731e-19	Distal Intergenic	20	55408898	55426642	17745	1	102723578	ENST00000627529.2	-318146	NA	LINC01440	long intergenic non-protein coding RNA 1440	NA	NA	NA
chr16	22117652	22118246	595	*	peak_12197	-1.35499636967258	3.94931664474388e-19	Intron (ENST00000566668.1/146177, intron 10 of 19)	16	22121024	22156100	35077	1	146177	ENST00000299840.10	-2778	ENSG00000175267	VWA3A	von Willebrand factor A domain containing 3A	NA	NA	NA
chr10	43512038	43512753	716	*	peak_3758	-1.23838608284446	4.03114878111712e-19	Distal Intergenic	10	43556344	43568459	12116	2	8187	ENST00000306006.10	55706	ENSG00000196793	ZNF239	zinc finger protein 239	NA	NA	NA
chr8	117064051	117064754	704	*	peak_32654	-1.21310700168405	4.24010708951701e-19	Intron (ENST00000521243.5/169026, intron 2 of 9)	8	117134808	117152975	18168	1	169026	ENST00000518521.5	-70054	ENSG00000164756	SLC30A8	solute carrier family 30 member 8	NA	NA	NA
chr12	42255444	42255919	476	*	peak_7957	-1.3327543646961	4.38726040548613e-19	Intron (ENST00000549190.5/51535, intron 1 of 9)	12	42238447	42441947	203501	1	51535	ENST00000549190.5	16997	ENSG00000134283	PPHLN1	periphilin 1	NA	NA	NA
chr11	16012349	16012727	379	*	peak_5884	-1.26219297168027	4.61173849284334e-19	Intron (ENST00000316399.10/55553, intron 12 of 14)	11	15986265	16015327	29063	2	55553	ENST00000527840.1	2600	ENSG00000110693	SOX6	SRY-box transcription factor 6	NA	NA	NA
chr8	119438828	119439596	769	*	peak_32672	-1.37669868757329	5.14948416632957e-19	Intron (ENST00000519786.1/ENST00000519786.1, intron 1 of 3)	8	119351118	119416947	65830	2	124902009	ENST00000670132.1	-21881	NA	LOC124902009	uncharacterized LOC124902009	NA	NA	NA
chr16	30844431	30844889	459	*	peak_12386	-1.28897252239357	5.84734794579072e-19	Intron (ENST00000380317.8/9274, intron 5 of 5)	16	30834655	30840754	6100	2	9274	ENST00000576194.1	-3677	ENSG00000099385	BCL7C	BAF chromatin remodeling complex subunit BCL7C	NA	NA	NA
chr2	39538862	39539518	657	*	peak_18809	-1.19312701224404	5.84734794579072e-19	Intron (ENST00000659562.1/728730, intron 5 of 5)	2	39518639	39665343	146705	1	728730	ENST00000415640.1	20223	ENSG00000231312	MAP4K3-DT	MAP4K3 divergent transcript	NA	NA	NA
chr10	122468460	122468929	470	*	peak_5229	-1.42244148429407	6.30644698467195e-19	Intron (ENST00000648167.1/5654, intron 1 of 8)	10	122461553	122514907	53355	1	5654	ENST00000368984.8	6907	ENSG00000166033	HTRA1	HtrA serine peptidase 1	NA	NA	NA
chr10	64797409	64798002	594	*	peak_4069	-1.36859761913529	6.40253373493784e-19	Intron (ENST00000718642.1/105378336, intron 1 of 6)	10	64825572	64826579	1008	1	305	ENST00000404883.2	-27570	NA	ANXA2P3	annexin A2 pseudogene 3	NA	NA	NA
chr14	73953576	73954072	497	*	peak_9772	-1.15514511957589	6.5672974954172e-19	Promoter (<=1kb)	14	73953438	73956790	3353	1	51004	ENST00000555392.1	138	ENSG00000119723	COQ6	coenzyme Q6, monooxygenase	NA	NA	NA
chr8	132345988	132346552	565	*	peak_32879	-1.32150490687295	6.80471096568496e-19	Intron (ENST00000388996.10/3786, intron 1 of 14)	8	132129406	132321545	192140	2	3786	ENST00000638588.1	-24443	ENSG00000184156	KCNQ3	potassium voltage-gated channel subfamily Q member 3	NA	NA	NA
chr18	6861031	6861580	550	*	peak_16078	-1.14731690249371	7.19274499044891e-19	Intron (ENST00000383472.9/79822, intron 5 of 17)	18	6850791	6898721	47931	1	79822	ENST00000532996.5	10240	ENSG00000088756	ARHGAP28	Rho GTPase activating protein 28	NA	NA	NA
chr2	158781303	158781947	645	*	peak_20213	-1.14835016438771	7.52286600743593e-19	Distal Intergenic	2	158678539	158776987	98449	2	100129029	ENST00000846985.1	-4316	ENSG00000204380	PKP4-AS1	PKP4 antisense RNA 1	NA	NA	NA
chr3	127517732	127518826	1095	*	peak_26528	-1.13393936114919	7.66374064651682e-19	Intron (ENST00000721161.1/ENST00000721161.1, intron 2 of 2)	3	127480696	127522618	41923	2	101927149	ENST00000661192.1	3792	ENSG00000239921	LINC01471	long intergenic non-protein coding RNA 1471	NA	NA	NA
chr18	1559588	1559971	384	*	peak_16028	-1.11299425820729	8.09795506303397e-19	Intron (ENST00000746526.1/ENST00000746526.1, intron 1 of 4)	18	1513898	1522252	8355	2	105371960	ENST00000747084.1	-37336	ENSG00000297316	LOC105371960	uncharacterized LOC105371960	NA	NA	NA
chr3	168211072	168211496	425	*	peak_26895	-1.68688173999892	9.1326795245897e-19	Distal Intergenic	3	168249507	168315453	65947	1	93556	ENST00000502332.6	-38011	NA	EGFEM1P	EGF like and EMI domain containing 1, pseudogene	NA	NA	NA
chrX	101265732	101266261	530	*	peak_35295	-1.18825990678643	9.51021178695812e-19	Distal Intergenic	23	101268257	101287805	19549	2	54457	ENST00000324762.10	21544	ENSG00000102387	TAF7L	TATA-box binding protein associated factor 7 like	NA	NA	NA
chr8	123325548	123326028	481	*	peak_32724	-1.70358281413029	1.02030517378624e-18	3' UTR	8	123348034	123348130	97	1	100500863	ENST00000384971.2	-22006	ENSG00000207704	MIR548AA1	microRNA 548aa-1	NA	NA	NA
chr12	113633569	113634017	449	*	peak_8450	-1.32604314846885	1.0409779041709e-18	Intron (ENST00000661760.1/100506465, intron 3 of 3)	12	113744731	113757565	12835	2	100506465	ENST00000653736.1	123548	ENSG00000249550	LINC01234	long intergenic non-protein coding RNA 1234	NA	NA	NA
chr17	69652613	69653083	471	*	peak_15093	-1.52680657103983	1.16947339601083e-18	Intron (ENST00000778376.1/101928122, intron 3 of 5)	17	69594785	69628351	33567	1	101928122	ENST00000433856.5	57828	ENSG00000227517	LINC01483	long intergenic non-protein coding RNA 1483	NA	NA	NA
chr3	130532445	130533068	624	*	peak_26694	-1.22514076257317	1.29217198148108e-18	Intron (ENST00000358511.11/131873, intron 1 of 36)	3	130517177	130677042	159866	1	131873	ENST00000358511.11	15268	ENSG00000206384	COL6A6	collagen type VI alpha 6 chain	NA	NA	NA
chr2	199772098	199772650	553	*	peak_20303	-1.7404539922171	1.32008753398127e-18	Intron (ENST00000416668.5/348751, intron 3 of 3)	2	199674925	199739984	65060	2	348751	ENST00000761471.1	-32114	ENSG00000226124	FTCDNL1	formiminotransferase cyclodeaminase N-terminal like	NA	NA	NA
chr10	121988512	121989101	590	*	peak_5213	-1.30884683591068	1.39508098820913e-18	Promoter (<=1kb)	10	121989163	122254542	265380	1	10579	ENST00000369005.6	-62	ENSG00000138162	TACC2	transforming acidic coiled-coil containing protein 2	NA	NA	NA
chr20	58021114	58021854	741	*	peak_22133	-1.07823998321167	1.54320345775424e-18	Distal Intergenic	20	58003826	58004648	823	1	105376992	ENST00000616333.2	17288	ENSG00000275852	LINC01742	long intergenic non-protein coding RNA 1742	NA	NA	NA
chr17	66920889	66921383	495	*	peak_15042	-1.2796420080584	1.57593173389483e-18	Distal Intergenic	17	66964707	67033398	68692	1	27092	ENST00000262138.4	-43324	ENSG00000075461	CACNG4	calcium voltage-gated channel auxiliary subunit gamma 4	NA	NA	NA
chr2	64391501	64391824	324	*	peak_19021	-1.54445218232415	1.64354035016554e-18	Distal Intergenic	2	64395084	64420656	25573	2	105374771	ENST00000811780.1	28832	NA	LGALSL-DT	LGALSL divergent transcript	NA	NA	NA
chr8	101322376	101322920	545	*	peak_32581	-1.13819749724953	1.70827545094651e-18	Intron (ENST00000751471.1/ENST00000751471.1, intron 2 of 3)	8	101317543	101321114	3572	1	124901993	ENST00000750991.1	4833	NA	LOC124901993	uncharacterized LOC124901993	NA	NA	NA
chr10	78523370	78523915	546	*	peak_4525	-1.32792015374775	1.71565397439238e-18	Intron (ENST00000634930.2/105378375, intron 2 of 4)	10	78632618	78634976	2359	2	105378379	ENST00000764453.1	111061	NA	LOC105378379	uncharacterized LOC105378379	NA	NA	NA
chr8	120601585	120602402	818	*	peak_32681	-1.11802550787466	1.89061373727187e-18	Intron (ENST00000395601.7/6641, intron 4 of 7)	8	120518703	120541965	23263	1	27085	ENST00000519556.1	82882	ENSG00000172167	MTBP	MDM2 binding protein	NA	NA	NA
chr3	46089090	46090022	933	*	peak_25535	-1.05487091004756	1.89108549079307e-18	Exon (ENST00000827080.1/ENST00000827080.1, exon 1 of 1)	3	46016990	46085825	68836	2	2829	ENST00000683768.1	-3265	ENSG00000173578	XCR1	X-C motif chemokine receptor 1	NA	NA	NA
chr14	72676305	72676790	486	*	peak_9737	-1.45226394702725	1.89990622416693e-18	Promoter (<=1kb)	14	72671311	72675771	4461	2	8110	ENST00000556997.5	-534	ENSG00000205683	DPF3	double PHD fingers 3	NA	NA	NA
chr3	20537124	20537621	498	*	peak_25296	-1.53566406847017	1.90360340351596e-18	Intron (ENST00000634618.1/101927829, intron 10 of 16)	3	20342468	20350928	8461	1	101927829	ENST00000455626.1	194656	ENSG00000231304	LOC101927829	uncharacterized LOC101927829	NA	NA	NA
chr14	78010789	78011280	492	*	peak_9885	-1.31748301383205	1.91744474029145e-18	Distal Intergenic	14	77967221	77968062	842	1	105370581	ENST00000830255.1	43568	ENSG00000307986	LOC105370581	uncharacterized LOC105370581	NA	NA	NA
chr5	113612918	113613720	803	*	peak_28415	-1.01864723211406	1.93317883370408e-18	Distal Intergenic	5	113633288	113695718	62431	1	107986441	ENST00000810862.1	-19568	NA	LOC107986441	uncharacterized LOC107986441	NA	NA	NA
chr17	48679393	48679977	585	*	peak_14581	-1.38013752651836	1.98738137814446e-18	Promoter (<=1kb)	17	48680889	48704837	23949	1	105371809	ENST00000629037.1	-912	NA	LINC02086	long intergenic non-protein coding RNA 2086	NA	NA	NA
chr2	126042172	126042654	483	*	peak_19882	-1.22520168668177	2.01154911643467e-18	Distal Intergenic	2	126110099	126117985	7887	2	105373600	ENST00000455174.2	75331	ENSG00000226813	LINC01941	long intergenic non-protein coding RNA 1941	NA	NA	NA
chr18	12764031	12764497	467	*	peak_16224	-1.78311567692215	2.1317866037693e-18	Intron (ENST00000589930.4/100996324, intron 2 of 3)	18	12739493	12775119	35627	2	100996324	ENST00000733312.1	10622	NA	LINC01882	long intergenic non-protein coding RNA 1882	NA	NA	NA
chr2	227962193	227962926	734	*	peak_20509	-1.20449509501138	2.21551359321522e-18	Distal Intergenic	2	227990908	227995635	4728	2	80309	ENST00000490603.1	32709	ENSG00000153820	SPHKAP	SPHK1 interactor, AKAP domain containing	NA	NA	NA
chr8	89801574	89802007	434	*	peak_32527	-1.41571667524351	2.28652882421665e-18	Intron (ENST00000814457.1/124901974, intron 2 of 3)	8	89780088	89780778	691	1	8767	ENST00000518673.1	21486	ENSG00000104312	RIPK2	receptor interacting serine/threonine kinase 2	NA	NA	NA
chr16	80015495	80015920	426	*	peak_13014	-1.3394996233647	2.36605776532255e-18	Distal Intergenic	16	80065836	80157655	91820	1	105371357	ENST00000567851.5	-49916	NA	LOC105371357	uncharacterized LOC105371357	NA	NA	NA
chr10	73926367	73926747	381	*	peak_4435	-1.30007180587081	2.37917663237479e-18	Distal Intergenic	10	73908176	73922810	14635	2	414236	ENST00000721917.1	-3557	ENSG00000222047	C10orf55	chromosome 10 putative open reading frame 55	NA	NA	NA
chr18	6221427	6222121	695	*	peak_16071	-1.78869031062371	2.6660000212859e-18	Intron (ENST00000400105.6/91133, intron 10 of 19)	18	6256747	6260934	4188	1	101927150	ENST00000578427.1	-34626	ENSG00000264707	L3MBTL4-AS1	L3MBTL4 antisense RNA 1	NA	NA	NA
chr5	57713387	57713993	607	*	peak_28300	-1.42591481327016	2.70318069683048e-18	Intron (ENST00000701975.1/101928505, intron 2 of 3)	5	57650672	57750243	99572	1	101928505	ENST00000688166.1	62715	ENSG00000287709	LOC101928505	uncharacterized LOC101928505	NA	NA	NA
chr2	162056860	162057203	344	*	peak_20225	-1.82121168015927	2.82617120205748e-18	Intron (ENST00000678668.1/1803, intron 1 of 24)	2	161992245	162071190	78946	2	1803	ENST00000678668.1	13987	ENSG00000197635	DPP4	dipeptidyl peptidase 4	NA	NA	NA
chr4	43394690	43395897	1208	*	peak_27615	-1.11912753715592	3.13100601395324e-18	Distal Intergenic	4	43457527	43492543	35017	2	105374436	ENST00000508563.1	96646	ENSG00000248143	LINC02383	long intergenic non-protein coding RNA 2383	NA	NA	NA
chr11	10969450	10969718	269	*	peak_5831	-1.90445971588429	3.13312907536403e-18	Intron (ENST00000837199.1/105379882, intron 2 of 4)	11	10931399	10933749	2351	1	105379882	ENST00000837560.1	38051	NA	LOC105379882	uncharacterized LOC105379882	NA	NA	NA
chr12	127359619	127359910	292	*	peak_8701	-1.46641154477837	3.25266446443064e-18	Exon (ENST00000748747.1/ENST00000748747.1, exon 1 of 2)	12	127326054	127351621	25568	2	101927616	ENST00000748299.1	-7998	ENSG00000256362	LINC02375	long intergenic non-protein coding RNA 2375	NA	NA	NA
chr14	65081379	65081701	323	*	peak_9588	-1.35967835435769	3.35152029588411e-18	Promoter (<=1kb)	14	65082034	65091865	9832	1	100506321	ENST00000556127.1	-333	ENSG00000259118	MAX-AS1	MAX antisense RNA 1	NA	NA	NA
chr18	8976514	8976915	402	*	peak_16134	-1.11464149638761	3.53679758500185e-18	Intron (ENST00000828045.1/ENST00000828045.1, intron 1 of 2)	18	9102630	9117887	15258	1	4729	ENST00000577703.1	-125715	ENSG00000178127	NDUFV2	NADH:ubiquinone oxidoreductase core subunit V2	NA	NA	NA
chr8	130105705	130106412	708	*	peak_32837	-1.12187289201365	3.63291785887762e-18	Intron (ENST00000524124.5/50807, intron 18 of 23)	8	130076397	130112414	36018	2	50807	ENST00000520189.1	6002	ENSG00000153317	ASAP1	ArfGAP with SH3 domain, ankyrin repeat and PH domain 1	NA	NA	NA
chr16	9581848	9582370	523	*	peak_11961	-1.39609768246865	3.70352333224237e-18	Intron (ENST00000784503.1/132205950, intron 4 of 4)	16	9566415	9614800	48386	1	132205950	ENST00000784508.1	15433	ENSG00000261617	LOC132205950	uncharacterized LOC132205950	NA	NA	NA
chr18	10074177	10074732	556	*	peak_16157	-1.18074602291781	3.70836322508063e-18	Distal Intergenic	18	10085838	10144406	58569	1	105371984	ENST00000685786.1	-11106	NA	LOC105371984	uncharacterized LOC105371984	NA	NA	NA
chr12	129078121	129078878	758	*	peak_8746	-1.23093817576096	3.86994144603251e-18	Exon (ENST00000389441.8/121256, exon 3 of 4)	12	129071725	129086000	14276	2	121256	ENST00000389441.8	7122	ENSG00000151952	TMEM132D	transmembrane protein 132D	NA	NA	NA
chr10	124306992	124307517	526	*	peak_5306	-1.24176749808016	4.12535263011035e-18	Exon (ENST00000748496.1/107984184, exon 3 of 5)	10	124306571	124324169	17599	2	107984184	ENST00000748497.1	16652	NA	LOC107984184	uncharacterized LOC107984184	NA	NA	NA
chr17	66463004	66463528	525	*	peak_15027	-1.19631130607972	4.14982168826247e-18	Exon (ENST00000689984.3/ENST00000689984.3, exon 1 of 2)	17	66398069	66416854	18786	2	101928001	ENST00000584715.5	-46150	NA	PRKCA-AS1	PRKCA antisense RNA 1	NA	NA	NA
chr3	124563479	124563866	388	*	peak_26347	-1.73296882896088	4.14982168826247e-18	Promoter (<=1kb)	3	124563031	124702087	139057	1	8997	ENST00000682290.1	448	ENSG00000160145	KALRN	kalirin RhoGEF kinase	NA	NA	NA
chr12	133214840	133215868	1029	*	peak_8987	-1.1343509976866	4.17700074313745e-18	Downstream (<=300bp)	12	133218317	133227117	8801	2	647589	ENST00000673940.1	11249	ENSG00000227059	ANHX	anomalous homeobox	NA	NA	NA
chr17	51687927	51688284	358	*	peak_14750	-1.47895783377057	4.21674870772773e-18	Intron (ENST00000570565.5/56934, intron 4 of 8)	17	51661593	51747788	86196	2	56934	ENST00000575097.1	59504	ENSG00000154975	CA10	carbonic anhydrase 10	NA	NA	NA
chr14	63200914	63201319	406	*	peak_9547	-1.67466877804878	4.26633269672441e-18	Distal Intergenic	14	63204114	63293219	89106	1	57381	ENST00000557447.5	-2795	ENSG00000126785	RHOJ	ras homolog family member J	NA	NA	NA
chr11	30555335	30555654	320	*	peak_5983	-1.67412313196393	4.49483431988002e-18	Intron (ENST00000448418.6/744, intron 2 of 6)	11	30451654	30536084	84431	2	744	ENST00000525519.1	-19251	ENSG00000066382	MPPED2	metallophosphoesterase domain containing 2	NA	NA	NA
chr21	46253305	46254099	795	*	peak_22982	-1.10896934444805	4.53511848695096e-18	Exon (ENST00000430259.1/ENST00000430259.1, exon 1 of 2)	21	46251515	46256986	5472	2	8888	ENST00000481113.1	2887	ENSG00000160294	MCM3AP	minichromosome maintenance complex component 3 associated protein	NA	NA	NA
chr5	30959177	30959629	453	*	peak_28180	-1.38251060357084	4.90696551248764e-18	Intron (ENST00000797583.1/ENST00000797583.1, intron 2 of 4)	5	30788692	30875450	86759	2	124900952	ENST00000797584.1	-83727	ENSG00000303861	LOC124900952	uncharacterized LOC124900952	NA	NA	NA
chr12	5439018	5439630	613	*	peak_7651	-1.20097795307787	4.99421829861043e-18	Intron (ENST00000423158.4/4908, intron 1 of 1)	12	5433125	5494501	61377	1	4908	ENST00000543548.1	5893	ENSG00000185652	NTF3	neurotrophin 3	NA	NA	NA
chr8	127210214	127210799	586	*	peak_32798	-1.21798351178332	5.35807424314234e-18	Promoter (<=1kb)	8	127180362	127209635	29274	2	103021165	ENST00000641418.1	-579	NA	CASC19	cancer susceptibility 19	NA	NA	NA
chr18	8994291	8994895	605	*	peak_16136	-1.44101296575101	5.42245749044901e-18	Intron (ENST00000828045.1/ENST00000828045.1, intron 1 of 2)	18	9102630	9117887	15258	1	4729	ENST00000577703.1	-107735	ENSG00000178127	NDUFV2	NADH:ubiquinone oxidoreductase core subunit V2	NA	NA	NA
chr6	119012140	119012846	707	*	peak_30099	-1.18649717636026	5.64939367458936e-18	Intron (ENST00000718598.1/124901389, intron 1 of 1)	6	119011177	119020066	8890	2	79632	ENST00000448815.2	7220	ENSG00000111879	FAM184A	family with sequence similarity 184 member A	NA	NA	NA
chr10	78175536	78175977	442	*	peak_4493	-1.16096697718914	6.34816193627909e-18	Intron (ENST00000726709.1/ENST00000726709.1, intron 1 of 3)	10	78179167	78214996	35830	1	105378375	ENST00000635520.2	-3190	ENSG00000230417	LOC105378375	uncharacterized LOC105378375	NA	NA	NA
chr1	152968233	152968695	463	*	peak_2520	-1.24459456944884	6.55626828606015e-18	Promoter (1-2kb)	1	152970648	152972574	1927	1	163778	ENST00000328051.3	-1953	ENSG00000184148	SPRR4	small proline rich protein 4	NA	NA	NA
chr5	130652276	130652652	377	*	peak_28470	-1.41898095410388	7.30365096246758e-18	Distal Intergenic	5	130668638	130817850	149213	2	107986449	ENST00000804527.1	165198	NA	LOC107986449	uncharacterized LOC107986449	NA	NA	NA
chr22	36158940	36160017	1078	*	peak_23953	-1.09107655667096	7.31859649671402e-18	Promoter (<=1kb)	22	36140458	36160754	20297	2	80833	ENST00000531195.2	737	ENSG00000128284	APOL3	apolipoprotein L3	NA	NA	NA
chr13	111873923	111874727	805	*	peak_9206	-1.32308589878067	7.35914690999023e-18	Intron (ENST00000663211.1/101928616, intron 1 of 1)	13	111865136	111900934	35799	1	101928616	ENST00000663211.1	8787	ENSG00000226903	LINC00354	long intergenic non-protein coding RNA 354	NA	NA	NA
chr2	11022876	11023406	531	*	peak_18257	-1.05668789511336	7.72799130584067e-18	Distal Intergenic	2	11124527	11126479	1953	2	285150	ENST00000736654.1	103073	ENSG00000145063	FLJ33534	Putative uncharacterized protein FLJ33534	NA	NA	NA
chr6	134363231	134363653	423	*	peak_30129	-1.58839729525128	7.97320627114499e-18	Intron (ENST00000792740.1/ENST00000792740.1, intron 1 of 1)	6	134335186	134373508	38323	2	105378009	ENST00000793228.1	9855	NA	LOC105378009	uncharacterized LOC105378009	NA	NA	NA
chr8	102572309	102572732	424	*	peak_32591	-1.27060927945178	8.63389472646656e-18	Distal Intergenic	8	102551589	102561018	9430	1	4956	ENST00000285402.4	20720	ENSG00000155087	ODF1	outer dense fiber of sperm tails 1	NA	NA	NA
chr2	112187792	112188488	697	*	peak_19636	-1.20172175085293	8.78973622753469e-18	3' UTR	2	112181883	112188199	6317	1	129804	ENST00000272559.4	5909	ENSG00000144152	FBLN7	fibulin 7	NA	NA	NA
chr16	78955135	78955560	426	*	peak_13002	-1.20796441576151	8.80071132674391e-18	Intron (ENST00000683929.1/51741, intron 9 of 10)	16	79090049	79110882	20834	1	107984806	ENST00000736693.1	-134489	NA	LOC107984806	uncharacterized LOC107984806	NA	NA	NA
chr5	50807621	50808056	436	*	peak_28265	-1.66335113294927	8.82792852438135e-18	Intron (ENST00000505697.6/79668, intron 15 of 26)	5	50667893	50842342	174450	1	79668	ENST00000503561.7	139728	ENSG00000151883	PARP8	poly(ADP-ribose) polymerase family member 8	NA	NA	NA
chr2	134268360	134268662	303	*	peak_20159	-1.26727382474763	1.03150406750384e-17	Intron (ENST00000409645.5/4249, intron 2 of 16)	2	134254072	134454621	200550	1	4249	ENST00000281923.4	14288	ENSG00000152127	MGAT5	alpha-1,6-mannosylglycoprotein 6-beta-N-acetylglucosaminyltransferase	NA	NA	NA
chr21	26388662	26389232	571	*	peak_22603	-1.39164447752949	1.06409110429712e-17	Promoter (<=1kb)	21	26390090	26471698	81609	1	107985474	ENST00000421771.2	-858	NA	LOC107985474	uncharacterized LOC107985474	NA	NA	NA
chr16	27102793	27103512	720	*	peak_12266	-1.03535580425042	1.07487766437421e-17	Distal Intergenic	16	27061694	27084089	22396	2	105371154	ENST00000833099.1	-18704	ENSG00000308301	LOC105371154	uncharacterized LOC105371154	NA	NA	NA
chr2	175238241	175238515	275	*	peak_20260	-1.93425876509693	1.09261538891424e-17	Intron (ENST00000751365.1/ENST00000751365.1, intron 2 of 3)	2	175257362	175463180	205819	1	105373752	ENST00000653625.1	-18847	NA	LOC105373752	uncharacterized LOC105373752	NA	NA	NA
chr1	184118108	184118605	498	*	peak_2905	-1.34792169710572	1.15483368116944e-17	Promoter (<=1kb)	1	184119042	184123978	4937	1	102724830	ENST00000645316.1	-437	NA	LOC102724830	uncharacterized LOC102724830	NA	NA	NA
chr21	28142777	28143219	443	*	peak_22612	-1.29447096669343	1.17260740050038e-17	Intron (ENST00000453420.5/101927973, intron 5 of 5)	21	28130119	28135572	5454	1	284825	ENST00000609782.1	12658	ENSG00000232079	LINC01697	long intergenic non-protein coding RNA 1697	NA	NA	NA
chr2	112457196	112457759	564	*	peak_19639	-1.39828221279609	1.18119547790233e-17	Intron (ENST00000731293.1/ENST00000731293.1, intron 1 of 1)	2	112370092	112434488	64397	2	727851	ENST00000409750.5	-22708	ENSG00000169629	RGPD8	RANBP2 like and GRIP domain containing 8	NA	NA	NA
chr2	12884766	12885371	606	*	peak_18297	-1.1226894093626	1.20947723084563e-17	Intron (ENST00000848994.1/ENST00000848994.1, intron 2 of 3)	2	13000787	13213632	212846	1	105373484	ENST00000848581.1	-115416	NA	LOC105373484	uncharacterized LOC105373484	NA	NA	NA
chr6	133198770	133199095	326	*	peak_30124	-1.15352966379611	1.22049264498892e-17	Distal Intergenic	6	133240514	133247816	7303	1	2070	ENST00000683421.1	-41419	ENSG00000112319	EYA4	EYA transcriptional coactivator and phosphatase 4	NA	NA	NA
chr18	7596109	7596493	385	*	peak_16098	-1.51012826139739	1.2811117975739e-17	Intron (ENST00000332175.12/5797, intron 1 of 30)	18	7567316	8406856	839541	1	5797	ENST00000580170.6	28793	ENSG00000173482	PTPRM	protein tyrosine phosphatase receptor type M	NA	NA	NA
chr16	63442127	63442586	460	*	peak_12713	-1.31166684639587	1.28498842420039e-17	Intron (ENST00000734799.1/105371308, intron 2 of 6)	16	63059387	63305420	246034	2	105371307	ENST00000734825.1	-136707	NA	LOC105371307	uncharacterized LOC105371307	NA	NA	NA
chr10	107559920	107560393	474	*	peak_5059	-1.55252197632349	1.32940503436644e-17	Distal Intergenic	10	107689556	107713518	23963	1	101927573	ENST00000757239.1	-129163	ENSG00000298678	LOC101927573	uncharacterized LOC101927573	NA	NA	NA
chr4	46294757	46295167	411	*	peak_27619	-1.59759893706414	1.39411357558568e-17	Intron (ENST00000381620.9/2555, intron 8 of 9)	4	46302507	46305577	3071	2	2555	ENST00000514236.1	10410	ENSG00000151834	GABRA2	gamma-aminobutyric acid type A receptor subunit alpha2	NA	NA	NA
chr7	54968972	54969597	626	*	peak_31292	-1.36888232249183	1.43960822778778e-17	Distal Intergenic	7	54806443	54952660	146218	2	124901636	ENST00000795375.1	-16312	ENSG00000303536	LOC124901636	uncharacterized LOC124901636	NA	NA	NA
chr3	38740209	38741253	1045	*	peak_25402	-1.00667770061045	1.44023271265172e-17	Intron (ENST00000655275.1/6336, intron 14 of 27)	3	38697346	38794042	96697	2	6336	ENST00000643924.1	52789	ENSG00000185313	SCN10A	sodium voltage-gated channel alpha subunit 10	NA	NA	NA
chr4	86918408	86919041	634	*	peak_27739	-1.15733531737821	1.51059049729102e-17	Intron (ENST00000473559.5/132989, intron 4 of 6)	4	86933165	86934542	1378	2	132989	ENST00000509262.1	15501	ENSG00000163633	C4orf36	chromosome 4 open reading frame 36	NA	NA	NA
chr16	66020130	66021075	946	*	peak_12716	-1.19102031853271	1.55159475520214e-17	Distal Intergenic	16	66135068	66146683	11616	1	105371316	ENST00000720245.1	-113993	NA	LOC105371316	uncharacterized LOC105371316	NA	NA	NA
chr18	59993323	59993876	554	*	peak_16440	-1.32538347944599	1.56764352060654e-17	Distal Intergenic	18	59927369	59945868	18500	1	105372151	ENST00000789574.1	65954	ENSG00000302789	LOC105372151	uncharacterized LOC105372151	NA	NA	NA
chr15	68447068	68447607	540	*	peak_10707	-1.15550501794945	1.58758300136026e-17	Distal Intergenic	15	68296532	68432163	135632	2	22801	ENST00000315757.9	-14905	ENSG00000137809	ITGA11	integrin subunit alpha 11	NA	NA	NA
chr19	51435222	51436407	1186	*	peak_17845	-1.11688533358982	1.61165751646537e-17	Distal Intergenic	19	51410021	51417803	7783	2	89790	ENST00000353836.9	-17419	ENSG00000142512	SIGLEC10	sialic acid binding Ig like lectin 10	NA	NA	NA
chr3	4421089	4421522	434	*	peak_24931	-1.44342855303877	1.70587118393441e-17	Intron (ENST00000448413.5/285362, intron 3 of 12)	3	3781352	4467261	685910	2	285362	ENST00000448413.5	45739	ENSG00000144455	SUMF1	sulfatase modifying factor 1	NA	NA	NA
chr20	8777817	8778482	666	*	peak_21181	-1.34337731802984	1.77650689350893e-17	Intron (ENST00000637919.1/23236, intron 27 of 32)	20	8789546	8792790	3245	1	23236	ENST00000437439.2	-11064	ENSG00000182621	PLCB1	phospholipase C beta 1	NA	NA	NA
chr2	226862776	226863422	647	*	peak_20501	-1.12477911850184	1.85387426274394e-17	Intron (ENST00000424132.1/84236, intron 1 of 1)	2	226837548	226864856	27309	1	84236	ENST00000436481.1	25228	ENSG00000144468	RHBDD1	rhomboid domain containing 1	NA	NA	NA
chr11	57395171	57395734	564	*	peak_6201	-1.16797553461973	1.95928088775353e-17	Intron (ENST00000534081.5/5553, intron 8 of 12)	11	57386780	57390650	3871	2	5553	ENST00000311862.10	-4521	ENSG00000186652	PRG2	proteoglycan 2, pro eosinophil major basic protein	NA	NA	NA
chr1	35569938	35570383	446	*	peak_1336	-1.23441374116546	2.03012104094195e-17	Intron (ENST00000444348.4/105378645, intron 2 of 2)	1	35573314	35595328	22015	1	339488	ENST00000373235.4	-2931	ENSG00000116819	TFAP2E	transcription factor AP-2 epsilon	NA	NA	NA
chr1	59333703	59334004	302	*	peak_2083	-1.62504122782989	2.27777761602355e-17	Intron (ENST00000413489.5/55277, intron 2 of 4)	1	59310087	59762728	452642	1	55277	ENST00000371212.5	23616	ENSG00000172456	FGGY	FGGY carbohydrate kinase domain containing	NA	NA	NA
chr5	125433566	125433976	411	*	peak_28454	-1.8101973725008	2.38548705714202e-17	Intron (ENST00000647105.1/101927421, intron 3 of 6)	5	125493261	125602227	108967	1	101927460	ENST00000564199.1	-59285	ENSG00000260192	LINC02240	long intergenic non-protein coding RNA 2240	NA	NA	NA
chr16	22677346	22677883	538	*	peak_12215	-1.33385008258923	2.46877249473606e-17	Distal Intergenic	16	22612543	22613483	941	2	118568814	ENST00000566098.1	-63863	NA	LINC02890	long intergenic non-protein coding RNA 2890	NA	NA	NA
chr8	135633703	135634148	446	*	peak_33025	-1.07103183957058	2.55311500546128e-17	Intron (ENST00000355849.10/10656, intron 7 of 8)	8	135646993	135656513	9521	1	10656	ENST00000522578.2	-12845	ENSG00000131773	KHDRBS3	KH RNA binding domain containing, signal transduction associated 3	NA	NA	NA
chr6	53250103	53250635	533	*	peak_30006	-1.59080363893517	2.60507531537024e-17	Promoter (<=1kb)	6	53230608	53251021	20414	2	124901332	ENST00000737649.1	386	NA	LOC124901332	uncharacterized LOC124901332	NA	NA	NA
chr1	43593843	43594204	362	*	peak_1713	-1.49082154262052	2.78574778654827e-17	Intron (ENST00000359947.9/5792, intron 11 of 33)	1	43591450	43622842	31393	1	5792	ENST00000414879.5	2393	ENSG00000142949	PTPRF	protein tyrosine phosphatase receptor type F	NA	NA	NA
chr12	103698962	103699703	742	*	peak_8314	-1.2044141780773	2.81485488485704e-17	Exon (ENST00000388887.7/55576, exon 34 of 69)	12	103703235	103705695	2461	1	55576	ENST00000549474.1	-3532	ENSG00000136011	STAB2	stabilin 2	NA	NA	NA
chr18	57996472	57997176	705	*	peak_16423	-1.59277139029684	2.88866117832664e-17	Intron (ENST00000753950.1/ENST00000753950.1, intron 2 of 4)	18	57961231	57964434	3204	2	124904311	ENST00000585702.1	-32038	NA	LINC01897	long intergenic non-protein coding RNA 1897	NA	NA	NA
chr10	55291709	55292160	452	*	peak_4043	-1.31604701545954	3.06452335353322e-17	Intron (ENST00000613346.4/65217, intron 2 of 5)	10	54378823	55319614	940792	2	65217	ENST00000458638.1	27454	ENSG00000150275	PCDH15	protocadherin related 15	NA	NA	NA
chr10	77029701	77030291	591	*	peak_4457	-1.31325319710972	3.21855001822746e-17	Intron (ENST00000604624.6/3778, intron 14 of 27)	10	76877420	77021106	143687	2	3778	ENST00000639657.1	-8595	ENSG00000156113	KCNMA1	potassium calcium-activated channel subfamily M alpha 1	NA	NA	NA
chr9	19161699	19162041	343	*	peak_33862	-1.33147229277916	3.33238405554116e-17	Distal Intergenic	9	19121100	19149278	28179	2	123	ENST00000434144.5	-12421	ENSG00000147872	PLIN2	perilipin 2	NA	NA	NA
chr9	19154181	19154728	548	*	peak_33861	-1.15448458015757	3.36032710673027e-17	Distal Intergenic	9	19121100	19149278	28179	2	123	ENST00000434144.5	-4903	ENSG00000147872	PLIN2	perilipin 2	NA	NA	NA
chr1	210777749	210778222	474	*	peak_3217	-1.28694613787035	3.62522114179426e-17	Intron (ENST00000367007.5/3756, intron 9 of 11)	1	210678418	210683929	5512	2	3756	ENST00000640625.1	-93820	ENSG00000143473	KCNH1	potassium voltage-gated channel subfamily H member 1	NA	NA	NA
chr12	113346318	113346959	642	*	peak_8437	-1.15373349737369	3.70170315097733e-17	Intron (ENST00000549372.1/80024, intron 1 of 2)	12	113319974	113335143	15170	2	80024	ENST00000548477.5	-11175	ENSG00000089060	SLC8B1	solute carrier family 8 member B1	NA	NA	NA
chr8	126912700	126913202	503	*	peak_32796	-1.47602125422834	3.70170315097733e-17	Intron (ENST00000645463.1/105375751, intron 5 of 6)	8	126927277	127020330	93054	1	100750225	ENST00000644570.1	-14075	ENSG00000253438	PCAT1	prostate cancer associated transcript 1	NA	NA	NA
chr6	169923294	169924995	1702	*	peak_30480	-1.04605875581623	3.7439227964157e-17	Distal Intergenic	6	169933666	169952222	18557	1	107986674	ENST00000822686.1	-8671	NA	LOC107986674	uncharacterized LOC107986674	NA	NA	NA
chr2	207337655	207338175	521	*	peak_20339	-1.03488114422055	3.81472474868324e-17	Intron (ENST00000758828.1/105373851, intron 1 of 2)	2	207186633	207335639	149007	2	101927865	ENST00000758191.1	-2016	NA	MYOSLID-AS1	MYOSLID antisense RNA 1	NA	NA	NA
chr7	68304636	68304918	283	*	peak_31407	-1.7923179082232	3.81770873543872e-17	Intron (ENST00000446187.2/105375341, intron 1 of 5)	7	68149548	68319636	170089	2	105375341	ENST00000446187.2	14718	ENSG00000226829	LOC105375341	uncharacterized LOC105375341	NA	NA	NA
chr7	68321885	68322523	639	*	peak_31408	-1.25710953965381	3.85426028732466e-17	Distal Intergenic	7	68287918	68319679	31762	2	105375341	ENST00000810990.1	-2206	ENSG00000226829	LOC105375341	uncharacterized LOC105375341	NA	NA	NA
chr7	97422109	97422682	574	*	peak_31590	-1.49176292418169	4.18375284614862e-17	Intron (ENST00000813676.1/105375416, intron 2 of 3)	7	97479434	97510179	30746	2	105375416	ENST00000813677.1	87497	NA	LOC105375416	uncharacterized LOC105375416	NA	NA	NA
chr20	42988349	42989107	759	*	peak_21716	-1.15073159177015	4.19231830992112e-17	Intron (ENST00000356100.6/11122, intron 1 of 30)	20	42968743	42971492	2750	1	101927138	ENST00000412519.1	19606	ENSG00000227599	PTPRT-AS1	PTPRT antisense RNA 1	NA	NA	NA
chr1	244296016	244296774	759	*	peak_3466	-1.19444146782619	4.25861229915706e-17	Intron (ENST00000812072.1/105373262, intron 1 of 2)	1	244307592	244325165	17574	2	105373262	ENST00000812076.1	28391	NA	LOC105373262	uncharacterized LOC105373262	NA	NA	NA
chr8	132732312	132732720	409	*	peak_32896	-1.11246190835547	4.43020983797725e-17	Intron (ENST00000677595.1/137835, intron 5 of 9)	8	132685007	132727986	42980	2	23639	ENST00000522780.5	-4326	ENSG00000129295	DNAAF11	dynein axonemal assembly factor 11	NA	NA	NA
chr4	36773462	36773792	331	*	peak_27578	-1.36424447443478	4.67853310447684e-17	Distal Intergenic	4	36548331	36641939	93609	2	105374400	ENST00000655716.2	-131523	NA	LINC02505	long intergenic non-protein coding RNA 2505	NA	NA	NA
chr12	8554599	8555147	549	*	peak_7756	-1.37368969590117	4.79126707953018e-17	Intron (ENST00000751149.1/124902872, intron 1 of 1)	12	8564849	8566098	1250	1	105369645	ENST00000751313.1	-9702	NA	LOC105369645	uncharacterized LOC105369645	NA	NA	NA
chr11	34677980	34678284	305	*	peak_6017	-2.23231309888988	4.84924467363547e-17	Intron (ENST00000843232.1/ENST00000843232.1, intron 1 of 4)	11	34680659	34727136	46478	1	102723568	ENST00000843053.1	-2375	NA	LOC102723568	uncharacterized LOC102723568	NA	NA	NA
chr14	86168317	86168901	585	*	peak_9902	-1.14104209956868	4.92407337297615e-17	Distal Intergenic	14	86127727	86161500	33774	1	101928767	ENST00000655493.1	40590	ENSG00000258733	LINC02328	long intergenic non-protein coding RNA 2328	NA	NA	NA
chr17	55988511	55988954	444	*	peak_14764	-1.20105171869597	5.02619226149594e-17	Intron (ENST00000635860.2/162282, intron 3 of 22)	17	55962062	56511659	549598	1	162282	ENST00000653862.1	26449	ENSG00000153930	ANKFN1	ankyrin repeat and fibronectin type III domain containing 1	NA	NA	NA
chr9	31942170	31942440	271	*	peak_33879	-1.68206496465228	5.22104606130646e-17	Intron (ENST00000835659.1/124902137, intron 1 of 1)	9	31913608	31917029	3422	2	105376011	ENST00000835709.1	-25141	NA	LOC105376011	uncharacterized LOC105376011	NA	NA	NA
chr8	132174896	132175510	615	*	peak_32871	-1.19849150225631	5.53727015969338e-17	3' UTR	8	132063785	132111159	47375	2	10086	ENST00000673615.1	-63737	ENSG00000132297	HHLA1	HHLA1 neighbor of OC90	NA	NA	NA
chr7	96346595	96346998	404	*	peak_31586	-1.4301852781765	5.5396687728315e-17	Distal Intergenic	7	96358390	96406019	47630	1	105375410	ENST00000768829.1	-11392	NA	LOC105375410	uncharacterized LOC105375410	NA	NA	NA
chr2	105722104	105722560	457	*	peak_19524	-1.22897048636482	5.56695098973344e-17	Intron (ENST00000720028.1/ENST00000720028.1, intron 1 of 1)	2	105744912	105894272	149361	1	8440	ENST00000233154.9	-22352	ENSG00000071051	NCK2	NCK adaptor protein 2	NA	NA	NA
chr1	76219384	76220031	648	*	peak_2124	-1.42822547211929	5.60316638816107e-17	Intron (ENST00000328299.4/256435, intron 1 of 4)	1	76313913	76577209	263297	1	256435	ENST00000464140.1	-93882	ENSG00000184005	ST6GALNAC3	ST6 N-acetylgalactosaminide alpha-2,6-sialyltransferase 3	NA	NA	NA
chr9	73370099	73370411	313	*	peak_34131	-1.87227942946751	6.17461138245297e-17	Intron (ENST00000715869.1/105376084, intron 1 of 4)	9	73363620	73368948	5329	1	124902182	ENST00000726763.1	6479	NA	LOC124902182	uncharacterized LOC124902182	NA	NA	NA
chr12	25438691	25439223	533	*	peak_7856	-1.9503497131894	6.52328596251625e-17	Intron (ENST00000543629.5/160492, intron 4 of 4)	12	25502925	25519961	17037	2	160492	ENST00000539523.1	80738	ENSG00000152936	LMNTD1	lamin tail domain containing 1	NA	NA	NA
chr12	93149226	93149697	472	*	peak_8287	-1.81611042818621	6.91124975762747e-17	Intron (ENST00000754395.1/643339, intron 2 of 3)	12	93003389	93139215	135827	2	643339	ENST00000550324.7	-10011	NA	LOC643339	uncharacterized LOC643339	NA	NA	NA
chr5	62145350	62145816	467	*	peak_28314	-1.6576308964933	7.25618188218757e-17	Promoter (<=1kb)	5	61964159	62144591	180433	2	124900610	ENST00000777187.1	-759	NA	LOC124900610	uncharacterized LOC124900610	NA	NA	NA
chr8	103031380	103031824	445	*	peak_32614	-1.28886331963464	7.36031307135171e-17	Intron (ENST00000518857.5/528, intron 1 of 10)	8	103021088	103069076	47989	1	528	ENST00000521514.5	10292	ENSG00000155097	ATP6V1C1	ATPase H+ transporting V1 subunit C1	NA	NA	NA
chr1	28513463	28513915	453	*	peak_1016	-1.31230445298652	7.41925904788092e-17	Intron (ENST00000398958.6/1104, intron 3 of 11)	1	28510077	28536026	25950	1	1104	ENST00000419074.5	3386	ENSG00000180198	RCC1	regulator of chromosome condensation 1	NA	NA	NA
chr10	126844230	126845148	919	*	peak_5375	-1.00035835967333	7.66048515744077e-17	Distal Intergenic	10	126513848	126798708	284861	2	118611	ENST00000657225.1	-45522	ENSG00000154493	C10orf90	chromosome 10 open reading frame 90	NA	NA	NA
chr6	31948681	31949268	588	*	peak_29541	-1.07317351374335	7.76033937634032e-17	Promoter (<=1kb)	6	31948998	31949598	601	1	629	ENST00000467150.1	0	ENSG00000243649	CFB	complement factor B	NA	NA	NA
chr8	24596750	24597234	485	*	peak_32159	-1.60181333446754	7.80932018825263e-17	Intron (ENST00000519689.1/101929294, intron 2 of 4)	8	24300885	24548618	247734	2	101929294	ENST00000523578.5	-48132	NA	ADAM7-AS1	ADAM7, ADAMDEC1 and ADAM28 antisense RNA 1	NA	NA	NA
chr17	69810454	69811008	555	*	peak_15095	-1.26319227765618	7.93575662400921e-17	Intron (ENST00000778376.1/101928122, intron 3 of 5)	17	69819276	69902921	83646	1	101928122	ENST00000659331.1	-8268	ENSG00000227517	LINC01483	long intergenic non-protein coding RNA 1483	NA	NA	NA
chr12	8784190	8784918	729	*	peak_7760	-1.13497648718389	7.98170961979637e-17	Intron (ENST00000537288.1/100874108, intron 1 of 1)	12	8788215	8795790	7576	1	123706525	ENST00000656408.2	-3297	NA	LINC02972	long intergenic non-protein coding RNA 2972	NA	NA	NA
chr7	56110675	56111297	623	*	peak_31330	-1.1833485002402	8.30466263489506e-17	Distal Intergenic	7	56094567	56106479	11913	2	51142	ENST00000716930.1	-4196	ENSG00000106153	CHCHD2	coiled-coil-helix-coiled-coil-helix domain containing 2	NA	NA	NA
chr8	57861985	57862374	390	*	peak_32441	-1.64922141889048	8.3278878741595e-17	Intron (ENST00000805093.1/105375856, intron 1 of 2)	8	57855500	57984114	128615	1	100505477	ENST00000650579.1	6485	ENSG00000205293	LINC01602	long intergenic non-protein coding RNA 1602	NA	NA	NA
chr12	130074682	130075485	804	*	peak_8754	-1.03974460581353	8.67373811130685e-17	Distal Intergenic	12	130071333	130072686	1354	1	105370078	ENST00000848469.1	3349	NA	LINC02419	long intergenic non-protein coding RNA 2419	NA	NA	NA
chr1	201732379	201732814	436	*	peak_2982	-1.72263588759026	8.83691851118836e-17	Promoter (<=1kb)	1	201724245	201731590	7346	2	124904483	ENST00000835562.1	-789	NA	LOC124904483	uncharacterized LOC124904483	NA	NA	NA
chr14	87877692	87878251	560	*	peak_9909	-1.32543342582464	8.91607305715994e-17	Intron (ENST00000555000.5/2581, intron 13 of 13)	14	87934772	87949899	15128	2	2581	ENST00000555179.1	71648	ENSG00000054983	GALC	galactosylceramidase	NA	NA	NA
chr10	72209837	72210152	316	*	peak_4403	-1.34182695352647	8.96357004209061e-17	Promoter (<=1kb)	10	72096522	72210737	114216	2	51008	ENST00000486689.6	585	ENSG00000138303	ASCC1	activating signal cointegrator 1 complex subunit 1	NA	NA	NA
chr9	5897931	5898232	302	*	peak_33853	-1.6198620968692	9.40521570353768e-17	Promoter (<=1kb)	9	5897564	5907189	9626	1	2315	ENST00000490518.1	367	ENSG00000120215	MLANA	melan-A	NA	NA	NA
chr8	128883151	128883648	498	*	peak_32825	-1.0503825024588	9.95633097209523e-17	Intron (ENST00000643616.1/106144608, intron 2 of 3)	8	128799887	128826939	27053	2	124902021	ENST00000847586.1	-56212	NA	LOC124902021	uncharacterized LOC124902021	NA	NA	NA
chr2	105129943	105130299	357	*	peak_19516	-1.50495583820054	9.95951257468003e-17	Distal Intergenic	2	105143591	105145460	1870	1	105373984	ENST00000849532.1	-13292	ENSG00000226508	LINC01918	long intergenic non-protein coding RNA 1918	NA	NA	NA
chr2	197159546	197160176	631	*	peak_20293	-1.56170028749508	1.0203811428368e-16	Intron (ENST00000282272.15/91526, intron 2 of 27)	2	196967017	197122733	155717	2	91526	ENST00000424317.5	-36813	ENSG00000065413	ANKRD44	ankyrin repeat domain 44	NA	NA	NA
chr14	45249021	45249517	497	*	peak_9420	-1.3467531046846	1.03562121877701e-16	Intron (ENST00000310806.9/55320, intron 1 of 16)	14	45246821	45253177	6357	2	55320	ENST00000451174.1	3660	ENSG00000129534	MIS18BP1	MIS18 binding protein 1	NA	NA	NA
chr8	129710353	129711130	778	*	peak_32827	-1.26184156555738	1.21027501007613e-16	Intron (ENST00000646849.1/56169, intron 1 of 7)	8	129685401	129723023	37623	2	56169	ENST00000646849.1	11893	ENSG00000147697	GSDMC	gasdermin C	NA	NA	NA
chr17	72090699	72091147	449	*	peak_15109	-1.34725481010993	1.24331155415689e-16	Promoter (1-2kb)	17	72089348	72100207	10860	1	101928205	ENST00000654175.1	1351	ENSG00000226101	LINC02097	long intergenic non-protein coding RNA 2097	NA	NA	NA
chr6	166809587	166810449	863	*	peak_30360	-1.29432466269981	1.24331155415689e-16	Intron (ENST00000510118.5/6196, intron 2 of 22)	6	166504599	166757911	253313	2	6196	ENST00000507371.5	-51676	ENSG00000071242	RPS6KA2	ribosomal protein S6 kinase A2	NA	NA	NA
chr19	31252289	31252693	405	*	peak_17156	-1.31834547484738	1.25278513337903e-16	Intron (ENST00000651361.1/57616, intron 1 of 6)	19	31279194	31305763	26570	2	57616	ENST00000560707.1	53070	ENSG00000121297	TSHZ3	teashirt zinc finger homeobox 3	NA	NA	NA
chr5	42375151	42375780	630	*	peak_28242	-1.34673874946124	1.27067491080236e-16	Distal Intergenic	5	42423439	42721878	298440	1	2690	ENST00000230882.9	-47659	ENSG00000112964	GHR	growth hormone receptor	NA	NA	NA
chr17	57331434	57331746	313	*	peak_14787	-1.28752307549334	1.28207645203968e-16	Intron (ENST00000416426.6/124540, intron 5 of 13)	17	57294685	57632905	338221	1	124540	ENST00000579180.2	36749	ENSG00000153944	MSI2	musashi RNA binding protein 2	NA	NA	NA
chr18	3664092	3664674	583	*	peak_16053	-1.57516527785357	1.31318252083352e-16	Intron (ENST00000400147.6/9229, intron 4 of 9)	18	3653410	3656282	2873	1	105371967	ENST00000577848.1	10682	ENSG00000266401	DLGAP1-AS6	DLGAP1 antisense RNA 6	NA	NA	NA
chr9	89466258	89466965	708	*	peak_34222	-1.0177811620394	1.39028513309863e-16	Intron (ENST00000339861.8/10507, intron 1 of 18)	9	89377237	89455953	78717	2	10507	ENST00000356444.6	-10305	ENSG00000187764	SEMA4D	semaphorin 4D	NA	NA	NA
chr16	55247447	55248391	945	*	peak_12572	-1.20182381833912	1.39606736928864e-16	Intron (ENST00000761294.1/ENST00000761294.1, intron 1 of 2)	16	55324203	55330756	6554	1	79190	ENST00000290552.8	-75812	ENSG00000159387	IRX6	iroquois homeobox 6	NA	NA	NA
chr11	24697743	24698165	423	*	peak_5973	-1.49980151822977	1.40122140609339e-16	Intron (ENST00000531187.5/338645, intron 1 of 5)	11	24729140	25082631	353492	1	338645	ENST00000620308.1	-30975	ENSG00000187398	LUZP2	leucine zipper protein 2	NA	NA	NA
chr18	5068861	5069240	380	*	peak_16058	-1.75136446674323	1.41012355081697e-16	Distal Intergenic	18	5081171	5098780	17610	1	105371969	ENST00000656896.1	-11931	ENSG00000265514	LINC01892	long intergenic non-protein coding RNA 1892	NA	NA	NA
chr10	117831656	117832089	434	*	peak_5150	-1.74754305480631	1.43769682562838e-16	Distal Intergenic	10	117734972	117753329	18358	1	102724627	ENST00000656183.1	96684	ENSG00000234952	LINC02674	long intergenic non-protein coding RNA 2674	NA	NA	NA
chr7	140283203	140284418	1216	*	peak_31823	-1.05286181020951	1.45857245617685e-16	Distal Intergenic	7	140253239	140257968	4730	1	107986854	ENST00000825228.1	29964	ENSG00000307342	LOC107986854	uncharacterized LOC107986854	NA	NA	NA
chr20	16877052	16877430	379	*	peak_21206	-1.51495717161881	1.52703039478942e-16	Distal Intergenic	20	16749360	16751782	2423	1	56914	ENST00000486129.1	127692	ENSG00000125879	OTOR	otoraplin	NA	NA	NA
chr7	72435912	72436799	888	*	peak_31436	-1.14125253258805	1.55689704765862e-16	Intron (ENST00000395276.6/83698, intron 1 of 6)	7	71779491	72447061	667571	2	83698	ENST00000395276.6	10262	ENSG00000183166	CALN1	calneuron 1	NA	NA	NA
chr10	104242983	104243447	465	*	peak_5046	-1.35792137293004	1.56674427481683e-16	Intron (ENST00000470554.5/9446, intron 1 of 4)	10	104235356	104259798	24443	1	9446	ENST00000470554.5	7627	ENSG00000148834	GSTO1	glutathione S-transferase omega 1	NA	NA	NA
chr6	28920271	28920891	621	*	peak_29461	-1.66895495661048	1.56965568753008e-16	Promoter (<=1kb)	6	28914776	28920183	5408	2	5987	ENST00000496091.1	-88	ENSG00000204713	TRIM27	tripartite motif containing 27	NA	NA	NA
chr10	65039611	65040231	621	*	peak_4070	-1.21064750089902	1.60605807426957e-16	Distal Intergenic	10	64902438	65017639	115202	2	101928887	ENST00000655566.1	-21972	ENSG00000224714	LINC02671	long intergenic non-protein coding RNA 2671	NA	NA	NA
chr15	77064512	77064879	368	*	peak_10983	-1.62811346740398	1.67095603392402e-16	Exon (ENST00000624777.1/ENST00000624777.1, exon 1 of 1)	15	77046084	77071034	24951	2	10099	ENST00000559494.1	6155	ENSG00000140391	TSPAN3	tetraspanin 3	NA	NA	NA
chr20	13863247	13863758	512	*	peak_21199	-1.40319853084608	1.75783620287173e-16	Intron (ENST00000284951.10/80343, intron 17 of 19)	20	13849398	13870184	20787	2	80343	ENST00000475649.5	6426	ENSG00000101251	SEL1L2	SEL1L2 adaptor subunit of SYVN1 ubiquitin ligase	NA	NA	NA
chr1	114250963	114251778	816	*	peak_2374	-1.08669680921078	1.89291247119381e-16	Intron (ENST00000420156.2/107985443, intron 1 of 1)	1	114206427	114262278	55852	2	107985443	ENST00000420156.2	10500	NA	LOC107985443	uncharacterized LOC107985443	NA	NA	NA
chr11	57555959	57556405	447	*	peak_6210	-1.35107605119997	1.9059317054952e-16	Intron (ENST00000340573.8/9246, intron 2 of 3)	11	57552272	57560516	8245	2	9246	ENST00000528275.1	4111	ENSG00000156587	UBE2L6	ubiquitin conjugating enzyme E2 L6	NA	NA	NA
chr3	115891116	115891684	569	*	peak_26252	-1.30056479100296	1.92263806990001e-16	Intron (ENST00000750388.1/107986116, intron 2 of 2)	3	115841571	115852578	11008	2	4045	ENST00000473171.5	-38538	ENSG00000185565	LSAMP	limbic system associated membrane protein	NA	NA	NA
chr8	130096576	130096939	364	*	peak_32836	-1.2095043542887	1.98083736949919e-16	Intron (ENST00000524124.5/50807, intron 18 of 23)	8	130082738	130084768	2031	2	100507117	ENST00000626977.1	-11808	ENSG00000280543	ASAP1-IT2	ASAP1 intronic transcript 2	NA	NA	NA
chr16	22547440	22547782	343	*	peak_12210	-1.68928786837528	1.99321277235981e-16	Promoter (<=1kb)	16	22546964	22576682	29719	1	653786	ENST00000548889.1	476	ENSG00000290866	OTOAP1	OTOA pseudogene 1	NA	NA	NA
chr6	154596801	154597442	642	*	peak_30220	-1.13691949778998	1.99409572282563e-16	Distal Intergenic	6	154510840	154511572	733	1	101928868	ENST00000802580.1	85961	ENSG00000287260	LOC101928868	uncharacterized LOC101928868	NA	NA	NA
chr5	40831919	40832284	366	*	peak_28237	-1.59255749071056	1.99969384539941e-16	Promoter (<=1kb)	5	40827703	40832555	4853	2	6167	ENST00000511787.1	271	ENSG00000145592	RPL37	ribosomal protein L37	NA	NA	NA
chr2	59150302	59150707	406	*	peak_18982	-1.4822396713548	2.01816772501794e-16	Intron (ENST00000422723.6/400955, intron 10 of 10)	2	59217708	59279400	61693	1	101927285	ENST00000409590.1	-67001	ENSG00000233723	LINC01793	long intergenic non-protein coding RNA 1793	NA	NA	NA
chr2	49702872	49703099	228	*	peak_18958	-1.69142025376028	2.15902978888704e-16	Intron (ENST00000809387.1/124906005, intron 2 of 5)	2	49581876	49634288	52413	1	124906005	ENST00000809398.1	120996	NA	LOC124906005	uncharacterized LOC124906005	NA	NA	NA
chr1	23849104	23849559	456	*	peak_828	-1.29600762052441	2.20364040963485e-16	Intron (ENST00000374479.4/2517, intron 5 of 7)	1	23801887	23838620	36734	2	3155	ENST00000374487.6	-10484	ENSG00000117305	HMGCL	3-hydroxy-3-methylglutaryl-CoA lyase	NA	NA	NA
chr5	114237825	114238153	329	*	peak_28419	-1.28300418802554	2.26889110527403e-16	Exon (ENST00000773900.1/ENST00000773900.1, exon 1 of 4)	5	114362070	114496496	134427	1	3781	ENST00000673685.1	-123917	ENSG00000080709	KCNN2	potassium calcium-activated channel subfamily N member 2	NA	NA	NA
chr20	18223271	18223764	494	*	peak_21231	-1.07387311497429	2.28936839685558e-16	Distal Intergenic	20	18268070	18270932	2863	1	124904876	ENST00000805075.1	-44306	ENSG00000304635	LOC124904876	uncharacterized LOC124904876	NA	NA	NA
chr20	5696009	5697384	1376	*	peak_21167	-1.09827177262964	2.36369803148906e-16	Distal Intergenic	20	5703611	5714682	11072	2	105372514	ENST00000720652.1	17298	ENSG00000294032	LOC105372514	uncharacterized LOC105372514	NA	NA	NA
chr3	46187941	46188244	304	*	peak_25537	-1.41518034467467	2.4212834862169e-16	Intron (ENST00000684109.1/105377067, intron 1 of 1)	3	46201711	46208313	6603	2	1230	ENST00000296140.4	20069	ENSG00000163823	CCR1	C-C motif chemokine receptor 1	NA	NA	NA
chr10	77505798	77506300	503	*	peak_4470	-1.34912957969484	2.46584808803091e-16	Intron (ENST00000639601.1/3778, intron 1 of 27)	10	77249431	77498970	249540	2	3778	ENST00000639282.1	-6828	ENSG00000156113	KCNMA1	potassium calcium-activated channel subfamily M alpha 1	NA	NA	NA
chr10	63765081	63765450	370	*	peak_4067	-1.71090857427197	2.4740299634669e-16	Intron (ENST00000823903.1/124902438, intron 2 of 2)	10	63664676	63686180	21505	1	124902438	ENST00000823904.1	100405	ENSG00000228566	LOC124902438	uncharacterized LOC124902438	NA	NA	NA
chr6	111399408	111399929	522	*	peak_30090	-1.67416916889876	2.50789696042086e-16	Intron (ENST00000673446.1/ENST00000673446.1, intron 2 of 3)	6	111392695	111405632	12938	2	5980	ENST00000460981.1	5703	ENSG00000009413	REV3L	REV3 like, DNA directed polymerase zeta catalytic subunit	NA	NA	NA
chr4	73609795	73610044	250	*	peak_27706	-1.68357477660993	2.51429705047967e-16	Intron (ENST00000307439.10/166824, intron 2 of 10)	4	73574571	73620412	45842	2	166824	ENST00000395777.6	10368	ENSG00000169435	RASSF6	Ras association domain family member 6	NA	NA	NA
chr16	6600824	6601096	273	*	peak_11929	-1.62153511345193	2.52949438242757e-16	Intron (ENST00000569895.3/54715, intron 5 of 6)	16	6483815	7713325	1229511	1	54715	ENST00000675653.1	117009	ENSG00000078328	RBFOX1	RNA binding fox-1 homolog 1	NA	NA	NA
chr4	37634862	37635611	750	*	peak_27582	-1.19693591240217	2.54663845593548e-16	Exon (ENST00000314117.8/768211, exon 5 of 7)	4	37634887	37665381	30495	2	768211	ENST00000512114.1	29770	ENSG00000181826	RELL1	RELT like 1	NA	NA	NA
chr5	42665576	42666157	582	*	peak_28245	-1.57867950857602	2.58629512674979e-16	Intron (ENST00000230882.9/2690, intron 3 of 9)	5	42713867	42718814	4948	1	2690	ENST00000513625.1	-47710	ENSG00000112964	GHR	growth hormone receptor	NA	NA	NA
chr9	110069680	110070276	597	*	peak_34512	-1.20515049536653	2.61953704757329e-16	Intron (ENST00000374530.8/445815, intron 7 of 10)	9	110090197	110138426	48230	1	445815	ENST00000480388.1	-19921	ENSG00000157654	PALM2AKAP2	PALM2 and AKAP2 fusion	NA	NA	NA
chr14	69477032	69477446	415	*	peak_9676	-1.48544946014577	2.8032680538594e-16	Distal Intergenic	14	69484692	69503690	18999	1	400224	ENST00000556123.1	-7246	ENSG00000175985	PLEKHD1	pleckstrin homology and coiled-coil domain containing D1	NA	NA	NA
chr3	161314776	161315286	511	*	peak_26890	-1.25661393652976	2.8163011630719e-16	Intron (ENST00000765145.1/ENST00000765145.1, intron 1 of 2)	3	161345775	161371501	25727	2	165679	ENST00000497137.1	56215	ENSG00000196542	SPTSSB	serine palmitoyltransferase small subunit B	NA	NA	NA
chr20	33777833	33778275	443	*	peak_21588	-1.37777197600826	2.8774055629381e-16	Intron (ENST00000342427.6/84905, intron 10 of 14)	20	33787088	33792269	5182	1	84905	ENST00000493497.1	-8813	ENSG00000131061	ZNF341	zinc finger protein 341	NA	NA	NA
chr3	166889205	166889688	484	*	peak_26892	-1.54794851088524	2.88203810513579e-16	Distal Intergenic	3	166835021	166844956	9936	2	124909498	ENST00000496403.1	-44249	NA	LOC124909498	uncharacterized LOC124909498	NA	NA	NA
chr8	117847639	117848133	495	*	peak_32658	-1.00028606081976	3.11009563388004e-16	Intron (ENST00000378204.7/2131, intron 1 of 10)	8	117799587	117806902	7316	2	2131	ENST00000684443.1	-40737	ENSG00000182197	EXT1	exostosin glycosyltransferase 1	NA	NA	NA
chr4	67727133	67727573	441	*	peak_27696	-1.60085163659686	3.15918894427332e-16	Intron (ENST00000793755.1/ENST00000793755.1, intron 1 of 2)	4	67747236	67747386	151	1	124900175	ENST00000365504.1	-19663	ENSG00000202374	LOC124900175	small nucleolar RNA SNORA62/SNORA6 family	NA	NA	NA
chr9	96856832	96857462	631	*	peak_34415	-1.04949982889464	3.17974421171752e-16	Intron (ENST00000721889.1/100132781, intron 1 of 2)	9	96854609	96871095	16487	1	100132781	ENST00000721889.1	2223	NA	LOC100132781	cyclin Y like 1 pseudogene	NA	NA	NA
chr1	150808945	150809408	464	*	peak_2477	-1.59365680451056	3.22338240611928e-16	Promoter (<=1kb)	1	150796228	150809189	12962	2	1513	ENST00000678725.1	0	ENSG00000143387	CTSK	cathepsin K	NA	NA	NA
chr12	16389567	16389929	363	*	peak_7834	-1.20625996584568	3.25078356033157e-16	Intron (ENST00000539036.5/4257, intron 4 of 4)	12	16382827	16438761	55935	1	4257	ENST00000359720.3	6740	ENSG00000008394	MGST1	microsomal glutathione S-transferase 1	NA	NA	NA
chr8	128329711	128330154	444	*	peak_32822	-1.12548193118295	3.26526657410118e-16	Intron (ENST00000816375.1/ENST00000816375.1, intron 1 of 2)	8	128406261	128415381	9121	2	101927774	ENST00000517583.1	85227	NA	LINC00824	long intergenic non-protein coding RNA 824	NA	NA	NA
chr7	40521106	40521443	338	*	peak_31026	-1.77511528402819	3.32626026164134e-16	Intron (ENST00000401647.7/79783, intron 11 of 12)	7	40538127	40546928	8802	2	101928716	ENST00000415237.1	25485	ENSG00000203446	SUGCT-AS1	SUGCT antisense RNA 1	NA	NA	NA
chr7	23048087	23048962	876	*	peak_30862	-1.44893220291221	3.34905524556001e-16	Distal Intergenic	7	22941824	23014130	72307	2	84668	ENST00000681237.1	-33957	ENSG00000122591	HYCC1	hyccin PI4KA lipid kinase complex subunit 1	NA	NA	NA
chr20	13235029	13235757	729	*	peak_21197	-1.25447000339545	3.37832437663844e-16	Intron (ENST00000262487.5/140862, intron 1 of 5)	20	13237801	13239674	1874	2	100505536	ENST00000431407.1	3917	NA	ISM1-AS1	ISM1 antisense RNA 1	NA	NA	NA
chr2	62406646	62407156	511	*	peak_19008	-1.20790935183075	3.42015182455892e-16	Intron (ENST00000807679.1/105374764, intron 3 of 5)	2	62415118	62464073	48956	1	105374764	ENST00000807692.1	-7962	NA	LOC105374764	uncharacterized LOC105374764	NA	NA	NA
chr7	21903038	21903662	625	*	peak_30858	-1.28146885023559	3.5041241290937e-16	Promoter (<=1kb)	7	21902654	21904259	1606	2	55536	ENST00000435717.1	597	ENSG00000164649	CDCA7L	cell division cycle associated 7 like	NA	NA	NA
chr8	130062143	130062622	480	*	peak_32835	-1.12861830048839	3.51105435949626e-16	Intron (ENST00000524124.5/50807, intron 21 of 23)	8	130082738	130084768	2031	2	100507117	ENST00000626977.1	22146	ENSG00000280543	ASAP1-IT2	ASAP1 intronic transcript 2	NA	NA	NA
chr20	7180361	7180655	295	*	peak_21177	-1.64754352393563	3.52213009037019e-16	Intron (ENST00000449581.2/101929265, intron 5 of 7)	20	7146467	7155932	9466	2	101929265	ENST00000828086.1	-24429	ENSG00000228888	LINC01428	long intergenic non-protein coding RNA 1428	NA	NA	NA
chr8	138987831	138988211	381	*	peak_33082	-1.35725883398974	3.52213009037019e-16	Distal Intergenic	8	138588235	138914041	325807	2	169044	ENST00000303045.11	-73790	ENSG00000169436	COL22A1	collagen type XXII alpha 1 chain	NA	NA	NA
chr6	133092736	133093486	751	*	peak_30123	-1.19279164843534	3.56728844513279e-16	Intron (ENST00000670829.1/285735, intron 2 of 2)	6	133088126	133106425	18300	1	285735	ENST00000787823.1	4610	ENSG00000231023	LINC00326	long intergenic non-protein coding RNA 326	NA	NA	NA
chr6	158392128	158392770	643	*	peak_30262	-1.46836217280785	3.58846629436249e-16	Intron (ENST00000619713.1/ENST00000619713.1, intron 1 of 1)	6	158461650	158498693	37044	1	56995	ENST00000613390.1	-68880	ENSG00000130338	TULP4	TUB like protein 4	NA	NA	NA
chr1	195415687	195415967	281	*	peak_2916	-1.70585302797296	3.6592858159598e-16	Distal Intergenic	1	195758639	195763420	4782	2	105371672	ENST00000791950.1	347453	ENSG00000287364	LOC105371672	uncharacterized LOC105371672	NA	NA	NA
chr16	12141812	12142510	699	*	peak_12083	-1.1426195661728	3.66822631985993e-16	Intron (ENST00000566228.6/92017, intron 13 of 20)	16	12129697	12527397	397701	1	92017	ENST00000564791.5	12115	ENSG00000048471	SNX29	sorting nexin 29	NA	NA	NA
chr17	49241639	49242593	955	*	peak_14597	-1.04698566871574	3.84266016053168e-16	Intron (ENST00000785575.1/124871, intron 2 of 2)	17	49248094	49286532	38439	1	124871	ENST00000659323.1	-5501	ENSG00000177369	FLJ40194	uncharacterized FLJ40194	NA	NA	NA
chr15	70458683	70459030	348	*	peak_10808	-1.64154368386287	3.87478533125683e-16	Intron (ENST00000756906.1/ENST00000756906.1, intron 1 of 1)	15	70427442	70428583	1142	1	124903519	ENST00000741598.1	31241	ENSG00000296752	LOC124903519	uncharacterized LOC124903519	NA	NA	NA
chr3	68755334	68756114	781	*	peak_26135	-1.2239390718704	4.26659965020057e-16	Intron (ENST00000295569.12/151647, intron 3 of 5)	3	68731766	68932547	200782	2	151647	ENST00000295569.12	176433	ENSG00000163377	TAFA4	TAFA chemokine like family member 4	NA	NA	NA
chr17	43725128	43726007	880	*	peak_14354	-1.08062737111541	4.28280298416237e-16	Distal Intergenic	17	43753738	43758791	5054	2	50964	ENST00000301691.3	32784	ENSG00000167941	SOST	sclerostin	NA	NA	NA
chr8	118281232	118281655	424	*	peak_32660	-1.81616273067188	4.5513684885285e-16	Promoter (<=1kb)	8	118281290	118288358	7069	1	105375724	ENST00000819324.1	0	NA	LOC105375724	uncharacterized LOC105375724	NA	NA	NA
chr5	132417928	132418436	509	*	peak_28529	-1.25629308260121	4.56739717989027e-16	Promoter (1-2kb)	5	132419864	132460930	41067	1	441108	ENST00000621237.1	-1428	NA	CARINH	colitis associated IRF1 antisense regulator of intestinal homeostasis	NA	NA	NA
chr6	34726146	34726467	322	*	peak_29683	-1.63792506857755	4.61427311469879e-16	Exon (ENST00000770923.1/ENST00000770923.1, exon 3 of 3)	6	34696940	34697471	532	1	101929243	ENST00000606496.2	29206	ENSG00000272288	ILRUN-AS1	ILRUN antisense RNA 1	NA	NA	NA
chr11	36186507	36186823	317	*	peak_6029	-1.34582201029794	4.61482201743171e-16	Intron (ENST00000524419.5/143458, intron 4 of 5)	11	36163299	36227429	64131	1	143458	ENST00000529759.1	23208	ENSG00000179241	LDLRAD3	low density lipoprotein receptor class A domain containing 3	NA	NA	NA
chr10	33581880	33582920	1041	*	peak_3640	-1.07854047040166	4.61667738067415e-16	Intron (ENST00000457848.1/105376490, intron 3 of 3)	10	33578931	33600040	21110	2	105376490	ENST00000457848.1	17120	NA	LINC02628	long intergenic non-protein coding RNA 2628	NA	NA	NA
chr8	73130733	73131115	383	*	peak_32493	-1.26467444214561	4.86253764888228e-16	Distal Intergenic	8	73066532	73124088	57557	2	157869	ENST00000519697.1	-6645	ENSG00000164764	SBSPON	somatomedin B and thrombospondin type 1 domain containing	NA	NA	NA
chr5	39501847	39502280	434	*	peak_28230	-1.06082849853457	4.87976803634402e-16	Distal Intergenic	5	39520365	39563609	43245	1	101926940	ENST00000821776.1	-18085	ENSG00000271334	LINC02104	long intergenic non-protein coding RNA 2104	NA	NA	NA
chr2	53202939	53203133	195	*	peak_18961	-1.88695541580801	4.88302615394606e-16	Distal Intergenic	2	52836499	52961484	124986	2	105369165	ENST00000809548.1	-241455	ENSG00000228033	LOC105369165	uncharacterized LOC105369165	NA	NA	NA
chr12	42448900	42449432	533	*	peak_7958	-1.40156944400713	5.04594022860393e-16	Intron (ENST00000317560.13/51535, intron 9 of 9)	12	42463622	42465080	1459	2	144165	ENST00000640361.1	15648	ENSG00000139174	PRICKLE1	prickle planar cell polarity protein 1	NA	NA	NA
chr2	54574443	54574953	511	*	peak_18968	-1.15081484544205	5.26270691923919e-16	Exon (ENST00000806137.1/ENST00000806137.1, exon 1 of 1)	2	54558394	54662308	103915	1	6711	ENST00000333896.5	16049	ENSG00000115306	SPTBN1	spectrin beta, non-erythrocytic 1	NA	NA	NA
chr10	35649460	35650138	679	*	peak_3656	-1.25186868594236	5.54403116509992e-16	Distal Intergenic	10	35643783	35647828	4046	1	105376494	ENST00000783920.1	5677	NA	LOC105376494	uncharacterized LOC105376494	NA	NA	NA
chr12	18854198	18854787	590	*	peak_7835	-1.43595846500845	5.54719134189772e-16	Distal Intergenic	12	18753726	18774464	20739	1	102724227	ENST00000838347.1	100472	NA	LOC102724227	uncharacterized LOC102724227	NA	NA	NA
chr3	188827137	188827460	324	*	peak_27008	-1.59862368620019	5.54719134189772e-16	Intron (ENST00000414139.6/4026, intron 8 of 10)	3	188758007	188876879	118873	1	4026	ENST00000459897.2	69130	ENSG00000145012	LPP	LIM domain containing preferred translocation partner in lipoma	NA	NA	NA
chr19	39643653	39644244	592	*	peak_17406	-1.10618821231067	5.68087001280947e-16	Distal Intergenic	19	39640452	39642404	1953	1	100129935	ENST00000744761.1	3201	ENSG00000290598	LOC100129935	galectin 14 pseudogene	NA	NA	NA
chr14	98754337	98754943	607	*	peak_10033	-1.68429065794281	5.75212253334163e-16	Distal Intergenic	14	98711662	98716173	4512	1	283598	ENST00000546029.2	42675	ENSG00000176605	LINC02914	long intergenic non-protein coding RNA 2914	NA	NA	NA
chr16	79098996	79099507	512	*	peak_13007	-1.45062297906799	5.79583955149765e-16	Intron (ENST00000683929.1/51741, intron 10 of 10)	16	79090050	79101754	11705	1	107984806	ENST00000563230.1	8946	NA	LOC107984806	uncharacterized LOC107984806	NA	NA	NA
chr8	118572609	118573074	466	*	peak_32668	-1.84694055460229	5.80517686276965e-16	Intron (ENST00000409003.5/401474, intron 2 of 4)	8	118620498	118906091	285594	1	552860	ENST00000625758.3	-47424	NA	SAMD12-AS1	SAMD12 antisense RNA 1	NA	NA	NA
chr20	6685172	6685693	522	*	peak_21175	-1.25603966010211	5.84599003202317e-16	Distal Intergenic	20	6731258	6736136	4879	2	105372516	ENST00000445589.1	50443	NA	LINC01713	long intergenic non-protein coding RNA 1713	NA	NA	NA
chr16	53034360	53034702	343	*	peak_12547	-1.6029511281809	5.87134414906117e-16	Distal Intergenic	16	53035690	53052873	17184	2	105371267	ENST00000562178.1	18171	ENSG00000277639	CHD9NB	CHD9 neighbor	NA	NA	NA
chr7	77288496	77289121	626	*	peak_31546	-1.32189562799814	6.09681064480912e-16	Promoter (<=1kb)	7	77274227	77288710	14484	2	102723791	ENST00000811576.1	0	ENSG00000305531	LOC102723791	uncharacterized LOC102723791	NA	NA	NA
chr12	8000782	8001286	505	*	peak_7743	-1.07516188603905	6.43865852317384e-16	Intron (ENST00000707174.1/6515, intron 2 of 14)	12	7919230	8019007	99778	2	6515	ENST00000707174.1	17721	ENSG00000059804	SLC2A3	solute carrier family 2 member 3	NA	NA	NA
chr7	51072303	51072651	349	*	peak_31263	-1.15806335107683	6.44576419269995e-16	3' UTR	7	51017280	51035955	18676	2	23242	ENST00000462395.1	-36348	ENSG00000106078	COBL	cordon-bleu WH2 repeat protein	NA	NA	NA
chr14	61257667	61258039	373	*	peak_9522	-1.32654414682352	6.55743712632289e-16	Intron (ENST00000555185.5/5583, intron 1 of 3)	14	61280953	61443211	162259	1	5583	ENST00000555542.5	-22914	ENSG00000027075	PRKCH	protein kinase C eta	NA	NA	NA
chr4	49063263	49063977	715	*	peak_27632	-1.2369388930078	6.67248488755296e-16	Distal Intergenic	4	49028692	49031276	2585	1	80157	ENST00000507372.1	34571	ENSG00000109182	CWH43	cell wall biogenesis 43 C-terminal homolog	NA	NA	NA
chr2	13433923	13434325	403	*	peak_18299	-1.75815795325647	6.77653223520293e-16	Distal Intergenic	2	13357278	13403233	45956	1	105373437	ENST00000772678.1	76645	ENSG00000300555	LOC105373437	uncharacterized LOC105373437	NA	NA	NA
chr14	59521351	59521711	361	*	peak_9510	-1.62221983382266	6.8896686986585e-16	Exon (ENST00000554253.1/729665, exon 2 of 6)	14	59479274	59525437	46164	2	729665	ENST00000554253.1	3726	ENSG00000151838	CCDC175	coiled-coil domain containing 175	NA	NA	NA
chr17	43351704	43352201	498	*	peak_14345	-1.66740861530733	6.97706355746505e-16	Intron (ENST00000663186.1/ENST00000663186.1, intron 1 of 2)	17	43368796	43373810	5015	1	105371785	ENST00000829281.1	-16595	NA	LOC105371785	uncharacterized LOC105371785	NA	NA	NA
chr5	116858405	116859042	638	*	peak_28434	-1.31637088681619	7.16773361827096e-16	Distal Intergenic	5	116896668	116915279	18612	2	105379135	ENST00000795992.1	56237	NA	LOC105379135	uncharacterized LOC105379135	NA	NA	NA
chr18	40207385	40207720	336	*	peak_16352	-1.5523874079786	7.62371858595182e-16	Distal Intergenic	18	40245871	40249813	3943	1	105372082	ENST00000750899.1	-38151	NA	LOC105372082	uncharacterized LOC105372082	NA	NA	NA
chr9	89939720	89940246	527	*	peak_34250	-1.28397973785917	7.74031587066439e-16	Intron (ENST00000656288.1/101927847, intron 2 of 6)	9	89969386	90015624	46239	1	101927847	ENST00000666051.1	-29140	ENSG00000237626	LOC101927847	uncharacterized LOC101927847	NA	NA	NA
chr16	8324164	8324551	388	*	peak_11937	-1.56588810622677	7.77780341540687e-16	Intron (ENST00000564185.1/ENST00000564185.1, intron 2 of 3)	16	8526549	8532013	5465	2	283953	ENST00000562516.1	207462	ENSG00000232258	TMEM114	transmembrane protein 114	NA	NA	NA
chr3	72052878	72053384	507	*	peak_26155	-1.71402097991575	7.83600325185405e-16	Promoter (<=1kb)	3	72035502	72052902	17401	2	285286	ENST00000811819.1	0	ENSG00000241163	LINC00877	long intergenic non-protein coding RNA 877	NA	NA	NA
chr8	26637442	26638062	621	*	peak_32178	-1.20172237213352	7.87689884480152e-16	Promoter (<=1kb)	8	26637530	26643522	5993	1	1808	ENST00000474808.1	0	ENSG00000092964	DPYSL2	dihydropyrimidinase like 2	NA	NA	NA
chr7	108584128	108584622	495	*	peak_31727	-1.65435274167184	7.88575742640155e-16	Distal Intergenic	7	108571715	108574760	3046	1	4189	ENST00000465725.1	12413	ENSG00000128590	DNAJB9	DnaJ heat shock protein family (Hsp40) member B9	NA	NA	NA
chr13	35349733	35350123	391	*	peak_9065	-1.63083714984366	8.29390342729612e-16	Promoter (<=1kb)	13	35349123	35453799	104677	1	26960	ENST00000691637.1	610	ENSG00000172915	NBEA	neurobeachin	NA	NA	NA
chr3	108863216	108863766	551	*	peak_26228	-1.47039353352293	8.57371427530797e-16	Distal Intergenic	3	108822859	108839325	16467	1	50852	ENST00000478830.1	40357	ENSG00000163519	TRAT1	T cell receptor associated transmembrane adaptor 1	NA	NA	NA
chr6	143139986	143140305	320	*	peak_30154	-1.62034707176138	8.61942600566554e-16	Intron (ENST00000367601.8/51390, intron 3 of 5)	6	143126250	143333445	207196	1	51390	ENST00000458219.1	13736	ENSG00000146416	AIG1	androgen induced 1	NA	NA	NA
chr5	55978022	55978560	539	*	peak_28289	-1.18495987716054	8.85768348332794e-16	Promoter (<=1kb)	5	55978285	56001806	23522	1	441072	ENST00000719859.1	0	ENSG00000227908	IL6ST-DT	IL6ST divergent transcript	NA	NA	NA
chr17	41860045	41860580	536	*	peak_14305	-1.45443835851353	8.89912418612366e-16	Intron (ENST00000319121.4/55175, intron 1 of 1)	17	41848518	41865423	16906	2	55175	ENST00000319121.4	4843	ENSG00000178502	KLHL11	kelch like family member 11	NA	NA	NA
chr13	99799415	99800101	687	*	peak_9156	-1.34364542300498	8.92896840666573e-16	Intron (ENST00000376355.7/171425, intron 2 of 7)	13	99858861	99865238	6378	1	171425	ENST00000416504.5	-58760	ENSG00000125246	CLYBL	citramalyl-CoA lyase	NA	NA	NA
chr13	27370410	27370832	423	*	peak_9034	-1.539514697442	8.94685917819307e-16	Intron (ENST00000833682.1/ENST00000833682.1, intron 1 of 1)	13	27366918	27374371	7454	2	105370126	ENST00000833774.1	3539	ENSG00000308397	LOC105370126	uncharacterized LOC105370126	NA	NA	NA
chr16	20925594	20925925	332	*	peak_12179	-1.60848330055978	9.05057911801061e-16	Distal Intergenic	16	20901104	20925006	23903	1	57149	ENST00000396052.3	24490	ENSG00000102897	LYRM1	LYR motif containing 1	NA	NA	NA
chr14	88488905	88489240	336	*	peak_9912	-1.68680306090165	9.2626097302679e-16	Intron (ENST00000328736.7/11099, intron 9 of 17)	14	88499334	88515502	16169	1	105370614	ENST00000555444.2	-10094	NA	LOC105370614	uncharacterized LOC105370614	NA	NA	NA
chr2	126839892	126840399	508	*	peak_19904	-1.46764653972291	9.27805780522198e-16	Distal Intergenic	2	126893547	126898804	5258	2	105373603	ENST00000843607.1	58405	NA	LOC105373603	uncharacterized LOC105373603	NA	NA	NA
chr8	89474012	89474483	472	*	peak_32525	-1.79795607702287	9.84621078270719e-16	Distal Intergenic	8	89616929	89620875	3947	2	112268015	ENST00000520306.1	146392	NA	LOC112268015	uncharacterized LOC112268015	NA	NA	NA
chr8	123168846	123169182	337	*	peak_32720	-1.19057017981545	1.00322509946956e-15	Distal Intergenic	8	123178960	123180615	1656	1	84985	ENST00000523819.5	-9778	ENSG00000147689	FAM83A	family with sequence similarity 83 member A	NA	NA	NA
chr3	98503613	98504033	421	*	peak_26193	-1.38933401669657	1.00884633595518e-15	Intron (ENST00000502288.5/56650, intron 3 of 3)	3	98497681	98498631	951	1	402135	ENST00000427338.3	5932	ENSG00000231861	OR5K2	olfactory receptor family 5 subfamily K member 2	NA	NA	NA
chr5	11981940	11982399	460	*	peak_28135	-1.68631136999528	1.02894352194801e-15	Distal Intergenic	5	10971836	11904446	932611	2	1501	ENST00000304623.13	-77494	ENSG00000169862	CTNND2	catenin delta 2	NA	NA	NA
chr14	97866083	97866620	538	*	peak_10029	-1.47836625769141	1.04237957219839e-15	Distal Intergenic	14	97926479	97949044	22566	2	388011	ENST00000736866.1	82424	ENSG00000246223	LINC01550	long intergenic non-protein coding RNA 1550	NA	NA	NA
chr2	98752816	98753149	334	*	peak_19429	-1.74544601747851	1.05111055995157e-15	Distal Intergenic	2	98750054	98751616	1563	1	107985922	ENST00000800927.1	2762	NA	LOC107985922	uncharacterized LOC107985922	NA	NA	NA
chr7	43856545	43857494	950	*	peak_31050	-1.12775734217263	1.1126054193595e-15	Distal Intergenic	7	43866778	43869149	2372	2	64951	ENST00000483330.1	11655	ENSG00000062582	MRPS24	mitochondrial ribosomal protein S24	NA	NA	NA
chr8	118341020	118341362	343	*	peak_32663	-1.2496920133294	1.20145945966811e-15	Exon (ENST00000819252.1/401474, exon 2 of 2)	8	118340934	118356862	15929	2	401474	ENST00000819252.1	15500	ENSG00000177570	SAMD12	sterile alpha motif domain containing 12	NA	NA	NA
chr22	28348874	28349250	377	*	peak_23732	-1.42070960938594	1.22796348715064e-15	Intron (ENST00000397906.7/23331, intron 2 of 22)	22	27978014	28306645	328632	2	23331	ENST00000612946.4	-42229	ENSG00000100154	TTC28	tetratricopeptide repeat domain 28	NA	NA	NA
chr3	117509798	117510338	541	*	peak_26256	-1.50665914063313	1.22972491522506e-15	Intron (ENST00000717962.1/4045, intron 2 of 6)	3	117513196	117516519	3324	1	105374056	ENST00000797242.1	-2858	NA	LOC105374056	uncharacterized LOC105374056	NA	NA	NA
chr8	126453256	126454369	1114	*	peak_32792	-1.12915769762137	1.24259737808933e-15	Distal Intergenic	8	126506326	126522360	16035	1	105375750	ENST00000664111.1	-51957	ENSG00000253530	LOC105375750	uncharacterized LOC105375750	NA	NA	NA
chr2	104384557	104385298	742	*	peak_19511	-1.16738620373007	1.26411816714931e-15	Intron (ENST00000759617.1/ENST00000759617.1, intron 1 of 1)	2	104406374	104416783	10410	1	124908058	ENST00000759618.1	-21076	ENSG00000227157	LOC124908058	uncharacterized LOC124908058	NA	NA	NA
chr18	11272439	11272874	436	*	peak_16174	-1.23914970512296	1.299807179701e-15	Distal Intergenic	18	11316751	11323517	6767	2	105371993	ENST00000765734.1	50643	ENSG00000267051	LOC105371993	uncharacterized LOC105371993	NA	NA	NA
chr12	107008642	107009030	389	*	peak_8328	-1.65110948939993	1.30077146493861e-15	Intron (ENST00000008527.10/1407, intron 2 of 12)	12	106999789	107001851	2063	2	1407	ENST00000546722.1	-6791	ENSG00000008405	CRY1	cryptochrome circadian regulator 1	NA	NA	NA
chr2	16221182	16222324	1143	*	peak_18333	-1.14608474196266	1.31388577268457e-15	Distal Intergenic	2	16201548	16204973	3426	2	105373443	ENST00000725285.1	-16209	ENSG00000294705	LOC105373443	uncharacterized LOC105373443	NA	NA	NA
chr8	57519051	57519379	329	*	peak_32439	-1.48093417616123	1.47274605363427e-15	Intron (ENST00000520881.2/105375855, intron 2 of 2)	8	57492914	57592596	99683	1	105375855	ENST00000796110.1	26137	NA	LOC105375855	uncharacterized LOC105375855	NA	NA	NA
chr2	198404273	198404780	508	*	peak_20301	-1.56457209429103	1.53676135045062e-15	Intron (ENST00000472193.1/105373830, intron 3 of 4)	2	198373918	198375490	1573	2	101927619	ENST00000659638.1	-28783	ENSG00000236653	LINC01923	long intergenic non-protein coding RNA 1923	NA	NA	NA
chr18	12638217	12638867	651	*	peak_16219	-1.2766085458995	1.57265069801084e-15	Promoter (1-2kb)	18	12449506	12636340	186835	2	56907	ENST00000440472.6	-1877	ENSG00000134278	SPIRE1	spire type actin nucleation factor 1	NA	NA	NA
chr6	158019841	158020846	1006	*	peak_30254	-1.1255232778968	1.59630618732305e-15	Intron (ENST00000355585.9/8871, intron 2 of 26)	6	158017465	158033532	16068	1	8871	ENST00000449320.2	2376	ENSG00000078269	SYNJ2	synaptojanin 2	NA	NA	NA
chr17	72264764	72265516	753	*	peak_15115	-1.17826839678311	1.62868337790544e-15	Intron (ENST00000715416.1/100499467, intron 4 of 4)	17	72219946	72237203	17258	2	124900392	ENST00000623935.1	-27561	NA	LOC124900392	uncharacterized LOC124900392	NA	NA	NA
chr5	67431192	67431583	392	*	peak_28323	-1.7934798738453	1.66482524099266e-15	Intron (ENST00000503106.5/ENST00000503106.5, intron 1 of 3)	5	67457621	67801209	343589	1	101928858	ENST00000668508.1	-26038	ENSG00000249364	LINC02997	long intergenic non-protein coding RNA 2997	NA	NA	NA
chr6	30263754	30264465	712	*	peak_29490	-1.04656142698455	1.67059106850224e-15	Exon (ENST00000463348.6/3139, exon 7 of 7)	6	30234039	30260698	26660	2	414778	ENST00000844466.1	-3056	ENSG00000235727	HCG17	HLA complex group 17	NA	NA	NA
chr5	114344438	114344717	280	*	peak_28421	-1.98281038717792	1.71021385038624e-15	Intron (ENST00000512097.10/3781, intron 4 of 12)	5	114362070	114496496	134427	1	3781	ENST00000673685.1	-17353	ENSG00000080709	KCNN2	potassium calcium-activated channel subfamily N member 2	NA	NA	NA
chr15	98903394	98903949	556	*	peak_11399	-1.47512022597527	1.73642510026452e-15	Intron (ENST00000649865.1/3480, intron 5 of 20)	15	98900610	98913114	12505	1	3480	ENST00000559582.1	2784	ENSG00000140443	IGF1R	insulin like growth factor 1 receptor	NA	NA	NA
chr6	36658093	36658471	379	*	peak_29723	-1.32328089312346	1.87361237687249e-15	Intron (ENST00000778909.1/ENST00000778909.1, intron 1 of 2)	6	36673621	36675126	1506	2	101154753	ENST00000629595.1	16655	ENSG00000281450	PANDAR	promoter of CDKN1A antisense DNA damage activated RNA	NA	NA	NA
chr6	89768228	89768675	448	*	peak_30054	-1.63140292904903	1.8843173021847e-15	Intron (ENST00000369393.8/23195, intron 15 of 101)	6	89729707	89733409	3703	2	23195	ENST00000700653.1	-34819	ENSG00000112159	MDN1	midasin AAA ATPase 1	NA	NA	NA
chr19	39637803	39638594	792	*	peak_17404	-1.01552100452948	1.91246737360152e-15	Promoter (<=1kb)	19	39638685	39642401	3717	1	100129935	ENST00000594263.5	-91	ENSG00000290598	LOC100129935	galectin 14 pseudogene	NA	NA	NA
chr4	56773165	56773627	463	*	peak_27666	-1.15898692777504	1.93256270228551e-15	Distal Intergenic	4	56809860	56811796	1937	2	6691	ENST00000509707.1	38169	ENSG00000128040	SPINK2	serine peptidase inhibitor Kazal type 2	NA	NA	NA
chr11	50201233	50201789	557	*	peak_6196	-1.48986616833193	1.98402973037465e-15	Intron (ENST00000742786.1/124902811, intron 1 of 1)	11	50184250	50208794	24545	1	124902811	ENST00000661660.1	16983	NA	LOC124902811	uncharacterized LOC124902811	NA	NA	NA
chr3	114319527	114319806	280	*	peak_26247	-1.86541785778765	2.04905672501408e-15	3' UTR	3	114316475	114316569	95	2	693153	ENST00000385036.1	-2958	ENSG00000284134	MIR568	microRNA 568	NA	NA	NA
chr8	117843137	117843484	348	*	peak_32657	-1.28603530022036	2.24413153483015e-15	Intron (ENST00000378204.7/2131, intron 1 of 10)	8	117799587	117806902	7316	2	2131	ENST00000684443.1	-36235	ENSG00000182197	EXT1	exostosin glycosyltransferase 1	NA	NA	NA
chr8	86760763	86761173	411	*	peak_32520	-1.33978137548669	2.26604717064351e-15	Promoter (1-2kb)	8	86762769	86772487	9719	1	107986895	ENST00000805696.1	-1596	NA	CNGB3-AS1	CNGB3 antisense RNA 1	NA	NA	NA
chr18	79326320	79326942	623	*	peak_16562	-1.21614955937421	2.34140297399202e-15	Intron (ENST00000426216.6/374868, intron 15 of 29)	18	79336626	79345486	8861	1	374868	ENST00000588895.1	-9684	ENSG00000166377	ATP9B	ATPase phospholipid transporting 9B (putative)	NA	NA	NA
chr2	102664432	102664774	343	*	peak_19507	-1.21182729601447	2.36219714820295e-15	Intron (ENST00000233969.3/6549, intron 2 of 11)	2	102684298	102686768	2471	1	6549	ENST00000467657.1	-19524	ENSG00000115616	SLC9A2	solute carrier family 9 member A2	NA	NA	NA
chr22	26336666	26337185	520	*	peak_23645	-1.3642953729598	2.36856248500133e-15	Intron (ENST00000248933.11/23544, intron 9 of 16)	22	26347789	26351456	3668	1	23544	ENST00000483291.1	-10604	ENSG00000100095	SEZ6L	seizure related 6 homolog like	NA	NA	NA
chr2	119387707	119388116	410	*	peak_19716	-1.02295287779086	2.51049226178248e-15	Distal Intergenic	2	119370217	119372500	2284	1	1622	ENST00000475783.1	17490	ENSG00000155368	DBI	diazepam binding inhibitor, acyl-CoA binding protein	NA	NA	NA
chr2	31297710	31298307	598	*	peak_18763	-1.0504170943899	2.51227562236105e-15	Distal Intergenic	2	31234152	31269451	35300	1	30845	ENST00000322054.10	63558	ENSG00000013016	EHD3	EH domain containing 3	NA	NA	NA
chr10	24532304	24532826	523	*	peak_3585	-1.50236545666288	2.67282999094739e-15	Promoter (<=1kb)	10	24533212	24543980	10769	1	56243	ENST00000635163.1	-386	ENSG00000120549	KIAA1217	KIAA1217	NA	NA	NA
chr5	36887609	36887869	261	*	peak_28206	-1.75756929639869	2.79850403207366e-15	Intron (ENST00000282516.13/25836, intron 1 of 46)	5	36876841	37065394	188554	1	25836	ENST00000652901.1	10768	ENSG00000164190	NIPBL	NIPBL cohesin loading factor	NA	NA	NA
chr3	46429714	46430143	430	*	peak_25549	-1.40325485712594	2.81230371436434e-15	Intron (ENST00000740905.1/ENST00000740905.1, intron 1 of 1)	3	46416524	46423591	7068	2	105377068	ENST00000635852.1	-6123	ENSG00000283646	LINC02009	long intergenic non-protein coding RNA 2009	NA	NA	NA
chrX	101859129	101860080	952	*	peak_35299	-1.12329796068297	2.85637840721648e-15	Promoter (1-2kb)	23	101832112	101857577	25466	2	55998	ENST00000493509.5	-1552	ENSG00000290798	NXF5	nuclear RNA export factor 5	NA	NA	NA
chr8	53221812	53222359	548	*	peak_32411	-1.35691910462661	2.88473315354973e-15	Intron (ENST00000524425.1/105375836, intron 2 of 2)	8	53229203	53238732	9530	2	4986	ENST00000524278.5	16373	ENSG00000082556	OPRK1	opioid receptor kappa 1	NA	NA	NA
chr6	148311964	148312506	543	*	peak_30172	-1.37289444821921	2.97813711546727e-15	Intron (ENST00000367469.5/23328, intron 1 of 3)	6	148342838	148552044	209207	1	23328	ENST00000367467.8	-30332	ENSG00000111961	SASH1	SAM and SH3 domain containing 1	NA	NA	NA
chr5	157870729	157871144	416	*	peak_29074	-1.29116470639792	3.11716366526017e-15	Distal Intergenic	5	157785747	157859145	73399	2	9685	ENST00000411809.7	-11584	ENSG00000113282	CLINT1	clathrin interactor 1	NA	NA	NA
chr8	108606810	108607260	451	*	peak_32630	-1.42002280848473	3.15694105139097e-15	Exon (ENST00000518838.1/157753, exon 4 of 4)	8	108473851	108486918	13068	1	9694	ENST00000519450.2	132959	ENSG00000104412	EMC2	ER membrane protein complex subunit 2	NA	NA	NA
chr4	38591997	38592560	564	*	peak_27593	-1.16391218574325	3.20942262946992e-15	Distal Intergenic	4	38594519	38606016	11498	2	79667	ENST00000767120.1	13456	NA	KLF3-AS1	KLF3 antisense RNA 1	NA	NA	NA
chr12	27367144	27367461	318	*	peak_7873	-1.84364870357381	3.25776059345457e-15	Promoter (<=1kb)	12	27368295	27420725	52431	1	56938	ENST00000457040.6	-834	ENSG00000029153	BMAL2	basic helix-loop-helix ARNT like 2	NA	NA	NA
chr17	33267095	33267593	499	*	peak_14068	-1.31359450353008	3.36532616229388e-15	Intron (ENST00000751181.1/ENST00000751181.1, intron 2 of 2)	17	33111941	33291107	179167	2	40	ENST00000579816.1	23514	ENSG00000108684	ASIC2	acid sensing ion channel subunit 2	NA	NA	NA
chr9	92022009	92022397	389	*	peak_34286	-1.69473362876436	3.47466337669847e-15	Intron (ENST00000643599.1/10558, intron 13 of 15)	9	92032354	92038458	6105	2	10558	ENST00000469778.1	16061	ENSG00000090054	SPTLC1	serine palmitoyltransferase long chain base subunit 1	NA	NA	NA
chr15	69690306	69691043	738	*	peak_10759	-1.27483326530554	3.50261562426047e-15	Promoter (1-2kb)	15	69692510	69695750	3241	1	104472713	ENST00000674248.1	-1467	ENSG00000245750	PCAT29	prostate cancer associated transcript 29	NA	NA	NA
chr3	57579836	57580093	258	*	peak_26084	-1.74784211024576	3.5070541736144e-15	Intron (ENST00000715954.1/201626, intron 2 of 2)	3	57575548	57597198	21651	2	378	ENST00000483848.5	17105	ENSG00000168374	ARF4	ARF GTPase 4	NA	NA	NA
chr2	54318934	54319263	330	*	peak_18966	-1.50051365058691	3.53013282880401e-15	Distal Intergenic	2	54330034	54360350	30317	1	129852	ENST00000486488.5	-10771	ENSG00000177994	CIMIP6	ciliary microtubule inner protein 6	NA	NA	NA
chr14	61313477	61313961	485	*	peak_9524	-1.35665078723123	3.58506084911959e-15	Intron (ENST00000555185.5/5583, intron 1 of 3)	14	61321579	61550976	229398	1	5583	ENST00000332981.11	-7618	ENSG00000027075	PRKCH	protein kinase C eta	NA	NA	NA
chr3	10719297	10719923	627	*	peak_25024	-1.35578764878787	3.62861122643593e-15	Distal Intergenic	3	10328008	10708007	380000	2	491	ENST00000646379.1	-11290	ENSG00000157087	ATP2B2	ATPase plasma membrane Ca2+ transporting 2	NA	NA	NA
chr12	9644914	9645444	531	*	peak_7766	-1.29172918627016	3.70287513960043e-15	Promoter (<=1kb)	12	9645265	9657292	12028	1	374443	ENST00000803959.1	0	ENSG00000284634	LOC374443	C-type lectin domain family 2 member D pseudogene	NA	NA	NA
chr2	108556345	108556951	607	*	peak_19545	-1.34983025662945	3.75859526063703e-15	Intron (ENST00000695516.1/3987, intron 1 of 9)	2	108570704	108684247	113544	1	3987	ENST00000695518.1	-13753	ENSG00000169756	LIMS1	LIM zinc finger domain containing 1	NA	NA	NA
chr1	147736929	147737210	282	*	peak_2465	-1.77449037952512	4.08592675825657e-15	Promoter (1-2kb)	1	147698699	147738753	40055	2	105371230	ENST00000721954.1	1543	NA	LOC105371230	uncharacterized LOC105371230	NA	NA	NA
chr8	118441662	118442092	431	*	peak_32665	-1.75359473614614	4.30122336621315e-15	Promoter (1-2kb)	8	118197306	118439861	242556	2	401474	ENST00000453675.7	-1801	ENSG00000177570	SAMD12	sterile alpha motif domain containing 12	NA	NA	NA
chr20	59228093	59228371	279	*	peak_22172	-1.63165225727753	4.4475729287537e-15	Intron (ENST00000637017.1/128611, intron 6 of 7)	20	59163821	59259113	95293	1	128611	ENST00000371030.4	64272	ENSG00000124203	ZNF831	zinc finger protein 831	NA	NA	NA
chr8	102946001	102946531	531	*	peak_32612	-1.20382939244623	4.54557825354253e-15	Intron (ENST00000659614.1/100506753, intron 4 of 5)	8	102941623	102977876	36254	1	100506753	ENST00000519648.1	4378	NA	MAILR	macrophage interferon regulatory lncRNA	NA	NA	NA
chr12	125905805	125906375	571	*	peak_8687	-1.52066905919684	4.97352488531332e-15	Distal Intergenic	12	125859158	125869773	10616	2	124903047	ENST00000834534.1	-36032	NA	LOC124903047	uncharacterized LOC124903047	NA	NA	NA
chr17	72734542	72735142	601	*	peak_15144	-1.17321448557341	5.09072254267065e-15	Intron (ENST00000255559.8/201266, intron 7 of 9)	17	72647109	72725614	78506	2	201266	ENST00000579988.1	-8928	ENSG00000133195	SLC39A11	solute carrier family 39 member 11	NA	NA	NA
chr3	71074425	71074742	318	*	peak_26142	-1.53399365734683	5.19597461525931e-15	Intron (ENST00000318789.11/27086, intron 7 of 20)	3	71041528	71065687	24160	2	27086	ENST00000497553.4	-8738	ENSG00000114861	FOXP1	forkhead box P1	NA	NA	NA
chr16	79126261	79126674	414	*	peak_13008	-1.31644724361258	5.29160094378398e-15	Intron (ENST00000683929.1/51741, intron 10 of 10)	16	79090050	79101754	11705	1	107984806	ENST00000563230.1	36211	NA	LOC107984806	uncharacterized LOC107984806	NA	NA	NA
chr18	7796163	7797326	1164	*	peak_16101	-1.00667841278857	5.42078493876628e-15	Intron (ENST00000332175.12/5797, intron 2 of 30)	18	7774140	8406858	632719	1	5797	ENST00000400060.8	22023	ENSG00000173482	PTPRM	protein tyrosine phosphatase receptor type M	NA	NA	NA
chr1	171837156	171837852	697	*	peak_2790	-1.40979861886895	5.43224898148082e-15	Intron (ENST00000688173.1/26052, intron 1 of 14)	1	171841472	172418466	576995	1	26052	ENST00000485254.3	-3620	ENSG00000197959	DNM3	dynamin 3	NA	NA	NA
chr18	50699839	50700234	396	*	peak_16412	-1.41014453057372	5.43224898148082e-15	Intron (ENST00000400384.7/5596, intron 2 of 5)	18	50664299	50669842	5544	1	5596	ENST00000587823.1	35540	ENSG00000141639	MAPK4	mitogen-activated protein kinase 4	NA	NA	NA
chr21	44622548	44623131	584	*	peak_22833	-1.30846603605491	5.43224898148082e-15	Intron (ENST00000323084.9/54084, intron 1 of 11)	21	44627093	44628378	1286	1	386676	ENST00000397911.5	-3962	ENSG00000221837	KRTAP10-9	keratin associated protein 10-9	NA	NA	NA
chr5	16455743	16456451	709	*	peak_28149	-1.21985188992024	5.56664414141831e-15	Intron (ENST00000773338.1/ENST00000773338.1, intron 2 of 3)	5	16451519	16465800	14282	2	90441	ENST00000308683.3	9349	ENSG00000173545	ZNF622	zinc finger protein 622	NA	NA	NA
chr15	63764404	63764927	524	*	peak_10544	-1.13302184845332	5.65013571291316e-15	Intron (ENST00000443617.7/8925, intron 2 of 77)	15	63734643	63749449	14807	2	8925	ENST00000560519.1	-14955	ENSG00000103657	HERC1	HECT and RLD domain containing E3 ubiquitin protein ligase family member 1	NA	NA	NA
chr7	43363046	43363679	634	*	peak_31043	-1.51800650345132	5.80952675354244e-15	Intron (ENST00000453890.5/23072, intron 5 of 27)	7	43377778	43407731	29954	1	23072	ENST00000481031.5	-14099	ENSG00000002746	HECW1	HECT, C2 and WW domain containing E3 ubiquitin protein ligase 1	NA	NA	NA
chr19	38062679	38063225	547	*	peak_17342	-1.00232617585332	5.98925510687973e-15	Intron (ENST00000222345.11/23094, intron 2 of 21)	19	38087756	38088851	1096	1	23094	ENST00000595982.1	-24531	ENSG00000105738	SIPA1L3	signal induced proliferation associated 1 like 3	NA	NA	NA
chr20	57076184	57076745	562	*	peak_22074	-1.1588367382197	5.98973741203138e-15	Distal Intergenic	20	57116566	57119543	2978	2	105372685	ENST00000671579.1	42798	NA	LOC105372685	uncharacterized LOC105372685	NA	NA	NA
chr5	91058597	91058989	393	*	peak_28371	-1.78628217615345	6.05151707710282e-15	Intron (ENST00000405460.9/84059, intron 85 of 89)	5	91091615	91164207	72593	1	84059	ENST00000640256.1	-32626	ENSG00000164199	ADGRV1	adhesion G protein-coupled receptor V1	NA	NA	NA
chr11	134444592	134445058	467	*	peak_7408	-1.54948880974172	6.08019489584094e-15	Intron (ENST00000661684.2/283177, intron 1 of 3)	11	134436483	134464673	28191	1	283177	ENST00000777364.1	8109	ENSG00000255545	B3GAT1-DT	B3GAT1 divergent transcript	NA	NA	NA
chr2	125475348	125475761	414	*	peak_19881	-1.24278182131849	6.30037396361523e-15	Distal Intergenic	2	125710903	125717161	6259	1	105373597	ENST00000716118.1	-235142	NA	LINC01889	long intergenic non-protein coding RNA 1889	NA	NA	NA
chr2	217864930	217865423	494	*	peak_20377	-1.15005318164709	6.36890035251937e-15	Intron (ENST00000646520.1/7145, intron 18 of 32)	2	217848472	217858633	10162	2	7145	ENST00000480665.1	-6297	ENSG00000079308	TNS1	tensin 1	NA	NA	NA
chr6	169191530	169192744	1215	*	peak_30452	-1.60604174391775	6.3926915484878e-15	Distal Intergenic	6	169170933	169182878	11946	2	101929504	ENST00000832001.1	-8652	ENSG00000223485	LINC02544	long intergenic non-protein coding RNA 2544	NA	NA	NA
chr3	98500073	98500399	327	*	peak_26192	-1.5564722421821	6.78737453569259e-15	Intron (ENST00000502288.5/56650, intron 3 of 3)	3	98497681	98498631	951	1	402135	ENST00000427338.3	2392	ENSG00000231861	OR5K2	olfactory receptor family 5 subfamily K member 2	NA	NA	NA
chr16	80576098	80576980	883	*	peak_13018	-1.50144978279126	6.83023433881335e-15	Distal Intergenic	16	80567103	80572808	5706	2	101928276	ENST00000561719.5	-3290	ENSG00000260737	LINC01227	long intergenic non-protein coding RNA 1227	NA	NA	NA
chr20	44033282	44033813	532	*	peak_21735	-1.24417324512677	6.93760815539134e-15	Intron (ENST00000341197.9/84969, intron 3 of 8)	20	44039004	44069612	30609	1	84969	ENST00000435864.2	-5191	ENSG00000124191	TOX2	TOX high mobility group box family member 2	NA	NA	NA
chr12	11130637	11131456	820	*	peak_7778	-1.03481610945972	6.94803993158433e-15	Intron (ENST00000536668.2/100533464, intron 1 of 9)	12	11132958	11134644	1687	2	259293	ENST00000539585.1	3188	ENSG00000256188	TAS2R30	taste 2 receptor member 30	NA	NA	NA
chr10	100649058	100649549	492	*	peak_4911	-1.59049406929713	7.00766174238652e-15	Distal Intergenic	10	100735396	100829944	94549	1	5076	ENST00000679374.1	-85847	ENSG00000075891	PAX2	paired box 2	NA	NA	NA
chr2	13545084	13545708	625	*	peak_18300	-1.2146249578006	7.09627493734439e-15	Intron (ENST00000434509.1/105373438, intron 1 of 1)	2	13537673	13609168	71496	1	105373438	ENST00000434509.1	7411	NA	LOC105373438	uncharacterized LOC105373438	NA	NA	NA
chr19	43224194	43224828	635	*	peak_17578	-1.14028155379503	7.66173398538692e-15	Exon (ENST00000489959.5/284344, exon 5 of 9)	19	43219988	43220871	884	2	284344	ENST00000495431.1	-3323	ENSG00000293116	LOC284344	uncharacterized LOC284344	NA	NA	NA
chr3	33791694	33792093	400	*	peak_25336	-1.12487654311549	7.6645239569401e-15	Intron (ENST00000747836.1/105377023, intron 1 of 2)	3	33778714	33798230	19517	2	105377023	ENST00000747838.1	6137	ENSG00000271643	PDCD6IP-DT	PDCD6IP divergent transcript	NA	NA	NA
chr18	14767437	14767845	409	*	peak_16278	-1.5435318249556	7.80840409053494e-15	Intron (ENST00000579292.5/374860, intron 1 of 4)	18	14748335	14817089	68755	1	374860	ENST00000580206.1	19102	ENSG00000180777	ANKRD30B	ankyrin repeat domain 30B	NA	NA	NA
chr17	69978255	69978593	339	*	peak_15097	-1.25878347092656	7.91874007416592e-15	Intron (ENST00000734471.1/102723487, intron 1 of 3)	17	69981079	69983545	2467	1	102723487	ENST00000734502.1	-2486	ENSG00000237560	LINC01497	long intergenic non-protein coding RNA 1497	NA	NA	NA
chr4	44462267	44462746	480	*	peak_27616	-1.24228477807228	8.11701087870613e-15	Distal Intergenic	4	44173903	44448809	274907	2	386617	ENST00000360029.4	-13458	ENSG00000183783	KCTD8	potassium channel tetramerization domain containing 8	NA	NA	NA
chr12	58176427	58176716	290	*	peak_8244	-1.32245910969733	8.24021570105706e-15	Distal Intergenic	12	58081190	58099657	18468	2	105369784	ENST00000820920.1	-76770	ENSG00000279134	LOC105369784	uncharacterized LOC105369784	NA	NA	NA
chr8	49962097	49962547	451	*	peak_32397	-1.52634132959498	8.45201878631026e-15	Intron (ENST00000518864.5/54212, intron 2 of 19)	8	49912176	50286853	374678	1	54212	ENST00000521316.5	49921	ENSG00000147481	SNTG1	syntrophin gamma 1	NA	NA	NA
chr12	31231562	31232048	487	*	peak_7913	-1.0056501815701	8.58190962755051e-15	Distal Intergenic	12	31112236	31201235	89000	2	144203	ENST00000641844.2	-30327	ENSG00000177359	OVOS2	alpha-2-macroglobulin like 1 pseudogene	NA	NA	NA
chr4	67106829	67107207	379	*	peak_27694	-1.49972441784945	8.77574698348598e-15	Distal Intergenic	4	66862902	66870850	7949	2	105377262	ENST00000849568.1	-235979	NA	LOC105377262	uncharacterized LOC105377262	NA	NA	NA
chr5	44399436	44400081	646	*	peak_28259	-1.30086266729653	9.16591737588645e-15	Intron (ENST00000502457.1/101927075, intron 2 of 2)	5	44388485	44389706	1222	2	2255	ENST00000513107.1	-9730	ENSG00000070193	FGF10	fibroblast growth factor 10	NA	NA	NA
chr8	121631648	121632180	533	*	peak_32693	-1.06250695476209	9.43903598556656e-15	Intron (ENST00000303924.5/3037, intron 1 of 3)	8	121639293	121644406	5114	1	594842	ENST00000518865.6	-7113	ENSG00000248690	HAS2-AS1	HAS2 antisense RNA 1	NA	NA	NA
chr8	123977029	123977510	482	*	peak_32735	-1.67252820213344	9.76393900408592e-15	Exon (ENST00000522917.5/654463, exon 10 of 41)	8	123984138	124040782	56645	2	439941	ENST00000518567.1	63272	ENSG00000181171	FER1L6-AS1	FER1L6 antisense RNA 1	NA	NA	NA
chr13	34459839	34460286	448	*	peak_9062	-1.44384091680384	9.83556093010968e-15	Intron (ENST00000791010.1/105370158, intron 2 of 2)	13	34533846	34534350	505	2	100874179	ENST00000428706.1	74064	ENSG00000225179	LINC00457	long intergenic non-protein coding RNA 457	NA	NA	NA
chr3	43406133	43407024	892	*	peak_25492	-1.11570877340291	9.91484321973554e-15	Intron (ENST00000468628.2/54861, intron 2 of 2)	3	43346923	43352152	5230	2	100873954	ENST00000607513.2	-53981	NA	SNRK-AS1	SNRK antisense RNA 1	NA	NA	NA
chr15	26340808	26341238	431	*	peak_10232	-1.1764063210544	9.98018586803042e-15	Distal Intergenic	15	26395037	26455217	60181	1	107984780	ENST00000658140.1	-53799	ENSG00000235160	LINC02248	long intergenic non-protein coding RNA 2248	NA	NA	NA
chr8	34321020	34321529	510	*	peak_32251	-1.44352096767794	1.00432641492024e-14	Intron (ENST00000522460.1/ENST00000522460.1, intron 3 of 4)	8	34184645	34207513	22869	1	105379365	ENST00000671048.1	136375	NA	NA	NA	NA	NA	NA
chr10	121418330	121419179	850	*	peak_5209	-1.36839826781273	1.04995300189606e-14	Distal Intergenic	10	121479785	121480485	701	2	2263	ENST00000467584.1	61306	ENSG00000066468	FGFR2	fibroblast growth factor receptor 2	NA	NA	NA
chr6	30850134	30850468	335	*	peak_29512	-1.48811823329572	1.05923173943624e-14	Promoter (1-2kb)	6	30839075	30848276	9202	2	105375014	ENST00000810494.1	-1858	ENSG00000231733	LINC02570	long intergenic non-protein coding RNA 2570	NA	NA	NA
chr11	35479798	35480154	357	*	peak_6023	-1.41573851515515	1.07042444490128e-14	Intron (ENST00000844059.1/128385377, intron 1 of 1)	11	35434568	35436225	1658	2	25891	ENST00000531219.1	-43573	ENSG00000149090	PAMR1	peptidase domain containing associated with muscle regeneration 1	NA	NA	NA
chr6	11111794	11112295	502	*	peak_29404	-1.31516296652094	1.07042444490128e-14	Promoter (<=1kb)	6	11102324	11111845	9522	2	405754	ENST00000715229.1	0	ENSG00000244476	ERVFRD-1	endogenous retrovirus group FRD member 1, envelope	NA	NA	NA
chr18	7945842	7946214	373	*	peak_16107	-1.11718690375108	1.10024968039226e-14	Promoter (<=1kb)	18	7946870	8069712	122843	1	5797	ENST00000578916.2	-656	ENSG00000173482	PTPRM	protein tyrosine phosphatase receptor type M	NA	NA	NA
chr8	79800468	79801053	586	*	peak_32504	-1.07335556337691	1.14152536942964e-14	Promoter (<=1kb)	8	79800133	79800195	63	2	124902076	ENST00000458851.1	-273	ENSG00000238884	LOC124902076	U7 small nuclear RNA	NA	NA	NA
chr10	46316543	46317053	511	*	peak_3850	-1.17096638416973	1.14234890222849e-14	Intron (ENST00000620264.5/195977, intron 16 of 16)	10	46297404	46310499	13096	1	195977	ENST00000614267.1	19139	ENSG00000274209	ANTXRL	ANTXR like	NA	NA	NA
chr2	6824997	6825445	449	*	peak_18119	-1.53241845164333	1.1818968983595e-14	Intron (ENST00000662953.1/104326052, intron 3 of 3)	2	6828514	6833531	5018	2	104326052	ENST00000366140.6	8086	NA	NRIR	negative regulator of interferon response	NA	NA	NA
chr17	82196966	82197433	468	*	peak_15934	-1.345990493263	1.24045887849802e-14	Promoter (<=1kb)	17	82188350	82198422	10073	2	284001	ENST00000581625.2	989	ENSG00000176155	CCDC57	coiled-coil domain containing 57	NA	NA	NA
chr19	53055141	53055703	563	*	peak_17853	-1.2431308907337	1.25014828786103e-14	Intron (ENST00000816847.1/124904762, intron 2 of 3)	19	53057394	53058194	801	2	124904762	ENST00000816859.1	2491	NA	LOC124904762	uncharacterized LOC124904762	NA	NA	NA
chr9	16960076	16960528	453	*	peak_33859	-1.22442218711114	1.29567314389953e-14	Intron (ENST00000649137.2/105375983, intron 5 of 9)	9	16917511	17114128	196618	1	105375983	ENST00000649137.2	42565	NA	LOC105375983	uncharacterized LOC105375983	NA	NA	NA
chr10	86533330	86533916	587	*	peak_4745	-1.01449015390785	1.32038700940991e-14	Promoter (1-2kb)	10	86534963	86553481	18519	1	105378408	ENST00000806135.1	-1047	NA	LOC105378408	uncharacterized LOC105378408	NA	NA	NA
chr1	118689711	118690307	597	*	peak_2433	-1.56862289897876	1.33430024481953e-14	Intron (ENST00000845043.1/ENST00000845043.1, intron 1 of 1)	1	118883047	118914125	31079	2	6913	ENST00000449873.5	223818	ENSG00000092607	TBX15	T-box transcription factor 15	NA	NA	NA
chr12	6730200	6730663	464	*	peak_7705	-1.4386934494186	1.35924700270014e-14	Promoter (1-2kb)	12	6729035	6730703	1669	1	50813	ENST00000542630.1	1165	ENSG00000111652	COPS7A	COP9 signalosome subunit 7A	NA	NA	NA
chr3	129203048	129203372	325	*	peak_26659	-1.41929833854661	1.37084959958378e-14	Intron (ENST00000759375.1/ENST00000759375.1, intron 1 of 1)	3	129184079	129225500	41422	1	105374101	ENST00000759376.1	18969	ENSG00000289469	LOC105374101	uncharacterized LOC105374101	NA	NA	NA
chr11	121222492	121222905	414	*	peak_7320	-1.45053891280405	1.38178517497378e-14	Distal Intergenic	11	121237340	121247042	9703	1	105369534	ENST00000785023.1	-14435	NA	LOC105369534	uncharacterized LOC105369534	NA	NA	NA
chr10	44253566	44254340	775	*	peak_3778	-1.02231004889731	1.39214313980702e-14	Distal Intergenic	10	44292262	44294371	2110	1	100130539	ENST00000623589.2	-37922	NA	LINC02881	long intergenic non-protein coding RNA 2881	NA	NA	NA
chr5	12095962	12096384	423	*	peak_28136	-1.46863078592207	1.41424601004263e-14	Distal Intergenic	5	10971836	11904446	932611	2	1501	ENST00000304623.13	-191516	ENSG00000169862	CTNND2	catenin delta 2	NA	NA	NA
chr1	202294414	202294893	480	*	peak_3010	-1.19442945786443	1.4494190391075e-14	Intron (ENST00000367278.8/59352, intron 6 of 17)	1	202276301	202281013	4713	1	59352	ENST00000506931.1	18113	ENSG00000133067	LGR6	leucine rich repeat containing G protein-coupled receptor 6	NA	NA	NA
chr8	57560028	57560675	648	*	peak_32440	-1.10050415743952	1.45184332055339e-14	Intron (ENST00000520881.2/105375855, intron 2 of 2)	8	57492914	57592596	99683	1	105375855	ENST00000796110.1	67114	NA	LOC105375855	uncharacterized LOC105375855	NA	NA	NA
chr14	45036844	45037339	496	*	peak_9418	-1.67464268069654	1.49230558563164e-14	Intron (ENST00000361462.7/23116, intron 11 of 19)	14	44945677	45042308	96632	2	54813	ENST00000556239.5	4969	ENSG00000179454	KLHL28	kelch like family member 28	NA	NA	NA
chr8	133890729	133891157	429	*	peak_32975	-1.15465757141666	1.50665502114005e-14	Intron (ENST00000832791.1/101927822, intron 1 of 2)	8	133886496	133902407	15912	1	101927822	ENST00000520149.2	4233	ENSG00000253593	LOC101927822	uncharacterized LOC101927822	NA	NA	NA
chr8	16771613	16772099	487	*	peak_32022	-1.63419249229196	1.51251397900487e-14	Intron (ENST00000755930.1/ENST00000755930.1, intron 1 of 1)	8	16765270	16784393	19124	2	105379297	ENST00000755795.1	12294	NA	LOC105379297	uncharacterized LOC105379297	NA	NA	NA
chr12	15336831	15337501	671	*	peak_7828	-1.35498550664109	1.54998667228611e-14	5' UTR	12	15121065	15348598	227534	2	105369673	ENST00000393736.3	11097	NA	LOC105369673	uncharacterized LOC105369673	NA	NA	NA
chr2	62382781	62383349	569	*	peak_19006	-1.08232175617508	1.55164247143388e-14	Intron (ENST00000807679.1/105374764, intron 3 of 5)	2	62363240	62464067	100828	1	105374764	ENST00000807686.1	19541	NA	LOC105374764	uncharacterized LOC105374764	NA	NA	NA
chr3	122931705	122932074	370	*	peak_26291	-1.23413334787592	1.55577027130239e-14	Intron (ENST00000357599.8/54437, intron 5 of 22)	3	122909194	122912267	3074	2	54437	ENST00000451541.5	-19438	ENSG00000082684	SEMA5B	semaphorin 5B	NA	NA	NA
chr2	25006113	25006540	428	*	peak_18510	-1.0986833011603	1.56904161828464e-14	Intron (ENST00000841449.1/729723, intron 3 of 3)	2	25001262	25037718	36457	1	729723	ENST00000663498.2	4851	ENSG00000224165	DNAJC27-AS1	DNAJC27 antisense RNA 1	NA	NA	NA
chr15	68487205	68487896	692	*	peak_10708	-1.05716019889676	1.58178386816696e-14	Promoter (<=1kb)	15	68482890	68487463	4574	2	105370873	ENST00000764195.1	0	ENSG00000286770	LOC105370873	uncharacterized LOC105370873	NA	NA	NA
chr5	96822745	96823313	569	*	peak_28380	-1.13724284042437	1.61569121145382e-14	Exon (ENST00000723342.1/51752, exon 4 of 5)	5	96808340	96815376	7037	1	124901033	ENST00000723517.1	14405	NA	LOC124901033	uncharacterized LOC124901033	NA	NA	NA
chr1	147103826	147104054	229	*	peak_2456	-1.54759287407887	1.62469999464962e-14	Intron (ENST00000764885.1/644861, intron 2 of 3)	1	147098788	147110235	11448	2	644861	ENST00000764886.1	6181	NA	NBPF13P	NBPF member 13, pseudogene	NA	NA	NA
chr8	53872922	53873303	382	*	peak_32414	-1.51169421785092	1.70450182291651e-14	Intron (ENST00000297313.8/8601, intron 1 of 5)	8	53879884	53954142	74259	1	8601	ENST00000518286.5	-6581	ENSG00000147509	RGS20	regulator of G protein signaling 20	NA	NA	NA
chr1	161115326	161115716	391	*	peak_2733	-1.18873680446231	1.71636115809313e-14	Exon (ENST00000748763.1/ENST00000748763.1, exon 1 of 2)	1	161100561	161118037	17477	2	5202	ENST00000368010.4	2321	ENSG00000143256	PFDN2	prefoldin subunit 2	NA	NA	NA
chr6	108002767	108003236	470	*	peak_30070	-1.58250390990366	1.73336325507447e-14	Exon (ENST00000798980.1/ENST00000798980.1, exon 1 of 1)	6	107867756	107958208	90453	2	11231	ENST00000369002.9	-44559	ENSG00000025796	SEC63	SEC63 homolog, protein translocation regulator	NA	NA	NA
chr5	64819458	64819879	422	*	peak_28317	-1.49302009243601	1.84338036228982e-14	Intron (ENST00000685023.1/10283, intron 10 of 10)	5	64804335	64977823	173489	1	10283	ENST00000692572.1	15123	ENSG00000153015	CWC27	CWC27 spliceosome associated cyclophilin	NA	NA	NA
chr8	125821621	125822472	852	*	peak_32788	-1.02435424534557	1.84665709818495e-14	Intron (ENST00000651999.1/105375746, intron 5 of 7)	8	125749045	125750275	1231	2	105375747	ENST00000518339.2	-71346	ENSG00000253470	LOC105375747	uncharacterized LOC105375747	NA	NA	NA
chr2	166092861	166093189	329	*	peak_20229	-1.44408785678886	1.8530706666279e-14	Intron (ENST00000595647.5/102724058, intron 4 of 6)	2	166081531	166301784	220254	1	101929680	ENST00000447809.2	11330	ENSG00000236107	SCN1A-AS1	SCN1A and SCN9A antisense RNA 1	NA	NA	NA
chr6	149026550	149026853	304	*	peak_30177	-1.48774552878362	1.8530706666279e-14	Intron (ENST00000367463.5/10090, intron 7 of 7)	6	149027066	149032702	5637	2	105378047	ENST00000433442.2	5849	NA	UST-AS2	UST antisense RNA 2	NA	NA	NA
chr1	181541551	181542714	1164	*	peak_2864	-1.05785544315486	1.95350176975233e-14	Intron (ENST00000524607.6/777, intron 5 of 11)	1	181483763	181656553	172791	1	777	ENST00000700187.1	57788	ENSG00000198216	CACNA1E	calcium voltage-gated channel subunit alpha1 E	NA	NA	NA
chr14	81268026	81268410	385	*	peak_9894	-1.52747004561825	1.9631788144445e-14	3' UTR	14	81270429	81278818	8390	2	85439	ENST00000555284.1	10408	ENSG00000140022	STON2	stonin 2	NA	NA	NA
chr10	51029120	51029537	418	*	peak_4037	-1.41546594792449	1.99800124535911e-14	Intron (ENST00000401604.8/5592, intron 1 of 17)	10	50990888	52298350	1307463	1	5592	ENST00000401604.8	38232	ENSG00000185532	PRKG1	protein kinase cGMP-dependent 1	NA	NA	NA
chr4	106299954	106300218	265	*	peak_27780	-1.61780773863929	1.99854095408028e-14	Intron (ENST00000394708.7/93627, intron 2 of 25)	4	106251867	106297739	45873	2	93627	ENST00000506280.1	-2215	ENSG00000145348	TBCK	TBC1 domain containing kinase	NA	NA	NA
chr1	175823507	175823831	325	*	peak_2813	-1.70921033620156	2.00946745673841e-14	Distal Intergenic	1	175877343	175880468	3126	1	101928751	ENST00000457217.1	-53512	ENSG00000224718	LINC01657	long intergenic non-protein coding RNA 1657	NA	NA	NA
chr4	128241377	128241814	438	*	peak_27817	-1.17068909977808	2.00946745673841e-14	Distal Intergenic	4	128269256	128273061	3806	2	10424	ENST00000394276.3	31247	ENSG00000164040	PGRMC2	progesterone receptor membrane component 2	NA	NA	NA
chr8	38523065	38523454	390	*	peak_32282	-1.2483170971594	2.25559052172305e-14	Intron (ENST00000716412.1/389649, intron 3 of 4)	8	38511379	38528657	17279	2	389649	ENST00000648149.1	5203	ENSG00000196166	LINC03042	long intergenic non-protein coding RNA 3042	NA	NA	NA
chr21	46200890	46201192	303	*	peak_22975	-1.54218005861729	2.28663008809869e-14	Intron (ENST00000356396.8/4047, intron 17 of 22)	21	46195676	46196371	696	2	4047	ENST00000484808.1	-4519	ENSG00000160285	LSS	lanosterol synthase	NA	NA	NA
chr1	114458238	114458571	334	*	peak_2378	-1.46315637176807	2.29454173019349e-14	Intron (ENST00000358465.7/51592, intron 4 of 19)	1	114397608	114463236	65629	2	51592	ENST00000448034.5	4665	ENSG00000197323	TRIM33	tripartite motif containing 33	NA	NA	NA
chr3	128707525	128708146	622	*	peak_26635	-1.10412504787366	2.29637338925309e-14	Intron (ENST00000676214.1/7879, intron 1 of 5)	3	128714571	128714705	135	2	124900558	ENST00000384401.1	6559	ENSG00000207130	LOC124900558	small nucleolar RNA SNORA24	NA	NA	NA
chr4	177762383	177762800	418	*	peak_27879	-1.61033090762782	2.38647507299066e-14	Intron (ENST00000666825.1/285501, intron 2 of 2)	4	177686673	177766954	80282	2	105377560	ENST00000798945.1	4154	NA	LOC105377560	uncharacterized LOC105377560	NA	NA	NA
chr12	112581154	112581478	325	*	peak_8420	-1.65885758940534	2.39059852927927e-14	Intron (ENST00000549736.5/22895, intron 1 of 6)	12	112575265	112865432	290168	1	22895	ENST00000546703.5	5889	ENSG00000089169	RPH3A	rabphilin 3A	NA	NA	NA
chr15	69719507	69719882	376	*	peak_10762	-1.32788083938861	2.40710286561026e-14	Intron (ENST00000647319.1/104472713, intron 7 of 11)	15	69692510	69695750	3241	1	104472713	ENST00000674248.1	26997	ENSG00000245750	PCAT29	prostate cancer associated transcript 29	NA	NA	NA
chr4	88447265	88447709	445	*	peak_27750	-1.12709941832095	2.41894337146124e-14	Intron (ENST00000802707.1/102723458, intron 1 of 4)	4	88439845	88440640	796	1	55008	ENST00000506842.1	7420	ENSG00000138642	HERC6	HECT and RLD domain containing E3 ubiquitin protein ligase family member 6	NA	NA	NA
chr8	31367747	31368057	311	*	peak_32244	-1.61760551535849	2.44039224184599e-14	Intron (ENST00000655813.1/101929492, intron 1 of 1)	8	31275596	31384279	108684	1	101929492	ENST00000524022.1	92151	NA	LOC101929492	uncharacterized LOC101929492	NA	NA	NA
chr8	131288490	131288948	459	*	peak_32859	-1.37289581896154	2.47267282040995e-14	Intron (ENST00000745365.1/105375760, intron 3 of 3)	8	131308545	131317632	9088	1	124902069	ENST00000524275.5	-19597	NA	IADEN	IGF2BP1 associated definitive endoderm lncRNA	NA	NA	NA
chr3	185341870	185342335	466	*	peak_26979	-1.20219075618896	2.55774390232621e-14	Intron (ENST00000446828.5/9175, intron 2 of 12)	3	185328895	185482811	153917	1	9175	ENST00000443863.5	12975	ENSG00000073803	MAP3K13	mitogen-activated protein kinase kinase kinase 13	NA	NA	NA
chr6	148837912	148838496	585	*	peak_30173	-1.08632874789218	2.56570155729315e-14	Intron (ENST00000367463.5/10090, intron 1 of 7)	6	148735874	148747580	11707	2	124901425	ENST00000842876.1	-90332	NA	LOC124901425	uncharacterized LOC124901425	NA	NA	NA
chr18	78450032	78450612	581	*	peak_16531	-1.16285584915934	2.58914464305305e-14	Distal Intergenic	18	78637719	78641248	3530	1	105372221	ENST00000804752.1	-187107	NA	LOC105372221	uncharacterized LOC105372221	NA	NA	NA
chr6	157813218	157813692	475	*	peak_30248	-1.23391055739648	2.66876988645917e-14	Intron (ENST00000614703.4/51429, intron 3 of 5)	6	157823161	157944514	121354	1	51429	ENST00000680863.1	-9469	ENSG00000130340	SNX9	sorting nexin 9	NA	NA	NA
chr1	224897531	224897855	325	*	peak_3295	-1.64373490664791	2.69334152572525e-14	Promoter (1-2kb)	1	224896262	225399269	503008	1	127602	ENST00000445597.6	1269	ENSG00000185842	DNAH14	dynein axonemal heavy chain 14	NA	NA	NA
chr16	21199609	21200035	427	*	peak_12183	-1.12930132272552	2.69334152572525e-14	Exon (ENST00000574091.6/7783, exon 15 of 19)	16	21201778	21202289	512	2	7783	ENST00000573114.1	2254	ENSG00000103310	ZP2	zona pellucida glycoprotein 2	NA	NA	NA
chr12	31469598	31470086	489	*	peak_7919	-1.22252945284131	2.70276680466611e-14	Intron (ENST00000389082.10/160518, intron 3 of 20)	12	31451702	31495902	44201	2	160518	ENST00000546299.1	25816	ENSG00000170456	DENND5B	DENN domain containing 5B	NA	NA	NA
chr14	71240068	71240946	879	*	peak_9720	-1.01352421557148	2.72671733063848e-14	Exon (ENST00000666109.1/ENST00000666109.1, exon 2 of 2)	14	71307178	71320254	13077	2	102724015	ENST00000795344.1	79308	ENSG00000259146	SIPA1L1-AS1	SIPA1L1 antisense RNA 1	NA	NA	NA
chr2	129490581	129490995	415	*	peak_20051	-1.13567509673936	2.88897716101498e-14	Distal Intergenic	2	129579401	129587620	8220	2	105373614	ENST00000732607.1	96625	ENSG00000295763	LOC105373614	uncharacterized LOC105373614	NA	NA	NA
chr16	11243248	11243690	443	*	peak_12018	-1.12557518127854	2.95658114570549e-14	Exon (ENST00000571636.1/ENST00000571636.1, exon 1 of 1)	16	11249619	11316961	67343	1	105371082	ENST00000573910.1	-5929	NA	LOC105371082	uncharacterized LOC105371082	NA	NA	NA
chr2	117057020	117057428	409	*	peak_19679	-1.22310653848331	3.04887808527832e-14	Distal Intergenic	2	117754139	117803899	49761	2	124907878	ENST00000656175.1	746471	ENSG00000238207	LOC124907878	uncharacterized LOC124907878	NA	NA	NA
chr14	56026484	56026823	340	*	peak_9482	-1.54202935564622	3.05764416551563e-14	Distal Intergenic	14	55961185	55962876	1692	1	102723670	ENST00000664277.1	65299	ENSG00000259868	LOC102723670	uncharacterized LOC102723670	NA	NA	NA
chr10	17344137	17344570	434	*	peak_3551	-1.68319508610656	3.07158978681436e-14	Intron (ENST00000790990.1/ENST00000790990.1, intron 1 of 2)	10	17318383	17327109	8727	2	338596	ENST00000440449.5	-17028	ENSG00000148488	ST8SIA6	ST8 alpha-N-acetyl-neuraminide alpha-2,8-sialyltransferase 6	NA	NA	NA
chr9	83106320	83106732	413	*	peak_34153	-1.29481437297033	3.10364129348373e-14	Intron (ENST00000798701.1/158158, intron 4 of 5)	9	83054660	83063177	8518	2	158158	ENST00000340717.4	-43143	ENSG00000165105	RASEF	RAS and EF-hand domain containing	NA	NA	NA
chr15	91466321	91466880	560	*	peak_11354	-1.19373501446247	3.10481767222128e-14	Intron (ENST00000761251.1/101926928, intron 1 of 2)	15	91463337	91494850	31514	1	101926928	ENST00000554333.1	2984	ENSG00000258551	CRAT37	cervical cancer-associated transcript 37	NA	NA	NA
chr3	122690139	122690464	326	*	peak_26285	-1.76017808550945	3.17579482144827e-14	Promoter (1-2kb)	3	122692423	122730840	38418	1	54625	ENST00000460683.1	-1959	ENSG00000173193	PARP14	poly(ADP-ribose) polymerase family member 14	NA	NA	NA
chr4	36757693	36758176	484	*	peak_27577	-1.47703736918362	3.17821619786317e-14	Distal Intergenic	4	36548331	36641939	93609	2	105374400	ENST00000655716.2	-115754	NA	LINC02505	long intergenic non-protein coding RNA 2505	NA	NA	NA
chr18	8996605	8997120	516	*	peak_16137	-1.04892365448962	3.22156046269202e-14	Exon (ENST00000828045.1/ENST00000828045.1, exon 3 of 3)	18	9102630	9117887	15258	1	4729	ENST00000577703.1	-105510	ENSG00000178127	NDUFV2	NADH:ubiquinone oxidoreductase core subunit V2	NA	NA	NA
chr2	238783176	238783926	751	*	peak_20768	-1.06341125003941	3.22156046269202e-14	Intron (ENST00000653275.2/ENST00000653275.2, intron 1 of 1)	2	238711224	238722543	11320	2	105373963	ENST00000652430.2	-60633	NA	LOC105373963	uncharacterized LOC105373963	NA	NA	NA
chr8	104642947	104643322	376	*	peak_32623	-1.10814818817692	3.34367587938957e-14	Intron (ENST00000521923.5/105375694, intron 1 of 4)	8	104590733	104895717	304985	1	105375694	ENST00000521923.5	52214	NA	LOC105375694	uncharacterized LOC105375694	NA	NA	NA
chr7	45446232	45446721	490	*	peak_31157	-1.52922936749527	3.39760912400375e-14	Intron (ENST00000747089.1/ENST00000747089.1, intron 2 of 2)	7	45574140	45664672	90533	1	107	ENST00000432715.5	-127419	ENSG00000164742	ADCY1	adenylate cyclase 1	NA	NA	NA
chr2	52448164	52448416	253	*	peak_18960	-1.53268260616649	3.40111378046589e-14	Distal Intergenic	2	52370602	52390056	19455	1	105374596	ENST00000435357.2	77562	ENSG00000225444	LINC01867	long intergenic non-protein coding RNA 1867	NA	NA	NA
chr18	77360648	77360984	337	*	peak_16513	-1.29847775835484	3.40743959839102e-14	Distal Intergenic	18	77411801	77415510	3710	1	107985171	ENST00000814578.1	-50817	NA	LOC107985171	uncharacterized LOC107985171	NA	NA	NA
chr7	72405218	72405703	486	*	peak_31435	-1.11982132440401	3.53052309577735e-14	Intron (ENST00000395275.7/83698, intron 1 of 6)	7	71779491	72412338	632848	2	83698	ENST00000395275.7	6635	ENSG00000183166	CALN1	calneuron 1	NA	NA	NA
chr17	56730692	56731435	744	*	peak_14772	-1.20144818329762	3.54966327269938e-14	Intron (ENST00000783597.1/ENST00000783597.1, intron 2 of 2)	17	56791913	56795292	3380	2	339210	ENST00000570754.5	63857	ENSG00000214226	C17orf67	chromosome 17 open reading frame 67	NA	NA	NA
chr7	32250019	32250646	628	*	peak_30973	-1.11331406139123	3.59291073434332e-14	Intron (ENST00000396193.5/5137, intron 1 of 18)	7	32271792	32293312	21521	2	5137	ENST00000746720.1	42666	ENSG00000154678	PDE1C	phosphodiesterase 1C	NA	NA	NA
chr2	104589934	104590438	505	*	peak_19512	-1.48289543816552	3.71399988273149e-14	Intron (ENST00000659877.1/105373525, intron 2 of 2)	2	104584193	104585361	1169	1	105373525	ENST00000794972.1	5741	ENSG00000236109	LOC105373525	uncharacterized LOC105373525	NA	NA	NA
chr5	37722833	37723205	373	*	peak_28210	-1.22384821684	3.80648350750453e-14	Promoter (<=1kb)	5	37722643	37752672	30030	1	55100	ENST00000507136.5	190	ENSG00000082068	WDR70	WD repeat domain 70	NA	NA	NA
chr12	54716409	54716836	428	*	peak_8182	-1.45298202325518	3.93585646041547e-14	Distal Intergenic	12	54644630	54648493	3864	2	117159	ENST00000546807.5	-67916	ENSG00000161634	DCD	dermcidin	NA	NA	NA
chr9	88359739	88360322	584	*	peak_34195	-1.80595046241614	3.94130287094174e-14	Distal Intergenic	9	88388430	88475245	86816	1	10927	ENST00000485804.5	-28108	ENSG00000106723	SPIN1	spindlin 1	NA	NA	NA
chr1	111979587	111980195	609	*	peak_2345	-1.03864869892924	4.01263692635834e-14	Intron (ENST00000369697.5/3752, intron 1 of 5)	1	111770662	111982796	212135	2	3752	ENST00000369697.5	2601	ENSG00000171385	KCND3	potassium voltage-gated channel subfamily D member 3	NA	NA	NA
chrX	103030716	103031390	675	*	peak_35302	-1.29995968577021	4.09713669210675e-14	Distal Intergenic	23	103062651	103064171	1521	2	55859	ENST00000372728.4	32781	ENSG00000133169	BEX1	brain expressed X-linked 1	NA	NA	NA
chr2	30859673	30860582	910	*	peak_18746	-1.00693453927382	4.10358985307374e-14	Exon (ENST00000765558.1/105374435, exon 2 of 2)	2	30823777	30835385	11609	1	124907750	ENST00000765566.1	35896	NA	LOC124907750	uncharacterized LOC124907750	NA	NA	NA
chr18	13244916	13245333	418	*	peak_16238	-1.38035684471927	4.12161962017834e-14	Intron (ENST00000590371.5/753, intron 1 of 2)	18	13239543	13242076	2534	1	147276	ENST00000623680.1	5373	ENSG00000279020	C18orf15	chromosome 18 putative open reading frame 15	NA	NA	NA
chr18	7941598	7941953	356	*	peak_16106	-1.20570324299743	4.2651240393806e-14	Intron (ENST00000332175.12/5797, intron 5 of 30)	18	7946870	8069712	122843	1	5797	ENST00000578916.2	-4917	ENSG00000173482	PTPRM	protein tyrosine phosphatase receptor type M	NA	NA	NA
chr3	104670576	104671002	427	*	peak_26214	-1.28603649376642	4.28188886159717e-14	Intron (ENST00000721885.1/107986108, intron 3 of 3)	3	104394996	104523292	128297	2	105374021	ENST00000749799.1	-147284	NA	LOC105374021	uncharacterized LOC105374021	NA	NA	NA
chr8	139869318	139869609	292	*	peak_33149	-1.45954262545713	4.30613068811006e-14	Intron (ENST00000438773.4/83696, intron 21 of 22)	8	139730996	139881295	150300	2	83696	ENST00000522504.5	11686	ENSG00000167632	TRAPPC9	trafficking protein particle complex subunit 9	NA	NA	NA
chr11	10926441	10927179	739	*	peak_5830	-1.09182811296967	4.30848625888171e-14	Exon (ENST00000837677.1/ENST00000837677.1, exon 1 of 2)	11	10916726	10930542	13817	2	107984309	ENST00000837441.1	3363	NA	LOC107984309	uncharacterized LOC107984309	NA	NA	NA
chr10	109842956	109843370	415	*	peak_5067	-1.07962685620669	4.33010395768926e-14	Distal Intergenic	10	109868636	109871032	2397	2	7511	ENST00000494499.1	27662	ENSG00000108039	XPNPEP1	X-prolyl aminopeptidase 1	NA	NA	NA
chr12	119171224	119171584	361	*	peak_8508	-1.54406631460151	4.35005433017595e-14	Exon (ENST00000676008.1/ENST00000676008.1, exon 1 of 3)	12	119173926	119193943	20018	1	26353	ENST00000676244.1	-2342	ENSG00000152137	HSPB8	heat shock protein family B (small) member 8	NA	NA	NA
chr8	136696857	136697277	421	*	peak_33043	-1.64382110519778	4.36320204786106e-14	Intron (ENST00000650445.3/124900255, intron 6 of 7)	8	136780853	136810037	29185	1	124902073	ENST00000521090.5	-83576	NA	LOC124902073	uncharacterized LOC124902073	NA	NA	NA
chr3	42739764	42740222	459	*	peak_25472	-1.06510604606489	4.41245908322828e-14	Exon (ENST00000310232.11/152206, exon 9 of 16)	3	42713162	42733544	20383	2	152206	ENST00000472921.1	-6220	ENSG00000244607	CCDC13	coiled-coil domain containing 13	NA	NA	NA
chr6	146358502	146359471	970	*	peak_30167	-1.06803696677904	4.54465363554524e-14	Intron (ENST00000706833.1/2911, intron 6 of 8)	6	146543833	146554953	11121	1	10981	ENST00000367495.4	-184362	ENSG00000118508	RAB32	RAB32, member RAS oncogene family	NA	NA	NA
chr11	27509874	27510198	325	*	peak_5980	-1.76885859613068	4.56548585184597e-14	Intron (ENST00000715842.1/105376671, intron 3 of 3)	11	27506865	27677579	170715	1	497258	ENST00000650703.1	3009	ENSG00000245573	BDNF-AS	BDNF antisense RNA	NA	NA	NA
chr7	93693744	93694087	344	*	peak_31579	-1.58814148728976	4.56548585184597e-14	Intron (ENST00000455502.5/2792, intron 1 of 3)	7	93716928	93717005	78	1	100616206	ENST00000583734.1	-22841	ENSG00000265423	MIR4652	microRNA 4652	NA	NA	NA
chr1	12851670	12852203	534	*	peak_492	-1.1718758310777	4.62678512581098e-14	Distal Intergenic	1	12847377	12848720	1344	2	343069	ENST00000317869.7	-2950	ENSG00000179172	HNRNPCL1	heterogeneous nuclear ribonucleoprotein C like 1	NA	NA	NA
chr7	45402830	45403179	350	*	peak_31156	-1.48546693671707	4.79512045625474e-14	Distal Intergenic	7	45306243	45325106	18864	1	124901624	ENST00000791570.1	96587	ENSG00000303071	LOC124901624	uncharacterized LOC124901624	NA	NA	NA
chr16	22789343	22789999	657	*	peak_12218	-1.00563578424739	4.8719834696664e-14	Intron (ENST00000804048.1/107984851, intron 2 of 3)	16	22724498	22813746	89249	2	107984851	ENST00000804048.1	23747	ENSG00000283213	LOC107984851	collagen alpha-1(XVI) chain	NA	NA	NA
chr11	93005344	93005903	560	*	peak_7148	-1.5794730678823	5.07842910409727e-14	Distal Intergenic	11	92969784	92985066	15283	1	4544	ENST00000528076.1	35560	ENSG00000134640	MTNR1B	melatonin receptor 1B	NA	NA	NA
chr3	133910804	133911330	527	*	peak_26717	-1.35995297250807	5.12131426716037e-14	Distal Intergenic	3	133824235	133895882	71648	2	51560	ENST00000285208.9	-14922	ENSG00000154917	RAB6B	RAB6B, member RAS oncogene family	NA	NA	NA
chr20	47466766	47467348	583	*	peak_21822	-1.04238253038292	5.19375887383864e-14	Intron (ENST00000814900.1/ENST00000814900.1, intron 1 of 1)	20	47384520	47439260	54741	2	102723442	ENST00000726880.1	-27506	NA	LINC01754	long intergenic non-protein coding RNA 1754	NA	NA	NA
chr1	169364831	169365216	386	*	peak_2783	-1.37150874317618	5.26700235859074e-14	Intron (ENST00000367811.8/29922, intron 1 of 11)	1	169230714	169367730	137017	2	29922	ENST00000528517.5	2514	ENSG00000143156	NME7	NME/NM23 family member 7	NA	NA	NA
chr1	152539562	152539869	308	*	peak_2509	-1.53549097633263	5.48080461297053e-14	Distal Intergenic	1	152514482	152516008	1527	1	54544	ENST00000368790.4	25080	ENSG00000169509	CRCT1	cysteine rich C-terminal 1	NA	NA	NA
chr8	103902174	103902539	366	*	peak_32620	-1.25664526319647	5.72547304131387e-14	Intron (ENST00000696799.1/9699, intron 7 of 29)	8	103912132	103977471	65340	1	9699	ENST00000507677.5	-9593	ENSG00000176406	RIMS2	regulating synaptic membrane exocytosis 2	NA	NA	NA
chr4	172982220	172982643	424	*	peak_27872	-1.25274246947628	5.93814594409744e-14	Intron (ENST00000506823.6/442117, intron 10 of 12)	4	173144624	173166159	21536	2	101930370	ENST00000659700.1	183516	ENSG00000245213	GALNT7-DT	GALNT7 divergent transcript	NA	NA	NA
chr8	140121743	140122378	636	*	peak_33167	-1.19958372943501	6.02636238969904e-14	Intron (ENST00000438773.4/83696, intron 17 of 22)	8	140092781	140100553	7773	2	359809	ENST00000698173.1	-21190	ENSG00000282164	PEG13	paternally expressed 13	NA	NA	NA
chr21	28624521	28624977	457	*	peak_22615	-1.2877531189809	6.257107514342e-14	Promoter (1-2kb)	21	28444549	28626604	182056	2	29104	ENST00000430247.1	1627	ENSG00000156239	HEMK2	HemK methyltransferase 2, ETF1 glutamine and histone H4 lysine	NA	NA	NA
chr4	54784157	54784668	512	*	peak_27650	-1.01201759705667	6.47328854695216e-14	Intron (ENST00000821120.1/105377657, intron 3 of 4)	4	54756379	54818387	62009	1	105377657	ENST00000821119.1	27778	NA	LOC105377657	uncharacterized LOC105377657	NA	NA	NA
chr14	56293535	56294332	798	*	peak_9486	-1.18997898321298	6.72816603918787e-14	Intron (ENST00000267460.9/57161, intron 5 of 5)	14	56310880	56326208	15329	1	102723699	ENST00000558120.5	-16548	ENSG00000259719	LINC02284	long intergenic non-protein coding RNA 2284	NA	NA	NA
chr2	126825271	126825587	317	*	peak_19901	-1.02186473643418	6.80471042949207e-14	Distal Intergenic	2	126776787	126777723	937	1	124907882	ENST00000778030.1	48484	ENSG00000301329	LOC124907882	uncharacterized LOC124907882	NA	NA	NA
chr1	167688686	167689238	553	*	peak_2775	-1.13471479031405	6.90848699033292e-14	Intron (ENST00000537350.5/92241, intron 2 of 5)	1	167721950	167765896	43947	1	9019	ENST00000464954.1	-32712	ENSG00000197965	MPZL1	myelin protein zero like 1	NA	NA	NA
chr15	80704643	80705323	681	*	peak_11148	-1.22717611923281	6.92517417785413e-14	Promoter (<=1kb)	15	80704584	80754197	49614	1	58489	ENST00000560126.1	59	ENSG00000136379	ABHD17C	abhydrolase domain containing 17C, depalmitoylase	NA	NA	NA
chr11	124823785	124824279	495	*	peak_7334	-1.42429422747546	6.93015866367406e-14	Intron (ENST00000499143.6/100507283, intron 4 of 4)	11	124800910	124806745	5836	1	100507283	ENST00000529392.1	22875	ENSG00000245498	MSANTD2-AS1	MSANTD2 antisense RNA 1	NA	NA	NA
chr9	5895689	5896367	679	*	peak_33852	-1.37757527357523	6.99020235883888e-14	Promoter (1-2kb)	9	5897564	5907189	9626	1	2315	ENST00000490518.1	-1197	ENSG00000120215	MLANA	melan-A	NA	NA	NA
chr1	143606149	143606759	611	*	peak_2449	-1.14556105380786	7.1047344854881e-14	Exon (ENST00000401087.3/ENST00000401087.3, exon 6 of 16)	1	143660954	143684552	23599	1	124904406	ENST00000794270.1	-54195	ENSG00000303408	LOC124904406	uncharacterized LOC124904406	NA	NA	NA
chr3	5255276	5255762	487	*	peak_24954	-1.37636090634163	7.10951521762923e-14	Exon (ENST00000443087.1/ENST00000443087.1, exon 2 of 2)	3	5250177	5250255	79	2	100616334	ENST00000577799.1	-5021	ENSG00000265180	MIR4790	microRNA 4790	NA	NA	NA
chr9	120571972	120572341	370	*	peak_34544	-1.38847283653625	7.16745628214746e-14	Promoter (1-2kb)	9	120517684	120570899	53216	2	55755	ENST00000693702.1	-1073	ENSG00000136861	CDK5RAP2	CDK5 regulatory subunit associated protein 2	NA	NA	NA
chr2	71494259	71495055	797	*	peak_19121	-1.06135041252382	7.28510577788737e-14	Intron (ENST00000258104.8/8291, intron 3 of 54)	2	71466702	71686648	219947	1	8291	ENST00000410041.1	27557	ENSG00000135636	DYSF	dysferlin	NA	NA	NA
chr20	53729522	53729957	436	*	peak_22036	-1.10648269265464	7.28510577788737e-14	Intron (ENST00000716917.1/124904933, intron 2 of 2)	20	53725537	53740920	15384	1	124904933	ENST00000716922.1	3985	NA	LOC124904933	uncharacterized LOC124904933	NA	NA	NA
chr7	90620619	90621463	845	*	peak_31573	-1.22817987754155	7.55689122029919e-14	Intron (ENST00000449528.5/5218, intron 5 of 7)	7	90596321	91210590	614270	1	5218	ENST00000380050.8	24298	ENSG00000058091	CDK14	cyclin dependent kinase 14	NA	NA	NA
chr3	16522895	16523337	443	*	peak_25287	-1.37122634357912	7.5955498063375e-14	Promoter (1-2kb)	3	16524771	16541014	16244	1	100996597	ENST00000661221.1	-1434	ENSG00000233570	LINC00690	long intergenic non-protein coding RNA 690	NA	NA	NA
chr13	113274856	113275797	942	*	peak_9278	-1.04551451249372	7.62406237541729e-14	Distal Intergenic	13	113262920	113262999	80	1	102465874	ENST00000614354.1	11936	ENSG00000277942	MIR8075	microRNA 8075	NA	NA	NA
chr16	66019514	66019926	413	*	peak_12715	-1.63350944898407	8.01757305823383e-14	Distal Intergenic	16	66135068	66146683	11616	1	105371316	ENST00000720245.1	-115142	NA	LOC105371316	uncharacterized LOC105371316	NA	NA	NA
chr3	126049244	126050011	768	*	peak_26386	-1.16178436562477	8.03899957203847e-14	Intron (ENST00000360370.9/54946, intron 3 of 10)	3	126006358	126056838	50481	2	54946	ENST00000383598.6	6827	ENSG00000114544	SLC41A3	solute carrier family 41 member 3	NA	NA	NA
chr18	39140425	39140795	371	*	peak_16350	-1.53300468840605	8.06672238277801e-14	Intron (ENST00000807751.1/ENST00000807751.1, intron 3 of 3)	18	39314004	39328009	14006	1	101927879	ENST00000635791.4	-173209	ENSG00000283458	LOC101927879	uncharacterized LOC101927879	NA	NA	NA
chr3	127770680	127771164	485	*	peak_26554	-1.08471928172028	8.09863956815377e-14	Intron (ENST00000453507.7/11343, intron 3 of 6)	3	127692117	127781870	89754	2	11343	ENST00000487473.6	10706	ENSG00000074416	MGLL	monoglyceride lipase	NA	NA	NA
chr7	158854060	158854515	456	*	peak_31898	-1.52314277253235	8.1585995212585e-14	Promoter (1-2kb)	7	158851044	158856433	5390	2	124901796	ENST00000742741.1	1918	ENSG00000296818	LOC124901796	uncharacterized LOC124901796	NA	NA	NA
chr4	82782732	82783251	520	*	peak_27726	-1.1191805809412	8.27363493405585e-14	Intron (ENST00000319540.9/79966, intron 1 of 4)	4	82659887	82798772	138886	2	79966	ENST00000273908.4	15521	ENSG00000145284	SCD5	stearoyl-CoA desaturase 5	NA	NA	NA
chr4	55203386	55203663	278	*	peak_27654	-1.58301351720532	8.54711938062877e-14	Distal Intergenic	4	55078481	55125595	47115	2	3791	ENST00000263923.5	-77791	ENSG00000128052	KDR	kinase insert domain receptor	NA	NA	NA
chr11	77376821	77377367	547	*	peak_7114	-1.16260350479001	8.8110512045612e-14	Promoter (1-2kb)	11	77323211	77379351	56141	2	5058	ENST00000527457.5	1984	ENSG00000149269	PAK1	p21 (RAC1) activated kinase 1	NA	NA	NA
chr4	123602808	123603387	580	*	peak_27814	-1.51728504708623	9.07616151070042e-14	Intron (ENST00000666328.1/285419, intron 1 of 3)	4	123600739	123930729	329991	1	285419	ENST00000668501.1	2069	ENSG00000249464	LINC01091	long intergenic non-protein coding RNA 1091	NA	NA	NA
chr3	136402326	136403219	894	*	peak_26769	-1.08388792922672	9.21849549663688e-14	Intron (ENST00000236698.9/10274, intron 21 of 32)	3	136348789	136359189	10401	2	10274	ENST00000465961.1	-43137	ENSG00000118007	STAG1	STAG1 cohesin complex component	NA	NA	NA
chr10	32061309	32061761	453	*	peak_3632	-1.43665457937872	9.25366685924091e-14	Distal Intergenic	10	32009015	32056425	47411	2	3799	ENST00000302418.5	-4884	ENSG00000170759	KIF5B	kinesin family member 5B	NA	NA	NA
chr8	135009009	135009499	491	*	peak_33015	-1.05408582571583	9.65804029699241e-14	Distal Intergenic	8	134864991	134881900	16910	1	101927845	ENST00000771128.1	144018	ENSG00000253433	LOC101927845	uncharacterized LOC101927845	NA	NA	NA
chr12	11227352	11227755	404	*	peak_7779	-1.14181300169728	9.69955343767554e-14	Intron (ENST00000612592.1/ENST00000612592.1, intron 1 of 1)	12	11185993	11186937	945	2	353164	ENST00000334266.1	-40415	ENSG00000186136	TAS2R42	taste 2 receptor member 42	NA	NA	NA
chr2	78773528	78773975	448	*	peak_19237	-1.23529248570694	9.8057201123849e-14	Distal Intergenic	2	78779724	78791211	11488	1	105374821	ENST00000828604.1	-5749	NA	LOC105374821	uncharacterized LOC105374821	NA	NA	NA
chr3	46422482	46422919	438	*	peak_25547	-1.03285684052249	1.04730436248842e-13	Promoter (<=1kb)	3	46416586	46422760	6175	2	105377068	ENST00000661642.1	0	ENSG00000283646	LINC02009	long intergenic non-protein coding RNA 2009	NA	NA	NA
chr1	66944756	66945147	392	*	peak_2109	-1.10730183259524	1.04902687500831e-13	Intron (ENST00000355977.10/57708, intron 3 of 13)	1	66932652	66959750	27099	1	57708	ENST00000479067.1	12104	ENSG00000198160	MIER1	MIER1 transcriptional regulator	NA	NA	NA
chr1	210709772	210710111	340	*	peak_3214	-1.59261010718141	1.06782351489539e-13	Intron (ENST00000367007.5/3756, intron 10 of 11)	1	210678418	210683929	5512	2	3756	ENST00000640625.1	-25843	ENSG00000143473	KCNH1	potassium voltage-gated channel subfamily H member 1	NA	NA	NA
chr18	78573036	78573416	381	*	peak_16540	-1.29263699897838	1.07448001589449e-13	Distal Intergenic	18	78637719	78641248	3530	1	105372221	ENST00000804752.1	-64303	NA	LOC105372221	uncharacterized LOC105372221	NA	NA	NA
chr10	104558187	104558744	558	*	peak_5055	-1.50365918368167	1.07655663586168e-13	Distal Intergenic	10	104566931	104616973	50043	1	105378464	ENST00000450054.2	-8187	ENSG00000237761	LOC105378464	uncharacterized LOC105378464	NA	NA	NA
chr8	125473300	125473661	362	*	peak_32769	-1.01816061277849	1.10587710182519e-13	Exon (ENST00000522815.1/130406855, exon 2 of 4)	8	125466939	125541373	74435	1	130406855	ENST00000522815.1	6361	NA	TRIB1AL	TRIB1 associated lncRNA	NA	NA	NA
chr3	148006421	148006837	417	*	peak_26839	-1.23862635899293	1.17059206427676e-13	Exon (ENST00000485006.2/124906206, exon 4 of 4)	3	148036629	148088029	51401	1	100507461	ENST00000733846.1	-29792	ENSG00000241131	LINC02032	long intergenic non-protein coding RNA 2032	NA	NA	NA
chr2	191695655	191696345	691	*	peak_20287	-1.05009236900199	1.17951301318245e-13	3' UTR	2	191683505	191685076	1572	1	64859	ENST00000462824.1	12150	ENSG00000173559	NABP1	nucleic acid binding protein 1	NA	NA	NA
chr10	28754983	28755331	349	*	peak_3603	-1.44584341944739	1.1922917843367e-13	Exon (ENST00000722445.1/101929218, exon 3 of 5)	10	28743745	28744663	919	1	101929218	ENST00000456082.1	11238	ENSG00000232624	LINC01517	long intergenic non-protein coding RNA 1517	NA	NA	NA
chr2	130895105	130895583	479	*	peak_20117	-1.35467037302757	1.19367685292726e-13	Intron (ENST00000409359.7/50649, intron 1 of 13)	2	130916651	131047253	130603	1	50649	ENST00000636987.1	-21068	ENSG00000136002	ARHGEF4	Rho guanine nucleotide exchange factor 4	NA	NA	NA
chr6	29797178	29797593	416	*	peak_29479	-1.02940670363353	1.19512085068953e-13	Exon (ENST00000850480.1/352962, exon 6 of 6)	6	29790621	29792921	2301	2	54435	ENST00000849921.1	-4257	NA	HCG4	HLA complex group 4	NA	NA	NA
chr5	130825978	130826461	484	*	peak_28473	-1.24592318964518	1.1956850838259e-13	Intron (ENST00000661392.1/107986449, intron 1 of 5)	5	130810004	130818249	8246	2	107986449	ENST00000804536.1	-7729	NA	LOC107986449	uncharacterized LOC107986449	NA	NA	NA
chr5	173955037	173955480	444	*	peak_29165	-1.56369557380883	1.19922132908266e-13	Intron (ENST00000265085.10/80315, intron 9 of 9)	5	173949508	173951938	2431	1	80315	ENST00000656232.1	5529	ENSG00000113742	CPEB4	cytoplasmic polyadenylation element binding protein 4	NA	NA	NA
chr22	35602196	35602811	616	*	peak_23948	-1.01196368018251	1.22639844609424e-13	Distal Intergenic	22	35606764	35615713	8950	2	4151	ENST00000401702.5	12902	ENSG00000198125	MB	myoglobin	NA	NA	NA
chr10	84253296	84253701	406	*	peak_4696	-1.53513589319673	1.23258773514517e-13	Promoter (1-2kb)	10	84255170	84258915	3746	1	5995	ENST00000479725.1	-1469	ENSG00000148604	RGR	retinal G protein coupled receptor	NA	NA	NA
chr7	33079542	33080042	501	*	peak_30979	-1.15558085366251	1.26939247674403e-13	Intron (ENST00000788224.1/124901610, intron 1 of 1)	7	33063206	33095225	32020	1	124901610	ENST00000788229.1	16336	NA	LOC124901610	uncharacterized LOC124901610	NA	NA	NA
chr2	113056579	113056843	265	*	peak_19656	-1.31663403236813	1.27655624490651e-13	Promoter (1-2kb)	2	113058638	113064748	6111	1	26525	ENST00000346807.7	-1795	ENSG00000136695	IL36RN	interleukin 36 receptor antagonist	NA	NA	NA
chr9	76603450	76603802	353	*	peak_34142	-1.36682622494617	1.29836755184651e-13	Intron (ENST00000648797.1/105376095, intron 7 of 12)	9	76614008	76615162	1155	2	158471	ENST00000464414.1	11360	ENSG00000106772	PRUNE2	prune homolog 2 with BCH domain	NA	NA	NA
chr2	59148371	59148971	601	*	peak_18981	-1.57735226536999	1.30388131742805e-13	Intron (ENST00000422723.6/400955, intron 10 of 10)	2	59217708	59279400	61693	1	101927285	ENST00000409590.1	-68737	ENSG00000233723	LINC01793	long intergenic non-protein coding RNA 1793	NA	NA	NA
chr4	67484193	67484624	432	*	peak_27695	-1.43550437104374	1.31884682080505e-13	Intron (ENST00000273853.11/1060, intron 17 of 18)	4	67474692	67495201	20510	2	1060	ENST00000515140.1	10577	ENSG00000145241	CENPC	centromere protein C	NA	NA	NA
chr2	229454986	229455300	315	*	peak_20515	-1.63607303615106	1.3797489371793e-13	Intron (ENST00000341772.5/92737, intron 7 of 12)	2	229407358	229408330	973	1	124907995	ENST00000658948.2	47628	ENSG00000287791	LOC124907995	uncharacterized LOC124907995	NA	NA	NA
chr2	235707725	235708625	901	*	peak_20678	-1.07850175894107	1.39509842429896e-13	Intron (ENST00000304032.13/116987, intron 1 of 17)	2	235669604	236126554	456951	1	116987	ENST00000409538.5	38121	ENSG00000157985	AGAP1	ArfGAP with GTPase domain, ankyrin repeat and PH domain 1	NA	NA	NA
chr18	49886689	49887652	964	*	peak_16407	-1.025648069255	1.40987457805527e-13	Intron (ENST00000285039.12/4645, intron 22 of 39)	18	49879021	49880496	1476	2	4645	ENST00000585859.1	-6193	ENSG00000167306	MYO5B	myosin VB	NA	NA	NA
chr7	38448903	38449118	216	*	peak_31014	-1.85004036164275	1.4662381233954e-13	Intron (ENST00000356264.7/273, intron 11 of 20)	7	38384818	38463113	78296	2	273	ENST00000441628.5	13995	ENSG00000078053	AMPH	amphiphysin	NA	NA	NA
chr2	21639399	21639962	564	*	peak_18456	-1.45435767404324	1.47992403096448e-13	Intron (ENST00000435237.1/105374320, intron 3 of 5)	2	21607465	21637197	29733	2	101929230	ENST00000648747.1	-2202	NA	LOC101929230	uncharacterized LOC101929230	NA	NA	NA
chr9	36351648	36351988	341	*	peak_34000	-1.32960522796012	1.52717710136285e-13	Intron (ENST00000353739.8/152006, intron 7 of 10)	9	36336400	36400269	63870	2	152006	ENST00000259605.11	48281	ENSG00000137075	RNF38	ring finger protein 38	NA	NA	NA
chr8	138461573	138462060	488	*	peak_33052	-1.41213449466416	1.5533918779295e-13	Intron (ENST00000395297.6/51059, intron 1 of 19)	8	138308984	138459565	150582	2	51059	ENST00000520380.1	-2008	ENSG00000147724	FAM135B	family with sequence similarity 135 member B	NA	NA	NA
chr1	223109625	223110033	409	*	peak_3272	-1.16112412103652	1.55480437542753e-13	3' UTR	1	223093356	223103355	10000	2	102724046	ENST00000727221.1	-6270	NA	LOC102724046	uncharacterized LOC102724046	NA	NA	NA
chr3	43490692	43491287	596	*	peak_25495	-1.12094408799431	1.60615550937128e-13	Intron (ENST00000292246.8/55129, intron 11 of 12)	3	43366889	43555411	188523	2	55129	ENST00000448045.1	64124	ENSG00000160746	ANO10	anoctamin 10	NA	NA	NA
chr17	47255623	47255954	332	*	peak_14537	-1.17419240836492	1.60652498298419e-13	Promoter (1-2kb)	17	47253897	47344292	90396	1	3690	ENST00000560629.1	1726	ENSG00000259207	ITGB3	integrin subunit beta 3	NA	NA	NA
chr10	37747810	37748361	552	*	peak_3662	-1.06533200228922	1.612714115243e-13	Distal Intergenic	10	37775371	37784131	8761	2	57209	ENST00000432530.1	35770	ENSG00000198105	ZNF248	zinc finger protein 248	NA	NA	NA
chr9	70121908	70122446	539	*	peak_34118	-1.55329465127183	1.612714115243e-13	Intron (ENST00000377182.5/256691, intron 5 of 13)	9	70034088	70088424	54337	2	124902179	ENST00000629922.2	-33484	NA	LOC124902179	uncharacterized LOC124902179	NA	NA	NA
chr3	114213296	114213906	611	*	peak_26245	-1.19489171813545	1.63574475753434e-13	Intron (ENST00000779677.1/ENST00000779677.1, intron 1 of 3)	3	114128652	114199407	70756	2	1814	ENST00000460779.5	-13889	ENSG00000151577	DRD3	dopamine receptor D3	NA	NA	NA
chr8	13631102	13631494	393	*	peak_32018	-1.54211612317418	1.63693883151354e-13	Promoter (1-2kb)	8	13629666	13631933	2268	1	102725080	ENST00000811231.1	1436	ENSG00000286798	LOC102725080	uncharacterized LOC102725080	NA	NA	NA
chr12	12478600	12479000	401	*	peak_7799	-1.48813910150921	1.64965706050919e-13	Intron (ENST00000298573.9/80824, intron 6 of 6)	12	12477886	12506187	28302	2	80824	ENST00000545864.1	27187	ENSG00000111266	DUSP16	dual specificity phosphatase 16	NA	NA	NA
chr15	66021956	66022559	604	*	peak_10610	-1.11883476095205	1.65611977775683e-13	Promoter (1-2kb)	15	66019385	66020156	772	2	105370867	ENST00000722767.1	-1800	NA	LOC105370867	uncharacterized LOC105370867	NA	NA	NA
chr5	42689268	42689709	442	*	peak_28246	-1.15458789729069	1.66942456626521e-13	Intron (ENST00000230882.9/2690, intron 4 of 9)	5	42713867	42718814	4948	1	2690	ENST00000513625.1	-24158	ENSG00000112964	GHR	growth hormone receptor	NA	NA	NA
chr2	158755334	158755705	372	*	peak_20212	-1.11365930771982	1.67688971153875e-13	Intron (ENST00000846985.1/100129029, intron 1 of 2)	2	158678656	158745740	67085	2	100129029	ENST00000846986.1	-9594	ENSG00000204380	PKP4-AS1	PKP4 antisense RNA 1	NA	NA	NA
chr2	101854960	101855283	324	*	peak_19497	-1.42677197640675	1.71310476669336e-13	Promoter (<=1kb)	2	101855977	101865003	9027	1	9448	ENST00000418101.1	-694	ENSG00000071054	MAP4K4	mitogen-activated protein kinase kinase kinase kinase 4	NA	NA	NA
chr6	84105391	84105915	525	*	peak_30044	-1.69287410774475	1.72656705449465e-13	Distal Intergenic	6	84139563	84146278	6716	1	112609	ENST00000789558.1	-33648	ENSG00000135324	MRAP2	melanocortin 2 receptor accessory protein 2	NA	NA	NA
chr2	200302861	200303293	433	*	peak_20305	-1.05619169131707	1.74234653242931e-13	Distal Intergenic	2	200305881	200419333	113453	1	26010	ENST00000439084.5	-2588	ENSG00000196141	SPATS2L	spermatogenesis associated serine rich 2 like	NA	NA	NA
chr21	31750762	31751153	392	*	peak_22634	-1.31394038792428	1.74477169428252e-13	Distal Intergenic	21	31671000	31732118	61119	2	57466	ENST00000286835.12	-18644	ENSG00000156304	SCAF4	SR-related CTD associated factor 4	NA	NA	NA
chr2	28713623	28713903	281	*	peak_18688	-1.24964659914256	1.74914796395045e-13	Intron (ENST00000757368.1/112267877, intron 3 of 4)	2	28701775	28736154	34380	2	100505774	ENST00000757397.1	22251	ENSG00000226833	LOC100505774	uncharacterized LOC100505774	NA	NA	NA
chr18	5711434	5712105	672	*	peak_16065	-1.48271558416209	1.75538575696944e-13	Distal Intergenic	18	5721812	5795873	74062	1	645355	ENST00000654302.1	-9707	ENSG00000261738	MIR3976HG	MIR3976 host gene	NA	NA	NA
chr2	7392238	7392778	541	*	peak_18123	-1.12233583330218	1.81019861729395e-13	Intron (ENST00000812801.1/105373406, intron 7 of 7)	2	7384967	7406735	21769	1	105373406	ENST00000812805.1	7271	NA	LOC105373406	uncharacterized LOC105373406	NA	NA	NA
chr2	2039601	2040403	803	*	peak_18034	-1.00170493015651	1.82112976783717e-13	Intron (ENST00000647755.1/23040, intron 4 of 24)	2	1973304	1979777	6474	2	23040	ENST00000485348.3	-59824	ENSG00000186487	MYT1L	myelin transcription factor 1 like	NA	NA	NA
chr6	152349748	152350360	613	*	peak_30214	-1.20937032849021	1.83641532354603e-13	Exon (ENST00000367255.10/23345, exon 72 of 146)	6	152315198	152334147	18950	2	23345	ENST00000490135.6	-15601	ENSG00000131018	SYNE1	spectrin repeat containing nuclear envelope protein 1	NA	NA	NA
chr11	20005783	20006251	469	*	peak_5966	-1.56163540188287	1.86944042281511e-13	Intron (ENST00000360655.8/89797, intron 11 of 37)	11	20022556	20118603	96048	1	89797	ENST00000533917.5	-16305	ENSG00000166833	NAV2	neuron navigator 2	NA	NA	NA
chr6	74137904	74138308	405	*	peak_30036	-1.21902026112713	1.87375644484105e-13	Intron (ENST00000435946.1/101928516, intron 1 of 3)	6	74069451	74690727	621277	1	101928516	ENST00000435946.1	68453	ENSG00000223786	LOC101928516	uncharacterized LOC101928516	NA	NA	NA
chr1	164994541	164994891	351	*	peak_2749	-1.65402400780587	1.89452108142722e-13	Distal Intergenic	1	164909152	164912569	3418	2	107985451	ENST00000701347.2	-81972	ENSG00000289408	LOC107985451	uncharacterized LOC107985451	NA	NA	NA
chr20	51284189	51284616	428	*	peak_21994	-1.23724359908822	1.91336641839693e-13	Intron (ENST00000772385.1/105372663, intron 1 of 4)	20	51276080	51444734	168655	1	105372663	ENST00000772386.1	8109	NA	LOC105372663	uncharacterized LOC105372663	NA	NA	NA
chr2	188610099	188610404	306	*	peak_20277	-1.96895056560861	1.93322287501254e-13	Intron (ENST00000719718.1/105373790, intron 1 of 2)	2	188606802	188666870	60069	1	105373790	ENST00000719720.1	3297	NA	LOC105373790	uncharacterized LOC105373790	NA	NA	NA
chr2	77605465	77605824	360	*	peak_19235	-1.52198632663879	1.99594481661254e-13	Distal Intergenic	2	77519762	77593196	73435	2	80059	ENST00000456154.1	-12269	ENSG00000176204	LRRTM4	leucine rich repeat transmembrane neuronal 4	NA	NA	NA
chr2	132593163	132593498	336	*	peak_20143	-1.30477441971675	2.02856615448259e-13	Intron (ENST00000329321.4/2863, intron 1 of 1)	2	132604441	132646554	42114	1	2863	ENST00000470071.1	-10943	ENSG00000183840	GPR39	G protein-coupled receptor 39	NA	NA	NA
chr3	25820439	25820782	344	*	peak_25309	-1.32545370972449	2.02995225210173e-13	Distal Intergenic	3	25831226	25850098	18873	1	105377000	ENST00000821857.1	-10444	NA	LOC105377000	uncharacterized LOC105377000	NA	NA	NA
chr18	8045869	8046215	347	*	peak_16109	-1.33913162311716	2.129246640799e-13	Intron (ENST00000332175.12/5797, intron 7 of 30)	18	8049364	8076564	27201	1	5797	ENST00000578698.1	-3149	ENSG00000173482	PTPRM	protein tyrosine phosphatase receptor type M	NA	NA	NA
chr19	21878443	21879591	1149	*	peak_16985	-1.19045218704858	2.13372047399001e-13	Exon (ENST00000825055.1/ENST00000825055.1, exon 3 of 3)	19	21863927	21866296	2370	2	105372324	ENST00000756995.1	-12147	NA	LOC105372324	uncharacterized LOC105372324	NA	NA	NA
chr9	27870446	27870762	317	*	peak_33876	-1.12499477699838	2.13795116898436e-13	Distal Intergenic	9	27668703	27684424	15722	1	105376002	ENST00000827412.1	201743	NA	LOC105376002	uncharacterized LOC105376002	NA	NA	NA
chr2	113780550	113780925	376	*	peak_19672	-1.53736553249295	2.1890790280439e-13	Intron (ENST00000827885.1/105373570, intron 3 of 3)	2	113714353	113756693	42341	2	80255	ENST00000409106.5	-23857	ENSG00000115084	SLC35F5	solute carrier family 35 member F5	NA	NA	NA
chr1	64345474	64345864	391	*	peak_2099	-1.29209954224193	2.21543376870414e-13	Distal Intergenic	1	64369663	64370873	1211	1	105378774	ENST00000761626.1	-23799	ENSG00000299211	LOC105378774	uncharacterized LOC105378774	NA	NA	NA
chr3	100352402	100352906	505	*	peak_26201	-1.11131326867173	2.31842874999214e-13	Exon (ENST00000465368.5/56954, exon 7 of 9)	3	100339094	100345823	6730	1	56954	ENST00000472392.1	13308	ENSG00000114021	NIT2	nitrilase family member 2	NA	NA	NA
chr1	154170816	154171263	448	*	peak_2560	-1.48718854195291	2.32309128694566e-13	Promoter (<=1kb)	1	154157532	154171006	13475	2	7170	ENST00000513769.5	0	ENSG00000143549	TPM3	tropomyosin 3	NA	NA	NA
chr8	124020985	124021499	515	*	peak_32737	-1.3119862164789	2.36499711585887e-13	Intron (ENST00000522917.5/654463, intron 16 of 40)	8	123984138	124040782	56645	2	439941	ENST00000518567.1	19283	ENSG00000181171	FER1L6-AS1	FER1L6 antisense RNA 1	NA	NA	NA
chr10	112356464	112357086	623	*	peak_5101	-1.16341133651416	2.38209859523771e-13	Promoter (<=1kb)	10	112308181	112356574	48394	2	390003	ENST00000479705.5	0	ENSG00000243316	GUCY2GP	guanylate cyclase 2G, pseudogene	NA	NA	NA
chr2	29577572	29578256	685	*	peak_18715	-1.38553831401186	2.41247251875443e-13	Intron (ENST00000389048.8/238, intron 3 of 28)	2	29474734	29475470	737	2	105374389	ENST00000719273.1	-102102	ENSG00000293829	LOC105374389	uncharacterized LOC105374389	NA	NA	NA
chr5	108720422	108720838	417	*	peak_28392	-1.42793884869594	2.43275821382907e-13	Exon (ENST00000837376.1/107986440, exon 4 of 6)	5	108725707	108728744	3038	2	100652853	ENST00000606054.3	7906	NA	LINC01023	long intergenic non-protein coding RNA 1023	NA	NA	NA
chr5	151879852	151880094	243	*	peak_29044	-1.87133159483454	2.43690231513215e-13	Intron (ENST00000274576.9/2741, intron 3 of 8)	5	151849691	151924832	75142	2	2741	ENST00000471351.2	44738	ENSG00000145888	GLRA1	glycine receptor alpha 1	NA	NA	NA
chr13	19052149	19052587	439	*	peak_8990	-1.40153935484599	2.48101266343386e-13	Intron (ENST00000444553.6/ENST00000444553.6, intron 3 of 19)	13	19074034	19089449	15416	2	107984132	ENST00000813112.1	36862	ENSG00000287861	LOC107984132	uncharacterized LOC107984132	NA	NA	NA
chr14	54328012	54328468	457	*	peak_9461	-1.11296176949334	2.49692374367992e-13	Intron (ENST00000770018.1/ENST00000770018.1, intron 3 of 3)	14	54396849	54417951	21103	1	1033	ENST00000555837.5	-68381	ENSG00000100526	CDKN3	cyclin dependent kinase inhibitor 3	NA	NA	NA
chr18	1775657	1775972	316	*	peak_16030	-1.38915425154899	2.55860634837592e-13	Intron (ENST00000746526.1/ENST00000746526.1, intron 3 of 4)	18	1780187	1830043	49857	1	105371959	ENST00000670283.1	-4215	NA	LOC105371959	uncharacterized LOC105371959	NA	NA	NA
chr4	23930734	23931305	572	*	peak_27553	-1.01514676221288	2.63158239310687e-13	Distal Intergenic	4	23884499	23904089	19591	2	10891	ENST00000514494.1	-26645	ENSG00000109819	PPARGC1A	PPARG coactivator 1 alpha	NA	NA	NA
chr7	47793096	47793395	300	*	peak_31222	-1.77941657099064	2.66442553463262e-13	Promoter (1-2kb)	7	47795291	47819830	24540	1	80099	ENST00000623971.3	-1896	ENSG00000136275	PKD1L1-AS1	PKD1L1 antisense RNA 1	NA	NA	NA
chr15	59949737	59950098	362	*	peak_10509	-1.47329990556919	2.71999150050676e-13	Distal Intergenic	15	60004234	60061730	57497	1	27023	ENST00000560857.1	-54136	ENSG00000171956	FOXB1	forkhead box B1	NA	NA	NA
chr12	120427	120988	562	*	peak_7449	-1.0017182089105	2.72890309612651e-13	Intron (ENST00000538872.6/440073, intron 2 of 13)	12	106509	111964	5456	2	105369593	ENST00000540226.2	-8463	NA	IQSEC3-AS2	IQSEC3 antisense RNA 2	NA	NA	NA
chr4	128254420	128254847	428	*	peak_27818	-1.4650358843739	2.74417243855668e-13	Distal Intergenic	4	128269256	128273061	3806	2	10424	ENST00000394276.3	18214	ENSG00000164040	PGRMC2	progesterone receptor membrane component 2	NA	NA	NA
chr12	68291471	68291879	409	*	peak_8266	-1.27378866614043	2.80165674468642e-13	Intron (ENST00000796708.1/ENST00000796708.1, intron 1 of 1)	12	68294815	68302872	8058	2	56890	ENST00000539972.5	10993	ENSG00000111554	MDM1	Mdm1 nuclear protein	NA	NA	NA
chr1	119572588	119572826	239	*	peak_2440	-1.76084972040308	2.82278101354641e-13	Intron (ENST00000632456.2/105378935, intron 1 of 6)	1	119434166	119587451	153286	2	105378935	ENST00000632456.2	14625	NA	LOC105378935	uncharacterized LOC105378935	NA	NA	NA
chr20	20352051	20352395	345	*	peak_21253	-1.66676949236326	2.87498328110351e-13	Intron (ENST00000245957.10/26074, intron 26 of 26)	20	20368104	20370949	2846	1	3642	ENST00000310227.3	-15709	ENSG00000173404	INSM1	INSM transcriptional repressor 1	NA	NA	NA
chr2	171334135	171334497	363	*	peak_20237	-1.33551677929023	2.88162712445239e-13	Promoter (1-2kb)	2	171323788	171332795	9008	2	79828	ENST00000483284.5	-1340	ENSG00000123600	METTL8	methyltransferase 8, tRNA N3-cytidine	NA	NA	NA
chr13	64062295	64063005	711	*	peak_9120	-1.44647981748097	2.94492797766861e-13	Intron (ENST00000650541.1/144766, intron 1 of 6)	13	63986371	64076011	89641	2	144766	ENST00000456627.1	13006	ENSG00000227674	LINC00355	long intergenic non-protein coding RNA 355	NA	NA	NA
chr13	40251224	40251575	352	*	peak_9072	-1.57300600684912	2.95906172364548e-13	Intron (ENST00000615947.1/124903162, intron 1 of 3)	13	40079106	40273509	194404	2	124903162	ENST00000615947.1	21934	NA	LOC124903162	uncharacterized LOC124903162	NA	NA	NA
chr4	54546014	54546458	445	*	peak_27648	-1.05190529811381	3.01261675706622e-13	Distal Intergenic	4	54603211	54607131	3921	2	339978	ENST00000508484.1	60673	ENSG00000250456	LINC02260	long intergenic non-protein coding RNA 2260	NA	NA	NA
chr8	629042	630131	1090	*	peak_31907	-1.33691860367557	3.07073452282675e-13	Intron (ENST00000522706.5/157697, intron 3 of 3)	8	616526	640632	24107	2	157697	ENST00000519909.1	10501	ENSG00000104714	ERICH1	glutamate rich 1	NA	NA	NA
chr10	19695715	19696206	492	*	peak_3557	-1.20688633642278	3.14873297532647e-13	Intron (ENST00000454679.7/340895, intron 38 of 39)	10	19692310	19790401	98092	1	340895	ENST00000480707.1	3405	ENSG00000204740	MALRD1	MAM and LDL receptor class A domain containing 1	NA	NA	NA
chrX	47311765	47312633	869	*	peak_35176	-1.2324232683745	3.16663672035339e-13	Distal Intergenic	23	47370578	47414498	43921	1	7712	ENST00000377073.4	-57945	ENSG00000147117	ZNF157	zinc finger protein 157	NA	NA	NA
chr2	22545819	22546562	744	*	peak_18460	-1.28364742473355	3.24646037785269e-13	Promoter (1-2kb)	2	22530070	22544742	14673	2	105374322	ENST00000833274.1	-1077	ENSG00000228999	LINC01830	long intergenic non-protein coding RNA 1830	NA	NA	NA
chr5	75601717	75602378	662	*	peak_28349	-1.41688916779956	3.24848218072405e-13	3' UTR	5	75597417	75597988	572	1	51426	ENST00000502567.1	4300	ENSG00000122008	POLK	DNA polymerase kappa	NA	NA	NA
chr6	35939413	35939711	299	*	peak_29711	-1.54526544474566	3.29321327424231e-13	Intron (ENST00000806303.1/105375035, intron 1 of 2)	6	35886726	35921342	34617	2	6732	ENST00000508473.5	-18071	ENSG00000096063	SRPK1	SRSF protein kinase 1	NA	NA	NA
chr21	31561762	31562093	332	*	peak_22630	-1.07605244725176	3.41508014647239e-13	Promoter (1-2kb)	21	31212631	31559977	347347	2	7074	ENST00000469412.5	-1785	ENSG00000156299	TIAM1	TIAM Rac1 associated GEF 1	NA	NA	NA
chr3	16796656	16797101	446	*	peak_25288	-1.45108922155312	3.51418475744624e-13	Distal Intergenic	3	16802651	17011084	208434	1	23228	ENST00000460467.1	-5550	ENSG00000154822	PLCL2	phospholipase C like 2	NA	NA	NA
chr21	15498539	15498767	229	*	peak_22591	-1.69938688992985	3.5257150835032e-13	Intron (ENST00000634644.1/101927745, intron 4 of 11)	21	15370501	15494632	124132	2	101927745	ENST00000828175.1	-3907	ENSG00000229425	LOC101927745	uncharacterized LOC101927745	NA	NA	NA
chr2	107303957	107304371	415	*	peak_19538	-1.20142414060281	3.67992334321048e-13	Intron (ENST00000443123.1/105373536, intron 1 of 3)	2	107266153	107365543	99391	2	105373536	ENST00000455614.1	61172	NA	LINC01789	long intergenic non-protein coding RNA 1789	NA	NA	NA
chr10	58618004	58618628	625	*	peak_4050	-1.15371999568985	3.80143633143083e-13	Intron (ENST00000373886.8/80114, intron 1 of 20)	10	58620849	58650867	30019	1	80114	ENST00000476684.1	-2221	ENSG00000122870	BICC1	BicC family RNA binding protein 1	NA	NA	NA
chr15	57862852	57863472	621	*	peak_10485	-1.15003718702222	3.87055409354214e-13	Distal Intergenic	15	57953429	57964791	11363	2	8854	ENST00000560312.5	101319	ENSG00000128918	ALDH1A2	aldehyde dehydrogenase 1 family member A2	NA	NA	NA
chr4	56629432	56629968	537	*	peak_27664	-1.73472010458032	3.90225638181969e-13	Distal Intergenic	4	56655468	56663073	7606	1	124900708	ENST00000848636.1	-25500	NA	LOC124900708	uncharacterized LOC124900708	NA	NA	NA
chr10	73217637	73217996	360	*	peak_4421	-1.51602385359285	3.95444205485003e-13	Intron (ENST00000242505.11/317662, intron 7 of 13)	10	73210267	73235452	25186	1	317662	ENST00000475829.5	7370	ENSG00000138286	FAM149B1	family with sequence similarity 149 member B1	NA	NA	NA
chr13	79296038	79296583	546	*	peak_9130	-1.47228666411683	4.21130428172573e-13	Distal Intergenic	13	79311824	79341212	29389	2	64062	ENST00000449987.6	44629	ENSG00000139746	RBM26	RNA binding motif protein 26	NA	NA	NA
chr6	103536806	103537360	555	*	peak_30062	-1.26847118584518	4.27069385415084e-13	Promoter (1-2kb)	6	103535021	103540829	5809	1	105377916	ENST00000772227.1	1785	ENSG00000300482	LOC105377916	uncharacterized LOC105377916	NA	NA	NA
chr4	47287685	47288019	335	*	peak_27623	-1.2344195619235	4.33260777923372e-13	Intron (ENST00000295454.8/2560, intron 4 of 8)	4	47463153	47470477	7325	1	107986277	ENST00000634405.2	-175134	ENSG00000282904	LOC107986277	uncharacterized LOC107986277	NA	NA	NA
chr20	52492028	52492464	437	*	peak_22027	-1.50445687361808	4.48646226711365e-13	Promoter (1-2kb)	20	52490939	52610544	119606	1	105372666	ENST00000765422.1	1089	NA	LOC105372666	uncharacterized LOC105372666	NA	NA	NA
chr3	133242481	133242872	392	*	peak_26704	-1.36243156317818	4.54280524504542e-13	Intron (ENST00000321871.11/66000, intron 3 of 5)	3	133246106	133257048	10943	2	101927455	ENST00000504993.5	14176	NA	TMEM108-AS1	TMEM108 antisense RNA 1	NA	NA	NA
chr3	106005987	106006362	376	*	peak_26218	-1.56639934923749	4.57777326484622e-13	Distal Intergenic	3	105998475	106003830	5356	1	124909403	ENST00000842921.1	7512	NA	LOC124909403	uncharacterized LOC124909403	NA	NA	NA
chr4	87857742	87858130	389	*	peak_27745	-1.2750536465878	4.58137973734347e-13	Intron (ENST00000829021.1/ENST00000829021.1, intron 3 of 4)	4	87832977	87845240	12264	1	56955	ENST00000511670.5	24765	ENSG00000152595	MEPE	matrix extracellular phosphoglycoprotein	NA	NA	NA
chr8	130766795	130767403	609	*	peak_32853	-1.13303516932104	4.58777774704368e-13	Distal Intergenic	8	130850108	130907098	56991	1	105375762	ENST00000789998.1	-82705	NA	LOC105375762	uncharacterized LOC105375762	NA	NA	NA
chr8	122610526	122611088	563	*	peak_32700	-1.10341300212495	4.67227705475455e-13	Intron (ENST00000664854.1/104266958, intron 3 of 3)	8	122485195	122571581	86387	2	107986972	ENST00000718400.1	-38945	NA	LOC107986972	uncharacterized LOC107986972	NA	NA	NA
chr2	55757339	55757617	279	*	peak_18973	-1.53587072315632	4.67863755361924e-13	Distal Intergenic	2	55679682	55693863	14182	2	87178	ENST00000429805.1	-63476	ENSG00000138035	PNPT1	polyribonucleotide nucleotidyltransferase 1	NA	NA	NA
chr5	152571445	152571676	232	*	peak_29047	-1.67752045502411	4.70867358628218e-13	Intron (ENST00000663460.1/124901117, intron 2 of 3)	5	152619027	152684710	65684	2	101927134	ENST00000659362.1	113034	ENSG00000249484	LINC01470	long intergenic non-protein coding RNA 1470	NA	NA	NA
chr10	109060931	109061711	781	*	peak_5064	-1.01554627049748	4.72003411135739e-13	Distal Intergenic	10	108710518	108839363	128846	1	105378478	ENST00000421481.1	350413	ENSG00000223381	LINC02661	long intergenic non-protein coding RNA 2661	NA	NA	NA
chr1	45721311	45721605	295	*	peak_1784	-1.15454055328573	4.75461049103592e-13	Intron (ENST00000359942.8/3652, intron 5 of 9)	1	45697059	45714252	17194	2	3652	ENST00000495072.1	-7059	ENSG00000197429	IPP	intracisternal A particle-promoted polypeptide	NA	NA	NA
chr3	135487295	135487730	436	*	peak_26767	-1.42510106316172	4.80042641024088e-13	Distal Intergenic	3	135377924	135439888	61965	2	105374122	ENST00000473001.2	-47407	NA	LOC105374122	uncharacterized LOC105374122	NA	NA	NA
chr8	132210032	132210581	550	*	peak_32873	-1.21112504435648	4.80042641024088e-13	Intron (ENST00000388996.10/3786, intron 1 of 14)	8	132063785	132111159	47375	2	10086	ENST00000673615.1	-98873	ENSG00000132297	HHLA1	HHLA1 neighbor of OC90	NA	NA	NA
chr17	45091981	45092372	392	*	peak_14415	-1.26875031004127	4.83987210421739e-13	Promoter (1-2kb)	17	45093631	45099436	5806	1	4836	ENST00000588455.5	-1259	ENSG00000136448	NMT1	N-myristoyltransferase 1	NA	NA	NA
chr7	105831879	105832100	222	*	peak_31713	-1.62424340168059	4.85237338244284e-13	Intron (ENST00000419735.8/222255, intron 2 of 11)	7	105760554	105876477	115924	2	222255	ENST00000478915.1	44377	ENSG00000146776	ATXN7L1	ataxin 7 like 1	NA	NA	NA
chr2	15645977	15646385	409	*	peak_18313	-1.13621230365043	4.98679446514221e-13	Distal Intergenic	2	15690780	15785756	94977	1	124905976	ENST00000770647.1	-44395	ENSG00000231031	LOC124905976	uncharacterized LOC124905976	NA	NA	NA
chr17	55152324	55152733	410	*	peak_14758	-1.37975038957094	5.01518108252121e-13	Intron (ENST00000376352.6/252983, intron 17 of 17)	17	55264960	55325187	60228	1	3131	ENST00000226067.10	-112227	ENSG00000108924	HLF	HLF transcription factor, PAR bZIP family member	NA	NA	NA
chr3	96486474	96486941	468	*	peak_26189	-1.07328423860315	5.06200302012592e-13	Intron (ENST00000719269.1/ENST00000719269.1, intron 1 of 1)	3	96359964	96360039	76	1	102465864	ENST00000615894.1	126510	ENSG00000278103	MIR8060	microRNA 8060	NA	NA	NA
chr17	74282694	74283023	330	*	peak_15260	-1.07550096127925	5.09978591243666e-13	Promoter (1-2kb)	17	74281512	74314884	33373	1	64446	ENST00000579490.5	1182	ENSG00000171595	DNAI2	dynein axonemal intermediate chain 2	NA	NA	NA
chr7	104705987	104706420	434	*	peak_31705	-1.32486375819291	5.10343042642288e-13	Intron (ENST00000401970.3/375612, intron 1 of 3)	7	104723372	104908505	185134	1	375612	ENST00000684090.1	-16952	ENSG00000187416	LHFPL3	LHFPL tetraspan subfamily member 3	NA	NA	NA
chr6	157778790	157779139	350	*	peak_30247	-1.14887950152421	5.12046681129305e-13	Intron (ENST00000614703.4/51429, intron 2 of 5)	6	157823161	157944514	121354	1	51429	ENST00000680863.1	-44022	ENSG00000130340	SNX9	sorting nexin 9	NA	NA	NA
chr14	97688042	97688557	516	*	peak_10026	-1.33767912043323	5.14954496599465e-13	Promoter (1-2kb)	14	97632643	97686817	54175	2	100129345	ENST00000730258.1	-1225	ENSG00000197176	LINC02291	long intergenic non-protein coding RNA 2291	NA	NA	NA
chr17	64980303	64980857	555	*	peak_15000	-1.02472826058072	5.14975051423435e-13	Distal Intergenic	17	64968021	64975683	7663	2	201283	ENST00000689168.3	-4620	ENSG00000291140	AMZ2P1	AMZ2 pseudogene 1	NA	NA	NA
chr12	75104000	75104334	335	*	peak_8272	-1.70655806384529	5.16353718369129e-13	Intron (ENST00000548513.5/3747, intron 1 of 4)	12	75051067	75140196	89130	2	3747	ENST00000546456.1	35862	ENSG00000166006	KCNC2	potassium voltage-gated channel subfamily C member 2	NA	NA	NA
chr1	14334436	14335132	697	*	peak_502	-1.02538640116078	5.19382850300685e-13	Intron (ENST00000636203.1/23254, intron 2 of 16)	1	14348947	14351324	2378	2	105376762	ENST00000661309.1	16192	ENSG00000234593	KAZN-AS1	KAZN antisense RNA 1	NA	NA	NA
chr11	18681994	18682313	320	*	peak_5948	-1.41371361743339	5.21168224029861e-13	Distal Intergenic	11	18693122	18701728	8607	1	144110	ENST00000527002.5	-10809	ENSG00000151117	TMEM86A	transmembrane protein 86A	NA	NA	NA
chr15	70424953	70425530	578	*	peak_10806	-1.02137047539897	5.21168224029861e-13	Promoter (1-2kb)	15	70427285	70428588	1304	1	124903519	ENST00000741592.1	-1755	ENSG00000296752	LOC124903519	uncharacterized LOC124903519	NA	NA	NA
chr7	51345966	51346679	714	*	peak_31276	-1.0044620526596	5.27282354777519e-13	Intron (ENST00000756459.1/ENST00000756459.1, intron 1 of 2)	7	51316957	51318617	1661	1	124901633	ENST00000734687.1	29009	NA	LOC124901633	uncharacterized LOC124901633	NA	NA	NA
chr2	2038048	2038562	515	*	peak_18032	-1.61552326705419	5.43596170659864e-13	Intron (ENST00000647755.1/23040, intron 4 of 24)	2	1973304	1979777	6474	2	23040	ENST00000485348.3	-58271	ENSG00000186487	MYT1L	myelin transcription factor 1 like	NA	NA	NA
chr8	120328420	120328769	350	*	peak_32679	-1.12760048923211	5.43607971042074e-13	Intron (ENST00000297848.8/7373, intron 40 of 47)	8	120345446	120371081	25636	1	7373	ENST00000440844.5	-16677	ENSG00000187955	COL14A1	collagen type XIV alpha 1 chain	NA	NA	NA
chr4	58587753	58588311	559	*	peak_27682	-1.20028186806956	5.52791355522186e-13	Exon (ENST00000840613.1/107986228, exon 3 of 4)	4	58565284	58590276	24993	1	107986228	ENST00000840613.1	22469	NA	LOC107986228	uncharacterized LOC107986228	NA	NA	NA
chr3	9223437	9223815	379	*	peak_24974	-1.22772255681267	5.58627975544342e-13	Intron (ENST00000383836.8/9901, intron 1 of 21)	3	9216895	9219508	2614	1	100288831	ENST00000432981.2	6542	ENSG00000227929	SRGAP3-AS3	SRGAP3 antisense RNA 3	NA	NA	NA
chr8	30264837	30265182	346	*	peak_32238	-1.29140194229093	5.62141769363868e-13	Distal Intergenic	8	30229474	30254592	25119	2	124901928	ENST00000774079.1	-10245	ENSG00000300793	LOC124901928	uncharacterized LOC124901928	NA	NA	NA
chr10	49519731	49520067	337	*	peak_4004	-1.34432443881075	5.681669801298e-13	Intron (ENST00000681632.1/2074, intron 5 of 17)	10	49524936	49530737	5802	2	2074	ENST00000479652.1	10670	ENSG00000225830	ERCC6	ERCC excision repair 6, chromatin remodeling factor	NA	NA	NA
chr5	114419851	114420220	370	*	peak_28422	-1.58261254099884	5.76300041541928e-13	Intron (ENST00000512097.10/3781, intron 8 of 12)	5	114433530	114496500	62971	1	3781	ENST00000503706.5	-13310	ENSG00000080709	KCNN2	potassium calcium-activated channel subfamily N member 2	NA	NA	NA
chr16	6013403	6013618	216	*	peak_11926	-1.83633374487034	5.83235773415362e-13	Intron (ENST00000569895.3/54715, intron 4 of 6)	16	6019024	7713340	1694317	1	54715	ENST00000550418.6	-5406	ENSG00000078328	RBFOX1	RNA binding fox-1 homolog 1	NA	NA	NA
chr2	59114396	59114793	398	*	peak_18980	-1.44963126150281	5.85290727329654e-13	Intron (ENST00000422723.6/400955, intron 9 of 10)	2	59067054	59277680	210627	1	101927285	ENST00000821296.1	47342	ENSG00000233723	LINC01793	long intergenic non-protein coding RNA 1793	NA	NA	NA
chr18	73893825	73894284	460	*	peak_16459	-1.42350422313689	5.91133307531876e-13	Distal Intergenic	18	73947809	74014989	67181	1	124904358	ENST00000753825.1	-53525	ENSG00000287314	LOC124904358	uncharacterized LOC124904358	NA	NA	NA
chr16	26926584	26927319	736	*	peak_12262	-1.18670344719424	5.95719364700967e-13	Distal Intergenic	16	27041094	27048450	7357	2	105371153	ENST00000728872.1	121131	NA	LOC105371153	uncharacterized LOC105371153	NA	NA	NA
chr18	45793120	45793663	544	*	peak_16356	-1.2213472591322	5.98970137481467e-13	Distal Intergenic	18	45731328	45782840	51513	2	105372093	ENST00000586213.2	-10280	NA	LOC105372093	uncharacterized LOC105372093	NA	NA	NA
chr1	88600050	88600463	414	*	peak_2148	-1.25162652069144	5.99614469420213e-13	Intron (ENST00000716092.1/101927891, intron 1 of 4)	1	88615283	88629645	14363	1	105378838	ENST00000760117.1	-14820	NA	LOC105378838	uncharacterized LOC105378838	NA	NA	NA
chr10	62456756	62457387	632	*	peak_4061	-1.27726582148366	6.09338358067437e-13	Intron (ENST00000395255.7/22891, intron 3 of 4)	10	62520448	62672011	151564	1	124902436	ENST00000395251.5	-63061	ENSG00000285551	LOC124902436	talanin	NA	NA	NA
chr17	33854307	33855094	788	*	peak_14075	-1.12064571964645	6.34965014332779e-13	Intron (ENST00000359872.6/40, intron 1 of 9)	17	33827757	33932685	104929	2	124903983	ENST00000637947.1	77591	NA	LOC124903983	uncharacterized LOC124903983	NA	NA	NA
chr16	51982810	51983681	872	*	peak_12546	-1.13517446892285	6.46632875149323e-13	Intron (ENST00000736031.1/105371259, intron 1 of 1)	16	51957291	51994598	37308	2	105371259	ENST00000736031.1	10917	NA	LOC105371259	uncharacterized LOC105371259	NA	NA	NA
chr3	41349078	41349502	425	*	peak_25435	-1.28826894123419	6.57017632912102e-13	Intron (ENST00000301831.9/54986, intron 35 of 36)	3	41246599	41278151	31553	2	54986	ENST00000489118.1	-70927	ENSG00000168038	ULK4	unc-51 like kinase 4	NA	NA	NA
chr3	108022316	108022869	554	*	peak_26222	-1.22875226107816	6.68704348026784e-13	Distal Intergenic	3	108033831	108035892	2062	2	124906265	ENST00000849538.1	13023	NA	LOC124906265	uncharacterized LOC124906265	NA	NA	NA
chr1	160795752	160796336	585	*	peak_2722	-1.00384247152691	6.78154938669808e-13	Promoter (<=1kb)	1	160796074	160828483	32410	1	4063	ENST00000368037.10	0	ENSG00000122224	LY9	lymphocyte antigen 9	NA	NA	NA
chr18	58777547	58778164	618	*	peak_16426	-1.26683097410986	6.82894135348823e-13	Intron (ENST00000805370.1/105372146, intron 1 of 2)	18	58694672	58780220	85549	2	105372146	ENST00000805372.1	2056	ENSG00000267476	LOC105372146	uncharacterized LOC105372146	NA	NA	NA
chr16	19005594	19006178	585	*	peak_12154	-1.12657774281041	6.96855211749667e-13	Intron (ENST00000569532.5/79905, intron 1 of 14)	16	18984287	19063942	79656	1	79905	ENST00000421369.3	21307	ENSG00000170537	TMC7	transmembrane channel like 7	NA	NA	NA
chr17	64106420	64106714	295	*	peak_14971	-1.55692010031093	6.97348243125259e-13	Intron (ENST00000680433.1/2081, intron 1 of 19)	17	64093493	64130059	36567	2	2081	ENST00000680493.1	23345	ENSG00000178607	ERN1	endoplasmic reticulum to nucleus signaling 1	NA	NA	NA
chr12	26864490	26864890	401	*	peak_7871	-1.15784314216119	7.11525581927901e-13	Distal Intergenic	12	26335352	26833194	497843	2	3709	ENST00000381340.8	-31296	ENSG00000123104	ITPR2	inositol 1,4,5-trisphosphate receptor type 2	NA	NA	NA
chr3	31423506	31424025	520	*	peak_25320	-1.02723073298636	7.32357400089938e-13	Distal Intergenic	3	31532638	31620274	87637	1	201595	ENST00000453168.5	-108613	ENSG00000163527	STT3B	STT3 oligosaccharyltransferase complex catalytic subunit B	NA	NA	NA
chr6	134816622	134817170	549	*	peak_30133	-1.30173720334053	7.41914862734042e-13	Intron (ENST00000836833.1/101928277, intron 1 of 2)	6	134711957	134904745	192789	2	101928277	ENST00000836833.1	87575	NA	LOC101928277	uncharacterized LOC101928277	NA	NA	NA
chr14	50911106	50911419	314	*	peak_9444	-1.37321958586321	7.51108044676486e-13	Promoter (<=1kb)	14	50908142	50911871	3730	2	5836	ENST00000532107.2	452	ENSG00000100504	PYGL	glycogen phosphorylase L	NA	NA	NA
chr1	109309718	109310123	406	*	peak_2222	-1.23820456368099	7.60189873142048e-13	3' UTR	1	109292365	109307011	14647	2	343263	ENST00000357155.2	-2707	ENSG00000221986	MYBPHL	myosin binding protein H like	NA	NA	NA
chr7	4028188	4028613	426	*	peak_30762	-1.35785084698011	7.66525548722175e-13	Intron (ENST00000404826.7/221935, intron 17 of 44)	7	3971466	3974758	3293	1	221935	ENST00000484011.1	56722	ENSG00000146555	SDK1	sidekick cell adhesion molecule 1	NA	NA	NA
chr10	103132928	103133260	333	*	peak_4999	-1.42276594969762	7.66738656201427e-13	Intron (ENST00000675164.1/22978, intron 4 of 19)	10	103099926	103140192	40267	2	22978	ENST00000487810.5	6932	ENSG00000076685	NT5C2	5'-nucleotidase, cytosolic II	NA	NA	NA
chr11	70912151	70912736	586	*	peak_6864	-1.16453049171457	7.68616559219002e-13	Intron (ENST00000601538.6/22941, intron 10 of 25)	11	70820364	70896567	76204	2	22941	ENST00000645599.1	-15584	ENSG00000162105	SHANK2	SH3 and multiple ankyrin repeat domains 2	NA	NA	NA
chr14	23141797	23142267	471	*	peak_9367	-1.34765331265648	7.72135256437734e-13	Intron (ENST00000339733.9/23428, intron 2 of 6)	14	23129598	23138211	8614	2	23428	ENST00000528186.1	-3586	ENSG00000092068	SLC7A8	solute carrier family 7 member 8	NA	NA	NA
chr18	46371007	46371549	543	*	peak_16363	-1.13561173001565	7.7581524958598e-13	Intron (ENST00000593230.5/494470, intron 1 of 4)	18	46388103	46389516	1414	2	105372095	ENST00000765905.1	17967	ENSG00000299730	LOC105372095	uncharacterized LOC105372095	NA	NA	NA
chr10	126739048	126739414	367	*	peak_5373	-1.4982642362023	7.8926740098682e-13	Intron (ENST00000657225.1/118611, intron 1 of 2)	10	126779702	126779774	73	2	124900294	ENST00000362451.1	40360	ENSG00000199321	LOC124900294	small nucleolar RNA SNORD60	NA	NA	NA
chr2	31204592	31204984	393	*	peak_18756	-1.15084199507836	7.89593087148792e-13	Intron (ENST00000403897.4/440854, intron 2 of 21)	2	31173056	31217515	44460	2	440854	ENST00000403897.4	12531	ENSG00000214711	CAPN14	calpain 14	NA	NA	NA
chr7	96326814	96327135	322	*	peak_31585	-1.61913877851871	7.92540353785814e-13	Distal Intergenic	7	96120221	96322147	201927	2	10165	ENST00000416240.6	-4667	ENSG00000004864	SLC25A13	solute carrier family 25 member 13	NA	NA	NA
chr4	77501866	77502164	299	*	peak_27715	-1.33791190728203	7.96177064256852e-13	Distal Intergenic	4	77394491	77494286	99796	2	105377295	ENST00000513871.1	-7580	NA	LOC105377295	uncharacterized LOC105377295	NA	NA	NA
chr6	44391491	44391876	386	*	peak_29981	-1.44450599085272	8.05888695035313e-13	Intron (ENST00000371477.4/988, intron 2 of 15)	6	44384562	44388100	3539	2	124901323	ENST00000737682.1	-3391	NA	LOC124901323	uncharacterized LOC124901323	NA	NA	NA
chr8	105069859	105070192	334	*	peak_32624	-1.23066363929206	8.12113554022518e-13	Intron (ENST00000518180.1/23414, intron 3 of 4)	8	105142860	105188606	45747	2	101927392	ENST00000518927.1	118414	ENSG00000254041	LINC03084	long intergenic non-protein coding RNA 3084	NA	NA	NA
chr1	201173168	201173612	445	*	peak_2947	-1.12069454463809	8.12628339835762e-13	Promoter (1-2kb)	1	201134772	201171574	36803	2	252839	ENST00000367333.6	-1594	ENSG00000116857	TMEM9	transmembrane protein 9	NA	NA	NA
chr2	34162099	34162561	463	*	peak_18776	-1.20901519835878	8.14705847274748e-13	Intron (ENST00000366209.6/104355287, intron 4 of 5)	2	34189813	34722833	533021	1	104355288	ENST00000650021.1	-27252	ENSG00000228262	LINC01320	long intergenic non-protein coding RNA 1320	NA	NA	NA
chr8	114270584	114270955	372	*	peak_32647	-1.51682669702891	8.23356265118447e-13	Exon (ENST00000777001.1/ENST00000777001.1, exon 3 of 5)	8	114302731	114311337	8607	2	105375710	ENST00000776830.1	40382	NA	LOC105375710	uncharacterized LOC105375710	NA	NA	NA
chr3	101154490	101154909	420	*	peak_26204	-1.51196117637224	8.29625404909848e-13	Distal Intergenic	3	100749335	100993515	244181	2	25890	ENST00000284322.10	-160975	ENSG00000154175	ABI3BP	ABI family member 3 binding protein	NA	NA	NA
chr2	110782880	110783250	371	*	peak_19604	-1.29111825904427	8.30076414564725e-13	Intron (ENST00000676595.2/55289, intron 2 of 18)	2	110794069	110796181	2113	1	55289	ENST00000461340.1	-10819	ENSG00000153093	ACOXL	acyl-CoA oxidase like	NA	NA	NA
chr6	2269272	2269721	450	*	peak_29338	-1.30103136122322	8.38196488729059e-13	Exon (ENST00000774065.1/100508120, exon 4 of 4)	6	2248896	2413529	164634	1	100508120	ENST00000654970.1	20376	ENSG00000250903	GMDS-DT	GMDS divergent transcript	NA	NA	NA
chr20	23564357	23564670	314	*	peak_21305	-1.17380841629241	8.40426718104646e-13	Distal Intergenic	20	23564732	23568484	3753	2	128821	ENST00000376979.4	3814	ENSG00000101435	CST9L	cystatin 9 like	NA	NA	NA
chr7	30550009	30550369	361	*	peak_30912	-1.29866735603232	8.5308414738594e-13	Promoter (<=1kb)	7	30497077	30550761	53685	2	79017	ENST00000598361.4	392	ENSG00000006625	GGCT	gamma-glutamylcyclotransferase	NA	NA	NA
chr1	165564503	165564939	437	*	peak_2756	-1.32799055060283	8.65161190088666e-13	Intron (ENST00000665666.1/400794, intron 2 of 4)	1	165476844	165581600	104757	2	400794	ENST00000755460.1	16661	ENSG00000237463	LRRC52-AS1	LRRC52 antisense RNA 1	NA	NA	NA
chr11	96212440	96212827	388	*	peak_7156	-1.52883528513658	8.73109738894413e-13	Intron (ENST00000524717.6/84441, intron 1 of 4)	11	96341438	96341526	89	1	100422991	ENST00000582890.3	-128611	ENSG00000266192	MIR1260B	microRNA 1260b	NA	NA	NA
chr1	55042762	55043266	505	*	peak_2055	-1.36096909853622	8.75882630485006e-13	Promoter (<=1kb)	1	55043966	55047332	3367	1	255738	ENST00000673662.1	-700	ENSG00000169174	PCSK9	proprotein convertase subtilisin/kexin type 9	NA	NA	NA
chr4	58948837	58949079	243	*	peak_27683	-1.46701201506901	8.7712984547829e-13	Intron (ENST00000513551.1/105377672, intron 2 of 4)	4	58860511	58977097	116587	2	105377246	ENST00000503232.1	28018	NA	LOC105377246	uncharacterized LOC105377246	NA	NA	NA
chr2	201854227	201854840	614	*	peak_20310	-1.01023732146509	8.7822785345874e-13	Promoter (<=1kb)	2	201854760	201893360	38601	1	65061	ENST00000460149.5	0	ENSG00000138395	CDK15	cyclin dependent kinase 15	NA	NA	NA
chr9	86485115	86485645	531	*	peak_34171	-1.12990735786664	8.82421767248262e-13	Intron (ENST00000739672.1/102724080, intron 2 of 2)	9	86435075	86435696	622	1	102724080	ENST00000739686.1	50040	NA	LOC102724080	uncharacterized LOC102724080	NA	NA	NA
chr2	33431703	33432154	452	*	peak_18772	-1.09365886498828	8.87684642951069e-13	Distal Intergenic	2	33436324	33566349	130026	1	25780	ENST00000402538.8	-4170	ENSG00000152689	RASGRP3	RAS guanyl releasing protein 3	NA	NA	NA
chr7	39688742	39689319	578	*	peak_31023	-1.01030293165391	8.88556643186567e-13	Intron (ENST00000468201.1/5898, intron 1 of 2)	7	39686687	39706308	19622	1	5898	ENST00000434466.1	2055	ENSG00000006451	RALA	RAS like proto-oncogene A	NA	NA	NA
chr7	33979786	33980305	520	*	peak_30983	-1.14299258048156	8.88628950086993e-13	Intron (ENST00000436222.6/168667, intron 5 of 5)	7	33977087	34154489	177403	1	168667	ENST00000648320.1	2699	ENSG00000164619	BMPER	BMP binding endothelial regulator	NA	NA	NA
chr1	238958416	238958866	451	*	peak_3454	-1.5222660213748	8.97610509421238e-13	Distal Intergenic	1	238842767	238848115	5349	1	105373222	ENST00000660627.1	115649	NA	LOC105373222	uncharacterized LOC105373222	NA	NA	NA
chr15	26554517	26554936	420	*	peak_10236	-1.37782635032499	9.04474621839475e-13	Intron (ENST00000311550.10/2562, intron 8 of 8)	15	26548059	26550114	2056	2	2562	ENST00000637293.1	-4403	ENSG00000166206	GABRB3	gamma-aminobutyric acid type A receptor subunit beta3	NA	NA	NA
chr1	175690242	175690685	444	*	peak_2810	-1.02605286969551	9.10008857353219e-13	Intron (ENST00000367674.7/7143, intron 1 of 22)	1	175315194	175743595	428402	2	7143	ENST00000367674.7	52910	ENSG00000116147	TNR	tenascin R	NA	NA	NA
chr15	27848614	27849382	769	*	peak_10260	-1.09730914186865	9.20665015704267e-13	Intron (ENST00000353809.9/4948, intron 21 of 22)	15	28018412	28099293	80882	2	4948	ENST00000431101.1	249911	ENSG00000104044	OCA2	OCA2 melanosomal transmembrane protein	NA	NA	NA
chr3	14701321	14701898	578	*	peak_25256	-1.12306230555904	9.26863406497121e-13	Intron (ENST00000435614.5/84077, intron 5 of 16)	3	14704355	14722239	17885	1	84077	ENST00000495387.1	-2457	ENSG00000131379	C3orf20	chromosome 3 open reading frame 20	NA	NA	NA
chr17	59242596	59243004	409	*	peak_14870	-1.19746728796821	9.43549811578449e-13	Intron (ENST00000578026.5/284161, intron 2 of 8)	17	59220682	59249228	28547	1	284161	ENST00000583543.1	21914	ENSG00000153982	GDPD1	glycerophosphodiester phosphodiesterase domain containing 1	NA	NA	NA
chr11	34549102	34549635	534	*	peak_6014	-1.08490470561742	9.4864233314583e-13	Intron (ENST00000527984.1/ENST00000527984.1, intron 1 of 2)	11	34570876	34573982	3107	1	105376623	ENST00000527135.1	-21241	NA	LINC02707	long intergenic non-protein coding RNA 2707	NA	NA	NA
chr8	61500169	61500407	239	*	peak_32455	-1.66508173089413	9.73088896225834e-13	3' UTR	8	61517013	61526086	9074	2	444	ENST00000521909.1	25679	ENSG00000198363	ASPH	aspartate beta-hydroxylase	NA	NA	NA
chr12	103240195	103240599	405	*	peak_8311	-1.32846222874072	1.00017070188219e-12	Intron (ENST00000547347.5/374470, intron 10 of 10)	12	103262267	103267892	5626	2	374470	ENST00000547470.5	27293	ENSG00000179088	C12orf42	chromosome 12 open reading frame 42	NA	NA	NA
chr14	50521097	50521757	661	*	peak_9442	-1.4752130840662	1.04264714601414e-12	Intron (ENST00000682126.1/11183, intron 2 of 32)	14	50464078	50532087	68010	2	11183	ENST00000554091.5	10330	ENSG00000012983	MAP4K5	mitogen-activated protein kinase kinase kinase kinase 5	NA	NA	NA
chr22	32130252	32130901	650	*	peak_23860	-1.24207933151881	1.05778991248386e-12	Exon (ENST00000423412.1/ENST00000423412.1, exon 2 of 2)	22	32121977	32133469	11493	1	23782	ENST00000432373.1	8275	ENSG00000290475	AP1B1P1	AP1B1 pseudogene 1	NA	NA	NA
chr11	58688851	58689368	518	*	peak_6215	-1.24985121306402	1.06975163322191e-12	Exon (ENST00000526692.2/ENST00000526692.2, exon 3 of 4)	11	58640426	58712849	72424	2	10249	ENST00000586098.1	23481	ENSG00000149124	GLYAT	glycine-N-acyltransferase	NA	NA	NA
chr8	133598515	133599204	690	*	peak_32957	-1.12806000849297	1.09824126940088e-12	Distal Intergenic	8	133572138	133573861	1724	1	119545630	ENST00000561761.4	26377	NA	ST3GAL1-DT	ST3GAL1 divergent transcript	NA	NA	NA
chr18	10893814	10894269	456	*	peak_16172	-1.21627173632791	1.11676897164882e-12	Intron (ENST00000579321.5/ENST00000579321.5, intron 1 of 1)	18	10857065	10890692	33628	2	63895	ENST00000579899.1	-3122	ENSG00000154864	PIEZO2	piezo type mechanosensitive ion channel component 2	NA	NA	NA
chr18	24836889	24837392	504	*	peak_16311	-1.06023053796314	1.15256026801738e-12	Intron (ENST00000661125.1/105372028, intron 2 of 3)	18	24793159	24802828	9670	1	105372029	ENST00000782092.1	43730	NA	LOC105372029	uncharacterized LOC105372029	NA	NA	NA
chr3	33963450	33963819	370	*	peak_25337	-1.43228930850061	1.1715798895978e-12	Intron (ENST00000654751.1/101928114, intron 2 of 5)	3	33956972	34387127	430156	1	101928114	ENST00000654751.1	6478	ENSG00000226320	LINC01811	long intergenic non-protein coding RNA 1811	NA	NA	NA
chr2	215888646	215889073	428	*	peak_20351	-1.02565192164835	1.18326660464424e-12	Intron (ENST00000767572.1/105373870, intron 2 of 3)	2	215620084	215895404	275321	2	646324	ENST00000767127.1	6331	ENSG00000235770	LINC00607	long intergenic non-protein coding RNA 607	NA	NA	NA
chr15	48096416	48097110	695	*	peak_10456	-1.26310143425155	1.19222720476355e-12	Intron (ENST00000730753.1/ENST00000730753.1, intron 1 of 2)	15	48120990	48142672	21683	1	283652	ENST00000341459.8	-23880	ENSG00000188467	SLC24A5	solute carrier family 24 member 5	NA	NA	NA
chr2	208134948	208135389	442	*	peak_20342	-1.13461493497418	1.19545534432004e-12	Intron (ENST00000728539.1/100507443, intron 1 of 2)	2	208128137	208129828	1692	2	1420	ENST00000282141.4	-5120	ENSG00000163254	CRYGC	crystallin gamma C	NA	NA	NA
chr12	116160280	116160731	452	*	peak_8476	-1.02969105031249	1.19707127286633e-12	Intron (ENST00000281928.9/23389, intron 2 of 30)	12	116148560	116148654	95	2	693205	ENST00000385232.1	-11626	ENSG00000207967	MIR620	microRNA 620	NA	NA	NA
chr3	119898938	119899251	314	*	peak_26268	-1.04611560626679	1.21708328747572e-12	Intron (ENST00000264235.13/2932, intron 7 of 10)	3	119826406	119905852	79447	2	2932	ENST00000678013.1	6601	ENSG00000082701	GSK3B	glycogen synthase kinase 3 beta	NA	NA	NA
chr8	118332473	118333081	609	*	peak_32662	-1.04220468775859	1.23893661285441e-12	Intron (ENST00000647600.1/105375724, intron 4 of 4)	8	118340934	118356862	15929	2	401474	ENST00000819252.1	23781	ENSG00000177570	SAMD12	sterile alpha motif domain containing 12	NA	NA	NA
chr21	45735388	45735946	559	*	peak_22932	-1.07176687084701	1.2593238754513e-12	Promoter (<=1kb)	21	45735392	45749899	14508	1	54039	ENST00000593338.1	0	ENSG00000183570	PCBP3	poly(rC) binding protein 3	NA	NA	NA
chr12	13439924	13440266	343	*	peak_7822	-1.37359143995483	1.26341120902313e-12	Intron (ENST00000637214.1/2904, intron 1 of 1)	12	13376229	13387167	10939	2	283422	ENST00000531049.1	-52757	ENSG00000180861	LINC01559	long intergenic non-protein coding RNA 1559	NA	NA	NA
chr20	5767497	5767893	397	*	peak_21168	-1.34363681778656	1.26757204701155e-12	Intron (ENST00000378979.8/149840, intron 1 of 2)	20	5750453	5863304	112852	1	149840	ENST00000442185.1	17044	ENSG00000171984	SHLD1	shieldin complex subunit 1	NA	NA	NA
chr2	28558521	28558981	461	*	peak_18672	-1.13417238729281	1.30884126509532e-12	Intron (ENST00000327757.10/151056, intron 17 of 57)	2	28566443	28578147	11705	1	151056	ENST00000485642.1	-7462	ENSG00000163803	PLB1	phospholipase B1	NA	NA	NA
chr12	53004321	53004898	578	*	peak_8140	-1.10296155084402	1.31541195635708e-12	Promoter (1-2kb)	12	53006282	53021758	15477	1	1975	ENST00000551527.5	-1384	ENSG00000063046	EIF4B	eukaryotic translation initiation factor 4B	NA	NA	NA
chr9	75046883	75047251	369	*	peak_34133	-1.27724348569783	1.32279586381123e-12	Distal Intergenic	9	75016849	75028423	11575	2	138199	ENST00000376830.3	-18460	ENSG00000156017	CARNMT1	carnosine N-methyltransferase 1	NA	NA	NA
chr10	7003796	7004277	482	*	peak_3509	-1.25858493923347	1.39580503420805e-12	Intron (ENST00000715179.1/105376387, intron 2 of 3)	10	6986743	6987729	987	2	105376387	ENST00000829641.1	-16067	ENSG00000287277	LOC105376387	uncharacterized LOC105376387	NA	NA	NA
chr7	45324651	45325042	392	*	peak_31152	-1.18868979674592	1.41956476127867e-12	Exon (ENST00000791568.1/124901624, exon 3 of 3)	7	45306243	45325106	18864	1	124901624	ENST00000791570.1	18408	ENSG00000303071	LOC124901624	uncharacterized LOC124901624	NA	NA	NA
chr20	58835314	58835619	306	*	peak_22159	-1.44687644829618	1.48410279021396e-12	Intron (ENST00000716945.1/149775, intron 2 of 2)	20	58839718	58911192	71475	1	2778	ENST00000313949.11	-4099	ENSG00000087460	GNAS	GNAS complex locus	NA	NA	NA
chr4	102174541	102175148	608	*	peak_27769	-1.02541853894837	1.49889081145135e-12	Distal Intergenic	4	102061416	102074220	12805	1	55024	ENST00000504403.1	113125	ENSG00000153064	BANK1	B cell scaffold protein with ankyrin repeats 1	NA	NA	NA
chr22	26516552	26517006	455	*	peak_23651	-1.42398250619885	1.51838008533242e-12	Downstream (<=300bp)	22	26512535	26516383	3849	1	100507599	ENST00000758994.1	4017	ENSG00000261188	TFIP11-DT	TFIP11 divergent transcript	NA	NA	NA
chr4	164467413	164467784	372	*	peak_27868	-1.22496815873746	1.5519762429862e-12	Distal Intergenic	4	163524718	164384050	859333	2	55016	ENST00000503008.5	-83363	ENSG00000145416	MARCHF1	membrane associated ring-CH-type finger 1	NA	NA	NA
chrX	85116340	85117216	877	*	peak_35291	-1.31792627140229	1.5791016882114e-12	Intron (ENST00000644105.2/340562, intron 2 of 7)	23	85092294	85109048	16755	2	340562	ENST00000509231.1	-7292	ENSG00000184788	SATL1	spermidine/spermine N1-acetyl transferase like 1	NA	NA	NA
chr4	89906760	89907125	366	*	peak_27754	-1.6867341271438	1.59852774723027e-12	Intron (ENST00000394980.5/22915, intron 2 of 8)	4	89901983	89953455	51473	1	22915	ENST00000508372.1	4777	ENSG00000138722	MMRN1	multimerin 1	NA	NA	NA
chr9	86552760	86553342	583	*	peak_34172	-1.82335801287241	1.61682305469595e-12	Exon (ENST00000739810.1/ENST00000739810.1, exon 1 of 2)	9	86590084	86635917	45834	1	105376123	ENST00000739590.1	-36742	NA	LOC105376123	uncharacterized LOC105376123	NA	NA	NA
chr22	33994628	33995218	591	*	peak_23901	-1.43811851295955	1.63067987880328e-12	Distal Intergenic	22	34017402	34035029	17628	1	105373010	ENST00000803098.1	-22184	ENSG00000236052	LINC01643	long intergenic non-protein coding RNA 1643	NA	NA	NA
chr13	109243464	109244020	557	*	peak_9174	-1.10883070538545	1.63901561209308e-12	Exon (ENST00000798329.1/ENST00000798329.1, exon 1 of 2)	13	109265416	109271081	5666	1	127379752	ENST00000798449.1	-21396	NA	LINC03061	long intergenic non-protein coding RNA 3061	NA	NA	NA
chr1	64171195	64171664	470	*	peak_2097	-1.2192009301749	1.68991824767195e-12	Promoter (<=1kb)	1	64104471	64171297	66827	2	101927034	ENST00000424995.2	0	ENSG00000223949	ROR1-AS1	ROR1 antisense RNA 1	NA	NA	NA
chr7	112834591	112834902	312	*	peak_31738	-1.64312518872836	1.69318846954058e-12	Intron (ENST00000656697.1/101928012, intron 4 of 4)	7	112767136	112790423	23288	2	64418	ENST00000447395.5	-44168	ENSG00000146802	TMEM168	transmembrane protein 168	NA	NA	NA
chr16	22945303	22945834	532	*	peak_12221	-1.02022878511621	1.71966076193147e-12	Intron (ENST00000809686.1/ENST00000809686.1, intron 1 of 1)	16	23017723	23024365	6643	1	112268176	ENST00000669554.1	-71889	ENSG00000261090	LOC112268176	uncharacterized LOC112268176	NA	NA	NA
chr14	56289305	56289740	436	*	peak_9485	-1.12380482017929	1.74304914942714e-12	Intron (ENST00000559044.5/57161, intron 4 of 4)	14	56310880	56326208	15329	1	102723699	ENST00000558120.5	-21140	ENSG00000259719	LINC02284	long intergenic non-protein coding RNA 2284	NA	NA	NA
chr3	63239244	63239894	651	*	peak_26116	-1.58000536596373	1.76182170038698e-12	Intron (ENST00000478456.5/132204, intron 1 of 4)	3	63228315	63556696	328382	1	132204	ENST00000478456.5	10929	ENSG00000163630	SYNPR	synaptoporin	NA	NA	NA
chr8	9347607	9348040	434	*	peak_31933	-1.19185650875323	1.78348754487866e-12	Intron (ENST00000523246.2/157273, intron 3 of 5)	8	9354852	9413878	59027	1	105379231	ENST00000758879.1	-6812	NA	LOC105379231	uncharacterized LOC105379231	NA	NA	NA
chr17	58992660	58993192	533	*	peak_14866	-1.06548679565425	1.80744531886611e-12	Exon (ENST00000797456.1/ENST00000797456.1, exon 1 of 2)	17	58982651	59012407	29757	2	4591	ENST00000583945.5	19215	ENSG00000108395	TRIM37	tripartite motif containing 37	NA	NA	NA
chr2	98780091	98780620	530	*	peak_19432	-1.16042325223285	1.86078745325841e-12	Distal Intergenic	2	98768869	98772984	4116	2	101927070	ENST00000662898.4	-7107	ENSG00000226791	LINC02611	long intergenic non-protein coding RNA 2611	NA	NA	NA
chr3	153247966	153248213	248	*	peak_26858	-1.50539053195009	1.90716375500056e-12	Intron (ENST00000757134.1/105374164, intron 5 of 6)	3	153172834	153316484	143651	1	105374164	ENST00000757134.1	75132	NA	LOC105374164	uncharacterized LOC105374164	NA	NA	NA
chr8	42816679	42817413	735	*	peak_32350	-1.0385060546727	1.90766957027498e-12	Distal Intergenic	8	42756629	42796392	39764	2	8973	ENST00000533810.5	-20287	ENSG00000147434	CHRNA6	cholinergic receptor nicotinic alpha 6 subunit	NA	NA	NA
chr1	95406016	95406590	575	*	peak_2190	-1.12020391807321	1.91549569825565e-12	Intron (ENST00000827539.1/107985420, intron 3 of 3)	1	95310928	95381020	70093	2	100996630	ENST00000716982.1	-24996	ENSG00000228504	LINC01760	long intergenic non-protein coding RNA 1760	NA	NA	NA
chr2	65952919	65953550	632	*	peak_19056	-1.1491986466042	1.91906574994662e-12	Intron (ENST00000606978.5/105369168, intron 7 of 9)	2	65962014	66134044	172031	1	105369168	ENST00000737096.1	-8464	NA	LINC02934	long intergenic non-protein coding RNA 2934	NA	NA	NA
chr16	76214958	76215422	465	*	peak_12988	-1.34285736636197	1.9396354547598e-12	Distal Intergenic	16	76235148	76296153	61006	1	85445	ENST00000826518.1	-19726	ENSG00000152910	CNTNAP4	contactin associated protein family member 4	NA	NA	NA
chr3	104207570	104208133	564	*	peak_26212	-1.17968341730031	1.94489279288466e-12	Distal Intergenic	3	104357675	104367170	9496	2	105374020	ENST00000727202.1	159037	NA	LOC105374020	uncharacterized LOC105374020	NA	NA	NA
chr8	132293188	132293977	790	*	peak_32874	-1.02409779896734	1.95296352650454e-12	Intron (ENST00000388996.10/3786, intron 1 of 14)	8	132126541	132321522	194982	2	3786	ENST00000639496.1	27545	ENSG00000184156	KCNQ3	potassium voltage-gated channel subfamily Q member 3	NA	NA	NA
chr12	56903013	56903750	738	*	peak_8207	-1.29607446406813	1.97436688190315e-12	Distal Intergenic	12	56923133	56934408	11276	2	121214	ENST00000293502.2	30658	ENSG00000170426	SDR9C7	short chain dehydrogenase/reductase family 9C member 7	NA	NA	NA
chr7	48074275	48074674	400	*	peak_31228	-1.49961575020148	1.97612323336924e-12	Distal Intergenic	7	48088628	48103407	14780	1	7378	ENST00000416681.5	-13954	ENSG00000183696	UPP1	uridine phosphorylase 1	NA	NA	NA
chr6	32410953	32411517	565	*	peak_29555	-1.24996097126291	1.99474749508481e-12	Distal Intergenic	6	32405037	32407181	2145	2	56244	ENST00000446536.3	-3772	ENSG00000204290	BTNL2	butyrophilin like 2	NA	NA	NA
chr5	149241788	149242227	440	*	peak_28901	-1.1472390190332	2.0120351756829e-12	Promoter (1-2kb)	5	149243348	149258457	15110	1	22885	ENST00000517451.5	-1121	ENSG00000173210	ABLIM3	actin binding LIM protein family member 3	NA	NA	NA
chr8	22899551	22900272	722	*	peak_32131	-1.03618594575188	2.0120351756829e-12	Promoter (1-2kb)	8	22895051	22897827	2777	2	124901907	ENST00000831867.1	-1724	NA	LOC124901907	uncharacterized LOC124901907	NA	NA	NA
chr13	46803647	46803999	353	*	peak_9095	-1.2830545412934	2.0204662819438e-12	Intron (ENST00000783844.1/ENST00000783844.1, intron 1 of 1)	13	46775386	46797420	22035	2	2098	ENST00000471867.3	-6227	ENSG00000139684	ESD	esterase D	NA	NA	NA
chr8	57298159	57298610	452	*	peak_32435	-1.13304313295057	2.0671221045431e-12	Distal Intergenic	8	57280318	57284360	4043	1	26138	ENST00000838273.1	17841	ENSG00000282106	LINC00588	long intergenic non-protein coding RNA 588	NA	NA	NA
chr11	12731898	12732335	438	*	peak_5862	-1.35463040497547	2.11490941072229e-12	Intron (ENST00000527636.7/7003, intron 2 of 12)	11	12675503	12939065	263563	1	7003	ENST00000527575.6	56395	ENSG00000187079	TEAD1	TEA domain transcription factor 1	NA	NA	NA
chr12	713403	713723	321	*	peak_7484	-1.49257554001342	2.16851692531889e-12	Intron (ENST00000780914.1/101929432, intron 3 of 4)	12	674795	716590	41796	2	105369597	ENST00000780731.1	2867	NA	LINC02455	long intergenic non-protein coding RNA 2455	NA	NA	NA
chr8	87937077	87937495	419	*	peak_32523	-1.34863545788782	2.18146074778233e-12	Intron (ENST00000736164.1/124901972, intron 1 of 2)	8	87925683	87971090	45408	2	124901972	ENST00000736164.1	33595	NA	LOC124901972	uncharacterized LOC124901972	NA	NA	NA
chr5	65692880	65693210	331	*	peak_28319	-1.43163626979559	2.18245883479395e-12	Intron (ENST00000381007.9/54557, intron 5 of 10)	5	65664119	65664766	648	1	80006	ENST00000415825.2	28761	ENSG00000113597	TRAPPC13	trafficking protein particle complex subunit 13	NA	NA	NA
chr13	77481428	77481777	350	*	peak_9126	-1.49259041507709	2.23456310793631e-12	Distal Intergenic	13	77463863	77465973	2111	1	105370271	ENST00000783615.1	17565	NA	LOC105370271	uncharacterized LOC105370271	NA	NA	NA
chr10	75959286	75959800	515	*	peak_4454	-1.03337986571035	2.27498771484421e-12	Intron (ENST00000611255.5/83938, intron 2 of 6)	10	75782761	76557375	774615	1	83938	ENST00000372499.5	176525	ENSG00000148655	LRMDA	leucine rich melanocyte differentiation associated	NA	NA	NA
chr6	29777316	29777674	359	*	peak_29476	-1.28248939478732	2.30489714470242e-12	Intron (ENST00000849927.1/ENST00000849927.1, intron 2 of 3)	6	29790954	29793101	2148	1	352962	ENST00000446817.1	-13280	ENSG00000290710	HLA-V	major histocompatibility complex, class I, V (pseudogene)	NA	NA	NA
chr12	52416217	52416760	544	*	peak_8104	-1.39029359014752	2.34142426912777e-12	Intron (ENST00000548135.1/ENST00000548135.1, intron 2 of 2)	12	52393931	52406335	12405	2	3888	ENST00000257974.3	-9882	ENSG00000161850	KRT82	keratin 82	NA	NA	NA
chr20	54073826	54074345	520	*	peak_22043	-1.38266616245255	2.37732624224332e-12	Intron (ENST00000792273.1/105372675, intron 1 of 3)	20	53943541	54070594	127054	2	8537	ENST00000688948.1	-3232	ENSG00000064787	BCAS1	brain enriched myelin associated protein 1	NA	NA	NA
chr10	65950122	65950422	301	*	peak_4074	-1.58767341525068	2.47245406461325e-12	Intron (ENST00000683963.1/29119, intron 16 of 16)	10	65878546	65891490	12945	2	105378339	ENST00000811922.1	-58632	NA	LOC105378339	uncharacterized LOC105378339	NA	NA	NA
chr18	6542160	6542814	655	*	peak_16075	-1.29276889870584	2.57578884502569e-12	Intron (ENST00000756312.1/105371972, intron 2 of 3)	18	6546441	6568914	22474	1	105371972	ENST00000756316.1	-3627	NA	LOC105371972	uncharacterized LOC105371972	NA	NA	NA
chr12	19380505	19381081	577	*	peak_7840	-1.18539109465912	2.5796823619308e-12	Distal Intergenic	12	19361234	19376345	15112	1	54477	ENST00000706624.1	19271	ENSG00000052126	PLEKHA5	pleckstrin homology domain containing A5	NA	NA	NA
chr9	6102410	6103009	600	*	peak_33854	-1.29426929623793	2.63007089338074e-12	Distal Intergenic	9	6013866	6015625	1760	2	26953	ENST00000623170.1	-86785	ENSG00000137040	RANBP6	RAN binding protein 6	NA	NA	NA
chr1	154913318	154914045	728	*	peak_2585	-1.11311798385966	2.633774539553e-12	Distal Intergenic	1	154924740	154936719	11980	2	10654	ENST00000368467.4	22674	ENSG00000163344	PMVK	phosphomevalonate kinase	NA	NA	NA
chr21	34967373	34967802	430	*	peak_22680	-1.23342597480422	2.65329896703174e-12	Intron (ENST00000675419.1/861, intron 2 of 8)	21	34834410	34889790	55381	2	861	ENST00000399237.6	-77583	ENSG00000159216	RUNX1	RUNX family transcription factor 1	NA	NA	NA
chr3	8809320	8809761	442	*	peak_24971	-1.20221151570195	2.69778564411967e-12	Intron (ENST00000472766.1/859, intron 2 of 2)	3	8768058	8769628	1571	2	5021	ENST00000431493.1	-39692	ENSG00000180914	OXTR	oxytocin receptor	NA	NA	NA
chr10	60135073	60135361	289	*	peak_4056	-1.46764573085409	2.70021207873274e-12	Intron (ENST00000280772.7/288, intron 24 of 43)	10	60108830	60139087	30258	2	288	ENST00000618080.4	3726	ENSG00000151150	ANK3	ankyrin 3	NA	NA	NA
chr20	4576056	4576709	654	*	peak_21150	-1.15090710082098	2.72792462302499e-12	Promoter (1-2kb)	20	4564315	4574338	10024	2	105372510	ENST00000822428.1	-1718	ENSG00000306995	LOC105372510	uncharacterized LOC105372510	NA	NA	NA
chr20	50493036	50493408	373	*	peak_21959	-1.11834197773038	2.74557079594581e-12	Distal Intergenic	20	50510321	50584760	74440	1	5770	ENST00000541713.5	-16913	ENSG00000196396	PTPN1	protein tyrosine phosphatase non-receptor type 1	NA	NA	NA
chr9	27261243	27261837	595	*	peak_33869	-1.12514607736914	2.78981675649978e-12	Exon (ENST00000638495.1/158035, exon 5 of 10)	9	27245680	27278503	32824	2	158035	ENST00000638495.1	16666	ENSG00000291187	REXO6P	RNA exonuclease 6, pseudogene	NA	NA	NA
chr10	33886418	33886821	404	*	peak_3641	-1.12228014067319	2.79132452076367e-12	Distal Intergenic	10	33909238	33917804	8567	1	114515519	ENST00000434552.3	-22417	NA	LINC02629	long intergenic non-protein coding RNA 2629	NA	NA	NA
chrX	85107402	85108060	659	*	peak_35289	-1.10737255550753	2.84175726325905e-12	Promoter (<=1kb)	23	85092287	85108968	16682	2	340562	ENST00000395409.7	908	ENSG00000184788	SATL1	spermidine/spermine N1-acetyl transferase like 1	NA	NA	NA
chr7	33856660	33857052	393	*	peak_30982	-1.38866602181112	2.85900872896715e-12	Intron (ENST00000672453.1/27241, intron 21 of 22)	7	33904308	34046374	142067	1	168667	ENST00000436222.6	-47256	ENSG00000164619	BMPER	BMP binding endothelial regulator	NA	NA	NA
chr18	35383308	35383814	507	*	peak_16319	-1.12182990134661	2.86033088084718e-12	Exon (ENST00000474156.1/ENST00000474156.1, exon 1 of 1)	18	35373899	35377337	3439	2	252884	ENST00000585522.1	-5971	ENSG00000186496	ZNF396	zinc finger protein 396	NA	NA	NA
chr16	975027	975318	292	*	peak_11559	-1.43607169105501	2.86842336447746e-12	Promoter (1-2kb)	16	975761	976912	1152	2	115804232	ENST00000567961.5	1594	ENSG00000260807	CEROX1	cytoplasmic endogenous regulator of oxidative phosphorylation 1	NA	NA	NA
chr2	200112681	200113201	521	*	peak_20304	-1.37631482607387	2.89710800599908e-12	Intron (ENST00000723533.1/ENST00000723533.1, intron 1 of 1)	2	200087494	200089547	2054	2	105373833	ENST00000723100.1	-23134	NA	LOC105373833	uncharacterized LOC105373833	NA	NA	NA
chr8	117810365	117810874	510	*	peak_32656	-1.64929104716042	2.94603609105265e-12	Intron (ENST00000378204.7/2131, intron 8 of 10)	8	117799587	117806902	7316	2	2131	ENST00000684443.1	-3463	ENSG00000182197	EXT1	exostosin glycosyltransferase 1	NA	NA	NA
chr2	54081568	54082022	455	*	peak_18965	-1.13578579121861	2.94820172085483e-12	Exon (ENST00000737221.1/ENST00000737221.1, exon 1 of 2)	2	54115403	54143314	27912	1	98	ENST00000406041.5	-33381	ENSG00000170634	ACYP2	acylphosphatase 2	NA	NA	NA
chr11	56842761	56843134	374	*	peak_6197	-1.98911404591699	3.0420058080114e-12	Distal Intergenic	11	56848478	56877211	28734	1	101927120	ENST00000532274.5	-5344	ENSG00000255433	LINC02735	long intergenic non-protein coding RNA 2735	NA	NA	NA
chr20	18046308	18046908	601	*	peak_21230	-1.0756128185505	3.06588100436111e-12	Intron (ENST00000486776.5/58495, intron 1 of 3)	20	18041605	18050739	9135	2	58495	ENST00000462208.1	3831	ENSG00000125850	OVOL2	ovo like zinc finger 2	NA	NA	NA
chr14	59268966	59269241	276	*	peak_9507	-1.56173493670108	3.17918278094493e-12	Intron (ENST00000360909.8/23002, intron 2 of 24)	14	59263455	59371405	107951	1	23002	ENST00000395125.1	5511	ENSG00000100592	DAAM1	dishevelled associated activator of morphogenesis 1	NA	NA	NA
chr2	23360835	23361160	326	*	peak_18464	-1.30885266047651	3.23156283053961e-12	Promoter (<=1kb)	2	23357444	23360376	2933	2	105374323	ENST00000426527.2	-459	NA	LINC02923	long intergenic non-protein coding RNA 2923	NA	NA	NA
chr2	107112497	107112861	365	*	peak_19537	-1.57174322043253	3.23156283053961e-12	Distal Intergenic	2	107003873	107030011	26139	2	105373535	ENST00000727380.1	-82486	NA	LOC105373535	uncharacterized LOC105373535	NA	NA	NA
chr1	216812996	216813355	360	*	peak_3257	-1.397046813611	3.26194348622564e-12	Intron (ENST00000361525.7/2104, intron 3 of 8)	1	216503254	216805367	302114	2	2104	ENST00000360012.7	-7629	ENSG00000196482	ESRRG	estrogen related receptor gamma	NA	NA	NA
chr3	137988979	137989450	472	*	peak_26774	-1.1625582637404	3.27718097695549e-12	Distal Intergenic	3	137998735	138033655	34921	1	51208	ENST00000343735.8	-9285	ENSG00000066405	CLDN18	claudin 18	NA	NA	NA
chr5	114325523	114325906	384	*	peak_28420	-1.19950153135587	3.29653766807287e-12	Intron (ENST00000512097.10/3781, intron 4 of 12)	5	114362070	114496496	134427	1	3781	ENST00000673685.1	-36164	ENSG00000080709	KCNN2	potassium calcium-activated channel subfamily N member 2	NA	NA	NA
chr8	134033163	134033645	483	*	peak_32980	-1.08329165132079	3.31115744892388e-12	Distal Intergenic	8	133886496	133902407	15912	1	101927822	ENST00000520149.2	146667	ENSG00000253593	LOC101927822	uncharacterized LOC101927822	NA	NA	NA
chr1	67551219	67551634	416	*	peak_2114	-1.26119347044922	3.34141850545959e-12	Intron (ENST00000751501.1/105378780, intron 2 of 4)	1	67554359	67590395	36037	1	105378780	ENST00000751505.1	-2725	ENSG00000235200	LOC105378780	uncharacterized LOC105378780	NA	NA	NA
chr22	34096648	34097181	534	*	peak_23903	-1.1905602660711	3.34631739753756e-12	Intron (ENST00000655904.1/105373010, intron 2 of 7)	22	34017478	34218796	201319	1	105373010	ENST00000657115.1	79170	ENSG00000236052	LINC01643	long intergenic non-protein coding RNA 1643	NA	NA	NA
chr20	43868120	43868781	662	*	peak_21727	-1.49417751375783	3.35546791986791e-12	Exon (ENST00000725252.1/124904907, exon 2 of 2)	20	43865607	43868819	3213	1	124904907	ENST00000725252.1	2513	ENSG00000294694	LOC124904907	uncharacterized LOC124904907	NA	NA	NA
chr3	183392197	183392858	662	*	peak_26925	-1.03382722818156	3.38002682294429e-12	Intron (ENST00000328913.8/23101, intron 1 of 29)	3	183298427	183400493	102067	2	23101	ENST00000459750.5	7635	ENSG00000053524	MCF2L2	MCF.2 cell line derived transforming sequence-like 2	NA	NA	NA
chr11	68673346	68673733	388	*	peak_6691	-1.37704615379124	3.38330252144472e-12	Distal Intergenic	11	68684544	68691175	6632	1	51083	ENST00000265643.4	-10811	ENSG00000069482	GAL	galanin and GMAP prepropeptide	NA	NA	NA
chr3	100454715	100455087	373	*	peak_26202	-1.5479970553068	3.40214392616527e-12	Intron (ENST00000466996.5/348801, intron 3 of 3)	3	100492619	100577444	84826	1	55076	ENST00000323523.8	-37532	ENSG00000181458	TMEM45A	transmembrane protein 45A	NA	NA	NA
chr20	7324046	7324344	299	*	peak_21178	-1.33243347792934	3.40372322502449e-12	Distal Intergenic	20	7302056	7307432	5377	2	101929288	ENST00000569178.1	-16614	ENSG00000261249	LINC01751	long intergenic non-protein coding RNA 1751	NA	NA	NA
chr8	38972890	38973305	416	*	peak_32291	-1.42760530291818	3.44591249111426e-12	Promoter (<=1kb)	8	38974228	38988663	14436	1	203100	ENST00000302495.5	-923	ENSG00000169495	HTRA4	HtrA serine peptidase 4	NA	NA	NA
chr13	68273302	68273685	384	*	peak_9123	-1.28983986512105	3.4632142257485e-12	Distal Intergenic	13	68025769	68037135	11367	1	101927072	ENST00000660570.2	247533	ENSG00000286820	LOC101927072	uncharacterized LOC101927072	NA	NA	NA
chr8	97207002	97207700	699	*	peak_32545	-1.19719878336331	3.4797884967241e-12	Distal Intergenic	8	97273488	97277928	4441	2	85453	ENST00000322128.5	70228	ENSG00000180543	TSPYL5	TSPY like 5	NA	NA	NA
chr14	36773615	36773927	313	*	peak_9413	-1.52517521834601	3.53668145116446e-12	Intron (ENST00000331299.6/89874, intron 3 of 9)	14	36725153	36759718	34566	2	89874	ENST00000546428.2	-13897	ENSG00000183032	SLC25A21	solute carrier family 25 member 21	NA	NA	NA
chr8	133128540	133128980	441	*	peak_32918	-1.02377812227913	3.53995512980084e-12	Intron (ENST00000220616.9/7038, intron 45 of 47)	8	133133387	133134877	1491	1	7038	ENST00000522691.1	-4407	ENSG00000042832	TG	thyroglobulin	NA	NA	NA
chr12	125544980	125545604	625	*	peak_8682	-1.19687812083656	3.57282548721131e-12	Intron (ENST00000682704.1/114795, intron 4 of 8)	12	125622452	125662377	39926	1	114795	ENST00000613307.1	-76848	ENSG00000139364	TMEM132B	transmembrane protein 132B	NA	NA	NA
chr11	133815508	133816031	524	*	peak_7391	-1.03226837538141	3.60958494218428e-12	Intron (ENST00000762255.1/646522, intron 1 of 6)	11	133650500	133811223	160724	2	646522	ENST00000762273.1	-4285	ENSG00000255258	LINC02743	long intergenic non-protein coding RNA 2743	NA	NA	NA
chr7	36828019	36828377	359	*	peak_31006	-1.41795122394857	3.61161881912962e-12	Intron (ENST00000829529.1/ENST00000829529.1, intron 1 of 1)	7	36855367	36862150	6784	2	9844	ENST00000497024.1	33773	ENSG00000155849	ELMO1	engulfment and cell motility 1	NA	NA	NA
chr3	107445462	107445819	358	*	peak_26221	-1.10649654600672	3.65113928052782e-12	Intron (ENST00000715947.1/344595, intron 2 of 2)	3	107431807	107462927	31121	1	101929607	ENST00000715951.1	13655	ENSG00000273125	LINC01990	long intergenic non-protein coding RNA 1990	NA	NA	NA
chr3	61442050	61442956	907	*	peak_26111	-1.25207722873816	3.66772274848196e-12	Exon (ENST00000729514.1/ENST00000729514.1, exon 2 of 2)	3	61400333	61429179	28847	2	105377114	ENST00000836317.1	-12871	NA	LOC105377114	uncharacterized LOC105377114	NA	NA	NA
chr14	71672430	71672877	448	*	peak_9721	-1.26719550041505	3.6918701894097e-12	Exon (ENST00000381232.8/26037, exon 12 of 24)	14	71685362	71709342	23981	1	26037	ENST00000554960.1	-12485	ENSG00000197555	SIPA1L1	signal induced proliferation associated 1 like 1	NA	NA	NA
chr2	21281129	21282080	952	*	peak_18455	-1.3069291470606	3.80999725874186e-12	Intron (ENST00000435237.1/105374320, intron 1 of 5)	2	21269165	21285474	16310	1	105374317	ENST00000846988.1	11964	NA	LOC105374317	uncharacterized LOC105374317	NA	NA	NA
chr15	63134446	63134920	475	*	peak_10535	-1.38081285524179	3.85739991056672e-12	Intron (ENST00000261893.9/114294, intron 5 of 5)	15	63129359	63141346	11988	1	114294	ENST00000559782.1	5087	ENSG00000103642	LACTB	lactamase beta	NA	NA	NA
chr1	180611387	180611748	362	*	peak_2844	-1.64500513856408	3.88187246920323e-12	Exon (ENST00000820554.1/ENST00000820554.1, exon 1 of 3)	1	180632022	180890279	258258	1	9213	ENST00000367590.9	-20274	ENSG00000143324	XPR1	xenotropic and polytropic retrovirus receptor 1	NA	NA	NA
chr10	131919315	131920562	1248	*	peak_5462	-1.11956331526498	3.88612236569936e-12	Intron (ENST00000455566.6/55844, intron 2 of 8)	10	131901291	131959827	58537	1	55844	ENST00000470416.5	18024	ENSG00000175470	PPP2R2D	protein phosphatase 2 regulatory subunit Bdelta	NA	NA	NA
chr5	36680081	36680477	397	*	peak_28204	-1.21229699688811	3.92290202484345e-12	Promoter (<=1kb)	5	36680347	36686233	5887	1	6507	ENST00000506178.1	0	ENSG00000079215	SLC1A3	solute carrier family 1 member 3	NA	NA	NA
chr5	136232069	136232687	619	*	peak_28722	-1.10338448858144	3.97029059209315e-12	Intron (ENST00000513104.6/57113, intron 7 of 11)	5	136213349	136226437	13089	2	57113	ENST00000509288.5	-5632	ENSG00000069018	TRPC7	transient receptor potential cation channel subfamily C member 7	NA	NA	NA
chr15	22888190	22888487	298	*	peak_10178	-1.16217313547826	4.05452024382108e-12	Intron (ENST00000617928.5/23191, intron 23 of 30)	15	22873681	22875462	1782	2	23191	ENST00000557890.1	-12728	ENSG00000273749	CYFIP1	cytoplasmic FMR1 interacting protein 1	NA	NA	NA
chr16	48350700	48351139	440	*	peak_12471	-1.10946931182317	4.07683443498732e-12	Intron (ENST00000285737.9/83752, intron 14 of 14)	16	48348096	48361836	13741	1	83752	ENST00000564259.1	2604	ENSG00000102910	LONP2	lon peptidase 2, peroxisomal	NA	NA	NA
chr17	29311420	29311921	502	*	peak_14002	-1.03380478565504	4.15361884915793e-12	Intron (ENST00000819963.1/ENST00000819963.1, intron 1 of 1)	17	29255839	29294148	38310	2	57532	ENST00000225388.9	-17272	ENSG00000108256	NUFIP2	nuclear FMR1 interacting protein 2	NA	NA	NA
chr2	69253996	69254321	326	*	peak_19068	-1.23079209822461	4.19454213550215e-12	Distal Intergenic	2	69280672	69289876	9205	1	124907821	ENST00000786357.1	-26351	NA	LOC124907821	uncharacterized LOC124907821	NA	NA	NA
chr8	57225014	57225737	724	*	peak_32433	-1.03392453825376	4.19454213550215e-12	Intron (ENST00000764421.1/100507651, intron 4 of 5)	8	57220618	57240294	19677	1	100507651	ENST00000764434.1	4396	ENSG00000253301	LINC01606	long intergenic non-protein coding RNA 1606	NA	NA	NA
chr11	30984493	30984778	286	*	peak_5985	-1.29431708705943	4.1983586217593e-12	Intron (ENST00000684477.1/341019, intron 20 of 38)	11	30864942	30992684	127743	2	341019	ENST00000483396.5	7906	ENSG00000170959	DCDC1	doublecortin domain containing 1	NA	NA	NA
chr18	1006345	1006786	442	*	peak_16025	-1.47008159836028	4.21856278106083e-12	Intron (ENST00000753835.1/107985165, intron 1 of 1)	18	976740	1269959	293220	1	105371953	ENST00000753294.1	29605	NA	LOC105371953	uncharacterized LOC105371953	NA	NA	NA
chr6	17179740	17180200	461	*	peak_29431	-1.41541143716624	4.23482421962456e-12	Distal Intergenic	6	17127938	17131372	3435	1	401236	ENST00000366215.2	51802	ENSG00000230873	STMND1	stathmin domain containing 1	NA	NA	NA
chr2	16411922	16412475	554	*	peak_18342	-1.41855385515917	4.29166620272323e-12	Intron (ENST00000425176.6/107985855, intron 2 of 2)	2	16392191	16432704	40514	1	107985855	ENST00000766121.1	19731	NA	LOC107985855	uncharacterized LOC107985855	NA	NA	NA
chr1	115883002	115883240	239	*	peak_2402	-1.43438127482483	4.30782585839587e-12	Distal Intergenic	1	115904855	115925900	21046	1	101928995	ENST00000659309.1	-21615	ENSG00000228127	LINC01649	long intergenic non-protein coding RNA 1649	NA	NA	NA
chr3	132463994	132464430	437	*	peak_26700	-1.7374654098474	4.31913050128162e-12	Intron (ENST00000260818.11/23317, intron 17 of 55)	3	132456294	132458349	2056	1	23317	ENST00000471925.1	7700	ENSG00000138246	DNAJC13	DnaJ heat shock protein family (Hsp40) member C13	NA	NA	NA
chr16	58413345	58413851	507	*	peak_12694	-1.29931819349482	4.3224180373891e-12	Distal Intergenic	16	58421272	58451018	29747	1	105371295	ENST00000725711.1	-7421	NA	LINC02137	long intergenic non-protein coding RNA 2137	NA	NA	NA
chr19	55518977	55520401	1425	*	peak_17928	-1.05332256951219	4.32826445687935e-12	3' UTR	19	55529733	55536303	6571	2	646643	ENST00000344158.4	15902	ENSG00000187550	SBK2	SH3 domain binding kinase family member 2	NA	NA	NA
chr1	30401216	30401942	727	*	peak_1141	-1.00077438580074	4.33836132523115e-12	Distal Intergenic	1	30230229	30261188	30960	1	105378618	ENST00000816417.1	170987	NA	LOC105378618	uncharacterized LOC105378618	NA	NA	NA
chr1	231200495	231200901	407	*	peak_3409	-1.20821666585151	4.46130351297626e-12	Intron (ENST00000366653.6/440730, intron 4 of 9)	1	231184098	231187627	3530	2	149373	ENST00000425559.1	-12868	ENSG00000235710	TRIM67-AS1	TRIM67 antisense RNA 1	NA	NA	NA
chr4	76809801	76810279	479	*	peak_27712	-1.41523018415074	4.48239167701039e-12	Distal Intergenic	4	76708835	76802480	93646	2	105377289	ENST00000666924.2	-7321	NA	SHROOM3-AS1	SHROOM3 antisense RNA 1	NA	NA	NA
chr7	111053314	111053676	363	*	peak_31732	-1.27734368669329	4.58279433254914e-12	Intron (ENST00000405709.7/83943, intron 3 of 5)	7	111091006	111125451	34446	1	54674	ENST00000451085.5	-37330	ENSG00000173114	LRRN3	leucine rich repeat neuronal 3	NA	NA	NA
chr7	46765644	46765990	347	*	peak_31191	-1.64481908608827	4.5927772567146e-12	Distal Intergenic	7	46688940	46759844	70905	2	730338	ENST00000469937.2	-5800	ENSG00000233539	LOC730338	uncharacterized LOC730338	NA	NA	NA
chr7	54729179	54729522	344	*	peak_31291	-1.43500766893706	4.71194867952448e-12	Intron (ENST00000665447.1/ENST00000665447.1, intron 1 of 1)	7	54752257	54759182	6926	2	23480	ENST00000450622.1	29660	ENSG00000132432	SEC61G	SEC61 translocon subunit gamma	NA	NA	NA
chr10	131767241	131768215	975	*	peak_5450	-1.16393801842906	4.71505590041767e-12	Distal Intergenic	10	131772395	131774917	2523	2	399827	ENST00000751168.1	6702	ENSG00000189275	LINC01164	long intergenic non-protein coding RNA 1164	NA	NA	NA
chr5	149233700	149234241	542	*	peak_28900	-1.09502293985662	4.75388402151438e-12	Promoter (<=1kb)	5	149233253	149242584	9332	1	22885	ENST00000514212.5	447	ENSG00000173210	ABLIM3	actin binding LIM protein family member 3	NA	NA	NA
chr10	123462717	123463109	393	*	peak_5258	-1.14504890879405	4.76800315098047e-12	Intron (ENST00000448347.5/105378531, intron 4 of 4)	10	123481664	123489081	7418	1	105378531	ENST00000812729.1	-18555	ENSG00000286344	LINC02641	long intergenic non-protein coding RNA 2641	NA	NA	NA
chr6	40297488	40297770	283	*	peak_29813	-1.63426718905785	4.83241469350664e-12	Intron (ENST00000737789.1/732253, intron 1 of 1)	6	40285683	40379899	94217	1	732253	ENST00000737788.1	11805	ENSG00000204091	TDRG1	testis development related 1	NA	NA	NA
chr15	88111374	88111882	509	*	peak_11234	-1.25624786647894	4.83815526794059e-12	Intron (ENST00000629765.3/4916, intron 13 of 19)	15	88072424	88099265	26842	2	4916	ENST00000560739.1	-12109	ENSG00000140538	NTRK3	neurotrophic receptor tyrosine kinase 3	NA	NA	NA
chr5	40486511	40486910	400	*	peak_28235	-1.16492682656291	4.89700316338384e-12	Intron (ENST00000649444.1/ENST00000649444.1, intron 2 of 2)	5	40389003	40389838	836	1	124900967	ENST00000755733.1	97508	ENSG00000298475	LOC124900967	uncharacterized LOC124900967	NA	NA	NA
chr2	3099039	3100053	1015	*	peak_18085	-1.11108287399162	4.95813051662147e-12	Intron (ENST00000740421.1/101927554, intron 2 of 7)	2	2956115	3125354	169240	2	101927554	ENST00000740425.1	25301	ENSG00000234423	LINC01250	long intergenic non-protein coding RNA 1250	NA	NA	NA
chr6	43579151	43579861	711	*	peak_29923	-1.30054084266068	5.0129384250766e-12	Intron (ENST00000372236.9/5429, intron 1 of 10)	6	43576374	43587400	11027	1	5429	ENST00000443535.1	2777	ENSG00000170734	POLH	DNA polymerase eta	NA	NA	NA
chr18	5710317	5710985	669	*	peak_16064	-1.17836281803495	5.05677019754086e-12	Distal Intergenic	18	5721812	5795873	74062	1	645355	ENST00000654302.1	-10827	ENSG00000261738	MIR3976HG	MIR3976 host gene	NA	NA	NA
chr6	149254215	149254739	525	*	peak_30179	-1.0626978599476	5.07124857005421e-12	Intron (ENST00000606202.1/23118, intron 1 of 1)	6	149247321	149257543	10223	2	105378049	ENST00000637865.1	2804	ENSG00000225924	TAB2-AS1	TAB2 antisense RNA 1	NA	NA	NA
chr2	119004451	119004898	448	*	peak_19691	-1.21221271641555	5.15531070606954e-12	Distal Intergenic	2	118993017	118994658	1642	1	8685	ENST00000494979.1	11434	ENSG00000019169	MARCO	macrophage receptor with collagenous structure	NA	NA	NA
chr22	17056064	17056710	647	*	peak_23004	-1.18379081739063	5.21312272340497e-12	Exon (ENST00000414401.5/100130418, exon 4 of 4)	22	17044873	17047426	2554	1	100130418	ENST00000636648.1	11191	NA	CECR7	cat eye syndrome chromosome region, candidate 7	NA	NA	NA
chr3	54712277	54712620	344	*	peak_26069	-1.57132021529865	5.21312272340497e-12	Intron (ENST00000474759.6/55799, intron 11 of 37)	3	54632124	54657002	24879	2	790952	ENST00000846933.1	-55275	ENSG00000265992	ESRG	embryonic stem cell related	NA	NA	NA
chr18	80205321	80205797	477	*	peak_16577	-1.00281698534234	5.24081527597589e-12	Intron (ENST00000353265.8/84552, intron 1 of 2)	18	80182856	80202881	20026	2	124904337	ENST00000463384.1	-2440	NA	LOC124904337	uncharacterized LOC124904337	NA	NA	NA
chr5	110845310	110845572	263	*	peak_28398	-1.47537868426989	5.27486190818138e-12	Distal Intergenic	5	110755120	110762213	7094	1	91137	ENST00000509432.1	90190	ENSG00000164209	SLC25A46	solute carrier family 25 member 46	NA	NA	NA
chr16	25633611	25633954	344	*	peak_12257	-1.33587685252035	5.279448524605e-12	Distal Intergenic	16	25691959	26137685	445727	1	9951	ENST00000331351.6	-58005	ENSG00000182601	HS3ST4	heparan sulfate-glucosamine 3-sulfotransferase 4	NA	NA	NA
chr6	42769832	42770220	389	*	peak_29888	-1.64745341428037	5.30597558912106e-12	Distal Intergenic	6	42782052	42868556	86505	1	23506	ENST00000314073.10	-11832	ENSG00000112624	BICRAL	BICRA like chromatin remodeling complex associated protein	NA	NA	NA
chr8	133347229	133347727	499	*	peak_32937	-1.02451512144533	5.39839765340552e-12	Distal Intergenic	8	133363171	133364701	1531	2	105375771	ENST00000834871.1	16974	ENSG00000308533	LOC105375771	uncharacterized LOC105375771	NA	NA	NA
chr1	210672260	210672624	365	*	peak_3211	-1.25906780015277	5.4254862303108e-12	Intron (ENST00000413764.6/55733, intron 11 of 11)	1	210678418	210683929	5512	2	3756	ENST00000640625.1	11305	ENSG00000143473	KCNH1	potassium voltage-gated channel subfamily H member 1	NA	NA	NA
chr19	28485517	28485898	382	*	peak_17014	-1.37808192272698	5.45394553040195e-12	Intron (ENST00000785636.1/100420587, intron 1 of 4)	19	28437641	28468384	30744	2	100420587	ENST00000592716.1	-17133	ENSG00000290606	LOC100420587	SHC binding and spindle associated 1 pseudogene	NA	NA	NA
chr16	86625723	86626074	352	*	peak_13224	-1.28813777214218	5.56376208798169e-12	Intron (ENST00000808928.1/ENST00000808928.1, intron 1 of 4)	16	86578549	86583478	4930	1	2300	ENST00000320241.5	47174	ENSG00000176678	FOXL1	forkhead box L1	NA	NA	NA
chr2	204144457	204144844	388	*	peak_20322	-1.31858443133808	5.59909440405638e-12	Distal Intergenic	2	204145217	204150893	5677	2	124907966	ENST00000755381.1	6049	NA	LOC124907966	uncharacterized LOC124907966	NA	NA	NA
chr1	115429224	115430151	928	*	peak_2390	-1.17157920923195	5.74200988560774e-12	Distal Intergenic	1	115356660	115364922	8263	2	112268234	ENST00000661854.2	-64302	ENSG00000287103	LOC112268234	uncharacterized LOC112268234	NA	NA	NA
chr5	1670358	1670824	467	*	peak_28006	-1.32051972667502	5.74902301553192e-12	Distal Intergenic	5	1598920	1634036	35117	2	728613	ENST00000721411.1	-36322	NA	PDCD6P1	PDCD6 pseudogene 1	NA	NA	NA
chr14	93766185	93766659	475	*	peak_9969	-1.07936595437824	5.80218122866259e-12	Intron (ENST00000393143.5/145270, intron 2 of 3)	14	93718298	93787759	69462	2	145270	ENST00000393143.5	21100	ENSG00000175785	PRIMA1	proline rich membrane anchor 1	NA	NA	NA
chr10	121009486	121009847	362	*	peak_5201	-1.33402165144619	5.806888160113e-12	Distal Intergenic	10	120989903	120996775	6873	2	105378520	ENST00000843716.1	-12711	NA	LOC105378520	uncharacterized LOC105378520	NA	NA	NA
chr11	27277874	27278205	332	*	peak_5978	-1.25836795321239	5.83638126774769e-12	Distal Intergenic	11	27208584	27234196	25613	2	103695435	ENST00000721022.1	-43678	ENSG00000254560	BBOX1-AS1	BBOX1 antisense RNA 1	NA	NA	NA
chr1	32887061	32888105	1045	*	peak_1280	-1.06182324197958	5.85057319862857e-12	Promoter (<=1kb)	1	32886491	32894646	8156	1	3208	ENST00000373467.4	570	ENSG00000121905	HPCA	hippocalcin	NA	NA	NA
chr18	77234578	77235297	720	*	peak_16511	-1.25298706436559	5.8528030808114e-12	Intron (ENST00000584843.1/ENST00000584843.1, intron 4 of 4)	18	77249848	77277900	28053	1	2587	ENST00000299727.5	-14551	ENSG00000166573	GALR1	galanin receptor 1	NA	NA	NA
chr11	128503320	128503901	582	*	peak_7371	-1.07556310018727	5.88663670760854e-12	Promoter (1-2kb)	11	128489470	128505394	15925	2	2113	ENST00000608978.1	1493	ENSG00000134954	ETS1	ETS proto-oncogene 1, transcription factor	NA	NA	NA
chr20	49993233	49993762	530	*	peak_21914	-1.04647279263371	6.06089673879985e-12	Distal Intergenic	20	49982980	49988886	5907	1	6615	ENST00000244050.3	10253	ENSG00000124216	SNAI1	snail family transcriptional repressor 1	NA	NA	NA
chr12	39458952	39459672	721	*	peak_7948	-1.31549107060665	6.20761726019494e-12	Distal Intergenic	12	39447404	39448314	911	1	124902919	ENST00000661347.1	11548	NA	LOC124902919	uncharacterized LOC124902919	NA	NA	NA
chr12	13187419	13187952	534	*	peak_7816	-1.2245110602089	6.27581153416941e-12	Distal Intergenic	12	13196723	13215281	18559	1	2012	ENST00000431267.2	-8771	ENSG00000134531	EMP1	epithelial membrane protein 1	NA	NA	NA
chr7	26321458	26322043	586	*	peak_30878	-1.01886485179344	6.32519930368085e-12	Intron (ENST00000338523.9/29887, intron 1 of 6)	7	26344583	26374306	29724	1	29887	ENST00000698091.1	-22540	ENSG00000086300	SNX10	sorting nexin 10	NA	NA	NA
chr14	72677447	72678045	599	*	peak_9738	-1.12637216873688	6.37924928746728e-12	Promoter (1-2kb)	14	72671000	72679302	8303	2	8110	ENST00000556891.5	1257	ENSG00000205683	DPF3	double PHD fingers 3	NA	NA	NA
chr5	85452326	85452749	424	*	peak_28366	-1.38318615703208	6.41346068871399e-12	Distal Intergenic	5	85291407	85336266	44860	2	101929321	ENST00000730233.1	-116060	NA	LOC101929321	uncharacterized LOC101929321	NA	NA	NA
chr3	124131509	124131938	430	*	peak_26339	-1.19895091482697	6.47123462836641e-12	Promoter (<=1kb)	3	124132929	124133025	97	1	100847021	ENST00000584713.1	-991	ENSG00000266383	MIR5002	microRNA 5002	NA	NA	NA
chr6	96301000	96301329	330	*	peak_30059	-1.31319269949099	6.55814038056149e-12	Intron (ENST00000837893.1/100861530, intron 2 of 3)	6	96200324	96373765	173442	2	100861530	ENST00000837899.1	72436	NA	UFL1-AS1	UFL1 antisense RNA 1	NA	NA	NA
chr2	48722063	48722755	693	*	peak_18956	-1.19459156839951	6.67142904253238e-12	Promoter (<=1kb)	2	48708770	48723514	14745	2	3973	ENST00000477576.1	759	ENSG00000138039	LHCGR	luteinizing hormone/choriogonadotropin receptor	NA	NA	NA
chr9	105115946	105116477	532	*	peak_34494	-1.077652870273	6.68443746664248e-12	Intron (ENST00000666856.1/112268038, intron 7 of 7)	9	105025932	105239221	213290	2	112268038	ENST00000666856.1	122744	NA	LOC112268038	uncharacterized LOC112268038	NA	NA	NA
chr8	55310936	55311568	633	*	peak_32424	-1.09746058708358	6.69636860847473e-12	Intron (ENST00000327381.7/114786, intron 1 of 2)	8	55449509	55455139	5631	2	100133234	ENST00000444527.2	143571	ENSG00000248522	SBF1P1	SET binding factor 1 pseudogene 1	NA	NA	NA
chr2	37837825	37838369	545	*	peak_18792	-1.13553211195253	6.70783113193804e-12	Intron (ENST00000751609.1/105374464, intron 4 of 5)	2	37820494	37830206	9713	2	101929559	ENST00000752003.1	-7619	ENSG00000237803	PIRAT1	PU.1 (SPI1) induced regulator of S100A8 and S100A9 alarmin transcription 1	NA	NA	NA
chr18	8653994	8654731	738	*	peak_16124	-1.07150178832431	6.80860268584222e-12	Intron (ENST00000847125.1/ENST00000847125.1, intron 1 of 1)	18	8632859	8635567	2709	1	201475	ENST00000580987.1	21135	ENSG00000206418	RAB12	RAB12, member RAS oncogene family	NA	NA	NA
chr14	87154755	87155213	459	*	peak_9906	-1.18890456974783	6.84218098106466e-12	Distal Intergenic	14	87033371	87080351	46981	2	105370608	ENST00000733865.1	-74404	NA	LOC105370608	uncharacterized LOC105370608	NA	NA	NA
chr1	231724917	231725469	553	*	peak_3412	-1.03487033435685	6.88093536953679e-12	Intron (ENST00000647072.1/100303453, intron 7 of 7)	1	231684752	231693935	9184	1	27185	ENST00000602600.1	40165	ENSG00000162946	DISC1	DISC1 scaffold protein	NA	NA	NA
chr3	140342761	140343154	394	*	peak_26800	-1.15481608516046	6.91036239698319e-12	Intron (ENST00000458420.7/64084, intron 2 of 16)	3	140449435	140454731	5297	2	124900599	ENST00000502712.5	111577	NA	LOC124900599	uncharacterized LOC124900599	NA	NA	NA
chr20	3068951	3069348	398	*	peak_21111	-1.19467787763775	6.9693290337543e-12	Exon (ENST00000812740.1/101929098, exon 2 of 2)	20	3071620	3072517	898	1	5020	ENST00000217386.2	-2272	ENSG00000101405	OXT	oxytocin/neurophysin I prepropeptide	NA	NA	NA
chr9	120480724	120481240	517	*	peak_34543	-1.25765543671977	6.9693290337543e-12	Intron (ENST00000349780.9/55755, intron 14 of 37)	9	120388881	120475733	86853	2	55755	ENST00000479584.2	-4991	ENSG00000136861	CDK5RAP2	CDK5 regulatory subunit associated protein 2	NA	NA	NA
chr4	46773179	46773543	365	*	peak_27622	-1.52407257231425	7.0486500626995e-12	Intron (ENST00000396533.5/170712, intron 3 of 3)	4	46734832	46876760	141929	2	170712	ENST00000543208.5	103217	ENSG00000170516	COX7B2	cytochrome c oxidase subunit 7B2	NA	NA	NA
chr15	78715911	78716282	372	*	peak_11087	-1.32374713612292	7.09232282700252e-12	Intron (ENST00000569846.2/ENST00000569846.2, intron 5 of 5)	15	78631062	78720286	89225	2	1143	ENST00000560511.5	4004	ENSG00000117971	CHRNB4	cholinergic receptor nicotinic beta 4 subunit	NA	NA	NA
chr7	134832321	134832607	287	*	peak_31804	-1.79080554362077	7.09232282700252e-12	Intron (ENST00000417172.5/800, intron 1 of 13)	7	134741842	134826347	84506	2	124901750	ENST00000772189.1	-5974	NA	LOC124901750	uncharacterized LOC124901750	NA	NA	NA
chr10	109343370	109343927	558	*	peak_5065	-1.21218638958619	7.18692369499137e-12	Distal Intergenic	10	109868636	109871032	2397	2	7511	ENST00000494499.1	527105	ENSG00000108039	XPNPEP1	X-prolyl aminopeptidase 1	NA	NA	NA
chr19	13629659	13630290	632	*	peak_16837	-1.37465781827234	7.2207463977113e-12	Distal Intergenic	19	13518797	13624489	105693	2	107985287	ENST00000592864.3	-5170	NA	LOC107985287	uncharacterized LOC107985287	NA	NA	NA
chr5	137470530	137471192	663	*	peak_28729	-1.12209536938349	7.23211710699179e-12	Intron (ENST00000394945.6/6695, intron 2 of 10)	5	137112492	137498594	386103	2	6695	ENST00000505690.1	27402	ENSG00000152377	SPOCK1	SPARC (osteonectin), cwcv and kazal like domains proteoglycan 1	NA	NA	NA
chr1	208086326	208086770	445	*	peak_3177	-1.2342276275336	7.35234944914994e-12	Intron (ENST00000367033.4/5362, intron 9 of 31)	1	208038907	208040264	1358	2	5362	ENST00000463510.1	-46062	ENSG00000076356	PLXNA2	plexin A2	NA	NA	NA
chr9	1759812	1760379	568	*	peak_33845	-1.00383879110694	7.35240615192409e-12	Intron (ENST00000753593.1/ENST00000753593.1, intron 1 of 1)	9	1980290	2029051	48762	1	6595	ENST00000637383.1	-219911	ENSG00000080503	SMARCA2	SWI/SNF related BAF chromatin remodeling complex subunit ATPase 2	NA	NA	NA
chr6	139983903	139984231	329	*	peak_30152	-1.4246330173731	7.37445984106962e-12	Intron (ENST00000456896.6/100507477, intron 1 of 3)	6	139978356	140093721	115366	1	100507477	ENST00000725937.1	5547	ENSG00000236013	LINC02941	long intergenic non-protein coding RNA 2941	NA	NA	NA
chr1	147888557	147889084	528	*	peak_2468	-1.15495853069757	7.39889044779316e-12	Distal Intergenic	1	147902795	147909269	6475	1	2703	ENST00000369235.2	-13711	ENSG00000121634	GJA8	gap junction protein alpha 8	NA	NA	NA
chr12	15757870	15758249	380	*	peak_7829	-1.26473249055535	7.45455309723462e-12	Intron (ENST00000281172.10/2059, intron 1 of 20)	12	15670856	15780727	109872	2	2059	ENST00000543363.5	22478	ENSG00000151491	EPS8	EGFR pathway substrate 8, signaling adaptor	NA	NA	NA
chr1	75412640	75413051	412	*	peak_2122	-1.32157719473963	7.48089932081325e-12	Intron (ENST00000849121.1/ENST00000849121.1, intron 2 of 2)	1	75204475	75611084	406610	2	204962	ENST00000370855.5	198033	ENSG00000137968	SLC44A5	solute carrier family 44 member 5	NA	NA	NA
chr11	128494693	128495217	525	*	peak_7369	-1.4272421093814	7.52680792907061e-12	Intron (ENST00000535549.5/2113, intron 1 of 3)	11	128489470	128505394	15925	2	2113	ENST00000608978.1	10177	ENSG00000134954	ETS1	ETS proto-oncogene 1, transcription factor	NA	NA	NA
chr6	89939107	89939479	373	*	peak_30055	-1.29515847085817	7.62686751430984e-12	Intron (ENST00000257749.9/60468, intron 7 of 8)	6	89894469	89896120	1652	1	84694	ENST00000369352.1	44638	ENSG00000135355	GJA10	gap junction protein alpha 10	NA	NA	NA
chr17	65332900	65333467	568	*	peak_15015	-1.23218288083001	7.93238235502223e-12	Distal Intergenic	17	65457541	65458408	868	1	105827617	ENST00000579474.1	-124074	ENSG00000263520	LINC02563	long intergenic non-protein coding RNA 2563	NA	NA	NA
chr8	97764246	97765070	825	*	peak_32548	-1.07817836277638	8.00411568775036e-12	Distal Intergenic	8	97775057	97852598	77542	1	55353	ENST00000619747.1	-9987	ENSG00000104341	LAPTM4B	lysosomal protein transmembrane 4 beta	NA	NA	NA
chr11	12706705	12707086	382	*	peak_5860	-1.34840056370994	8.06733129147224e-12	Intron (ENST00000527636.7/7003, intron 2 of 12)	11	12675503	12939065	263563	1	7003	ENST00000527575.6	31202	ENSG00000187079	TEAD1	TEA domain transcription factor 1	NA	NA	NA
chr1	196002998	196003327	330	*	peak_2917	-1.36054731840063	8.08538230657313e-12	Distal Intergenic	1	196044880	196065238	20359	2	105371673	ENST00000430519.3	61911	ENSG00000227421	LINC01724	long intergenic non-protein coding RNA 1724	NA	NA	NA
chr8	88424991	88425502	512	*	peak_32524	-1.06676005289222	8.29739667647226e-12	Intron (ENST00000658283.1/105375630, intron 2 of 6)	8	88328122	88329339	1218	1	105375630	ENST00000832563.1	96869	NA	LOC105375630	uncharacterized LOC105375630	NA	NA	NA
chr12	26557198	26557681	484	*	peak_7869	-1.18072384711925	8.44128454899684e-12	Intron (ENST00000381340.8/3709, intron 35 of 56)	12	26494206	26495560	1355	2	3709	ENST00000543958.1	-61638	ENSG00000123104	ITPR2	inositol 1,4,5-trisphosphate receptor type 2	NA	NA	NA
chr16	75130357	75130810	454	*	peak_12962	-1.3531309078457	8.50032412385028e-12	Intron (ENST00000563098.1/162239, intron 3 of 4)	16	75119558	75144200	24643	1	162239	ENST00000563098.1	10799	ENSG00000184517	ZFP1	ZFP1 zinc finger protein	NA	NA	NA
chr20	10376139	10376984	846	*	peak_21186	-1.24237261147019	8.53098634224095e-12	Distal Intergenic	20	10103727	10368848	265122	2	100131208	ENST00000692436.3	-7291	ENSG00000227906	SNAP25-AS1	SNAP25 antisense RNA 1	NA	NA	NA
chr1	43241420	43241879	460	*	peak_1691	-1.06574906763996	8.59992669651595e-12	Intron (ENST00000610710.4/149465, intron 22 of 23)	1	43194684	43250391	55708	2	105378685	ENST00000474566.1	8512	NA	LOC105378685	uncharacterized LOC105378685	NA	NA	NA
chr5	41656686	41657067	382	*	peak_28239	-1.33295540006916	8.73432809501693e-12	Distal Intergenic	5	41731739	41739721	7983	2	5019	ENST00000503374.1	82654	ENSG00000083720	OXCT1	3-oxoacid CoA-transferase 1	NA	NA	NA
chr8	38003635	38004290	656	*	peak_32276	-1.17153403906345	8.73432809501693e-12	Distal Intergenic	8	38030534	38060365	29832	1	1978	ENST00000338825.5	-26244	ENSG00000187840	EIF4EBP1	eukaryotic translation initiation factor 4E binding protein 1	NA	NA	NA
chr1	13548924	13549270	347	*	peak_494	-1.32836433679805	8.75575859787147e-12	Distal Intergenic	1	13583465	13617957	34493	1	10630	ENST00000294489.10	-34195	ENSG00000162493	PDPN	podoplanin	NA	NA	NA
chr12	1173710	1174201	492	*	peak_7488	-1.21591150263707	8.84329522609998e-12	Intron (ENST00000611180.5/23085, intron 8 of 12)	12	1189896	1491079	301184	1	23085	ENST00000588412.5	-15695	ENSG00000082805	ERC1	ELKS/RAB6-interacting/CAST family member 1	NA	NA	NA
chr7	135803067	135803397	331	*	peak_31807	-1.55557519198625	9.02104951772571e-12	Intron (ENST00000830863.1/ENST00000830863.1, intron 1 of 3)	7	135758813	135771179	12367	1	105375522	ENST00000765274.1	44254	NA	LOC105375522	uncharacterized LOC105375522	NA	NA	NA
chr3	196662063	196662404	342	*	peak_27133	-1.47245744269802	9.07664624611198e-12	Intron (ENST00000426755.5/54965, intron 2 of 5)	3	196639775	196731093	91319	1	54965	ENST00000426755.5	22288	ENSG00000163964	PIGX	phosphatidylinositol glycan anchor biosynthesis class X	NA	NA	NA
chr6	167391681	167392799	1119	*	peak_30376	-1.08100717075428	9.07664624611198e-12	Distal Intergenic	6	167377859	167384510	6652	2	6953	ENST00000491085.1	-7171	ENSG00000290751	TCP10L3	t-complex 10 like 3 (pseudogene)	NA	NA	NA
chr8	49795511	49795821	311	*	peak_32396	-1.72561701907614	9.10132897959332e-12	Distal Intergenic	8	49909789	50792829	883041	1	54212	ENST00000518864.5	-113968	ENSG00000147481	SNTG1	syntrophin gamma 1	NA	NA	NA
chr1	18336870	18337162	293	*	peak_628	-1.4562642939076	9.14303312651011e-12	Intron (ENST00000251296.4/84966, intron 4 of 9)	1	18361367	18378483	17117	1	84966	ENST00000497331.2	-24205	ENSG00000117154	IGSF21	immunoglobin superfamily member 21	NA	NA	NA
chr3	17891551	17891866	316	*	peak_25292	-1.42093437049591	9.16189183027997e-12	Intron (ENST00000624232.2/339862, intron 2 of 4)	3	17860922	18041541	180620	1	339862	ENST00000624232.2	30629	NA	BALR6	B-cell acute lymphoblastic leukemia associated long RNA 6	NA	NA	NA
chr2	17632870	17633323	454	*	peak_18358	-1.09311938301448	9.16650281358838e-12	Intron (ENST00000404666.6/7447, intron 2 of 3)	2	17627451	17643200	15750	2	124908054	ENST00000832406.1	9877	NA	LOC124908054	uncharacterized LOC124908054	NA	NA	NA
chr5	15471153	15471572	420	*	peak_28145	-1.57760245838842	9.19365041689636e-12	Intron (ENST00000671652.2/124900945, intron 1 of 1)	5	15500180	15939793	439614	1	23194	ENST00000504595.2	-28608	ENSG00000183580	FBXL7	F-box and leucine rich repeat protein 7	NA	NA	NA
chr12	5865023	5865843	821	*	peak_7660	-1.11841549019911	9.2093935589866e-12	Intron (ENST00000650848.1/57101, intron 3 of 26)	12	5827805	5870436	42632	2	57101	ENST00000544988.1	4593	ENSG00000047617	ANO2	anoctamin 2	NA	NA	NA
chr5	133817667	133818282	616	*	peak_28614	-1.15937744531476	9.28387488467115e-12	Exon (ENST00000754055.1/ENST00000754055.1, exon 1 of 2)	5	133815968	133842058	26091	2	23105	ENST00000753971.1	23776	ENSG00000053108	FSTL4	follistatin like 4	NA	NA	NA
chr6	165181928	165182447	520	*	peak_30327	-1.01799536784961	9.47874580911501e-12	Distal Intergenic	6	165280033	165282022	1990	2	168090	ENST00000491176.1	99575	ENSG00000112539	C6orf118	chromosome 6 open reading frame 118	NA	NA	NA
chr2	16434520	16434759	240	*	peak_18343	-1.42151647407055	9.49298303705197e-12	Intron (ENST00000766118.1/107985855, intron 3 of 5)	2	16392191	16432704	40514	1	107985855	ENST00000766121.1	42329	NA	LOC107985855	uncharacterized LOC107985855	NA	NA	NA
chr6	38432300	38432889	590	*	peak_29779	-1.34345996493094	9.62102436800334e-12	Intron (ENST00000314100.10/114781, intron 5 of 9)	6	38481557	38482533	977	1	101929425	ENST00000412822.2	-48668	ENSG00000226533	BTBD9-AS1	BTBD9 antisense RNA 1	NA	NA	NA
chr13	29270349	29270956	608	*	peak_9037	-1.18182506384938	9.77256765346399e-12	Intron (ENST00000612955.6/23281, intron 5 of 15)	13	29239787	29250554	10768	2	100874106	ENST00000452602.1	-19795	ENSG00000236758	MTUS2-AS2	MTUS2 antisense RNA 2	NA	NA	NA
chr17	70859979	70860310	332	*	peak_15099	-1.81979279449983	9.98733528741188e-12	Intron (ENST00000774266.1/124904104, intron 2 of 3)	17	70855814	70920664	64851	1	124904104	ENST00000774268.1	4165	NA	LOC124904104	uncharacterized LOC124904104	NA	NA	NA
chr1	94864055	94864456	402	*	peak_2186	-1.23439085580967	1.015035691499e-11	Intron (ENST00000446120.6/126969, intron 9 of 13)	1	94867331	94895052	27722	1	126969	ENST00000532670.1	-2875	ENSG00000143036	SLC44A3	solute carrier family 44 member 3	NA	NA	NA
chr16	54326377	54326913	537	*	peak_12561	-1.08369508679791	1.01953183739209e-11	Intron (ENST00000720695.1/105371272, intron 1 of 3)	16	54283304	54286787	3484	2	79191	ENST00000329734.4	-39590	ENSG00000177508	IRX3	iroquois homeobox 3	NA	NA	NA
chr12	93274372	93274723	352	*	peak_8288	-1.45953282323635	1.02275610370185e-11	Intron (ENST00000754393.1/643339, intron 2 of 7)	12	93266017	93266096	80	1	124900325	ENST00000364632.1	8355	ENSG00000201502	LOC124900325	small nucleolar RNA SNORD74	NA	NA	NA
chr1	206787900	206788328	429	*	peak_3157	-1.25077137109208	1.05179629034715e-11	Intron (ENST00000662320.1/29949, intron 1 of 2)	1	206768110	206774541	6432	2	3586	ENST00000664374.2	-13359	ENSG00000136634	IL10	interleukin 10	NA	NA	NA
chr18	32574307	32574783	477	*	peak_16315	-1.42542497376283	1.06661615359648e-11	Intron (ENST00000747586.1/ENST00000747586.1, intron 2 of 3)	18	32511860	32513790	1931	1	441818	ENST00000562560.1	62447	ENSG00000293029	WBP11P1	WBP11 pseudogene 1	NA	NA	NA
chr6	170072263	170072817	555	*	peak_30498	-1.35113965574654	1.07204682286624e-11	Distal Intergenic	6	170025621	170041233	15613	1	105378150	ENST00000832814.1	46642	NA	LOC105378150	uncharacterized LOC105378150	NA	NA	NA
chr2	229683694	229684095	402	*	peak_20518	-1.39290880871706	1.07362887766422e-11	Intron (ENST00000341772.5/92737, intron 1 of 12)	2	229357629	229714555	356927	2	92737	ENST00000341772.5	30460	ENSG00000187957	DNER	delta/notch like EGF repeat containing	NA	NA	NA
chr11	10906589	10906918	330	*	peak_5829	-1.07644960985735	1.07608437695304e-11	Exon (ENST00000530344.2/729013, exon 3 of 3)	11	10899898	10900403	506	2	107984309	ENST00000837321.1	-6186	NA	LOC107984309	uncharacterized LOC107984309	NA	NA	NA
chr1	30144584	30145258	675	*	peak_1125	-1.0659484716937	1.08033957145767e-11	Distal Intergenic	1	30230229	30261188	30960	1	105378618	ENST00000816417.1	-84971	NA	LOC105378618	uncharacterized LOC105378618	NA	NA	NA
chr1	236097260	236097518	259	*	peak_3442	-1.08809856566167	1.09432145791374e-11	Exon (ENST00000720430.1/ENST00000720430.1, exon 1 of 3)	1	235975830	236065109	89280	2	4811	ENST00000366595.7	-32151	ENSG00000116962	NID1	nidogen 1	NA	NA	NA
chr7	67530548	67530869	322	*	peak_31401	-1.55123751634508	1.11186379316992e-11	Distal Intergenic	7	67599119	67604980	5862	2	105375340	ENST00000828072.1	74111	NA	LOC105375340	uncharacterized LOC105375340	NA	NA	NA
chr8	49184832	49185145	314	*	peak_32394	-1.41006984035202	1.11186379316992e-11	Intron (ENST00000657689.1/105375826, intron 1 of 5)	8	49168769	49229057	60289	1	105375826	ENST00000670453.1	16063	ENSG00000253474	LOC105375826	uncharacterized LOC105375826	NA	NA	NA
chr13	102691572	102691948	377	*	peak_9159	-1.24063874277341	1.12036878016102e-11	Intron (ENST00000267273.7/196541, intron 1 of 3)	13	102685747	102695044	9298	2	196541	ENST00000267273.7	3096	ENSG00000139780	METTL21C	methyltransferase 21C, AARS1 lysine	NA	NA	NA
chr5	115419756	115420082	327	*	peak_28428	-1.01150488032233	1.12495979658274e-11	Promoter (<=1kb)	5	115364192	115420029	55838	2	105379130	ENST00000835339.1	0	ENSG00000289497	LOC105379130	uncharacterized LOC105379130	NA	NA	NA
chr7	36209121	36209993	873	*	peak_30998	-1.04642004306663	1.13174391052523e-11	Intron (ENST00000242108.9/80820, intron 2 of 7)	7	36153254	36301538	148285	1	80820	ENST00000242108.9	55867	ENSG00000122547	EEPD1	endonuclease/exonuclease/phosphatase family domain containing 1	NA	NA	NA
chr2	172673212	172673589	378	*	peak_20245	-1.35318535875094	1.1397340300805e-11	Promoter (<=1kb)	2	172674182	172717425	43244	1	5163	ENST00000773911.1	-593	ENSG00000152256	PDK1	pyruvate dehydrogenase kinase 1	NA	NA	NA
chr12	115693526	115694309	784	*	peak_8473	-1.27363961726829	1.15528134625079e-11	Distal Intergenic	12	115639535	115641126	1592	2	105370002	ENST00000775421.1	-52400	NA	LOC105370002	uncharacterized LOC105370002	NA	NA	NA
chr10	60524393	60524896	504	*	peak_4057	-1.13273143445273	1.18101100282931e-11	Intron (ENST00000503366.6/288, intron 1 of 43)	10	60083939	60572909	488971	2	288	ENST00000622427.4	48013	ENSG00000151150	ANK3	ankyrin 3	NA	NA	NA
chr3	119536360	119536659	300	*	peak_26263	-1.35851283544324	1.19624689346929e-11	Intron (ENST00000264246.8/941, intron 4 of 6)	3	119527771	119557728	29958	2	941	ENST00000383669.3	21069	ENSG00000121594	CD80	CD80 molecule	NA	NA	NA
chr8	52109258	52109761	504	*	peak_32403	-1.00212314597262	1.22403263815544e-11	Distal Intergenic	8	52125884	52133144	7261	2	9705	ENST00000522861.1	23383	ENSG00000147488	ST18	ST18 C2H2C-type zinc finger transcription factor	NA	NA	NA
chr6	30078512	30078909	398	*	peak_29486	-1.44368838126033	1.22486532161176e-11	Distal Intergenic	6	30070266	30075849	5584	2	80352	ENST00000376751.8	-2663	ENSG00000204618	RNF39	ring finger protein 39	NA	NA	NA
chr17	52919975	52920257	283	*	peak_14755	-1.36983399881003	1.22488550453849e-11	Intron (ENST00000753157.1/105371831, intron 2 of 2)	17	52862569	52899598	37030	1	105371831	ENST00000753159.1	57406	ENSG00000226364	LINC02089	long intergenic non-protein coding RNA 2089	NA	NA	NA
chr5	59792851	59793339	489	*	peak_28301	-1.04195948861685	1.23523407358611e-11	Intron (ENST00000846232.1/105378988, intron 2 of 2)	5	58969038	59768848	799811	2	5144	ENST00000507116.6	-24003	ENSG00000113448	PDE4D	phosphodiesterase 4D	NA	NA	NA
chr10	62744213	62744603	391	*	peak_4063	-1.23442161427876	1.25384074654327e-11	Intron (ENST00000649548.2/ENST00000649548.2, intron 1 of 3)	10	62804720	62808479	3760	1	84890	ENST00000373783.3	-60117	ENSG00000181915	ADO	2-aminoethanethiol dioxygenase	NA	NA	NA
chr8	86570114	86570547	434	*	peak_32519	-1.40434348380029	1.26958595779107e-11	Intron (ENST00000517327.5/54714, intron 2 of 3)	8	86553977	86579206	25230	2	54714	ENST00000517327.5	8659	ENSG00000170289	CNGB3	cyclic nucleotide gated channel subunit beta 3	NA	NA	NA
chr3	10777376	10777572	197	*	peak_25028	-1.09610325730636	1.27053556390332e-11	Distal Intergenic	3	10759350	10764307	4958	2	285370	ENST00000664856.2	-13069	ENSG00000226567	LINC00606	long intergenic non-protein coding RNA 606	NA	NA	NA
chr16	55147835	55148455	621	*	peak_12570	-1.18284807934541	1.28086908103846e-11	Distal Intergenic	16	55042414	55057344	14931	2	105371278	ENST00000761723.1	-90491	NA	LOC105371278	uncharacterized LOC105371278	NA	NA	NA
chr20	401741	402311	571	*	peak_21027	-1.0889355323814	1.33263606673327e-11	Distal Intergenic	20	407498	417822	10325	1	10616	ENST00000411647.5	-5187	ENSG00000125826	RBCK1	RANBP2-type and C3HC4-type zinc finger containing 1	NA	NA	NA
chr8	73159277	73159760	484	*	peak_32494	-1.66271611076468	1.33263606673327e-11	Distal Intergenic	8	73066532	73124088	57557	2	157869	ENST00000519697.1	-35189	ENSG00000164764	SBSPON	somatomedin B and thrombospondin type 1 domain containing	NA	NA	NA
chr10	127221337	127221781	445	*	peak_5381	-1.44430745954868	1.3542396665622e-11	Intron (ENST00000280333.9/1793, intron 27 of 51)	10	127135430	127196591	61162	2	642938	ENST00000522781.6	-24746	ENSG00000188916	INSYN2A	inhibitory synaptic factor 2A	NA	NA	NA
chr5	106392629	106393107	479	*	peak_28389	-1.12054830226892	1.3623647451406e-11	Distal Intergenic	5	106815197	106980869	165673	2	102467213	ENST00000505997.2	587762	ENSG00000251027	LINC01950	long intergenic non-protein coding RNA 1950	NA	NA	NA
chr15	69700374	69700856	483	*	peak_10760	-1.12745263042212	1.37522635611324e-11	Exon (ENST00000558941.6/104472713, exon 5 of 5)	15	69692510	69695750	3241	1	104472713	ENST00000674248.1	7864	ENSG00000245750	PCAT29	prostate cancer associated transcript 29	NA	NA	NA
chr15	87348742	87349142	401	*	peak_11231	-1.344114334927	1.37792033377791e-11	Intron (ENST00000785490.1/102724465, intron 3 of 4)	15	87309680	87356536	46857	2	102724465	ENST00000785518.1	7394	NA	LOC102724465	uncharacterized LOC102724465	NA	NA	NA
chr1	234628036	234628434	399	*	peak_3425	-1.14435881643669	1.40657853837e-11	Promoter (<=1kb)	1	234629311	234634780	5470	1	100302691	ENST00000429269.1	-877	ENSG00000224939	LINC00184	long intergenic non-protein coding RNA 184	NA	NA	NA
chr20	12394536	12395089	554	*	peak_21193	-1.06300519722867	1.41545492613103e-11	Distal Intergenic	20	12245665	12318224	72560	2	107985406	ENST00000728195.1	-76312	NA	LOC107985406	uncharacterized LOC107985406	NA	NA	NA
chr8	55284385	55284895	511	*	peak_32423	-1.13995686257744	1.42179371891066e-11	Intron (ENST00000327381.7/114786, intron 1 of 2)	8	55161439	55164452	3014	1	105375844	ENST00000522559.2	122946	ENSG00000253857	LOC105375844	uncharacterized LOC105375844	NA	NA	NA
chr7	45638556	45639149	594	*	peak_31166	-1.24392744540612	1.42558659326393e-11	Intron (ENST00000432715.5/107, intron 5 of 9)	7	45648709	45680642	31934	1	107	ENST00000646653.1	-9560	ENSG00000164742	ADCY1	adenylate cyclase 1	NA	NA	NA
chr20	21526883	21527111	229	*	peak_21265	-1.61413684368821	1.44889273847353e-11	Distal Intergenic	20	21530122	21535665	5544	1	124904961	ENST00000671531.1	-3011	NA	BETALINC1	Beta cell long intergenic noncoding RNA 1	NA	NA	NA
chr17	51348082	51348549	468	*	peak_14744	-1.1871466186103	1.45424197524037e-11	Exon (ENST00000662469.1/440446, exon 4 of 4)	17	51337725	51342573	4849	1	440446	ENST00000656686.1	10357	ENSG00000267452	LINC02072	long intergenic non-protein coding RNA 2072	NA	NA	NA
chr4	36716896	36717294	399	*	peak_27576	-1.60689357408539	1.45424197524037e-11	Distal Intergenic	4	36548331	36641939	93609	2	105374400	ENST00000655716.2	-74957	NA	LINC02505	long intergenic non-protein coding RNA 2505	NA	NA	NA
chr3	43505355	43505655	301	*	peak_25496	-1.31458816796453	1.4715603574441e-11	Intron (ENST00000292246.8/55129, intron 11 of 12)	3	43366889	43555411	188523	2	55129	ENST00000448045.1	49756	ENSG00000160746	ANO10	anoctamin 10	NA	NA	NA
chr20	53435607	53436023	417	*	peak_22034	-1.39550166391383	1.47266690425952e-11	Intron (ENST00000371497.10/128553, intron 2 of 2)	20	53397661	53412910	15250	2	105372670	ENST00000436286.2	-22697	NA	LOC105372670	uncharacterized LOC105372670	NA	NA	NA
chr20	30420990	30421682	693	*	peak_21431	-1.19131217618492	1.48766963181015e-11	Distal Intergenic	20	30403123	30403384	262	2	140678	ENST00000418346.1	-17606	NA	MLLT10P1	MLLT10 pseudogene 1	NA	NA	NA
chr10	111603331	111603768	438	*	peak_5096	-1.3478901614203	1.52034758850691e-11	Intron (ENST00000829409.1/ENST00000829409.1, intron 1 of 1)	10	111479942	111556010	76069	1	105378485	ENST00000829553.1	123389	NA	LOC105378485	uncharacterized LOC105378485	NA	NA	NA
chr12	41616357	41616619	263	*	peak_7954	-1.39220605859798	1.53275771130721e-11	Intron (ENST00000779513.1/ENST00000779513.1, intron 1 of 2)	12	41552201	41606246	54046	2	107984498	ENST00000779516.1	-10111	NA	LOC107984498	uncharacterized LOC107984498	NA	NA	NA
chr3	97935733	97936182	450	*	peak_26190	-1.3431555685037	1.53427745755696e-11	Intron (ENST00000389622.7/131544, intron 18 of 21)	3	97945338	97947401	2064	2	84864	ENST00000503097.1	11219	ENSG00000170854	RIOX2	ribosomal oxygenase 2	NA	NA	NA
chr22	36608906	36609337	432	*	peak_23981	-1.20290429660554	1.54167645056695e-11	Intron (ENST00000300105.7/10369, intron 1 of 3)	22	36523115	36529184	6070	2	8664	ENST00000432675.4	-79722	ENSG00000100353	EIF3D	eukaryotic translation initiation factor 3 subunit D	NA	NA	NA
chr18	9966220	9966757	538	*	peak_16154	-1.09554528695089	1.54979760820106e-11	Distal Intergenic	18	9936727	9954477	17751	1	9218	ENST00000583475.1	29493	ENSG00000101558	VAPA	VAMP associated protein A	NA	NA	NA
chr8	135636592	135636869	278	*	peak_33026	-1.04631007048752	1.55395812103399e-11	Intron (ENST00000355849.10/10656, intron 7 of 8)	8	135646993	135656513	9521	1	10656	ENST00000522578.2	-10124	ENSG00000131773	KHDRBS3	KH RNA binding domain containing, signal transduction associated 3	NA	NA	NA
chr6	3872131	3872548	418	*	peak_29363	-1.36737691788175	1.56147156937022e-11	Intron (ENST00000648025.2/26240, intron 1 of 4)	6	3834990	3876265	41276	2	107986557	ENST00000780703.1	3717	NA	LOC107986557	uncharacterized LOC107986557	NA	NA	NA
chr20	9555779	9556151	373	*	peak_21182	-1.26873866145391	1.5655022853688e-11	Intron (ENST00000353224.10/57144, intron 7 of 9)	20	9562941	9571333	8393	1	105372523	ENST00000657954.2	-6790	NA	LOC105372523	uncharacterized LOC105372523	NA	NA	NA
chr15	60255396	60255739	344	*	peak_10511	-1.14301844892534	1.60044860658647e-11	Exon (ENST00000772875.1/105370839, exon 5 of 5)	15	60301254	60309406	8153	1	105370840	ENST00000718511.1	-45515	NA	LOC105370840	uncharacterized LOC105370840	NA	NA	NA
chr17	61834522	61835055	534	*	peak_14907	-1.2195180850665	1.60044860658647e-11	Intron (ENST00000682755.1/83990, intron 5 of 17)	17	61681480	61847220	165741	2	83990	ENST00000684584.1	12165	ENSG00000136492	BRIP1	BRCA1 interacting DNA helicase 1	NA	NA	NA
chr3	183937643	183938078	436	*	peak_26935	-1.14941513118238	1.60044860658647e-11	3' UTR	3	183925660	183942780	17121	2	10057	ENST00000443497.1	4702	ENSG00000114770	ABCC5	ATP binding cassette subfamily C member 5	NA	NA	NA
chr14	55796593	55797159	567	*	peak_9479	-1.25582546788342	1.60517570357273e-11	Promoter (<=1kb)	14	55781132	55796731	15600	2	645687	ENST00000647781.1	0	ENSG00000258791	LINC00520	long intergenic non-protein coding RNA 520	NA	NA	NA
chr1	5140797	5141300	504	*	peak_214	-1.36667784813541	1.61656230199863e-11	Distal Intergenic	1	5086459	5090899	4441	2	105376681	ENST00000443270.1	-49898	NA	LINC02782	long intergenic non-protein coding RNA 2782	NA	NA	NA
chr5	113352960	113353363	404	*	peak_28414	-1.25245803750915	1.62564050603264e-11	Intron (ENST00000416046.3/107986366, intron 1 of 4)	5	113323028	113436342	113315	1	107986366	ENST00000416046.3	29932	NA	LOC107986366	uncharacterized LOC107986366	NA	NA	NA
chr16	80114848	80115306	459	*	peak_13015	-1.31831575044538	1.6261453091659e-11	Intron (ENST00000567851.5/105371357, intron 2 of 3)	16	80161878	80168027	6150	1	105371357	ENST00000780160.1	-46572	NA	LOC105371357	uncharacterized LOC105371357	NA	NA	NA
chr2	207241111	207241595	485	*	peak_20336	-1.07061389771002	1.62662151929421e-11	Promoter (<=1kb)	2	207241380	207245892	4513	1	105373853	ENST00000758501.1	0	NA	MYOSLID	myocardin-induced smooth muscle lncRNA, inducer of differentiation	NA	NA	NA
chr4	123495556	123495945	390	*	peak_27813	-1.47199597267958	1.64057298528291e-11	Intron (ENST00000667633.1/ENST00000667633.1, intron 1 of 2)	4	123490268	123527582	37315	1	107986311	ENST00000503950.2	5288	NA	LINC02435	long intergenic non-protein coding RNA 2435	NA	NA	NA
chr8	62987137	62987592	456	*	peak_32460	-1.36025784958662	1.64057298528291e-11	Intron (ENST00000519049.6/286183, intron 5 of 5)	8	63013068	63014681	1614	1	107986946	ENST00000524309.1	-25476	NA	LOC107986946	uncharacterized LOC107986946	NA	NA	NA
chr5	53008725	53009097	373	*	peak_28268	-1.17200276577121	1.6429569227405e-11	Intron (ENST00000503810.6/3673, intron 1 of 28)	5	52932476	52990278	57803	2	121232372	ENST00000503559.1	-18447	ENSG00000249899	ITGA2-AS1	ITGA2 antisense RNA 1	NA	NA	NA
chr5	8812883	8813364	482	*	peak_28104	-1.44567086245922	1.6581636012733e-11	Intron (ENST00000796043.1/101929307, intron 2 of 2)	5	8839696	8848990	9295	1	101929284	ENST00000692589.2	-26332	ENSG00000250198	LINC02199	long intergenic non-protein coding RNA 2199	NA	NA	NA
chr4	38160325	38161302	978	*	peak_27589	-1.00386997435957	1.66754108582303e-11	Distal Intergenic	4	38155442	38157971	2530	1	124900693	ENST00000765088.1	4883	NA	LOC124900693	uncharacterized LOC124900693	NA	NA	NA
chr7	135529425	135529731	307	*	peak_31806	-2.30666754153844	1.66818759034667e-11	Distal Intergenic	7	135362231	135510145	147915	2	4850	ENST00000707062.1	-19280	ENSG00000080802	CNOT4	CCR4-NOT transcription complex subunit 4	NA	NA	NA
chr20	56153034	56153328	295	*	peak_22057	-1.11951882034139	1.68445334016183e-11	Distal Intergenic	20	56248732	56249815	1084	1	4159	ENST00000243911.2	-95404	ENSG00000124089	MC3R	melanocortin 3 receptor	NA	NA	NA
chr10	35938847	35939264	418	*	peak_3658	-1.10881488882948	1.69192747509988e-11	Intron (ENST00000767677.1/107984222, intron 1 of 4)	10	35928125	36050065	121941	1	107984222	ENST00000767678.1	10722	NA	LOC107984222	uncharacterized LOC107984222	NA	NA	NA
chr9	33633579	33634014	436	*	peak_33921	-1.42889649249122	1.6998432643774e-11	Distal Intergenic	9	33624274	33625293	1020	1	304	ENST00000435128.2	9305	NA	ANXA2P2	annexin A2 pseudogene 2	NA	NA	NA
chr6	126966071	126966469	399	*	peak_30116	-1.73353302064752	1.71521166959251e-11	Intron (ENST00000651326.1/105377989, intron 3 of 6)	6	126692609	126943904	251296	2	105377993	ENST00000651319.1	-22167	NA	LOC105377993	uncharacterized LOC105377993	NA	NA	NA
chr10	86857042	86857443	402	*	peak_4765	-1.51570063529896	1.73287601487381e-11	Intron (ENST00000713669.1/657, intron 2 of 12)	10	86943871	86944571	701	2	79812	ENST00000488950.1	87128	ENSG00000173269	MMRN2	multimerin 2	NA	NA	NA
chr2	26772754	26773164	411	*	peak_18608	-1.1398824815734	1.75226294197243e-11	Intron (ENST00000429494.5/54978, intron 1 of 4)	2	26764325	26781147	16823	1	54978	ENST00000414029.1	8429	ENSG00000213699	SLC35F6	solute carrier family 35 member F6	NA	NA	NA
chr2	229275414	229276031	618	*	peak_20513	-1.10826505575957	1.80464649062065e-11	Distal Intergenic	2	229023973	229271287	247315	2	55022	ENST00000392055.8	-4127	ENSG00000153823	PID1	phosphotyrosine interaction domain containing 1	NA	NA	NA
chr13	98706796	98707040	245	*	peak_9149	-1.70057922437788	1.80987101424211e-11	Intron (ENST00000376503.10/6564, intron 15 of 22)	13	98720527	98726567	6041	2	6564	ENST00000376494.1	19527	ENSG00000088386	SLC15A1	solute carrier family 15 member 1	NA	NA	NA
chr8	79807746	79808105	360	*	peak_32505	-1.06962968274808	1.85918970399641e-11	Intron (ENST00000502766.2/101927040, intron 3 of 5)	8	79800133	79800195	63	2	124902076	ENST00000458851.1	-7551	ENSG00000238884	LOC124902076	U7 small nuclear RNA	NA	NA	NA
chr6	31467652	31467996	345	*	peak_29528	-1.43571738529229	1.86959696447368e-11	Exon (ENST00000414046.3/10866, exon 2 of 2)	6	31463221	31477540	14320	1	10866	ENST00000718215.1	4431	ENSG00000206337	HCP5	HLA complex P5	NA	NA	NA
chr7	97964490	97965930	1441	*	peak_31591	-1.38224068764767	1.87270845887554e-11	Promoter (<=1kb)	7	97964405	97964481	77	2	100847017	ENST00000577959.1	-9	ENSG00000266668	MIR5692C2	microRNA 5692c-2	NA	NA	NA
chr17	58991746	58992229	484	*	peak_14865	-1.02712456926583	1.90408055167045e-11	Intron (ENST00000585287.5/4591, intron 4 of 4)	17	58982651	59012407	29757	2	4591	ENST00000583945.5	20178	ENSG00000108395	TRIM37	tripartite motif containing 37	NA	NA	NA
chr15	79954256	79954499	244	*	peak_11135	-1.43143962240996	1.90691933334676e-11	Intron (ENST00000718524.1/ENST00000718524.1, intron 1 of 1)	15	79960892	79971169	10278	2	597	ENST00000335661.6	16670	ENSG00000140379	BCL2A1	BCL2 related protein A1	NA	NA	NA
chr6	79223770	79223999	230	*	peak_30040	-1.57184672644941	1.90691933334676e-11	Intron (ENST00000703810.2/9324, intron 1 of 6)	6	79233699	79236797	3099	1	100288198	ENST00000604516.2	-9700	ENSG00000270362	HMGN3-AS1	HMGN3 antisense RNA 1	NA	NA	NA
chr20	49724714	49725155	442	*	peak_21896	-1.17110000983092	1.9092729562198e-11	Distal Intergenic	20	49632945	49713878	80934	2	9334	ENST00000371711.4	-10836	ENSG00000158470	B4GALT5	beta-1,4-galactosyltransferase 5	NA	NA	NA
chr10	51937892	51938205	314	*	peak_4039	-1.273998225923	1.91917766045059e-11	Intron (ENST00000401604.8/5592, intron 5 of 17)	10	52046748	52185074	138327	1	5592	ENST00000646354.1	-108543	ENSG00000185532	PRKG1	protein kinase cGMP-dependent 1	NA	NA	NA
chr11	10444775	10445191	417	*	peak_5815	-1.13915436918037	1.9334712253022e-11	Intron (ENST00000532250.5/272, intron 2 of 3)	11	10450321	10482168	31848	1	272	ENST00000529835.6	-5130	ENSG00000133805	AMPD3	adenosine monophosphate deaminase 3	NA	NA	NA
chr2	190169049	190169428	380	*	peak_20281	-1.77714758106802	1.94720978532127e-11	Intron (ENST00000490033.5/84281, intron 4 of 4)	2	190180482	190200209	19728	1	84281	ENST00000409870.1	-11054	ENSG00000187699	C2orf88	chromosome 2 open reading frame 88	NA	NA	NA
chr16	49431044	49431566	523	*	peak_12495	-1.18429752206321	1.99059279151082e-11	Intron (ENST00000849660.1/105371244, intron 1 of 6)	16	49365422	49452234	86813	2	105371244	ENST00000849660.1	20668	NA	LOC105371244	uncharacterized LOC105371244	NA	NA	NA
chr2	135701484	135701743	260	*	peak_20175	-1.38421345530703	2.02163550039728e-11	Intron (ENST00000683871.1/23518, intron 21 of 26)	2	135721509	135722547	1039	1	23518	ENST00000483065.1	-19766	ENSG00000048991	R3HDM1	R3H domain containing 1	NA	NA	NA
chr16	10638233	10638760	528	*	peak_11977	-1.02928224680474	2.02651461232199e-11	Intron (ENST00000574923.1/146279, intron 1 of 2)	16	10627501	10671778	44278	2	146279	ENST00000574923.1	33018	ENSG00000153060	TEKT5	tektin 5	NA	NA	NA
chr7	141280200	141280580	381	*	peak_31827	-1.50083813478154	2.04627662769844e-11	Intron (ENST00000565468.6/100507421, intron 2 of 3)	7	141481848	141502222	20375	1	100507421	ENST00000725520.1	-201268	ENSG00000261115	TMEM178B	transmembrane protein 178B	NA	NA	NA
chr20	5264126	5264511	386	*	peak_21163	-1.44020019294869	2.05124749142587e-11	Distal Intergenic	20	5299261	5316414	17154	2	128674	ENST00000217270.4	51903	ENSG00000101292	PROKR2	prokineticin receptor 2	NA	NA	NA
chr18	1581687	1582165	479	*	peak_16029	-1.37516593205005	2.0789697229828e-11	Intron (ENST00000746526.1/ENST00000746526.1, intron 2 of 4)	18	1513898	1522252	8355	2	105371960	ENST00000747084.1	-59435	ENSG00000297316	LOC105371960	uncharacterized LOC105371960	NA	NA	NA
chr9	87547766	87548200	435	*	peak_34177	-1.21454861733568	2.0789697229828e-11	Intron (ENST00000358077.9/1612, intron 2 of 25)	9	87553454	87554459	1006	1	100506897	ENST00000431813.1	-5254	ENSG00000236709	DAPK1-IT1	DAPK1 intronic transcript 1	NA	NA	NA
chr3	123791957	123792302	346	*	peak_26335	-1.26172358496363	2.09132936983438e-11	Promoter (1-2kb)	3	123614067	123793844	179778	2	4638	ENST00000686406.1	1542	ENSG00000065534	MYLK	myosin light chain kinase	NA	NA	NA
chr3	187562476	187563532	1057	*	peak_27000	-1.23811470572293	2.09221721824343e-11	Intron (ENST00000832464.1/ENST00000832464.1, intron 2 of 3)	3	187668912	187670394	1483	2	6750	ENST00000287641.4	106862	ENSG00000157005	SST	somatostatin	NA	NA	NA
chr6	126253550	126253829	280	*	peak_30115	-1.62231855634628	2.13567171141758e-11	Distal Intergenic	6	126177193	126202239	25047	1	60487	ENST00000444229.1	76357	ENSG00000066651	TRMT11	tRNA methyltransferase 11 homolog	NA	NA	NA
chr3	152487638	152488008	371	*	peak_26856	-1.37033527751315	2.13949555979419e-11	Intron (ENST00000778443.1/ENST00000778443.1, intron 3 of 3)	3	152457759	152496813	39055	2	105374163	ENST00000463255.1	8805	NA	LOC105374163	uncharacterized LOC105374163	NA	NA	NA
chr2	148616748	148617058	311	*	peak_20189	-1.59093840630635	2.14328255937786e-11	Intron (ENST00000724408.1/ENST00000724408.1, intron 1 of 1)	2	148644440	148788495	144056	1	26122	ENST00000457184.6	-27382	ENSG00000135999	EPC2	enhancer of polycomb homolog 2	NA	NA	NA
chr7	12066010	12066341	332	*	peak_30850	-1.466339550506	2.15033638046433e-11	Intron (ENST00000775347.1/124901589, intron 2 of 2)	7	11906344	12111719	205376	2	124901589	ENST00000775347.1	45378	NA	LOC124901589	uncharacterized LOC124901589	NA	NA	NA
chr1	27054443	27054819	377	*	peak_964	-1.06999031302556	2.1617361970455e-11	Intron (ENST00000763022.1/101928391, intron 4 of 4)	1	27045071	27045616	546	1	101928391	ENST00000763026.1	9372	NA	LOC101928391	uncharacterized LOC101928391	NA	NA	NA
chr1	88325655	88325881	227	*	peak_2147	-1.57454046146441	2.1617361970455e-11	Intron (ENST00000645056.2/ENST00000645056.2, intron 3 of 5)	1	87899454	88329083	429630	2	107985519	ENST00000643530.1	3202	NA	LINC01773	long intergenic non-protein coding RNA 1773	NA	NA	NA
chr3	16941106	16941628	523	*	peak_25289	-1.2622085401612	2.16493981386109e-11	Intron (ENST00000460467.1/23228, intron 1 of 2)	3	16933196	16933260	65	1	100500913	ENST00000579507.1	7910	ENSG00000283885	MIR3714	microRNA 3714	NA	NA	NA
chr10	130719033	130719530	498	*	peak_5415	-1.37071460382926	2.17450057925679e-11	Intron (ENST00000834093.1/ENST00000834093.1, intron 1 of 2)	10	130693875	130697079	3205	2	105378562	ENST00000760185.1	-21954	ENSG00000299058	LOC105378562	uncharacterized LOC105378562	NA	NA	NA
chr3	122250930	122251379	450	*	peak_26277	-1.60864047314331	2.18379789652528e-11	Intron (ENST00000639785.2/846, intron 1 of 6)	3	122253948	122285958	32011	1	846	ENST00000490131.7	-2569	ENSG00000036828	CASR	calcium sensing receptor	NA	NA	NA
chr7	30521558	30521999	442	*	peak_30911	-1.00737941986674	2.20529738772996e-11	Exon (ENST00000626245.1/ENST00000626245.1, exon 2 of 3)	7	30496623	30504841	8219	2	79017	ENST00000005374.10	-16717	ENSG00000006625	GGCT	gamma-glutamylcyclotransferase	NA	NA	NA
chr7	45306851	45307200	350	*	peak_31151	-1.08085487681853	2.21966854984277e-11	Promoter (<=1kb)	7	45306243	45325106	18864	1	124901624	ENST00000791570.1	608	ENSG00000303071	LOC124901624	uncharacterized LOC124901624	NA	NA	NA
chr2	29703180	29703742	563	*	peak_18716	-1.01331257598944	2.2613195380434e-11	Intron (ENST00000389048.8/238, intron 2 of 28)	2	29192777	29717700	524924	2	238	ENST00000618119.4	13958	ENSG00000171094	ALK	ALK receptor tyrosine kinase	NA	NA	NA
chr16	13721702	13722221	520	*	peak_12117	-1.22562611500286	2.2673946765283e-11	Intron (ENST00000740799.1/ENST00000740799.1, intron 1 of 2)	16	13730137	13779748	49612	2	124903645	ENST00000573369.5	57527	NA	LOC124903645	uncharacterized LOC124903645	NA	NA	NA
chr2	15352628	15353015	388	*	peak_18310	-1.25864389748982	2.27171669372971e-11	Promoter (<=1kb)	2	15166978	15352026	185049	2	51594	ENST00000700064.1	-602	ENSG00000151779	NBAS	NBAS subunit of NRZ tethering complex	NA	NA	NA
chr2	129228483	129229092	610	*	peak_20038	-1.19551598927899	2.27466961527716e-11	Distal Intergenic	2	129243151	129245050	1900	1	105373612	ENST00000762410.1	-14059	ENSG00000299294	LOC105373612	uncharacterized LOC105373612	NA	NA	NA
chrX	48794215	48794888	674	*	peak_35198	-1.01158825366527	2.28133435256718e-11	3' UTR	23	48801377	48824966	23590	1	10013	ENST00000423941.6	-6489	ENSG00000094631	HDAC6	histone deacetylase 6	NA	NA	NA
chr5	9156313	9156862	550	*	peak_28110	-1.10535326271443	2.28683035210269e-11	Intron (ENST00000382496.10/9037, intron 11 of 22)	5	9183267	9186402	3136	1	124901170	ENST00000847411.1	-26405	NA	LOC124901170	uncharacterized LOC124901170	NA	NA	NA
chr5	169126448	169127112	665	*	peak_29104	-1.11139384690351	2.33240894145669e-11	Intron (ENST00000790717.1/ENST00000790717.1, intron 2 of 2)	5	169030438	169037998	7561	1	728095	ENST00000508470.1	96010	NA	SLIT3-AS1	SLIT3 antisense RNA 1	NA	NA	NA
chr10	95394159	95394638	480	*	peak_4805	-1.01647786827147	2.41922267264067e-11	Exon (ENST00000371247.7/10580, exon 15 of 33)	10	95381413	95384285	2873	2	10580	ENST00000472854.5	-9874	ENSG00000095637	SORBS1	sorbin and SH3 domain containing 1	NA	NA	NA
chr12	97953924	97954733	810	*	peak_8303	-1.54369848782162	2.42542938949847e-11	Distal Intergenic	12	97939056	97939121	66	2	100616287	ENST00000577562.1	-14803	ENSG00000265861	MIR4495	microRNA 4495	NA	NA	NA
chr19	29487171	29487801	631	*	peak_17065	-1.06007387159987	2.44149701411109e-11	Intron (ENST00000804084.1/284395, intron 1 of 4)	19	29287009	29525503	238495	2	284395	ENST00000716172.1	37702	ENSG00000264515	VSTM2B-DT	VSTM2B divergent transcript	NA	NA	NA
chr22	25673833	25674060	228	*	peak_23623	-1.26096354402362	2.45173231900601e-11	Intron (ENST00000324198.11/157, intron 7 of 20)	22	25742144	26027766	285623	1	84700	ENST00000536101.5	-68084	ENSG00000133454	MYO18B	myosin XVIIIB	NA	NA	NA
chr5	31733384	31733717	334	*	peak_28186	-1.14277585622669	2.46592322119509e-11	Intron (ENST00000438447.2/23037, intron 1 of 24)	5	31712039	31799289	87251	1	23037	ENST00000513910.1	21345	ENSG00000133401	PDZD2	PDZ domain containing 2	NA	NA	NA
chr2	150625349	150625672	324	*	peak_20194	-1.50588251378295	2.50920422481014e-11	Intron (ENST00000440668.5/101929282, intron 1 of 2)	2	150628856	150635343	6488	1	101929282	ENST00000655103.1	-3184	ENSG00000224048	LINC02612	long intergenic non-protein coding RNA 2612	NA	NA	NA
chr5	169706820	169707487	668	*	peak_29108	-1.24398769966947	2.53192123033816e-11	Intron (ENST00000520908.7/1794, intron 14 of 51)	5	169703949	170083379	379431	1	1794	ENST00000523351.6	2871	ENSG00000134516	DOCK2	dedicator of cytokinesis 2	NA	NA	NA
chr11	34307956	34308627	672	*	peak_6011	-1.16560712222903	2.53755509487882e-11	Intron (ENST00000435224.3/25841, intron 1 of 16)	11	34150987	34358010	207024	2	25841	ENST00000435224.3	49383	ENSG00000166016	ABTB2	ankyrin repeat and BTB domain containing 2	NA	NA	NA
chr3	152742942	152743341	400	*	peak_26857	-1.4332185510761	2.58944873736857e-11	Intron (ENST00000767986.1/102724289, intron 2 of 2)	3	152835131	152841439	6309	1	5028	ENST00000305097.6	-91790	ENSG00000169860	P2RY1	purinergic receptor P2Y1	NA	NA	NA
chr12	118732622	118732904	283	*	peak_8507	-1.26892641586689	2.59515247274837e-11	Distal Intergenic	12	118758805	118761657	2853	2	105370014	ENST00000536572.1	28753	ENSG00000256750	LINC02423	long intergenic non-protein coding RNA 2423	NA	NA	NA
chr13	70812577	70812940	364	*	peak_9124	-1.70501950314352	2.6065229315121e-11	Intron (ENST00000816890.1/105370255, intron 2 of 4)	13	70765770	70901063	135294	1	105370255	ENST00000816890.1	46807	NA	LOC105370255	uncharacterized LOC105370255	NA	NA	NA
chr1	152683405	152683691	287	*	peak_2512	-1.32589246077696	2.60697131786471e-11	Intron (ENST00000802897.1/ENST00000802897.1, intron 1 of 2)	1	152686123	152687397	1275	1	26239	ENST00000368780.4	-2432	ENSG00000159455	LCE2B	late cornified envelope 2B	NA	NA	NA
chr22	25714798	25715119	322	*	peak_23624	-1.4854783640518	2.62588177241396e-11	Exon (ENST00000410653.1/ENST00000410653.1, exon 1 of 1)	22	25742144	26027766	285623	1	84700	ENST00000536101.5	-27025	ENSG00000133454	MYO18B	myosin XVIIIB	NA	NA	NA
chr8	60668878	60669271	394	*	peak_32452	-1.47240556409945	2.63129624703846e-11	Distal Intergenic	8	60678740	60868028	189289	1	55636	ENST00000423902.7	-9469	ENSG00000171316	CHD7	chromodomain helicase DNA binding protein 7	NA	NA	NA
chr5	37723460	37724017	558	*	peak_28211	-1.093012886666	2.63268624731536e-11	Promoter (<=1kb)	5	37722643	37752672	30030	1	55100	ENST00000507136.5	817	ENSG00000082068	WDR70	WD repeat domain 70	NA	NA	NA
chr7	94892674	94892988	315	*	peak_31580	-1.62412079111478	2.64556076319587e-11	Distal Intergenic	7	94907202	94910332	3131	1	55607	ENST00000413325.1	-14214	ENSG00000158528	PPP1R9A	protein phosphatase 1 regulatory subunit 9A	NA	NA	NA
chr2	28906316	28906898	583	*	peak_18691	-1.19398374356738	2.65397128226229e-11	Promoter (1-2kb)	2	28905006	28926485	21480	1	23160	ENST00000296126.6	1310	ENSG00000163811	WDR43	WD repeat domain 43	NA	NA	NA
chr2	45965886	45966455	570	*	peak_18897	-1.27039196330061	2.67162047117163e-11	Intron (ENST00000306156.8/5581, intron 2 of 14)	2	45962813	45965080	2268	1	124907761	ENST00000794297.1	3073	NA	LOC124907761	uncharacterized LOC124907761	NA	NA	NA
chr3	7505273	7505782	510	*	peak_24960	-1.43270851322284	2.69405021126431e-11	Intron (ENST00000467425.5/2917, intron 7 of 12)	3	7519739	7535284	15546	2	100873937	ENST00000420230.2	29502	ENSG00000236202	GRM7-AS1	GRM7 antisense RNA 1	NA	NA	NA
chr6	158134874	158135362	489	*	peak_30259	-1.43984246873155	2.69952364095573e-11	Intron (ENST00000647468.2/84947, intron 8 of 16)	6	158114826	158130486	15661	2	84947	ENST00000435180.6	-4388	ENSG00000122335	SERAC1	serine active site containing 1	NA	NA	NA
chr20	60268410	60268847	438	*	peak_22225	-1.26225424599511	2.74427569139324e-11	Intron (ENST00000839599.1/284757, intron 4 of 4)	20	60255785	60326141	70357	1	284757	ENST00000839624.1	12625	ENSG00000228340	MIR646HG	MIR646 host gene	NA	NA	NA
chr2	74917793	74918079	287	*	peak_19230	-1.12686021889265	2.74597790373947e-11	Promoter (<=1kb)	2	74918023	74943494	25472	1	102724515	ENST00000717897.1	0	ENSG00000204792	LINC01291	long intergenic non-protein coding RNA 1291	NA	NA	NA
chr1	40574706	40575122	417	*	peak_1566	-1.04705175504857	2.76607872162471e-11	Intron (ENST00000666986.1/ENST00000666986.1, intron 2 of 2)	1	40541314	40546708	5395	1	127396	ENST00000472043.1	33392	ENSG00000117010	ZNF684	zinc finger protein 684	NA	NA	NA
chr18	7808941	7809647	707	*	peak_16102	-1.01241993191998	2.85001539594395e-11	Intron (ENST00000332175.12/5797, intron 2 of 30)	18	7774140	8406858	632719	1	5797	ENST00000400060.8	34801	ENSG00000173482	PTPRM	protein tyrosine phosphatase receptor type M	NA	NA	NA
chr3	98778961	98779569	609	*	peak_26194	-1.29903767425664	2.86758989023843e-11	Intron (ENST00000265261.11/10402, intron 5 of 9)	3	98783511	98791993	8483	1	10402	ENST00000477899.5	-3942	ENSG00000064225	ST3GAL6	ST3 beta-galactoside alpha-2,3-sialyltransferase 6	NA	NA	NA
chr14	69853866	69854337	472	*	peak_9688	-1.05047610599997	2.8829014624475e-11	Promoter (<=1kb)	14	69854131	69952303	98173	1	64093	ENST00000555917.1	0	ENSG00000198732	SMOC1	SPARC related modular calcium binding 1	NA	NA	NA
chr22	34197376	34197839	464	*	peak_23905	-1.29372183020292	2.88703374009592e-11	Intron (ENST00000655904.1/105373010, intron 7 of 7)	22	34207859	34209534	1676	2	105373009	ENST00000658408.1	11695	ENSG00000224404	LL22NC03-13G6.2	uncharacterized LL22NC03-13G6.2	NA	NA	NA
chr5	151570073	151570460	388	*	peak_29030	-1.04106198480574	2.91091457296758e-11	Intron (ENST00000261800.6/2196, intron 1 of 23)	5	151504092	151591331	87240	2	2196	ENST00000261800.6	20871	ENSG00000086570	FAT2	FAT atypical cadherin 2	NA	NA	NA
chr17	10217839	10218289	451	*	peak_13627	-1.09304836319649	2.91711717562368e-11	Distal Intergenic	17	9910606	10198606	288001	2	8522	ENST00000432992.7	-19233	ENSG00000007237	GAS7	growth arrest specific 7	NA	NA	NA
chrX	39639890	39640270	381	*	peak_35170	-1.29566529686437	2.93472092583147e-11	Distal Intergenic	23	39661216	39661321	106	1	100500822	ENST00000580135.1	-20946	ENSG00000263730	MIR3937	microRNA 3937	NA	NA	NA
chr20	24316352	24317416	1065	*	peak_21345	-1.0274912245266	3.04157021930673e-11	Promoter (<=1kb)	20	24311847	24318047	6201	2	105372577	ENST00000753819.1	631	NA	LOC105372577	uncharacterized LOC105372577	NA	NA	NA
chr6	109623298	109623644	347	*	peak_30080	-1.39454263799323	3.09214007999654e-11	Intron (ENST00000424296.7/221264, intron 12 of 40)	6	109549684	109619201	69518	2	221264	ENST00000466992.1	-4097	ENSG00000155085	AK9	adenylate kinase 9	NA	NA	NA
chr19	43319615	43320280	666	*	peak_17583	-1.18544478330369	3.10152292781578e-11	Distal Intergenic	19	43323554	43331514	7961	2	128193286	ENST00000835421.1	11234	ENSG00000231412	LINC03078	long intergenic non-protein coding RNA 3078	NA	NA	NA
chr11	27293743	27294441	699	*	peak_5979	-1.14308794982752	3.11919656214037e-11	Distal Intergenic	11	27330827	27350424	19598	2	91057	ENST00000529615.1	55983	ENSG00000109881	CCDC34	coiled-coil domain containing 34	NA	NA	NA
chr22	26288081	26288360	280	*	peak_23641	-1.20624449886864	3.13194886958806e-11	Intron (ENST00000248933.11/23544, intron 1 of 16)	22	26292251	26380468	88218	1	23544	ENST00000402979.1	-3891	ENSG00000100095	SEZ6L	seizure related 6 homolog like	NA	NA	NA
chrX	48165271	48165854	584	*	peak_35184	-1.09477422673091	3.14911770928298e-11	Exon (ENST00000442971.1/ENST00000442971.1, exon 8 of 8)	23	48186775	48192381	5607	2	6758	ENST00000403001.3	26527	ENSG00000165583	SSX5	SSX family member 5	NA	NA	NA
chr7	38731319	38731722	404	*	peak_31019	-1.17975328986286	3.25499863784847e-11	Intron (ENST00000310301.9/27072, intron 25 of 28)	7	38726109	38727186	1078	2	27072	ENST00000490924.1	-4133	ENSG00000006715	VPS41	VPS41 subunit of HOPS complex	NA	NA	NA
chr16	21143249	21143520	272	*	peak_12181	-1.42474631835615	3.27800184059517e-11	Intron (ENST00000698260.1/55567, intron 4 of 61)	16	21134149	21136572	2424	2	55567	ENST00000575024.1	-6677	ENSG00000158486	DNAH3	dynein axonemal heavy chain 3	NA	NA	NA
chr11	134489706	134490096	391	*	peak_7413	-1.36019183592639	3.31147192385064e-11	Intron (ENST00000661684.2/283177, intron 3 of 3)	11	134497710	134505665	7956	1	283177	ENST00000777367.1	-7614	ENSG00000255545	B3GAT1-DT	B3GAT1 divergent transcript	NA	NA	NA
chr1	210710679	210710999	321	*	peak_3215	-1.36488556069647	3.38114016438323e-11	Intron (ENST00000367007.5/3756, intron 10 of 11)	1	210678418	210683929	5512	2	3756	ENST00000640625.1	-26750	ENSG00000143473	KCNH1	potassium voltage-gated channel subfamily H member 1	NA	NA	NA
chr2	162623990	162624369	380	*	peak_20226	-1.41348412905194	3.39054744308163e-11	Intron (ENST00000332142.10/90134, intron 2 of 15)	2	162501985	162528360	26376	2	90134	ENST00000477019.1	-95630	ENSG00000184611	KCNH7	potassium voltage-gated channel subfamily H member 7	NA	NA	NA
chr7	69381212	69381847	636	*	peak_31415	-1.04758602714129	3.39457207197543e-11	Intron (ENST00000435148.1/ENST00000435148.1, intron 1 of 2)	7	69387756	69393844	6089	2	124901667	ENST00000662641.1	11997	NA	LOC124901667	uncharacterized LOC124901667	NA	NA	NA
chr1	115323762	115324360	599	*	peak_2386	-1.15956068745149	3.40748013398171e-11	Exon (ENST00000793542.1/ENST00000793542.1, exon 3 of 3)	1	115285917	115338249	52333	2	4803	ENST00000369512.3	13889	ENSG00000134259	NGF	nerve growth factor	NA	NA	NA
chr22	49186552	49187166	615	*	peak_24809	-1.06648480692313	3.41242178186041e-11	Intron (ENST00000647629.1/ENST00000647629.1, intron 1 of 2)	22	49047491	49052549	5059	2	105373085	ENST00000667851.1	-134003	ENSG00000286381	NHIP	neuronal hypoxia inducible, placenta associated	NA	NA	NA
chr15	59681068	59681320	253	*	peak_10506	-1.80249405193619	3.50524437039672e-11	Promoter (<=1kb)	15	59669289	59680296	11008	2	663	ENST00000448414.5	-772	ENSG00000140299	BNIP2	BCL2 interacting protein 2	NA	NA	NA
chr22	27070195	27070651	457	*	peak_23667	-1.21351529545049	3.53685707864213e-11	Distal Intergenic	22	27057510	27061247	3738	2	284898	ENST00000658755.2	-8948	NA	LOC284898	uncharacterized LOC284898	NA	NA	NA
chr3	81072585	81073114	530	*	peak_26180	-1.43681880228947	3.60341739611328e-11	Intron (ENST00000690741.3/728290, intron 1 of 1)	3	81041570	81095325	53756	1	728290	ENST00000846366.1	31015	NA	LINC02027	long intergenic non-protein coding RNA 2027	NA	NA	NA
chr6	4865098	4865404	307	*	peak_29371	-1.99128516436284	3.60692553826398e-11	Intron (ENST00000328908.9/9425, intron 3 of 8)	6	4889992	4955551	65560	1	9425	ENST00000343762.5	-24588	ENSG00000153046	CDYL	chromodomain Y like	NA	NA	NA
chr8	57357228	57357936	709	*	peak_32437	-1.12215078740244	3.64516122086561e-11	Exon (ENST00000669544.1/101929488, exon 9 of 10)	8	57362512	57364860	2349	1	101929488	ENST00000802651.1	-4576	ENSG00000253871	LOC101929488	uncharacterized LOC101929488	NA	NA	NA
chr6	167467828	167468633	806	*	peak_30381	-1.05589428590987	3.65495930745723e-11	Intron (ENST00000841980.1/105378127, intron 1 of 3)	6	167459258	167465572	6315	2	105378127	ENST00000841984.1	-2256	ENSG00000309552	LOC105378127	uncharacterized LOC105378127	NA	NA	NA
chr9	38208435	38208910	476	*	peak_34073	-1.0303865988948	3.65495930745723e-11	Intron (ENST00000788307.1/107987064, intron 1 of 1)	9	38201960	38227014	25055	2	107987064	ENST00000788314.1	18104	NA	LOC107987064	uncharacterized LOC107987064	NA	NA	NA
chr11	16968912	16969668	757	*	peak_5890	-1.04017734048812	3.6750749820014e-11	Intron (ENST00000531066.6/144100, intron 3 of 26)	11	16854894	17013342	158449	2	144100	ENST00000529213.1	43674	ENSG00000166689	PLEKHA7	pleckstrin homology domain containing A7	NA	NA	NA
chr12	118108223	118108683	461	*	peak_8503	-1.04634689615914	3.70021938096489e-11	Intron (ENST00000542011.1/101928274, intron 3 of 3)	12	118063593	118104011	40419	2	54621	ENST00000359236.10	-4212	ENSG00000176834	VSIG10	V-set and immunoglobulin domain containing 10	NA	NA	NA
chr16	54298695	54299126	432	*	peak_12560	-1.36279730243009	3.71546904359563e-11	Exon (ENST00000720698.1/ENST00000720698.1, exon 2 of 2)	16	54283304	54286787	3484	2	79191	ENST00000329734.4	-11908	ENSG00000177508	IRX3	iroquois homeobox 3	NA	NA	NA
chr16	67055738	67056122	385	*	peak_12776	-1.40662650888456	3.73022825663521e-11	Intron (ENST00000651988.1/865, intron 3 of 5)	16	67036427	67066962	30536	1	865	ENST00000567947.1	19311	ENSG00000067955	CBFB	core-binding factor subunit beta	NA	NA	NA
chr21	17370319	17370755	437	*	peak_22594	-1.42994064076552	3.73790293046359e-11	Distal Intergenic	21	17438752	17449189	10438	1	100505929	ENST00000736547.1	-67997	ENSG00000232560	LINC01549	long intergenic non-protein coding RNA 1549	NA	NA	NA
chr2	30763221	30763702	482	*	peak_18743	-1.05741554843605	3.78105001480391e-11	Intron (ENST00000295055.12/92291, intron 6 of 22)	2	30743144	30751226	8083	2	92291	ENST00000465450.2	-11995	ENSG00000162949	CAPN13	calpain 13	NA	NA	NA
chr22	32753110	32753528	419	*	peak_23885	-1.07518202018046	3.84349189516487e-11	Intron (ENST00000358763.7/8224, intron 6 of 13)	22	32801705	32863041	61337	1	7078	ENST00000266085.7	-48177	ENSG00000100234	TIMP3	TIMP metallopeptidase inhibitor 3	NA	NA	NA
chr12	7511294	7511575	282	*	peak_7739	-1.24089660791809	3.939882600814e-11	Distal Intergenic	12	7470813	7503893	33081	2	9332	ENST00000359156.8	-7401	ENSG00000177575	CD163	CD163 molecule	NA	NA	NA
chr20	24149176	24149655	480	*	peak_21343	-1.06461794534852	3.96883434192654e-11	Intron (ENST00000669143.1/400839, intron 3 of 4)	20	24199766	24298484	98719	1	400839	ENST00000753591.1	-50111	ENSG00000230133	LINC01721	long intergenic non-protein coding RNA 1721	NA	NA	NA
chr6	90088051	90088383	333	*	peak_30056	-1.35558049883014	3.99816650998107e-11	Intron (ENST00000257749.9/60468, intron 5 of 8)	6	89975550	90062963	87414	2	60468	ENST00000695954.1	-25088	ENSG00000112182	BACH2	BTB domain and CNC homolog 2	NA	NA	NA
chr8	125854755	125855361	607	*	peak_32790	-1.1390049048139	4.06569633502917e-11	Intron (ENST00000651999.1/105375746, intron 5 of 7)	8	125859721	125951150	91430	2	100130231	ENST00000651667.1	95789	ENSG00000245164	LINC00861	long intergenic non-protein coding RNA 861	NA	NA	NA
chr10	21547425	21547852	428	*	peak_3566	-1.37348366608315	4.08319668523833e-11	Intron (ENST00000651097.1/8028, intron 2 of 5)	10	21534749	21595384	60636	1	8028	ENST00000479634.1	12676	ENSG00000078403	MLLT10	MLLT10 histone lysine methyltransferase DOT1L cofactor	NA	NA	NA
chr14	94435105	94435567	463	*	peak_9987	-1.27299232808997	4.10234773594855e-11	Intron (ENST00000811346.1/105370635, intron 2 of 2)	14	94450325	94462638	12314	1	105370635	ENST00000811350.1	-14758	ENSG00000256357	LOC105370635	uncharacterized LOC105370635	NA	NA	NA
chr12	4169103	4169483	381	*	peak_7617	-1.11702533529404	4.13294522672068e-11	Distal Intergenic	12	4109506	4135599	26094	2	124900317	ENST00000813175.1	-33504	NA	LOC124900317	uncharacterized LOC124900317	NA	NA	NA
chr13	77511627	77511882	256	*	peak_9127	-1.61358659053875	4.13924914554572e-11	Distal Intergenic	13	77535674	77645259	109586	1	8796	ENST00000535157.5	-23792	ENSG00000136155	SCEL	sciellin	NA	NA	NA
chr3	128516675	128516977	303	*	peak_26620	-1.1273348608503	4.17781173608335e-11	Intron (ENST00000740166.1/101927167, intron 2 of 2)	3	128479427	128493201	13775	2	2624	ENST00000341105.7	-23474	ENSG00000179348	GATA2	GATA binding protein 2	NA	NA	NA
chr6	143299723	143300074	352	*	peak_30155	-1.14835621781483	4.19142106140727e-11	Intron (ENST00000367601.8/51390, intron 5 of 5)	6	143382314	143383639	1326	1	107986656	ENST00000745873.1	-82240	NA	LOC107986656	uncharacterized LOC107986656	NA	NA	NA
chr6	113351175	113351716	542	*	peak_30093	-1.4352069377304	4.21975182867073e-11	Intron (ENST00000702129.2/107986637, intron 2 of 2)	6	113356999	113358168	1170	2	124901497	ENST00000835069.1	6452	ENSG00000289961	LOC124901497	uncharacterized LOC124901497	NA	NA	NA
chr3	10941891	10942272	382	*	peak_25034	-1.19363445582546	4.24602303650655e-11	Intron (ENST00000656787.1/105376950, intron 2 of 3)	3	10933966	10935397	1432	1	6538	ENST00000464828.1	7925	ENSG00000132164	SLC6A11	solute carrier family 6 member 11	NA	NA	NA
chr6	109925133	109925422	290	*	peak_30084	-1.26564757374034	4.34625111680118e-11	Distal Intergenic	6	109978256	109980718	2463	1	2830	ENST00000414000.3	-52834	ENSG00000146360	GPR6	G protein-coupled receptor 6	NA	NA	NA
chr4	57822972	57823486	515	*	peak_27679	-1.29477967464876	4.37773580366047e-11	Distal Intergenic	4	57841721	57855271	13551	1	105377670	ENST00000651343.1	-18235	NA	LOC105377670	uncharacterized LOC105377670	NA	NA	NA
chr4	4172832	4174280	1449	*	peak_27323	-1.19951846649393	4.38183806714261e-11	Distal Intergenic	4	4188726	4226929	38204	2	133060	ENST00000296358.5	52649	ENSG00000163982	OTOP1	otopetrin 1	NA	NA	NA
chr7	71494027	71494439	413	*	peak_31428	-1.34253399674843	4.39725542734364e-11	Intron (ENST00000333538.10/64409, intron 5 of 10)	7	71307672	71307770	99	2	100500836	ENST00000584357.2	-186257	ENSG00000265878	MIR3914-1	microRNA 3914-1	NA	NA	NA
chr2	216622554	216622980	427	*	peak_20358	-1.1687122753983	4.43604944254106e-11	Intron (ENST00000793257.1/124907977, intron 1 of 2)	2	216620839	216626363	5525	2	124907977	ENST00000793258.1	3383	NA	LOC124907977	uncharacterized LOC124907977	NA	NA	NA
chr8	22175471	22175753	283	*	peak_32097	-1.44078960392685	4.4366177281739e-11	Intron (ENST00000397814.7/649, intron 2 of 4)	8	22179697	22192334	12638	1	649	ENST00000523457.5	-3944	ENSG00000168487	BMP1	bone morphogenetic protein 1	NA	NA	NA
chr8	97275738	97276337	600	*	peak_32547	-1.24954747813939	4.5054952465702e-11	Promoter (1-2kb)	8	97273488	97277928	4441	2	85453	ENST00000322128.5	1591	ENSG00000180543	TSPYL5	TSPY like 5	NA	NA	NA
chr12	4724777	4725130	354	*	peak_7627	-1.04691534931843	4.58283436959043e-11	Intron (ENST00000648836.1/4704, intron 10 of 14)	12	4720400	4772726	52327	1	26290	ENST00000252318.7	4377	ENSG00000130035	GALNT8	polypeptide N-acetylgalactosaminyltransferase 8	NA	NA	NA
chr4	77505625	77506105	481	*	peak_27716	-1.359618347132	4.58283436959043e-11	Distal Intergenic	4	77511753	77611834	100082	1	10563	ENST00000286758.4	-5648	ENSG00000156234	CXCL13	C-X-C motif chemokine ligand 13	NA	NA	NA
chr5	87524389	87524691	303	*	peak_28368	-1.65358556122108	4.60031388937319e-11	Distal Intergenic	5	87394262	87413029	18768	2	902	ENST00000713562.1	-111360	ENSG00000134480	CCNH	cyclin H	NA	NA	NA
chr2	32805131	32805610	480	*	peak_18770	-1.26622720401891	4.60703561118038e-11	Intron (ENST00000317907.9/55622, intron 16 of 19)	2	32825261	32825882	622	1	285045	ENST00000717228.1	-19651	ENSG00000230876	LINC00486	long intergenic non-protein coding RNA 486	NA	NA	NA
chr11	26609132	26609626	495	*	peak_5974	-1.31957382355281	4.61250287473999e-11	Intron (ENST00000672621.1/63982, intron 18 of 27)	11	26559032	26572263	13232	2	143662	ENST00000529533.6	-36869	ENSG00000169550	MUC15	mucin 15, cell surface associated	NA	NA	NA
chr21	25064009	25064488	480	*	peak_22599	-1.27385963189308	4.62387090751382e-11	Intron (ENST00000424017.1/ENST00000424017.1, intron 2 of 3)	21	24840572	24853301	12730	1	339622	ENST00000659370.1	223437	ENSG00000226983	LINC01692	long intergenic non-protein coding RNA 1692	NA	NA	NA
chr20	37940836	37941224	389	*	peak_21669	-1.29457976064303	4.7243824025374e-11	Intron (ENST00000373459.4/128434, intron 1 of 1)	20	37869337	37915912	46576	2	124904896	ENST00000808192.1	-24924	NA	LOC124904896	uncharacterized LOC124904896	NA	NA	NA
chr1	110728737	110729005	269	*	peak_2318	-1.37496824385371	4.82610031414792e-11	Distal Intergenic	1	110751821	110765004	13184	2	105378901	ENST00000779754.1	35999	NA	LOC105378901	uncharacterized LOC105378901	NA	NA	NA
chr2	224058860	224059420	561	*	peak_20493	-1.27941321219989	4.84596113959554e-11	Distal Intergenic	2	224039423	224042353	2931	1	124907991	ENST00000848794.1	19437	ENSG00000310283	LOC124907991	uncharacterized LOC124907991	NA	NA	NA
chr1	184287066	184287568	503	*	peak_2907	-1.18107961864089	4.92474247721774e-11	Distal Intergenic	1	184208211	184214231	6021	2	124904467	ENST00000785553.1	-72835	NA	LOC124904467	uncharacterized LOC124904467	NA	NA	NA
chr1	24488136	24488702	567	*	peak_853	-1.08454724622391	4.92997081248157e-11	Distal Intergenic	1	24502351	24536800	34450	1	11123	ENST00000538532.6	-13649	ENSG00000117602	RCAN3	RCAN family member 3	NA	NA	NA
chr5	7410966	7411559	594	*	peak_28094	-1.07234659601338	4.95946262761598e-11	Intron (ENST00000338316.9/108, intron 1 of 24)	5	7414629	7522622	107994	1	108	ENST00000484965.5	-3070	ENSG00000078295	ADCY2	adenylate cyclase 2	NA	NA	NA
chr17	68381054	68381492	439	*	peak_15077	-1.04016833502286	4.97102775156174e-11	Intron (ENST00000448504.6/22901, intron 8 of 11)	17	68400156	68420665	20510	1	22901	ENST00000578554.1	-18664	ENSG00000141337	ARSG	arylsulfatase G	NA	NA	NA
chr1	36917451	36917717	267	*	peak_1419	-1.56320114229853	5.01137925819317e-11	Intron (ENST00000373091.8/2899, intron 1 of 15)	1	36849674	36859136	9463	2	2899	ENST00000462621.1	-58315	ENSG00000163873	GRIK3	glutamate ionotropic receptor kainate type subunit 3	NA	NA	NA
chr2	58030784	58031220	437	*	peak_18977	-1.23997843632514	5.05541835988661e-11	Intron (ENST00000648897.1/7444, intron 5 of 18)	2	58046642	58159920	113279	1	7444	ENST00000412104.6	-15422	ENSG00000028116	VRK2	VRK serine/threonine kinase 2	NA	NA	NA
chr10	30980715	30981298	584	*	peak_3624	-1.16076678786595	5.061325025112e-11	Intron (ENST00000436087.7/220929, intron 2 of 6)	10	30844634	30984426	139793	2	220929	ENST00000331737.10	3128	ENSG00000183621	ZNF438	zinc finger protein 438	NA	NA	NA
chr6	150293549	150293841	293	*	peak_30203	-1.31416069980949	5.06864619142035e-11	Exon (ENST00000806871.1/ENST00000806871.1, exon 2 of 2)	6	150300046	150306153	6108	1	105378054	ENST00000806628.1	-6205	NA	LOC105378054	uncharacterized LOC105378054	NA	NA	NA
chr6	29788736	29789398	663	*	peak_29477	-1.27043965777966	5.09099683627136e-11	Promoter (1-2kb)	6	29790954	29793101	2148	1	352962	ENST00000446817.1	-1556	ENSG00000290710	HLA-V	major histocompatibility complex, class I, V (pseudogene)	NA	NA	NA
chr16	72111676	72112152	477	*	peak_12932	-1.04637879573424	5.31020740322985e-11	Intron (ENST00000579387.5/9785, intron 11 of 11)	16	72108630	72109756	1127	1	9785	ENST00000569952.1	3046	ENSG00000140829	DHX38	DEAH-box helicase 38	NA	NA	NA
chr10	77419850	77420361	512	*	peak_4465	-1.00732689764075	5.31358686425667e-11	Intron (ENST00000639601.1/3778, intron 1 of 27)	10	76884878	77404025	519148	2	3778	ENST00000406533.7	-15825	ENSG00000156113	KCNMA1	potassium calcium-activated channel subfamily M alpha 1	NA	NA	NA
chr17	41160691	41161300	610	*	peak_14263	-1.24430622913341	5.33958231641598e-11	Promoter (<=1kb)	17	41159649	41160748	1100	2	84616	ENST00000390661.5	0	ENSG00000171396	KRTAP4-4	keratin associated protein 4-4	NA	NA	NA
chr2	188244459	188244744	286	*	peak_20276	-1.08284467682655	5.33958231641598e-11	Intron (ENST00000434418.2/104355152, intron 1 of 3)	2	188227820	188287634	59815	2	104355152	ENST00000415357.1	42890	ENSG00000231689	LINC01090	long intergenic non-protein coding RNA 1090	NA	NA	NA
chr12	97913001	97913370	370	*	peak_8302	-1.34287547488855	5.36880963059712e-11	Distal Intergenic	12	97939056	97939121	66	2	100616287	ENST00000577562.1	25751	ENSG00000265861	MIR4495	microRNA 4495	NA	NA	NA
chr13	113274348	113274597	250	*	peak_9277	-1.44075732991311	5.38723213519384e-11	Distal Intergenic	13	113262920	113262999	80	1	102465874	ENST00000614354.1	11428	ENSG00000277942	MIR8075	microRNA 8075	NA	NA	NA
chr1	208686817	208687291	475	*	peak_3185	-1.40637527366592	5.45084794932056e-11	Intron (ENST00000783296.1/105372892, intron 2 of 3)	1	208656328	208728440	72113	2	105372892	ENST00000783296.1	41149	NA	LOC105372892	uncharacterized LOC105372892	NA	NA	NA
chr5	6081859	6082275	417	*	peak_28073	-1.33645296598221	5.50921997744965e-11	Distal Intergenic	5	6310441	6337292	26852	2	401172	ENST00000507444.1	255017	ENSG00000250490	LINC02145	long intergenic non-protein coding RNA 2145	NA	NA	NA
chr18	74249206	74249573	368	*	peak_16462	-1.2191530836742	5.561476753285e-11	Exon (ENST00000775268.1/ENST00000775268.1, exon 1 of 2)	18	74253554	74261177	7624	2	1528	ENST00000579064.1	11604	ENSG00000166347	CYB5A	cytochrome b5 type A	NA	NA	NA
chr12	66814937	66815544	608	*	peak_8264	-1.33575366583815	5.59671776146069e-11	Intron (ENST00000643019.1/23426, intron 1 of 1)	12	66541872	66804186	262315	2	23426	ENST00000538373.1	-10751	ENSG00000155974	GRIP1	glutamate receptor interacting protein 1	NA	NA	NA
chr1	246632568	246632964	397	*	peak_3477	-1.384043954775	5.60505891842718e-11	Intron (ENST00000483271.1/163882, intron 4 of 7)	1	246568028	246609068	41041	2	105373271	ENST00000783270.1	-23500	NA	LOC105373271	uncharacterized LOC105373271	NA	NA	NA
chr20	21933400	21933804	405	*	peak_21273	-1.14455062759802	5.65842387918211e-11	Distal Intergenic	20	22054061	22074657	20597	1	100270679	ENST00000793534.1	-120257	ENSG00000234435	LINC01432	long intergenic non-protein coding RNA 1432	NA	NA	NA
chr16	4583980	4584271	292	*	peak_11864	-1.31597512898916	5.68909968161818e-11	Intron (ENST00000444310.5/342346, intron 7 of 15)	16	4556340	4600758	44419	1	342346	ENST00000444310.5	27640	ENSG00000205832	C16orf96	chromosome 16 open reading frame 96	NA	NA	NA
chr8	41807067	41807658	592	*	peak_32324	-1.09866922078636	5.74998593704424e-11	Intron (ENST00000265709.14/286, intron 1 of 42)	8	41797806	41801328	3523	1	105379392	ENST00000783855.1	9261	NA	LOC105379392	uncharacterized LOC105379392	NA	NA	NA
chr3	135105346	135105810	465	*	peak_26764	-1.4512510577201	5.77003276062484e-11	Intron (ENST00000398015.8/2047, intron 3 of 15)	3	135132792	135154402	21611	1	2047	ENST00000488992.1	-26982	ENSG00000154928	EPHB1	EPH receptor B1	NA	NA	NA
chr4	98110121	98110647	527	*	peak_27761	-1.28560449222628	5.77003276062484e-11	Intron (ENST00000295268.4/285555, intron 3 of 10)	4	97558872	98143476	584605	2	285555	ENST00000295268.4	32829	ENSG00000163116	STPG2	sperm tail PG-rich repeat containing 2	NA	NA	NA
chr10	52977474	52978072	599	*	peak_4041	-1.50651523702316	5.88152834155868e-11	Promoter (1-2kb)	10	52973488	52975815	2328	2	105378309	ENST00000444155.1	-1659	NA	LINC02672	long intergenic non-protein coding RNA 2672	NA	NA	NA
chr9	69452199	69452726	528	*	peak_34114	-1.2361511280588	5.9567552716116e-11	Exon (ENST00000699288.1/320, exon 8 of 12)	9	69456279	69467948	11670	2	320	ENST00000470082.2	15222	ENSG00000107282	APBA1	amyloid beta precursor protein binding family A member 1	NA	NA	NA
chr7	128313598	128313960	363	*	peak_31756	-1.18893320174915	6.06968309153578e-11	Promoter (1-2kb)	7	128313088	128314971	1884	2	55131	ENST00000495327.1	1011	ENSG00000106344	RBM28	RNA binding motif protein 28	NA	NA	NA
chr20	48908971	48909490	520	*	peak_21880	-1.28343741170359	6.11924502741871e-11	Distal Intergenic	20	48921711	49036693	114983	1	10564	ENST00000371917.5	-12221	ENSG00000124198	ARFGEF2	ARF guanine nucleotide exchange factor 2	NA	NA	NA
chr6	37099432	37099877	446	*	peak_29751	-1.2208037017417	6.15424202539995e-11	Exon (ENST00000740162.1/ENST00000740162.1, exon 2 of 2)	6	37170152	37175428	5277	1	5292	ENST00000373509.6	-70275	ENSG00000137193	PIM1	Pim-1 proto-oncogene, serine/threonine kinase	NA	NA	NA
chr5	128179470	128179813	344	*	peak_28461	-1.28935736500069	6.21622315640454e-11	Promoter (1-2kb)	5	128178380	128182921	4542	1	6558	ENST00000502849.1	1090	ENSG00000064651	SLC12A2	solute carrier family 12 member 2	NA	NA	NA
chr14	86169651	86170201	551	*	peak_9903	-1.2571459144586	6.26704402159396e-11	Distal Intergenic	14	86127727	86161500	33774	1	101928767	ENST00000655493.1	41924	ENSG00000258733	LINC02328	long intergenic non-protein coding RNA 2328	NA	NA	NA
chr7	66644748	66645125	378	*	peak_31387	-1.59140285233268	6.26947852132818e-11	Intron (ENST00000503687.2/27342, intron 3 of 12)	7	66638856	66642763	3908	1	154881	ENST00000640601.1	5892	ENSG00000243335	KCTD7	potassium channel tetramerization domain containing 7	NA	NA	NA
chr10	35215128	35215663	536	*	peak_3647	-1.06545645850421	6.3118106904169e-11	Distal Intergenic	10	35219894	35230598	10705	2	105376493	ENST00000439198.1	14935	NA	LINC02634	long intergenic non-protein coding RNA 2634	NA	NA	NA
chr8	12694512	12695392	881	*	peak_32014	-1.3011176076408	6.426381381945e-11	Distal Intergenic	8	12719132	12719190	59	1	100847038	ENST00000582551.2	-23740	ENSG00000264512	MIR5692A2	microRNA 5692a-2	NA	NA	NA
chr11	78595542	78595977	436	*	peak_7123	-1.30467587930978	6.42818574805546e-11	Intron (ENST00000751193.1/ENST00000751193.1, intron 2 of 2)	11	78436048	78575194	139147	2	79731	ENST00000695116.1	-20348	ENSG00000137513	NARS2	asparaginyl-tRNA synthetase 2, mitochondrial	NA	NA	NA
chr16	78949194	78949725	532	*	peak_13001	-1.04241330935616	6.49365780616741e-11	Intron (ENST00000683929.1/51741, intron 9 of 10)	16	79090049	79110882	20834	1	107984806	ENST00000736693.1	-140324	NA	LOC107984806	uncharacterized LOC107984806	NA	NA	NA
chr18	75982309	75982852	544	*	peak_16478	-1.11978693470682	6.55408196100081e-11	Intron (ENST00000728388.1/ENST00000728388.1, intron 2 of 3)	18	76050518	76052197	1680	2	124904339	ENST00000807360.1	69345	ENSG00000304954	LOC124904339	uncharacterized LOC124904339	NA	NA	NA
chr11	19191546	19192078	533	*	peak_5955	-1.02841845608841	6.57675081323441e-11	Intron (ENST00000265968.9/8048, intron 2 of 5)	11	19196741	19310726	113986	1	105376580	ENST00000850663.1	-4663	NA	CSRP3-AS1	CSRP3 and E2F8 antisense RNA 1	NA	NA	NA
chr2	237491802	237492407	606	*	peak_20714	-1.02959008484473	6.58387432958287e-11	Intron (ENST00000422695.5/79083, intron 3 of 5)	2	237487276	237553994	66719	1	79083	ENST00000409373.5	4526	ENSG00000115648	MLPH	melanophilin	NA	NA	NA
chr21	32071607	32071922	316	*	peak_22645	-1.18339688658591	6.66057609362083e-11	Distal Intergenic	21	32080321	32086037	5717	2	100551499	ENST00000831892.1	14115	NA	LINC00159	long intergenic non-protein coding RNA 159	NA	NA	NA
chr12	13771943	13772222	280	*	peak_7825	-1.21457473949066	6.712663559905e-11	Intron (ENST00000609686.4/2904, intron 3 of 13)	12	13833418	13838124	4707	1	105369667	ENST00000765875.1	-61196	ENSG00000299726	LOC105369667	uncharacterized LOC105369667	NA	NA	NA
chr2	12442497	12442895	399	*	peak_18294	-1.15817213014055	6.8573789873569e-11	Intron (ENST00000412294.6/100506457, intron 4 of 5)	2	12398042	12561213	163172	1	100506457	ENST00000840288.1	44455	ENSG00000224184	MIR3681HG	MIR3681 host gene	NA	NA	NA
chr2	101195726	101196182	457	*	peak_19484	-1.29372185128296	6.97929357207729e-11	Intron (ENST00000463469.5/11138, intron 1 of 4)	2	101151660	101155412	3753	1	100506286	ENST00000610202.2	44066	ENSG00000272902	TBC1D8-AS1	TBC1D8 antisense RNA 1	NA	NA	NA
chr5	5630515	5631030	516	*	peak_28069	-1.14654364140004	7.0208432240329e-11	Distal Intergenic	5	5688415	5691612	3198	1	105374634	ENST00000746502.1	-57385	NA	LOC105374634	uncharacterized LOC105374634	NA	NA	NA
chr3	104554507	104554835	329	*	peak_26213	-1.56079418136378	7.07860921720692e-11	Distal Intergenic	3	104394996	104523292	128297	2	105374021	ENST00000749799.1	-31215	NA	LOC105374021	uncharacterized LOC105374021	NA	NA	NA
chr14	73488128	73488529	402	*	peak_9754	-1.26625842755769	7.13303863800454e-11	Intron (ENST00000565094.1/399671, intron 1 of 1)	14	73490933	73493394	2462	1	79697	ENST00000304061.8	-2404	ENSG00000170468	RIOX1	ribosomal oxygenase 1	NA	NA	NA
chr10	99599219	99599608	390	*	peak_4890	-1.3254897888909	7.13381786982283e-11	Distal Intergenic	10	99610522	99619983	9462	2	81894	ENST00000700248.1	20375	ENSG00000155287	SLC25A28	solute carrier family 25 member 28	NA	NA	NA
chr3	125713331	125714273	943	*	peak_26372	-1.06330601177274	7.21109176784361e-11	Distal Intergenic	3	125758965	125797953	38989	1	112267908	ENST00000773771.1	-44692	NA	LOC112267908	translation initiation factor IF-2-like	NA	NA	NA
chr6	5190500	5190792	293	*	peak_29376	-1.48444379599831	7.26014384754684e-11	Intron (ENST00000468929.5/57128, intron 1 of 1)	6	5108473	5216738	108266	2	57128	ENST00000463032.5	25946	ENSG00000214113	LYRM4	LYR motif containing 4	NA	NA	NA
chr4	78839106	78839443	338	*	peak_27717	-1.40600135955615	7.37114160677327e-11	Intron (ENST00000389010.7/55589, intron 3 of 14)	4	78850892	78865773	14882	1	55589	ENST00000505725.1	-11449	ENSG00000138756	BMP2K	BMP2 inducible kinase	NA	NA	NA
chr18	8559691	8560067	377	*	peak_16119	-1.06836692061031	7.44153100457154e-11	Exon (ENST00000835483.1/ENST00000835483.1, exon 2 of 2)	18	8609437	8639383	29947	1	201475	ENST00000649141.2	-49370	ENSG00000206418	RAB12	RAB12, member RAS oncogene family	NA	NA	NA
chr3	36596479	36596752	274	*	peak_25342	-1.38420234003318	7.63089847054434e-11	Distal Intergenic	3	36528709	36529239	531	1	6769	ENST00000465064.1	67770	ENSG00000144681	STAC	SH3 and cysteine rich domain	NA	NA	NA
chr5	9914359	9914902	544	*	peak_28114	-1.33893377292217	7.70984402003013e-11	Distal Intergenic	5	9862876	9903869	40994	2	50834	ENST00000746077.1	-10490	ENSG00000169777	TAS2R1	taste 2 receptor member 1	NA	NA	NA
chr18	497079	497373	295	*	peak_16017	-1.27571326591575	7.7567765955798e-11	Intron (ENST00000400256.5/81035, intron 1 of 9)	18	316737	500701	183965	2	81035	ENST00000400256.5	3328	ENSG00000158270	COLEC12	collectin subfamily member 12	NA	NA	NA
chr10	75764654	75765187	534	*	peak_4453	-1.2004914706209	7.76726982058271e-11	Intron (ENST00000611255.5/83938, intron 2 of 6)	10	75782761	76557375	774615	1	83938	ENST00000372499.5	-17574	ENSG00000148655	LRMDA	leucine rich melanocyte differentiation associated	NA	NA	NA
chr1	233972886	233973307	422	*	peak_3415	-1.06111633849037	8.0539583962754e-11	Intron (ENST00000366618.8/148641, intron 2 of 7)	1	233904676	234324511	419836	1	148641	ENST00000366618.8	68210	ENSG00000183780	SLC35F3	solute carrier family 35 member F3	NA	NA	NA
chr1	241405851	241406134	284	*	peak_3457	-1.44568247539689	8.06693392448138e-11	Distal Intergenic	1	241357462	241363678	6217	1	124904601	ENST00000655181.1	48389	ENSG00000286496	LOC124904601	uncharacterized LOC124904601	NA	NA	NA
chr14	93059199	93059575	377	*	peak_9962	-1.49833361990624	8.18497445544752e-11	Intron (ENST00000354313.7/3705, intron 3 of 10)	14	92958234	93066358	108125	2	3705	ENST00000556185.5	6783	ENSG00000100605	ITPK1	inositol-tetrakisphosphate 1-kinase	NA	NA	NA
chr6	170512495	170513016	522	*	peak_30526	-1.18582118738522	8.19217037730726e-11	Intron (ENST00000722532.1/105378157, intron 1 of 3)	6	170454915	170524867	69953	2	105378157	ENST00000722532.1	11851	NA	LOC105378157	uncharacterized LOC105378157	NA	NA	NA
chr11	62268418	62268890	473	*	peak_6328	-1.37190353267733	8.26698487005727e-11	Promoter (1-2kb)	11	62270158	62272071	1914	1	4250	ENST00000525380.1	-1268	ENSG00000110484	SCGB2A2	secretoglobin family 2A member 2	NA	NA	NA
chr8	115293530	115293832	303	*	peak_32649	-1.13900924012181	8.30194543624498e-11	Intron (ENST00000748853.1/ENST00000748853.1, intron 2 of 4)	8	115414429	115492221	77793	2	7227	ENST00000518018.1	198389	ENSG00000104447	TRPS1	transcriptional repressor GATA binding 1	NA	NA	NA
chr7	66571719	66571928	210	*	peak_31386	-1.34806203238847	8.44409983737345e-11	Intron (ENST00000735800.1/493754, intron 2 of 3)	7	66554588	66576923	22336	2	493754	ENST00000428370.1	4995	ENSG00000291136	RABGEF1P1	RABGEF1 pseudogene 1	NA	NA	NA
chr16	20192499	20193144	646	*	peak_12166	-1.23297478250682	8.62825908984913e-11	Distal Intergenic	16	20220454	20255577	35124	2	102723396	ENST00000804517.1	62433	NA	LOC102723396	uncharacterized LOC102723396	NA	NA	NA
chr12	32051566	32051953	388	*	peak_7928	-1.01580050804177	8.67612638382565e-11	Distal Intergenic	12	32106847	32383633	276787	1	636	ENST00000548411.6	-54894	ENSG00000151746	BICD1	BICD cargo adaptor 1	NA	NA	NA
chr11	14861822	14862273	452	*	peak_5874	-1.29624708312154	8.68905770619856e-11	Intron (ENST00000282096.9/5140, intron 14 of 15)	11	14878012	14885841	7830	2	120227	ENST00000525015.1	23568	ENSG00000186104	CYP2R1	cytochrome P450 family 2 subfamily R member 1	NA	NA	NA
chr16	79972077	79972605	529	*	peak_13012	-1.07745827581283	8.75351731118909e-11	Distal Intergenic	16	80065836	80157655	91820	1	105371357	ENST00000567851.5	-93231	NA	LOC105371357	uncharacterized LOC105371357	NA	NA	NA
chr6	111207313	111207779	467	*	peak_30088	-1.13613550462354	8.87596019973659e-11	Intron (ENST00000368851.10/117247, intron 4 of 5)	6	111177212	111231194	53983	1	117247	ENST00000368850.4	30101	ENSG00000112394	SLC16A10	solute carrier family 16 member 10	NA	NA	NA
chr1	191487451	191487779	329	*	peak_2912	-1.69456104853945	8.93244684606843e-11	Distal Intergenic	1	191221159	191230175	9017	2	105371660	ENST00000738332.1	-257276	ENSG00000233882	LINC01680	long intergenic non-protein coding RNA 1680	NA	NA	NA
chr3	142905941	142906429	489	*	peak_26826	-1.12058912144495	9.04826486106353e-11	Distal Intergenic	3	142912116	142942536	30421	1	100507389	ENST00000658594.1	-5687	ENSG00000243818	HLMR1	hepatic lncRNA metabolic regulator 1	NA	NA	NA
chr5	149707101	149707616	516	*	peak_28930	-1.1549564083524	9.10124666035351e-11	Intron (ENST00000775945.1/105378224, intron 1 of 1)	5	149703063	149721739	18677	1	105378224	ENST00000775950.1	4038	NA	LOC105378224	uncharacterized LOC105378224	NA	NA	NA
chr5	62029428	62029749	322	*	peak_28313	-1.22155856590339	9.16612709042104e-11	Intron (ENST00000777178.1/105378998, intron 4 of 8)	5	61963943	61993583	29641	2	124900610	ENST00000777190.1	-35845	NA	LOC124900610	uncharacterized LOC124900610	NA	NA	NA
chr6	44920992	44921399	408	*	peak_29990	-1.51466856691606	9.36060827959211e-11	Intron (ENST00000475057.5/8464, intron 10 of 11)	6	44829767	44955510	125744	2	8464	ENST00000371458.1	34111	ENSG00000196284	SUPT3H	SPT3 homolog, SAGA and STAGA complex component	NA	NA	NA
chr7	99780687	99781191	505	*	peak_31626	-1.09847419229486	9.37436838489266e-11	Promoter (<=1kb)	7	99769535	99780053	10519	2	1576	ENST00000480043.1	-634	ENSG00000160868	CYP3A4	cytochrome P450 family 3 subfamily A member 4	NA	NA	NA
chr1	65434770	65435211	442	*	peak_2106	-1.2411945468531	9.38823806658392e-11	3' UTR	1	65420716	65436007	15292	1	54741	ENST00000613538.1	14054	ENSG00000213625	LEPROT	leptin receptor overlapping transcript	NA	NA	NA
chr12	13540825	13541196	372	*	peak_7823	-1.22256225823517	9.43350828380513e-11	3' UTR	12	13582031	13620077	38047	1	105369668	ENST00000652867.1	-40835	ENSG00000287928	LOC105369668	uncharacterized LOC105369668	NA	NA	NA
chr13	26988465	26988746	282	*	peak_9029	-1.29729605269658	9.57251018576343e-11	Intron (ENST00000637583.1/ENST00000637583.1, intron 2 of 2)	13	27045746	27055630	9885	2	105370124	ENST00000840714.1	66884	NA	LOC105370124	uncharacterized LOC105370124	NA	NA	NA
chr14	50018420	50018806	387	*	peak_9435	-1.03913924636124	9.67937689828487e-11	Intron (ENST00000635379.2/196913, intron 5 of 14)	14	50007300	50011442	4143	2	196913	ENST00000553463.2	-6978	ENSG00000214900	LINC01599	long intergenic non-protein coding RNA 1599	NA	NA	NA
chr9	96725540	96725984	445	*	peak_34414	-1.03518248439562	9.79035543123302e-11	Exon (ENST00000445872.2/ENST00000445872.2, exon 1 of 2)	9	96762947	96763693	747	2	22869	ENST00000472201.1	37709	ENSG00000081386	ZNF510	zinc finger protein 510	NA	NA	NA
chr1	180080479	180080776	298	*	peak_2833	-1.27162182782456	9.79952192574163e-11	3' UTR	1	180085580	180111192	25613	1	9857	ENST00000484356.6	-4804	ENSG00000135837	CEP350	centrosomal protein 350	NA	NA	NA
chr14	66267364	66267718	355	*	peak_9617	-1.37871175970111	1.01109583955102e-10	Exon (ENST00000654014.1/ENST00000654014.1, exon 5 of 5)	14	66411704	66498677	86974	1	440184	ENST00000641761.1	-143986	ENSG00000196553	CCDC196	coiled-coil domain containing 196	NA	NA	NA
chr1	40637397	40637877	481	*	peak_1569	-1.01171457472872	1.03634708767325e-10	Intron (ENST00000372684.8/9783, intron 3 of 7)	1	40659777	40666752	6976	1	105378675	ENST00000843681.1	-21900	NA	LOC105378675	uncharacterized LOC105378675	NA	NA	NA
chr11	112658519	112659141	623	*	peak_7169	-1.01730402391894	1.03634708767325e-10	Intron (ENST00000763467.1/101928823, intron 4 of 4)	11	112623284	112624567	1284	1	124902757	ENST00000763627.1	35235	NA	LOC124902757	uncharacterized LOC124902757	NA	NA	NA
chr4	41912563	41912849	287	*	peak_27613	-1.30427957312788	1.03776198259288e-10	Exon (ENST00000716837.1/105374426, exon 3 of 4)	4	41883060	41894579	11520	2	124900696	ENST00000510772.1	-17984	NA	LOC124900696	uncharacterized LOC124900696	NA	NA	NA
chr17	47636672	47636945	274	*	peak_14543	-1.09264459948357	1.03988159456871e-10	Intron (ENST00000840035.1/112268184, intron 1 of 5)	17	47621527	47630094	8568	2	112268184	ENST00000840044.1	-6578	ENSG00000263766	KPNB1-DT	KPNB1 divergent transcript	NA	NA	NA
chr17	39821975	39822332	358	*	peak_14230	-1.29523543812531	1.04895350154541e-10	Intron (ENST00000377958.7/22806, intron 3 of 6)	17	39765790	39864126	98337	2	22806	ENST00000346243.7	41794	ENSG00000161405	IKZF3	IKAROS family zinc finger 3	NA	NA	NA
chr16	83443777	83444643	867	*	peak_13071	-1.09406732214511	1.05381171473126e-10	Intron (ENST00000268613.14/1012, intron 7 of 14)	16	83383017	83399591	16575	2	105371368	ENST00000743241.1	-44186	NA	CDH13-AS1	CDH13 antisense RNA 1	NA	NA	NA
chr17	55390947	55391695	749	*	peak_14760	-1.09494424763994	1.06353656353687e-10	Distal Intergenic	17	55420092	55421797	1706	2	23531	ENST00000577038.1	30102	ENSG00000108960	MMD	monocyte to macrophage differentiation associated	NA	NA	NA
chr2	46872031	46872545	515	*	peak_18920	-1.10977174472664	1.06860732584475e-10	Exon (ENST00000759678.1/ENST00000759678.1, exon 1 of 2)	2	46865807	46913231	47425	1	124906004	ENST00000759083.1	6224	ENSG00000222005	LOC124906004	uncharacterized LOC124906004	NA	NA	NA
chr20	16917707	16918103	397	*	peak_21207	-1.08817811806058	1.06953957124346e-10	Distal Intergenic	20	16749360	16751782	2423	1	56914	ENST00000486129.1	168347	ENSG00000125879	OTOR	otoraplin	NA	NA	NA
chr2	158864103	158864908	806	*	peak_20214	-1.30793852990167	1.07687156082975e-10	Intron (ENST00000671005.1/ENST00000671005.1, intron 1 of 1)	2	158804298	158862781	58484	1	92196	ENST00000343761.4	59805	ENSG00000163331	DAPL1	death associated protein like 1	NA	NA	NA
chr6	36353341	36353914	574	*	peak_29719	-1.1118337272726	1.08072091865922e-10	Distal Intergenic	6	36315761	36336888	21128	2	389384	ENST00000437635.3	-16453	ENSG00000189325	BNIP5	BCL2 interacting protein 5	NA	NA	NA
chr10	21175931	21176323	393	*	peak_3560	-1.28259061329103	1.08553878618943e-10	Promoter (<=1kb)	10	20780050	21174931	394882	2	10529	ENST00000675700.1	-1000	ENSG00000078114	NEBL	nebulette	NA	NA	NA
chr17	74489614	74490058	445	*	peak_15296	-1.34315524702035	1.08553878618943e-10	Distal Intergenic	17	74464006	74467816	3811	2	124904056	ENST00000720623.1	-21798	ENSG00000294024	LOC124904056	uncharacterized LOC124904056	NA	NA	NA
chr9	132270186	132270594	409	*	peak_34849	-1.18188134345592	1.13938665391636e-10	Intron (ENST00000477049.1/23064, intron 2 of 4)	9	132261356	132275382	14027	2	23064	ENST00000477049.1	4788	ENSG00000107290	SETX	senataxin	NA	NA	NA
chr8	126934600	126934861	262	*	peak_32797	-1.23634038697648	1.14106213012159e-10	Intron (ENST00000645463.1/105375751, intron 5 of 6)	8	126939897	127006867	66971	1	105375751	ENST00000740018.1	-5036	ENSG00000253438	LOC105375751	uncharacterized LOC105375751	NA	NA	NA
chr4	54959703	54960144	442	*	peak_27651	-1.3075473787477	1.15805616121719e-10	Distal Intergenic	4	55012098	55014208	2111	2	124900703	ENST00000754306.1	54064	NA	LOC124900703	uncharacterized LOC124900703	NA	NA	NA
chr15	45650030	45650350	321	*	peak_10455	-1.26119114325161	1.15856359124676e-10	Intron (ENST00000564080.1/58472, intron 1 of 5)	15	45645881	45669946	24066	1	58472	ENST00000561493.5	4149	ENSG00000137767	SQOR	sulfide quinone oxidoreductase	NA	NA	NA
chr2	109693247	109693794	548	*	peak_19595	-1.01175114015105	1.164266478735e-10	Promoter (<=1kb)	2	109694214	109719738	25525	1	105373545	ENST00000732826.1	-420	NA	LOC105373545	uncharacterized LOC105373545	NA	NA	NA
chr14	72117286	72117991	706	*	peak_9725	-1.02437469718697	1.1887781175176e-10	Intron (ENST00000553525.6/9628, intron 2 of 17)	14	72144874	72164655	19782	2	124903343	ENST00000819220.1	46664	NA	LOC124903343	uncharacterized LOC124903343	NA	NA	NA
chr3	41598975	41599490	516	*	peak_25437	-1.18694174462788	1.20448006791308e-10	Intron (ENST00000301831.9/54986, intron 31 of 36)	3	41800133	41854911	54779	2	54986	ENST00000460406.1	255421	ENSG00000168038	ULK4	unc-51 like kinase 4	NA	NA	NA
chr16	5064822	5065203	382	*	peak_11903	-1.17704139300761	1.22649428237452e-10	Promoter (<=1kb)	16	5060224	5065919	5696	2	146556	ENST00000591875.1	716	ENSG00000153446	C16orf89	chromosome 16 open reading frame 89	NA	NA	NA
chr8	124866507	124866832	326	*	peak_32753	-1.09018353723507	1.22873421155579e-10	Promoter (1-2kb)	8	124868012	124951097	83086	1	157381	ENST00000667269.1	-1180	ENSG00000249816	LINC00964	long intergenic non-protein coding RNA 964	NA	NA	NA
chr5	39216722	39216979	258	*	peak_28226	-1.24294729471339	1.24388074565757e-10	Intron (ENST00000351578.12/2533, intron 1 of 17)	5	39105252	39219563	114312	2	2533	ENST00000351578.12	2584	ENSG00000082074	FYB1	FYN binding protein 1	NA	NA	NA
chr8	133830418	133830927	510	*	peak_32970	-1.49038727526834	1.25652147514421e-10	Distal Intergenic	8	133775551	133777352	1802	2	101927798	ENST00000517380.1	-53066	ENSG00000253165	LOC101927798	uncharacterized LOC101927798	NA	NA	NA
chr1	204699080	204699579	500	*	peak_3085	-1.31185295544582	1.25690722733167e-10	Distal Intergenic	1	204617170	204685738	68569	2	10446	ENST00000367177.4	-13342	ENSG00000170382	LRRN2	leucine rich repeat neuronal 2	NA	NA	NA
chr2	2858715	2858941	227	*	peak_18081	-1.47402875866704	1.26088614286189e-10	Distal Intergenic	2	2870558	2871231	674	2	124905968	ENST00000437610.1	12290	NA	LOC124905968	uncharacterized LOC124905968	NA	NA	NA
chr16	20782527	20783096	570	*	peak_12177	-1.30654179143748	1.26138714969921e-10	Promoter (<=1kb)	16	20783251	20796992	13742	1	6296	ENST00000567387.5	-155	ENSG00000005187	ACSM3	acyl-CoA synthetase medium chain family member 3	NA	NA	NA
chr4	89586392	89586686	295	*	peak_27753	-1.3418951912201	1.26721393292607e-10	Promoter (1-2kb)	4	89587866	89660355	72490	1	105377329	ENST00000512077.5	-1180	ENSG00000251095	LOC105377329	uncharacterized LOC105377329	NA	NA	NA
chr20	21763554	21764083	530	*	peak_21272	-1.04436168624813	1.3007591987312e-10	Intron (ENST00000768479.1/ENST00000768479.1, intron 1 of 3)	20	21708270	21709277	1008	1	5075	ENST00000485038.1	55284	ENSG00000125813	PAX1	paired box 1	NA	NA	NA
chr7	31971229	31971727	499	*	peak_30970	-1.13620250438098	1.31025326654137e-10	Intron (ENST00000396191.6/5137, intron 2 of 17)	7	31865017	31879284	14268	2	5137	ENST00000482681.5	-91945	ENSG00000154678	PDE1C	phosphodiesterase 1C	NA	NA	NA
chr8	52695315	52695734	420	*	peak_32407	-1.16620968802828	1.31025326654137e-10	Intron (ENST00000025008.10/9821, intron 1 of 23)	8	52622459	52714423	91965	2	9821	ENST00000435644.6	18689	ENSG00000023287	RB1CC1	RB1 inducible coiled-coil 1	NA	NA	NA
chr14	67820482	67821145	664	*	peak_9638	-1.04254619030098	1.32982246385861e-10	Promoter (<=1kb)	14	67819829	68730218	910390	1	5890	ENST00000488612.5	653	ENSG00000182185	RAD51B	RAD51 paralog B	NA	NA	NA
chr6	109686697	109687720	1024	*	peak_30081	-1.06776704415263	1.32982246385861e-10	Intron (ENST00000424296.7/221264, intron 1 of 40)	6	109641538	109690506	48969	2	221264	ENST00000448084.6	2786	ENSG00000155085	AK9	adenylate kinase 9	NA	NA	NA
chr20	55758145	55758637	493	*	peak_22054	-1.2357401911971	1.33885567887214e-10	Distal Intergenic	20	55626473	55745129	118657	2	107984001	ENST00000828110.1	-13016	ENSG00000287478	LOC107984001	uncharacterized LOC107984001	NA	NA	NA
chr2	19880060	19880885	826	*	peak_18383	-1.02803665011827	1.35535003477916e-10	Promoter (<=1kb)	2	19881446	19884336	2891	1	400946	ENST00000655598.1	-561	ENSG00000228784	LINC00954	long intergenic non-protein coding RNA 954	NA	NA	NA
chr5	63286854	63287136	283	*	peak_28315	-1.38435116990859	1.37615813485133e-10	Distal Intergenic	5	63957874	63962445	4572	2	3350	ENST00000323865.5	675309	ENSG00000178394	HTR1A	5-hydroxytryptamine receptor 1A	NA	NA	NA
chr7	105773084	105773446	363	*	peak_31710	-1.23726478452949	1.37864273702939e-10	Intron (ENST00000419735.8/222255, intron 3 of 11)	7	105613733	105691637	77905	2	222255	ENST00000472195.1	-81447	ENSG00000146776	ATXN7L1	ataxin 7 like 1	NA	NA	NA
chr6	159640020	159640592	573	*	peak_30282	-1.08324764288189	1.39633145694123e-10	Intron (ENST00000656085.1/ENST00000656085.1, intron 1 of 1)	6	159682461	159688348	5888	2	6648	ENST00000535459.5	47756	ENSG00000291237	SOD2	superoxide dismutase 2	NA	NA	NA
chr12	52419542	52419988	447	*	peak_8105	-1.02685787120162	1.39679591669828e-10	Intron (ENST00000548135.1/ENST00000548135.1, intron 2 of 2)	12	52393931	52406335	12405	2	3888	ENST00000257974.3	-13207	ENSG00000161850	KRT82	keratin 82	NA	NA	NA
chr1	43057144	43057587	444	*	peak_1681	-1.29451892910254	1.40660336430658e-10	Distal Intergenic	1	42980407	42983357	2951	1	440584	ENST00000755361.1	76737	ENSG00000227533	SLC2A1-DT	SLC2A1 divergent transcript	NA	NA	NA
chr2	134151388	134152551	1164	*	peak_20157	-1.09268587025501	1.43813262466056e-10	Intron (ENST00000481801.5/4249, intron 1 of 1)	2	134127125	134127192	68	1	100500878	ENST00000581102.1	24263	ENSG00000263813	MIR3679	microRNA 3679	NA	NA	NA
chr12	29000867	29001208	342	*	peak_7880	-1.18690808945088	1.44185398142044e-10	Distal Intergenic	12	29040645	29056674	16030	1	101928735	ENST00000821501.1	-39437	ENSG00000306838	LOC101928735	uncharacterized LOC101928735	NA	NA	NA
chr1	185484033	185484603	571	*	peak_2910	-1.05662810671176	1.44419330366888e-10	Intron (ENST00000753885.1/ENST00000753885.1, intron 2 of 2)	1	185478972	185530849	51878	1	107985239	ENST00000753887.1	5061	NA	LOC107985239	uncharacterized LOC107985239	NA	NA	NA
chr12	87690089	87690605	517	*	peak_8280	-1.30614297104403	1.4561519906588e-10	Distal Intergenic	12	87768814	87813114	44301	1	110806294	ENST00000841763.1	-78209	NA	LINC02258	long intergenic non-protein coding RNA 2258	NA	NA	NA
chr5	2131294	2131733	440	*	peak_28026	-1.24555017817904	1.45656136651321e-10	Distal Intergenic	5	2103097	2119926	16830	1	105374618	ENST00000663791.1	28197	NA	LOC105374618	uncharacterized LOC105374618	NA	NA	NA
chr15	79378466	79378739	274	*	peak_11128	-1.21383572672526	1.47252629814742e-10	Intron (ENST00000424155.6/23423, intron 2 of 2)	15	79432336	79472304	39969	1	23251	ENST00000305428.8	-53597	ENSG00000169330	MINAR1	membrane integral NOTCH2 associated receptor 1	NA	NA	NA
chr18	5052453	5052869	417	*	peak_16057	-1.26569465234481	1.54945750897139e-10	Intron (ENST00000814269.1/ENST00000814269.1, intron 1 of 1)	18	5081171	5098780	17610	1	105371969	ENST00000656896.1	-28302	ENSG00000265514	LINC01892	long intergenic non-protein coding RNA 1892	NA	NA	NA
chr3	54027437	54027785	349	*	peak_26065	-1.26551191356779	1.55433241184351e-10	Intron (ENST00000721706.1/105377095, intron 3 of 4)	3	53989532	54033868	44337	2	105377095	ENST00000721709.1	6083	NA	LOC105377095	uncharacterized LOC105377095	NA	NA	NA
chr3	122323101	122323329	229	*	peak_26278	-1.41497826299798	1.56697725607247e-10	Promoter (1-2kb)	3	122325248	122341969	16722	1	1475	ENST00000264474.4	-1919	ENSG00000121552	CSTA	cystatin A	NA	NA	NA
chr6	40135483	40136024	542	*	peak_29810	-1.14164027600133	1.57270493151844e-10	Distal Intergenic	6	40164641	40171649	7009	1	105375049	ENST00000752895.1	-28617	ENSG00000298093	LOC105375049	uncharacterized LOC105375049	NA	NA	NA
chr3	116238876	116239285	410	*	peak_26254	-1.26598726288145	1.57520920971814e-10	Intron (ENST00000490035.7/4045, intron 1 of 6)	3	116170784	116180495	9712	2	105374052	ENST00000835444.1	-58381	NA	LOC105374052	uncharacterized LOC105374052	NA	NA	NA
chr13	97683213	97683661	449	*	peak_9145	-1.23387729320695	1.58535917214281e-10	Distal Intergenic	13	97675011	97677963	2953	2	105370324	ENST00000437334.1	-5250	NA	LOC105370324	uncharacterized LOC105370324	NA	NA	NA
chr11	10997074	10997421	348	*	peak_5832	-1.28722253977777	1.60268283336141e-10	Intron (ENST00000837199.1/105379882, intron 2 of 4)	11	11020883	11183609	162727	1	105376550	ENST00000647635.1	-23462	ENSG00000254401	LINC02752	long intergenic non-protein coding RNA 2752	NA	NA	NA
chr20	24148427	24148977	551	*	peak_21342	-1.01816323876388	1.61659766936994e-10	Intron (ENST00000669143.1/400839, intron 3 of 4)	20	24199766	24298484	98719	1	400839	ENST00000753591.1	-50789	ENSG00000230133	LINC01721	long intergenic non-protein coding RNA 1721	NA	NA	NA
chr7	139657814	139658182	369	*	peak_31819	-1.09015136849232	1.61757125234185e-10	Intron (ENST00000406875.8/28996, intron 2 of 14)	7	139614146	139615762	1617	1	105375530	ENST00000769647.1	43668	NA	LOC105375530	uncharacterized LOC105375530	NA	NA	NA
chr7	48048119	48048543	425	*	peak_31227	-1.01179086510261	1.62524525189767e-10	Intron (ENST00000420324.5/136288, intron 5 of 8)	7	48035543	48061297	25755	1	136288	ENST00000348904.4	12576	ENSG00000164746	C7orf57	chromosome 7 open reading frame 57	NA	NA	NA
chr4	150061221	150061666	446	*	peak_27843	-1.487505984322	1.64088789749387e-10	Distal Intergenic	4	150078445	150257438	178994	1	166614	ENST00000296550.12	-16779	ENSG00000170390	DCLK2	doublecortin like kinase 2	NA	NA	NA
chr13	112381138	112381583	446	*	peak_9224	-1.03063854291444	1.64117571340759e-10	Promoter (<=1kb)	13	112382278	112434689	52412	1	122258	ENST00000375699.3	-695	ENSG00000153498	SPACA7	sperm acrosome associated 7	NA	NA	NA
chr18	2826672	2827101	430	*	peak_16036	-1.17169890342715	1.64117571340759e-10	Intron (ENST00000583546.1/ENST00000583546.1, intron 1 of 3)	18	2847006	2916003	68998	1	84034	ENST00000254528.4	-19905	ENSG00000132205	EMILIN2	elastin microfibril interfacer 2	NA	NA	NA
chr13	108924167	108924498	332	*	peak_9169	-1.5551533928644	1.64320725130928e-10	Intron (ENST00000356711.7/23026, intron 16 of 34)	13	108855296	108888477	33182	1	23026	ENST00000482793.1	68871	ENSG00000041515	MYO16	myosin XVI	NA	NA	NA
chr19	29819995	29820346	352	*	peak_17112	-1.04126479084895	1.64677999729554e-10	Promoter (1-2kb)	19	29821732	29824280	2549	1	898	ENST00000574121.1	-1386	ENSG00000105173	CCNE1	cyclin E1	NA	NA	NA
chr4	40887692	40888830	1139	*	peak_27610	-1.02211490773747	1.64814336497984e-10	Promoter (1-2kb)	4	40821983	40890425	68443	2	323	ENST00000512510.5	1595	ENSG00000163697	APBB2	amyloid beta precursor protein binding family B member 2	NA	NA	NA
chr10	68666495	68666759	265	*	peak_4079	-1.11631418045317	1.65445042868854e-10	Intron (ENST00000373644.5/80312, intron 6 of 11)	10	68721012	68742408	21397	1	55749	ENST00000536391.5	-54253	ENSG00000060339	CCAR1	cell division cycle and apoptosis regulator 1	NA	NA	NA
chr12	107567894	107568234	341	*	peak_8335	-1.81695027710796	1.66183739270812e-10	Intron (ENST00000420571.6/121551, intron 3 of 14)	12	107580650	107659642	78993	1	121551	ENST00000357167.8	-12416	ENSG00000151136	ABTB3	ankyrin repeat and BTB domain containing 3	NA	NA	NA
chr14	70355773	70356178	406	*	peak_9701	-1.37646550295018	1.66385819315284e-10	Intron (ENST00000389912.7/51241, intron 1 of 3)	14	70326282	70359590	33309	2	51241	ENST00000555601.1	3412	ENSG00000133983	COX16	cytochrome c oxidase assembly factor COX16	NA	NA	NA
chr2	210007927	210008265	339	*	peak_20346	-1.53494220015558	1.66385819315284e-10	Intron (ENST00000354506.10/6120, intron 1 of 4)	2	210002657	210019961	17305	1	6120	ENST00000435437.2	5270	ENSG00000197713	RPE	ribulose-5-phosphate-3-epimerase	NA	NA	NA
chr2	71052910	71053479	570	*	peak_19111	-1.280807951634	1.67413556950197e-10	Intron (ENST00000760310.1/79315, intron 2 of 2)	2	71068278	71070619	2342	1	55577	ENST00000497690.1	-14799	ENSG00000124357	NAGK	N-acetylglucosamine kinase	NA	NA	NA
chr15	32688114	32688665	552	*	peak_10302	-1.10704374389927	1.7031866305168e-10	Intron (ENST00000689909.1/114118903, intron 14 of 15)	15	32684440	32697096	12657	1	114118903	ENST00000475752.1	3674	ENSG00000288864	ARHGAP11A-SCG5	ARHGAP11A-SCG5 readthrough	NA	NA	NA
chr10	85430957	85431287	331	*	peak_4703	-1.38308869532184	1.70474174182875e-10	Promoter (1-2kb)	10	85431943	85432515	573	2	101929646	ENST00000444137.1	1228	NA	LINC02647	long intergenic non-protein coding RNA 2647	NA	NA	NA
chr19	28001575	28001812	238	*	peak_16997	-1.42603145910734	1.70938612837132e-10	Promoter (1-2kb)	19	27983224	28000359	17136	2	105372346	ENST00000749381.1	-1216	ENSG00000297628	LOC105372346	uncharacterized LOC105372346	NA	NA	NA
chr9	98883327	98883861	535	*	peak_34465	-1.23063220990557	1.71784991434048e-10	Distal Intergenic	9	98868985	98877362	8378	2	102724684	ENST00000764855.1	-5965	ENSG00000267026	LOC102724684	uncharacterized LOC102724684	NA	NA	NA
chr10	27654476	27654967	492	*	peak_3599	-1.54923089937766	1.74408213373362e-10	Distal Intergenic	10	27718563	27743545	24983	2	283078	ENST00000460919.2	88578	ENSG00000150051	MKX	mohawk homeobox	NA	NA	NA
chr7	100053178	100053539	362	*	peak_31629	-1.06196124746058	1.75157051701501e-10	Intron (ENST00000456748.6/7589, intron 1 of 4)	7	100056911	100064255	7345	1	7589	ENST00000477297.1	-3372	ENSG00000166529	ZSCAN21	zinc finger and SCAN domain containing 21	NA	NA	NA
chr2	241698992	241699282	291	*	peak_21000	-1.25888086848708	1.75876328618313e-10	Intron (ENST00000636051.1/84289, intron 2 of 7)	2	241702035	241712380	10346	1	84289	ENST00000492488.5	-2753	ENSG00000168395	ING5	inhibitor of growth family member 5	NA	NA	NA
chr16	48884734	48884976	243	*	peak_12480	-1.23547334758553	1.77895201348372e-10	Distal Intergenic	16	49088285	49114077	25793	2	105371241	ENST00000737824.1	229101	NA	LOC105371241	uncharacterized LOC105371241	NA	NA	NA
chr10	73205053	73205453	401	*	peak_4420	-1.23256459662069	1.80113650673103e-10	Intron (ENST00000242505.11/317662, intron 5 of 13)	10	73208692	73242180	33489	1	317662	ENST00000445951.5	-3239	ENSG00000138286	FAM149B1	family with sequence similarity 149 member B1	NA	NA	NA
chr5	108463954	108464254	301	*	peak_28391	-1.50673117916059	1.85632459699086e-10	Distal Intergenic	5	108481618	108528574	46957	1	105379114	ENST00000829859.1	-17364	NA	LOC105379114	uncharacterized LOC105379114	NA	NA	NA
chr16	78734517	78734834	318	*	peak_12998	-1.06563199624967	1.85747017206178e-10	Exon (ENST00000805124.1/ENST00000805124.1, exon 1 of 3)	16	78793584	78796362	2779	2	112268165	ENST00000655872.1	61528	ENSG00000286894	LOC112268165	uncharacterized LOC112268165	NA	NA	NA
chr1	56024103	56024533	431	*	peak_2064	-1.4002200426708	1.8909097756121e-10	Intron (ENST00000646266.1/105378737, intron 7 of 11)	1	56017724	56070515	52792	1	124904591	ENST00000745330.1	6379	NA	LOC124904591	uncharacterized LOC124904591	NA	NA	NA
chr14	65258349	65258828	480	*	peak_9596	-1.11843907350126	1.91196611340173e-10	Intron (ENST00000555736.1/ENST00000555736.1, intron 1 of 3)	14	65287977	65378390	90414	1	2530	ENST00000788187.1	-29149	ENSG00000033170	FUT8	fucosyltransferase 8	NA	NA	NA
chr3	64143394	64143796	403	*	peak_26118	-1.25744116368238	1.92114616488459e-10	Intron (ENST00000638394.2/166336, intron 7 of 7)	3	64145407	64155036	9630	2	166336	ENST00000640095.1	11240	ENSG00000163637	PRICKLE2	prickle planar cell polarity protein 2	NA	NA	NA
chr12	30419241	30419591	351	*	peak_7888	-1.17626189670924	1.92512778450403e-10	Intron (ENST00000810167.1/ENST00000810167.1, intron 1 of 3)	12	30320147	30320831	685	2	105369718	ENST00000801747.1	-98410	NA	LOC105369718	uncharacterized LOC105369718	NA	NA	NA
chr8	132909288	132909704	417	*	peak_32902	-1.11154435596072	1.94326514093995e-10	Intron (ENST00000220616.9/7038, intron 18 of 47)	8	132919440	133134827	215388	1	7038	ENST00000519178.5	-9736	ENSG00000042832	TG	thyroglobulin	NA	NA	NA
chr3	46241251	46241546	296	*	peak_25539	-1.31127044960834	1.94428505516291e-10	Promoter (<=1kb)	3	46242381	46266706	24326	1	1232	ENST00000545097.1	-835	ENSG00000183625	CCR3	C-C motif chemokine receptor 3	NA	NA	NA
chr14	87846991	87847462	472	*	peak_9908	-1.27508127636304	1.94633261108437e-10	Intron (ENST00000554305.5/ENST00000554305.5, intron 2 of 6)	14	87934772	87949899	15128	2	2581	ENST00000555179.1	102437	ENSG00000054983	GALC	galactosylceramidase	NA	NA	NA
chr2	172589000	172589295	296	*	peak_20244	-1.34028621990379	1.9466260288761e-10	Intron (ENST00000392571.6/5163, intron 10 of 11)	2	172570585	172595962	25378	1	5163	ENST00000466437.1	18415	ENSG00000152256	PDK1	pyruvate dehydrogenase kinase 1	NA	NA	NA
chr1	168636639	168637101	463	*	peak_2781	-1.01441992061155	1.94786918623492e-10	Intron (ENST00000823297.1/ENST00000823297.1, intron 1 of 1)	1	168575886	168641277	65392	2	105371604	ENST00000823814.1	4176	NA	LOC105371604	uncharacterized LOC105371604	NA	NA	NA
chr3	150719978	150720547	570	*	peak_26851	-1.22247204967479	1.94803608720383e-10	Exon (ENST00000771359.1/101928085, exon 4 of 4)	3	150707967	150719995	12029	1	101928085	ENST00000463755.1	12011	ENSG00000240137	ERICH6-AS1	ERICH6 antisense RNA 1	NA	NA	NA
chr1	183385547	183386066	520	*	peak_2898	-1.33850697987876	1.96833482980733e-10	Intron (ENST00000287713.7/23057, intron 1 of 10)	1	183248237	183418380	170144	2	23057	ENST00000287713.7	32314	ENSG00000157064	NMNAT2	nicotinamide nucleotide adenylyltransferase 2	NA	NA	NA
chr8	24222782	24223145	364	*	peak_32155	-1.16392835996847	1.98243743735638e-10	Intron (ENST00000521681.3/101929294, intron 3 of 6)	8	24294069	24311427	17359	1	10863	ENST00000523379.5	-70924	ENSG00000042980	ADAM28	ADAM metallopeptidase domain 28	NA	NA	NA
chr8	51351536	51352226	691	*	peak_32398	-1.12624849931787	1.98995135391416e-10	Intron (ENST00000356297.5/137902, intron 19 of 22)	8	51319931	51340185	20255	2	137902	ENST00000519183.1	-11351	ENSG00000147485	PXDNL	peroxidasin like	NA	NA	NA
chr4	23903964	23904442	479	*	peak_27552	-1.55850833480894	1.99011905735036e-10	Promoter (<=1kb)	4	23884499	23904089	19591	2	10891	ENST00000514494.1	0	ENSG00000109819	PPARGC1A	PPARG coactivator 1 alpha	NA	NA	NA
chr20	1370221	1370554	334	*	peak_21063	-1.39462155640686	2.00529994452833e-10	3' UTR	20	1368985	1376812	7828	2	2280	ENST00000474657.6	6258	ENSG00000088832	FKBP1A	FKBP prolyl isomerase 1A	NA	NA	NA
chr16	82470845	82471229	385	*	peak_13059	-1.11824558275626	2.01448576746925e-10	Distal Intergenic	16	82491738	82575490	83753	2	101928392	ENST00000650164.1	104261	ENSG00000261285	LOC101928392	uncharacterized LOC101928392	NA	NA	NA
chr12	118510300	118510725	426	*	peak_8505	-1.12984272228231	2.04117341185528e-10	Distal Intergenic	12	118403501	118411147	7647	1	64426	ENST00000360286.2	106799	ENSG00000111707	SUDS3	SDS3 homolog, SIN3A corepressor complex component	NA	NA	NA
chr8	132459181	132459655	475	*	peak_32887	-1.46188372810309	2.04589461481251e-10	Intron (ENST00000388996.10/3786, intron 1 of 14)	8	132128980	132447262	318283	2	3786	ENST00000521134.6	-11919	ENSG00000184156	KCNQ3	potassium voltage-gated channel subfamily Q member 3	NA	NA	NA
chr7	52902332	52902757	426	*	peak_31286	-1.05065144885314	2.04929491343659e-10	Distal Intergenic	7	52836098	52845027	8930	1	124901805	ENST00000814334.1	66234	NA	LOC124901805	uncharacterized LOC124901805	NA	NA	NA
chr2	222126719	222126938	220	*	peak_20480	-1.87584679372714	2.04936597435202e-10	Distal Intergenic	2	222202137	222221410	19274	2	5077	ENST00000555548.1	94472	ENSG00000135903	PAX3	paired box 3	NA	NA	NA
chr3	63508388	63508666	279	*	peak_26117	-1.23662449623898	2.04936597435202e-10	Intron (ENST00000478456.5/132204, intron 4 of 4)	3	63423596	63550051	126456	2	100874016	ENST00000488201.1	41385	ENSG00000241359	SYNPR-AS1	SYNPR antisense RNA 1	NA	NA	NA
chr14	73582236	73582485	250	*	peak_9758	-1.5966835300999	2.06138342323794e-10	Exon (ENST00000623547.1/ENST00000623547.1, exon 1 of 1)	14	73574304	73575201	898	1	10965	ENST00000557857.1	7932	ENSG00000119673	ACOT2	acyl-CoA thioesterase 2	NA	NA	NA
chr3	117510396	117510726	331	*	peak_26257	-1.4299186868575	2.06558263692026e-10	Intron (ENST00000717962.1/4045, intron 2 of 6)	3	117513196	117516519	3324	1	105374056	ENST00000797242.1	-2470	NA	LOC105374056	uncharacterized LOC105374056	NA	NA	NA
chr10	76622211	76622495	285	*	peak_4456	-1.52995790748839	2.08216513959697e-10	Distal Intergenic	10	76556387	76557357	971	1	83938	ENST00000493690.1	65824	ENSG00000148655	LRMDA	leucine rich melanocyte differentiation associated	NA	NA	NA
chr8	128597748	128598091	344	*	peak_32824	-1.26043449092212	2.08612079656247e-10	Intron (ENST00000834546.1/ENST00000834546.1, intron 2 of 2)	8	128559039	128564690	5652	2	101927774	ENST00000756798.1	-33058	NA	LINC00824	long intergenic non-protein coding RNA 824	NA	NA	NA
chr14	35927790	35928067	278	*	peak_9410	-1.83258107868144	2.09963238343201e-10	Intron (ENST00000551774.1/84312, intron 7 of 7)	14	35898448	36235609	337162	1	101101773	ENST00000818313.1	29342	ENSG00000257585	LINC00609	long intergenic non-protein coding RNA 609	NA	NA	NA
chr12	32163710	32163912	203	*	peak_7929	-1.36741976055542	2.10451861441227e-10	Intron (ENST00000548411.6/636, intron 1 of 8)	12	32104117	32107528	3412	2	120766143	ENST00000551974.1	-56182	ENSG00000257530	BICD1-AS1	BICD1 antisense RNA 1	NA	NA	NA
chr22	22863028	22863554	527	*	peak_23399	-1.01378594950732	2.10909226539798e-10	Distal Intergenic	22	22886267	22886379	113	1	100847006	ENST00000577998.1	-22713	ENSG00000264824	MIR5571	microRNA 5571	NA	NA	NA
chr13	113833869	113834448	580	*	peak_9307	-1.1860070301908	2.12584224954344e-10	Promoter (<=1kb)	13	113820549	113833741	13193	2	2621	ENST00000480426.5	-128	ENSG00000183087	GAS6	growth arrest specific 6	NA	NA	NA
chr17	52907749	52908126	378	*	peak_14754	-1.1270200188079	2.12584224954344e-10	Intron (ENST00000753157.1/105371831, intron 1 of 2)	17	52862569	52899598	37030	1	105371831	ENST00000753159.1	45180	ENSG00000226364	LINC02089	long intergenic non-protein coding RNA 2089	NA	NA	NA
chr5	43985435	43985778	344	*	peak_28257	-1.16189754663962	2.1848992355507e-10	Distal Intergenic	5	43677779	43704744	26966	1	23530	ENST00000503059.1	307656	ENSG00000112992	NNT	nicotinamide nucleotide transhydrogenase	NA	NA	NA
chr15	69689714	69690077	364	*	peak_10758	-1.32832463840425	2.20403096999396e-10	Intron (ENST00000646247.3/145837, intron 12 of 12)	15	69692510	69695750	3241	1	104472713	ENST00000674248.1	-2433	ENSG00000245750	PCAT29	prostate cancer associated transcript 29	NA	NA	NA
chr4	185305892	185306408	517	*	peak_27890	-1.1049048998402	2.20662196138076e-10	Intron (ENST00000618785.4/83891, intron 6 of 17)	4	185295827	185363510	67684	1	83891	ENST00000512853.5	10065	ENSG00000109762	SNX25	sorting nexin 25	NA	NA	NA
chr6	40762932	40763411	480	*	peak_29834	-1.05141758690002	2.21451870216253e-10	Distal Intergenic	6	40715514	40725369	9856	1	105375052	ENST00000771114.1	47418	ENSG00000300353	LOC105375052	uncharacterized LOC105375052	NA	NA	NA
chr18	7210408	7210802	395	*	peak_16086	-1.02472786549585	2.241820949923e-10	Distal Intergenic	18	7231089	7232044	956	1	339291	ENST00000383467.3	-20287	ENSG00000206422	LRRC30	leucine rich repeat containing 30	NA	NA	NA
chr11	36541020	36541383	364	*	peak_6035	-1.1277781969129	2.25956566034757e-10	Intron (ENST00000697713.1/5896, intron 1 of 2)	11	36515464	36593156	77693	1	5896	ENST00000534663.1	25556	ENSG00000166349	RAG1	recombination activating 1	NA	NA	NA
chr7	12256160	12256618	459	*	peak_30851	-1.71938619734253	2.27413682718391e-10	Distal Intergenic	7	12230179	12232413	2235	1	54664	ENST00000462754.2	25981	ENSG00000106460	TMEM106B	transmembrane protein 106B	NA	NA	NA
chr5	85452993	85453263	271	*	peak_28367	-1.42983037521767	2.27468321394865e-10	Distal Intergenic	5	85291407	85336266	44860	2	101929321	ENST00000730233.1	-116727	NA	LOC101929321	uncharacterized LOC101929321	NA	NA	NA
chr8	17164863	17165305	443	*	peak_32025	-1.11222872632162	2.30471956558268e-10	Intron (ENST00000262096.13/51201, intron 1 of 12)	8	17162799	17205704	42906	1	51201	ENST00000522184.1	2064	ENSG00000104219	ZDHHC2	zinc finger DHHC-type palmitoyltransferase 2	NA	NA	NA
chr5	15634854	15635330	477	*	peak_28146	-1.1144768978829	2.33116699091939e-10	Intron (ENST00000504595.2/23194, intron 2 of 3)	5	15553670	15619123	65454	2	101929472	ENST00000757355.1	-15731	NA	CTD-2350J17.1	uncharacterized LOC101929472	NA	NA	NA
chr22	34055724	34056109	386	*	peak_23902	-1.36729762672723	2.35670371711654e-10	Exon (ENST00000803099.1/ENST00000803099.1, exon 1 of 2)	22	34017478	34218796	201319	1	105373010	ENST00000657115.1	38246	ENSG00000236052	LINC01643	long intergenic non-protein coding RNA 1643	NA	NA	NA
chr1	161290713	161291174	462	*	peak_2738	-1.08519613385699	2.39804999027103e-10	Distal Intergenic	1	161305695	161306190	496	2	4359	ENST00000488271.1	15016	ENSG00000158887	MPZ	myelin protein zero	NA	NA	NA
chr3	72479776	72480190	415	*	peak_26164	-1.1038415538444	2.40881909582436e-10	Intron (ENST00000810549.1/105377160, intron 2 of 2)	3	72458728	72463575	4848	1	105377160	ENST00000810556.1	21048	ENSG00000305353	LOC105377160	uncharacterized LOC105377160	NA	NA	NA
chr22	45112283	45112596	314	*	peak_24570	-1.39623953625822	2.41236158031563e-10	Distal Intergenic	22	45133701	45139757	6057	2	100506714	ENST00000665704.1	27161	ENSG00000226328	NUP50-DT	NUP50 divergent transcript	NA	NA	NA
chr9	117121804	117122489	686	*	peak_34540	-1.47265432209576	2.44608949820496e-10	Intron (ENST00000313400.9/23245, intron 4 of 22)	9	117180628	117181095	468	2	100124538	ENST00000431607.1	58606	ENSG00000207268	SNORA70C	small nucleolar RNA, H/ACA box 70C	NA	NA	NA
chr22	32366897	32367299	403	*	peak_23872	-1.31006315366501	2.45985264187223e-10	Promoter (<=1kb)	22	32359906	32366557	6652	2	10737	ENST00000658273.1	-340	ENSG00000205853	RFPL3S	RFPL3 antisense	NA	NA	NA
chr18	80185069	80185917	849	*	peak_16575	-1.03396173853646	2.47287763248265e-10	Intron (ENST00000588950.1/ENST00000588950.1, intron 1 of 4)	18	80182856	80202881	20026	2	124904337	ENST00000463384.1	16964	NA	LOC124904337	uncharacterized LOC124904337	NA	NA	NA
chr7	41918350	41919071	722	*	peak_31034	-1.17384085751729	2.47316157624117e-10	Distal Intergenic	7	41972440	41977922	5483	2	2737	ENST00000464291.1	58851	ENSG00000106571	GLI3	GLI family zinc finger 3	NA	NA	NA
chr1	39185857	39186169	313	*	peak_1529	-1.23461380554619	2.48195022252352e-10	Intron (ENST00000361689.7/23499, intron 2 of 93)	1	39204695	39254375	49681	1	23499	ENST00000494012.1	-18526	ENSG00000127603	MACF1	microtubule actin crosslinking factor 1	NA	NA	NA
chr7	11780303	11780678	376	*	peak_30849	-1.20592809384076	2.49612367585386e-10	Intron (ENST00000423059.9/221981, intron 1 of 27)	7	11636612	11751353	114742	2	221981	ENST00000480061.1	-28950	ENSG00000005108	THSD7A	thrombospondin type 1 domain containing 7A	NA	NA	NA
chr5	145237681	145238150	470	*	peak_28865	-1.01126083532376	2.50146490098418e-10	Distal Intergenic	5	145366493	145381718	15226	2	153768	ENST00000759541.1	143568	ENSG00000186314	PRELID2	PRELI domain containing 2	NA	NA	NA
chr17	36005788	36006221	434	*	peak_14133	-1.48863952222329	2.53869943121274e-10	Intron (ENST00000619334.1/107985068, intron 1 of 1)	17	36009562	36011618	2057	1	107985068	ENST00000617328.1	-3341	NA	LOC107985068	uncharacterized LOC107985068	NA	NA	NA
chr3	186682850	186683309	460	*	peak_26994	-1.52213329128143	2.56615260320301e-10	Intron (ENST00000630178.2/ENST00000630178.2, intron 2 of 2)	3	186641535	186695982	54448	2	105374258	ENST00000630315.2	12673	NA	HRG-AS1	HRG and FETUB antisense RNA 1	NA	NA	NA
chr7	96400104	96400335	232	*	peak_31587	-1.50853839660652	2.59664500829778e-10	Intron (ENST00000768829.1/105375410, intron 1 of 1)	7	96426571	96428886	2316	1	105375410	ENST00000768830.1	-26236	NA	LOC105375410	uncharacterized LOC105375410	NA	NA	NA
chr6	13916968	13917402	435	*	peak_29413	-1.03519980066976	2.6147302470675e-10	Distal Intergenic	6	13924446	13977272	52827	1	221687	ENST00000488763.5	-7044	ENSG00000180537	RNF182	ring finger protein 182	NA	NA	NA
chr1	28425749	28425976	228	*	peak_1014	-1.78691627190963	2.63478648825628e-10	Intron (ENST00000633371.1/65979, intron 2 of 4)	1	28438151	28460286	22136	1	65979	ENST00000633167.1	-12175	ENSG00000204138	PHACTR4	phosphatase and actin regulator 4	NA	NA	NA
chr3	169760488	169760829	342	*	peak_26896	-1.43920566767241	2.64832297389868e-10	Distal Intergenic	3	169764610	169765047	438	2	7012	ENST00000363312.1	4218	ENSG00000277925	TERC	telomerase RNA component	NA	NA	NA
chr8	41340804	41341130	327	*	peak_32310	-1.27480389759483	2.64832297389868e-10	Distal Intergenic	8	41261962	41309473	47512	2	6422	ENST00000220772.8	-31331	ENSG00000104332	SFRP1	secreted frizzled related protein 1	NA	NA	NA
chr1	157284126	157284995	870	*	peak_2685	-1.13760163260169	2.65439342060491e-10	Downstream (<=300bp)	1	157287167	157287752	586	2	101928202	ENST00000723761.1	2757	NA	LOC101928202	SLAM family member 5	NA	NA	NA
chr1	56457885	56458471	587	*	peak_2067	-1.05003453189126	2.66105116882467e-10	Intron (ENST00000641494.1/124904185, intron 3 of 5)	1	56439846	56445776	5931	1	124904189	ENST00000775286.1	18039	NA	LOC124904189	uncharacterized LOC124904189	NA	NA	NA
chr11	119593464	119593929	466	*	peak_7274	-1.42372072228289	2.71718929269473e-10	Intron (ENST00000706409.1/100499227, intron 4 of 4)	11	119603215	119637058	33844	1	105369520	ENST00000706481.1	-9286	NA	LOC105369520	uncharacterized LOC105369520	NA	NA	NA
chr4	66802823	66803098	276	*	peak_27693	-1.5062366970666	2.72465566369799e-10	Distal Intergenic	4	66862902	66870848	7947	2	105377262	ENST00000849569.1	67750	NA	LOC105377262	uncharacterized LOC105377262	NA	NA	NA
chr12	4991415	4992103	689	*	peak_7637	-1.29086824705694	2.73805576900263e-10	Intron (ENST00000640877.1/100507560, intron 2 of 8)	12	4978870	5025590	46721	1	100507560	ENST00000639005.1	12545	NA	LOC100507560	uncharacterized LOC100507560	NA	NA	NA
chr8	49456857	49457233	377	*	peak_32395	-1.35813662727543	2.75631511397709e-10	Distal Intergenic	8	49496763	49512264	15502	2	100507464	ENST00000518854.2	55031	NA	LOC100507464	uncharacterized LOC100507464	NA	NA	NA
chr2	17844051	17844414	364	*	peak_18361	-1.19671307442929	2.76591075941516e-10	Intron (ENST00000750480.1/112267888, intron 3 of 4)	2	17804091	17849311	45221	2	112267888	ENST00000750483.1	4897	NA	LOC112267888	uncharacterized LOC112267888	NA	NA	NA
chr8	134512923	134513177	255	*	peak_32992	-1.17108812810151	2.78138484873935e-10	Promoter (1-2kb)	8	134509701	134511082	1382	2	57623	ENST00000522723.1	-1841	ENSG00000066827	ZFAT	zinc finger and AT-hook domain containing	NA	NA	NA
chr9	100718612	100718890	279	*	peak_34487	-1.39902048720575	2.81100578882072e-10	Distal Intergenic	9	100805641	100810122	4482	1	105376179	ENST00000747169.1	-86751	NA	LOC105376179	uncharacterized LOC105376179	NA	NA	NA
chr12	23139407	23139758	352	*	peak_7852	-1.28436900917685	2.86222215987855e-10	Intron (ENST00000538317.6/107984516, intron 10 of 11)	12	23175642	23188519	12878	1	107984516	ENST00000534841.1	-35884	ENSG00000256995	LINC02955	long intergenic non-protein coding RNA 2955	NA	NA	NA
chr4	82710022	82710538	517	*	peak_27725	-1.07615398938552	2.89588768087777e-10	Intron (ENST00000319540.9/79966, intron 1 of 4)	4	82753337	82753430	94	2	693160	ENST00000385013.1	42892	ENSG00000207746	MIR575	microRNA 575	NA	NA	NA
chr2	85111741	85112377	637	*	peak_19240	-1.17590039739677	2.92184340070035e-10	Distal Intergenic	2	85133392	85310387	176996	1	83439	ENST00000282111.4	-21015	ENSG00000152284	TCF7L1	transcription factor 7 like 1	NA	NA	NA
chr2	57443950	57444690	741	*	peak_18975	-1.15993989701168	2.96172523178071e-10	Intron (ENST00000811252.1/ENST00000811252.1, intron 2 of 4)	2	57544535	57544599	65	1	124900539	ENST00000390866.1	-99845	ENSG00000212168	LOC124900539	small nucleolar RNA SNORD78	NA	NA	NA
chr8	59786822	59787240	419	*	peak_32445	-1.22258998865149	2.96172523178071e-10	Distal Intergenic	8	59561327	59604774	43448	2	105375860	ENST00000521456.2	-182048	NA	LOC105375860	uncharacterized LOC105375860	NA	NA	NA
chr14	72683367	72683931	565	*	peak_9739	-1.07315397572199	3.05898051280149e-10	Intron (ENST00000556509.6/8110, intron 7 of 10)	14	72671000	72679302	8303	2	8110	ENST00000556891.5	-4065	ENSG00000205683	DPF3	double PHD fingers 3	NA	NA	NA
chr2	39492081	39492438	358	*	peak_18808	-1.07075851082879	3.11331276025359e-10	Intron (ENST00000659562.1/728730, intron 3 of 5)	2	39514146	39599539	85394	1	728730	ENST00000438649.5	-21708	ENSG00000231312	MAP4K3-DT	MAP4K3 divergent transcript	NA	NA	NA
chr2	105255785	105256101	317	*	peak_19520	-1.37505647437773	3.15733133436908e-10	Distal Intergenic	2	105249401	105251446	2046	2	9392	ENST00000609349.2	-4339	ENSG00000135966	TGFBRAP1	transforming growth factor beta receptor associated protein 1	NA	NA	NA
chr11	64293868	64294347	480	*	peak_6405	-1.02374941940007	3.20847604069854e-10	Promoter (1-2kb)	11	64292659	64299907	7249	1	50801	ENST00000539216.1	1209	ENSG00000182450	KCNK4	potassium two pore domain channel subfamily K member 4	NA	NA	NA
chr8	6040753	6041117	365	*	peak_31916	-1.35084624523077	3.23668612489264e-10	Distal Intergenic	8	6036433	6036974	542	2	105377796	ENST00000523090.1	-3779	NA	LOC105377796	uncharacterized LOC105377796	NA	NA	NA
chr2	196260094	196260505	412	*	peak_20291	-1.07244550378836	3.24037733859235e-10	Promoter (<=1kb)	2	196260114	196264204	4091	1	101927482	ENST00000433933.1	0	ENSG00000229056	HECW2-AS1	HECW2 antisense RNA 1	NA	NA	NA
chr9	80995744	80996146	403	*	peak_34147	-1.00830358957671	3.26333684827098e-10	Distal Intergenic	9	80868848	80922695	53848	2	107987085	ENST00000786374.1	-73049	NA	LOC107987085	uncharacterized LOC107987085	NA	NA	NA
chr4	79662721	79663072	352	*	peak_27718	-1.55304581136007	3.27290056254368e-10	Promoter (<=1kb)	4	79663761	79696837	33077	1	105377301	ENST00000506460.1	-689	NA	LINC02469	long intergenic non-protein coding RNA 2469	NA	NA	NA
chr3	14094404	14094895	492	*	peak_25203	-1.008171060744	3.27777620414907e-10	Intron (ENST00000772639.1/348825, intron 3 of 3)	3	14113144	14124749	11606	2	131474	ENST00000420103.1	29854	ENSG00000163528	CHCHD4	coiled-coil-helix-coiled-coil-helix domain containing 4	NA	NA	NA
chr15	62444508	62444944	437	*	peak_10523	-1.09831679875014	3.27994750188055e-10	Intron (ENST00000561322.1/83660, intron 1 of 1)	15	62453592	62618430	164839	1	83660	ENST00000561197.5	-8648	ENSG00000171914	TLN2	talin 2	NA	NA	NA
chr8	13687056	13687327	272	*	peak_32019	-1.33903073730715	3.29439091011418e-10	Intron (ENST00000763452.1/ENST00000763452.1, intron 1 of 1)	8	13629666	13631933	2268	1	102725080	ENST00000811231.1	57390	ENSG00000286798	LOC102725080	uncharacterized LOC102725080	NA	NA	NA
chr8	123828037	123828706	670	*	peak_32731	-1.20446883157379	3.36532443698039e-10	Distal Intergenic	8	123808929	123811455	2527	1	157769	ENST00000520246.1	19108	ENSG00000176853	FAM91A1	family with sequence similarity 91 member A1	NA	NA	NA
chr10	69213569	69213992	424	*	peak_4088	-1.23074532532072	3.36947093965694e-10	Distal Intergenic	10	69207776	69209099	1324	1	6832	ENST00000497254.1	5793	ENSG00000156502	SUPV3L1	Suv3 like RNA helicase	NA	NA	NA
chr15	99721242	99721722	481	*	peak_11414	-1.06345041643632	3.4368492248715e-10	Intron (ENST00000604213.1/145748, intron 1 of 2)	15	99727409	99732009	4601	2	145748	ENST00000479791.1	10287	ENSG00000183060	LYSMD4	LysM domain containing 4	NA	NA	NA
chr20	7505714	7506153	440	*	peak_21179	-1.03043763972678	3.43790119299486e-10	Distal Intergenic	20	7371608	7371692	85	1	102465865	ENST00000621515.1	134106	ENSG00000278159	MIR8062	microRNA 8062	NA	NA	NA
chr15	91555365	91555682	318	*	peak_11355	-1.42180325662625	3.46415225259811e-10	Intron (ENST00000761251.1/101926928, intron 2 of 2)	15	91472563	91653389	180827	1	101926928	ENST00000761256.1	82802	ENSG00000258551	CRAT37	cervical cancer-associated transcript 37	NA	NA	NA
chr8	73505736	73506094	359	*	peak_32496	-1.2714356253496	3.46834881558921e-10	Intron (ENST00000522695.5/27067, intron 10 of 11)	8	73420959	73458787	37829	2	27067	ENST00000522818.1	-46949	ENSG00000040341	STAU2	staufen double-stranded RNA binding protein 2	NA	NA	NA
chr2	17845974	17846354	381	*	peak_18362	-1.19567653013478	3.4731076283558e-10	Exon (ENST00000750481.1/112267888, exon 4 of 5)	2	17804091	17849311	45221	2	112267888	ENST00000750483.1	2957	NA	LOC112267888	uncharacterized LOC112267888	NA	NA	NA
chr17	69936234	69936736	503	*	peak_15096	-1.14477307753606	3.47823440505047e-10	Intron (ENST00000734471.1/102723487, intron 1 of 3)	17	69932050	69983541	51492	1	102723487	ENST00000734476.1	4184	ENSG00000237560	LINC01497	long intergenic non-protein coding RNA 1497	NA	NA	NA
chr13	48748822	48749461	640	*	peak_9100	-1.12275838132765	3.50875789025445e-10	Intron (ENST00000817141.1/ENST00000817141.1, intron 1 of 2)	13	48653929	48711226	57298	1	57105	ENST00000682523.1	94893	ENSG00000152207	CYSLTR2	cysteinyl leukotriene receptor 2	NA	NA	NA
chr6	3297029	3297394	366	*	peak_29351	-1.058680304411	3.5403655232987e-10	Intron (ENST00000451246.2/389362, intron 2 of 2)	6	3273356	3284120	10765	2	63027	ENST00000482874.1	-12909	ENSG00000137266	SLC22A23	solute carrier family 22 member 23	NA	NA	NA
chr8	112115135	112115479	345	*	peak_32641	-1.13963877352669	3.55431605261546e-10	Intron (ENST00000805473.1/ENST00000805473.1, intron 2 of 3)	8	112224048	112255928	31881	2	114788	ENST00000534172.1	140449	ENSG00000164796	CSMD3	CUB and Sushi multiple domains 3	NA	NA	NA
chr3	20054528	20054925	398	*	peak_25293	-1.13396923619473	3.59439711988624e-10	Intron (ENST00000263754.5/8850, intron 1 of 17)	3	20040698	20101113	60416	1	8850	ENST00000426228.1	13830	ENSG00000114166	KAT2B	lysine acetyltransferase 2B	NA	NA	NA
chr9	106450533	106450833	301	*	peak_34497	-1.26157935485412	3.61070287264051e-10	Promoter (<=1kb)	9	106450725	106667156	216432	1	100996590	ENST00000788730.1	0	ENSG00000234323	LINC01505	long intergenic non-protein coding RNA 1505	NA	NA	NA
chr11	62071506	62071793	288	*	peak_6320	-1.41735781342773	3.61601039179915e-10	Intron (ENST00000658933.1/100507521, intron 1 of 2)	11	62049863	62081968	32106	2	100507521	ENST00000658933.1	10175	ENSG00000255553	LINC02733	long intergenic non-protein coding RNA 2733	NA	NA	NA
chr3	65338626	65338989	364	*	peak_26123	-1.14040631398662	3.64381840208815e-10	Distal Intergenic	3	65375765	65380831	5067	2	9223	ENST00000480729.1	41842	ENSG00000151276	MAGI1	membrane associated guanylate kinase, WW and PDZ domain containing 1	NA	NA	NA
chr5	5888312	5888723	412	*	peak_28071	-1.29522906985337	3.65659129711762e-10	Distal Intergenic	5	5688805	5694742	5938	1	105374634	ENST00000659085.1	199507	NA	LOC105374634	uncharacterized LOC105374634	NA	NA	NA
chr13	21917212	21917827	616	*	peak_9006	-1.02660174998858	3.68766114744608e-10	Distal Intergenic	13	21872764	21878262	5499	2	100874182	ENST00000413124.4	-38950	ENSG00000226722	LINC00424	long intergenic non-protein coding RNA 424	NA	NA	NA
chr4	135382126	135382615	490	*	peak_27826	-1.19891863947994	3.70445132450309e-10	Distal Intergenic	4	135315418	135315522	105	2	124900883	ENST00000636360.1	-66604	ENSG00000283432	LOC124900883	U6 spliceosomal RNA	NA	NA	NA
chr13	111875926	111876464	539	*	peak_9207	-1.11753197152791	3.72171451156955e-10	Intron (ENST00000663211.1/101928616, intron 1 of 1)	13	111865136	111900934	35799	1	101928616	ENST00000663211.1	10790	ENSG00000226903	LINC00354	long intergenic non-protein coding RNA 354	NA	NA	NA
chr1	169621004	169621419	416	*	peak_2784	-1.27608808984324	3.75590542606464e-10	Promoter (1-2kb)	1	169588849	169619219	30371	2	6403	ENST00000426706.6	-1785	ENSG00000174175	SELP	selectin P	NA	NA	NA
chr12	111249500	111250142	643	*	peak_8392	-1.07725977501663	3.78416479081578e-10	Intron (ENST00000261726.11/23316, intron 3 of 21)	12	111214301	111270654	56354	1	23316	ENST00000551604.2	35199	ENSG00000111249	CUX2	cut like homeobox 2	NA	NA	NA
chr3	108031750	108032246	497	*	peak_26223	-1.00383642130421	3.81193075031686e-10	Intron (ENST00000849537.1/ENST00000849537.1, intron 1 of 1)	3	108033831	108035892	2062	2	124906265	ENST00000849538.1	3646	NA	LOC124906265	uncharacterized LOC124906265	NA	NA	NA
chr5	2402761	2403113	353	*	peak_28038	-1.54245256733725	3.81193075031686e-10	Distal Intergenic	5	2299705	2335065	35361	2	100506858	ENST00000800853.1	-67696	ENSG00000304180	LOC100506858	uncharacterized LOC100506858	NA	NA	NA
chr14	70057471	70057845	375	*	peak_9696	-1.07709897312537	3.83503497277658e-10	Intron (ENST00000356921.7/6547, intron 3 of 6)	14	70059106	70060939	1834	2	6547	ENST00000533899.1	3094	ENSG00000100678	SLC8A3	solute carrier family 8 member A3	NA	NA	NA
chr11	132911335	132911701	367	*	peak_7387	-1.30128586924962	3.84602441483437e-10	Intron (ENST00000331898.11/4978, intron 1 of 6)	11	132657087	132943010	285924	2	4978	ENST00000525412.1	31309	ENSG00000183715	OPCML	opioid binding protein/cell adhesion molecule like	NA	NA	NA
chr8	114783893	114784228	336	*	peak_32648	-1.40285320106126	3.8568883756268e-10	Distal Intergenic	8	114934535	114970610	36076	2	107986901	ENST00000786408.1	186382	NA	LOC107986901	uncharacterized LOC107986901	NA	NA	NA
chr1	65211270	65211603	334	*	peak_2103	-1.19870496823263	3.87824553547592e-10	Intron (ENST00000497030.5/205, intron 3 of 5)	1	65248219	65366194	117976	1	9829	ENST00000463018.5	-36616	ENSG00000116675	DNAJC6	DnaJ heat shock protein family (Hsp40) member C6	NA	NA	NA
chr2	228600287	228600593	307	*	peak_20511	-1.30825685206281	3.88586292801217e-10	Intron (ENST00000665053.1/101928765, intron 2 of 5)	2	228548153	228611311	63159	2	101928765	ENST00000758126.1	10718	ENSG00000232023	LINC01807	long intergenic non-protein coding RNA 1807	NA	NA	NA
chr2	113083289	113083679	391	*	peak_19660	-1.31843891224697	3.9192419178952e-10	Distal Intergenic	2	113074539	113075739	1201	1	84639	ENST00000496265.1	8750	ENSG00000136697	IL1F10	interleukin 1 family member 10	NA	NA	NA
chr12	93361592	93361963	372	*	peak_8289	-1.23466847318778	3.92160218515348e-10	Intron (ENST00000754393.1/643339, intron 1 of 7)	12	93215582	93376616	161035	2	643339	ENST00000754510.1	14653	NA	LOC643339	uncharacterized LOC643339	NA	NA	NA
chr12	41993222	41993748	527	*	peak_7955	-1.254188827539	3.96915549913218e-10	Intron (ENST00000666044.1/105378247, intron 1 of 4)	12	41979053	42024267	45215	2	105378247	ENST00000662480.1	30519	NA	LOC105378247	uncharacterized LOC105378247	NA	NA	NA
chr17	47990816	47991300	485	*	peak_14571	-1.02829893107147	3.9981370308828e-10	Intron (ENST00000732594.1/124904017, intron 1 of 1)	17	47996451	48012240	15790	1	124904017	ENST00000732595.1	-5151	NA	LOC124904017	uncharacterized LOC124904017	NA	NA	NA
chr9	83426979	83427472	494	*	peak_34155	-1.34856374342654	4.10132033147513e-10	Intron (ENST00000376438.5/257019, intron 1 of 14)	9	83244626	83467742	223117	2	257019	ENST00000621208.4	40270	ENSG00000172159	FRMD3	FERM domain containing 3	NA	NA	NA
chr7	50739804	50740381	578	*	peak_31253	-1.0412244768141	4.12269742397571e-10	Intron (ENST00000335866.7/2887, intron 2 of 16)	7	50727793	50747664	19872	2	2887	ENST00000465602.1	7283	ENSG00000106070	GRB10	growth factor receptor bound protein 10	NA	NA	NA
chr9	90217892	90218863	972	*	peak_34259	-1.29242058661169	4.16815468775006e-10	Distal Intergenic	9	90158748	90160619	1872	1	105376142	ENST00000729863.1	59144	NA	LOC105376142	uncharacterized LOC105376142	NA	NA	NA
chr12	119613298	119613642	345	*	peak_8513	-1.04947512796489	4.18909305584794e-10	Intron (ENST00000426426.3/387890, intron 1 of 2)	12	119387987	119595330	207344	2	105370027	ENST00000815429.1	-17968	ENSG00000248636	PRKAB1-AS1	PRKAB1, TMEM233 and CCDC60 antisense RNA 1	NA	NA	NA
chr3	113879267	113879647	381	*	peak_26243	-1.21509254737076	4.19228662239321e-10	Intron (ENST00000479212.5/54762, intron 5 of 18)	3	113890625	113945770	55146	1	54762	ENST00000472026.5	-10978	ENSG00000178075	GRAMD1C	GRAM domain containing 1C	NA	NA	NA
chr5	40446926	40447299	374	*	peak_28234	-1.26019131747798	4.19228662239321e-10	Distal Intergenic	5	40389003	40389838	836	1	124900967	ENST00000755733.1	57923	ENSG00000298475	LOC124900967	uncharacterized LOC124900967	NA	NA	NA
chr15	22895495	22895854	360	*	peak_10179	-1.01420154271426	4.30356932004737e-10	Intron (ENST00000617928.5/23191, intron 22 of 30)	15	22869466	22905440	35975	2	23191	ENST00000619348.4	9586	ENSG00000273749	CYFIP1	cytoplasmic FMR1 interacting protein 1	NA	NA	NA
chr2	45635465	45635733	269	*	peak_18892	-1.1475812949656	4.34825714960404e-10	Distal Intergenic	2	45651345	45843034	191690	1	5581	ENST00000421201.1	-15612	ENSG00000171132	PRKCE	protein kinase C epsilon	NA	NA	NA
chr5	155554599	155554921	323	*	peak_29063	-1.21244615008295	4.37722862487708e-10	Distal Intergenic	5	155728520	155854631	126112	1	6444	ENST00000755060.1	-173599	ENSG00000170624	SGCD	sarcoglycan delta	NA	NA	NA
chr9	126477390	126477777	388	*	peak_34635	-1.21730940088565	4.42002862807229e-10	Intron (ENST00000361171.8/89853, intron 7 of 9)	9	126480813	126507041	26229	1	89853	ENST00000485886.1	-3036	ENSG00000196814	MVB12B	multivesicular body subunit 12B	NA	NA	NA
chr13	34340603	34340865	263	*	peak_9060	-1.44822904590207	4.42535212605644e-10	Distal Intergenic	13	34347864	34576883	229020	1	105370158	ENST00000791010.1	-6999	ENSG00000271850	LINC02343	long intergenic non-protein coding RNA 2343	NA	NA	NA
chr2	53311803	53312084	282	*	peak_18962	-1.30831741941912	4.42561085527268e-10	Distal Intergenic	2	53470447	53470629	183	2	124900528	ENST00000516133.1	158545	ENSG00000251942	LOC124900528	small Cajal body-specific RNA 16	NA	NA	NA
chr2	100424289	100424848	560	*	peak_19463	-1.12076950915724	4.45849779666682e-10	Distal Intergenic	2	100391860	100417668	25809	2	9486	ENST00000264249.8	-6621	ENSG00000115526	CHST10	carbohydrate sulfotransferase 10	NA	NA	NA
chr12	127245493	127245781	289	*	peak_8697	-1.26812449235289	4.61551362901221e-10	Intron (ENST00000755538.1/124903049, intron 2 of 3)	12	127274467	127284283	9817	2	105370065	ENST00000536330.1	38502	NA	LINC02376	long intergenic non-protein coding RNA 2376	NA	NA	NA
chr7	99731786	99732330	545	*	peak_31624	-1.01128398842657	4.61551362901221e-10	Intron (ENST00000620220.6/100861540, intron 1 of 12)	7	99685226	99735093	49868	2	100861540	ENST00000611620.4	2763	ENSG00000282301	CYP3A7-CYP3A51P	CYP3A7-CYP3A51P readthrough	NA	NA	NA
chr2	29390186	29390521	336	*	peak_18711	-1.07165284144308	4.65815845709135e-10	Intron (ENST00000389048.8/238, intron 4 of 28)	2	29319554	29352214	32661	1	101929386	ENST00000655343.1	70632	ENSG00000286963	LOC101929386	uncharacterized LOC101929386	NA	NA	NA
chr8	80762342	80762601	260	*	peak_32509	-1.63800646146583	4.72885038537313e-10	Intron (ENST00000519936.2/619279, intron 2 of 8)	8	80665067	80814259	149193	2	619279	ENST00000520336.1	51658	ENSG00000164684	ZNF704	zinc finger protein 704	NA	NA	NA
chr20	20243072	20243637	566	*	peak_21250	-1.23970106787122	4.73260297512346e-10	Intron (ENST00000245957.10/26074, intron 18 of 26)	20	20228246	20265616	37371	1	26074	ENST00000389656.4	14826	ENSG00000089101	CFAP61	cilia and flagella associated protein 61	NA	NA	NA
chrX	756137	756999	863	*	peak_35161	-1.00466634619206	4.7636664516393e-10	Distal Intergenic	23	630807	659411	28605	1	6473	ENST00000381575.6	125330	ENSG00000185960	SHOX	SHOX homeobox	NA	NA	NA
chr7	84799189	84799689	501	*	peak_31563	-1.08406079233733	4.78256332261046e-10	Distal Intergenic	7	84999397	85041939	42543	2	223117	ENST00000484038.1	242250	ENSG00000153993	SEMA3D	semaphorin 3D	NA	NA	NA
chr9	90290762	90291354	593	*	peak_34262	-1.1324150554203	4.80963200377524e-10	Distal Intergenic	9	90158748	90160619	1872	1	105376142	ENST00000729863.1	132014	NA	LOC105376142	uncharacterized LOC105376142	NA	NA	NA
chr6	145789433	145789784	352	*	peak_30165	-1.4548803665155	4.86424821280618e-10	Exon (ENST00000638502.1/ENST00000638502.1, exon 1 of 1)	6	145736917	145785659	48743	2	105378039	ENST00000829136.1	-3774	NA	LOC105378039	uncharacterized LOC105378039	NA	NA	NA
chr5	154372652	154373090	439	*	peak_29051	-1.28170451511067	4.877620339462e-10	Intron (ENST00000425427.6/55568, intron 4 of 6)	5	154376317	154406256	29940	1	55568	ENST00000519544.5	-3227	ENSG00000164574	GALNT10	polypeptide N-acetylgalactosaminyltransferase 10	NA	NA	NA
chr1	78329507	78329864	358	*	peak_2130	-1.3320314883675	4.8904450865637e-10	Intron (ENST00000413519.1/149047, intron 3 of 5)	1	78303884	78539749	235866	1	5737	ENST00000370758.5	25623	ENSG00000122420	PTGFR	prostaglandin F receptor	NA	NA	NA
chr7	64240213	64240724	512	*	peak_31342	-1.36893367508983	4.95159476783733e-10	Exon (ENST00000824035.1/ENST00000824035.1, exon 1 of 2)	7	64249118	64266930	17813	1	168417	ENST00000255746.7	-8394	ENSG00000197123	ZNF679	zinc finger protein 679	NA	NA	NA
chr10	30641745	30642176	432	*	peak_3621	-1.37921988426147	4.95548733553468e-10	Distal Intergenic	10	30611786	30629762	17977	2	119180	ENST00000375318.4	-11983	ENSG00000151033	LYZL2	lysozyme like 2	NA	NA	NA
chr8	30698381	30698827	447	*	peak_32241	-1.36131459365879	4.99939095969245e-10	Intron (ENST00000221130.11/2936, intron 6 of 12)	8	30679266	30726945	47680	2	2936	ENST00000643525.1	28118	ENSG00000104687	GSR	glutathione-disulfide reductase	NA	NA	NA
chr13	98100561	98100816	256	*	peak_9146	-1.62141385944452	5.02941383562487e-10	Intron (ENST00000717002.1/105370328, intron 1 of 4)	13	98069316	98091706	22391	1	107984566	ENST00000748011.1	31245	NA	LOC107984566	uncharacterized LOC107984566	NA	NA	NA
chr4	174977676	174978107	432	*	peak_27875	-1.12324798378484	5.03099937560285e-10	Promoter (1-2kb)	4	174977571	174979381	1811	2	124900871	ENST00000507525.1	1274	NA	LOC124900871	uncharacterized LOC124900871	NA	NA	NA
chr10	131129972	131130553	582	*	peak_5426	-1.01257558255823	5.05105623234233e-10	Intron (ENST00000483040.1/256536, intron 8 of 11)	10	131094861	131095816	956	1	101927489	ENST00000436942.2	35111	NA	TCERG1L-AS1	TCERG1L antisense RNA 1	NA	NA	NA
chr20	46598569	46599023	455	*	peak_21809	-1.06845500130692	5.10852751750207e-10	Promoter (1-2kb)	20	46583572	46600616	17045	2	64849	ENST00000450298.5	1593	ENSG00000158296	SLC13A3	solute carrier family 13 member 3	NA	NA	NA
chr7	87253704	87254051	348	*	peak_31568	-1.50952396321401	5.11272297799379e-10	Intron (ENST00000766115.1/ENST00000766115.1, intron 1 of 1)	7	87196162	87220587	24426	2	79161	ENST00000433078.5	-33117	ENSG00000135185	TMEM243	transmembrane protein 243	NA	NA	NA
chr12	31756947	31757779	833	*	peak_7924	-1.09713653387297	5.19130052583962e-10	Distal Intergenic	12	31689007	31729121	40115	2	196394	ENST00000535408.5	-27826	ENSG00000151743	AMN1	antagonist of mitotic exit network 1 homolog	NA	NA	NA
chr14	60989506	60989900	395	*	peak_9516	-1.12818312677811	5.23741465152115e-10	Intron (ENST00000354886.6/145389, intron 3 of 16)	14	60984764	61034299	49536	1	145389	ENST00000554072.1	4742	ENSG00000139974	SLC38A6	solute carrier family 38 member 6	NA	NA	NA
chr19	42657599	42658046	448	*	peak_17555	-1.33639589023292	5.32672754660014e-10	Intron (ENST00000750099.1/100996307, intron 3 of 3)	19	42646079	42652355	6277	1	100996307	ENST00000750200.1	11520	ENSG00000213904	LIPE-AS1	LIPE antisense RNA 1	NA	NA	NA
chr16	83407967	83408411	445	*	peak_13070	-1.42409311302326	5.32806718245702e-10	Intron (ENST00000268613.14/1012, intron 7 of 14)	16	83383017	83399591	16575	2	105371368	ENST00000743241.1	-8376	NA	CDH13-AS1	CDH13 antisense RNA 1	NA	NA	NA
chr7	64292090	64292773	684	*	peak_31346	-1.02047696346424	5.35801307626237e-10	Distal Intergenic	7	64294505	64295089	585	2	105375322	ENST00000752330.1	2316	NA	LOC105375322	uncharacterized LOC105375322	NA	NA	NA
chr5	151870928	151871193	266	*	peak_29043	-1.02689152612717	5.38203517741025e-10	Intron (ENST00000789298.1/ENST00000789298.1, intron 1 of 1)	5	151849691	151924832	75142	2	2741	ENST00000471351.2	53639	ENSG00000145888	GLRA1	glycine receptor alpha 1	NA	NA	NA
chr3	58464913	58465164	252	*	peak_26100	-1.64541766522302	5.38584892672101e-10	Intron (ENST00000727387.1/107986092, intron 1 of 1)	3	58471530	58484772	13243	1	107986092	ENST00000727391.1	-6366	NA	LOC107986092	uncharacterized LOC107986092	NA	NA	NA
chr1	54858972	54859353	382	*	peak_2041	-1.15145578706229	5.39946999343613e-10	Intron (ENST00000371269.9/1718, intron 6 of 8)	1	54871592	54886490	14899	2	1718	ENST00000650362.1	27137	ENSG00000116133	DHCR24	24-dehydrocholesterol reductase	NA	NA	NA
chr2	225494196	225494435	240	*	peak_20498	-1.42495874936182	5.42687674003271e-10	Intron (ENST00000636099.1/57624, intron 3 of 6)	2	225582908	225729887	146980	1	57624	ENST00000695959.1	-88473	ENSG00000144460	NYAP2	neuronal tyrosine-phosphorylated phosphoinositide-3-kinase adaptor 2	NA	NA	NA
chr1	237098576	237099033	458	*	peak_3451	-1.12653857353647	5.45947157072552e-10	Intron (ENST00000366574.7/6262, intron 1 of 104)	1	237042184	237833988	791805	1	6262	ENST00000714021.1	56392	ENSG00000198626	RYR2	ryanodine receptor 2	NA	NA	NA
chr9	124068382	124068944	563	*	peak_34591	-1.22601182939281	5.47166069214975e-10	Intron (ENST00000833719.1/107987037, intron 2 of 2)	9	124035845	124089078	53234	1	107987037	ENST00000833718.1	32537	NA	LOC107987037	uncharacterized LOC107987037	NA	NA	NA
chr18	9995595	9995982	388	*	peak_16155	-1.38498894209213	5.51826309776482e-10	Distal Intergenic	18	10002470	10020873	18404	1	124904246	ENST00000727186.1	-6488	ENSG00000294986	LOC124904246	uncharacterized LOC124904246	NA	NA	NA
chr10	23001139	23001612	474	*	peak_3575	-1.28609619088046	5.52981108401599e-10	Intron (ENST00000376528.8/219681, intron 8 of 15)	10	23006735	23008374	1640	1	219681	ENST00000491803.1	-5123	ENSG00000165309	ARMC3	armadillo repeat containing 3	NA	NA	NA
chr1	65079922	65080215	294	*	peak_2101	-1.4134623892923	5.64625260208048e-10	Distal Intergenic	1	64833234	65067754	234521	2	3716	ENST00000672751.2	-12168	ENSG00000162434	JAK1	Janus kinase 1	NA	NA	NA
chr13	59673578	59673884	307	*	peak_9117	-1.50019180243416	5.6763360388875e-10	Intron (ENST00000400324.9/81624, intron 27 of 27)	13	59666741	59696193	29453	2	81624	ENST00000470420.1	22309	ENSG00000139734	DIAPH3	diaphanous related formin 3	NA	NA	NA
chr5	38200854	38201337	484	*	peak_28217	-1.13458826518604	5.75646065801653e-10	Distal Intergenic	5	38167857	38183958	16102	1	105374731	ENST00000750373.1	32997	ENSG00000248587	LINC02107	long intergenic non-protein coding RNA 2107	NA	NA	NA
chr8	132071107	132072103	997	*	peak_32868	-1.20717541572058	5.84981577545839e-10	Exon (ENST00000414222.2/10086, exon 15 of 17)	8	132063785	132081104	17320	2	10086	ENST00000473291.1	9001	ENSG00000132297	HHLA1	HHLA1 neighbor of OC90	NA	NA	NA
chr16	9963817	9964358	542	*	peak_11970	-1.15710010399122	5.85609010889977e-10	Intron (ENST00000396573.6/2903, intron 3 of 13)	16	9762675	9970795	208121	2	2903	ENST00000461292.3	6437	ENSG00000183454	GRIN2A	glutamate ionotropic receptor NMDA type subunit 2A	NA	NA	NA
chr13	23772012	23772288	277	*	peak_9008	-1.34289356476386	5.85802752713029e-10	Intron (ENST00000382172.4/4285, intron 16 of 18)	13	23730189	23760573	30385	2	4285	ENST00000433710.2	-11439	ENSG00000027001	MIPEP	mitochondrial intermediate peptidase	NA	NA	NA
chr2	223969905	223970165	261	*	peak_20492	-1.37430199464568	5.94413819019166e-10	Distal Intergenic	2	223957463	223967714	10252	1	65080	ENST00000258383.4	12442	ENSG00000135900	MRPL44	mitochondrial ribosomal protein L44	NA	NA	NA
chr2	227413602	227413904	303	*	peak_20503	-1.09676539165088	5.99509018209489e-10	Intron (ENST00000781992.1/ENST00000781992.1, intron 1 of 3)	2	227387683	227387949	267	2	112441428	ENST00000641359.1	-25653	ENSG00000284629	SCYGR1	small cysteine and glycine repeat containing 1	NA	NA	NA
chr17	65022964	65023457	494	*	peak_15002	-1.14003203251135	6.01306280875051e-10	Intron (ENST00000439174.7/10672, intron 2 of 3)	17	64996087	64996471	385	2	124904044	ENST00000725499.1	-26493	NA	LOC124904044	uncharacterized LOC124904044	NA	NA	NA
chr18	73950333	73950662	330	*	peak_16461	-1.35286801808415	6.06470387504967e-10	Intron (ENST00000753825.1/124904358, intron 1 of 2)	18	73947854	73957977	10124	1	124904358	ENST00000667770.2	2479	ENSG00000287314	LOC124904358	uncharacterized LOC124904358	NA	NA	NA
chr8	132676982	132677417	436	*	peak_32894	-1.13287351098054	6.08366233644419e-10	Promoter (1-2kb)	8	132625272	132675592	50321	2	23639	ENST00000520446.5	-1390	ENSG00000129295	DNAAF11	dynein axonemal assembly factor 11	NA	NA	NA
chr2	45159458	45159862	405	*	peak_18888	-1.04840982913389	6.30689139818872e-10	Intron (ENST00000716438.1/ENST00000716438.1, intron 2 of 2)	2	45169588	45211673	42086	1	105374576	ENST00000652791.2	-9726	NA	LOC105374576	uncharacterized LOC105374576	NA	NA	NA
chr2	233572250	233572803	554	*	peak_20639	-1.23755011894802	6.30907663480749e-10	Distal Intergenic	2	233556586	233566782	10197	2	55230	ENST00000484528.1	-5468	ENSG00000085982	USP40	ubiquitin specific peptidase 40	NA	NA	NA
chr19	39258341	39258629	289	*	peak_17397	-1.24704829437371	6.31072386804398e-10	Distal Intergenic	19	39246314	39248856	2543	2	101180976	ENST00000634967.1	-9485	ENSG00000272395	IFNL4	interferon lambda 4 (gene/pseudogene)	NA	NA	NA
chr15	87219669	87220043	375	*	peak_11230	-1.45796531609531	6.35252126981138e-10	Distal Intergenic	15	87309680	87356536	46857	2	102724465	ENST00000785518.1	136493	NA	LOC102724465	uncharacterized LOC102724465	NA	NA	NA
chr20	24838614	24838902	289	*	peak_21370	-1.25350769537336	6.35395935931523e-10	Intron (ENST00000776976.1/107985402, intron 1 of 3)	20	24820380	24872423	52044	2	107985402	ENST00000776981.1	33521	NA	LOC107985402	uncharacterized LOC107985402	NA	NA	NA
chr6	38937429	38937842	414	*	peak_29781	-1.1075590910826	6.54144530437805e-10	Intron (ENST00000327475.11/1769, intron 77 of 92)	6	38923029	38931371	8343	2	100131047	ENST00000418399.5	-6058	NA	DNAH8-AS1	DNAH8 antisense RNA 1	NA	NA	NA
chr5	98626564	98626938	375	*	peak_28383	-1.44927436881051	6.59540402861314e-10	Distal Intergenic	5	98768650	98779919	11270	1	285704	ENST00000504776.5	-141712	ENSG00000174136	RGMB	repulsive guidance molecule BMP co-receptor b	NA	NA	NA
chr6	44512929	44513416	488	*	peak_29985	-1.03944274388327	6.59896313365384e-10	Promoter (<=1kb)	6	44513262	44527448	14187	1	105375074	ENST00000663213.1	0	NA	LOC105375074	uncharacterized LOC105375074	NA	NA	NA
chr5	170404396	170404739	344	*	peak_29118	-1.1866875161125	6.6568258214888e-10	Intron (ENST00000518527.1/30820, intron 1 of 1)	5	170382652	170389634	6983	2	3779	ENST00000521859.1	-14762	ENSG00000145936	KCNMB1	potassium calcium-activated channel subfamily M regulatory beta subunit 1	NA	NA	NA
chr3	190497870	190498116	247	*	peak_27011	-1.26806045993067	6.69011350102388e-10	Distal Intergenic	3	190514051	190651519	137469	1	3556	ENST00000072516.7	-15935	ENSG00000196083	IL1RAP	interleukin 1 receptor accessory protein	NA	NA	NA
chr17	73610409	73610870	462	*	peak_15204	-1.00134507415274	6.74738390433805e-10	Intron (ENST00000392650.8/54549, intron 1 of 44)	17	73334384	73644445	310062	2	54549	ENST00000392650.8	33575	ENSG00000069188	SDK2	sidekick cell adhesion molecule 2	NA	NA	NA
chr3	56994719	56995077	359	*	peak_26078	-1.25366694705517	6.7588095781745e-10	Intron (ENST00000338458.8/50650, intron 2 of 12)	3	56773767	56977375	203609	2	50650	ENST00000486829.1	-17344	ENSG00000163947	ARHGEF3	Rho guanine nucleotide exchange factor 3	NA	NA	NA
chr4	58165820	58166274	455	*	peak_27680	-1.03361918917223	6.77625490983342e-10	Distal Intergenic	4	57841721	57855271	13551	1	105377670	ENST00000651343.1	324099	NA	LOC105377670	uncharacterized LOC105377670	NA	NA	NA
chr3	149763831	149764318	488	*	peak_26845	-1.37270462687356	6.81134820538007e-10	Intron (ENST00000446160.7/389161, intron 5 of 5)	3	149750503	149752495	1993	2	51122	ENST00000469896.1	-11336	ENSG00000114744	COMMD2	COMM domain containing 2	NA	NA	NA
chrX	30801987	30803055	1069	*	peak_35168	-1.11731366819652	6.8289817620135e-10	Distal Intergenic	23	30834623	30835300	678	1	727682	ENST00000428263.1	-31568	NA	TAB3-AS1	TAB3 antisense RNA 1	NA	NA	NA
chr20	12763367	12763766	400	*	peak_21195	-1.02428889064517	6.90023396232778e-10	Distal Intergenic	20	12651209	12700944	49736	2	105372532	ENST00000776031.1	-62423	ENSG00000301081	LOC105372532	uncharacterized LOC105372532	NA	NA	NA
chr17	64097072	64097434	363	*	peak_14970	-1.14503270255541	7.01376638242286e-10	3' UTR	17	64039153	64082726	43574	2	2081	ENST00000680625.1	-14346	ENSG00000178607	ERN1	endoplasmic reticulum to nucleus signaling 1	NA	NA	NA
chr5	38147951	38148274	324	*	peak_28215	-1.33888607563002	7.06694743055011e-10	Promoter (<=1kb)	5	38148480	38153715	5236	1	101929745	ENST00000508853.1	-206	ENSG00000248587	LINC02119	long intergenic non-protein coding RNA 2119	NA	NA	NA
chr6	164832553	164832919	367	*	peak_30324	-1.42021524041207	7.07545082770304e-10	Intron (ENST00000770532.1/105378111, intron 1 of 3)	6	164778061	164827693	49633	2	105378111	ENST00000770533.1	-4860	NA	MEAT6	melanoma-associated transcript 6	NA	NA	NA
chr4	46732832	46733207	376	*	peak_27621	-1.16586928548424	7.09786595621839e-10	Distal Intergenic	4	46734832	46876760	141929	2	170712	ENST00000543208.5	143553	ENSG00000170516	COX7B2	cytochrome c oxidase subunit 7B2	NA	NA	NA
chr4	10228956	10229313	358	*	peak_27526	-1.40995168972095	7.11890110569797e-10	Distal Intergenic	4	10118219	10119477	1259	1	124900666	ENST00000818627.1	110737	NA	LOC124900666	uncharacterized LOC124900666	NA	NA	NA
chr6	134641051	134641407	357	*	peak_30132	-1.02300239836025	7.20318744123046e-10	Intron (ENST00000452888.1/ENST00000452888.1, intron 2 of 2)	6	134525325	134659836	134512	2	101928304	ENST00000434593.1	18429	ENSG00000232310	LINC03002	long intergenic non-protein coding RNA 3002	NA	NA	NA
chr14	68739436	68739969	534	*	peak_9655	-1.33663616875485	7.22644456954749e-10	Distal Intergenic	14	68736268	68737171	904	1	105370547	ENST00000805787.1	3168	NA	LOC105370547	uncharacterized LOC105370547	NA	NA	NA
chr2	111678613	111678993	381	*	peak_19623	-1.11965420275973	7.22644456954749e-10	Intron (ENST00000644013.1/541471, intron 1 of 7)	2	111429324	111699033	269710	2	541471	ENST00000644013.1	20040	ENSG00000172965	MIR4435-2HG	MIR4435-2 host gene	NA	NA	NA
chr1	243883447	243883927	481	*	peak_3463	-1.08626760566689	7.26408330232638e-10	Intron (ENST00000808497.1/ENST00000808497.1, intron 3 of 3)	1	243505249	243851079	345831	2	10000	ENST00000263826.12	-32368	ENSG00000117020	AKT3	AKT serine/threonine kinase 3	NA	NA	NA
chr2	53608330	53608580	251	*	peak_18964	-1.44860730173346	7.51967800345053e-10	Promoter (1-2kb)	2	53604647	53606459	1813	2	105374600	ENST00000490794.2	-1871	NA	LOC105374600	uncharacterized LOC105374600	NA	NA	NA
chr14	67461434	67461790	357	*	peak_9628	-1.00013378592663	7.54836167717281e-10	Intron (ENST00000555638.5/161145, intron 5 of 8)	14	67454466	67467346	12881	2	105370542	ENST00000554675.1	5556	NA	LOC105370542	uncharacterized LOC105370542	NA	NA	NA
chr5	16577636	16577996	361	*	peak_28154	-1.15272322557486	7.55580051085802e-10	Intron (ENST00000306320.10/54463, intron 1 of 8)	5	16474825	16572090	97266	2	54463	ENST00000682033.1	-5546	ENSG00000154153	RETREG1	reticulophagy regulator 1	NA	NA	NA
chr8	80361612	80362338	727	*	peak_32507	-1.04060681669991	7.57543225370823e-10	Intron (ENST00000656157.2/ENST00000656157.2, intron 2 of 3)	8	80316939	80317069	131	2	124900264	ENST00000383922.1	-44543	ENSG00000206649	LOC124900264	small nucleolar RNA SNORA20	NA	NA	NA
chr16	31446061	31446556	496	*	peak_12418	-1.1066444969131	7.73333855041243e-10	Distal Intergenic	16	31435438	31443160	7723	2	283933	ENST00000618063.1	-2901	ENSG00000176723	ZNF843	zinc finger protein 843	NA	NA	NA
chr11	64679854	64680206	353	*	peak_6449	-1.27838428739155	7.7978801361156e-10	Intron (ENST00000704782.1/9379, intron 5 of 21)	11	64674472	64690426	15955	2	9379	ENST00000466324.2	10220	ENSG00000110076	NRXN2	neurexin 2	NA	NA	NA
chr2	170759846	170760115	270	*	peak_20236	-1.45999691639458	7.80978175617227e-10	Intron (ENST00000728834.1/101926913, intron 1 of 4)	2	170766878	170778725	11848	1	285141	ENST00000669009.1	-6763	ENSG00000204334	ERICH2	glutamate rich 2	NA	NA	NA
chr9	75152227	75152744	518	*	peak_34135	-1.24123480293429	7.85473953008614e-10	Promoter (1-2kb)	9	75150530	75168347	17818	1	105376090	ENST00000833830.1	1697	NA	LOC105376090	uncharacterized LOC105376090	NA	NA	NA
chr9	72092941	72093232	292	*	peak_34127	-1.14806103724028	7.87956662996438e-10	Distal Intergenic	9	72051383	72072721	21339	2	138240	ENST00000424431.3	-20220	ENSG00000204669	C9orf57	chromosome 9 open reading frame 57	NA	NA	NA
chr8	134964823	134965373	551	*	peak_33013	-1.13781115121326	7.88673883013032e-10	Distal Intergenic	8	134864991	134881900	16910	1	101927845	ENST00000771128.1	99832	ENSG00000253433	LOC101927845	uncharacterized LOC101927845	NA	NA	NA
chr9	32392212	32392581	370	*	peak_33881	-1.50330007281648	7.90461768486082e-10	Intron (ENST00000541043.5/48, intron 2 of 21)	9	32384643	32454769	70127	1	48	ENST00000309951.8	7569	ENSG00000122729	ACO1	aconitase 1	NA	NA	NA
chr3	124600886	124601163	278	*	peak_26350	-1.31832795369474	7.91246636462398e-10	Intron (ENST00000682506.1/8997, intron 34 of 59)	3	124584682	124650915	66234	1	8997	ENST00000454902.1	16204	ENSG00000160145	KALRN	kalirin RhoGEF kinase	NA	NA	NA
chr16	53829243	53829523	281	*	peak_12556	-1.48817577847591	8.03656959843811e-10	Intron (ENST00000636491.1/79068, intron 4 of 9)	16	53826361	54040726	214366	1	79068	ENST00000563011.2	2882	ENSG00000140718	FTO	FTO alpha-ketoglutarate dependent dioxygenase	NA	NA	NA
chr2	40993536	40993809	274	*	peak_18812	-1.41119477823217	8.21612335181051e-10	Intron (ENST00000753888.1/105374497, intron 1 of 4)	2	40686183	41166556	480374	2	105374497	ENST00000753888.1	172747	NA	LOC105374497	uncharacterized LOC105374497	NA	NA	NA
chr1	56385325	56385638	314	*	peak_2066	-1.32505155364669	8.22386489820585e-10	Intron (ENST00000641494.1/124904185, intron 3 of 5)	1	56236088	56383219	147132	2	124904186	ENST00000641155.1	-2106	NA	LOC124904186	uncharacterized LOC124904186	NA	NA	NA
chr1	21791745	21792035	291	*	peak_699	-1.12118313881075	8.38937902303772e-10	Distal Intergenic	1	21727851	21783606	55756	2	84196	ENST00000421625.6	-8139	ENSG00000090686	USP48	ubiquitin specific peptidase 48	NA	NA	NA
chr9	83238897	83239605	709	*	peak_34154	-1.34349480871091	8.41725030274544e-10	Intron (ENST00000798817.1/102723989, intron 1 of 1)	9	83210671	83219860	9190	2	158158	ENST00000798705.1	-19037	ENSG00000165105	RASEF	RAS and EF-hand domain containing	NA	NA	NA
chr10	131656609	131656982	374	*	peak_5444	-1.13349723103257	8.4726521367999e-10	Distal Intergenic	10	131772395	131774917	2523	2	399827	ENST00000751168.1	117935	ENSG00000189275	LINC01164	long intergenic non-protein coding RNA 1164	NA	NA	NA
chr1	56511357	56512018	662	*	peak_2069	-1.01424945038572	8.7565053031277e-10	Promoter (<=1kb)	1	56173433	56512039	338607	2	124904185	ENST00000641494.1	21	NA	LOC124904185	uncharacterized LOC124904185	NA	NA	NA
chr3	187811765	187812169	405	*	peak_27002	-1.42008011896321	8.79670194727427e-10	Intron (ENST00000793661.1/105374264, intron 3 of 6)	3	187792854	187804647	11794	2	105374263	ENST00000793719.1	-7118	ENSG00000303324	LOC105374263	uncharacterized LOC105374263	NA	NA	NA
chr7	157972101	157972497	397	*	peak_31869	-1.14113842863916	8.89973478356044e-10	Intron (ENST00000389413.7/5799, intron 10 of 21)	7	157987147	157988293	1147	1	105375613	ENST00000754937.1	-14650	NA	LOC105375613	uncharacterized LOC105375613	NA	NA	NA
chr11	69040967	69041415	449	*	peak_6714	-1.11898579677046	8.97860951579714e-10	Distal Intergenic	11	69048932	69090597	41666	1	219931	ENST00000294309.8	-7517	ENSG00000162341	TPCN2	two pore segment channel 2	NA	NA	NA
chr4	81910930	81911231	302	*	peak_27723	-1.48350345942782	9.07167097802136e-10	Intron (ENST00000638048.1/153020, intron 2 of 16)	4	81427065	82044069	617005	2	153020	ENST00000638048.1	132838	ENSG00000138670	RASGEF1B	RasGEF domain family member 1B	NA	NA	NA
chr2	27737647	27737955	309	*	peak_18652	-1.17755148407373	9.17370649557198e-10	Promoter (1-2kb)	2	27735763	27739282	3520	1	105374378	ENST00000813470.1	1884	ENSG00000289326	LOC105374378	uncharacterized LOC105374378	NA	NA	NA
chr13	60618652	60619078	427	*	peak_9119	-1.01617231020924	9.24554630374297e-10	Promoter (<=1kb)	13	60618983	60850537	231555	1	101926930	ENST00000767762.1	0	NA	LINC00378	long intergenic non-protein coding RNA 378	NA	NA	NA
chr5	79106768	79107365	598	*	peak_28359	-1.21744672093859	9.27202513065565e-10	Intron (ENST00000520388.5/124901011, intron 3 of 4)	5	79111809	79116404	4596	1	635	ENST00000520335.5	-4444	ENSG00000145692	BHMT	betaine--homocysteine S-methyltransferase	NA	NA	NA
chr5	39238761	39239036	276	*	peak_28227	-1.44733656822202	9.29748759352218e-10	Intron (ENST00000646045.2/2533, intron 1 of 18)	5	39202774	39219576	16803	2	2533	ENST00000506557.5	-19185	ENSG00000082074	FYB1	FYN binding protein 1	NA	NA	NA
chr8	103254200	103254714	515	*	peak_32618	-1.32120124601723	9.42282092003262e-10	Intron (ENST00000734531.1/100499183, intron 2 of 2)	8	103165928	103246783	80856	2	100499183	ENST00000734534.1	-7417	NA	BAALC-AS1	BAALC antisense RNA 1	NA	NA	NA
chr18	9706110	9706420	311	*	peak_16145	-1.19875745259963	9.46025393063623e-10	Promoter (1-2kb)	18	9708275	9859469	151195	1	11031	ENST00000578734.5	-1855	ENSG00000168461	RAB31	RAB31, member RAS oncogene family	NA	NA	NA
chr2	15643894	15644151	258	*	peak_18312	-1.33143964768576	9.51451418014636e-10	Distal Intergenic	2	15598496	15631101	32606	1	1653	ENST00000677649.1	45398	ENSG00000079785	DDX1	DEAD-box helicase 1	NA	NA	NA
chr1	162289755	162290449	695	*	peak_2744	-1.02013668707172	9.52397571131844e-10	Intron (ENST00000361897.10/9722, intron 3 of 9)	1	162316852	162317794	943	2	124904445	ENST00000447899.1	27345	NA	LOC124904445	uncharacterized LOC124904445	NA	NA	NA
chr10	74230388	74230816	429	*	peak_4439	-1.08266419644194	9.63949439952237e-10	Intron (ENST00000672429.1/132, intron 3 of 9)	10	74176770	74708934	532165	1	132	ENST00000541550.6	53618	ENSG00000156110	ADK	adenosine kinase	NA	NA	NA
chr2	208221840	208222222	383	*	peak_20343	-1.13088086801318	9.65640420869197e-10	Exon (ENST00000413105.1/ENST00000413105.1, exon 1 of 2)	2	208236742	208240315	3574	2	3417	ENST00000484575.1	18093	ENSG00000138413	IDH1	isocitrate dehydrogenase (NADP(+)) 1	NA	NA	NA
chr1	238054088	238054485	398	*	peak_3453	-1.54105742913926	9.68810922446804e-10	Intron (ENST00000797440.1/ENST00000797440.1, intron 2 of 2)	1	237906928	237927929	21002	1	100130331	ENST00000794917.1	147160	ENSG00000237250	LOC100130331	POTE ankyrin domain family, member F pseudogene	NA	NA	NA
chr1	40874108	40874562	455	*	peak_1584	-1.08571383913068	9.77036774771222e-10	Intron (ENST00000414199.1/124904157, intron 2 of 2)	1	40863914	40876670	12757	1	124904157	ENST00000414199.1	10194	NA	LOC124904157	uncharacterized LOC124904157	NA	NA	NA
chr5	6471920	6472654	735	*	peak_28085	-1.17174981075612	9.79291395501347e-10	Intron (ENST00000399816.4/134111, intron 1 of 1)	5	6448859	6496723	47865	1	134111	ENST00000399816.4	23061	ENSG00000215218	UBE2QL1	ubiquitin conjugating enzyme E2 QL1	NA	NA	NA
chr1	170623283	170623580	298	*	peak_2786	-1.20002970713873	9.97457926091997e-10	Intron (ENST00000835148.1/105371610, intron 1 of 3)	1	170639484	170660804	21321	1	105371610	ENST00000835150.1	-15904	NA	LOC105371610	uncharacterized LOC105371610	NA	NA	NA
chr15	86829203	86829583	381	*	peak_11227	-1.17179408979268	9.98791001615792e-10	Intron (ENST00000614907.3/123624, intron 22 of 22)	15	86932880	86946331	13452	1	105370954	ENST00000560696.1	-103297	ENSG00000259636	LOC105370954	uncharacterized LOC105370954	NA	NA	NA
chr6	52889988	52890340	353	*	peak_30003	-1.47804224144485	1.00432900625736e-09	Intron (ENST00000844508.1/105375091, intron 2 of 2)	6	52882289	52909342	27054	1	105375091	ENST00000844508.1	7699	NA	LOC105375091	uncharacterized LOC105375091	NA	NA	NA
chr7	5843088	5843366	279	*	peak_30810	-1.10236536565588	1.01046991008225e-09	Intron (ENST00000736956.1/401303, intron 3 of 4)	7	5839364	5854434	15071	1	401303	ENST00000736969.1	3724	NA	ZNF815P	zinc finger protein 815, pseudogene	NA	NA	NA
chr17	72950347	72950652	306	*	peak_15149	-1.16221745512519	1.03006456615141e-09	Intron (ENST00000255559.8/201266, intron 4 of 9)	17	72823698	72992932	169235	2	201266	ENST00000584129.1	42280	ENSG00000133195	SLC39A11	solute carrier family 39 member 11	NA	NA	NA
chr11	18150326	18150776	451	*	peak_5939	-1.17645818287193	1.03530415034534e-09	Intron (ENST00000527671.1/ENST00000527671.1, intron 1 of 1)	11	18132571	18138488	5918	1	117195	ENST00000621697.2	17755	ENSG00000179826	MRGPRX3	MAS related GPR family member X3	NA	NA	NA
chr17	41066183	41066483	301	*	peak_14261	-1.15537542757505	1.04769912277249e-09	Promoter (<=1kb)	17	41065116	41065879	764	2	85294	ENST00000394015.3	-304	ENSG00000213417	KRTAP2-4	keratin associated protein 2-4	NA	NA	NA
chr5	160459152	160459601	450	*	peak_29087	-1.11634267871143	1.06132312584029e-09	Intron (ENST00000642173.1/107075116, intron 1 of 1)	5	160467905	160600965	133061	1	107075116	ENST00000770454.1	-8304	ENSG00000253522	MIR3142HG	MIR3142 host gene	NA	NA	NA
chr2	12011241	12011684	444	*	peak_18290	-1.59051216686492	1.06416981672148e-09	Intron (ENST00000438292.5/100506457, intron 2 of 4)	2	12008926	12131585	122660	1	100506457	ENST00000824638.1	2315	ENSG00000224184	MIR3681HG	MIR3681 host gene	NA	NA	NA
chr10	126659788	126660070	283	*	peak_5370	-1.22126827411613	1.0749103726828e-09	Intron (ENST00000488181.3/118611, intron 1 of 9)	10	126424997	126670693	245697	2	118611	ENST00000488181.3	10623	ENSG00000154493	C10orf90	chromosome 10 open reading frame 90	NA	NA	NA
chr12	126763811	126764212	402	*	peak_8693	-1.23332050745667	1.08263846039186e-09	Promoter (1-2kb)	12	126740980	126762372	21393	2	387895	ENST00000809175.1	-1439	ENSG00000256128	LINC00944	long intergenic non-protein coding RNA 944	NA	NA	NA
chr3	8164074	8164438	365	*	peak_24962	-1.40733877935127	1.09187036557299e-09	Intron (ENST00000654635.1/101927394, intron 4 of 6)	3	7952805	8016307	63503	2	101927394	ENST00000441861.5	-147767	ENSG00000227110	LOC101927394	uncharacterized LOC101927394	NA	NA	NA
chr2	10015471	10015842	372	*	peak_18181	-1.51211248579511	1.13041346318668e-09	Exon (ENST00000730131.1/ENST00000730131.1, exon 1 of 3)	2	9996244	10009762	13519	2	124905970	ENST00000686345.2	-5709	NA	LOC124905970	uncharacterized LOC124905970	NA	NA	NA
chr20	39716957	39717446	490	*	peak_21696	-1.29208541075353	1.15296252512156e-09	Intron (ENST00000750617.1/ENST00000750617.1, intron 1 of 1)	20	39757195	39759214	2020	1	105372614	ENST00000750619.1	-39749	NA	LOC105372614	uncharacterized LOC105372614	NA	NA	NA
chr4	155722784	155723092	309	*	peak_27858	-1.54554956511355	1.15535246241844e-09	Intron (ENST00000621234.4/2982, intron 8 of 8)	4	155749011	155751419	2409	2	105377506	ENST00000757758.1	28327	NA	LOC105377506	uncharacterized LOC105377506	NA	NA	NA
chr1	58888852	58889218	367	*	peak_2076	-1.10719287345397	1.16010579129841e-09	Exon (ENST00000423408.6/105378753, exon 3 of 4)	1	58882872	58885662	2791	2	105378753	ENST00000634986.1	-3190	ENSG00000232453	LINC02777	long intergenic non-protein coding RNA 2777	NA	NA	NA
chr7	28053002	28053255	254	*	peak_30890	-1.28757901344865	1.16130952037198e-09	Intron (ENST00000283928.10/221895, intron 1 of 4)	7	27832913	28071684	238772	2	221895	ENST00000430432.5	18429	ENSG00000153814	JAZF1	JAZF zinc finger 1	NA	NA	NA
chr10	122973765	122974289	525	*	peak_5246	-1.35384944342214	1.18208329899145e-09	Intron (ENST00000465232.5/118672, intron 1 of 4)	10	122980040	122990390	10351	1	118672	ENST00000368887.7	-5751	ENSG00000179988	PSTK	phosphoseryl-tRNA kinase	NA	NA	NA
chr4	84747571	84747870	300	*	peak_27734	-1.81170738322166	1.18867215854056e-09	Intron (ENST00000514711.2/23001, intron 26 of 56)	4	84751248	84755399	4152	2	23001	ENST00000509825.1	7529	ENSG00000163625	WDFY3	WD repeat and FYVE domain containing 3	NA	NA	NA
chr7	112000975	112001516	542	*	peak_31734	-1.11616542035049	1.20263987708549e-09	Intron (ENST00000428084.6/9732, intron 2 of 52)	7	111728274	112004131	275858	2	9732	ENST00000445943.5	2615	ENSG00000128512	DOCK4	dedicator of cytokinesis 4	NA	NA	NA
chr2	108113678	108114558	881	*	peak_19539	-1.06832271199456	1.20727988970061e-09	Distal Intergenic	2	108049200	108052755	3556	2	107178918	ENST00000424355.1	-60923	ENSG00000231221	LINC01593	long intergenic non-protein coding RNA 1593	NA	NA	NA
chr3	27669561	27669992	432	*	peak_25314	-1.48306890361762	1.20786434971355e-09	Distal Intergenic	3	27712289	27714006	1718	1	105377006	ENST00000785162.1	-42297	NA	LINC02084	long intergenic non-protein coding RNA 2084	NA	NA	NA
chr6	7777037	7777475	439	*	peak_29395	-1.58880368722775	1.2104578577919e-09	Intron (ENST00000283147.7/654, intron 1 of 6)	6	7726099	7881728	155630	1	654	ENST00000283147.7	50938	ENSG00000153162	BMP6	bone morphogenetic protein 6	NA	NA	NA
chr20	56592995	56593609	615	*	peak_22060	-1.04694915058915	1.2277362944819e-09	Intron (ENST00000800845.1/105372682, intron 3 of 4)	20	56579414	56596956	17543	1	105372682	ENST00000800848.1	13581	ENSG00000225657	LINC01716	long intergenic non-protein coding RNA 1716	NA	NA	NA
chr2	149469664	149469996	333	*	peak_20190	-1.56632634182796	1.23062277828764e-09	Intron (ENST00000409381.5/130574, intron 4 of 4)	2	149367712	149471110	103399	1	130574	ENST00000392854.4	101952	ENSG00000187123	LYPD6	LY6/PLAUR domain containing 6	NA	NA	NA
chr20	20085059	20085413	355	*	peak_21249	-1.15795302012579	1.23554427098772e-09	Promoter (<=1kb)	20	20085462	20166428	80967	1	26074	ENST00000442372.2	-49	ENSG00000089101	CFAP61	cilia and flagella associated protein 61	NA	NA	NA
chr14	57656975	57657785	811	*	peak_9495	-1.02750933561961	1.23881505817019e-09	Intron (ENST00000556826.6/341880, intron 1 of 7)	14	57564139	57596897	32759	2	341880	ENST00000557254.5	-60078	ENSG00000151812	SLC35F4	solute carrier family 35 member F4	NA	NA	NA
chr5	16051279	16051581	303	*	peak_28147	-1.14275582305328	1.24568980651527e-09	Distal Intergenic	5	16128356	16141737	13382	1	107986407	ENST00000757739.1	-76775	ENSG00000250981	MARCHF11-AS1	MARCHF11 antisense RNA 1	NA	NA	NA
chr8	65499080	65499666	587	*	peak_32463	-1.04104685907176	1.25938152854009e-09	Distal Intergenic	8	65526738	65562781	36044	2	286186	ENST00000520902.2	63115	ENSG00000254081	LINC01299	long intergenic non-protein coding RNA 1299	NA	NA	NA
chr2	21670945	21671331	387	*	peak_18459	-1.27114684346919	1.28202550765123e-09	Intron (ENST00000435237.1/105374320, intron 3 of 5)	2	21647113	21649572	2460	2	101929230	ENST00000671687.1	-21373	NA	LOC101929230	uncharacterized LOC101929230	NA	NA	NA
chr14	89264239	89264853	615	*	peak_9915	-1.28597549636582	1.29290813220877e-09	Intron (ENST00000345097.8/1112, intron 4 of 6)	14	89180759	89223342	42584	2	1112	ENST00000555010.1	-40897	ENSG00000053254	FOXN3	forkhead box N3	NA	NA	NA
chr11	45333518	45333921	404	*	peak_6100	-1.26158023053906	1.30538375590465e-09	Intron (ENST00000715749.1/399886, intron 3 of 7)	11	45355348	45356658	1311	1	101928812	ENST00000668755.4	-21427	ENSG00000255267	LINC02696	long intergenic non-protein coding RNA 2696	NA	NA	NA
chr10	7987006	7987413	408	*	peak_3512	-1.39550913218958	1.30925973956899e-09	Intron (ENST00000344293.6/83860, intron 4 of 6)	10	8035534	8042884	7351	1	105376394	ENST00000831803.1	-48121	ENSG00000308117	LOC105376394	uncharacterized LOC105376394	NA	NA	NA
chr7	98113017	98113419	403	*	peak_31593	-1.24890005913592	1.30925973956899e-09	Intron (ENST00000297293.6/22853, intron 1 of 13)	7	98106862	98209638	102777	1	22853	ENST00000297293.6	6155	ENSG00000164715	LMTK2	lemur tyrosine kinase 2	NA	NA	NA
chr15	22776005	22776267	263	*	peak_10176	-1.45260907353447	1.31202372279391e-09	Exon (ENST00000617410.4/ENST00000617410.4, exon 1 of 7)	15	22773063	22829789	56727	1	123606	ENST00000437912.6	2942	ENSG00000170113	NIPA1	NIPA magnesium transporter 1	NA	NA	NA
chr1	207363341	207363527	187	*	peak_3170	-1.38641570543067	1.3318970544924e-09	Intron (ENST00000695822.1/1604, intron 10 of 10)	1	207336754	207386804	50051	1	1604	ENST00000634386.1	26587	ENSG00000196352	CD55	CD55 molecule (Cromer blood group)	NA	NA	NA
chr4	91891300	91891740	441	*	peak_27755	-1.3563308873564	1.33660724651355e-09	Intron (ENST00000505511.1/ENST00000505511.1, intron 2 of 3)	4	92258345	92274943	16599	2	101929194	ENST00000721197.1	383203	NA	LNCPRESS2	lncRNA p53 regulated and ESC associated 2	NA	NA	NA
chr8	81154181	81154408	228	*	peak_32512	-1.15807464161175	1.3470253570774e-09	Promoter (<=1kb)	8	81154250	81159534	5285	1	105375924	ENST00000663184.2	0	ENSG00000253214	LOC105375924	uncharacterized LOC105375924	NA	NA	NA
chr22	46502535	46502896	362	*	peak_24657	-1.39115008496177	1.36377259970287e-09	Intron (ENST00000262738.9/9620, intron 1 of 34)	22	46530308	46534200	3893	2	9620	ENST00000497509.1	31304	ENSG00000075275	CELSR1	cadherin EGF LAG seven-pass G-type receptor 1	NA	NA	NA
chr12	32217784	32218225	442	*	peak_7930	-1.08581604158294	1.37195641011089e-09	Intron (ENST00000548411.6/636, intron 2 of 8)	12	32328402	32333065	4664	1	636	ENST00000547680.2	-110177	ENSG00000151746	BICD1	BICD cargo adaptor 1	NA	NA	NA
chr17	64402618	64403080	463	*	peak_14984	-1.14155121418481	1.38081133182756e-09	Intron (ENST00000792136.1/ENST00000792136.1, intron 1 of 1)	17	64375338	64398391	23054	2	5175	ENST00000569967.1	-4227	ENSG00000261371	PECAM1	platelet and endothelial cell adhesion molecule 1	NA	NA	NA
chr20	45323748	45324006	259	*	peak_21769	-1.0997021743814	1.38343371486619e-09	Distal Intergenic	20	45315925	45317824	1900	1	11317	ENST00000622729.1	7823	ENSG00000124232	RBPJL	recombination signal binding protein for immunoglobulin kappa J region like	NA	NA	NA
chr17	72992923	72993208	286	*	peak_15153	-1.06551400088636	1.38410631418557e-09	Promoter (<=1kb)	17	72648923	72992933	344011	2	201266	ENST00000582769.5	0	ENSG00000133195	SLC39A11	solute carrier family 39 member 11	NA	NA	NA
chr7	36262590	36263004	415	*	peak_30999	-1.05622005473806	1.38595621493531e-09	Intron (ENST00000242108.9/80820, intron 3 of 7)	7	36281083	36297187	16105	1	80820	ENST00000487069.5	-18079	ENSG00000122547	EEPD1	endonuclease/exonuclease/phosphatase family domain containing 1	NA	NA	NA
chr15	26658445	26658777	333	*	peak_10237	-1.38903147590868	1.38617098147901e-09	Promoter (<=1kb)	15	26657023	26658755	1733	2	124903578	ENST00000769998.1	0	NA	LOC124903578	uncharacterized LOC124903578	NA	NA	NA
chr3	135035572	135035958	387	*	peak_26760	-1.19482349755077	1.39013710000982e-09	Intron (ENST00000398015.8/2047, intron 3 of 15)	3	135067532	135259370	191839	1	2047	ENST00000493838.1	-31574	ENSG00000154928	EPHB1	EPH receptor B1	NA	NA	NA
chr7	55369788	55370336	549	*	peak_31305	-1.01492848616312	1.40425212878162e-09	Intron (ENST00000254770.3/55915, intron 1 of 8)	7	55366111	55431528	65418	1	55915	ENST00000452107.6	3677	ENSG00000132434	LANCL2	LanC like glutathione S-transferase 2	NA	NA	NA
chr15	82147000	82147439	440	*	peak_11160	-1.03323443168648	1.40434962610855e-09	Intron (ENST00000359445.8/79631, intron 16 of 17)	15	82130218	82160096	29879	2	79631	ENST00000561340.2	12657	ENSG00000140598	EFL1	elongation factor like GTPase 1	NA	NA	NA
chr3	185351917	185352202	286	*	peak_26980	-1.42625460330729	1.44306205567007e-09	Intron (ENST00000446828.5/9175, intron 2 of 12)	3	185363136	185489094	125959	1	9175	ENST00000265026.8	-10934	ENSG00000073803	MAP3K13	mitogen-activated protein kinase kinase kinase 13	NA	NA	NA
chr5	123278033	123278566	534	*	peak_28450	-1.46650804042456	1.44762842099924e-09	Distal Intergenic	5	123344895	123352576	7682	2	153241	ENST00000676384.1	74010	ENSG00000168944	CEP120	centrosomal protein 120	NA	NA	NA
chr16	58125739	58126130	392	*	peak_12693	-1.253086853014	1.45630801206284e-09	Intron (ENST00000262498.8/29105, intron 1 of 5)	16	58115792	58129300	13509	2	29105	ENST00000567092.1	3170	ENSG00000070761	CFAP20	cilia and flagella associated protein 20	NA	NA	NA
chr3	128827688	128828190	503	*	peak_26639	-1.09522858740183	1.4593770762804e-09	Distal Intergenic	3	128801992	128814797	12806	1	7879	ENST00000674593.1	25696	ENSG00000075785	RAB7A	RAB7A, member RAS oncogene family	NA	NA	NA
chr3	183516343	183516698	356	*	peak_26926	-1.18589361359648	1.46453666984737e-09	Intron (ENST00000468734.1/89857, intron 2 of 7)	3	183520212	183544785	24574	2	89857	ENST00000487643.1	28087	ENSG00000172578	KLHL6	kelch like family member 6	NA	NA	NA
chr1	209473830	209474340	511	*	peak_3191	-1.2892194776289	1.47107796235512e-09	Distal Intergenic	1	209432218	209432850	633	1	406988	ENST00000830970.1	41612	ENSG00000284485	MIR205	microRNA 205	NA	NA	NA
chr2	106189765	106190495	731	*	peak_19534	-1.0643198210118	1.47614393490253e-09	Intron (ENST00000283148.12/80146, intron 1 of 14)	2	106093508	106194299	100792	2	80146	ENST00000409501.7	3804	ENSG00000115652	UXS1	UDP-glucuronate decarboxylase 1	NA	NA	NA
chr22	32469778	32470164	387	*	peak_23874	-1.13775121247402	1.48715959570068e-09	Distal Intergenic	22	32474676	32498829	24154	1	25793	ENST00000420700.5	-4512	ENSG00000100225	FBXO7	F-box protein 7	NA	NA	NA
chr1	5638081	5638477	397	*	peak_221	-1.06520189885793	1.49042398938987e-09	Intron (ENST00000727917.1/ENST00000727917.1, intron 1 of 2)	1	5706880	5709664	2785	2	124903830	ENST00000728172.1	71187	NA	LOC124903830	uncharacterized LOC124903830	NA	NA	NA
chr17	65175005	65175602	598	*	peak_15012	-1.20389633365008	1.49048253072271e-09	Intron (ENST00000635833.1/8787, intron 8 of 18)	17	65188704	65227692	38989	1	8787	ENST00000577595.1	-13102	ENSG00000108370	RGS9	regulator of G protein signaling 9	NA	NA	NA
chr2	60441785	60442218	434	*	peak_18986	-1.59990480625812	1.50313446945327e-09	Promoter (1-2kb)	2	60397088	60439841	42754	2	102724142	ENST00000730631.1	-1944	NA	LOC102724142	uncharacterized LOC102724142	NA	NA	NA
chr4	57086065	57086579	515	*	peak_27670	-1.28588009530418	1.50313446945327e-09	Intron (ENST00000295666.6/3490, intron 1 of 4)	4	57030773	57065603	34831	2	3490	ENST00000512512.3	-20462	ENSG00000163453	IGFBP7	insulin like growth factor binding protein 7	NA	NA	NA
chr10	112328350	112328755	406	*	peak_5100	-1.02814215656947	1.50369351222596e-09	Intron (ENST00000479705.5/390003, intron 12 of 20)	10	112217024	112308283	91260	2	57678	ENST00000727514.1	-20067	ENSG00000119927	GPAM	glycerol-3-phosphate acyltransferase, mitochondrial	NA	NA	NA
chr12	128041012	128041493	482	*	peak_8712	-1.19682317256193	1.50730388687327e-09	Distal Intergenic	12	128025706	128027173	1468	2	105370070	ENST00000735939.1	-13839	NA	LINC02441	long intergenic non-protein coding RNA 2441	NA	NA	NA
chr2	203802431	203802998	568	*	peak_20319	-1.16362267861907	1.51362896048968e-09	Distal Intergenic	2	203853888	203873965	20078	1	1493	ENST00000696479.1	-50890	ENSG00000163599	CTLA4	cytotoxic T-lymphocyte associated protein 4	NA	NA	NA
chr2	134586337	134586857	521	*	peak_20162	-1.00334158989651	1.51651410444829e-09	Intron (ENST00000281924.6/81615, intron 2 of 7)	2	134491944	134496759	4816	1	124906076	ENST00000748150.1	94393	ENSG00000297469	LOC124906076	uncharacterized LOC124906076	NA	NA	NA
chr8	139882967	139883314	348	*	peak_33152	-1.27059894380935	1.52241609371255e-09	Promoter (1-2kb)	8	139730996	139881295	150300	2	83696	ENST00000522504.5	-1672	ENSG00000167632	TRAPPC9	trafficking protein particle complex subunit 9	NA	NA	NA
chr1	111907154	111907743	590	*	peak_2339	-1.01516588695229	1.52983185533165e-09	Promoter (1-2kb)	1	111909336	111910161	826	1	100873995	ENST00000441125.1	-1593	ENSG00000237556	KCND3-AS1	KCND3 antisense RNA 1	NA	NA	NA
chr6	124780560	124780942	383	*	peak_30109	-1.10026886090529	1.52995735222529e-09	Intron (ENST00000368417.6/154215, intron 4 of 6)	6	124818399	124823623	5225	1	154215	ENST00000640160.1	-37457	ENSG00000188580	NKAIN2	sodium/potassium transporting ATPase interacting 2	NA	NA	NA
chr9	128337939	128338423	485	*	peak_34727	-1.12165528235041	1.55030239525929e-09	Distal Intergenic	9	128340527	128361470	20944	1	10999	ENST00000300456.5	-2104	ENSG00000167114	SLC27A4	solute carrier family 27 member 4	NA	NA	NA
chr2	237428307	237428566	260	*	peak_20710	-1.26560364335644	1.58821382944301e-09	Intron (ENST00000409162.2/ENST00000409162.2, intron 2 of 5)	2	237410766	237414328	3563	2	1293	ENST00000683145.1	-13979	ENSG00000163359	COL6A3	collagen type VI alpha 3 chain	NA	NA	NA
chr9	104028846	104029131	286	*	peak_34490	-1.73114274168452	1.5979765371831e-09	Intron (ENST00000773748.1/101928523, intron 2 of 2)	9	103972857	104045167	72311	2	105376193	ENST00000773574.1	16036	ENSG00000270332	LOC105376193	uncharacterized LOC105376193	NA	NA	NA
chr6	163747157	163747670	514	*	peak_30319	-1.17165801571747	1.60346422341604e-09	Promoter (1-2kb)	6	163748683	163760382	11700	1	124901499	ENST00000669856.2	-1013	ENSG00000235538	LOC124901499	uncharacterized LOC124901499	NA	NA	NA
chr2	205865868	205866453	586	*	peak_20330	-1.049229683579	1.61071184580618e-09	Distal Intergenic	2	205822366	205837805	15440	2	105373847	ENST00000773316.1	-28063	NA	LOC105373847	uncharacterized LOC105373847	NA	NA	NA
chr3	72065873	72066288	416	*	peak_26156	-1.20967266333351	1.63482419365612e-09	Intron (ENST00000608555.5/ENST00000608555.5, intron 1 of 2)	3	72035753	72060682	24930	2	285286	ENST00000811809.1	-5191	ENSG00000241163	LINC00877	long intergenic non-protein coding RNA 877	NA	NA	NA
chr14	57479712	57480325	614	*	peak_9494	-1.161615994877	1.63958216396784e-09	Promoter (1-2kb)	14	57475314	57481590	6277	2	55195	ENST00000524996.1	1265	ENSG00000100557	CCDC198	coiled-coil domain containing 198	NA	NA	NA
chr2	172842533	172842984	452	*	peak_20249	-1.00440620280247	1.6406285472822e-09	Intron (ENST00000484331.5/11069, intron 4 of 4)	2	172860038	172965638	105601	1	11069	ENST00000473003.5	-17054	ENSG00000091428	RAPGEF4	Rap guanine nucleotide exchange factor 4	NA	NA	NA
chr6	104638946	104639542	597	*	peak_30063	-1.15810086260168	1.66033367573005e-09	Promoter (1-2kb)	6	104462853	104640869	178017	2	105377918	ENST00000799447.1	1327	ENSG00000287616	LOC105377918	uncharacterized LOC105377918	NA	NA	NA
chr10	57983235	57983522	288	*	peak_4046	-1.19136014935585	1.66090664815849e-09	Distal Intergenic	10	57845117	57847429	2313	2	105378314	ENST00000765255.1	-135806	NA	LOC105378314	uncharacterized LOC105378314	NA	NA	NA
chr19	12363273	12363827	555	*	peak_16811	-1.27429667993351	1.66755360562961e-09	Promoter (<=1kb)	19	12349701	12363631	13931	2	79973	ENST00000545749.2	0	ENSG00000198342	ZNF442	zinc finger protein 442	NA	NA	NA
chr3	16257168	16257561	394	*	peak_25283	-1.55205005210941	1.74383539226419e-09	3' UTR	3	16260424	16264587	4164	2	285381	ENST00000462982.1	7026	ENSG00000154813	DPH3	diphthamide biosynthesis 3	NA	NA	NA
chr7	54151745	54152130	386	*	peak_31289	-1.30713989834611	1.76755526583574e-09	Distal Intergenic	7	54330670	54349849	19180	1	102723605	ENST00000669718.1	-178540	ENSG00000231427	LINC01445	long intergenic non-protein coding RNA 1445	NA	NA	NA
chr6	109869902	109870127	226	*	peak_30083	-1.10801503974439	1.77930937114336e-09	Intron (ENST00000675772.1/9896, intron 22 of 22)	6	109795874	109825312	29439	1	9896	ENST00000674573.1	74028	ENSG00000112367	FIG4	FIG4 phosphoinositide 5-phosphatase	NA	NA	NA
chr20	41058000	41058712	713	*	peak_21707	-1.15868503003254	1.79266504595609e-09	Intron (ENST00000361337.3/7150, intron 2 of 20)	20	41076183	41124473	48291	1	7150	ENST00000681392.1	-17471	ENSG00000198900	TOP1	DNA topoisomerase I	NA	NA	NA
chr15	58466194	58466880	687	*	peak_10493	-1.3318724402069	1.8003663991782e-09	Intron (ENST00000356113.10/3990, intron 3 of 10)	15	58013858	58473913	460056	2	8854	ENST00000558239.5	7033	ENSG00000128918	ALDH1A2	aldehyde dehydrogenase 1 family member A2	NA	NA	NA
chr5	65121927	65122274	348	*	peak_28318	-1.22357159119128	1.82369613442352e-09	Intron (ENST00000771216.1/ENST00000771216.1, intron 1 of 1)	5	65056202	65070158	13957	1	107986419	ENST00000771267.1	65725	NA	LOC107986419	uncharacterized LOC107986419	NA	NA	NA
chr17	65132045	65132373	329	*	peak_15009	-1.38846787856654	1.83682609035785e-09	Intron (ENST00000635833.1/8787, intron 1 of 18)	17	65137370	65227703	90334	1	8787	ENST00000262406.10	-4997	ENSG00000108370	RGS9	regulator of G protein signaling 9	NA	NA	NA
chr4	176545855	176546195	341	*	peak_27877	-1.32942694611026	1.83732942112627e-09	Intron (ENST00000752489.1/124900817, intron 2 of 3)	4	176499054	176568025	68972	1	124900817	ENST00000752489.1	46801	NA	LOC124900817	uncharacterized LOC124900817	NA	NA	NA
chr17	73142775	73143151	377	*	peak_15156	-1.1133521863402	1.83759316166527e-09	Distal Intergenic	17	73164977	73196593	31617	1	6752	ENST00000580671.1	-21826	ENSG00000180616	SSTR2	somatostatin receptor 2	NA	NA	NA
chr12	31626298	31626633	336	*	peak_7921	-1.09665396710291	1.86879654139443e-09	Intron (ENST00000784765.1/100874249, intron 4 of 4)	12	31647160	31668075	20916	1	254013	ENST00000412352.6	-20527	ENSG00000139160	ETFBKMT	electron transfer flavoprotein subunit beta lysine methyltransferase	NA	NA	NA
chr20	54585187	54585557	371	*	peak_22048	-1.42938299779409	1.90037395058851e-09	Intron (ENST00000262593.10/55816, intron 2 of 7)	20	54554933	54555557	625	1	55816	ENST00000484860.1	30254	ENSG00000101134	DOK5	docking protein 5	NA	NA	NA
chr17	27575438	27575932	495	*	peak_13921	-1.14476683282427	1.96143458923371e-09	Promoter (1-2kb)	17	27577456	27585960	8505	1	8844	ENST00000579399.1	-1524	ENSG00000141068	KSR1	kinase suppressor of ras 1	NA	NA	NA
chr3	108100311	108100780	470	*	peak_26224	-1.12825182795845	1.96923136774534e-09	Intron (ENST00000829899.1/105374031, intron 1 of 3)	3	108098117	108111271	13155	1	105374031	ENST00000829901.1	2194	NA	LOC105374031	uncharacterized LOC105374031	NA	NA	NA
chr5	33291325	33291674	350	*	peak_28193	-1.26014996505509	1.96923136774534e-09	Promoter (<=1kb)	5	33244757	33291146	46390	2	124900637	ENST00000799551.1	-179	ENSG00000250697	LOC124900637	uncharacterized LOC124900637	NA	NA	NA
chr4	178297819	178298125	307	*	peak_27880	-1.39677227537426	1.99734821454991e-09	Distal Intergenic	4	178136753	178175158	38406	1	105377562	ENST00000814653.1	161066	NA	LOC105377562	uncharacterized LOC105377562	NA	NA	NA
chr14	32354784	32355026	243	*	peak_9397	-1.64169385822851	2.01037341044055e-09	Intron (ENST00000280979.9/9472, intron 1 of 13)	14	32329400	32830817	501418	1	9472	ENST00000557272.1	25384	ENSG00000151320	AKAP6	A-kinase anchoring protein 6	NA	NA	NA
chr4	129150177	129150589	413	*	peak_27824	-1.21005772499389	2.01432308909913e-09	Distal Intergenic	4	129096170	129106599	10430	1	132321	ENST00000508622.1	54007	ENSG00000151470	C4orf33	chromosome 4 open reading frame 33	NA	NA	NA
chr4	88021851	88022168	318	*	peak_27747	-1.1688701719681	2.05333285491151e-09	Intron (ENST00000237596.7/5311, intron 2 of 14)	4	88008232	88038371	30140	1	5311	ENST00000506727.1	13619	ENSG00000118762	PKD2	polycystin 2, transient receptor potential cation channel	NA	NA	NA
chr4	47659452	47659737	286	*	peak_27625	-1.36916204295895	2.07756048210885e-09	Intron (ENST00000610355.4/10699, intron 10 of 19)	4	47642841	47661860	19020	2	10699	ENST00000505754.1	2123	ENSG00000145244	CORIN	corin, serine peptidase	NA	NA	NA
chr13	34007986	34008508	523	*	peak_9059	-1.03711358640204	2.08503850916781e-09	Intron (ENST00000747717.1/105370156, intron 1 of 2)	13	33983616	34013241	29626	2	105370156	ENST00000747718.1	4733	ENSG00000297399	LOC105370156	uncharacterized LOC105370156	NA	NA	NA
chr12	20442333	20442604	272	*	peak_7844	-1.10419471656038	2.09910365247177e-09	Intron (ENST00000359062.4/5139, intron 1 of 15)	12	20361732	20370262	8531	2	120766147	ENST00000535755.1	-72071	NA	PDE3A-AS1	PDE3A antisense RNA 1	NA	NA	NA
chr13	59363484	59363877	394	*	peak_9116	-1.35604050461811	2.09931089330422e-09	Distal Intergenic	13	59216062	59300461	84400	2	105370223	ENST00000829269.1	-63023	NA	LOC105370223	uncharacterized LOC105370223	NA	NA	NA
chr7	64232574	64233053	480	*	peak_31341	-1.04012951175757	2.10522858363626e-09	Intron (ENST00000421025.3/168417, intron 1 of 4)	7	64228474	64266931	38458	1	168417	ENST00000421025.3	4100	ENSG00000197123	ZNF679	zinc finger protein 679	NA	NA	NA
chr10	458409	458874	466	*	peak_3489	-1.15554185205933	2.12034874142264e-09	Intron (ENST00000280886.12/22982, intron 3 of 36)	10	364962	390016	25055	2	22982	ENST00000421992.2	-68393	ENSG00000151240	DIP2C	disco interacting protein 2 homolog C	NA	NA	NA
chr12	11559424	11559943	520	*	peak_7785	-1.03580071863624	2.12074517937342e-09	Exon (ENST00000667189.2/338817, exon 2 of 3)	12	11555071	11557093	2023	2	124902877	ENST00000824888.1	-2331	NA	LOC124902877	uncharacterized LOC124902877	NA	NA	NA
chr1	207671081	207671404	324	*	peak_3172	-1.39615989379094	2.12504054678724e-09	Promoter (1-2kb)	1	207669439	207710818	41380	1	1379	ENST00000530905.1	1642	ENSG00000197721	CR1L	complement C3b/C4b receptor 1 like	NA	NA	NA
chr14	75422258	75422503	246	*	peak_9816	-1.24634230961378	2.13646144710332e-09	Exon (ENST00000731907.1/101928377, exon 3 of 3)	14	75421739	75427651	5913	2	101928377	ENST00000731907.1	5148	NA	JDP2-AS1	JDP2 antisense RNA 1	NA	NA	NA
chr7	67045237	67045503	267	*	peak_31392	-1.40665813020745	2.14547355412214e-09	Intron (ENST00000359626.10/55253, intron 7 of 15)	7	67067138	67238640	171503	1	55253	ENST00000495971.1	-21635	ENSG00000198874	TYW1	tRNA-yW synthesizing protein 1 homolog	NA	NA	NA
chr2	113824264	113824701	438	*	peak_19674	-1.37904231904681	2.17833872196281e-09	Intron (ENST00000827862.1/101060091, intron 5 of 5)	2	113760278	113818655	58378	2	105373570	ENST00000827883.1	-5609	NA	LOC105373570	uncharacterized LOC105373570	NA	NA	NA
chr16	20039824	20040204	381	*	peak_12165	-1.28179205317238	2.19803723592568e-09	Intron (ENST00000570682.2/124274, intron 1 of 1)	16	20031659	20073767	42109	2	124274	ENST00000326571.7	33563	ENSG00000180269	GPR139	G protein-coupled receptor 139	NA	NA	NA
chr10	126211447	126211874	428	*	peak_5360	-1.04536797315325	2.21212884818393e-09	Intron (ENST00000368679.8/8038, intron 3 of 22)	10	126135368	126155305	19938	2	8038	ENST00000494661.1	-56142	ENSG00000148848	ADAM12	ADAM metallopeptidase domain 12	NA	NA	NA
chr6	99026281	99026537	257	*	peak_30061	-1.30558156138286	2.23971030318249e-09	Distal Intergenic	6	98873725	98948006	74282	2	26235	ENST00000229971.2	-78275	ENSG00000112234	FBXL4	F-box and leucine rich repeat protein 4	NA	NA	NA
chr1	67404201	67404619	419	*	peak_2111	-1.1828304300495	2.24422954679613e-09	Distal Intergenic	1	67415273	67420565	5293	2	26135	ENST00000462814.1	15946	ENSG00000142864	SERBP1	SERPINE1 mRNA binding protein 1	NA	NA	NA
chr6	168856926	168857216	291	*	peak_30437	-1.52653753465693	2.25144895008816e-09	Intron (ENST00000819990.1/105378144, intron 1 of 2)	6	168860800	168862205	1406	1	105378144	ENST00000819991.1	-3584	ENSG00000306660	LOC105378144	uncharacterized LOC105378144	NA	NA	NA
chr8	126137682	126138009	328	*	peak_32791	-1.33642786264064	2.2551227761269e-09	Intron (ENST00000651482.1/100130231, intron 1 of 3)	8	125945101	126292788	347688	2	100130231	ENST00000651482.1	154779	ENSG00000245164	LINC00861	long intergenic non-protein coding RNA 861	NA	NA	NA
chrX	96315034	96315293	260	*	peak_35293	-1.45933771491644	2.26116603209964e-09	Intron (ENST00000752891.1/124905234, intron 1 of 5)	23	96337236	96337912	677	2	643486	ENST00000605735.1	22619	ENSG00000271209	BRDTP1	bromodomain testis associated pseudogene 1	NA	NA	NA
chr5	109553922	109554250	329	*	peak_28396	-1.61977892732229	2.26131925197465e-09	Intron (ENST00000765307.1/105379117, intron 3 of 5)	5	109542797	109572108	29312	1	105379117	ENST00000765309.1	11125	NA	LOC105379117	uncharacterized LOC105379117	NA	NA	NA
chr16	62135897	62136227	331	*	peak_12711	-1.56585372138028	2.26812211840022e-09	Distal Intergenic	16	62021160	62037035	15876	2	1006	ENST00000584506.1	-98862	ENSG00000150394	CDH8	cadherin 8	NA	NA	NA
chr20	1209807	1210285	479	*	peak_21054	-1.11474568661878	2.27400249600851e-09	Distal Intergenic	20	1203454	1209076	5623	1	400831	ENST00000400633.3	6353	ENSG00000215595	C20orf202	chromosome 20 open reading frame 202	NA	NA	NA
chr6	160328488	160328803	316	*	peak_30295	-1.12871685360963	2.27715591799929e-09	Distal Intergenic	6	160348378	160452577	104200	1	6581	ENST00000275300.3	-19575	ENSG00000146477	SLC22A3	solute carrier family 22 member 3	NA	NA	NA
chr20	20840548	20840966	419	*	peak_21261	-1.06456300434392	2.2825628674233e-09	Distal Intergenic	20	20744421	20749213	4793	1	105372555	ENST00000846229.1	96127	ENSG00000309956	LOC105372555	uncharacterized LOC105372555	NA	NA	NA
chr7	26608437	26608821	385	*	peak_30884	-1.20298723201948	2.2855970106986e-09	Intron (ENST00000719220.1/101928077, intron 3 of 4)	7	26585779	26590696	4918	2	101928077	ENST00000719235.1	-17741	NA	LOC101928077	uncharacterized LOC101928077	NA	NA	NA
chr3	186760350	186760837	488	*	peak_26995	-1.10379780966964	2.28739500837723e-09	Exon (ENST00000626135.2/ENST00000626135.2, exon 1 of 3)	3	186641964	186743813	101850	2	105374258	ENST00000630864.2	-16537	NA	HRG-AS1	HRG and FETUB antisense RNA 1	NA	NA	NA
chr1	94876395	94876783	389	*	peak_2188	-1.22555420419462	2.31524442869334e-09	Intron (ENST00000446120.6/126969, intron 11 of 13)	1	94867331	94895052	27722	1	126969	ENST00000532670.1	9064	ENSG00000143036	SLC44A3	solute carrier family 44 member 3	NA	NA	NA
chr16	23187485	23187850	366	*	peak_12222	-1.08921448005649	2.33012657291148e-09	Intron (ENST00000300061.3/6340, intron 2 of 12)	16	23182745	23216883	34139	1	6340	ENST00000300061.3	4740	ENSG00000166828	SCNN1G	sodium channel epithelial 1 subunit gamma	NA	NA	NA
chr10	86612628	86613499	872	*	peak_4749	-1.15992751205214	2.34924243299443e-09	Distal Intergenic	10	86654518	86700020	45503	1	11155	ENST00000685347.1	-41019	ENSG00000122367	LDB3	LIM domain binding 3	NA	NA	NA
chr1	180123484	180123917	434	*	peak_2834	-1.39907317684628	2.35372795832826e-09	Exon (ENST00000566904.1/ENST00000566904.1, exon 1 of 3)	1	180095140	180113403	18264	1	9857	ENST00000706236.1	28344	ENSG00000135837	CEP350	centrosomal protein 350	NA	NA	NA
chr2	173288651	173289164	514	*	peak_20251	-1.48076595669781	2.36744663826839e-09	Distal Intergenic	2	173197712	173282036	84325	2	339751	ENST00000423106.2	-6615	ENSG00000238133	MAP3K20-AS1	MAP3K20 antisense RNA 1	NA	NA	NA
chr7	22000001	22000472	472	*	peak_30859	-1.25247052366971	2.39059635277007e-09	Distal Intergenic	7	21908201	21945903	37703	2	55536	ENST00000457951.5	-54098	ENSG00000164649	CDCA7L	cell division cycle associated 7 like	NA	NA	NA
chr6	161668827	161669170	344	*	peak_30309	-1.66227183125808	2.41641492973513e-09	Intron (ENST00000366898.6/5071, intron 7 of 11)	6	161347607	161837066	489460	2	5071	ENST00000674006.1	167896	ENSG00000185345	PRKN	parkin RBR E3 ubiquitin protein ligase	NA	NA	NA
chr5	113093593	113093901	309	*	peak_28412	-1.15959163439818	2.49842346012411e-09	Intron (ENST00000302475.9/4163, intron 6 of 16)	5	113101543	113104625	3083	2	4163	ENST00000505604.1	10724	ENSG00000171444	MCC	MCC regulator of WNT signaling pathway	NA	NA	NA
chr20	49759393	49759751	359	*	peak_21898	-1.21132798664596	2.51802239687158e-09	Distal Intergenic	20	49764932	49772385	7454	2	105372652	ENST00000819893.1	12634	ENSG00000306635	LOC105372652	uncharacterized LOC105372652	NA	NA	NA
chr18	5599395	5599803	409	*	peak_16062	-1.28811364710904	2.53050080390766e-09	Intron (ENST00000637651.1/23136, intron 1 of 21)	18	5478399	5577648	99250	2	23136	ENST00000582592.1	-21747	ENSG00000082397	EPB41L3	erythrocyte membrane protein band 4.1 like 3	NA	NA	NA
chr11	30740844	30741299	456	*	peak_5984	-1.2003564900593	2.56901684812658e-09	Intron (ENST00000839775.1/101928338, intron 1 of 4)	11	30634717	30734958	100242	2	101928316	ENST00000839501.1	-5886	NA	LINC02859	long intergenic non-protein coding RNA 2859	NA	NA	NA
chr9	71072546	71073025	480	*	peak_34124	-1.1664243490245	2.56901684812658e-09	Intron (ENST00000677713.2/80036, intron 1 of 25)	9	70535064	71096985	561922	2	80036	ENST00000704567.1	23960	ENSG00000083067	TRPM3	transient receptor potential cation channel subfamily M member 3	NA	NA	NA
chr1	151841254	151841608	355	*	peak_2494	-1.23035162156871	2.56929965265081e-09	Promoter (<=1kb)	1	151841877	151851549	9673	1	100132111	ENST00000434182.2	-269	NA	C2CD4D-AS1	C2CD4D and THEM5 antisense RNA 1	NA	NA	NA
chr8	132342989	132343444	456	*	peak_32878	-1.18663656515404	2.57014908270639e-09	Intron (ENST00000388996.10/3786, intron 1 of 14)	8	132129406	132321545	192140	2	3786	ENST00000638588.1	-21444	ENSG00000184156	KCNQ3	potassium voltage-gated channel subfamily Q member 3	NA	NA	NA
chr13	78915015	78915358	344	*	peak_9129	-1.40914346064846	2.57822836840625e-09	Distal Intergenic	13	78786472	78840058	53587	2	100874126	ENST00000829802.1	-74957	NA	LINC00331	long intergenic non-protein coding RNA 331	NA	NA	NA
chr15	69522372	69522679	308	*	peak_10750	-1.31829587938406	2.58319788756142e-09	Intron (ENST00000668790.1/145837, intron 3 of 6)	15	69525805	69571434	45630	1	145837	ENST00000653708.1	-3126	ENSG00000245750	DRAIC	downregulated RNA in cancer, inhibitor of cell invasion and migration	NA	NA	NA
chr12	114241955	114242479	525	*	peak_8461	-1.28389679626469	2.65095914829681e-09	Promoter (<=1kb)	12	114238473	114241954	3482	2	105369996	ENST00000551761.2	-1	NA	LINC02459	long intergenic non-protein coding RNA 2459	NA	NA	NA
chr16	19831707	19831994	288	*	peak_12163	-1.12531489173347	2.65095914829681e-09	Intron (ENST00000308214.13/124152, intron 7 of 7)	16	19827064	19857585	30522	1	124152	ENST00000568061.1	4643	ENSG00000174628	IQCK	IQ motif containing K	NA	NA	NA
chr8	124739632	124740060	429	*	peak_32751	-1.04208764492666	2.65281549310874e-09	Intron (ENST00000811281.1/105375741, intron 2 of 2)	8	124729457	124767248	37792	1	105375741	ENST00000811280.1	10175	ENSG00000305490	LOC105375741	uncharacterized LOC105375741	NA	NA	NA
chr5	172492949	172493357	409	*	peak_29141	-1.00107887167985	2.68133763207167e-09	Intron (ENST00000718805.1/105377727, intron 1 of 1)	5	172479200	172536448	57249	1	105377727	ENST00000660356.2	13749	ENSG00000287814	LOC105377727	uncharacterized LOC105377727	NA	NA	NA
chr9	74775394	74775902	509	*	peak_34132	-1.21838382470604	2.68758338020903e-09	Exon (ENST00000361255.7/140803, exon 24 of 39)	9	74820232	74834057	13826	2	140803	ENST00000483186.1	58155	ENSG00000119121	TRPM6	transient receptor potential cation channel subfamily M member 6	NA	NA	NA
chr5	95673164	95673449	286	*	peak_28375	-1.19056993611055	2.69182306205874e-09	Intron (ENST00000508206.1/105379090, intron 3 of 3)	5	95652640	95682991	30352	2	83890	ENST00000477047.6	9542	ENSG00000145757	SPATA9	spermatogenesis associated 9	NA	NA	NA
chr10	83884795	83885062	268	*	peak_4689	-1.43308894194413	2.72256982170839e-09	Exon (ENST00000740263.1/ENST00000740263.1, exon 3 of 4)	10	83882892	83914452	31561	2	107984181	ENST00000740261.1	29390	NA	LOC107984181	uncharacterized LOC107984181	NA	NA	NA
chr1	52397157	52397585	429	*	peak_1887	-1.06017871457334	2.72417248421859e-09	Intron (ENST00000371568.8/4998, intron 4 of 16)	1	52372831	52404387	31557	2	4998	ENST00000371566.1	6802	ENSG00000085840	ORC1	origin recognition complex subunit 1	NA	NA	NA
chr12	129844569	129845028	460	*	peak_8749	-1.16846603956946	2.72686393812006e-09	Intron (ENST00000422113.7/121256, intron 1 of 8)	12	129852208	129854944	2737	2	124903085	ENST00000502221.2	9916	NA	LOC124903085	uncharacterized LOC124903085	NA	NA	NA
chr16	26603805	26604498	694	*	peak_12259	-1.00365020416468	2.74563744417968e-09	Intron (ENST00000669695.2/ENST00000669695.2, intron 1 of 1)	16	26584759	26598192	13434	2	105371152	ENST00000727759.1	-5613	ENSG00000236481	LINC02195	long intergenic non-protein coding RNA 2195	NA	NA	NA
chr14	50054134	50054583	450	*	peak_9436	-1.04174372249137	2.75400732942013e-09	Intron (ENST00000635379.2/196913, intron 1 of 14)	14	50007308	50047613	40306	2	196913	ENST00000769213.1	-6521	ENSG00000214900	LINC01599	long intergenic non-protein coding RNA 1599	NA	NA	NA
chr6	149907627	149907927	301	*	peak_30187	-1.37024797278083	2.7545628311061e-09	Intron (ENST00000606915.2/100652739, intron 1 of 1)	6	149883179	149898113	14935	2	135250	ENST00000357183.9	-9514	ENSG00000164520	RAET1E	retinoic acid early transcript 1E	NA	NA	NA
chr2	129831871	129832044	174	*	peak_20063	-1.73455737631098	2.76631086910682e-09	Intron (ENST00000809995.1/124907889, intron 3 of 5)	2	129865632	129866542	911	2	105373615	ENST00000810022.1	34498	ENSG00000229536	LINC02572	long intergenic non-protein coding RNA 2572	NA	NA	NA
chr4	5628104	5628717	614	*	peak_27342	-1.03017907849414	2.77749456021007e-09	3' UTR	4	5562439	5708559	146121	2	132884	ENST00000344408.10	79842	ENSG00000173040	EVC2	EvC ciliary complex subunit 2	NA	NA	NA
chr7	71211108	71211453	346	*	peak_31425	-1.36784193676438	2.81255071653732e-09	Intron (ENST00000333538.10/64409, intron 1 of 10)	7	71283996	71713600	429605	1	64409	ENST00000498380.6	-72543	ENSG00000185274	GALNT17	polypeptide N-acetylgalactosaminyltransferase 17	NA	NA	NA
chr14	50920652	50921264	613	*	peak_9445	-1.01058235302971	2.89759138131314e-09	Promoter (<=1kb)	14	50917016	50921528	4513	2	5836	ENST00000553872.1	264	ENSG00000100504	PYGL	glycogen phosphorylase L	NA	NA	NA
chr8	134156440	134156914	475	*	peak_32981	-1.05644238255669	2.8980042131652e-09	Distal Intergenic	8	134190383	134390487	200105	2	124902070	ENST00000661266.1	233573	NA	LOC124902070	uncharacterized LOC124902070	NA	NA	NA
chr1	181073680	181074031	352	*	peak_2848	-1.10248728563766	2.90425405802473e-09	Intron (ENST00000760189.1/124904465, intron 3 of 3)	1	181086838	181088550	1713	2	124904465	ENST00000760190.1	14519	NA	LOC124904465	uncharacterized LOC124904465	NA	NA	NA
chr7	67482213	67482652	440	*	peak_31398	-1.40198131937145	2.91270261229541e-09	Distal Intergenic	7	67599119	67604980	5862	2	105375340	ENST00000828072.1	122328	NA	LOC105375340	uncharacterized LOC105375340	NA	NA	NA
chr15	27669760	27670208	449	*	peak_10254	-1.0203571470843	2.91423738439429e-09	Distal Intergenic	15	27519972	27530920	10949	1	2567	ENST00000451330.2	149788	ENSG00000182256	GABRG3	gamma-aminobutyric acid type A receptor subunit gamma3	NA	NA	NA
chr3	58214386	58214825	440	*	peak_26091	-1.11896372690994	2.91829657142451e-09	Promoter (<=1kb)	3	58205490	58214671	9182	2	107986091	ENST00000460422.1	0	NA	LOC107986091	uncharacterized LOC107986091	NA	NA	NA
chr7	142611837	142612162	326	*	peak_31835	-1.13314954527808	2.92199342329874e-09	Distal Intergenic	7	142749468	142753020	3553	1	5644	ENST00000486171.5	-137306	ENSG00000204983	PRSS1	serine protease 1	NA	NA	NA
chr12	13559553	13559919	367	*	peak_7824	-1.08427983149872	2.93746238889603e-09	3' UTR	12	13582031	13620077	38047	1	105369668	ENST00000652867.1	-22112	ENSG00000287928	LOC105369668	uncharacterized LOC105369668	NA	NA	NA
chr12	68370269	68370869	601	*	peak_8268	-1.24277628360309	2.9540014901004e-09	Intron (ENST00000818926.1/100507195, intron 2 of 2)	12	68335642	68337013	1372	1	105369819	ENST00000819390.1	34627	NA	LOC105369819	uncharacterized LOC105369819	NA	NA	NA
chr3	101350025	101350279	255	*	peak_26206	-1.51713721996072	3.01041701224397e-09	Intron (ENST00000394095.7/57337, intron 12 of 23)	3	101347326	101347913	588	2	57337	ENST00000366089.2	-2112	ENSG00000138468	SENP7	SUMO specific peptidase 7	NA	NA	NA
chr1	59137085	59137459	375	*	peak_2078	-1.25427348384606	3.01627609724157e-09	Intron (ENST00000842947.1/100131060, intron 5 of 5)	1	59132473	59146827	14355	2	729467	ENST00000587839.2	9368	ENSG00000224609	HSD52	uncharacterized LOC729467	NA	NA	NA
chr8	108874445	108874762	318	*	peak_32633	-1.34022984243356	3.04374957279272e-09	Exon (ENST00000661381.1/101927413, exon 5 of 6)	8	108883634	108906393	22760	2	101927413	ENST00000816869.1	31631	ENSG00000253796	LOC101927413	uncharacterized LOC101927413	NA	NA	NA
chr8	54629148	54629635	488	*	peak_32421	-1.02149665797858	3.07591283456013e-09	Exon (ENST00000220676.2/6101, exon 4 of 4)	8	54616096	54630834	14739	1	6101	ENST00000220676.2	13052	ENSG00000104237	RP1	RP1 axonemal microtubule associated	NA	NA	NA
chr18	70622996	70623492	497	*	peak_16450	-1.10122454129556	3.11323967407267e-09	Intron (ENST00000745041.1/124904322, intron 1 of 2)	18	70599652	70732677	133026	1	124904322	ENST00000745042.1	23344	NA	LOC124904322	uncharacterized LOC124904322	NA	NA	NA
chr3	126036879	126037269	391	*	peak_26385	-1.07580920173912	3.11683364446551e-09	Intron (ENST00000360370.9/54946, intron 3 of 10)	3	126006363	126025790	19428	2	54946	ENST00000512557.5	-11089	ENSG00000114544	SLC41A3	solute carrier family 41 member 3	NA	NA	NA
chr17	67258852	67259464	613	*	peak_15059	-1.11001279793018	3.1894208679971e-09	Exon (ENST00000753920.1/101928021, exon 3 of 4)	17	67271469	67271607	139	1	124900398	ENST00000384679.1	-12005	ENSG00000207410	LOC124900398	small nucleolar RNA SNORA8	NA	NA	NA
chr8	103197634	103197923	290	*	peak_32617	-1.03640019835819	3.19825658727443e-09	Intron (ENST00000438105.2/79870, intron 1 of 1)	8	103165921	103207997	42077	2	100499183	ENST00000734535.1	10074	NA	BAALC-AS1	BAALC antisense RNA 1	NA	NA	NA
chr12	122646849	122647236	388	*	peak_8579	-1.28255724563651	3.20696948036034e-09	Distal Intergenic	12	122620042	122626375	6334	1	9735	ENST00000534995.1	26807	ENSG00000184445	KNTC1	kinetochore associated 1	NA	NA	NA
chr2	23361236	23361660	425	*	peak_18465	-1.23535186083111	3.27798327200513e-09	Promoter (<=1kb)	2	23357444	23360376	2933	2	105374323	ENST00000426527.2	-860	NA	LINC02923	long intergenic non-protein coding RNA 2923	NA	NA	NA
chr4	55438256	55438541	286	*	peak_27655	-1.41664691953286	3.32532811067406e-09	Exon (ENST00000309964.8/9575, exon 21 of 22)	4	55442278	55443755	1478	2	9575	ENST00000479384.1	5214	ENSG00000134852	CLOCK	clock circadian regulator	NA	NA	NA
chr5	38715811	38716164	354	*	peak_28223	-1.17054246361142	3.37003875936371e-09	Intron (ENST00000662290.1/101929768, intron 2 of 4)	5	38710367	38720259	9893	2	101926904	ENST00000847655.1	4095	ENSG00000249740	LINC01265	long intergenic non-protein coding RNA 1265	NA	NA	NA
chrX	85108158	85108760	603	*	peak_35290	-1.10808788001307	3.37908887595417e-09	Promoter (<=1kb)	23	85092287	85108968	16682	2	340562	ENST00000395409.7	208	ENSG00000184788	SATL1	spermidine/spermine N1-acetyl transferase like 1	NA	NA	NA
chr14	95572374	95572795	422	*	peak_10004	-1.18912441800802	3.38197040389867e-09	Promoter (<=1kb)	14	95573520	95578688	5169	1	100506999	ENST00000659262.1	-725	ENSG00000258390	LINC02318	long intergenic non-protein coding RNA 2318	NA	NA	NA
chr17	58642050	58642479	430	*	peak_14862	-1.49011175085907	3.39764146679364e-09	Intron (ENST00000349033.10/56155, intron 2 of 31)	17	58658901	58659313	413	2	124904122	ENST00000702614.2	16834	NA	LOC124904122	U1 spliceosomal RNA	NA	NA	NA
chr6	36266619	36267432	814	*	peak_29717	-1.10676481968379	3.40082533635429e-09	Intron (ENST00000312917.9/285848, intron 1 of 7)	6	36270060	36313955	43896	1	285848	ENST00000636260.2	-2628	ENSG00000180316	PNPLA1	patatin like domain 1, omega-hydroxyceramide transacylase	NA	NA	NA
chr7	108674131	108674450	320	*	peak_31729	-1.64528265088294	3.42491026683671e-09	Distal Intergenic	7	108605759	108614193	8435	1	105375448	ENST00000658357.1	68372	ENSG00000225647	LOC105375448	uncharacterized LOC105375448	NA	NA	NA
chr9	92206551	92206938	388	*	peak_34291	-1.25517462888093	3.44625204458152e-09	Promoter (<=1kb)	9	92206722	92210154	3433	1	112268048	ENST00000846046.1	0	NA	LOC112268048	uncharacterized LOC112268048	NA	NA	NA
chr8	19363480	19364002	523	*	peak_32033	-1.19306516722605	3.47883543383918e-09	Promoter (<=1kb)	8	19363809	19373617	9809	1	63898	ENST00000522328.1	0	ENSG00000104611	SH2D4A	SH2 domain containing 4A	NA	NA	NA
chr17	73459898	73460403	506	*	peak_15181	-1.29906991968031	3.54680860391404e-09	Intron (ENST00000392650.8/54549, intron 3 of 44)	17	73357370	73437769	80400	2	54549	ENST00000479356.1	-22129	ENSG00000069188	SDK2	sidekick cell adhesion molecule 2	NA	NA	NA
chr2	37652226	37652703	478	*	peak_18788	-1.16743847089086	3.56558535541245e-09	Intron (ENST00000751615.1/124905991, intron 5 of 5)	2	37646546	37647658	1113	2	10602	ENST00000422687.1	-4568	ENSG00000163171	CDC42EP3	CDC42 effector protein 3	NA	NA	NA
chr15	64265208	64265542	335	*	peak_10564	-1.29467072599616	3.58852714908518e-09	Intron (ENST00000303052.13/53944, intron 2 of 11)	15	64251439	64300467	49029	2	53944	ENST00000635359.1	34925	ENSG00000169118	CSNK1G1	casein kinase 1 gamma 1	NA	NA	NA
chr11	115126065	115126628	564	*	peak_7205	-1.26290447723707	3.60591691921424e-09	Distal Intergenic	11	115176327	115179111	2785	2	23705	ENST00000546000.1	52483	ENSG00000182985	CADM1	cell adhesion molecule 1	NA	NA	NA
chr7	43220271	43220593	323	*	peak_31039	-1.06504135492461	3.6194307907187e-09	Intron (ENST00000490954.2/23072, intron 1 of 1)	7	43248587	43258709	10123	1	23072	ENST00000471527.1	-27994	ENSG00000002746	HECW1	HECT, C2 and WW domain containing E3 ubiquitin protein ligase 1	NA	NA	NA
chr3	4300007	4300327	321	*	peak_24929	-1.42440948635518	3.62683335080173e-09	Intron (ENST00000448413.5/285362, intron 8 of 12)	3	4278796	4303270	24475	2	285362	ENST00000720303.1	2943	ENSG00000144455	SUMF1	sulfatase modifying factor 1	NA	NA	NA
chr6	30151061	30151323	263	*	peak_29488	-1.17809104189256	3.67462967999172e-09	Distal Intergenic	6	30151945	30160934	8990	2	10107	ENST00000376704.3	9611	ENSG00000204613	TRIM10	tripartite motif containing 10	NA	NA	NA
chr11	57553801	57554145	345	*	peak_6209	-1.39068786860176	3.72265252685866e-09	Intron (ENST00000340573.8/9246, intron 3 of 3)	11	57552272	57560516	8245	2	9246	ENST00000528275.1	6371	ENSG00000156587	UBE2L6	ubiquitin conjugating enzyme E2 L6	NA	NA	NA
chr20	51661711	51662197	487	*	peak_22015	-1.02020361706445	3.74502501173593e-09	Intron (ENST00000311637.9/10079, intron 8 of 22)	20	51725819	51732587	6769	2	10079	ENST00000477492.1	70390	ENSG00000054793	ATP9A	ATPase phospholipid transporting 9A (putative)	NA	NA	NA
chr16	19330017	19330521	505	*	peak_12159	-1.01432363184489	3.77800256159767e-09	Distal Intergenic	16	19334011	19337806	3796	1	105371113	ENST00000648468.2	-3490	ENSG00000285869	LINC02858	long intergenic non-protein coding RNA 2858	NA	NA	NA
chr18	2316757	2317147	391	*	peak_16033	-1.72981266201748	3.81004519013554e-09	Intron (ENST00000746281.1/105371956, intron 1 of 3)	18	2034135	2327156	293022	2	105371956	ENST00000746281.1	10009	ENSG00000263745	LOC105371956	uncharacterized LOC105371956	NA	NA	NA
chr7	132455304	132455908	605	*	peak_31798	-1.16827799075815	3.83030827417439e-09	Intron (ENST00000321063.9/91584, intron 3 of 31)	7	132409017	132410496	1480	2	102724906	ENST00000751005.1	-44808	NA	LOC102724906	uncharacterized LOC102724906	NA	NA	NA
chr8	58080818	58081185	368	*	peak_32443	-1.11108894701856	3.90092304536207e-09	Intron (ENST00000519262.6/90362, intron 3 of 3)	8	58070318	58146037	75720	1	90362	ENST00000521413.1	10500	ENSG00000169122	FAM110B	family with sequence similarity 110 member B	NA	NA	NA
chr5	57442534	57442841	308	*	peak_28297	-1.01996655988733	3.90494671765221e-09	Intron (ENST00000506106.1/102724122, intron 1 of 3)	5	57453170	57499801	46632	1	102724122	ENST00000771491.1	-10329	NA	RMEL3	enriched in melanoma 3	NA	NA	NA
chr12	38118512	38119519	1008	*	peak_7939	-1.27280615158331	3.90674569244685e-09	Distal Intergenic	12	38138321	38142651	4331	1	107984469	ENST00000792180.1	-18802	NA	LOC107984469	uncharacterized LOC107984469	NA	NA	NA
chr6	49922443	49922714	272	*	peak_29996	-1.41273611724271	3.95599409156439e-09	Distal Intergenic	6	49946101	49949444	3344	2	403339	ENST00000620560.2	26730	ENSG00000214643	DEFB133	defensin beta 133 (pseudogene)	NA	NA	NA
chr7	31747455	31747843	389	*	peak_30968	-1.16365629260883	3.96182617527503e-09	Distal Intergenic	7	31695963	31707596	11634	1	10842	ENST00000498609.1	51492	ENSG00000106341	PPP1R17	protein phosphatase 1 regulatory subunit 17	NA	NA	NA
chr1	219771070	219771421	352	*	peak_3259	-1.12962987373629	3.97171891104453e-09	Intron (ENST00000484239.5/105372926, intron 8 of 8)	1	219914264	219919030	4767	2	55532	ENST00000484079.1	147609	ENSG00000196660	SLC30A10	solute carrier family 30 member 10	NA	NA	NA
chr14	63745895	63746569	675	*	peak_9550	-1.20910446575945	4.01057876482632e-09	Exon (ENST00000769609.1/ENST00000769609.1, exon 3 of 3)	14	63761899	63995099	233201	1	23224	ENST00000674003.1	-15330	ENSG00000054654	SYNE2	spectrin repeat containing nuclear envelope protein 2	NA	NA	NA
chr1	40039171	40039519	349	*	peak_1558	-1.14647375549171	4.05117961589436e-09	Promoter (<=1kb)	1	40040233	40072649	32417	1	10487	ENST00000372797.7	-714	ENSG00000131236	CAP1	cyclase associated actin cytoskeleton regulatory protein 1	NA	NA	NA
chr3	134833048	134833423	376	*	peak_26753	-1.05570293055105	4.05483329386973e-09	Intron (ENST00000460895.5/2047, intron 2 of 3)	3	134823848	134951621	127774	1	2047	ENST00000473867.5	9200	ENSG00000154928	EPHB1	EPH receptor B1	NA	NA	NA
chr6	30441208	30441465	258	*	peak_29492	-1.30607149282909	4.05752914015958e-09	Distal Intergenic	6	30460825	30480789	19965	2	105375012	ENST00000765493.1	39324	NA	LOC105375012	uncharacterized LOC105375012	NA	NA	NA
chr1	55073264	55073642	379	*	peak_2059	-1.40739762277818	4.07039245520932e-09	Promoter (<=1kb)	1	55071813	55072992	1180	2	23358	ENST00000480962.1	-272	ENSG00000162402	USP24	ubiquitin specific peptidase 24	NA	NA	NA
chr2	160555531	160556091	561	*	peak_20223	-1.33884383352578	4.1114609037583e-09	Distal Intergenic	2	160272151	160493807	221657	2	5937	ENST00000348849.8	-61724	ENSG00000153250	RBMS1	RNA binding motif single stranded interacting protein 1	NA	NA	NA
chr1	118097547	118097853	307	*	peak_2432	-1.57833186952598	4.15034767153258e-09	Exon (ENST00000336338.10/200162, exon 7 of 49)	1	118085978	118087162	1185	2	200162	ENST00000463628.1	-10385	ENSG00000155761	SPAG17	sperm associated antigen 17	NA	NA	NA
chr20	5150757	5151079	323	*	peak_21161	-1.09901114096849	4.1925473754125e-09	Intron (ENST00000467923.5/8760, intron 1 of 5)	20	5127048	5175652	48605	1	8760	ENST00000486875.1	23709	ENSG00000101290	CDS2	CDP-diacylglycerol synthase 2	NA	NA	NA
chr16	48462149	48462676	528	*	peak_12474	-1.05155201957269	4.21504651287407e-09	Distal Intergenic	16	48356364	48448402	92039	2	6477	ENST00000568007.5	-13747	ENSG00000196470	SIAH1	siah E3 ubiquitin protein ligase 1	NA	NA	NA
chr3	10804120	10804524	405	*	peak_25029	-1.08996443993718	4.2172088593204e-09	Distal Intergenic	3	10816201	10825498	9298	1	6538	ENST00000454147.1	-11677	ENSG00000132164	SLC6A11	solute carrier family 6 member 11	NA	NA	NA
chr10	29649601	29650009	409	*	peak_3606	-1.22080080606015	4.26242345052184e-09	Intron (ENST00000375400.7/6840, intron 3 of 35)	10	29555090	29647255	92166	2	6840	ENST00000483758.1	-2346	ENSG00000197321	SVIL	supervillin	NA	NA	NA
chr5	169710807	169711137	331	*	peak_29109	-1.15695526896644	4.27829013924222e-09	Intron (ENST00000520908.7/1794, intron 15 of 51)	5	169703949	170083379	379431	1	1794	ENST00000523351.6	6858	ENSG00000134516	DOCK2	dedicator of cytokinesis 2	NA	NA	NA
chr12	97054142	97054566	425	*	peak_8300	-1.62217625226591	4.29625864313989e-09	Intron (ENST00000716365.1/105369928, intron 2 of 4)	12	97025341	97127541	102201	1	124902993	ENST00000718966.1	28801	NA	LOC124902993	uncharacterized LOC124902993	NA	NA	NA
chr10	69217153	69217518	366	*	peak_4089	-1.00347143476126	4.31591549640673e-09	Intron (ENST00000450995.1/101928994, intron 4 of 4)	10	69220332	69267552	47221	1	80201	ENST00000354624.6	-2814	ENSG00000156510	HKDC1	hexokinase domain containing 1	NA	NA	NA
chr4	54497999	54498345	347	*	peak_27647	-1.0597012337002	4.31900832521392e-09	Distal Intergenic	4	54603211	54607131	3921	2	339978	ENST00000508484.1	108786	ENSG00000250456	LINC02260	long intergenic non-protein coding RNA 2260	NA	NA	NA
chr14	61132802	61133225	424	*	peak_9519	-1.12928366430032	4.38383310942009e-09	Distal Intergenic	14	61187559	61530584	343026	1	5583	ENST00000555185.5	-54334	ENSG00000027075	PRKCH	protein kinase C eta	NA	NA	NA
chr6	125267851	125268406	556	*	peak_30110	-1.03977198324454	4.38543041794945e-09	Promoter (<=1kb)	6	125268087	125274828	6742	1	124901395	ENST00000661181.1	0	NA	LOC124901395	uncharacterized LOC124901395	NA	NA	NA
chr7	97090264	97090623	360	*	peak_31589	-1.71165326125676	4.38745085068355e-09	Distal Intergenic	7	97117698	97181763	64066	1	57001	ENST00000432641.3	-27075	ENSG00000196636	SDHAF3	succinate dehydrogenase complex assembly factor 3	NA	NA	NA
chr20	39170913	39171426	514	*	peak_21694	-1.16516956218019	4.4064367636588e-09	Intron (ENST00000772862.1/107985448, intron 4 of 4)	20	39130958	39401661	270704	1	107985448	ENST00000772859.1	39955	NA	LOC107985448	uncharacterized LOC107985448	NA	NA	NA
chr1	213689290	213689619	330	*	peak_3254	-1.05528186436774	4.41175016425655e-09	Intron (ENST00000788948.1/26750, intron 4 of 5)	1	213729100	213873567	144468	1	26750	ENST00000788970.1	-39481	ENSG00000136643	RPS6KC1	ribosomal protein S6 kinase C1	NA	NA	NA
chr16	9698615	9699106	492	*	peak_11963	-1.17060257327745	4.43707447462334e-09	Intron (ENST00000753716.1/ENST00000753716.1, intron 1 of 1)	16	9764839	9769228	4390	2	2903	ENST00000463531.1	70122	ENSG00000183454	GRIN2A	glutamate ionotropic receptor NMDA type subunit 2A	NA	NA	NA
chr16	79068156	79068631	476	*	peak_13006	-1.13903661144292	4.44781056416186e-09	Intron (ENST00000683929.1/51741, intron 10 of 10)	16	79090049	79110882	20834	1	107984806	ENST00000736693.1	-21418	NA	LOC107984806	uncharacterized LOC107984806	NA	NA	NA
chr4	57491392	57491822	431	*	peak_27677	-1.39163678287636	4.52857093062375e-09	Exon (ENST00000664541.2/ENST00000664541.2, exon 2 of 3)	4	57462372	57465975	3604	1	101928851	ENST00000664465.1	29020	ENSG00000248505	LINC02380	long intergenic non-protein coding RNA 2380	NA	NA	NA
chr2	70747311	70747772	462	*	peak_19094	-1.55123525273586	4.66783346409958e-09	Intron (ENST00000403045.6/119, intron 1 of 20)	2	70696291	70767469	71179	2	119	ENST00000425976.5	19697	ENSG00000075340	ADD2	adducin 2	NA	NA	NA
chr1	209863926	209864738	813	*	peak_3202	-1.05904972932183	4.67043066377422e-09	Distal Intergenic	1	209838805	209844632	5828	1	27042	ENST00000457820.1	25121	ENSG00000117597	UTP25	UTP25 small subunit processome component	NA	NA	NA
chr20	40625879	40626423	545	*	peak_21701	-1.16501147042896	4.76449482105878e-09	Distal Intergenic	20	40584596	40590526	5931	1	107985435	ENST00000739837.1	41283	NA	LOC107985435	uncharacterized LOC107985435	NA	NA	NA
chr3	140487568	140487865	298	*	peak_26806	-1.26969944479834	4.77381041469627e-09	Intron (ENST00000458420.7/64084, intron 8 of 16)	3	140505611	140508789	3179	2	101927808	ENST00000513309.1	20924	ENSG00000250433	CLSTN2-AS1	CLSTN2 antisense RNA 1	NA	NA	NA
chr3	61452722	61453193	472	*	peak_26112	-1.30137165648148	4.80629286133817e-09	Distal Intergenic	3	61400333	61429179	28847	2	105377114	ENST00000836317.1	-23543	NA	LOC105377114	uncharacterized LOC105377114	NA	NA	NA
chr12	128042508	128042848	341	*	peak_8713	-1.03170455099104	4.88186890503661e-09	Distal Intergenic	12	128025706	128027173	1468	2	105370070	ENST00000735939.1	-15335	NA	LINC02441	long intergenic non-protein coding RNA 2441	NA	NA	NA
chr6	159123878	159124143	266	*	peak_30276	-1.39440348902227	4.93127352487261e-09	Distal Intergenic	6	159103362	159121510	18149	2	112267968	ENST00000819243.1	-2368	ENSG00000285492	LOC112267968	uncharacterized LOC112267968	NA	NA	NA
chr5	17430173	17430573	401	*	peak_28168	-1.16153738767926	4.94520566735466e-09	Intron (ENST00000652939.2/101929544, intron 1 of 1)	5	17435896	17441705	5810	1	101929544	ENST00000669953.2	-5323	ENSG00000248455	LINC02217	long intergenic non-protein coding RNA 2217	NA	NA	NA
chr7	46129012	46129588	577	*	peak_31180	-1.33815600551154	4.95607009855168e-09	Intron (ENST00000796919.1/ENST00000796919.1, intron 3 of 3)	7	45990802	46024358	33557	2	105375264	ENST00000797156.1	-104654	NA	LOC105375264	uncharacterized LOC105375264	NA	NA	NA
chr7	103393325	103393716	392	*	peak_31704	-1.20302344783636	4.98320606744024e-09	Intron (ENST00000339444.10/375611, intron 9 of 19)	7	103374378	103421522	47145	2	375611	ENST00000393723.2	27806	ENSG00000170615	SLC26A5	solute carrier family 26 member 5	NA	NA	NA
chr22	36988111	36988512	402	*	peak_24002	-1.1002714994005	5.00578382805856e-09	Distal Intergenic	22	36991120	37002256	11137	2	339669	ENST00000442538.5	13744	ENSG00000185264	CIMIP4	ciliary microtubule inner protein 4	NA	NA	NA
chr6	36710577	36711000	424	*	peak_29726	-1.08331973847225	5.04547642624506e-09	Intron (ENST00000612677.6/401258, intron 2 of 13)	6	36697826	36733184	35359	1	401258	ENST00000612677.6	12751	ENSG00000255587	RAB44	RAB44, member RAS oncogene family	NA	NA	NA
chr7	30271480	30271912	433	*	peak_30905	-1.04113470199274	5.08511354132736e-09	Intron (ENST00000744952.1/105375218, intron 1 of 2)	7	30247629	30277377	29749	2	105375218	ENST00000744962.1	5465	ENSG00000297045	LOC105375218	uncharacterized LOC105375218	NA	NA	NA
chr10	54976416	54976712	297	*	peak_4042	-1.78869630756712	5.13823746335684e-09	Intron (ENST00000613346.4/65217, intron 3 of 5)	10	53821110	54801291	980182	2	65217	ENST00000448885.5	-175125	ENSG00000150275	PCDH15	protocadherin related 15	NA	NA	NA
chr3	71989163	71989452	290	*	peak_26153	-1.29530100232175	5.15975191968895e-09	Intron (ENST00000666244.1/285286, intron 5 of 6)	3	72035756	72037530	1775	2	285286	ENST00000660632.1	48078	ENSG00000241163	LINC00877	long intergenic non-protein coding RNA 877	NA	NA	NA
chr8	24229287	24229547	261	*	peak_32156	-1.21637432252556	5.15996057388865e-09	Intron (ENST00000521681.3/101929294, intron 3 of 6)	8	24294069	24311427	17359	1	10863	ENST00000523379.5	-64522	ENSG00000042980	ADAM28	ADAM metallopeptidase domain 28	NA	NA	NA
chr8	86061580	86061920	341	*	peak_32517	-1.24417390560532	5.19585503782702e-09	Intron (ENST00000521564.1/ENST00000521564.1, intron 1 of 3)	8	86047109	86069668	22560	2	85481	ENST00000276616.3	7748	ENSG00000147613	PSKH2	protein serine kinase H2	NA	NA	NA
chr7	72084897	72085240	344	*	peak_31433	-1.4139202792266	5.25816150313785e-09	Intron (ENST00000329008.9/83698, intron 3 of 5)	7	71779491	72336995	557505	2	83698	ENST00000329008.9	251755	ENSG00000183166	CALN1	calneuron 1	NA	NA	NA
chr9	75083230	75083610	381	*	peak_34134	-1.02163577500963	5.29917295972611e-09	Intron (ENST00000376811.5/54981, intron 1 of 9)	9	75082709	75087811	5103	2	54981	ENST00000466137.1	4201	ENSG00000106733	NMRK1	nicotinamide riboside kinase 1	NA	NA	NA
chr2	234102147	234102418	272	*	peak_20645	-1.34243349906708	5.31102545201177e-09	Distal Intergenic	2	234050837	234056278	5442	1	6694	ENST00000492481.1	51310	ENSG00000072080	SPP2	secreted phosphoprotein 2	NA	NA	NA
chr5	54868519	54869005	487	*	peak_28279	-1.04774112095826	5.35410878100723e-09	Exon (ENST00000426589.2/ENST00000426589.2, exon 2 of 10)	5	54883597	54885098	1502	1	124900976	ENST00000693724.2	-14592	ENSG00000289060	LOC124900976	uncharacterized LOC124900976	NA	NA	NA
chr12	52828792	52829152	361	*	peak_8129	-1.11799570913689	5.36262078394187e-09	Promoter (1-2kb)	12	52821410	52830462	9053	2	338785	ENST00000546453.1	1310	ENSG00000185640	KRT79	keratin 79	NA	NA	NA
chr1	181756292	181756642	351	*	peak_2870	-1.25033495645382	5.38788995541235e-09	Intron (ENST00000367570.6/777, intron 29 of 46)	1	181776101	181783784	7684	1	777	ENST00000644521.1	-19459	ENSG00000198216	CACNA1E	calcium voltage-gated channel subunit alpha1 E	NA	NA	NA
chr13	51275028	51275378	351	*	peak_9105	-1.20724168586574	5.39205995689016e-09	Intron (ENST00000280057.6/220108, intron 4 of 4)	13	51222398	51284239	61842	1	220108	ENST00000322475.13	52630	ENSG00000150510	FAM124A	family with sequence similarity 124 member A	NA	NA	NA
chr18	72283613	72283885	273	*	peak_16453	-1.31141226904002	5.4356225726827e-09	Intron (ENST00000809688.1/ENST00000809688.1, intron 3 of 3)	18	72161726	72184671	22946	2	105372189	ENST00000775359.1	-98942	NA	LOC105372189	uncharacterized LOC105372189	NA	NA	NA
chr2	59112836	59113401	566	*	peak_18979	-1.22002872632558	5.52048855782895e-09	Intron (ENST00000422723.6/400955, intron 9 of 10)	2	59067054	59277680	210627	1	101927285	ENST00000821296.1	45782	ENSG00000233723	LINC01793	long intergenic non-protein coding RNA 1793	NA	NA	NA
chr2	170238801	170239193	393	*	peak_20235	-1.10876846176628	5.65525426782291e-09	Intron (ENST00000409940.6/140469, intron 7 of 29)	2	170199252	170655171	455920	1	140469	ENST00000602629.1	39549	ENSG00000071909	MYO3B	myosin IIIB	NA	NA	NA
chr20	46599269	46599594	326	*	peak_21810	-1.51414878736518	5.71030484771868e-09	Promoter (1-2kb)	20	46583572	46600616	17045	2	64849	ENST00000450298.5	1022	ENSG00000158296	SLC13A3	solute carrier family 13 member 3	NA	NA	NA
chr9	132269613	132269893	281	*	peak_34848	-1.15167037232522	5.74401103901529e-09	Exon (ENST00000477049.1/23064, exon 3 of 5)	9	132261356	132275382	14027	2	23064	ENST00000477049.1	5489	ENSG00000107290	SETX	senataxin	NA	NA	NA
chr14	53980218	53980578	361	*	peak_9459	-1.02184933260134	5.75018430652337e-09	Distal Intergenic	14	53951892	53958761	6870	2	652	ENST00000559642.1	-21457	ENSG00000125378	BMP4	bone morphogenetic protein 4	NA	NA	NA
chr11	113184578	113184833	256	*	peak_7173	-1.15108565680749	5.84146411577563e-09	Intron (ENST00000619839.4/4684, intron 1 of 20)	11	113231380	113232748	1369	1	4684	ENST00000534046.2	-46547	ENSG00000149294	NCAM1	neural cell adhesion molecule 1	NA	NA	NA
chr2	54610739	54610997	259	*	peak_18969	-1.56647836896445	5.88260284475277e-09	Intron (ENST00000356805.9/6711, intron 3 of 35)	2	54652518	54660290	7773	1	6711	ENST00000496323.1	-41521	ENSG00000115306	SPTBN1	spectrin beta, non-erythrocytic 1	NA	NA	NA
chr2	216416132	216416469	338	*	peak_20357	-1.30343930510257	5.92594036507111e-09	Promoter (<=1kb)	2	216415945	216428712	12768	1	50485	ENST00000412913.1	187	ENSG00000138375	SMARCAL1	SNF2 related chromatin remodeling annealing helicase 1	NA	NA	NA
chr1	21804516	21804856	341	*	peak_701	-1.01834138879614	5.92917467040246e-09	Distal Intergenic	1	21812265	21825225	12961	1	401944	ENST00000344642.7	-7409	ENSG00000187942	LDLRAD2	low density lipoprotein receptor class A domain containing 2	NA	NA	NA
chr11	76800436	76800835	400	*	peak_7088	-1.13816854198485	5.92921432600703e-09	Exon (ENST00000566747.1/ENST00000566747.1, exon 1 of 1)	11	76791752	76798144	6393	1	25987	ENST00000527881.1	8684	ENSG00000182704	TSKU	tsukushi, small leucine rich proteoglycan	NA	NA	NA
chr3	112005299	112005646	348	*	peak_26233	-1.53524820606472	5.97510397132716e-09	Intron (ENST00000393917.6/29114, intron 3 of 4)	3	112000772	112013882	13111	1	29114	ENST00000469385.1	4527	ENSG00000144834	TAGLN3	transgelin 3	NA	NA	NA
chr4	118821703	118821864	162	*	peak_27804	-1.66606114280052	6.00189478111298e-09	Intron (ENST00000280551.11/9871, intron 3 of 22)	4	118722823	118836126	113304	2	9871	ENST00000280551.11	14262	ENSG00000150961	SEC24D	SEC24 homolog D, COPII coat complex component	NA	NA	NA
chr16	9578481	9578842	362	*	peak_11960	-1.0093923133156	6.10379920971475e-09	Intron (ENST00000784503.1/132205950, intron 4 of 4)	16	9566415	9614800	48386	1	132205950	ENST00000784508.1	12066	ENSG00000261617	LOC132205950	uncharacterized LOC132205950	NA	NA	NA
chr4	88535548	88535787	240	*	peak_27751	-1.38792441720571	6.1253114438183e-09	Intron (ENST00000512194.2/8916, intron 1 of 25)	4	88523856	88524913	1058	1	101929134	ENST00000597259.2	11692	ENSG00000285122	PIGY-DT	PIGY divergent transcript	NA	NA	NA
chr15	26373940	26374263	324	*	peak_10233	-1.15551502806371	6.21706408234775e-09	Distal Intergenic	15	26395037	26455217	60181	1	107984780	ENST00000658140.1	-20774	ENSG00000235160	LINC02248	long intergenic non-protein coding RNA 2248	NA	NA	NA
chr7	108589851	108590223	373	*	peak_31728	-1.06733772948664	6.2201682148188e-09	Distal Intergenic	7	108598336	108614273	15938	1	105375448	ENST00000440208.3	-8113	ENSG00000225647	LOC105375448	uncharacterized LOC105375448	NA	NA	NA
chr15	45640688	45641017	330	*	peak_10454	-1.04385176930252	6.24394896485248e-09	Intron (ENST00000564080.1/58472, intron 1 of 5)	15	45645881	45669946	24066	1	58472	ENST00000561493.5	-4864	ENSG00000137767	SQOR	sulfide quinone oxidoreductase	NA	NA	NA
chr16	35521436	35521904	469	*	peak_12448	-1.17755412060547	6.28127451918536e-09	Intron (ENST00000656703.1/105371204, intron 3 of 3)	16	35516863	35523219	6357	1	105371204	ENST00000797776.1	4573	NA	LOC105371204	uncharacterized LOC105371204	NA	NA	NA
chr11	68878029	68878393	365	*	peak_6702	-1.10015315379264	6.3008409838066e-09	Distal Intergenic	11	68870664	68874542	3879	1	105369364	ENST00000512200.1	7365	NA	LINC02701	long intergenic non-protein coding RNA 2701	NA	NA	NA
chr1	201445301	201445695	395	*	peak_2971	-1.10751473546787	6.3145782639316e-09	Distal Intergenic	1	201408864	201429866	21003	2	7135	ENST00000336092.8	-15435	ENSG00000159173	TNNI1	troponin I1, slow skeletal type	NA	NA	NA
chr7	71210127	71210463	337	*	peak_31424	-1.31946734219798	6.32893349219907e-09	Intron (ENST00000333538.10/64409, intron 1 of 10)	7	71283996	71713600	429605	1	64409	ENST00000498380.6	-73533	ENSG00000185274	GALNT17	polypeptide N-acetylgalactosaminyltransferase 17	NA	NA	NA
chr17	15278919	15279432	514	*	peak_13637	-1.2183324540743	6.55600224927766e-09	Exon (ENST00000453339.2/ENST00000453339.2, exon 1 of 3)	17	15230719	15272292	41574	2	5376	ENST00000674868.1	-6627	ENSG00000109099	PMP22	peripheral myelin protein 22	NA	NA	NA
chr3	4425789	4426263	475	*	peak_24932	-1.31671088010396	6.58656800238225e-09	Intron (ENST00000448413.5/285362, intron 3 of 12)	3	3781352	4467261	685910	2	285362	ENST00000448413.5	40998	ENSG00000144455	SUMF1	sulfatase modifying factor 1	NA	NA	NA
chr2	55140475	55140824	350	*	peak_18972	-1.11367167627278	6.59756753254092e-09	Distal Intergenic	2	55058585	55137754	79170	2	57142	ENST00000834479.1	-2721	ENSG00000115310	RTN4	reticulon 4	NA	NA	NA
chr21	34064889	34065320	432	*	peak_22675	-1.3091076498294	6.59756753254092e-09	Distal Intergenic	21	34073224	34143034	69811	1	64968	ENST00000488492.5	-7904	ENSG00000243927	MRPS6	mitochondrial ribosomal protein S6	NA	NA	NA
chr4	38586183	38586688	506	*	peak_27592	-1.13437782377262	6.62340342076083e-09	Distal Intergenic	4	38594519	38606016	11498	2	79667	ENST00000767120.1	19328	NA	KLF3-AS1	KLF3 antisense RNA 1	NA	NA	NA
chr3	193723177	193723506	330	*	peak_27019	-1.37399548541305	6.64797633175504e-09	Distal Intergenic	3	193691394	193697526	6133	1	4976	ENST00000495261.1	31783	ENSG00000198836	OPA1	OPA1 mitochondrial dynamin like GTPase	NA	NA	NA
chr10	15744074	15744500	427	*	peak_3543	-1.09447934980378	6.66413495588937e-09	Intron (ENST00000719239.1/124902383, intron 1 of 1)	10	15737743	15797599	59857	1	124902383	ENST00000719239.1	6331	ENSG00000293819	LOC124902383	uncharacterized LOC124902383	NA	NA	NA
chr6	169669148	169669522	375	*	peak_30465	-1.36946251688568	6.68039306270951e-09	Promoter (1-2kb)	6	169664286	169670693	6408	2	253769	ENST00000496752.1	1171	ENSG00000184465	WDR27	WD repeat domain 27	NA	NA	NA
chr12	118467554	118467965	412	*	peak_8504	-1.31826511449199	6.74704498958929e-09	Distal Intergenic	12	118403501	118411147	7647	1	64426	ENST00000360286.2	64053	ENSG00000111707	SUDS3	SDS3 homolog, SIN3A corepressor complex component	NA	NA	NA
chr10	73709925	73710180	256	*	peak_4427	-1.53846219172087	6.75736952428078e-09	Intron (ENST00000399449.3/113939925, intron 10 of 18)	10	73703735	73713509	9775	2	113939925	ENST00000415917.2	3329	ENSG00000242288	BMS1P4-AGAP5	BMS1P4-AGAP5 readthrough	NA	NA	NA
chr2	42504217	42504640	424	*	peak_18826	-1.01179502367609	6.80616880893364e-09	Intron (ENST00000405592.5/57504, intron 2 of 17)	2	42494569	42756947	262379	1	57504	ENST00000405592.5	9648	ENSG00000057935	MTA3	metastasis associated 1 family member 3	NA	NA	NA
chr18	23038708	23039034	327	*	peak_16301	-1.26509633726722	6.85969561921467e-09	Distal Intergenic	18	23016796	23026488	9693	1	5932	ENST00000581687.1	21912	ENSG00000101773	RBBP8	RB binding protein 8, endonuclease	NA	NA	NA
chrX	53083929	53084591	663	*	peak_35227	-1.09010475587795	6.88002361144634e-09	Promoter (<=1kb)	23	53084699	53085943	1245	1	64061	ENST00000463525.1	-108	ENSG00000184205	TSPYL2	TSPY like 2	NA	NA	NA
chr5	25028967	25029285	319	*	peak_28178	-1.41365382489669	6.94384137177785e-09	Distal Intergenic	5	25187800	25193543	5744	1	105374693	ENST00000642022.1	-158515	NA	LINC02211	long intergenic non-protein coding RNA 2211	NA	NA	NA
chr2	122705835	122706213	379	*	peak_19879	-1.36871217181755	7.01874706117779e-09	Intron (ENST00000657880.2/105373595, intron 4 of 8)	2	122740257	122886870	146614	1	105373595	ENST00000770504.1	-34044	NA	LOC105373595	uncharacterized LOC105373595	NA	NA	NA
chr12	12258037	12258361	325	*	peak_7793	-1.39233058023887	7.02117350270729e-09	Intron (ENST00000261349.9/4040, intron 1 of 22)	12	12121093	12266769	145677	2	4040	ENST00000543091.1	8408	ENSG00000070018	LRP6	LDL receptor related protein 6	NA	NA	NA
chr6	87333914	87334202	289	*	peak_30048	-1.20843228004566	7.03810201777443e-09	Intron (ENST00000608353.5/57150, intron 2 of 3)	6	87282980	87329278	46299	2	375519	ENST00000525899.6	-4636	ENSG00000164411	GJB7	gap junction protein beta 7	NA	NA	NA
chr16	83312888	83313174	287	*	peak_13069	-1.47127439535031	7.08640762703533e-09	Intron (ENST00000268613.14/1012, intron 6 of 14)	16	83383007	83397987	14981	2	105371368	ENST00000564635.1	84813	NA	CDH13-AS1	CDH13 antisense RNA 1	NA	NA	NA
chr14	84770065	84770399	335	*	peak_9901	-1.58009201427964	7.22266473913442e-09	Distal Intergenic	14	85172070	85189105	17036	2	105370604	ENST00000725281.1	418706	NA	LOC105370604	uncharacterized LOC105370604	NA	NA	NA
chr4	10762525	10762917	393	*	peak_27529	-1.08028393201757	7.26664872077291e-09	Intron (ENST00000720792.1/102723525, intron 2 of 2)	4	10737610	10749591	11982	1	102723525	ENST00000720788.1	24915	ENSG00000283083	LINC02498	long intergenic non-protein coding RNA 2498	NA	NA	NA
chr1	227815295	227815910	616	*	peak_3338	-1.06074433052759	7.27617182209498e-09	Promoter (<=1kb)	1	227815675	227846470	30796	1	339501	ENST00000366757.4	0	ENSG00000185888	PRSS38	serine protease 38	NA	NA	NA
chr15	86830354	86830621	268	*	peak_11228	-1.20749122644238	7.27617182209498e-09	Intron (ENST00000614907.3/123624, intron 22 of 22)	15	86932880	86946331	13452	1	105370954	ENST00000560696.1	-102259	ENSG00000259636	LOC105370954	uncharacterized LOC105370954	NA	NA	NA
chr12	63916700	63917096	397	*	peak_8255	-1.35244663690445	7.32488351069953e-09	Intron (ENST00000631006.3/57522, intron 1 of 21)	12	63982525	64143780	161256	1	57522	ENST00000543397.1	-65429	ENSG00000196935	SRGAP1	SLIT-ROBO Rho GTPase activating protein 1	NA	NA	NA
chr9	76231088	76231433	346	*	peak_34139	-1.31809501959624	7.32488351069953e-09	Intron (ENST00000545128.5/5125, intron 21 of 36)	9	76188639	76194960	6322	1	5125	ENST00000455778.1	42449	ENSG00000099139	PCSK5	proprotein convertase subtilisin/kexin type 5	NA	NA	NA
chr8	60297824	60298003	180	*	peak_32447	-1.70586160226882	7.41725318854441e-09	Intron (ENST00000819670.1/105375864, intron 3 of 3)	8	60185412	60281400	95989	2	767	ENST00000317995.5	-16424	ENSG00000178538	CA8	carbonic anhydrase 8	NA	NA	NA
chr2	163028802	163029005	204	*	peak_20227	-1.41198769081592	7.46423578179582e-09	Distal Intergenic	2	162371407	162838767	467361	2	90134	ENST00000332142.10	-190035	ENSG00000184611	KCNH7	potassium voltage-gated channel subfamily H member 7	NA	NA	NA
chr9	76665463	76665839	377	*	peak_34143	-1.0785442799201	7.66571881743335e-09	Intron (ENST00000376717.6/158471, intron 1 of 10)	9	76614450	76652549	38100	2	158471	ENST00000424866.1	-12914	ENSG00000106772	PRUNE2	prune homolog 2 with BCH domain	NA	NA	NA
chr3	156017779	156018130	352	*	peak_26868	-1.11522306019484	7.73820533092524e-09	Distal Intergenic	3	156037701	156453260	415560	1	7881	ENST00000478609.5	-19571	ENSG00000169282	KCNAB1	potassium voltage-gated channel subfamily A regulatory beta subunit 1	NA	NA	NA
chr1	84365752	84366193	442	*	peak_2136	-1.03649486008135	7.79164173720468e-09	Promoter (<=1kb)	1	84364957	84365946	990	2	391051	ENST00000638373.2	0	NA	UOX	urate oxidase (pseudogene)	NA	NA	NA
chr16	58701091	58701370	280	*	peak_12708	-1.56733670771279	7.79494786652181e-09	Intron (ENST00000810660.1/ENST00000810660.1, intron 1 of 2)	16	58709049	58716383	7335	2	2806	ENST00000494627.1	15013	ENSG00000125166	GOT2	glutamic-oxaloacetic transaminase 2	NA	NA	NA
chr5	179015367	179015698	332	*	peak_29273	-1.39911728839586	7.85868411258084e-09	Distal Intergenic	5	179023804	179032321	8518	1	345462	ENST00000519896.5	-8106	ENSG00000234284	ZNF879	zinc finger protein 879	NA	NA	NA
chr15	68023240	68023673	434	*	peak_10687	-1.40021982481825	7.88160102835193e-09	Distal Intergenic	15	68054309	68142339	88031	1	8554	ENST00000564915.5	-30636	ENSG00000033800	PIAS1	protein inhibitor of activated STAT 1	NA	NA	NA
chr8	47241358	47242042	685	*	peak_32375	-1.04855549185062	7.90948002005336e-09	Distal Intergenic	8	47260878	47735999	475122	1	23514	ENST00000541342.2	-18836	ENSG00000164808	SPIDR	scaffold protein involved in DNA repair	NA	NA	NA
chr8	7023538	7023920	383	*	peak_31920	-1.15684202631822	8.0139118750093e-09	Distal Intergenic	8	7015869	7018297	2429	2	1668	ENST00000327857.7	-5241	ENSG00000239839	DEFA3	defensin alpha 3	NA	NA	NA
chr2	110657730	110658169	440	*	peak_19599	-1.66004004565207	8.08249388283727e-09	Promoter (<=1kb)	2	110637832	110657621	19790	2	699	ENST00000671097.1	-109	ENSG00000169679	BUB1	BUB1 mitotic checkpoint serine/threonine kinase	NA	NA	NA
chr1	112284773	112285121	349	*	peak_2352	-1.10975335945799	8.13192242733402e-09	Intron (ENST00000748382.1/105378909, intron 1 of 3)	1	112234567	112265429	30863	2	105378909	ENST00000748400.1	-19344	ENSG00000231246	LINC02884	long intergenic non-protein coding RNA 2884	NA	NA	NA
chr8	73990958	73991590	633	*	peak_32497	-1.24017107594144	8.20587394921507e-09	Promoter (<=1kb)	8	73991392	74029079	37688	1	23643	ENST00000284818.7	0	ENSG00000154589	LY96	lymphocyte antigen 96	NA	NA	NA
chr3	46228722	46229243	522	*	peak_25538	-1.29032748181987	8.26687578273819e-09	Intron (ENST00000357422.2/1232, intron 2 of 3)	3	46242381	46266706	24326	1	1232	ENST00000545097.1	-13138	ENSG00000183625	CCR3	C-C motif chemokine receptor 3	NA	NA	NA
chr1	49576434	49576994	561	*	peak_1867	-1.09054541454665	8.26998243322083e-09	Intron (ENST00000371839.6/84871, intron 3 of 13)	1	49374201	49472085	97885	2	100874313	ENST00000457061.1	-104349	ENSG00000225623	AGBL4-IT1	AGBL4 intronic transcript 1	NA	NA	NA
chr7	141915694	141916156	463	*	peak_31829	-1.17545832981192	8.35427850609167e-09	Promoter (<=1kb)	7	141916399	141920625	4227	1	130075	ENST00000641559.1	-243	ENSG00000258083	OR9A4	olfactory receptor family 9 subfamily A member 4	NA	NA	NA
chr6	53432695	53433226	532	*	peak_30011	-1.04672007854308	8.45592183051008e-09	Promoter (1-2kb)	6	53431549	53506911	75363	1	105375095	ENST00000789579.1	1146	ENSG00000249379	GCLC-AS1	GCLC antisense RNA 1	NA	NA	NA
chr8	630741	631449	709	*	peak_31908	-1.02273045226284	8.49692768578155e-09	Intron (ENST00000522706.5/157697, intron 3 of 3)	8	616526	640632	24107	2	157697	ENST00000519909.1	9183	ENSG00000104714	ERICH1	glutamate rich 1	NA	NA	NA
chr11	19080542	19081000	459	*	peak_5954	-1.04843591456833	8.50726696434272e-09	Distal Intergenic	11	19054455	19060717	6263	2	117194	ENST00000329773.3	-19825	ENSG00000183695	MRGPRX2	MAS related GPR family member X2	NA	NA	NA
chr9	127344558	127345035	478	*	peak_34672	-1.05538018200619	8.51635903305323e-09	Intron (ENST00000435213.6/84253, intron 16 of 28)	9	127342315	127355449	13135	1	84253	ENST00000460176.6	2243	ENSG00000136895	GARNL3	GTPase activating Rap/RanGAP domain like 3	NA	NA	NA
chr14	25516054	25517293	1240	*	peak_9390	-1.05899975972131	8.54882015303039e-09	Intron (ENST00000810465.1/ENST00000810465.1, intron 1 of 1)	14	25246592	25252134	5543	1	105370415	ENST00000837963.1	269462	ENSG00000309034	LOC105370415	uncharacterized LOC105370415	NA	NA	NA
chr3	26309149	26309491	343	*	peak_25311	-1.42698721608652	8.60631361161379e-09	Distal Intergenic	3	26137223	26208195	70973	1	105377002	ENST00000826138.1	171926	NA	LOC105377002	uncharacterized LOC105377002	NA	NA	NA
chr19	24062170	24062658	489	*	peak_16986	-1.43123589710423	8.63238687732383e-09	Intron (ENST00000664647.1/9534, intron 5 of 5)	19	24048256	24058108	9853	1	9534	ENST00000667700.1	13914	ENSG00000213096	ZNF254	zinc finger protein 254	NA	NA	NA
chr12	66159103	66159520	418	*	peak_8263	-1.02687890930659	8.75949194359545e-09	Intron (ENST00000539652.1/51643, intron 1 of 7)	12	66136937	66169511	32575	2	51643	ENST00000544599.5	9991	ENSG00000155957	TMBIM4	transmembrane BAX inhibitor motif containing 4	NA	NA	NA
chr3	71998894	71999471	578	*	peak_26154	-1.15162388567067	8.78389957692141e-09	Exon (ENST00000811807.1/ENST00000811807.1, exon 3 of 3)	3	72035756	72037530	1775	2	285286	ENST00000660632.1	38059	ENSG00000241163	LINC00877	long intergenic non-protein coding RNA 877	NA	NA	NA
chr6	64648053	64648299	247	*	peak_30025	-1.27227185118295	8.80222864453624e-09	Intron (ENST00000503581.6/346007, intron 22 of 42)	6	64593131	64713335	120205	2	346007	ENST00000330816.5	65036	ENSG00000188107	EYS	eyes shut homolog	NA	NA	NA
chr5	96885871	96886186	316	*	peak_28381	-1.20665801654172	8.82211206842306e-09	Intron (ENST00000510373.6/64167, intron 3 of 18)	5	96880933	96883825	2893	1	64167	ENST00000507346.1	4938	ENSG00000164308	ERAP2	endoplasmic reticulum aminopeptidase 2	NA	NA	NA
chr7	54109543	54109778	236	*	peak_31288	-1.45837356530594	8.8407951813517e-09	Distal Intergenic	7	53937830	53947833	10004	2	107986739	ENST00000722327.1	-161710	ENSG00000238131	LINC02854	long intergenic non-protein coding RNA 2854	NA	NA	NA
chr6	166259609	166259941	333	*	peak_30337	-1.0650284273983	8.88491630772071e-09	Promoter (<=1kb)	6	166254686	166259031	4346	2	107986668	ENST00000839046.1	-578	ENSG00000309148	LOC107986668	uncharacterized LOC107986668	NA	NA	NA
chr11	78352284	78352936	653	*	peak_7121	-1.01526425323966	8.90677677566821e-09	Intron (ENST00000716184.1/105369402, intron 2 of 2)	11	78215297	78341880	126584	2	9846	ENST00000340149.6	-10404	ENSG00000033327	GAB2	GRB2 associated binding protein 2	NA	NA	NA
chr2	4046794	4047387	594	*	peak_18106	-1.05101701290818	9.08015953686488e-09	Distal Intergenic	2	4024283	4025763	1481	1	105373395	ENST00000746643.1	22511	NA	LOC105373395	uncharacterized LOC105373395	NA	NA	NA
chr3	31433119	31433605	487	*	peak_25321	-1.22776294773224	9.14599962186095e-09	Distal Intergenic	3	31532638	31620274	87637	1	201595	ENST00000453168.5	-99033	ENSG00000163527	STT3B	STT3 oligosaccharyltransferase complex catalytic subunit B	NA	NA	NA
chr16	13643455	13643993	539	*	peak_12116	-1.1528176250765	9.16938906275733e-09	Distal Intergenic	16	13560581	13562920	2340	1	729993	ENST00000848651.1	82874	ENSG00000237515	SHISA9	shisa family member 9	NA	NA	NA
chr7	43834669	43835053	385	*	peak_31049	-1.26320560844293	9.16938906275733e-09	Distal Intergenic	7	43866778	43869149	2372	2	64951	ENST00000483330.1	34096	ENSG00000062582	MRPS24	mitochondrial ribosomal protein S24	NA	NA	NA
chr8	9936982	9937521	540	*	peak_31937	-1.18272874826007	9.16938906275733e-09	Intron (ENST00000843630.1/ENST00000843630.1, intron 1 of 1)	8	9912979	9919233	6255	2	124902057	ENST00000701445.2	-17749	NA	LOC124902057	uncharacterized LOC124902057	NA	NA	NA
chr6	53244298	53244798	501	*	peak_30005	-1.0936964481748	9.17470338289715e-09	Exon (ENST00000737649.1/124901332, exon 3 of 4)	6	53230608	53251021	20414	2	124901332	ENST00000737649.1	6223	NA	LOC124901332	uncharacterized LOC124901332	NA	NA	NA
chr14	61430525	61430748	224	*	peak_9530	-1.41983161838411	9.20277432419729e-09	Intron (ENST00000555185.5/5583, intron 1 of 3)	14	61442558	61450941	8384	1	5583	ENST00000557473.1	-11810	ENSG00000027075	PRKCH	protein kinase C eta	NA	NA	NA
chr13	41244536	41244878	343	*	peak_9073	-1.1899355602878	9.30755715224858e-09	Intron (ENST00000803663.1/101929140, intron 3 of 3)	13	41252284	41260586	8303	2	9617	ENST00000480434.5	15708	ENSG00000120662	MTRF1	mitochondrial translation release factor 1	NA	NA	NA
chr7	42078328	42078697	370	*	peak_31035	-1.2599618631316	9.30938858359765e-09	Intron (ENST00000677288.1/2737, intron 2 of 13)	7	42118193	42152420	34228	2	2737	ENST00000642432.1	73723	ENSG00000106571	GLI3	GLI family zinc finger 3	NA	NA	NA
chr10	84076034	84076289	256	*	peak_4691	-1.16274262571459	9.56835477253738e-09	Exon (ENST00000811232.1/ENST00000811232.1, exon 1 of 2)	10	84139482	84154841	15360	1	27069	ENST00000691609.1	-63193	ENSG00000165678	GHITM	growth hormone inducible transmembrane protein	NA	NA	NA
chr18	78699909	78700329	421	*	peak_16545	-1.47260524262892	9.5878360853702e-09	Intron (ENST00000759065.1/ENST00000759065.1, intron 1 of 4)	18	78645844	78671152	25309	2	124904330	ENST00000759066.1	-28757	NA	LOC124904330	uncharacterized LOC124904330	NA	NA	NA
chr19	7978173	7978708	536	*	peak_16730	-1.20142584598028	9.65689762792078e-09	Intron (ENST00000407627.7/1994, intron 3 of 5)	19	7960917	7981112	20196	2	1994	ENST00000596154.5	2404	ENSG00000066044	ELAVL1	ELAV like RNA binding protein 1	NA	NA	NA
chr4	111199037	111199356	320	*	peak_27791	-1.43110001002166	9.76761720963572e-09	Intron (ENST00000681682.2/ENST00000681682.2, intron 3 of 5)	4	110962100	111013998	51899	2	105377364	ENST00000839195.1	-185039	NA	LOC105377364	uncharacterized LOC105377364	NA	NA	NA
chr10	78153125	78153712	588	*	peak_4491	-1.24838834414903	9.82444893013654e-09	Intron (ENST00000726709.1/ENST00000726709.1, intron 1 of 3)	10	78179167	78214996	35830	1	105378375	ENST00000635520.2	-25455	ENSG00000230417	LOC105378375	uncharacterized LOC105378375	NA	NA	NA
chr1	5333196	5333789	594	*	peak_216	-1.12096429568821	9.83438790840707e-09	Distal Intergenic	1	5490829	5492804	1976	2	105376686	ENST00000649109.1	159015	NA	LOC105376686	uncharacterized LOC105376686	NA	NA	NA
chr1	15680744	15681092	349	*	peak_524	-1.35109199786702	9.89597261352314e-09	Distal Intergenic	1	15684320	15734769	50450	1	23207	ENST00000375799.8	-3228	ENSG00000116786	PLEKHM2	pleckstrin homology and RUN domain containing M2	NA	NA	NA
chr12	110725343	110725677	335	*	peak_8376	-1.11179471673655	9.91952439331151e-09	Promoter (<=1kb)	12	110720730	110724714	3985	2	5501	ENST00000551582.1	-629	ENSG00000186298	PPP1CC	protein phosphatase 1 catalytic subunit gamma	NA	NA	NA
chr10	119710920	119711397	478	*	peak_5187	-1.13245203696819	9.92043348961473e-09	Distal Intergenic	10	119726042	119829130	103089	1	22876	ENST00000649297.1	-14645	ENSG00000198825	INPP5F	inositol polyphosphate-5-phosphatase F	NA	NA	NA
chr2	29421352	29421810	459	*	peak_18712	-1.11144766989503	1.00346502526504e-08	Intron (ENST00000389048.8/238, intron 4 of 28)	2	29474734	29475467	734	2	105374389	ENST00000719274.1	53657	ENSG00000293829	LOC105374389	uncharacterized LOC105374389	NA	NA	NA
chr1	164641309	164641666	358	*	peak_2748	-1.14261229257091	1.00450609307321e-08	Exon (ENST00000474046.1/5087, exon 2 of 5)	1	164630981	164799889	168909	1	5087	ENST00000482110.5	10328	ENSG00000185630	PBX1	PBX homeobox 1	NA	NA	NA
chr7	30703834	30704232	399	*	peak_30926	-1.09890040868663	1.00528491013599e-08	Intron (ENST00000484180.1/11185, intron 1 of 3)	7	30686408	30700129	13722	2	1395	ENST00000462882.1	-3705	ENSG00000106113	CRHR2	corticotropin releasing hormone receptor 2	NA	NA	NA
chr18	73721177	73721552	376	*	peak_16456	-1.30556951668405	1.00965815227809e-08	Intron (ENST00000715578.1/ENST00000715578.1, intron 1 of 2)	18	73690556	73711496	20941	2	105372190	ENST00000715577.1	-9681	NA	LOC105372190	uncharacterized LOC105372190	NA	NA	NA
chr4	47373834	47374157	324	*	peak_27624	-1.29104314654416	1.01244677133414e-08	Intron (ENST00000295454.8/2560, intron 5 of 8)	4	47463153	47470477	7325	1	107986277	ENST00000634405.2	-88996	ENSG00000282904	LOC107986277	uncharacterized LOC107986277	NA	NA	NA
chr7	37524083	37524410	328	*	peak_31009	-1.32885043958741	1.02555171973972e-08	Intron (ENST00000731305.1/ENST00000731305.1, intron 1 of 1)	7	36855551	37449223	593673	2	9844	ENST00000448602.5	-74860	ENSG00000155849	ELMO1	engulfment and cell motility 1	NA	NA	NA
chr3	32023188	32023399	212	*	peak_25324	-1.3545239879176	1.04548283668701e-08	Intron (ENST00000479173.1/114884, intron 2 of 3)	3	32037526	32037653	128	1	124900559	ENST00000364831.1	-14127	ENSG00000201701	LOC124900559	small nucleolar RNA SNORA25	NA	NA	NA
chr20	57872408	57872848	441	*	peak_22122	-1.03779678934651	1.0483502877765e-08	Distal Intergenic	20	57985640	57987728	2089	2	105372693	ENST00000784897.1	114880	NA	LOC105372693	uncharacterized LOC105372693	NA	NA	NA
chr4	39957830	39958192	363	*	peak_27604	-1.13699607526541	1.05173327302362e-08	Intron (ENST00000303538.13/23244, intron 2 of 32)	4	39976113	39977510	1398	2	23244	ENST00000506262.1	19318	ENSG00000121892	PDS5A	PDS5 cohesin associated factor A	NA	NA	NA
chr10	45283802	45284282	481	*	peak_3817	-1.2121513271748	1.05371686334275e-08	Distal Intergenic	10	45302654	45307838	5185	2	79290	ENST00000536058.1	23556	ENSG00000256574	OR13A1	olfactory receptor family 13 subfamily A member 1	NA	NA	NA
chr1	119293138	119293556	419	*	peak_2436	-1.12776824744915	1.05561317635342e-08	Exon (ENST00000701423.2/ENST00000701423.2, exon 2 of 2)	1	119160535	119327206	166672	2	107985192	ENST00000840370.1	33650	NA	LOC107985192	uncharacterized LOC107985192	NA	NA	NA
chr3	126878736	126879391	656	*	peak_26468	-1.08051199265466	1.06340410369697e-08	Intron (ENST00000503119.5/84303, intron 6 of 7)	3	126854864	126949879	95016	1	84303	ENST00000515867.1	23872	ENSG00000159685	CHCHD6	coiled-coil-helix-coiled-coil-helix domain containing 6	NA	NA	NA
chr15	33581146	33581354	209	*	peak_10306	-1.39501882317264	1.0707635934157e-08	Intron (ENST00000415757.7/6263, intron 13 of 102)	15	33628508	33629921	1414	1	6263	ENST00000636753.1	-47154	ENSG00000198838	RYR3	ryanodine receptor 3	NA	NA	NA
chr8	25438535	25438813	279	*	peak_32167	-1.38020312394883	1.07317227413914e-08	Intron (ENST00000221200.9/54793, intron 6 of 11)	8	25446150	25450611	4462	2	124901913	ENST00000520405.1	11798	NA	LOC124901913	uncharacterized LOC124901913	NA	NA	NA
chr3	173099017	173099215	199	*	peak_26899	-1.4777159595476	1.07511147378e-08	Promoter (<=1kb)	3	173099228	173211225	111998	1	105374224	ENST00000824748.1	-13	NA	LOC105374224	uncharacterized LOC105374224	NA	NA	NA
chr6	72811867	72812394	528	*	peak_30029	-1.08875185085709	1.08616314398626e-08	Intron (ENST00000342056.6/56479, intron 1 of 14)	6	72967687	72967753	67	2	100423005	ENST00000583613.1	155359	ENSG00000266180	MIR4282	microRNA 4282	NA	NA	NA
chr13	41429829	41430218	390	*	peak_9076	-1.52648770618683	1.08832842297203e-08	Distal Intergenic	13	41442770	41443666	897	1	100506759	ENST00000421076.2	-12552	NA	OR7E37P	olfactory receptor family 7 subfamily E member 37 pseudogene	NA	NA	NA
chr15	78419341	78419747	407	*	peak_11081	-1.31554740735033	1.0883897601055e-08	Distal Intergenic	15	78437431	78465264	27834	1	3658	ENST00000560840.5	-17684	ENSG00000136381	IREB2	iron responsive element binding protein 2	NA	NA	NA
chr10	124369608	124369830	223	*	peak_5314	-1.29752086041636	1.09216959504904e-08	Distal Intergenic	10	124305013	124342352	37340	2	107984184	ENST00000748496.1	-27256	NA	LOC107984184	uncharacterized LOC107984184	NA	NA	NA
chr15	84832564	84833086	523	*	peak_11201	-1.12567013619888	1.09706075435514e-08	Intron (ENST00000258888.6/57538, intron 3 of 13)	15	84817356	84873479	56124	1	57538	ENST00000258888.6	15208	ENSG00000136383	ALPK3	alpha kinase 3	NA	NA	NA
chr8	132159924	132160428	505	*	peak_32870	-1.35352037591942	1.10718996381562e-08	Intron (ENST00000388996.10/3786, intron 9 of 14)	8	132063785	132111159	47375	2	10086	ENST00000673615.1	-48765	ENSG00000132297	HHLA1	HHLA1 neighbor of OC90	NA	NA	NA
chr14	61454330	61454874	545	*	peak_9531	-1.00131019571476	1.1171107505822e-08	Promoter (1-2kb)	14	61452771	61457653	4883	1	5583	ENST00000553889.5	1559	ENSG00000027075	PRKCH	protein kinase C eta	NA	NA	NA
chr14	92728738	92729071	334	*	peak_9949	-1.05997416592565	1.12739020068924e-08	Intron (ENST00000555699.5/5641, intron 2 of 11)	14	92703822	92717459	13638	2	5641	ENST00000555169.1	-11279	ENSG00000100600	LGMN	legumain	NA	NA	NA
chr3	103873966	103874318	353	*	peak_26211	-1.47610632473602	1.13031458696785e-08	Distal Intergenic	3	103927149	104011740	84592	1	124909491	ENST00000730196.1	-52831	ENSG00000295450	LOC124909491	uncharacterized LOC124909491	NA	NA	NA
chr3	5301794	5302201	408	*	peak_24955	-1.27759947410304	1.13599279452088e-08	Distal Intergenic	3	5250177	5250255	79	2	100616334	ENST00000577799.1	-51539	ENSG00000265180	MIR4790	microRNA 4790	NA	NA	NA
chr21	32622770	32623513	744	*	peak_22657	-1.36899657501837	1.13620694075035e-08	Distal Intergenic	21	32573785	32612865	39081	2	110091775	ENST00000673807.1	-9905	ENSG00000265590	CFAP298-TCP10L	CFAP298-TCP10L readthrough	NA	NA	NA
chr1	94847625	94847922	298	*	peak_2184	-1.14331160156639	1.1364256686243e-08	Intron (ENST00000446120.6/126969, intron 8 of 13)	1	94616406	94855421	239016	2	101928079	ENST00000634339.1	7499	ENSG00000293271	SLC44A3-AS1	SLC44A3 antisense RNA 1	NA	NA	NA
chr10	62258866	62259267	402	*	peak_4060	-1.07714089391422	1.14937691625436e-08	Intron (ENST00000373789.8/219790, intron 2 of 11)	10	62238157	62268707	30551	2	219790	ENST00000395260.3	9440	ENSG00000182010	RTKN2	rhotekin 2	NA	NA	NA
chr1	42641162	42641489	328	*	peak_1668	-1.12718009624897	1.15582486842838e-08	Intron (ENST00000660938.1/728621, intron 13 of 16)	1	42630281	42654155	23875	1	728621	ENST00000656306.1	10881	ENSG00000186409	CCDC30	coiled-coil domain containing 30	NA	NA	NA
chr12	113546139	113546724	586	*	peak_8448	-1.15570178419949	1.1587811761147e-08	Distal Intergenic	12	113478638	113480485	1848	1	104355219	ENST00000743800.1	67501	NA	LHX5-AS1	LHX5 antisense RNA 1	NA	NA	NA
chr7	71495547	71495837	291	*	peak_31429	-1.19848637447561	1.1619940656343e-08	Intron (ENST00000333538.10/64409, intron 5 of 10)	7	71307672	71307770	99	2	100500836	ENST00000584357.2	-187777	ENSG00000265878	MIR3914-1	microRNA 3914-1	NA	NA	NA
chr18	50135897	50136274	378	*	peak_16409	-1.14883491922283	1.1809978287064e-08	Intron (ENST00000285039.12/4645, intron 1 of 39)	18	50126499	50126563	65	2	100422865	ENST00000636981.1	-9334	ENSG00000283343	MIR4320	microRNA 4320	NA	NA	NA
chr2	133013055	133013614	560	*	peak_20145	-1.00375383171826	1.183363886685e-08	Intron (ENST00000409261.6/344148, intron 6 of 19)	2	132915557	132931494	15938	1	101928185	ENST00000424510.1	97498	ENSG00000233729	NCKAP5-AS1	NCKAP5 antisense RNA 1	NA	NA	NA
chr5	128199149	128199663	515	*	peak_28462	-1.07203618810864	1.18903881726204e-08	Distal Intergenic	5	128178380	128182921	4542	1	6558	ENST00000502849.1	20769	ENSG00000064651	SLC12A2	solute carrier family 12 member 2	NA	NA	NA
chr11	59767377	59767631	255	*	peak_6227	-1.1082827160329	1.20030764770937e-08	Intron (ENST00000641815.1/6809, intron 2 of 11)	11	59755459	59789201	33743	1	6809	ENST00000530498.1	11918	ENSG00000166900	STX3	syntaxin 3	NA	NA	NA
chr12	15769966	15770267	302	*	peak_7830	-1.08723418260651	1.21240895278061e-08	Intron (ENST00000281172.10/2059, intron 1 of 20)	12	15670856	15780727	109872	2	2059	ENST00000543363.5	10460	ENSG00000151491	EPS8	EGFR pathway substrate 8, signaling adaptor	NA	NA	NA
chr5	16060233	16060818	586	*	peak_28148	-1.10877984880934	1.2156644565664e-08	Distal Intergenic	5	16128356	16141737	13382	1	107986407	ENST00000757739.1	-67538	ENSG00000250981	MARCHF11-AS1	MARCHF11 antisense RNA 1	NA	NA	NA
chr2	14745702	14746993	1292	*	peak_18304	-1.0689079250509	1.22186583349913e-08	Intron (ENST00000654007.1/ENST00000654007.1, intron 2 of 3)	2	14635496	14649641	14146	1	151354	ENST00000464947.1	110206	ENSG00000162981	LRATD1	LRAT domain containing 1	NA	NA	NA
chr10	116637865	116638205	341	*	peak_5125	-1.10778587433005	1.22871054072144e-08	Intron (ENST00000579578.6/5408, intron 10 of 12)	10	116621306	116636872	15567	1	5408	ENST00000588823.1	16559	ENSG00000266200	PNLIPRP2	pancreatic lipase related protein 2 (gene/pseudogene)	NA	NA	NA
chr3	37599242	37599760	519	*	peak_25350	-1.19899321697403	1.24374165424337e-08	Intron (ENST00000422441.5/3680, intron 15 of 15)	3	37683876	37732999	49124	1	3680	ENST00000461533.1	-84116	ENSG00000144668	ITGA9	integrin subunit alpha 9	NA	NA	NA
chr6	139048941	139049281	341	*	peak_30148	-1.55252136965118	1.24776851334854e-08	Exon (ENST00000763164.1/ENST00000763164.1, exon 1 of 2)	6	139028842	139034576	5735	1	58527	ENST00000461027.1	20099	ENSG00000146386	ABRACL	ABRA C-terminal like	NA	NA	NA
chr1	111263354	111263742	389	*	peak_2322	-1.27971860502818	1.262305444038e-08	Distal Intergenic	1	111280059	111286108	6050	1	149620	ENST00000369743.8	-16317	ENSG00000290764	CHIAP2	chitinase, acidic pseudogene 2	NA	NA	NA
chr5	143134950	143135218	269	*	peak_28859	-1.52784605049182	1.2702316863163e-08	Promoter (<=1kb)	5	143133985	143147516	13532	1	23092	ENST00000489924.1	965	ENSG00000145819	ARHGAP26	Rho GTPase activating protein 26	NA	NA	NA
chr5	71388305	71388607	303	*	peak_28333	-1.36429266797175	1.2791163787335e-08	Intron (ENST00000773708.1/102724392, intron 2 of 3)	5	71377504	71379233	1730	1	5370	ENST00000523548.1	10801	ENSG00000290836	PMCHL2	pro-melanin concentrating hormone like 2 (pseudogene)	NA	NA	NA
chr2	10149676	10150029	354	*	peak_18194	-1.08005647878411	1.28061952705213e-08	Intron (ENST00000641498.1/6241, intron 11 of 11)	2	10155072	10155206	135	2	124906144	ENST00000383920.1	5177	ENSG00000206647	LOC124906144	small nucleolar RNA SNORA2/SNORA34 family	NA	NA	NA
chr2	24036167	24036536	370	*	peak_18493	-1.03477061112422	1.30679223018437e-08	Intron (ENST00000453731.1/2281, intron 2 of 4)	2	24029347	24047361	18015	2	80304	ENST00000406895.3	10825	ENSG00000163026	WDCP	WD repeat and coiled coil containing	NA	NA	NA
chr12	129769244	129769682	439	*	peak_8747	-1.47988452304492	1.32257651301955e-08	Intron (ENST00000422113.7/121256, intron 1 of 8)	12	129852208	129854944	2737	2	124903085	ENST00000502221.2	85262	NA	LOC124903085	uncharacterized LOC124903085	NA	NA	NA
chr2	51846589	51846822	234	*	peak_18959	-1.32580452235517	1.32298633391586e-08	Intron (ENST00000440698.1/730100, intron 6 of 10)	2	51976694	51984303	7610	2	105374597	ENST00000764464.1	137481	ENSG00000287344	LOC105374597	uncharacterized LOC105374597	NA	NA	NA
chr5	129114954	129115165	212	*	peak_28468	-1.62288168406543	1.33200964533296e-08	Distal Intergenic	5	129097688	129097766	79	1	100616175	ENST00000584064.1	17266	ENSG00000264563	MIR4633	microRNA 4633	NA	NA	NA
chr2	231162014	231162259	246	*	peak_20542	-1.26104367166346	1.33663964868714e-08	Promoter (<=1kb)	2	231163093	231165287	2195	1	5707	ENST00000477120.1	-834	ENSG00000173692	PSMD1	proteasome 26S subunit, non-ATPase 1	NA	NA	NA
chr4	154073209	154073930	722	*	peak_27854	-1.18930692798469	1.33841678870961e-08	Intron (ENST00000839747.1/101927947, intron 7 of 8)	4	154137792	154298819	161028	1	101927947	ENST00000624941.4	-63862	NA	LOC101927947	uncharacterized LOC101927947	NA	NA	NA
chr16	59968232	59968507	276	*	peak_12709	-1.31752569023315	1.34607977161691e-08	Intron (ENST00000568279.2/101927580, intron 1 of 3)	16	59941760	59949629	7870	2	105371300	ENST00000789242.1	-18603	NA	LOC105371300	uncharacterized LOC105371300	NA	NA	NA
chr2	239061264	239061759	496	*	peak_20783	-1.00326094657089	1.36433746183542e-08	Intron (ENST00000345617.7/9759, intron 24 of 26)	2	239053046	239066981	13936	2	9759	ENST00000430200.1	5222	ENSG00000068024	HDAC4	histone deacetylase 4	NA	NA	NA
chr8	39996112	39996492	381	*	peak_32293	-1.16323514214353	1.37329895534532e-08	Intron (ENST00000343295.8/169355, intron 9 of 10)	8	39987743	40016391	28649	1	169355	ENST00000418094.1	8369	ENSG00000188676	IDO2	indoleamine 2,3-dioxygenase 2	NA	NA	NA
chr5	116544947	116545361	415	*	peak_28432	-1.42603919739577	1.37937771750826e-08	Intron (ENST00000809356.1/101927233, intron 1 of 1)	5	116446613	116536458	89846	2	57556	ENST00000510263.5	-8489	ENSG00000092421	SEMA6A	semaphorin 6A	NA	NA	NA
chr1	107796109	107796345	237	*	peak_2205	-1.10897371594351	1.38361627557998e-08	Intron (ENST00000370056.9/10451, intron 2 of 26)	1	107573169	107785624	212456	2	10451	ENST00000343258.8	-10485	ENSG00000134215	VAV3	vav guanine nucleotide exchange factor 3	NA	NA	NA
chr10	110613267	110613559	293	*	peak_5084	-1.21055252383562	1.39192811391734e-08	Distal Intergenic	10	110599035	110605990	6956	1	9126	ENST00000686057.1	14232	ENSG00000108055	SMC3	structural maintenance of chromosomes 3	NA	NA	NA
chr11	120028622	120028877	256	*	peak_7296	-1.27757784287584	1.40334323806017e-08	Promoter (1-2kb)	11	120026753	120029000	2248	1	105369527	ENST00000759263.1	1869	ENSG00000286731	LOC105369527	uncharacterized LOC105369527	NA	NA	NA
chr2	147665046	147665505	460	*	peak_20186	-1.29194855777982	1.42228276036106e-08	Intron (ENST00000833960.1/ENST00000833960.1, intron 2 of 2)	2	147844517	147896447	51931	1	92	ENST00000487959.5	-179012	ENSG00000121989	ACVR2A	activin A receptor type 2A	NA	NA	NA
chr4	54386240	54386577	338	*	peak_27646	-1.24081020318023	1.43480456386214e-08	Distal Intergenic	4	54332898	54376753	43856	1	105377656	ENST00000801799.1	53342	NA	LINC02283	long intergenic non-protein coding RNA 2283	NA	NA	NA
chr1	34284188	34284769	582	*	peak_1313	-1.00174757459638	1.4396166641536e-08	Intron (ENST00000788214.1/ENST00000788214.1, intron 1 of 2)	1	34279801	34296006	16206	1	105378639	ENST00000788216.1	4387	ENSG00000302624	LOC105378639	uncharacterized LOC105378639	NA	NA	NA
chr17	30363773	30364153	381	*	peak_14016	-1.15278136729272	1.44721957742003e-08	Distal Intergenic	17	30378927	30469989	91063	1	1362	ENST00000225719.9	-14774	ENSG00000108582	CPD	carboxypeptidase D	NA	NA	NA
chr20	53183401	53183772	372	*	peak_22031	-1.1698153148361	1.44750512454023e-08	Promoter (1-2kb)	20	53185283	53487479	302197	1	128553	ENST00000603338.2	-1511	ENSG00000182463	TSHZ2	teashirt zinc finger homeobox 2	NA	NA	NA
chr11	116467654	116468264	611	*	peak_7214	-1.02116725253479	1.45452665385089e-08	Intron (ENST00000815587.1/107987166, intron 2 of 2)	11	116320215	116500632	180418	2	107987166	ENST00000815587.1	32368	NA	LOC107987166	uncharacterized LOC107987166	NA	NA	NA
chr3	13408844	13409440	597	*	peak_25154	-1.03982803273305	1.46481813749022e-08	Intron (ENST00000254508.7/23225, intron 1 of 39)	3	13383564	13420255	36692	2	23225	ENST00000695492.1	10815	ENSG00000132182	NUP210	nucleoporin 210	NA	NA	NA
chr11	33619046	33619354	309	*	peak_5993	-1.27764361154878	1.4903954634325e-08	Intron (ENST00000658780.2/25758, intron 16 of 20)	11	33542331	33674098	131768	1	25758	ENST00000321505.9	76715	ENSG00000110427	KIAA1549L	KIAA1549 like	NA	NA	NA
chr3	194541483	194541842	360	*	peak_27050	-1.06714339055645	1.49399313096423e-08	Distal Intergenic	3	194583991	194590260	6270	1	100507297	ENST00000737518.1	-42149	NA	TMEM44-AS1	TMEM44 antisense RNA 1	NA	NA	NA
chr4	55062208	55062505	298	*	peak_27652	-1.34951256443458	1.49765951751049e-08	Intron (ENST00000511222.1/ENST00000511222.1, intron 1 of 3)	4	55012874	55036551	23678	2	124900703	ENST00000754305.1	-25657	NA	LOC124900703	uncharacterized LOC124900703	NA	NA	NA
chr2	237306064	237306453	390	*	peak_20708	-1.09334318069418	1.49806499056814e-08	Distal Intergenic	2	237291061	237297959	6899	2	105373954	ENST00000724816.1	-8105	NA	LOC105373954	uncharacterized LOC105373954	NA	NA	NA
chr5	113738095	113738380	286	*	peak_28416	-1.20000760312264	1.50372334986936e-08	Exon (ENST00000660812.1/105379127, exon 4 of 4)	5	113738106	113776837	38732	2	105379127	ENST00000660812.1	38457	NA	LOC105379127	uncharacterized LOC105379127	NA	NA	NA
chr3	119405332	119405860	529	*	peak_26262	-1.04443011434769	1.50397780030982e-08	Intron (ENST00000264245.9/57514, intron 10 of 11)	3	119429500	119436816	7317	2	55254	ENST00000473684.5	30956	ENSG00000176142	TMEM39A	transmembrane protein 39A	NA	NA	NA
chr6	64146938	64147170	233	*	peak_30024	-1.22765562450517	1.50581530052882e-08	Intron (ENST00000503581.6/346007, intron 31 of 42)	6	63744111	64066376	322266	2	346007	ENST00000398580.3	-80562	ENSG00000188107	EYS	eyes shut homolog	NA	NA	NA
chr1	182399855	182400159	305	*	peak_2882	-1.26083736490224	1.51629189179382e-08	Promoter (<=1kb)	1	182398117	182400667	2551	2	127670	ENST00000367565.2	508	ENSG00000203730	TEDDM1	transmembrane epididymal protein 1	NA	NA	NA
chr6	86192008	86192432	425	*	peak_30046	-1.22640492349773	1.52368212407735e-08	Distal Intergenic	6	85993380	86116879	123500	1	101928842	ENST00000755499.1	198628	NA	LOC101928842	uncharacterized LOC101928842	NA	NA	NA
chr12	26331090	26331420	331	*	peak_7867	-1.14292187011575	1.5245668560395e-08	Intron (ENST00000535324.1/ENST00000535324.1, intron 1 of 5)	12	26211164	26335856	124693	2	101928554	ENST00000540392.1	4436	ENSG00000255750	SSPN-AS1	SSPN antisense RNA 1	NA	NA	NA
chr18	2899754	2900116	363	*	peak_16039	-1.26534504799998	1.52678050089397e-08	Intron (ENST00000254528.4/84034, intron 4 of 7)	18	2906215	2914041	7827	1	84034	ENST00000308080.9	-6099	ENSG00000132205	EMILIN2	elastin microfibril interfacer 2	NA	NA	NA
chr20	61081595	61082275	681	*	peak_22231	-1.12789322868136	1.54413833077208e-08	Intron (ENST00000770461.1/100506470, intron 1 of 1)	20	61079062	61083750	4689	1	100506470	ENST00000770462.1	2533	ENSG00000229606	LINC01718	long intergenic non-protein coding RNA 1718	NA	NA	NA
chr12	105706682	105707227	546	*	peak_8325	-1.0870346368006	1.54521434087703e-08	Promoter (<=1kb)	12	105706774	105742229	35456	1	101929110	ENST00000547465.1	0	ENSG00000257859	CASC18	cancer susceptibility 18	NA	NA	NA
chr16	69503272	69503831	560	*	peak_12898	-1.05208086534353	1.55785715023516e-08	Distal Intergenic	16	69522975	69524635	1661	1	105371325	ENST00000776421.1	-19144	NA	LOC105371325	uncharacterized LOC105371325	NA	NA	NA
chr15	57019569	57020097	529	*	peak_10474	-1.3788753093686	1.55883476919871e-08	Intron (ENST00000438423.6/6938, intron 3 of 20)	15	57063748	57092023	28276	1	6938	ENST00000569880.1	-43651	ENSG00000140262	TCF12	transcription factor 12	NA	NA	NA
chr19	42446990	42447329	340	*	peak_17547	-1.51653140654607	1.56345526992434e-08	Promoter (1-2kb)	19	42448550	42525869	77320	1	105372407	ENST00000750159.1	-1221	NA	LOC105372407	uncharacterized LOC105372407	NA	NA	NA
chr15	52318847	52319415	569	*	peak_10472	-1.10370167308027	1.5652158859632e-08	Promoter (<=1kb)	15	52313181	52318362	5182	2	4644	ENST00000688361.1	-485	ENSG00000197535	MYO5A	myosin VA	NA	NA	NA
chr10	86003068	86003667	600	*	peak_4710	-1.01600003629237	1.58219894969654e-08	Intron (ENST00000327946.12/2894, intron 4 of 15)	10	86264694	86264788	95	2	442911	ENST00000362234.2	261121	ENSG00000199104	MIR346	microRNA 346	NA	NA	NA
chr9	127307845	127308125	281	*	peak_34671	-1.1552211403613	1.58595687511238e-08	Intron (ENST00000439286.5/84253, intron 4 of 10)	9	127313353	127336222	22870	1	84253	ENST00000495172.1	-5228	ENSG00000136895	GARNL3	GTPase activating Rap/RanGAP domain like 3	NA	NA	NA
chr5	149274931	149275226	296	*	peak_28903	-1.06042028424649	1.59748618156336e-08	Intron (ENST00000296721.9/134265, intron 1 of 18)	5	149271919	149340121	68203	1	134265	ENST00000515000.1	3012	ENSG00000157510	AFAP1L1	actin filament associated protein 1 like 1	NA	NA	NA
chr5	44334640	44334991	352	*	peak_28258	-1.42080690279707	1.60939723149267e-08	Intron (ENST00000264664.5/2255, intron 1 of 2)	5	44388732	44413989	25258	1	101927075	ENST00000502457.1	-53741	ENSG00000248464	FGF10-AS1	FGF10 antisense RNA 1	NA	NA	NA
chr4	9743222	9743580	359	*	peak_27513	-1.27407502504048	1.60969203525574e-08	Intron (ENST00000782687.1/ENST00000782687.1, intron 2 of 2)	4	9781634	9784009	2376	1	1816	ENST00000304374.4	-38054	ENSG00000169676	DRD5	dopamine receptor D5	NA	NA	NA
chr1	203002094	203002465	372	*	peak_3019	-1.17521079881502	1.62868128598609e-08	Distal Intergenic	1	203007374	203024848	17475	1	92703	ENST00000367242.4	-4909	ENSG00000163444	TMEM183A	transmembrane protein 183A	NA	NA	NA
chr11	125245079	125245506	428	*	peak_7343	-1.02860469029125	1.63497712865973e-08	Intron (ENST00000530517.5/63876, intron 2 of 11)	11	125240073	125367882	127810	1	63876	ENST00000561115.5	5006	ENSG00000165495	PKNOX2	PBX/knotted 1 homeobox 2	NA	NA	NA
chr21	42997037	42997355	319	*	peak_22744	-1.14045865782979	1.64606467878637e-08	Intron (ENST00000432907.6/5316, intron 1 of 9)	21	43003889	43007515	3627	1	5316	ENST00000456957.2	-6534	ENSG00000160199	PKNOX1	PBX/knotted 1 homeobox 1	NA	NA	NA
chr18	59516398	59516741	344	*	peak_16433	-1.65171763576969	1.65356645172978e-08	Exon (ENST00000816175.1/ENST00000816175.1, exon 1 of 2)	18	59435145	59455212	20068	2	147372	ENST00000589116.2	-61186	ENSG00000183287	CCBE1	collagen and calcium binding EGF domains 1	NA	NA	NA
chr4	57151472	57151818	347	*	peak_27672	-1.12895295064637	1.65444816399209e-08	Exon (ENST00000777020.1/ENST00000777020.1, exon 1 of 2)	4	57157363	57202090	44728	1	255130	ENST00000777017.1	-5545	ENSG00000245067	IGFBP7-AS1	IGFBP7 antisense RNA 1	NA	NA	NA
chr8	11623002	11623292	291	*	peak_31997	-1.23634850214387	1.65564288644521e-08	Distal Intergenic	8	11631989	11647945	15957	1	105379242	ENST00000653416.3	-8697	ENSG00000286985	LOC105379242	uncharacterized LOC105379242	NA	NA	NA
chr10	23051849	23052172	324	*	peak_3576	-1.23975128466678	1.69735116433053e-08	Intron (ENST00000655837.1/107984215, intron 2 of 4)	10	22993851	23068341	74491	2	107984215	ENST00000785781.1	16169	NA	LOC107984215	uncharacterized LOC107984215	NA	NA	NA
chr11	13853578	13853944	367	*	peak_5871	-1.19289450581168	1.69959634086695e-08	Intron (ENST00000530492.1/ENST00000530492.1, intron 1 of 1)	11	13847012	13848002	991	1	105376562	ENST00000732952.1	6566	ENSG00000255411	LINC02548	long intergenic non-protein coding RNA 2548	NA	NA	NA
chr4	11177157	11177446	290	*	peak_27531	-1.19404560796668	1.70079569035704e-08	Intron (ENST00000754158.1/ENST00000754158.1, intron 5 of 5)	4	11259777	11280802	21026	1	105374488	ENST00000811277.1	-82331	NA	LOC105374488	uncharacterized LOC105374488	NA	NA	NA
chr2	2859214	2860021	808	*	peak_18082	-1.19025029314979	1.71767642066745e-08	Distal Intergenic	2	2870558	2871231	674	2	124905968	ENST00000437610.1	11210	NA	LOC124905968	uncharacterized LOC124905968	NA	NA	NA
chr1	219794184	219794752	569	*	peak_3260	-1.11776597676317	1.72315783953055e-08	Intron (ENST00000484239.5/105372926, intron 6 of 8)	1	219914264	219919030	4767	2	55532	ENST00000484079.1	124278	ENSG00000196660	SLC30A10	solute carrier family 30 member 10	NA	NA	NA
chr2	42076444	42076756	313	*	peak_18821	-1.17761232648817	1.75682215602295e-08	Distal Intergenic	2	42054957	42058186	3230	1	91461	ENST00000480099.1	21487	ENSG00000162878	PKDCC	protein kinase domain containing, cytoplasmic	NA	NA	NA
chr7	99935077	99935447	371	*	peak_31628	-1.21503329143949	1.75927042055925e-08	Intron (ENST00000790906.1/ENST00000790906.1, intron 1 of 1)	7	99923266	99929620	6355	2	349149	ENST00000312891.3	-5457	ENSG00000176402	GJC3	gap junction protein gamma 3	NA	NA	NA
chr6	167515859	167516189	331	*	peak_30389	-1.22864309761877	1.76212764324415e-08	Intron (ENST00000819112.1/107986546, intron 2 of 2)	6	167507343	167510275	2933	1	107986546	ENST00000819114.1	8516	ENSG00000306494	LOC107986546	uncharacterized LOC107986546	NA	NA	NA
chr9	122402322	122402707	386	*	peak_34577	-1.1373503301313	1.77407764926407e-08	Promoter (<=1kb)	9	122400970	122403002	2033	2	124902264	ENST00000439471.3	295	NA	LOC124902264	uncharacterized LOC124902264	NA	NA	NA
chrX	101359241	101359625	385	*	peak_35296	-1.03184258494352	1.80395913317367e-08	Promoter (<=1kb)	23	101349532	101360231	10700	2	695	ENST00000695624.1	606	ENSG00000010671	BTK	Bruton tyrosine kinase	NA	NA	NA
chr3	117998163	117998707	545	*	peak_26258	-1.04941583437475	1.80997352588844e-08	Promoter (<=1kb)	3	116019515	117997592	1978078	2	4045	ENST00000717962.1	-571	ENSG00000185565	LSAMP	limbic system associated membrane protein	NA	NA	NA
chr2	30306612	30306984	373	*	peak_18731	-1.30945035214162	1.81788971747491e-08	Intron (ENST00000404397.5/81606, intron 2 of 2)	2	30346623	30352431	5809	1	285043	ENST00000666899.3	-39639	NA	LINC01936	long intergenic non-protein coding RNA 1936	NA	NA	NA
chr20	16944206	16944482	277	*	peak_21209	-1.25364441349552	1.81983931303658e-08	Distal Intergenic	20	17122165	17152540	30376	1	105372544	ENST00000785117.1	-177683	ENSG00000302234	LOC105372544	uncharacterized LOC105372544	NA	NA	NA
chr19	43602556	43602973	418	*	peak_17590	-1.45060476785251	1.8282357940579e-08	Intron (ENST00000607544.1/79177, intron 2 of 2)	19	43596617	43614497	17881	1	79177	ENST00000607544.1	5939	ENSG00000124444	ZNF576	zinc finger protein 576	NA	NA	NA
chr20	24136599	24136892	294	*	peak_21340	-1.09660759490392	1.8332386503706e-08	Exon (ENST00000754040.1/ENST00000754040.1, exon 2 of 2)	20	24199766	24298484	98719	1	400839	ENST00000753591.1	-62874	ENSG00000230133	LINC01721	long intergenic non-protein coding RNA 1721	NA	NA	NA
chr2	213414796	213415325	530	*	peak_20347	-1.16482260289344	1.83544867356744e-08	Intron (ENST00000406979.6/79582, intron 11 of 17)	2	213489963	214410318	920356	1	79582	ENST00000451561.1	-74638	ENSG00000144451	SPAG16	sperm associated antigen 16	NA	NA	NA
chr17	77022870	77023265	396	*	peak_15480	-1.25560152062862	1.85182860129589e-08	Distal Intergenic	17	76962245	76969217	6973	2	105371899	ENST00000840627.1	-53653	ENSG00000267568	LOC105371899	uncharacterized LOC105371899	NA	NA	NA
chr14	98548284	98549030	747	*	peak_10031	-1.20558882004714	1.8789515902585e-08	Exon (ENST00000828787.1/105370657, exon 3 of 4)	14	98544437	98550456	6020	1	105370657	ENST00000828787.1	3847	NA	LOC105370657	uncharacterized LOC105370657	NA	NA	NA
chr3	66992318	66992557	240	*	peak_26131	-1.41430292193323	1.89407536278201e-08	Intron (ENST00000725239.1/ENST00000725239.1, intron 1 of 1)	3	66998307	67003697	5391	1	84541	ENST00000484414.5	-5750	ENSG00000163376	KBTBD8	kelch repeat and BTB domain containing 8	NA	NA	NA
chr16	2794534	2794931	398	*	peak_11748	-1.06856816280794	1.90160381525967e-08	Promoter (1-2kb)	16	2796408	2796532	125	2	109616997	ENST00000408792.1	1601	ENSG00000221719	SNORA3C	small nucleolar RNA, H/ACA box 3C	NA	NA	NA
chr5	57663506	57663767	262	*	peak_28298	-1.35772774403229	1.94612145232618e-08	Intron (ENST00000718447.1/101928505, intron 1 of 2)	5	57650672	57750243	99572	1	101928505	ENST00000688166.1	12834	ENSG00000287709	LOC101928505	uncharacterized LOC101928505	NA	NA	NA
chr2	219731183	219731677	495	*	peak_20472	-1.10239364162606	1.95885193443162e-08	Promoter (1-2kb)	2	219730110	219745176	15067	1	105373886	ENST00000442416.2	1073	NA	LINC02832	long intergenic non-protein coding RNA 2832	NA	NA	NA
chr3	11038453	11038765	313	*	peak_25041	-1.10594674278807	1.96007429283709e-08	3' UTR	3	11032191	11039169	6979	1	6529	ENST00000495636.2	6262	ENSG00000157103	SLC6A1	solute carrier family 6 member 1	NA	NA	NA
chr1	183125190	183125568	379	*	peak_2893	-1.14028701183247	1.9674708547276e-08	Promoter (<=1kb)	1	183125188	183128728	3541	1	3915	ENST00000466964.1	2	ENSG00000135862	LAMC1	laminin subunit gamma 1	NA	NA	NA
chr5	68984152	68984468	317	*	peak_28329	-1.2785116575293	1.96949757587892e-08	Intron (ENST00000843732.1/107984116, intron 1 of 2)	5	68828708	68994788	166081	2	107984116	ENST00000843738.1	10320	NA	LOC107984116	uncharacterized LOC107984116	NA	NA	NA
chr1	221995008	221995259	252	*	peak_3268	-1.43976122319225	1.9817318689507e-08	Exon (ENST00000826418.1/ENST00000826418.1, exon 1 of 3)	1	221913648	221978523	64876	2	105372950	ENST00000412445.1	-16485	ENSG00000232679	LINC02257	long intergenic non-protein coding RNA 2257	NA	NA	NA
chr3	105904665	105905140	476	*	peak_26217	-1.08837604072303	1.98338474817888e-08	Distal Intergenic	3	105873643	105881593	7951	2	105374024	ENST00000766723.1	-23072	NA	LOC105374024	uncharacterized LOC105374024	NA	NA	NA
chr3	56952028	56952396	369	*	peak_26077	-1.16333171771069	1.98867766731003e-08	Intron (ENST00000822764.1/100874200, intron 2 of 2)	3	56940076	56941048	973	1	100874200	ENST00000495939.1	11952	ENSG00000240198	ARHGEF3-AS1	ARHGEF3 antisense RNA 1	NA	NA	NA
chr9	86483957	86484246	290	*	peak_34170	-1.29503169933036	1.9941908696226e-08	Intron (ENST00000739672.1/102724080, intron 2 of 2)	9	86435075	86435696	622	1	102724080	ENST00000739686.1	48882	NA	LOC102724080	uncharacterized LOC102724080	NA	NA	NA
chr4	631851	632696	846	*	peak_27168	-1.50643267585025	1.99603783911376e-08	Intron (ENST00000496514.6/5158, intron 1 of 21)	4	625584	670782	45199	1	5158	ENST00000255622.10	6267	ENSG00000133256	PDE6B	phosphodiesterase 6B	NA	NA	NA
chrX	84781313	84781720	408	*	peak_35288	-1.30068340710828	2.00185741658122e-08	Intron (ENST00000837916.1/ENST00000837916.1, intron 2 of 3)	23	84934113	84934895	783	1	100131816	ENST00000602536.2	-152393	ENSG00000293307	UBE2DNL	ubiquitin conjugating enzyme E2 D N-terminal like (pseudogene)	NA	NA	NA
chrX	69520233	69520622	390	*	peak_35274	-1.18600398842436	2.01401649862696e-08	Intron (ENST00000252338.5/27112, intron 1 of 2)	23	69504326	69532508	28183	1	27112	ENST00000252338.5	15907	ENSG00000130054	NALF2	NALCN channel auxiliary factor 2	NA	NA	NA
chr9	15722943	15723318	376	*	peak_33857	-1.15846466117583	2.0341625076036e-08	Intron (ENST00000380701.8/203238, intron 12 of 25)	9	15744505	15886805	142301	1	203238	ENST00000449575.6	-21187	ENSG00000164989	CCDC171	coiled-coil domain containing 171	NA	NA	NA
chr8	20222974	20223621	648	*	peak_32040	-1.03442713645983	2.04615502768891e-08	3' UTR	8	20197439	20211415	13977	1	526	ENST00000519667.1	25535	ENSG00000147416	ATP6V1B2	ATPase H+ transporting V1 subunit B2	NA	NA	NA
chr14	31261892	31262459	568	*	peak_9392	-1.14896636432353	2.0462615939659e-08	Intron (ENST00000551799.1/ENST00000551799.1, intron 1 of 5)	14	31292602	31297720	5119	2	25938	ENST00000551414.1	35261	ENSG00000129493	HEATR5A	HEAT repeat containing 5A	NA	NA	NA
chr1	115428656	115429088	433	*	peak_2389	-1.37976499612018	2.06596986362654e-08	Distal Intergenic	1	115356660	115364922	8263	2	112268234	ENST00000661854.2	-63734	ENSG00000287103	LOC112268234	uncharacterized LOC112268234	NA	NA	NA
chr12	32659304	32659604	301	*	peak_7933	-1.07393822571016	2.08594643355495e-08	Distal Intergenic	12	32679200	32745552	66353	1	10059	ENST00000452533.6	-19596	ENSG00000087470	DNM1L	dynamin 1 like	NA	NA	NA
chr7	158375977	158376519	543	*	peak_31880	-1.20257562028241	2.10120792473696e-08	Intron (ENST00000389413.7/5799, intron 2 of 21)	7	158532718	158532813	96	2	693180	ENST00000384905.1	156294	ENSG00000207637	MIR595	microRNA 595	NA	NA	NA
chr18	71897402	71897853	452	*	peak_16452	-1.09877919144904	2.16215148767066e-08	Intron (ENST00000580927.1/ENST00000580927.1, intron 2 of 2)	18	71732598	71788193	55596	2	102724913	ENST00000764766.1	-109209	NA	LINC01899	long intergenic non-protein coding RNA 1899	NA	NA	NA
chr1	224801898	224802368	471	*	peak_3294	-1.04278530273491	2.18214803592406e-08	Distal Intergenic	1	224766900	224773341	6442	1	107985338	ENST00000416908.1	34998	NA	LINC02813	long intergenic non-protein coding RNA 2813	NA	NA	NA
chr19	55714030	55714615	586	*	peak_17938	-1.0401277205721	2.18320586767016e-08	Intron (ENST00000332836.7/338321, intron 6 of 8)	19	55692770	55709858	17089	1	29924	ENST00000589704.1	21260	ENSG00000063245	EPN1	epsin 1	NA	NA	NA
chr3	7025879	7026281	403	*	peak_24958	-1.05360890543826	2.19473243885175e-08	Intron (ENST00000443259.1/2917, intron 4 of 4)	3	7146452	7738774	592323	1	2917	ENST00000706912.1	-120171	ENSG00000196277	GRM7	glutamate metabotropic receptor 7	NA	NA	NA
chr19	43077849	43078231	383	*	peak_17573	-1.01340181328505	2.19747005326991e-08	Intron (ENST00000635495.1/127379750, intron 1 of 2)	19	43065489	43075407	9919	2	5670	ENST00000329509.6	-2442	ENSG00000242221	PSG2	pregnancy specific beta-1-glycoprotein 2	NA	NA	NA
chr12	50257300	50257529	230	*	peak_8044	-1.26663818915497	2.20464506646497e-08	Intron (ENST00000394943.7/51474, intron 1 of 10)	12	50222318	50249893	27576	2	51474	ENST00000550592.1	-7407	ENSG00000050405	LIMA1	LIM domain and actin binding 1	NA	NA	NA
chr2	31406029	31406524	496	*	peak_18766	-1.39121542758979	2.20826005253503e-08	Intron (ENST00000379416.4/7498, intron 1 of 35)	2	31334321	31414742	80422	2	7498	ENST00000379416.4	8218	ENSG00000158125	XDH	xanthine dehydrogenase	NA	NA	NA
chr19	47183178	47183446	269	*	peak_17694	-1.03198562404284	2.2243923306508e-08	Intron (ENST00000413379.7/10055, intron 6 of 6)	19	47143494	47210623	67130	1	10055	ENST00000659110.1	39684	ENSG00000142230	SAE1	SUMO1 activating enzyme subunit 1	NA	NA	NA
chr2	27643539	27643833	295	*	peak_18647	-1.66277190607082	2.22559397064061e-08	Promoter (1-2kb)	2	27642043	27642169	127	2	124906143	ENST00000384004.1	-1370	ENSG00000206731	LOC124906143	small nucleolar RNA SNORA36 family	NA	NA	NA
chr9	38644642	38645016	375	*	peak_34083	-1.10172857133195	2.2409629870751e-08	Distal Intergenic	9	38621088	38624990	3903	1	158228	ENST00000377680.3	23554	NA	FAM201A	family with sequence similarity 201 member A	NA	NA	NA
chr17	28243374	28243937	564	*	peak_13944	-1.15361569562129	2.30590413625462e-08	Promoter (<=1kb)	17	28243856	28248289	4434	1	23614	ENST00000583761.2	0	NA	PPY2P	pancreatic polypeptide 2, pseudogene	NA	NA	NA
chr17	11733124	11733656	533	*	peak_13633	-1.05798091325383	2.31511958738817e-08	Intron (ENST00000262442.9/1770, intron 28 of 68)	17	11723109	11727993	4885	1	1770	ENST00000584663.1	10015	ENSG00000007174	DNAH9	dynein axonemal heavy chain 9	NA	NA	NA
chr6	3919354	3919606	253	*	peak_29364	-1.33640609040552	2.3172737441873e-08	Distal Intergenic	6	3909769	3912069	2301	2	107986558	ENST00000780928.1	-7285	NA	TGILR	TGF-beta induced TARBP2 interacting lncRNA	NA	NA	NA
chr3	140448053	140448377	325	*	peak_26803	-1.23031621344123	2.43525955053339e-08	Intron (ENST00000458420.7/64084, intron 5 of 16)	3	140449435	140454731	5297	2	124900599	ENST00000502712.5	6354	NA	LOC124900599	uncharacterized LOC124900599	NA	NA	NA
chr4	140488663	140488976	314	*	peak_27834	-1.23728488595994	2.43525955053339e-08	Intron (ENST00000511113.6/152586, intron 1 of 10)	4	140449956	140498222	48267	2	152586	ENST00000503109.6	9246	ENSG00000205301	MGAT4D	MGAT4 family member D	NA	NA	NA
chr16	23877701	23878670	970	*	peak_12241	-1.22057597187172	2.45276326988237e-08	Intron (ENST00000321728.12/5579, intron 2 of 16)	16	23837223	24113065	275843	1	5579	ENST00000498739.1	40478	ENSG00000166501	PRKCB	protein kinase C beta	NA	NA	NA
chr2	135557602	135557843	242	*	peak_20172	-1.15777603499263	2.45359029160575e-08	Intron (ENST00000483021.5/23518, intron 1 of 2)	2	135531527	135632001	100475	1	23518	ENST00000488035.5	26075	ENSG00000048991	R3HDM1	R3H domain containing 1	NA	NA	NA
chr15	84684127	84684498	372	*	peak_11196	-1.3878996460078	2.46487696734751e-08	Intron (ENST00000559729.5/23478, intron 2 of 4)	15	84669546	84673826	4281	2	23478	ENST00000558924.1	-10301	ENSG00000140612	SEC11A	SEC11 homolog A, signal peptidase complex subunit	NA	NA	NA
chr9	38650425	38650840	416	*	peak_34084	-1.34913485043197	2.52007893344836e-08	Intron (ENST00000642095.3/ENST00000642095.3, intron 1 of 1)	9	38621088	38624990	3903	1	158228	ENST00000377680.3	29337	NA	FAM201A	family with sequence similarity 201 member A	NA	NA	NA
chr17	27385669	27386044	376	*	peak_13911	-1.105089457058	2.53261767598048e-08	Intron (ENST00000728376.1/ENST00000728376.1, intron 2 of 2)	17	27379436	27413962	34527	2	105371705	ENST00000728351.1	27918	NA	LOC105371705	uncharacterized LOC105371705	NA	NA	NA
chr9	135528270	135528618	349	*	peak_34983	-1.22998266174654	2.5372082021228e-08	Exon (ENST00000741711.1/ENST00000741711.1, exon 1 of 2)	9	135521440	135526540	5101	1	3933	ENST00000371781.4	6830	ENSG00000160349	LCN1	lipocalin 1	NA	NA	NA
chr15	50830947	50831306	360	*	peak_10459	-1.05338767907499	2.5387995110714e-08	Distal Intergenic	15	50839879	50860931	21053	2	124903490	ENST00000619889.1	29625	NA	LOC124903490	uncharacterized LOC124903490	NA	NA	NA
chr3	57006797	57007296	500	*	peak_26079	-1.06930157031442	2.54119104255212e-08	3' UTR	3	56773767	56977375	203609	2	50650	ENST00000486829.1	-29422	ENSG00000163947	ARHGEF3	Rho guanine nucleotide exchange factor 3	NA	NA	NA
chr8	8268549	8269013	465	*	peak_31923	-1.26379743297485	2.55675578177698e-08	Distal Intergenic	8	8243649	8244351	703	1	286042	ENST00000834679.1	24900	ENSG00000291049	FAM86B3P	family with sequence similarity 86, member A pseudogene	NA	NA	NA
chr4	16115308	16115799	492	*	peak_27541	-1.12728183430044	2.56166423827679e-08	Promoter (1-2kb)	4	16114233	16117479	3247	2	107986261	ENST00000666747.1	1680	NA	LOC107986261	uncharacterized LOC107986261	NA	NA	NA
chr4	131499234	131499887	654	*	peak_27825	-1.05253829767561	2.57756204252314e-08	Intron (ENST00000652848.1/105377424, intron 2 of 2)	4	131485957	131541397	55441	1	105377424	ENST00000505436.1	13277	ENSG00000250102	LINC02377	long intergenic non-protein coding RNA 2377	NA	NA	NA
chr2	116412584	116412905	322	*	peak_19678	-1.18393609375927	2.60659669456777e-08	Distal Intergenic	2	116294492	116388315	93824	1	105373576	ENST00000847484.1	118092	NA	LOC105373576	uncharacterized LOC105373576	NA	NA	NA
chr4	113673495	113673738	244	*	peak_27796	-1.27206038486485	2.64781293447295e-08	Intron (ENST00000683023.1/817, intron 2 of 19)	4	113451045	113616634	165590	2	817	ENST00000699415.1	-56861	ENSG00000145349	CAMK2D	calcium/calmodulin dependent protein kinase II delta	NA	NA	NA
chr8	54348746	54349155	410	*	peak_32417	-1.39560590226879	2.65313658858792e-08	Distal Intergenic	8	54330687	54330895	209	1	26766	ENST00000362342.1	18059	ENSG00000199212	RNU105C	RNA, U105C small nucleolar	NA	NA	NA
chr10	125628734	125629161	428	*	peak_5350	-1.29713666186558	2.68597785671871e-08	Intron (ENST00000532135.5/387718, intron 3 of 3)	10	125576522	125683106	106585	2	387718	ENST00000532135.5	53945	ENSG00000175018	TEX36	testis expressed 36	NA	NA	NA
chr5	41037459	41037798	340	*	peak_28238	-1.09281921674179	2.69181868885612e-08	Intron (ENST00000503890.5/133558, intron 9 of 30)	5	40998020	41051557	53538	2	133558	ENST00000503890.5	13759	ENSG00000171495	MROH2B	maestro heat like repeat family member 2B	NA	NA	NA
chr2	9382905	9383329	425	*	peak_18156	-1.00031682559804	2.69294276933568e-08	Intron (ENST00000315273.4/8853, intron 20 of 26)	2	9388294	9400769	12476	1	8853	ENST00000491413.1	-4965	ENSG00000151693	ASAP2	ArfGAP with SH3 domain, ankyrin repeat and PH domain 2	NA	NA	NA
chr6	26295993	26296575	583	*	peak_29440	-1.03804683802262	2.69294276933568e-08	Exon (ENST00000771597.1/124901287, exon 2 of 2)	6	26285818	26301331	15514	1	124901287	ENST00000771596.1	10175	NA	LOC124901287	uncharacterized LOC124901287	NA	NA	NA
chr7	16400875	16401179	305	*	peak_30855	-1.62084003307518	2.69294276933568e-08	Intron (ENST00000407010.7/729920, intron 2 of 9)	7	16091220	16420697	329478	2	729920	ENST00000676325.1	19518	ENSG00000214960	CRPPA	CDP-L-ribitol pyrophosphorylase A	NA	NA	NA
chr2	106184528	106184917	390	*	peak_19533	-1.16356650959053	2.69688491577894e-08	Intron (ENST00000283148.12/80146, intron 1 of 14)	2	106093508	106194299	100792	2	80146	ENST00000409501.7	9382	ENSG00000115652	UXS1	UDP-glucuronate decarboxylase 1	NA	NA	NA
chr4	4837421	4837974	554	*	peak_27334	-1.14604221480824	2.69689955793265e-08	Distal Intergenic	4	4844188	4850827	6640	1	103695434	ENST00000662851.1	-6214	ENSG00000273396	LINC01396	long intergenic non-protein coding RNA 1396	NA	NA	NA
chr2	197167708	197168270	563	*	peak_20294	-1.27584788084574	2.70720051153464e-08	Intron (ENST00000282272.15/91526, intron 2 of 27)	2	197197888	197199512	1625	1	101927596	ENST00000449346.4	-29618	ENSG00000231621	ANKRD44-AS1	ANKRD44 antisense RNA 1	NA	NA	NA
chr1	153750467	153750894	428	*	peak_2552	-1.29835734576794	2.71117390695451e-08	Promoter (<=1kb)	1	153750854	153773728	22875	1	65123	ENST00000512605.4	0	ENSG00000143624	INTS3	integrator complex subunit 3	NA	NA	NA
chr2	234747970	234748488	519	*	peak_20657	-1.13551801452079	2.71338415415028e-08	Distal Intergenic	2	234715064	234723340	8277	1	106144537	ENST00000768861.1	32906	NA	LINC01173	long intergenic non-protein coding RNA 1173	NA	NA	NA
chr15	58209085	58209575	491	*	peak_10486	-1.18662070775719	2.73707382924405e-08	Intron (ENST00000558231.5/8854, intron 1 of 12)	15	57955063	58279263	324201	2	8854	ENST00000558231.5	69688	ENSG00000128918	ALDH1A2	aldehyde dehydrogenase 1 family member A2	NA	NA	NA
chr4	95201130	95201433	304	*	peak_27760	-1.50805249857968	2.7409020464123e-08	Intron (ENST00000453304.6/8633, intron 12 of 15)	4	95104355	95155016	50662	1	658	ENST00000394931.1	96775	ENSG00000138696	BMPR1B	bone morphogenetic protein receptor type 1B	NA	NA	NA
chr8	118494917	118495427	511	*	peak_32667	-1.25593106201723	2.74109449286812e-08	Intron (ENST00000409003.5/401474, intron 2 of 4)	8	118197306	118439861	242556	2	401474	ENST00000453675.7	-55056	ENSG00000177570	SAMD12	sterile alpha motif domain containing 12	NA	NA	NA
chr16	3843111	3843679	569	*	peak_11818	-1.0672890937041	2.78303787994142e-08	Intron (ENST00000262367.10/1387, intron 2 of 30)	16	3812998	3850321	37324	2	1387	ENST00000636895.1	6642	ENSG00000005339	CREBBP	CREB binding protein	NA	NA	NA
chr5	109900917	109901423	507	*	peak_28397	-1.06076373349122	2.8269695453059e-08	Distal Intergenic	5	109907489	109912280	4792	1	105379119	ENST00000810416.1	-6066	ENSG00000305324	LOC105379119	uncharacterized LOC105379119	NA	NA	NA
chr9	91197295	91197530	236	*	peak_34281	-1.05433261976665	2.8598472923921e-08	Exon (ENST00000815556.1/ENST00000815556.1, exon 2 of 2)	9	91193018	91195048	2031	1	124902208	ENST00000815557.1	4277	NA	LOC124902208	uncharacterized LOC124902208	NA	NA	NA
chr21	28393139	28393667	529	*	peak_22613	-1.21944686210826	2.89202126580921e-08	Exon (ENST00000825605.1/ENST00000825605.1, exon 2 of 2)	21	28539318	28540355	1038	1	118421	ENST00000412526.5	-145651	ENSG00000226935	LINC00161	long intergenic non-protein coding RNA 161	NA	NA	NA
chr13	99737539	99737789	251	*	peak_9155	-1.14949096613263	2.9244507829938e-08	Intron (ENST00000376355.7/171425, intron 1 of 7)	13	99726243	99728981	2739	2	101927465	ENST00000670609.2	-8558	ENSG00000234303	CLYBL-AS1	CLYBL antisense RNA 1	NA	NA	NA
chr16	6828065	6828683	619	*	peak_11931	-1.01101522648939	2.9298255199067e-08	Intron (ENST00000641259.1/54715, intron 6 of 19)	16	6773809	7710844	937036	1	54715	ENST00000547338.5	54256	ENSG00000078328	RBFOX1	RNA binding fox-1 homolog 1	NA	NA	NA
chr5	22505860	22506130	271	*	peak_28176	-1.65102794504503	3.03920665439298e-08	Intron (ENST00000504376.6/1010, intron 1 of 13)	5	22278011	22638994	360984	2	1010	ENST00000520668.1	132864	ENSG00000154162	CDH12	cadherin 12	NA	NA	NA
chr6	127530216	127530560	345	*	peak_30117	-1.38918965697801	3.12201287111988e-08	Intron (ENST00000498112.1/352999, intron 3 of 4)	6	127519455	127578707	59253	1	352999	ENST00000498112.1	10761	ENSG00000184530	C6orf58	chromosome 6 open reading frame 58	NA	NA	NA
chr20	54688468	54688856	389	*	peak_22050	-1.32543962994181	3.12300541417996e-08	Distal Intergenic	20	54554933	54555557	625	1	55816	ENST00000484860.1	133535	ENSG00000101134	DOK5	docking protein 5	NA	NA	NA
chr8	71115351	71115713	363	*	peak_32487	-1.31568096827171	3.19724756916124e-08	Intron (ENST00000647843.1/105375894, intron 3 of 8)	8	71155441	71162767	7327	1	124901959	ENST00000521084.2	-39728	NA	LOC124901959	uncharacterized LOC124901959	NA	NA	NA
chr8	27232828	27233228	401	*	peak_32180	-1.24391058852013	3.23064184959166e-08	Distal Intergenic	8	27241168	27258398	17231	2	81551	ENST00000522750.1	25170	ENSG00000015592	STMN4	stathmin 4	NA	NA	NA
chr2	44178972	44179265	294	*	peak_18879	-1.13104877774087	3.24136643235518e-08	Intron (ENST00000419807.5/5495, intron 2 of 5)	2	44168910	44231472	62563	1	5495	ENST00000345249.8	10062	ENSG00000138032	PPM1B	protein phosphatase, Mg2+/Mn2+ dependent 1B	NA	NA	NA
chr5	118396903	118397339	437	*	peak_28436	-1.36013722789329	3.2816376734022e-08	Intron (ENST00000660173.1/101927280, intron 5 of 6)	5	118350966	118381755	30790	2	101927280	ENST00000736433.1	-15148	NA	LINC02208	long intergenic non-protein coding RNA 2208	NA	NA	NA
chr1	147715065	147715431	367	*	peak_2463	-1.24150325160539	3.3246100904801e-08	Intron (ENST00000721954.1/105371230, intron 2 of 3)	1	147698699	147738753	40055	2	105371230	ENST00000721954.1	23322	NA	LOC105371230	uncharacterized LOC105371230	NA	NA	NA
chr19	43286050	43286487	438	*	peak_17580	-1.12690283058093	3.3733375240024e-08	Distal Intergenic	19	43253282	43269530	16249	2	5678	ENST00000270077.8	-16520	ENSG00000183668	PSG9	pregnancy specific beta-1-glycoprotein 9	NA	NA	NA
chr1	118049770	118050155	386	*	peak_2431	-1.3326038263399	3.39845077179468e-08	Intron (ENST00000336338.10/200162, intron 20 of 48)	1	118025264	118040767	15504	2	200162	ENST00000470550.1	-9003	ENSG00000155761	SPAG17	sperm associated antigen 17	NA	NA	NA
chr7	67484121	67484425	305	*	peak_31399	-1.04966395949073	3.39845077179468e-08	Distal Intergenic	7	67599119	67604980	5862	2	105375340	ENST00000828072.1	120555	NA	LOC105375340	uncharacterized LOC105375340	NA	NA	NA
chr20	52606537	52606901	365	*	peak_22029	-1.00232341756946	3.42989246779839e-08	Intron (ENST00000765388.1/105372666, intron 6 of 11)	20	52613317	52628691	15375	1	101927700	ENST00000765437.1	-6416	ENSG00000234948	LINC01524	long intergenic non-protein coding RNA 1524	NA	NA	NA
chr7	7900250	7900565	316	*	peak_30846	-1.36561771521933	3.4693839367232e-08	Intron (ENST00000469183.5/729852, intron 4 of 4)	7	7949835	7968599	18765	2	100505921	ENST00000451066.2	68034	NA	GLCCI1-DT	GLCCI1 divergent transcript	NA	NA	NA
chr3	41569775	41570281	507	*	peak_25436	-1.24303567274743	3.51332633248878e-08	Intron (ENST00000301831.9/54986, intron 31 of 36)	3	41800133	41854911	54779	2	54986	ENST00000460406.1	284630	ENSG00000168038	ULK4	unc-51 like kinase 4	NA	NA	NA
chr10	24921384	24921711	328	*	peak_3587	-1.03815726933763	3.53022390498454e-08	Intron (ENST00000320152.11/56952, intron 3 of 8)	10	24952273	24953524	1252	1	79896	ENST00000610158.2	-30562	ENSG00000185875	THNSL1	threonine synthase like 1	NA	NA	NA
chr16	86871104	86871699	596	*	peak_13235	-1.1820876967941	3.62403104432496e-08	Intron (ENST00000836710.1/ENST00000836710.1, intron 2 of 2)	16	86764298	86771041	6744	1	107984819	ENST00000658013.1	106806	NA	LOC107984819	uncharacterized LOC107984819	NA	NA	NA
chr11	57490465	57490850	386	*	peak_6204	-1.09276913583004	3.66349850246381e-08	Intron (ENST00000278426.8/8501, intron 11 of 14)	11	57491253	57494520	3268	2	8501	ENST00000529452.5	3670	ENSG00000149150	SLC43A1	solute carrier family 43 member 1	NA	NA	NA
chr9	38205194	38205578	385	*	peak_34072	-1.03901465856819	3.84995061632294e-08	Intron (ENST00000788307.1/107987064, intron 1 of 1)	9	38201960	38227014	25055	2	107987064	ENST00000788314.1	21436	NA	LOC107987064	uncharacterized LOC107987064	NA	NA	NA
chr9	126976580	126977006	427	*	peak_34657	-1.15810683973958	3.8510170076419e-08	Intron (ENST00000424082.6/9649, intron 3 of 17)	9	126962225	127217812	255588	1	9649	ENST00000373434.5	14355	ENSG00000136828	RALGPS1	Ral GEF with PH domain and SH3 binding motif 1	NA	NA	NA
chr11	15745266	15745668	403	*	peak_5879	-1.00173277539861	3.87715093474616e-08	Intron (ENST00000727853.1/105376567, intron 1 of 8)	11	15701248	15758761	57514	2	105376567	ENST00000727853.1	13093	ENSG00000254645	LOC105376567	uncharacterized LOC105376567	NA	NA	NA
chr2	68898263	68898706	444	*	peak_19064	-1.07699829439334	3.89548371810601e-08	Distal Intergenic	2	68860909	68871397	10489	2	27302	ENST00000295379.2	-26866	ENSG00000163217	BMP10	bone morphogenetic protein 10	NA	NA	NA
chr1	220342950	220343419	470	*	peak_3263	-1.03333332794623	3.90340349426299e-08	Distal Intergenic	1	220150135	220272529	122395	2	25782	ENST00000687065.1	-70421	ENSG00000118873	RAB3GAP2	RAB3 GTPase activating non-catalytic protein subunit 2	NA	NA	NA
chr2	134167135	134167419	285	*	peak_20158	-1.40235464926715	3.90340349426299e-08	Intron (ENST00000481801.5/4249, intron 1 of 1)	2	134127125	134127192	68	1	100500878	ENST00000581102.1	40010	ENSG00000263813	MIR3679	microRNA 3679	NA	NA	NA
chr3	186938724	186939056	333	*	peak_26997	-1.12842216481509	3.90373009439288e-08	Intron (ENST00000676786.1/6480, intron 1 of 2)	3	186931352	187043043	111692	1	6480	ENST00000417392.5	7372	ENSG00000073849	ST6GAL1	ST6 beta-galactoside alpha-2,6-sialyltransferase 1	NA	NA	NA
chr8	134998713	134999014	302	*	peak_33014	-1.11394094020773	3.97701293310139e-08	Distal Intergenic	8	134864991	134881900	16910	1	101927845	ENST00000771128.1	133722	ENSG00000253433	LOC101927845	uncharacterized LOC101927845	NA	NA	NA
chr12	7834879	7835087	209	*	peak_7741	-1.39875173577673	4.05119957745678e-08	Intron (ENST00000340749.9/144195, intron 4 of 12)	12	7812513	7832816	20304	2	144195	ENST00000542546.5	-2063	ENSG00000173262	SLC2A14	solute carrier family 2 member 14	NA	NA	NA
chr8	118436800	118437222	423	*	peak_32664	-1.05377360173259	4.06073679745764e-08	Intron (ENST00000409003.5/401474, intron 3 of 4)	8	118197306	118439861	242556	2	401474	ENST00000453675.7	2639	ENSG00000177570	SAMD12	sterile alpha motif domain containing 12	NA	NA	NA
chr12	28879420	28879751	332	*	peak_7879	-1.29116571550975	4.14623991267948e-08	Distal Intergenic	12	28793335	28795093	1759	2	105369711	ENST00000739915.1	-84327	NA	LOC105369711	uncharacterized LOC105369711	NA	NA	NA
chr18	49820321	49820634	314	*	peak_16403	-1.16769514328132	4.14658685672561e-08	Intron (ENST00000782331.1/103091864, intron 1 of 2)	18	49814361	49814443	83	1	677769	ENST00000516330.1	5960	ENSG00000267322	SCARNA17	small Cajal body-specific RNA 17	NA	NA	NA
chr5	34124363	34124733	371	*	peak_28197	-1.29822504546403	4.17756778770779e-08	Promoter (<=1kb)	5	33987174	34124528	137355	2	100534612	ENST00000382079.3	0	ENSG00000273294	C1QTNF3-AMACR	C1QTNF3-AMACR readthrough (NMD candidate)	NA	NA	NA
chr17	76789428	76789721	294	*	peak_15471	-1.26123902488957	4.26454570210219e-08	Distal Intergenic	17	76799044	76807102	8059	1	101928514	ENST00000585863.2	-9323	ENSG00000267065	LINC02080	long intergenic non-protein coding RNA 2080	NA	NA	NA
chr8	12000710	12001143	434	*	peak_32013	-1.07650463783716	4.26915002341924e-08	Promoter (<=1kb)	8	12000839	12003888	3050	1	105379245	ENST00000810794.1	0	NA	LOC105379245	uncharacterized LOC105379245	NA	NA	NA
chr3	12773773	12774096	324	*	peak_25074	-1.1511970987355	4.30105148005993e-08	Distal Intergenic	3	12734707	12769457	34751	2	55287	ENST00000264728.8	-4316	ENSG00000088726	TMEM40	transmembrane protein 40	NA	NA	NA
chr15	69719012	69719302	291	*	peak_10761	-1.10824687683013	4.36222184665169e-08	Intron (ENST00000647319.1/104472713, intron 7 of 11)	15	69692510	69695750	3241	1	104472713	ENST00000674248.1	26502	ENSG00000245750	PCAT29	prostate cancer associated transcript 29	NA	NA	NA
chr6	151475660	151476178	519	*	peak_30212	-1.13750243557344	4.36883381396782e-08	Distal Intergenic	6	151494017	151621193	127177	1	80129	ENST00000239374.8	-17839	ENSG00000120262	CCDC170	coiled-coil domain containing 170	NA	NA	NA
chr17	28631059	28631772	714	*	peak_13963	-1.10331336936332	4.41353204631644e-08	Promoter (1-2kb)	17	28632081	28633476	1396	2	9703	ENST00000582417.1	1704	ENSG00000007202	BLTP2	bridge-like lipid transfer protein family member 2	NA	NA	NA
chr7	70384903	70385205	303	*	peak_31421	-1.14136347500403	4.47097006828786e-08	Intron (ENST00000644939.1/26053, intron 4 of 18)	7	70316916	70437837	120922	1	26053	ENST00000475660.2	67987	ENSG00000158321	AUTS2	activator of transcription and developmental regulator AUTS2	NA	NA	NA
chr12	113870781	113871232	452	*	peak_8457	-1.19417518048797	4.49900904096169e-08	Exon (ENST00000671241.1/124903025, exon 2 of 2)	12	113863402	113871597	8196	1	124903025	ENST00000671241.1	7379	NA	LOC124903025	uncharacterized LOC124903025	NA	NA	NA
chr16	54721336	54721787	452	*	peak_12565	-1.08473185572075	4.4999178189986e-08	Distal Intergenic	16	54649398	54651821	2424	1	105371274	ENST00000763459.1	71938	NA	LOC105371274	uncharacterized LOC105371274	NA	NA	NA
chr5	17895702	17896070	369	*	peak_28169	-1.47142741327562	4.52076153635385e-08	Promoter (<=1kb)	5	17895992	17955837	59846	1	646241	ENST00000726176.1	0	ENSG00000249937	LINC02223	long intergenic non-protein coding RNA 2223	NA	NA	NA
chr20	33240929	33241368	440	*	peak_21561	-1.36320988342424	4.60771949775555e-08	Intron (ENST00000375422.6/51297, intron 5 of 8)	20	33235996	33243306	7311	1	51297	ENST00000354297.9	4933	ENSG00000198183	BPIFA1	BPI fold containing family A member 1	NA	NA	NA
chr1	15376934	15377270	337	*	peak_516	-1.14325147979386	4.67157104703384e-08	Promoter (1-2kb)	1	15375700	15400283	24584	1	114827	ENST00000477846.5	1234	ENSG00000142621	FHAD1	forkhead associated phosphopeptide binding domain 1	NA	NA	NA
chr4	5366406	5366764	359	*	peak_27338	-1.3098291366491	4.69319470179337e-08	Intron (ENST00000282908.10/55351, intron 4 of 11)	4	5432286	5447330	15045	1	55351	ENST00000511959.1	-65522	ENSG00000152953	STK32B	serine/threonine kinase 32B	NA	NA	NA
chr14	98734625	98735134	510	*	peak_10032	-1.23783078840051	4.70011631676081e-08	Distal Intergenic	14	98711662	98716173	4512	1	283598	ENST00000546029.2	22963	ENSG00000176605	LINC02914	long intergenic non-protein coding RNA 2914	NA	NA	NA
chr16	77952345	77952687	343	*	peak_12996	-1.40078014511958	4.71615890862209e-08	Intron (ENST00000302536.3/57687, intron 7 of 8)	16	77935101	77949755	14655	2	105371351	ENST00000722771.1	-2590	NA	LOC105371351	uncharacterized LOC105371351	NA	NA	NA
chr3	186453490	186453802	313	*	peak_26990	-1.20337003417311	4.74388147392721e-08	Intron (ENST00000659303.1/107986164, intron 3 of 3)	3	186454987	186458460	3474	2	253573	ENST00000669782.1	4658	ENSG00000224406	LINC02052	long intergenic non-protein coding RNA 2052	NA	NA	NA
chrX	103031461	103031933	473	*	peak_35303	-1.39226207560234	4.76198238210103e-08	Distal Intergenic	23	103062651	103064171	1521	2	55859	ENST00000372728.4	32238	ENSG00000133169	BEX1	brain expressed X-linked 1	NA	NA	NA
chr4	86401878	86402122	245	*	peak_27737	-1.34277771288281	4.78966761998692e-08	Intron (ENST00000642035.1/5602, intron 1 of 12)	4	86016075	86384229	368155	2	5602	ENST00000641283.1	-17649	ENSG00000109339	MAPK10	mitogen-activated protein kinase 10	NA	NA	NA
chr16	80619771	80620148	378	*	peak_13020	-1.13897085955745	4.79275171984725e-08	Intron (ENST00000570137.7/124359, intron 4 of 6)	16	80632637	80633180	544	2	124359	ENST00000567924.1	13032	ENSG00000166446	CDYL2	chromodomain Y like 2	NA	NA	NA
chr22	44128096	44128774	679	*	peak_24475	-1.01884921404319	4.86361179418143e-08	Intron (ENST00000406477.7/29780, intron 5 of 13)	22	44136464	44139124	2661	1	29780	ENST00000495824.1	-7690	ENSG00000188677	PARVB	parvin beta	NA	NA	NA
chr5	146440240	146440632	393	*	peak_28876	-1.26805278446524	4.86938216063414e-08	Distal Intergenic	5	146447311	146480216	32906	1	10915	ENST00000507175.5	-6679	ENSG00000113649	TCERG1	transcription elongation regulator 1	NA	NA	NA
chr7	117229306	117229661	356	*	peak_31743	-1.39630006372126	4.86947066652766e-08	Intron (ENST00000393446.6/7982, intron 13 of 13)	7	117232519	117241505	8987	1	105375466	ENST00000796409.1	-2858	NA	LOC105375466	uncharacterized LOC105375466	NA	NA	NA
chr17	8488923	8489236	314	*	peak_13617	-1.17693297956396	4.87189423504487e-08	Promoter (<=1kb)	17	8474226	8488266	14041	2	4628	ENST00000685631.1	-657	ENSG00000133026	MYH10	myosin heavy chain 10	NA	NA	NA
chr16	82767826	82768280	455	*	peak_13063	-1.13583547491767	4.87231827557133e-08	Intron (ENST00000268613.14/1012, intron 2 of 14)	16	82773319	82829638	56320	1	101928446	ENST00000567359.1	-5039	ENSG00000260862	LOC101928446	uncharacterized LOC101928446	NA	NA	NA
chr22	34761065	34761466	402	*	peak_23908	-1.04290613281962	4.8783429399675e-08	Promoter (<=1kb)	22	34758828	34761376	2549	2	101926957	ENST00000801717.1	0	NA	LINC02885	long intergenic non-protein coding RNA 2885	NA	NA	NA
chr21	32456200	32456700	501	*	peak_22653	-1.11000448502195	4.92161313347953e-08	Intron (ENST00000469079.5/59271, intron 2 of 3)	21	32452185	32515389	63205	1	59271	ENST00000464037.5	4015	ENSG00000166979	EVA1C	eva-1 homolog C	NA	NA	NA
chr12	56830884	56831375	492	*	peak_8206	-1.16846245473174	4.93937072891365e-08	Intron (ENST00000557452.1/ENST00000557452.1, intron 1 of 1)	12	56861375	56861508	134	1	124900330	ENST00000391081.1	-30000	ENSG00000212383	LOC124900330	small nucleolar RNA SNORA48	NA	NA	NA
chr9	86569153	86569598	446	*	peak_34174	-1.07864997444604	4.96625862502746e-08	Intron (ENST00000739809.1/ENST00000739809.1, intron 1 of 2)	9	86590084	86635917	45834	1	105376123	ENST00000739590.1	-20486	NA	LOC105376123	uncharacterized LOC105376123	NA	NA	NA
chr13	93847218	93847508	291	*	peak_9132	-1.28060069146174	4.98050895696575e-08	Intron (ENST00000377047.9/10082, intron 3 of 8)	13	93818424	93836144	17721	2	100873973	ENST00000445540.1	-11074	NA	GPC6-AS2	GPC6 antisense RNA 2	NA	NA	NA
chr5	71700668	71701022	355	*	peak_28335	-1.24998223710338	5.02661444173053e-08	Distal Intergenic	5	71719275	71721045	1771	1	9607	ENST00000296777.5	-18253	ENSG00000164326	CARTPT	CART prepropeptide	NA	NA	NA
chr1	212237565	212237965	401	*	peak_3240	-1.08877696850734	5.08827626669825e-08	Promoter (<=1kb)	1	212203205	212237721	34517	2	101929541	ENST00000771316.1	0	ENSG00000226251	LINC02608	long intergenic non-protein coding RNA 2608	NA	NA	NA
chr12	128817769	128818056	288	*	peak_8736	-1.15804770076236	5.09292929077036e-08	Promoter (1-2kb)	12	128814960	128819867	4908	2	121260	ENST00000535272.1	1811	ENSG00000139370	SLC15A4	solute carrier family 15 member 4	NA	NA	NA
chr2	143426371	143426663	293	*	peak_20183	-1.16590038683486	5.11861202474342e-08	Intron (ENST00000552641.5/55843, intron 6 of 7)	2	143435264	143437103	1840	1	55843	ENST00000548800.1	-8601	ENSG00000075884	ARHGAP15	Rho GTPase activating protein 15	NA	NA	NA
chr8	9926150	9926579	430	*	peak_31936	-1.12857096911856	5.16481398085051e-08	Intron (ENST00000843630.1/ENST00000843630.1, intron 1 of 1)	8	9912979	9919233	6255	2	124902057	ENST00000701445.2	-6917	NA	LOC124902057	uncharacterized LOC124902057	NA	NA	NA
chr3	123273284	123273684	401	*	peak_26298	-1.07711046619756	5.1947115850933e-08	3' UTR	3	123284446	123287111	2666	2	111	ENST00000478092.1	13427	ENSG00000173175	ADCY5	adenylate cyclase 5	NA	NA	NA
chr8	18172949	18173422	474	*	peak_32030	-1.23671201280191	5.21648836797532e-08	Intron (ENST00000517441.5/9, intron 2 of 4)	8	18170477	18222754	52278	1	9	ENST00000517441.5	2472	ENSG00000171428	NAT1	N-acetyltransferase 1	NA	NA	NA
chr12	103925276	103925639	364	*	peak_8316	-1.12118024530988	5.23574667869917e-08	Exon (ENST00000548897.1/253724, exon 3 of 5)	12	103929300	103929961	662	2	253724	ENST00000848166.1	4322	ENSG00000214198	TTC41P	tetratricopeptide repeat domain 41, pseudogene	NA	NA	NA
chr5	119643588	119644272	685	*	peak_28442	-1.10920960365654	5.23735044187396e-08	Distal Intergenic	5	119629598	119635822	6225	1	340069	ENST00000335286.10	13990	ENSG00000164334	FAM170A	family with sequence similarity 170 member A	NA	NA	NA
chr16	77122517	77122866	350	*	peak_12989	-1.30993064994463	5.25133187349681e-08	Distal Intergenic	16	77007984	77108776	100793	2	124903724	ENST00000805261.1	-13741	NA	LOC124903724	uncharacterized LOC124903724	NA	NA	NA
chr14	97713087	97713388	302	*	peak_10028	-1.15477932495573	5.25249544457095e-08	Intron (ENST00000775600.1/105370651, intron 2 of 3)	14	97707769	97774213	66445	1	105370651	ENST00000775605.1	5318	NA	LOC105370651	uncharacterized LOC105370651	NA	NA	NA
chr11	71904319	71905197	879	*	peak_6902	-1.4849421026382	5.27819752962022e-08	Intron (ENST00000696863.1/122319435, intron 4 of 10)	11	71903660	71917238	13579	2	122319435	ENST00000528560.2	12041	ENSG00000289716	XNDC1N-ZNF705EP-ALG1L9P	XNDC1N-ZNF705EP-ALG1L9P readthrough	NA	NA	NA
chr2	2527185	2527465	281	*	peak_18045	-1.31023901551004	5.28583558938639e-08	Intron (ENST00000768624.1/ENST00000768624.1, intron 1 of 1)	2	2641989	2656630	14642	2	107985839	ENST00000414065.1	129165	NA	LOC107985839	uncharacterized LOC107985839	NA	NA	NA
chr2	191927398	191927657	260	*	peak_20288	-1.46766725049199	5.32263028486223e-08	Intron (ENST00000424116.8/105373813, intron 1 of 2)	2	191922546	192036829	114284	1	105373813	ENST00000428980.6	4852	NA	CAVIN2-AS1	CAVIN2 and TMEFF2 antisense RNA 1	NA	NA	NA
chr2	14749892	14750414	523	*	peak_18305	-1.17726947664343	5.41011808099939e-08	Intron (ENST00000654007.1/ENST00000654007.1, intron 2 of 3)	2	14635496	14649641	14146	1	151354	ENST00000464947.1	114396	ENSG00000162981	LRATD1	LRAT domain containing 1	NA	NA	NA
chr5	169834638	169834894	257	*	peak_29111	-1.16922930203749	5.45583575144356e-08	Intron (ENST00000520908.7/1794, intron 26 of 51)	5	169779571	169875720	96150	1	1794	ENST00000696258.1	55067	ENSG00000134516	DOCK2	dedicator of cytokinesis 2	NA	NA	NA
chr1	109733233	109733520	288	*	peak_2235	-1.22906851003452	5.47340571037509e-08	Intron (ENST00000429410.2/124904258, intron 1 of 1)	1	109736975	109738143	1169	2	2947	ENST00000476321.5	4623	ENSG00000134202	GSTM3	glutathione S-transferase mu 3	NA	NA	NA
chr3	20305024	20305259	236	*	peak_25294	-1.20762986240689	5.51179788527378e-08	Intron (ENST00000634618.1/101927829, intron 4 of 16)	3	20342468	20350928	8461	1	101927829	ENST00000455626.1	-37209	ENSG00000231304	LOC101927829	uncharacterized LOC101927829	NA	NA	NA
chr5	15024045	15024386	342	*	peak_28144	-1.33567467223643	5.58784400056929e-08	Distal Intergenic	5	14970943	14992964	22022	1	107986376	ENST00000797471.1	53102	ENSG00000286441	LOC107986376	uncharacterized LOC107986376	NA	NA	NA
chr7	92402952	92403430	479	*	peak_31574	-1.04515981025018	5.64230053829362e-08	Distal Intergenic	7	92395869	92397837	1969	1	54467	ENST00000465883.1	7083	ENSG00000001629	ANKIB1	ankyrin repeat and IBR domain containing 1	NA	NA	NA
chr10	14698493	14698819	327	*	peak_3537	-1.3190763075731	5.84804386544194e-08	Intron (ENST00000181796.7/83641, intron 1 of 4)	10	14652742	14661691	8950	1	105376429	ENST00000443282.1	45751	ENSG00000236495	LOC105376429	uncharacterized LOC105376429	NA	NA	NA
chr5	124930396	124930896	501	*	peak_28453	-1.21088662778513	5.85169592077375e-08	Intron (ENST00000825660.1/107986391, intron 1 of 2)	5	124952867	124973249	20383	1	124901055	ENST00000825674.1	-21971	NA	LOC124901055	uncharacterized LOC124901055	NA	NA	NA
chr12	111800872	111801450	579	*	peak_8414	-1.35505819838631	5.86850593501676e-08	Promoter (1-2kb)	12	111799834	111799905	72	1	102465456	ENST00000617899.1	1038	ENSG00000274697	MIR6761	microRNA 6761	NA	NA	NA
chr5	79346567	79346873	307	*	peak_28360	-1.18865883883614	5.86990472069155e-08	Distal Intergenic	5	79349353	79358937	9585	2	101929201	ENST00000750941.1	12064	NA	LOC101929201	uncharacterized LOC101929201	NA	NA	NA
chr16	29747004	29747341	338	*	peak_12347	-1.05374665680006	5.88305035322621e-08	Promoter (1-2kb)	16	29742463	29745990	3528	2	283897	ENST00000329410.4	-1014	ENSG00000185905	C16orf54	chromosome 16 open reading frame 54	NA	NA	NA
chr13	42819727	42819975	249	*	peak_9081	-1.5141910472889	5.93266757943035e-08	Promoter (<=1kb)	13	42810348	42819861	9514	2	103689845	ENST00000826372.1	0	NA	LINC01050	long intergenic non-protein coding RNA 1050	NA	NA	NA
chr11	125998106	125998598	493	*	peak_7351	-1.22764743976461	5.99077814425199e-08	Promoter (<=1kb)	11	125982027	125997290	15264	2	50937	ENST00000682796.1	-816	ENSG00000064309	CDON	cell adhesion associated, oncogene regulated	NA	NA	NA
chr2	30717302	30717596	295	*	peak_18740	-1.10694598610537	6.00519703752395e-08	Distal Intergenic	2	30729541	30732484	2944	2	92291	ENST00000490786.1	14888	ENSG00000162949	CAPN13	calpain 13	NA	NA	NA
chr9	105995068	105995472	405	*	peak_34496	-1.04773756267761	6.05609045308685e-08	Promoter (1-2kb)	9	105993310	106702662	709353	1	100996590	ENST00000637185.1	1758	ENSG00000234323	LINC01505	long intergenic non-protein coding RNA 1505	NA	NA	NA
chr7	7178912	7179327	416	*	peak_30844	-1.01399436476537	6.07810413810983e-08	Intron (ENST00000429911.5/56913, intron 2 of 3)	7	7182544	7248616	66073	1	56913	ENST00000436587.7	-3217	ENSG00000106392	C1GALT1	core 1 synthase, glycoprotein-N-acetylgalactosamine 3-beta-galactosyltransferase 1	NA	NA	NA
chr5	10504033	10504452	420	*	peak_28124	-1.14446390548048	6.08105796423266e-08	Promoter (1-2kb)	5	10486353	10502800	16448	2	101929412	ENST00000784960.1	-1233	ENSG00000249396	LINC02212	long intergenic non-protein coding RNA 2212	NA	NA	NA
chr6	121388696	121388973	278	*	peak_30105	-1.26597969251631	6.11784142716716e-08	Distal Intergenic	6	121435595	121449715	14121	1	2697	ENST00000649003.1	-46622	ENSG00000152661	GJA1	gap junction protein alpha 1	NA	NA	NA
chr3	45346030	45346525	496	*	peak_25518	-1.17529584039973	6.14572773097665e-08	Distal Intergenic	3	45388561	45554726	166166	1	23395	ENST00000650792.2	-42036	ENSG00000011376	LARS2	leucyl-tRNA synthetase 2, mitochondrial	NA	NA	NA
chr10	43238469	43239056	588	*	peak_3737	-1.03512704119964	6.17455436742693e-08	Intron (ENST00000395810.6/221002, intron 1 of 12)	10	43194535	43229739	35205	2	221002	ENST00000374459.5	-8730	ENSG00000198915	RASGEF1A	RasGEF domain family member 1A	NA	NA	NA
chr3	71868912	71869294	383	*	peak_26150	-1.21575516077208	6.28791496891573e-08	Distal Intergenic	3	71785423	71786427	1005	1	105377156	ENST00000725823.1	83489	ENSG00000287131	LOC105377156	uncharacterized LOC105377156	NA	NA	NA
chr2	145038130	145038605	476	*	peak_20184	-1.07901171456202	6.29743708513629e-08	Intron (ENST00000653533.1/100505498, intron 4 of 5)	2	145023253	145113573	90321	1	401014	ENST00000628422.2	14877	ENSG00000226674	TEX41	testis expressed 41	NA	NA	NA
chr7	109641531	109642117	587	*	peak_31730	-1.11147672701499	6.29748786552346e-08	Distal Intergenic	7	109959218	109960184	967	2	442720	ENST00000433048.1	318067	ENSG00000237064	EIF3IP1	eukaryotic translation initiation factor 3 subunit I pseudogene 1	NA	NA	NA
chr8	19577962	19578561	600	*	peak_32035	-1.00358854560321	6.38088794869924e-08	Intron (ENST00000454498.6/55790, intron 3 of 9)	8	19405780	19601865	196086	2	55790	ENST00000522854.5	23304	ENSG00000147408	CSGALNACT1	chondroitin sulfate N-acetylgalactosaminyltransferase 1	NA	NA	NA
chr17	4229616	4229960	345	*	peak_13540	-1.10766246943542	6.56805219499379e-08	Intron (ENST00000341657.9/51479, intron 3 of 24)	17	4194461	4242450	47990	2	51479	ENST00000570934.5	12490	ENSG00000185722	ANKFY1	ankyrin repeat and FYVE domain containing 1	NA	NA	NA
chr2	224948847	224949163	317	*	peak_20496	-1.45033021882313	6.61436696605531e-08	Promoter (1-2kb)	2	224765090	224947065	181976	2	55619	ENST00000409592.7	-1782	ENSG00000135905	DOCK10	dedicator of cytokinesis 10	NA	NA	NA
chr2	37637984	37638322	339	*	peak_18787	-1.07045138758028	6.62870423288601e-08	Intron (ENST00000751615.1/124905991, intron 5 of 5)	2	37646546	37647658	1113	2	10602	ENST00000422687.1	9336	ENSG00000163171	CDC42EP3	CDC42 effector protein 3	NA	NA	NA
chr5	122233753	122234046	294	*	peak_28447	-1.47683603008557	6.65093838709104e-08	Intron (ENST00000784582.1/ENST00000784582.1, intron 1 of 2)	5	122160191	122180061	19871	1	100505841	ENST00000514637.1	73562	ENSG00000250803	ZNF475	zinc finger protein 475	NA	NA	NA
chr17	66934855	66935188	334	*	peak_15044	-1.27126813039442	6.78545480308772e-08	Distal Intergenic	17	66964707	67033398	68692	1	27092	ENST00000262138.4	-29519	ENSG00000075461	CACNG4	calcium voltage-gated channel auxiliary subunit gamma 4	NA	NA	NA
chr11	62044522	62045261	740	*	peak_6319	-1.03698043064243	6.82318946726103e-08	Distal Intergenic	11	62049863	62081968	32106	2	100507521	ENST00000658933.1	36707	ENSG00000255553	LINC02733	long intergenic non-protein coding RNA 2733	NA	NA	NA
chr22	22827517	22828013	497	*	peak_23394	-1.11844412785137	6.91196805540454e-08	Distal Intergenic	22	22822776	22822871	96	1	723778	ENST00000385101.1	4741	ENSG00000284049	MIR650	microRNA 650	NA	NA	NA
chr5	23257724	23257995	272	*	peak_28177	-1.08883720823861	6.92993118513778e-08	Distal Intergenic	5	23443586	23526498	82913	1	56979	ENST00000635252.1	-185591	ENSG00000164256	PRDM9	PR/SET domain 9	NA	NA	NA
chr22	27481333	27481731	399	*	peak_23687	-1.21818514264721	6.93912001437298e-08	Distal Intergenic	22	27436292	27441778	5487	1	105372980	ENST00000654206.2	45041	ENSG00000287034	LOC105372980	uncharacterized LOC105372980	NA	NA	NA
chr11	1264509	1265027	519	*	peak_5635	-1.24472049375139	6.94618078082844e-08	Distal Intergenic	11	1259523	1260085	563	1	727897	ENST00000527802.1	4986	ENSG00000117983	MUC5B	mucin 5B, oligomeric mucus/gel-forming	NA	NA	NA
chr12	40691194	40691506	313	*	peak_7953	-1.74955508003683	6.99632533842301e-08	Promoter (<=1kb)	12	40692439	41072415	379977	1	1272	ENST00000551295.7	-933	ENSG00000018236	CNTN1	contactin 1	NA	NA	NA
chr1	183914171	183914626	456	*	peak_2903	-1.42910892024849	7.00249258050707e-08	Intron (ENST00000304685.8/23179, intron 16 of 18)	1	183929889	183936924	7036	2	23127	ENST00000486375.2	22298	ENSG00000198756	COLGALT2	collagen beta(1-O)galactosyltransferase 2	NA	NA	NA
chr3	6955519	6955911	393	*	peak_24957	-1.02108511444049	7.01509674687948e-08	Intron (ENST00000443259.1/2917, intron 4 of 4)	3	6892632	6894022	1391	2	105376946	ENST00000427748.1	-61497	ENSG00000237665	GRM7-AS2	GRM7 antisense RNA 2	NA	NA	NA
chr1	244191609	244191950	342	*	peak_3465	-1.1340629629943	7.0436473840903e-08	Distal Intergenic	1	244240588	244254558	13971	2	105373262	ENST00000817130.1	62608	NA	LOC105373262	uncharacterized LOC105373262	NA	NA	NA
chr1	176767548	176767957	410	*	peak_2818	-1.16333922599424	7.04902660170712e-08	Intron (ENST00000367662.5/60676, intron 15 of 22)	1	176791445	176836802	45358	1	60676	ENST00000479836.1	-23488	ENSG00000116183	PAPPA2	pappalysin 2	NA	NA	NA
chr8	120948018	120948572	555	*	peak_32688	-1.26705825801508	7.10322418737831e-08	Intron (ENST00000517739.1/ENST00000517739.1, intron 1 of 3)	8	120535745	120813273	277529	2	6641	ENST00000395601.7	-134745	ENSG00000172164	SNTB1	syntrophin beta 1	NA	NA	NA
chr1	114234847	114235116	270	*	peak_2373	-1.17282773055487	7.15457964918084e-08	Intron (ENST00000420156.2/107985443, intron 1 of 1)	1	114206427	114262278	55852	2	107985443	ENST00000420156.2	27162	NA	LOC107985443	uncharacterized LOC107985443	NA	NA	NA
chr3	124401933	124402403	471	*	peak_26346	-1.04954081074366	7.4251876594908e-08	Intron (ENST00000682506.1/8997, intron 13 of 59)	3	124413490	124484997	71508	1	8997	ENST00000683922.1	-11087	ENSG00000160145	KALRN	kalirin RhoGEF kinase	NA	NA	NA
chr15	99770116	99770454	339	*	peak_11417	-1.25640391388378	7.47831685994925e-08	Intron (ENST00000792826.1/ENST00000792826.1, intron 2 of 2)	15	99798123	99801179	3057	2	196968	ENST00000415963.2	30725	ENSG00000290767	DNM1P46	dynamin 1 pseudogene 46	NA	NA	NA
chr3	46411896	46412178	283	*	peak_25544	-1.08510521661588	7.48830525355523e-08	Intron (ENST00000441909.1/ENST00000441909.1, intron 1 of 1)	3	46407619	46408731	1113	1	9034	ENST00000433848.1	4277	ENSG00000121797	CCRL2	C-C motif chemokine receptor like 2	NA	NA	NA
chr9	32416369	32416743	375	*	peak_33882	-1.05924648684403	7.70264776059101e-08	Intron (ENST00000541043.5/48, intron 5 of 21)	9	32384643	32454769	70127	1	48	ENST00000309951.8	31726	ENSG00000122729	ACO1	aconitase 1	NA	NA	NA
chr11	58637264	58637762	499	*	peak_6213	-1.10212840772498	7.73878170085205e-08	Distal Intergenic	11	58622665	58625733	3069	1	1270	ENST00000361987.6	14599	ENSG00000242689	CNTF	ciliary neurotrophic factor	NA	NA	NA
chr15	82159998	82160312	315	*	peak_11161	-1.01368135714375	7.76488234014199e-08	Promoter (<=1kb)	15	82130218	82160096	29879	2	79631	ENST00000561340.2	0	ENSG00000140598	EFL1	elongation factor like GTPase 1	NA	NA	NA
chr10	131916539	131916944	406	*	peak_5460	-1.09503486106745	7.81084222808083e-08	Intron (ENST00000455566.6/55844, intron 2 of 8)	10	131901291	131959827	58537	1	55844	ENST00000470416.5	15248	ENSG00000175470	PPP2R2D	protein phosphatase 2 regulatory subunit Bdelta	NA	NA	NA
chr9	86039342	86039724	383	*	peak_34166	-1.2595956859133	7.85323161784263e-08	Intron (ENST00000388712.7/51280, intron 6 of 9)	9	86035395	86036813	1419	2	51280	ENST00000464314.1	-2529	ENSG00000135052	GOLM1	golgi membrane protein 1	NA	NA	NA
chr2	240849101	240849666	566	*	peak_20940	-1.01809426503104	7.87996259936988e-08	Distal Intergenic	2	240868824	240880500	11677	1	189	ENST00000307503.4	-19158	ENSG00000172482	AGXT	alanine--glyoxylate aminotransferase	NA	NA	NA
chr15	98218148	98218568	421	*	peak_11391	-1.0176811570582	7.960446943462e-08	Intron (ENST00000717124.1/91948, intron 3 of 8)	15	97703719	98293177	589459	2	91948	ENST00000717124.1	74609	ENSG00000251209	LINC00923	long intergenic non-protein coding RNA 923	NA	NA	NA
chr2	229720574	229720968	395	*	peak_20519	-1.28430886034365	8.0071144030053e-08	Distal Intergenic	2	229357629	229714555	356927	2	92737	ENST00000341772.5	-6019	ENSG00000187957	DNER	delta/notch like EGF repeat containing	NA	NA	NA
chr8	135424378	135424708	331	*	peak_33021	-1.17599224375711	8.0071144030053e-08	Distal Intergenic	8	135455819	135456737	919	2	101927872	ENST00000820938.1	32029	NA	LOC101927872	uncharacterized LOC101927872	NA	NA	NA
chr2	205626985	205627566	582	*	peak_20324	-1.31189386143985	8.04248340852678e-08	Intron (ENST00000792092.1/ENST00000792092.1, intron 1 of 1)	2	205681990	205701557	19568	1	8828	ENST00000464003.1	-54424	ENSG00000118257	NRP2	neuropilin 2	NA	NA	NA
chr6	138130610	138130926	317	*	peak_30146	-1.35923135291994	8.04680470649666e-08	Distal Intergenic	6	138088505	138107419	18915	2	64065	ENST00000421351.4	-23191	ENSG00000112378	PERP	p53 apoptosis effector related to PMP22	NA	NA	NA
chr2	190700746	190700937	192	*	peak_20283	-1.53612166533397	8.1302881636593e-08	Intron (ENST00000676095.2/ENST00000676095.2, intron 3 of 8)	2	190659857	190683827	23971	1	4664	ENST00000484774.1	40889	ENSG00000138386	NAB1	NGFI-A binding protein 1	NA	NA	NA
chr10	23417332	23417599	268	*	peak_3577	-1.38358482829908	8.15788737553169e-08	Distal Intergenic	10	23439075	23442377	3303	1	220213	ENST00000376495.5	-21476	ENSG00000165312	OTUD1	OTU deubiquitinase 1	NA	NA	NA
chr12	55965111	55965597	487	*	peak_8190	-1.17726291286654	8.16461067442174e-08	Promoter (<=1kb)	12	55956113	55966018	9906	2	6490	ENST00000548803.5	421	ENSG00000185664	PMEL	premelanosome protein	NA	NA	NA
chr20	33953491	33954032	542	*	peak_21602	-1.09235531159492	8.22574844941784e-08	Distal Intergenic	20	33983052	33993124	10073	2	101926888	ENST00000432859.1	39092	ENSG00000285230	RALY-AS1	RALY antisense RNA 1	NA	NA	NA
chr1	4877461	4877917	457	*	peak_212	-1.11743230168332	8.26604093058037e-08	Distal Intergenic	1	4973381	4981568	8188	1	105376680	ENST00000641403.1	-95464	ENSG00000284674	LINC02781	long intergenic non-protein coding RNA 2781	NA	NA	NA
chr3	163474730	163475014	285	*	peak_26891	-1.25593452908599	8.26967082921347e-08	Intron (ENST00000658150.1/ENST00000658150.1, intron 2 of 2)	3	163199623	163361563	161941	2	647107	ENST00000489012.5	-113167	ENSG00000241369	LINC01192	long intergenic non-protein coding RNA 1192	NA	NA	NA
chr15	98126667	98127041	375	*	peak_11388	-1.1640730698262	8.29406979001293e-08	Intron (ENST00000717124.1/91948, intron 3 of 8)	15	98122563	98131638	9076	2	105371010	ENST00000559643.2	4597	NA	LOC105371010	uncharacterized LOC105371010	NA	NA	NA
chr13	106355892	106356289	398	*	peak_9162	-1.06677366137018	8.3078877725735e-08	Intron (ENST00000669705.1/107984626, intron 1 of 2)	13	106232131	106371082	138952	2	107984626	ENST00000669705.1	14793	NA	LOC107984626	uncharacterized LOC107984626	NA	NA	NA
chr1	170924826	170925065	240	*	peak_2787	-1.44016057446985	8.3795717842759e-08	Intron (ENST00000669750.1/105371611, intron 3 of 4)	1	170935526	170998806	63281	1	80133	ENST00000367758.7	-10461	ENSG00000117501	MROH9	maestro heat like repeat family member 9	NA	NA	NA
chr4	128522074	128522476	403	*	peak_27821	-1.00309888622398	8.46588409481455e-08	Intron (ENST00000816105.1/100507487, intron 5 of 5)	4	128515417	128519398	3982	1	100507487	ENST00000663973.1	6657	ENSG00000251432	LINC02615	long intergenic non-protein coding RNA 2615	NA	NA	NA
chr3	150653368	150653715	348	*	peak_26850	-1.05151312890469	8.46849565869711e-08	Distal Intergenic	3	150626911	150627990	1080	1	51714	ENST00000466234.1	26457	ENSG00000198843	SELENOT	selenoprotein T	NA	NA	NA
chr2	30629981	30630238	258	*	peak_18737	-1.1729178329677	8.59773402334256e-08	Intron (ENST00000491680.6/253558, intron 5 of 5)	2	30729541	30732484	2944	2	92291	ENST00000490786.1	102246	ENSG00000162949	CAPN13	calpain 13	NA	NA	NA
chr13	50598464	50598734	271	*	peak_9103	-1.20153392904271	8.60618471229166e-08	Intron (ENST00000469127.6/10301, intron 6 of 6)	13	50520933	50527449	6517	2	103689915	ENST00000428276.1	-71015	ENSG00000186047	DLEU1-AS1	DLEU1 antisense RNA 1	NA	NA	NA
chr12	97212814	97213323	510	*	peak_8301	-1.05164575086294	8.64237508001453e-08	Exon (ENST00000716366.1/105369928, exon 5 of 5)	12	97173822	97212799	38978	1	105369928	ENST00000716377.1	38992	NA	LOC105369928	uncharacterized LOC105369928	NA	NA	NA
chr12	105018041	105018556	516	*	peak_8323	-1.28250095940577	8.72584598895603e-08	Intron (ENST00000637147.1/121053, intron 5 of 5)	12	105030070	105031935	1866	2	160428	ENST00000548418.1	13379	ENSG00000136010	ALDH1L2	aldehyde dehydrogenase 1 family member L2	NA	NA	NA
chr8	27853441	27853847	407	*	peak_32202	-1.10271778793596	8.95598926356224e-08	Intron (ENST00000833971.1/ENST00000833971.1, intron 1 of 1)	8	27810201	27838082	27882	2	55872	ENST00000522944.5	-15359	ENSG00000168078	PBK	PDZ binding kinase	NA	NA	NA
chr15	68281871	68282172	302	*	peak_10693	-1.16009196623984	8.98991173243505e-08	Promoter (1-2kb)	15	68279959	68289845	9887	1	10116	ENST00000570067.1	1912	ENSG00000169018	FEM1B	fem-1 homolog B	NA	NA	NA
chrX	51097059	51097469	411	*	peak_35217	-1.23191247341713	9.08942615156695e-08	Promoter (<=1kb)	23	51095836	51098409	2574	2	101926971	ENST00000767530.1	940	ENSG00000230317	LINC01284	long intergenic non-protein coding RNA 1284	NA	NA	NA
chr6	168187443	168187985	543	*	peak_30419	-1.13756870833377	9.11336527887523e-08	Distal Intergenic	6	168225264	168227039	1776	2	105378137	ENST00000424343.2	39054	NA	LOC105378137	uncharacterized LOC105378137	NA	NA	NA
chr12	98062516	98062842	327	*	peak_8304	-1.27158296266026	9.45517908541493e-08	Distal Intergenic	12	97995383	97995448	66	2	100422924	ENST00000581299.1	-67068	ENSG00000263890	MIR4303	microRNA 4303	NA	NA	NA
chr15	80536687	80537009	323	*	peak_11143	-1.23498623291393	9.48255382356552e-08	Intron (ENST00000303329.9/9915, intron 8 of 18)	15	80551104	80574184	23081	1	9915	ENST00000558849.1	-14095	ENSG00000172379	ARNT2	aryl hydrocarbon receptor nuclear translocator 2	NA	NA	NA
chr7	66432182	66432574	393	*	peak_31383	-1.10112789861834	9.49584619019157e-08	Intron (ENST00000638517.1/285908, intron 11 of 22)	7	66382142	66413505	31364	2	285908	ENST00000775452.1	-18677	ENSG00000179406	LINC00174	long intergenic non-protein coding RNA 174	NA	NA	NA
chr1	34113110	34113467	358	*	peak_1307	-1.10335881477764	9.59614055701598e-08	Intron (ENST00000373381.9/114784, intron 1 of 70)	1	33513998	34165230	651233	2	114784	ENST00000373381.9	51763	ENSG00000121904	CSMD2	CUB and Sushi multiple domains 2	NA	NA	NA
chr7	87143654	87144119	466	*	peak_31566	-1.0376444424094	9.67067389760637e-08	Distal Intergenic	7	87151423	87152282	860	2	101927420	ENST00000433446.1	8163	ENSG00000224046	DMTF1-AS1	DMTF1 antisense RNA 1	NA	NA	NA
chrX	96243926	96244350	425	*	peak_35292	-1.23652914827672	9.69206023398914e-08	Intron (ENST00000752891.1/124905234, intron 1 of 5)	23	96105302	96151236	45935	2	124905234	ENST00000752893.1	-92690	NA	LOC124905234	uncharacterized LOC124905234	NA	NA	NA
chr11	3822420	3822608	189	*	peak_5744	-1.20647885219727	9.7035406999069e-08	Promoter (1-2kb)	11	3823620	3824320	701	1	27315	ENST00000527810.1	-1012	ENSG00000148985	PGAP2	post-GPI attachment to proteins 2	NA	NA	NA
chr10	30640375	30640739	365	*	peak_3620	-1.12321102864794	9.74351534898789e-08	Distal Intergenic	10	30611786	30629762	17977	2	119180	ENST00000375318.4	-10613	ENSG00000151033	LYZL2	lysozyme like 2	NA	NA	NA
chr3	88988981	88989268	288	*	peak_26184	-1.0689738413236	9.94696636758125e-08	Distal Intergenic	3	89107621	89482134	374514	1	2042	ENST00000336596.7	-118353	ENSG00000044524	EPHA3	EPH receptor A3	NA	NA	NA
chr9	114603368	114603630	263	*	peak_34536	-1.52068850386512	9.96528217258606e-08	Distal Intergenic	9	114611206	114646422	35217	1	203197	ENST00000374049.4	-7576	ENSG00000157693	TMEM268	transmembrane protein 268	NA	NA	NA
chr22	38667688	38668014	327	*	peak_24137	-1.31767474234572	1.00094283216141e-07	Promoter (<=1kb)	22	38667896	38670945	3050	1	25776	ENST00000467118.1	0	ENSG00000100211	CBY1	chibby 1, beta catenin antagonist	NA	NA	NA
chr8	30026167	30026487	321	*	peak_32232	-1.08102917251109	1.01096234946418e-07	Distal Intergenic	8	30065874	30067053	1180	2	51669	ENST00000521934.1	40566	ENSG00000133872	SARAF	store-operated calcium entry associated regulatory factor	NA	NA	NA
chr20	5823205	5823520	316	*	peak_21171	-1.24676038757041	1.0209149408067e-07	Intron (ENST00000303142.11/149840, intron 2 of 2)	20	5750453	5863304	112852	1	149840	ENST00000442185.1	72752	ENSG00000171984	SHLD1	shieldin complex subunit 1	NA	NA	NA
chr18	72847073	72847467	395	*	peak_16454	-1.10217116894824	1.02468600709996e-07	Intron (ENST00000583169.5/81832, intron 4 of 10)	18	72853321	72853382	62	2	100847083	ENST00000583040.1	5915	ENSG00000263750	MIR548AV	microRNA 548av	NA	NA	NA
chr8	138938254	138938702	449	*	peak_33079	-1.22711184118213	1.0259355839136e-07	Intron (ENST00000846019.1/ENST00000846019.1, intron 1 of 2)	8	138588235	138914041	325807	2	169044	ENST00000303045.11	-24213	ENSG00000169436	COL22A1	collagen type XXII alpha 1 chain	NA	NA	NA
chr5	56974172	56974567	396	*	peak_28293	-1.09452631880442	1.03277138617153e-07	Distal Intergenic	5	56947032	56971675	24644	2	166968	ENST00000497185.2	-2497	ENSG00000155545	MIER3	MIER family member 3	NA	NA	NA
chr2	29253902	29254263	362	*	peak_18706	-1.15858363628359	1.05028338907155e-07	Intron (ENST00000389048.8/238, intron 11 of 28)	2	29192794	29227653	34860	2	238	ENST00000431873.6	-26249	ENSG00000171094	ALK	ALK receptor tyrosine kinase	NA	NA	NA
chr2	102279064	102279369	306	*	peak_19506	-1.12151471612723	1.05524779230109e-07	Intron (ENST00000804381.1/ENST00000804381.1, intron 1 of 4)	2	102249857	102250255	399	2	101060105	ENST00000421987.1	-28809	NA	CFAP144P2	CFAP144 pseudogene 2	NA	NA	NA
chr7	42382590	42382935	346	*	peak_31037	-1.34241878212124	1.05524779230109e-07	Distal Intergenic	7	42326306	42338786	12481	2	105375249	ENST00000723641.1	-43804	NA	LOC105375249	uncharacterized LOC105375249	NA	NA	NA
chr3	99930385	99930921	537	*	peak_26200	-1.19084856837754	1.06154561072353e-07	Exon (ENST00000477258.2/11259, exon 2 of 6)	3	99964314	99964398	85	2	100500859	ENST00000577308.1	33477	ENSG00000264897	MIR3921	microRNA 3921	NA	NA	NA
chr10	104387181	104387548	368	*	peak_5053	-1.17327245722227	1.07308903160687e-07	Intron (ENST00000369704.8/159686, intron 9 of 17)	10	104376855	104382360	5506	1	159686	ENST00000369703.1	10326	ENSG00000120051	CFAP58	cilia and flagella associated protein 58	NA	NA	NA
chr10	69538431	69538833	403	*	peak_4110	-1.09553221280285	1.07792265428909e-07	Promoter (<=1kb)	10	69536510	69538604	2095	2	105378345	ENST00000834067.1	0	NA	LOC105378345	uncharacterized LOC105378345	NA	NA	NA
chr10	31143021	31143782	762	*	peak_3626	-1.04168227164327	1.08299085107589e-07	Exon (ENST00000805304.1/105376481, exon 3 of 3)	10	31146801	31155723	8923	1	105376481	ENST00000805779.1	-3019	ENSG00000272381	LOC105376481	uncharacterized LOC105376481	NA	NA	NA
chr1	167197820	167198325	506	*	peak_2771	-1.0464912879806	1.09433949383507e-07	Distal Intergenic	1	167176347	167195792	19446	2	101928484	ENST00000446687.1	-2028	ENSG00000231605	LINC01363	long intergenic non-protein coding RNA 1363	NA	NA	NA
chr12	108951696	108952188	493	*	peak_8358	-1.13404850849219	1.09596956278386e-07	Intron (ENST00000610966.5/55530, intron 6 of 15)	12	108936961	108938888	1928	2	55530	ENST00000551211.1	-12808	ENSG00000166111	SVOP	SV2 related protein	NA	NA	NA
chr3	53788192	53788518	327	*	peak_26057	-1.21585179296061	1.09693480282909e-07	Intron (ENST00000637424.1/776, intron 39 of 46)	3	53785516	53800344	14829	1	776	ENST00000637589.2	2676	ENSG00000157388	CACNA1D	calcium voltage-gated channel subunit alpha1 D	NA	NA	NA
chr12	5747802	5748435	634	*	peak_7658	-1.07072430523803	1.10644760995488e-07	Intron (ENST00000650848.1/57101, intron 12 of 26)	12	5635313	5741123	105811	2	57101	ENST00000538154.5	-6679	ENSG00000047617	ANO2	anoctamin 2	NA	NA	NA
chr2	74831991	74832261	271	*	peak_19222	-1.0423237547107	1.12441018425709e-07	Promoter (1-2kb)	2	74832655	74833987	1333	2	118568819	ENST00000610008.1	1726	ENSG00000272711	HK2-DT	HK2 divergent transcript	NA	NA	NA
chr2	204126803	204127141	339	*	peak_20321	-1.07056143801731	1.12730299840001e-07	Distal Intergenic	2	204145217	204150893	5677	2	124907966	ENST00000755381.1	23752	NA	LOC124907966	uncharacterized LOC124907966	NA	NA	NA
chr10	22805371	22805731	361	*	peak_3572	-1.04839992344515	1.12750998795179e-07	Intron (ENST00000756996.1/ENST00000756996.1, intron 1 of 3)	10	22848807	22868228	19422	1	105376451	ENST00000751446.1	-43076	ENSG00000297866	LOC105376451	uncharacterized LOC105376451	NA	NA	NA
chr7	46150872	46151101	230	*	peak_31181	-1.35490421789017	1.13375756141203e-07	Distal Intergenic	7	45990802	46024358	33557	2	105375264	ENST00000797156.1	-126514	NA	LOC105375264	uncharacterized LOC105375264	NA	NA	NA
chr4	70892342	70892663	322	*	peak_27700	-1.10415871494835	1.14123723238975e-07	Intron (ENST00000809219.1/124900711, intron 1 of 1)	4	70853613	70902206	48594	2	124900711	ENST00000809219.1	9543	ENSG00000289019	LOC124900711	uncharacterized LOC124900711	NA	NA	NA
chr11	104772893	104773252	360	*	peak_7159	-1.54580601378148	1.14833549647271e-07	Distal Intergenic	11	104873255	104906224	32970	1	107984380	ENST00000797908.1	-100003	NA	LOC107984380	uncharacterized LOC107984380	NA	NA	NA
chr6	119184029	119184535	507	*	peak_30101	-1.25492507489065	1.14893276815011e-07	Intron (ENST00000368468.4/4121, intron 11 of 12)	6	118959830	119149387	189558	2	79632	ENST00000352896.9	-34642	ENSG00000111879	FAM184A	family with sequence similarity 184 member A	NA	NA	NA
chr1	145758613	145758881	269	*	peak_2451	-1.43489449780913	1.16116212825896e-07	Intron (ENST00000582693.5/27246, intron 4 of 8)	1	145746389	145773843	27455	2	27246	ENST00000539368.2	14962	ENSG00000265491	RNF115	ring finger protein 115	NA	NA	NA
chr12	128885948	128886149	202	*	peak_8741	-1.29300979983995	1.17970591196228e-07	Intron (ENST00000441390.6/144423, intron 2 of 10)	12	128864136	128983739	119604	1	144423	ENST00000537468.1	21812	ENSG00000151948	GLT1D1	glycosyltransferase 1 domain containing 1	NA	NA	NA
chr5	20856222	20856529	308	*	peak_28174	-1.64011813622457	1.18898583070267e-07	Intron (ENST00000657383.1/105374676, intron 3 of 9)	5	20850826	20875849	25024	2	105374673	ENST00000765586.1	19320	NA	LOC105374673	uncharacterized LOC105374673	NA	NA	NA
chr2	29952050	29952446	397	*	peak_18721	-1.05415878796581	1.20591760711987e-07	Intron (ENST00000669284.1/ENST00000669284.1, intron 1 of 1)	2	29192774	29921586	728813	2	238	ENST00000389048.8	-30464	ENSG00000171094	ALK	ALK receptor tyrosine kinase	NA	NA	NA
chr5	112172859	112173438	580	*	peak_28408	-1.08731618391895	1.2170202248513e-07	Intron (ENST00000507810.5/64097, intron 7 of 13)	5	112165001	112183387	18387	2	64097	ENST00000509342.6	9949	ENSG00000129595	EPB41L4A	erythrocyte membrane protein band 4.1 like 4A	NA	NA	NA
chr7	108222592	108222922	331	*	peak_31723	-1.06389442999905	1.21916305478094e-07	Intron (ENST00000413765.6/4897, intron 11 of 30)	7	108207228	108209603	2376	2	4897	ENST00000489800.1	-12989	ENSG00000091129	NRCAM	neuronal cell adhesion molecule	NA	NA	NA
chr12	19031122	19031346	225	*	peak_7837	-1.13935538777394	1.22215901309403e-07	Distal Intergenic	12	19036965	19046588	9624	1	107984527	ENST00000775188.1	-5619	NA	LOC107984527	uncharacterized LOC107984527	NA	NA	NA
chr4	53951036	53951478	443	*	peak_27642	-1.38681670165217	1.22509745447973e-07	Intron (ENST00000507166.5/5156, intron 12 of 23)	4	53986587	53987058	472	2	402176	ENST00000491826.2	35580	NA	RPL21P44	ribosomal protein L21 pseudogene 44	NA	NA	NA
chr3	72067811	72068111	301	*	peak_26157	-1.2613563667721	1.24331695435332e-07	Exon (ENST00000608555.5/ENST00000608555.5, exon 3 of 3)	3	72035753	72060682	24930	2	285286	ENST00000811809.1	-7129	ENSG00000241163	LINC00877	long intergenic non-protein coding RNA 877	NA	NA	NA
chr13	40181160	40181699	540	*	peak_9071	-1.18832602841552	1.25345836008305e-07	Promoter (<=1kb)	13	40181489	40188779	7291	1	100874127	ENST00000818615.1	0	NA	LINC00332	long intergenic non-protein coding RNA 332	NA	NA	NA
chr3	113797841	113798133	293	*	peak_26241	-1.44544927405135	1.25903463570063e-07	Intron (ENST00000703904.2/523, intron 12 of 15)	3	113800926	113809610	8685	1	523	ENST00000703912.1	-2793	ENSG00000114573	ATP6V1A	ATPase H+ transporting V1 subunit A	NA	NA	NA
chr5	79604745	79604996	252	*	peak_28361	-1.43827780732689	1.26210965583707e-07	Distal Intergenic	5	79612120	79623648	11529	1	167153	ENST00000505571.5	-7124	ENSG00000164329	TENT2	terminal nucleotidyltransferase 2	NA	NA	NA
chr3	38751114	38751502	389	*	peak_25403	-1.05226162011046	1.28568560117651e-07	Intron (ENST00000655275.1/6336, intron 12 of 27)	3	38697346	38794042	96697	2	6336	ENST00000643924.1	42540	ENSG00000185313	SCN10A	sodium voltage-gated channel alpha subunit 10	NA	NA	NA
chr6	73783000	73783243	244	*	peak_30035	-1.00086979782603	1.29522113014346e-07	Intron (ENST00000422508.6/135228, intron 17 of 31)	6	73792655	73804076	11422	1	135228	ENST00000474094.1	-9412	ENSG00000156535	CD109	CD109 molecule	NA	NA	NA
chr6	40455135	40455511	377	*	peak_29822	-1.07650276049292	1.31290611132826e-07	Intron (ENST00000338305.7/57497, intron 1 of 2)	6	40344342	40387194	42853	2	401260	ENST00000373171.4	-67941	ENSG00000226070	LINC00951	long intergenic non-protein coding RNA 951	NA	NA	NA
chr13	19580066	19580304	239	*	peak_8994	-1.55176259266582	1.3291019827598e-07	Intron (ENST00000648281.1/100874136, intron 4 of 4)	13	19587058	19588616	1559	1	100874136	ENST00000670337.2	-6754	ENSG00000225316	TPTE2-AS1	TPTE2 antisense RNA 1	NA	NA	NA
chr7	72544613	72544884	272	*	peak_31439	-1.08436922217256	1.33228420951931e-07	Distal Intergenic	7	71787775	72447151	659377	2	83698	ENST00000431984.5	-97462	ENSG00000183166	CALN1	calneuron 1	NA	NA	NA
chr9	96867083	96867423	341	*	peak_34417	-1.3530115415398	1.33711567605525e-07	Intron (ENST00000721889.1/100132781, intron 1 of 2)	9	96817633	96875574	57942	2	158431	ENST00000289032.12	8151	ENSG00000196597	ZNF782	zinc finger protein 782	NA	NA	NA
chr5	157822027	157822409	383	*	peak_29073	-1.13253557417334	1.34054132669684e-07	Intron (ENST00000523094.5/9685, intron 1 of 11)	5	157791620	157806012	14393	2	9685	ENST00000530302.1	-16015	ENSG00000113282	CLINT1	clathrin interactor 1	NA	NA	NA
chr4	81888195	81888590	396	*	peak_27722	-1.37118379506317	1.34578352021278e-07	Intron (ENST00000638048.1/153020, intron 2 of 16)	4	81427065	82044069	617005	2	153020	ENST00000638048.1	155479	ENSG00000138670	RASGEF1B	RasGEF domain family member 1B	NA	NA	NA
chr4	70050209	70050456	248	*	peak_27697	-1.56847617581155	1.34902888025721e-07	Promoter (<=1kb)	4	70050438	70055844	5407	1	3346	ENST00000503645.5	0	ENSG00000126550	HTN1	histatin 1	NA	NA	NA
chr4	54377928	54378381	454	*	peak_27645	-1.01829584699842	1.35512090559628e-07	Distal Intergenic	4	54332898	54376753	43856	1	105377656	ENST00000801799.1	45030	NA	LINC02283	long intergenic non-protein coding RNA 2283	NA	NA	NA
chr6	87909930	87910240	311	*	peak_30050	-1.462504260969	1.35983793966898e-07	Intron (ENST00000820282.1/101928911, intron 2 of 4)	6	87871576	87911870	40295	1	101928911	ENST00000820288.1	38354	NA	LOC101928911	uncharacterized LOC101928911	NA	NA	NA
chr18	73945323	73946137	815	*	peak_16460	-1.05557362373703	1.35994979001226e-07	Promoter (1-2kb)	18	73947809	74014989	67181	1	124904358	ENST00000753825.1	-1672	ENSG00000287314	LOC124904358	uncharacterized LOC124904358	NA	NA	NA
chr6	108564163	108564555	393	*	peak_30072	-1.19278441458467	1.37617154473564e-07	Promoter (1-2kb)	6	108565621	108639689	74069	1	2309	ENST00000725671.1	-1066	ENSG00000118689	FOXO3	forkhead box O3	NA	NA	NA
chr1	223312810	223313468	659	*	peak_3275	-1.04610505492083	1.3802720777254e-07	Intron (ENST00000343846.7/55061, intron 1 of 7)	1	223264407	223292569	28163	2	55061	ENST00000497669.1	-20241	ENSG00000143502	SUSD4	sushi domain containing 4	NA	NA	NA
chr6	170013595	170014147	553	*	peak_30492	-1.03119955946545	1.38249413726636e-07	Intron (ENST00000729933.1/ENST00000729933.1, intron 1 of 2)	6	170025615	170029529	3915	1	105378150	ENST00000832815.1	-11468	NA	LOC105378150	uncharacterized LOC105378150	NA	NA	NA
chr10	73741622	73742048	427	*	peak_4428	-1.14494061307737	1.38313187668627e-07	Promoter (1-2kb)	10	73742962	73744030	1069	2	124902453	ENST00000759039.1	1982	ENSG00000279088	LOC124902453	uncharacterized LOC124902453	NA	NA	NA
chr5	2574350	2575015	666	*	peak_28040	-1.03363869192672	1.38660499612102e-07	Distal Intergenic	5	2712591	2715237	2647	1	101234261	ENST00000626215.1	-137576	ENSG00000281560	LSINCT5	long stress-induced non-coding transcript 5	NA	NA	NA
chr3	133280693	133281082	390	*	peak_26705	-1.0749046866782	1.39089563334729e-07	Intron (ENST00000321871.11/66000, intron 3 of 5)	3	133245603	133257207	11605	2	101927455	ENST00000505721.2	-23486	NA	TMEM108-AS1	TMEM108 antisense RNA 1	NA	NA	NA
chr16	75080242	75080521	280	*	peak_12958	-1.24152280556735	1.39241505393331e-07	Intron (ENST00000335325.9/84937, intron 1 of 4)	16	75095144	75105336	10193	1	84937	ENST00000579084.1	-14623	ENSG00000186187	ZNRF1	zinc and ring finger 1	NA	NA	NA
chr20	7777253	7777516	264	*	peak_21180	-1.70693148319844	1.40817515045374e-07	Intron (ENST00000839999.1/ENST00000839999.1, intron 1 of 4)	20	7882985	7940458	57474	2	54363	ENST00000378789.4	162942	ENSG00000101323	HAO1	hydroxyacid oxidase 1	NA	NA	NA
chr13	27322558	27322977	420	*	peak_9033	-1.11017750304467	1.42928025188185e-07	Distal Intergenic	13	27362201	27406447	44247	1	124903138	ENST00000833686.1	-39224	NA	LOC124903138	uncharacterized LOC124903138	NA	NA	NA
chr11	41559093	41559358	266	*	peak_6036	-1.22856066884618	1.44534317276035e-07	Intron (ENST00000816184.1/ENST00000816184.1, intron 3 of 4)	11	40114293	41459773	1345481	2	57689	ENST00000530763.5	-99320	ENSG00000148948	LRRC4C	leucine rich repeat containing 4C	NA	NA	NA
chr12	126804988	126805416	429	*	peak_8694	-1.1293459154047	1.45407945903034e-07	Distal Intergenic	12	126730686	126772519	41834	2	387895	ENST00000671627.3	-32469	ENSG00000256128	LINC00944	long intergenic non-protein coding RNA 944	NA	NA	NA
chr1	16464859	16465247	389	*	peak_560	-1.19046178683046	1.45692465920316e-07	Intron (ENST00000457898.1/107984921, intron 1 of 1)	1	16460948	16468481	7534	1	107984921	ENST00000457898.1	3911	ENSG00000226029	LINC01772	long intergenic non-protein coding RNA 1772	NA	NA	NA
chr6	73722686	73722990	305	*	peak_30034	-1.08591058437041	1.46684511029946e-07	Promoter (<=1kb)	6	73722941	73810172	87232	1	135228	ENST00000649530.1	0	ENSG00000156535	CD109	CD109 molecule	NA	NA	NA
chr15	98152116	98152534	419	*	peak_11389	-1.01164843655378	1.47882440268664e-07	Intron (ENST00000813673.1/ENST00000813673.1, intron 1 of 1)	15	98122563	98131707	9145	2	105371010	ENST00000663373.1	-20409	NA	LOC105371010	uncharacterized LOC105371010	NA	NA	NA
chr10	14997437	14998135	699	*	peak_3542	-1.50572648227743	1.53381034264109e-07	Distal Intergenic	10	15015370	15021863	6494	2	105376432	ENST00000454630.1	23728	NA	DCLRE1CP1	DNA cross-link repair 1C pseudogene 1	NA	NA	NA
chr10	121414379	121414693	315	*	peak_5208	-1.05821732108766	1.54616367416039e-07	Distal Intergenic	10	121479785	121480485	701	2	2263	ENST00000467584.1	65792	ENSG00000066468	FGFR2	fibroblast growth factor receptor 2	NA	NA	NA
chr3	130820956	130821275	320	*	peak_26695	-1.1706289900752	1.5505731678453e-07	Promoter (<=1kb)	3	130821184	130823914	2731	1	105374107	ENST00000647973.1	0	NA	LOC105374107	uncharacterized LOC105374107	NA	NA	NA
chr12	15935834	15936187	354	*	peak_7832	-1.01435759907921	1.56122002527026e-07	Intron (ENST00000526521.5/51071, intron 1 of 6)	12	15951361	16032657	81297	1	51071	ENST00000533447.5	-15174	ENSG00000023697	DERA	deoxyribose-phosphate aldolase	NA	NA	NA
chr1	212112702	212113111	410	*	peak_3239	-1.16038237284606	1.56274900658034e-07	Distal Intergenic	1	212100646	212107400	6755	1	51514	ENST00000496442.1	12056	ENSG00000143476	DTL	denticleless E3 ubiquitin protein ligase homolog	NA	NA	NA
chr8	109977980	109978209	230	*	peak_32637	-1.08642878012888	1.56711764263875e-07	Intron (ENST00000820222.1/ENST00000820222.1, intron 1 of 1)	8	109963636	109975771	12136	2	27012	ENST00000524391.6	-2209	ENSG00000164794	KCNV1	potassium voltage-gated channel modifier subfamily V member 1	NA	NA	NA
chr4	56330777	56331074	298	*	peak_27658	-1.12633924235568	1.56977577334701e-07	Downstream (<=300bp)	4	56316663	56327703	11041	1	57482	ENST00000514330.1	14114	ENSG00000109265	CRACD	capping protein inhibiting regulator of actin dynamics	NA	NA	NA
chr1	153527113	153527341	229	*	peak_2537	-1.19260257544266	1.5744372039304e-07	Distal Intergenic	1	153533320	153535129	1810	1	124904423	ENST00000420695.4	-5979	NA	LOC124904423	uncharacterized LOC124904423	NA	NA	NA
chr5	37696376	37696868	493	*	peak_28209	-1.0724167785322	1.61153218285668e-07	Intron (ENST00000504564.1/55100, intron 11 of 11)	5	37722643	37752672	30030	1	55100	ENST00000507136.5	-25775	ENSG00000082068	WDR70	WD repeat domain 70	NA	NA	NA
chr10	25877793	25878401	609	*	peak_3590	-1.10426155380368	1.6161547834126e-07	Intron (ENST00000744909.1/ENST00000744909.1, intron 3 of 4)	10	25934229	26166239	232011	1	53904	ENST00000642197.1	-55828	ENSG00000095777	MYO3A	myosin IIIA	NA	NA	NA
chr8	121556092	121556401	310	*	peak_32692	-1.08555805896287	1.61966317202846e-07	Distal Intergenic	8	121639293	121644406	5114	1	594842	ENST00000518865.6	-82892	ENSG00000248690	HAS2-AS1	HAS2 antisense RNA 1	NA	NA	NA
chr3	71847797	71848264	468	*	peak_26149	-1.00880141803685	1.62246469661123e-07	Intron (ENST00000767728.1/ENST00000767728.1, intron 3 of 3)	3	71785423	71786427	1005	1	105377156	ENST00000725823.1	62374	ENSG00000287131	LOC105377156	uncharacterized LOC105377156	NA	NA	NA
chr19	5461471	5461910	440	*	peak_16686	-1.12783585330723	1.63822112425739e-07	Distal Intergenic	19	5455417	5456856	1440	1	148066	ENST00000222033.6	6054	ENSG00000105428	ZNRF4	zinc and ring finger 4	NA	NA	NA
chr15	68685415	68685650	236	*	peak_10730	-1.07904638111428	1.66325937150729e-07	Intron (ENST00000261861.10/10391, intron 2 of 11)	15	68631988	68726077	94090	1	10391	ENST00000543950.3	53427	ENSG00000103647	CORO2B	coronin 2B	NA	NA	NA
chr21	32424608	32424995	388	*	peak_22652	-1.00297519290094	1.67644909359034e-07	Intron (ENST00000469079.5/59271, intron 1 of 3)	21	32428334	32495137	66804	1	59271	ENST00000412833.1	-3339	ENSG00000166979	EVA1C	eva-1 homolog C	NA	NA	NA
chr5	16593100	16593386	287	*	peak_28157	-1.02984726755207	1.68263005479343e-07	Intron (ENST00000306320.10/54463, intron 1 of 8)	5	16474825	16572090	97266	2	54463	ENST00000682033.1	-21010	ENSG00000154153	RETREG1	reticulophagy regulator 1	NA	NA	NA
chr1	101363706	101364301	596	*	peak_2197	-1.05341938450306	1.69299194618188e-07	Intron (ENST00000439146.1/104355286, intron 4 of 4)	1	101350049	101390303	40255	1	104355286	ENST00000444327.1	13657	ENSG00000231671	LINC01307	long intergenic non-protein coding RNA 1307	NA	NA	NA
chr1	216045434	216045774	341	*	peak_3256	-1.12813175369337	1.74573191603879e-07	Intron (ENST00000307340.8/7399, intron 32 of 71)	1	216072454	216086917	14464	1	102723833	ENST00000446411.6	-26680	ENSG00000233620	USH2A-AS2	USH2A antisense RNA 2	NA	NA	NA
chr1	101509310	101509641	332	*	peak_2199	-1.17933709068551	1.74861291816106e-07	Distal Intergenic	1	101639509	101729614	90106	1	105378872	ENST00000668955.2	-129868	ENSG00000226715	LINC01709	long intergenic non-protein coding RNA 1709	NA	NA	NA
chr4	60009180	60009575	396	*	peak_27685	-1.28904980462732	1.7517308915146e-07	Distal Intergenic	4	60750575	60790081	39507	1	105377248	ENST00000509559.2	-741000	ENSG00000249066	LINC02496	long intergenic non-protein coding RNA 2496	NA	NA	NA
chr8	37323864	37324133	270	*	peak_32255	-1.35448286407672	1.76054488227058e-07	Intron (ENST00000775489.1/ENST00000775489.1, intron 1 of 1)	8	37326538	37328695	2158	2	100507403	ENST00000775661.1	4562	ENSG00000253123	LOC100507403	uncharacterized LOC100507403	NA	NA	NA
chr20	29422329	29422769	441	*	peak_21418	-1.20286083053704	1.7669439515007e-07	Intron (ENST00000737786.1/ENST00000737786.1, intron 1 of 1)	20	29415264	29416911	1648	2	647476	ENST00000634243.1	-5418	NA	FRG2EP	FSHD region gene 2 family member E, pseudogene	NA	NA	NA
chr11	126348923	126349336	414	*	peak_7357	-1.05210832241771	1.77664077244936e-07	3' UTR	11	126341700	126355557	13858	2	399972	ENST00000801034.1	6221	ENSG00000280832	GSEC	G-quadruplex forming sequence containing lncRNA	NA	NA	NA
chr6	31818583	31819017	435	*	peak_29535	-1.0927512550853	1.77744477869549e-07	Distal Intergenic	6	31815543	31817942	2400	1	3303	ENST00000375651.7	3040	ENSG00000204389	HSPA1A	heat shock protein family A (Hsp70) member 1A	NA	NA	NA
chr1	92030645	92031096	452	*	peak_2164	-1.00189878495299	1.78734863852156e-07	Promoter (<=1kb)	1	92029985	92063538	33554	1	253152	ENST00000370383.5	660	ENSG00000172031	EPHX4	epoxide hydrolase 4	NA	NA	NA
chr3	75346225	75347358	1134	*	peak_26173	-1.2271419754575	1.79400966156362e-07	Distal Intergenic	3	75384059	75391810	7752	2	124905452	ENST00000493276.1	44452	NA	LOC124905452	uncharacterized LOC124905452	NA	NA	NA
chr10	81027538	81027892	355	*	peak_4684	-1.11120820889929	1.80225747758008e-07	Distal Intergenic	10	80651907	80653730	1824	1	105378386	ENST00000759644.1	375631	NA	LINC02655	long intergenic non-protein coding RNA 2655	NA	NA	NA
chr6	133609601	133609922	322	*	peak_30126	-1.01539688960888	1.80225747758008e-07	Intron (ENST00000607033.5/100507308, intron 4 of 8)	6	133502386	133568648	66263	2	100507308	ENST00000666537.1	-40953	ENSG00000227954	TARID	TCF21 antisense RNA inducing promoter demethylation	NA	NA	NA
chr11	123175352	123175632	281	*	peak_7326	-1.31072293665468	1.80378565379293e-07	Intron (ENST00000448775.4/79827, intron 1 of 6)	11	123069872	123195248	125377	2	79827	ENST00000448775.4	19616	ENSG00000166250	CLMP	CXADR like membrane protein	NA	NA	NA
chr12	125429219	125429820	602	*	peak_8678	-1.01568185575039	1.82298244804677e-07	Intron (ENST00000682704.1/114795, intron 3 of 8)	12	125349452	125588411	238960	1	114795	ENST00000534945.2	79767	ENSG00000139364	TMEM132B	transmembrane protein 132B	NA	NA	NA
chr20	209048	209413	366	*	peak_21021	-1.3074540817223	1.83485847486662e-07	Distal Intergenic	20	227258	229886	2629	1	140881	ENST00000246105.4	-17845	ENSG00000125903	DEFB129	defensin beta 129	NA	NA	NA
chr9	68853093	68853381	289	*	peak_34109	-1.200574848699	1.83852687341343e-07	Intron (ENST00000265382.8/8395, intron 4 of 15)	9	68780065	68785566	5502	1	116224	ENST00000394264.7	73028	ENSG00000187866	PABIR1	PP2A Aalpha (PPP2R1A) and B55A (PPP2R2A) interacting phosphatase regulator 1	NA	NA	NA
chr1	224759673	224760055	383	*	peak_3293	-1.09625121934078	1.84039971305337e-07	Distal Intergenic	1	224766324	224779337	13014	1	107985338	ENST00000657658.2	-6269	NA	LINC02813	long intergenic non-protein coding RNA 2813	NA	NA	NA
chr20	54072560	54072812	253	*	peak_22042	-1.0223723935746	1.86618732719495e-07	Promoter (1-2kb)	20	53943541	54070594	127054	2	8537	ENST00000688948.1	-1966	ENSG00000064787	BCAS1	brain enriched myelin associated protein 1	NA	NA	NA
chr1	181532251	181532631	381	*	peak_2863	-1.05204578185974	1.87306805084549e-07	Intron (ENST00000524607.6/777, intron 5 of 11)	1	181483763	181656553	172791	1	777	ENST00000700187.1	48488	ENSG00000198216	CACNA1E	calcium voltage-gated channel subunit alpha1 E	NA	NA	NA
chr4	37706497	37706795	299	*	peak_27585	-1.09461688757912	1.88170764083205e-07	Distal Intergenic	4	37610634	37686376	75743	2	768211	ENST00000454158.7	-20121	ENSG00000181826	RELL1	RELT like 1	NA	NA	NA
chr16	82560842	82561179	338	*	peak_13060	-1.0497205273008	1.89270605421839e-07	Intron (ENST00000826480.1/ENST00000826480.1, intron 1 of 2)	16	82491738	82575490	83753	2	101928392	ENST00000650164.1	14311	ENSG00000261285	LOC101928392	uncharacterized LOC101928392	NA	NA	NA
chr5	151092782	151093680	899	*	peak_29019	-1.10067239045111	1.94874342165518e-07	Promoter (<=1kb)	5	151030492	151093577	63086	2	10318	ENST00000521001.2	0	ENSG00000145901	TNIP1	TNFAIP3 interacting protein 1	NA	NA	NA
chr9	4786069	4786340	272	*	peak_33851	-1.40469739250876	1.94966757071847e-07	Intron (ENST00000719826.1/ENST00000719826.1, intron 1 of 1)	9	4792944	4861066	68123	1	10171	ENST00000381750.9	-6604	ENSG00000120158	RCL1	RNA terminal phosphate cyclase like 1	NA	NA	NA
chr16	13996543	13997116	574	*	peak_12118	-1.17041665338201	1.96282947730685e-07	Promoter (1-2kb)	16	13994879	13997253	2375	1	57496	ENST00000814377.1	1664	ENSG00000186260	MRTFB	myocardin related transcription factor B	NA	NA	NA
chr13	95349292	95349676	385	*	peak_9136	-1.17864052183935	1.97933464861248e-07	Distal Intergenic	13	95301586	95302319	734	1	102724149	ENST00000747976.1	47706	NA	LOC102724149	uncharacterized LOC102724149	NA	NA	NA
chr1	206797775	206798332	558	*	peak_3158	-1.14214796209145	1.98956308712698e-07	Intron (ENST00000662320.1/29949, intron 1 of 2)	1	206768110	206774541	6432	2	3586	ENST00000664374.2	-23234	ENSG00000136634	IL10	interleukin 10	NA	NA	NA
chr3	183220884	183221105	222	*	peak_26922	-1.29701947293205	1.99025706110847e-07	Intron (ENST00000726532.1/ENST00000726532.1, intron 1 of 1)	3	183182502	183207700	25199	2	23101	ENST00000468976.5	-13184	ENSG00000053524	MCF2L2	MCF.2 cell line derived transforming sequence-like 2	NA	NA	NA
chr8	54223760	54224080	321	*	peak_32416	-1.16935425064379	2.00160219009283e-07	Distal Intergenic	8	54136508	54147858	11351	1	29088	ENST00000522521.2	87252	ENSG00000137547	MRPL15	mitochondrial ribosomal protein L15	NA	NA	NA
chr1	227449876	227450500	625	*	peak_3330	-1.05495150712845	2.02793382042634e-07	Distal Intergenic	1	227409765	227426057	16293	1	107985463	ENST00000436377.1	40111	ENSG00000234277	LINC01641	long intergenic non-protein coding RNA 1641	NA	NA	NA
chr22	36557066	36557664	599	*	peak_23976	-1.00524693459003	2.04808482307838e-07	Distal Intergenic	22	36523115	36529184	6070	2	8664	ENST00000432675.4	-27882	ENSG00000100353	EIF3D	eukaryotic translation initiation factor 3 subunit D	NA	NA	NA
chr7	99748982	99749490	509	*	peak_31625	-1.04033653078976	2.08504487397498e-07	Distal Intergenic	7	99730573	99735196	4624	2	1551	ENST00000467776.1	-13786	ENSG00000160870	CYP3A7	cytochrome P450 family 3 subfamily A member 7	NA	NA	NA
chr4	186027255	186027852	598	*	peak_27892	-1.18918533885268	2.09072180288651e-07	Distal Intergenic	4	186015526	186018881	3356	1	124900829	ENST00000774926.1	11729	NA	LOC124900829	uncharacterized LOC124900829	NA	NA	NA
chr12	94643256	94643799	544	*	peak_8293	-1.35918732483019	2.09555807333772e-07	Intron (ENST00000261226.9/57458, intron 1 of 3)	12	94649427	94651008	1582	1	105369914	ENST00000833224.1	-5628	NA	LOC105369914	uncharacterized LOC105369914	NA	NA	NA
chr6	163655055	163655660	606	*	peak_30316	-1.12890273279517	2.09598080433449e-07	Intron (ENST00000789650.1/ENST00000789650.1, intron 1 of 2)	6	163664355	163671550	7196	2	102724152	ENST00000777239.1	15890	ENSG00000301235	LOC102724152	uncharacterized LOC102724152	NA	NA	NA
chr16	23670019	23670489	471	*	peak_12237	-1.15427270677344	2.0960571264082e-07	3' UTR	16	23677656	23690366	12711	1	5347	ENST00000562272.5	-7167	ENSG00000166851	PLK1	polo like kinase 1	NA	NA	NA
chr6	165590283	165590767	485	*	peak_30331	-1.05980281558167	2.10581775869693e-07	Intron (ENST00000647989.1/10846, intron 1 of 22)	6	165327289	165600778	273490	2	10846	ENST00000648884.1	10011	ENSG00000112541	PDE10A	phosphodiesterase 10A	NA	NA	NA
chr3	51585278	51585604	327	*	peak_25907	-1.28944196590196	2.11650985236446e-07	Intron (ENST00000684192.1/23132, intron 2 of 22)	3	51541580	51668667	127088	1	23132	ENST00000409535.6	43698	ENSG00000164080	RAD54L2	RAD54 like 2	NA	NA	NA
chr17	16293977	16294382	406	*	peak_13645	-1.2721566260215	2.11870847169357e-07	Intron (ENST00000607144.4/9487, intron 2 of 2)	17	16282014	16282088	75	1	100302124	ENST00000408428.1	11963	ENSG00000221355	MIR1288	microRNA 1288	NA	NA	NA
chr19	43286555	43286714	160	*	peak_17581	-1.45613425208083	2.1190532570261e-07	Distal Intergenic	19	43253282	43269530	16249	2	5678	ENST00000270077.8	-17025	ENSG00000183668	PSG9	pregnancy specific beta-1-glycoprotein 9	NA	NA	NA
chr8	47223486	47223773	288	*	peak_32372	-1.15906141748508	2.13533304500825e-07	Distal Intergenic	8	47089572	47198861	109290	2	105375817	ENST00000509729.3	-24625	NA	LOC105375817	POTE ankyrin domain family member A-like	NA	NA	NA
chr11	11545080	11545622	543	*	peak_5840	-1.08450421596705	2.14486820685298e-07	Intron (ENST00000227756.5/374378, intron 1 of 10)	11	11569968	11573785	3818	1	124902632	ENST00000527726.2	-24346	ENSG00000255462	LOC124902632	uncharacterized LOC124902632	NA	NA	NA
chr1	57261576	57261801	226	*	peak_2070	-1.12468647919124	2.19347636300513e-07	Intron (ENST00000371236.7/1600, intron 2 of 14)	1	57010695	57291065	280371	2	1600	ENST00000371231.5	29264	ENSG00000173406	DAB1	DAB adaptor protein 1	NA	NA	NA
chrX	101066672	101066926	255	*	peak_35294	-1.58685625634638	2.21805476258057e-07	Intron (ENST00000443801.2/ENST00000443801.2, intron 1 of 1)	23	101078879	101096367	17489	1	59353	ENST00000372930.5	-11953	ENSG00000126950	TMEM35A	transmembrane protein 35A	NA	NA	NA
chr6	74278494	74278793	300	*	peak_30037	-1.61070841581905	2.22368660833452e-07	Intron (ENST00000435946.1/101928516, intron 1 of 3)	6	74069451	74690727	621277	1	101928516	ENST00000435946.1	209043	ENSG00000223786	LOC101928516	uncharacterized LOC101928516	NA	NA	NA
chr3	54611029	54611320	292	*	peak_26067	-1.28692441106662	2.24092874636398e-07	Intron (ENST00000474759.6/55799, intron 9 of 37)	3	54616119	54626416	10298	2	107986088	ENST00000812557.1	15096	NA	LOC107986088	uncharacterized LOC107986088	NA	NA	NA
chr17	30312341	30312789	449	*	peak_14014	-1.1723516051622	2.25964695373246e-07	Distal Intergenic	17	30290990	30292056	1067	2	642	ENST00000582749.1	-20285	ENSG00000108578	BLMH	bleomycin hydrolase	NA	NA	NA
chr7	8214253	8214634	382	*	peak_30848	-1.06764739924599	2.27732143069871e-07	Intron (ENST00000402384.8/3382, intron 6 of 13)	7	8158331	8218459	60129	2	3382	ENST00000490041.1	3825	ENSG00000003147	ICA1	islet cell autoantigen 1	NA	NA	NA
chr11	47986634	47987108	475	*	peak_6186	-1.01795077271663	2.2910338292122e-07	Intron (ENST00000698881.1/5795, intron 1 of 24)	11	47980727	48123700	142974	1	5795	ENST00000527952.1	5907	ENSG00000149177	PTPRJ	protein tyrosine phosphatase receptor type J	NA	NA	NA
chr4	121254887	121255467	581	*	peak_27807	-1.07437320341052	2.31718184341099e-07	Distal Intergenic	4	121132283	121227466	95184	2	79931	ENST00000509841.1	-27421	ENSG00000050730	TNIP3	TNFAIP3 interacting protein 3	NA	NA	NA
chr2	157940043	157940439	397	*	peak_20206	-1.06919148841999	2.33246898448455e-07	Intron (ENST00000489438.2/151531, intron 1 of 9)	2	157876702	158136154	259453	1	151531	ENST00000605860.5	63341	ENSG00000007001	UPP2	uridine phosphorylase 2	NA	NA	NA
chr10	45006606	45006980	375	*	peak_3813	-1.29718518204113	2.33718652483356e-07	Intron (ENST00000717566.1/105378283, intron 5 of 5)	10	45000923	45005326	4404	1	7570	ENST00000298299.4	5683	ENSG00000165512	ZNF22	zinc finger protein 22	NA	NA	NA
chr3	56297521	56297767	247	*	peak_26074	-1.43271330386413	2.34544064755838e-07	Intron (ENST00000288221.11/26059, intron 2 of 17)	3	56148988	56173899	24912	2	26059	ENST00000484857.2	-123622	ENSG00000187672	ERC2	ELKS/RAB6-interacting/CAST family member 2	NA	NA	NA
chr8	123229349	123229760	412	*	peak_32722	-1.28460618882052	2.35352370356816e-07	Promoter (1-2kb)	8	123226360	123231592	5233	2	100533106	ENST00000517760.1	1832	ENSG00000259305	ZHX1-C8orf76	ZHX1-C8orf76 readthrough	NA	NA	NA
chr20	51687960	51688346	387	*	peak_22016	-1.04541491213721	2.38540336228249e-07	Intron (ENST00000311637.9/10079, intron 4 of 22)	20	51725819	51732587	6769	2	10079	ENST00000477492.1	44241	ENSG00000054793	ATP9A	ATPase phospholipid transporting 9A (putative)	NA	NA	NA
chr1	182556225	182556598	374	*	peak_2884	-1.068145128048	2.40031458070766e-07	Promoter (<=1kb)	1	182556136	182560597	4462	1	353299	ENST00000634342.1	89	ENSG00000121446	RGSL1	regulator of G protein signaling like 1	NA	NA	NA
chr11	57520091	57520484	394	*	peak_6206	-1.10784283688371	2.40907876252702e-07	Distal Intergenic	11	57497753	57515780	18028	2	8501	ENST00000524995.5	-4311	ENSG00000149150	SLC43A1	solute carrier family 43 member 1	NA	NA	NA
chr5	72009281	72009730	450	*	peak_28340	-1.17799145618909	2.40952236157326e-07	Distal Intergenic	5	71973867	71989955	16089	1	124901000	ENST00000782119.1	35414	NA	LOC124901000	uncharacterized LOC124901000	NA	NA	NA
chr17	79722991	79723525	535	*	peak_15718	-1.10947959199552	2.42250456781042e-07	Intron (ENST00000819500.1/ENST00000819500.1, intron 2 of 3)	17	79730943	79742219	11277	1	339221	ENST00000328313.10	-7418	ENSG00000182156	ENPP7	ectonucleotide pyrophosphatase/phosphodiesterase 7	NA	NA	NA
chr15	34650087	34650488	402	*	peak_10309	-1.09100893396848	2.43411501276804e-07	Intron (ENST00000720814.1/124903462, intron 2 of 2)	15	34651135	34671095	19961	2	105370762	ENST00000565706.2	20607	NA	LINC02252	long intergenic non-protein coding RNA 2252	NA	NA	NA
chr18	11469984	11470298	315	*	peak_16177	-1.05859378975827	2.45156724191349e-07	Intron (ENST00000827734.1/107985173, intron 1 of 1)	18	11454478	11465996	11519	1	105371994	ENST00000591029.1	15506	ENSG00000267425	LINC01928	long intergenic non-protein coding RNA 1928	NA	NA	NA
chr6	3631922	3632250	329	*	peak_29356	-1.04532627683686	2.47404182029191e-07	Exon (ENST00000668915.1/100507336, exon 3 of 6)	6	3593490	3624747	31258	2	100507336	ENST00000443445.3	-7175	ENSG00000228793	LOC100507336	uncharacterized LOC100507336	NA	NA	NA
chr6	131476432	131476748	317	*	peak_30120	-1.22504046082972	2.530940384207e-07	Intron (ENST00000672052.1/383, intron 1 of 4)	6	131470918	131583978	113061	1	383	ENST00000672233.1	5514	ENSG00000118520	ARG1	arginase 1	NA	NA	NA
chr12	127356969	127357239	271	*	peak_8700	-1.22729899045578	2.56238454385533e-07	Intron (ENST00000748495.1/ENST00000748495.1, intron 1 of 1)	12	127326054	127351621	25568	2	101927616	ENST00000748299.1	-5348	ENSG00000256362	LINC02375	long intergenic non-protein coding RNA 2375	NA	NA	NA
chr2	29304558	29304957	400	*	peak_18708	-1.02591136077849	2.57701836007226e-07	Intron (ENST00000389048.8/238, intron 8 of 28)	2	29286410	29319211	32802	2	238	ENST00000498037.1	14254	ENSG00000171094	ALK	ALK receptor tyrosine kinase	NA	NA	NA
chr10	88148496	88148813	318	*	peak_4774	-1.16403077466462	2.58572123316432e-07	Intron (ENST00000752270.1/101929727, intron 2 of 2)	10	88132149	88190583	58435	1	101929727	ENST00000752272.1	16347	NA	LOC101929727	uncharacterized LOC101929727	NA	NA	NA
chr2	71039143	71040070	928	*	peak_19108	-1.09299753183763	2.60525451638937e-07	Intron (ENST00000760310.1/79315, intron 2 of 2)	2	71024075	71056198	32124	1	79315	ENST00000760311.1	15068	ENSG00000290930	OR7E91P	olfactory receptor family 7 subfamily E member 91 pseudogene	NA	NA	NA
chr1	177368283	177368651	369	*	peak_2822	-1.07425617449814	2.69590962121553e-07	Intron (ENST00000701603.2/102724661, intron 3 of 3)	1	177351580	177400876	49297	1	102724661	ENST00000811521.1	16703	NA	LINC01645	long intergenic non-protein coding RNA 1645	NA	NA	NA
chr11	17238421	17238753	333	*	peak_5892	-1.26076647695913	2.71716177541911e-07	Intron (ENST00000528644.5/4925, intron 1 of 2)	11	17260340	17349980	89641	1	4925	ENST00000646648.1	-21587	ENSG00000070081	NUCB2	nucleobindin 2	NA	NA	NA
chr13	99376131	99376376	246	*	peak_9153	-1.30167731560527	2.76791086992781e-07	Intron (ENST00000355700.9/337867, intron 4 of 4)	13	99367787	99377650	9864	1	337867	ENST00000474510.2	8344	ENSG00000134882	UBAC2	UBA domain containing 2	NA	NA	NA
chr4	128711541	128711826	286	*	peak_27822	-1.15152884942991	2.77129352810961e-07	Intron (ENST00000835243.1/ENST00000835243.1, intron 1 of 1)	4	128809700	128875224	65525	1	79960	ENST00000226319.11	-97874	ENSG00000077684	JADE1	jade family PHD finger 1	NA	NA	NA
chr20	10936863	10937167	305	*	peak_21191	-1.36016296796875	2.79965831081299e-07	Intron (ENST00000605292.5/ENST00000605292.5, intron 4 of 4)	20	10893917	10909279	15363	2	101929413	ENST00000663360.1	-27584	ENSG00000232900	LOC101929413	uncharacterized LOC101929413	NA	NA	NA
chr12	42213139	42213379	241	*	peak_7956	-1.42732326024981	2.84627263933453e-07	Intron (ENST00000327791.8/10138, intron 2 of 4)	12	42161628	42210836	49209	2	10138	ENST00000551528.5	-2303	ENSG00000015153	YAF2	YY1 associated factor 2	NA	NA	NA
chr5	56346332	56346633	302	*	peak_28290	-1.36515889012968	2.86808276900083e-07	Distal Intergenic	5	56296436	56344877	48442	1	105378977	ENST00000803566.1	49896	NA	LOC105378977	uncharacterized LOC105378977	NA	NA	NA
chr12	122736085	122736372	288	*	peak_8580	-1.05405881074423	2.89054720782666e-07	Distal Intergenic	12	122726076	122730844	4769	2	27198	ENST00000432564.3	-5241	ENSG00000196917	HCAR1	hydroxycarboxylic acid receptor 1	NA	NA	NA
chr3	175274103	175274375	273	*	peak_26900	-1.24737694013124	2.93535763014832e-07	Intron (ENST00000454872.6/254827, intron 4 of 13)	3	175234861	175271096	36236	2	100874244	ENST00000424690.1	-3007	NA	NAALADL2-AS2	NAALADL2 antisense RNA 2	NA	NA	NA
chr7	114309586	114309864	279	*	peak_31740	-1.32648958350829	2.96074969621482e-07	Intron (ENST00000412402.5/93986, intron 2 of 19)	7	114288031	114663509	375479	1	93986	ENST00000634623.1	21555	ENSG00000128573	FOXP2	forkhead box P2	NA	NA	NA
chr10	111602480	111602850	371	*	peak_5095	-1.36069051552227	2.97454828700017e-07	Intron (ENST00000829409.1/ENST00000829409.1, intron 1 of 1)	10	111479942	111556010	76069	1	105378485	ENST00000829553.1	122538	NA	LOC105378485	uncharacterized LOC105378485	NA	NA	NA
chr17	33994136	33994490	355	*	peak_14079	-1.11042534248991	3.02620358322354e-07	Intron (ENST00000359872.6/40, intron 1 of 9)	17	33931130	33984374	53245	2	124903983	ENST00000819275.1	-9762	NA	LOC124903983	uncharacterized LOC124903983	NA	NA	NA
chr17	71967785	71968090	306	*	peak_15106	-1.05172872495793	3.03696673256161e-07	Intron (ENST00000715478.1/107985015, intron 1 of 4)	17	71829882	71964280	134399	2	107985015	ENST00000715472.1	-3505	NA	LOC107985015	uncharacterized LOC107985015	NA	NA	NA
chr4	8152638	8152936	299	*	peak_27442	-1.01161452283206	3.0511850715113e-07	Intron (ENST00000361737.9/84448, intron 1 of 16)	4	7966990	8158689	191700	2	84448	ENST00000505872.5	5753	ENSG00000163995	ABLIM2	actin binding LIM protein family member 2	NA	NA	NA
chr2	174059169	174059454	286	*	peak_20253	-1.45151014943734	3.07517120175814e-07	Distal Intergenic	2	174061886	174062502	617	2	105373746	ENST00000837990.1	3048	NA	LOC105373746	uncharacterized LOC105373746	NA	NA	NA
chr9	27530827	27531239	413	*	peak_33873	-1.14127831090749	3.10445192172509e-07	Promoter (1-2kb)	9	27325209	27529814	204606	2	79817	ENST00000262244.6	-1013	ENSG00000120162	MOB3B	MOB kinase activator 3B	NA	NA	NA
chr5	33237469	33237876	408	*	peak_28192	-1.40755673189366	3.1221661405598e-07	Intron (ENST00000799299.1/105374716, intron 2 of 2)	5	33229764	33286071	56308	1	105374716	ENST00000799298.1	7705	ENSG00000251443	LINC02160	long intergenic non-protein coding RNA 2160	NA	NA	NA
chr4	103078867	103079303	437	*	peak_27776	-1.18045563558088	3.14093423105452e-07	Promoter (1-2kb)	4	103057814	103077324	19511	2	133308	ENST00000503818.1	-1543	ENSG00000164038	SLC9B2	solute carrier family 9 member B2	NA	NA	NA
chr3	157282278	157282759	482	*	peak_26882	-1.18973081315106	3.14769954049464e-07	Exon (ENST00000781668.1/101928236, exon 3 of 4)	3	157230279	157315895	85617	1	101928236	ENST00000475102.1	51999	NA	LOC101928236	uncharacterized LOC101928236	NA	NA	NA
chr6	48563491	48563804	314	*	peak_29995	-1.12912490368396	3.16046467508355e-07	Intron (ENST00000730502.1/107986602, intron 2 of 2)	6	48569113	48597432	28320	1	107986602	ENST00000730503.1	-5309	NA	LOC107986602	uncharacterized LOC107986602	NA	NA	NA
chr10	50169668	50169823	156	*	peak_4028	-1.34818263670973	3.16830095679313e-07	Distal Intergenic	10	50187211	50199146	11936	2	56624	ENST00000489640.5	29323	ENSG00000188611	ASAH2	N-acylsphingosine amidohydrolase 2	NA	NA	NA
chr4	112722376	112722882	507	*	peak_27794	-1.19856249069581	3.18855924712851e-07	Distal Intergenic	4	112646729	112706854	60126	2	109864269	ENST00000731548.1	-15522	ENSG00000249532	MIR302CHG	miR-302/367 cluster host gene	NA	NA	NA
chr22	22967886	22968186	301	*	peak_23419	-1.25073716327604	3.20107832268677e-07	Distal Intergenic	22	22887829	22895825	7997	1	100423062	ENST00000531372.1	80057	ENSG00000254709	IGLL5	immunoglobulin lambda like polypeptide 5	NA	NA	NA
chr4	36402410	36402701	292	*	peak_27574	-1.21534573326174	3.24275809408243e-07	Distal Intergenic	4	36426366	36426428	63	2	100313806	ENST00000636325.1	23727	ENSG00000283207	MIR1255B1	microRNA 1255b-1	NA	NA	NA
chr14	56867056	56867342	287	*	peak_9492	-1.07005572267117	3.2478583532936e-07	Intron (ENST00000534909.2/100309464, intron 1 of 3)	14	56847501	56919797	72297	1	100309464	ENST00000842827.1	19555	ENSG00000248550	OTX2-AS1	OTX2 antisense RNA 1 (head to head)	NA	NA	NA
chr5	88251111	88251425	315	*	peak_28369	-1.44839974154334	3.31084509946482e-07	Promoter (<=1kb)	5	88228441	88251037	22597	2	153396	ENST00000503943.5	-74	ENSG00000164180	TMEM161B	transmembrane protein 161B	NA	NA	NA
chr3	125603290	125603541	252	*	peak_26367	-1.05927361591997	3.31747547027328e-07	Exon (ENST00000805525.1/ENST00000805525.1, exon 1 of 4)	3	125528858	125595497	66640	2	114885	ENST00000296220.6	-7793	ENSG00000144909	OSBPL11	oxysterol binding protein like 11	NA	NA	NA
chr1	13809577	13810156	580	*	peak_497	-1.13810417999013	3.34500461093982e-07	Intron (ENST00000311066.10/7799, intron 8 of 9)	1	13771726	13778463	6738	1	7799	ENST00000487453.1	37851	ENSG00000116731	PRDM2	PR/SET domain 2	NA	NA	NA
chr4	174314844	174315102	259	*	peak_27874	-1.12153149911475	3.36316416249096e-07	Intron (ENST00000457424.6/80817, intron 9 of 10)	4	174308800	174316686	7887	1	80817	ENST00000508483.1	6044	ENSG00000164118	CEP44	centrosomal protein 44	NA	NA	NA
chr9	91138781	91139073	293	*	peak_34277	-1.28540745544911	3.38164061961228e-07	Intron (ENST00000815012.1/100129347, intron 2 of 4)	9	91119092	91124980	5889	2	100507103	ENST00000814760.1	-13801	NA	LINC02937	long intergenic non-protein coding RNA 2937	NA	NA	NA
chr17	57066995	57067596	602	*	peak_14781	-1.10235989032731	3.39746405584738e-07	Distal Intergenic	17	57078536	57085009	6474	2	119139901	ENST00000786295.1	17413	ENSG00000263004	AKAP1-DT	AKAP1 divergent transcript	NA	NA	NA
chr3	186679226	186679476	251	*	peak_26993	-1.33748879381703	3.42922924069333e-07	Intron (ENST00000630178.2/ENST00000630178.2, intron 2 of 2)	3	186668978	186678231	9254	1	3273	ENST00000495413.1	10248	ENSG00000113905	HRG	histidine rich glycoprotein	NA	NA	NA
chr11	22459195	22459495	301	*	peak_5972	-1.38830169402171	3.4306089033739e-07	Intron (ENST00000812988.1/ENST00000812988.1, intron 1 of 1)	11	22489451	22510400	20950	1	105376588	ENST00000813104.1	-29956	ENSG00000255357	LOC105376588	uncharacterized LOC105376588	NA	NA	NA
chr7	46229489	46229779	291	*	peak_31186	-1.12291664947055	3.44019512429713e-07	Distal Intergenic	7	45990802	46024358	33557	2	105375264	ENST00000797156.1	-205131	NA	LOC105375264	uncharacterized LOC105375264	NA	NA	NA
chr19	2745618	2745967	350	*	peak_16636	-1.15366811770335	3.44261515091234e-07	Distal Intergenic	19	2717769	2740048	22280	2	29985	ENST00000586572.1	-5570	ENSG00000141873	SLC39A3	solute carrier family 39 member 3	NA	NA	NA
chr2	238774669	238774980	312	*	peak_20767	-1.30796124356664	3.45140707655314e-07	Intron (ENST00000653275.2/ENST00000653275.2, intron 1 of 1)	2	238711224	238722543	11320	2	105373963	ENST00000652430.2	-52126	NA	LOC105373963	uncharacterized LOC105373963	NA	NA	NA
chr9	1355058	1355351	294	*	peak_33843	-1.33701942834755	3.47402551214594e-07	Intron (ENST00000822116.1/102723803, intron 6 of 6)	9	1310938	1367055	56118	1	102723803	ENST00000822118.1	44120	NA	LOC102723803	uncharacterized LOC102723803	NA	NA	NA
chr16	53142860	53143239	380	*	peak_12550	-1.16460119108758	3.47498285180561e-07	Intron (ENST00000447540.6/80205, intron 1 of 38)	16	53131134	53156248	25115	1	80205	ENST00000563410.1	11726	ENSG00000177200	CHD9	chromodomain helicase DNA binding protein 9	NA	NA	NA
chr3	40152613	40153060	448	*	peak_25424	-1.07263249272502	3.49590684172841e-07	Intron (ENST00000444716.5/25924, intron 4 of 16)	3	40100011	40260313	160303	1	25924	ENST00000539167.2	52602	ENSG00000170011	MYRIP	myosin VIIA and Rab interacting protein	NA	NA	NA
chr2	130319470	130319921	452	*	peak_20086	-1.05430715472575	3.52439599346617e-07	Distal Intergenic	2	130338247	130342135	3889	2	84317	ENST00000465315.1	22214	ENSG00000136710	VMA22	vacuolar ATPase assembly factor VMA22	NA	NA	NA
chr2	215756252	215756516	265	*	peak_20350	-1.01086032959275	3.60000764025408e-07	Intron (ENST00000445174.5/646324, intron 1 of 9)	2	215658072	215761769	103698	2	646324	ENST00000767151.1	5253	ENSG00000235770	LINC00607	long intergenic non-protein coding RNA 607	NA	NA	NA
chr5	135524620	135524940	321	*	peak_28695	-1.59249309054533	3.65015780032266e-07	Intron (ENST00000698884.1/153328, intron 3 of 5)	5	135534282	135535964	1683	2	4762	ENST00000314744.6	11024	ENSG00000181965	NEUROG1	neurogenin 1	NA	NA	NA
chr8	36445691	36446036	346	*	peak_32253	-1.36152109151549	3.70107548151794e-07	Intron (ENST00000656455.2/ENST00000656455.2, intron 4 of 6)	8	36176585	36193866	17282	1	105379370	ENST00000723854.1	269106	NA	LOC105379370	uncharacterized LOC105379370	NA	NA	NA
chr6	439768	440047	280	*	peak_29334	-1.14990125903054	3.72825925344124e-07	Distal Intergenic	6	391777	396085	4309	1	3662	ENST00000469834.2	47991	ENSG00000137265	IRF4	interferon regulatory factor 4	NA	NA	NA
chr5	78638445	78638794	350	*	peak_28358	-1.35660931599947	3.73038849663095e-07	Intron (ENST00000380345.7/10184, intron 1 of 4)	5	78624817	78642162	17346	2	10184	ENST00000515349.1	3368	ENSG00000145685	LHFPL2	LHFPL tetraspan subfamily member 2	NA	NA	NA
chr12	94109206	94109601	396	*	peak_8291	-1.01562708367483	3.75385377230492e-07	Intron (ENST00000786512.1/124902986, intron 1 of 1)	12	94101640	94126473	24834	1	124902986	ENST00000786514.1	7566	ENSG00000302422	LOC124902986	uncharacterized LOC124902986	NA	NA	NA
chr15	74535443	74535806	364	*	peak_10901	-1.02145625512031	3.782608555179e-07	Exon (ENST00000762112.1/124903528, exon 2 of 2)	15	74538772	74540985	2214	2	124903528	ENST00000762114.1	5179	ENSG00000299272	LOC124903528	uncharacterized LOC124903528	NA	NA	NA
chr9	87382818	87383122	305	*	peak_34176	-1.03958571156278	3.81637813532066e-07	Intron (ENST00000804158.1/105376126, intron 1 of 2)	9	87281897	87385439	103543	2	105376126	ENST00000804163.1	2317	NA	LOC105376126	uncharacterized LOC105376126	NA	NA	NA
chr21	28135323	28136004	682	*	peak_22611	-1.13542120205136	3.82275156119865e-07	Exon (ENST00000426534.2/284825, exon 4 of 5)	21	28130119	28135572	5454	1	284825	ENST00000609782.1	5204	ENSG00000232079	LINC01697	long intergenic non-protein coding RNA 1697	NA	NA	NA
chr2	16409708	16409998	291	*	peak_18341	-1.08152043659686	3.82761283678123e-07	Intron (ENST00000425176.6/107985855, intron 2 of 2)	2	16392191	16432704	40514	1	107985855	ENST00000766121.1	17517	NA	LOC107985855	uncharacterized LOC107985855	NA	NA	NA
chr9	89680451	89680933	483	*	peak_34239	-1.02929815178896	3.9132741856819e-07	Intron (ENST00000617436.3/100129066, intron 3 of 5)	9	89671116	89673107	1992	1	100129066	ENST00000718863.1	9335	ENSG00000237372	LINC03062	long intergenic non-protein coding RNA 3062	NA	NA	NA
chr2	60958778	60959090	313	*	peak_18991	-1.30340751261965	3.93115849861424e-07	Intron (ENST00000407787.6/150962, intron 11 of 17)	2	60940446	60964107	23662	2	150962	ENST00000718444.1	5017	ENSG00000162927	PUS10	pseudouridine synthase 10	NA	NA	NA
chr7	134685310	134685565	256	*	peak_31803	-1.05974725323068	3.95146743060452e-07	Intron (ENST00000422042.1/ENST00000422042.1, intron 1 of 2)	7	134660421	134661741	1321	1	669	ENST00000443095.1	24889	ENSG00000172331	BPGM	bisphosphoglycerate mutase	NA	NA	NA
chr14	66015528	66016078	551	*	peak_9610	-1.06396087021012	3.96011620075661e-07	Intron (ENST00000775366.1/ENST00000775366.1, intron 2 of 2)	14	66111557	66128052	16496	1	105370540	ENST00000666006.1	-95479	ENSG00000258502	LINC02290	long intergenic non-protein coding RNA 2290	NA	NA	NA
chr4	4453996	4454304	309	*	peak_27329	-1.21464818773611	3.96011620075661e-07	Intron (ENST00000505286.5/53407, intron 5 of 10)	4	4419943	4461937	41995	2	53407	ENST00000503861.5	7633	ENSG00000168818	STX18	syntaxin 18	NA	NA	NA
chr6	38814622	38815075	454	*	peak_29780	-1.06566862274053	3.96371156582095e-07	Intron (ENST00000327475.11/1769, intron 25 of 92)	6	38822307	38822404	98	2	124900223	ENST00000391284.1	7329	ENSG00000212586	LOC124900223	small nucleolar RNA SNORA8	NA	NA	NA
chr12	119231205	119231541	337	*	peak_8510	-1.09869233968747	3.96454960077369e-07	Intron (ENST00000847924.1/105370025, intron 3 of 4)	12	119225834	119259017	33184	2	105370025	ENST00000536009.1	27476	NA	LOC105370025	uncharacterized LOC105370025	NA	NA	NA
chr13	108991433	108991627	195	*	peak_9171	-1.48242729239041	3.97709242561982e-07	Intron (ENST00000356711.7/23026, intron 20 of 34)	13	109101261	109101919	659	2	100874067	ENST00000412809.1	110292	NA	MYO16-AS2	MYO16 antisense RNA 2	NA	NA	NA
chr2	201675397	201675751	355	*	peak_20309	-1.11083577687861	4.13387717447308e-07	Intron (ENST00000315506.11/58538, intron 10 of 17)	2	201645156	201694057	48902	2	58538	ENST00000447335.6	18306	ENSG00000082126	MPP4	MAGUK p55 scaffold protein 4	NA	NA	NA
chr22	48832661	48832983	323	*	peak_24781	-1.06890112416375	4.1383136789613e-07	Intron (ENST00000336769.9/25817, intron 3 of 3)	22	48866770	48898386	31617	1	100128946	ENST00000380981.3	-33787	ENSG00000205632	LINC01310	long intergenic non-protein coding RNA 1310	NA	NA	NA
chr3	183158552	183158833	282	*	peak_26916	-1.0177907957975	4.14822602332735e-07	Intron (ENST00000265598.8/27074, intron 1 of 5)	3	183123925	183162015	38091	2	27074	ENST00000466939.1	3182	ENSG00000078081	LAMP3	lysosomal associated membrane protein 3	NA	NA	NA
chrX	133229348	133229664	317	*	peak_35307	-1.33358359469083	4.17482648514224e-07	Distal Intergenic	23	133216662	133218354	1693	2	51270	ENST00000310125.5	-10994	ENSG00000183434	TFDP3	transcription factor Dp family member 3	NA	NA	NA
chr7	111865566	111865888	323	*	peak_31733	-1.11582987729692	4.20261848596568e-07	Intron (ENST00000423057.6/9732, intron 6 of 35)	7	111869460	111872347	2888	2	9732	ENST00000492532.1	6459	ENSG00000128512	DOCK4	dedicator of cytokinesis 4	NA	NA	NA
chr3	125688870	125689232	363	*	peak_26370	-1.55747285160183	4.22149525263927e-07	Intron (ENST00000805499.1/ENST00000805499.1, intron 2 of 2)	3	125758965	125797953	38989	1	112267908	ENST00000773771.1	-69733	NA	LOC112267908	translation initiation factor IF-2-like	NA	NA	NA
chr6	67881143	67881432	290	*	peak_30026	-1.34714197065537	4.25296497332216e-07	Exon (ENST00000652869.1/ENST00000652869.1, exon 3 of 3)	6	67884041	67986503	102463	1	105377845	ENST00000661401.1	-2609	NA	LOC105377845	uncharacterized LOC105377845	NA	NA	NA
chr1	235568072	235568408	337	*	peak_3436	-1.10369014468841	4.44697772876254e-07	Intron (ENST00000391854.7/2786, intron 3 of 3)	1	235551754	235588959	37206	2	2786	ENST00000484517.2	20551	ENSG00000168243	GNG4	G protein subunit gamma 4	NA	NA	NA
chr20	16222856	16223180	325	*	peak_21201	-1.00063366622377	4.47488859327461e-07	Intron (ENST00000669729.1/124904874, intron 2 of 3)	20	16180322	16243704	63383	2	124904874	ENST00000770392.1	20524	NA	LOC124904874	uncharacterized LOC124904874	NA	NA	NA
chr18	37900506	37900894	389	*	peak_16349	-1.00507192521974	4.48888787063464e-07	Distal Intergenic	18	37734417	37774706	40290	2	105372073	ENST00000820022.1	-125800	NA	LOC105372073	uncharacterized LOC105372073	NA	NA	NA
chr6	114049447	114049871	425	*	peak_30096	-1.0227811972187	4.58772669738712e-07	Intron (ENST00000519104.5/101927768, intron 4 of 9)	6	114084506	114107860	23355	1	101927768	ENST00000765664.1	-34635	ENSG00000228624	HDAC2-AS2	HDAC2 and HS3ST5 antisense RNA 2	NA	NA	NA
chr6	17183009	17183529	521	*	peak_29432	-1.14236018227215	4.59337285420661e-07	Distal Intergenic	6	17127938	17131372	3435	1	401236	ENST00000366215.2	55071	ENSG00000230873	STMND1	stathmin domain containing 1	NA	NA	NA
chr22	33277793	33278395	603	*	peak_23895	-1.20987374973101	4.64468290089115e-07	Intron (ENST00000608642.6/9215, intron 11 of 11)	22	33166387	33221751	55365	2	9215	ENST00000421232.1	-56042	ENSG00000133424	LARGE1	LARGE xylosyl- and glucuronyltransferase 1	NA	NA	NA
chr16	73816938	73817226	289	*	peak_12941	-1.07434988333632	4.700518250543e-07	Intron (ENST00000641206.2/463, intron 1 of 17)	16	73812761	73815997	3237	1	105371342	ENST00000796914.1	4177	NA	LOC105371342	uncharacterized LOC105371342	NA	NA	NA
chr16	8852592	8852941	350	*	peak_11953	-1.00822455999724	4.70972530551428e-07	Intron (ENST00000683094.1/5373, intron 7 of 8)	16	8849339	8860417	11079	1	100130283	ENST00000565934.2	3253	ENSG00000140650	LOC100130283	uncharacterized LOC100130283	NA	NA	NA
chr15	78538371	78538768	398	*	peak_11082	-1.13738803776324	4.73696660669714e-07	Promoter (1-2kb)	15	78540405	78549037	8633	1	5685	ENST00000560217.5	-1637	ENSG00000041357	PSMA4	proteasome 20S subunit alpha 4	NA	NA	NA
chr19	43811920	43812303	384	*	peak_17594	-1.02708590050245	4.74037257428905e-07	Intron (ENST00000651184.1/284348, intron 1 of 5)	19	43798460	43820598	22139	2	284348	ENST00000594049.5	8295	ENSG00000159871	LYPD5	LY6/PLAUR domain containing 5	NA	NA	NA
chr11	124080522	124080994	473	*	peak_7333	-1.08937104712542	4.74341607670395e-07	Exon (ENST00000822034.1/ENST00000822034.1, exon 2 of 2)	11	124082354	124086671	4318	2	105369545	ENST00000837378.1	5677	ENSG00000308936	LOC105369545	uncharacterized LOC105369545	NA	NA	NA
chr2	18630635	18630931	297	*	peak_18370	-1.10229669326635	4.74858201198207e-07	Intron (ENST00000805686.1/105373456, intron 2 of 3)	2	18562932	18589572	26641	2	93034	ENST00000406971.6	-41063	ENSG00000185013	NT5C1B	5'-nucleotidase, cytosolic IB	NA	NA	NA
chr12	63525866	63526142	277	*	peak_8253	-1.15536672540303	4.8155881214387e-07	Distal Intergenic	12	63545651	63551594	5944	2	105369797	ENST00000846279.1	25452	NA	LOC105369797	uncharacterized LOC105369797	NA	NA	NA
chr8	57128106	57128377	272	*	peak_32431	-1.14378425648873	4.84060810210542e-07	Distal Intergenic	8	57142646	57240294	97649	1	100507651	ENST00000764421.1	-14269	ENSG00000253301	LINC01606	long intergenic non-protein coding RNA 1606	NA	NA	NA
chr16	68626539	68626912	374	*	peak_12886	-1.13213825331051	4.90901568887071e-07	Distal Intergenic	16	68630223	68630354	132	2	124903808	ENST00000516231.1	3442	ENSG00000252040	LOC124903808	small nucleolar RNA U109	NA	NA	NA
chr5	45018345	45018668	324	*	peak_28262	-1.0413401024744	4.93027461089738e-07	Distal Intergenic	5	44811985	44813629	1645	1	10884	ENST00000508129.1	206360	ENSG00000112996	MRPS30	mitochondrial ribosomal protein S30	NA	NA	NA
chr9	38111166	38111415	250	*	peak_34068	-1.00585999695235	4.94258749127436e-07	Distal Intergenic	9	38071427	38075385	3959	2	105376039	ENST00000736394.1	-35781	ENSG00000296098	LOC105376039	uncharacterized LOC105376039	NA	NA	NA
chr6	150927255	150927443	189	*	peak_30209	-1.46479102275187	4.94828041331771e-07	Intron (ENST00000611279.4/25902, intron 11 of 27)	6	150934968	150935566	599	1	101928788	ENST00000404372.1	-7525	NA	ARL4AP5	ADP ribosylation factor like GTPase 4A pseudogene 5	NA	NA	NA
chr1	47881084	47881403	320	*	peak_1848	-1.1083788072891	4.99795454790065e-07	Intron (ENST00000606738.3/388630, intron 2 of 6)	1	47775238	47994212	218975	2	388630	ENST00000435576.2	112809	ENSG00000269113	TRABD2B	TraB domain containing 2B	NA	NA	NA
chr7	82333325	82333694	370	*	peak_31561	-1.04621146437122	4.99795454790065e-07	Promoter (1-2kb)	7	81946447	82335210	388764	2	781	ENST00000705961.1	1516	ENSG00000153956	CACNA2D1	calcium voltage-gated channel auxiliary subunit alpha2delta 1	NA	NA	NA
chr20	41321581	41321884	304	*	peak_21711	-1.31723422217731	5.09848210510083e-07	Distal Intergenic	20	41178455	41317731	139277	2	23051	ENST00000683867.1	-3850	ENSG00000174306	ZHX3	zinc fingers and homeoboxes 3	NA	NA	NA
chr3	125714379	125714874	496	*	peak_26373	-1.19113697348108	5.15847280266923e-07	Distal Intergenic	3	125758965	125797953	38989	1	112267908	ENST00000773771.1	-44091	NA	LOC112267908	translation initiation factor IF-2-like	NA	NA	NA
chr20	55577888	55578339	452	*	peak_22053	-1.15010476774032	5.2716794438288e-07	Exon (ENST00000828126.1/105372676, exon 4 of 4)	20	55607844	55637480	29637	2	105372676	ENST00000828127.1	59141	ENSG00000287478	LOC105372676	uncharacterized LOC105372676	NA	NA	NA
chr3	127849236	127849695	460	*	peak_26559	-1.0484892587052	5.27863865210804e-07	Intron (ENST00000785485.1/105374096, intron 3 of 3)	3	127837436	127845499	8064	1	105374096	ENST00000661670.1	11800	NA	LOC105374096	uncharacterized LOC105374096	NA	NA	NA
chr10	78685736	78686221	486	*	peak_4533	-1.03968763772673	5.31211327667856e-07	Intron (ENST00000764443.1/105378379, intron 1 of 3)	10	78658675	78709350	50676	2	105378379	ENST00000764451.1	23129	NA	LOC105378379	uncharacterized LOC105378379	NA	NA	NA
chr16	8402106	8402614	509	*	peak_11938	-1.4854606833859	5.32715230703749e-07	Distal Intergenic	16	8526549	8532013	5465	2	283953	ENST00000562516.1	129399	ENSG00000232258	TMEM114	transmembrane protein 114	NA	NA	NA
chr12	28583799	28583961	163	*	peak_7876	-1.1704385898789	5.40934829375315e-07	Distal Intergenic	12	28452542	28573446	120905	1	55297	ENST00000542801.5	131257	ENSG00000123106	CCDC91	coiled-coil domain containing 91	NA	NA	NA
chr12	74431836	74432152	317	*	peak_8271	-1.23330614400166	5.46560225683965e-07	Intron (ENST00000716251.1/107987178, intron 2 of 6)	12	74199574	74402600	203027	2	124902967	ENST00000656876.1	-29236	NA	LOC124902967	uncharacterized LOC124902967	NA	NA	NA
chr2	205778413	205778800	388	*	peak_20329	-1.03352395041807	5.52361554038357e-07	3' UTR	2	205764337	205795121	30785	1	8828	ENST00000467850.1	14076	ENSG00000118257	NRP2	neuropilin 2	NA	NA	NA
chr20	37680476	37680742	267	*	peak_21666	-1.28268098031866	5.52770659606695e-07	Intron (ENST00000815582.1/100287792, intron 3 of 3)	20	37677410	37682126	4717	1	100287792	ENST00000815583.1	3066	ENSG00000204117	LOC100287792	uncharacterized LOC100287792	NA	NA	NA
chr4	158805621	158805962	342	*	peak_27863	-1.24350797421996	5.61233471927881e-07	Promoter (<=1kb)	4	158806094	158868586	62493	1	57600	ENST00000512986.5	-132	ENSG00000052795	FNIP2	folliculin interacting protein 2	NA	NA	NA
chr16	47973582	47974039	458	*	peak_12466	-1.01765879736709	5.63523022636164e-07	Intron (ENST00000771478.1/124903686, intron 1 of 1)	16	47966954	47971682	4729	1	105371238	ENST00000771339.1	6628	NA	LINC02134	long intergenic non-protein coding RNA 2134	NA	NA	NA
chr21	36792531	36792968	438	*	peak_22682	-1.0908459997694	5.67142090252154e-07	Intron (ENST00000674895.3/3141, intron 6 of 10)	21	36712566	36720587	8022	1	6493	ENST00000483178.2	79965	ENSG00000159263	SIM2	SIM bHLH transcription factor 2	NA	NA	NA
chr13	26247668	26248019	352	*	peak_9020	-1.08083508402148	5.68000431830504e-07	Intron (ENST00000767571.1/ENST00000767571.1, intron 1 of 2)	13	26254104	26405238	151135	1	1024	ENST00000536792.5	-6085	ENSG00000132964	CDK8	cyclin dependent kinase 8	NA	NA	NA
chr3	67610549	67610805	257	*	peak_26133	-1.39668548003664	5.80382972694862e-07	Intron (ENST00000493112.5/8801, intron 1 of 10)	3	67654585	67748468	93884	1	101927111	ENST00000671174.2	-43780	ENSG00000241316	SUCLG2-DT	SUCLG2 divergent transcript	NA	NA	NA
chr4	103075354	103075826	473	*	peak_27775	-1.18686612729732	5.94167467118126e-07	Promoter (<=1kb)	4	103019868	103076303	56436	2	133308	ENST00000362026.7	477	ENSG00000164038	SLC9B2	solute carrier family 9 member B2	NA	NA	NA
chr1	29938990	29939465	476	*	peak_1108	-1.04256498123563	5.99268579494555e-07	Distal Intergenic	1	30013952	30037612	23661	2	101929406	ENST00000445180.2	98147	ENSG00000233399	LINC01648	long intergenic non-protein coding RNA 1648	NA	NA	NA
chr15	72819474	72819852	379	*	peak_10839	-1.0411934652723	6.00761994173376e-07	Distal Intergenic	15	72797322	72798198	877	1	100287559	ENST00000733808.1	22152	ENSG00000260898	ADPGK-AS1	ADPGK antisense RNA 1	NA	NA	NA
chr1	225575996	225576256	261	*	peak_3298	-1.19301160680027	6.12965783981955e-07	Intron (ENST00000366843.7/55740, intron 1 of 13)	1	225519198	225580257	61060	2	55740	ENST00000391874.2	4001	ENSG00000154380	ENAH	ENAH actin regulator	NA	NA	NA
chr20	24142157	24142527	371	*	peak_21341	-1.20680753982066	6.14042616886347e-07	Intron (ENST00000669143.1/400839, intron 3 of 4)	20	24199766	24298484	98719	1	400839	ENST00000753591.1	-57239	ENSG00000230133	LINC01721	long intergenic non-protein coding RNA 1721	NA	NA	NA
chr12	12595902	12596207	306	*	peak_7800	-1.09201063742191	6.19874982690582e-07	Distal Intergenic	12	12611827	12637574	25748	1	1389	ENST00000540224.1	-15620	ENSG00000111269	CREBL2	cAMP responsive element binding protein like 2	NA	NA	NA
chr13	112521077	112521482	406	*	peak_9227	-1.04550891912149	6.20482786969688e-07	Intron (ENST00000261965.8/10426, intron 14 of 21)	13	112522320	112546203	23884	2	10426	ENST00000462580.1	24721	ENSG00000126216	TUBGCP3	tubulin gamma complex component 3	NA	NA	NA
chr16	69471011	69471392	382	*	peak_12897	-1.26691240563866	6.20687965425199e-07	Distal Intergenic	16	69458716	69466196	7481	1	80777	ENST00000692523.1	12295	ENSG00000103018	CYB5B	cytochrome b5 type B	NA	NA	NA
chr16	20761459	20761959	501	*	peak_12176	-1.39196268301378	6.24012804897473e-07	Intron (ENST00000568235.5/6296, intron 3 of 4)	16	20764014	20797581	33568	1	6296	ENST00000289416.10	-2055	ENSG00000005187	ACSM3	acyl-CoA synthetase medium chain family member 3	NA	NA	NA
chr7	55410580	55411304	725	*	peak_31306	-1.01174929571752	6.27032544725687e-07	Promoter (<=1kb)	7	55411360	55431322	19963	1	55915	ENST00000476479.1	-56	ENSG00000132434	LANCL2	LanC like glutathione S-transferase 2	NA	NA	NA
chr10	130443362	130443685	324	*	peak_5413	-1.12578510415073	6.45926357167224e-07	Intron (ENST00000648275.1/ENST00000648275.1, intron 1 of 1)	10	130301880	130305069	3190	1	124900609	ENST00000739878.1	141482	ENSG00000236303	LOC124900609	uncharacterized LOC124900609	NA	NA	NA
chr5	144633285	144633573	289	*	peak_28864	-1.28080912032963	6.50369422886464e-07	Distal Intergenic	5	144205277	144485686	280410	1	57528	ENST00000507359.3	428008	ENSG00000183775	KCTD16	potassium channel tetramerization domain containing 16	NA	NA	NA
chr18	75549369	75549714	346	*	peak_16475	-1.03815613523441	6.53947330905783e-07	Distal Intergenic	18	75506209	75521944	15736	2	105372202	ENST00000663697.2	-27425	NA	LOC105372202	uncharacterized LOC105372202	NA	NA	NA
chr14	95511766	95512240	475	*	peak_10002	-1.08957538921586	6.54084692187119e-07	Intron (ENST00000682763.1/161176, intron 1 of 17)	14	95516116	95517913	1798	1	101929107	ENST00000554161.2	-3876	ENSG00000258572	SYNE3-AS1	SYNE3 antisense RNA 1	NA	NA	NA
chr17	51732067	51732277	211	*	peak_14751	-1.21448520022795	6.55005298597397e-07	Intron (ENST00000570565.5/56934, intron 4 of 8)	17	51661593	51747788	86196	2	56934	ENST00000575097.1	15511	ENSG00000154975	CA10	carbonic anhydrase 10	NA	NA	NA
chr3	67608953	67609323	371	*	peak_26132	-1.04965654940345	6.62828361950568e-07	Intron (ENST00000493112.5/8801, intron 2 of 10)	3	67654585	67748468	93884	1	101927111	ENST00000671174.2	-45262	ENSG00000241316	SUCLG2-DT	SUCLG2 divergent transcript	NA	NA	NA
chr7	23216204	23216396	193	*	peak_30863	-1.18717631261945	6.64501903028595e-07	Distal Intergenic	7	23214015	23214863	849	1	101927890	ENST00000821254.1	2189	NA	LOC101927890	uncharacterized LOC101927890	NA	NA	NA
chr8	134544776	134545229	454	*	peak_32994	-1.00793028241429	6.88363410438584e-07	Intron (ENST00000520356.5/57623, intron 11 of 13)	8	134478025	134565671	87647	2	57623	ENST00000518408.5	20442	ENSG00000066827	ZFAT	zinc finger and AT-hook domain containing	NA	NA	NA
chr14	36604738	36605214	477	*	peak_9412	-1.09824146999721	6.953999637385e-07	Intron (ENST00000634305.1/ENST00000634305.1, intron 3 of 3)	14	36580004	36582614	2611	2	26257	ENST00000258829.6	-22124	ENSG00000136327	NKX2-8	NK2 homeobox 8	NA	NA	NA
chr9	32082825	32083153	329	*	peak_33880	-1.04184230883439	7.01997456785728e-07	Intron (ENST00000835650.1/124902137, intron 2 of 2)	9	31913608	31917029	3422	2	105376011	ENST00000835709.1	-165796	NA	LOC105376011	uncharacterized LOC105376011	NA	NA	NA
chr7	67269869	67270174	306	*	peak_31395	-1.14128702800638	7.05672142483452e-07	Intron (ENST00000828405.1/5382, intron 5 of 7)	7	67276941	67289005	12065	1	442572	ENST00000424157.4	-6767	ENSG00000230358	SPDYE21	speedy/RINGO cell cycle regulator family member E21	NA	NA	NA
chr14	87533641	87533914	274	*	peak_9907	-1.05773075754364	7.06724982384729e-07	Intron (ENST00000557070.1/105370610, intron 1 of 6)	14	87353070	87573022	219953	2	105370610	ENST00000557070.1	39108	NA	LINC02296	long intergenic non-protein coding RNA 2296	NA	NA	NA
chr3	158330949	158331178	230	*	peak_26883	-1.15853713642948	7.17137333496964e-07	Promoter (<=1kb)	3	158330292	158545166	214875	1	51319	ENST00000684353.1	657	ENSG00000174891	RSRC1	arginine and serine rich coiled-coil 1	NA	NA	NA
chr2	135559054	135559408	355	*	peak_20173	-1.07430271752465	7.17419187296299e-07	Intron (ENST00000483021.5/23518, intron 1 of 2)	2	135586250	135725268	139019	1	23518	ENST00000410054.5	-26842	ENSG00000048991	R3HDM1	R3H domain containing 1	NA	NA	NA
chr18	71665100	71665440	341	*	peak_16451	-1.13228138845969	7.19223274666551e-07	Exon (ENST00000582687.1/ENST00000582687.1, exon 1 of 1)	18	71642621	71646596	3976	1	105372186	ENST00000756739.1	22479	ENSG00000298599	LOC105372186	uncharacterized LOC105372186	NA	NA	NA
chr16	72189856	72190279	424	*	peak_12935	-1.26751472199646	7.23962356336739e-07	Distal Intergenic	16	72164786	72176878	12093	2	83449	ENST00000540440.1	-12978	ENSG00000118557	PMFBP1	polyamine modulated factor 1 binding protein 1	NA	NA	NA
chr3	69460066	69460428	363	*	peak_26136	-1.12360794869615	7.26477771174359e-07	Intron (ENST00000459638.5/23150, intron 1 of 5)	3	69333961	69433129	99169	2	23150	ENST00000497757.1	-26937	ENSG00000114541	FRMD4B	FERM domain containing 4B	NA	NA	NA
chr8	38579618	38580164	547	*	peak_32286	-1.04885586735844	7.3188076662782e-07	Distal Intergenic	8	38511667	38560939	49273	2	389649	ENST00000716413.1	-18679	ENSG00000196166	LINC03042	long intergenic non-protein coding RNA 3042	NA	NA	NA
chr22	46381195	46381475	281	*	peak_24648	-1.1775989477454	7.33192018989659e-07	Intron (ENST00000751638.1/ENST00000751638.1, intron 1 of 1)	22	46372913	46377624	4712	2	9620	ENST00000468025.1	-3571	ENSG00000075275	CELSR1	cadherin EGF LAG seven-pass G-type receptor 1	NA	NA	NA
chr6	155079988	155080270	283	*	peak_30224	-1.223771955297	7.33887317721611e-07	Intron (ENST00000461783.7/26230, intron 3 of 28)	6	155121916	155129810	7895	1	26230	ENST00000535583.1	-41646	ENSG00000146426	TIAM2	TIAM Rac1 associated GEF 2	NA	NA	NA
chr18	22467778	22468112	335	*	peak_16298	-1.03397437745008	7.35485441806397e-07	Distal Intergenic	18	22462719	22464939	2221	2	124904260	ENST00000736011.1	-2839	NA	LOC124904260	uncharacterized LOC124904260	NA	NA	NA
chr5	168267935	168268197	263	*	peak_29096	-1.15014408780658	7.37550300211681e-07	Promoter (1-2kb)	5	168229586	168269419	39834	2	101927862	ENST00000794963.1	1222	NA	TENM2-AS1	TENM2 antisense RNA 2	NA	NA	NA
chr20	38635772	38636177	406	*	peak_21681	-1.01733376615254	7.40701460802489e-07	Intron (ENST00000373345.9/343578, intron 6 of 14)	20	38626996	38650508	23513	1	343578	ENST00000243967.8	8776	ENSG00000124143	ARHGAP40	Rho GTPase activating protein 40	NA	NA	NA
chr18	10077903	10078337	435	*	peak_16158	-1.04073573293715	7.40816446167499e-07	Exon (ENST00000751533.1/ENST00000751533.1, exon 1 of 2)	18	10085838	10144406	58569	1	105371984	ENST00000685786.1	-7501	NA	LOC105371984	uncharacterized LOC105371984	NA	NA	NA
chr5	7635821	7636162	342	*	peak_28095	-1.04584059402123	7.40858743484783e-07	Intron (ENST00000338316.9/108, intron 4 of 24)	5	7611109	7695816	84708	1	108	ENST00000515681.1	24712	ENSG00000078295	ADCY2	adenylate cyclase 2	NA	NA	NA
chr5	77367780	77368074	295	*	peak_28354	-1.15344598012279	7.43207065214182e-07	Intron (ENST00000646262.1/8622, intron 12 of 23)	5	77325693	77351118	25426	1	8622	ENST00000503963.1	42087	ENSG00000113231	PDE8B	phosphodiesterase 8B	NA	NA	NA
chr1	116310294	116310614	321	*	peak_2406	-1.18398286365648	7.48826751652719e-07	Intron (ENST00000813531.1/105378920, intron 5 of 6)	1	116314558	116316174	1617	2	105378920	ENST00000813539.1	5560	ENSG00000287217	LOC105378920	uncharacterized LOC105378920	NA	NA	NA
chr1	7698585	7698994	410	*	peak_302	-1.11528639202847	7.61187898536777e-07	Exon (ENST00000602973.1/ENST00000602973.1, exon 1 of 1)	1	7700704	7702528	1825	2	105376689	ENST00000602916.2	3534	NA	LOC105376689	translation initiation factor IF-2	NA	NA	NA
chr15	23054125	23054509	385	*	peak_10184	-1.11948952546411	7.72134971861916e-07	Distal Intergenic	15	23000284	23039572	39289	2	114791	ENST00000620435.4	-14553	ENSG00000275835	TUBGCP5	tubulin gamma complex component 5	NA	NA	NA
chr20	647352	647791	440	*	peak_21034	-1.12966681240846	7.73044385733648e-07	3' UTR	20	646615	653200	6586	2	140809	ENST00000381962.4	5409	ENSG00000271303	SRXN1	sulfiredoxin 1	NA	NA	NA
chr4	25255632	25256091	460	*	peak_27558	-1.01650183762375	7.85668455473453e-07	Intron (ENST00000512921.4/55300, intron 3 of 9)	4	25234033	25279204	45172	1	55300	ENST00000264864.8	21599	ENSG00000038210	PI4K2B	phosphatidylinositol 4-kinase type 2 beta	NA	NA	NA
chr5	4586165	4586721	557	*	peak_28058	-1.06008993905209	7.85668455473453e-07	Intron (ENST00000743499.1/ENST00000743499.1, intron 1 of 4)	5	4436850	4440259	3410	2	124901168	ENST00000562127.1	-145906	ENSG00000260763	LOC124901168	uncharacterized LOC124901168	NA	NA	NA
chr7	24778842	24779289	448	*	peak_30867	-1.0044397976181	7.88878754316788e-07	Exon (ENST00000666237.1/1687, exon 3 of 3)	7	24761299	24769301	8003	2	1687	ENST00000749091.1	-9541	ENSG00000105928	GSDME	gasdermin E	NA	NA	NA
chr22	36533543	36533812	270	*	peak_23973	-1.10816110032113	7.89375351839352e-07	Distal Intergenic	22	36523115	36529184	6070	2	8664	ENST00000432675.4	-4359	ENSG00000100353	EIF3D	eukaryotic translation initiation factor 3 subunit D	NA	NA	NA
chr14	90003996	90004354	359	*	peak_9918	-1.10332414466623	8.04477970981176e-07	Intron (ENST00000554976.5/55775, intron 15 of 17)	14	89985159	90033616	48458	1	55775	ENST00000556063.1	18837	ENSG00000042088	TDP1	tyrosyl-DNA phosphodiesterase 1	NA	NA	NA
chr2	135563850	135564115	266	*	peak_20174	-1.116878078376	8.19116786323498e-07	Intron (ENST00000483021.5/23518, intron 1 of 2)	2	135586250	135725268	139019	1	23518	ENST00000410054.5	-22135	ENSG00000048991	R3HDM1	R3H domain containing 1	NA	NA	NA
chr2	42881715	42882082	368	*	peak_18835	-1.05667669974852	8.2164638059351e-07	Intron (ENST00000825116.1/ENST00000825116.1, intron 1 of 2)	2	42769887	42792593	22707	2	23498	ENST00000406924.6	-89122	ENSG00000162882	HAAO	3-hydroxyanthranilate 3,4-dioxygenase	NA	NA	NA
chr4	24924242	24924682	441	*	peak_27556	-1.07378920529309	8.31679784850338e-07	Intron (ENST00000389609.8/91050, intron 1 of 12)	4	24803514	24913042	109529	2	91050	ENST00000635206.3	-11200	ENSG00000181982	CCDC149	coiled-coil domain containing 149	NA	NA	NA
chr19	54272693	54272970	278	*	peak_17870	-1.22763976414856	8.32236213146449e-07	Distal Intergenic	19	54274466	54278544	4079	2	10288	ENST00000455108.5	5574	ENSG00000131042	LILRB2	leukocyte immunoglobulin like receptor B2	NA	NA	NA
chr15	39031211	39031465	255	*	peak_10312	-1.24573168019193	8.36579842917319e-07	Intron (ENST00000647456.1/105370775, intron 6 of 6)	15	39019233	39024918	5686	1	105370781	ENST00000560709.1	11978	ENSG00000259278	LOC105370781	uncharacterized LOC105370781	NA	NA	NA
chr6	170507890	170508182	293	*	peak_30524	-1.17662035412298	8.53745149290151e-07	Intron (ENST00000722532.1/105378157, intron 1 of 3)	6	170454915	170524867	69953	2	105378157	ENST00000722532.1	16685	NA	LOC105378157	uncharacterized LOC105378157	NA	NA	NA
chr16	77712556	77712792	237	*	peak_12993	-1.61281242627693	8.55684677590444e-07	Distal Intergenic	16	77722492	77742260	19769	1	283927	ENST00000613075.4	-9700	ENSG00000140876	NUDT7	nudix hydrolase 7	NA	NA	NA
chr14	49459895	49460300	406	*	peak_9425	-1.02354760601553	8.63393044489892e-07	Distal Intergenic	14	49525948	49550118	24171	2	107984701	ENST00000792095.1	89818	NA	LOC107984701	uncharacterized LOC107984701	NA	NA	NA
chr2	64291271	64291507	237	*	peak_19018	-1.05755139817634	8.64937238048891e-07	Exon (ENST00000717282.1/100507006, exon 6 of 6)	2	64250235	64252504	2270	1	100507006	ENST00000655199.1	41036	NA	LOC100507006	uncharacterized LOC100507006	NA	NA	NA
chr20	4100764	4101131	368	*	peak_21143	-1.11469829127969	8.67534075543955e-07	Distal Intergenic	20	4120980	4175104	54125	1	54498	ENST00000493223.1	-19849	ENSG00000088826	SMOX	spermine oxidase	NA	NA	NA
chr2	100709428	100709749	322	*	peak_19470	-1.0369823506442	8.68535367715962e-07	Distal Intergenic	2	100729414	100731567	2154	2	105375310	ENST00000752722.1	21818	NA	LOC105375310	uncharacterized LOC105375310	NA	NA	NA
chr22	42936244	42936625	382	*	peak_24367	-1.0259407314785	8.71221477386234e-07	Intron (ENST00000337959.8/11252, intron 1 of 9)	22	42890944	42945873	54930	2	11252	ENST00000418133.5	9248	ENSG00000100266	PACSIN2	protein kinase C and casein kinase substrate in neurons 2	NA	NA	NA
chr9	72046662	72047247	586	*	peak_34126	-1.11992259777727	8.73172269350135e-07	Intron (ENST00000772620.1/101927108, intron 1 of 4)	9	72035344	72090344	55001	1	101927108	ENST00000772620.1	11318	NA	LOC101927108	uncharacterized LOC101927108	NA	NA	NA
chr16	17397563	17397801	239	*	peak_12142	-1.01113313160043	8.84920552539365e-07	Intron (ENST00000261381.7/64131, intron 1 of 11)	16	17354672	17403501	48830	2	64131	ENST00000568226.5	5700	ENSG00000103489	XYLT1	xylosyltransferase 1	NA	NA	NA
chr22	50425569	50425839	271	*	peak_24895	-1.18916706184468	8.88555281295495e-07	Promoter (1-2kb)	22	50423605	50444371	20767	1	9701	ENST00000427222.2	1964	ENSG00000100239	PPP6R2	protein phosphatase 6 regulatory subunit 2	NA	NA	NA
chr15	52520212	52520678	467	*	peak_10473	-1.00653211462963	8.89169614187953e-07	Intron (ENST00000399231.8/4644, intron 1 of 40)	15	52313676	52528806	215131	2	4644	ENST00000692556.1	8128	ENSG00000197535	MYO5A	myosin VA	NA	NA	NA
chr8	87881190	87881394	205	*	peak_32521	-1.26577506052289	8.90370303839588e-07	Distal Intergenic	8	87870747	87874015	3269	2	138009	ENST00000319675.5	-7175	ENSG00000176566	DCAF4L2	DDB1 and CUL4 associated factor 4 like 2	NA	NA	NA
chr10	121356292	121356577	286	*	peak_5206	-1.11168295076289	8.98986977031284e-07	Distal Intergenic	10	121290734	121322918	32185	2	105378523	ENST00000778913.1	-33374	NA	LOC105378523	uncharacterized LOC105378523	NA	NA	NA
chr8	130588216	130588581	366	*	peak_32848	-1.27268648014648	9.03282318178083e-07	Intron (ENST00000779034.1/ENST00000779034.1, intron 2 of 3)	8	130052104	130443674	391571	2	50807	ENST00000518721.6	-144542	ENSG00000153317	ASAP1	ArfGAP with SH3 domain, ankyrin repeat and PH domain 1	NA	NA	NA
chr17	14337611	14338025	415	*	peak_13635	-1.0549978731447	9.05619596767774e-07	Intron (ENST00000360954.3/9953, intron 1 of 1)	17	14303854	14305505	1652	1	84815	ENST00000583262.1	33757	ENSG00000266709	MGC12916	uncharacterized protein MGC12916	NA	NA	NA
chr3	43254310	43254619	310	*	peak_25490	-1.0048346258274	9.0930947100849e-07	Distal Intergenic	3	43286512	43348838	62327	1	54861	ENST00000454177.5	-31893	ENSG00000163788	SNRK	SNF related kinase	NA	NA	NA
chr21	29763526	29763846	321	*	peak_22622	-1.31284832703779	9.13204799313647e-07	Exon (ENST00000455392.6/642976, exon 5 of 5)	21	29760394	29764002	3609	1	642976	ENST00000413131.1	3132	NA	GRIK1-AS1	GRIK1 antisense RNA 1	NA	NA	NA
chr8	65641658	65642051	394	*	peak_32464	-1.16579535601351	9.19532403211586e-07	Distal Intergenic	8	65644734	65704747	60014	1	9650	ENST00000523170.5	-2683	ENSG00000066855	MTFR1	mitochondrial fission regulator 1	NA	NA	NA
chr8	123952597	123953480	884	*	peak_32734	-1.01533897832386	9.22194177842671e-07	Intron (ENST00000522917.5/654463, intron 1 of 40)	8	123984138	124040782	56645	2	439941	ENST00000518567.1	87302	ENSG00000181171	FER1L6-AS1	FER1L6 antisense RNA 1	NA	NA	NA
chr7	63205185	63205486	302	*	peak_31338	-1.22249130041865	9.27649809866066e-07	Distal Intergenic	7	63175940	63176019	80	2	124901826	ENST00000362361.1	-29166	ENSG00000199231	LOC124901826	small nucleolar RNA U2-19	NA	NA	NA
chr1	22320408	22320708	301	*	peak_735	-1.34379397970737	9.31802097015523e-07	Intron (ENST00000788801.1/ENST00000788801.1, intron 1 of 1)	1	22266239	22266300	62	1	100616433	ENST00000581169.1	54169	ENSG00000266564	MIR4418	microRNA 4418	NA	NA	NA
chr17	64328992	64329575	584	*	peak_14980	-1.04634590346099	9.42191195783136e-07	Intron (ENST00000563924.6/5175, intron 15 of 15)	17	64363286	64370245	6960	2	5175	ENST00000568702.5	40670	ENSG00000261371	PECAM1	platelet and endothelial cell adhesion molecule 1	NA	NA	NA
chr20	18998231	18998747	517	*	peak_21237	-1.1937117896051	9.47813297020664e-07	Intron (ENST00000815938.1/102724734, intron 1 of 3)	20	18984029	19050732	66704	1	102724734	ENST00000815938.1	14202	ENSG00000306163	LOC102724734	uncharacterized LOC102724734	NA	NA	NA
chr6	56683997	56684224	228	*	peak_30017	-1.22317149926345	9.60232638544773e-07	Intron (ENST00000312431.10/667, intron 6 of 94)	6	56572127	56693303	121177	2	667	ENST00000652573.1	9079	ENSG00000151914	DST	dystonin	NA	NA	NA
chr1	204850304	204850760	457	*	peak_3093	-1.01359563060243	9.65058912930579e-07	Intron (ENST00000404977.6/23114, intron 1 of 25)	1	204870604	204945032	74429	1	23114	ENST00000493914.5	-19844	ENSG00000163531	NFASC	neurofascin	NA	NA	NA
chr4	71945727	71946269	543	*	peak_27703	-1.04106781911233	9.70948195640022e-07	Distal Intergenic	4	72031902	72147812	115911	1	10886	ENST00000344413.6	-85633	ENSG00000056291	NPFFR2	neuropeptide FF receptor 2	NA	NA	NA
chr12	2694092	2694469	378	*	peak_7545	-1.08036762758907	9.79353600300765e-07	3' UTR	12	2689863	2691200	1338	2	100652846	ENST00000544517.1	-2892	ENSG00000258325	CACNA1C-AS1	CACNA1C antisense RNA 1	NA	NA	NA
chr5	148905690	148905915	226	*	peak_28885	-1.03799802341131	9.81159139113723e-07	Distal Intergenic	5	148826611	148828623	2013	1	154	ENST00000305988.6	79079	ENSG00000169252	ADRB2	adrenoceptor beta 2	NA	NA	NA
chr11	34476910	34477207	298	*	peak_6013	-1.44281533391601	9.88635994483686e-07	Distal Intergenic	11	34470714	34471547	834	1	847	ENST00000534710.2	6196	ENSG00000121691	CAT	catalase	NA	NA	NA
chr2	227942118	227942396	279	*	peak_20507	-1.05073541425895	9.90504024913283e-07	Distal Intergenic	2	227889513	227895591	6079	1	164781	ENST00000472604.1	52605	ENSG00000123977	DAW1	dynein assembly factor with WD repeats 1	NA	NA	NA
chr8	80760744	80761097	354	*	peak_32508	-1.05710168301324	9.94998615852432e-07	Intron (ENST00000519936.2/619279, intron 2 of 8)	8	80665067	80814259	149193	2	619279	ENST00000520336.1	53162	ENSG00000164684	ZNF704	zinc finger protein 704	NA	NA	NA
chr11	132784379	132784799	421	*	peak_7385	-1.00916910967253	1.00356110794155e-06	Intron (ENST00000331898.11/4978, intron 1 of 6)	11	132657087	132943010	285924	2	4978	ENST00000525412.1	158211	ENSG00000183715	OPCML	opioid binding protein/cell adhesion molecule like	NA	NA	NA
chrX	71657277	71657583	307	*	peak_35279	-1.16887623536684	1.00951761620885e-06	Distal Intergenic	23	71662995	71663403	409	2	100129291	ENST00000793406.1	5820	ENSG00000291017	LOC100129291	chromosome X open reading frame 49 pseudogene	NA	NA	NA
chr9	89388032	89388434	403	*	peak_34213	-1.15198173336155	1.00968657643956e-06	Promoter (<=1kb)	9	89387172	89388726	1555	2	10507	ENST00000474258.1	292	ENSG00000187764	SEMA4D	semaphorin 4D	NA	NA	NA
chr10	11429210	11429742	533	*	peak_3515	-1.0350378880217	1.01282313822572e-06	Distal Intergenic	10	11444862	11468048	23187	1	105376411	ENST00000778990.1	-15120	NA	LOC105376411	uncharacterized LOC105376411	NA	NA	NA
chr17	30549287	30549559	273	*	peak_14017	-1.11517012637564	1.0402231105721e-06	Distal Intergenic	17	30553502	30562917	9416	1	26083	ENST00000578471.3	-3943	ENSG00000290404	TBC1D29P	TBC1 domain family member 29, pseudogene	NA	NA	NA
chr20	23002279	23002723	445	*	peak_21281	-1.14659887771569	1.04093157084386e-06	Promoter (1-2kb)	20	22999023	23000520	1498	2	101929707	ENST00000752822.1	-1759	NA	LOC101929707	uncharacterized LOC101929707	NA	NA	NA
chr5	9924676	9925113	438	*	peak_28115	-1.09914606979953	1.04622894256972e-06	Distal Intergenic	5	9862876	9903869	40994	2	50834	ENST00000746077.1	-20807	ENSG00000169777	TAS2R1	taste 2 receptor member 1	NA	NA	NA
chr19	43021702	43022009	308	*	peak_17570	-1.01792938709135	1.06146260747663e-06	Intron (ENST00000635495.1/127379750, intron 1 of 2)	19	43017231	43019047	1817	2	5680	ENST00000595312.1	-2655	ENSG00000243130	PSG11	pregnancy specific beta-1-glycoprotein 11	NA	NA	NA
chr4	176660664	176661018	355	*	peak_27878	-1.03827367652753	1.06265738449943e-06	Exon (ENST00000843310.1/ENST00000843310.1, exon 2 of 2)	4	176654177	176706143	51967	1	105377555	ENST00000843109.1	6487	ENSG00000248388	HAFML	HuR (ELAVL1) associated fibroblast migratory lncRNA	NA	NA	NA
chr10	14985183	14985727	545	*	peak_3541	-1.29036315749448	1.06441307953453e-06	Intron (ENST00000467536.1/644890, intron 1 of 2)	10	14972555	14988050	15496	1	644890	ENST00000467536.1	12628	ENSG00000197889	MEIG1	meiosis/spermiogenesis associated 1	NA	NA	NA
chr14	90840010	90840261	252	*	peak_9931	-1.19172277556636	1.07616151113134e-06	Distal Intergenic	14	90820060	90828274	8215	2	105370623	ENST00000825139.1	-11736	ENSG00000258884	LINC02321	long intergenic non-protein coding RNA 2321	NA	NA	NA
chr1	151611258	151611655	398	*	peak_2487	-1.07394545046663	1.08559768304345e-06	Promoter (<=1kb)	1	151612006	151693618	81613	1	81609	ENST00000642376.1	-351	ENSG00000143376	SNX27	sorting nexin 27	NA	NA	NA
chr2	235190273	235190543	271	*	peak_20666	-1.16568046991132	1.12208699081812e-06	Distal Intergenic	2	235177918	235188191	10274	1	124907998	ENST00000745316.1	12355	ENSG00000235293	LOC124907998	uncharacterized LOC124907998	NA	NA	NA
chr3	186207596	186207864	269	*	peak_26983	-1.30273687186157	1.12259586676673e-06	Intron (ENST00000265022.8/1608, intron 21 of 24)	3	186150165	186242637	92473	2	1608	ENST00000490452.5	34773	ENSG00000058866	DGKG	diacylglycerol kinase gamma	NA	NA	NA
chr15	84703126	84703571	446	*	peak_11198	-1.09088073472242	1.12337087609521e-06	Intron (ENST00000559729.5/23478, intron 1 of 4)	15	84669545	84716063	46519	2	23478	ENST00000558217.5	12492	ENSG00000140612	SEC11A	SEC11 homolog A, signal peptidase complex subunit	NA	NA	NA
chr1	199274067	199274481	415	*	peak_2922	-1.03688263032902	1.12588334746582e-06	Intron (ENST00000452199.1/400800, intron 3 of 3)	1	199148680	199181808	33129	1	400800	ENST00000834620.1	125387	ENSG00000231718	LINC02789	long intergenic non-protein coding RNA 2789	NA	NA	NA
chr3	95923577	95923892	316	*	peak_26188	-1.24047726740262	1.13797140832501e-06	Distal Intergenic	3	95668049	95722103	54055	2	100287639	ENST00000785187.1	-201474	ENSG00000293294	MTHFD2P1	methylenetetrahydrofolate dehydrogenase (NADP+ dependent) 2, methenyltetrahydrofolate cyclohydrolase pseudogene 1	NA	NA	NA
chr16	10805406	10805793	388	*	peak_11983	-1.01993982093761	1.14055779123027e-06	Intron (ENST00000572980.5/780776, intron 1 of 8)	16	10761226	10818600	57375	2	780776	ENST00000456096.6	12807	ENSG00000166676	TVP23A	trans-golgi network vesicle protein 23 homolog A	NA	NA	NA
chr10	47266673	47267062	390	*	peak_3886	-1.12938271425716	1.1425297984144e-06	Distal Intergenic	10	47300197	47313577	13381	1	2662	ENST00000580279.2	-33135	ENSG00000266524	GDF10	growth differentiation factor 10	NA	NA	NA
chr1	120064493	120064613	121	*	peak_2448	-1.27066163055835	1.14328061358004e-06	Intron (ENST00000256646.7/4853, intron 1 of 33)	1	120005505	120069363	63859	2	4853	ENST00000651371.1	4750	ENSG00000134250	NOTCH2	notch receptor 2	NA	NA	NA
chr1	65210852	65211102	251	*	peak_2102	-1.25959626572939	1.16647181390552e-06	Intron (ENST00000497030.5/205, intron 3 of 5)	1	65248219	65366194	117976	1	9829	ENST00000463018.5	-37117	ENSG00000116675	DNAJC6	DnaJ heat shock protein family (Hsp40) member C6	NA	NA	NA
chr10	72783355	72783585	231	*	peak_4418	-1.08073802213982	1.17453039521345e-06	Intron (ENST00000603649.5/90550, intron 4 of 4)	10	72721029	72721100	72	1	100616286	ENST00000583078.1	62326	ENSG00000266719	MIR4676	microRNA 4676	NA	NA	NA
chr10	119236707	119237045	339	*	peak_5167	-1.04583921345376	1.18872527637461e-06	Intron (ENST00000392870.3/2869, intron 1 of 15)	10	119208531	119211760	3230	1	101927868	ENST00000421206.1	28176	NA	GRK5-IT1	GRK5 intronic transcript 1	NA	NA	NA
chr8	37603934	37604254	321	*	peak_32262	-1.28709188330704	1.20876963003965e-06	Intron (ENST00000784043.1/100507420, intron 1 of 9)	8	37597391	37599862	2472	2	100507420	ENST00000784537.1	-4072	ENSG00000253161	LINC01605	long intergenic non-protein coding RNA 1605	NA	NA	NA
chr19	42913538	42913986	449	*	peak_17565	-1.18176070652689	1.21497803302861e-06	Intron (ENST00000402603.8/5675, intron 2 of 4)	19	42906636	42916398	9763	2	5675	ENST00000595062.1	2412	ENSG00000170848	PSG6	pregnancy specific beta-1-glycoprotein 6	NA	NA	NA
chr4	87989876	87990188	313	*	peak_27746	-1.01565312396153	1.23359395039689e-06	Intron (ENST00000662475.1/ENST00000662475.1, intron 1 of 2)	4	87979407	87983529	4123	1	6696	ENST00000682026.1	10469	ENSG00000118785	SPP1	secreted phosphoprotein 1	NA	NA	NA
chr1	159995414	159995720	307	*	peak_2707	-1.13958325729704	1.24278453301405e-06	Intron (ENST00000772283.1/100505633, intron 1 of 1)	1	159972548	159974064	1517	2	89886	ENST00000617915.1	-21350	ENSG00000162723	SLAMF9	SLAM family member 9	NA	NA	NA
chr5	95739935	95740256	322	*	peak_28376	-1.19404586703019	1.27280904549279e-06	Intron (ENST00000504949.1/22836, intron 3 of 5)	5	95736939	95763542	26604	1	22836	ENST00000502541.1	2996	ENSG00000164292	RHOBTB3	Rho related BTB domain containing 3	NA	NA	NA
chr4	109327503	109327842	340	*	peak_27786	-1.07335726778701	1.28449759519333e-06	Distal Intergenic	4	109303035	109316135	13101	1	645078	ENST00000500526.1	24468	ENSG00000246774	COL25A1-DT	COL25A1 divergent transcript	NA	NA	NA
chr10	50704812	50704925	114	*	peak_4035	-1.30896348593271	1.28721495694503e-06	Exon (ENST00000819584.1/ENST00000819584.1, exon 1 of 3)	10	50666670	50676917	10248	2	105378302	ENST00000795301.1	-27895	NA	LOC105378302	uncharacterized LOC105378302	NA	NA	NA
chr21	31787106	31787397	292	*	peak_22636	-1.09660392485218	1.2883575185893e-06	Distal Intergenic	21	31671000	31732118	61119	2	57466	ENST00000286835.12	-54988	ENSG00000156304	SCAF4	SR-related CTD associated factor 4	NA	NA	NA
chr17	69723328	69723590	263	*	peak_15094	-1.07644681453155	1.32344851182888e-06	Intron (ENST00000778376.1/101928122, intron 3 of 5)	17	69763677	69903000	139324	1	101928122	ENST00000587241.1	-40087	ENSG00000227517	LINC01483	long intergenic non-protein coding RNA 1483	NA	NA	NA
chr9	100377060	100377315	256	*	peak_34485	-1.38167456272525	1.33293386745464e-06	Intron (ENST00000757905.1/105376177, intron 2 of 2)	9	100353082	100393883	40802	1	105376177	ENST00000757918.1	23978	ENSG00000298775	LOC105376177	uncharacterized LOC105376177	NA	NA	NA
chr1	224092721	224092981	261	*	peak_3285	-1.32823093459643	1.33486957945847e-06	Distal Intergenic	1	224096620	224114024	17405	2	105373056	ENST00000719939.1	21043	NA	LOC105373056	uncharacterized LOC105373056	NA	NA	NA
chr9	85093698	85094079	382	*	peak_34162	-1.15683945287113	1.34245694902287e-06	Intron (ENST00000687386.1/4915, intron 16 of 16)	9	85030432	85040985	10554	2	105376118	ENST00000786075.1	-52713	NA	LOC105376118	uncharacterized LOC105376118	NA	NA	NA
chr5	109308428	109308769	342	*	peak_28395	-1.07945154178482	1.35989725203273e-06	Intron (ENST00000512693.1/285638, intron 3 of 3)	5	109278111	109321477	43367	2	285638	ENST00000654789.1	12708	ENSG00000249476	LOC285638	uncharacterized LOC285638	NA	NA	NA
chr9	37676640	37676866	227	*	peak_34040	-1.13167781494693	1.36738081037671e-06	Intron (ENST00000377765.8/22844, intron 1 of 15)	9	37669778	37707502	37725	1	22844	ENST00000359927.3	6862	ENSG00000070601	FRMPD1	FERM and PDZ domain containing 1	NA	NA	NA
chr6	16392695	16392979	285	*	peak_29429	-1.13675208239851	1.36791066780874e-06	Intron (ENST00000244769.8/6310, intron 7 of 8)	6	16328342	16328431	90	2	127903862	ENST00000683730.1	-64264	ENSG00000288708	LOC127903862	uncharacterized LOC127903862	NA	NA	NA
chr12	104501700	104502156	457	*	peak_8320	-1.00323074239968	1.38776755570504e-06	Intron (ENST00000303694.6/50515, intron 1 of 2)	12	104457001	104602147	145147	1	50515	ENST00000546689.1	44699	ENSG00000171310	CHST11	carbohydrate sulfotransferase 11	NA	NA	NA
chr12	108485250	108485647	398	*	peak_8350	-1.25873642198041	1.38916884630256e-06	Intron (ENST00000502160.6/102723562, intron 2 of 17)	12	108434130	108492585	58456	2	102723562	ENST00000502160.6	6938	ENSG00000247213	LINC01498	long intergenic non-protein coding RNA 1498	NA	NA	NA
chr6	3857726	3858172	447	*	peak_29362	-1.08478897387796	1.39765241493756e-06	Intron (ENST00000648025.2/26240, intron 1 of 4)	6	3847934	3850329	2396	2	107986557	ENST00000780717.1	-7397	NA	LOC107986557	uncharacterized LOC107986557	NA	NA	NA
chr3	31216809	31217131	323	*	peak_25319	-1.06276263837474	1.41480741017127e-06	Intron (ENST00000745771.1/105377018, intron 1 of 4)	3	31201363	31226434	25072	2	105377018	ENST00000745805.1	9303	NA	LOC105377018	uncharacterized LOC105377018	NA	NA	NA
chr4	158201388	158201841	454	*	peak_27860	-1.07249488028563	1.42838846368707e-06	Promoter (<=1kb)	4	158201604	158215313	13710	1	55314	ENST00000505049.5	0	ENSG00000164124	TMEM144	transmembrane protein 144	NA	NA	NA
chr17	22222298	22222534	237	*	peak_13903	-1.18989241319082	1.436805350319e-06	Distal Intergenic	17	22203582	22205156	1575	1	23666	ENST00000765027.1	18716	ENSG00000290919	UBBP4	ubiquitin B pseudogene 4	NA	NA	NA
chr2	100215431	100215876	446	*	peak_19455	-1.14932170434012	1.46811832400939e-06	Intron (ENST00000841887.1/150577, intron 1 of 4)	2	100208641	100254178	45538	1	150577	ENST00000841890.1	6790	ENSG00000232084	LINC01104	long intergenic non-protein coding RNA 1104	NA	NA	NA
chr6	119203302	119203684	383	*	peak_30102	-1.0343785437546	1.48856069319181e-06	Intron (ENST00000368468.4/4121, intron 7 of 12)	6	118959830	119149387	189558	2	79632	ENST00000352896.9	-53915	ENSG00000111879	FAM184A	family with sequence similarity 184 member A	NA	NA	NA
chr18	45962515	45962755	241	*	peak_16359	-1.15047958951206	1.5070381381837e-06	Intron (ENST00000696483.1/57724, intron 1 of 43)	18	45847609	45967239	119631	2	57724	ENST00000587884.2	4484	ENSG00000152223	EPG5	ectopic P-granules 5 autophagy tethering factor	NA	NA	NA
chr5	136032605	136032851	247	*	peak_28720	-1.01988054803645	1.50961229686389e-06	Intron (ENST00000504185.5/7045, intron 1 of 4)	5	136029139	136063665	34527	1	7045	ENST00000507018.5	3466	ENSG00000120708	TGFBI	transforming growth factor beta induced	NA	NA	NA
chr19	48214134	48214483	350	*	peak_17731	-1.04869744717882	1.51069807208692e-06	Exon (ENST00000595201.2/124904734, exon 3 of 3)	19	48203146	48218953	15808	2	22900	ENST00000518450.5	4470	ENSG00000105483	CARD8	caspase recruitment domain family member 8	NA	NA	NA
chr12	76920424	76920654	231	*	peak_8274	-1.08727193644263	1.52448417369441e-06	Distal Intergenic	12	76858842	76879023	20182	2	1466	ENST00000546966.5	-41401	ENSG00000175183	CSRP2	cysteine and glycine rich protein 2	NA	NA	NA
chr13	44143319	44143564	246	*	peak_9084	-1.24572437574837	1.55878840043721e-06	Promoter (<=1kb)	13	44142421	44240122	97702	1	101929212	ENST00000666499.1	898	ENSG00000227258	SMIM2-AS1	SMIM2 antisense RNA 1	NA	NA	NA
chr11	30554694	30554995	302	*	peak_5982	-1.1137341908562	1.56221311242052e-06	Intron (ENST00000448418.6/744, intron 2 of 6)	11	30451654	30536084	84431	2	744	ENST00000525519.1	-18610	ENSG00000066382	MPPED2	metallophosphoesterase domain containing 2	NA	NA	NA
chr14	73340737	73341047	311	*	peak_9752	-1.11406079985735	1.58591213624864e-06	Intron (ENST00000554546.5/8650, intron 4 of 10)	14	73275210	73355769	80560	2	8650	ENST00000355058.7	14722	ENSG00000133961	NUMB	NUMB endocytic adaptor protein	NA	NA	NA
chr6	155153193	155153616	424	*	peak_30226	-1.05551382877744	1.59023407972426e-06	Intron (ENST00000461783.7/26230, intron 9 of 28)	6	155149121	155257190	108070	1	26230	ENST00000528391.6	4072	ENSG00000146426	TIAM2	TIAM Rac1 associated GEF 2	NA	NA	NA
chr1	224481018	224481353	336	*	peak_3289	-1.17771776550212	1.63267993147292e-06	Intron (ENST00000471578.5/149111, intron 1 of 5)	1	224513688	224521221	7534	1	149111	ENST00000496372.1	-32335	ENSG00000143786	CNIH3	cornichon family AMPA receptor auxiliary protein 3	NA	NA	NA
chr6	19898891	19899258	368	*	peak_29435	-1.12224722278785	1.6387826994331e-06	Distal Intergenic	6	19837370	19842197	4828	1	3400	ENST00000378700.8	61521	ENSG00000172201	ID4	inhibitor of DNA binding 4	NA	NA	NA
chr6	123338381	123338768	388	*	peak_30108	-1.09939896824989	1.64446822613004e-06	Intron (ENST00000334268.9/10345, intron 21 of 40)	6	123389421	123471759	82339	1	101927990	ENST00000587106.6	-50653	ENSG00000235535	TRDN-AS1	TRDN antisense RNA 1	NA	NA	NA
chr7	138949581	138950043	463	*	peak_31815	-1.21064400878974	1.66091622179305e-06	Intron (ENST00000440172.5/57670, intron 1 of 19)	7	138831381	138981318	149938	2	57670	ENST00000440172.5	31275	ENSG00000122778	KIAA1549	KIAA1549	NA	NA	NA
chr2	115425778	115426038	261	*	peak_19677	-1.13960304355924	1.68507944436512e-06	Intron (ENST00000436732.5/57628, intron 4 of 4)	2	115440872	115739765	298894	1	57628	ENST00000488208.1	-14834	ENSG00000175497	DPP10	dipeptidyl peptidase like 10	NA	NA	NA
chr8	119749548	119749824	277	*	peak_32674	-1.31282023369212	1.70945239397851e-06	Promoter (1-2kb)	8	119731295	119747638	16344	2	6873	ENST00000526969.2	-1910	ENSG00000064313	TAF2	TATA-box binding protein associated factor 2	NA	NA	NA
chr2	202233354	202233658	305	*	peak_20311	-1.02864740144569	1.71017243152061e-06	5' UTR	2	202207031	202238462	31432	2	7341	ENST00000409205.5	4804	ENSG00000116030	SUMO1	small ubiquitin like modifier 1	NA	NA	NA
chr6	88547853	88548035	183	*	peak_30052	-1.32587119774892	1.71609372345768e-06	Distal Intergenic	6	88436733	88442940	6208	2	105377885	ENST00000745826.1	-104913	NA	LOC105377885	uncharacterized LOC105377885	NA	NA	NA
chr20	1061015	1061290	276	*	peak_21050	-1.15612696069648	1.72219942751476e-06	Exon (ENST00000778983.1/105372493, exon 2 of 3)	20	1113240	1182081	68842	1	9491	ENST00000652336.1	-51950	ENSG00000125818	PSMF1	proteasome inhibitor subunit 1	NA	NA	NA
chr13	98997953	98998257	305	*	peak_9151	-1.12800790205544	1.72439315995619e-06	Intron (ENST00000703210.1/23348, intron 1 of 54)	13	98793429	99015740	222312	2	23348	ENST00000703210.1	17483	ENSG00000088387	DOCK9	dedicator of cytokinesis 9	NA	NA	NA
chr1	242224959	242225530	572	*	peak_3460	-1.13075186857208	1.73416042380405e-06	Intron (ENST00000536534.7/200150, intron 4 of 9)	1	242235462	242265433	29972	2	200150	ENST00000474177.1	39903	ENSG00000180287	PLD5	phospholipase D family member 5	NA	NA	NA
chrX	71863677	71864146	470	*	peak_35280	-1.24975049554841	1.74759154335888e-06	Distal Intergenic	23	71823361	71823733	373	1	101060274	ENST00000738482.1	40316	NA	LOC101060274	uncharacterized protein CXorf49-like	NA	NA	NA
chr13	67912424	67913358	935	*	peak_9122	-1.3085350641876	1.75540949026082e-06	Intron (ENST00000789233.1/ENST00000789233.1, intron 1 of 2)	13	67798022	67858073	60052	2	105370251	ENST00000775040.1	-54351	NA	LOC105370251	uncharacterized LOC105370251	NA	NA	NA
chr13	29733343	29733609	267	*	peak_9041	-1.24695973094329	1.76058851756552e-06	Distal Intergenic	13	29647541	29659528	11988	1	102723345	ENST00000728648.1	85802	NA	LOC102723345	uncharacterized LOC102723345	NA	NA	NA
chr5	102485462	102485741	280	*	peak_28385	-1.28503593060355	1.78266083366462e-06	Intron (ENST00000506729.6/133482, intron 1 of 13)	5	102438541	102477697	39157	2	133482	ENST00000505739.1	-7765	ENSG00000205359	SLCO6A1	solute carrier organic anion transporter family member 6A1	NA	NA	NA
chr1	14333953	14334174	222	*	peak_501	-1.06202669204889	1.79128298795779e-06	Intron (ENST00000636203.1/23254, intron 2 of 16)	1	14348947	14351324	2378	2	105376762	ENST00000661309.1	17150	ENSG00000234593	KAZN-AS1	KAZN antisense RNA 1	NA	NA	NA
chr1	161027053	161027471	419	*	peak_2727	-1.20918597213847	1.79214091084149e-06	Intron (ENST00000289779.7/50848, intron 1 of 12)	1	161000720	161021175	20456	2	50848	ENST00000602966.1	-5878	ENSG00000158769	F11R	F11 receptor	NA	NA	NA
chr2	77860001	77860269	269	*	peak_19236	-1.24955848486631	1.79960094919144e-06	Intron (ENST00000667782.1/101927967, intron 3 of 6)	2	77652413	77824381	171969	2	101927967	ENST00000828171.1	-35620	NA	LOC101927967	uncharacterized LOC101927967	NA	NA	NA
chr3	123791265	123791729	465	*	peak_26334	-1.08834956020941	1.80600997410676e-06	Intron (ENST00000360772.7/4638, intron 5 of 33)	3	123614067	123793844	179778	2	4638	ENST00000686406.1	2115	ENSG00000065534	MYLK	myosin light chain kinase	NA	NA	NA
chr8	19298415	19298940	526	*	peak_32031	-1.00312518778181	1.81302523841336e-06	Intron (ENST00000777385.1/105379306, intron 2 of 3)	8	19313693	19396218	82526	1	63898	ENST00000265807.8	-14753	ENSG00000104611	SH2D4A	SH2 domain containing 4A	NA	NA	NA
chr4	56360075	56360487	413	*	peak_27659	-1.2841762669746	1.83344637227205e-06	Intron (ENST00000451613.5/132949, intron 5 of 11)	4	56382424	56384299	1876	2	132949	ENST00000514796.1	23812	ENSG00000157426	AASDH	aminoadipate-semialdehyde dehydrogenase	NA	NA	NA
chr18	11700346	11700562	217	*	peak_16182	-1.03648491358765	1.87528451503121e-06	Intron (ENST00000334049.11/2774, intron 1 of 11)	18	11689690	11702291	12602	1	2774	ENST00000585590.1	10656	ENSG00000141404	GNAL	G protein subunit alpha L	NA	NA	NA
chr5	120405966	120406219	254	*	peak_28444	-1.25438743958165	1.88398369511804e-06	Intron (ENST00000661834.1/ENST00000661834.1, intron 2 of 4)	5	120464300	120687314	223015	1	51334	ENST00000407149.7	-58081	ENSG00000184838	PRR16	proline rich 16	NA	NA	NA
chr3	58609873	58610224	352	*	peak_26103	-1.04568886150861	1.91079614847219e-06	Intron (ENST00000464125.1/105377108, intron 2 of 3)	3	58607093	58644491	37399	1	105377108	ENST00000649469.1	2780	ENSG00000244383	FAM3D-AS1	FAM3D antisense RNA 1	NA	NA	NA
chr1	203030646	203031150	505	*	peak_3021	-1.04596674305495	1.93683026840315e-06	Intron (ENST00000688357.1/8497, intron 1 of 29)	1	203034484	203078740	44257	1	8497	ENST00000447715.6	-3334	ENSG00000143847	PPFIA4	PTPRF interacting protein alpha 4	NA	NA	NA
chr12	8482972	8483426	455	*	peak_7754	-1.20332427354779	1.95788006421816e-06	Distal Intergenic	12	8509475	8520273	10799	1	338339	ENST00000382064.6	-26049	ENSG00000166527	CLEC4D	C-type lectin domain family 4 member D	NA	NA	NA
chr16	5168066	5168427	362	*	peak_11911	-1.02324135085018	1.97071337624993e-06	Intron (ENST00000765234.1/ENST00000765234.1, intron 2 of 2)	16	5215243	5220843	5601	2	105371066	ENST00000566684.2	52416	NA	LINC02164	long intergenic non-protein coding RNA 2164	NA	NA	NA
chr2	230472747	230473089	343	*	peak_20523	-1.01199967793161	2.00369158573593e-06	Promoter (<=1kb)	2	230473117	230498522	25406	1	6672	ENST00000492546.1	-28	ENSG00000067066	SP100	SP100 nuclear antigen	NA	NA	NA
chr1	64344360	64344576	217	*	peak_2098	-1.14327160765543	2.00640443552595e-06	Distal Intergenic	1	64369663	64370873	1211	1	105378774	ENST00000761626.1	-25087	ENSG00000299211	LOC105378774	uncharacterized LOC105378774	NA	NA	NA
chr4	107565972	107566197	226	*	peak_27782	-1.14330082648625	2.03377906509535e-06	Distal Intergenic	4	107590276	107631804	41529	2	9061	ENST00000514815.1	65607	ENSG00000138801	PAPSS1	3'-phosphoadenosine 5'-phosphosulfate synthase 1	NA	NA	NA
chr20	29491234	29491608	375	*	peak_21424	-1.24710034525796	2.06317185290106e-06	Intron (ENST00000737891.1/102723390, intron 2 of 5)	20	29480147	29497179	17033	2	102723390	ENST00000634469.1	5571	NA	FRG1EP	FSHD region gene 1 family member E, pseudogene	NA	NA	NA
chr11	83449517	83449852	336	*	peak_7136	-1.09656353713873	2.07991807085429e-06	Distal Intergenic	11	83459508	83462149	2642	2	1740	ENST00000529159.1	12297	ENSG00000150672	DLG2	discs large MAGUK scaffold protein 2	NA	NA	NA
chr6	136410999	136411252	254	*	peak_30138	-1.1514896666099	2.10433482024224e-06	Intron (ENST00000617204.4/9053, intron 3 of 17)	6	136343782	136466875	123094	2	9053	ENST00000544465.5	55623	ENSG00000135525	MAP7	microtubule associated protein 7	NA	NA	NA
chr13	46461554	46462308	755	*	peak_9093	-1.20561343353903	2.10924515684111e-06	Promoter (<=1kb)	13	46455132	46462026	6895	2	101929344	ENST00000648333.1	0	ENSG00000231817	LINC01198	long intergenic non-protein coding RNA 1198	NA	NA	NA
chr1	209873522	209873762	241	*	peak_3203	-1.04487213432986	2.12744501854521e-06	Distal Intergenic	1	209900923	209952756	51834	1	255928	ENST00000652023.1	-27161	ENSG00000143469	SYT14	synaptotagmin 14	NA	NA	NA
chr1	111491871	111492270	400	*	peak_2327	-1.06772370756137	2.18631614381055e-06	Intron (ENST00000369716.9/57413, intron 1 of 5)	1	111486639	111489690	3052	2	57413	ENST00000463993.1	-2181	ENSG00000121933	TMIGD3	transmembrane and immunoglobulin domain containing 3	NA	NA	NA
chr1	89608324	89608580	257	*	peak_2154	-1.07237530805223	2.2155159591327e-06	Intron (ENST00000443562.2/400761, intron 1 of 4)	1	89629725	89676386	46662	1	84230	ENST00000429074.1	-21145	ENSG00000171488	LRRC8C	leucine rich repeat containing 8 VRAC subunit C	NA	NA	NA
chr15	79037871	79038305	435	*	peak_11116	-1.0244384070804	2.24121210546977e-06	Intron (ENST00000558480.7/5923, intron 5 of 26)	15	78978380	79064663	86284	2	5923	ENST00000560334.5	26358	ENSG00000058335	RASGRF1	Ras protein specific guanine nucleotide releasing factor 1	NA	NA	NA
chr4	26736675	26737183	509	*	peak_27565	-1.30312388306275	2.24121210546977e-06	Intron (ENST00000502873.5/55296, intron 16 of 19)	4	26702309	26702388	80	1	124900179	ENST00000364129.1	34366	ENSG00000200999	LOC124900179	small nucleolar RNA SNORD74	NA	NA	NA
chr18	21672954	21673213	260	*	peak_16295	-1.00305589202419	2.26212459376266e-06	Intron (ENST00000289119.7/171586, intron 4 of 8)	18	21651693	21664534	12842	2	171586	ENST00000577564.1	-8420	ENSG00000158201	ABHD3	abhydrolase domain containing 3, phospholipase	NA	NA	NA
chr14	95839622	95839935	314	*	peak_10007	-1.2075493185498	2.26492564682948e-06	Intron (ENST00000670276.1/ENST00000670276.1, intron 1 of 1)	14	95866587	95923564	56978	1	100507043	ENST00000687554.1	-26652	ENSG00000250366	TUNAR	transmembrane neural differentiation associated intracellular calcium regulator	NA	NA	NA
chr3	4650664	4650922	259	*	peak_24934	-1.27445578084497	2.2658423646781e-06	Intron (ENST00000357086.10/3708, intron 10 of 58)	3	4644618	4649468	4851	1	3708	ENST00000650079.1	6046	ENSG00000150995	ITPR1	inositol 1,4,5-trisphosphate receptor type 1	NA	NA	NA
chr15	50778148	50778518	371	*	peak_10458	-1.04658232813596	2.31744026436289e-06	Distal Intergenic	15	50706767	50765948	59182	2	84888	ENST00000698134.1	-12200	ENSG00000138600	SPPL2A	signal peptide peptidase like 2A	NA	NA	NA
chr18	59829454	59829884	431	*	peak_16436	-1.21083761762442	2.40419029464866e-06	Distal Intergenic	18	59899996	59904305	4310	1	5366	ENST00000316660.7	-70112	ENSG00000141682	PMAIP1	phorbol-12-myristate-13-acetate-induced protein 1	NA	NA	NA
chr6	166409158	166409374	217	*	peak_30343	-1.30749059492272	2.42933530194427e-06	3' UTR	6	166412296	166423984	11689	2	6196	ENST00000509742.1	14610	ENSG00000071242	RPS6KA2	ribosomal protein S6 kinase A2	NA	NA	NA
chr3	129134807	129135129	323	*	peak_26657	-1.02797221219617	2.48260054636443e-06	3' UTR	3	129129791	129130703	913	2	57461	ENST00000471306.1	-4104	ENSG00000240682	ISY1	ISY1 splicing factor homolog	NA	NA	NA
chr17	27916749	27917206	458	*	peak_13939	-1.20765800451987	2.52249535460585e-06	Distal Intergenic	17	27929539	27934090	4552	2	105371708	ENST00000666961.1	16884	ENSG00000260019	LINC01992	long intergenic non-protein coding RNA 1992	NA	NA	NA
chr2	134490528	134490840	313	*	peak_20161	-1.03923511682603	2.55249398585965e-06	Promoter (1-2kb)	2	134491944	134496759	4816	1	124906076	ENST00000748150.1	-1104	ENSG00000297469	LOC124906076	uncharacterized LOC124906076	NA	NA	NA
chr3	177628379	177628630	252	*	peak_26904	-1.55785103503775	2.56049087834152e-06	Intron (ENST00000850231.1/100505566, intron 3 of 3)	3	177624282	177624409	128	2	124900562	ENST00000363418.1	-3970	ENSG00000200288	LOC124900562	small nucleolar RNA SNORA18	NA	NA	NA
chr4	14346303	14346598	296	*	peak_27535	-1.01765514547279	2.59926926481152e-06	Distal Intergenic	4	14359407	14518513	159107	1	105374496	ENST00000723358.1	-12809	NA	LOC105374496	uncharacterized LOC105374496	NA	NA	NA
chr10	48324665	48324895	231	*	peak_3919	-1.16411505490361	2.61957206905978e-06	Intron (ENST00000395611.7/5599, intron 1 of 11)	10	48308216	48410328	102113	1	5599	ENST00000476134.1	16449	ENSG00000107643	MAPK8	mitogen-activated protein kinase 8	NA	NA	NA
chr18	8553055	8553630	576	*	peak_16118	-1.09354699655751	2.62612704137832e-06	Distal Intergenic	18	8609437	8639383	29947	1	201475	ENST00000649141.2	-55807	ENSG00000206418	RAB12	RAB12, member RAS oncogene family	NA	NA	NA
chr11	32511939	32512210	272	*	peak_5990	-1.22037533864404	2.6400309139853e-06	Distal Intergenic	11	32583798	32596015	12218	1	10480	ENST00000531921.5	-71588	ENSG00000149100	EIF3M	eukaryotic translation initiation factor 3 subunit M	NA	NA	NA
chr16	77712868	77713474	607	*	peak_12994	-1.3445960651126	2.65081617043186e-06	Distal Intergenic	16	77722492	77742260	19769	1	283927	ENST00000613075.4	-9018	ENSG00000140876	NUDT7	nudix hydrolase 7	NA	NA	NA
chr13	109295086	109295495	410	*	peak_9175	-1.06599028931239	2.69009047993501e-06	Intron (ENST00000732275.1/105370357, intron 1 of 1)	13	109281990	109297690	15701	1	105370357	ENST00000732278.1	13096	ENSG00000223617	LINC00370	long intergenic non-protein coding RNA 370	NA	NA	NA
chr4	99346765	99347028	264	*	peak_27765	-1.00214893335658	2.70942800609711e-06	Exon (ENST00000515683.6/126, exon 3 of 9)	4	99342926	99352730	9805	2	126	ENST00000510055.5	5702	ENSG00000248144	ADH1C	alcohol dehydrogenase 1C (class I), gamma polypeptide	NA	NA	NA
chr2	126527607	126528026	420	*	peak_19887	-1.02005072093234	2.72581185441044e-06	Distal Intergenic	2	126656133	126658767	2635	1	2995	ENST00000484700.2	-128107	ENSG00000136732	GYPC	glycophorin C (Gerbich blood group)	NA	NA	NA
chr17	49162959	49163379	421	*	peak_14593	-1.05003710214081	2.7709086439799e-06	Intron (ENST00000504681.5/124872, intron 7 of 10)	17	49132967	49169874	36908	1	124872	ENST00000300404.2	29992	ENSG00000167080	B4GALNT2	beta-1,4-N-acetyl-galactosaminyltransferase 2 (SID blood group)	NA	NA	NA
chr4	159395506	159396031	526	*	peak_27864	-1.04316420823158	2.81929005892445e-06	Distal Intergenic	4	159352457	159353569	1113	1	9693	ENST00000509891.1	43049	ENSG00000109756	RAPGEF2	Rap guanine nucleotide exchange factor 2	NA	NA	NA
chr3	5252924	5253237	314	*	peak_24953	-1.06975304683818	2.82468337006298e-06	Exon (ENST00000482215.3/ENST00000482215.3, exon 1 of 1)	3	5250177	5250255	79	2	100616334	ENST00000577799.1	-2669	ENSG00000265180	MIR4790	microRNA 4790	NA	NA	NA
chr6	31433242	31433638	397	*	peak_29526	-1.09740535383354	2.83167490396892e-06	Intron (ENST00000673857.1/10866, intron 1 of 2)	6	31441643	31448726	7084	1	101929111	ENST00000812003.1	-8005	ENSG00000230174	LINC01149	long intergenic non-protein coding RNA 1149	NA	NA	NA
chr5	74139516	74139877	362	*	peak_28346	-1.08150881715919	2.85385903764558e-06	Intron (ENST00000663633.1/104310351, intron 2 of 2)	5	74034247	74103216	68970	2	105379036	ENST00000511395.2	-36300	ENSG00000248474	LINC02122	long intergenic non-protein coding RNA 2122	NA	NA	NA
chr3	99108614	99109012	399	*	peak_26197	-1.28420970656246	2.85581968826311e-06	Intron (ENST00000474798.2/124909399, intron 5 of 10)	3	98987387	98987449	63	1	124906343	ENST00000614961.1	121227	ENSG00000275108	LOC124906343	U7 small nuclear RNA	NA	NA	NA
chr15	84651326	84651647	322	*	peak_11193	-1.01327943518999	2.86301910118325e-06	Intron (ENST00000762213.1/54581, intron 3 of 3)	15	84646185	84653750	7566	2	84942	ENST00000560088.5	2103	ENSG00000177082	WDR73	WD repeat domain 73	NA	NA	NA
chr12	126545415	126545764	350	*	peak_8692	-1.14301167305622	2.92493116915257e-06	Intron (ENST00000773833.1/ENST00000773833.1, intron 1 of 2)	12	126469009	126470440	1432	1	100128554	ENST00000663560.1	76406	ENSG00000214043	LINC02347	long intergenic non-protein coding RNA 2347	NA	NA	NA
chr5	135249313	135249650	338	*	peak_28684	-1.1054773401738	2.93421095042416e-06	Promoter (1-2kb)	5	135246581	135248209	1629	2	340073	ENST00000782737.1	-1104	ENSG00000249647	LINC02900	long intergenic non-protein coding RNA 2900	NA	NA	NA
chr14	79543054	79543590	537	*	peak_9888	-1.02487414361365	2.94424143376848e-06	Intron (ENST00000634499.2/9369, intron 17 of 21)	14	79611418	79633311	21894	2	105370583	ENST00000553812.1	89721	NA	LOC105370583	uncharacterized LOC105370583	NA	NA	NA
chr17	58021805	58022067	263	*	peak_14826	-1.22269986880602	2.94424143376848e-06	Intron (ENST00000786269.1/ENST00000786269.1, intron 2 of 2)	17	58006242	58007346	1105	2	6426	ENST00000578430.1	-14459	ENSG00000136450	SRSF1	serine and arginine rich splicing factor 1	NA	NA	NA
chr12	13383330	13383743	414	*	peak_7821	-1.29068147847436	2.95920406230377e-06	Intron (ENST00000532841.5/283422, intron 1 of 1)	12	13375527	13387167	11641	2	283422	ENST00000532841.5	3424	ENSG00000180861	LINC01559	long intergenic non-protein coding RNA 1559	NA	NA	NA
chr8	108691128	108691443	316	*	peak_32631	-1.12356394922823	2.9716282235064e-06	Intron (ENST00000518838.1/157753, intron 1 of 3)	8	108606850	108787594	180745	2	157753	ENST00000518838.1	96151	ENSG00000164841	TMEM74	transmembrane protein 74	NA	NA	NA
chr5	77782987	77783193	207	*	peak_28356	-1.25656304782099	2.97265013951093e-06	Intron (ENST00000522370.1/6902, intron 1 of 3)	5	77691166	77776339	85174	2	6902	ENST00000380377.9	-6648	ENSG00000171530	TBCA	tubulin folding cofactor A	NA	NA	NA
chr10	60031829	60032161	333	*	peak_4055	-1.05164832172188	2.99951718615388e-06	Intron (ENST00000830353.1/ENST00000830353.1, intron 1 of 2)	10	60029691	60044803	15113	2	288	ENST00000489505.2	12642	ENSG00000151150	ANK3	ankyrin 3	NA	NA	NA
chr15	33559205	33559526	322	*	peak_10305	-1.22359339391399	3.06407620766135e-06	Intron (ENST00000415757.7/6263, intron 10 of 102)	15	33533322	33539181	5860	1	6263	ENST00000635875.1	25883	ENSG00000198838	RYR3	ryanodine receptor 3	NA	NA	NA
chr6	160260735	160261160	426	*	peak_30294	-1.06352768741649	3.15405536843937e-06	Promoter (1-2kb)	6	160216755	160258821	42067	2	6582	ENST00000366953.8	-1914	ENSG00000112499	SLC22A2	solute carrier family 22 member 2	NA	NA	NA
chr11	131747643	131748244	602	*	peak_7383	-1.14376613090235	3.19734420968947e-06	Intron (ENST00000374791.7/50863, intron 1 of 7)	11	131664916	131665668	753	1	50863	ENST00000775049.1	82727	ENSG00000182667	NTM	neurotrimin	NA	NA	NA
chr7	72268813	72269120	308	*	peak_31434	-1.22354431403497	3.30018381686991e-06	Intron (ENST00000329008.9/83698, intron 2 of 5)	7	71779491	72336995	557505	2	83698	ENST00000329008.9	67875	ENSG00000183166	CALN1	calneuron 1	NA	NA	NA
chr10	33892495	33892817	323	*	peak_3642	-1.32619445612253	3.43240818017123e-06	Distal Intergenic	10	33909238	33917804	8567	1	114515519	ENST00000434552.3	-16421	NA	LINC02629	long intergenic non-protein coding RNA 2629	NA	NA	NA
chr2	129016499	129016896	398	*	peak_20034	-1.01957507673567	3.47092523506291e-06	Distal Intergenic	2	129243151	129245050	1900	1	105373612	ENST00000762410.1	-226255	ENSG00000299294	LOC105373612	uncharacterized LOC105373612	NA	NA	NA
chr18	59038611	59039000	390	*	peak_16428	-1.56978328027613	3.47596433891642e-06	Promoter (1-2kb)	18	59036940	59057949	21010	1	390858	ENST00000725985.1	1671	NA	OACYLP	O-acyltransferase like, pseudogene	NA	NA	NA
chr11	94778668	94778893	226	*	peak_7150	-1.28305921660527	3.52275206992359e-06	Intron (ENST00000299004.13/154810, intron 3 of 4)	11	94768356	94876748	108393	1	154810	ENST00000433060.3	10312	ENSG00000166025	AMOTL1	angiomotin like 1	NA	NA	NA
chr7	117771935	117772288	354	*	peak_31744	-1.1936594942245	3.53940063972116e-06	Intron (ENST00000160373.8/83992, intron 8 of 22)	7	117760268	117767191	6924	2	83992	ENST00000467088.1	-4744	ENSG00000077063	CTTNBP2	cortactin binding protein 2	NA	NA	NA
chr9	72120470	72120845	376	*	peak_34128	-1.36945032820163	3.64934257013069e-06	Intron (ENST00000545168.5/9615, intron 1 of 13)	9	72114595	72252223	137629	1	9615	ENST00000545168.5	5875	ENSG00000119125	GDA	guanine deaminase	NA	NA	NA
chr5	57679245	57679605	361	*	peak_28299	-1.2087017213329	3.68490813429357e-06	Exon (ENST00000693349.1/101928505, exon 3 of 3)	5	57650672	57750243	99572	1	101928505	ENST00000688166.1	28573	ENSG00000287709	LOC101928505	uncharacterized LOC101928505	NA	NA	NA
chr9	73179608	73179898	291	*	peak_34130	-1.05146643487071	3.80480217451801e-06	Intron (ENST00000719116.1/105376081, intron 1 of 2)	9	73168098	73170393	2296	1	301	ENST00000491192.1	11510	ENSG00000135046	ANXA1	annexin A1	NA	NA	NA
chr2	217715186	217715668	483	*	peak_20370	-1.01440166315218	3.84197017841217e-06	Intron (ENST00000486365.6/729582, intron 1 of 12)	2	217703900	217756555	52656	2	729582	ENST00000423123.1	40887	ENSG00000231672	DIRC3	disrupted in renal carcinoma 3	NA	NA	NA
chr3	25816090	25816471	382	*	peak_25308	-1.09237239544259	3.86813474664597e-06	Distal Intergenic	3	25831226	25850098	18873	1	105377000	ENST00000821857.1	-14755	NA	LOC105377000	uncharacterized LOC105377000	NA	NA	NA
chr11	90219012	90219335	324	*	peak_7144	-1.16885000069343	4.03487018670374e-06	Intron (ENST00000320585.11/26973, intron 1 of 10)	11	90202407	90223030	20624	2	26973	ENST00000525317.5	3695	ENSG00000110172	CHORDC1	cysteine and histidine rich domain containing 1	NA	NA	NA
chr12	116898639	116899001	363	*	peak_8484	-1.21103922721293	4.06489404287932e-06	Intron (ENST00000752207.1/ENST00000752207.1, intron 1 of 1)	12	116910950	117031148	120199	1	26259	ENST00000652555.1	-11949	ENSG00000174989	FBXW8	F-box and WD repeat domain containing 8	NA	NA	NA
chr16	55836030	55836563	534	*	peak_12579	-1.12064504273747	4.07667879856399e-06	Distal Intergenic	16	55802854	55833337	30484	2	1066	ENST00000422046.6	-2693	ENSG00000198848	CES1	carboxylesterase 1	NA	NA	NA
chr12	29929841	29930313	473	*	peak_7886	-1.21665421553819	4.08579240324726e-06	Distal Intergenic	12	29879786	29892646	12861	1	105369716	ENST00000806270.1	50055	NA	LOC105369716	uncharacterized LOC105369716	NA	NA	NA
chr11	70791583	70792015	433	*	peak_6853	-1.05732574513284	4.08737840246518e-06	Intron (ENST00000601538.6/22941, intron 14 of 25)	11	70654146	70807074	152929	2	22941	ENST00000470759.5	15059	ENSG00000162105	SHANK2	SH3 and multiple ankyrin repeat domains 2	NA	NA	NA
chr18	22765874	22766218	345	*	peak_16300	-1.22364272101971	4.09704808840424e-06	Intron (ENST00000795025.1/124904262, intron 1 of 3)	18	22723491	22778173	54683	2	101927571	ENST00000579356.1	11955	ENSG00000266850	RBBP8-AS1	RBBP8 antisense RNA 1	NA	NA	NA
chr10	117881793	117882414	622	*	peak_5151	-1.13239870459963	4.11294569529516e-06	Distal Intergenic	10	118005756	118015110	9355	2	22841	ENST00000476207.1	132696	ENSG00000107560	RAB11FIP2	RAB11 family interacting protein 2	NA	NA	NA
chr2	3866907	3867199	293	*	peak_18104	-1.2938101764901	4.16942147160239e-06	Distal Intergenic	2	3844184	3847411	3228	1	728597	ENST00000451101.1	22723	ENSG00000214866	DCDC2C	doublecortin domain containing 2C	NA	NA	NA
chr16	11972193	11972597	405	*	peak_12070	-1.05973509535005	4.17058059365563e-06	Intron (ENST00000673243.1/729978, intron 1 of 9)	16	11930513	11976634	46122	2	729978	ENST00000538896.5	4037	ENSG00000234719	NPIPB2	nuclear pore complex interacting protein family member B2	NA	NA	NA
chr10	79869824	79870040	217	*	peak_4649	-1.27668478683002	4.1715484852609e-06	Distal Intergenic	10	79841358	79850876	9519	1	283008	ENST00000602967.5	28466	ENSG00000228570	NUTM2E	NUT family member 2E	NA	NA	NA
chr3	60073974	60074217	244	*	peak_26110	-1.20752737068666	4.19650530378817e-06	Intron (ENST00000492590.6/2272, intron 5 of 9)	3	59749702	60080840	331139	2	2272	ENST00000466788.1	6623	ENSG00000189283	FHIT	fragile histidine triad diadenosine triphosphatase	NA	NA	NA
chr10	117391909	117392201	293	*	peak_5140	-1.0059355379649	4.28660468525684e-06	Distal Intergenic	10	117277274	117375440	98167	2	118987	ENST00000334464.7	-16469	ENSG00000165650	PDZD8	PDZ domain containing 8	NA	NA	NA
chr22	32483886	32484264	379	*	peak_23876	-1.07130178722785	4.36889381052801e-06	3' UTR	22	32487288	32491113	3826	1	25793	ENST00000484607.1	-3024	ENSG00000100225	FBXO7	F-box protein 7	NA	NA	NA
chr10	117761119	117761600	482	*	peak_5149	-1.05846105333561	4.45314152750093e-06	Distal Intergenic	10	117734972	117753329	18358	1	102724627	ENST00000656183.1	26147	ENSG00000234952	LINC02674	long intergenic non-protein coding RNA 2674	NA	NA	NA
chr22	27312326	27312798	473	*	peak_23676	-1.07873221394719	4.51112723113047e-06	Promoter (1-2kb)	22	27310651	27317456	6806	1	100507657	ENST00000426467.1	1675	ENSG00000226741	LINC02554	long intergenic non-protein coding RNA 2554	NA	NA	NA
chr2	57842600	57842836	237	*	peak_18976	-1.0913061092796	4.52557962057501e-06	Intron (ENST00000811253.1/124907769, intron 1 of 2)	2	57746633	57882014	135382	2	105377628	ENST00000811313.1	39178	NA	LOC105377628	uncharacterized LOC105377628	NA	NA	NA
chr7	77714945	77715242	298	*	peak_31553	-1.29495326936613	4.52804476156906e-06	Intron (ENST00000334955.13/222194, intron 1 of 7)	7	77697151	77779682	82532	1	222194	ENST00000445288.5	17794	ENSG00000187257	RSBN1L	round spermatid basic protein 1 like	NA	NA	NA
chr19	35237144	35237555	412	*	peak_17276	-1.16077779697841	4.59814302749677e-06	Distal Intergenic	19	35224800	35228739	3940	2	148109	ENST00000324675.4	-8405	ENSG00000177558	FAM187B	family with sequence similarity 187 member B	NA	NA	NA
chr5	65931873	65932280	408	*	peak_28320	-1.06213064373683	4.63780313577729e-06	Intron (ENST00000699000.1/55914, intron 3 of 26)	5	65926757	66080804	154048	1	55914	ENST00000699012.1	5116	ENSG00000112851	ERBIN	erbb2 interacting protein	NA	NA	NA
chr17	73176685	73177162	478	*	peak_15161	-1.1206137393325	4.72695281921812e-06	Intron (ENST00000580671.1/6752, intron 1 of 2)	17	73165012	73169311	4300	1	6752	ENST00000579323.5	11673	ENSG00000180616	SSTR2	somatostatin receptor 2	NA	NA	NA
chr3	79038768	79038973	206	*	peak_26179	-1.17493466530419	4.73919237789675e-06	Intron (ENST00000464233.6/6091, intron 3 of 30)	3	78597246	79019459	422214	2	6091	ENST00000618846.4	-19309	ENSG00000169855	ROBO1	roundabout guidance receptor 1	NA	NA	NA
chr2	102915192	102915449	258	*	peak_19509	-1.1511943242621	4.74125993125649e-06	Intron (ENST00000639249.1/130827, intron 4 of 4)	2	102892591	102895780	3190	2	105373518	ENST00000670084.1	-19412	NA	LINC01796	long intergenic non-protein coding RNA 1796	NA	NA	NA
chr1	99119218	99119540	323	*	peak_2193	-1.04692808694184	4.75813347219147e-06	Intron (ENST00000425113.1/100129620, intron 1 of 2)	1	98890245	99227929	337685	2	163404	ENST00000696571.1	108389	ENSG00000117598	PLPPR5	phospholipid phosphatase related 5	NA	NA	NA
chr13	48646872	48647125	254	*	peak_9099	-1.13925854512715	4.85739446281428e-06	Distal Intergenic	13	48653711	48708176	54466	1	57105	ENST00000614739.4	-6586	ENSG00000152207	CYSLTR2	cysteinyl leukotriene receptor 2	NA	NA	NA
chr20	9578570	9578910	341	*	peak_21183	-1.3079136567637	4.93708882712779e-06	Intron (ENST00000353224.10/57144, intron 4 of 9)	20	9562941	9571333	8393	1	105372523	ENST00000657954.2	15629	NA	LOC105372523	uncharacterized LOC105372523	NA	NA	NA
chr6	26296791	26297322	532	*	peak_29441	-1.10401107262385	4.94863316411726e-06	Exon (ENST00000771597.1/124901287, exon 2 of 2)	6	26285818	26301331	15514	1	124901287	ENST00000771596.1	10973	NA	LOC124901287	uncharacterized LOC124901287	NA	NA	NA
chr10	28775612	28775913	302	*	peak_3604	-1.03622555301699	4.99488222251332e-06	Intron (ENST00000722416.1/101929218, intron 2 of 4)	10	28787496	28808148	20653	1	101929218	ENST00000665621.1	-11583	ENSG00000232624	LINC01517	long intergenic non-protein coding RNA 1517	NA	NA	NA
chr3	155282770	155283190	421	*	peak_26863	-1.06900608766037	5.11791646196908e-06	Distal Intergenic	3	155290227	155293683	3457	2	100507537	ENST00000489090.2	10493	ENSG00000240045	STRIT1	small transmembrane regulator of ion transport 1	NA	NA	NA
chr9	133626839	133627217	379	*	peak_34887	-1.0290872894684	5.18304474833252e-06	Intron (ENST00000564021.1/ENST00000564021.1, intron 1 of 1)	9	133636363	133659329	22967	1	1621	ENST00000393056.8	-9146	ENSG00000123454	DBH	dopamine beta-hydroxylase	NA	NA	NA
chr5	42631086	42631632	547	*	peak_28244	-1.05218688595367	5.34070898319968e-06	Intron (ENST00000230882.9/2690, intron 3 of 9)	5	42565864	42721878	156015	1	2690	ENST00000622294.2	65222	ENSG00000112964	GHR	growth hormone receptor	NA	NA	NA
chr6	145016016	145016360	345	*	peak_30162	-1.11900853249806	5.44321041256676e-06	Distal Intergenic	6	144839049	144846822	7774	1	7402	ENST00000460618.1	176967	ENSG00000152818	UTRN	utrophin	NA	NA	NA
chr6	170508974	170509470	497	*	peak_30525	-1.05445532724231	5.46926200541803e-06	Intron (ENST00000722532.1/105378157, intron 1 of 3)	6	170454915	170524867	69953	2	105378157	ENST00000722532.1	15397	NA	LOC105378157	uncharacterized LOC105378157	NA	NA	NA
chr8	26157510	26157753	244	*	peak_32172	-1.36753228680747	5.59736767754099e-06	Intron (ENST00000793841.1/105379336, intron 2 of 3)	8	26202321	26206779	4459	2	105379336	ENST00000793978.1	49026	NA	LOC105379336	uncharacterized LOC105379336	NA	NA	NA
chr1	200349549	200350115	567	*	peak_2923	-1.00288805097766	5.61308940915625e-06	Intron (ENST00000637430.1/124904480, intron 1 of 5)	1	200333193	200478022	144830	1	124904480	ENST00000637430.1	16356	NA	LOC124904480	uncharacterized LOC124904480	NA	NA	NA
chr12	128625246	128625694	449	*	peak_8725	-1.12976953272879	5.72462155802646e-06	Intron (ENST00000435159.3/92293, intron 4 of 8)	12	128793895	128801701	7807	2	121260	ENST00000545031.5	176007	ENSG00000139370	SLC15A4	solute carrier family 15 member 4	NA	NA	NA
chr2	218820332	218820694	363	*	peak_20418	-1.33285630390402	5.82549671395895e-06	Distal Intergenic	2	218823090	218823154	65	1	103504730	ENST00000635985.1	-2396	ENSG00000283639	MIR9500	microRNA 9500	NA	NA	NA
chr21	31342333	31342791	459	*	peak_22624	-1.12889165876003	5.82549671395895e-06	Promoter (1-2kb)	21	31118418	31344261	225844	2	7074	ENST00000541036.6	1470	ENSG00000156299	TIAM1	TIAM Rac1 associated GEF 1	NA	NA	NA
chr11	77560119	77560362	244	*	peak_7115	-1.14483506194314	5.92903570666143e-06	Intron (ENST00000526761.5/1207, intron 4 of 5)	11	77589391	77610009	20619	1	282679	ENST00000528638.1	-29029	ENSG00000178301	AQP11	aquaporin 11	NA	NA	NA
chr14	90632974	90633289	316	*	peak_9929	-1.21770440580981	5.97044390233068e-06	Intron (ENST00000328459.11/145567, intron 15 of 19)	14	90642603	90645135	2533	1	101928909	ENST00000553826.2	-9314	ENSG00000259163	TTC7B-AS1	TTC7B antisense RNA 1	NA	NA	NA
chr3	179528790	179529191	402	*	peak_26911	-1.04528976037567	5.9843677409189e-06	Intron (ENST00000727849.1/ENST00000727849.1, intron 1 of 1)	3	179562886	179588407	25522	1	86	ENST00000450518.6	-33695	ENSG00000136518	ACTL6A	actin like 6A	NA	NA	NA
chr18	8404218	8404545	328	*	peak_16110	-1.21027180681013	5.99395879181735e-06	Exon (ENST00000578897.1/ENST00000578897.1, exon 1 of 1)	18	8399701	8406664	6964	1	5797	ENST00000580949.1	4517	ENSG00000173482	PTPRM	protein tyrosine phosphatase receptor type M	NA	NA	NA
chr6	117257483	117257794	312	*	peak_30098	-1.29518936824418	5.99488336281049e-06	Distal Intergenic	6	117261335	117264840	3506	2	105377964	ENST00000666126.2	7046	NA	LOC105377964	uncharacterized LOC105377964	NA	NA	NA
chr15	75036316	75036610	295	*	peak_10921	-1.17501298558479	6.19598097014246e-06	Intron (ENST00000568207.5/60490, intron 2 of 3)	15	75043275	75049738	6464	1	60490	ENST00000563393.1	-6665	ENSG00000138621	PPCDC	phosphopantothenoylcysteine decarboxylase	NA	NA	NA
chr2	2172190	2172516	327	*	peak_18042	-1.00216885695072	6.21821621557566e-06	Promoter (<=1kb)	2	1979686	2172949	193264	2	23040	ENST00000648148.1	433	ENSG00000186487	MYT1L	myelin transcription factor 1 like	NA	NA	NA
chr11	30195084	30195503	420	*	peak_5981	-1.00631734811154	6.32097935907449e-06	Intron (ENST00000662729.1/105376607, intron 3 of 4)	11	30044053	30161019	116967	2	105376607	ENST00000669123.1	-34065	ENSG00000254532	ARL14EP-DT	ARL14EP divergent transcript	NA	NA	NA
chr3	127519291	127519545	255	*	peak_26529	-1.03724717783647	6.36937124065626e-06	Intron (ENST00000721161.1/ENST00000721161.1, intron 2 of 2)	3	127480696	127522618	41923	2	101927149	ENST00000661192.1	3073	ENSG00000239921	LINC01471	long intergenic non-protein coding RNA 1471	NA	NA	NA
chr17	20043060	20043371	312	*	peak_13852	-1.07592186714725	6.46400139735189e-06	Intron (ENST00000676570.1/92521, intron 1 of 7)	17	20056287	20056630	344	1	100131943	ENST00000434406.1	-12916	NA	LOC100131943	uncharacterized LOC100131943	NA	NA	NA
chr4	12761491	12762056	566	*	peak_27533	-1.15081318985723	6.47569779003532e-06	Distal Intergenic	4	12469569	12609692	140124	2	105374492	ENST00000808835.1	-151799	NA	LOC105374492	uncharacterized LOC105374492	NA	NA	NA
chr6	14820863	14821200	338	*	peak_29422	-1.06956095188748	6.50510886814093e-06	Intron (ENST00000629853.3/105374945, intron 2 of 3)	6	14431376	14790099	358724	2	105374942	ENST00000729738.1	-30764	NA	LOC105374942	uncharacterized LOC105374942	NA	NA	NA
chr8	138075245	138075505	261	*	peak_33046	-1.02886434931498	6.51156509631771e-06	Intron (ENST00000789893.1/ENST00000789893.1, intron 2 of 2)	8	137809444	138083570	274127	2	401478	ENST00000518973.1	8065	NA	LOC401478	uncharacterized LOC401478	NA	NA	NA
chr3	70855226	70855451	226	*	peak_26140	-1.00360562438609	6.62578921652308e-06	Distal Intergenic	3	70959191	70966352	7162	2	27086	ENST00000460805.5	110901	ENSG00000114861	FOXP1	forkhead box P1	NA	NA	NA
chr14	76994323	76994733	411	*	peak_9846	-1.1407350739207	6.76462378665244e-06	Intron (ENST00000647580.1/ENST00000647580.1, intron 1 of 1)	14	77027750	77086720	58971	1	283575	ENST00000793445.1	-33017	ENSG00000246548	LINC02288	long intergenic non-protein coding RNA 2288	NA	NA	NA
chr22	41778081	41778290	210	*	peak_24288	-1.16217953212136	6.81190583436735e-06	Promoter (1-2kb)	22	41776111	41784360	8250	1	150365	ENST00000498456.1	1970	ENSG00000167077	MEI1	meiotic double-stranded break formation protein 1	NA	NA	NA
chr14	31090674	31091030	357	*	peak_9391	-1.04148128027437	6.86590623250773e-06	Intron (ENST00000557346.6/11154, intron 5 of 5)	14	31100597	31101392	796	2	25831	ENST00000556281.1	10362	ENSG00000092148	HECTD1	HECT domain E3 ubiquitin protein ligase 1	NA	NA	NA
chr5	80971464	80971704	241	*	peak_28365	-1.32062424488118	6.96862793658685e-06	Intron (ENST00000265080.9/5924, intron 1 of 26)	5	80947689	80961357	13669	2	102524628	ENST00000772315.1	-10107	NA	RASGRF2-AS1	RASGRF2 antisense RNA 1	NA	NA	NA
chr10	98153367	98153596	230	*	peak_4869	-1.30015322317275	7.09289328992045e-06	Intron (ENST00000370584.7/27291, intron 1 of 8)	10	98162883	98244349	81467	1	27291	ENST00000370586.6	-9287	ENSG00000166024	R3HCC1L	R3H domain and coiled-coil containing 1 like	NA	NA	NA
chr16	47925920	47926403	484	*	peak_12464	-1.02026692555275	7.13651116975107e-06	Promoter (1-2kb)	16	47906977	47928159	21183	2	124903685	ENST00000808386.1	1756	NA	LOC124903685	uncharacterized LOC124903685	NA	NA	NA
chr17	50882303	50882547	245	*	peak_14730	-1.15427133694284	7.17867541532333e-06	Intron (ENST00000523470.2/400604, intron 1 of 2)	17	50862980	50867978	4999	2	10140	ENST00000268957.3	-14325	ENSG00000141232	TOB1	transducer of ERBB2, 1	NA	NA	NA
chr10	102764931	102765630	700	*	peak_4993	-1.05241205428998	7.23616603782851e-06	Intron (ENST00000448841.7/54838, intron 1 of 3)	10	102776249	102816267	40019	1	54838	ENST00000369889.5	-10619	ENSG00000166272	WBP1L	WW domain binding protein 1 like	NA	NA	NA
chr7	123149038	123149304	267	*	peak_31747	-1.20170250067008	7.28164575663054e-06	Intron (ENST00000194130.7/6561, intron 6 of 14)	7	123115375	123181146	65772	2	6561	ENST00000539873.1	31842	ENSG00000081800	SLC13A1	solute carrier family 13 member 1	NA	NA	NA
chr19	32308700	32309028	329	*	peak_17167	-1.05301875810199	7.29308564695998e-06	Distal Intergenic	19	32345594	32387667	42074	1	22847	ENST00000311921.8	-36566	ENSG00000168813	ZNF507	zinc finger protein 507	NA	NA	NA
chr5	135529561	135529876	316	*	peak_28696	-1.02236298153839	7.35055218406694e-06	Intron (ENST00000698884.1/153328, intron 3 of 5)	5	135534282	135535964	1683	2	4762	ENST00000314744.6	6088	ENSG00000181965	NEUROG1	neurogenin 1	NA	NA	NA
chr3	143375517	143375700	184	*	peak_26833	-1.11765824713926	7.4248840646431e-06	Intron (ENST00000316549.11/285195, intron 13 of 15)	3	143342246	143347071	4826	1	100885796	ENST00000479030.1	33271	ENSG00000240012	SLC9A9-AS1	SLC9A9 antisense RNA 1	NA	NA	NA
chr10	86613944	86614224	281	*	peak_4750	-1.02207756852245	7.4981187243024e-06	Distal Intergenic	10	86654518	86700020	45503	1	11155	ENST00000685347.1	-40294	ENSG00000122367	LDB3	LIM domain binding 3	NA	NA	NA
chr11	7381871	7382226	356	*	peak_5771	-1.05171190301788	7.67378415476046e-06	Intron (ENST00000524820.6/143425, intron 4 of 8)	11	7437627	7461344	23718	2	100506258	ENST00000504206.6	79118	ENSG00000251364	SYT9-AS1	SYT9 antisense RNA 1	NA	NA	NA
chr19	30646112	30646697	586	*	peak_17152	-1.30129604624431	7.77410703250667e-06	Intron (ENST00000706143.1/9745, intron 5 of 5)	19	30664653	30668657	4005	2	124904685	ENST00000728645.1	21960	NA	LOC124904685	uncharacterized LOC124904685	NA	NA	NA
chr9	93148747	93149093	347	*	peak_34332	-1.22976862950512	7.81971241673984e-06	Promoter (1-2kb)	9	93147040	93148556	1517	1	124902212	ENST00000366188.2	1707	NA	LOC124902212	uncharacterized LOC124902212	NA	NA	NA
chr2	241477319	241477572	254	*	peak_20987	-1.06400355559211	7.98967254508811e-06	Promoter (<=1kb)	2	241477905	241477982	78	1	100422942	ENST00000583157.1	-333	ENSG00000263752	MIR3133	microRNA 3133	NA	NA	NA
chr1	80904545	80904921	377	*	peak_2133	-1.29891446145422	8.16562523538124e-06	Distal Intergenic	1	80641284	80646788	5505	1	101927412	ENST00000785970.1	263261	ENSG00000234184	LINC01781	long intergenic non-protein coding RNA 1781	NA	NA	NA
chr8	106421413	106421684	272	*	peak_32626	-1.0802969577235	8.45026185286752e-06	Intron (ENST00000517566.7/55074, intron 2 of 16)	8	106447924	106751173	303250	1	55074	ENST00000442977.6	-26240	ENSG00000164830	OXR1	oxidation resistance 1	NA	NA	NA
chr6	131736215	131736589	375	*	peak_30121	-1.23237941630386	8.47270867358906e-06	Intron (ENST00000414305.5/5169, intron 22 of 25)	6	131708441	131711017	2577	2	643854	ENST00000314099.10	-25198	ENSG00000236761	CTAGE9	CTAGE family member 9	NA	NA	NA
chr14	93375777	93376045	269	*	peak_9966	-1.4369532034661	8.51771551955917e-06	Intron (ENST00000256339.8/57578, intron 1 of 49)	14	93347182	93348356	1175	1	341947	ENST00000342144.3	28595	ENSG00000187581	COX8C	cytochrome c oxidase subunit 8C	NA	NA	NA
chr5	2030213	2030591	379	*	peak_28025	-1.04557457879718	8.75639950256196e-06	Intron (ENST00000745995.1/105374618, intron 2 of 2)	5	2007883	2066846	58964	1	105374618	ENST00000746000.1	22330	NA	LOC105374618	uncharacterized LOC105374618	NA	NA	NA
chr20	23008003	23008448	446	*	peak_21282	-1.00881903075467	8.75894971823315e-06	Intron (ENST00000752803.1/101929707, intron 3 of 5)	20	22999023	23000520	1498	2	101929707	ENST00000752822.1	-7483	NA	LOC101929707	uncharacterized LOC101929707	NA	NA	NA
chr3	66224313	66224536	224	*	peak_26126	-1.06592138758684	8.76252304080317e-06	Intron (ENST00000676754.1/115286, intron 2 of 10)	3	66221064	66388116	167053	1	115286	ENST00000464350.6	3249	ENSG00000144741	SLC25A26	solute carrier family 25 member 26	NA	NA	NA
chr19	14831976	14832284	309	*	peak_16867	-1.30178848115849	8.76494365811534e-06	Intron (ENST00000642000.1/26664, intron 1 of 2)	19	14826241	14835185	8945	2	26659	ENST00000322301.5	2901	ENSG00000188269	OR7A5	olfactory receptor family 7 subfamily A member 5	NA	NA	NA
chr18	36372607	36373196	590	*	peak_16324	-1.03155112618464	8.88170134880494e-06	Exon (ENST00000590592.6/80206, exon 3 of 29)	18	36297836	36779779	481944	1	80206	ENST00000359247.8	74771	ENSG00000134775	FHOD3	formin homology 2 domain containing 3	NA	NA	NA
chr13	23788315	23788732	418	*	peak_9009	-1.10630180222645	9.02992917766951e-06	Intron (ENST00000382172.4/4285, intron 16 of 18)	13	23730189	23760573	30385	2	4285	ENST00000433710.2	-27742	ENSG00000027001	MIPEP	mitochondrial intermediate peptidase	NA	NA	NA
chr15	86578505	86578836	332	*	peak_11226	-1.2547515042706	9.4879649907475e-06	Promoter (<=1kb)	15	86578684	87049169	470486	1	123624	ENST00000681381.1	0	ENSG00000273540	AGBL1	AGBL carboxypeptidase 1	NA	NA	NA
chr7	68508918	68509538	621	*	peak_31410	-1.19232538795178	9.7425981185614e-06	Distal Intergenic	7	68287918	68319679	31762	2	105375341	ENST00000810990.1	-189239	ENSG00000226829	LOC105375341	uncharacterized LOC105375341	NA	NA	NA
chr10	15882111	15882620	510	*	peak_3545	-1.01428869026192	9.7695637855068e-06	Intron (ENST00000719107.1/ENST00000719107.1, intron 1 of 2)	10	15778174	15860507	82334	2	80013	ENST00000277632.8	-21604	ENSG00000148481	MINDY3	MINDY lysine 48 deubiquitinase 3	NA	NA	NA
chr1	237888233	237888491	259	*	peak_3452	-1.07373186607867	9.79794351317466e-06	Exon (ENST00000611898.4/57829, exon 4 of 13)	1	237877864	237890922	13059	2	57829	ENST00000611898.4	2431	ENSG00000116996	ZP4	zona pellucida glycoprotein 4	NA	NA	NA
chr12	127947288	127947567	280	*	peak_8710	-1.25054953837813	1.00673103945275e-05	Promoter (<=1kb)	12	127947624	127950927	3304	1	100862680	ENST00000668140.1	-57	ENSG00000256193	LINC00507	long intergenic non-protein coding RNA 507	NA	NA	NA
chr6	8814511	8814873	363	*	peak_29398	-1.0468056793815	1.01176396258909e-05	Intron (ENST00000643788.1/100506207, intron 2 of 6)	6	8836511	9050994	214484	1	105374914	ENST00000748955.1	-21638	NA	LOC105374914	uncharacterized LOC105374914	NA	NA	NA
chr6	37730152	37730410	259	*	peak_29775	-1.00575457813886	1.03948537160437e-05	Distal Intergenic	6	37655723	37699306	43584	2	266727	ENST00000515437.5	-30846	ENSG00000112139	MDGA1	MAM domain containing glycosylphosphatidylinositol anchor 1	NA	NA	NA
chr9	27227509	27227809	301	*	peak_33868	-1.05604999951568	1.06570117814264e-05	Intron (ENST00000519097.5/7010, intron 19 of 20)	9	27245680	27278503	32824	2	158035	ENST00000638495.1	50694	ENSG00000291187	REXO6P	RNA exonuclease 6, pseudogene	NA	NA	NA
chr17	82723713	82723976	264	*	peak_15988	-1.04544892057617	1.07462054428631e-05	Promoter (1-2kb)	17	82722609	82727097	4489	1	79672	ENST00000576363.1	1104	ENSG00000141560	FN3KRP	fructosamine 3 kinase related protein	NA	NA	NA
chr19	39157820	39158057	238	*	peak_17388	-1.11541128069413	1.09450359191613e-05	Promoter (1-2kb)	19	39156702	39173651	16950	1	10298	ENST00000599657.5	1118	ENSG00000130669	PAK4	p21 (RAC1) activated kinase 4	NA	NA	NA
chr3	15387075	15387546	472	*	peak_25275	-1.01772783120341	1.0975119797077e-05	Intron (ENST00000443029.5/131965, intron 6 of 6)	3	15383643	15399491	15849	2	131965	ENST00000584799.1	11945	ENSG00000206562	METTL6	methyltransferase 6, tRNA N3-cytidine	NA	NA	NA
chr1	9671389	9671645	257	*	peak_349	-1.03520860545129	1.10588601328907e-05	Intron (ENST00000698706.1/5293, intron 2 of 4)	1	9672405	9675580	3176	2	101929074	ENST00000775831.1	3935	ENSG00000231789	PIK3CD-AS2	PIK3CD antisense RNA 2	NA	NA	NA
chr16	22606642	22606741	100	*	peak_12213	-1.49839437920989	1.11784157403568e-05	Promoter (1-2kb)	16	22582634	22608096	25463	2	112268175	ENST00000805144.1	1355	ENSG00000304653	LOC112268175	uncharacterized LOC112268175	NA	NA	NA
chr18	11373737	11374125	389	*	peak_16176	-1.24502154850209	1.13444943595493e-05	Intron (ENST00000765726.1/124904250, intron 1 of 3)	18	11366913	11378409	11497	2	107985173	ENST00000592198.1	4284	NA	LOC107985173	uncharacterized LOC107985173	NA	NA	NA
chr5	116780446	116780756	311	*	peak_28433	-1.24554216247895	1.16816629270769e-05	Promoter (1-2kb)	5	116778937	116809804	30868	1	105379133	ENST00000835847.1	1509	NA	LOC105379133	uncharacterized LOC105379133	NA	NA	NA
chr7	77233610	77233802	193	*	peak_31545	-1.08067313168492	1.18426349278076e-05	Intron (ENST00000415750.5/57639, intron 2 of 4)	7	77242346	77259289	16944	1	57639	ENST00000461882.1	-8544	ENSG00000135205	CCDC146	coiled-coil domain containing 146	NA	NA	NA
chr3	158724273	158724582	310	*	peak_26885	-1.09057459604124	1.27074689888201e-05	Intron (ENST00000237696.10/5918, intron 1 of 5)	3	158732198	158807421	75224	1	64747	ENST00000486568.5	-7616	ENSG00000118855	MFSD1	major facilitator superfamily domain containing 1	NA	NA	NA
chr11	57281172	57281790	619	*	peak_6199	-1.11315728186052	1.29000486024417e-05	Promoter (<=1kb)	11	57247356	57281703	34348	2	107984364	ENST00000763849.1	0	ENSG00000299485	LOC107984364	uncharacterized LOC107984364	NA	NA	NA
chr15	96264370	96264607	238	*	peak_11381	-1.11810706066229	1.30573609415096e-05	Intron (ENST00000619812.1/112268156, intron 3 of 3)	15	96121154	96271746	150593	2	644192	ENST00000743159.1	7139	ENSG00000247809	NR2F2-AS1	NR2F2 antisense RNA 1	NA	NA	NA
chr14	92630849	92631183	335	*	peak_9946	-1.06989264830831	1.35314500156799e-05	Intron (ENST00000216487.12/79890, intron 4 of 9)	14	92615473	92645190	29718	1	79890	ENST00000554888.1	15376	ENSG00000100599	RIN3	Ras and Rab interactor 3	NA	NA	NA
chr4	111960234	111960546	313	*	peak_27792	-1.08775184693746	1.35558626204864e-05	Intron (ENST00000681662.1/ENST00000681662.1, intron 1 of 2)	4	111803231	112072656	269426	2	123464519	ENST00000508010.2	112110	ENSG00000249815	LINC02945	long intergenic non-protein coding RNA 2945	NA	NA	NA
chr13	21289354	21289838	485	*	peak_9002	-1.23815258982432	1.40792111579171e-05	Promoter (1-2kb)	13	21287620	21292839	5220	1	105370105	ENST00000631002.1	1734	ENSG00000293265	LOC105370105	uncharacterized LOC105370105	NA	NA	NA
chr2	73627619	73627927	309	*	peak_19199	-1.22343760753347	1.45543704103565e-05	Distal Intergenic	2	73640723	73675064	34342	1	200420	ENST00000755941.1	-12796	ENSG00000290727	ALMS1P1	ALMS1 pseudogene 1	NA	NA	NA
chr5	31663629	31664033	405	*	peak_28182	-1.10981035463498	1.46597891933677e-05	Intron (ENST00000438447.2/23037, intron 1 of 24)	5	31639131	32110932	471802	1	23037	ENST00000438447.2	24498	ENSG00000133401	PDZD2	PDZ domain containing 2	NA	NA	NA
chr4	83320609	83320900	292	*	peak_27730	-1.18467459648064	1.47429480530155e-05	Intron (ENST00000311412.10/10855, intron 2 of 11)	4	83292524	83334782	42259	2	10855	ENST00000681769.1	13882	ENSG00000173083	HPSE	heparanase	NA	NA	NA
chr17	69345012	69345217	206	*	peak_15091	-1.21657158543959	1.49745288068433e-05	Distal Intergenic	17	69313285	69327244	13960	2	23461	ENST00000588665.5	-17768	ENSG00000154265	ABCA5	ATP binding cassette subfamily A member 5	NA	NA	NA
chr6	160428139	160428474	336	*	peak_30298	-1.11162524051984	1.54525928281779e-05	Intron (ENST00000275300.3/6581, intron 5 of 10)	6	160369200	160386934	17735	2	124901453	ENST00000663900.1	-41205	NA	LOC124901453	uncharacterized LOC124901453	NA	NA	NA
chr16	63288833	63288982	150	*	peak_12712	-1.2400765794416	1.55209970612736e-05	Intron (ENST00000734799.1/105371308, intron 4 of 6)	16	63059387	63305420	246034	2	105371307	ENST00000734825.1	16438	NA	LOC105371307	uncharacterized LOC105371307	NA	NA	NA
chr6	158010623	158011097	475	*	peak_30252	-1.20796639908911	1.55701917065119e-05	Intron (ENST00000355585.9/8871, intron 1 of 26)	6	158017048	158099176	82129	1	8871	ENST00000638626.1	-5951	ENSG00000078269	SYNJ2	synaptojanin 2	NA	NA	NA
chr11	123049612	123049880	269	*	peak_7324	-1.13104541455288	1.60822900938141e-05	Exon (ENST00000497201.2/ENST00000497201.2, exon 2 of 2)	11	123058077	123058161	85	2	85391	ENST00000364009.1	8281	ENSG00000200879	SNORD14E	small nucleolar RNA, C/D box 14E	NA	NA	NA
chr15	25931904	25932233	330	*	peak_10228	-1.06313169571348	1.60822900938141e-05	Intron (ENST00000659702.1/100128714, intron 1 of 3)	15	25902453	26015584	113132	1	100128714	ENST00000819397.1	29451	ENSG00000206187	LINC02346	long intergenic non-protein coding RNA 2346	NA	NA	NA
chr18	12198915	12199073	159	*	peak_16205	-1.3043453218035	1.6113543432028e-05	Promoter (1-2kb)	18	12197744	12212084	14341	1	497259	ENST00000729123.1	1171	NA	C18orf61	uncharacterized LOC497259	NA	NA	NA
chr4	102217976	102218239	264	*	peak_27770	-1.15926823012845	1.6588472088433e-05	Intron (ENST00000756009.1/ENST00000756009.1, intron 2 of 2)	4	102269716	102304488	34773	2	64116	ENST00000512337.1	86249	ENSG00000138821	SLC39A8	solute carrier family 39 member 8	NA	NA	NA
chr4	161546893	161547261	369	*	peak_27865	-1.00823774099295	1.65970923763144e-05	Intron (ENST00000306100.10/56884, intron 8 of 15)	4	161495136	161500074	4939	2	56884	ENST00000511999.1	-46819	ENSG00000168843	FSTL5	follistatin like 5	NA	NA	NA
chr8	72965262	72965624	363	*	peak_32492	-1.04706305646132	1.67113869088148e-05	Distal Intergenic	8	73008856	73025699	16844	1	7013	ENST00000678358.1	-43232	ENSG00000147601	TERF1	telomeric repeat binding factor 1	NA	NA	NA
chr6	160100846	160101143	298	*	peak_30291	-1.15849640073218	1.69737110320684e-05	Promoter (<=1kb)	6	160100380	160111479	11100	1	3482	ENST00000678224.1	466	ENSG00000197081	IGF2R	insulin like growth factor 2 receptor	NA	NA	NA
chr10	101283060	101283651	592	*	peak_4952	-1.03008704767193	1.71328053713893e-05	Promoter (<=1kb)	10	101283834	101286729	2896	1	105378453	ENST00000728108.1	-183	ENSG00000289441	LOC105378453	uncharacterized LOC105378453	NA	NA	NA
chr2	8451440	8451760	321	*	peak_18131	-1.09844394600245	1.72492847371387e-05	Intron (ENST00000764356.1/339789, intron 1 of 10)	2	8301787	8488254	186468	2	339789	ENST00000764356.1	36494	ENSG00000236790	LINC00299	long intergenic non-protein coding RNA 299	NA	NA	NA
chr17	64354460	64354702	243	*	peak_14981	-1.00707143282407	1.75528104279489e-05	Intron (ENST00000563924.6/5175, intron 9 of 15)	17	64363286	64370245	6960	2	5175	ENST00000568702.5	15543	ENSG00000261371	PECAM1	platelet and endothelial cell adhesion molecule 1	NA	NA	NA
chr3	55354045	55354337	293	*	peak_26070	-1.30890122858333	1.78396363468595e-05	Intron (ENST00000809970.1/124906243, intron 1 of 3)	3	55341717	55351046	9330	2	124906243	ENST00000809816.1	-2999	NA	LOC124906243	uncharacterized LOC124906243	NA	NA	NA
chr2	121744367	121744578	212	*	peak_19869	-1.03599078481881	1.78906622266155e-05	Intron (ENST00000455432.5/7247, intron 1 of 5)	2	121737103	121765218	28116	1	7247	ENST00000455432.5	7264	ENSG00000211460	TSN	translin	NA	NA	NA
chr4	4474390	4474775	386	*	peak_27332	-1.05010571289742	1.80433795043301e-05	Intron (ENST00000505286.5/53407, intron 1 of 10)	4	4476121	4481700	5580	2	104472519	ENST00000515487.1	6925	ENSG00000248221	STX18-IT1	STX18 intronic transcript 1	NA	NA	NA
chr1	34131975	34132384	410	*	peak_1309	-1.01883592346733	1.84780720446903e-05	Intron (ENST00000373381.9/114784, intron 1 of 70)	1	33513998	34165230	651233	2	114784	ENST00000373381.9	32846	ENSG00000121904	CSMD2	CUB and Sushi multiple domains 2	NA	NA	NA
chr6	125584715	125585001	287	*	peak_30112	-1.05099465942186	1.84841402443904e-05	Intron (ENST00000656901.1/105377986, intron 3 of 3)	6	125578556	125644448	65893	2	105377986	ENST00000834226.1	59447	ENSG00000237742	HEY2-AS1	HEY2 antisense RNA 1	NA	NA	NA
chr2	237130214	237130643	430	*	peak_20700	-1.2027145041757	1.91337947879531e-05	Distal Intergenic	2	237156200	237257676	101477	1	105373953	ENST00000445534.3	-25557	ENSG00000224132	LOC105373953	uncharacterized LOC105373953	NA	NA	NA
chr5	162657190	162657450	261	*	peak_29092	-1.19645402151701	1.91337947879531e-05	Intron (ENST00000644348.1/105377697, intron 1 of 13)	5	162558685	162660975	102291	2	105377698	ENST00000663711.1	3525	NA	LOC105377698	uncharacterized LOC105377698	NA	NA	NA
chr4	89134901	89135219	319	*	peak_27752	-1.15388749347659	1.95230299741456e-05	Distal Intergenic	4	89111533	89114901	3369	1	166815	ENST00000603357.3	23368	ENSG00000180346	TIGD2	tigger transposable element derived 2	NA	NA	NA
chr21	26216880	26217253	374	*	peak_22602	-1.08922800336079	1.98266762911834e-05	Exon (ENST00000608591.5/118568803, exon 3 of 3)	21	25880551	26171128	290578	2	351	ENST00000359726.7	-45752	ENSG00000142192	APP	amyloid beta precursor protein	NA	NA	NA
chr10	22966643	22967072	430	*	peak_3574	-1.11568963996791	2.03926271767638e-05	Intron (ENST00000376528.8/219681, intron 4 of 15)	10	22955196	22961727	6532	1	219681	ENST00000464017.1	11447	ENSG00000165309	ARMC3	armadillo repeat containing 3	NA	NA	NA
chr3	72238698	72239070	373	*	peak_26160	-1.25959965247027	2.04263330287555e-05	Intron (ENST00000811956.1/201617, intron 2 of 4)	3	72035762	72235508	199747	2	285286	ENST00000469218.6	-3190	ENSG00000241163	LINC00877	long intergenic non-protein coding RNA 877	NA	NA	NA
chr22_KI270731v1_random	132798	132889	92	*	peak_24924	-1.59144380331086	2.08783125671351e-05	Promoter (<=1kb)	319	124497	132767	8271	2	107987389	ENST00000729677.1	-31	NA	LOC107987389	family with sequence similarity 230-like	NA	NA	NA
chr4	13666085	13666536	452	*	peak_27534	-1.00456172573566	2.13065058847742e-05	Intron (ENST00000816953.1/101929071, intron 2 of 2)	4	13655179	14103674	448496	1	107986182	ENST00000715489.1	10906	NA	LOC107986182	uncharacterized LOC107986182	NA	NA	NA
chr12	20445766	20446017	252	*	peak_7845	-1.20767099282699	2.15972269965491e-05	Intron (ENST00000359062.4/5139, intron 1 of 15)	12	20361732	20370262	8531	2	120766147	ENST00000535755.1	-75504	NA	PDE3A-AS1	PDE3A antisense RNA 1	NA	NA	NA
chr9	108525147	108525523	377	*	peak_34502	-1.13429474176042	2.1945099628192e-05	Distal Intergenic	9	108310665	108417028	106364	2	105376214	ENST00000826308.1	-108119	NA	LOC105376214	uncharacterized LOC105376214	NA	NA	NA
chr9	33256019	33256754	736	*	peak_33897	-1.00343377343516	2.22954117365825e-05	Promoter (<=1kb)	9	33247820	33256806	8987	2	573	ENST00000493917.5	52	ENSG00000107262	BAG1	BAG cochaperone 1	NA	NA	NA
chr15	51052774	51053465	692	*	peak_10461	-1.08199932322259	2.27168154051103e-05	Intron (ENST00000805692.1/112268146, intron 2 of 3)	15	51037488	51293912	256425	1	109729174	ENST00000559909.1	15286	ENSG00000259240	MIR4713HG	MIR4713 host gene	NA	NA	NA
chrX	78064958	78065229	272	*	peak_35287	-1.1065267300743	2.28671603480017e-05	Promoter (<=1kb)	23	78065188	78113844	48657	1	5230	ENST00000477335.5	0	ENSG00000102144	PGK1	phosphoglycerate kinase 1	NA	NA	NA
chr15	59450866	59451178	313	*	peak_10505	-1.08360248168475	2.35219880354168e-05	Intron (ENST00000558348.5/145773, intron 2 of 4)	15	59445106	59492323	47218	1	145773	ENST00000561361.1	5760	ENSG00000157470	FAM81A	family with sequence similarity 81 member A	NA	NA	NA
chr14	106440518	106440932	415	*	peak_10138	-1.07770536478009	2.42637319092914e-05	Distal Intergenic	14	106482435	106495588	13154	1	338005	ENST00000603633.3	-41503	ENSG00000270816	LINC00221	long intergenic non-protein coding RNA 221	NA	NA	NA
chr5	38673721	38674137	417	*	peak_28222	-1.09844012902048	2.44444679314782e-05	Intron (ENST00000847647.1/ENST00000847647.1, intron 1 of 1)	5	38710367	38720259	9893	2	101926904	ENST00000847655.1	46122	ENSG00000249740	LINC01265	long intergenic non-protein coding RNA 1265	NA	NA	NA
chr7	31119221	31119539	319	*	peak_30966	-1.00423100621164	2.4651969557259e-05	Exon (ENST00000438721.1/ENST00000438721.1, exon 1 of 1)	7	31134656	31235706	101051	1	107986782	ENST00000763552.1	-15117	ENSG00000286487	LOC107986782	uncharacterized LOC107986782	NA	NA	NA
chr2	28689809	28690164	356	*	peak_18684	-1.01834573462936	2.56760721855795e-05	Exon (ENST00000757368.1/112267877, exon 5 of 5)	2	28633237	28683578	50342	2	105374384	ENST00000772146.1	-6231	NA	LOC105374384	uncharacterized LOC105374384	NA	NA	NA
chr11	129435905	129436168	264	*	peak_7374	-1.08142790181326	2.57039760226473e-05	Intron (ENST00000281437.6/8538, intron 1 of 3)	11	129375848	129452279	76432	1	8538	ENST00000281437.6	60057	ENSG00000043039	BARX2	BARX homeobox 2	NA	NA	NA
chr5	17033512	17033838	327	*	peak_28164	-1.2177390731472	2.57969252483821e-05	Distal Intergenic	5	17065598	17275353	209756	1	10409	ENST00000606445.1	-31760	ENSG00000176788	BASP1	brain abundant membrane attached signal protein 1	NA	NA	NA
chr14	75689077	75689360	284	*	peak_9820	-1.01495939196092	2.59656583634319e-05	Promoter (<=1kb)	14	75689421	75690322	902	1	23093	ENST00000554185.1	-61	ENSG00000119685	TTLL5	tubulin tyrosine ligase like 5	NA	NA	NA
chr12	105986695	105986959	265	*	peak_8326	-1.0613064000093	2.66028616921002e-05	Distal Intergenic	12	106067579	106084033	16455	2	9891	ENST00000553094.1	97074	ENSG00000074590	NUAK1	NUAK family kinase 1	NA	NA	NA
chr22	47270588	47271124	537	*	peak_24713	-1.03297197650959	2.66230442054929e-05	Distal Intergenic	22	47329227	47366871	37645	1	339685	ENST00000758540.1	-58103	ENSG00000224715	LOC339685	uncharacterized LOC339685	NA	NA	NA
chr12	96226182	96226501	320	*	peak_8298	-1.03060123445648	2.71744109136049e-05	Intron (ENST00000228741.8/2004, intron 2 of 4)	12	96231282	96235354	4073	2	124902991	ENST00000747684.1	8853	NA	LOC124902991	uncharacterized LOC124902991	NA	NA	NA
chr7	71206249	71206475	227	*	peak_31423	-1.16887895919332	2.79722795317559e-05	Intron (ENST00000333538.10/64409, intron 1 of 10)	7	71132144	71713599	581456	1	64409	ENST00000333538.10	74105	ENSG00000185274	GALNT17	polypeptide N-acetylgalactosaminyltransferase 17	NA	NA	NA
chr12	111352380	111352592	213	*	peak_8398	-1.17830838813901	2.80961495557169e-05	Distal Intergenic	12	111361215	111363712	2498	2	144717	ENST00000548163.1	11120	ENSG00000198324	PHETA1	PH domain containing endocytic trafficking adaptor 1	NA	NA	NA
chr2	41861968	41862265	298	*	peak_18814	-1.08843649880629	2.83826545508549e-05	Promoter (1-2kb)	2	41860207	41894050	33844	1	388942	ENST00000657200.1	1761	ENSG00000214691	LINC01913	long intergenic non-protein coding RNA 1913	NA	NA	NA
chr6	139406547	139406931	385	*	peak_30150	-1.049100475209	2.86289496188514e-05	Intron (ENST00000775570.1/107986651, intron 4 of 6)	6	139371807	139374648	2842	2	10370	ENST00000367651.4	-31899	ENSG00000164442	CITED2	Cbp/p300 interacting transactivator with Glu/Asp rich carboxy-terminal domain 2	NA	NA	NA
chr9	1798157	1798497	341	*	peak_33846	-1.09296057105306	2.98515027304477e-05	Distal Intergenic	9	1980290	2029051	48762	1	6595	ENST00000637383.1	-181793	ENSG00000080503	SMARCA2	SWI/SNF related BAF chromatin remodeling complex subunit ATPase 2	NA	NA	NA
chr17	68384469	68384778	310	*	peak_15078	-1.02602246744268	3.06900337178048e-05	Intron (ENST00000448504.6/22901, intron 8 of 11)	17	68400156	68420665	20510	1	22901	ENST00000578554.1	-15378	ENSG00000141337	ARSG	arylsulfatase G	NA	NA	NA
chr11	5069756	5070403	648	*	peak_5753	-1.36091079754555	3.11713182282628e-05	Promoter (<=1kb)	11	5069572	5070497	926	1	79296	ENST00000445557.1	184	ENSG00000273085	OR52E1	olfactory receptor family 52 subfamily E member 1 (gene/pseudogene)	NA	NA	NA
chr12	123728638	123729007	370	*	peak_8611	-1.05658388217749	3.26852874414603e-05	Promoter (<=1kb)	12	123727822	123755274	27453	1	23545	ENST00000674794.1	816	ENSG00000185344	ATP6V0A2	ATPase H+ transporting V0 subunit a2	NA	NA	NA
chr3	10307526	10307753	228	*	peak_24993	-1.02179207481595	3.27985623704233e-05	Promoter (1-2kb)	3	10304035	10305910	1876	2	6396	ENST00000476597.1	-1616	ENSG00000157020	SEC13	SEC13 homolog, nuclear pore and COPII coat complex component	NA	NA	NA
chr10	89351062	89351305	244	*	peak_4779	-1.02723434226432	3.31723595262523e-05	Intron (ENST00000679438.1/3437, intron 1 of 3)	10	89225109	89342704	117596	2	3988	ENST00000282673.5	-8358	ENSG00000107798	LIPA	lipase A, lysosomal acid type	NA	NA	NA
chr14	56198408	56198796	389	*	peak_9484	-1.23316843711008	3.327365553216e-05	Intron (ENST00000559044.5/57161, intron 2 of 4)	14	56119109	56290293	171185	1	57161	ENST00000561019.1	79299	ENSG00000139946	PELI2	pellino E3 ubiquitin protein ligase family member 2	NA	NA	NA
chr6	73289407	73289771	365	*	peak_30030	-1.11836925990975	3.36163897480179e-05	Intron (ENST00000773755.1/122539212, intron 2 of 2)	6	73274139	73310143	36005	2	387097	ENST00000484801.5	20372	NA	C6orf147	chromosome 6 open reading frame 147	NA	NA	NA
chr17	48976292	48976612	321	*	peak_14590	-1.01054032899198	3.46409706061224e-05	Distal Intergenic	17	48958554	48968596	10043	2	2695	ENST00000357424.2	-7696	ENSG00000159224	GIP	gastric inhibitory polypeptide	NA	NA	NA
chr3	128767008	128767302	295	*	peak_26638	-1.09580600180825	3.47351191017302e-05	Intron (ENST00000676214.1/7879, intron 1 of 5)	3	128794552	128814796	20245	1	7879	ENST00000675497.1	-27250	ENSG00000075785	RAB7A	RAB7A, member RAS oncogene family	NA	NA	NA
chr7	56140124	56140416	293	*	peak_31331	-1.11631687841865	3.48892744377486e-05	Intron (ENST00000836570.1/ENST00000836570.1, intron 1 of 2)	7	56114681	56116417	1737	2	389493	ENST00000329309.4	-23707	ENSG00000185290	NUPR2	nuclear protein 2, transcriptional regulator	NA	NA	NA
chr11	81030262	81030452	191	*	peak_7132	-1.26708378603691	3.58147169616498e-05	Exon (ENST00000647625.1/ENST00000647625.1, exon 2 of 5)	11	80757209	80762838	5630	2	101928944	ENST00000741617.1	-267424	ENSG00000255178	LINC02720	long intergenic non-protein coding RNA 2720	NA	NA	NA
chr5	143582927	143583326	400	*	peak_28861	-1.03712306092333	3.59410865631379e-05	Intron (ENST00000833525.1/105378209, intron 2 of 4)	5	143586285	143598966	12682	1	105378209	ENST00000833529.1	-2959	ENSG00000251205	LOC105378209	uncharacterized LOC105378209	NA	NA	NA
chr11	31874566	31875084	519	*	peak_5987	-1.05450441715987	3.65815699893645e-05	Intron (ENST00000530348.5/5954, intron 1 of 3)	11	31826347	31829311	2965	1	103157000	ENST00000630360.1	48219	ENSG00000281880	PAUPAR	PAX6 upstream antisense RNA	NA	NA	NA
chr5	138789597	138789900	304	*	peak_28746	-1.05129327815505	3.7199061795535e-05	Promoter (1-2kb)	5	138790926	138824692	33767	1	1495	ENST00000518585.1	-1026	ENSG00000044115	CTNNA1	catenin alpha 1	NA	NA	NA
chr15	33210027	33210288	262	*	peak_10303	-1.14145644772243	3.78551656747145e-05	Intron (ENST00000796872.1/105370759, intron 2 of 2)	15	33195167	33199057	3891	1	105370759	ENST00000796876.1	14860	ENSG00000289896	LOC105370759	uncharacterized LOC105370759	NA	NA	NA
chr17	49351631	49351988	358	*	peak_14601	-1.06618599044817	3.82854109125828e-05	Intron (ENST00000430262.3/22834, intron 1 of 5)	17	49361150	49367596	6447	1	102724596	ENST00000502823.6	-9162	ENSG00000248714	ZNF652-AS1	ZNF652 antisense RNA 1	NA	NA	NA
chr15	27137261	27137756	496	*	peak_10248	-1.10094568081948	3.88819912487643e-05	Intron (ENST00000615808.5/2567, intron 3 of 9)	15	27038978	27161254	122277	2	124903449	ENST00000660679.1	23498	NA	LOC124903449	uncharacterized LOC124903449	NA	NA	NA
chr16	75758566	75758830	265	*	peak_12987	-1.01795509401244	3.91409299320467e-05	Intron (ENST00000653858.1/105371348, intron 2 of 3)	16	75788587	75914672	126086	1	105371348	ENST00000826381.1	-29757	ENSG00000166848	LOC105371348	uncharacterized LOC105371348	NA	NA	NA
chr13	25044064	25044501	438	*	peak_9014	-1.21705521308474	3.93368701889229e-05	Promoter (1-2kb)	13	25040174	25045959	5786	2	105370119	ENST00000762484.1	1458	NA	LOC105370119	uncharacterized LOC105370119	NA	NA	NA
chr1	15492528	15492777	250	*	peak_520	-1.00621902427995	3.94530239150385e-05	3' UTR	1	15485861	15491395	5535	1	51032	ENST00000488764.1	6667	ENSG00000215704	CELA2B	chymotrypsin like elastase 2B	NA	NA	NA
chr15	85346606	85347010	405	*	peak_11215	-1.16502671248514	3.96893793917362e-05	Exon (ENST00000841338.1/ENST00000841338.1, exon 1 of 2)	15	85380571	85382170	1600	1	11214	ENST00000560571.1	-33561	ENSG00000170776	AKAP13	A-kinase anchoring protein 13	NA	NA	NA
chr14	33732186	33732658	473	*	peak_9398	-1.01788855931885	4.0010917699231e-05	Intron (ENST00000551634.6/64067, intron 5 of 10)	14	33735214	33820863	85650	1	64067	ENST00000681323.1	-2556	ENSG00000151322	NPAS3	neuronal PAS domain protein 3	NA	NA	NA
chr14	75107332	75107494	163	*	peak_9809	-1.13454161229781	4.13093781554797e-05	Promoter (1-2kb)	14	75082172	75106262	24091	2	91754	ENST00000676711.1	-1070	ENSG00000119638	NEK9	NIMA related kinase 9	NA	NA	NA
chr8	74173997	74174345	349	*	peak_32498	-1.14796511666182	4.17671058393499e-05	Intron (ENST00000668834.2/105375903, intron 2 of 2)	8	74165740	74208536	42797	1	105375903	ENST00000670556.2	8257	ENSG00000254288	LOC105375903	uncharacterized LOC105375903	NA	NA	NA
chr14	35989292	35989631	340	*	peak_9411	-1.09452987232972	4.20145640622955e-05	Intron (ENST00000660969.2/ENST00000660969.2, intron 2 of 3)	14	35993697	36215480	221784	1	101101773	ENST00000818317.1	-4066	ENSG00000257585	LINC00609	long intergenic non-protein coding RNA 609	NA	NA	NA
chr20	30338914	30339207	294	*	peak_21429	-1.3381847691163	4.26088409776462e-05	Intron (ENST00000829740.1/284802, intron 1 of 1)	20	30331076	30336220	5145	2	105372587	ENST00000669378.2	-2694	ENSG00000231934	FAM242A	family with sequence similarity 242 member A	NA	NA	NA
chr5	163649599	163649867	269	*	peak_29094	-1.16419023403976	4.48098354388613e-05	Distal Intergenic	5	163727271	163731641	4371	1	102724458	ENST00000798075.1	-77404	NA	LOC102724458	uncharacterized LOC102724458	NA	NA	NA
chr11	100586821	100587110	290	*	peak_7157	-1.12562603834419	4.50982407228084e-05	Distal Intergenic	11	100677015	100680649	3635	1	124902736	ENST00000836213.1	-89905	NA	LOC124902736	uncharacterized LOC124902736	NA	NA	NA
chr5	53260438	53260808	371	*	peak_28270	-1.17458705103556	4.53435304463587e-05	Distal Intergenic	5	53297872	53326565	28694	2	107986380	ENST00000648942.1	65757	NA	LOC107986380	uncharacterized LOC107986380	NA	NA	NA
chr13	53124637	53124926	290	*	peak_9115	-1.08501691353392	4.61603273352771e-05	Intron (ENST00000660057.1/102723875, intron 3 of 5)	13	53099400	53148395	48996	2	102723875	ENST00000810025.1	23469	NA	LINC01065	long intergenic non-protein coding RNA 1065	NA	NA	NA
chr2	235183021	235183317	297	*	peak_20665	-1.05723490692086	4.79133116906791e-05	Intron (ENST00000745316.1/124907998, intron 2 of 2)	2	235177918	235188191	10274	1	124907998	ENST00000745316.1	5103	ENSG00000235293	LOC124907998	uncharacterized LOC124907998	NA	NA	NA
chr11	46616593	46616813	221	*	peak_6154	-1.0052855417078	4.85566223928772e-05	Promoter (<=1kb)	11	46616012	46616849	838	2	283254	ENST00000529192.1	36	ENSG00000180423	HARBI1	harbinger transposase derived 1	NA	NA	NA
chr2	174281747	174282210	464	*	peak_20255	-1.04958112810712	4.97237474432203e-05	Distal Intergenic	2	174075008	174248599	173592	2	29789	ENST00000344357.9	-33148	ENSG00000138430	OLA1	Obg like ATPase 1	NA	NA	NA
chr2	120277515	120277779	265	*	peak_19744	-1.12023252225715	5.07273404702256e-05	Intron (ENST00000447591.5/5899, intron 1 of 3)	2	120253451	120289592	36142	1	5899	ENST00000449649.1	24064	ENSG00000144118	RALB	RAS like proto-oncogene B	NA	NA	NA
chr6	7127622	7128002	381	*	peak_29390	-1.03414665041117	5.19698626800641e-05	Intron (ENST00000379933.7/6239, intron 1 of 11)	6	7139245	7230433	91189	1	6239	ENST00000483150.1	-11243	ENSG00000124782	RREB1	ras responsive element binding protein 1	NA	NA	NA
chr6	2405775	2406058	284	*	peak_29340	-1.16561452081867	5.40138849646049e-05	Intron (ENST00000657072.1/100508120, intron 4 of 4)	6	2396572	2399866	3295	1	100508120	ENST00000666817.1	9203	ENSG00000250903	GMDS-DT	GMDS divergent transcript	NA	NA	NA
chr2	225769014	225769381	368	*	peak_20499	-1.16712198149025	5.43303578828171e-05	Intron (ENST00000762654.1/105373914, intron 1 of 2)	2	225680549	225748589	68041	2	105373914	ENST00000762663.1	-20425	ENSG00000299331	LOC105373914	uncharacterized LOC105373914	NA	NA	NA
chr20	23497547	23497987	441	*	peak_21303	-1.04993070620344	5.64838568275671e-05	Intron (ENST00000619495.1/ENST00000619495.1, intron 1 of 1)	20	23503732	23507302	3571	1	10047	ENST00000734924.1	-5745	ENSG00000125815	CST8	cystatin 8	NA	NA	NA
chr6	15534910	15535295	386	*	peak_29426	-1.04457586575255	5.76746795599849e-05	Promoter (<=1kb)	6	15535192	15538573	3382	1	105374947	ENST00000824859.1	0	NA	LOC105374947	uncharacterized LOC105374947	NA	NA	NA
chr2	127168632	127168871	240	*	peak_19938	-1.08681223558208	5.98781836004468e-05	Distal Intergenic	2	127184120	127205767	21648	2	339761	ENST00000335247.11	36896	ENSG00000186684	CYP27C1	cytochrome P450 family 27 subfamily C member 1	NA	NA	NA
chr4	11291057	11291385	329	*	peak_27532	-1.18797622089627	6.11488752118319e-05	Distal Intergenic	4	11259798	11282107	22310	1	105374488	ENST00000811276.1	31259	NA	LOC105374488	uncharacterized LOC105374488	NA	NA	NA
chr6	26147005	26147353	349	*	peak_29439	-1.0065116109468	7.3223542400363e-05	Intron (ENST00000707189.1/ENST00000707189.1, intron 1 of 1)	6	26156329	26157115	787	1	3008	ENST00000304218.6	-8976	ENSG00000168298	H1-4	H1.4 linker histone, cluster member	NA	NA	NA
chr9	91952262	91952617	356	*	peak_34285	-1.01383099398206	7.35820025776065e-05	Distal Intergenic	9	91722601	91950228	227628	2	4920	ENST00000375708.4	-2034	ENSG00000169071	ROR2	receptor tyrosine kinase like orphan receptor 2	NA	NA	NA
chr16	12296442	12297068	627	*	peak_12090	-1.00219010375883	7.62391466732891e-05	Promoter (<=1kb)	16	12297197	12297323	127	2	124900383	ENST00000459171.1	255	ENSG00000238685	LOC124900383	small nucleolar RNA ACA64	NA	NA	NA
chr17	5240952	5241108	157	*	peak_13564	-1.00008024466444	7.68556393823138e-05	Exon (ENST00000575056.1/ENST00000575056.1, exon 2 of 3)	17	5214656	5234860	20205	2	388325	ENST00000574297.1	-6092	ENSG00000161929	SCIMP	SLP adaptor and CSK interacting membrane protein	NA	NA	NA
chr20	30550325	30550560	236	*	peak_21433	-1.12879453165762	8.0808712842875e-05	Exon (ENST00000636528.1/102723636, exon 2 of 2)	20	30545601	30551470	5870	1	102723636	ENST00000636528.1	4724	NA	LOC102723636	zinc finger protein 285-like	NA	NA	NA
chr4	118680907	118681190	284	*	peak_27803	-1.00311549983047	8.54959586570464e-05	Intron (ENST00000736705.1/101929741, intron 2 of 9)	4	118664086	118683725	19640	2	101929741	ENST00000736707.1	2535	ENSG00000281731	METTL14-DT	METTL14 divergent transcript	NA	NA	NA
chr7	122988293	122988585	293	*	peak_31746	-1.00648840170615	8.9873093310791e-05	Distal Intergenic	7	122994704	122995700	997	2	50833	ENST00000249284.3	7115	ENSG00000128519	TAS2R16	taste 2 receptor member 16	NA	NA	NA
chr11	79076346	79076775	430	*	peak_7128	-1.17783303912151	9.31554689312978e-05	Promoter (<=1kb)	11	79067903	79076393	8491	2	26011	ENST00000533038.1	0	ENSG00000149256	TENM4	teneurin transmembrane protein 4	NA	NA	NA
chr2	149470777	149471050	274	*	peak_20191	-1.0888566879741	9.66164812708872e-05	3' UTR	2	149367712	149471110	103399	1	130574	ENST00000392854.4	103065	ENSG00000187123	LYPD6	LY6/PLAUR domain containing 6	NA	NA	NA
chr7	31970773	31970971	199	*	peak_30969	-1.2376183805223	9.94172601146844e-05	Intron (ENST00000396191.6/5137, intron 2 of 17)	7	31865017	31879284	14268	2	5137	ENST00000482681.5	-91489	ENSG00000154678	PDE1C	phosphodiesterase 1C	NA	NA	NA
chr8	60473402	60473620	219	*	peak_32450	-1.03879735170202	9.98432338059879e-05	Intron (ENST00000530725.6/105375864, intron 2 of 9)	8	60358633	60516618	157986	2	105375864	ENST00000664011.1	42998	NA	LOC105375864	uncharacterized LOC105375864	NA	NA	NA
chr3	142053293	142053504	212	*	peak_26823	-1.09806704071536	0.000101033288073433	Intron (ENST00000489671.6/7029, intron 3 of 12)	3	141963852	142029157	65306	2	7029	ENST00000497579.5	-24136	ENSG00000114126	TFDP2	transcription factor Dp-2	NA	NA	NA
chr6	44486895	44487368	474	*	peak_29982	-1.006720622814	0.000103420557856457	Distal Intergenic	6	44513262	44527448	14187	1	105375074	ENST00000663213.1	-25894	NA	LOC105375074	uncharacterized LOC105375074	NA	NA	NA
chr20	5797999	5798334	336	*	peak_21169	-1.02069735361723	0.000108061526321006	Intron (ENST00000303142.11/149840, intron 2 of 2)	20	5750453	5863304	112852	1	149840	ENST00000442185.1	47546	ENSG00000171984	SHLD1	shieldin complex subunit 1	NA	NA	NA
chr11	66386726	66386979	254	*	peak_6574	-1.04709662191351	0.000111091413009029	Distal Intergenic	11	66362523	66372214	9692	2	3177	ENST00000546034.1	-14512	ENSG00000174669	SLC29A2	solute carrier family 29 member 2	NA	NA	NA
chr8	58596027	58596348	322	*	peak_32444	-1.1428831566915	0.000115467453979527	Promoter (<=1kb)	8	58587649	58595902	8254	2	8439	ENST00000523177.5	-125	ENSG00000035681	NSMAF	neutral sphingomyelinase activation associated factor	NA	NA	NA
chr5	5629635	5629915	281	*	peak_28068	-1.01441955573799	0.000117400710145053	Distal Intergenic	5	5688415	5691612	3198	1	105374634	ENST00000746502.1	-58500	NA	LOC105374634	uncharacterized LOC105374634	NA	NA	NA
chr2	603547	603835	289	*	peak_17980	-1.12460297458043	0.000119868247432626	Distal Intergenic	2	558207	559315	1109	1	105373352	ENST00000792973.1	45340	ENSG00000233633	LOC105373352	uncharacterized LOC105373352	NA	NA	NA
chr12	20364510	20364810	301	*	peak_7843	-1.03930226940502	0.00012069918734754	Intron (ENST00000745828.1/120766147, intron 1 of 1)	12	20368537	20688583	320047	1	5139	ENST00000359062.4	-3727	ENSG00000172572	PDE3A	phosphodiesterase 3A	NA	NA	NA
chr18	77036629	77036863	235	*	peak_16493	-1.14786679981167	0.00012073781608675	Intron (ENST00000355994.7/4155, intron 3 of 8)	18	76989979	77017778	27800	2	4155	ENST00000498683.2	-18851	ENSG00000197971	MBP	myelin basic protein	NA	NA	NA
chr8	93875583	93875911	329	*	peak_32534	-1.07964522301388	0.000126076351272192	Intron (ENST00000523021.1/54704, intron 1 of 1)	8	93857807	93921348	63542	1	54704	ENST00000523021.1	17776	ENSG00000164951	PDP1	pyruvate dehydrogenase phosphatase catalytic subunit 1	NA	NA	NA
chr11	17989325	17989549	225	*	peak_5937	-1.01493905143898	0.000127118693930923	Promoter (<=1kb)	11	17846588	17988757	142170	2	26297	ENST00000533241.1	-568	ENSG00000129158	SERGEF	secretion regulating guanine nucleotide exchange factor	NA	NA	NA
chr14	57168314	57168588	275	*	peak_9493	-1.00486244713706	0.000128449341466246	Intron (ENST00000825124.1/ENST00000825124.1, intron 2 of 2)	14	56954164	57112684	158521	2	124903323	ENST00000716873.1	-55630	NA	LOC124903323	uncharacterized LOC124903323	NA	NA	NA
chr15	28865017	28865297	281	*	peak_10272	-1.00250302709554	0.000130773096758124	Exon (ENST00000745125.1/646278, exon 4 of 5)	15	28844961	28848675	3715	2	728310	ENST00000569815.1	-16342	ENSG00000261649	GOLGA6L7	golgin A6 family like 7	NA	NA	NA
chr5	19238768	19239063	296	*	peak_28171	-1.02478709403057	0.000133780737797202	Distal Intergenic	5	19472951	19478636	5686	2	1016	ENST00000510297.1	239573	ENSG00000145526	CDH18	cadherin 18	NA	NA	NA
chr13	35927599	35928023	425	*	peak_9066	-1.03585393503444	0.000136690444113292	Intron (ENST00000360631.8/9201, intron 4 of 16)	13	35858065	35902015	43951	1	105370163	ENST00000818218.1	69534	NA	LOC105370163	uncharacterized LOC105370163	NA	NA	NA
chr12	14099833	14100277	445	*	peak_7826	-1.0586970657904	0.000138749948718304	Distal Intergenic	12	13537337	13982002	444666	2	2904	ENST00000630791.3	-117831	ENSG00000273079	GRIN2B	glutamate ionotropic receptor NMDA type subunit 2B	NA	NA	NA
chr16	1737957	1738770	814	*	peak_11647	-1.51310225770636	0.000139880244731173	Intron (ENST00000685674.1/23162, intron 4 of 8)	16	1734985	1735066	82	1	100423012	ENST00000578255.1	2972	ENSG00000265820	MIR3177	microRNA 3177	NA	NA	NA
chr20	24802277	24802479	203	*	peak_21361	-1.09327169071532	0.000143971847988576	Distal Intergenic	20	24820380	24872423	52044	2	107985402	ENST00000776981.1	69944	NA	LOC107985402	uncharacterized LOC107985402	NA	NA	NA
chr8	37313643	37314056	414	*	peak_32254	-1.10040225212373	0.000146901864619762	Distal Intergenic	8	37326538	37328695	2158	2	100507403	ENST00000775661.1	14639	ENSG00000253123	LOC100507403	uncharacterized LOC100507403	NA	NA	NA
chr2	219969581	219969914	334	*	peak_20474	-1.11988640767621	0.000154028993816042	Intron (ENST00000830326.1/105373891, intron 1 of 4)	2	219947918	220146085	198168	1	105373891	ENST00000830328.1	21663	NA	LOC105373891	uncharacterized LOC105373891	NA	NA	NA
chr5	7726782	7727194	413	*	peak_28096	-1.05898194638742	0.000154909575827202	Exon (ENST00000338316.9/108, exon 14 of 25)	5	7773068	7820689	47622	1	108	ENST00000493243.5	-45874	ENSG00000078295	ADCY2	adenylate cyclase 2	NA	NA	NA
chr2	202766643	202766933	291	*	peak_20315	-1.32364143168566	0.000161452314776832	3' UTR	2	202814757	202820021	5265	2	130026	ENST00000494560.1	53088	ENSG00000163596	ICA1L	islet cell autoantigen 1 like	NA	NA	NA
chr15	31384724	31385091	368	*	peak_10292	-1.1126600415437	0.000184190123306751	Intron (ENST00000558921.1/51621, intron 1 of 1)	15	31392843	31404729	11887	1	105370939	ENST00000500533.3	-7752	NA	LOC105370939	uncharacterized LOC105370939	NA	NA	NA
chr12	64770462	64770700	239	*	peak_8258	-1.19653773195102	0.000193631683950594	Intron (ENST00000674237.1/23329, intron 1 of 13)	12	64780516	64881032	100517	1	23329	ENST00000542120.6	-9816	ENSG00000111490	TBC1D30	TBC1 domain family member 30	NA	NA	NA
chr1	67137391	67137764	374	*	peak_2110	-1.01900698168084	0.00019997864585174	Promoter (1-2kb)	1	67138907	67259167	120261	1	149233	ENST00000637002.1	-1143	ENSG00000162594	IL23R	interleukin 23 receptor	NA	NA	NA
chr13	44620204	44620357	154	*	peak_9086	-1.01775423055387	0.000262249206866411	Intron (ENST00000762093.1/641467, intron 2 of 5)	13	44651812	44701016	49205	1	106144541	ENST00000426509.1	-31455	NA	LINC00407	long intergenic non-protein coding RNA 407	NA	NA	NA
chr12	18983977	18984403	427	*	peak_7836	-1.02569509286641	0.00028065888803812	Distal Intergenic	12	19036965	19046588	9624	1	107984527	ENST00000775188.1	-52562	NA	LOC107984527	uncharacterized LOC107984527	NA	NA	NA
chr4	41816496	41816814	319	*	peak_27611	-1.30489269953623	0.000290317920168097	Intron (ENST00000508038.2/105374425, intron 3 of 4)	4	41753460	41799873	46414	1	105374425	ENST00000819365.1	63036	ENSG00000250467	PHOX2B-AS1	PHOX2B antisense RNA 1	NA	NA	NA
chr14	20177484	20177638	155	*	peak_9336	-1.2966823441466	0.000327992542396291	Distal Intergenic	14	20190896	20201075	10180	1	390439	ENST00000641682.1	-13258	ENSG00000196832	OR11G2	olfactory receptor family 11 subfamily G member 2	NA	NA	NA
chr10	17665826	17665985	160	*	peak_3553	-1.07380417244576	0.000335962600926141	Intron (ENST00000377524.8/8027, intron 2 of 13)	10	17684785	17688157	3373	1	8027	ENST00000486183.1	-18800	ENSG00000136738	STAM	signal transducing adaptor molecule	NA	NA	NA
chr12	117528009	117528352	344	*	peak_8500	-1.15441591007917	0.000336943481144632	Intron (ENST00000339824.7/283455, intron 12 of 19)	12	117513540	117517220	3681	1	105370012	ENST00000784454.1	14469	ENSG00000302110	LOC105370012	uncharacterized LOC105370012	NA	NA	NA
chr2	133572229	133572472	244	*	peak_20148	-1.12167068985623	0.000346705312188151	Distal Intergenic	2	132673049	133568463	895415	2	344148	ENST00000409213.5	-3766	ENSG00000176771	NCKAP5	NCK associated protein 5	NA	NA	NA
chr8	51446846	51447164	319	*	peak_32401	-1.07593493268098	0.000355720904048653	Exon (ENST00000356297.5/137902, exon 12 of 23)	8	51319578	51409421	89844	2	137902	ENST00000522628.5	-37425	ENSG00000147485	PXDNL	peroxidasin like	NA	NA	NA
chr6	6023407	6023689	283	*	peak_29378	-1.08834169213483	0.000360862779814985	Distal Intergenic	6	5998002	6007605	9604	2	51299	ENST00000616243.1	-15802	ENSG00000124785	NRN1	neuritin 1	NA	NA	NA
chr10	88249533	88249762	230	*	peak_4775	-1.0496069405552	0.000428370720561086	Distal Intergenic	10	88132149	88190583	58435	1	101929727	ENST00000752272.1	117384	NA	LOC101929727	uncharacterized LOC101929727	NA	NA	NA
chr16	1738848	1739765	918	*	peak_11648	-1.35927506297038	0.000519827703271501	Intron (ENST00000685674.1/23162, intron 4 of 8)	16	1734985	1735066	82	1	100423012	ENST00000578255.1	3863	ENSG00000265820	MIR3177	microRNA 3177	NA	NA	NA
chr16	83154035	83154279	245	*	peak_13066	-1.22626134066596	0.000640853604096093	Intron (ENST00000268613.14/1012, intron 5 of 14)	16	82987061	82992488	5428	2	101928417	ENST00000743343.1	-161547	ENSG00000260832	LOC101928417	uncharacterized LOC101928417	NA	NA	NA
chr3	193079363	193079603	241	*	peak_27014	-1.0672608120229	0.000641306664262733	Distal Intergenic	3	193237745	193240561	2817	2	105374280	ENST00000812979.1	160958	NA	LOC105374280	uncharacterized LOC105374280	NA	NA	NA
chr5	10311251	10311466	216	*	peak_28118	-1.03563125466214	0.000751603205916567	Distal Intergenic	5	10277595	10307902	30308	2	134147	ENST00000296658.4	-3349	ENSG00000164237	CMBL	carboxymethylenebutenolidase homolog	NA	NA	NA
chr12	10206016	10206403	388	*	peak_7773	-1.01424098996868	0.000782391582495099	Intron (ENST00000800881.1/ENST00000800881.1, intron 1 of 1)	12	10212458	10214123	1666	1	23710	ENST00000539408.5	-6055	ENSG00000139112	GABARAPL1	GABA type A receptor associated protein like 1	NA	NA	NA
chr21	19640979	19641286	308	*	peak_22598	-1.03712801974507	0.000935656641510286	Distal Intergenic	21	19893098	19899814	6717	2	105372746	ENST00000443479.2	258528	NA	LINC01683	long intergenic non-protein coding RNA 1683	NA	NA	NA
chr15	100253592	100253871	280	*	peak_11430	-1.04474104789663	0.0011135199521945	Intron (ENST00000268070.9/170691, intron 7 of 21)	15	100168388	100261505	93118	2	170691	ENST00000559976.1	7634	ENSG00000140470	ADAMTS17	ADAM metallopeptidase with thrombospondin type 1 motif 17	NA	NA	NA
chr2	15711359	15711787	429	*	peak_18316	-1.87176516535453	0.00117452531702616	Intron (ENST00000770647.1/124905976, intron 2 of 3)	2	15690840	15785754	94915	1	124905976	ENST00000770651.1	20519	ENSG00000231031	LOC124905976	uncharacterized LOC124905976	NA	NA	NA
chr11	115092061	115092376	316	*	peak_7203	-1.03610517384002	0.00117562426248576	Distal Intergenic	11	115176327	115179111	2785	2	23705	ENST00000546000.1	86735	ENSG00000182985	CADM1	cell adhesion molecule 1	NA	NA	NA
chr16	85015877	85016112	236	*	peak_13127	-1.00818094055932	0.00121788572476456	Intron (ENST00000728087.1/55625, intron 1 of 1)	16	84974175	85011535	37361	2	55625	ENST00000313732.9	-4342	ENSG00000153786	ZDHHC7	zinc finger DHHC-type palmitoyltransferase 7	NA	NA	NA
chr16	55835821	55835957	137	*	peak_12578	-1.0299779417312	0.00128024874259401	Distal Intergenic	16	55802854	55833337	30484	2	1066	ENST00000422046.6	-2484	ENSG00000198848	CES1	carboxylesterase 1	NA	NA	NA
chr8	134644251	134645038	788	*	peak_33003	-1.14220111834102	0.00130378391033632	Intron (ENST00000520356.5/57623, intron 2 of 13)	8	134608740	134639880	31141	2	57623	ENST00000522257.5	-4371	ENSG00000066827	ZFAT	zinc finger and AT-hook domain containing	NA	NA	NA
chr8	136021278	136022153	876	*	peak_33038	-1.3738516649297	0.00131598516424426	Intron (ENST00000650054.1/107986979, intron 2 of 5)	8	136047021	136166122	119102	1	107986979	ENST00000502901.6	-24868	NA	LOC107986979	uncharacterized LOC107986979	NA	NA	NA
chr1	180242220	180242649	430	*	peak_2839	-1.01066606465299	0.00151349739902827	Intron (ENST00000263726.4/89884, intron 1 of 5)	1	180248285	180271894	23610	1	89884	ENST00000561113.1	-5636	ENSG00000121454	LHX4	LIM homeobox 4	NA	NA	NA
chr22	15791820	15791922	103	*	peak_22993	-1.30486494657258	0.00151836931449692	Exon (ENST00000458623.2/503637, exon 6 of 6)	22	15787700	15790573	2874	1	503637	ENST00000661156.1	4120	ENSG00000206195	DUXAP8	double homeobox A pseudogene 8	NA	NA	NA
chr17	56017944	56018643	700	*	peak_14766	-1.60815885680726	0.00154179082807263	Intron (ENST00000635860.2/162282, intron 3 of 22)	17	55962062	56511659	549598	1	162282	ENST00000653862.1	55882	ENSG00000153930	ANKFN1	ankyrin repeat and fibronectin type III domain containing 1	NA	NA	NA
chr8	6648852	6649706	855	*	peak_31917	-1.1836730847636	0.00228920040833819	Promoter (<=1kb)	8	6626596	6648820	22225	2	100507530	ENST00000749482.1	-32	NA	MCPH1-AS1	MCPH1 antisense RNA 1	NA	NA	NA
chr5	146190330	146190485	156	*	peak_28872	-1.12880108462945	0.00236496906271349	Distal Intergenic	5	146110566	146182696	72131	2	51520	ENST00000674174.1	-7634	ENSG00000133706	LARS1	leucyl-tRNA synthetase 1	NA	NA	NA
chr2	111611289	111611379	91	*	peak_19621	-1.0938127090735	0.00269151754316656	Intron (ENST00000630717.1/ENST00000630717.1, intron 1 of 1)	2	111607756	111612541	4786	1	105373559	ENST00000426124.2	3533	ENSG00000225744	LOC105373559	uncharacterized LOC105373559	NA	NA	NA
chr3	8670201	8670920	720	*	peak_24969	-1.09579864154218	0.00274021542776303	Intron (ENST00000455157.6/51066, intron 2 of 16)	3	8632076	8677352	45277	2	51066	ENST00000466215.5	6432	ENSG00000125046	SSUH2	ssu-2 homolog	NA	NA	NA
chr10	14977825	14979219	1395	*	peak_3540	-1.27337652199324	0.00294921426254157	Intron (ENST00000467536.1/644890, intron 1 of 2)	10	14972555	14988050	15496	1	644890	ENST00000467536.1	5270	ENSG00000197889	MEIG1	meiosis/spermiogenesis associated 1	NA	NA	NA
chr8	74823256	74823585	330	*	peak_32500	-1.12931225183025	0.00323325760986915	Promoter (<=1kb)	8	74824534	74851147	26614	1	51050	ENST00000649643.1	-949	ENSG00000137558	PI15	peptidase inhibitor 15	NA	NA	NA
chr2	71015641	71017589	1949	*	peak_19107	-1.30383598918477	0.00353886222103747	Intron (ENST00000760092.1/ENST00000760092.1, intron 1 of 3)	2	71024035	71029658	5624	1	79315	ENST00000760319.1	-6446	ENSG00000290930	OR7E91P	olfactory receptor family 7 subfamily E member 91 pseudogene	NA	NA	NA
chr8	142482501	142483090	590	*	peak_33511	-1.18516290066657	0.00354621842211526	Intron (ENST00000643448.1/575, intron 11 of 30)	8	142479120	142540020	60901	1	575	ENST00000518820.1	3381	ENSG00000181790	ADGRB1	adhesion G protein-coupled receptor B1	NA	NA	NA
chr17	66206742	66207180	439	*	peak_15025	-1.28966831603786	0.00361371468092421	Distal Intergenic	17	66212039	66220630	8592	2	350	ENST00000585162.1	13450	ENSG00000091583	APOH	apolipoprotein H	NA	NA	NA
chr16	1736499	1737843	1345	*	peak_11646	-1.5361692573333	0.00432560753947197	Promoter (1-2kb)	16	1734985	1735066	82	1	100423012	ENST00000578255.1	1514	ENSG00000265820	MIR3177	microRNA 3177	NA	NA	NA
chr12	79458976	79459904	929	*	peak_8275	-1.53010217556658	0.00534496449880392	Intron (ENST00000549527.1/ENST00000549527.1, intron 1 of 1)	12	79419257	79419321	65	1	100302136	ENST00000408861.1	39719	ENSG00000221788	MIR1252	microRNA 1252	NA	NA	NA
chr2	10014629	10015202	574	*	peak_18180	-1.5202170389444	0.00557938645689309	Exon (ENST00000730132.1/ENST00000730132.1, exon 2 of 2)	2	9996244	10009762	13519	2	124905970	ENST00000686345.2	-4867	NA	LOC124905970	uncharacterized LOC124905970	NA	NA	NA
chr12	52108618	52109831	1214	*	peak_8076	-1.24528471577734	0.00677044460051317	Distal Intergenic	12	52092485	52104297	11813	2	112268096	ENST00000547538.1	-4321	NA	SMIM41-AS1	SMIM41 antisense RNA 1	NA	NA	NA
chr14	51761311	51762820	1510	*	peak_9451	-1.07753593724085	0.00723423680828836	Intron (ENST00000557308.1/ENST00000557308.1, intron 2 of 2)	14	51765276	51825422	60147	1	101927598	ENST00000553312.1	-2456	NA	LOC101927598	uncharacterized LOC101927598	NA	NA	NA
chr5	61807988	61808428	441	*	peak_28310	-1.61727483286972	0.00744090121096626	Exon (ENST00000797193.1/124900983, exon 10 of 11)	5	61775924	61784707	8784	2	105378995	ENST00000797463.1	-23281	NA	LOC105378995	uncharacterized LOC105378995	NA	NA	NA
chr3	125689294	125690880	1587	*	peak_26371	-1.52020923699253	0.00786911200482612	Intron (ENST00000805499.1/ENST00000805499.1, intron 2 of 2)	3	125758965	125797953	38989	1	112267908	ENST00000773771.1	-68085	NA	LOC112267908	translation initiation factor IF-2-like	NA	NA	NA
