gene_id	baseMean	log2FC_MLE	lfcSE	stat	pvalue	padj	log2FC_shr	delta_counts	median_TPM_A	median_TPM_B
ENSG00000104327.7	ENSG00000104327.7	2481.52345935454	5.61029147323391	0.110076097291194	2896.26691965023	0	0	5.60619615731185	4699.16248582091	284.757228053426	6.05193944439126
ENSG00000171747.9	ENSG00000171747.9	1808.00931350327	-5.0694438582697	0.136134229970251	1316.24696221658	3.3307787827727e-288	2.57069506454397e-284	-5.06171250192851	-3549.66667550215	8.12465359025664	302.673061317367
ENSG00000184489.13	ENSG00000184489.13	2276.38712938393	-2.53459585334924	0.073324955156789	1145.39591832364	4.49283473080487e-251	2.3117132301568e-247	-2.53018012997337	-3205.74997626369	20.2378119664714	120.511171990111
ENSG00000146674.16	ENSG00000146674.16	10303.3633127608	1.77383896585273	0.0541880460803767	1020.85015212135	5.27522170708191e-224	2.03570805676291e-220	1.77087254757976	11365.6499077698	432.807377875511	126.138030573004
ENSG00000165376.12	ENSG00000165376.12	2062.27534823731	2.49030106519918	0.0769420896149755	1000.68927336104	1.27187011418614e-219	3.92651741651546e-216	2.48579822006216	2912.58571118677	80.6565883576302	14.1895331835842
ENSG00000119922.11	ENSG00000119922.11	3362.98355258627	2.17820297570917	0.0677760767178377	980.911317563659	2.53219611698513e-215	6.51449654363041e-212	2.17423553163706	4321.11074921285	104.611666765816	23.6775621357093
ENSG00000102837.7	ENSG00000102837.7	11237.9226502531	3.52935560349607	0.104596456827538	948.198954113851	3.26773438037068e-208	7.20582112791454e-205	3.52258657555383	19882.053322401	507.606916776879	45.76247932816
ENSG00000196188.12	ENSG00000196188.12	3179.14238392821	-2.5124224852414	0.0801397656971769	916.845309195724	2.13742240635552e-201	4.12415653306298e-198	-2.5074175612236	-4526.96679972666	36.4882563323309	202.862902974119
ENSG00000185745.10	ENSG00000185745.10	2138.59252551018	2.25096621991706	0.0737143885499197	895.754913707565	8.21587628294212e-197	1.40911407003883e-193	2.24635447214861	2809.79117564045	53.0467042203881	11.3541562552098
ENSG00000261780.3	ENSG00000261780.3	379.524688553926	5.71023921134238	0.244565913775738	847.944104185888	2.03480629139536e-186	3.14092699139788e-183	5.69038772246796	733.526901541376	44.3989532754049	0.843788800702871
ENSG00000182985.18	ENSG00000182985.18	391.015341668076	5.68365015309546	0.242424107481107	806.663306650434	1.92019692063098e-177	2.69455996971453e-174	5.66354320530234	740.372603765828	16.0047584959879	0.329766806704477
ENSG00000198074.10	ENSG00000198074.10	6583.32038222768	2.80141512902424	0.0933614999936804	800.448926660429	4.30979310239936e-176	5.54383052738638e-173	2.79544325432274	10175.7011630214	531.527507610708	80.8927015043738
ENSG00000141682.12	ENSG00000141682.12	2397.86301422027	2.14722695106984	0.0747860511112602	788.116340949759	2.069219643403e-173	2.45695957042837e-170	2.14244830523717	3045.17625934193	146.772784535694	33.9679857312705
ENSG00000160182.3	ENSG00000160182.3	2078.72421444206	-2.51237467134281	0.0869656697150607	786.492427872737	4.66532173580586e-173	5.14385045099281e-170	-2.5065039373325	-3017.92073405279	168.838253059657	991.560595177489
ENSG00000135114.14	ENSG00000135114.14	3400.11662515216	2.29128851281724	0.0802367811869921	762.881890559734	6.34521400095555e-168	6.52964822124999e-165	2.2859661601913	4575.724846462	217.214965236408	46.0835146640223
ENSG00000163286.9	ENSG00000163286.9	1765.84550766136	2.45557063036302	0.0871351836332853	754.761187223584	3.69957968615925e-166	3.56916950222214e-163	2.44947678525676	2437.08935092815	81.8402905218808	15.8448089881828
ENSG00000162344.4	ENSG00000162344.4	679.553629205458	3.29901905527684	0.122284488833992	736.29232056074	3.83690575723464e-162	3.48391042756905e-159	3.29028096951343	1110.9885433344	47.9454636846085	5.21935468940717
ENSG00000214814.7	ENSG00000214814.7	375.000691294437	-6.0342153667807	0.286926337756931	731.893451964824	3.47121084866317e-161	2.97675614777582e-158	-6.00745390444242	-766.879737789593	0.106786845410033	8.19823868039986
ENSG00000021355.13	ENSG00000021355.13	3770.12273381097	-1.68710403167075	0.0614064195666682	730.545587888223	6.81655812332779e-161	5.53791532587831e-158	-1.68285978581283	-3950.73693533751	65.1109693408382	210.47868605498
ENSG00000249859.14	ENSG00000249859.14	2467.85285781908	-1.8888740504638	0.0696821218040027	708.925562482855	3.42609456604464e-156	2.64425978607326e-153	-1.88396339338799	-2839.10296533973	124.387852716704	471.186746358513
ENSG00000137965.11	ENSG00000137965.11	1600.28104382715	2.35985506987221	0.0877117073624849	691.879671421416	1.74396436388644e-152	1.28189685337862e-149	2.3536395275733	2184.71987975487	194.487688165417	38.2031776171021
ENSG00000169248.13	ENSG00000169248.13	912.711877291446	2.65356050160035	0.10027927229576	689.005690696608	7.35386871845427e-152	5.15974170627546e-149	2.64636787778572	1330.7404699165	79.9956864820875	12.5949952478068
ENSG00000187608.10	ENSG00000187608.10	1363.67922364274	2.32608885135088	0.0893253532790021	653.652970872427	3.58645501454952e-144	2.40697911324288e-141	2.31963546848071	1755.08704294841	383.934741389192	75.3832762728896
ENSG00000189334.9	ENSG00000189334.9	1285.60956338794	-2.33850920791218	0.0918337872784614	626.881624789456	2.38254998677457e-138	1.53237673316051e-135	-2.3314447678365	-1777.92211387386	32.3818485889406	169.441207529087
ENSG00000147813.16	ENSG00000147813.16	6000.86792893297	-1.80665881661423	0.0718599198541264	601.375843354993	8.40509685176778e-133	5.1896430001555e-130	-1.80176568458012	-6295.4612003631	131.365655761184	441.411348832144
ENSG00000131746.13	ENSG00000131746.13	3699.37450874611	-1.78099974908014	0.0744674045057505	547.989578534118	3.44619559613128e-121	2.04597981622625e-118	-1.77570893485892	-4001.55196899778	28.5164818899544	99.2626883808023
ENSG00000204839.9	ENSG00000204839.9	1919.87959170057	-2.04719546986518	0.0869107092316193	531.853247110185	1.11626212098516e-117	6.3817118887137e-115	-2.04011112717902	-2354.00960624154	20.6571201974466	82.762095839854
ENSG00000137628.18	ENSG00000137628.18	2669.06206463851	1.96422241949053	0.083809183946337	522.736697431438	1.07433593459349e-115	5.92266053085185e-113	1.95753707012709	3267.24663194587	46.4200804620645	11.7606671603672
ENSG00000134318.16	ENSG00000134318.16	2424.43953456053	-1.56403906031383	0.0683724310635431	510.855427209845	4.13141194411773e-113	2.19905085411729e-110	-1.55852660815562	-2375.06775463005	10.3701366437286	30.86748959125
ENSG00000119917.15	ENSG00000119917.15	1989.63569571403	2.19056598378178	0.0944615290584427	507.913184745565	1.80404646706765e-112	9.28242042188542e-110	2.18293853931645	2497.74918728438	91.8132619186819	20.6259639141624
ENSG00000187134.14	ENSG00000187134.14	878.628383469966	3.38838057572347	0.147083357151001	493.343411332329	2.66887904044723e-109	1.32892957639817e-106	3.3759756505736	1526.80002759857	101.644579944165	9.28936999383383
ENSG00000084234.18	ENSG00000084234.18	21280.1795281778	1.19136451293264	0.053782422983809	478.336135336723	4.91810956973929e-106	2.37237310370299e-103	1.18724098188545	16658.1704147344	606.015715472789	265.743594052721
ENSG00000105939.14	ENSG00000105939.14	2863.18343018517	1.68794655238271	0.0761325393563246	473.406386568466	5.81459841892157e-105	2.71982246043859e-102	1.68177412617615	2997.5286903641	49.6315980007565	15.7812287126082
ENSG00000134193.15	ENSG00000134193.15	205.520708883134	-7.72358494471596	0.579271433534828	459.569907084736	5.96330478091993e-102	2.70734037053765e-99	-7.6367910842349	-437.000476633415	0.057516498836439	22.3294106422437
ENSG00000073737.17	ENSG00000073737.17	520.323502115377	3.08083993415085	0.145147741241592	441.011474300739	6.5209518939762e-98	2.87592609815476e-95	3.06797253509602	819.158078124423	42.7534437051458	4.99599202064158
ENSG00000126709.16	ENSG00000126709.16	315.91379231704	3.46796507384625	0.172597788131211	427.399749264845	5.98186128822449e-95	2.56488919013981e-92	3.45131703387306	528.772194721754	63.8201293523535	5.97825435834004
ENSG00000111331.14	ENSG00000111331.14	2801.80131843261	1.48909258022199	0.072493039631898	410.496518328802	2.85790205480129e-91	1.19228584102467e-88	1.48277106723679	2740.51743180723	45.266876935718	16.1053038984035
ENSG00000115414.21	ENSG00000115414.21	1560.70145626281	1.87212217230304	0.090848086410417	410.158986254122	3.38469283992386e-91	1.37489785992276e-88	1.86392872336163	1862.44678543984	28.6925504176585	7.64778503357412
ENSG00000187908.20	ENSG00000187908.20	26982.7018998098	1.33921042718402	0.0651288184643474	409.04120795293	5.92695271400842e-91	2.34585748957523e-88	1.3335851876325	24186.2583247	400.152277402215	158.834177228652
ENSG00000172183.16	ENSG00000172183.16	1296.02203525456	2.08088803705682	0.100772942040584	408.425426869784	8.06997500147651e-91	3.11420335306978e-88	2.07167374776481	1527.58316877235	190.873408188546	46.6737577392538
ENSG00000150687.12	ENSG00000150687.12	1194.8095374523	1.73769556313281	0.085646465783309	403.436615863468	9.83636135390826e-90	3.70327009412019e-87	1.73023095127586	1306.06920608449	36.5146130859643	10.9001416187741
ENSG00000171863.15	ENSG00000171863.15	40814.8197218425	-1.94669217852917	0.0946861264470371	394.471682090175	8.79833888166953e-88	3.23359902327264e-85	-1.93655568223242	-50454.7773637871	2142.72819021678	8759.49757062195
ENSG00000149418.11	ENSG00000149418.11	13190.1857958878	1.01785851387536	0.0519541916224563	377.092132946092	5.34633189296853e-84	1.91920881627587e-81	1.01374716217752	8954.63611640824	360.128764505746	176.733023426256
ENSG00000085662.14	ENSG00000085662.14	8045.64952487396	1.56848024827927	0.0792429722146307	375.613095338887	1.12220900406408e-83	3.93691322425754e-81	1.56102301913765	8059.20517708639	731.56111374715	254.332711148298
ENSG00000180730.5	ENSG00000180730.5	294.680882211427	-3.81352783354401	0.202544133764624	374.910343061764	1.5961693957583e-83	5.47521573176115e-81	-3.79199712135572	-522.550933490073	0.644532663249577	9.5747824834823
ENSG00000089820.17	ENSG00000089820.17	258.101441708507	-4.93221297791845	0.29547899664609	374.538910968727	1.92286387027503e-83	6.45246232642725e-81	-4.89634188864318	-499.819736318482	0.650320593541213	17.9726422665776
ENSG00000130303.14	ENSG00000130303.14	1278.39626511463	1.77320959850385	0.0909021717606405	370.02183379667	1.85114403401687e-82	6.07962964023073e-80	1.76478179570233	1346.8352699438	166.030701096535	47.8435226938667
ENSG00000164825.4	ENSG00000164825.4	994.328540129469	1.98799781908854	0.101952507870341	369.145920126734	2.87180098114234e-82	9.23523332185692e-80	1.97820541722789	1188.09655824463	871.796642346278	213.186400672351
ENSG00000151632.18	ENSG00000151632.18	5515.47532188818	5.05658425782808	0.22565754947302	365.606952030982	1.69321487484386e-81	5.33397240981424e-79	5.03751094407959	10684.9081842504	781.92857184166	24.6802610122647
ENSG00000116251.11	ENSG00000116251.11	3845.74356134322	-1.2988876798986	0.0674519577030725	362.187818045372	9.40149299686742e-81	2.90242891799291e-78	-1.29267077491045	-3224.62032807353	164.053473351334	408.553246744152
ENSG00000264364.3	ENSG00000264364.3	2332.72263706661	1.34913026538335	0.0703488047681164	360.446539518514	2.25087527123464e-80	6.81264915427018e-78	1.34268322013316	2069.68412745482	31.355750476531	12.5511572441275
ENSG00000243649.10	ENSG00000243649.10	3626.36061559629	1.34483278658187	0.0699947295397537	359.90874797652	2.94750012638229e-80	8.74954075977634e-78	1.33842885368484	3034.00725508443	157.738007828886	60.6881124807615
ENSG00000197632.9	ENSG00000197632.9	627.907957353846	-2.71659870897924	0.141406393686635	353.408721080183	7.67100773025974e-79	2.23414481743942e-76	-2.7021482960392	-963.533590100259	6.00151674694539	42.3129459860653
ENSG00000090382.7	ENSG00000090382.7	4611.64044800185	-1.38788056343489	0.0732151351574526	348.841935702242	7.57400677849923e-78	2.16504386357248e-75	-1.38095986668165	-4021.57320809176	127.843888544425	340.710246747657
ENSG00000106853.20	ENSG00000106853.20	1701.61727369424	1.76116835548906	0.0930931370324975	344.919577426321	5.41372798480465e-77	1.5193873667899e-74	1.75207526887138	1903.95842460533	155.323830287137	47.4446129137632
ENSG00000124766.7	ENSG00000124766.7	1321.66095058252	-1.6133138173157	0.0862007653688992	343.03966192223	1.3896161361194e-76	3.83037762091769e-74	-1.60475816595656	-1332.86354694398	8.56295233884714	26.6097183444964
ENSG00000169398.20	ENSG00000169398.20	5153.96125381947	-1.17632798690378	0.064198349297424	328.933795959163	1.64062431026402e-73	4.36632359538542e-71	-1.17008929105844	-3871.02702388126	61.2474096380514	138.52655895969
ENSG00000008517.19	ENSG00000008517.19	2330.89044005472	-1.38690959221854	0.0757162834944653	327.90988192731	2.74171421789616e-73	7.17306790973646e-71	-1.37945445850245	-1990.62104873455	128.028655688514	329.871158921945
ENSG00000128422.18	ENSG00000128422.18	966.944707018816	2.01894556671971	0.110019873028105	324.597210378167	1.44394688515954e-72	3.71479401988711e-70	2.00767910236361	1164.99924233407	78.9485707740771	18.0766424744954
ENSG00000271503.6	ENSG00000271503.6	767.25609031071	2.27613268883303	0.12416503217708	322.312311784309	4.54187571876668e-72	1.14931792778496e-69	2.26332212456468	1043.25069925298	80.6187424783827	15.2510912700836
ENSG00000171865.10	ENSG00000171865.10	2774.66698383235	-1.42431462362293	0.0784449567908742	320.677986547161	1.03091194821724e-71	2.56663819881956e-69	-1.41645280620247	-2476.34652561573	21.6327747256287	58.2129739251585
ENSG00000104472.10	ENSG00000104472.10	2470.40700754754	-1.46291190228124	0.0807098574596484	319.39875932529	1.95823521053169e-71	4.79798709678845e-69	-1.45474615874121	-2398.44981487697	68.4505667935934	196.773892395572
ENSG00000107201.11	ENSG00000107201.11	758.654768230671	1.83452357321921	0.101946294414724	319.074953763944	2.30354783769125e-71	5.55586944103157e-69	1.82399979343401	841.704037208764	17.1346530892816	5.00305635782435
ENSG00000157227.14	ENSG00000157227.14	839.660506858147	-1.71560396795594	0.0961259551552075	313.323129482984	4.12397038691988e-70	9.79347798346081e-68	-1.70549420246566	-883.06257500728	14.2665787942114	48.3619228189975
ENSG00000172340.15	ENSG00000172340.15	1607.95252941828	-1.32503943162006	0.0745466727248086	311.539590490878	1.00887626211405e-69	2.35954757302917e-67	-1.3175586436629	-1385.69328900358	29.2769584385078	74.3497751282147
ENSG00000187837.4	ENSG00000187837.4	1337.17090957961	-1.55551719989636	0.0875180810649141	309.219793317414	3.22989307578942e-69	7.4412879877441e-67	-1.54652704195408	-1347.39284947768	89.6173927811582	267.295150640675
ENSG00000137033.12	ENSG00000137033.12	115.32629608773	-10.2500458867821	1.20074252321165	306.759464395711	1.10959720495136e-68	2.51878565523959e-66	-11.3678733416668	-229.856130745947	0	6.01006737003847
ENSG00000197903.8	ENSG00000197903.8	2210.44298052713	-1.45234683800272	0.0818472922216183	306.726087811628	1.12833085230394e-68	2.52419058495125e-66	-1.44324530371231	-2214.246541297	323.770661829517	911.247041589611
ENSG00000166741.8	ENSG00000166741.8	2372.66375062639	1.57745316344038	0.089240261422011	301.919957961031	1.25742348964262e-67	2.77279842658907e-65	1.56816487323797	2414.23865884847	391.452038242704	133.457746996298
ENSG00000124570.21	ENSG00000124570.21	1272.79039345197	-1.47727704669327	0.0847016391245159	299.038544723226	5.33631176380982e-67	1.16015927304462e-64	-1.4684125133074	-1222.8048115767	36.7252396061238	103.686266426734
ENSG00000128591.16	ENSG00000128591.16	945.533527778157	-2.42955595122215	0.137489734267056	291.817449189489	1.99781274348284e-65	4.28308854283348e-63	-2.41421390647133	-1177.56365821254	2.9657144454933	13.9603832305324
ENSG00000117477.13	ENSG00000117477.13	104.487402802665	-8.2876550544553	1.04635459677238	291.423698525065	2.43415297396604e-65	5.14706648029313e-63	-8.03731477361022	-213.118765418068	0	8.37705464124148
ENSG00000169908.12	ENSG00000169908.12	8773.78267150078	-1.18482322232231	0.0687841438546648	289.608756617411	6.05068997987748e-65	1.26214122337012e-62	-1.17791133869863	-7090.05347663947	265.032603191253	629.227058591793
ENSG00000171401.15	ENSG00000171401.15	231.498287301915	-3.74027935608037	0.226840349336807	285.044989219014	5.97365225516899e-64	1.22945728281051e-61	-3.71278384265646	-414.150312450346	1.2264619130673	19.4285490200537
ENSG00000006210.7	ENSG00000006210.7	431.821107637955	3.19037946991813	0.183835000503423	284.144104812598	9.38743911377767e-64	1.90663829158253e-61	3.16969880428834	703.69544034907	15.2604444105892	1.45154489550419
ENSG00000196139.14	ENSG00000196139.14	4727.77957894953	1.40174476977556	0.0823251017897481	280.749650742033	5.15507539018662e-63	1.03342524315481e-60	1.3931596351911	4489.01780904661	458.144086975953	170.264914120811
ENSG00000124795.17	ENSG00000124795.17	6351.84721359169	-1.14673666018355	0.0684495023974749	274.705093592051	1.07025371566822e-61	2.11800466090445e-59	-1.13969356557768	-4707.70196057773	98.3680514832408	222.298089310303
ENSG00000234745.14	ENSG00000234745.14	3480.46085542793	1.02695804287883	0.061562541922809	274.570586754414	1.14498585743046e-61	2.23721540446792e-59	1.02097304427056	2346.09549235532	224.22305085425	110.053657523952
ENSG00000123908.12	ENSG00000123908.12	5747.78147806284	-1.4947467492941	0.089749285477056	266.974343842017	5.18025762699261e-60	9.87190823830345e-58	-1.47998024205947	-5603.82643520025	19.8137166600062	61.8322462783374
ENSG00000130066.17	ENSG00000130066.17	1623.20349356065	-1.42399329117681	0.0862463963688972	266.748518024495	5.80191305316565e-60	1.09217475473982e-57	-1.41451477717248	-1403.30305928538	71.123097609701	184.916589706997
ENSG00000144460.13	ENSG00000144460.13	856.08185057168	1.53179540270359	0.0938530269640146	263.200608012389	3.44251710146634e-59	6.32603499740886e-57	1.52138985068738	841.050235109209	10.7032331221556	3.79380559787433
ENSG00000100867.15	ENSG00000100867.15	399.636597349123	2.15385336336998	0.13310547292433	260.27813479041	1.49241471179085e-58	2.71022511661219e-56	2.13819149757548	513.199985138284	26.7690578148845	6.04749306164681
ENSG00000108602.18	ENSG00000108602.18	2637.30558147547	1.5562590865854	0.094866852106183	259.50796740372	2.19668548394124e-58	3.94279501512988e-56	1.5459158284207	2822.23546729692	186.877623132673	60.5324892841553
ENSG00000114854.8	ENSG00000114854.8	1643.35336606864	-1.71008724431823	0.104455575573884	258.0518901895	4.56208728237308e-58	8.09429647019665e-56	-1.69805513208986	-1682.97311510239	116.955818117377	360.073798691313
ENSG00000075223.14	ENSG00000075223.14	2494.63175103955	1.22496451193661	0.0767404413406771	249.785587410006	2.89190243025119e-56	4.90542922124806e-54	1.21668035746874	2022.75435683961	54.3565985584993	23.8130797559351
ENSG00000124201.15	ENSG00000124201.15	3086.27732518463	1.11553093123126	0.0703695233163758	247.109809182551	1.10800503079668e-55	1.85903974514974e-53	1.10810174930262	2339.91819678318	37.0955860583347	17.003752499298
ENSG00000138642.16	ENSG00000138642.16	735.571648248926	1.86776165980552	0.117879388578369	243.782235579172	5.88891938768481e-55	9.67035741152157e-53	1.85391039383308	845.321325554316	20.6420689596055	5.85340015092516
ENSG00000261150.3	ENSG00000261150.3	1431.16265871328	-1.31022882452691	0.0833339531568181	243.310622432262	7.46211970523587e-55	1.21247662915812e-52	-1.30078138944974	-1223.79374312189	3.18741555175482	8.04064529813478
ENSG00000188643.11	ENSG00000188643.11	3375.54818606987	-1.17218780605103	0.0745073903184934	242.660094503511	1.03442550636806e-54	1.66327001211432e-52	-1.16407846642625	-2713.43134943938	141.56293397497	330.449503702321
ENSG00000168268.11	ENSG00000168268.11	3768.10525552695	-1.019436291731	0.0650809077181645	241.889178602734	1.52330494919337e-54	2.42409641193288e-52	-1.01253278986065	-2435.02352333571	104.043646954342	209.576689363327
ENSG00000167779.9	ENSG00000167779.9	1145.28360530914	1.49775007844641	0.0958987118276207	238.744388464889	7.38733538207697e-54	1.16358070365041e-51	1.48681178015766	1080.66577844906	159.384225368966	56.0521972513417
ENSG00000197858.12	ENSG00000197858.12	1886.65484775139	-1.14139542114999	0.0735821424291425	237.504966577809	1.3764035950827e-53	2.14607736299965e-51	-1.13327237361923	-1398.80500075316	41.0348573771782	91.7994068694422
ENSG00000125255.7	ENSG00000125255.7	120.750724914014	4.98304189774354	0.372890910216782	235.777050730986	3.2774072738378e-53	5.05900586789602e-51	4.92835419562604	215.142014328894	4.34660558534775	0.16716008306879
ENSG00000111335.14	ENSG00000111335.14	478.888071247288	2.23110937814388	0.143703125815473	234.64457677362	5.7873641109009e-53	8.84492598176894e-51	2.21331337716778	640.261617550532	13.4579841159442	2.70023065345723
ENSG00000100342.22	ENSG00000100342.22	1045.85091494508	1.56522490125313	0.102199856472521	228.863270434995	1.05498664353958e-51	1.5965464538899e-49	1.55308951190429	1085.41536538969	39.1856167809096	12.868510534745
ENSG00000113758.14	ENSG00000113758.14	1859.93820970837	-1.326006953983	0.0870909575343319	226.99419088289	2.69698055073413e-51	4.04180502729438e-49	-1.31572873497534	-1557.73741431268	27.5236410829142	67.4992371742432
ENSG00000020181.18	ENSG00000020181.18	326.211211572062	2.50427091753534	0.164719275369741	226.974844411792	2.72331072111212e-51	4.04202156645064e-49	2.48345870667339	463.521198953321	4.95171238826476	0.851551473785481
ENSG00000149289.11	ENSG00000149289.11	1320.92761644592	1.19835452463083	0.0795624280115403	224.267158185821	1.06083345425314e-50	1.5448136980992e-48	1.18949597505287	1034.58419292698	12.9800565272889	5.88181922808513
ENSG00000138646.9	ENSG00000138646.9	596.921491706073	1.90794843068598	0.125793220961419	224.101146513745	1.1530697552595e-50	1.66343782637249e-48	1.89240776826811	737.860409879738	20.6802800449201	5.39168966392848
ENSG00000096696.15	ENSG00000096696.15	2684.91415694562	-1.05596050543492	0.0702467278376526	222.887921422194	2.12066717500714e-50	3.03098319568613e-48	-1.03944344795259	-1820.08346526844	12.4265669800256	25.1940758213381
ENSG00000144746.7	ENSG00000144746.7	2100.76152064941	-1.16594248422933	0.0776028132142796	222.06503399002	3.20594718284164e-50	4.54009180865538e-48	-1.15702464078022	-1583.01499484613	42.844490298335	95.5950614108809
ENSG00000249550.8	ENSG00000249550.8	172.040126724011	3.47790809130638	0.241181385557439	221.056969042614	5.31905090154036e-50	7.464079065107e-48	3.44491894721213	291.816106929867	12.2337205419427	0.986181801609212
ENSG00000176903.5	ENSG00000176903.5	898.197707826578	-1.37140129253648	0.0919512988357074	220.138105436463	8.4383846093904e-50	1.17346761108604e-47	-1.36027788284604	-813.117324146274	13.3011401917668	34.5981926715304
ENSG00000165959.12	ENSG00000165959.12	1161.49564149466	-1.36573845626733	0.0918333402695402	217.080712949363	3.91898391603712e-49	5.40119961856687e-47	-1.35466426807088	-1004.42126121911	6.12767046515782	16.1071206084242
ENSG00000168685.15	ENSG00000168685.15	233.392415338643	3.18035551429863	0.214871648012735	216.572162843696	5.05950982001256e-49	6.91137996298353e-47	3.15201553285788	357.594655036908	7.12368890525702	0.970642935987897
ENSG00000159692.17	ENSG00000159692.17	1800.73860391356	1.07468567917925	0.072634396817051	216.459905611167	5.35298910243375e-49	7.24813506887433e-47	1.06651024861268	1296.29495235249	73.9210452427334	35.7847220880792
ENSG00000100600.15	ENSG00000100600.15	1506.09307834771	-1.22206131514857	0.0825927250105196	215.689454861127	7.88251640951443e-49	1.05803933301969e-46	-1.21228834608715	-1203.96341101041	33.8810070601542	77.9520809756512
ENSG00000169213.7	ENSG00000169213.7	315.80781762916	-2.34490286716382	0.159242481904573	215.370285885976	9.25316258265036e-49	1.2207847660324e-46	-2.3238163870814	-401.287215763595	0.523396085473054	2.52759102107468
ENSG00000169245.6	ENSG00000169245.6	348.107408708346	2.21320135498138	0.151747675056784	209.576707344906	1.69909122902883e-47	2.22264171282111e-45	2.19339845205804	447.393480988752	38.0492182941582	8.72254258882507
ENSG00000271303.2	ENSG00000271303.2	2490.05193244131	1.30076614349937	0.0889547878692084	208.558795672841	2.83335361714152e-47	3.64463720284971e-45	1.29012284754462	2250.69682444018	97.263771964915	39.0423351910586
ENSG00000167632.18	ENSG00000167632.18	1102.46259194122	-1.38900408298417	0.0955051270991635	207.808133781754	4.13124142261197e-47	5.27023492557341e-45	-1.37704005783112	-961.36413988342	9.19166652410441	23.1999326893164
ENSG00000231683.6	ENSG00000231683.6	75.3743946981142	7.055419697063	0.772014830924381	206.558219925611	7.74093817694182e-47	9.71456273977837e-45	6.8874311979791	156.536785719072	3.49707624730625	0.0314502697068228
ENSG00000109511.12	ENSG00000109511.12	8319.82590738953	-1.0453280764368	0.0720854224131503	206.307727716615	8.77906553875736e-47	1.09285206174402e-44	-1.03648571928245	-6433.0594434191	290.033947232128	616.904350301062
ENSG00000089127.15	ENSG00000089127.15	1395.61692888586	1.28249121417636	0.0888542432782744	204.729541164913	1.93998687544956e-46	2.37663788963805e-44	1.27244900949645	1134.94275293593	67.2413505195224	28.2180354943099
ENSG00000275896.7	ENSG00000275896.7	1185.22803983976	-1.81995633535994	0.125085893298049	202.687565326278	5.4120780366715e-46	6.57801862787884e-44	-1.80370224380661	-1295.10850306031	60.838575570376	208.59643021384
ENSG00000167700.9	ENSG00000167700.9	606.603172329717	-1.77850369769712	0.124359066078914	200.157004428362	1.93005676828017e-45	2.30948498257153e-43	-1.76205400342708	-621.572268035043	13.755767803723	44.4835937706783
ENSG00000127920.6	ENSG00000127920.6	183.929917716848	3.14937146035332	0.227362469411139	193.900866297969	4.47610685088661e-44	5.27428895803708e-42	3.11737467348911	273.237112308427	6.70414614491315	0.819546447787955
ENSG00000291110.1	ENSG00000291110.1	647.977819897945	1.4605733029195	0.104578292517617	192.980376362732	7.10894538548263e-44	8.25065270453458e-42	1.44710888387021	591.582662691871	44.3330096333876	16.2682975522402
ENSG00000164414.19	ENSG00000164414.19	730.244045057614	1.57033097225925	0.112882170748127	189.785338157144	3.54149979717156e-43	4.0493771014178e-41	1.55562757746129	764.533520241294	43.0189473013071	14.4789984359796
ENSG00000107099.18	ENSG00000107099.18	387.526965839864	1.88471154854746	0.136339316451507	189.738272556421	3.62627462699604e-43	4.08577920746795e-41	1.86621443711121	448.619784071466	6.83909944501923	1.92403484752447
ENSG00000182551.14	ENSG00000182551.14	1170.83283992452	-1.17736102764374	0.0854592750727967	187.700755545887	1.0097692390089e-42	1.12135237218283e-40	-1.16663226560577	-927.690602421731	22.9343561696702	52.4818200515732
ENSG00000015520.15	ENSG00000015520.15	180.886989391446	-3.1978304204373	0.235518339422603	187.223875899033	1.28328136706336e-42	1.41490937014215e-40	-3.16338969196388	-269.762083080775	0.406417638175052	4.00235882952189
ENSG00000110002.16	ENSG00000110002.16	216.947949020116	2.70835419519938	0.201103208437138	183.159730239181	9.89818096492121e-42	1.07597409418679e-39	2.67932694182626	328.728689502921	12.7526090645063	1.91967638357959
ENSG00000204983.15	ENSG00000204983.15	359.472888262984	-1.99729260158858	0.147415796209777	181.27854290107	2.54840160373954e-41	2.75084805281983e-39	-1.97637721908327	-438.546223564571	15.7484438173953	66.2439657822259
ENSG00000089356.19	ENSG00000089356.19	2530.51992266532	-1.12921700889957	0.083830245377151	178.06863308803	1.27975957194903e-40	1.35303895565789e-38	-1.11856647299017	-1770.80637692444	150.912655083739	325.620248305096
ENSG00000149328.15	ENSG00000149328.15	1795.99998930497	1.09144412502058	0.0812481262510238	177.930734827209	1.37163639611343e-40	1.44031152451748e-38	1.08136771342754	1328.17049717607	51.0941412841622	24.2921271335699
ENSG00000180573.10	ENSG00000180573.10	1530.96388215529	-1.39565294130756	0.103453334161494	177.275875197736	1.9064782578293e-40	1.98840529647656e-38	-1.3815529102404	-1390.5022985662	64.0073999621887	164.128100248539
ENSG00000142657.21	ENSG00000142657.21	4018.66516957459	1.2138440233651	0.0900772292837062	177.169828757818	2.01088881443237e-40	2.0832268281596e-38	1.20235576964521	2911.42238146539	180.809745224551	81.7677871995946
ENSG00000117525.14	ENSG00000117525.14	2283.7614676603	1.03769189399412	0.0774932568463176	176.857876468483	2.35237259082982e-40	2.42074822080327e-38	1.02827035969673	1568.43617292194	98.9210978076363	49.759930569366
ENSG00000011052.21	ENSG00000011052.21	491.877758868068	-1.72905876467384	0.129076212845952	176.579691332739	2.70552348484455e-40	2.76572586172586e-38	-1.71087522683716	-492.592445237603	19.150774422308	59.7746616947524
ENSG00000185000.12	ENSG00000185000.12	1151.85764268923	-1.28858979184726	0.0962183175259454	176.212924060211	3.25342146230958e-40	3.30393511132965e-38	-1.27578678013851	-992.474600031449	27.0650215325003	68.4500368361224
ENSG00000157601.15	ENSG00000157601.15	752.040815643785	1.55175010452526	0.115925342418197	175.397642334792	4.90198936518873e-40	4.94556260399041e-38	1.53602244449497	697.867859562699	25.2934568864336	9.69130523213477
ENSG00000127399.15	ENSG00000127399.15	1070.54922185304	1.27824084866569	0.0960332852518358	174.41553640094	8.03229574465695e-40	7.99913013642095e-38	1.26568409090564	828.751956482693	61.1122711531992	25.4947368199614
ENSG00000184428.13	ENSG00000184428.13	1037.67547162235	-1.15414196419777	0.0871585940620886	173.762081882798	1.11568478048114e-39	1.10395578663506e-37	-1.14321938877045	-773.153569012803	24.8323204684382	55.7254387577976
ENSG00000134827.8	ENSG00000134827.8	377.486131177566	2.27090286405881	0.169792050409474	172.162130102738	2.49432323539239e-39	2.43685907984285e-37	2.24664062305567	505.378473220495	32.7001739509458	7.31396593741722
ENSG00000148344.11	ENSG00000148344.11	904.354744008961	1.19741339261338	0.0913402482762399	170.200866839321	6.68798537209652e-39	6.49281397507433e-37	1.18549549976279	726.753603673207	52.0477954053301	22.7974463167935
ENSG00000115267.10	ENSG00000115267.10	942.506886447381	1.30730019080465	0.0995086210512578	169.965574826377	7.52809850630162e-39	7.26273303395449e-37	1.29400259282619	831.308309200037	27.5938720820361	10.9455227825724
ENSG00000154655.16	ENSG00000154655.16	93.194491180199	4.78589461161929	0.426098641386043	166.886085810845	3.54252111439164e-38	3.37545406924379e-36	4.71103644666647	171.376501239953	4.094595654097	0.192494336662533
ENSG00000170345.10	ENSG00000170345.10	748.337152384986	-1.34153792932088	0.104350326940729	163.255092063192	2.200357346738e-37	2.07101926855169e-35	-1.32692773021039	-663.294171499833	15.4541923479071	40.2862422378719
ENSG00000154127.10	ENSG00000154127.10	1978.89579183295	1.39645256979032	0.10770406239987	163.068799823685	2.41652361883318e-37	2.26069445941267e-35	1.38022172552099	1635.59032242481	29.3190318219282	12.296183185975
ENSG00000163634.12	ENSG00000163634.12	1502.62408138547	-1.01888867467479	0.0800033496265702	160.534471712738	8.64716778376563e-37	7.89808768699446e-35	-1.0085080339441	-1026.34685570722	99.2450545037601	202.744675404725
ENSG00000154760.14	ENSG00000154760.14	1737.96224644464	1.09937636576892	0.086582281410863	158.829308990293	2.03908777422079e-36	1.82996272574838e-34	1.08798127138821	1355.73005818775	46.9032504639598	21.927529664783
ENSG00000167183.3	ENSG00000167183.3	1499.82100882212	-1.20836907241046	0.0953967914917315	157.638954438292	3.71134779081144e-36	3.29243474131985e-34	-1.19503888216619	-1247.8601949499	41.1271364192496	104.231483102208
ENSG00000213886.4	ENSG00000213886.4	797.198126235469	-1.26560768822566	0.100303947451662	157.475295996377	4.02988277351896e-36	3.55458688525935e-34	-1.25154676925786	-696.350108334572	44.4910838808883	113.616832577823
ENSG00000243989.9	ENSG00000243989.9	912.24477122233	-1.25556305785919	0.100467564509815	154.122661624715	2.1773213477496e-35	1.89882103524649e-33	-1.24138591496621	-754.207232327923	29.9425008387443	73.9634428832905
ENSG00000160211.20	ENSG00000160211.20	2083.09350681411	1.05699079074727	0.0848580209146418	152.818948220176	4.19605966386589e-35	3.63878522311426e-33	1.04599812707518	1459.04475315445	88.0345264271989	42.5102317163556
ENSG00000138449.11	ENSG00000138449.11	1836.21519096828	1.20058585348836	0.0971103071934911	149.748947955342	1.96713438937646e-34	1.68692702413417e-32	1.18657065062523	1497.9220305695	58.2805634974551	24.2660631182606
ENSG00000158373.9	ENSG00000158373.9	684.67952508519	-1.27826691708429	0.104987987037128	146.830445062224	8.54666972187748e-34	7.16991270798374e-32	-1.26296216439034	-586.700311342306	63.65408615273	156.514514406531
ENSG00000165949.13	ENSG00000165949.13	203.488655208493	2.4386710079811	0.20062226401308	146.383160405028	1.07047691078141e-33	8.88380730904402e-32	2.40691240432413	276.743688972476	99.5777176905631	18.8071810956311
ENSG00000165092.13	ENSG00000165092.13	6424.5150986317	1.01674138288779	0.0833151407830428	146.217582568	1.16352196020138e-33	9.60434490784409e-32	1.00570888536605	4377.62381609547	288.256170067253	146.376640533453
ENSG00000204525.18	ENSG00000204525.18	1473.91791411776	1.04810370874789	0.0871436788851337	142.825134561017	6.41895841952613e-33	5.1605751126982e-31	1.0362834356888	1036.09920780025	208.547381735955	100.000123738486
ENSG00000159335.18	ENSG00000159335.18	872.904945351356	1.1061389388302	0.0924474328559393	141.955975482719	9.94277345580252e-33	7.95215808620558e-31	1.0932247807015	646.853732158934	97.0122436285455	45.057334052147
ENSG00000227507.3	ENSG00000227507.3	154.786024625529	-2.60443131110975	0.221336325426214	140.343066439123	2.23971972941976e-32	1.78207802800636e-30	-2.56730323077761	-235.167171985394	4.31459349404166	27.576404447502
ENSG00000043039.7	ENSG00000043039.7	733.669935239705	1.31810187998991	0.11046049273108	140.25044448051	2.34664644283064e-32	1.85758125597609e-30	1.30176902566745	672.476140192127	39.2730577224103	14.9295039531881
ENSG00000106266.11	ENSG00000106266.11	1150.5287699711	-1.3750462785481	0.114711444735525	140.083712235855	2.55215971946732e-32	2.0099559913111e-30	-1.35770872996826	-1101.49895919709	20.2011246597504	57.6243013291472
ENSG00000132911.5	ENSG00000132911.5	1064.22496041877	1.06346135622017	0.0896096449116619	139.420689858111	3.56366847559463e-32	2.77822154491307e-30	1.05096606253453	783.933703883695	49.1957659413304	23.432528908478
ENSG00000144747.17	ENSG00000144747.17	1370.07824568786	-1.07381744321615	0.0903997938497643	139.299590227557	3.78773707107282e-32	2.93806580045628e-30	-1.06098490963603	-1007.58733854182	11.8420777612048	26.2085155743958
ENSG00000160886.13	ENSG00000160886.13	552.845551050982	-1.37726149152442	0.116082423115636	139.192032427131	3.99853690206481e-32	3.08607078101362e-30	-1.35961487234789	-522.263895009552	18.0007702536063	47.2288528108317
ENSG00000001084.13	ENSG00000001084.13	1352.81336283919	1.07742007047802	0.091159942843612	137.794161710663	8.08362373809583e-32	6.17716910996273e-30	1.06460093472944	938.786145422935	42.3403820497079	20.125199672504
ENSG00000171310.11	ENSG00000171310.11	672.616894659167	1.60976414788152	0.135185248383105	137.754186298893	8.24800211189154e-32	6.27173204921959e-30	1.58891716925152	709.432928106838	16.7628204246421	5.15811590464158
ENSG00000137959.17	ENSG00000137959.17	119.181816065213	3.47793481837357	0.299334769001792	137.041875121536	1.1806878835316e-31	8.9338716520558e-30	3.42680319571456	196.356229642098	6.12601424863141	0.546576123135548
ENSG00000163938.17	ENSG00000163938.17	7279.46002023973	-1.09428734666777	0.0925370201572085	136.856867992821	1.29597942357423e-31	9.75840896697164e-30	-1.0808971384938	-5818.17663730192	210.118377547166	502.50010377019
ENSG00000108771.13	ENSG00000108771.13	440.560081850826	1.68447966617817	0.143590289270258	134.330200743921	4.62642786261968e-31	3.41691581279413e-29	1.66180373314351	442.406690165548	25.4625627068062	7.94933393694421
ENSG00000138061.12	ENSG00000138061.12	920.995255440214	1.17669937689143	0.100907806849014	134.133020925083	5.10948634313565e-31	3.75571577107818e-29	1.16189718951262	731.433496330283	16.2765535974068	7.38193836252003
ENSG00000136689.20	ENSG00000136689.20	664.579115601597	-1.22966454129948	0.105899571786309	133.687924942336	6.39351915932186e-31	4.67726832906598e-29	-1.2136552492691	-516.38717095935	16.834967806849	38.7483778277507
ENSG00000117013.17	ENSG00000117013.17	204.639623784064	2.1792457204895	0.187430257926776	133.636871516417	6.56006021259622e-31	4.776466483096e-29	2.14832097931468	252.803969755193	5.58908627103552	1.32609750559611
ENSG00000181381.15	ENSG00000181381.15	523.691041800512	1.36000891184677	0.117189296924223	133.216782900031	8.10592731319839e-31	5.84687355170703e-29	1.34209222408867	452.135789688945	11.1964362335996	4.55405361271433
ENSG00000112312.10	ENSG00000112312.10	801.273122865792	-1.12809918028174	0.0976830810405826	132.236983884776	1.32783181005919e-30	9.40202377067598e-29	-1.1136233271619	-611.882320323274	36.624788305004	79.6566672531912
ENSG00000090316.16	ENSG00000090316.16	1057.69440755484	1.11224101760936	0.0961960404329052	131.995808135524	1.49935450708915e-30	1.05200164415583e-28	1.09825577944799	749.649406229108	45.4384053167654	21.8804612305972
ENSG00000179083.7	ENSG00000179083.7	52.1159421335331	-6.23553701283383	0.78641239917535	130.624326717297	2.99193719980681e-30	2.08033975748729e-28	-6.04240626017186	-96.8815565921025	0.0234542039195641	2.12131041495322
ENSG00000186529.16	ENSG00000186529.16	552.39076364859	1.39704601207905	0.121553497096693	130.3216691724	3.48473693726455e-30	2.4121255320007e-28	1.37812108100856	463.199547140812	14.7538692466162	6.24915947981046
ENSG00000164078.14	ENSG00000164078.14	1715.92455509805	-1.08484023230854	0.094441668304407	129.807990264254	4.51397191854318e-30	3.08308276701914e-28	-1.07093210683047	-1103.40191440747	23.0095128821604	45.9727222439818
ENSG00000118523.6	ENSG00000118523.6	554.779295379483	1.37056311069393	0.120020586229518	128.723517580308	7.79549528399602e-30	5.3009367931173e-28	1.3518414606599	488.56854142698	22.8296572971097	9.25265556185448
ENSG00000178950.18	ENSG00000178950.18	1048.62443011146	1.05166874336771	0.0924369463808226	128.060218680554	1.08888555850718e-29	7.33975435856627e-28	1.03826983488752	727.321733572944	30.6878538290509	15.3690791135503
ENSG00000142623.11	ENSG00000142623.11	682.138089753252	-1.41931711759425	0.124991144527273	126.63661978263	2.2310205337893e-29	1.47802716564685e-27	-1.39923532166582	-589.533517382033	6.80635719938451	18.879952952735
ENSG00000285043.3	ENSG00000285043.3	1259.25057835296	1.17439633449741	0.103581939041172	126.295342334517	2.64964743843273e-29	1.73304906184947e-27	1.15855199999572	1063.26574229946	52.7631201070824	22.0410515295829
ENSG00000178814.17	ENSG00000178814.17	488.361420818572	-1.53162074459179	0.135338731633888	125.816725318097	3.37233215148868e-29	2.19642696583879e-27	-1.50944400126557	-446.889247937378	4.82510552461461	13.3586896540323
ENSG00000163932.16	ENSG00000163932.16	799.135877068411	-1.24924410498275	0.110786629114668	125.342877481346	4.28185438299403e-29	2.74251884879236e-27	-1.23191070320812	-644.011715029016	13.3099450898833	29.6894060830033
ENSG00000146021.15	ENSG00000146021.15	463.599721363329	1.68544417873265	0.149482352422173	123.841649111717	9.12421583974894e-29	5.77218834845757e-27	1.66087821791285	517.625916870794	8.26376011279977	2.57625756940857
ENSG00000182628.13	ENSG00000182628.13	1173.24469299153	1.06951496173456	0.0964214703846224	121.478901199397	3.00176779063051e-28	1.86085492434428e-26	1.05509209973416	870.345391852264	90.5418637559801	43.6902081497837
ENSG00000163584.18	ENSG00000163584.18	12128.6188489745	1.03833027192679	0.0935274856662347	120.795240376086	4.23680255428293e-28	2.60554917242675e-26	1.02441582292938	7471.24939495328	2793.79635941082	1385.62898525864
ENSG00000065320.9	ENSG00000065320.9	546.066417637628	1.32100698169441	0.119631448240375	120.46317951608	5.0087868659861e-28	3.05595391554788e-26	1.30185268708426	472.77306103302	8.0568208769719	3.16136405568595
ENSG00000010017.13	ENSG00000010017.13	896.004200381537	-1.08945769024122	0.0994605684170292	118.743185515641	1.19205735960958e-27	7.1877333605209e-26	-1.07403376435076	-690.116333563869	11.3689499336362	24.9857917453191
ENSG00000090776.6	ENSG00000090776.6	1204.80499420256	-1.0994441234351	0.100207496756854	118.627744561776	1.26349239193869e-27	7.58882045212672e-26	-1.08389737101475	-873.706043272877	15.2553017383917	33.1021869004014
ENSG00000116701.16	ENSG00000116701.16	252.876051974891	1.98699746098734	0.181242977826524	117.793026126284	1.92458844659965e-27	1.1426133562197e-25	1.95549447894498	298.809426430815	12.9764806532914	3.66815008275272
ENSG00000119655.11	ENSG00000119655.11	829.048677176011	-1.14412544505021	0.104961480907052	117.327036996932	2.43429277004274e-27	1.43418867169388e-25	-1.12754505295179	-665.981203457575	79.2682628116387	175.514809488225
ENSG00000109956.13	ENSG00000109956.13	228.055136953793	1.99767716140912	0.183187927984826	117.206072603334	2.58738002702668e-27	1.51858547898037e-25	1.96578880982294	258.020418848363	5.56369043279134	1.52398130560635
ENSG00000088756.13	ENSG00000088756.13	69.1464284954537	4.85074117421741	0.491797324430659	116.3753386393	3.93342617038718e-27	2.28257016413896e-25	4.75008392090535	133.224857171648	1.79248617724338	0.0413456109774523
ENSG00000118849.10	ENSG00000118849.10	574.477821130752	1.37162436110645	0.126334160499836	116.079001168989	4.56735084269961e-27	2.59197160323203e-25	1.35089482266898	533.057368387335	38.9451051517812	15.2825052940777
ENSG00000270885.2	ENSG00000270885.2	216.428669264929	1.89682597381903	0.176688585305898	114.449752196707	1.03865091600143e-26	5.80891867369498e-25	1.86577035208514	247.672531430263	7.1102433799436	1.91504260118277
ENSG00000115525.18	ENSG00000115525.18	311.214001119776	1.59619928955143	0.148850749356878	113.861468683883	1.39737828309579e-26	7.75896804959228e-25	1.57064607090098	324.13582401725	13.8771584849093	4.60645814670248
ENSG00000163638.13	ENSG00000163638.13	138.385863008359	-2.72476421810826	0.258709734973055	113.621973283579	1.57677336192116e-26	8.72368229914514e-25	-2.67556658747722	-192.221720829678	0.410358643828295	2.78715250551565
ENSG00000173467.9	ENSG00000173467.9	2709.51263274395	-1.23585530746742	0.114496859477669	113.545569119331	1.63871651374604e-26	9.03401003792279e-25	-1.21711439392498	-2176.36543203664	324.107962536726	731.439124671638
ENSG00000151364.17	ENSG00000151364.17	195.729422967511	-2.17345008533028	0.203252847189624	113.027129523339	2.12842567075235e-26	1.16504888843026e-24	-2.13644223914456	-234.658817680493	3.02913325654278	13.2830409487457
ENSG00000144524.18	ENSG00000144524.18	943.778664307736	1.0165316867877	0.095288113944877	112.754217080289	2.44251202960193e-26	1.32289879610299e-24	1.00197230270356	662.448618061855	39.8229009822766	19.6833658845433
ENSG00000163565.20	ENSG00000163565.20	294.123763320099	1.83851353105177	0.171216291058498	112.746402767079	2.45215750356304e-26	1.32347913374123e-24	1.80844326676691	337.326865007385	13.2449792909673	4.09301593704296
ENSG00000198721.13	ENSG00000198721.13	382.585109004209	-1.42729453381568	0.133934659352549	112.574239475774	2.67460305587411e-26	1.43850776203738e-24	-1.40430823940405	-360.602885834599	12.7075798342215	34.6323363197866
ENSG00000022567.10	ENSG00000022567.10	2055.94543245646	-1.13331279976821	0.106020039978325	111.969114730594	3.62920012039008e-26	1.93173562270142e-24	-1.1162556853821	-1670.35509725926	18.7997947129964	44.8563407534338
ENSG00000120451.11	ENSG00000120451.11	2519.27096035817	1.01554971259992	0.0954975350871503	111.2765838717	5.14654989926768e-26	2.72062137825671e-24	1.00092625608143	1804.00215875522	60.4990096371278	29.956854293786
ENSG00000144452.15	ENSG00000144452.15	954.179016809812	1.06794285010763	0.100803956965978	110.922551131439	6.15280934105281e-26	3.21948355893191e-24	1.05215365062488	663.048876683767	8.67924098669253	4.17201080131999
ENSG00000171903.17	ENSG00000171903.17	320.444249276789	1.57071152123941	0.14859570547808	110.55522672457	7.40533596844406e-26	3.8617826354359e-24	1.54499369385491	307.222537240043	10.6692366378789	3.9142800672243
ENSG00000101276.18	ENSG00000101276.18	840.417446890673	1.05284791169787	0.0999148137670069	109.980022462612	9.89832824061584e-26	5.14446446875913e-24	1.0371895870873	561.283008770016	27.7536883748974	13.2192224732628
ENSG00000143819.13	ENSG00000143819.13	1393.26847887713	1.10556125449316	0.104605395942165	109.851487038467	1.05614238667443e-25	5.43420462690215e-24	1.0887475790754	1053.67317537039	85.7973273792532	39.1825149775567
ENSG00000115657.14	ENSG00000115657.14	641.887079808514	1.11330590098461	0.105859580890849	109.674670575076	1.1546792974148e-25	5.92147163949997e-24	1.09631049243888	472.209501200418	23.3780988382866	10.3975499631963
ENSG00000170915.9	ENSG00000170915.9	679.989191177198	-1.15123283214016	0.1094837809019	109.518020464938	1.24963296559921e-25	6.38719684006271e-24	-1.13326002403119	-494.137187747568	5.90149684101214	13.0065128695336
ENSG00000198203.10	ENSG00000198203.10	861.980235183589	-1.11126478734973	0.105587713957949	109.441893521382	1.2985586886143e-25	6.61536366912551e-24	-1.09415007777682	-637.808727792384	20.9112873850941	47.1438678464664
ENSG00000204287.14	ENSG00000204287.14	193.137801000628	2.10851800881798	0.20261485727793	106.588234373376	5.47975731972232e-25	2.69380681488005e-23	2.07124731912676	223.726833768198	19.3762616703108	4.42075348548559
ENSG00000117020.19	ENSG00000117020.19	235.91666480746	2.28587780391266	0.219591877285205	104.981705920728	1.23268688018798e-24	6.0024462721078e-23	2.24514531632676	273.18184530707	6.54848203401044	1.37923155806182
ENSG00000074219.14	ENSG00000074219.14	225.055160031887	-1.99792999103675	0.19448282920618	103.625499243622	2.44411193481204e-24	1.17165564676269e-22	-1.95330208551228	-282.319153122762	2.77074014250589	13.0439677440785
ENSG00000137285.11	ENSG00000137285.11	113.959470772829	-2.93434039176152	0.288588957733771	103.283857182563	2.90410008463631e-24	1.3666978325136e-22	-2.87749658007087	-168.559935205189	1.14206632843345	7.47159634720864
ENSG00000104419.17	ENSG00000104419.17	1698.74722381737	-1.07482577872342	0.105912631714636	101.220014724297	8.23133885211867e-24	3.80416007548814e-22	-1.05715954271726	-1192.28952546321	28.2707188699393	55.8262728878568
ENSG00000042980.14	ENSG00000042980.14	305.255959682555	1.46633501913704	0.145217228541591	101.032979835121	9.0464592444886e-24	4.16839238501272e-22	1.44025947763732	295.41787707143	12.7464688477364	4.7329901668806
ENSG00000014164.7	ENSG00000014164.7	851.830533100434	-1.09648262722941	0.108705957830143	100.509495315948	1.17830720424091e-23	5.39713649989989e-22	-1.07814515773905	-536.901568310801	11.1968979149519	22.7178811924927
ENSG00000157613.11	ENSG00000157613.11	541.39150268801	-1.14682634926435	0.114288296833657	99.9593534652484	1.55556968206203e-23	7.0831190596783e-22	-1.12715312050871	-411.760013996115	8.8500364281721	19.8629704050048
ENSG00000164659.15	ENSG00000164659.15	379.779194533648	1.44479919954918	0.143609947408096	99.8540488428229	1.64051645154007e-23	7.4479446899919e-22	1.41907791573647	352.438087208718	12.6193648750224	4.86008290856201
ENSG00000145908.13	ENSG00000145908.13	324.006003117994	1.82570102153775	0.180669374433614	99.3434173851839	2.12302341662602e-23	9.5821606605378e-22	1.79210758488877	357.689337058082	8.99133144407092	2.69276636054418
ENSG00000168237.18	ENSG00000168237.18	232.751575520982	-1.97737338927352	0.198782208632147	96.5626612729544	8.64636028927918e-23	3.770203882071e-21	-1.9386549754311	-254.533407385107	4.40829647197251	16.1452206695754
ENSG00000136999.5	ENSG00000136999.5	414.462660245876	1.29858518276976	0.132095356768968	95.6997130859451	1.33699827720053e-22	5.79716444013129e-21	1.27494005771565	322.518373584006	15.8462421156903	6.98914121159479
ENSG00000122490.19	ENSG00000122490.19	545.187877247905	-1.21087559666027	0.123593181484072	94.8963378379019	2.00620640311063e-22	8.65022403307699e-21	-1.18857502770069	-465.89892768255	10.0524935095412	24.8051132697344
ENSG00000286134.2	ENSG00000286134.2	73.8537144537035	-3.25413402478807	0.345113315569586	94.456478382308	2.50540802815523e-22	1.06538507775769e-20	-3.18111338397003	-125.011938385809	0.908237075600668	10.3719637866579
ENSG00000119711.13	ENSG00000119711.13	557.390955299702	-1.24063759434813	0.126924359974697	94.2824474022226	2.73565416299028e-22	1.16009773790984e-20	-1.21751412313339	-400.847758451744	5.48014950003254	11.9370088822999
ENSG00000137364.5	ENSG00000137364.5	351.530618678525	-1.4850698238318	0.152399460548143	93.6555606428036	3.75497676680289e-22	1.57504949381439e-20	-1.45618642417126	-333.545363461691	3.65384572592182	10.5356971710471
ENSG00000079215.15	ENSG00000079215.15	845.17460566933	1.1878261952465	0.12238088594929	92.6167205101775	6.34689312580237e-22	2.63361941639477e-20	1.1660226065182	697.515200606158	24.9943501935477	10.0452905600507
ENSG00000182253.15	ENSG00000182253.15	327.290650073742	1.35221566454381	0.140290386856998	92.2953538917021	7.4659371756579e-22	3.08965700384599e-20	1.32623667548395	281.448466219455	4.24105592377395	1.7216291665943
ENSG00000166796.12	ENSG00000166796.12	30.7680297594897	-8.34445368993741	1.24553034775374	91.8751120895862	9.23228532493765e-22	3.81041594320154e-20	-9.11905744397355	-62.3634372072512	0	4.17053387411093
ENSG00000019186.10	ENSG00000019186.10	118.016294784707	2.56025696854374	0.264235788341008	91.8009197108249	9.584990474716e-22	3.9454376791391e-20	2.50686309190273	174.95799613317	8.89373462753348	1.54058675983627
ENSG00000139990.18	ENSG00000139990.18	667.442787670728	-1.08807068978	0.113113099476844	91.5456649596074	1.09046479896868e-21	4.47670602044696e-20	-1.06807680422824	-499.589796227326	6.50030018094696	14.2126202514832
ENSG00000169252.6	ENSG00000169252.6	419.102318478563	1.20038577796163	0.125421569578581	91.0092304628793	1.43003461144906e-21	5.83968631278511e-20	1.17780019569118	323.92641039838	19.6942987971368	8.87376743268569
ENSG00000240184.7	ENSG00000240184.7	74.1345639536075	3.24365081783188	0.350145304283149	90.8100213879583	1.58150346225087e-21	6.44118402198007e-20	3.16972007788281	127.918313343847	3.02802301223949	0.327064221748044
ENSG00000140961.14	ENSG00000140961.14	424.25816373261	1.23018831119632	0.128894005710562	90.326352228049	2.01944916010974e-21	8.13896011369554e-20	1.20670661444513	365.957323426261	24.9583342953613	10.5621935145828
ENSG00000169020.10	ENSG00000169020.10	383.921104737831	1.36151375837928	0.14329809277356	89.166982401923	3.62854732624644e-21	1.43616042379334e-19	1.33464903360655	347.859164723838	568.336484130826	227.336443848981
ENSG00000112685.14	ENSG00000112685.14	503.654671442826	-1.10336205433226	0.117352377994951	87.7479830901873	7.43487022752331e-21	2.87195491228884e-19	-1.08205542064333	-375.085658303684	5.29252357120057	11.7801057899318
ENSG00000103888.17	ENSG00000103888.17	313.704681355252	-1.61659980956451	0.171714426866526	87.3701013923121	9.0000772062642e-21	3.43025164829368e-19	-1.58227538509342	-296.000081339102	2.11910805778566	5.80058167962254
ENSG00000181315.11	ENSG00000181315.11	320.606156523087	-1.4451695052292	0.153867058094201	87.1558537502026	1.00297725830523e-20	3.79459729392144e-19	-1.41506814061911	-316.907552574706	2.45073340969458	7.53914430927163
ENSG00000240583.14	ENSG00000240583.14	112.603415146877	2.29690982987825	0.247277529363503	86.8832806394764	1.15118456107697e-20	4.33406948409369e-19	2.24534030210412	154.091007330708	4.90938852005431	0.990950104729944
ENSG00000162654.9	ENSG00000162654.9	309.335987860567	1.69767674761463	0.179919762921439	86.8546868203199	1.1679491730443e-20	4.38648745379851e-19	1.66198048453115	345.72929037406	8.70464962603218	2.45282294147012
ENSG00000114378.17	ENSG00000114378.17	118.101415316021	-2.2921435874508	0.24649023537139	86.5174466447131	1.38509973610443e-20	5.15190350036335e-19	-2.24003728937619	-165.883659449002	1.3225566099104	7.05512794219676
ENSG00000059728.11	ENSG00000059728.11	584.192337847169	1.02463325101173	0.10996177716199	86.2732118502335	1.56717094068933e-20	5.78728484222021e-19	1.00528330543849	377.959983696067	8.68513388325685	4.6309041036709
ENSG00000205922.5	ENSG00000205922.5	205.993352708215	-1.62708045966828	0.174947058178146	86.2502131987368	1.58550307266392e-20	5.84100845576139e-19	-1.5917349275434	-207.270354327855	0.915203963123234	2.77033601478801
ENSG00000162976.13	ENSG00000162976.13	369.193989272847	-1.23560704447214	0.133403050128699	85.2353411264221	2.6488493909385e-20	9.6661085575713e-19	-1.21014264881736	-301.942183532547	10.1889484137606	24.5738290501941
ENSG00000213988.11	ENSG00000213988.11	123.665335371139	2.58932719936046	0.277028587020765	85.0807342601398	2.86427821240433e-20	1.04030584674525e-18	2.53131404358146	163.418572175854	3.83649782610227	0.722824373901514
ENSG00000106976.22	ENSG00000106976.22	297.293024109455	2.10704603757509	0.223314371922572	84.9980696674545	2.98656502968253e-20	1.08104743138972e-18	2.06173617232926	415.405195915254	10.1819316129499	1.8757767988656
ENSG00000165795.25	ENSG00000165795.25	486.24440864427	-1.12867552801346	0.121872286704117	84.9954933356665	2.99045901271968e-20	1.08104743138972e-18	-1.10602699638521	-360.048652462912	19.1440972160077	43.4540279941272
ENSG00000257743.9	ENSG00000257743.9	927.590720647671	1.06232444930076	0.114506557593103	84.9296911357433	3.09165520489474e-20	1.11501845193353e-18	1.04188739466787	652.051107227517	9.97392059602711	4.95883143766394
ENSG00000178882.15	ENSG00000178882.15	49.6415493124835	-4.35878344442153	0.520790906058189	83.8262069229528	5.40238871771594e-20	1.91264385886842e-18	-4.23230268234686	-93.0580940768051	0.108190431435552	2.88982653453723
ENSG00000180155.20	ENSG00000180155.20	911.040719108159	-1.19059691760426	0.129364218159707	83.0377141060794	8.05027287868795e-20	2.80505670779745e-18	-1.16597550405796	-692.003283921918	9.19474413928026	21.451012116865
ENSG00000115750.17	ENSG00000115750.17	486.464182037916	-1.4539041762675	0.157761243750918	82.8534743366036	8.8366795165576e-20	3.05836289277092e-18	-1.42227345222976	-390.484431880887	10.3207491164345	25.9923573983608
ENSG00000185730.8	ENSG00000185730.8	557.795168726808	-1.23449335940983	0.135016081125126	82.2998994722184	1.16928068161392e-19	4.03781132022202e-18	-1.20836167251041	-506.668611260912	6.7128099497889	17.2242820109671
ENSG00000184156.17	ENSG00000184156.17	211.797636158455	1.638872674919	0.17997752683207	82.2364609858013	1.20741862193597e-19	4.14171418848971e-18	1.60214847781187	207.943543422726	2.99394952446792	1.0147127870808
ENSG00000148677.7	ENSG00000148677.7	1152.31084016624	1.07924355085363	0.118336481377833	81.9006162951383	1.43104666471936e-19	4.86555866004584e-18	1.05756405461325	799.409751253302	58.8911302673774	27.9072724380236
ENSG00000016864.19	ENSG00000016864.19	637.521855092612	-1.07098337958182	0.118451377369291	80.8929348951009	2.38284060144671e-19	7.99598424433292e-18	-1.04882697541086	-444.967053388352	22.7457930432662	45.946137108439
ENSG00000234771.3	ENSG00000234771.3	339.668388351643	1.85919148199482	0.203242666895656	80.6146342370429	2.74320385820677e-19	9.14559281971485e-18	1.81719242965046	442.671706042893	5.64918165447738	1.38224882861646
ENSG00000154263.18	ENSG00000154263.18	319.96484726993	1.28763801267556	0.143694137434929	79.7866042169909	4.171111106287e-19	1.37869959393247e-17	1.25932809243433	270.358828812507	12.6916891710176	5.40302831940898
ENSG00000144730.19	ENSG00000144730.19	183.08312341507	-1.75665004898911	0.196208442668009	79.3303669701708	5.25458202741344e-19	1.7257388973437e-17	-1.71484888290324	-198.855040116634	0.68377664183019	2.39763120156516
ENSG00000050393.12	ENSG00000050393.12	596.980365625277	-1.03266726096241	0.115591417731828	79.0893698805755	5.93628832463423e-19	1.9331760881657e-17	-1.01108669942889	-408.832855977086	5.57285460548313	11.0944278922497
ENSG00000211445.13	ENSG00000211445.13	621.467678831598	1.22505279033227	0.137073877710716	78.4578901388552	8.17218497730277e-19	2.63903446254489e-17	1.19830988919216	548.449843561632	45.5684292588154	18.8476206346659
ENSG00000196136.18	ENSG00000196136.18	172.130228468538	-1.83937265330147	0.207834860007894	77.4211260713461	1.38129818907764e-18	4.39623069002111e-17	-1.79429123881382	-182.576644567562	3.58213311296211	12.1881183265954
ENSG00000261115.7	ENSG00000261115.7	491.324140821879	1.04487088329383	0.118873351968869	76.8117490440681	1.88055497290389e-18	5.93624674064303e-17	1.02256852856588	340.419718837737	3.89721324378498	1.92728849211501
ENSG00000101842.14	ENSG00000101842.14	43.3638613064751	-5.53454750874278	0.746019163879551	76.7692032140335	1.9215076002991e-18	6.0531410853504e-17	-5.32296672127983	-82.0368317193504	0.0245228226736301	2.45345833225413
ENSG00000102393.14	ENSG00000102393.14	401.937157124274	1.26498626822079	0.143883727460878	76.2724995575424	2.47101181147817e-18	7.736823189042e-17	1.23615914003432	323.559661197076	27.3849299063739	11.7537325019058
ENSG00000000457.14	ENSG00000000457.14	373.602599269508	-1.17518004254883	0.134331678621079	75.9915473820595	2.84881579104379e-18	8.88370112132363e-17	-1.1483726910219	-280.512655164344	4.80275663954714	10.7269720807919
ENSG00000196611.6	ENSG00000196611.6	51.3572659514947	-3.85382749644234	0.46677586903189	75.9501851826271	2.90911812093906e-18	9.03524090841356e-17	-3.73973879639036	-85.8211777578526	0.217371992379622	3.45141180713115
ENSG00000104783.15	ENSG00000104783.15	200.537773218534	-1.90086923463007	0.215789418907429	75.63799382467	3.40741543006991e-18	1.04566331170098e-16	-1.85347817901078	-268.9677729794	3.47507766306533	15.7300596665096
ENSG00000125148.7	ENSG00000125148.7	536.105446405693	1.14640163564706	0.131313298895243	75.253317599232	4.14034057738439e-18	1.25314308142167e-16	1.12064231213493	430.11267746176	335.569594576428	151.122957597918
ENSG00000125285.6	ENSG00000125285.6	41.9296643000342	-4.7236072244221	0.612138261285335	75.2014221504973	4.25060822248052e-18	1.2814919633244e-16	-4.56415488018354	-68.9494301479296	0.0668643333256982	1.69001903353975
ENSG00000133321.11	ENSG00000133321.11	352.044580431342	1.48212399141023	0.169756011352509	74.6017214512167	5.75929647011411e-18	1.70634357605914e-16	1.44657271255714	296.905537916116	61.866546425771	24.8258470023793
ENSG00000227640.5	ENSG00000227640.5	50.2071213271255	-3.74296050066236	0.457839229631826	74.2934323667243	6.73271288183904e-18	1.97954582941081e-16	-3.62992397588429	-84.412876208604	0.163584972427046	2.31657180311636
ENSG00000102243.13	ENSG00000102243.13	146.819609450394	2.03480621991644	0.234036052152915	74.1042759953035	7.40976527566557e-18	2.17447028127707e-16	1.98312494739466	163.643908435001	17.6710175103705	4.75717178213111
ENSG00000101443.18	ENSG00000101443.18	529.729824248796	1.09089728759725	0.126827192668579	73.2138098362825	1.16338906828355e-17	3.35038687649717e-16	1.06608223531194	367.19674589106	147.573766668542	67.4322657530273
ENSG00000174227.16	ENSG00000174227.16	530.95012900185	1.32337769675095	0.15316837183604	73.0012184775196	1.29569819986207e-17	3.71754598755964e-16	1.29171215616471	477.775819865121	21.1118739136175	7.49920093822777
ENSG00000234171.5	ENSG00000234171.5	225.52653106069	-1.52130362329181	0.177898696491264	72.4461876904801	1.71649213811771e-17	4.85270561245146e-16	-1.48254803499861	-240.178014131337	6.23982847144208	19.5939903725068
ENSG00000206337.12	ENSG00000206337.12	305.677873271669	1.24374852145361	0.146639002401626	71.4125318491952	2.8982550278086e-17	8.06080443409975e-16	1.21342200655747	241.66250249711	9.91609474311393	4.12624718735634
ENSG00000071073.13	ENSG00000071073.13	1133.83747741569	1.07731209040938	0.126422516448949	71.3649235488863	2.96903709036038e-17	8.24281592208683e-16	1.05245375362522	775.808236232583	25.2771845797852	12.22367965047
ENSG00000168994.14	ENSG00000168994.14	501.86617687814	-1.11282984642619	0.131253324582119	71.2211580635694	3.19345121986401e-17	8.83407043545176e-16	-1.08628226759288	-342.447837205836	14.26954507057	28.5284592326108
ENSG00000272602.6	ENSG00000272602.6	240.221319869289	1.39762643541747	0.167037842486542	69.3905559664072	8.07745085496823e-17	2.20678816632371e-15	1.36153929087608	234.69448521878	19.6578443140052	7.14600959911433
ENSG00000065675.16	ENSG00000065675.16	71.9266649280132	2.81474976249474	0.340618284668865	68.5225417384084	1.25435537008418e-16	3.37909764269099e-15	2.72935682470303	113.246986611324	2.57235167593637	0.323417275904356
ENSG00000165272.16	ENSG00000165272.16	394.096501336203	-1.18000667578015	0.142296059376441	68.0695052234461	1.57832802920787e-16	4.19329973474228e-15	-1.14996097151566	-301.649526689287	9.54931980362934	21.6743666474709
ENSG00000176678.6	ENSG00000176678.6	315.952947710029	-1.71773301921213	0.205102693766877	67.7817268016305	1.8263426319805e-16	4.83557887945985e-15	-1.67099439865989	-375.497052248486	3.03746051094295	10.6826975693557
ENSG00000137274.13	ENSG00000137274.13	229.891339029103	-1.37620612208991	0.166713440064702	67.7521876672547	1.85390998784472e-16	4.90016345417313e-15	-1.3393395474934	-200.880632064623	5.43226598453781	13.9043800733828
ENSG00000119938.9	ENSG00000119938.9	235.506327678963	1.43588155287863	0.173670184008108	67.6134712965574	1.98903897580424e-16	5.24834284282296e-15	1.39764347359945	226.860719755479	9.06820399102279	3.25759089042583
ENSG00000213563.7	ENSG00000213563.7	629.877926432386	-1.03292558780967	0.126049053175859	66.336245446692	3.80202704897088e-16	9.73268483049993e-15	-1.00691943832786	-424.739327254544	14.1214889696916	29.3490413774485
ENSG00000112304.11	ENSG00000112304.11	437.418327146177	-1.12194109480476	0.137383479326499	65.9781142417332	4.55957942761017e-16	1.15759322441761e-14	-1.09289868377661	-286.33313747148	10.3884560856273	21.6812906414897
ENSG00000156381.9	ENSG00000156381.9	542.390972276763	-1.03232503334766	0.126900363571105	65.5072606704214	5.79002581106182e-16	1.45561626090473e-14	-1.00623447249434	-345.557818323647	7.08529046031903	14.169738151864
ENSG00000135912.11	ENSG00000135912.11	610.533885811666	1.03624419454462	0.127588794174884	65.1705541585287	6.86882593374152e-16	1.7184310715273e-14	1.01025284170309	443.779863361277	20.7296372611963	9.96084312992747
ENSG00000188385.13	ENSG00000188385.13	73.7741776216112	2.67055567506623	0.329717959968429	65.1006031273846	7.11702874139696e-16	1.77764491346607e-14	2.59016716333325	111.319350725487	1.94903026171177	0.284137299349137
ENSG00000291112.1	ENSG00000291112.1	98.1755568313187	-2.22103191230913	0.275126623555903	65.058873142895	7.26934909469345e-16	1.81275723143277e-14	-2.15393719895327	-129.52992980925	0.787052224723605	4.10388207377895
ENSG00000146109.5	ENSG00000146109.5	376.581120517215	-1.06293423408439	0.131797103190412	64.728016494014	8.59835750437539e-16	2.13040523976787e-14	-1.03530201345873	-279.355938099718	5.59880307743396	12.0172435873293
ENSG00000137266.15	ENSG00000137266.15	330.645394570682	-1.14043538124892	0.142071613656832	64.0731177813153	1.19886250796985e-15	2.93274828415572e-14	-1.10974068182251	-240.7786723279	2.25532997163529	5.05788401132278
ENSG00000121895.8	ENSG00000121895.8	147.867650334999	-2.27436579302718	0.279371103910453	63.634763891394	1.49762824151324e-15	3.6405337851966e-14	-2.20577342934242	-205.496596818413	2.27908272011507	11.4054388109199
ENSG00000129173.13	ENSG00000129173.13	264.478502596865	-1.25072478583159	0.156538612370629	63.4143941714024	1.67489641438398e-15	4.03333869772717e-14	-1.21574173733793	-225.371983023883	3.17574409961942	8.04839523076548
ENSG00000024422.12	ENSG00000024422.12	403.529018603961	-1.05028369104749	0.131879022460845	63.0893746750838	1.97536827671463e-15	4.73474918002593e-14	-1.022359507691	-303.509359709533	5.1805282184635	11.4332480131332
ENSG00000290862.1	ENSG00000290862.1	97.336606672999	2.279124786007	0.286902826278053	62.9882939606194	2.07938736894056e-15	4.96864139736323e-14	2.208680876028	118.811594314715	14.76943733204	3.30417931389445
ENSG00000135643.5	ENSG00000135643.5	382.689641711122	1.03176362445337	0.130121684806444	62.537211332582	2.61457581284153e-15	6.18048885865573e-14	1.00460719488809	268.074712784669	8.59101468879406	4.32619589111518
ENSG00000152661.9	ENSG00000152661.9	51.4144709399059	-3.0874917086113	0.400809763078624	62.5033739417276	2.65988567410698e-15	6.27798092744883e-14	-2.98246659462708	-85.4829123818787	0.256837023572696	2.15133530185022
ENSG00000187546.14	ENSG00000187546.14	78.857964291699	-2.39834333634865	0.308442327347244	60.7374448505826	6.52177384413625e-15	1.48920267837407e-13	-2.31928371730093	-114.641877577473	0.614924096383331	3.99939747495741
ENSG00000092978.11	ENSG00000092978.11	254.656620564803	-1.20520113864082	0.154990768689917	60.1809384350608	8.65260972883726e-15	1.95265619553117e-13	-1.17003617081207	-197.958580022779	2.51789330674005	5.85653034740151
ENSG00000258818.4	ENSG00000258818.4	155.944226760062	-1.87284993439457	0.23947574183528	59.8858684135468	1.0052061725881e-14	2.24874818551738e-13	-1.81336128472268	-199.005757221759	3.41542952330265	12.9041654727989
ENSG00000174501.15	ENSG00000174501.15	259.33543501438	-1.43958773484026	0.184826750124064	59.7676329843716	1.06744502095647e-14	2.37764521550996e-13	-1.39577885688639	-203.214901555884	2.6430857898506	6.52434259199472
ENSG00000168993.15	ENSG00000168993.15	213.482800036674	1.40948273932124	0.181471897425243	59.7186609466777	1.09433967026532e-14	2.43403849426736e-13	1.36699286047748	189.866923991526	10.2956831110312	3.98870458800383
ENSG00000247134.8	ENSG00000247134.8	82.9888854126731	2.2641900088374	0.293209607426402	59.1263644022821	1.47864788099036e-14	3.2237865382722e-13	2.18929923580069	107.14821921916	10.2747443816374	2.13786447261521
ENSG00000268104.3	ENSG00000268104.3	140.633064769515	2.84398352764717	0.351054088090024	58.9275996452428	1.63581539800518e-14	3.55139894284219e-13	2.75251295210891	226.179569859767	4.78866719851633	0.48252710854013
ENSG00000170006.13	ENSG00000170006.13	405.298454903151	-1.1202120516122	0.145192710416129	58.8407372145501	1.70964718534456e-14	3.7012782542747e-13	-1.08770523952054	-333.937334483156	4.7660820621338	11.4107710189604
ENSG00000205628.5	ENSG00000205628.5	31.0520065357262	4.58965005254739	0.680725540878723	58.5388246852412	1.99318607829764e-14	4.27911269883203e-13	4.3869283818971	55.8099348902959	2.52234090036345	0.13007821864737
ENSG00000213145.10	ENSG00000213145.10	350.777815798244	-1.05641084491893	0.13850985195908	57.871991014126	2.79742065750038e-14	5.94779411421155e-13	-1.02573586233251	-246.63425559701	33.1945572103342	68.9659782609971
ENSG00000182952.5	ENSG00000182952.5	579.498081857964	-1.14240785026525	0.149001440730688	57.8109863982864	2.88553584695876e-14	6.12670307202964e-13	-1.10870643742815	-484.42858492939	12.2655446786485	31.8189001264129
ENSG00000124788.19	ENSG00000124788.19	217.551494447485	-1.45742021343476	0.190402695718629	57.7715046792503	2.94403813805187e-14	6.24233141469351e-13	-1.41098165619649	-218.678969306497	1.17815993081606	3.53916398913523
ENSG00000136244.12	ENSG00000136244.12	137.689362695142	1.72791997006701	0.227228470616241	57.1700334672453	3.99715409372946e-14	8.38316176505543e-13	1.67140736009859	156.496982001711	19.5906461126926	5.74083992496424
ENSG00000196126.12	ENSG00000196126.12	41.7718016396003	3.24897498699058	0.440484457152263	57.0308042642441	4.2903873244515e-14	8.93527829246454e-13	3.12945125087132	67.9205403729103	4.43094811607982	0.462949178548099
ENSG00000130475.16	ENSG00000130475.16	192.039603057691	1.82047606663117	0.237133791475824	56.9579119028588	4.45239420014374e-14	9.23752108513694e-13	1.7614599399874	219.982546391272	13.2910546324799	3.25693542466943
ENSG00000116741.8	ENSG00000116741.8	529.45406219008	-1.06028420517175	0.139684656128359	56.9256567306905	4.52602294738978e-14	9.36510592706549e-13	-1.02911069651259	-369.424329982773	19.3582966291343	40.5972158619829
ENSG00000181638.20	ENSG00000181638.20	564.54313484637	-1.04131836388511	0.137216722925617	56.9149490941472	4.55073358157903e-14	9.40363099936464e-13	-1.01089720693712	-343.841389470308	8.21972040434374	15.6286466709666
ENSG00000197408.10	ENSG00000197408.10	430.467568032686	1.14727916817803	0.151331005600779	56.7348907378775	4.98707989498888e-14	1.02504081569971e-12	1.11298177695307	332.78167761019	17.6410473858911	7.46733510475558
ENSG00000168016.15	ENSG00000168016.15	297.519764752424	1.69812632063882	0.222319403023948	56.0934781609601	6.91059715673018e-14	1.40542790133448e-12	1.64314535013702	250.504603557657	2.88903290270773	0.95813660391649
ENSG00000143147.15	ENSG00000143147.15	84.4846038310029	-2.24571720556195	0.299466125164106	55.9265516981275	7.52296570187522e-14	1.52394355084181e-12	-2.16678630004843	-117.626249611018	0.336122504898103	1.70568260799564
ENSG00000197763.20	ENSG00000197763.20	360.822793615275	-1.08763746030427	0.145060219444568	55.7614913464316	8.18186200436991e-14	1.6509179333262e-12	-1.05455573402885	-239.481083823686	5.54959042485759	11.8519252812427
ENSG00000277632.2	ENSG00000277632.2	50.392910421446	3.34758134403904	0.452147810217421	55.6894711673803	8.4871622632993e-14	1.70583120698292e-12	3.22573232586805	90.8495602801234	12.5358730021388	1.15343690015153
ENSG00000124215.17	ENSG00000124215.17	76.0067712553896	2.48899807921362	0.32924980245381	55.6624358440149	8.60468760971118e-14	1.72496049277275e-12	2.4026863312047	106.186785778306	2.83074957760767	0.433380789831225
ENSG00000244128.9	ENSG00000244128.9	88.8240800762653	2.0047391643267	0.269216857713783	55.4120688629859	9.77345430510939e-14	1.94661987940217e-12	1.9351007636776	107.08775266931	7.31410455524429	1.82615736983073
ENSG00000073849.16	ENSG00000073849.16	427.439348495893	-1.03687522300449	0.139351690282508	54.87317510609	1.2856380689707e-13	2.52161489614126e-12	-1.00536904500816	-287.778631173374	4.7194559228045	9.86147262494751
ENSG00000114248.10	ENSG00000114248.10	68.435488869021	-2.95327160505116	0.396602124116195	54.4365287704142	1.60550534402538e-13	3.13703550511085e-12	-2.84492260631805	-87.0355649803673	0.528614239452495	3.21139679610086
ENSG00000162086.16	ENSG00000162086.16	200.956540036827	1.4359825677221	0.194239290583218	53.8751840021197	2.13639083127804e-13	4.11701983415828e-12	1.38787071911347	196.59544049091	12.3323644165732	4.67080214380387
ENSG00000141542.11	ENSG00000141542.11	158.095962708675	-1.54620555761046	0.211099709329229	52.9671153803047	3.39179606508765e-13	6.40046015411895e-12	-1.49216031409226	-161.918593370245	2.81246265472081	9.1992341692452
ENSG00000289548.2	ENSG00000289548.2	52.4350047633356	-2.75265265886071	0.384577197141807	52.2402837959499	4.91083191214656e-13	9.17719145228745e-12	-2.64413695213608	-77.7055372647246	1.43154256888498	8.58500916045431
ENSG00000128335.14	ENSG00000128335.14	289.712418256922	1.14374870620553	0.15765488581182	52.0868544036781	5.309921652475e-13	9.87517477441014e-12	1.10627289836377	197.318429923491	15.2096745755299	7.40317617737614
ENSG00000282851.2	ENSG00000282851.2	68.5323841398609	2.40294676753388	0.331289675046886	51.8964596790092	5.85058102674138e-13	1.08414848413901e-11	2.31204480550813	95.5863346310261	8.58789614594616	1.6093620816243
ENSG00000080854.16	ENSG00000080854.16	996.423788098624	1.15303475277072	0.158713243432276	51.6255904847409	6.71604605456227e-13	1.24005845572037e-11	1.11521959072427	689.325337509313	6.89081096611294	3.26362786978875
ENSG00000157873.18	ENSG00000157873.18	311.614210859776	-1.11373630402059	0.154483634740245	51.5567721915205	6.95563447341016e-13	1.27970409691966e-11	-1.07675501187221	-248.399394184888	8.87750143747865	20.5788518548262
ENSG00000285722.1	ENSG00000285722.1	32.5575670284337	3.76827216575362	0.55313701828179	51.5084419170126	7.12898925243065e-13	1.30847893104066e-11	3.60591878320202	55.6818104944019	1.72745666356666	0.122029447982657
ENSG00000106688.12	ENSG00000106688.12	264.803339245544	-1.11609347135675	0.155960435052444	50.9805736851337	9.32846338460279e-13	1.69604429687549e-11	-1.07840595256637	-182.694508688154	2.93392308166765	6.40975465296523
ENSG00000173546.7	ENSG00000173546.7	94.2289265007608	-2.00529694686999	0.279613344514528	50.973815557955	9.3606363811059e-13	1.69989156680883e-11	-1.92857909935921	-110.61186052161	0.304327592313462	1.17887746197578
ENSG00000163283.7	ENSG00000163283.7	291.268763880375	1.10812408993693	0.154720393836999	50.9395333138406	9.52556006997769e-13	1.72780899224648e-11	1.070902652279	209.033335644651	11.2287988498	5.12380098918173
ENSG00000226742.4	ENSG00000226742.4	220.537725401333	-1.26272720599931	0.177753500886518	50.1158107779297	1.44934479651059e-12	2.58040210829729e-11	-1.21781005904462	-194.0083588244	16.0697493319314	41.6059990104587
ENSG00000173432.13	ENSG00000173432.13	183.505942603591	1.39028425169711	0.195454374913741	50.0554555740962	1.49461665299254e-12	2.65487947705327e-11	1.34016410568137	171.537908536134	29.3459030403851	9.93507478300645
ENSG00000053254.16	ENSG00000053254.16	357.073766463345	-1.08001799354302	0.1526853460582	49.5210021973508	1.96259404226519e-12	3.45434454234955e-11	-1.04309142947727	-295.21681096509	2.31863727664405	5.30001986389414
ENSG00000172794.20	ENSG00000172794.20	235.665666423307	-1.19657128454019	0.169872956065357	49.2810210101371	2.21798019304171e-12	3.8817168095002e-11	-1.15388703132638	-193.556569785817	4.22630831516177	10.3137036007549
ENSG00000235269.2	ENSG00000235269.2	120.784733991563	1.74877202610875	0.24818849114554	49.0240727699215	2.52840321032699e-12	4.40501489329654e-11	1.68173264352625	147.696266467759	5.94768292744528	1.66836942175887
ENSG00000070182.21	ENSG00000070182.21	87.9834179791497	-2.07418378439211	0.293341665465919	48.7358142188185	2.92869228500859e-12	5.08518493941424e-11	-1.9916773498396	-102.24692483786	0.38751969140041	1.45784595391047
ENSG00000125730.18	ENSG00000125730.18	1563.05929847249	1.89351966528738	0.263127084797244	48.5962144424186	3.14475660335826e-12	5.41768559480336e-11	1.82312430628265	1763.90926633923	38.1862255590302	10.3417020083493
ENSG00000250571.7	ENSG00000250571.7	219.116170050162	-1.35997621742408	0.197271767000863	46.9620213520936	7.23756920043245e-12	1.1935803224132e-10	-1.30790020358756	-163.589469422197	6.61610061198751	15.8073349134658
ENSG00000291029.1	ENSG00000291029.1	41.9891074111919	-2.90597848088978	0.43490634342917	46.1601327395158	1.0897197136492e-11	1.76319848007223e-10	-2.77376459144188	-63.5571443456152	0.314150359042755	2.1110649213738
ENSG00000167741.11	ENSG00000167741.11	98.4623589401434	-1.72707296806576	0.257215256514337	46.1350248085751	1.10377468949219e-11	1.78406974942424e-10	-1.65327177841836	-103.64228612018	1.88428287302879	6.31990224998637
ENSG00000198053.12	ENSG00000198053.12	233.191525761115	1.19808949839317	0.175826047627601	46.0330681961731	1.16273716962692e-11	1.87544524037212e-10	1.15285907556039	212.471307656106	5.48154775603988	2.22294571293666
ENSG00000042062.13	ENSG00000042062.13	783.091869270521	1.09925605740304	0.160724270422105	45.9472971757722	1.21477408790755e-11	1.95325550218135e-10	1.05916281869268	513.410022166075	17.4581616336235	8.48772672648705
ENSG00000102854.16	ENSG00000102854.16	145.669615515848	-1.6542402846056	0.241484430302882	45.8940690991375	1.24823289222067e-11	2.00288180086469e-10	-1.58640927102529	-135.889703058253	2.80158457525781	7.81969418154163
ENSG00000290032.1	ENSG00000290032.1	110.13754283753	-1.70637731815856	0.250784579719758	45.8291826655548	1.2902700771141e-11	2.06603826870676e-10	-1.63530527067749	-112.135352411005	83.6548935602409	261.002864681038
ENSG00000268621.6	ENSG00000268621.6	240.524666440214	-1.30775257462543	0.192288364782901	45.6215699492076	1.43453137970851e-11	2.28047645491046e-10	-1.25628706375166	-221.432999226923	8.49790811910784	22.9165640144773
ENSG00000099617.4	ENSG00000099617.4	266.538051607543	-1.13601385844922	0.16821171077264	45.2339991614074	1.74843220580667e-11	2.7483502575185e-10	-1.09250618310628	-186.828649324885	4.68620491977272	10.230534728913
ENSG00000132429.10	ENSG00000132429.10	112.566822992889	1.55747265537512	0.232058633576596	44.907719093034	2.06542074486636e-11	3.21713770108548e-10	1.49270170212662	113.278316153067	11.2372135399183	3.87327694379063
ENSG00000137691.13	ENSG00000137691.13	175.30005537628	1.33750206047695	0.200917122244283	43.85386420585	3.53831871826397e-11	5.31815849416968e-10	1.28283802203723	157.493827295956	19.9671275373387	7.97303671569048
ENSG00000141574.8	ENSG00000141574.8	55.8279397073659	2.2862066583375	0.343051334381138	43.8427091474462	3.55854293529847e-11	5.34335299117385e-10	2.18377583709586	78.8283493475192	4.83948623655065	0.983557132547899
ENSG00000158106.14	ENSG00000158106.14	814.770074869008	-1.0424972230786	0.156892945035485	43.4491674467215	4.35116731997315e-11	6.48307130802177e-10	-1.00244778640621	-418.904005598245	13.6262270340187	24.1323068392773
ENSG00000183454.18	ENSG00000183454.18	79.5362793043315	-2.19028113584722	0.326728712230839	43.2589658106082	4.79535335326565e-11	7.09693905666429e-10	-2.09127211027085	-110.251836408328	0.156746471522948	0.897573241545675
ENSG00000100665.12	ENSG00000100665.12	96.504952260094	-1.71259290536603	0.260436684013881	43.0605164375374	5.30725716580111e-11	7.77994507229876e-10	-1.63612848929364	-96.0668011620393	1.84173406695012	6.09885827734805
ENSG00000151014.6	ENSG00000151014.6	361.536727848041	1.07484903762386	0.163118514990719	42.9015080668012	5.75662645882527e-11	8.37505052011563e-10	1.03283734798479	301.507178430015	20.112529140209	8.49156331878025
ENSG00000019549.13	ENSG00000019549.13	134.592353698727	1.66998480822848	0.252686426783671	42.7710147526313	6.15372411530772e-11	8.91077724614353e-10	1.59720377109816	133.30034407261	5.95649188776456	1.95044212281517
ENSG00000121380.12	ENSG00000121380.12	193.416978263443	-1.22162429227852	0.18622149566522	42.711593909349	6.34351940395194e-11	9.16840501117998e-10	-1.17083557272572	-173.388495747253	5.42260085754599	13.6913933683589
ENSG00000137414.7	ENSG00000137414.7	330.885403969551	-1.09682579140313	0.166756669887808	42.7004077773376	6.37989883412691e-11	9.21235906488148e-10	-1.05299480661831	-277.089001449805	2.89412039804717	7.18027663194775
ENSG00000158458.21	ENSG00000158458.21	163.249129112033	1.3131164053089	0.200055503888414	42.6643089027347	6.49872972557374e-11	9.37517682653798e-10	1.25797613164754	136.674046995245	4.89646958274423	2.12980942807323
ENSG00000134955.12	ENSG00000134955.12	182.443285266817	1.41072879737857	0.214371112179662	42.6498841156715	6.546830714353e-11	9.43574966449606e-10	1.35081555351989	150.001667485621	6.23607743533689	2.32056752411835
ENSG00000134321.13	ENSG00000134321.13	235.411215783474	1.28222263664111	0.195273461216719	42.4262874692335	7.33968900634448e-11	1.0509781029864e-09	1.22876383587116	215.238994488032	7.31958958536759	2.91562080562932
ENSG00000244649.5	ENSG00000244649.5	64.9433335793094	2.27704922265726	0.346979261462348	42.2567499400614	8.00432692785015e-11	1.14402583757681e-09	2.17131876296475	83.3925383679862	5.1757965917794	1.04581948322804
ENSG00000143355.16	ENSG00000143355.16	44.1375564076614	-2.98783804189706	0.450206411957216	42.2058022412334	8.21559057344988e-11	1.17096820029337e-09	-2.84524551668543	-66.2692869072413	0.196496888923925	1.44830868957371
ENSG00000124787.14	ENSG00000124787.14	287.65526517416	-1.11371134143088	0.171005162465236	41.9723744315285	9.257205262736e-11	1.30975454111451e-09	-1.06811099262069	-214.99597873201	18.5157857318616	41.9910028009969
ENSG00000114455.15	ENSG00000114455.15	224.353450845234	-1.41846263471705	0.217022371259992	41.8186603440181	1.00143102719353e-10	1.41428081754432e-09	-1.35645817414667	-210.856346883704	5.24102485554298	13.8648241724738
ENSG00000149557.14	ENSG00000149557.14	173.456034467784	1.35282846480326	0.208133257268453	41.7014913157468	1.06327853333396e-10	1.49615017689544e-09	1.29443109865174	157.19284139031	19.7299698203339	7.40549157811675
ENSG00000183287.15	ENSG00000183287.15	124.035768058002	1.74335401906611	0.2673370316443	41.4237428583626	1.2255973926954e-10	1.7151696603487e-09	1.66427912349292	137.211478642132	2.99342158120234	0.949942806048599
ENSG00000170681.7	ENSG00000170681.7	121.467303685837	1.47329647184178	0.228145247320197	41.3939074344859	1.24444637560308e-10	1.73839586007322e-09	1.40758766637192	120.794195078356	3.95334814037592	1.3851001277207
ENSG00000119699.8	ENSG00000119699.8	60.0896432244542	-2.16585485015619	0.335190789012639	41.3225402645956	1.29071936924769e-10	1.79977815570978e-09	-2.06099293130794	-66.2135376317212	0.800231978389392	3.2599658196703
ENSG00000090097.22	ENSG00000090097.22	294.610291666462	-1.17621102953762	0.181897040867933	41.2468607378887	1.3416714949427e-10	1.86745186617994e-09	-1.1264095358939	-243.115252366586	6.79957571357243	16.1574123936568
ENSG00000233822.6	ENSG00000233822.6	76.0646686529422	-1.98461756460492	0.307419903112577	40.9016654511373	1.60084658329583e-10	2.20434146830994e-09	-1.89010108550063	-99.0954467275496	1.43341956638674	6.34309128315173
ENSG00000197353.4	ENSG00000197353.4	74.2886224493239	-1.88106277946834	0.294394325208088	40.8598209887134	1.6354928458263e-10	2.24636274578735e-09	-1.79076310613372	-86.5919744006998	6.0548849535918	23.1129187558263
ENSG00000250266.3	ENSG00000250266.3	113.898138447623	1.68133885584726	0.260957804696117	40.8055687636501	1.68153234144676e-10	2.30311741105343e-09	1.60394650316179	117.229249505679	6.12153633064068	2.12371884488336
ENSG00000004799.8	ENSG00000004799.8	209.88913135128	-1.09081017294198	0.170583555292908	40.7294790810825	1.74829764904688e-10	2.39243993889075e-09	-1.04482287693228	-141.215193119094	2.48201638895914	5.17889228008063
ENSG00000133019.12	ENSG00000133019.12	82.0921934910052	1.93875511284357	0.302214427246084	40.5545626064261	1.91201545159492e-10	2.60723237728084e-09	1.84626658201298	97.5312680895003	1.45927021707988	0.350373154240181
ENSG00000089723.10	ENSG00000089723.10	422.809758953324	-1.12507481543251	0.175380938401963	40.4852863267373	1.98102248059549e-10	2.69656640303986e-09	-1.07733570555268	-303.937261639744	4.64333547513024	9.86026043757916
ENSG00000064655.19	ENSG00000064655.19	107.556235600038	1.49082566979187	0.234639046184612	40.1256133228199	2.38145927636008e-10	3.19376241441305e-09	1.42190454834613	105.558683980252	4.71619829514211	1.72155496725742
ENSG00000168785.8	ENSG00000168785.8	223.136439350504	-1.08584849623964	0.1710912357322	40.0642471544261	2.45745843463646e-10	3.28996777077609e-09	-1.03944094920655	-151.6227289193	3.21130094083921	6.39365417466332
ENSG00000224259.9	ENSG00000224259.9	58.1704072438374	-2.09081746855766	0.331406538959224	39.9625599535117	2.58877594244468e-10	3.45677728785261e-09	-1.98608998674425	-72.2162392945078	1.25959564678586	5.26505700299242
ENSG00000158691.15	ENSG00000158691.15	265.302661687331	-1.13936127483204	0.180841442719987	39.3017836791133	3.63109466493879e-10	4.77017678706342e-09	-1.08915059431424	-196.325476373255	2.05852169356392	4.21732917586713
ENSG00000114646.10	ENSG00000114646.10	193.201260217705	-1.11290514326697	0.177380014310102	39.2216924221964	3.78313642038916e-10	4.94885540551924e-09	-1.06377347839971	-147.583933009626	3.80605784045487	8.49521008071485
ENSG00000130558.20	ENSG00000130558.20	188.733010760095	1.18016517032843	0.187752321006678	39.2093031808924	3.80721825072946e-10	4.9719307037445e-09	1.12780588317359	148.601686901651	7.64759290071632	3.416457191109
ENSG00000161682.15	ENSG00000161682.15	77.4850188236575	-1.81647501556889	0.290869021702508	39.0679760084039	4.09303022379735e-10	5.33614987622769e-09	-1.72533941517484	-87.0219595975017	0.856093891921025	3.0204870842632
ENSG00000182557.8	ENSG00000182557.8	203.810763277239	1.34274549670065	0.213677920275979	38.83951659385	4.60118341395202e-10	5.96338095531179e-09	1.28076490017643	186.755558593527	18.9509011455298	6.84053246284951
ENSG00000064042.18	ENSG00000064042.18	375.463878148139	1.07721693679259	0.171818034493806	38.7239714200333	4.88176756016053e-10	6.31113601831139e-09	1.03056982060299	224.521101984071	8.81433702977357	4.29006742956065
ENSG00000026751.17	ENSG00000026751.17	129.345575688275	1.62189112826088	0.258822357594756	38.4666096763643	5.56985205030799e-10	7.15872075341833e-09	1.54306327086482	144.564183832021	5.83649997391196	1.86621701191597
ENSG00000169903.7	ENSG00000169903.7	110.61159894392	-1.50681483617071	0.242441903686266	38.1931112712069	6.40782399895335e-10	8.18801086488774e-09	-1.43272636091432	-103.201999423066	5.18720619172655	13.736294086654
ENSG00000074047.22	ENSG00000074047.22	110.920774004854	1.68538931877498	0.27065562591217	38.0091006481363	7.04154143796312e-10	8.9239108075861e-09	1.60204243960324	116.248177522165	1.70673371282525	0.570617683039839
ENSG00000270504.1	ENSG00000270504.1	113.488222739379	-1.53876944292836	0.24954612726068	37.7319944809571	8.11624067247647e-10	1.0235481292512e-08	-1.46155184000796	-122.65019574995	1.54196005833338	4.57762103061391
ENSG00000182836.10	ENSG00000182836.10	31.1627021502106	3.05309257139112	0.506575017854337	37.7104538030734	8.20636022158891e-10	1.03406837861589e-08	2.88291759932625	50.2031386279344	0.467233242485316	0.0608941611629903
ENSG00000165097.16	ENSG00000165097.16	243.714992751534	-1.04778703228605	0.170366980522632	37.581742524668	8.76611707381219e-10	1.10100718593462e-08	-1.00065389413967	-188.278551924691	2.27530360844083	5.25335771863159
ENSG00000058866.15	ENSG00000058866.15	317.98842733308	1.13053461043021	0.18297983370027	37.524188511913	9.02863352131951e-10	1.13213636909089e-08	1.07910764233975	203.420645723159	13.4871733816128	7.09878698493294
ENSG00000130714.19	ENSG00000130714.19	174.439151982981	1.27106511842508	0.20701542272687	37.3168975098219	1.0041082114475e-09	1.24693598969458e-08	1.2104170906648	127.607330711265	6.32974874719084	2.88745154614398
ENSG00000144681.11	ENSG00000144681.11	63.2583594005557	2.19522938457584	0.359489921232521	37.1399069875495	1.09950366304273e-09	1.35393806755355e-08	2.07808383257255	62.3958161604079	3.16468624786451	0.873050494322747
ENSG00000165807.8	ENSG00000165807.8	127.142287360599	-1.38631204334951	0.226860185533443	37.052348027136	1.15000016148188e-09	1.40996048392648e-08	-1.31716859121835	-125.281429731773	4.33466002208553	12.4356660310461
ENSG00000225383.8	ENSG00000225383.8	111.255353726771	1.4854201683996	0.243117363766154	36.9783511839065	1.1944814597217e-09	1.46101551602728e-08	1.41087556888831	98.6418568192355	22.052275631641	8.35929052515676
ENSG00000101115.13	ENSG00000101115.13	207.683322366328	-1.19506188864176	0.195444814471474	36.9367990915363	1.22021052486386e-09	1.48894621832399e-08	-1.13793478748613	-175.871387904194	2.11049395727619	4.96675927130284
ENSG00000100478.16	ENSG00000100478.16	485.166599831447	-1.06021730379504	0.173876507257899	36.5399233088049	1.49571184314162e-09	1.79951738197459e-08	-1.01127170137829	-275.229197782104	9.65016390484027	17.4684061843016
ENSG00000185518.12	ENSG00000185518.12	156.124222899137	1.36788684109415	0.225102115290264	36.4609773379946	1.55753463963534e-09	1.87098091030436e-08	1.29993406597391	139.750887137867	2.33211140532792	0.89233149046055
ENSG00000213468.7	ENSG00000213468.7	32.4510815864171	3.46559405904785	0.575964688095641	36.0861057828437	1.88788146539799e-09	2.24856005400335e-08	3.26439044731199	53.8216583184261	2.54507142162623	0.243431817333793
ENSG00000230487.9	ENSG00000230487.9	135.682053023233	-1.46782578886066	0.2426200413377	35.9855544584201	1.98785795691484e-09	2.35672622295987e-08	-1.39202433160881	-113.865002646071	2.03603795455314	5.37325089101432
ENSG00000168955.4	ENSG00000168955.4	43.6221918030023	-2.51990809629338	0.42125297516261	35.974561720941	1.99910440096906e-09	2.36461115198149e-08	-2.37648677468447	-51.097903558654	0.347539331441277	1.85573402651238
ENSG00000183688.4	ENSG00000183688.4	106.864800226426	-1.48708472866482	0.249135397215328	35.4185538335277	2.65941460448588e-09	3.10990332082152e-08	-1.40806196445966	-91.9224555821654	0.957455283114483	2.68295013737422
ENSG00000138798.13	ENSG00000138798.13	70.7944057582705	2.12281969802012	0.352169452142981	35.2158812101038	2.95107156731035e-09	3.42795691256323e-08	2.00572710114115	74.347023646404	1.69787931733624	0.469850370964305
ENSG00000290872.1	ENSG00000290872.1	176.448353731079	1.07927929666526	0.18172887401881	35.1556983122212	3.04369474977015e-09	3.52505726451514e-08	1.02709640693729	130.085572231152	12.4126119964439	5.94411201340872
ENSG00000096654.16	ENSG00000096654.16	215.015316988354	-1.09533840234242	0.184335600919273	35.0372980686084	3.23449994909224e-09	3.73431123516737e-08	-1.04148874855689	-177.002809718046	3.02463536439242	6.95474284134126
ENSG00000180787.6	ENSG00000180787.6	89.5498261813738	1.57254949017967	0.265029645055814	34.973697486131	3.34189274745459e-09	3.84966092908277e-08	1.48778810682902	77.6003208417517	1.69280950207538	0.613605725952333
ENSG00000269190.6	ENSG00000269190.6	121.707643845641	1.3161945136066	0.222195726792612	34.9112015907453	3.45089791869611e-09	3.96693613831605e-08	1.24800149995147	104.088710592858	6.17350073181501	2.52911454320747
ENSG00000171522.6	ENSG00000171522.6	110.4222461437	1.47546527696145	0.248748255881586	34.8911079319016	3.48669615786305e-09	4.00451204559331e-08	1.39706433934584	109.972692267818	3.61794867084047	1.29183240230666
ENSG00000124613.9	ENSG00000124613.9	84.0455634261976	-1.98709263991807	0.332245459039989	34.6587531092566	3.92868088909157e-09	4.49541276530893e-08	-1.87567674495106	-87.6768127012185	0.674291866424996	2.43580524076502
ENSG00000163531.17	ENSG00000163531.17	84.3065256291408	1.77180499340669	0.301108868708937	34.3565389813822	4.58856111563149e-09	5.21568699417435e-08	1.67261627039659	94.301246564429	2.74633509708266	0.844585719180439
ENSG00000065989.16	ENSG00000065989.16	162.996208041169	-1.15742835034931	0.197157567791248	34.2805941840588	4.77115623089457e-09	5.41526232206534e-08	-1.09802652590295	-120.48962100724	1.76480882998867	3.75849736714808
ENSG00000286905.1	ENSG00000286905.1	96.503828329874	-1.78684859340471	0.302385720688387	34.2646079099728	4.81050981183707e-09	5.45325792920499e-08	-1.68627445974884	-98.1224038194185	1.02830763202937	3.60676828003273
ENSG00000278318.5	ENSG00000278318.5	138.500564772649	1.69501490225166	0.284875836222248	34.259519519551	4.82310403116877e-09	5.46217416178438e-08	1.60225630835275	113.375746295365	3.06965394456213	1.15079796029475
ENSG00000135917.16	ENSG00000135917.16	65.3157734012696	1.90046433293159	0.32423424690521	34.0384824884782	5.40327937419272e-09	6.0702343828267e-08	1.79203601615387	69.8007607942078	2.8001389434113	0.829521600117068
ENSG00000196218.14	ENSG00000196218.14	131.96666396291	1.42333409414034	0.242346188841454	33.9207017120083	5.74046366806799e-09	6.43031909871535e-08	1.34628551882088	107.605150637627	7.53962657041588	3.20969445548363
ENSG00000011590.14	ENSG00000011590.14	52.3816050404357	3.05029973209808	0.506272029218298	33.8538042451407	5.94128024598821e-09	6.64081114243838e-08	2.86568697555052	86.0451319257028	4.379313746173	0.249107758660302
ENSG00000172137.19	ENSG00000172137.19	95.7739799505263	1.7044782758721	0.292258834305741	33.3343732955922	7.75988574936063e-09	8.5436231403089e-08	1.60716426519206	108.93698721278	8.49072452326032	2.24478717213527
ENSG00000143416.21	ENSG00000143416.21	178.880713850587	-1.0852200386727	0.188174708424258	33.116632988035	8.67930740786698e-09	9.5016871736053e-08	-1.02876634220771	-132.221393794469	5.13555218867869	11.0058498986137
ENSG00000002746.15	ENSG00000002746.15	42.6284973838828	2.40567715844991	0.416762680918396	32.7679201777184	1.03844533863376e-08	1.12487314015093e-07	2.25821813590417	59.6871949680369	3.73728419989486	0.640317286921223
ENSG00000188760.11	ENSG00000188760.11	160.298701764576	1.1502449982445	0.201875846200465	32.2202279313371	1.37650200086072e-08	1.47144632169571e-07	1.08808325937577	126.599693569192	7.3385008700511	3.43407852057493
ENSG00000185909.15	ENSG00000185909.15	130.040896334822	-1.45395092552566	0.256448879252158	31.5015478277487	1.99281342706371e-08	2.08691099458314e-07	-1.36753509182519	-114.069496314893	2.678089931663	7.84635676936419
ENSG00000164741.15	ENSG00000164741.15	78.2504743103088	1.76870911327574	0.314002250563312	31.1974886792752	2.33067392942673e-08	2.42591252694747e-07	1.65962097763072	66.0242580394131	1.56233161337079	0.622473991142012
ENSG00000163762.7	ENSG00000163762.7	42.8676910950695	-2.88964212901736	0.49976287803065	30.86292133019	2.76912220175969e-08	2.83449405214606e-07	-2.70033870785358	-58.0782605636766	0.662788726394361	3.5628313181022
ENSG00000138316.11	ENSG00000138316.11	89.5228382201912	-1.88500302515742	0.335519091557372	30.7886587032556	2.87714481008281e-08	2.93921954258361e-07	-1.76604704189657	-85.4544543721178	0.474585994069412	1.53043866202994
ENSG00000182870.13	ENSG00000182870.13	181.966977560879	1.07876562506062	0.194062386935577	30.7838615970801	2.88426611513169e-08	2.94454575087121e-07	1.01893503345546	147.535360599931	10.1481261698413	4.55655518452805
ENSG00000159388.6	ENSG00000159388.6	132.259178945363	-1.18339684864712	0.213077278105899	30.7720676729892	2.90184935964329e-08	2.95858300630474e-07	-1.11477891242283	-99.6179207883597	2.06635391807376	4.74741310574275
ENSG00000214274.10	ENSG00000214274.10	70.1662639070853	-1.68980241201134	0.30561050460878	30.3856343584829	3.54141126475585e-08	3.55893387257625e-07	-1.58136831785335	-66.7044754709551	2.06737607286019	6.56097788012966
ENSG00000174099.12	ENSG00000174099.12	63.4719440126027	2.15226052934815	0.385240310225919	29.9762282664334	4.3737551576137e-08	4.34728168788957e-07	2.01191139190385	90.2236742557891	2.29937288555394	0.445891374713156
ENSG00000108176.15	ENSG00000108176.15	169.3239822795	1.13394185253479	0.206425404601697	29.9495943813128	4.43424639838528e-08	4.40457061811294e-07	1.06828890498855	137.275955859138	17.2191082594049	7.11787009981051
ENSG00000168916.16	ENSG00000168916.16	151.193187156534	-1.12192100381065	0.205293295790167	29.7002021468704	5.04295618420357e-08	4.98994049098502e-07	-1.05583612338855	-116.391925130958	1.37713319880155	3.29614401146341
ENSG00000235300.4	ENSG00000235300.4	54.0698744029964	2.36932433521177	0.429157390108585	29.3086618488785	6.17191885583392e-08	6.02210742469358e-07	2.21072887875125	77.7908360044683	14.0422417936488	2.66868569727635
ENSG00000167081.18	ENSG00000167081.18	97.6765081453862	1.43711327095933	0.26408015093216	29.304279107681	6.18589395891794e-08	6.02812242107685e-07	1.34583727834842	91.1554940608896	4.67140823994179	1.75784722204085
ENSG00000078596.11	ENSG00000078596.11	60.7321545996913	-2.22500690066449	0.404922677914903	29.2811444043348	6.26018993093275e-08	6.08132736147753e-07	-2.07241257209857	-75.351641691565	1.31392574748129	5.86433545809625
ENSG00000186469.9	ENSG00000186469.9	152.068871183364	1.21643558717787	0.224169770336271	29.2033736395223	6.51656420222341e-08	6.30656332448405e-07	1.14231312642526	103.0231447053	5.14614159759017	2.38241481348269
ENSG00000127528.6	ENSG00000127528.6	245.400019587007	-1.22183426975053	0.223636675165745	29.1658426325343	6.64402394745128e-08	6.42186309660977e-07	-1.14709483883023	-174.397627999572	5.93891039749035	12.8805988537378
ENSG00000170962.13	ENSG00000170962.13	164.816493212023	1.12721589736452	0.208541732250982	28.9626295949096	7.37881492029547e-08	7.08770299375737e-07	1.05976864892955	110.674871648665	3.60913719495849	1.67715246931427
ENSG00000274750.3	ENSG00000274750.3	114.142255054927	-1.23158703211601	0.229891488980903	28.561294057111	9.07787789369354e-08	8.60725572279198e-07	-1.15343078691797	-86.255530476093	1.88966262994323	4.22293878354849
ENSG00000231574.7	ENSG00000231574.7	132.541513989473	1.42915062312571	0.26561602512826	28.3045760655597	1.03650668359827e-07	9.767714998793e-07	1.33603667017217	112.208299298468	6.02089439484428	2.09866967864978
ENSG00000269313.6	ENSG00000269313.6	38.8649232587249	-2.30315626473087	0.430758199563389	28.2486365107236	1.06689758636023e-07	1.0017415537139e-06	-2.13661707148811	-55.9044328595842	0.746919782798134	4.20363413590745
ENSG00000172339.10	ENSG00000172339.10	262.146930752266	-1.15061351325657	0.215296910605477	27.9884802206632	1.22039800941599e-07	1.13073611484665e-06	-1.07842930971818	-216.048815266397	1.88466479984164	4.83890767763058
ENSG00000101493.11	ENSG00000101493.11	219.702422840197	-1.12965273525738	0.211913268683352	27.9835460142448	1.2235138228665e-07	1.13294297359132e-06	-1.05902587040312	-134.617507368281	1.75516748506676	3.52994340973121
ENSG00000147041.12	ENSG00000147041.12	73.5981302700978	-1.51810712056958	0.286767540544847	27.9451313154102	1.24804584878407e-07	1.15427415948658e-06	-1.41369673605097	-72.2653432043603	0.52799224766794	1.50738383193845
ENSG00000047579.20	ENSG00000047579.20	149.521680437935	-1.10520432861772	0.209001284954341	27.8430619974702	1.31565005074064e-07	1.21461568081534e-06	-1.03592014134709	-102.186953356246	5.69640851966913	11.3455794229385
ENSG00000139910.20	ENSG00000139910.20	62.7227651055412	1.78300063990466	0.335139488911259	27.7663096554244	1.36889281112035e-07	1.26018559307444e-06	1.65856992159977	61.4271162478805	3.56504705344682	1.18060370475827
ENSG00000111012.10	ENSG00000111012.10	80.8638453370496	1.40702338042965	0.266579853316569	27.7372194317969	1.38963224233367e-07	1.27756779587031e-06	1.31245199433861	75.1481972725925	3.45958349433939	1.35197414768408
ENSG00000185201.18	ENSG00000185201.18	100.996487042254	-1.28380150801027	0.243601843385828	27.6487529554127	1.45465815487718e-07	1.33179734749016e-06	-1.19843207220543	-83.7128538059559	11.6013566070047	29.1138153317367
ENSG00000186919.13	ENSG00000186919.13	53.039003988129	2.00670676070754	0.383966314401867	27.5680040865178	1.51666999092624e-07	1.38446587699216e-06	1.86105219420137	59.5225901727943	4.10282761057781	1.12651435356923
ENSG00000188596.11	ENSG00000188596.11	57.2469224191971	2.02645658509366	0.381575157247079	27.4237090365034	1.63415430755997e-07	1.48192354509087e-06	1.88067684368642	66.4799384006659	1.47769639009654	0.395570335800179
ENSG00000142552.8	ENSG00000142552.8	114.563183184423	-1.20269043603574	0.230786088772638	27.0524845095998	1.98005569745359e-07	1.77080763301817e-06	-1.12247243310218	-96.8269960769861	3.60223610916224	8.62954806666811
ENSG00000009694.14	ENSG00000009694.14	144.304113771686	1.12632949138598	0.216289859201761	26.9567849501976	2.08055512678948e-07	1.85210201482828e-06	1.05367951241096	109.216457681574	0.960299250188017	0.455485852900686
ENSG00000137198.10	ENSG00000137198.10	117.0904567672	-1.29744308337985	0.24876136791425	26.9552428141135	2.08221578745636e-07	1.85251198243092e-06	-1.20892641873171	-112.054060556343	3.57664244851021	9.5396697174144
ENSG00000152926.16	ENSG00000152926.16	79.5380537251855	1.3988828938426	0.269127219264581	26.9254391936838	2.11457225924582e-07	1.87697167301429e-06	1.30184688986419	69.9411498773136	1.41335967622104	0.53409695359738
ENSG00000113327.17	ENSG00000113327.17	164.216114116872	3.06740595720169	0.553505693466163	26.81898764003	2.23431209000805e-07	1.97757118241768e-06	2.85842521029046	257.101982858366	11.1361018668093	1.54972634709126
ENSG00000152137.8	ENSG00000152137.8	45.6695924542066	2.15490979479711	0.417167202860842	26.7219167242473	2.34941531676146e-07	2.07124829533947e-06	1.99356795140793	63.3712578442257	3.38809692582655	0.567462222813857
ENSG00000187601.5	ENSG00000187601.5	74.0166152490153	1.59409818755735	0.307212173878544	26.713955032434	2.35911568512003e-07	2.07494642253634e-06	1.48011989236127	79.7467559991687	5.62942356673848	1.61716541846815
ENSG00000162878.13	ENSG00000162878.13	61.679777258169	-1.71261760600257	0.331546533277993	26.4576675570799	2.69377092676132e-07	2.34950285371782e-06	-1.58499837332875	-62.3993227456383	1.85675680259624	5.28114577384158
ENSG00000228594.4	ENSG00000228594.4	157.760608918151	-1.12339838930026	0.21751349270809	26.4530927875369	2.70015811290293e-07	2.35345232246017e-06	-1.04882844149729	-142.482448710235	2.9674330934142	7.61036503394643
ENSG00000283149.1	ENSG00000283149.1	184.881155153313	1.09907402623044	0.212826709880696	26.3927399825737	2.78585628425821e-07	2.42404045117304e-06	1.0274395216592	146.824385303669	70.0748240504453	33.7932661710986
ENSG00000104951.16	ENSG00000104951.16	109.708739224838	1.17826640868734	0.229343964873232	26.3196014669921	2.89337187277395e-07	2.51051648275091e-06	1.09872945460091	84.6055145983204	6.43762120877606	2.74912419184459
ENSG00000109944.11	ENSG00000109944.11	106.125692386793	1.23318588840497	0.24087453786238	26.109307101435	3.22625137293253e-07	2.77904108217558e-06	1.14798126786696	95.2959366360123	3.64472568124243	1.48372552526525
ENSG00000231528.3	ENSG00000231528.3	66.6495452624343	1.55893351735474	0.304845458384569	26.0353431734895	3.35224060774203e-07	2.88113507912617e-06	1.44417655416602	69.9181971935749	1.1332548017518	0.379486035917639
ENSG00000228705.4	ENSG00000228705.4	52.1488975364486	-1.75691466576919	0.345728135556507	25.7477932219374	3.8907163476248e-07	3.32726302171393e-06	-1.62137915864701	-58.7097929810894	1.24980438273041	4.74064992572151
ENSG00000116668.13	ENSG00000116668.13	96.9775917349663	-1.23685029856259	0.243170858914018	25.7356738324232	3.91522538312459e-07	3.34451682423415e-06	-1.1493271132678	-72.700264743104	1.36623455546767	3.13583651914405
ENSG00000103544.16	ENSG00000103544.16	218.474096512762	-1.22640862936747	0.239744367941939	25.7136073131641	3.96024863930039e-07	3.38110608386288e-06	-1.14063511812914	-173.397103009098	4.05872916400796	9.02839044159854
ENSG00000146411.6	ENSG00000146411.6	147.906261294376	-1.09436479042649	0.215290966263652	25.7006142165608	3.98700140894311e-07	3.40206488382785e-06	-1.02011328857488	-115.803332956914	1.09260240515619	2.40723379915434
ENSG00000223812.8	ENSG00000223812.8	73.6281011988276	1.44746171549375	0.286135309641366	25.678620230837	4.03270055190699e-07	3.43915832702963e-06	1.3402876100784	66.2608190661671	7.49032558862494	2.85121160651531
ENSG00000288534.1	ENSG00000288534.1	161.520854685618	1.31267790478099	0.25705180400099	25.6413975810577	4.11124140224119e-07	3.50226944177677e-06	1.21991405745966	169.435106964317	3.22698651333527	1.0016291393841
ENSG00000188428.20	ENSG00000188428.20	229.747811388245	-1.31973037357085	0.257523868089486	25.5632113909842	4.28124603169893e-07	3.63305738017068e-06	-1.2253005381596	-202.56717289757	3.56107177681452	10.8507375012822
ENSG00000233901.8	ENSG00000233901.8	58.0281897038804	1.76898388831662	0.348408515737868	25.4119218464788	4.63047653307835e-07	3.91006760200204e-06	1.63290734120792	56.6860003718533	7.29425996147581	2.29144598405213
ENSG00000162415.7	ENSG00000162415.7	132.94598106685	1.08350344521246	0.21519467236896	25.2096894594736	5.14231940744218e-07	4.29993728999336e-06	1.00941150848004	90.8487724928012	1.9863614142621	0.907533790992219
ENSG00000150551.11	ENSG00000150551.11	112.569318988451	1.12368902179256	0.223623859272156	25.1386735422375	5.33520898698738e-07	4.45399058535085e-06	1.04557690569529	82.8298012149594	5.25431331702522	2.46892530485288
ENSG00000140279.13	ENSG00000140279.13	49.4271548913027	-2.46288199099325	0.474916396426374	25.1021128755528	5.4373249026622e-07	4.52455780040397e-06	-2.26160285187167	-60.5039203378402	0.145371065572413	0.907940385176767
ENSG00000166446.15	ENSG00000166446.15	163.957643345286	1.22405911299175	0.242488209371007	25.0767363952665	5.50935266500083e-07	4.57709191264547e-06	1.13690693355608	134.909982059689	2.68127654086897	1.09494702098291
ENSG00000182463.16	ENSG00000182463.16	115.445497441416	1.32409815198414	0.262428989590151	25.0604663719894	5.55603546121329e-07	4.60843435675918e-06	1.22708895443892	115.325592178535	1.66271685371071	0.59505401248919
ENSG00000133106.15	ENSG00000133106.15	91.6846315591172	1.64859154471406	0.325339599363695	24.8534751950691	6.18574299756358e-07	5.09243354188754e-06	1.52184052584807	116.672118964217	4.72740774023071	1.20167151223085
ENSG00000274226.6	ENSG00000274226.6	103.818976789277	1.48760249076133	0.296240767203388	24.8218579723225	6.28803755467346e-07	5.16837847145578e-06	1.37514931747322	93.3137783204379	4.89143186315802	1.82596080605883
ENSG00000215788.11	ENSG00000215788.11	70.6230349703206	1.58895188844371	0.31694002964212	24.7746270630757	6.44401684221616e-07	5.29094914768344e-06	1.46641700781624	53.8129976752917	4.35492587923795	1.88828583601234
ENSG00000260804.3	ENSG00000260804.3	126.251684510684	1.07974501936384	0.217348709820202	24.5545990203206	7.22337323747896e-07	5.88390444821769e-06	1.00389402374017	79.3687178818217	3.59679257655401	1.78913533729815
ENSG00000005108.17	ENSG00000005108.17	43.2498382559794	2.25631046018628	0.455182011797456	24.2711441335668	8.36833739622115e-07	6.7138074869059e-06	2.06533081854627	63.3676309027701	0.624374124598077	0.0912064535088331
ENSG00000137880.6	ENSG00000137880.6	95.7123835226104	1.27115920878143	0.259051917915826	23.8921011799449	1.01888965079718e-06	8.07370669902731e-06	1.17407784724564	81.8223832529614	17.0998829241265	6.92037810920361
ENSG00000148082.10	ENSG00000148082.10	90.744047783398	1.57038871362835	0.316952718753043	23.8862206118242	1.02200684382703e-06	8.09425225311137e-06	1.44480797624916	67.0204097377548	1.01764946454594	0.43662131728227
ENSG00000049769.14	ENSG00000049769.14	89.7157458931615	1.43516430858708	0.291247034703079	23.8702971138392	1.03049572459079e-06	8.15729846399147e-06	1.32208386940023	85.760420460829	3.01169143298988	1.07735718256544
ENSG00000175548.9	ENSG00000175548.9	246.388566473277	-1.19411135023351	0.242134092983808	23.7859933101347	1.07663079066584e-06	8.49635628053065e-06	-1.10419880623306	-172.388149955129	2.47051325630242	5.01266326957891
ENSG00000145029.14	ENSG00000145029.14	104.473356724305	-1.27752286096322	0.261146330527677	23.7364536094233	1.10470173513196e-06	8.69565322972818e-06	-1.17829142666633	-86.3346861086281	2.77249035099032	6.88021066490042
ENSG00000119138.5	ENSG00000119138.5	91.0916745332781	-1.29499793290721	0.265742701090083	23.6285170848516	1.16843056457301e-06	9.16458038351067e-06	-1.19321939265526	-65.6542254329344	0.675965494269802	1.53830003515453
ENSG00000223865.11	ENSG00000223865.11	39.3045097833365	2.36087495681954	0.479391688672302	23.4428291473423	1.28681484436591e-06	1.00167795953768e-05	2.15818126819104	59.7310963079829	4.42409465430721	0.566865649503886
ENSG00000187068.3	ENSG00000187068.3	44.5851406402804	1.88422439240487	0.388993564010535	23.3098451820095	1.37892367716259e-06	1.06745566101714e-05	1.72287845368557	57.8874349242312	0.663204622384045	0.162087347542306
ENSG00000185924.7	ENSG00000185924.7	39.9174223911142	1.93379807693971	0.400327347176878	23.248325505627	1.42374355666469e-06	1.09939497452106e-05	1.76625683026232	50.0954843159028	1.19932122911406	0.30788605164752
ENSG00000244165.2	ENSG00000244165.2	51.8755007973351	1.67931645595026	0.346761042134541	23.226536188606	1.439966063942e-06	1.10970125626603e-05	1.53785159768594	54.4044573250572	3.57061660330397	1.01583448130754
ENSG00000066468.24	ENSG00000066468.24	112.966741584825	-1.09193336248367	0.227359511339412	22.9924723101588	1.62636984432471e-06	1.23729151882682e-05	-1.00860121249205	-81.2010028988813	1.53343839246757	3.37256912081043
ENSG00000120262.10	ENSG00000120262.10	106.053379175911	-1.40898372175188	0.290288647949958	22.9265976814797	1.68306794060569e-06	1.27979491286648e-05	-1.29272819775289	-90.9209637534103	1.32222401283236	3.75743362551538
ENSG00000161243.9	ENSG00000161243.9	88.8338536762755	1.56191645176121	0.323084745543922	22.804672621832	1.79329173029876e-06	1.35625924296383e-05	1.43097777382102	65.1544837741519	7.83655303789582	3.24739195686505
ENSG00000100473.18	ENSG00000100473.18	112.061401044885	1.20383178926736	0.253558134203381	22.325856504997	2.30087617073051e-06	1.71328145544603e-05	1.10706243249653	91.3383310905666	4.65140478643426	1.98486136154332
ENSG00000290183.1	ENSG00000290183.1	79.6127644645833	-1.67728226898464	0.351605253840596	22.2112553706417	2.44237817158055e-06	1.81339824225673e-05	-1.52945887451513	-91.8065954762058	1.46781307898273	5.38530142991819
ENSG00000142156.16	ENSG00000142156.16	55.4031767372805	-1.58069215353344	0.338663980165898	21.6876985387002	3.20842159248651e-06	2.32840600383741e-05	-1.43669047536968	-55.2250127064351	0.481254654954146	1.43015715225441
ENSG00000204397.10	ENSG00000204397.10	86.2325083678068	1.20252124490204	0.257818118409721	21.6856834969053	3.21179362985395e-06	2.32975782285834e-05	1.10215314650294	68.2389029194792	24.2021730906521	10.8700086269468
ENSG00000121552.4	ENSG00000121552.4	65.6312539165717	1.400044359763	0.300415559173468	21.6452680079371	3.28018221570484e-06	2.37156406002904e-05	1.27753982472828	57.6276554865949	12.4895207056274	4.52103088523038
ENSG00000272763.1	ENSG00000272763.1	74.7109449048988	1.29140259668152	0.277855244457861	21.5439180469138	3.45817644187693e-06	2.49091981133049e-05	1.18032991519085	64.8001607064176	6.4264545966643	2.58319955702241
ENSG00000250644.3	ENSG00000250644.3	133.028307754734	1.19574877573532	0.255989680031063	21.5411416328305	3.46318652663835e-06	2.49296116547698e-05	1.0964115075971	97.9653557304057	5.39435581520585	2.36401284641144
ENSG00000197062.12	ENSG00000197062.12	99.5180935246351	-1.30358629015597	0.280409544682171	21.2600252095158	4.01007532069696e-06	2.85119864810125e-05	-1.18924792466441	-87.0375787015606	1.92623861920832	4.84575230104483
ENSG00000196810.5	ENSG00000196810.5	155.141435204197	1.29489876372827	0.277906730364129	21.0844357160442	4.39483312149789e-06	3.10332315020318e-05	1.18250930486805	108.847256151623	6.4673524846399	2.78728616308763
ENSG00000181449.4	ENSG00000181449.4	100.392598796767	-1.25436214390545	0.273763915431371	20.8481531543985	4.97171414783543e-06	3.47329548854015e-05	-1.14324981590463	-67.81339608083	1.84270975001283	3.8030203218291
ENSG00000197249.14	ENSG00000197249.14	112.605425992114	-1.14565913880418	0.250275528581051	20.76567273621	5.19050406476631e-06	3.60903697043841e-05	-1.04677570926644	-94.091725549807	3.20236885986397	7.57218415753242
ENSG00000115380.20	ENSG00000115380.20	53.8846868469387	1.55497147541034	0.34149869550802	20.6555748359789	5.49768779707176e-06	3.79697131255479e-05	1.40822702360412	53.3240324169186	2.56566479616954	0.941584294181689
ENSG00000064225.13	ENSG00000064225.13	309.257279621992	-2.13342883156304	0.45189488003943	20.6253409886614	5.58519219777457e-06	3.85223533354997e-05	-1.9319720671333	-364.157474613809	7.98720262104619	27.706494589298
ENSG00000011028.14	ENSG00000011028.14	111.788188401593	1.32326072728378	0.290072467261313	20.428375359354	6.19050867357981e-06	4.22817220731761e-05	1.2033210874389	79.0301792620857	1.89492978952895	0.837526572363646
ENSG00000117115.13	ENSG00000117115.13	58.9674950729995	1.41433995524045	0.313487443936848	20.334187968835	6.50282332946164e-06	4.41802732894234e-05	1.28119122314314	53.6575820227189	1.3745719832995	0.542943053583062
ENSG00000162543.6	ENSG00000162543.6	49.2447894591422	-1.63767429591796	0.363431457096134	20.2479816890947	6.80251897093542e-06	4.60138838016473e-05	-1.47625652129708	-52.1572995995152	0.24495749121461	0.872004169435011
ENSG00000250312.8	ENSG00000250312.8	56.5565507618011	1.60454612900655	0.355360678363756	20.1967195173603	6.9872657012843e-06	4.71165204758735e-05	1.44941311136773	50.147370051523	2.07544494504098	0.787162209043633
ENSG00000180596.8	ENSG00000180596.8	122.21389468448	-1.21114462030983	0.270221381930938	19.8432192800957	8.406038331339e-06	5.56652113610248e-05	-1.09956580007296	-97.2595402995473	12.0155253874936	31.9875364593047
ENSG00000163803.13	ENSG00000163803.13	103.220636250282	1.30910634865072	0.291774234075569	19.7318421321281	8.91042648543294e-06	5.87281568015128e-05	1.18573023922115	104.823165917749	3.36310441867274	1.13109397674866
ENSG00000257767.3	ENSG00000257767.3	193.690355711064	-1.22649780713767	0.273667257386144	19.6830991207705	9.1406215604267e-06	6.00914115872004e-05	-1.11278615635431	-176.448871804891	12.6634870874164	33.8071247493364
ENSG00000101298.15	ENSG00000101298.15	131.194982611513	1.11720644748359	0.250825073523342	19.6507151231718	9.29685109358667e-06	6.10404906340297e-05	1.01713599509024	87.8624249567854	2.48475732468272	1.23074356116108
ENSG00000188818.13	ENSG00000188818.13	75.2660354368102	1.78563183878098	0.394888251566151	19.6001270179353	9.54628517714992e-06	6.24127310438315e-05	1.60659087932914	67.0863079445016	4.25455818427242	1.72565437434029
ENSG00000198626.18	ENSG00000198626.18	83.9268751750425	1.3400714407412	0.302913226304126	19.3959134519499	1.06234138344518e-05	6.88136869276533e-05	1.20985857601263	87.944213816937	1.758013362914	0.570239213409311
ENSG00000187372.11	ENSG00000187372.11	76.5561151834277	1.35856504222758	0.306687997381861	19.3916618553736	1.06470906563156e-05	6.89381255750365e-05	1.22657554589337	59.886250583134	1.25793078706378	0.527740975530795
ENSG00000166250.12	ENSG00000166250.12	109.00515547088	1.28178667219383	0.288447529073212	19.3392537558844	1.0943336774424e-05	7.07079725617449e-05	1.15950660418465	81.8689578917839	2.18855527176555	0.960474238854714
ENSG00000123096.12	ENSG00000123096.12	67.7024730907569	-1.59962566029216	0.365316156884418	18.7400896950923	1.4979981877922e-05	9.3805679621746e-05	-1.431111541229	-67.3683698129452	0.628864147127451	1.94251488906302
ENSG00000260565.9	ENSG00000260565.9	58.2256360776114	-1.82307049176734	0.415221982031509	18.624508807087	1.59161171631356e-05	9.88656678189786e-05	-1.6256344174173	-64.7806090362034	0.722626352520354	3.1756075394263
ENSG00000278768.4	ENSG00000278768.4	118.312733799375	1.10691188285702	0.255798811953164	18.4784179066355	1.7183923326923e-05	0.000106015603706788	1.0012257204742	69.4766537631563	2.81995864675214	1.42009938210387
ENSG00000176438.13	ENSG00000176438.13	67.094814778778	-1.37394959461414	0.318095691978533	18.4439400753581	1.74976361090908e-05	0.000107864820678884	-1.23114047476366	-60.9742935506105	0.270595316259228	0.732840084311654
ENSG00000186417.14	ENSG00000186417.14	86.2603145730789	-1.35532666639861	0.314957493740845	18.260669049328	1.92643902675405e-05	0.000117165141122835	-1.21414997417765	-83.3337745913753	0.801132252647553	2.53404554919875
ENSG00000105877.19	ENSG00000105877.19	83.4945944589743	1.41337195616568	0.329922022625525	18.0346546584479	2.16920049392606e-05	0.000130796011032198	1.26341000534406	61.9110357385175	3.07098070631963	1.32745427523669
ENSG00000135312.7	ENSG00000135312.7	71.6724604371728	-1.19949594274535	0.285141002447634	17.6734531483297	2.62261389528448e-05	0.000156666672165678	-1.07372217715852	-55.9367012844479	1.06126298195944	2.63856603987673
ENSG00000112182.16	ENSG00000112182.16	66.695655866217	1.3912311537869	0.328684689694007	17.5842721642163	2.7485214241986e-05	0.000163429031987402	1.23965861056536	52.4410966425897	1.64469087021054	0.70066374651569
ENSG00000102048.16	ENSG00000102048.16	89.1825246372386	1.13789297755603	0.271311599343081	17.4571479872811	2.93857265282286e-05	0.000173858978416917	1.02100131381286	64.4542275777422	6.06752616229419	2.98078559494809
ENSG00000231107.2	ENSG00000231107.2	75.6737744879835	1.3047154621423	0.312236657794927	17.2606175945553	3.25871415964218e-05	0.000191042581725168	1.16273587278361	65.7456304536254	6.71329946537872	2.57444327810723
ENSG00000074966.11	ENSG00000074966.11	68.9770078747957	1.24379959176289	0.298642634212382	17.2145373823345	3.33871689677987e-05	0.000195435851417118	1.10945875673743	53.9921078663867	4.36926934235735	1.9819421390465
ENSG00000173705.9	ENSG00000173705.9	71.886057424546	1.17695091144313	0.283679639199519	17.1319255873682	3.48711934329037e-05	0.000202891723268112	1.05152909368614	59.272321526183	1.49368752567453	0.626163196606543
ENSG00000166311.10	ENSG00000166311.10	93.935678420883	1.19273765563266	0.290254504815298	16.6192134685976	4.56858555978405e-05	0.000259267230517745	1.06142294927988	57.5629960750217	4.61375246567971	2.16125640474511
ENSG00000155918.8	ENSG00000155918.8	73.9369772044704	1.21100934824667	0.29757915184499	16.4149202367028	5.08831319807445e-05	0.000285923562160456	1.07469268692849	59.406101500051	6.476652714914	2.81300299131424
ENSG00000151025.11	ENSG00000151025.11	46.2708985668826	1.48395271473331	0.366093082859877	16.2971121571432	5.41464075644041e-05	0.000302389271767056	1.30469134211496	50.8445358727675	1.25725253126161	0.370243028669957
ENSG00000101695.9	ENSG00000101695.9	81.6231943237439	-1.32647816314581	0.325891157690261	16.2697244426768	5.49347185139698e-05	0.000306127189524057	-1.17026370941013	-84.8384720884382	0.69423752087058	1.90836279275849
ENSG00000253210.4	ENSG00000253210.4	73.1116300097325	-1.18265917777393	0.297736920957435	15.7179310442757	7.3523868856181e-05	0.000400888180736139	-1.04245877831593	-55.5664775094254	4.54982587071914	9.51201662486613
ENSG00000242715.8	ENSG00000242715.8	70.8926217112653	1.2111793294809	0.30625824580303	15.4530890551294	8.45785897971057e-05	0.000453317747259765	1.06553134348818	58.4695739720958	3.79900716918336	1.62229933038719
ENSG00000205809.11	ENSG00000205809.11	58.9305541460432	1.40718825875395	0.361918844712763	14.8977788481607	0.000113496539891135	0.000592069141520637	1.22292320295399	53.1768885293794	5.92749148228511	2.50970075566442
ENSG00000289027.1	ENSG00000289027.1	124.071085903911	-1.46178121745749	0.376038089704757	14.6802138492252	0.000127376429019037	0.000657715276058294	-1.26606249698458	-122.351063012512	0.742710207843845	2.21425338346712
ENSG00000224383.8	ENSG00000224383.8	52.2176737579356	1.47718057697153	0.384331297816504	14.546791948023	0.000136721247536761	0.000701605444473883	1.27602764018513	50.2162812256643	2.22863471500134	0.790263921921037
ENSG00000150394.14	ENSG00000150394.14	33.8867265546192	2.63300854887465	0.658944999453969	14.1926389819939	0.000165014784205227	0.000830778933134993	2.23295028536783	53.8582178147214	2.76305599597491	0.271290328665276
ENSG00000152932.8	ENSG00000152932.8	31.9764184535757	2.35957996141453	0.602647306234404	14.1547127095743	0.000168374804468048	0.000844985533483844	2.00196019832455	50.864219456281	1.32410792215898	0.171456898573089
ENSG00000178184.16	ENSG00000178184.16	49.1659340212817	-1.65108616473891	0.446511233869068	13.0851750609917	0.000297642016387852	0.00140458641545793	-1.38729958175924	-51.5088759837884	0.399097711076633	1.60058138809173
ENSG00000184005.11	ENSG00000184005.11	79.4983672306978	-1.35087616502019	0.371425632433769	12.7633656433871	0.000353474305845023	0.00164542502564046	-1.14154985665458	-78.672512180005	0.682500524140324	1.98439532730341
ENSG00000196167.10	ENSG00000196167.10	160.537627861899	1.18086557579213	0.327707155969113	12.661734443034	0.000373215824568292	0.00172897943218372	1.0077228989307	85.8513301170612	2.3848863254258	1.19140411888647
ENSG00000002587.10	ENSG00000002587.10	821.174335921013	1.34444756447631	0.380409217006777	12.0708962927312	0.000512150724753724	0.00230013342662161	1.12653619414542	610.956129652316	18.3461324556591	8.56402435934707
ENSG00000099958.15	ENSG00000099958.15	49.7885071741234	-1.90835091368609	0.536303368932451	11.9290930204257	0.000552640753039491	0.00246121254008009	-1.56306289936845	-58.7128447048733	1.18964434566183	4.49543709350951
ENSG00000104899.8	ENSG00000104899.8	55.8403083744954	1.39991292203443	0.405540694961585	11.6838093566495	0.000630463184951723	0.00275946777223584	1.1586647911921	52.226947028419	3.8834150033458	1.23992972974147
ENSG00000228253.1	ENSG00000228253.1	2341.41331092562	1.59794259708018	0.478777514315342	10.6169479991352	0.00112055842859822	0.00460269821815917	1.28952862023072	3066.25211116131	7435.35733340378	2093.73509769851
ENSG00000282885.3	ENSG00000282885.3	1569.75966936342	1.25721792155485	0.394730374797349	9.84422237527718	0.00170365994155223	0.00662765002205255	1.01481930026251	1479.47037163405	130.371286126689	45.9569831294763
ENSG00000176771.18	ENSG00000176771.18	43.6762134307801	-1.37485394745789	0.465265123498333	8.56308724300252	0.00343047198298645	0.012201098048244	-1.02168057081463	-50.5224590492217	0.394373977392909	1.40332947366522
ENSG00000249624.10	ENSG00000249624.10	143.036640538686	-1.67049966449094	0.618961917932298	6.95502745194135	0.00835840165325415	0.0259754958565796	-1.06692360395667	-141.185814580217	1.9723209957039	5.58329838709463
ENSG00000196502.14	ENSG00000196502.14	93.3390726214609	2.46461262708796	0.899302519559903	6.76838574482468	0.00927867233489677	0.0283427318856638	1.37798189778291	138.04546417067	4.11763765735879	0.403884027477255
