baseMean	log2FoldChange	lfcSE	stat	pvalue	padj	expressionh2M8	expressionwt	ensembl	description	gene_biotype	entrezgene_id
FBgn0036833	9983.21170629652	7.24168824178427	0.179081977251213	1237.14140391416	5.17055930090888e-271	4.64988397930736e-267	895.19241050963	7.93810096464049	FBgn0036833		protein_coding	40069
FBgn0004427	57534.5447899551	13.7983873619113	0.401581958238773	780.530232108193	9.23005261554672e-172	4.15029315858058e-168	23394.3008142492	2.08158272776842	FBgn0004427	Lysozyme D	protein_coding	38127
FBgn0051683	467.917604531348	12.8263679752862	1.20448263216026	563.800525249888	1.25280046626162e-124	3.75547819769691e-121	29.3406256121904	0	FBgn0051683		protein_coding	261623
FBgn0004425	59774.5252650902	7.16185451424579	0.268673193283228	500.731546438883	6.5887159751952e-111	1.48130806912326e-107	22934.9958402738	223.320729797439	FBgn0004425	Lysozyme B	protein_coding	38125
FBgn0000473	438.635759260202	7.16050023171414	0.407791558188957	337.337328397643	2.42526787843468e-75	4.36208680615262e-72	29.7388698941523	0.308882588008034	FBgn0000473	Cytochrome P450 6a2	protein_coding	35587
FBgn0043471	956.606566096707	3.05534283142093	0.175273967252718	300.201298601956	2.977935131688e-67	4.46342843987836e-64	115.653804015586	19.7639550699077	FBgn0043471	kappaTry	protein_coding	36215
FBti0018869	868.077300391756	-4.48821670481683	0.247464652594312	278.223151860464	1.83149804424441e-62	2.35295170169857e-59	0.421581834001385	12.5795940553344	FBti0018869		transposable_element	NA
FBgn0034710	2916.30701344241	-7.33710723358121	0.362971357291702	271.623791979721	5.02359622611141e-61	5.64715010767749e-58	0.81301471569618	159.583851207882	FBgn0034710	Alkaline phosphatase 7	protein_coding	37538
FBti0102102	1615.15662194568	6.65591128876663	0.362229223365077	267.17133970787	4.69261859770804e-60	4.68896878324315e-57	12.8541189208701	0.141982785000166	FBti0102102		transposable_element	NA
FBgn0038098	2472.4362079965	2.86461148017092	0.17756238806449	255.897448257728	1.34524490150758e-57	1.20977873992577e-54	85.4947622176717	16.7752489241816	FBgn0038098		protein_coding	41589
FBgn0037975	1428.1771993532	-13.3724463600587	1.48657237329131	253.698542225344	4.05646091038686e-57	3.3163411788281e-54	0	120.7227193606	FBgn0037975		protein_coding	41454
FBgn0015568	2212.75030456676	2.70545045072184	0.170227193682592	250.417737419056	2.10556888447996e-56	1.57794841484402e-53	94.6616286743759	19.2799885971165	FBgn0015568	alpha-Esterase-1	protein_coding	40909
FBgn0038523	4788.87580006889	-3.591312802047	0.213693125332971	209.805897501747	1.51430570983578e-47	1.04755009604255e-44	80.5081623921825	1419.99415837952	FBgn0038523		protein_coding	42113
FBgn0052475	198.731875981588	-10.5278918495362	1.47278705316515	195.093628711191	2.45797274938643e-44	1.57889635251658e-41	0	6.22966124986724	FBgn0052475	methuselah-like 8	protein_coding	38013
FBti0019469	720.6079434805	-6.67249188806091	0.456749701142313	192.487053429166	9.10917573250818e-44	5.46125449082974e-41	0.0950690530149047	13.0617890392896	FBti0019469		transposable_element	NA
FBgn0043575	27879.6894185679	3.58357556177277	0.255996383229992	183.252110871457	9.44902196996126e-42	5.31094091099135e-39	4825.25031568461	499.955652797599	FBgn0043575	Peptidoglycan recognition protein SC2	protein_coding	35862
FBgn0035298	994.538625857306	2.10357267571681	0.156910458630988	182.665160209425	1.2692021304939e-41	6.71407927031274e-39	47.7704603166376	15.4257432929965	FBgn0035298	Succinyl-CoA:3-ketoacid CoA transferase	protein_coding	38261
FBgn0035926	926.833231044382	2.061164960029	0.154173687037936	181.999413110077	1.77370070174737e-41	8.86160578378559e-39	687.535163774824	227.012415766369	FBgn0035926	Acyl-CoA binding protein 5	protein_coding	39005
FBgn0051086	2748.05328823655	2.35854385305706	0.177663389472996	176.912284325162	2.28889324353096e-40	1.08336931258284e-37	732.999288840305	180.728553394073	FBgn0051086		protein_coding	43179
FBgn0053127	1248.76501111665	3.37729444851973	0.251607429088551	172.60143529945	1.99991563218807e-39	8.99262064013367e-37	142.632991351119	19.568375526491	FBgn0053127		protein_coding	318893
FBgn0010359	48449.8507803679	1.77360483311535	0.136997028454858	171.050781854548	4.36183555555291e-39	1.86790415005178e-36	5877.51570205082	2248.86722694207	FBgn0010359	gammaTrypsin	protein_coding	36221
FBgn0260475	115.440123008161	10.804516654486	1.25797612486792	168.231859336989	1.80035273769652e-38	7.35935098641127e-36	7.80406627318268	0	FBgn0260475		protein_coding	246425
FBgn0039769	2926.37406194872	7.3587848995698	0.494135249332947	159.055886464777	1.8194053828374e-36	7.11387504689425e-34	145.765176197887	0.870849561670041	FBgn0039769		protein_coding	43613
FBgn0037930	237.95968173293	3.30365057523466	0.267298233083653	153.238236418545	3.39787144215108e-35	1.27321074496936e-32	51.0505190010184	6.79974012541299	FBgn0037930		protein_coding	41403
FBgn0034335	439.265416648358	3.59753914488467	0.287211572644633	151.310313142573	8.96529308482939e-35	3.22499522847483e-32	65.0653921253875	7.66793032215118	FBgn0034335	Glutathione S transferase E1	protein_coding	37106
FBgn0039316	99.6131745449643	6.2463678198026	0.575261760175146	150.417446773708	1.40513036854904e-34	4.86012977090827e-32	8.19718775985259	0.14837952820933	FBgn0039316		protein_coding	43056
FBgn0086611	94.6952473571069	6.45996915338266	0.614632775101091	149.889384983167	1.83289505537974e-34	6.10489823445554e-32	30.6365219925735	0.394194357652035	FBgn0086611	Larval cuticle protein	protein_coding	59159
FBgn0029969	1465.22645447088	1.95604604250602	0.164601432691886	143.746738076708	4.03611071857953e-33	1.29631227472092e-30	82.362786107472	28.2058130164626	FBgn0029969	Acetyl-CoA acetyltransferase 1	protein_coding	31695
FBgn0030776	2753.11561468707	2.08696783481248	0.176481931603174	141.643362537804	1.16375827508463e-32	3.60885454063313e-30	307.018566038551	97.6211788267304	FBgn0030776		protein_coding	32650
FBgn0014028	3530.90369519509	1.51022247085402	0.131716241232011	134.762990623603	3.72030199582486e-31	1.11522252828177e-28	234.735407797657	114.101814329247	FBgn0014028	Succinate dehydrogenase, subunit B (iron-sulfur)	protein_coding	35590
FBgn0063495	142.297643361228	5.09590216451087	0.443314277929703	133.770586738163	6.13278728512229e-31	1.77910180822919e-28	27.0431209222788	1.08526629092971	FBgn0063495	Glutathione S transferase E5	protein_coding	37110
FBgn0011556	2044.30974036178	2.49710501982262	0.216216123623533	133.138031273489	8.43392916598473e-31	2.37019765592815e-28	225.699047645146	52.4222609117936	FBgn0011556	zetaTrypsin	protein_coding	36216
FBgn0053502	254.45784999733	2.86261458456451	0.25008438021083	132.235230918378	1.32900482290035e-30	3.62173950677056e-28	25.4680438960388	4.68422877502746	FBgn0053502		protein_coding	2768875
FBgn0036321	5778.13438880129	3.39146996025919	0.289854684902787	129.832719478976	4.45808374391831e-30	1.17916315026639e-27	125.066434651519	15.0896202301312	FBgn0036321		protein_coding	39463
FBgn0052667	430.103201365422	2.41437040981543	0.213960067892699	128.833111951005	7.37672448836982e-30	1.89539666639742e-27	258.717950783376	65.7793294332049	FBgn0052667	short spindle 7	protein_coding	318146
FBgn0037715	420.943861167638	2.80606495297534	0.247195552316318	128.479840970143	8.8137901816643e-30	2.20173375288075e-27	42.5563179976537	8.1373830035179	FBgn0037715		protein_coding	41157
FBgn0003357	149097.040713869	3.05496138934262	0.265256957840536	128.232402993809	9.98402142201499e-30	2.42665688238327e-27	20649.8957688271	3300.18334193616	FBgn0003357	Jonah 99Ciii	protein_coding	43543
FBgn0012036	9408.25361266526	2.8136343654521	0.247635324310328	126.594620720464	2.27873845585011e-29	5.39281445617369e-27	458.476543972117	84.4191125188847	FBgn0012036	Aldehyde dehydrogenase	protein_coding	34256
FBgn0038136	2334.37262957206	4.01120010563946	0.343055258342152	124.659276411343	6.0428696634333e-29	1.39342376623733e-26	76.7641699108289	7.034472495807	FBgn0038136		protein_coding	41635
FBgn0052284	255.860609387666	3.69618558411816	0.326937493592541	124.574562683075	6.30643487852797e-29	1.41784422156505e-26	106.329538440501	11.1063756931639	FBgn0052284		protein_coding	317956
FBgn0038450	96.8791525352505	5.47930510724143	0.518611426676309	123.234801627399	1.2388561366593e-28	2.71732517975051e-26	6.29498523905108	0.234071190398767	FBgn0038450		protein_coding	42022
FBgn0038144	113.410874741555	5.65540142889795	0.531583387688857	120.134067138578	5.91266097659618e-28	1.26601333720308e-25	8.45100631612894	0.24212256358717	FBgn0038144		protein_coding	41645
FBgn0020545	1645.5509525275	1.60999756500484	0.149178632769734	119.296612351602	9.01838206688065e-28	1.88610023087111e-25	109.819287469997	47.8928074179799	FBgn0020545	kraken	protein_coding	33265
FBgn0027657	1759.28671460802	4.1014534125184	0.359445041840115	118.149282263529	1.60817296223373e-27	3.2868862384927e-25	189.624231350794	16.3549333197529	FBgn0027657	globin 1	protein_coding	41930
FBgn0033297	1132.49855198376	-2.71849487040682	0.229463557575998	116.813351224808	3.15395464722846e-27	6.30300314278346e-25	6.60061817475545	54.3666528648695	FBgn0033297	Maltase A8	protein_coding	35830
FBgn0003082	481.89502539926	-3.51909873972378	0.298007394043821	116.474303485079	3.7419632698928e-27	7.31553819264041e-25	1.74829555967892	27.2691437616657	FBgn0003082	photorepair	protein_coding	35735
FBgn0036824	5505.93436489549	2.41724724230656	0.224753723637157	115.634926377878	5.71363537281592e-27	1.0932494235688e-24	314.711252042319	80.290569006632	FBgn0036824		protein_coding	40059
FBgn0012034	8988.61851516311	2.56929305483624	0.239754866397922	113.991267982566	1.30883588083273e-26	2.4521585575685e-24	290.276620285262	63.8007401191428	FBgn0012034	Acetyl Coenzyme A synthase	protein_coding	40348
FBti0019373	121.285924341556	-9.81382282829767	1.4949336821992	113.791004157499	1.44792920614162e-26	2.65739333690441e-24	0	2.72826199315295	FBti0019373		transposable_element	NA
FBgn0034052	2715.85817322588	1.93071169857976	0.183942475333999	112.101078881539	3.39550102597344e-26	6.10714814531583e-24	308.302966654801	116.020855948483	FBgn0034052		protein_coding	36751
FBti0019588	95.4276285997368	8.65708114390205	1.14334451332711	111.66058287921	4.24030080682616e-26	7.47706375603679e-24	4.16714571801953	0	FBti0019588		transposable_element	NA
FBgn0043470	664.059750620252	4.81270876699567	0.427829299377252	110.932608333408	6.12167425643285e-26	1.05869647284809e-23	86.618680322534	3.96189510656273	FBgn0043470	lambdaTry	protein_coding	36214
FBgn0259818	1118.67938255498	4.70637197840669	0.420195852721041	109.518263244195	1.24947992161169e-25	2.12010810095358e-23	20.0413616530851	1.05119892463282	FBgn0259818		protein_coding	33176
FBgn0033048	229.051539074719	2.93395301704004	0.28268295600783	108.122198120508	2.52707316245525e-25	4.20851276851113e-23	10.1496058160206	1.83737754759834	FBgn0033048		protein_coding	35521
FBgn0014368	2028.9402958169	5.46943611937741	0.47734140387147	107.358195978286	3.71561974252052e-25	6.075376062634e-23	575.465841639612	13.2739975939472	FBgn0014368	no optic lobe	protein_coding	64867
FBgn0033820	1213.9596488709	6.01785795458165	0.518650319548684	106.931509675335	4.60823196679111e-25	7.40032679952723e-23	210.464304847871	4.08921737889434	FBgn0033820		protein_coding	36471
FBgn0038482	233.646633144587	3.05077906873286	0.295012454987273	106.668966550095	5.26100960606502e-25	8.30039638374434e-23	28.45743232789	4.29223301051165	FBgn0038482		protein_coding	42070
FBgn0017566	5181.08542164212	1.28664923774359	0.126349750395734	106.480568221524	5.78570449790781e-25	8.97083457753189e-23	137.031521955873	76.4001554596851	FBgn0017566	NADH dehydrogenase (ubiquinone) 75 kDa subunit	protein_coding	31762
FBgn0002533	47356.3587837637	3.28728440740762	0.31179920142879	105.951845978097	7.55489242228076e-25	1.1137893041569e-22	11573.5892869496	1557.91246809688	FBgn0002533	Larval cuticle protein 2	protein_coding	35818
FBgn0030593	1904.19968245323	2.80977183392624	0.270642724356624	105.955056104176	7.54266386881394e-25	1.1137893041569e-22	81.6763507351832	16.464362528645	FBgn0030593		protein_coding	32419
FBgn0261847	47.5143180188708	8.07874448295301	1.00203688751953	106.011712004121	7.33006953659977e-25	1.1137893041569e-22	42.6505485541607	0.177684499422411	FBgn0261847		protein_coding	10178912
FBti0019115	257.735847319685	5.40393257153338	0.498538257350431	105.224813702292	1.09035884795676e-24	1.58154792252824e-22	3.33629695480713	0.0835186210609573	FBti0019115		transposable_element	NA
FBgn0040069	2569.52372333132	2.52539082914974	0.245860362462667	105.071341494321	1.17816658841793e-24	1.68178605232419e-22	124.158298647097	26.0730012060701	FBgn0040069	vanin-like	protein_coding	31551
FBgn0002719	14821.4825457885	3.10212776662344	0.300985784787876	102.446526116658	4.43170158484522e-24	6.22723318008016e-22	567.021097684795	92.0733544796959	FBgn0002719	Malic enzyme	protein_coding	47173
FBgn0001285	5390.51558334488	3.18243987357929	0.309928586540363	101.279473798094	7.98792519631631e-24	1.10516017369958e-21	696.954525129486	112.516542758433	FBgn0001285	Jonah 44E	protein_coding	35853
FBgn0025454	3957.18833704563	-1.38609626079863	0.133007324855947	99.5747690083788	1.88895665661699e-23	2.57384654741767e-21	44.0639881321648	161.091858577252	FBgn0025454	Cytochrome P450 6g1	protein_coding	36316
FBgn0043783	968.683628304797	2.69073024126872	0.270347411299173	98.1780237773433	3.82410449334392e-23	5.13286144905102e-21	73.8212701593247	15.6348525156481	FBgn0043783		protein_coding	40406
FBgn0033593	740.581022926262	-3.80566241144925	0.33598083996187	98.0283886867906	4.12427273345827e-23	5.45435068999857e-21	15.7658734869535	290.166649229948	FBgn0033593	Listericin	protein_coding	36183
FBgn0051343	21395.0272137849	3.58690730699206	0.352758963730475	96.6434890174679	8.30048941547832e-23	1.08183045381734e-20	669.420961858081	83.8057339338281	FBgn0051343		protein_coding	326133
FBgn0037714	153.763196608367	3.0987004561201	0.318393700583074	95.4947362855737	1.48285036348109e-22	1.90503904554078e-20	29.5053547346537	4.37189436348558	FBgn0037714		protein_coding	41156
FBgn0010358	171969.010545651	1.55328935022019	0.16208464220737	94.1074230185053	2.98856423062005e-22	3.78537438393889e-20	19868.4828722174	8788.75512963104	FBgn0010358	deltaTrypsin	protein_coding	48343
FBgn0050360	2683.50103102377	-1.87045268455416	0.183859054716227	91.0630770122434	1.39164402097054e-21	1.73820203897057e-19	25.1598525814118	129.938161076894	FBgn0050360	Maltase A6	protein_coding	246565
FBgn0261675	1942.03200120067	3.23083142459437	0.333200083096324	90.2203479301589	2.13059592775748e-21	2.6247190655237e-19	44.0432778878799	5.8489025797466	FBgn0261675	Niemann-Pick type C-1b	protein_coding	33072
FBgn0034247	313.276267461156	3.5341555442263	0.367813162887426	88.7317772201792	4.52143398032131e-21	5.49476429527426e-19	20.1722636308173	2.47819945269118	FBgn0034247		protein_coding	36994
FBgn0023537	4332.08383232509	1.59611282894251	0.171714516828584	88.4681837952063	5.16591184490736e-21	6.19427269616692e-19	167.635624498506	77.8082134333842	FBgn0023537		protein_coding	30995
FBti0020127	254.499015485641	6.52541059753221	0.645155811565257	88.2998150662017	5.62487121491338e-21	6.65585089943631e-19	5.11236854575371	0.11316950990055	FBti0020127		transposable_element	NA
FBgn0038271	6541.96482525732	1.45136203763942	0.156619045971229	88.0940860176345	6.24139565562418e-21	7.28946378325042e-19	314.641890835358	154.514293748727	FBgn0038271	Ubiquinol-cytochrome c reductase core protein 1	protein_coding	41800
FBgn0038700	560.128747592569	2.42110995227591	0.259046353536901	87.8088395773212	7.20960176579395e-21	8.31230111279295e-19	33.0503502970378	8.96964749238075	FBgn0038700		protein_coding	42318
FBti0018967	754.281772241793	5.52749724067173	0.538390604076802	87.2460305768607	9.58274113972601e-21	1.09085558315894e-18	14.6576130560114	0.375700522311491	FBti0018967		transposable_element	NA
FBgn0037354	1425.42132842619	1.71465962726877	0.186000289524888	86.8610354585467	1.16420598740985e-20	1.3087130555971e-18	125.420959508684	54.0312233229751	FBgn0037354		protein_coding	40690
FBgn0033395	51.7799271936046	7.78120252879527	1.15647444134365	86.1188600535345	1.69439142324396e-20	1.88119284805345e-18	3.27114561996985	0.0282951487484123	FBgn0033395	Cytochrome P450 4p2	protein_coding	35946
FBgn0014903	1033.96819697485	2.71527577485385	0.291041790634943	86.0739855372872	1.73328034941855e-20	1.90090124174647e-18	73.7987101342733	16.2832302699318	FBgn0014903		protein_coding	44620
FBgn0050031	6356.27944972782	1.93646508806493	0.210893340337334	85.707904408002	2.08577493743677e-20	2.25992457980347e-18	793.138346666512	269.506806455844	FBgn0050031		protein_coding	246404
FBgn0033729	1948.27253956255	3.41227440797882	0.359581124103799	85.4461827092842	2.3809430657468e-20	2.5490263083644e-18	569.161549890737	88.0359931638195	FBgn0033729	Cuticular protein 49Af	protein_coding	36352
FBgn0033423	4885.45039838756	2.01365432784447	0.220928562715747	84.2659450126538	4.32501214990689e-20	4.57586285460149e-18	242.980732138596	82.5354484426362	FBgn0033423	Alkaline phosphatase 6	protein_coding	35981
FBgn0052571	1713.78122214499	2.22897976098329	0.244133652759333	84.0241188290372	4.88775314023441e-20	5.11111209187536e-18	113.181899936943	31.8707312286259	FBgn0052571	TweedleX	protein_coding	318094
FBgn0036108	146.422283288915	-4.33929064726886	0.470411389649074	83.6940335142861	5.7759290084359e-20	5.97045167504184e-18	1.48289771696886	40.0411785750551	FBgn0036108	Cuticular protein 67Fa1	protein_coding	39223
FBgn0037912	2431.88353060127	1.90280535888414	0.210856111173797	82.8725261377297	8.75191861210402e-20	8.94386409984675e-18	154.717017439168	56.9032661675181	FBgn0037912	scheggia	protein_coding	3772221
FBgn0021906	2333.75610102312	1.61164299820414	0.179209281083025	82.8197487678466	8.98874190550804e-20	9.0826692085656e-18	249.014781531089	110.689456719694	FBgn0021906	Rieske iron-sulfur protein	protein_coding	44390
FBgn0052198	3653.73175147972	2.50509594573785	0.275077563265889	82.598853989258	1.0051532976599e-19	1.00437151176172e-17	1235.9255849332	257.43570855312	FBgn0052198		protein_coding	317909
FBgn0031561	1267.23413172683	3.45580176814263	0.371007112367869	82.2420236426545	1.20402527422996e-19	1.18986805397254e-17	912.030148360023	91.2802824496595	FBgn0031561	Immune induced molecule 33	protein_coding	33592
FBgn0019644	4567.6320649183	1.25324839271241	0.140167029725138	82.0992145919697	1.29424029110583e-19	1.26511988455595e-17	411.103123273032	231.826176694861	FBgn0019644	ATP synthase, subunit B	protein_coding	39143
FBgn0027586	502.947115537237	1.87952717996018	0.21043626905996	81.4186582671565	1.8262559440628e-19	1.76596986074804e-17	44.0061945599452	16.3893296284695	FBgn0027586		protein_coding	34728
FBgn0250814	4287.84331817077	1.39046971123928	0.156224146526783	81.3172273920931	1.9224342203978e-19	1.83919690894016e-17	209.979098987982	103.920813432662	FBgn0250814	Ubiquinol-cytochrome c reductase core protein 2	protein_coding	39846
FBgn0010294	213.993352018022	3.23378043341855	0.356575934140752	80.8894751121297	2.38701608081245e-19	2.25962480155225e-17	59.310183050856	9.65764683564266	FBgn0010294	new glue 2	protein_coding	31298
FBgn0032639	642.561455248639	-1.69850355392154	0.182125813440606	80.2515137066813	3.29659841764623e-19	3.08815724686381e-17	10.8013630895036	47.7122141192867	FBgn0032639		protein_coding	35050
FBti0019144	507.197829673223	4.89166441902422	0.511341414351873	79.7298914718687	4.29257141826624e-19	3.9797004911823e-17	9.36139103241845	0.436169116626879	FBti0019144		transposable_element	NA
FBgn0033600	918.547110501959	3.06727132947593	0.339192191408953	79.4395529363808	4.97206927225075e-19	4.56263458830112e-17	149.728655279398	24.5060764880218	FBgn0033600	Cuticular protein 47Ec	protein_coding	36191
FBgn0036551	1137.77771654661	1.66651129376691	0.189205979210169	79.3784912934943	5.12813619530355e-19	4.65831604084494e-17	99.7812344091178	39.9673942736854	FBgn0036551		protein_coding	39740
FBgn0024957	12421.6292077307	2.6571782120048	0.296741121816927	79.2315858714927	5.52398315539737e-19	4.96771805164885e-17	368.276782909125	88.5978877973136	FBgn0024957	Iron regulatory protein 1B	protein_coding	41269
FBgn0030594	1519.65473778053	-2.49971590212715	0.256424716495535	79.1202265875485	5.84429126130183e-19	5.20373379335519e-17	7.60100273667472	53.2166491223796	FBgn0030594	fezzik	protein_coding	32420
FBgn0051265	316.318451901523	2.91993003428335	0.326979155885587	78.8948765061386	6.55044178728911e-19	5.77530617579323e-17	39.2147306919791	5.70455705933759	FBgn0051265		protein_coding	42068
FBgn0032601	808.892767629786	-2.09485543803596	0.2228497199323	77.8187355870845	1.12943765340701e-18	9.8611969097954e-17	7.68095646717527	44.717940841013	FBgn0032601	yellow-b	protein_coding	35005
FBgn0028396	928.565274877104	-3.76285326493008	0.370423624479633	77.2605666463552	1.49827767297547e-18	1.28323915362556e-16	12.8733576308352	249.281623650819	FBgn0028396	Turandot A	protein_coding	44121
FBgn0051778	1089.22310960694	-1.54970871089106	0.168846849139033	77.2620911232189	1.4971216527623e-18	1.28323915362556e-16	29.4362227172155	116.201788442941	FBgn0051778		protein_coding	261616
FBgn0011834	182.756138115789	2.73805289936595	0.31374331276689	76.6704272718596	2.02005758852112e-18	1.71380923524249e-16	22.4240674873231	4.66267270365646	FBgn0011834	Serine protease 6	protein_coding	33073
FBgn0040992	3101.8326901227	-1.78012962369953	0.191949495948881	76.0266655880467	2.79859916353962e-18	2.33035206275109e-16	86.3858684716465	441.915088563755	FBgn0040992		protein_coding	50466
FBgn0260228	3101.8326901227	-1.78012962369953	0.191949495948881	76.0266655880467	2.79859916353962e-18	2.33035206275109e-16	86.3858684716465	441.915088563755	FBgn0260228		protein_coding	8674072
FBgn0031466	76.4788153467211	4.23615235666121	0.489806770963719	75.5950859183261	3.48227107210181e-18	2.87303337168914e-16	10.4710107652008	0.770533639132946	FBgn0031466		protein_coding	33479
FBgn0031533	566.606222641892	1.93595091206821	0.225069409429377	75.3979697040217	3.84785468473105e-18	3.1457961072533e-16	36.8743823978848	11.9564998755274	FBgn0031533		protein_coding	33559
FBgn0031649	205.2046112966	-3.30717112428756	0.360348413071854	75.3588284388876	3.92489484944311e-18	3.17987201631008e-16	0.487341259260109	5.89465324971732	FBgn0031649	hoepel2	protein_coding	33700
FBgn0022359	2709.9877161763	1.93145215298286	0.224452190465645	75.3077836043816	4.02768722540814e-18	3.23401707304423e-16	174.021836794036	69.4009867962244	FBgn0022359	Sorbitol dehydrogenase-2	protein_coding	41313
FBgn0028949	100.652169973143	3.71841335502897	0.42880954654026	75.0870143940111	4.50419050000146e-18	3.58461815632859e-16	15.0106593262632	1.71279681463017	FBgn0028949		protein_coding	34915
FBgn0267398	800.615186524104	-1.66603011768614	0.185029813571567	74.2671546551678	6.82293296396642e-18	5.38233650394298e-16	21.0247087627872	93.3429656339641	FBgn0267398	Yeti	protein_coding	7354404
FBgn0030693	1302.1900242278	-1.37717459272793	0.15402109199096	74.1191478560923	7.35415190526643e-18	5.75094678991835e-16	24.0203136568815	85.7095483964084	FBgn0030693	suppression of retinal degeneration disease 1 upon overexpression 1	protein_coding	32532
FBgn0032069	18205.0435931422	2.3768015998048	0.276352309135545	74.027414319624	7.70396648930472e-18	5.92582979550358e-16	475.028424795014	135.663418280608	FBgn0032069	Lysosomal alpha-mannosidase VI	protein_coding	34206
FBgn0035667	34569.3784578406	1.96110130485438	0.229708194906175	74.0259777393295	7.70957507032046e-18	5.92582979550358e-16	4042.84804111678	1362.78525985312	FBgn0035667	Jonah 65Ai	protein_coding	38685
FBgn0033246	10153.1036397537	3.17961433490799	0.363243560641048	73.5524362795453	9.79978997849573e-18	7.46860265056035e-16	110.547805226734	17.3848571761946	FBgn0033246	Acetyl-CoA carboxylase	protein_coding	35761
FBgn0031220	860.751998015228	-1.7750504379045	0.196950179926571	73.4128021222539	1.05181663751471e-17	7.9487285892183e-16	6.04978840537113	27.1996627869121	FBgn0031220		protein_coding	33170
FBgn0037730	920.361918410785	-2.47629431599329	0.266566725667883	72.9331761611733	1.3411468799787e-17	1.00507782430404e-15	5.5399894115965	41.3738095862834	FBgn0037730		protein_coding	41175
FBgn0040364	1279.0863575451	1.4434905569596	0.171400743591941	72.7180065429047	1.49563250316691e-17	1.11158868603141e-15	84.1819307050227	40.2857345121099	FBgn0040364		protein_coding	31060
FBgn0035083	2379.9978535187	1.55130422067919	0.184690760845614	72.2783447059136	1.86886995853659e-17	1.37760225714095e-15	228.428340100057	101.959201590097	FBgn0035083	Troponin C-akin-1	protein_coding	37989
FBgn0038662	1173.02967335637	1.99137662408222	0.236219365981168	72.1921886974611	1.95227007571391e-17	1.42737925129229e-15	101.63200123242	33.8023658947109	FBgn0038662	Mitochondrial pyruvate carrier	protein_coding	42268
FBgn0038481	1197.95626877957	2.94074858154039	0.342121756808291	72.1614517764182	1.98291641282119e-17	1.42836482064607e-15	125.40245402996	21.1069890337559	FBgn0038481		protein_coding	42069
FBgn0284248	1205.55891756985	1.74319089322038	0.207440609777313	72.158997389043	1.98538421639896e-17	1.42836482064607e-15	188.447628158995	72.399754393856	FBgn0284248	Cytochrome c proximal	protein_coding	34996
FBgn0034479	330.207642870411	2.39062156321419	0.283328933785925	71.7882484269581	2.39574795286302e-17	1.70991756667437e-15	12.0952061547695	3.47255203847391	FBgn0034479		protein_coding	37275
FBgn0040260	493.458712097726	2.80825482208905	0.329568975653315	71.7106714945793	2.49181270790079e-17	1.7644780852088e-15	26.2807768637222	5.45496265352342	FBgn0040260	UDP-glycosyltransferase family 37 member D1	protein_coding	53511
FBgn0033879	4218.51648609271	1.63997001244482	0.196496529362183	71.2718990746971	3.11237150665086e-17	2.18668413744618e-15	345.115596685037	151.209200124214	FBgn0033879	Enoyl-CoA hydratase, short chain 1	protein_coding	36536
FBgn0034390	1985.6415929167	1.97170109617891	0.235456180643682	71.233821272031	3.17302077196295e-17	2.21201362808239e-15	141.301060307659	48.5992242240494	FBgn0034390		protein_coding	37166
FBgn0001248	12310.1497133303	1.51993753980301	0.182668981492531	70.9733579595749	3.62081473139369e-17	2.50476822149411e-15	572.39519077871	277.121978661051	FBgn0001248	Isocitrate dehydrogenase	protein_coding	44291
FBgn0030774	1795.89018541969	1.3726710534557	0.165439086675298	70.640278592282	4.28674885892136e-17	2.94280400673891e-15	110.691612775738	59.579900864708	FBgn0030774	spheroide	protein_coding	32648
FBgn0003961	911.386260005929	4.25626649513777	0.48029151992574	70.574606023711	4.43185226802467e-17	3.01936723078378e-15	80.1686263794701	5.09396012118069	FBgn0003961	Urate oxidase	protein_coding	34060
FBgn0052669	701.55890430739	1.60426285029481	0.193395020826132	70.4403224875282	4.74402710443168e-17	3.20774704888377e-15	21.7149173044898	10.04168045397	FBgn0052669		protein_coding	326229
FBgn0035006	1606.87484517932	1.80533230561225	0.217459626435598	70.3323999988652	5.01079148136864e-17	3.36283938745882e-15	73.9602940827015	27.9483177384603	FBgn0035006		protein_coding	37901
FBgn0037678	5142.40120349718	1.72101933621452	0.207918647041441	70.0087013409302	5.9043433272065e-17	3.93316737344948e-15	554.372036475704	244.21600041837	FBgn0037678		protein_coding	41111
FBgn0030270	131.361782329821	2.9036362838692	0.348564048906721	69.9273671000225	6.15288479666876e-17	4.06735444343223e-15	36.418141735924	6.83724312929946	FBgn0030270		protein_coding	32051
FBgn0033518	103.531468295851	3.41331371590053	0.408505924267405	69.913517743452	6.19623661459152e-17	4.06735444343223e-15	14.503155574158	1.74576621682634	FBgn0033518	Peroxiredoxin 2540-2	protein_coding	36098
FBgn0035780	629.370678941725	1.74178436085148	0.210695065241133	69.8416810667769	6.42605428758827e-17	4.18764537741169e-15	34.5959313567141	14.123457991366	FBgn0035780		protein_coding	38829
FBgn0031703	582.932948218908	2.43060469647991	0.292286101178798	69.3767777728831	8.1340751461229e-17	5.26257106396282e-15	24.9510174487737	5.41226434582026	FBgn0031703	Acyl-CoA synthetase family member 2	protein_coding	33766
FBgn0033720	538.319177166948	2.03538066499665	0.247267495800486	68.8701273813017	1.05165792593383e-16	6.75539980565925e-15	15.6257954064563	5.1279037360858	FBgn0033720		protein_coding	36343
FBgn0036622	2383.43102799698	2.94290003340411	0.350638780600041	68.6495426820572	1.17611976468862e-16	7.50130854173389e-15	176.448363478227	36.3173252744981	FBgn0036622	1-Acylglycerol-3-phosphate O-acyltransferase 4	protein_coding	39819
FBgn0034885	2194.76628284696	2.15252024570291	0.261507833487873	68.4339957643954	1.31196192478711e-16	8.30878421803555e-15	185.162228777773	52.7565935562894	FBgn0034885	Entomoglyceroporin 4	protein_coding	37739
FBgn0086687	15288.1762960251	2.25628338166462	0.27372563081612	68.3273222645843	1.38488778241307e-16	8.70929778128726e-15	649.903732249387	182.330831104093	FBgn0086687	Desaturase 1	protein_coding	117369
FBgn0031418	1632.63894504523	2.02844185007426	0.24777224764046	67.9809511961008	1.65082657568461e-16	1.02899056951192e-14	131.09144209559	42.7517892313309	FBgn0031418		protein_coding	33421
FBgn0051281	80.1344108002105	6.10482637818107	0.750073182511816	67.971083716101	1.65910855753618e-16	1.02899056951192e-14	6.42011309385797	0.0801245865693241	FBgn0051281	Transition protein-like 94D	protein_coding	318658
FBgn0002789	15164.5577128417	1.58977514823846	0.196966293933024	66.7182018827815	3.13229481342799e-16	1.9043482920253e-14	1807.38951311767	765.483260297164	FBgn0002789	Muscle protein 20	protein_coding	36468
FBgn0039873	358.799763298524	3.53744808933937	0.422758587999594	66.7171085584676	3.13403254998047e-16	1.9043482920253e-14	17.8655182230521	1.65514992697716	FBgn0039873	Sodium-dependent multivitamin transporter	protein_coding	43744
FBgn0051463	499.300030973764	1.95129960434726	0.241150719019415	66.7218450957659	3.12651122238295e-16	1.9043482920253e-14	34.5863947433462	12.8607744753629	FBgn0051463		protein_coding	40978
FBgn0051266	1133.290565504	2.30732491769629	0.283432150540669	66.6253102944703	3.28343078980588e-16	1.98173779145801e-14	114.026611755637	31.4222215357616	FBgn0051266		protein_coding	42071
FBgn0032049	1204.62856257746	2.06344493404057	0.254633400154635	66.5561113329335	3.40074105567466e-16	2.03885762091215e-14	90.3173909452608	27.5723527306895	FBgn0032049	beta-site APP-cleaving enzyme	protein_coding	34182
FBgn0035779	772.357971402586	2.45049693479353	0.301163747138428	66.2427949422683	3.98662360281674e-16	2.3742851695451e-14	47.8133563914562	12.4191357995572	FBgn0035779		protein_coding	38828
FBgn0013278	408.032671705908	4.02672163488006	0.475609905739208	66.1949939161111	4.08448620391427e-16	2.41656476525007e-14	17.3969002023183	1.14254662600579	FBgn0013278	Heat shock protein 70 Bb	protein_coding	48582
FBgn0029710	249.202585788538	2.10031026491091	0.261967782601255	65.5531193674158	5.65685136098711e-16	3.3249715221802e-14	12.6667979318921	4.30759012628757	FBgn0029710		protein_coding	31383
FBgn0046114	1951.03490725798	1.35770054065019	0.169988440365182	65.4941233519984	5.82875158470837e-16	3.38180406459886e-14	126.975923456388	65.7806852031853	FBgn0046114	Glutamate-cysteine ligase modifier subunit	protein_coding	248194
FBgn0259715	456.599983125089	2.59953764709207	0.320716181438861	65.5016575687334	5.8065108780512e-16	3.38180406459886e-14	31.328811906337	6.11103312559818	FBgn0259715		protein_coding	33894
FBgn0283427	41759.7538225619	3.00861710259858	0.366844845193045	65.2047192788028	6.75076658311229e-16	3.89164383858518e-14	407.095461786474	67.0563791835258	FBgn0283427	Fatty acid synthase 1	protein_coding	33524
FBgn0039299	5267.5767837249	-2.08662133732477	0.23894018652197	65.1538954591764	6.92713783040372e-16	3.96788219801405e-14	89.033014124911	464.860836823767	FBgn0039299		protein_coding	43037
FBgn0035880	216.942886147091	2.96148096432893	0.3654599793602	64.9838901294623	7.55128959713339e-16	4.29802198398865e-14	6.01798535658665	1.10160754541867	FBgn0035880	CUB and LDLa domain	protein_coding	38946
FBgn0001128	6318.45625466993	2.30197537857024	0.286654014442436	64.7475390480092	8.51358797829968e-16	4.81526394269491e-14	327.273711400917	81.4098555125883	FBgn0001128	Glycerol-3-phosphate dehydrogenase 1	protein_coding	33824
FBgn0051354	937.394127356084	4.92456461414234	0.569746502534874	63.8923488480823	1.31407007534601e-15	7.38589511724169e-14	41.8819620999213	1.37128203373278	FBgn0051354	Heat shock protein 70 Bbb	protein_coding	50022
FBgn0040759	342.950313881393	-2.65187490447546	0.309448757874818	63.6873080714075	1.45821043930316e-15	8.14514688239336e-14	8.23290769668962	78.901518477692	FBgn0040759		protein_coding	5740215
FBgn0003890	1545.81808886388	1.90129500018254	0.241023962396931	63.3312057333053	1.74714431718663e-15	9.69880792867863e-14	74.5516424054881	29.3722244754782	FBgn0003890	beta-Tubulin at 97EF	protein_coding	43359
FBgn0030010	253.536223216757	1.80554997813945	0.230464343720092	62.7920384768591	2.29725580696733e-15	1.26743690012621e-13	11.0231413262765	4.327256455361	FBgn0030010		protein_coding	31743
FBgn0040349	799.76918242241	1.4626698180823	0.187402913633509	62.4428470038356	2.74290242804384e-15	1.50408058142672e-13	85.623150892154	40.8703612873805	FBgn0040349		protein_coding	31046
FBgn0004577	4790.6180559419	-1.77870586710244	0.211943204140961	61.9992590952848	3.43586562849407e-15	1.87265088466953e-13	33.9845523758317	167.401661442439	FBgn0004577	Peroxidase	protein_coding	2768671
FBgn0020644	39608.9655916904	2.0683182275108	0.265106200083546	61.6155031450389	4.1751828610563e-15	2.26189273912526e-13	16606.5630952564	5917.94001053394	FBgn0020644	Lcp65Ab1	protein_coding	48382
FBgn0013772	361.425108552814	2.71979261109228	0.346137726683915	61.314464995322	4.86492945772379e-15	2.61165162485018e-13	18.7622846259201	3.54630045247487	FBgn0013772	Cytochrome P450 6a8	protein_coding	36666
FBgn0026602	988.744034361779	-1.59006728628846	0.193959326189184	61.3088281497279	4.87887771572144e-15	2.61165162485018e-13	9.13846910697778	37.7347162205543	FBgn0026602	Adenosine kinase 3	protein_coding	44750
FBgn0003086	504.334811850077	3.06010280140037	0.385783856846295	61.2759491111569	4.9610372320113e-15	2.63991762292767e-13	94.1819687902297	18.3856765851501	FBgn0003086	Pre-intermoult gene 1	protein_coding	31303
FBgn0051810	127.89879930977	-3.92374693223607	0.483854272707107	60.8542497672397	6.14606836605207e-15	3.25127016564154e-13	0.619526813979246	12.0788101093699	FBgn0051810		protein_coding	318955
FBgn0025620	5226.9065979346	2.50669972179488	0.321381894000653	60.5587790598308	7.14138885188667e-15	3.7557023359659e-13	297.115297552733	70.9633433071715	FBgn0025620		protein_coding	31025
FBgn0037001	3736.90562134669	1.0204721492797	0.132936522429417	60.4749192162308	7.4521967380674e-15	3.8963723991535e-13	172.115704886296	114.030246886843	FBgn0037001	NADH dehydrogenase (ubiquinone) 39 kDa subunit	protein_coding	40272
FBgn0036024	55412.2529197384	1.69373980785812	0.220791956271816	60.1563283959156	8.7614745069538e-15	4.55444741277662e-13	5687.55267070826	2197.19263371469	FBgn0036024		protein_coding	39125
FBgn0085359	4446.82262905539	1.93089628794445	0.251357111028921	59.9995502780787	9.48790524365192e-15	4.90372022161849e-13	837.326938548761	320.135371828846	FBgn0085359		protein_coding	2768869
FBgn0035046	680.570586555511	1.22755331036482	0.160570968277404	59.9029962253761	9.96496348806654e-15	5.12085237989614e-13	94.4724381782729	55.8468981005555	FBgn0035046	NADH dehydrogenase (ubiquinone) 19 kDa subunit	protein_coding	37946
FBgn0028532	586.439804924411	2.52221825615399	0.325746289302323	59.8760892619534	1.01021317621751e-14	5.16184493961595e-13	72.7774646176889	18.2247397433466	FBgn0028532		protein_coding	34802
FBgn0010295	1364.67954549279	2.55648673446817	0.330256233460835	59.6041443983013	1.15990646712807e-14	5.8932422931541e-13	303.372134003001	76.7904707087504	FBgn0010295	new glue 3	protein_coding	31299
FBgn0027073	194.740187891023	2.49007210980093	0.325323459540769	59.0764092720337	1.51666681349244e-14	7.66257564816714e-13	9.94349549720414	2.3086100516199	FBgn0027073	UDP-glycosyltransferase family 49 member B1	protein_coding	37420
FBgn0033304	702.933810170618	-1.38744350134162	0.174762061489488	58.9233287744085	1.63936985371478e-14	8.23623077902627e-13	10.0722628575202	35.4499387756462	FBgn0033304	Cytochrome P450 6a13	protein_coding	35837
FBgn0030073	4442.44309786025	2.24443248001147	0.293578381549868	58.8159819805724	1.73129283499198e-14	8.64973136949046e-13	394.255209259145	121.508454745843	FBgn0030073		protein_coding	31824
FBgn0035600	3650.3350689982	1.61764185171623	0.213893137270499	58.5440893269395	1.98785970769175e-14	9.87669743164194e-13	254.994743632933	112.540510581494	FBgn0035600	Cytochrome c1	protein_coding	38612
FBgn0029608	280.806108530918	2.35357579214541	0.310826220999465	57.8680073581566	2.80309159120642e-14	1.38506608130326e-12	21.4441942522337	5.79876304292946	FBgn0029608		protein_coding	31210
FBgn0039737	11698.693910302	1.55442213509293	0.207258824713051	57.6342043690888	3.15687928526203e-14	1.55135603346238e-12	490.87930188926	229.50655439508	FBgn0039737		protein_coding	43562
FBgn0034819	3130.41895885155	-3.2181733771908	0.370290760065929	57.4731799495136	3.42619471116009e-14	1.66583411538462e-12	136.383002983645	1647.90064348921	FBgn0034819		protein_coding	37666
FBgn0051267	565.581295165606	2.5145067064002	0.331507684797172	57.472786629992	3.42687992156293e-14	1.66583411538462e-12	64.4879360029715	15.4025101036073	FBgn0051267		protein_coding	318651
FBgn0039674	2022.65957439622	1.25427481045797	0.167656679086276	57.4510456723059	3.4649693404802e-14	1.67529404725476e-12	88.8570527286357	50.8259021777131	FBgn0039674		protein_coding	43483
FBgn0259101	4018.60229791508	1.50091475106804	0.200811329210145	57.2757547614066	3.78796144114187e-14	1.82166509305823e-12	164.304112175133	73.4260343705046	FBgn0259101		protein_coding	32043
FBgn0051198	11662.3811637797	2.3097296789774	0.306056669378799	57.154875602779	4.02808014270314e-14	1.92683642145369e-12	316.109165313165	77.4780428239033	FBgn0051198		protein_coding	318622
FBgn0259209	4852.82421047244	1.85893579295125	0.24823390025578	57.1192543011548	4.10170268715513e-14	1.95167260664477e-12	1655.78504199419	652.698382722819	FBgn0259209	Muscle LIM protein at 60A	protein_coding	37853
RR48347_transposable_element	151.106092359727	5.83145194479717	0.724580301024231	57.048614461777	4.2517082455003e-14	2.01240064483075e-12	2.95950207265817	0.0898645028812684	RR48347_transposable_element		transposable_element	NA
FBgn0039768	786.922472673386	2.03756705527208	0.272070401624142	56.9113695251151	4.55902443053102e-14	2.14656056040657e-12	29.0604447007967	9.59059321107902	FBgn0039768		protein_coding	43612
FBgn0014391	984.341449104011	1.23923164388982	0.166402934027108	56.8913853368037	4.60558946682734e-14	2.15719094141554e-12	353.712172669863	200.894139744048	FBgn0014391	stunted	protein_coding	44046
FBgn0017448	180.943836636944	2.14040119529302	0.28659307701509	56.8510407444866	4.7010513020213e-14	2.19049504451179e-12	6.9436668733657	2.10225377338945	FBgn0017448		protein_coding	43743
FBgn0037936	417.258433804116	1.61632749525132	0.216932401894651	56.8212182116687	4.77288658547465e-14	2.2125035599574e-12	24.9786619168254	10.5935328101158	FBgn0037936		protein_coding	41410
FBgn0021765	4512.81008302152	1.07030919429168	0.143955258895356	56.7644094854952	4.91277788926329e-14	2.26567238759717e-12	330.978665025217	214.320231944399	FBgn0021765	scully	protein_coding	32789
FBgn0003356	125179.484387394	2.30532821016191	0.306624309078618	56.7290667328262	5.0018718421221e-14	2.29499150388796e-12	15195.3324256611	3995.2032859173	FBgn0003356	Jonah 99Cii	protein_coding	43544
FBgn0038135	9038.53778485332	2.58504677651159	0.342760841276811	56.4008775274105	5.91039869126035e-14	2.69808200154845e-12	242.342005192241	48.6987080021852	FBgn0038135		protein_coding	41634
FBgn0039801	302.106946140847	2.27397043160235	0.304534324781378	56.3898496514302	5.94364038951944e-14	2.69955343550244e-12	64.0355768875706	15.2249294762021	FBgn0039801	Niemann-Pick type C-2h	protein_coding	43649
FBgn0010357	27761.8365158718	-2.87067587471546	0.338783048684734	56.3125642135344	6.18191349362404e-14	2.79366573106336e-12	391.165097831546	3838.99778399473	FBgn0010357	betaTrypsin	protein_coding	47901
FBgn0000116	54509.7935610551	1.41997528239655	0.191925754125005	56.1814824428228	6.60809758281408e-14	2.97133107811235e-12	2644.45060694487	1441.39258934506	FBgn0000116	Arginine kinase 1	protein_coding	39041
FBgn0036597	564.111175592249	2.07812581940268	0.279418942459253	56.0955469387824	6.90332948812725e-14	3.08863890978748e-12	76.5530685339243	23.2818115782929	FBgn0036597		protein_coding	39793
FBgn0003360	17973.0223167242	1.56781615800355	0.212406842350116	55.8143929897193	7.96462967260468e-14	3.5283701795928e-12	843.302019166233	411.340477399455	FBgn0003360	stress-sensitive B	protein_coding	32007
FBgn0029971	442.361557631299	1.3904589537812	0.188421904258222	55.8181016442795	7.94961893299937e-14	3.5283701795928e-12	113.938844029837	58.8249739977077	FBgn0029971	NADH dehydrogenase (ubiquinone) MNLL subunit	protein_coding	31697
FBgn0037850	121.258920694769	2.62388464195802	0.353563289345787	55.7438579618461	8.25558023004599e-14	3.63933495141194e-12	10.9745684976249	2.23767667831082	FBgn0037850		protein_coding	41314
FBgn0034497	1527.79784856525	2.42942246677386	0.326271616296378	55.420977850656	9.72925921660662e-14	4.26805990902162e-12	101.860943018282	27.0440503169411	FBgn0034497	Mitochondrial phosphate carrier protein 1	protein_coding	37297
FBgn0053926	1879.6355955968	-1.37285200612191	0.177254406112074	55.1461439789868	1.11892964838002e-13	4.88472540188424e-12	70.0191516273494	228.638344188688	FBgn0053926		protein_coding	39092
FBgn0040060	63033.635389939	1.52293197814384	0.207690117828271	55.120486301383	1.13363164023952e-13	4.92499968148503e-12	6143.24883130604	2898.8507506652	FBgn0040060	yippee interacting protein 7	protein_coding	38680
FBgn0028945	58.8193074788596	-4.14853870778677	0.608383350988747	55.0798140249037	1.15733415001477e-13	5.00380096686674e-12	0.374082121938923	8.98914937896721	FBgn0028945		protein_coding	34919
FBgn0031116	149.830237182918	2.87298878704036	0.387609241625207	54.8567850088994	1.29640436205791e-13	5.57826049185971e-12	2.03730380915247	0.370009808673563	FBgn0031116		protein_coding	33046
FBgn0029161	1773.16617224071	1.14718398389936	0.156941549179486	54.8259728451691	1.31688900562279e-13	5.63942039407895e-12	109.871156942124	66.8801965225452	FBgn0029161	slowmo	protein_coding	44132
FBgn0037166	361.553311485156	1.51038355239536	0.206596152344281	54.81396656774	1.32495846705722e-13	5.64708601623014e-12	14.4253381703305	6.65829331305652	FBgn0037166		protein_coding	40471
FBgn0025814	1169.76017571039	2.05532051478995	0.280757210672347	54.3141675201769	1.70865467408367e-13	7.24808088869547e-12	200.34224368959	64.8134006155838	FBgn0025814	Microsomal glutathione S-transferase-like	protein_coding	44110
FBgn0085205	662.773519644408	1.78120480608169	0.244922191323278	53.9835117886779	2.02179116349116e-13	8.53613517994177e-12	280.928360150615	110.8968200564	FBgn0085205		protein_coding	5740391
FBgn0030882	3316.28975331294	1.23151473638626	0.169994329610154	53.9077617146529	2.10125979436756e-13	8.78912992128513e-12	120.989247580389	68.8781522593948	FBgn0030882	Glutathione synthetase 1	protein_coding	32775
FBgn0052495	3316.28975331294	1.23151473638625	0.169994329610157	53.9077617146512	2.10125979436929e-13	8.78912992128513e-12	120.989247580389	68.8781522593948	FBgn0052495	Glutathione synthetase 2	protein_coding	318053
FBgn0030040	2553.96966153171	1.6891677465246	0.232857198137423	53.7929983600135	2.2276517169907e-13	9.2746629124525e-12	250.556607474074	111.119133046366	FBgn0030040		protein_coding	31779
FBgn0016691	3113.90486160184	1.03076184364394	0.142527599332812	53.6738053899696	2.36698193056999e-13	9.8093403233253e-12	317.448582880648	207.791684859615	FBgn0016691	ATP synthase, oligomycin sensitivity conferring protein	protein_coding	41845
FBgn0020508	53360.9906564251	1.34662592673264	0.186313663709474	53.6495763681299	2.39635358493433e-13	9.88550816023599e-12	5472.62382593155	2848.56177212832	FBgn0020508	Antigen 5-related 2	protein_coding	44079
FBgn0029994	2287.91360140596	1.92702434938969	0.2656847266156	53.4928678117449	2.59533351834989e-13	1.06574585984112e-11	138.092542044504	46.6611811849933	FBgn0029994	Lipid droplet subset dehydrogenase 1	protein_coding	31726
FBgn0262563	147.284789050756	2.12284276017712	0.293627020860965	53.3658348116345	2.7687044398374e-13	1.13177086488444e-11	44.7103231195962	13.6857629872184	FBgn0262563		protein_coding	12798325
FBgn0030403	1034.39633791623	1.1327646959034	0.157087987138688	53.3385146973528	2.80747860662146e-13	1.14242783300212e-11	27.0421826565849	16.450693135913	FBgn0030403		protein_coding	32208
FBgn0052073	136.206216040397	4.21620829225619	0.556819086388167	53.2860705219563	2.88343937004033e-13	1.16805271417895e-11	56.2629985109169	4.39785524201928	FBgn0052073		protein_coding	326191
FBgn0024997	296.094145605567	1.86583475915084	0.258989622274994	53.0039000874741	3.32886742263698e-13	1.34244415837553e-11	10.2217859091799	3.64313256500485	FBgn0024997		protein_coding	31258
FBgn0086254	1906.02880407562	1.93347062053086	0.268514928302969	52.7115898742857	3.86304759912771e-13	1.55091013656051e-11	147.156919066718	54.8359945576526	FBgn0086254	Aldo-keto reductase 1B	protein_coding	39304
FBgn0038701	2302.97842243681	2.40163210247141	0.331103074590553	52.6334606673906	4.01981890200406e-13	1.60667695047656e-11	132.973879615444	27.4911476172742	FBgn0038701		protein_coding	42319
FBgn0004782	68.1978219485438	4.77557992917675	0.651238966449433	52.612931009437	4.06205884899508e-13	1.61637589508906e-11	10.4271954397141	0.531052530646076	FBgn0004782	Ccp84Ab	protein_coding	40824
FBgn0052407	264.326430403044	2.17524567222274	0.302043244058016	52.590652364796	4.10840001561531e-13	1.62761415596601e-11	26.4580498829036	8.16039696552724	FBgn0052407		protein_coding	38667
FBgn0042083	617.495140247594	1.40765669851399	0.197484473930717	52.0705376666549	5.35422835452007e-13	2.11186735053504e-11	20.4959621274087	10.7582951306955	FBgn0042083	Methylcrotonoyl-CoA carboxylase 2	protein_coding	59261
FBgn0027843	1425.50926392498	-1.40494869461986	0.186701914420276	52.0016561049888	5.54538444426324e-13	2.17771363787158e-11	17.8961639287053	61.2559715504347	FBgn0027843	Carbonic anhydrase 2	protein_coding	39390
FBgn0039045	1517.91368682722	2.00008413688507	0.280032524278866	51.7723368172278	6.23237468603032e-13	2.43685850223785e-11	86.5198146966113	29.4115102720282	FBgn0039045	Cystinosin	protein_coding	42723
FBti0019898	635.793669604689	-4.18757216392119	0.494814213699021	51.4762618476474	7.24680637400725e-13	2.8212350528765e-11	0.305153591590949	8.28959096698767	FBti0019898		transposable_element	NA
FBgn0053497	181.843114773883	2.00390525919219	0.282683954965442	51.2937992872407	7.95264357079656e-13	3.0826777427661e-11	7.33378074451023	2.56911474244121	FBgn0053497	Sperm-specific dynein intermediate chain 2	protein_coding	2768883
FBgn0030775	7314.42097892672	1.56500959512887	0.221226670675264	51.2689718675253	8.0538605301795e-13	3.10851363724911e-11	732.998398066464	330.923492928065	FBgn0030775		protein_coding	32649
FBgn0037386	367.945432427757	3.2693436942073	0.448873561775118	51.1426474533206	8.5891793884623e-13	3.30096112138639e-11	15.8003437716996	2.39866476655674	FBgn0037386		protein_coding	40727
FBgn0046302	5300.68396827895	1.20372424590718	0.170650758417044	51.1067952326444	8.74749528140998e-13	3.34749893896681e-11	245.875670078955	150.177001306455	FBgn0046302		protein_coding	35162
FBgn0028920	19015.4761944209	1.49148848066063	0.211605005640446	50.9490029244712	9.47971552337621e-13	3.61233397041196e-11	1872.6181206988	926.664958742925	FBgn0028920		protein_coding	34799
FBti0060381	58.7373078862662	-8.76985547461396	1.5609181528887	50.7954608412354	1.025105092962e-12	3.88977641392712e-11	0	3.42746048011908	FBti0060381		transposable_element	NA
FBgn0035032	3430.58502369006	1.21412671858166	0.172677547258016	50.776617755149	1.03499388593475e-12	3.91079832613915e-11	663.953422412539	385.866980932563	FBgn0035032	ATP synthase, subunit F	protein_coding	37931
FBgn0262577	528.213297234479	2.39636185639883	0.337213383600963	50.6552773223346	1.10100006042223e-12	4.14280064576447e-11	480.718789577734	131.460099749445	FBgn0262577		protein_coding	12798272
FBgn0051410	708.5294039339	2.54644047388218	0.358168395727133	50.3467051518626	1.28846246457597e-12	4.82797622663822e-11	130.953156743509	30.4357862772233	FBgn0051410	Niemann-Pick type C-2e	protein_coding	326136
FBgn0052212	160.295436603989	2.64562857130559	0.374702012810053	50.1804170942492	1.40240374420345e-12	5.2331190338679e-11	26.76883515924	5.16768785093739	FBgn0052212		protein_coding	317917
FBgn0035679	1546.8620137035	1.54983962538027	0.221502682888853	50.150405939703	1.42401669771114e-12	5.29181081095715e-11	77.13858288053	35.0970789470319	FBgn0035679		protein_coding	38697
FBgn0053465	95.0434445469104	2.46518706574885	0.35308454295193	49.8556914783844	1.65479673853665e-12	6.12410990520991e-11	5.45029669403458	1.316203746898	FBgn0053465		protein_coding	3885587
FBgn0038784	11158.1711613064	2.00001779128936	0.285492685444587	49.7910655766808	1.71020960133458e-12	6.30324382983682e-11	1383.41628777538	415.979238160585	FBgn0038784		protein_coding	42410
FBgn0038484	1956.09410652006	2.37581156998133	0.336994030781349	49.7759271190947	1.7234561030439e-12	6.32613907537705e-11	173.964125399648	48.3040266150195	FBgn0038484		protein_coding	42072
FBgn0038130	352.91535837641	2.47167046166475	0.350976392169813	49.6807669855564	1.8091070955194e-12	6.61353663008373e-11	14.1513185404873	3.75065293260144	FBgn0038130		protein_coding	41629
FBgn0028950	1026.8384509118	2.86455366670464	0.402348142723618	49.6713663498034	1.81779616537458e-12	6.61839713166544e-11	110.8376943321	20.3882454828681	FBgn0028950		protein_coding	34913
FBgn0264294	2448.71133852877	1.14942760718492	0.165609403674111	49.4537228069153	2.03106746866612e-12	7.3650765103687e-11	245.01751445302	148.030389128787	FBgn0264294	Cytochrome b5	protein_coding	35688
FBgn0010387	1288.29455342955	1.86891636014596	0.269161176704803	49.1022927690252	2.42956062776199e-12	8.77471434757574e-11	505.446256832142	183.80660135694	FBgn0010387	Acyl-CoA binding protein 2	protein_coding	38784
FBgn0034715	170.206799433647	-3.88519746571967	0.506109032901729	49.0839736201863	2.45235712603285e-12	8.82161905376537e-11	0.395541798171989	7.60728250029379	FBgn0034715	Organic anion transporting polypeptide 58Db	protein_coding	37544
FBgn0027348	3364.90451624539	2.4574716116357	0.351016610875038	48.8995211632111	2.69416511728002e-12	9.65283940227061e-11	114.967335622121	29.9963430588197	FBgn0027348	bubblegum	protein_coding	44117
FBgn0040363	109.690175976485	3.51463822641541	0.496492322108743	48.8839517647624	2.71563648116898e-12	9.69115828379072e-11	4.96087606673218	0.703514714672993	FBgn0040363		protein_coding	31061
FBgn0038053	1578.34962782719	-1.42967241330844	0.196254361881061	48.5904173097312	3.1540661970358e-12	1.12112716640091e-10	17.8109291385641	61.9414090076072	FBgn0038053		protein_coding	41538
FBgn0036766	936.712689596235	1.80161176061227	0.261272726220195	48.503041184528	3.29777075752377e-12	1.16759261505556e-10	152.797309381648	56.9276769015496	FBgn0036766		protein_coding	39992
FBgn0046689	251.48060593754	-2.36695846297465	0.321896846575147	48.2879564984023	3.68005482634453e-12	1.29783266875751e-10	2.66882843231487	18.0667295170596	FBgn0046689	Tak1-like 1	protein_coding	318725
FBgn0032715	2720.3858217713	1.2549751004031	0.183257319835727	48.1618518951518	3.92449660895466e-12	1.37863273454411e-10	148.916269049521	83.6146476440399	FBgn0032715		protein_coding	35140
FBgn0034204	6458.38337009695	3.66061579101483	0.509955899355514	47.9327282693401	4.41096729331203e-12	1.54349528672199e-10	750.472800899357	98.2837763591501	FBgn0034204		protein_coding	36941
FBgn0031692	369.632469030341	1.55604157211705	0.227584920660289	47.8980518774482	4.48967502104146e-12	1.56494757613278e-10	59.9130553656065	28.603228053585	FBgn0031692	Troponin C at 25D	protein_coding	33752
FBgn0004171	487.689164043361	3.35799134505806	0.474817903693006	47.8680504040868	4.55890489561312e-12	1.58294330989378e-10	52.6277971816301	5.99178414288057	FBgn0004171	Male-specific RNA 98Cb	protein_coding	43367
FBgn0038795	255.800182278434	2.46397883772698	0.357373857407449	47.7285066406788	4.8952165793971e-12	1.69318010378916e-10	20.5283673574558	4.66302310053503	FBgn0038795		protein_coding	42421
FBgn0047038	831.592830973769	1.23562374623377	0.181194730729038	47.7195721794807	4.9175763182414e-12	1.69439708160709e-10	142.016448310686	83.487295942918	FBgn0047038	NADH dehydrogenase (ubiquinone) 13 kDa B subunit	protein_coding	39214
FBgn0019957	2897.43738700634	1.14340379032441	0.167733457018303	47.7109856240491	4.93916168805234e-12	1.69533897178071e-10	149.274585599732	92.6666916358394	FBgn0019957	NADH dehydrogenase (ubiquinone) 42 kDa subunit	protein_coding	42591
FBgn0001091	28499.9244358682	1.28792278941392	0.189406360647312	47.4989377182813	5.50337596280238e-12	1.88181977313619e-10	1597.34240170437	910.009555724498	FBgn0001091	Glyceraldehyde 3 phosphate dehydrogenase 1	protein_coding	35728
FBgn0035574	1312.97944129373	-1.11332731639091	0.157034490858053	47.3835106891429	5.8371646320949e-12	1.98839475516778e-10	4.44942173273325	12.8837469717999	FBgn0035574	Rho guanine nucleotide exchange factor at 64C	protein_coding	38578
FBgn0026755	144.313328718825	3.40018960165088	0.486787026825724	47.3633721364314	5.89744288716581e-12	2.001347316388e-10	8.23029752529835	1.00124828149122	FBgn0026755	UDP-glycosyltransferase family 37 member B1	protein_coding	53584
FBgn0039519	79.273420350681	4.54738457960207	0.648479390573239	47.2769218559948	6.16336187670373e-12	2.08302742073531e-10	3.89727937152163	0.132147133631083	FBgn0039519	Cytochrome P450 6a18	protein_coding	43304
FBgn0086355	13829.1448026332	1.56688723860781	0.230669406389209	47.2702240803191	6.18445814896395e-12	2.08302742073531e-10	1003.09505456268	454.129340074335	FBgn0086355	Triose phosphate isomerase	protein_coding	43582
FBgn0038132	90.783919014534	5.42257031888703	0.757019373108905	47.153238935409	6.56480795357358e-12	2.20288499725699e-10	13.4445935784704	0.323965979733039	FBgn0038132	apnoia	protein_coding	41631
FBgn0033296	111.84934088629	-4.16938770348583	0.572155127178711	47.0432560574869	6.9437173651217e-12	2.32136989831002e-10	0.227370118807185	5.05683884816825	FBgn0033296	Maltase A7	protein_coding	35829
FBgn0019624	5805.57106829893	1.38508632349256	0.205011374590798	46.858935529183	7.62844906554943e-12	2.53281469717568e-10	917.404999825278	482.77638088989	FBgn0019624	Cytochrome c oxidase subunit 5A	protein_coding	41432
FBgn0267376	841.633763435512	1.66466913520728	0.245927662926633	46.8578892193195	7.63252288373856e-12	2.53281469717568e-10	62.5009211066171	28.0276119460851	FBgn0267376	Selenoprotein R	protein_coding	41309
FBgn0033382	983.903219584286	1.25622722640189	0.185906033411126	46.837751093295	7.71135650021276e-12	2.54022816873309e-10	33.5719761106112	19.8273952384432	FBgn0033382	alpha/beta hydrolase 1	protein_coding	35930
FBgn0039756	1559.47128392014	3.42775346846381	0.487255326070377	46.8431380744125	7.69018888922613e-12	2.54022816873309e-10	88.2476781547687	11.5686426799565	FBgn0039756		protein_coding	43593
FBgn0030105	864.924566901866	-2.61609367766191	0.347184648081423	46.8088196444872	7.82604134477148e-12	2.568598168377e-10	41.6125065919536	355.754557685149	FBgn0030105		protein_coding	31862
FBgn0263830	312.644923575484	1.35985884698198	0.201303543704349	46.7488133153302	8.06937858898816e-12	2.63883351457347e-10	27.7876689859566	14.915095772253	FBgn0263830		protein_coding	3355162
FBgn0039635	3173.03098753277	1.04188864269253	0.154410004615433	46.7310989528383	8.14265098759865e-12	2.65314711345923e-10	165.069166160337	110.052603393281	FBgn0039635	Pyruvate dehydrogenase E1 beta subunit	protein_coding	43437
FBgn0037890	957.026024706549	1.84872415013769	0.273178192141738	46.6699081686388	8.400917139249e-12	2.72741688928759e-10	124.618899267118	42.7709011126144	FBgn0037890		protein_coding	41359
FBgn0033367	24735.5452477797	2.32807881357181	0.341296242692501	46.655554306154	8.46267772401024e-12	2.73758491985698e-10	902.252685104284	256.250370241624	FBgn0033367	Prophenoloxidase 2	protein_coding	35910
FBgn0051262	43.3996387968996	4.67706429447411	0.697992199170903	46.3521046894907	9.88013182928883e-12	3.18466041364855e-10	2.32751880197253	0.084543667197019	FBgn0051262		protein_coding	318649
FBgn0031689	609.732341152691	-1.70655292835886	0.238799753590188	46.1844236583597	1.07629257954969e-11	3.45682113138942e-10	7.41495411646783	32.2099590622814	FBgn0031689	Cytochrome P450 28d1	protein_coding	33749
FBgn0036806	894.397960491002	1.48016930543558	0.220822004710909	46.0427101538318	1.15702873002826e-11	3.70290369008689e-10	41.6734508953476	20.2320426491433	FBgn0036806	Cytochrome P450 12c1	protein_coding	40037
FBgn0085428	1001.35532951769	-1.08309312675529	0.155678615844919	45.9099456541013	1.23815760504928e-11	3.94849338376177e-10	5.34332536314152	15.5464105448275	FBgn0085428	NADPH oxidase	protein_coding	5740310
FBgn0031678	125.440964878257	2.72148984828786	0.403010331506838	45.8495966543114	1.27689416204742e-11	4.05763575946729e-10	4.97244922333664	0.912497846490265	FBgn0031678	Neprilysin-like 3	protein_coding	326172
FBgn0050272	405.837943983468	2.58427934311572	0.381329312058408	45.7548049200994	1.34020212108216e-11	4.24381608270842e-10	21.8450177497937	4.21689769413647	FBgn0050272	Major Facilitator Superfamily Transporter 1	protein_coding	246519
FBgn0035186	499.335113023404	1.73150892148355	0.259331234392998	45.5479354215548	1.48948599027701e-11	4.69998158265304e-10	58.6482327226579	22.0555246308182	FBgn0035186		protein_coding	38120
FBgn0033079	372.078857602249	3.35793345625182	0.48734426793931	45.4450717599633	1.56980028428908e-11	4.93608879601807e-10	22.2351134307879	2.78012792293279	FBgn0033079	Flavin-containing monooxygenase 2	protein_coding	35561
FBgn0032614	240.220966036613	1.65352332232042	0.248439390142564	45.3354830076914	1.6601398361838e-11	5.20196430202121e-10	14.8557792192769	6.11857213935533	FBgn0032614		protein_coding	35021
FBgn0250815	318715.338585219	1.32273938390147	0.199203654313287	45.2885930187666	1.70036610593462e-11	5.30951124676042e-10	29525.5107981605	15708.7200076912	FBgn0250815	Jonah 65Aiv	protein_coding	38682
FBgn0020645	131.239492521068	2.74132407758838	0.409019529401229	44.9746304926626	1.99603711067331e-11	6.2111978326246e-10	40.191125897483	8.10873318348488	FBgn0020645	Lcp65Aa	protein_coding	38709
FBgn0029849	560.812653282838	1.27440286048121	0.193089589060331	44.653046862218	2.3523124921118e-11	7.29460215226255e-10	21.9656842487221	12.6192340679786	FBgn0029849	ER GDP-fucose transporter	protein_coding	31553
FBgn0027111	217.277051994992	-1.93630827216814	0.279966318319966	44.5603765918856	2.46632871810764e-11	7.58133932814002e-10	1.9401343657936	10.1147762795353	FBgn0027111	midkine and pleiotrophin 1	protein_coding	38047
FBgn0034901	6240.92497167514	2.10727581414328	0.317424257457343	44.5597081106707	2.46717095880874e-11	7.58133932814002e-10	1327.94545236996	358.25427199055	FBgn0034901		protein_coding	37760
FBgn0052473	4785.44513066347	1.49454175476639	0.22671549838493	44.5574102511971	2.47006830106197e-11	7.58133932814002e-10	103.698776784806	51.0967162432044	FBgn0052473		protein_coding	41636
FBgn0032184	64.5005767497887	8.06904112391517	1.32963351045743	44.2943238182331	2.82534256739115e-11	8.64228085324782e-10	17.5955213518929	0	FBgn0032184		protein_coding	34345
FBgn0085312	26.5053680543597	8.68924045181612	1.43917565007949	44.2812469738204	2.84427914288128e-11	8.67071265489199e-10	8.13536983693137	0	FBgn0085312		protein_coding	5740817
FBgn0031249	26593.1474823396	1.96491463560442	0.297957047911433	44.1631120421586	3.02121267392432e-11	9.17897485695993e-10	2602.49461123386	963.140163012442	FBgn0031249		protein_coding	33206
FBgn0035931	165.922288793799	2.79123168796406	0.419247632892926	44.1083363156325	3.10694933383141e-11	9.40767520509961e-10	16.4925918010918	2.75666904624093	FBgn0035931		protein_coding	39010
FBgn0039112	1417.43634902641	1.0759961653052	0.164382240443471	43.9725451469789	3.33014353117161e-11	1.00496579784652e-09	126.559232654646	84.5820914553935	FBgn0039112	Succinate dehydrogenase, subunit D	protein_coding	42808
FBgn0042094	824.614399994516	1.07621413707383	0.164382777814904	43.9380498270426	3.38935402635474e-11	1.01941340331131e-09	57.0577168540059	38.4955061795192	FBgn0042094	Adenylate kinase 3	protein_coding	41318
FBgn0034662	14025.262614151	2.0349440889726	0.309448912167187	43.8215421588777	3.59723748943288e-11	1.07833189141566e-09	112.215355310735	38.6453955547706	FBgn0034662		protein_coding	37487
FBgn0037782	1627.43158610549	1.90710831580359	0.291173049189617	43.6641464809331	3.8984886782057e-11	1.16475444129913e-09	276.93042972315	116.26680986178	FBgn0037782	Niemann-Pick type C-2d	protein_coding	41232
FBgn0034756	351.431436505457	2.67457217783828	0.403456603018146	43.656307403448	3.91413580133181e-11	1.165557061635e-09	18.9687161844954	3.61721221425064	FBgn0034756	Cytochrome P450 6d2	protein_coding	37594
FBgn0013995	912.641735531755	1.16842515509332	0.179352388133285	43.5642783086541	4.10259879052043e-11	1.2136404908931e-09	14.7961497809324	9.49300634504961	FBgn0013995	Na/Ca-exchange protein	protein_coding	42481
FBgn0033320	857.543340373169	-2.50937804843594	0.346460568927311	43.5643819617804	4.10238149395677e-11	1.2136404908931e-09	6.81732788467705	46.6218963642891	FBgn0033320		protein_coding	35854
FBgn0283658	3450.25963891658	1.39591872067499	0.214403428715657	43.5010288201209	4.23736557255807e-11	1.24939765882015e-09	110.562222548428	59.2998974144526	FBgn0283658	midline uncoordinated	protein_coding	34021
FBgn0036361	862.593739743011	2.50557929608962	0.379448336022819	43.4674535171638	4.31069636966956e-11	1.26686576641956e-09	85.8313450527061	23.908293682271	FBgn0036361		protein_coding	39509
FBgn0039592	30.019261379691	-7.80124117690845	1.54375431064437	43.3067188641744	4.67973831098032e-11	1.37084321272463e-09	0	2.67175225349667	FBgn0039592		protein_coding	43389
FBgn0040251	52.6024217807608	-3.6919201183521	0.590796179129664	43.1956067839207	4.95317721043391e-11	1.44623125498156e-09	0.174590221049437	3.1405946487362	FBgn0040251	UDP-glycosyltransferase family 302 member K1	protein_coding	53502
FBgn0283494	1842.15954305439	1.11762957898538	0.172502033474625	43.0812803272094	5.25122955433335e-11	1.52829473728543e-09	130.711482930277	79.7794870607573	FBgn0283494	Adenylate kinase 2	protein_coding	37834
FBgn0038400	1511.10737017685	1.14478230726856	0.176839374836144	43.0236891597604	5.40810475164813e-11	1.56887374295392e-09	117.098752950498	72.1412319507881	FBgn0038400	MICOS subunit 26/27	protein_coding	41959
FBgn0036481	312.958137017236	-1.8426098753467	0.269286443395447	42.796086236093	6.07535864951111e-11	1.75677493038757e-09	2.87781353729539	13.4460539938893	FBgn0036481		protein_coding	39648
FBgn0034429	292.991293926951	2.1343232606366	0.328826817249436	42.7420805856593	6.24542158359986e-11	1.80016270196518e-09	43.0398093535888	13.4002877654274	FBgn0034429	Arylalkylamine N-acetyltransferase-like 4	protein_coding	37213
FBgn0004428	328.901145723203	2.01560079854092	0.310882004413495	42.7238215830611	6.30399018171803e-11	1.81123909598052e-09	69.5260981147225	22.498323043707	FBgn0004428	Lysozyme E	protein_coding	38128
FBgn0017567	1022.51880732515	1.16415725157495	0.1803949063977	42.7132700130104	6.33808631207561e-11	1.81523599377376e-09	104.568468977437	63.5076752074035	FBgn0017567	NADH dehydrogenase (ubiquinone) 23 kDa subunit	protein_coding	44207
FBgn0000064	30514.6322740322	1.55984997715851	0.241673616540485	42.683283339921	6.4359957300287e-11	1.837425701592e-09	1696.86472009194	742.92274358857	FBgn0000064	Aldolase 1	protein_coding	43183
FBgn0032935	1223.68932960078	-1.66330907313426	0.24137770641512	42.6127909623291	6.67216461136977e-11	1.89882203639393e-09	11.6809824172858	47.271034898444	FBgn0032935	Autophagy-related 18b	protein_coding	35396
FBgn0035718	304.079413796887	2.42779521855318	0.372833403321193	42.5712311321527	6.81544615936943e-11	1.93347972590565e-09	19.7359444664631	3.88203110028316	FBgn0035718		protein_coding	38754
FBgn0035043	956.60791335116	1.1146093297481	0.173036710983224	42.5430654913042	6.91429688650127e-11	1.95535446227377e-09	42.5981396802676	27.2297365536503	FBgn0035043		protein_coding	37943
FBgn0052633	2760.50116736265	1.64966191330131	0.255978824384386	42.4864152283688	7.11748527530315e-11	2.00650611538562e-09	253.991066073814	121.039254148334	FBgn0052633		protein_coding	326225
FBgn0266671	631.133643347476	1.29139314738691	0.200676882783216	42.4646423683644	7.19715888823509e-11	2.02262655880932e-09	17.9524266889439	9.85689257945124	FBgn0266671	Secretory 6	protein_coding	37142
FBgn0010516	3688.1369503382	1.0303505799044	0.160226192832866	42.4445568211428	7.2714495293016e-11	2.03713849274172e-09	215.609181607345	142.083349506814	FBgn0010516	walrus	protein_coding	36252
FBgn0036762	4060.44879832174	1.08543278593383	0.169052177846515	42.3316141120631	7.70371553407437e-11	2.15153769558791e-09	140.895702548745	92.5773864554764	FBgn0036762		protein_coding	39988
FBgn0040336	603.088376208309	1.4832658507646	0.230829040405906	42.3041274912194	7.81275010302316e-11	2.17523410763119e-09	21.4817150871383	10.5572633232899	FBgn0040336	Seipin	protein_coding	31245
FBti0020031	187.147181244246	5.99774993851147	0.842422401826505	42.2529882198153	8.01973789908443e-11	2.22597231254526e-09	3.53187278789014	0.0749532689334934	FBti0020031		transposable_element	NA
FBgn0028534	9054.66858098881	1.9289500090284	0.29955430194466	42.1539882270331	8.43617224584372e-11	2.33435375405762e-09	933.898579889247	313.750973354673	FBgn0028534		protein_coding	34800
FBgn0031801	305.996311963021	2.4047106089305	0.37172203593096	42.0270784301522	9.00182025543655e-11	2.48323219500432e-09	18.4255381617122	5.01872697689416	FBgn0031801		protein_coding	33885
RR48344_transposable_element	410.530117437582	1.89433165018819	0.29531673177378	41.9086988023669	9.56362289836048e-11	2.63014252981516e-09	3.4642814751261	1.23983684597099	RR48344_transposable_element		transposable_element	NA
FBgn0030668	615.149286978326	2.0433811762656	0.318082696094974	41.8608907705215	9.80033799731892e-11	2.68270552467852e-09	34.2258152699797	12.0020008016354	FBgn0030668		protein_coding	32504
FBgn0032833	4868.28542542035	1.16915860573787	0.183148454621218	41.8580847380278	9.81441251661553e-11	2.68270552467852e-09	578.944708060032	359.237099361564	FBgn0032833	Cytochrome c oxidase subunit 4	protein_coding	35279
FBgn0266490	399.047057246326	1.23843503214194	0.194145160550344	41.696737214411	1.06586714902855e-10	2.90464947612539e-09	95.9724750306707	54.9190705175992	FBgn0266490		protein_coding	19835262
FBgn0038290	530.719320621184	2.32305126595332	0.361008760892525	41.6172081308355	1.11011839920846e-10	3.01610113718481e-09	33.5946458309602	8.73576409766098	FBgn0038290		protein_coding	41820
FBgn0038291	2084.88381117625	2.06015144815051	0.322754609465868	41.2638401170343	1.33006749864155e-10	3.60280030580826e-09	100.214309307654	33.4769418602489	FBgn0038291		protein_coding	41821
FBgn0036988	337.444532804708	-1.36279892802414	0.206899591753558	41.2464933387913	1.34192369869927e-10	3.62399994666744e-09	4.1831457190146	14.5241166061228	FBgn0036988		protein_coding	40258
FBgn0261439	5154.08083523293	1.35926426820415	0.215207477409098	40.9564881386686	1.55656403571599e-10	4.17856130543101e-09	133.178067890835	72.7601422796853	FBgn0261439	Succinate dehydrogenase, subunit A (flavoprotein)	protein_coding	37228
FBgn0032068	5343.3152074966	2.15017615813369	0.337732761261669	40.9200728410234	1.58583929676655e-10	4.24447999875642e-09	138.236162090536	47.7233306172399	FBgn0032068	Lysosomal alpha-mannosidase V	protein_coding	34205
FBti0063624	827.832338079968	-2.00648531529017	0.294088441799846	40.6067972398061	1.8615796125846e-10	4.96771081779624e-09	3.91161373362931	21.7040775956403	FBti0063624		transposable_element	NA
FBgn0287423	3533.32405935872	4.49813056890664	0.660312993509243	40.592268804539	1.87547250950113e-10	4.98997759702476e-09	1540.53633102917	49.383109255563	FBgn0287423	Neuropeptide-like precursor 2	protein_coding	50286
FBgn0053302	90.9819507148998	2.50090749472337	0.396027240253113	40.4621834174452	2.00458559964195e-10	5.31776940931564e-09	7.11670361671732	1.72601665900748	FBgn0053302	Cuticular protein 31A	protein_coding	2768918
FBgn0035665	125352.59258669	1.26228259287416	0.201264035716932	40.4145028931224	2.05410673340716e-10	5.43311230986194e-09	11935.944408559	6780.77160251038	FBgn0035665	Jonah 65Aiii	protein_coding	38683
FBgn0031558	1107.02056680295	-1.53851897912881	0.230510678039928	40.3773505720618	2.09354063590628e-10	5.5211762283593e-09	201.640422084319	748.444427842114	FBgn0031558		protein_coding	33589
FBti0018951	1478.73624436739	2.79147207658348	0.436167161960769	40.2421351323939	2.2435674397875e-10	5.89953274444708e-09	23.6763470467022	4.21886839784503	FBti0018951		transposable_element	NA
FBgn0266448	1523.37323761576	1.84159837886665	0.293083342678846	40.2354464148273	2.25126207933823e-10	5.90250725349525e-09	62.2915686165788	24.9307850858987	FBgn0266448		protein_coding	19836061
FBgn0037761	79.519229418858	4.2160431385096	0.649168073207207	40.1485211269985	2.3536960586416e-10	6.15313623702439e-09	9.54267813252037	0.467426831356319	FBgn0037761		protein_coding	41210
FBgn0037973	881.824472907173	1.59775326566394	0.256019038066867	39.8615108287124	2.72622789455351e-10	7.08582874442766e-09	64.7646192658881	28.8510919152165	FBgn0037973		protein_coding	41452
FBgn0028703	1196.57082729581	-1.02866510335767	0.158744960902183	39.7796072196399	2.84298056745552e-10	7.36798969542579e-09	10.9773049500866	30.9430218381951	FBgn0028703	Na[+]/H[+] hydrogen exchanger 3	protein_coding	33939
FBgn0034406	4180.70119814201	1.43604669931809	0.23077150211793	39.7309318681789	2.91472463473835e-10	7.53221800005805e-09	198.763318880465	89.9740495562138	FBgn0034406	Juvenile hormone epoxide hydrolase 3	protein_coding	37182
FBgn0041150	415.403594574463	1.87916247245789	0.301439370791945	39.5911991425449	3.13091085519291e-10	8.067702384169e-09	9.22359028390052	3.1167814372733	FBgn0041150	hoepel1	protein_coding	249663
FBgn0031910	1205.94663365266	-1.61490478955342	0.243790033256628	39.5402869062648	3.21360847001452e-10	8.25713742024017e-09	20.0746714410667	87.8117699720604	FBgn0031910		protein_coding	34019
FBgn0028342	2053.13449864441	1.29353607903084	0.209066563059635	39.3060014374403	3.623259606638e-10	9.28318337393036e-09	285.547420965507	166.376840623434	FBgn0028342	ATP synthase, delta subunit	protein_coding	31950
FBgn0033782	1260.65247133848	2.43057024789254	0.387946630300018	39.2508989240466	3.72696746818278e-10	9.52176660266129e-09	90.0659698700741	19.1672600907679	FBgn0033782	sugarbabe	protein_coding	36424
FBgn0010042	102.331678454263	5.63328613248385	0.84780368746547	39.0501779157233	4.1305148560617e-10	1.05228668840121e-08	17.5780439044452	0.32649280948892	FBgn0010042	Glutathione S transferase D6	protein_coding	48339
FBgn0051548	1214.21655730083	1.34031645408712	0.217464513022001	38.9833486511859	4.27435824617108e-10	1.08585603694397e-08	106.336433060041	55.0420427304607	FBgn0051548		protein_coding	318794
FBgn0002569	214.868986680258	2.18578913290967	0.354058844489612	38.6261749124337	5.13259670575608e-10	1.30020963872858e-08	8.88389548193657	2.20125052382302	FBgn0002569	Maltase A2	protein_coding	35825
FBgn0030612	247.604040721053	2.27995698468234	0.369339440448892	38.4446588286355	5.63285324632884e-10	1.41894255586093e-08	11.2509469241229	3.31146331916557	FBgn0030612	Dihydrolipoamide branched chain transacylase E2	protein_coding	32441
FBgn0032436	62.5861454135552	4.46342008753245	0.705615403628367	38.2933908289941	6.08684502322075e-10	1.52902227077721e-08	5.98033214886711	0.31519740530298	FBgn0032436		protein_coding	34663
FBgn0086450	1030.39501030733	1.37879313618107	0.226119850896227	38.1348977479324	6.60187454278428e-10	1.6537787677788e-08	20.3782232891718	10.7644303895939	FBgn0086450	suppressor of rudimentary	protein_coding	31858
FBgn0033809	593.235274577499	-1.84363782867311	0.282304988647974	38.0920679392968	6.74839153344166e-10	1.6857856961178e-08	5.03455680253916	23.6848176571917	FBgn0033809		protein_coding	36458
FBgn0028938	56.065018530624	-3.65376370544476	0.604071381121457	37.9892681409309	7.11348374755753e-10	1.77206535572811e-08	0.130318044050166	2.25457261601776	FBgn0028938		protein_coding	34809
FBgn0000579	20645.1387189689	1.46943584752838	0.241502764390949	37.9769090151859	7.15868812784752e-10	1.77840006446776e-08	861.513171790803	452.932880343608	FBgn0000579	Enolase	protein_coding	33351
FBgn0010423	2477.31680357256	1.92101106761058	0.314755003709997	37.8794515934563	7.52537013079779e-10	1.86434307400178e-08	479.008257349455	148.905489614872	FBgn0010423	Troponin C at 47D	protein_coding	36195
FBgn0031589	2165.4549946825	-1.1549947394895	0.181376340942182	37.8432873102626	7.66617124594694e-10	1.89400763776925e-08	20.7287214815889	61.9696000068087	FBgn0031589	Nicotinate phosphoribosyltransferase	protein_coding	33626
FBgn0259998	28050.4791996008	2.18668912249289	0.357138588978582	37.7945987809633	7.85990897481309e-10	1.9365523674108e-08	2889.68799746424	958.455271174874	FBgn0259998		protein_coding	35409
FBgn0053306	2173.97430291784	1.39771156189447	0.230380974553672	37.7807471785139	7.91591657912614e-10	1.94502289060332e-08	246.094188354434	140.503898746079	FBgn0053306		protein_coding	2768915
FBgn0027610	1208.89382828344	1.2837310604233	0.211687928568772	37.7404480525669	8.08114487575381e-10	1.98021078658458e-08	59.2372743258386	30.8926941105583	FBgn0027610	Dicarboxylate carrier 1	protein_coding	41640
FBgn0034884	121.581360312127	1.74679956967355	0.288498259144288	37.6264836616103	8.5673339291068e-10	2.09364222892547e-08	12.703525643618	5.23979872802138	FBgn0034884	Entomoglyceroporin 3	protein_coding	37738
FBgn0264776	668.364813049805	3.20635976261191	0.512600925053134	37.6151230406069	8.61737712891215e-10	2.10016456694599e-08	92.1037375076137	12.827443866028	FBgn0264776		protein_coding	41893
FBgn0033570	971.466465720008	1.09151657944203	0.180411336969405	37.5347818730335	8.97973070042412e-10	2.18255995105173e-08	186.019300338235	117.509898511264	FBgn0033570	NADH dehydrogenase (ubiquinone) B14 subunit	protein_coding	36159
FBgn0250907	7635.1721674085	-1.56503943063993	0.241982224683794	37.4781104291929	9.24446817448972e-10	2.24084911841472e-08	20.6411546477297	91.7084702012572	FBgn0250907	Chitinase 10	protein_coding	3355116
FBgn0052750	414.481966726804	2.2964541932162	0.376754682052863	37.4106600176573	9.56976370919918e-10	2.31346465152764e-08	22.1510958621721	5.8232003236456	FBgn0052750		protein_coding	326238
FBgn0036377	118.453969108623	2.69064273669119	0.442771765692612	36.9757102391842	1.19610044610336e-09	2.87607789085763e-08	3.88698806955584	0.76005467231483	FBgn0036377		protein_coding	39525
FBgn0038056	193.801981237841	1.7550434045151	0.293080349141296	36.6801069289352	1.39192613297871e-09	3.32914673241424e-08	10.3040671050654	4.18054840574729	FBgn0038056		protein_coding	41541
FBgn0041194	2454.54724433677	-2.14915151810486	0.327323559065636	36.6513716275592	1.41259589255328e-09	3.36962197923916e-08	19.1819003556217	107.40302580564	FBgn0041194	Phosphoribosylamidotransferase 2	protein_coding	38753
FBgn0030157	647.752801267832	1.33283068108925	0.223008204935302	36.6412117167879	1.41997738718878e-09	3.37826895317162e-08	81.1301180459607	40.507621257945	FBgn0030157		protein_coding	31920
FBgn0031930	670.162808557258	1.89651922180465	0.316343837412299	36.5895485736773	1.45811408651627e-09	3.45984696043294e-08	42.2103917215409	13.9868331777345	FBgn0031930		protein_coding	34042
FBgn0029827	331.488793726905	2.31079359439797	0.383776428217481	36.4849348079725	1.53850780687944e-09	3.64100018612285e-08	27.0093269441083	7.77127793902967	FBgn0029827		protein_coding	31528
FBgn0051288	189.65457998648	2.19988523650851	0.366937059237513	36.4275788893819	1.58445324634509e-09	3.73989187516571e-08	12.455931241549	3.15558157463792	FBgn0051288		protein_coding	318664
FBgn0039052	183.539093463787	1.76568846682492	0.296464152333075	36.2612788615769	1.72558452674396e-09	4.05174455587688e-08	12.000925824499	5.14134617224436	FBgn0039052		protein_coding	42731
FBgn0015038	175.629250246964	2.80183269374348	0.463701397128876	36.1962487085938	1.78413659168542e-09	4.17831780443412e-08	9.23455347478204	1.84105100870643	FBgn0015038	Cytochrome P450 9b1	protein_coding	35634
FBgn0034899	9399.31378792282	2.55141349468959	0.424395004233592	35.8913464404355	2.08633281798635e-09	4.86231119265417e-08	1744.76546937778	455.237200702025	FBgn0034899		protein_coding	37758
FBgn0039778	16123.031234644	2.22292088894934	0.37232156501842	35.8907099547203	2.0870144783326e-09	4.86231119265417e-08	1799.45470498031	463.065032581881	FBgn0039778	Jonah 99Fi	protein_coding	43622
FBgn0031066	5064.19048417348	1.18751103693078	0.20097694607991	35.8631202332841	2.1167777283153e-09	4.91891010613424e-08	808.898685105265	499.394377005996	FBgn0031066	Cytochrome c oxidase subunit 6B	protein_coding	32989
FBgn0263390	398.053745078112	1.77981449356824	0.300768845668124	35.7329322051758	2.26305945715397e-09	5.24528188097568e-08	13.9591958301164	5.39286914509236	FBgn0263390	Na[+]/H[+] hydrogen antiporter 2	protein_coding	42710
FBgn0052302	13326.1869864817	-1.56079768304343	0.247089823223053	35.7268850425523	2.27009495539908e-09	5.24806270794445e-08	287.424051621882	1226.8461539813	FBgn0052302		protein_coding	38293
FBgn0033458	146.939533371447	1.91551569053913	0.325173665247004	35.507399674024	2.54083504774807e-09	5.85890502164061e-08	5.61167861377037	2.22377872960565	FBgn0033458	Linking immunity and metabolism	protein_coding	36023
FBgn0038292	3686.43472724368	1.38226603742635	0.23517616492606	35.4586749889974	2.60519510563789e-09	5.99194874296714e-08	185.23545363474	94.0405246030887	FBgn0038292		protein_coding	41822
FBgn0031360	2127.15291643198	1.53240520019947	0.260537303420039	35.4484933480531	2.61884880332157e-09	6.00798655313032e-08	145.600040994644	71.7225191822442	FBgn0031360		protein_coding	326177
FBgn0058198	52.4470856272921	3.55126844907181	0.596073095489164	35.4111949761594	2.66948126892093e-09	6.10856108178269e-08	10.2165076119673	0.828319088215523	FBgn0058198		protein_coding	3354922
FBgn0027552	2735.52186859073	1.17010028658177	0.199395913033584	35.3632296815939	2.73603762011783e-09	6.24497114662936e-08	190.904745106073	116.779930583848	FBgn0027552		protein_coding	38463
FBgn0039471	10584.7278105732	1.8938258950613	0.321388011304039	35.3316296238101	2.78079111782042e-09	6.3150642733735e-08	862.529337562775	282.786762456565	FBgn0039471		protein_coding	43247
FBgn0038973	10632.104493067	1.75586664674667	0.298742609482393	35.2678058346208	2.87342934578106e-09	6.50900506463704e-08	1792.25355650571	737.776773939159	FBgn0038973	Phosphatidylethanolamine-binding protein 1	protein_coding	42644
FBgn0085465	165.857190538379	-2.06378049954943	0.333161781024147	35.2536940188167	2.89432584746865e-09	6.53986742368985e-08	3.70185180431019	23.4541687710457	FBgn0085465		protein_coding	5740743
FBgn0050339	335.599107465276	1.98529232770826	0.337355507550002	35.1987599919914	2.9771305293397e-09	6.71010898505061e-08	30.3784186273807	9.2003119667378	FBgn0050339		protein_coding	246549
FBgn0032596	2055.07806088663	-1.00744390400201	0.165127245926465	35.1570892500756	3.04152153959298e-09	6.83810080138991e-08	95.8553405004105	262.517374909249	FBgn0032596	Proteasome beta4 subunit	protein_coding	34999
FBgn0016687	2852.87369100979	1.04612482845375	0.178918519610183	35.0933909722587	3.14265586290073e-09	7.04785640275966e-08	180.727483972708	119.964176067218	FBgn0016687	Nucleosome remodeling factor - 38kD	protein_coding	37922
FBgn0041180	2489.25329754494	2.17461953946577	0.368922926017805	35.0515546747555	3.21090509930385e-09	7.18300237762177e-08	41.0230594343993	14.4422678357116	FBgn0041180	Thioester-containing protein 4	protein_coding	35248
FBgn0034475	93.000690703766	1.91687976663683	0.328081226719437	34.9845452986282	3.323326306952e-09	7.41604800953334e-08	24.7538501699898	8.66988344290977	FBgn0034475	Odorant-binding protein 56h	protein_coding	37271
FBgn0027785	1452.33254251361	1.01261309260376	0.173562437576182	34.9116668648416	3.4500733753801e-09	7.67982917445377e-08	203.028096243947	136.823549982049	FBgn0027785	NP15.6	protein_coding	42282
FBgn0000044	178896.81278073	1.68971823042223	0.289306029183164	34.8737821840725	3.51786160288339e-09	7.81138997400748e-08	8004.79705301044	3216.80199340002	FBgn0000044	Actin 57B	protein_coding	37368
FBgn0032187	955.707623572047	1.55429352061957	0.267046005841597	34.6921959883305	3.86176577006813e-09	8.55390629808441e-08	15.8415996109826	7.77125948889328	FBgn0032187		protein_coding	34348
FBgn0037144	260.563270641467	2.0296068071586	0.347448249114248	34.6699936616237	3.90606135745712e-09	8.63076407558032e-08	9.74460097132127	2.96806033897668	FBgn0037144		protein_coding	40441
FBgn0036469	308.282252497558	2.48827436897872	0.424414959288384	34.3835741448042	4.52526318751391e-09	9.95004690594439e-08	94.7900534284154	24.486918997567	FBgn0036469		protein_coding	39636
FBgn0033942	123.382365046425	1.63346194484442	0.28221308402804	34.3742486659158	4.54699769520242e-09	9.97345128608667e-08	20.2182562749658	8.90064935393348	FBgn0033942	Cuticular protein 51A	protein_coding	36613
FBgn0039667	262.978045340207	1.98567158310636	0.34219905186236	34.2282876236388	4.90113235603715e-09	1.07240591916891e-07	11.1525001806745	4.09934205929409	FBgn0039667	F-box involved in polyQ pathogenesis	protein_coding	43475
FBgn0037612	1346.98322970124	-2.3365433793521	0.366025009013194	34.1563426599501	5.08572065194892e-09	1.11009431609167e-07	9.40971827425703	63.830393053754	FBgn0037612		protein_coding	41033
FBgn0002933	383.745043867491	2.37815222395339	0.407689300510413	34.1402860905419	5.12785799803727e-09	1.11658176698182e-07	102.725996328881	31.4817466169771	FBgn0002933	new glue 1	protein_coding	31300
FBgn0033137	2853.09137711714	-2.74118474817885	0.419639490684279	34.1020966410426	5.229488906833e-09	1.13423520478914e-07	37.0012905248163	321.50376385652	FBgn0033137	Tetraspanin 42Ep	protein_coding	35626
FBgn0033875	264.019305079854	-1.3518706510748	0.226252741415589	34.1003609648776	5.23415556530072e-09	1.13423520478914e-07	4.54513276271427	15.5660085005693	FBgn0033875		protein_coding	36532
FBgn0053508	48.2265123597021	-4.50989667751068	0.805309878205801	34.0556407425792	5.35584215047782e-09	1.15781462642421e-07	0.103699302733599	2.73497562008466	FBgn0053508	pickpocket 13	protein_coding	3346226
FBgn0023530	338.960198127608	1.17700114175867	0.204228683642852	33.9998946224565	5.51150573819418e-09	1.18860841975013e-07	34.3053301059688	19.9014963217619	FBgn0023530		protein_coding	31119
FBgn0040732	2894.89811012807	-1.81893966233937	0.292201031436478	33.9700604129284	5.59666684165703e-09	1.20408672026368e-07	70.7563286504478	305.902214947252	FBgn0040732		protein_coding	50205
FBgn0026593	656.432237724084	1.14290698742178	0.199023752580795	33.8261789538362	6.02624614651114e-09	1.29341364189916e-07	30.0721184340334	20.2141358964361	FBgn0026593		protein_coding	48422
FBgn0032981	84.881909913777	-2.64649548335346	0.442832423427606	33.7584141787939	6.23985699539705e-09	1.33431807732974e-07	0.74017859792928	6.17669883549292	FBgn0032981		protein_coding	35447
FBgn0035791	31.3662275631561	5.70935411271943	1.00946571933942	33.7284324614909	6.33677066640985e-09	1.35039285789156e-07	2.59689034140338	0.0772046363062504	FBgn0035791		protein_coding	38842
FBgn0032085	117.090278552778	2.37766937092114	0.411869679005121	33.6732174471511	6.51921084106445e-09	1.38598730717949e-07	8.76507514032262	2.39193256327789	FBgn0032085		protein_coding	34223
FBgn0039830	17836.7236098973	1.3427570285194	0.234531705013957	33.6621605954235	6.55637203897195e-09	1.39060032420931e-07	1630.08488584825	930.506644380134	FBgn0039830	ATP synthase, subunit C	protein_coding	43693
FBgn0050083	66.2197772944636	-7.53983378804916	1.5592067667764	33.6438630197257	6.61833534685339e-09	1.40043975939418e-07	0.0329683414103315	6.43830218561455	FBgn0050083		protein_coding	246444
FBgn0038730	211.217726895041	2.52543415999516	0.435778082011014	33.6321597257017	6.65827481917921e-09	1.40558369598307e-07	11.0001259317014	2.78925971522619	FBgn0038730	Acyl-CoA synthetase X1 L	protein_coding	42351
FBgn0038878	376.411782465074	1.54183698684888	0.269396084021308	33.5406792997823	6.97890047620075e-09	1.46638439211386e-07	42.1113928434761	19.0200795990682	FBgn0038878		protein_coding	42528
FBgn0043576	11499.8159359612	3.07383507308434	0.522085349726554	33.4785454381577	7.20544438644496e-09	1.51045597592773e-07	2789.7270133084	581.178012291129	FBgn0043576	Peptidoglycan recognition protein SC1a	protein_coding	35859
FBgn0038986	54.8276278803425	3.88693934402383	0.665279142742839	33.3366087714936	7.75097084372957e-09	1.62103443715488e-07	3.37719335380487	0.304043308566714	FBgn0038986	stuck in traffic	protein_coding	42658
FBgn0001258	7600.5888170325	1.95610215141704	0.341846013219304	33.2587477891721	8.06760163470622e-09	1.68333970999798e-07	462.16662506062	174.327623676178	FBgn0001258	Lactate dehydrogenase	protein_coding	45880
FBgn0260026	100.247079061005	2.53236343302435	0.441305714199952	33.2061379294402	8.28884798135995e-09	1.72550022908264e-07	9.8943626232286	2.53011626355354	FBgn0260026		protein_coding	8674087
FBgn0038405	220.254771418076	1.68998179732921	0.297343003940684	33.0249788834905	9.0982415298236e-09	1.88526465616829e-07	12.815381605178	5.29796890722095	FBgn0038405		protein_coding	41964
FBgn0025391	108.160088005881	2.02324089679083	0.35583144108658	33.0058871842231	9.18802320675483e-09	1.89949178616888e-07	3.77897264844074	1.20843334738457	FBgn0025391	Sarcoglycan delta	protein_coding	31129
FBgn0037873	1025.31992171372	1.223115123333	0.215969649037405	32.942312163853	9.49344131125061e-09	1.9536502908942e-07	150.413893338031	79.9155134263163	FBgn0037873	Succinate dehydrogenase, subunit C	protein_coding	41340
FBgn0032824	1213.45278813757	-1.5260047803749	0.254187122249794	32.6227671855597	1.11896294244384e-08	2.29221725316571e-07	53.5844004966735	212.331802206428	FBgn0032824		protein_coding	35270
FBgn0250838	2449.47894442278	1.3147459673536	0.233301045662941	32.6063232365391	1.12847015750958e-08	2.30643911965537e-07	407.91520878247	221.495285368874	FBgn0250838	reduction of Rh1	protein_coding	246602
FBgn0004117	18784.5104028221	1.41387107106876	0.250902159103899	32.5929779394138	1.13624530286747e-08	2.31706440106284e-07	1265.10271110656	666.036132625338	FBgn0004117	Tropomyosin 2	protein_coding	41853
FBgn0003886	974.062493373211	2.55506882895079	0.446568253012896	32.5426741705756	1.1660383426479e-08	2.37243955100284e-07	56.2807462416764	12.0319138610122	FBgn0003886	alpha-Tubulin at 85E	protein_coding	41183
FBgn0034318	1358.15463899092	1.20090168896276	0.213431821459735	32.5090550119989	1.18638467653754e-08	2.40838767406369e-07	187.495894785867	100.85183734033	FBgn0034318		protein_coding	37087
FBgn0031830	1458.88755352542	1.19212176605775	0.212077725120445	32.4528792503052	1.22117891690079e-08	2.4734373873173e-07	265.798255821003	163.563729853503	FBgn0031830	Cytochrome c oxidase subunit 5B	protein_coding	33918
FBgn0043841	3906.28427130114	-1.07854033611678	0.183280863330082	32.3856953034313	1.26413619938547e-08	2.55469142496035e-07	110.241714763445	313.910945739462	FBgn0043841	virus-induced RNA 1	protein_coding	34652
FBgn0038237	466.916783129773	2.32867472472575	0.410206230544841	32.3783922222312	1.26889604498176e-08	2.5585610162603e-07	6.12801948077099	1.81865981469254	FBgn0038237	Phosphodiesterase 6	protein_coding	41760
FBgn0038731	57.2310318162086	3.46070065148549	0.606099519521197	32.3280914633276	1.30217124584459e-08	2.6139343780983e-07	3.54174315478198	0.429883392110968	FBgn0038731	Acyl-CoA synthetase X1 R	protein_coding	42352
FBgn0032161	104.121510785625	-2.05041585227647	0.352137511313402	32.321911968776	1.30631896162241e-08	2.61642013850119e-07	1.67214058432433	8.80882430797579	FBgn0032161		protein_coding	34316
FBgn0030331	158.919514773165	2.38510370613302	0.421210524902549	32.3125461361918	1.31263060855177e-08	2.62321934726801e-07	5.41347803896582	1.26878339927007	FBgn0030331		protein_coding	32127
FBgn0036648	298.087149388342	-1.3574069242158	0.232455003340265	32.2775271727266	1.33650175424465e-08	2.66500227847497e-07	6.71391135587804	24.0518103014919	FBgn0036648		protein_coding	39854
FBgn0032282	3088.70477806624	2.46563801763835	0.433751740807022	32.2200180329765	1.37665071241303e-08	2.73294036572415e-07	583.765723488131	126.630052848919	FBgn0032282		protein_coding	34468
FBgn0264979	749.992095757978	-1.40098722076601	0.236887497685039	32.2075112996982	1.38554075514887e-08	2.74453039891052e-07	13.8362986610328	47.5325898084117	FBgn0264979		protein_coding	33405
FBgn0260767	133.607155658683	1.76427283324079	0.314958093415757	32.1031769141885	1.46198048494935e-08	2.88958032992297e-07	12.9783401416297	4.81065644881783	FBgn0260767		protein_coding	37598
FBgn0032889	3301.42368732332	1.24580904600772	0.223693380570655	31.855828871899	1.66050618115662e-08	3.27476580858366e-07	199.702810691991	113.080712834787	FBgn0032889		protein_coding	35347
FBgn0283437	8672.45504635408	1.87200026081699	0.335549888291171	31.6866930635571	1.81159234002194e-08	3.56022123960565e-07	283.287773810245	105.004229398975	FBgn0283437	Prophenoloxidase 1	protein_coding	37044
FBgn0025839	819.57569005509	1.28543938199315	0.231616402711274	31.6294259327576	1.86580851682013e-08	3.65560261258463e-07	182.559635022753	93.8357470309766	FBgn0025839	NADH dehydrogenase (ubiquinone) B14.5 A subunit	protein_coding	31190
FBgn0033294	619.742294112796	2.48011580096167	0.441012066712126	31.5648091438576	1.92893694130053e-08	3.77107172024254e-07	30.4353502938607	7.87618952174627	FBgn0033294	Maltase A4	protein_coding	35827
FBgn0034476	936.491304180535	-1.01744402876188	0.176532749037189	31.5572550531695	1.93645534939363e-08	3.7775581251837e-07	3.77443798352875	10.083131181871	FBgn0034476	Toll-7	protein_coding	37272
FBgn0043578	246.896866959353	-5.84427067893519	0.866042742439417	31.4637390688854	2.03199705339063e-08	3.94681414711489e-07	0.73590759463483	25.5358808265063	FBgn0043578	Peptidoglycan recognition protein SB1	protein_coding	39870
FBgn0040532	934.128823329063	-1.78446578708398	0.299634121258668	31.4527050488778	2.04357712401876e-08	3.96075195609929e-07	77.8231758154343	304.553583273415	FBgn0040532		protein_coding	50005
FBgn0053346	1102.52056973338	-2.68714165961617	0.432403385786109	31.2872454729603	2.22536856157694e-08	4.30381494070138e-07	12.4805708456479	104.598168370063	FBgn0053346		protein_coding	2768690
FBgn0038466	1147.02748653897	1.68349695972976	0.304969357841746	31.1532462426486	2.38440280271074e-08	4.60148806969478e-07	36.0602687337904	13.1146352744553	FBgn0038466		protein_coding	42050
FBgn0033760	1314.84197745541	1.86960479771709	0.338093615099832	31.1357492901968	2.40599225023708e-08	4.63320948744798e-07	56.3174946493737	22.6612153307322	FBgn0033760		protein_coding	36391
FBgn0040262	56.8069669169646	3.45219016664238	0.61490517101622	31.1029925855605	2.44693853549852e-08	4.70199107900388e-07	3.57845611157222	0.50923919801837	FBgn0040262	UDP-glycosyltransferase family 37 member C2	protein_coding	53513
FBgn0051269	247.02246999156	2.30674680603834	0.41651795182512	30.9256448553363	2.68105541829552e-08	5.1299428461131e-07	26.8185418195877	8.56018436148867	FBgn0051269		protein_coding	318653
FBgn0031148	955.360686238773	1.15046081148044	0.20966284947466	30.8992727923956	2.71773594887585e-08	5.18908691894704e-07	36.6904967492838	22.8281436443524	FBgn0031148	Cystathionine beta-synthase	protein_coding	33081
FBgn0037070	1259.91819641508	1.13763010692621	0.207554051424402	30.8341968264684	2.81041455686378e-08	5.35467332836355e-07	72.6208147376017	44.6060523444347	FBgn0037070		protein_coding	40356
FBgn0038511	308.1724928736	-1.62007252395299	0.280546970358627	30.7983252225716	2.8628483225061e-08	5.44304333283241e-07	1.94252304824243	8.11691560506515	FBgn0038511	Curly Su	protein_coding	42100
FBgn0002571	1766.22719532928	2.62352292513962	0.470701372683334	30.7599149167194	2.92007991867279e-08	5.5401431874735e-07	87.9935675682852	17.6042815565872	FBgn0002571	Maltase A3	protein_coding	35826
FBgn0039094	372.003850024495	1.96855303500418	0.358878996913317	30.5869991246182	3.19225684451337e-08	6.03108525266991e-07	24.103412258778	7.92338708292134	FBgn0039094		protein_coding	42783
FBgn0034010	534.539666236794	-1.54290294210243	0.266795806138189	30.5219097568018	3.30117188415698e-08	6.22378170948086e-07	52.488830742364	203.050824390611	FBgn0034010		protein_coding	36700
FBgn0032820	2272.57015440222	1.24344053049868	0.228357853683958	30.4451495843384	3.43440970130731e-08	6.46143231043026e-07	150.065808903505	87.5285804316854	FBgn0032820	fructose-1,6-bisphosphatase	protein_coding	35265
FBgn0003060	3625.96344521569	2.90743399686565	0.521260921433935	30.3438387871479	3.61854515811682e-08	6.79364856094877e-07	875.321830125247	139.752714716681	FBgn0003060		protein_coding	41662
FBgn0037646	114.504134501518	1.89172788885635	0.347184680686388	30.3182397300133	3.66661714465681e-08	6.86955999622889e-07	9.45987865000725	3.31440502297157	FBgn0037646	Carbonic anhydrase beta	protein_coding	41070
FBgn0036759	721.680552639864	-1.09555988985266	0.193759042290429	30.2462907139361	3.80518275039781e-08	7.11434687615957e-07	20.2306926813451	57.5340044149718	FBgn0036759		protein_coding	39985
FBgn0001941	1285.71405960011	1.18095209881711	0.218202831763691	30.0653540987626	4.17727935599706e-08	7.79383262416629e-07	49.3700843175359	28.5818250780764	FBgn0001941	infertile crescent	protein_coding	33836
FBgn0038959	49.6288097810688	-3.57757112037612	0.649871785835461	30.0086871238666	4.30115075960384e-08	8.00833308097667e-07	0.374547429005335	6.87980997796358	FBgn0038959		protein_coding	42628
FBgn0010213	1178.10285861138	1.01537328031631	0.187807869874358	29.9794858342196	4.36641349642109e-08	8.11304887878405e-07	104.166724377727	71.1109091582451	FBgn0010213	Superoxide dismutase 2 (Mn)	protein_coding	36878
FBgn0036367	586.375171369958	1.60419745082722	0.296492888963701	29.9682000536032	4.39190138010437e-08	8.14358126005745e-07	57.048193541983	26.0236757102417	FBgn0036367		protein_coding	39515
FBgn0038242	392.99319666683	3.51026273739837	0.62426921356503	29.9159753463136	4.5118006429105e-08	8.34868789746793e-07	100.898694586159	11.3172403820966	FBgn0038242		protein_coding	41765
FBgn0062412	3754.31588138841	1.07471824991191	0.199268379996805	29.8691075375643	4.62219097276636e-08	8.53539289899136e-07	303.082478237457	195.842642700175	FBgn0062412	Copper transporter 1B	protein_coding	40989
FBgn0283461	265.045970137129	-4.34895059685154	0.678155587427103	29.8637294454802	4.6350301293133e-08	8.54156269526937e-07	5.68349107720805	87.0281530693347	FBgn0283461	Drosomycin	protein_coding	38419
FBgn0030746	567.754912663705	1.85493813953192	0.342892253905271	29.8144460680699	4.75436131063178e-08	8.72570842173706e-07	11.8982696497534	3.91537404529367	FBgn0030746		protein_coding	32609
FBgn0028855	1000.0180923437	-1.94465573689874	0.332676508403581	29.7622782651018	4.88403200098398e-08	8.94543783805477e-07	99.1447251131045	482.967461045996	FBgn0028855		protein_coding	34853
FBgn0028325	3132.40416983441	1.3313724636643	0.247409928619949	29.7314720630136	4.96226325252013e-08	9.0702506971369e-07	131.219819376514	74.2281420236307	FBgn0028325	Pyruvate dehydrogenase E1 alpha subunit	protein_coding	31406
FBgn0002773	56871.8920459572	1.47705878199567	0.27456097011706	29.6862082904197	5.07949229375879e-08	9.26569456344276e-07	1771.2442490556	920.919100067578	FBgn0002773	Myosin light chain 2	protein_coding	43587
FBgn0019952	4187.26490018211	-1.539464614094	0.268132274864773	29.6323134505064	5.22269937543128e-08	9.50763876179221e-07	40.4130849575603	151.974207918999	FBgn0019952	Organic cation transporter	protein_coding	42891
FBgn0035265	295.70887150233	1.89379688343953	0.351567708118276	29.5598715738475	5.42158260526389e-08	9.84975603416932e-07	12.2107986664409	3.61454634604794	FBgn0035265	Phosphatidylinositol glycan anchor biosynthesis class W b	protein_coding	38220
FBgn0040309	3820.43935193794	1.65675282156106	0.308253967023958	29.5469885702346	5.45773842820302e-08	9.89545195258664e-07	327.017509606563	156.065777547828	FBgn0040309	thioredoxin peroxidase 1	protein_coding	53578
FBgn0028514	283.362949351231	-1.57737925580517	0.278917986900599	29.515716267363	5.54651151082599e-08	1.00361726392069e-06	1.96984595566094	8.26427680301625	FBgn0028514		protein_coding	34941
FBgn0002772	12770.0302512347	1.45281263820357	0.271010661248664	29.48390897076	5.63828752236499e-08	1.01580403298915e-06	1170.56080192698	645.449730089748	FBgn0002772	Myosin alkali light chain 1	protein_coding	43323
FBgn0023541	166.356810117729	1.52588267331196	0.284508092559754	29.480659594273	5.64774843205354e-08	1.01580403298915e-06	7.52822765940893	3.55303483803261	FBgn0023541	Cytochrome P450 4d14	protein_coding	45706
FBgn0037891	4394.17569984101	1.14772413876309	0.214300054158532	29.4634860097745	5.69801599283696e-08	1.02279955735694e-06	163.802685952942	106.794077776253	FBgn0037891		protein_coding	41360
FBgn0037410	41.7091325159458	3.00783353319639	0.559952618638516	29.4153119989723	5.84142795598524e-08	1.04437299419832e-06	2.9462881953577	0.566386996705505	FBgn0037410	Osiris 2	protein_coding	40756
FBgn0035670	31227.5879733695	1.76158857247536	0.328579889481141	29.340257338845	6.07210300839209e-08	1.08346076100139e-06	3064.51768509424	1309.66613758405	FBgn0035670		protein_coding	38688
FBgn0020235	6285.41033289865	1.20341049184592	0.22541424991617	29.28045822981	6.2624071467118e-08	1.11300054289287e-06	403.702532153306	252.748964033309	FBgn0020235	ATP synthase, gamma subunit	protein_coding	43507
FBgn0035282	47.5707761857138	3.27221586724607	0.604657690242878	29.1730550595427	6.6193372894523e-08	1.1695029517494e-06	3.53883732342853	0.589932954109363	FBgn0035282	CNMamide	protein_coding	38242
FBgn0261955	8851.60722142558	2.02022559247765	0.376600078929627	29.1739592632282	6.61624887601964e-08	1.1695029517494e-06	278.9435699749	100.211243767255	FBgn0261955	knockdown	protein_coding	31579
FBti0019113	999.472259912878	2.61287060530574	0.484419270374996	28.8466645503181	7.83406940225011e-08	1.3787042296367e-06	16.4145601494945	3.42713120985318	FBti0019113		transposable_element	NA
FBgn0003312	436.157795654005	-1.03851683100705	0.189888455483822	28.7139105901562	8.38989110492714e-08	1.47363849036347e-06	6.96245948293051	19.660071867192	FBgn0003312	shadow	protein_coding	44858
FBgn0037007	5517.01483096021	-1.20489520998816	0.216382978509874	28.6821054291817	8.52882027434074e-08	1.49512048201065e-06	85.4330554111159	263.552080449488	FBgn0037007		protein_coding	40278
FBgn0032136	3042.55055002449	1.93880619870136	0.365739413689843	28.5578842510778	9.09387818287086e-08	1.58798536890403e-06	16.1998028770887	6.55319925483177	FBgn0032136	Apolipoprotein lipid transfer particle	protein_coding	34283
FBgn0029092	4228.88378524984	-1.10968712649815	0.200627756769196	28.5385926170632	9.18493658396575e-08	1.60077780425589e-06	46.2956415464804	138.561439450978	FBgn0029092	ced-6	protein_coding	35971
FBgn0039156	1470.69740970249	1.50296359001425	0.285166598359496	28.4750700631124	9.49127634699255e-08	1.65096805006778e-06	53.3933405267147	25.0911346575603	FBgn0039156		protein_coding	42867
FBgn0051087	569.931372171841	1.44024778994532	0.27359390545495	28.4116920172316	9.80712287045312e-08	1.70261498019276e-06	30.0073394345072	14.7051686348076	FBgn0051087		protein_coding	43062
FBgn0031813	7117.51655495311	1.2571860884299	0.239281687186689	28.3578626328919	1.00836417142989e-07	1.74724836101522e-06	210.445283889154	109.275961894403	FBgn0031813	Acyl-CoA oxidase 3	protein_coding	33898
FBgn0025456	5256.07367269308	-1.62727191856719	0.288796891100686	28.2896480394158	1.04453090068608e-07	1.80643584420575e-06	137.741483437615	542.592595169109	FBgn0025456	Cellular Repressor of E1A-stimulated Genes	protein_coding	42092
FBgn0010415	4589.9794844225	-1.11063134331315	0.201853548093576	28.2274953707974	1.07861427951327e-07	1.86180004139401e-06	58.0119036845032	167.656850636321	FBgn0010415	Syndecan	protein_coding	37447
FBgn0034606	699.872302624618	-1.00142614686504	0.184066126866822	28.1989206467702	1.09465594911323e-07	1.88586991386499e-06	4.03539723462997	10.8600220171338	FBgn0034606	Ankyrin-repeat, SH3-domain, and Proline-rich-region containing Protein	protein_coding	37422
FBgn0040793	1393.77437191651	1.03440894162227	0.197348063508371	28.1876798355695	1.10103179799207e-07	1.89322733448234e-06	450.388498920924	308.492898749593	FBgn0040793		protein_coding	50266
FBgn0033926	33503.5383995886	1.37317288017625	0.262378846680012	28.1231851856594	1.13833949075279e-07	1.95364256495035e-06	974.323125017673	495.735128641414	FBgn0033926	Activity-regulated cytoskeleton associated protein 1	protein_coding	36595
FBgn0000639	655218.682756683	-3.32492306795632	0.541716422361372	28.1020530432422	1.15083711420463e-07	1.96721679243144e-06	1348.17373102228	14719.9423120383	FBgn0000639	Fat body protein 1	protein_coding	39566
FBgn0010019	2699.27646544493	1.30260142429024	0.249013260399644	28.0987358645932	1.15281135284262e-07	1.96721679243144e-06	80.9968988067636	40.7571359495896	FBgn0010019	Cytochrome P450 4g1	protein_coding	30986
FBti0019397	84.7051003197441	-2.58869813148827	0.469034631757306	28.1025040409408	1.15056896199768e-07	1.96721679243144e-06	0.679348949838378	5.57648396411113	FBti0019397		transposable_element	NA
FBgn0039207	1441.74775745492	-1.04237090677733	0.191170888715065	28.0050445803305	1.20999611512949e-07	2.05311227610556e-06	7.13553433214003	19.982624826687	FBgn0039207	CF transmembrane conductance regulator	protein_coding	42928
FBgn0038873	892.842486592158	3.16735692583419	0.587807279536027	27.9406268172428	1.25095456873669e-07	2.1146305332047e-06	35.7569484093144	4.01030947172278	FBgn0038873		protein_coding	42522
FBgn0031836	1212.31769407065	1.60958212655956	0.308405790179287	27.8761087173796	1.29336958212145e-07	2.18222751444994e-06	44.6776663262295	22.3833966207688	FBgn0031836		protein_coding	33924
FBgn0052603	3473.86943040121	2.69648451420123	0.507408627123287	27.8516313484772	1.30983582423239e-07	2.20587145455465e-06	299.458015204195	72.9245174194131	FBgn0052603		protein_coding	318109
FBgn0031907	2942.96591041469	-3.94409637183202	0.626275011641907	27.8435691245003	1.31530525078709e-07	2.21094207856603e-06	13.9182386278381	199.725402769526	FBgn0031907		protein_coding	34016
FBgn0034883	385.336140558927	1.2043430524306	0.231140282507841	27.8265829314939	1.32690373824833e-07	2.22348478378316e-06	28.3647775090477	15.5622167305586	FBgn0034883	Entomoglyceroporin 2	protein_coding	37737
FBgn0265185	3697.36819788625	1.3578946199162	0.260829097140572	27.8254048870977	1.32771191914996e-07	2.22348478378316e-06	273.706629689952	151.188421455714	FBgn0265185		protein_coding	19836034
FBgn0031857	223.928280736291	2.84332536974087	0.534587030851769	27.8124482901705	1.33663322630128e-07	2.2283220922097e-06	2.64325505427682	0.599214720570342	FBgn0031857	Linear Ubiquitin E3 ligase	protein_coding	33950
FBgn0036226	2967.7231711916	1.350682807069	0.259519976142439	27.8104218677238	1.33803394839679e-07	2.2283220922097e-06	144.374071164635	77.6391204151533	FBgn0036226		protein_coding	39353
FBgn0039779	55.6337475605458	3.2076684313153	0.607619844779821	27.8105568686985	1.33794058608031e-07	2.2283220922097e-06	3.41913135804892	0.555214653891221	FBgn0039779	prolyl-4-hydroxylase-alpha SG2	protein_coding	43623
FBgn0032144	36349.6974000087	2.05531670278439	0.392513237024995	27.7662139114412	1.36896055900079e-07	2.27141370979596e-06	2349.79694095758	746.64544300468	FBgn0032144		protein_coding	34297
FBgn0031069	3186.33030910058	1.04148080334142	0.200535421330583	27.6919432457348	1.42253943605314e-07	2.35596632567696e-06	67.9891928258941	43.8624640972164	FBgn0031069	ATP binding cassette subfamily D member 3	protein_coding	32992
FBgn0024293	1491.88051963666	1.40289972061203	0.270297539267553	27.6350968578579	1.46496404991345e-07	2.42176869501317e-06	85.3491151023705	44.3525579091554	FBgn0024293	Serpin 43Ab	protein_coding	45040
FBgn0033524	79.7176705338229	2.21400387924497	0.424955524641804	27.6261017608605	1.47179235241081e-07	2.42859240829915e-06	2.70851600309845	0.724464165566927	FBgn0033524	Cytochrome P450 49a1	protein_coding	36105
FBgn0265575	1373.43692573513	-1.90015709711285	0.338181228085542	27.5830492592569	1.5049183935447e-07	2.47870533207829e-06	8.62448235787629	40.8128818831414	FBgn0265575	yin	protein_coding	31340
FBgn0035495	642.264156531266	1.18977978438461	0.22956346667701	27.5469276099794	1.53328738515379e-07	2.5208141599064e-06	40.4508975983961	24.4865412320765	FBgn0035495		protein_coding	38485
FBgn0262559	9757.26652432716	1.23623049856862	0.238937978278477	27.501779124876	1.56950061168728e-07	2.57564215344957e-06	534.737073558918	330.360417616234	FBgn0262559	Malate dehydrogenase 2	protein_coding	42185
FBgn0259223	58.943860934669	4.49604976939217	0.830611747066523	27.4706694525798	1.5949510288256e-07	2.61264018255531e-06	6.28428404184455	0.341782685520161	FBgn0259223		protein_coding	32825
FBgn0034755	78.5722563878898	2.02001675679565	0.39053708613385	27.4362931677929	1.62355513148516e-07	2.65466023589928e-06	17.441123249093	6.51757817968625	FBgn0034755		protein_coding	37593
FBgn0033128	321.031015766574	1.62829518227253	0.314856148853322	27.3624822771122	1.68672139369542e-07	2.75293747613483e-06	22.3977330408461	9.53889787158464	FBgn0033128	Tetraspanin 42Eg	protein_coding	35616
FBgn0034288	6186.16835829361	1.04939247620357	0.203444461986829	27.325362835828	1.71941256362114e-07	2.80120963489944e-06	664.017894621902	407.550488673583	FBgn0034288		protein_coding	37051
FBgn0050187	189.058354365617	1.72546830416985	0.333937413266108	27.2685457506805	1.77068563584597e-07	2.87952548339292e-06	9.31933331125944	3.81807152967869	FBgn0050187		protein_coding	246509
FBgn0051373	282.963931657517	1.33649102611537	0.259088621573507	27.2566077218096	1.78165209979563e-07	2.88691843846164e-06	36.4064214401832	18.3739265063966	FBgn0051373		protein_coding	318700
FBgn0052483	649.550431070521	1.72009108701366	0.332999338002438	27.2573189108348	1.78099688756042e-07	2.88691843846164e-06	38.222498892565	13.7819804137381	FBgn0052483		protein_coding	318050
FBgn0031560	286.672347070646	2.11649876926206	0.408521777770539	27.1740299444673	1.85939636906864e-07	3.00207388636162e-06	232.760359560971	71.6043048628556	FBgn0031560		protein_coding	33591
FBgn0031741	968.537460876988	-2.46783123492213	0.430941445993749	27.1236080979576	1.90852951705502e-07	3.07587920194907e-06	4.77820278036928	30.3132050602595	FBgn0031741		protein_coding	33810
FBgn0034736	454.697919275054	1.01744665871584	0.197761981143183	27.0793708353825	1.95270665839879e-07	3.14144740232206e-06	15.0737833634693	10.1611097623855	FBgn0034736	gasoline	protein_coding	37572
FBgn0035781	23307.7912583828	1.44380109645032	0.281351377764353	27.0215655937661	2.0119816703085e-07	3.22526758664605e-06	1350.68126651685	707.002382427304	FBgn0035781		protein_coding	38830
FBgn0003076	5597.89453532891	1.36749625698193	0.266952259460295	26.9405655722508	2.09808772790477e-07	3.34648701410319e-06	215.539798093859	107.945977238878	FBgn0003076	Phosphoglucose mutase 1	protein_coding	44010
FBgn0039719	195.287885445504	3.84012314497266	0.71377358935686	26.9421362181044	2.09638345691518e-07	3.34648701410319e-06	75.729860279347	4.45051449680006	FBgn0039719		protein_coding	43538
FBgn0052241	8062.40153702538	2.730945009289	0.522016854209141	26.9399424625009	2.09876423435361e-07	3.34648701410319e-06	551.915879145937	110.21260837117	FBgn0052241		protein_coding	317934
FBgn0000594	525.526868640637	-1.31377789795471	0.244350364942372	26.9212939652714	2.11911229385785e-07	3.37295165640064e-06	7.3850238528349	22.7189122357653	FBgn0000594	Esterase P	protein_coding	39393
FBgn0029762	758.042245544319	1.25143823207342	0.244386244856999	26.9026949853025	2.13960326722787e-07	3.39954985550887e-06	20.395807246525	10.9202184316399	FBgn0029762	Nutrient Amino Acid Transporter 1	protein_coding	31457
FBgn0032162	327.575590147432	1.16417037567004	0.227263254772094	26.8605076796793	2.18682124780688e-07	3.46233864111395e-06	24.625053085023	14.9347196125619	FBgn0032162		protein_coding	34317
FBgn0038509	1376.38720455793	-1.78846775306951	0.324178031780047	26.8523104484546	2.19611644221935e-07	3.47094466869571e-06	82.3609267737748	350.54740224898	FBgn0038509		protein_coding	42098
FBgn0029990	19331.2540033687	-1.08581227184019	0.202669941916594	26.7687997265905	2.29309938761429e-07	3.6115311370955e-06	367.221538277841	1067.21136910951	FBgn0029990		protein_coding	31721
FBgn0016120	3197.1241169739	1.11864487643052	0.219225369692015	26.7404581547426	2.3269794808016e-07	3.65848364874979e-06	397.404307403613	262.555893788244	FBgn0016120	ATP synthase, subunit D	protein_coding	42291
FBgn0032024	254.691585012381	2.68313740755475	0.516586365183621	26.7296419613144	2.3400412565873e-07	3.67259878193535e-06	24.1328673829556	6.03133939608973	FBgn0032024		protein_coding	34146
FBgn0010217	19862.9471965057	1.09964621936696	0.21604886600526	26.6166040289457	2.4810235762039e-07	3.8803208731829e-06	792.66083696664	484.041210024092	FBgn0010217	ATP synthase, beta subunit	protein_coding	43829
FBgn0038925	799.93869077277	1.08353057429087	0.212797094504233	26.6122924631909	2.48656641733201e-07	3.88223815817131e-06	49.1662450646024	28.9714516311469	FBgn0038925	Cytochrome c heme lyase	protein_coding	42590
FBgn0039993	827.313925067139	1.14153125813234	0.224180121569067	26.5921832510859	2.51258271275323e-07	3.91605829043151e-06	57.1224002547764	32.9066421544517	FBgn0039993		protein_coding	3355069
FBgn0000108	996.042435350879	-1.1233430981221	0.211127253558272	26.5490393341715	2.56932450136601e-07	3.99066239046366e-06	4.35495067880375	13.5011561368151	FBgn0000108	beta amyloid protein precursor-like	protein_coding	31002
FBgn0030362	31238.1032556221	1.31540711236781	0.258726435734661	26.5507587732365	2.56703875464399e-07	3.99066239046366e-06	2217.91961296405	1240.09357727863	FBgn0030362	regucalcin	protein_coding	32165
FBgn0037709	399.448639987427	1.30668961994253	0.256777064690825	26.535886938407	2.58687633645488e-07	4.01099636098944e-06	16.1899945979562	8.76976257368319	FBgn0037709		protein_coding	41149
FBgn0014869	5402.95006427982	1.24333059941741	0.245491872575046	26.3501801989574	2.84792338249049e-07	4.40815404109071e-06	411.84196009887	248.637675026026	FBgn0014869	Phosphoglyceromutase 78	protein_coding	43447
FBgn0037817	290.279911978654	1.60592753381019	0.31677451564203	26.3145939254982	2.90088344061749e-07	4.48241319269297e-06	13.9047304288974	6.71314023679337	FBgn0037817	Cytochrome P450 12e1	protein_coding	41272
FBgn0034025	1829.96292788982	1.01131639903289	0.200346679554476	26.1459938110435	3.16553189599007e-07	4.88295511846289e-06	42.9346496031311	26.7863464682648	FBgn0034025	Polypeptide N-Acetylgalactosaminyltransferase 1	protein_coding	36717
FBgn0051233	7222.61368155891	2.14004812208427	0.420796944119237	26.1190963262233	3.20993612767428e-07	4.94297184866006e-06	192.512977221175	47.2188732302074	FBgn0051233		protein_coding	42557
FBgn0020513	9144.46249947875	-1.37133081431119	0.257268513831586	25.8824368431794	3.62855627677836e-07	5.56853354898768e-06	118.569143711255	377.42655436846	FBgn0020513	PAICS bifunctional enzyme	protein_coding	32228
FBgn0035041	165.15725488453	-1.76694204710035	0.335294466615198	25.8037141365356	3.77960455390027e-07	5.79045719816441e-06	1.02891508242427	4.74812295472539	FBgn0035041		protein_coding	37940
FBgn0037955	1296.09165632676	1.22464194734579	0.244583550539548	25.7349226419256	3.91674959922256e-07	5.9903620996273e-06	62.536416551593	38.917840457517	FBgn0037955	Kynurenine aminotransferase	protein_coding	41433
FBgn0010246	6162.23748939286	1.49048498353142	0.297617994404441	25.7192773058716	3.94863060148957e-07	6.02886842091607e-06	121.463746857254	55.7786331870387	FBgn0010246	Myosin 61F	protein_coding	38153
FBgn0052485	356.331986863676	1.04249540502234	0.208033600564899	25.6911350774793	4.00663317704327e-07	6.10705968833053e-06	22.8389736095899	14.9783057224058	FBgn0052485		protein_coding	38363
FBgn0034712	1160.37437522836	1.50221276156455	0.300147570238055	25.6735981306811	4.04320890567592e-07	6.15238201163174e-06	48.6129930429949	21.8797684476765	FBgn0034712	Alkaline phosphatase 8	protein_coding	37540
FBgn0036138	32.1518526254076	6.46956678730951	1.30164968360806	25.6566038278347	4.07897219683095e-07	6.19631705508459e-06	11.725899171512	0.177664432426002	FBgn0036138		protein_coding	39256
FBgn0039298	34.6962770643054	3.11219672213969	0.619479524381114	25.6475463739104	4.09816233125064e-07	6.21497029425582e-06	3.64227341151	0.438917763982252	FBgn0039298	takeout	protein_coding	43036
FBgn0026084	6080.8333251808	-1.31019033683138	0.24828550681159	25.5127409646209	4.39471189273176e-07	6.65347542951797e-06	190.888901113993	635.526345846421	FBgn0026084	ciboulot	protein_coding	31359
FBgn0031580	1506.91201999001	1.09214127536593	0.21915170257235	25.5065188208878	4.40890745068199e-07	6.66374868974507e-06	272.129020898703	169.739379235788	FBgn0031580		protein_coding	33616
FBgn0039241	16820.7534609539	-2.29836940529055	0.415845212080339	25.4444142260332	4.55314035785063e-07	6.83579152556773e-06	105.111348814792	562.37795589372	FBgn0039241		protein_coding	42973
FBgn0266521	902.441102375436	-1.01410220183637	0.195749541533577	25.4471533215886	4.54668043056892e-07	6.83579152556773e-06	12.7358973342384	35.8012433807664	FBgn0266521	stathmin	protein_coding	33863
FBgn0003089	190.039460287957	1.46818013240209	0.29449440338917	25.4351698615438	4.5750104248803e-07	6.8571781251581e-06	9.10847311812822	4.74229113153595	FBgn0003089	pipe	protein_coding	40104
FBgn0037222	318.750660193021	-1.96176239749357	0.367182160162383	25.3743420365592	4.721565314426e-07	7.06506437148635e-06	4.4340536054397	22.897742300724	FBgn0037222		protein_coding	40532
FBgn0015569	267.781100642721	1.52353087991792	0.306167566700661	25.3613359730598	4.75350706983565e-07	7.10104469751362e-06	9.21094134290879	4.85186893109685	FBgn0015569	alpha-Esterase-10	protein_coding	40896
FBgn0052564	1049.32118482813	3.60653376873654	0.692589412321598	25.3512461967694	4.77843582474708e-07	7.12644666201501e-06	74.6225077652236	6.88870444228118	FBgn0052564		protein_coding	326222
FBti0019151	5180.5105459362	1.34329528512647	0.270911869646944	25.2490031431068	5.03856048708202e-07	7.5019494139617e-06	66.1261390833478	39.3897531492019	FBti0019151		transposable_element	NA
FBgn0016119	2735.35745009072	1.05845871273181	0.213488288041428	25.2357161046672	5.07339144356363e-07	7.54132384330045e-06	524.382799459681	351.819985162862	FBgn0016119	ATP synthase, coupling factor 6	protein_coding	42759
FBgn0261393	700.892964631143	1.33942442716091	0.270224551384341	25.2109580065044	5.13893817370677e-07	7.62615032939687e-06	27.9038963388905	14.5005373886491	FBgn0261393	alpha-Esterase-5	protein_coding	40905
FBgn0000078	4126.14592023545	2.27779667029345	0.454869206291432	25.2007054600452	5.16632962190198e-07	7.65416841676515e-06	239.616379143717	57.3910380848982	FBgn0000078	Amylase distal	protein_coding	36932
FBgn0010053	928.37711916356	1.23784491566513	0.24991579682359	25.178861003694	5.22518003325531e-07	7.71593498178408e-06	44.8658677222158	24.3687180935029	FBgn0010053	Juvenile hormone epoxide hydrolase 1	protein_coding	251984
FBgn0051414	243.38332816662	-1.21717469704403	0.23795988280756	25.0704054269892	5.52747088634592e-07	8.13560485775922e-06	2.98914184494501	9.36078296899192	FBgn0051414	Glucocerebrosidase 1b	protein_coding	318721
FBgn0036410	1205.5784840616	-1.56579082099408	0.297264703306854	25.019045763594	5.6766795275835e-07	8.32795742113514e-06	11.7615607886727	47.7709508768891	FBgn0036410		protein_coding	39565
FBgn0036887	274.426539769535	1.15099145848256	0.233231689153355	24.9642463471654	5.84033718046529e-07	8.5401873599877e-06	27.6076240404056	16.2512913277565	FBgn0036887		protein_coding	40130
FBgn0263864	803.184552052118	-1.23913199618883	0.239587198992202	24.9277350941702	5.95199519738381e-07	8.67525005025488e-06	3.89245297681908	12.4552048950327	FBgn0263864	Death-associated APAF1-related killer	protein_coding	36914
FBgn0039130	1588.35976937967	-1.16432077169387	0.225338776870664	24.8736135007811	6.12145892067883e-07	8.90781230965449e-06	27.592685885898	79.4733257906409	FBgn0039130		protein_coding	42831
FBgn0086758	1344.62064848533	1.04467955978757	0.212302911431524	24.8476959205401	6.20431587323768e-07	8.9992601045204e-06	16.8696173090749	11.9136231567367	FBgn0086758	Chronologically inappropriate morphogenesis	protein_coding	33343
FBgn0028543	4082.5471568868	1.07954542552525	0.219660184398856	24.8054964883357	6.34163782243259e-07	9.16886638860712e-06	196.829789478346	130.515231266171	FBgn0028543	Nimrod B2	protein_coding	260645
FBgn0020506	259.028830393592	-2.05126160570737	0.388007306650625	24.7764403743378	6.43795740707473e-07	9.29318635021237e-06	2.77382419137945	16.5661437293534	FBgn0020506	Amylase related	protein_coding	36863
FBgn0286723	2020.89949496502	-1.77935552853206	0.335694455959909	24.7483352449165	6.53251993686073e-07	9.41457560772253e-06	17.0605400427561	81.2457062264095	FBgn0286723	heimdall	protein_coding	34822
FBgn0264489	6453.77919530784	1.2569092879193	0.256171712197131	24.7311519440042	6.59101961155822e-07	9.4836862986789e-06	137.247609900064	84.0219391945724	FBgn0264489		protein_coding	39153
FBgn0033905	210.634501132897	1.15724359469637	0.235377444423628	24.7214881475202	6.62414998871265e-07	9.51613112595733e-06	13.6840964266952	8.5735661830158	FBgn0033905		protein_coding	36568
FBgn0030234	524.337752372421	1.18058657142589	0.240676715514126	24.6743922885889	6.78801405988763e-07	9.73598252640661e-06	34.6620421273408	21.9598913172632	FBgn0030234		protein_coding	32006
FBgn0033989	319.893822770589	1.16436316534192	0.237628097979935	24.6311031540942	6.94221583047728e-07	9.94129728717869e-06	12.0356387284016	7.3781729200835	FBgn0033989		protein_coding	36675
FBgn0033903	192.701376608407	1.43086702025199	0.291748634761604	24.6237946650825	6.96859405927138e-07	9.96320610095827e-06	10.0003937591955	5.03569843713924	FBgn0033903		protein_coding	36566
FBgn0283451	13058.7775201425	-1.49086553029182	0.285311251351957	24.602743722832	7.04513532437948e-07	1.00566511066896e-05	49.2545627625523	181.81234066371	FBgn0283451	broad	protein_coding	44505
FBgn0034697	855.148650182844	1.06015680867148	0.216518456025344	24.5810860402295	7.12476257413784e-07	1.0154198071192e-05	19.7959699152603	13.4587767707347	FBgn0034697	Golgi matrix protein 130 kD	protein_coding	37524
FBgn0039152	2811.88614386147	1.27802936263028	0.261928716322145	24.4503101207047	7.62512372415082e-07	1.07818769891963e-05	26.2384761985945	13.596075071502	FBgn0039152	Rootletin	protein_coding	42860
FBgn0035343	635.097226442626	-1.02035503740696	0.201340222564622	24.4422276519792	7.65717964724107e-07	1.08102066825179e-05	24.4045318317262	65.3617882259074	FBgn0035343		protein_coding	38310
FBgn0038034	125.285596507531	-1.70715544005737	0.335292302297775	24.4202249608103	7.74513094062546e-07	1.09172355092547e-05	1.17837682524735	5.56798882866148	FBgn0038034	Cytochrome P450 9f3	protein_coding	3772405
FBgn0033769	83.006593849419	1.80893711918273	0.370919803872005	24.3695558998281	7.95154199897407e-07	1.11906443187439e-05	5.93618413055849	2.17426226463393	FBgn0033769		protein_coding	36400
FBgn0002868	2317.10575608241	1.41055108421281	0.289826121200381	24.3107790201866	8.19790279297954e-07	1.14834485696675e-05	1528.57163190798	767.678948219332	FBgn0002868	Metallothionein A	protein_coding	41202
FBgn0036728	2178.19007102301	1.24566148609271	0.256026958516057	24.3122997284388	8.19143336247307e-07	1.14834485696675e-05	670.57627224163	387.556556423733	FBgn0036728	Ubiquinol-cytochrome c reductase ubiquinone-binding protein	protein_coding	39950
FBgn0034294	10607.0921262772	1.92332694617629	0.393717237001993	24.2616093485637	8.40986550874941e-07	1.17620405163582e-05	543.664465365894	202.757057106954	FBgn0034294	Mucin 55B	protein_coding	37057
FBgn0002939	1939.89664920983	2.43239821093029	0.493855692014837	24.2279003561067	8.5583465163952e-07	1.1932590732084e-05	108.450039307232	20.1446690216978	FBgn0002939	neither inactivation nor afterpotential D	protein_coding	326160
FBgn0034267	384.635002186987	1.23995061106315	0.255602116224008	24.171026318967	8.81484835168457e-07	1.22522304832611e-05	13.6895214435478	8.21072522922647	FBgn0034267		protein_coding	37017
FBgn0000052	3384.79620736162	-1.07217610978808	0.211098335509436	24.1338444239955	8.98669189633333e-07	1.2456101183747e-05	20.0104961222619	55.7756071327094	FBgn0000052	Phosphoribosylformylglycinamidine synthase	protein_coding	33847
FBgn0035193	140.520367870175	-1.60149994411993	0.317001017071621	24.1333017722962	8.98922458384502e-07	1.2456101183747e-05	2.66173174752366	10.9330150088445	FBgn0035193		protein_coding	38134
FBgn0030347	426.04059339736	1.53397066496601	0.316040035061738	24.1179234077907	9.06129748356484e-07	1.25366535799536e-05	22.5222367038967	10.0102275116208	FBgn0030347		protein_coding	32146
FBgn0004430	9017.51550826776	2.10150873282365	0.430838159243182	24.0591910847589	9.34192812359923e-07	1.28852698796822e-05	2661.9605548505	705.124835173548	FBgn0004430	Lysozyme S	protein_coding	38130
FBgn0036362	4366.00976240887	1.33415251593156	0.275678072126745	24.0499495698276	9.38687207736724e-07	1.29274334750021e-05	422.926948142335	251.980940764258	FBgn0036362		protein_coding	39510
FBgn0032373	3475.1252607212	1.00806342628672	0.208671542004332	23.960391152359	9.83380985393563e-07	1.35222403694867e-05	80.9891835617802	51.2820391729852	FBgn0032373	Vacuolar H[+] ATPase 100kD subunit 5	protein_coding	34587
FBgn0030984	132.632117572827	1.50885328733515	0.311920525602722	23.9544992201305	9.86395064215886e-07	1.35429783396847e-05	7.86535696014915	3.43648792394759	FBgn0030984	twiggy	protein_coding	32896
FBgn0031515	1110.12518579985	-1.50739006121689	0.293486225820784	23.9250066987029	1.00162209119619e-06	1.37310784544624e-05	9.40215502373826	36.9331925489457	FBgn0031515		protein_coding	33540
FBgn0286783	2012.67310095574	1.06337243464285	0.221171570364636	23.7280500106587	1.10953580859968e-06	1.51872991274535e-05	57.2540490818783	35.9602929483477	FBgn0286783	Electron transfer flavoprotein-ubiquinone oxidoreductase	protein_coding	36031
FBgn0037174	107.76105682992	2.0316280921546	0.420707780954329	23.7191278712546	1.11469138685885e-06	1.52346803070237e-05	6.08165491929629	2.07677169306365	FBgn0037174		protein_coding	40479
FBgn0035189	1488.96603837496	1.38256331441832	0.287875972025974	23.6673651062654	1.14507961311315e-06	1.56262533546685e-05	94.9919576735654	47.4284625619973	FBgn0035189		protein_coding	38124
FBgn0031684	572.011455607849	1.10630409518504	0.230759675083232	23.5884617963987	1.19300736803282e-06	1.62556291829078e-05	109.426365830142	63.0656477731355	FBgn0031684	NADH dehydrogenase (ubiquinone) 13 kDa A subunit	protein_coding	33744
FBgn0032782	174.500183948999	1.41780634749883	0.295691776912923	23.5591413207283	1.21132564152259e-06	1.64553647948832e-05	8.16287894918337	4.1843603311139	FBgn0032782	Rab9	protein_coding	35221
FBgn0033397	103.031262094657	2.54977060305583	0.526940066704064	23.4930034526761	1.25368851506617e-06	1.7005159601795e-05	5.60065899476081	1.40268840880414	FBgn0033397	Cytochrome P450 4p3	protein_coding	35948
FBgn0036997	68.1550113225971	2.11700218840489	0.441118610055921	23.4883229466913	1.25674218883005e-06	1.70209073857661e-05	4.60863852932826	1.40148507921237	FBgn0036997		protein_coding	40268
FBgn0033836	402.87674115068	-1.3114149255562	0.261374509291321	23.4774484209135	1.26386581972181e-06	1.70916470928695e-05	5.88756072717489	18.3374117547892	FBgn0033836		protein_coding	36487
FBgn0034582	9041.37429303889	2.49040850311788	0.513510207941806	23.4210872424191	1.30144067792046e-06	1.75733573821902e-05	737.63072881757	173.662963957094	FBgn0034582	Chitinase 9	protein_coding	37392
FBgn0031732	363.115637434459	1.40178986784698	0.293366566979345	23.4042621539149	1.31287329324069e-06	1.77011537123141e-05	13.2284805507994	6.82785051857745	FBgn0031732		protein_coding	33800
FBgn0032222	531.468901207782	1.13631988781108	0.238295590127733	23.3455678320498	1.35355037990037e-06	1.82222733030599e-05	25.7202735640544	17.20777180397	FBgn0032222	Cytochrome c oxidase assembly factor 10	protein_coding	34394
FBgn0034428	266.893809599363	1.36504010267245	0.286253220136131	23.3280987455974	1.36589938139824e-06	1.83610360790948e-05	21.7356744412698	12.3529168972039	FBgn0034428	Arylalkylamine N-acetyltransferase-like 6	protein_coding	37212
FBgn0051973	861.195104262141	2.1105566561089	0.440193849173797	23.247952993202	1.42401935232945e-06	1.91137403514907e-05	12.2915708590914	4.11665049241566	FBgn0051973	Chitin deacetylase-like 5	protein_coding	33158
FBgn0000079	1656.07350516699	2.10334365012658	0.439163999419703	23.2073749005079	1.45438509592519e-06	1.94446364397835e-05	93.7437514240035	28.1287921140398	FBgn0000079	Amylase proximal	protein_coding	47764
FBgn0028988	278.355025658014	-2.03399684036633	0.396884769041112	23.2063525333637	1.4551584926025e-06	1.94446364397835e-05	4.12851252336436	20.8574050387377	FBgn0028988	Serpin 42Dd	protein_coding	49808
FBgn0030148	2814.96704736541	2.83810303446656	0.583297627521506	23.1776494670733	1.47704085918446e-06	1.96494503648607e-05	106.147780191189	19.032186246796	FBgn0030148		protein_coding	31909
FBgn0032131	210.60813928505	1.64355943792105	0.345269546232676	23.1796990834005	1.47546740828678e-06	1.96494503648607e-05	7.87827418684522	3.34657612752713	FBgn0032131		protein_coding	34278
FBgn0261574	1464.72968126351	-1.02821682399993	0.207237607438977	23.1784986201861	1.47638877664234e-06	1.96494503648607e-05	2.5480431154092	7.09261681391383	FBgn0261574	kugelei	protein_coding	40191
FBgn0036181	6902.09897582847	2.21804870400051	0.46246102116267	23.1651551150924	1.48666899788949e-06	1.97191951298232e-05	54.5736621420444	12.1577131318116	FBgn0036181	Mucin 68Ca	protein_coding	2768980
FBgn0050345	1139.86196636739	-1.04938008018151	0.21156664950241	23.1491302295721	1.49910996507922e-06	1.98549277112775e-05	13.8666844252045	38.3015014508535	FBgn0050345		protein_coding	246553
FBgn0035281	604.917422165894	1.45757856300192	0.306885297369182	23.1175952800127	1.52389798515862e-06	2.01239567996056e-05	49.0049316780083	23.8440256188643	FBgn0035281	Cuticular protein 62Bc	protein_coding	38241
FBgn0031500	299.396250928075	1.47255742754834	0.310396468859425	23.0891312583496	1.54662493409729e-06	2.03941320122242e-05	17.3476563785563	8.92761827924832	FBgn0031500		protein_coding	33521
FBgn0259716	2180.52171447715	-1.48745979884943	0.294384295667253	23.0830254622692	1.55154418804422e-06	2.04290437526817e-05	22.8926610841761	78.7717728254824	FBgn0259716	Neprilysin-like 6	protein_coding	33893
FBgn0037420	1030.4836545681	2.55284559950988	0.530137147810747	23.0396149906276	1.58697407279636e-06	2.08649968372188e-05	180.788141563892	54.0781942692531	FBgn0037420		protein_coding	40767
FBgn0030853	1085.16306799545	1.07587161327192	0.227309929732459	22.9934851054785	1.6255132558033e-06	2.13404973860424e-05	94.2734075652207	64.1416343209577	FBgn0030853	NADH dehydrogenase (ubiquinone) 24 kDa subunit	protein_coding	32740
FBgn0003256	532.746793026453	-1.35597001850621	0.272163434102297	22.9875881149535	1.63050709462005e-06	2.13437413419478e-05	7.34281218210717	28.2735021142691	FBgn0003256	rolled	protein_coding	3354888
FBgn0000667	12540.8489645745	1.15869885952162	0.245040227676951	22.9744806782555	1.64166225154937e-06	2.14585299828248e-05	234.272874263757	136.537769875211	FBgn0000667	alpha actinin	protein_coding	31166
FBgn0034999	5858.2805127601	-2.09658525597802	0.404113762737038	22.9086668090132	1.69884142327517e-06	2.21737023505277e-05	39.3022653558831	221.420336973966	FBgn0034999	Fatty acid transport protein 3	protein_coding	37887
FBgn0038845	3840.74096896613	1.29127187892557	0.273694095447097	22.8655690583181	1.73736297643006e-06	2.26108614284161e-05	165.769538874555	104.380690267033	FBgn0038845	Alkaline phosphatase 5	protein_coding	42482
FBgn0039852	238.734665670618	-1.87067506387799	0.371093448798958	22.8681066696709	1.73507072950623e-06	2.26108614284161e-05	1.04872395184403	4.42728367953761	FBgn0039852	nyobe	protein_coding	43716
FBgn0085468	355.72457676265	1.04807219211143	0.22194347561647	22.829843855101	1.76995815478421e-06	2.30017827832e-05	129.640790209677	82.9302893826171	FBgn0085468	NADH dehydrogenase (ubiquinone) MWFE subunit	protein_coding	5740593
FBgn0034553	660.583047508078	2.06330101254245	0.43464817641923	22.8244816946001	1.77490318140717e-06	2.30327623526618e-05	30.3804762107169	9.7085155205064	FBgn0034553		protein_coding	37358
FBgn0032934	228.026712103243	-1.56442617851929	0.314762475093027	22.7860372359874	1.81076517638618e-06	2.34642813130273e-05	1.79705587983355	7.62914494518727	FBgn0032934		protein_coding	35395
FBgn0033448	2283.88731730834	1.22922795277415	0.261051897768125	22.7719584605719	1.82407928471949e-06	2.36027985719171e-05	85.7151015270466	47.2900206229349	FBgn0033448	hebe	protein_coding	36011
FBgn0031869	329.387398947229	1.47535419371219	0.31299340016175	22.7596835845329	1.83576757650061e-06	2.37199106544109e-05	3.47643333148718	1.56906281709598	FBgn0031869		protein_coding	33969
FBgn0033133	1838.43312556236	-1.34010614277277	0.269404038293487	22.6916675658205	1.90190815867447e-06	2.44340858156565e-05	54.7647802879488	190.591946153109	FBgn0033133	Tetraspanin 42Ek	protein_coding	35621
FBgn0038301	434.887666926062	-1.33296393193336	0.270095812865168	22.6849605510456	1.90855834233107e-06	2.44845437554683e-05	4.52589927275759	15.8229374710604	FBgn0038301		protein_coding	41831
FBgn0031055	546.387431728817	1.211119736	0.257677910064342	22.6555516964694	1.93799446973729e-06	2.48267582141702e-05	15.2063932474841	8.56918013524102	FBgn0031055	eye transformer	protein_coding	32975
FBgn0039326	56.41302026825	2.4496652618885	0.518832351659005	22.6294826095739	1.96446829931465e-06	2.51301044320578e-05	3.41101163807286	0.64293894205107	FBgn0039326		protein_coding	43066
FBgn0036589	688.970391831589	1.2765758979092	0.271926220273442	22.6115799076813	1.98285877152164e-06	2.53293308697359e-05	129.080245697982	72.1441649376747	FBgn0036589		protein_coding	39785
FBgn0038294	16193.8675853655	1.24450768203646	0.265632342681689	22.5524325169609	2.04485444354844e-06	2.60842212919591e-05	958.460173286105	570.954502781997	FBgn0038294	Myofilin	protein_coding	41824
FBgn0034624	44.0127714382482	3.06789478352195	0.646565548581825	22.5427138174527	2.05522555931587e-06	2.61793816642035e-05	4.65290222355515	0.607370723014834	FBgn0034624		protein_coding	37441
FBgn0034248	313.42692506939	1.1982790220244	0.255721074754819	22.5323195162109	2.06637603275276e-06	2.62470616702622e-05	73.6247405599847	45.105684753357	FBgn0034248		protein_coding	36995
FBgn0038129	1714.0736959315	-1.24489355146093	0.252269090426567	22.507975070377	2.09272960120045e-06	2.65443121348316e-05	18.0708900565076	56.0240370993903	FBgn0038129	TBC1 domain family member 5	protein_coding	41628
FBgn0031918	47.2756283284561	2.15647760234148	0.460252892359909	22.493768422968	2.10826422628916e-06	2.67036904042513e-05	4.12706404245265	1.3428725794626	FBgn0031918		protein_coding	34027
FBgn0031307	2862.51047951632	1.1648282290155	0.250505281644192	22.2073492491329	2.44735210207854e-06	3.0789277653273e-05	93.9206545295481	58.9589641521019	FBgn0031307	Major Facilitator Superfamily Transporter 3	protein_coding	33292
FBgn0038716	1178.81255899554	-2.10126372899345	0.412602960015235	22.2042038753757	2.45136470585382e-06	3.0789277653273e-05	8.54225103813072	46.1789384561222	FBgn0038716		protein_coding	42335
FBgn0003071	5034.16529872561	1.04327538449363	0.22452769785638	22.1712792782344	2.49376535403027e-06	3.12781475994341e-05	95.6949246784716	62.5388489013142	FBgn0003071	Phosphofructokinase	protein_coding	36060
FBgn0032167	2713.2211521569	1.12583813133553	0.242431905319745	22.1503943365506	2.52104180413795e-06	3.1576224156842e-05	74.1570533449727	50.6070492172973	FBgn0032167		protein_coding	34322
FBgn0038492	617.614652447152	-2.87404136352984	0.546554848484572	22.0655665090501	2.63494151456109e-06	3.29569249519442e-05	0.755497030193891	7.61915861753123	FBgn0038492	Mucin related 89F	protein_coding	42080
FBgn0038467	1402.21574193876	-1.24047784833737	0.254162321098782	22.0468202545267	2.66080097741996e-06	3.32341433193579e-05	14.6783624463471	44.2970289212148	FBgn0038467	Adenylosuccinate Lyase	protein_coding	42051
FBgn0010043	75.2535616262296	2.83595506616692	0.602796375892435	21.9995301681987	2.72717216214192e-06	3.40158935563693e-05	11.6662045475858	1.96655438971775	FBgn0010043	Glutathione S transferase D7	protein_coding	48340
FBgn0030607	235.595237838361	1.709185152686	0.369178380925885	21.8876917874833	2.89082155573466e-06	3.60071443915815e-05	9.7127432073255	3.99437871378869	FBgn0030607	doppelganger von brummer	protein_coding	32436
FBgn0038680	421.240629625996	1.49425810769116	0.323417097894015	21.8732451794532	2.91266722335337e-06	3.62290682429002e-05	17.1151809385728	7.32023743000497	FBgn0038680	Cytochrome P450 12a5	protein_coding	42293
FBgn0264272	1097.03721529875	1.97788873552208	0.426773226663887	21.8061413345044	3.01633109721536e-06	3.73634511807957e-05	23.3379838982446	8.04285560559948	FBgn0264272	multiple wing hairs	protein_coding	38131
FBgn0033638	3597.10217344811	-1.29109086073364	0.265294617578126	21.7537632772574	3.09981217887619e-06	3.83447192911054e-05	14.994413964112	46.2876515292427	FBgn0033638		protein_coding	36243
FBgn0028948	28.9552250409716	3.66763927268752	0.786140117604587	21.745976551641	3.11241920531998e-06	3.84063239476954e-05	3.6225803559896	0.41839972108182	FBgn0028948		protein_coding	34916
FBgn0041789	8587.16678712596	1.1187563438195	0.243173206712198	21.7454129326633	3.11333372154675e-06	3.84063239476954e-05	374.76151183375	234.364974267766	FBgn0041789	Paxillin	protein_coding	35215
FBgn0039239	1221.32144203702	-1.23796058486732	0.255851877176262	21.6715765917889	3.23550038867329e-06	3.9858705473067e-05	87.9935352681845	273.079060494344	FBgn0039239		protein_coding	42969
FBgn0032850	301.798767976055	1.6584576303459	0.360452379384551	21.6585445235729	3.25755686721715e-06	4.00755251804156e-05	13.7493473596522	6.21990974889546	FBgn0032850	Kua	protein_coding	35300
FBgn0011603	819.909657577209	1.45415529240225	0.317051950545574	21.5620424844915	3.42564881544774e-06	4.20083466966011e-05	20.5533420115194	9.67060247358989	FBgn0011603	inebriated	protein_coding	33659
FBgn0037807	77.3785689981942	1.99267476129841	0.434246600065002	21.5603457738747	3.42868080454856e-06	4.20083466966011e-05	2.96816138973194	0.85408043768163	FBgn0037807		protein_coding	41259
FBgn0085195	60924.045944827	-1.13497225197616	0.235681114504489	21.5351958107849	3.47394037351038e-06	4.25049602435086e-05	13778.4810279383	39868.4579263735	FBgn0085195		protein_coding	5740596
FBgn0033708	480.972325667481	-1.83741696646026	0.372679138780517	21.5162275104763	3.50847164867561e-06	4.28691379572551e-05	3.91260313587459	15.2907498364155	FBgn0033708		protein_coding	36331
FBgn0028491	5374.77806844544	1.01794946501256	0.222770384610554	21.4405758015554	3.64965407433529e-06	4.44282982889579e-05	122.424370131737	76.4637331100226	FBgn0028491		protein_coding	31341
FBgn0039050	232.883686731937	1.05867939300715	0.23132417261241	21.4399231603556	3.65089652346713e-06	4.44282982889579e-05	10.1738788585776	6.32973168822228	FBgn0039050		protein_coding	42729
FBgn0030183	1068.24502054071	-1.49547280623564	0.308197264557576	21.3662227146181	3.79396729125327e-06	4.59826790434511e-05	14.0240819096965	49.9275669232423	FBgn0030183	Yippee-like	protein_coding	31949
FBgn0051769	183.430797767134	2.35918206309075	0.512300481012221	21.3110758476069	3.90468925213689e-06	4.72609292657699e-05	16.2077346306349	3.41291285103163	FBgn0051769		protein_coding	318934
FBgn0038717	200.072387306574	1.59680231575811	0.349973194638026	21.2988837859226	3.92960246896348e-06	4.74985416712212e-05	9.1972295882241	3.84486181892974	FBgn0038717		protein_coding	42336
FBgn0051075	17368.2340078291	-1.14464029138195	0.238974045913253	21.2949896349013	3.93759332513728e-06	4.75312439905497e-05	291.094742329405	830.099572753726	FBgn0051075		protein_coding	43244
FBgn0035734	143.115581146422	2.0848106440394	0.455320225207066	21.2770092626905	3.97470130214045e-06	4.79148643567682e-05	9.3416245645665	2.40738006913615	FBgn0035734		protein_coding	38772
FBgn0027291	4081.56710566165	1.16071718258319	0.255171433840195	21.2552413459454	4.02009595226761e-06	4.8397219409294e-05	207.245966718704	137.373808599081	FBgn0027291	Isocitrate dehydrogenase 3a	protein_coding	32940
FBgn0033725	50706.8696395707	-2.1911183614818	0.436608178121829	21.1994167376988	4.13890449254373e-06	4.97609199217189e-05	554.732111316766	2822.75760547274	FBgn0033725	Cuticular protein 49Ac	protein_coding	36348
FBgn0016694	431.5291450024	1.8155290213264	0.39865752924867	21.1418717247028	4.26506407218938e-06	5.12092405890509e-05	8.89467260777751	3.15800901850179	FBgn0016694	PAR-domain protein 1	protein_coding	45588
FBgn0050163	1464.96425904947	1.19159778727353	0.263114282046746	21.0593253235721	4.45280459575282e-06	5.33210009715115e-05	331.953560598754	213.686007151695	FBgn0050163	Cuticular protein 60D	protein_coding	246492
FBgn0039464	662.523383827121	1.24456046896102	0.274900509541508	21.0244943891031	4.53449028759151e-06	5.4226956324881e-05	30.0616613039082	17.4089021538166	FBgn0039464		protein_coding	43240
FBgn0283479	3326.37961638913	-1.20306615701136	0.252547811588153	20.9998613226271	4.59316616435716e-06	5.47103884980979e-05	48.320796739019	154.834501863717	FBgn0283479	Alkaline phosphatase 1	protein_coding	40372
FBgn0034512	916.640966087196	-1.92930610681655	0.392885933429443	20.9923425451896	4.61122719939813e-06	5.48193260048071e-05	23.5502118222813	100.246989522369	FBgn0034512	Bombardier	protein_coding	37314
FBgn0031471	218.97435578373	-1.17210818216893	0.250390182196117	20.9450030434052	4.72659112026872e-06	5.6002943273487e-05	5.07642980197615	14.9292060649888	FBgn0031471		protein_coding	33484
FBgn0010612	1528.35568991499	1.06816664793803	0.236666256159951	20.9155867895461	4.79973167986261e-06	5.67947197329006e-05	370.049573948146	262.1507985727	FBgn0010612	ATP synthase, subunit G	protein_coding	46069
FBgn0032779	1749.92384271302	1.52235612623861	0.337139471936954	20.8976701137853	4.84483519758562e-06	5.72530918947273e-05	61.4972442171028	25.7499786668064	FBgn0032779	Alkaline phosphatase 12	protein_coding	35218
FBgn0017482	475.243626464517	1.21935269678945	0.271215434555112	20.7352043514533	5.2737475035511e-06	6.20769781406218e-05	16.65165581979	8.39298747073787	FBgn0017482	Type III alcohol dehydrogenase	protein_coding	37551
FBgn0026409	17702.4198485493	1.25789040711459	0.280188140676696	20.707463889286	5.3507027458476e-06	6.28390297427367e-05	729.882477710381	442.317979635626	FBgn0026409	Mitochondrial phosphate carrier protein 2	protein_coding	39587
FBgn0038180	911.39925176977	-1.43733031601936	0.301689811721861	20.7068341742132	5.35246266906886e-06	6.28390297427367e-05	9.60429912223643	33.9011359476173	FBgn0038180	Chitinase 5	protein_coding	41687
FBgn0033928	287.920191929045	1.28182606115613	0.285620285091789	20.6488809858516	5.51694213142496e-06	6.46856070246476e-05	26.6900257610601	14.5255179928694	FBgn0033928	Arc2	protein_coding	36597
FBgn0038079	95.8359300937535	1.62923495925521	0.36376594462246	20.6158719780109	5.61288434276881e-06	6.57248292897395e-05	13.3319064772418	5.85534805072497	FBgn0038079	Ninjurin C	protein_coding	41568
FBgn0034092	28.9000426958236	3.17290991596059	0.703244847974547	20.6079464740312	5.63616841501665e-06	6.58567990794325e-05	8.79290499773402	0.977500481675284	FBgn0034092		protein_coding	36798
FBgn0266579	245.699611175989	1.18875053094752	0.265129299878485	20.607052534627	5.63880076628078e-06	6.58567990794325e-05	7.75069361689101	4.8385421505674	FBgn0266579	tau	protein_coding	326116
FBgn0037553	256.648822220513	-1.15662935005593	0.248812022298942	20.5766382984053	5.72909947675361e-06	6.68246324182169e-05	3.32604864990268	9.9632048557695	FBgn0037553		protein_coding	40964
FBgn0015040	1825.35178465945	1.05105266341428	0.234926114648204	20.5450942717673	5.8242861345482e-06	6.7759127047855e-05	69.1883311248663	44.1334185781971	FBgn0015040	Cytochrome P450 9c1	protein_coding	37941
FBgn0035087	1805.03188249199	1.00265985545237	0.224553485089288	20.4557652150283	6.1025452833957e-06	7.08131480433259e-05	49.1283941883065	35.3569423394569	FBgn0035087		protein_coding	37994
FBgn0003378	17483.522670398	-1.52796284707363	0.322220049231657	20.1874659977957	7.02114774077313e-06	8.09502328625292e-05	2796.0718845653	10029.2540580299	FBgn0003378	Salivary gland secretion 8	protein_coding	39285
FBgn0032474	1242.54890103906	-1.1354994353264	0.24434037175749	20.1876123802975	7.020610475088e-06	8.09502328625292e-05	22.2138501341646	63.3011156581352	FBgn0032474	DnaJ homolog	protein_coding	34707
FBgn0051370	125.117374970565	1.62279276205642	0.365513839167404	20.1746801758804	7.06823496258207e-06	8.13887797932145e-05	7.09126572023811	3.39605738342192	FBgn0051370		protein_coding	43060
FBgn0028864	116.281074521466	-2.61917669007234	0.540097418393315	20.1696013214424	7.08702706013928e-06	8.1396723310131e-05	0.892931671379449	6.95552248514159	FBgn0028864		protein_coding	34922
FBgn0051780	116.281074521466	-2.61917669007234	0.540097418393315	20.1696013214424	7.08702706013928e-06	8.1396723310131e-05	0.892931671379449	6.95552248514159	FBgn0051780		protein_coding	318937
FBgn0035244	1438.37214551858	1.13782256349728	0.256755999258156	20.161305351737	7.11783062773369e-06	8.16462383102156e-05	38.7283359798456	25.9863894214829	FBgn0035244	ATP binding cassette subfamily B member 7	protein_coding	38193
FBgn0035886	178372.127653714	1.13568963744032	0.256633461462851	20.1241069621532	7.2576119537623e-06	8.31435723569228e-05	17749.7258234071	12439.4595308678	FBgn0035886	Jonah 66Ci	protein_coding	38952
FBgn0015575	3342.82903883999	1.17425803824973	0.265614499044163	20.0761096081648	7.4420526031758e-06	8.51480649622901e-05	110.351739863902	63.2272270398322	FBgn0015575	alpha-Esterase-7	protein_coding	40901
FBgn0038674	155.02905288967	1.48056893965155	0.334872608244554	20.0095800589949	7.70551502444161e-06	8.80504404254173e-05	13.2102668512399	6.78687297982864	FBgn0038674		protein_coding	42281
FBgn0052039	190.865709900453	-1.42735305395387	0.310345824609772	19.933387625758	8.0187665667617e-06	9.13976777375006e-05	9.37455555411983	34.4319616083211	FBgn0052039	small VCP interacting protein	protein_coding	317834
FBgn0034761	394.81719462187	1.7044457373414	0.386139376985791	19.9181968673498	8.08273299042819e-06	9.20101490923047e-05	71.8819339692436	25.1818255641879	FBgn0034761		protein_coding	37599
FBgn0032472	14.0751462434824	4.45741348073241	1.0433712062821	19.8740123162004	8.27171569262435e-06	9.39236606360742e-05	7.54219059598482	0.542369221335536	FBgn0032472		protein_coding	34704
FBgn0028424	1609.85821197277	1.51189018272157	0.343640821899789	19.8423752920825	8.40975057279794e-06	9.53706013886152e-05	82.4929034218047	35.056442619032	FBgn0028424	Juvenile hormone-inducible protein 26	protein_coding	36819
FBgn0031860	208.079519539637	1.47172676305664	0.335294677696174	19.7384932393239	8.8794703589777e-06	0.000100570625866859	14.227661999427	6.52006356974367	FBgn0031860	D-amino acid oxidase 2	protein_coding	33955
FBgn0038519	959.59886275824	1.02820116091403	0.234607151137622	19.6952431588834	9.08271723308808e-06	0.000102637090248394	69.8387866579179	47.0847154732505	FBgn0038519	Peroxiredoxin 3	protein_coding	42109
FBgn0036764	262.658568972984	-1.1074701811685	0.244327583746621	19.6243099321999	9.42621942495799e-06	0.000106228059258956	3.38229580464757	9.24872585718133	FBgn0036764		protein_coding	39990
FBgn0038105	74.8585034223389	2.28204460509461	0.518643415380062	19.5901312872743	9.59636039140158e-06	0.000108010098873435	4.5150988474546	1.17662127378844	FBgn0038105	yellow-f2	protein_coding	41596
FBgn0032810	81.4754862057248	2.75022225723067	0.619789742821641	19.5714592425123	9.69060854823463e-06	0.000108934553342843	10.5731453873111	2.32061476904279	FBgn0032810		protein_coding	35252
FBgn0038740	1912.87039145183	1.15710181241521	0.265145587806306	19.5593931780641	9.75200644036994e-06	0.000109487882544628	25.3719496702884	16.6124817215466	FBgn0038740		protein_coding	42362
FBgn0037518	212.596608952463	1.69229452612782	0.386844094702761	19.5432886301594	9.83456305915749e-06	0.00011027708926559	11.1005264426681	5.1506216945511	FBgn0037518		protein_coding	40921
FBgn0046876	300.840638711509	-2.88722613867055	0.587106947268191	19.5287127854464	9.9098879275593e-06	0.00011098334014015	3.84991043120217	26.7729404324286	FBgn0046876	Odorant-binding protein 83ef	protein_coding	40747
FBgn0051901	4463.85327379829	-1.53392135949493	0.329418229384541	19.4749120180046	1.01929690007335e-05	0.000114011654506961	50.5709807746943	184.842404145727	FBgn0051901	Mucin related 29B	protein_coding	319014
FBgn0033830	265.387807238884	3.17287686171305	0.706304336752833	19.4616780386385	1.02638371168377e-05	0.000114377555380076	18.1404931186625	2.50413463877816	FBgn0033830		protein_coding	36481
FBgn0038257	413.061033084096	1.97393433789252	0.451043188364346	19.4634234361201	1.0254462244709e-05	0.000114377555380076	37.2743149386086	13.6901074275907	FBgn0038257	Senescence marker protein-30	protein_coding	41786
FBgn0039938	136.430451217052	-1.3690951715315	0.303798153781964	19.4321562254039	1.04237147431531e-05	0.000116015429065812	0.938669010798287	3.22339458236604	FBgn0039938	Sox102F	protein_coding	43844
FBgn0033904	30.0284475985343	2.97564253920831	0.679316040598159	19.377032336592	1.07289669366144e-05	0.000119118024272807	3.18409616022983	0.531257308581741	FBgn0033904		protein_coding	36567
FBgn0039257	3368.2531951028	-1.95726615798498	0.413341853395909	19.3581684337075	1.08354754961973e-05	0.000120152196223554	4.90569655191941	24.8785924947272	FBgn0039257	tenectin	protein_coding	42990
FBgn0029769	45.2058738354294	3.66676092703996	0.820012753887193	19.3431540285189	1.09210075162714e-05	0.000120802731357723	2.27983190026777	0.154300358286845	FBgn0029769	fra mauro	protein_coding	31464
FBgn0027620	275.297529085417	1.10051865568029	0.25344852779628	19.3336165565168	1.09756910641799e-05	0.000121109680662785	3.35263406380617	2.20005404436698	FBgn0027620	ATP-dependent chromatin assembly factor large subunit	protein_coding	43751
FBgn0035608	87.4169122738054	2.41802049568415	0.552816407818778	19.334800269019	1.09688892760988e-05	0.000121109680662785	6.73630045808646	2.00176759210196	FBgn0035608	blanks	protein_coding	38620
FBgn0027932	8328.46214322008	-1.16040855241338	0.254225661134572	19.3206240188586	1.1050627059155e-05	0.000121754581986136	91.590344817701	274.329187507914	FBgn0027932	A kinase anchor protein 200	protein_coding	34170
FBgn0034005	87.7856317324938	3.07884776330867	0.693050831435965	19.3187956489909	1.10612135530605e-05	0.000121754581986136	2.25132745146431	0.399856848884426	FBgn0034005	Integrin alphaPS4 subunit	protein_coding	36693
FBgn0038082	690.45009104234	2.07760200339583	0.475867355315946	19.2980690423243	1.11819376912014e-05	0.000122782864050029	33.5267759320675	10.3284872553701	FBgn0038082	UDP-glycosyltransferase family 37 member A2	protein_coding	41573
FBgn0031470	113.751860631881	-1.52353294562153	0.338789363463112	19.283120202011	1.12698291122958e-05	0.000123597040496191	2.5645861768062	9.8890784314007	FBgn0031470		protein_coding	33483
FBgn0001092	23451.7472259304	1.04581991982132	0.241402620241191	19.2797236072694	1.12898958493404e-05	0.000123666301307087	1167.31085752748	799.424924489748	FBgn0001092	Glyceraldehyde 3 phosphate dehydrogenase 2	protein_coding	32545
FBgn0035964	3437.37138696472	-1.63286618437022	0.352403453258324	19.1243707312715	1.22471019762407e-05	0.000133662849602345	95.7774099010853	372.475547850677	FBgn0035964	Dihydropteridine reductase	protein_coding	39050
FBgn0037176	201.61929376679	1.31553778962305	0.305174048381467	19.0648503468064	1.26350702681407e-05	0.000137563180292238	23.2582139891112	13.9229192925605	FBgn0037176		protein_coding	40481
FBgn0036992	72.6511311388515	2.56613096285991	0.58996450764741	19.052809639979	1.27150430698718e-05	0.000138266484071774	5.43056620898476	1.1575511014197	FBgn0036992	4-hydroxyphenylpyruvate dioxygenase	protein_coding	40263
FBgn0024836	1344.59407096148	-1.15098374084612	0.254735715344501	19.0185515193225	1.29453726891261e-05	0.000140601131151342	2.50275749394512	7.83481199388062	FBgn0024836	starry night	protein_coding	36125
FBgn0031010	165.58772534455	1.49254547349277	0.347367540554784	18.8976030212114	1.37925863261604e-05	0.000149441841965254	6.61771922776734	2.94350678576333	FBgn0031010		protein_coding	32923
FBgn0025578	2452.51781317688	1.66989932939446	0.38860628916162	18.8837853557244	1.38928536956583e-05	0.000150324455664273	1052.91625644923	537.17302468388	FBgn0025578	Larval cuticle protein 9	protein_coding	37963
FBgn0031178	282.554196463674	2.16449926606951	0.500856124971601	18.881778418839	1.39074777174108e-05	0.000150324455664273	52.5371238429196	10.7947055664023	FBgn0031178		protein_coding	33123
FBgn0288742	23.3213269230388	-7.45115439745957	1.74396183510352	18.8770398732925	1.39420676274359e-05	0.000150517423977828	3.87638636610934e-10	2.54037842380208	FBgn0288742		protein_coding	NA
FBgn0026872	157.448053302154	1.10649029214452	0.257825046908379	18.8518100386116	1.41276975839624e-05	0.000152178842108985	14.702588122027	9.27383962703866	FBgn0026872		protein_coding	31099
FBgn0263241	316.904843600193	1.08329158904987	0.252545173235572	18.8515255732918	1.41298046437232e-05	0.000152178842108985	9.27170188852299	6.52973194602825	FBgn0263241	Molybdenum cofactor synthesis 1	protein_coding	39238
FBgn0031004	1378.35946340822	1.0633187506278	0.248648612476422	18.7716506138778	1.47341089775926e-05	0.000158119143240441	54.5326713332147	33.2671349306982	FBgn0031004		protein_coding	32917
FBgn0032943	159.737393418737	-1.27452347037451	0.288116855097548	18.764404520251	1.4790198217061e-05	0.000158531886252717	1.62843594163696	5.16558483107918	FBgn0032943	Tetraspanin 39D	protein_coding	35405
FBgn0042105	207.762018869677	1.75339445113892	0.409029787735148	18.7550123758951	1.48632184639473e-05	0.000159124909102712	11.2425024717277	3.84418439626491	FBgn0042105		protein_coding	59144
FBgn0011227	233.616960667223	1.3186346796849	0.308535590219457	18.7499329240723	1.49028599634656e-05	0.000159218336138134	156.144695364228	85.59074855561	FBgn0011227	oxen	protein_coding	45401
FBgn0051446	251.072847549848	1.47051167311567	0.3436428132601	18.7493578745467	1.49073545010907e-05	0.000159218336138134	25.3031862460287	11.1934177301783	FBgn0051446		protein_coding	318741
FBgn0034436	3482.74327822917	1.19365412845927	0.279593985326153	18.7235880076217	1.51101733286636e-05	0.000160811584313221	79.0125995150069	42.3764077775002	FBgn0034436		protein_coding	37221
FBgn0030615	1008.95613891263	1.29006371849277	0.302735006652682	18.6473578702014	1.57265059496635e-05	0.000167173130029934	30.3035654529324	16.3838803927955	FBgn0030615	Cytochrome P450 4s3	protein_coding	32444
FBgn0040259	522.650974312851	1.64833693487416	0.386148391666988	18.6323076516092	1.58511423092437e-05	0.000168299082393186	19.5162918532897	7.45650716298132	FBgn0040259	UDP-glycosyltransferase family 302 member C1	protein_coding	53510
FBgn0023525	110.841386393457	1.32259130963822	0.310352073518567	18.624419878639	1.59168595971094e-05	0.000168598725979746	7.20147751989089	3.94502133007061	FBgn0023525		protein_coding	31209
FBgn0026576	467.031009297025	1.04357895304818	0.24491188758416	18.6244844268776	1.5916320701917e-05	0.000168598725979746	16.0128145051065	10.0082349434766	FBgn0026576	Phosphatidylserine decarboxylase	protein_coding	42849
FBgn0051380	39.935643295478	-4.89753715025709	1.11075987834213	18.5464563893471	1.65813198610468e-05	0.000175224217991062	0.0760847294952538	2.82810926401486	FBgn0051380		protein_coding	318701
FBgn0035798	365.486266645473	2.09057944346064	0.489537950817465	18.458053528075	1.7368528636316e-05	0.000183112752668687	6.06173261061275	1.63064510599635	FBgn0035798	faulty attraction	protein_coding	38850
FBgn0003149	30203.8694141329	1.38797073503252	0.327742197541585	18.4127086508894	1.77867733779871e-05	0.00018730263815953	618.019371640767	308.2747627604	FBgn0003149	Paramyosin	protein_coding	39002
FBgn0085244	96.4951773461023	1.62919869607309	0.384309136498444	18.4100719701412	1.78114020927342e-05	0.000187342618736793	31.5189125113716	11.9548826477799	FBgn0085244		protein_coding	5740170
FBgn0037574	163.913328831913	1.12416735475327	0.265309208188183	18.3807248235558	1.80878515199452e-05	0.000189806357898328	6.90030198736593	4.46201741026471	FBgn0037574	Coenzyme Q biosynthesis protein 2	protein_coding	40988
FBgn0053966	135.935974238457	1.31421967174412	0.31018364834083	18.3816212785819	1.80793434519705e-05	0.000189806357898328	9.0803013132693	5.44281545306828	FBgn0053966		protein_coding	3885642
FBgn0053519	6328.60860046731	1.77614183038425	0.418863728872855	18.3480713672242	1.84005155258148e-05	0.000192413762934479	41.8777368837408	14.2049806632862	FBgn0053519	Unc-89	protein_coding	3346201
FBgn0040507	779.319188220597	1.04897357289217	0.24802149173016	18.3437032914263	1.84427504920093e-05	0.000192631422967061	11.5221850463018	8.18033903077971	FBgn0040507	Adenylyl cyclase X D	protein_coding	38284
FBgn0011211	27543.4301150061	1.3494742636975	0.319455094458243	18.3255651286749	1.86191728680108e-05	0.000193798867594932	841.080130881799	503.218907202014	FBgn0011211	bellwether	protein_coding	37617
FBgn0035607	446.287319680077	1.75958889899923	0.415284471871387	18.3266231815185	1.86088352212007e-05	0.000193798867594932	8.75314481450912	3.84185476102672	FBgn0035607		protein_coding	38619
FBgn0039226	503.448734330573	1.36009180495527	0.32173886321628	18.3275739068685	1.85995511298856e-05	0.000193798867594932	27.0186676678647	14.0052893338826	FBgn0039226	Uracil-DNA degrading factor	protein_coding	42953
FBgn0039454	95.8950578805695	1.33321676433155	0.315824137968658	18.2564784076655	1.93068188329218e-05	0.000200030209406066	8.05728943854543	4.35909024054931	FBgn0039454		protein_coding	43221
FBgn0036749	62.5081271975858	2.10151274893585	0.496953424135158	18.2032540568782	1.98539328976951e-05	0.000204990147587798	2.86687731789152	0.858533430952449	FBgn0036749		protein_coding	39973
FBgn0039358	2738.40395731614	1.13034432895108	0.269148951956898	18.1149559877299	2.07961564900058e-05	0.000214082668330782	129.189487361134	85.7158649335605	FBgn0039358	Isocitrate dehydrogenase (NAD(+)) 3 non-catalytic subunit gamma	protein_coding	43102
FBgn0052404	200.48356048627	1.58508283172072	0.376816949101499	18.1140559755152	2.0805988226521e-05	0.000214082668330782	63.3613185172383	34.3332252813599	FBgn0052404	Cuticular protein 65Aw	protein_coding	38706
FBgn0030586	640.625362716548	-3.2152976683472	0.663061040839977	18.0475270877842	2.15458320208365e-05	0.000221441905558151	2.45038771386544	28.8638609619137	FBgn0030586		protein_coding	32412
FBti0062015	590.27214896369	-1.37846613913004	0.310784586619319	18.042530568537	2.16024521354291e-05	0.000221770379056979	4.59767541710772	16.3120434005496	FBti0062015		transposable_element	NA
FBti0019621	716.099521415488	1.31586043358841	0.313888705787817	18.0370239757264	2.16650255327957e-05	0.000222159150075749	9.17004031277811	5.70774515106997	FBti0019621		transposable_element	NA
FBgn0039645	312.463920798295	2.30393668598734	0.543820221669079	18.0326961335256	2.1714332136401e-05	0.000222411149091862	5.41061441615554	1.73271052485604	FBgn0039645		protein_coding	43451
FBgn0036422	17338.7004604293	1.49038512854957	0.355607924877513	18.0142608723611	2.1925629046825e-05	0.000224319888530258	1179.15935073808	491.02765908244	FBgn0036422		protein_coding	39580
FBgn0034629	500.835970375641	1.21893276620953	0.291050657239666	17.9962844467695	2.21336561460777e-05	0.000226190874683723	14.944976790164	7.8976914173655	FBgn0034629	acyl-Coenzyme A oxidase at 57D distal	protein_coding	37446
FBgn0037370	3141.41274584148	-1.1564390793801	0.262895044365046	17.9768744911195	2.23604995326518e-05	0.000228249684786762	77.0338386024201	227.013527927272	FBgn0037370		protein_coding	40708
FBgn0058191	753.311056476751	-1.05646618724785	0.242108923567248	17.9519116733734	2.26556762937214e-05	0.000231000563389384	15.1862864827755	47.6807489593613	FBgn0058191		protein_coding	3354930
FBgn0034877	1857.05673586981	1.06742367701163	0.255840594219203	17.8815388468091	2.35090581410489e-05	0.000238619593524213	400.587062105685	261.975569793632	FBgn0034877	levy	protein_coding	37728
FBgn0028996	241.441155377867	-1.02045154477425	0.237043128800441	17.8345733257757	2.40964875719156e-05	0.000243756707237612	0.999076595083684	2.61914912269785	FBgn0028996	onecut	protein_coding	45816
FBgn0034638	1835.57985583817	1.57926027102772	0.378702686079257	17.8092571223244	2.44192292026573e-05	0.000246467035038717	167.300596744609	71.1393491785971	FBgn0034638		protein_coding	37458
FBgn0020643	178.303274718292	11.3992372601651	2.22572392613192	17.7607775745186	2.50494401759044e-05	0.000252261607504937	95.5206947153801	2.08209919371245e-06	FBgn0020643	Lcp65Ab2	protein_coding	48381
FBgn0039620	1118.02942875077	-1.28289215582601	0.292635442315528	17.7107013538488	2.5717572988587e-05	0.000258700373474679	11.6653540353754	34.2139952947084	FBgn0039620	waterproof	protein_coding	43420
FBti0019407	134.007073139939	-1.43368806501729	0.332389010853829	17.6944947429236	2.59376196468851e-05	0.000260622361435126	0.798085628223749	3.20079794189897	FBti0019407		transposable_element	NA
FBgn0030884	230.726838076702	1.09520886843023	0.263549796002285	17.6812480840423	2.61188817638815e-05	0.000262150785382351	3.46709632499258	2.27842080549982	FBgn0030884		protein_coding	32778
FBgn0263117	152.081598125894	-1.68620329372072	0.385430202680641	17.6738819102464	2.62202277646187e-05	0.000262874591178613	0.521791153478682	2.33345343930735	FBgn0263117		protein_coding	42608
FBgn0030510	264.291616943456	1.10270001503511	0.2657074572108	17.6557780800931	2.64709878278769e-05	0.000264798213054613	14.2688256428005	9.45514246139193	FBgn0030510		protein_coding	32326
FBgn0052266	24.7179349133016	3.3013295339731	0.788632995360944	17.6421694213056	2.66610696767229e-05	0.000266107657716725	7.27755473112209	1.25481337050275	FBgn0052266		protein_coding	317945
FBgn0010041	37.4337161150663	2.2326934403002	0.538896164599945	17.6176217294547	2.70074201121272e-05	0.000269265775020355	4.75851574529582	1.53947580299293	FBgn0010041	Glutathione S transferase D5	protein_coding	48338
FBgn0051076	687.144558822623	-1.40911142469298	0.322054652228087	17.5466679915551	2.80341607665286e-05	0.00027919292112225	37.4241571003252	137.247110701021	FBgn0051076		protein_coding	318582
FBgn0036030	3199.0360670334	-1.03563135324239	0.239476298878408	17.5377344693291	2.81661840568271e-05	0.00027988783781552	46.6388759532161	121.490429295572	FBgn0036030	Phosphoribosyl pyrophosphate synthetase	protein_coding	39132
FBgn0266064	3123.9065105579	1.10415274013632	0.267233226948014	17.533524372451	2.82286190428453e-05	0.000280198643545594	79.6484455465173	50.0063158349092	FBgn0266064	Glycogen synthase	protein_coding	41823
FBgn0052248	132.796693986621	3.03228572901723	0.715326332482691	17.5303486956904	2.82758057656773e-05	0.00028035757580015	29.4432308961368	4.02871771515726	FBgn0052248		protein_coding	317938
FBgn0030641	1051.50867426981	1.01828734850817	0.246526098636118	17.4964496138421	2.87844713038421e-05	0.000285086729554463	59.6466232598398	42.6523615499066	FBgn0030641		protein_coding	32475
FBgn0026263	277.783867788644	-1.14562593014925	0.267145140103475	17.4845211036745	2.8965640945504e-05	0.000286258511080008	4.60107706558536	13.9605336781819	FBgn0026263	bip1	protein_coding	38891
FBgn0033292	1098.66155057688	1.02449597305491	0.248155258158491	17.484468292744	2.89664455779837e-05	0.000286258511080008	42.7261194926956	26.4318321433646	FBgn0033292	Cytochrome P450 4ad1	protein_coding	35821
FBgn0038172	746.26200429322	-1.01227639473357	0.235509522558132	17.4549376551179	2.94199137018907e-05	0.00029042072878277	13.3416120688876	35.4958603576088	FBgn0038172	Adenosine deaminase-related growth factor D	protein_coding	41679
FBgn0011286	2252.18835884908	1.53955142687101	0.373124288152822	17.4450466162678	2.95733885479747e-05	0.000291615661416597	9.19581704749508	3.917046609689	FBgn0011286	Ryanodine receptor	protein_coding	49090
FBgn0032603	183.192452813276	1.38568956248647	0.335749172385169	17.4366394340432	2.97044714980413e-05	0.000292587417504803	8.16822607722285	4.11062575844364	FBgn0032603		protein_coding	35009
FBgn0034159	38.7490795448226	3.92927612110058	0.920361499409414	17.4249390689558	2.98878734087905e-05	0.000294071822281458	2.85526265322223	0.337328127059699	FBgn0034159		protein_coding	36882
FBgn0267792	1302.4094337151	-1.25216133824452	0.288409559093421	17.4222791860793	2.99297252824961e-05	0.000294161769907636	9.67459834577757	29.0283289257476	FBgn0267792	regular	protein_coding	35843
FBgn0005612	3477.02671356596	-1.38627578714409	0.317384745806378	17.3685369342099	3.07880634954916e-05	0.000302267527308904	26.8893001264638	83.8029137974497	FBgn0005612	Sox box protein 14	protein_coding	37822
FBgn0003515	90.4325497486272	2.12159874985784	0.513226656282883	17.3405849704423	3.1244231187675e-05	0.000306411527885236	3.43346666152271	0.911416746477786	FBgn0003515	scarlet	protein_coding	39836
FBgn0035859	200.891264146315	1.8901350376548	0.45851568018641	17.302302285877	3.18800365364377e-05	0.00031144235461183	43.1294934807303	17.4097275103761	FBgn0035859		protein_coding	38922
FBgn0263235	345.275193311147	1.2738127241884	0.309967631050474	17.3068020035264	3.18046351214155e-05	0.00031144235461183	31.7023926992778	17.815423709094	FBgn0263235	Phaedra 2	protein_coding	34638
FBgn0284230	238.327202710739	-1.03185666196343	0.243374571664382	17.3013663743725	3.18957420880124e-05	0.00031144235461183	2.56863541873479	7.0212804807272	FBgn0284230		protein_coding	30522403
FBgn0043362	1778.29061598957	-1.45294090175863	0.332711437972713	17.2816955322136	3.22276442094739e-05	0.000314341870255747	2.88588077459459	10.0810888860227	FBgn0043362	blue cheese	protein_coding	33819
FBgn0039356	74.6309776329442	-1.92744021782509	0.450453987904232	17.2792536781979	3.22690865787954e-05	0.00031440508732731	2.30026830219079	12.6374339174193	FBgn0039356		protein_coding	43100
FBgn0051974	485.799811459433	2.12745214107646	0.515072865380009	17.2423941643929	3.29012007638375e-05	0.000320216989685271	29.9477148084634	8.68764408916897	FBgn0051974		protein_coding	33174
FBgn0025692	899.802041350187	1.12720098253441	0.275069363474187	17.2360816369295	3.30106976002478e-05	0.000320935355155706	73.0734450985842	40.7574761344825	FBgn0025692	Lifeguard	protein_coding	36418
FBgn0050502	367.075279356402	2.00973734189997	0.489158962414971	17.1224225613056	3.50461019650593e-05	0.000339988775589837	22.2526441449726	8.02650689410669	FBgn0050502	fatty acid 2-hydroylase	protein_coding	35670
FBgn0034221	166.235910978604	-1.81863582774115	0.419104927907624	17.0918198881439	3.5615376247173e-05	0.00034513909330908	1.82108956002644	7.50928779166346	FBgn0034221		protein_coding	36962
FBgn0035309	98.4281375897324	1.51434995115274	0.370973596204216	17.0728062711408	3.59737417182169e-05	0.00034823666229486	5.56726532489421	2.69391014495894	FBgn0035309		protein_coding	38274
FBgn0004780	52.5436345118529	2.35846025885007	0.575727516434945	17.0060167814656	3.72615536718966e-05	0.000360315217388566	7.95505801516893	2.45500734896637	FBgn0004780	Ccp84Ad	protein_coding	40822
FBgn0016075	11923.3256608696	1.4271451990507	0.350849391185964	16.9802907633768	3.77698682481613e-05	0.000364838265473377	121.541646278817	69.2478550757067	FBgn0016075	viking	protein_coding	33726
FBgn0039155	645.868586945615	-1.3540154950805	0.315433424207509	16.9765500856617	3.78443576757493e-05	0.000365165567143792	7.74455822905934	24.4148697361754	FBgn0039155	Kallmann syndrome 1	protein_coding	42865
FBgn0027493	3837.50447787723	1.16517541458656	0.287106443223533	16.9200313914059	3.89879756361809e-05	0.000374592804376255	132.088354068567	86.0213983514316	FBgn0027493	Adenylosuccinate Synthetase	protein_coding	42466
FBgn0034618	2969.0623061376	1.0259162742665	0.253013695307823	16.8793325682357	3.98329466193879e-05	0.000381895190776285	35.2348165277375	22.5995138734374	FBgn0034618		protein_coding	37435
FBgn0264695	96281.6115084046	1.60160801957632	0.394624438503099	16.8662670275939	4.01080923782891e-05	0.000384123615290685	968.03244942545	373.248521974195	FBgn0264695	Myosin heavy chain	protein_coding	35007
FBgn0038181	6076.96665448586	1.47694887121181	0.364810291320636	16.8111632663912	4.12896959960461e-05	0.000394180717720215	100.887475567472	44.548834233787	FBgn0038181		protein_coding	41688
FBgn0015229	329.043467880915	-1.11495719604508	0.265023882649648	16.7707407599461	4.21786823468069e-05	0.000402240604819549	4.26889906991006	13.3464756171348	FBgn0015229	gliolectin	protein_coding	42571
FBgn0039915	141.298301053425	-1.60824840070512	0.378311859303522	16.7095819807927	4.3560428685118e-05	0.000414977685556426	0.942610241524361	3.96835679403768	FBgn0039915	GABA transporter	protein_coding	43805
FBgn0053965	171.039271177736	1.64766692632861	0.407865284820912	16.6948921883082	4.38990348083829e-05	0.000417319260075885	14.4978603839484	5.57142444457273	FBgn0053965		protein_coding	3885668
FBgn0034887	45.9125956545584	1.92009659151836	0.475598693751525	16.6724069473995	4.44224618969695e-05	0.000421404219239923	3.33684500780309	1.22075297585757	FBgn0034887	Sulfotransferase 1	protein_coding	37742
FBgn0033978	3831.87340599416	1.64705192230036	0.408063970755855	16.6681132889955	4.45231238775275e-05	0.000421914070632882	166.595120921939	76.0912043282249	FBgn0033978	Cytochrome P450 6a23	protein_coding	36661
FBgn0262524	74.8988388944824	1.44332031013232	0.358174517662303	16.6628303876102	4.46472927325947e-05	0.000422645372151815	9.98682112102026	4.70958124892517	FBgn0262524	verrocchio	protein_coding	39432
FBgn0040234	914.286037030089	1.21412364041857	0.301703434090405	16.6218317238323	4.56228325911031e-05	0.000430520601775226	13.0707281410293	8.4479128606377	FBgn0040234	c12.2	protein_coding	53434
FBgn0052074	9.2301309564981	6.14774478865731	1.61356225481234	16.6128401842682	4.58396305477984e-05	0.000431227002713405	4.54318626028147	0	FBgn0052074		protein_coding	317842
FBgn0001229	798.922608140693	-3.03544384032738	0.658017886615918	16.559310673285	4.71519080197738e-05	0.000442627462235726	8.27778537535235	54.7255814393219	FBgn0001229	Heat shock gene 67Bc	protein_coding	39071
FBgn0085415	139.987081222001	1.07425501584635	0.266995623059685	16.5543904640015	4.72744064381656e-05	0.000443314637224634	4.8765882185952	3.05408101552914	FBgn0085415		protein_coding	5740303
FBgn0030828	350.114492244817	1.24131698426849	0.310309274933973	16.4051917892684	5.1144950684726e-05	0.00047662854042253	18.084505064075	9.42556395266649	FBgn0030828		protein_coding	32709
FBgn0032652	411.791903454857	-1.24288401257764	0.296359854581476	16.366347928593	5.22039167606379e-05	0.000485993606033558	14.4886597546406	47.666065977475	FBgn0032652		protein_coding	35067
FBgn0086558	24546.4636546635	-1.05558999386805	0.25230408060673	16.3616066303775	5.23346754329222e-05	0.000486707069460464	356.736746801501	962.663365499368	FBgn0086558	Ubiquitin-5E	protein_coding	326237
FBgn0036493	2826.80282826495	-1.36861299375245	0.323180380754104	16.3577710200033	5.24406973896497e-05	0.000487189247546612	26.4507085914987	85.9670527204088	FBgn0036493		protein_coding	39662
FBgn0028916	698.369789850588	1.44746988980592	0.363173805729411	16.2841858924476	5.45170415888608e-05	0.000505434798977964	13.7040436289779	7.14642609188904	FBgn0028916		protein_coding	34835
FBgn0004919	217.391453764081	-1.1671377363319	0.282810491742271	16.2352981749989	5.59420162587258e-05	0.00051811179424791	1.5606166432665	4.62878336771534	FBgn0004919	goliath	protein_coding	38006
FBgn0051344	338.221255721238	-1.12047589175093	0.271021187992935	16.1700518609412	5.79023425604839e-05	0.000534067452970699	6.54622610389461	18.1140565911317	FBgn0051344		protein_coding	41835
FBgn0028983	3342.27164498432	1.30789872048953	0.329903782884244	16.1410721023337	5.87950566669937e-05	0.000541745844883477	192.308138006168	109.378863352345	FBgn0028983	Serpin 55B	protein_coding	49803
FBti0060500	12.7448640606214	-6.56622829877843	1.71214306786372	16.135302804116	5.89744238419087e-05	0.000542842368076034	0	6.03532429140657	FBti0060500		transposable_element	NA
FBgn0267408	4609.34879615203	1.31955190687044	0.333109839561699	16.115297379093	5.96006649568308e-05	0.000547485985655546	70.1450510695534	38.7916376971354	FBgn0267408	Aldehyde oxidase 1	protein_coding	41894
FBgn0038299	543.228540893342	-1.27923699472488	0.307061769680398	16.0479895509481	6.1757163658766e-05	0.000565303875385336	9.590112721922	31.9447272911211	FBgn0038299	Serpin 88Eb	protein_coding	41829
FBgn0033308	90.3299662886574	2.27404524616162	0.571511307143304	15.9848422506777	6.38516723410024e-05	0.000583554968864466	12.9705609420354	2.99272898469383	FBgn0033308		protein_coding	35841
FBgn0040333	213.548165724692	1.39496193310982	0.35401170637484	15.9530152786342	6.49342620261246e-05	0.000592846516143084	6.3128959972425	2.77284836915406	FBgn0040333	brivido-3	protein_coding	31246
FBgn0015623	4410.28958710299	1.06345914019974	0.270052752022305	15.9271627305644	6.58272079103959e-05	0.000599781236816809	104.025902430914	64.4347421001164	FBgn0015623	Cytochrome P450 reductase	protein_coding	33883
FBgn0046875	257.932959621808	1.13570121013489	0.287943435601157	15.9221746781255	6.60009112343552e-05	0.00060075525782445	45.651011188662	27.9712730211535	FBgn0046875	Odorant-binding protein 83g	protein_coding	170878
FBgn0033821	583.825010400182	-1.24993840925471	0.301712883805484	15.90720723644	6.65249078194147e-05	0.000604912533892817	35.6356374924419	110.922942179481	FBgn0033821		protein_coding	36472
FBgn0039487	1046.29390482437	1.2059328228136	0.307164706988575	15.8222973335719	6.95777312832028e-05	0.000630758606280083	29.5795186462911	16.8312652924025	FBgn0039487	genderblind	protein_coding	43265
FBgn0050457	1561.39337690949	2.98497327640046	0.739794425213603	15.8103478755659	7.00185250409191e-05	0.000634115403517609	312.339827184616	26.2865833945068	FBgn0050457		protein_coding	36940
FBti0019183	481.379900154647	-2.86409578259397	0.644066163801102	15.7272525675569	7.31624440961339e-05	0.000661921388085043	0.813094651903933	10.709528622167	FBti0019183		transposable_element	NA
FBgn0015035	40.3622887928838	3.6743702747646	0.909340024185222	15.721558850201	7.33829944209265e-05	0.000663249516409439	2.15450679445852	0.251688121774087	FBgn0015035	Cytochrome P450 4e3	protein_coding	34291
FBgn0035266	1674.28329072797	1.03767340725595	0.265243018546982	15.7080101425812	7.39105066989846e-05	0.000666677218399166	45.3633569346889	30.3607084759086	FBgn0035266	Glycerol kinase 2	protein_coding	38221
FBgn0030914	90.3859673044699	1.59694665144577	0.407631501090533	15.705912192075	7.39925297577171e-05	0.000666748316744639	3.63557504922581	1.47319595344112	FBgn0030914		protein_coding	32816
FBgn0031289	110.37763492989	1.50827916852838	0.385439127460128	15.6638119006803	7.56580098135833e-05	0.000680392482253555	8.28991847453159	4.09723209948507	FBgn0031289		protein_coding	33267
FBgn0030778	94.0495253279646	1.25869697938633	0.321892685643544	15.633615656597	7.68757463893319e-05	0.000689275759999264	3.39462702932412	1.92048594407622	FBgn0030778		protein_coding	32652
FBgn0039688	2142.28568453136	-1.46706972987804	0.352951873434897	15.6279588894559	7.71060526668853e-05	0.000690652123140737	5.65274783765412	18.2423266783403	FBgn0039688	Kuzbanian-like	protein_coding	43501
FBgn0033658	73.2660399545992	2.2844761337513	0.581459944027154	15.5889462935427	7.87134025647006e-05	0.000702604920166526	11.2906758701712	2.69286718333377	FBgn0033658	Tweedlebeta	protein_coding	36265
FBgn0031808	205.366540194864	-1.62242398686069	0.393894241155525	15.5054622473707	8.22671852553137e-05	0.000728895366503484	1.91144237499162	7.70671693633037	FBgn0031808	Neprilysin-like 5	protein_coding	33892
FBgn0036953	6326.69387278687	1.02449332922551	0.263780806975237	15.491212322169	8.28897147956415e-05	0.000732966770066081	418.887471991677	268.124728300119	FBgn0036953		protein_coding	40215
FBgn0032433	2067.72412547588	1.147117380257	0.295391055665292	15.4882587281898	8.30193388410887e-05	0.000733391860705217	44.4181978016881	26.6101483944074	FBgn0032433	Organic anion transporting polypeptide 33Ea	protein_coding	34660
FBgn0002578	3560.84161184933	1.06503068479973	0.274476790912908	15.4634549651486	8.41159782528821e-05	0.000742350336043346	470.115588744708	291.740194350271	FBgn0002578	Kazal-type protease inhibitor m1	protein_coding	43154
FBgn0083978	240.764983310856	-1.43791908455518	0.352340532955085	15.4529949394844	8.45828017107865e-05	0.000745738368416767	3.8657818577619	14.0189714517571	FBgn0083978		protein_coding	4379911
FBgn0031700	17.1415453246929	3.24656875381489	0.837209829645343	15.4084329008878	8.660096087208e-05	0.000762037613622911	3.83156572729677	0.540075954650136	FBgn0031700		protein_coding	33763
FBgn0036471	5229.22027613429	1.70355438706603	0.439605889386438	15.3478039000291	8.94248126560307e-05	0.000785348965054379	800.472797800974	292.115573080234	FBgn0036471		protein_coding	39638
FBgn0040923	44.0498886347385	1.7961480431422	0.464239037294602	15.3385779427619	8.98625690761379e-05	0.000787655052340846	25.0409010854385	8.92809650371661	FBgn0040923		protein_coding	50397
FBgn0019982	384.002444441825	1.01763010081537	0.262985617809261	15.3311740302357	9.02154315572999e-05	0.000788708459517294	28.8367307576957	20.9324777203925	FBgn0019982	GS1-like	protein_coding	33653
FBgn0033592	58.9870235501307	-3.30494004216133	0.778409737639086	15.3305369657585	9.02458584280325e-05	0.000788708459517294	0.973812091748353	8.63577125873799	FBgn0033592		protein_coding	36182
FBgn0260226	24981.9604064897	-1.44279014947604	0.350416850845259	15.3333731219175	9.01104799142076e-05	0.000788708459517294	4711.06725741464	15989.5902721297	FBgn0260226		protein_coding	50032
FBgn0000053	5589.05806932758	-1.37957268420723	0.33622666208281	15.3261237260535	9.04569231327933e-05	0.000789785543430302	32.1179604383298	92.881547320083	FBgn0000053	GART trifunctional enzyme	protein_coding	33986
FBgn0000592	52.3710069701238	1.97659607843935	0.510267797026765	15.3063872917051	9.14069192890532e-05	0.000796533357719433	2.53979165699659	0.748294640783703	FBgn0000592	Esterase 6	protein_coding	39392
FBgn0035522	162.277430126306	-1.76579179360273	0.430625410095947	15.3067764461438	9.13880909970801e-05	0.000796533357719433	0.681042103882035	2.74252457940329	FBgn0035522		protein_coding	38522
FBgn0037396	532.244091197367	-3.7693637787889	0.820813745988414	15.2925502769822	9.20789325588654e-05	0.000800063614011475	2.96699886422524	44.9611061688878	FBgn0037396		protein_coding	40741
FBgn0261990	303.719344265662	-1.13207290522318	0.281825147608373	15.2574167079301	9.38076651795931e-05	0.000812728644470213	17.6402436306682	47.5981808778909	FBgn0261990		protein_coding	10178961
FBgn0050088	23.6985710979052	-3.40924937392533	0.878561477561356	15.2478258369324	9.4285229333927e-05	0.00081529525711539	0.201843831853292	2.43079426445098	FBgn0050088		protein_coding	246447
FBgn0033961	372.772615327978	1.20028029623848	0.311550437915439	15.2386749011739	9.47431681463333e-05	0.000818468118290082	94.8442360461254	48.3208125925152	FBgn0033961	NADH dehydrogenase (ubiquinone) B15 subunit	protein_coding	36640
FBgn0010497	2932.11708689265	1.33746476331334	0.347302671238252	15.2283971105087	9.52601671488409e-05	0.000822144609567684	83.1561573751596	44.8770326190035	FBgn0010497	Dietary and metabolic glutamate transporter	protein_coding	47253
FBgn0051975	35.5016017620009	2.58885757413357	0.668130542548628	15.1841989506313	9.75160002093106e-05	0.00083978132564229	2.55840456078467	0.597487872679196	FBgn0051975		protein_coding	319052
FBgn0031564	55.962420195845	-2.01729010496662	0.505323506644442	15.1318847209354	0.000100255653234298	0.000861126160015323	2.62116200017356	14.5765219993611	FBgn0031564		protein_coding	33595
FBgn0085300	16.5412571243946	4.67612501422028	1.20360777398764	15.1046541670731	0.000101712214795203	0.000871971351433045	7.45875280789457	0.237363601783715	FBgn0085300	Cuticular protein 65Ay	protein_coding	5740348
FBgn0036488	248.569926700758	1.08911216235875	0.284308538980831	15.0508494661914	0.000104653145499604	0.000893474575319085	50.1038076457022	32.9286225865667	FBgn0036488		protein_coding	39656
FBgn0040091	257.539521930071	1.11483191890911	0.290809688603331	15.0472389327041	0.000104853532075832	0.00089378939711655	9.98026482842243	5.9327854008357	FBgn0040091	UDP-glycosyltransferase family 317 member A1	protein_coding	37590
FBgn0037356	444.6611221295	1.03098559307035	0.269292225127067	15.0445895148378	0.000105000821820999	0.000894197339617659	21.8036923548206	15.7916038258768	FBgn0037356		protein_coding	40692
FBgn0035476	41.4402741203324	3.36495368438442	0.856917655545089	15.0283122181155	0.000105910310360862	0.00089938755531183	4.21433247685804	0.645961934651258	FBgn0035476		protein_coding	38462
FBgn0031184	58.464425449725	1.75265462407568	0.457139426244564	15.0157103287821	0.00010661987866478	0.000903804450444388	2.86590270785475	1.1008797818831	FBgn0031184		protein_coding	33129
FBgn0050438	72.8140919947728	-1.87757754263123	0.47038713302525	14.9742302330379	0.000108989448499237	0.00091894062437092	0.556687546902186	3.22226707179017	FBgn0050438	UDP-glycosyltransferase family 50 member B3	protein_coding	246614
FBgn0052115	73.7901145964943	-1.97176542284498	0.490594506635985	14.9639872825814	0.000109582697539355	0.000921006728010669	0.811680948634867	4.78231417645285	FBgn0052115		protein_coding	317862
FBgn0037230	93.0531752213707	2.31421391313666	0.600820628909689	14.9568679156992	0.000109996949071029	0.000923625175532926	3.65326990597691	0.76026123736447	FBgn0037230	Neprilysin-like 11	protein_coding	40540
FBgn0085282	125.083280723983	-1.6705557851855	0.415864003188409	14.9465477936464	0.000110600241593751	0.000926096808801305	8.9347746078884	41.1242100826035	FBgn0085282		protein_coding	5740501
FBgn0020762	1516.98453607501	-1.02660244653534	0.257872150945013	14.8920578634501	0.000113841263902061	0.000949698039212646	9.82297110226873	25.4249883785692	FBgn0020762	ABC transporter expressed in trachea	protein_coding	33636
FBgn0052694	210.305765175172	1.53619066336553	0.402650518066911	14.8926032170426	0.000113808357649689	0.000949698039212646	7.89878312732595	3.82761508486369	FBgn0052694		protein_coding	31933
FBgn0033369	130.279066777403	1.54589620092265	0.406566665500001	14.8523055044001	0.000116265866793058	0.000968128648212937	8.35149193027884	3.35190885270806	FBgn0033369		protein_coding	35912
FBgn0039078	148.132863472685	-1.81742572723955	0.450122467501382	14.8346149986538	0.000117361506905629	0.000975445500556672	0.522620737414929	2.40550816797736	FBgn0039078		protein_coding	42767
FBgn0037933	928.691657096615	-1.22795646220103	0.307726425308008	14.769876246793	0.0001214603903525	0.0010076506369373	23.6792382465219	70.4126574583243	FBgn0037933	Heme oxygenase	protein_coding	41407
FBgn0046113	429.771185979577	1.16367141429202	0.306693383166809	14.7598471885951	0.00012210813981797	0.00101209078468479	9.09130172612062	5.3796468195004	FBgn0046113	Glutamate receptor IIC	protein_coding	33275
FBgn0037448	325.815244285836	-1.57388825131042	0.390617260626387	14.7371259994535	0.000123588532420237	0.00102153646328602	1.53770517205661	5.44709546316922	FBgn0037448		protein_coding	40797
FBgn0032343	176.61983188155	-1.13273985336064	0.288460648186008	14.729653600699	0.000124079331919627	0.00102465145266594	1.98103198505657	6.1765452858599	FBgn0032343	alpha-L-iduronidase	protein_coding	34544
FBgn0032684	1160.58430159337	-1.33630901882855	0.3335152503456	14.7245482254371	0.000124415789183781	0.00102648733222912	14.5540092403086	41.4301782502633	FBgn0032684	UDP-glycosyltransferase family 301 member D1	protein_coding	35105
FBti0062820	41.9212794885183	2.0309382747177	0.536293921945836	14.7056733558353	0.000125667685617431	0.00103397026235824	2.52338303499569	0.856452857862124	FBti0062820		transposable_element	NA
FBgn0035427	565.672088532275	-1.39867085351127	0.349356890045412	14.6715812373072	0.000127961110953917	0.00105187776125099	11.9395535793122	50.7972471155087	FBgn0035427	cracked	protein_coding	38402
FBgn0042627	870.78847343923	1.47191420791838	0.389633462637825	14.6328675549991	0.00013061657524706	0.00107077015605908	7.40472380823291	2.91783478210234	FBgn0042627	Fatty acid synthase 2	protein_coding	117361
FBgn0004652	1412.04285400619	1.17635927809769	0.311719362392606	14.6263670474443	0.000131067869743465	0.00107349121366391	22.4753720523483	11.943515666746	FBgn0004652	fruitless	protein_coding	42226
FBgn0028397	282.943869052904	1.30144449682356	0.345522970256297	14.577954834299	0.000134478618119947	0.00109742850522022	5.18233169311518	2.99311989280137	FBgn0028397	Transducer of ERBB2	protein_coding	32574
FBgn0014163	5547.92123257308	-1.36146795207593	0.340739337963843	14.5552214113315	0.000136110934162591	0.00110873698453277	37.1883536036219	112.173413477063	FBgn0014163	failed axon connections	protein_coding	39826
FBgn0038581	224.604731711954	1.27413699125864	0.338968697325402	14.5223462764251	0.000138506799489494	0.00112519570714455	10.2939931247579	5.31699491658951	FBgn0038581		protein_coding	42179
FBgn0027546	173.466439080648	-1.24727992641588	0.319265267550811	14.5094965970441	0.000139454756457993	0.00113187421013243	1.5707831771243	4.84569243023607	FBgn0027546		protein_coding	31533
FBgn0262737	1845.44270509273	-1.18817793815584	0.300401990758022	14.5070033255809	0.00013963944744394	0.00113235126317705	13.1464212315335	36.2761136301205	FBgn0262737	mushroom-body expressed	protein_coding	40436
FBgn0002563	815124.061168224	1.05326967239476	0.281131910935281	14.4203679981847	0.000146212321342128	0.00118323349999303	19591.3296849914	13771.4050681435	FBgn0002563	Larval serum protein 1 beta	protein_coding	33274
FBgn0031378	61.0072646754326	2.78834432717734	0.733316163514594	14.4191248721253	0.000146308868229984	0.00118323349999303	8.95384931830004	1.27847833872949	FBgn0031378		protein_coding	33371
FBgn0031939	965.946931272811	-1.50458169064126	0.377508624064004	14.3766132796348	0.000149649435441585	0.00120699315957504	7.54762085999699	28.1749594664065	FBgn0031939		protein_coding	34051
FBgn0029851	59.8758890238315	1.46968637519632	0.39272878050506	14.3374134701485	0.000152797793716468	0.00122578997224995	2.79091678161781	1.38936677778852	FBgn0029851		protein_coding	31556
FBgn0036713	177.067479687154	1.11999940462626	0.299455007091073	14.3014989836579	0.000155740810832275	0.00124717463207003	8.90319106582269	5.74036082114821	FBgn0036713	Myoinhibiting peptide precursor	protein_coding	39933
FBgn0052447	394.164617265915	-1.55649061456572	0.392616010139241	14.2582723147089	0.000159358834991744	0.00127387911384956	2.53924360874015	8.1494993536386	FBgn0052447		protein_coding	40412
FBgn0011592	1315.78433335791	-1.04339780825207	0.268069155463236	14.2269691850042	0.000162031608713071	0.00129294610217982	5.38405080932647	14.432098412674	FBgn0011592	frazzled	protein_coding	36377
FBgn0040367	137.293018426527	-2.65966466924734	0.646433368548701	14.1704895540916	0.000166968788539625	0.00132880558879367	0.87022684696205	5.25913853259658	FBgn0040367		protein_coding	31069
FBgn0034126	79.5661398736558	-1.51831695530091	0.39477853644128	14.1604776814619	0.000167859658917534	0.00133471433478813	2.57677534929467	9.45241743913324	FBgn0034126	jetboil	protein_coding	36838
FBgn0010038	113.419068153504	1.7318071652184	0.465171791587589	14.1482129063694	0.000168957522856641	0.00134107237691948	15.4856254201265	6.97017549609737	FBgn0010038	Glutathione S transferase D2	protein_coding	48335
FBgn0022160	1749.34092781382	1.60437199684496	0.431609147782117	14.1449340280564	0.000169252250176183	0.0013422270598187	52.2283491258402	25.524736713705	FBgn0022160	Glycerophosphate oxidase 1	protein_coding	47611
FBgn0037164	371.696938108218	1.28176557813263	0.345709473358018	14.1013544903957	0.000173219002773598	0.00136795861727484	20.911764439704	11.6851206793669	FBgn0037164		protein_coding	40469
FBgn0034974	181.430240837363	-1.10817479627242	0.289035080663006	14.0926138037957	0.00017402581355953	0.00137281942222882	1.67017608284268	5.18203370152892	FBgn0034974		protein_coding	37856
FBgn0034588	2146.42738996731	1.16628583825676	0.315654374972424	14.0243012607342	0.000180463218838979	0.00141986502801307	66.4612982397399	41.1834046401376	FBgn0034588		protein_coding	37399
FBgn0038613	915.59663740628	1.34646185163781	0.364389916008	14.0127534695136	0.000181574883887477	0.00142611609676863	22.5157760312003	10.4764564675504	FBgn0038613	Vacuolar H[+] ATPase 100kD subunit 4	protein_coding	42214
FBgn0085317	94.6229735346265	1.3053172750201	0.353356851043641	13.9713225856415	0.000185620366297836	0.00145408009940457	29.785133335057	17.261866798823	FBgn0085317		protein_coding	5740644
FBgn0263006	27597.5070376964	1.15541134345086	0.313379955895729	13.9683582328953	0.000185913274794455	0.00145510711943127	504.106118777862	314.652548407403	FBgn0263006	Sarco/endoplasmic reticulum Ca(2+)-ATPase	protein_coding	49297
FBgn0053333	4751.09482338174	-1.02951857734218	0.266782246853348	13.9639602446565	0.000186348699223161	0.00145724682792512	353.09572340257	948.07244736062	FBgn0053333		protein_coding	2768672
FBgn0052758	1591.74327808107	-1.25493670609875	0.322743828405856	13.9391267926385	0.000188826692256863	0.00147534182751171	12.7053610909382	39.687345630337	FBgn0052758	Sorting nexin 27	protein_coding	31493
FBgn0045064	1452.31154303157	-1.6021990231228	0.40637167181794	13.9119169293211	0.000191579943966978	0.00149425709982223	16.1287728993297	53.9974177230318	FBgn0045064	brain washing	protein_coding	250736
FBgn0051633	148.718825762469	1.02593875817061	0.278658968322575	13.851760674082	0.000197811311251292	0.00153487240904475	7.01238032014607	4.92543367001678	FBgn0051633		protein_coding	33931
FBgn0063494	155.987823493861	1.38124725561534	0.375629161887695	13.8428363211023	0.000198752988402164	0.00154084967646609	18.9649613333444	8.77912370647996	FBgn0063494	Glutathione S transferase E6	protein_coding	37111
FBgn0263046	211.12764225905	1.81469515020489	0.494486807187647	13.7217585412138	0.000211984298045405	0.00163496980473613	17.70096800059	7.59740439803655	FBgn0263046		protein_coding	12798088
FBgn0260945	1482.53709522714	-1.0448538860529	0.273407950038948	13.7099687168674	0.000213319185364702	0.00164385555611376	10.7435369928396	27.5899006759676	FBgn0260945	Autophagy-related 1	protein_coding	39454
FBgn0033788	2477.92138358747	1.49237145404808	0.40841322957418	13.6903048764891	0.000215564468326048	0.00165548357272088	543.437737260801	265.421089769901	FBgn0033788		protein_coding	36433
FBgn0030876	1640.40065045195	-1.58967136303695	0.406612800604825	13.6863465804691	0.000216019310877548	0.00165756114566705	49.4174265522076	217.667802560652	FBgn0030876	Sulfiredoxin	protein_coding	32768
FBgn0284244	1287.93806043655	-1.09564263234987	0.286658697505397	13.6721647357458	0.000217656881323045	0.00166728137456401	12.7950418050432	36.2940633130479	FBgn0284244	lethal (2) k05911	protein_coding	34731
FBgn0000299	18966.3471196417	1.27661892034619	0.350231103087365	13.6499598543986	0.000220246029428916	0.00168567875970574	210.221008149578	136.747202438623	FBgn0000299	Collagen type IV alpha 1	protein_coding	33727
FBgn0051454	69.331014956538	2.19877924119409	0.599656735666191	13.6082416646065	0.00022519471031733	0.00171916471127653	3.42090769840998	1.11876783390053	FBgn0051454		protein_coding	318744
FBgn0041182	4068.21619727992	-1.09345469936676	0.286374284478435	13.5956276125694	0.000226712957910227	0.00172928721839413	22.1253950089994	67.3394706962557	FBgn0041182	Thioester-containing protein 2	protein_coding	34044
FBgn0039474	4176.9372963634	-1.10856806895681	0.290242271018173	13.5884961461878	0.000227575872407324	0.00173439815301615	115.58506011373	294.11452815355	FBgn0039474		protein_coding	43250
FBgn0015609	820.874850881313	-1.00510749003296	0.2648456399916	13.5844269213531	0.000228069734873962	0.00173669019959487	1.93941541920866	5.6761369523926	FBgn0015609	Cadherin-N	protein_coding	35070
FBgn0023129	1576.5096153483	1.27322024461158	0.350154395729104	13.5768098211887	0.000228997090808242	0.00173933347773524	73.5798736348517	42.5665839631835	FBgn0023129	astray	protein_coding	39085
FBgn0025676	117.436135251364	-1.18943262186201	0.31637774426631	13.577820855088	0.0002288737825194	0.00173933347773524	2.51099499339485	7.64990550370556	FBgn0025676	CKII-alpha subunit interactor-3	protein_coding	38088
FBgn0038943	2208.62640725612	-2.22836740672486	0.554687149087501	13.569964625098	0.000229833711305891	0.00174421482343787	53.2630301039384	314.83235651141	FBgn0038943		protein_coding	42611
FBgn0004169	18924.0961712417	1.08577030266464	0.299427407208682	13.5096400785157	0.000237341056917757	0.00179663983574191	841.548770810741	584.715051363768	FBgn0004169	upheld	protein_coding	32314
FBgn0034245	271.917560862148	1.02048380321131	0.281731567522501	13.4528233941193	0.0002446377469946	0.0018472101248719	165.709477126921	112.489621220227	FBgn0034245	Ubiquinol-cytochrome c reductase 6.4 kDa subunit	protein_coding	36991
FBgn0262362	53.6376943859297	-3.0201161705161	0.767803959565383	13.4356671437233	0.000246885170990003	0.00186261605932307	1.36762875916475	13.7778722439555	FBgn0262362		protein_coding	12798056
FBgn0039704	531.739343865244	-1.5399755851665	0.399916508303156	13.4227077464694	0.000248596603921235	0.00187395579133585	3.67077857136567	11.9322895218283	FBgn0039704	neyo	protein_coding	43523
FBgn0001253	1389.16889060024	-2.44171643215568	0.60585001901183	13.384029829774	0.000253775885165379	0.00190819944422429	2.82246821817256	14.3349680404642	FBgn0001253	Ecdysone-inducible gene E1	protein_coding	45879
FBgn0037853	226.591341691556	1.00933300271016	0.279285879716314	13.3568324184304	0.000257482834105832	0.0019344554111226	9.15959237269689	5.83575939353872	FBgn0037853		protein_coding	41317
FBgn0029002	821.449085931415	-1.09685437997331	0.291254272636824	13.2970067868432	0.00026583016331312	0.00198772083550952	21.9867241697889	57.5203913687481	FBgn0029002	midkine and pleiotrophin 2	protein_coding	44787
FBgn0038072	193.186893089611	1.43691933852475	0.398762408511087	13.294964682994	0.000266119858329085	0.00198772083550952	4.84195015999997	2.16257740619527	FBgn0038072		protein_coding	41559
FBgn0085376	528.528598285673	-1.0601256040868	0.282839002714985	13.2488297770671	0.000272750088085478	0.00202895695538977	1.99131529399007	5.36186996693271	FBgn0085376		protein_coding	5740668
FBti0019633	262.423339009319	1.1457943396658	0.319215705533261	13.1949346210331	0.000280706793359921	0.00208283514248001	4.24533458683618	2.56617302066689	FBti0019633		transposable_element	NA
FBgn0035260	138.854847481256	-1.19681522787554	0.322688694576384	13.1269439730861	0.000291079177652971	0.00215446505731125	0.833491993641089	2.50254100768418	FBgn0035260		protein_coding	38214
FBgn0000640	66881.4979525493	-1.8384469542863	0.474954135507124	13.0592407723967	0.00030179174419653	0.00222825382229835	1581.96967507191	8671.64235013361	FBgn0000640	Fat body protein 2	protein_coding	34259
FBgn0039321	1270.29078093654	1.13028215642377	0.317295086564089	13.0279560700271	0.000306875294894282	0.00226392906233329	59.0976021198379	40.3425593686114	FBgn0039321		protein_coding	43061
FBgn0028526	527.16259685811	1.40800838834662	0.395290212804647	13.0146396145803	0.000309065241919303	0.00227635030350556	35.044844463131	14.4083233078003	FBgn0028526		protein_coding	34828
FBgn0032467	5089.84535622134	-1.13748238882616	0.304066690259399	13.0041497194484	0.000310801439283538	0.00228352724140266	28.4750839451231	76.7816882695184	FBgn0032467	Ubiquitination factor E4B	protein_coding	34699
FBgn0040764	528.821092271716	6.65019229527694	1.58702108585767	12.9976879303255	0.000311875830358797	0.00228955048360543	614.86410935584	2.32149828154706	FBgn0040764		protein_coding	50237
FBgn0010482	2882.24738903658	1.14272791661711	0.321702590462039	12.961962432065	0.000317883796535449	0.00232416990426284	34.3202658705683	21.4045615974427	FBgn0010482	hulk	protein_coding	46017
FBgn0034443	1659.47031652764	-1.53285327936846	0.404052157350892	12.9530691455425	0.000319397438268691	0.00233333969321717	124.658523920874	485.778685837454	FBgn0034443	crammer	protein_coding	37229
FBti0019147	44.9874274660324	2.21131700996495	0.619547649464813	12.9205004304226	0.000325002959701722	0.00236851832787487	2.58010572168287	0.784856926087214	FBti0019147		transposable_element	NA
FBgn0028406	142.817151547908	-1.0852690073271	0.297004355001829	12.9168445118444	0.000325638354454409	0.00237122730494615	1.79509666845969	5.14950461759949	FBgn0028406	DNA fragmentation factor-related protein 4	protein_coding	34734
FBgn0010549	145.526940227182	2.21275011866518	0.619014065179146	12.8879597540516	0.00033070274176495	0.00240226959345089	2.57435050252463	0.586033862725329	FBgn0010549	lethal (2) 03659	protein_coding	47905
FBgn0033327	181.892462953146	-1.8316689099622	0.481227280668872	12.8348799570913	0.00034021728586753	0.00246342516248526	4.82821263359014	25.9725370972291	FBgn0033327	Peptidoglycan recognition protein SC1b	protein_coding	35861
FBgn0036552	25.3878483841945	2.50286181926326	0.705313005381361	12.7987551909036	0.000346850062437059	0.00250741367483639	2.8327732128906	0.599257724980741	FBgn0036552		protein_coding	39741
FBgn0033301	74.4165856445453	-1.80778096649202	0.489027628014177	12.7501356399862	0.000355983346588174	0.00256519089412456	6.24125786304598	26.5534782173917	FBgn0033301		protein_coding	35834
FBgn0035410	414.152234050179	1.21651774744633	0.345856158107706	12.689692002981	0.000367676827509702	0.00264309968808533	5.06938196012749	2.75453921002044	FBgn0035410	myomesin and myosin binding protein	protein_coding	38384
FBgn0029639	190.366337682057	2.02002689224771	0.571245326790656	12.6810506221821	0.000369379960783716	0.00265110453896884	27.5279997114832	8.07836362716103	FBgn0029639		protein_coding	31276
FBgn0051674	51.5019645765541	1.73472617136916	0.492765099522838	12.6715696222375	0.000371257731197469	0.00266033528020624	3.4898592006308	1.57112789006106	FBgn0051674		protein_coding	318878
FBgn0260393	1253.51345089835	1.02840824358351	0.292979430268225	12.645717940824	0.000376426882662019	0.00269308429258515	79.1705375777547	47.5695377177382	FBgn0260393		protein_coding	40216
FBgn0030357	2258.51644568469	-1.69012149233854	0.447938159340241	12.6165547721214	0.000382345383091009	0.00272891430963289	47.5209394900659	170.238910591501	FBgn0030357	Sclp	protein_coding	32156
FBgn0035711	151.331371177149	-1.56169898304403	0.423717863060865	12.5625008233476	0.000393564718012416	0.00280037985846752	4.08095576534719	16.7565901795443	FBgn0035711		protein_coding	38745
FBgn0033214	137.957136698076	1.20387484808902	0.344546647251841	12.5344107248513	0.000399525590650425	0.0028380202501732	8.65228986928752	5.80551067254597	FBgn0033214		protein_coding	35718
FBgn0050359	6524.36242939325	-1.0681538539147	0.291766086992468	12.522499114709	0.00040208072133098	0.00285391628013378	88.3447988615573	242.234406769369	FBgn0050359	Maltase A5	protein_coding	35828
FBgn0037623	942.157867808679	-1.62636527669567	0.4347604868114	12.5104171272636	0.000404689241215858	0.0028701658882131	5.36497430999955	16.8742817513559	FBgn0037623		protein_coding	41044
FBgn0033153	1047.0973181315	-1.5178841709825	0.408210924426016	12.4544458977324	0.000416998062603761	0.00295280596613829	15.1487210450523	64.3732121777727	FBgn0033153	Growth arrest and DNA damage-inducible 45	protein_coding	35646
FBgn0040281	153.878857277928	-1.08444276063001	0.302940372365511	12.2955975914463	0.000454027973596977	0.00320241064043735	1.6910166687979	4.93120343514459	FBgn0040281	APPL-interacting protein 1	protein_coding	53472
FBgn0052191	392.066326333337	-1.11172451681384	0.30835313384912	12.2457389199841	0.000466321832006678	0.00327371759190949	5.0216987831997	15.9807654096277	FBgn0052191		protein_coding	317903
FBgn0040342	386.863099236562	1.77031537771908	0.511054113835503	12.2418216832676	0.000467301838806531	0.00327803856192444	19.8077566021977	6.89794792922035	FBgn0040342		protein_coding	53540
FBgn0003204	2807.31983169492	-1.24921113408123	0.34347526013259	12.1844796767114	0.000481887789152114	0.00336199913719547	28.7617931398453	74.1000443496355	FBgn0003204	raspberry	protein_coding	43873
FBgn0042104	645.713771905403	1.10732227277248	0.321402453051609	12.1807568719234	0.000482850482874503	0.00336610418022512	31.8978779371217	21.1227305386462	FBgn0042104		protein_coding	59143
FBgn0032615	136.354080789988	-1.03365475103618	0.291442769290781	12.1749431129009	0.000484357768081393	0.00337256296263586	4.16440680163235	11.0405871617157	FBgn0032615		protein_coding	35022
FBgn0053087	4669.25801443577	-1.37854163651943	0.377440612617393	12.1415186763152	0.000493116044791339	0.00342439582301816	6.08069489476452	19.4056438511929	FBgn0053087	LDL receptor protein 1	protein_coding	35799
FBgn0243486	192.90148081491	-1.11949953364851	0.31379232252877	12.1336388504825	0.000495203990713552	0.00343624188926464	1.27646617664719	3.51835143269172	FBgn0243486	reduced ocelli	protein_coding	35077
FBgn0031942	88.2204331424879	1.86057528450605	0.540824898441942	12.051832187587	0.000517414995990737	0.00358207317855635	13.2571214485254	5.96517048893926	FBgn0031942		protein_coding	34055
FBgn0033598	1674.17055376005	2.13435075269968	0.618022536393007	12.046039237452	0.000519025428563924	0.00359045821467336	204.231390599109	71.7849391090093	FBgn0033598	Cuticular protein 47Eb	protein_coding	36189
FBgn0016013	73.5303410230916	1.71645601728767	0.500536691346184	12.0211687489865	0.000525997084384905	0.00363309660512554	4.16983762264188	2.08022968649735	FBgn0016013	Fumarylacetoacetase	protein_coding	45577
FBgn0001227	969.973111928563	-1.63062459045556	0.445037594693539	11.9929524277668	0.00053402118384986	0.00367440895666549	11.7345876377911	37.0196565758608	FBgn0001227	Heat shock gene 67Ba	protein_coding	39076
FBgn0042206	251.97665797074	-1.2184066960351	0.340713794072364	11.9458691735619	0.000547686747037969	0.00375752551317439	8.95106753155287	27.0429811590996	FBgn0042206	Glutathione S transferase D10	protein_coding	59240
FBgn0027560	5628.71031897859	1.16279489648427	0.341138951864295	11.9369950586244	0.000550301666362448	0.0037691263408968	121.702824438349	77.5710202320861	FBgn0027560	Trehalose-6-phosphate synthase 1	protein_coding	33642
FBgn0031227	91.0767837350389	1.79865290770268	0.52588698959093	11.9324678745573	0.000551640535075997	0.00377542110497598	4.20460386707347	1.96807646684597	FBgn0031227		protein_coding	33178
FBgn0036996	28250.6712873827	1.31311932015403	0.385781468616415	11.9008210680004	0.000561092060034771	0.0038371869930743	1377.78997625082	810.282387576966	FBgn0036996	magro	protein_coding	40267
FBgn0033065	367.037615882135	1.64004186213013	0.480941117049828	11.8921534473872	0.00056370910754451	0.00384630956308632	17.2528658860859	5.84952403513471	FBgn0033065	Cytochrome P450 6w1	protein_coding	35543
FBgn0052573	454.316466983772	-2.14703085753625	0.575881963550055	11.8861844525715	0.000565518511249408	0.00385573007707803	5.62953963568549	29.3168112712293	FBgn0052573		protein_coding	32638
FBgn0036978	101.917446969993	1.55400048330944	0.456610917312574	11.8641379424489	0.000572252529470293	0.00389731848923724	2.54093678948927	0.994238143340908	FBgn0036978	Toll-9	protein_coding	40245
FBgn0031257	114.475890635825	-1.27124711180519	0.360081903980965	11.8441483735867	0.000578428227891574	0.00392885578053544	1.04154664760454	3.46614824892302	FBgn0031257		protein_coding	33221
FBgn0030394	592.677655658299	1.64280391453531	0.483164039330949	11.8253215655982	0.000584306224803778	0.00395682671661173	35.5296511169228	15.3835810871184	FBgn0030394	Cuticular protein 11A	protein_coding	32198
FBgn0260955	36.8128726612746	-2.68495832225153	0.746330356719439	11.8105507966248	0.000588960063119352	0.00398534074313945	6.20942982005613	65.1129536380764	FBgn0260955		protein_coding	8674060
FBgn0010100	10839.821630865	1.02810170185971	0.303341189263176	11.7983358269981	0.000592836906081253	0.0040085581175855	244.544893389197	175.599345041306	FBgn0010100	Mitochondrial aconitase 1	protein_coding	44149
FBgn0035587	156.536870434909	1.25613444258292	0.370446043702188	11.7821144890502	0.000598025172192667	0.00403453891487521	7.09759106594831	3.35924336552694	FBgn0035587	Gdap1	protein_coding	38597
FBgn0262005	52.7811576812857	-3.28333361802091	0.873251411033338	11.7786702129098	0.0005991326843929	0.00403898068271765	1.24943505628768	13.4177586462105	FBgn0262005		protein_coding	3885578
FBgn0032538	9433.95809825575	1.10167396019659	0.325462041673793	11.7719525445198	0.000601298723499686	0.004047514536252	494.916663940556	348.900266695871	FBgn0032538		protein_coding	34811
FBgn0063491	488.230902473287	1.41097019263791	0.416837237437084	11.7470448698635	0.00060939917994761	0.00409590456766211	55.05380254674	28.1352121151598	FBgn0063491	Glutathione S transferase E9	protein_coding	246581
FBgn0031957	60.5950626214822	-1.70607258739277	0.485411577602926	11.7109055980253	0.00062134873852449	0.00416222298413088	0.948890345117881	3.99286281680241	FBgn0031957	TweedleE	protein_coding	34075
FBgn0053281	631.973027205714	1.04846287915064	0.310268884994643	11.7122585046149	0.00062089716094075	0.00416222298413088	26.5281906853087	15.4069016992889	FBgn0053281		protein_coding	2768938
FBgn0035742	431.4358831859	1.37339201885658	0.407014358295654	11.6804286888317	0.000631609784850946	0.00421996047189046	238.311200353103	127.277158755839	FBgn0035742	Acyl-CoA binding protein 4	protein_coding	38781
FBgn0000406	1724.36821285567	1.33564333490357	0.396308205962911	11.6608406185693	0.000638294923799408	0.00425905502964143	84.4689396466192	47.0196793802229	FBgn0000406	Cytochrome b5-related	protein_coding	35008
FBgn0050458	17.6708964009998	-4.02583907817487	1.19479667503133	11.6190534860768	0.000652796131665547	0.00433254288713525	0.183565027042688	2.85480118914348	FBgn0050458		protein_coding	246624
FBgn0038404	402.643166241241	-1.03992448362714	0.297174378251041	11.5938180054166	0.000661714186807192	0.00437558506026256	4.92516766825242	12.8307930385659	FBgn0038404		protein_coding	41963
FBgn0086906	10253.8322307968	1.48716454447486	0.442594198909381	11.5789508731771	0.000667025636644912	0.00440746623831572	24.7183766465938	10.1898849969666	FBgn0086906	sallimus	protein_coding	44013
FBgn0033654	220.256265349303	-1.15004150001641	0.329227481234545	11.5653023423245	0.000671939635215487	0.00443342123220314	1.98209161183209	5.70786728203648	FBgn0033654	Sine oculis-binding protein	protein_coding	36260
FBgn0000180	508.050632906724	-1.1015882861663	0.314334274575893	11.5350557578288	0.000682960292143297	0.00448966513687476	3.97852633990512	10.7868043211514	FBgn0000180	big brain	protein_coding	34330
FBgn0026314	39.1524800564605	2.99900946570795	0.877895930811471	11.5315037371566	0.000684266430938967	0.00449168468133878	2.26050730461075	0.182315585584915	FBgn0026314	UDP-glycosyltransferase family 35 member B1	protein_coding	41333
FBgn0039315	74.4870845588655	2.16143217609522	0.641221727606831	11.5328469697977	0.000683772204888163	0.00449168468133878	5.08885741212518	1.91372663150683	FBgn0039315		protein_coding	43055
FBgn0035638	304.663102556606	1.42363547219338	0.425885202556351	11.4795828891729	0.000703649202723887	0.00460547109177286	15.5563543886373	6.47830847148878	FBgn0035638	Tektin C	protein_coding	38653
FBgn0046258	377.526970595835	-1.18642591375925	0.339137367672124	11.4657631903959	0.00070890112235766	0.00463647112244541	5.25057172504874	15.4822471203886	FBgn0046258		protein_coding	43328
FBgn0034783	747.329521701557	1.55029152642032	0.464214375763008	11.4270814081989	0.000723812945508669	0.0047202681790859	37.2265336235444	15.0048948774725	FBgn0034783		protein_coding	37624
FBgn0035611	69.6506280703578	1.24496949818664	0.372672245270854	11.4242354729688	0.000724922488914281	0.00472407821942473	6.18357874719967	3.64970532806643	FBgn0035611		protein_coding	38623
FBgn0034435	1711.1177633191	1.22513261992554	0.368416769751239	11.3642728936546	0.000748703814451452	0.00485442927423353	45.5652220559269	20.5425649839142	FBgn0034435	wurstfest	protein_coding	37220
FBgn0032336	66.8484133195903	1.35207643734487	0.405995743247406	11.3573302567836	0.000751507721248293	0.0048639298040873	4.34072837938096	2.59059977807021	FBgn0032336	Allatostatin C	protein_coding	34537
FBgn0032713	1058.85662560302	-1.98535549354519	0.547538675301156	11.3484589293833	0.000755106010401877	0.00487376806203771	9.10419226878511	38.523113799046	FBgn0032713	UDP-glycosyltransferase family 36 member D1	protein_coding	35138
FBgn0039452	54.0111440143092	-2.3111519598567	0.646617919041503	11.3483892597989	0.000755134337789519	0.00487376806203771	4.05804093660186	27.2977258337221	FBgn0039452		protein_coding	3772449
FBgn0026417	63.7363595010615	-1.45048006057441	0.421684899019567	11.3296524347845	0.00076279176898322	0.00491740959029828	1.50569914249851	5.51678849420831	FBgn0026417	Hus1-like	protein_coding	40598
FBgn0053282	45.3167001971236	2.02195990776336	0.607005673712183	11.2995440397147	0.000775261274606134	0.00499064040267213	2.44046107083149	0.989091573191562	FBgn0053282		protein_coding	2768939
FBgn0060296	539.0726632245	-1.07126770609144	0.309180761754645	11.291237863087	0.000778737420443025	0.00500943177542498	4.6306052445099	12.9958611591574	FBgn0060296	painless	protein_coding	37985
FBgn0025574	1677.40439488547	-1.27793248481544	0.365063669753532	11.2734327679869	0.00078624203858547	0.00504161604225039	21.1710616604582	58.939389287406	FBgn0025574	Pellino	protein_coding	42821
FBgn0052645	113.129076172463	1.37092385494414	0.413327601273132	11.2590662882771	0.00079235057078285	0.00507160760359443	2.12517030689128	0.946086096823405	FBgn0052645		protein_coding	32264
FBgn0264711	334.964331023623	-1.16232314144442	0.335949600059085	11.2549144103022	0.000794124838692848	0.0050793489860347	1.6327831771646	4.89897840671529	FBgn0264711		protein_coding	2768995
FBgn0031538	1059.55118060922	1.20857670813999	0.365157477512428	11.2492225792553	0.000796563718679584	0.00509132730780775	49.7251012850019	24.8394780138821	FBgn0031538		protein_coding	33564
FBgn0033792	184.296217157277	1.80581292109432	0.543800512465089	11.2350282886982	0.000802678826492915	0.00511958449415358	6.13704438786148	2.64053356261207	FBgn0033792		protein_coding	36437
FBgn0038194	4083.8313599973	-1.03661552379614	0.299290205075228	11.2349965480688	0.000802692553848165	0.00511958449415358	69.5980910100337	198.969911459864	FBgn0038194	Cytochrome P450 6d5	protein_coding	41706
FBgn0033437	1122.78857334014	-1.17466463719127	0.338043921883177	11.223402960143	0.000807722513580121	0.00514801457450463	23.5463311775585	65.8712298043443	FBgn0033437		protein_coding	35996
FBgn0033438	1085.36744484396	-1.37541029424703	0.392461294486773	11.2136295530487	0.000811987513336665	0.00517153237070583	6.40496879200537	18.2096494927721	FBgn0033438	Matrix metalloproteinase 2	protein_coding	35997
FBgn0035545	148.206903374606	3.16624944888653	0.929123273475581	11.1914204288674	0.00082176413540614	0.00522639665467286	18.1765402202568	0.978713779469595	FBgn0035545		protein_coding	38547
FBgn0036846	1137.65735247378	-1.62484066052625	0.45932648090897	11.1749772228944	0.000829079133896402	0.00526919339302498	13.7413762997714	43.8085206587833	FBgn0036846	Misexpression suppressor of ras 6	protein_coding	40083
FBgn0031747	8034.19454362804	-2.15837029418628	0.593583738556683	11.1714816304855	0.000830642661738056	0.00527355921714132	114.184425803856	648.222704303628	FBgn0031747		protein_coding	33818
FBgn0266439	310.549008517627	1.66248757362249	0.504223198899934	11.0948725145795	0.000865667346578647	0.00547464588451601	45.260798178038	22.331530497058	FBgn0266439		protein_coding	19836003
FBgn0265726	4728.49808903766	-2.0785786809077	0.576637961483474	11.0698900209	0.000877408863139197	0.00553333654011977	15.71888255742	65.0792488983296	FBgn0265726	Nna1 carboxypeptidase	protein_coding	32329
FBgn0004003	296.802326967723	-1.89277281311842	0.534325655612402	11.061533149193	0.000881372334901705	0.00555224661483595	6.53072265060545	29.0467874692055	FBgn0004003	windbeutel	protein_coding	37206
FBgn0036062	66.1247178371356	-1.34116918730501	0.396709587434045	11.0609655605229	0.000881642184586427	0.00555224661483595	1.61801739958969	5.39866026816224	FBgn0036062		protein_coding	39172
FBgn0267385	15927.9576402417	1.04990274453794	0.320282245339732	11.0384974921429	0.000892391578517444	0.00561208214378138	521.557122638761	355.756624981135	FBgn0267385	Pyruvate kinase	protein_coding	42620
FBgn0038074	1239.84741125269	1.32117856851708	0.403344633024917	11.0169293233327	0.000902835067234794	0.00566982944109113	101.351367779634	44.1134072092526	FBgn0038074	Glycine N-methyltransferase	protein_coding	41561
FBgn0035192	132.607131041455	1.1395404503942	0.347241375417668	11.0092309815496	0.000906592517218624	0.00568945325006775	2.83575434023443	1.7891943443783	FBgn0035192	galene	protein_coding	38133
FBgn0011270	184.310709539543	1.86727636706299	0.569233997824428	10.9851379251097	0.000918454467941561	0.00575185308509642	15.9493010409222	4.64279198044204	FBgn0011270	Phosphoglyceromutase 87	protein_coding	46246
FBgn0264295	25.3426798073492	3.42116845948907	1.02182524511841	10.9871770206266	0.000917444492149139	0.00575185308509642	33.142006249645	1.63346815131554	FBgn0264295		protein_coding	33617
FBgn0033787	7438.28183995006	1.17327267233674	0.359409458981275	10.9497603272724	0.000936157233172451	0.00584618810073871	531.992570961598	330.349139411771	FBgn0033787		protein_coding	36430
FBgn0035300	449.019766245329	-1.10195888090726	0.32304022709857	10.9485513261819	0.000936768270117257	0.00584618810073871	8.04375226855537	26.3959634899079	FBgn0035300		protein_coding	38264
FBgn0034366	531.51318987467	-1.24785088709365	0.364589084860189	10.8574162111989	0.000984008902095788	0.0060883707694119	5.56736937799041	15.3937518867408	FBgn0034366	Autophagy-related 7	protein_coding	37141
FBgn0036910	60.2186648743778	1.60814390605492	0.494664114519074	10.8510708274473	0.000987386433261052	0.00609860315543725	2.5916050944325	1.15429535938859	FBgn0036910	Cytochrome P450 305a1	protein_coding	40161
FBgn0041710	831.98762698784	-1.62222079539503	0.465916139380321	10.8463066079634	0.000989930043144916	0.00611011728071532	12.8303654340816	45.7453182409754	FBgn0041710	yellow-f	protein_coding	41595
FBgn0053470	473.632121130137	-2.70639253934157	0.738384412459901	10.8061794551385	0.0010116185442053	0.00622263034749542	6.27989287378315	27.5936757083117	FBgn0053470	Baramicin A1	protein_coding	2768831
FBgn0035154	6655.8950171502	1.05176810874143	0.32441874259865	10.7965956474667	0.0010168692463041	0.00625065285851867	305.39483190682	195.585300094365	FBgn0035154	highroad	protein_coding	38083
FBgn0002732	164.486860765583	-1.21975728073262	0.361465309429826	10.7743797253319	0.00102914698334659	0.00630949942852123	8.44378824202995	28.6503890536087	FBgn0002732	Enhancer of split malpha, Bearded family member	protein_coding	43153
FBgn0000422	7336.1424754256	-2.29526688927812	0.638731258889938	10.7595442825934	0.00103742924794422	0.0063423529753653	53.6814670113475	224.36554111852	FBgn0000422	Dopa decarboxylase	protein_coding	35190
FBgn0030955	5947.4952029118	-1.00205974692234	0.296216335111241	10.7479245553231	0.00104396331110882	0.00637623902261782	198.979057293147	463.929178428097	FBgn0030955		protein_coding	32865
FBgn0085224	36.6456426567029	1.63711524676623	0.505858298439472	10.7438984950192	0.00104623696189186	0.00637623902261782	2.61118641600852	1.06442152175161	FBgn0085224		protein_coding	37018
FBgn0035355	90.3698749400978	1.04976075207006	0.324192363988776	10.7007911152567	0.00107089732174823	0.00651154808281396	12.9372135006246	8.96790984932009	FBgn0035355		protein_coding	38323
FBgn0030824	81.5435603993583	1.64478307084668	0.51077847394275	10.5874212342205	0.00113859682417804	0.00689057956920127	9.25971897324429	3.65866768111796	FBgn0030824		protein_coding	32705
FBgn0035875	40.5936341039598	-3.20762666749565	0.910131350274479	10.5883344312002	0.00113803455844415	0.00689057956920127	0.355487375142711	2.51341451494131	FBgn0035875	Cuticular protein 66Cb	protein_coding	38940
FBgn0004507	20699.797137029	1.02712497812005	0.320154093835171	10.5721334531967	0.00114805153131081	0.00694312536723478	435.512732537653	279.923182877933	FBgn0004507	Glycogen phosphorylase	protein_coding	33386
FBgn0031791	1323.37620948736	-1.19511133543996	0.355006678047016	10.5074887293272	0.00118891722178659	0.00715179436490089	49.1456268040059	159.490179988492	FBgn0031791	Arylalkylamine N-acetyltransferase-like 2	protein_coding	33874
FBgn0032262	182.524306875791	-1.31740532479203	0.393150801886603	10.5084645838811	0.00118828951405846	0.00715179436490089	1.92776776877715	6.65388271506899	FBgn0032262		protein_coding	34447
FBgn0038398	68.8459901805483	-2.53255553027318	0.730360679568698	10.4828377072995	0.00120488549698537	0.00721887759786107	0.543717185913537	3.88310025030761	FBgn0038398	sex-specific enzyme 2	protein_coding	41954
FBgn0032002	105.934766731376	1.17056477166269	0.365874483286138	10.4639061651192	0.00121729604479086	0.00728837771691361	11.5550414710138	6.58434277985997	FBgn0032002		protein_coding	34123
FBgn0037781	293.643604911466	1.05549236950601	0.330509908335511	10.4590400767565	0.00122050684838946	0.00730273991188719	16.8383891770654	9.96233676457422	FBgn0037781	Fancl	protein_coding	41231
FBgn0001255	261.507000235272	-1.98845071533669	0.574419320795397	10.456544928889	0.00122215655072529	0.00730774857757483	4.47447286076425	17.42519815794	FBgn0001255	Ecdysone-inducible gene E3	protein_coding	48239
FBgn0038071	999.682312455182	-1.64397991773222	0.481182256346119	10.4068095223434	0.0012555147335018	0.00749226542692878	8.06907948650661	24.8061859425089	FBgn0038071	Dpp target gene	protein_coding	41558
FBgn0052249	69674.6127118888	1.25939918168492	0.396269137398267	10.3778583227028	0.0012753554829156	0.00759722880518141	5791.36569014875	3189.92539446161	FBgn0052249		protein_coding	317939
FBgn0050373	140.356718930215	1.08426977354921	0.3410966790285	10.3600254791303	0.00128773426951812	0.00766419211500757	22.2108315924542	14.0251034333665	FBgn0050373		protein_coding	246573
FBgn0085256	16718.0313413799	-1.12452985019866	0.336877746405786	10.3571855496374	0.00128971682072596	0.00767091492644749	1600.90825112555	3851.66821742593	FBgn0085256		protein_coding	36186
FBgn0288232	338.493351710829	1.02976235176961	0.325409153177889	10.2571083779153	0.00136158931359178	0.00803462775402286	13.6909961016419	8.80166115173074	FBgn0288232	Cytochrome P450 6a21	protein_coding	36665
FBgn0027793	213.06288591951	1.09178635405159	0.345620484304826	10.2460258479095	0.00136979386835089	0.00807774180857678	20.0557823316823	12.2072005966489	FBgn0027793		protein_coding	31096
FBgn0013301	60.8523458947714	2.62521267013125	0.821609692322756	10.2187006655586	0.00139023758463011	0.00818665495027295	11.6608791555047	1.96492905692274	FBgn0013301	Protamine B	protein_coding	34867
FBgn0032225	70.4303418138625	-1.51240614533908	0.460211783565074	10.2176974980819	0.00139099396908897	0.00818665495027295	0.720924524815328	2.68202312124863	FBgn0032225		protein_coding	34398
FBgn0037477	14.8572299935778	4.5661395337356	1.40959092302754	10.1769915217572	0.00142204018350868	0.00833664104973503	4.80349688624566	0.329563947506202	FBgn0037477		protein_coding	40856
FBgn0034903	5993.10798212156	-2.15649565710967	0.621767875160351	10.1667553388367	0.00142995706165373	0.00837213792672655	18.9819691642212	107.388691988929	FBgn0034903	sol narae	protein_coding	37762
FBgn0003447	1705.31407321986	-1.35916337533093	0.40764598448677	10.150778947654	0.00144240282124535	0.0084285435811952	15.6751783004364	46.9356387766747	FBgn0003447	singed	protein_coding	31717
FBgn0032434	64.2553229337649	1.90790901477314	0.606421519897574	10.1317875153662	0.00145734010588301	0.00850477584179486	3.58675314288665	0.889964307824529	FBgn0032434		protein_coding	34661
FBgn0038916	41.0078306340236	1.45424336283014	0.462611402870001	10.1290935955015	0.00145947159635846	0.00850857007806079	4.43610284704725	2.28723479616575	FBgn0038916	dead end	protein_coding	42580
FBgn0037844	53.206874187501	1.42915460963876	0.454654787235277	10.1199960638358	0.00146669312888282	0.00853719825763316	3.33073169330356	1.71173329296726	FBgn0037844		protein_coding	41306
FBgn0036607	23.6560781316695	2.45275562956792	0.776511528008934	10.1161542642674	0.00146975356835659	0.00854947855124893	5.4961144723302	1.6916608664354	FBgn0036607		protein_coding	39803
FBgn0032252	99.5986942781116	1.2594302016824	0.400348365147224	10.1147716687247	0.00147085654793747	0.00855036388855956	2.84927575418124	1.53972910604191	FBgn0032252	lonely heart	protein_coding	34435
FBgn0037069	164.170452926876	2.03381896853699	0.644015016166505	10.1128303421539	0.00147240667571762	0.00855384575886856	40.6239425879241	16.250677006859	FBgn0037069	Cuticular protein 78Cc	protein_coding	40355
FBgn0036595	68.0950257531674	1.55577078924327	0.494739014488416	10.1105579769611	0.00147422323582238	0.00855886995464859	8.10299503991255	4.15492893583602	FBgn0036595		protein_coding	39791
FBgn0037765	26.5661011833869	2.48382901359293	0.786145732621227	10.0847579951072	0.0014950079598519	0.00867393973093426	3.1062256717046	0.963580405704628	FBgn0037765		protein_coding	41214
FBgn0039099	429.673305987162	-1.72448383878028	0.512860681700397	10.0583679799185	0.00151657512301943	0.00876514144043297	15.6512862132783	52.2871332407885	FBgn0039099	Gamma-interferon-inducible lysosomal thiol reductase 2	protein_coding	42788
FBgn0051719	109.725620849263	1.22431041909067	0.39076034895519	10.0325298897385	0.00153799652994815	0.00886615563706647	2.44339856617488	1.56854840336492	FBgn0051719	RluA pseudouridine synthase 1	protein_coding	34438
FBgn0261502	29.8547959322884	-2.67214185203036	0.8124958836261	10.017678964313	0.00155044731084005	0.00892648698232047	0.538227329314247	3.95046501589734	FBgn0261502		protein_coding	10178825
FBgn0051848	48.6307579872617	1.7036966222929	0.545706913205355	10.0147103211274	0.00155294839154937	0.00893365012442269	5.85277918146089	1.8654595047631	FBgn0051848		protein_coding	318980
FBgn0259229	235.30956085277	1.38345237175734	0.443233321215232	9.99358075050909	0.00157086849943172	0.00902095811966119	6.61706043327937	2.48285215519232	FBgn0259229		protein_coding	33312
FBgn0037114	7718.89848295397	-1.37129320187495	0.414749470652892	9.95365186826353	0.00160530638692042	0.00920696450100468	728.408550093161	2030.56447291164	FBgn0037114	Cuticular protein 78E	protein_coding	40408
FBgn0265191	3376.80897354914	1.05345094588551	0.339017307678028	9.91687174938355	0.00163770499738912	0.00934510218370582	89.6106505571314	56.013040174813	FBgn0265191	Glycogenin	protein_coding	37419
FBgn0023094	389.301774531429	-1.080581814718	0.333450271896475	9.89713811899109	0.00165536005948829	0.0094159728114979	6.78772261000131	17.1896594245566	FBgn0023094	cycle	protein_coding	40162
FBgn0038977	52.1879085170728	1.31884891246697	0.424582149605489	9.88168141796096	0.00166932325995213	0.00948340118556505	5.66760977734313	2.90288564630394	FBgn0038977		protein_coding	42648
FBgn0001226	8722.82135628216	-1.50298359181467	0.453989204466017	9.86234634839978	0.00168695821814883	0.00956545728613644	174.851353010221	522.241282866053	FBgn0001226	Heat shock protein 27	protein_coding	39078
FBgn0029167	5877.69502717045	1.21417263966308	0.392456396771285	9.83416689689375	0.00171299849530314	0.0096704303002267	29.9538750862372	15.7387942026618	FBgn0029167	Hemolectin	protein_coding	39529
FBgn0028544	7448.68850888961	1.20800353259638	0.391272484159573	9.79380314119163	0.0017510094057359	0.00986643332442541	372.775763952251	255.224666848309	FBgn0028544		protein_coding	34812
FBgn0001224	16089.997073382	-2.30684995450887	0.672966670994442	9.7754217347992	0.0017686014894415	0.00994064574659213	328.641790636015	1852.70960206435	FBgn0001224	Heat shock protein 23	protein_coding	39077
FBgn0003319	149.714677129934	-1.89333194799322	0.572127021228595	9.76033555179119	0.00178317360764468	0.0100037930465057	0.651645419927397	2.98678626865036	FBgn0003319	Stubble	protein_coding	41958
FBgn0035553	2609.93630729597	-2.0651668519376	0.61077302705527	9.76034136790553	0.0017831679663343	0.0100037930465057	15.6933329403789	57.7626319082758	FBgn0035553		protein_coding	38555
FBgn0039323	73.1566294244017	1.22473762683689	0.396837677035004	9.74029322723578	0.00180272137789347	0.0100945662212927	3.68975323378743	1.93367522652653	FBgn0039323		protein_coding	43063
FBgn0040319	3152.39860367676	1.05699109998936	0.343458330423588	9.72815147306312	0.00181466901902528	0.010155145294396	60.0760633142798	36.1458300292596	FBgn0040319	Glutamate-cysteine ligase catalytic subunit	protein_coding	53581
FBgn0033731	312.44249861777	1.55837408431632	0.505593236931344	9.72623729782933	0.00181655990159641	0.0101594049720501	26.4208780097175	14.7823735416436	FBgn0033731	Cuticular protein 49Ah	protein_coding	36354
FBgn0034480	41.3459807773572	2.15385443226297	0.696797715600253	9.719065318015	0.00182366238374454	0.0101927879533963	2.82510912909878	0.844271541939523	FBgn0034480		protein_coding	37276
FBgn0001098	11585.4363781759	1.00134195514185	0.327836609157734	9.58064755115997	0.00196639039197633	0.0108957170641054	330.543241742051	238.347374718221	FBgn0001098	Glutamate dehydrogenase	protein_coding	42832
FBgn0001089	1441.42253343939	-1.51743467193241	0.465943216226368	9.55204926030892	0.00199726315363232	0.0110549056130569	13.1928000546075	38.9181477545805	FBgn0001089	beta galactosidase	protein_coding	33839
FBgn0001187	67.2785968575509	2.21182284332499	0.719152640441087	9.55175965119752	0.00199757829658817	0.0110549056130569	3.97546927550112	0.799958411992795	FBgn0001187	Hexokinase C	protein_coding	44008
FBgn0037515	1386.02361369762	-1.57673930066189	0.483276520413004	9.53245121697597	0.00201870322496195	0.0111512273354317	21.4021102482369	59.1619454499655	FBgn0037515	Serine protease 7	protein_coding	40918
FBgn0034301	468.858978768902	-1.53472732430066	0.47354217371418	9.5061395106972	0.00204785545932027	0.0112707246913508	3.64446371431187	13.9027931714237	FBgn0034301		protein_coding	37064
FBgn0053307	420.322848592958	1.12816474936636	0.370681104469769	9.50028138416886	0.00205440390009977	0.0112998497086222	69.7344469002223	46.2723347789715	FBgn0053307		protein_coding	2768914
FBgn0027790	453.374054811558	-1.1614973247927	0.364549262421757	9.48258721761642	0.00207431234074257	0.0114023782886907	12.1754394452522	29.8718477632608	FBgn0027790	GV1	protein_coding	38238
FBgn0036575	56.515496554918	1.69153999537685	0.55637754840215	9.46973873879443	0.00208889120868189	0.0114684973380197	3.34057234750105	1.36114191872217	FBgn0036575		protein_coding	39771
FBgn0020445	1712.04479368749	-1.81679092876762	0.552598040421124	9.46444064251466	0.00209493305143731	0.0114946509649639	6.82093666441767	26.0603459615592	FBgn0020445	Early gene at 23	protein_coding	43895
FBgn0053178	212.005427200817	1.25090677531195	0.4116540962251	9.46329525847739	0.00209624155240845	0.0114948172443959	34.6627945521211	22.8180043377908	FBgn0053178		protein_coding	318913
FBgn0039308	290.132158113228	-1.26574255549534	0.396626335851023	9.44463607170727	0.00211767515471195	0.0115768645543996	5.47022642833401	13.9470792606778	FBgn0039308		protein_coding	3772506
FBgn0040028	471.460020305137	1.26355207869773	0.417241977682688	9.42620001029587	0.00213907075910659	0.0116656539336844	18.4208930237411	9.52359920406328	FBgn0040028		protein_coding	49952
FBgn0035197	717.426763452321	1.08721704288091	0.359429609449123	9.4033292798575	0.00216591790663573	0.0117977587730922	15.3818691585886	8.94953306581331	FBgn0035197		protein_coding	3772105
FBgn0030494	491.156646030156	-1.3325673145122	0.417215740061779	9.39371138807073	0.00217730985405446	0.0118454612931105	17.041799333821	59.6106807117245	FBgn0030494	Cuticular protein 12A	protein_coding	32309
FBgn0036773	257.562729191937	-1.01064018098481	0.32200251669992	9.38048117926176	0.00219307979464286	0.0119096416625744	4.18170003676955	11.1381544884422	FBgn0036773		protein_coding	40000
FBgn0050043	1507.96911405685	1.2251989853336	0.405588381561678	9.3734825926855	0.00220146866336453	0.0119479829146875	31.6012006685196	15.5570101762621	FBgn0050043		protein_coding	246412
FBgn0052071	19.2225747568242	3.66188606692414	1.17931963293105	9.37087152280913	0.00220460675749502	0.0119577976900801	7.89451458810103	0.673322309662484	FBgn0052071		protein_coding	39246
FBgn0033639	2003.21988237262	-1.1166047663877	0.352390054768504	9.35398672993604	0.00222500945016547	0.0120611874534889	18.3256791389234	44.1038356331639	FBgn0033639		protein_coding	36244
FBgn0035546	283.196366746651	-1.16243030017926	0.367820848603503	9.33923160341759	0.0022429955416812	0.0121440450971337	9.32334727377467	30.1059259474851	FBgn0035546		protein_coding	38548
FBgn0263236	2549.57863880998	-2.19867717961105	0.662124226024947	9.28742916825755	0.00230731744783722	0.012451465916199	11.9509657659364	43.4646792956887	FBgn0263236	SP1029	protein_coding	53473
FBgn0034636	223.927346252063	-1.03459434136439	0.331591399780259	9.27821930044617	0.00231894756816348	0.012502575228114	2.58835179918449	6.67071651302947	FBgn0034636	tiwaz	protein_coding	37456
FBgn0032801	112.173892685376	1.11191250143237	0.370994395289139	9.18588891621107	0.0024388805792257	0.0130786243583642	9.75917693828625	5.49297995567827	FBgn0032801		protein_coding	35242
FBgn0003295	49.230208894523	-1.49253207525014	0.483117428165723	9.17405856322285	0.00245469604088015	0.013132112727921	0.603347206822249	2.43333076681396	FBgn0003295	roughoid	protein_coding	44856
FBgn0023528	1103.31457632298	-1.02322859012443	0.327704532848158	9.16538623204552	0.00246635576658266	0.0131709842095474	11.4117900935567	26.5675804547331	FBgn0023528		protein_coding	31214
FBgn0039613	71.6037048106416	1.2047886369332	0.40246362101557	9.15899246573846	0.00247498800221842	0.0131802857389026	2.23268992969019	1.27111186779133	FBgn0039613	Neprilysin-like 20	protein_coding	43412
FBgn0034499	343.492323674397	-1.01175082106225	0.325795812835021	9.15544730960985	0.00247978753153287	0.0131878943057807	8.47867507325437	20.8362866607111	FBgn0034499	Cuticular protein 56F	protein_coding	37299
FBgn0029831	1553.01106873907	-1.76144189935178	0.546223788681643	9.14784191559518	0.00249011581529775	0.0132271775115019	10.4741823247688	49.0028392079154	FBgn0029831		protein_coding	31532
FBgn0031940	965.627072464922	3.84869692366461	1.2203798681098	9.13134182446763	0.00251267364920552	0.0133391228614553	108.504932090683	3.76829407671466	FBgn0031940		protein_coding	34053
FBgn0033710	342.418778117983	-1.60030157123812	0.50375178579617	9.08681716224562	0.00257458542135357	0.0136355987598544	2.40764862419526	7.07721073805975	FBgn0033710		protein_coding	36333
FBgn0030186	314.56947161103	-2.12247572603171	0.653921601559256	9.0479638731298	0.00262987540308933	0.0138793835093793	3.91512238265732	24.9394209964806	FBgn0030186		protein_coding	31952
FBgn0016660	78.1794204564543	-1.22890207926346	0.400590195695446	9.04472724694418	0.00263453530852068	0.0138958217181974	0.71290277355323	2.14882194286427	FBgn0016660	H15	protein_coding	33769
FBgn0263087	162.860322618162	-1.0981077861702	0.357091149039383	9.01386075133151	0.00267939844550903	0.0140911287838963	6.63741297304017	19.9167300351042	FBgn0263087		protein_coding	13084068
FBgn0004431	376.997327526253	-2.40632840763144	0.731502845054287	9.01053788291665	0.00268427410830182	0.0141085196118985	13.6650530896533	69.8540340448054	FBgn0004431	Lysozyme X	protein_coding	38122
FBgn0031384	409.64636601767	-1.0660015728184	0.34509948944555	8.99186924862484	0.00271183465245862	0.0142284300055778	2.86822540656388	6.85763784875204	FBgn0031384		protein_coding	33377
FBgn0025612	35.9372932506049	1.85786018576155	0.629068291810345	8.96664207843175	0.00274953466273965	0.014388446189738	3.70555926288887	1.36359191231041	FBgn0025612		protein_coding	31396
FBgn0038143	115.178849014305	1.26212330803019	0.427323350861454	8.93310025971132	0.0028004859156234	0.0145829587951368	3.20402479535687	1.60777998896262	FBgn0038143		protein_coding	41644
FBgn0031522	397.658004527312	1.09201189627882	0.370608667623629	8.90044036918306	0.00285101890825651	0.0148032407863457	16.4898362080245	11.2925223423866	FBgn0031522		protein_coding	33547
FBgn0034407	160.087297482366	-3.49694947424731	1.02005725558482	8.88605408065169	0.00287357094309178	0.0149031277342701	4.35961423991178	22.3220974117278	FBgn0034407	Diptericin B	protein_coding	37184
FBgn0003339	232.760264020593	-1.26619234649907	0.411175084287201	8.8485726045538	0.00293318190481414	0.0151598303850538	1.8399245270253	5.06936483950303	FBgn0003339	Sex combs reduced	protein_coding	40833
FBgn0052085	384.359188463266	1.1438222499471	0.390077782760326	8.83726150444497	0.00295141678137707	0.0152365620636763	8.39445061119013	5.39146482742628	FBgn0052085		protein_coding	39311
FBgn0262599	55.1153624210915	2.89515707182129	0.96740088387681	8.8092738565727	0.0029970328643445	0.015436607416409	2.96460393084974	0.262802109077956	FBgn0262599	SET and MYND domain containing, arthropod-specific, member 3	protein_coding	34502
FBgn0038479	65.4416537447602	1.7993915872508	0.612701554976759	8.80013209686257	0.00301208735382156	0.0154963967808451	7.24148300979494	3.23839679044921	FBgn0038479		protein_coding	42067
FBgn0261932	54.9418720546285	-2.22750870065896	0.71220508552256	8.78310530809755	0.00304033188093711	0.0156059957792622	2.68760598304097	16.4152403470547	FBgn0261932		protein_coding	10178954
FBgn0037818	105.748613612037	1.14041262062641	0.391039964758108	8.73442213815046	0.00312258260354914	0.0159825756139542	5.59352163860277	3.79632901606394	FBgn0037818		protein_coding	41274
FBgn0042101	143.074888044754	1.25437068608153	0.429569561449685	8.73016492141767	0.00312988185492193	0.0160017211604962	7.79052860508971	3.82039801584184	FBgn0042101		protein_coding	59140
FBgn0004394	101.202577326383	-1.43461170303435	0.468516599815844	8.71085084499669	0.00316321536410679	0.0161446059985314	0.654143462404563	2.64141439065152	FBgn0004394	POU domain protein 2	protein_coding	34673
FBgn0034997	4194.31401889662	-1.13974232121672	0.372765597833999	8.68408513873344	0.00321000668344351	0.0163370628773104	36.6348022880934	93.9453793430952	FBgn0034997		protein_coding	37884
FBgn0259230	114.429270003362	7.49067650398218	2.16484091357593	8.64386696372983	0.0032816415749693	0.0166639202053636	17.8469304759837	0	FBgn0259230	lectin-22C	protein_coding	7354375
FBgn0035146	3246.49307424428	-1.07670976795103	0.354501400900233	8.61737228351802	0.00332971848642467	0.0168699483653054	40.918244983372	108.979794028086	FBgn0035146		protein_coding	38074
FBgn0085360	486.744037179845	1.03738313232793	0.35866138458758	8.58144879856142	0.00339605052512182	0.0171673312942218	75.2188563027023	42.6785772390754	FBgn0085360		protein_coding	33011
FBgn0028496	274.065323615508	1.06404520920028	0.36771579637419	8.57735838926326	0.00340368808381125	0.0171894747361058	2.40468850724754	1.50237608656462	FBgn0028496		protein_coding	37126
FBgn0003162	5229.07266841215	-1.79062185625339	0.57240715333327	8.57464708598586	0.00340876021431078	0.0172025704866986	57.6907761536751	310.32405388301	FBgn0003162	Punch	protein_coding	37415
FBgn0001296	469.14378795702	-1.40331162192233	0.457910826733866	8.57005107642077	0.00341737568949805	0.0172170641880426	4.7647963081169	15.0668125732105	FBgn0001296	karmoisin	protein_coding	45883
FBgn0000071	3226.25343125462	-1.96679799884054	0.624109916795175	8.55743481710201	0.0034411395298475	0.0173173854459533	37.3560871942583	109.574231522903	FBgn0000071	Amalgam	protein_coding	40831
FBgn0030817	71.094307110021	1.72383154734152	0.5954545632025	8.54392778732905	0.00346676747360707	0.0174268529290936	2.64553506670162	0.986270072927578	FBgn0030817		protein_coding	32695
FBgn0262023	571.610923917606	-1.25883409269519	0.414497467719545	8.52947111440886	0.00349441230201594	0.0175071029704899	42.7735366424289	124.061726802044	FBgn0262023		protein_coding	10178910
FBgn0039470	10436.5901097182	1.17664004033693	0.408610809585519	8.52073910921234	0.00351121858091499	0.0175815081838355	323.314688801482	188.22638927987	FBgn0039470		protein_coding	43246
FBgn0031876	95.4446606774153	-1.05785391959942	0.356878230627047	8.48520228092397	0.00358046766857502	0.0178884143019418	2.32936364569176	6.8445260807167	FBgn0031876	Ada2a-containing complex component 1	protein_coding	33977
FBgn0033728	37.7439697774823	2.27852861286371	0.786123344970407	8.47873547875006	0.00359321782185168	0.0179321908279202	2.88742803044005	0.785063452936696	FBgn0033728	Cuticular protein 49Ae	protein_coding	36351
FBgn0034160	434.404128137084	1.64134747094974	0.573057958521485	8.38845646520566	0.00377611438636857	0.0187365760631711	40.6105825086594	19.1876850858044	FBgn0034160		protein_coding	36883
FBgn0085409	507.09405065219	-1.06087550948005	0.355294057232833	8.3878776474026	0.00377731706911255	0.0187365760631711	3.29513600292056	8.36012564818621	FBgn0085409	smoke alarm	protein_coding	5740323
FBgn0030927	249.283597467438	-1.09714656526381	0.368431740759423	8.37751450933684	0.00379891592700146	0.0188333246590541	3.79262548021452	9.48928061072802	FBgn0030927		protein_coding	32833
FBgn0027570	2411.86541523944	-1.28837015730031	0.42713151993557	8.352492940831	0.00385158524300898	0.0190419494724463	21.0466292254229	58.8011098049869	FBgn0027570	Neprilysin 2	protein_coding	40588
FBgn0086655	1195.13710075278	-1.03678043174526	0.348013602991594	8.32572054542139	0.00390876307296789	0.0192400144035031	5.36867428775123	13.6899268530694	FBgn0086655	jing	protein_coding	35555
FBgn0036040	40.9852867478011	-2.45271515406506	0.806954099577908	8.2812021867401	0.00400575987476843	0.0196529179235093	0.28386533180027	2.12755183344437	FBgn0036040		protein_coding	39144
FBgn0040723	368.580160880996	1.12538143819159	0.396448659458291	8.26512045297937	0.00404139797433931	0.019784590083415	104.13694898195	62.8936957617139	FBgn0040723		protein_coding	50196
FBgn0032803	179.079890986239	-1.61991797756981	0.537387325768776	8.22776834913321	0.00412542272608987	0.0201630035737642	2.99613258306425	9.77090047931314	FBgn0032803		protein_coding	35244
FBgn0031540	82.5314087651494	-1.08087165408885	0.370426731424512	8.20451096977794	0.00417863698634047	0.0204009133649076	0.856004203414127	2.57781184841303	FBgn0031540	Pif1 DNA helicase	protein_coding	33567
FBgn0036587	221.984663384941	-1.70199243371231	0.563942714379068	8.17399028714863	0.00424953180233434	0.0206796750532428	2.45609089485051	8.4121015856622	FBgn0036587		protein_coding	39783
FBgn0033132	260.131361793061	-1.48228262600238	0.495551863465622	8.17147662298154	0.00425542494789827	0.0206892455002162	5.86629986909282	19.2680978040816	FBgn0033132	Tetraspanin 42Ej	protein_coding	35620
FBgn0085475	29.7410960930813	1.79765075808576	0.637817310407315	8.16405590490916	0.0042728709837188	0.0207536097638206	18.9456329823747	6.73637710002972	FBgn0085475		protein_coding	5740549
FBgn0031547	125.297512486742	1.16485656341953	0.412736395746422	8.15028693448663	0.00430543482109652	0.0208839133474223	6.37989632738146	3.41932960102976	FBgn0031547	Scavenger receptor class C, type IV	protein_coding	33576
FBgn0033945	167.779292962356	1.03951454070075	0.36983717906305	8.09788772368434	0.0044316874456439	0.0214154568504436	21.5463023732914	16.2043871551786	FBgn0033945		protein_coding	36620
FBgn0033856	42.0612421038252	2.27672184280671	0.806620524488921	8.09031502374635	0.00445024262039551	0.0214920701970328	2.4008702828569	0.744794095706692	FBgn0033856		protein_coding	36510
FBgn0053970	329.93382205059	-1.02233852850631	0.350323304173451	8.06564675475674	0.00451123697342078	0.0216977366003115	3.34411884256515	8.62651983875151	FBgn0053970	oskyddad	protein_coding	43186
FBgn0035290	507.885579561279	-1.08174626947538	0.369869409971142	8.03859229521051	0.00457911083685381	0.0219732922092014	5.62411881556682	16.0006004368591	FBgn0035290	debris buster	protein_coding	38252
FBgn0085474	123.918894676209	1.02106881758926	0.364185517288602	8.03604620212333	0.00458555174450688	0.021981805350933	24.429718444529	18.6156797906276	FBgn0085474		protein_coding	5740761
FBgn0033817	26.1621330305719	-2.09331278198844	0.723427484766456	8.02466317954817	0.00461446065293573	0.0221086013062605	0.459922915786055	2.80710649924965	FBgn0033817	Glutathione S transferase E14	protein_coding	36467
FBgn0001254	2970.36753136927	-2.18013124314256	0.708711086803168	7.98315754114373	0.00472145211199773	0.0225731094328525	27.5047570040841	125.001034913867	FBgn0001254	Ecdysone-inducible gene E2	protein_coding	38432
FBgn0039752	172.976928766191	1.26056784548179	0.452276379008916	7.98091220730669	0.00472731156878898	0.0225891142072898	5.85496868070748	3.107398147589	FBgn0039752		protein_coding	43589
FBgn0052751	829.94334183058	1.4400874638843	0.518959069308161	7.8985793141096	0.00494736396830917	0.0233920316335459	37.7232580590638	13.6370121450476	FBgn0052751		protein_coding	318189
FBgn0036985	11334.6762126341	-1.05060449325839	0.361742251452478	7.8866504205582	0.00498010113342685	0.0235220848177036	39.2894115022264	123.019895880954	FBgn0036985	zye	protein_coding	40255
FBgn0029753	458.69275737257	1.20696593917907	0.436515359819514	7.85891118525561	0.00505708369787959	0.0238276657855055	17.4507889387066	7.91103712968532	FBgn0029753		protein_coding	31445
FBgn0035636	59.2620212379215	-1.42540873897764	0.497584726392754	7.84524836940192	0.00509544572697722	0.0239787249726354	0.883120995887167	3.12728260408827	FBgn0035636	Cellular retinaldehyde binding protein	protein_coding	38651
FBgn0028410	77.3130986993396	1.31238826520042	0.475533811692232	7.82883497945284	0.00514192313368144	0.0241721457089374	4.57527756164185	2.21855963804424	FBgn0028410	Protein kinase at 34A	protein_coding	34705
FBgn0032253	805.56842065094	-1.4359973080155	0.489699872268412	7.80592055728106	0.00520753305427545	0.0243913253943224	5.4665179966722	13.1200169475807	FBgn0032253	Lysosomal alpha-mannosidase I	protein_coding	34436
FBgn0038934	1095.80735189269	1.07682718598778	0.390661046867534	7.80738318105878	0.00520331980274691	0.0243913253943224	14.64914290642	8.33032986143254	FBgn0038934	GLD2 poly(A) polymerase	protein_coding	42602
FBgn0032345	90.2117378138887	1.06596003444079	0.387580660945883	7.75664511588669	0.00535152733443332	0.024987687081287	7.41153017884483	4.25744875435164	FBgn0032345		protein_coding	34547
FBgn0288447	74.69402896891	-2.54625883011109	0.839491482479967	7.74537451239824	0.00538502915817829	0.0251180327901957	1.08804353905077	5.12332295648322	FBgn0288447	Baramicin A2	protein_coding	36486
FBgn0052820	242.878857291644	1.44820692391027	0.528539041255443	7.71339744747947	0.00548124960784753	0.0254875272613096	9.0346277996326	3.8073978236754	FBgn0052820		protein_coding	318228
FBgn0031548	317.529436239758	1.00749268237807	0.367331141200467	7.70866102727077	0.00549565004000511	0.0255149100721559	8.24149389385944	5.36964165970182	FBgn0031548		protein_coding	33577
FBgn0035056	140.581412516405	-1.21562691688396	0.42453347341492	7.70936961626748	0.00549349322145088	0.0255149100721559	2.22101236138506	6.76287052857607	FBgn0035056	spatzle 6	protein_coding	37956
FBgn0035625	407.813187175474	-1.43401943922593	0.49341350687342	7.70072263862697	0.00551987218425162	0.0256009337560469	2.12323538804056	6.229592810047	FBgn0035625	Blimp-1	protein_coding	38638
FBgn0037846	250.710287896169	1.5459241962809	0.563596770829858	7.69949164442555	0.0055236380139591	0.0256051941543991	9.16889220004053	4.38676241546196	FBgn0037846		protein_coding	41308
FBgn0039669	118.241904978877	1.45038050539854	0.530971419310318	7.67190818766451	0.00560871126431006	0.025919393833474	16.465945519034	7.04059060567307	FBgn0039669	NADH dehydrogenase (ubiquinone) 20 kDa subunit-like	protein_coding	43477
FBgn0033794	338.244365230905	1.23937370144795	0.454195677072046	7.6566518743559	0.0056563377022949	0.0260724986964316	8.40378323961803	4.46743949987875	FBgn0033794		protein_coding	36439
FBgn0000241	629.86047583279	-2.09239543446984	0.700309912469682	7.63277011853374	0.00573172032969855	0.0263794068193342	3.98920845299379	20.8106138579001	FBgn0000241	brown	protein_coding	37724
FBgn0283741	1858.95196921257	-1.04035536318849	0.366110013468568	7.56675594295965	0.00594547007058974	0.0272099808370552	16.2389950346797	35.1154273136258	FBgn0283741	prage	protein_coding	31136
FBgn0053225	107.874356569834	1.52998728108513	0.56524544622992	7.51220062210412	0.00612824531453212	0.0279327471432272	9.2862060057548	3.47482976091888	FBgn0053225		protein_coding	2768860
FBgn0037665	103.575276740287	-1.98570156905276	0.682321632829279	7.50576446525	0.0061501830372889	0.0279901801894428	1.70863912518976	6.48164889733898	FBgn0037665	Sulfotransferase 2	protein_coding	41098
FBgn0036895	217.040719859772	1.21488310646857	0.450185530810022	7.4899734943289	0.00620434693424696	0.0281654174556703	3.86058070824606	1.85859225122239	FBgn0036895	male sterile (3) 76Cc	protein_coding	40142
FBgn0031945	76.4764635243655	1.0560131600641	0.390250043908115	7.4686553393172	0.00627824260787386	0.0284577801273234	3.13522278671852	2.05241071102212	FBgn0031945		protein_coding	34058
FBgn0029712	35.7681827487532	1.46847484734928	0.546831578479619	7.40909030487835	0.0064895128952905	0.0292532278031817	3.60864539894267	1.76239192470184	FBgn0029712		protein_coding	31385
FBgn0025632	104.833773044623	-1.03209885701791	0.372286491748827	7.40750309088423	0.00649524079220194	0.0292643789800962	1.43549165778289	4.1879917077397	FBgn0025632		protein_coding	31169
FBgn0259168	1715.67723539309	-1.05282219738324	0.375966468387287	7.34180392720604	0.00673692002516695	0.0301869067196444	9.73929735670999	21.7950233129335	FBgn0259168	minibrain	protein_coding	32771
FBgn0261575	167.658458440158	-1.70165227839046	0.593740695741526	7.33967994924807	0.0067448847038807	0.0302075438954179	1.48056783312315	4.59958845596854	FBgn0261575	target of brain insulin	protein_coding	43072
FBgn0030661	111.863331551246	1.08873682504989	0.407975472515107	7.3194849264262	0.00682109587668593	0.0304729832185974	5.03528893025045	3.05339447245527	FBgn0030661	Alkaline phosphatase 11	protein_coding	32496
FBgn0038266	128.267627183582	1.80676691867124	0.675488304819548	7.31642734194025	0.00683271088976797	0.0305097165003393	6.39448466553004	1.6862409449847	FBgn0038266		protein_coding	41795
FBgn0033033	1677.66688536169	1.15188496745509	0.433147552796553	7.26400161630734	0.00703503654236549	0.0313043461778787	34.188064339089	19.681504854769	FBgn0033033	scarface	protein_coding	35505
FBgn0003997	130.651386236038	-1.0254019256863	0.37290015783675	7.25644489424377	0.00706470065918568	0.0314052659555397	1.52956413109773	4.3331776422364	FBgn0003997	head involution defective	protein_coding	40009
FBgn0039008	252.337069814017	1.58813367881611	0.59637826925562	7.25678339260801	0.00706336914473076	0.0314052659555397	15.449098808317	4.71140552801363	FBgn0039008		protein_coding	42684
FBgn0036183	108.028390078138	1.16179321482707	0.438210546062568	7.22587398476684	0.00718601781326548	0.0318344129037914	6.14727170604377	3.89939608149221	FBgn0036183		protein_coding	39305
FBgn0052819	241.256586052652	1.43792801602253	0.542694142747394	7.21368652556174	0.00723497391010905	0.0320355097851357	8.98879204150244	3.8073978236754	FBgn0052819		protein_coding	318227
FBgn0037974	161.167070674624	1.68365151383721	0.634703089593719	7.20695583618829	0.00726215652493753	0.0321242369054418	12.6848269246967	4.77267147503749	FBgn0037974		protein_coding	41453
FBgn0034769	33.9516710498574	1.75969944613266	0.663664037907388	7.19053156028414	0.00732892665769665	0.0323718258510147	5.1509051092109	1.76640381139352	FBgn0034769	Odorant-binding protein 58c	protein_coding	37608
FBgn0032402	338.25672041787	-1.21517474501191	0.437409178672816	7.17690762903069	0.00738478834582651	0.0325546086245185	4.18593485325457	11.1130528596113	FBgn0032402	Phosphatidylinositol-specific phospholipase C X domain containing	protein_coding	34623
FBgn0032955	428.151603625221	-1.03513037554122	0.376362535945845	7.13136224935506	0.00757471578964249	0.0332215224796912	6.34585270669734	16.514440661756	FBgn0032955		protein_coding	35417
FBgn0030159	129.520764716774	-1.13786500313873	0.415699206895864	7.10489135289879	0.00768738843934281	0.0336084998711764	4.98210631834306	12.3509048438861	FBgn0030159		protein_coding	31922
FBgn0025697	890.922076627806	-2.15334414608027	0.746086388326469	7.05777825156	0.00789218155774002	0.0343868162542422	5.53974406064553	17.1284299924452	FBgn0025697	scavenger receptor acting in neural tissue and majority of rhodopsin is absent	protein_coding	34024
FBgn0036568	347.154302014768	1.11698120346891	0.426308411809057	7.05659062460857	0.00789741546780217	0.0343929575312082	11.632757589286	6.68372464366909	FBgn0036568	ATP synthase, beta subunit-like	protein_coding	39761
FBgn0035620	722.164487004278	-1.07797936237622	0.393409759009204	7.01982734166748	0.0080612003578535	0.0349202190839001	10.6438552020806	34.1514556069076	FBgn0035620	Alkaline phosphatase 9	protein_coding	38633
FBgn0052647	54.1295787073814	-1.20040678900953	0.44484009668167	7.00000927283152	0.00815092937123281	0.0352367008531773	0.885933789526042	2.84799230358854	FBgn0052647		protein_coding	326226
FBgn0031888	111.965257804612	-1.32426848132005	0.485138186516257	6.97384382428345	0.00827096426501012	0.035657134053325	1.27228627425701	3.46459277686285	FBgn0031888	PDGF- and VEGF-related factor 2	protein_coding	33994
FBgn0264832	18.6537965519489	3.75865571219843	1.39289773406738	6.96753362402522	0.00830018221772979	0.0357659504954691	19.9979939392317	0.676009181721409	FBgn0264832		protein_coding	14462475
FBgn0033789	699.829325077327	-1.33055000165422	0.482273910767005	6.96495861818914	0.00831213551697094	0.0358003039770688	51.6688767800852	193.851868296765	FBgn0033789		protein_coding	36434
FBgn0265011	177.826626693613	-1.30863587278438	0.477998085798072	6.95648559913587	0.0083515921423254	0.0359358220746088	1.04257333057981	2.71135118563081	FBgn0265011	Notopleural	protein_coding	35904
FBgn0030493	113.200004386232	-2.87115966657498	0.979595088481777	6.94977882550925	0.00838295966847529	0.0360363079821216	0.873662381512609	3.90926814257076	FBgn0030493		protein_coding	32308
FBgn0016036	22.6935059330156	1.76408968493881	0.677857979501034	6.93673625275287	0.00844430528252372	0.0362307430370877	2.04547083989454	0.712807766374276	FBgn0016036	meiotic P22	protein_coding	38797
FBgn0052279	84.8540916805097	-3.95477710403581	1.29259198458994	6.92359428000582	0.0085065831339371	0.0364110909678707	3.86619982988159	40.0869758846143	FBgn0052279	Drosomycin-like 2	protein_coding	38408
FBgn0029863	123.006067321179	-1.65242952847091	0.599315134188571	6.90306380650977	0.00860481619291256	0.0367790456382427	2.11268855393794	6.64640464150575	FBgn0029863		protein_coding	31573
FBgn0262613	80.5300120520535	1.70576320302521	0.656320619765402	6.89746560964236	0.00863180303734816	0.0368103201487498	22.9378309135878	11.5381745953481	FBgn0262613		protein_coding	12798276
FBgn0038260	261.306521066563	-1.44065111353721	0.525636508172905	6.87941789071046	0.008719395707105	0.0371276162850356	3.08642470684551	11.1134558134917	FBgn0038260		protein_coding	41789
FBgn0022700	381.759936266135	1.56410576580945	0.603485667123483	6.8768643657056	0.00873186222918472	0.0371631031836527	19.7793020657888	8.45543059332058	FBgn0022700	Chitinase 4	protein_coding	49815
FBgn0033574	104.739565441386	-1.2210119740581	0.454039999657105	6.85260142057498	0.00885123013127958	0.0375999587012741	2.03365394416905	7.02631204732357	FBgn0033574	Serpin 47C	protein_coding	36163
FBgn0037402	44.0967768679711	1.79060140871084	0.693296215450602	6.85145150438132	0.00885692873040191	0.0376064023005214	6.94405147043419	2.10185459324017	FBgn0037402	Vacuolar H[+] ATPase 14kD subunit 2	protein_coding	40748
FBgn0259730	64.7589887974499	-1.17061422397532	0.438941383247019	6.8447382340963	0.00889027249908	0.0376768240264969	1.14253612539996	3.12194641200233	FBgn0259730	tarsal-less 1A	protein_coding	7354381
FBgn0259731	64.7589887974499	-1.17061422397532	0.438941383247019	6.8447382340963	0.00889027249908	0.0376768240264969	1.14253612539996	3.12194641200233	FBgn0259731	tarsal-less 2A	protein_coding	7354376
FBgn0259732	64.7589887974499	-1.17061422397532	0.438941383247019	6.8447382340963	0.00889027249908	0.0376768240264969	1.14253612539996	3.12194641200233	FBgn0259732	tarsal-less 3A	protein_coding	7354378
FBgn0259733	64.7589887974499	-1.17061422397532	0.438941383247019	6.8447382340963	0.00889027249908	0.0376768240264969	1.14253612539996	3.12194641200233	FBgn0259733	tarsal-less AA	protein_coding	7354377
FBgn0032670	33.1949318579441	1.4862198030291	0.575621854519203	6.83438205217528	0.00894196228030171	0.0378058921114946	3.00302461661166	1.27165917635321	FBgn0032670		protein_coding	35088
FBgn0032366	58.1555683723683	1.40113314654829	0.545353797378332	6.78561936914841	0.00918951393139225	0.0386716419209221	5.98907519501377	2.49854235406014	FBgn0032366		protein_coding	34576
FBgn0029830	272.848200013183	-1.29968159711622	0.480537044971176	6.76348236192368	0.00930420159509476	0.0391176647707747	1.7217518082517	4.16877378883654	FBgn0029830	Glutamate receptor interacting protein	protein_coding	50391
FBgn0028939	8553.2530384278	-1.92006538952825	0.687389444367547	6.74904075830969	0.00937980998452199	0.0393803133477153	60.6153550331037	217.431137753174	FBgn0028939	Nimrod C2	protein_coding	34818
FBgn0035196	453.350446714039	1.26570941946413	0.494297933191135	6.74064406672036	0.0094240595365218	0.0395411720969728	34.2176467097899	14.9111778499484	FBgn0035196	Booster for Crq	protein_coding	38138
FBgn0039593	606.662110691595	-1.82272965731552	0.657796177743455	6.73657279458999	0.00944559156577881	0.0396010279492069	10.3444167528171	33.3142396894924	FBgn0039593	Stress induced DNase	protein_coding	43390
FBgn0010240	46.1156012697049	-1.35997065709661	0.515298465943146	6.72042623028259	0.00953148452847702	0.0398311525857778	0.578045810034997	2.06624172751443	FBgn0010240	Ligand-gated chloride channel homolog 3	protein_coding	32554
FBgn0037960	221.339945006445	-1.12771079488668	0.421659937836968	6.71231636719115	0.00957492706241921	0.0399199439371052	3.00230623969584	7.90089079810847	FBgn0037960	methuselah-like 5	protein_coding	41438
FBgn0036393	122.309867634385	1.72975075730797	0.676038674685098	6.6946812657396	0.00967009549303864	0.0402234823167884	25.9988732671663	12.3753299916295	FBgn0036393		protein_coding	39545
FBgn0250822	44.1671876929429	1.60614594203836	0.631768618783186	6.64966998795886	0.00991741915884631	0.0410245402463224	8.86120181417765	3.37856709818059	FBgn0250822		protein_coding	5740154
FBgn0039780	45.137015308574	2.79586603091659	1.07806963767617	6.63992842443534	0.00997179407185033	0.041170475070052	2.46945398937162	0.401306392009613	FBgn0039780	prolyl-4-hydroxylase-alpha NE1	protein_coding	43625
FBgn0001217	752.084673142972	1.02594948765375	0.403691079293236	6.63603618250389	0.0099936049122028	0.041207010075855	22.9587022873839	12.3578007493425	FBgn0001217	Heat shock protein 70 cognate 2	protein_coding	41609
FBgn0033205	142.130266409496	1.19261342857535	0.468407008338892	6.63634050502542	0.00999189782848855	0.041207010075855	8.56751498079357	5.92170910170899	FBgn0033205	Retinol dehydrogenase 1	protein_coding	35708
FBgn0039475	2408.5649426989	-1.75067449787339	0.638356939599628	6.61927894013057	0.0100880668332639	0.0414347973644302	49.6256903625097	161.857700907265	FBgn0039475		protein_coding	43251
FBgn0010300	3469.53381133564	-1.03631680381454	0.390303181546584	6.60252516778223	0.0101834243459265	0.0417218838919897	18.3475965365191	43.5704477741581	FBgn0010300	brain tumor	protein_coding	35197
FBgn0034860	2341.67382431525	-1.69846488927012	0.621626262908705	6.60072118912919	0.0101937470114518	0.0417451579571886	39.1213942254303	94.867556059789	FBgn0034860		protein_coding	37709
FBgn0031976	44.6152892035538	-1.31040559312653	0.501221050959139	6.58234667374994	0.0102995021315484	0.0420442227276506	0.909762117647577	3.19367390671467	FBgn0031976		protein_coding	34094
FBgn0032910	489.170572057079	1.06495955125204	0.421194719679403	6.55755054489937	0.0104440030381544	0.0424798368711545	14.9932898264168	9.71098977148758	FBgn0032910		protein_coding	35369
FBgn0032104	33.2891947697355	1.44591412150094	0.573470903627259	6.54336985460175	0.0105275745817284	0.0427617336104261	3.36750296214203	1.82730759135786	FBgn0032104	australin	protein_coding	34244
FBgn0046873	136.63755586071	1.39130275140159	0.551960544924577	6.53405181620176	0.0105828619629061	0.0429668973509772	13.9211684748586	6.87905434841284	FBgn0046873	PFTAIRE-interacting factor 2	protein_coding	170876
FBgn0030005	106.908460186187	1.4583275349914	0.577592954208145	6.53226089481781	0.0105935222329055	0.0429907696031222	7.37018027442281	4.15545280764386	FBgn0030005		protein_coding	31737
FBgn0036224	203.161504781137	1.01786185760979	0.404112119798698	6.51248332697011	0.0107119810772072	0.0433151285194805	10.1771142129297	6.53523457737122	FBgn0036224	Regulatory particle triple-A ATPase 4-related	protein_coding	39351
FBgn0039651	232.902999918526	1.18811471786779	0.472509840758236	6.50133494031362	0.0107793528735339	0.0434702782025516	13.6153391433813	6.7193880006124	FBgn0039651	Cytochrome c1-like	protein_coding	43457
FBgn0032304	1347.35490365138	1.13214362479798	0.451321615674098	6.46363572355665	0.0110104138953581	0.0442631435677046	76.0244855087664	36.1811699251933	FBgn0032304		protein_coding	34494
FBgn0265052	71.5000453275943	1.34337152471461	0.536152547354947	6.43621200978095	0.0111816836082471	0.0448514186837496	4.7264676699889	2.61934685989553	FBgn0265052	Sulfotransferase 3	protein_coding	37743
FBgn0053986	26.2650864330815	1.92732763995411	0.770389810964247	6.3947993045657	0.011445516908855	0.045645025969549	2.97169992312913	0.69642922276782	FBgn0053986		protein_coding	3885638
FBgn0050160	12.4088937445915	7.57986527978397	2.77029135617155	6.36368050378955	0.0116479680286591	0.0463906893187473	2.22640088719897	7.23673493541965e-06	FBgn0050160		protein_coding	246490
FBgn0033865	144.230064919897	1.22285992010035	0.492173433920953	6.3465722853359	0.0117608322873361	0.0467222367942135	7.48848090685829	3.5057176972654	FBgn0033865		protein_coding	36520
FBgn0050099	27.8982908867872	1.70936152314332	0.688367821690378	6.34633783390721	0.0117623867565995	0.0467222367942135	3.73916537876929	1.2147529991752	FBgn0050099		protein_coding	36818
FBgn0051542	91.510476648339	1.63698415422209	0.658295197083838	6.34270150575755	0.0117865235126663	0.0467806468090234	9.99525760283389	3.46626996986182	FBgn0051542		protein_coding	318791
FBgn0033498	66.9320792533863	1.39637871524228	0.563109212254365	6.33019580911442	0.0118699211285635	0.0469007911727466	4.2690660748546	1.86333232476679	FBgn0033498		protein_coding	36077
FBgn0046878	45.9067586948584	-1.80798743011187	0.690268135054691	6.32408284295027	0.0119109073371754	0.0469687831147437	1.12304932530699	4.36110577142291	FBgn0046878	Odorant-binding protein 83cd	protein_coding	40746
FBgn0032286	1535.67037728156	-1.02085646667334	0.393543403952728	6.31203448891853	0.0119921151596993	0.047217640819254	14.248783415801	34.6395867586884	FBgn0032286		protein_coding	34472
FBgn0261842	83.2904293357987	2.56037656805896	1.01749954255293	6.29880161050825	0.0120819623324766	0.047529784451427	4.03452216406041	0.410272910802521	FBgn0261842		protein_coding	10178960
FBgn0037751	195.384921523215	1.06195178736282	0.429195883267114	6.29092123749996	0.0121357958000268	0.0476807014588392	4.78215921487202	2.69255724526465	FBgn0037751	matotopetli	protein_coding	41199
FBgn0035240	1116.86158791633	1.01184510174025	0.409032260639915	6.28649241704231	0.0121661586303716	0.0477486120716772	17.3425275458136	9.6357792673942	FBgn0035240		protein_coding	317974
FBgn0036496	323.730485760373	1.14371972093191	0.462388599565565	6.28689147067951	0.0121634196277992	0.0477486120716772	12.900034258466	5.82044143308927	FBgn0036496	cocoon	protein_coding	39665
FBgn0266708	42.3894794233233	1.68327364003092	0.683567668649073	6.2368933639019	0.0125115756798872	0.0489415398387236	2.40514218828749	0.766115520102552	FBgn0266708	Centrosomal protein 89kDa	protein_coding	36733
