baseMean	log2FoldChange	lfcSE	stat	pvalue	padj
FBgn0000008	474.690408762114	-0.643828119312363	0.546739300455485	1.37619997498386	0.240749491802942	0.427030329971504
FBgn0000014	1282.03419735309	-0.515380273641495	0.247819749708311	4.30387177613684	0.038025709801696	0.118606879918758
FBgn0000015	302.52410822416	-0.349475553464638	0.225965755886375	2.39315765683509	0.121867247228445	0.267834767009663
FBgn0000017	1431.50066179935	-0.610275572535802	0.21066756094039	8.3352555980331	0.00388830070155155	0.0213638638795086
FBgn0000018	200.094799824436	-0.228603659513344	0.20210451364524	1.27888100031799	0.258107198049826	0.44763059707117
FBgn0000024	674.742057942368	-0.130251143884646	0.208584074403072	0.389633816142506	0.532491946312926	0.709132045618059
FBgn0000032	711.361528607638	0.211262118467986	0.145275439728789	2.11334259950347	0.146020062532338	0.303386162417083
FBgn0000042	84303.9593950092	-0.027037341231123	0.275167264347087	0.00965488275747362	0.921726425042987	0.959230330767699
FBgn0000043	12134.1238440676	-0.16425336330901	0.177161591145163	0.859125393441673	0.353983559770431	0.549437279052644
FBgn0000046	14398.3200341156	0.452686784739469	0.270218123150714	2.79504072397718	0.0945563641801937	0.223810449980158
FBgn0000052	4589.46581288188	0.245615618459998	0.267356826809632	0.842892987921886	0.35857068353591	0.553824549632736
FBgn0000053	7399.08284931794	-0.19179311365262	0.264710026723135	0.524582938115785	0.468893251375206	0.658327819872476
FBgn0000056	75.7430170421364	0.74894479888513	0.47426791842844	2.46528922321902	0.116386277368489	0.258622869019937
FBgn0000057	756.614178341141	-0.0683705130073148	0.186047535657267	0.135003150195757	0.713299976728765	0.837100544574361
FBgn0000061	196.627418618003	0.0150106945279741	0.261068973418353	0.00353521272464263	0.952587592279866	0.973437511786628
FBgn0000063	113.578116693398	0.0671120084152388	0.23315330896801	0.0834199351998066	0.772715227503016	0.872592675644563
FBgn0000071	3510.20429413189	-0.815240892126742	0.857878203452026	0.89135640537846	0.345109999470012	0.540897093307884
FBgn0000075	67.0180749020318	0.796337659015079	0.440419409445384	3.23677224178022	0.0720023611894122	0.185607851242989
FBgn0000077	147.599947872925	0.198850326841086	0.272331223515719	0.533360304583212	0.465197533713797	0.655735309503282
FBgn0000083	7722.41273392887	0.487646656093572	0.236223191911981	4.24136220726808	0.0394505017513453	0.121973100018876
FBgn0000084	1079.79366389388	0.0410045984838028	0.277582740638686	0.0218247196336563	0.882554340990216	0.937030382011511
FBgn0000097	1225.07915136513	-0.517158362624933	0.466546777933137	1.22257036016681	0.268856807036039	0.458787945327017
FBgn0000100	30203.8550343861	0.651588901190067	0.162980646907017	15.8501746267328	6.85602094486952e-05	0.000704476465392839
FBgn0000108	1032.85082261935	-0.600132144997821	0.261347646947535	5.23965431578164	0.0220776604610901	0.0803353715087255
FBgn0000109	261.85603568477	0.223962930343474	0.202204893008832	1.22624774253238	0.268138005783065	0.458004212742889
FBgn0000114	733.632461012835	-0.40073004588805	0.224219107792503	3.18786437029267	0.0741868719534189	0.190076933251152
FBgn0000117	7598.63814314554	-0.227311215420675	0.14006536993398	2.63108148413903	0.104790314286314	0.239800242028639
FBgn0000119	1502.10063268692	-0.451739577029886	0.175621182265837	6.59094266703036	0.0102498883012151	0.0451670781718455
FBgn0000139	502.05883888931	-0.0694939082034502	0.210557899688657	0.108936392933089	0.741358301509153	0.854181950315865
FBgn0000140	489.13202751322	-0.324822806216121	0.24224694546704	1.79666759492849	0.180115889060435	0.349536530694805
FBgn0000147	140.596232797233	-0.588405288366972	0.334882518715889	3.08043703301628	0.0792392313149826	0.198971076672673
FBgn0000150	8897.64261539667	0.6540422131206	0.163891278336208	15.7941318060797	7.06212024465852e-05	0.000722087474378526
FBgn0000152	670.105692912386	0.198191494591594	0.215956764431075	0.841370773978639	0.35900502288113	0.554306268049535
FBgn0000153	2285.94688694671	-0.403780933208555	1.59297663495705	0.064047621220368	NA	NA
FBgn0000157	326.886988369755	-0.370095040891512	0.1642258038905	5.07881046786954	0.0242199811705849	0.0856103902275828
FBgn0000163	1007.1323740508	-0.285227292619989	0.205274432349921	1.92780147196498	0.164999175729913	0.329401069375737
FBgn0000173	3227.53385371567	0.0857288295060678	0.238453580363611	0.129223330230374	0.719238679624919	0.841830761242908
FBgn0000179	367.934472489863	-0.375362078437264	0.233020554805938	2.58803562456846	0.107673801215662	0.244868807957744
FBgn0000181	6333.91455267491	0.468520877268536	0.156995737724662	8.86870003048438	0.00290101652024169	0.0169751788956317
FBgn0000183	1255.06595247542	0.252613000971257	0.140876684340017	3.21210414955752	0.0730954262125118	0.187880582842763
FBgn0000212	2429.84313281801	-0.428258162297143	0.235973622304015	3.28228348944421	0.0700314287341745	0.182139006649166
FBgn0000221	145.585173038442	-0.0572909986705165	0.350597734991182	0.0267397249492802	0.870106777624255	0.929528911351488
FBgn0000228	784.54525651321	-0.312037987719392	0.178919518096056	3.03476779140615	0.0814982096542888	0.203032242233045
FBgn0000229	452.707828655731	0.293585794765268	0.237278276267507	1.52935819691602	0.216208793496328	0.396390275049158
FBgn0000239	1974.44723325895	0.0305700261357369	0.186018152510211	0.027021256985762	0.869430875547873	0.929528911351488
FBgn0000244	1399.17149634527	0.328916022576331	0.236967779066327	1.92214995735132	0.165619843993875	0.330266554441119
FBgn0000247	1036.52064117135	-0.114312217070506	0.216857631634659	0.277851900582633	0.598112625973033	0.758740151379366
FBgn0000250	2547.143748037	0.145364573122161	0.225730190513226	0.414501766221193	0.519693385016152	0.699370814302658
FBgn0000251	704.897225221205	0.0813029997030273	0.162951033289242	0.248955981784874	0.617811163943138	0.773191165914989
FBgn0000253	5350.08064890881	0.530661031043723	0.166272910783397	10.1292337219187	0.00145936064736974	0.00971879120935139
FBgn0000256	1347.12986721843	-0.124054496094814	0.158719092566835	0.610667078652483	0.434536753757115	0.62951113366488
FBgn0000257	489.588110205526	0.1178949190222	0.20044266171581	0.345941374141859	0.556419660708775	0.728031892955847
FBgn0000259	1295.03615378529	0.240747351552543	0.180075068778634	1.78493654500376	0.181544313679475	0.351150158682089
FBgn0000261	18318.8834980037	0.45154129294035	0.284014526596901	2.5173493804994	0.112599709344752	0.252883643486407
FBgn0000273	2301.93504342653	0.449142967312794	0.189819943984835	5.57677202438177	0.0182002388752305	0.069704387081178
FBgn0000274	59.4205251696419	-0.791005486965156	0.523746564973905	2.26990723182594	0.131907797917302	0.282856478450127
FBgn0000276	25.0387826935643	0.571955293431758	1.17001219083089	0.23766709890598	0.625896159521178	0.779081353027913
FBgn0000279	59.2147477614665	0.576370605944945	0.964423243224192	0.354792192122041	0.551412841948864	0.724273134468112
FBgn0000283	1563.18786370157	-0.24088003654314	0.219882303173965	1.19901918987721	0.273517798779669	0.464585381411318
FBgn0000286	1122.79645355556	0.0292020931219026	0.168577680248646	0.0300760628722969	0.862317755805938	0.925567677561318
FBgn0000287	330.403046133644	-0.867053414584216	0.174662042594809	24.4945538665352	7.45201780184492e-07	1.2222417301762e-05
FBgn0000289	2007.059620192	-0.332034651216643	0.16911589509719	3.84686607392686	0.0498390329934975	0.14400118766687
FBgn0000299	14723.9882761469	0.569250690170377	0.313042502940317	3.2855362570601	0.0698927928647093	0.181927434878524
FBgn0000307	938.590349895211	-0.515739470917159	0.289863821652353	3.15108714260708	0.0758763954219171	0.192949081614696
FBgn0000308	15903.5706367809	0.120395729169527	0.209736338561599	0.32940906243941	0.566007260864698	0.735451048427344
FBgn0000316	491.070761435336	-0.000119623721206042	0.188425901682533	3.41720962637737e-06	0.998525055683602	0.998638228646958
FBgn0000318	1492.26637225189	0.259949082374997	0.133913871753375	3.76413550964284	0.0523629193547851	0.148569260574477
FBgn0000319	14683.8060511456	-0.314361272699556	0.203475644699963	2.38220096543569	0.122724531402436	0.269194439689178
FBgn0000320	377.057805026606	-0.636097358422328	0.230748368462815	7.55234253277438	0.00599321143646422	0.0299118199747513
FBgn0000326	448.647889314327	0.727111918875983	0.23589512019579	9.41336744544361	0.00215409262737294	0.0133857136224921
FBgn0000330	436.177711256924	0.0755025076449247	0.189098763458446	0.15946510690749	0.689649457873422	0.822807876060935
FBgn0000339	563.920524258572	0.371640407816344	0.220165504580882	2.8447064578441	0.0916753352689154	0.21922578818778
FBgn0000346	239.458094982357	-0.554888920640335	0.246336575134667	5.06285783835123	0.0244438979998586	0.0861553934411479
FBgn0000352	649.564481367311	-0.328271939124915	0.152793183175201	4.60983304158633	0.0317891281252547	0.104122964579528
FBgn0000370	9247.05858028553	0.34172276261662	0.154804590931156	4.86163078813446	0.0274603679973437	0.0936870484878058
FBgn0000376	338.772467883251	-0.225264815950317	0.173655275780833	1.68069483680019	0.194832150635684	0.36782175806788
FBgn0000377	689.012909195281	-0.16018140179522	0.201136291464757	0.633677324227747	0.426009646958061	0.620827270810559
FBgn0000382	1166.76270624844	-0.331021757159622	0.200555747975211	2.71843161114633	0.0991954407301347	0.231071955914126
FBgn0000384	416.053718840091	-0.12604576095066	0.170762130896224	0.545980354700355	0.45996478639095	0.650958985583599
FBgn0000392	334.113552700344	-0.86393168077627	0.331303442362479	6.72245602620875	0.00952064304101188	0.0425155678067705
FBgn0000394	308.286591059023	0.214311248466824	0.195418759455134	1.20237931346743	0.272846648291778	0.463831770187927
FBgn0000395	605.541552677688	-0.273592525921014	0.274032252681069	0.994732125140601	0.31858854563475	0.512997322387049
FBgn0000404	806.111437063025	-0.199529768767241	0.164090958332563	1.47798781419827	0.224089612995451	0.406458546198272
FBgn0000405	981.14870052143	-0.453651507193883	0.16349721075836	7.67250096392974	0.00560686903905765	0.0283849755597503
FBgn0000411	209.588812937392	-0.129093512402786	0.206934110464489	0.389123335466365	0.53276057407478	0.709138425511144
FBgn0000412	2622.7499404027	-0.194746333451223	0.146098706418211	1.77578724279839	0.18266748080349	0.352372064358679
FBgn0000414	1103.16126483338	-0.332353266518489	0.227432893363699	2.13126735570154	0.14432138654381	0.301210685568389
FBgn0000416	47492.1269244188	-0.569062442059269	0.157429340892233	12.9827079557541	0.00031438095191664	0.00263197108132109
FBgn0000422	7817.96456312629	-1.04949004660151	0.854424943120377	1.4766407797196	0.224300843985441	0.406707755637294
FBgn0000426	244.558750224545	0.0184504282156646	0.17133643320287	0.0116526107494934	0.914037528768096	0.954656715299469
FBgn0000442	244.286746781189	0.698037012985724	0.262450645949306	7.0186393755102	0.00806655046087842	0.0376012896285215
FBgn0000447	849.494759207401	-0.0624579089920477	0.148617250500495	0.176707839963655	0.674217870872672	0.813634914193169
FBgn0000451	140.147198327084	-0.199806999276521	0.221500441032083	0.813690656939954	0.367031351649878	0.561491790388094
FBgn0000454	6462.72598115587	0.438859643340782	0.186636691460195	5.50806418597402	0.0189289863410206	0.0715942458093295
FBgn0000455	3302.09937151747	0.118937330731023	0.230913382586416	0.265199102769145	0.606570590204139	0.764511974404965
FBgn0000459	157.052495444945	-0.500552446372974	0.232983624920559	4.61217663451353	0.0317457143537572	0.104118133202126
FBgn0000463	691.514035904693	-0.484800416219328	0.179096411826967	7.29748265358484	0.00690512886144454	0.0332592014592722
FBgn0000464	1131.85168726316	-0.303541238768505	0.201033513829332	2.27600738731033	0.131389726852651	0.282053718838748
FBgn0000477	1315.11104923211	0.765394089205993	0.237052890011482	10.3093944632895	0.00132354704424201	0.00895627233005485
FBgn0000479	1259.4714824384	0.403479572937337	0.167267213064301	5.80101697466905	0.0160169078979725	0.0632646353141045
FBgn0000482	702.4337504647	-0.153397519357303	0.176019708001462	0.758739252535136	0.383723358520169	0.577890076205889
FBgn0000489	612.596904999764	-0.311142094461819	0.266941515193192	1.35605954010285	0.244221566802569	0.431088438780931
FBgn0000490	249.103157383506	-0.380673591778464	0.205641687499727	3.42660502907886	0.0641538541940918	0.171543518002626
FBgn0000492	248.695757905179	0.0301165468778421	0.217955752510274	0.0191130883143842	0.890042766384522	0.941584446382987
FBgn0000499	727.823827055847	-0.287350950736467	0.186045358855616	2.38236370556957	0.122711749306186	0.269194439689178
FBgn0000504	241.222944717642	0.148413514057118	0.302712235021508	0.240433476989722	0.623893210033906	0.777136319217842
FBgn0000520	249.938535868844	0.0319038656351894	0.242521644298895	0.0174589668587117	0.894879581869291	0.94443456888107
FBgn0000524	801.045316664027	-0.264417093228955	0.272178446992583	0.942313907091687	0.331683473577766	0.527251841262874
FBgn0000536	705.208090637273	-0.0248799102359225	0.14322559755354	0.0302434535955456	0.861938982955651	0.925490097086285
FBgn0000541	1846.15468618704	-0.293435581759114	0.211335683133692	1.92515997968452	0.165288941574633	0.329830307655938
FBgn0000542	1509.66571245299	-0.637082528455794	0.243858048586098	6.77453079859428	0.0092467796265424	0.0418214164144593
FBgn0000543	750.162993723941	-0.151182185745698	0.182167574604231	0.688573877640366	0.406649881756395	0.601454669228701
FBgn0000546	3196.11274839917	-0.305945794866812	0.313557449912326	0.950166245100945	0.329676984665931	0.525197637243577
FBgn0000547	3049.04347039355	-0.480904484204938	0.193456621725774	6.15160787689459	0.0131292683997903	0.0545189008751761
FBgn0000557	1289.17111446708	-0.483490065708864	0.194345340588035	6.16370988026674	0.0130397439178955	0.0542492693689346
FBgn0000559	95065.6558153448	0.326934107605499	0.200389414304706	2.65608727828806	0.103154201429493	0.237163281243838
FBgn0000562	2218.05020374715	-0.0916964082953807	0.139253616865134	0.433476899786157	0.510287799649998	0.691782723603962
FBgn0000565	1919.1530360021	0.792331649248123	0.261985454067714	9.03666534126737	0.0026461788461679	0.0158197033459252
FBgn0000566	3102.13769099083	0.482336301217673	0.274555290428281	3.07194718318097	0.0796540108880338	0.199577154650895
FBgn0000567	3881.35537797723	-0.300408610797361	0.23275737100624	1.66272907833988	0.197235251685902	0.37069304810999
FBgn0000568	4478.11641659671	-0.822655658794328	0.234038427540404	12.1936800364086	0.00047951693518496	0.00377453830158081
FBgn0000575	1562.54431463943	-0.104158835119024	0.189895444463341	0.300895646440424	0.583321475007829	0.74738328669509
FBgn0000576	170.580320005128	-0.4358694421122	0.25354765606748	2.95087034868713	0.0858313219317121	0.209595397313722
FBgn0000577	185.380375509745	-0.59841343801911	0.244651665531635	5.96487405781087	0.0145936429251285	0.0589112763426689
FBgn0000578	1112.42282584744	-0.736934346265922	0.340976611736255	4.62410926654148	0.0315256262129097	0.103721896235166
FBgn0000581	2165.05575737823	-0.646099195915276	0.201901625498078	10.1613531657833	0.0014341531912705	0.00955813274907164
FBgn0000588	121.864675632452	-0.309933350713198	0.239540499826934	1.67478707398342	0.195618570289531	0.368990650755627
FBgn0000591	77.3234137270935	-0.543749156127349	0.306515685597245	3.14891332022819	0.0759775452177546	0.193150636416441
FBgn0000594	685.770636092997	0.028261868094152	0.32144916383469	0.0077377954425657	0.929904701058631	0.963084399312366
FBgn0000611	1865.80214665354	0.104985454925792	0.164214011701465	0.408612373662336	0.522674651188107	0.701991038368928
FBgn0000615	1341.83287705384	-0.541048880683127	0.345706228925209	2.43629260259151	0.118556132025147	0.261927718825713
FBgn0000617	330.386871436864	0.204313059382782	0.243809399530365	0.701645803778263	0.402231232336428	0.597121196860134
FBgn0000618	102.72725589602	0.536089197754373	0.340644052394263	2.46941035069746	0.116081464897405	0.258140838269833
FBgn0000625	157.558198238129	-0.152217798498003	0.309784006268854	0.241156278393262	0.623372234135929	0.77670666393892
FBgn0000629	512.819713004505	-0.117508296480693	0.15047953443324	0.609374783272962	0.435023312432149	0.629905761224366
FBgn0000635	2076.31347410895	0.148779576684352	0.219694185717261	0.458383689869947	0.498380328148458	0.682450033454685
FBgn0000636	2344.93210703479	-0.154738481728545	0.223143096090503	0.48055295639378	0.488171956817792	0.674014918942293
FBgn0000640	115414.375546656	0.609749309941786	0.343438841828292	3.12893056720512	0.0769141802478151	0.194746262986147
FBgn0000658	632.691563957685	0.0368736031448224	0.164293315827683	0.0504748479495021	0.822239053493719	0.90432972803547
FBgn0000659	935.085988833074	-0.0820092654209303	0.204892465677168	0.160164451507399	0.689005155437284	0.822370011034572
FBgn0000662	771.267482697266	-0.186434232501301	0.150085285951817	1.54376619969563	0.214058083320461	0.393756207467114
FBgn0000709	1054.4116026681	-0.326862524402446	0.225320944258503	2.09999142200255	0.147299965000207	0.305254788906019
FBgn0000711	572.989715199325	-0.0552157393712663	0.186001270055391	0.0881137527367599	0.766588964949712	0.868730974095412
FBgn0000715	36.7230886477139	-0.506179336761749	0.408970099735912	1.53048736161176	0.216039315191358	0.3961618697524
FBgn0000719	479.745713516795	-0.285981926221307	0.247104499853957	1.33751932556413	0.247471914327113	0.435345329350568
FBgn0000721	3732.82914181226	0.12137079108157	0.155255339268184	0.610921950711088	0.434440890454158	0.62947560219499
FBgn0000723	1742.44703646313	-0.225694374087621	0.22511205856492	1.00390038687451	0.316368565396163	0.510727446223151
FBgn0000810	287.103401873217	-0.138050569244748	0.287401118642932	0.231218260130149	0.630621974656881	0.78180203449492
FBgn0000996	299.674053662424	-0.11555878543267	0.231382132167512	0.249819531628795	0.617202179439857	0.772619099358392
FBgn0001075	2273.18913352095	-0.783937644993682	0.331178046134461	5.53723903369327	0.0186159304330488	0.0707132889114174
FBgn0001078	345.94551643559	0.6163971438334	0.226140707969628	7.3840757665827	0.00658038762691298	0.0321691636675236
FBgn0001079	341.040742056483	-0.366371039450635	0.217068972506041	2.84252759945371	0.0917997065106485	0.219404282299556
FBgn0001083	1315.90246868321	0.229664966155002	0.306791315807798	0.559667891215426	0.454394085185511	0.646392617713518
FBgn0001084	122.773409654314	-0.341853879113326	0.287593633960083	1.410624474771	0.234952754547684	0.420361538144518
FBgn0001085	253.956339082259	-0.302481187264889	0.247118106489471	1.49914422141369	0.220803084390912	0.402526176001833
FBgn0001086	426.457987036829	-0.66209627044649	0.195088438053501	11.4469659232266	0.000716108301659968	0.0053144992883495
FBgn0001087	839.915511038656	0.0327254645910432	0.168080167750087	0.0379796852386107	0.845483937376113	0.916740842155688
FBgn0001090	2489.60988334677	-0.518243068673186	0.272250932973756	3.60496466457073	0.0576072929941611	0.158829709917999
FBgn0001099	48.4191417324552	-0.842457625524899	0.512813132155525	2.68777767666376	0.101120757915964	0.234358258225522
FBgn0001104	1293.72759944176	-0.06953686281935	0.217343420687127	0.102350471900223	0.749027002943068	0.859146532428133
FBgn0001105	3351.31474467473	0.133844121274662	0.201624718113134	0.440445112948893	0.506907696517598	0.689497575172037
FBgn0001108	2012.7635700641	-0.0730149913873345	0.137778779752512	0.280756623499528	0.596205727262832	0.757402726370174
FBgn0001112	1750.66757350383	-0.52863780674238	0.212336500945829	6.16779446044305	0.0130096701050596	0.0541752378513667
FBgn0001114	10373.4462462293	0.0519469882569566	0.207670964071828	0.0625648727465773	0.802487039392866	0.891320864557895
FBgn0001122	654.448765025404	-0.409648719037355	0.172007734691513	5.66260186898401	0.0173303952854904	0.0669542066546266
FBgn0001123	925.213760073703	0.128157613139732	0.131284004913565	0.952823022732204	0.329001760665656	0.524500729198509
FBgn0001124	7557.90904266523	0.834766597676459	0.271032392971807	9.35717687614654	0.00222114002425847	0.0136962540699208
FBgn0001138	547.006435672849	-0.151250164111356	0.189870844653773	0.634138213418808	0.425841440665029	0.620684650219395
FBgn0001139	1929.89303730628	-0.0133754622659358	0.177392998610133	0.00569969212078547	0.939819837056681	0.967448698342061
FBgn0001142	10104.6659171953	-0.73926141682593	0.264121003048684	7.75078259357825	0.00536892705693398	0.0275919699186869
FBgn0001145	17463.2304818382	-0.256331352835795	0.269630072431991	0.902610780818478	0.342082628167331	0.538183866501224
FBgn0001149	9114.8088942043	0.879556549813969	0.261007213490859	11.1856958419994	0.000824303369866709	0.00600386364077827
FBgn0001168	1144.95683648876	-0.137577324821805	0.238522534283391	0.332674379389744	0.564088543938056	0.734042261884978
FBgn0001169	694.454127105271	-0.343829877849183	0.204640709351717	2.8188892941052	0.0931608489176487	0.22175236975725
FBgn0001179	397.227305539192	0.0408741805191475	0.211805009872343	0.0374607158019273	0.846530045678469	0.9173365112537
FBgn0001185	235.661729965527	-0.0767716175883154	0.202323682729564	0.143894332287168	0.704439806953805	0.832459737051074
FBgn0001186	2445.44553756689	0.26917651047136	0.260658346456053	1.06477093813685	0.302129561324546	0.494342898039643
FBgn0001189	977.19268874026	-0.00961552423697877	0.177944605094103	0.00296093554612753	0.956604943216055	0.974945948133342
FBgn0001197	2585.60566845734	0.0370923395881618	0.147957029246411	0.0628526711259951	0.802042697231279	0.8912770048148
FBgn0001202	491.341371217341	-0.166624033216892	0.148345095309518	1.2629589575445	0.261091742583209	0.450944125377615
FBgn0001206	209.875751847477	-0.461873320010843	0.316170398598984	2.12768248830626	0.144659324866172	0.30163162650328
FBgn0001208	3850.50782391936	0.225523045695678	0.328983760519799	0.469409961594465	0.493258739083475	0.678701873331137
FBgn0001215	3787.4514328961	-0.247457158349176	0.139286390246358	3.15266710680045	0.0758029691849107	0.192888491004745
FBgn0001217	423.574748931349	-0.699148309770447	0.289607018181897	5.78489253144957	0.0161644861189661	0.0634499223815644
FBgn0001218	28626.309641059	0.267686355286495	0.244218504881926	1.19969297163659	0.273383052001266	0.464445908906272
FBgn0001220	3309.7281927104	0.342106038002018	0.185114048986772	3.40819185574634	0.0648734938398597	0.172943718925354
FBgn0001222	689.138408536735	-0.0783166533437268	0.134448770534344	0.339373902946676	0.560190840106522	0.731000633692719
FBgn0001224	18017.8209121291	-0.832243354250114	0.506617311298006	2.66210665451362	0.102764547325974	0.236699129627876
FBgn0001225	2116.23078813902	0.232678063996811	0.309873227130853	0.563271527822224	0.452945089411918	0.645132339645499
FBgn0001226	9404.09695230512	-0.650044321001236	0.359302206056046	3.24604320431278	0.071596099325795	0.184834400365949
FBgn0001227	1034.79609383203	-0.755885467168694	0.345457916985876	4.73623855757408	0.0295335760601456	0.0989386010458332
FBgn0001229	1009.94657097931	-0.533123906089785	0.923974445887721	0.331091336331596	0.565017175252458	0.734813788419703
FBgn0001230	1602.60526861276	0.637324078592507	0.29388087572737	4.66577044509259	0.0307696153769645	0.101727645592482
FBgn0001233	21202.2970783654	0.24564383918169	0.228265609073906	1.15666987472756	0.28215725125749	0.473210508708947
FBgn0001235	1543.41581179034	-0.277301079113741	0.140594086828371	3.88656219278643	0.048673960307248	0.141521532212456
FBgn0001247	885.972407555547	0.112488964228317	0.147561178263972	0.581159920528833	0.445858027953174	0.63913145099635
FBgn0001248	9499.14455671167	0.806384357664246	0.124207926437388	41.6262410809755	1.1050011405577e-10	3.62473236590378e-09
FBgn0001250	2241.6479551329	0.502588438689415	0.215363154913812	5.41918500031963	0.0199166546297955	0.0742791886953996
FBgn0001253	1441.30362213234	-1.32273882463177	1.02220757673364	1.61924984291345	0.203196418000458	0.37915102398732
FBgn0001254	3024.96328647351	-1.20400769883762	0.9028429056481	1.72929956026259	0.188500374897865	0.359847758181463
FBgn0001255	325.581102438198	-0.330304386466077	0.565170096782873	0.341028957805207	0.559235889308112	0.730308936991976
FBgn0001257	1825.27474463909	-0.00504462537522269	0.168660272124405	0.000898559798613974	0.976086204134278	0.987048437460563
FBgn0001259	236.942557629501	-0.103842649659909	0.353824399916789	0.0862611002219467	0.768985319629535	0.870162408362531
FBgn0001269	240.786731470803	-0.598631400839792	0.253157941373075	5.57437757537108	0.0182251417903926	0.069739224266446
FBgn0001280	483.042054299162	0.211099233360275	0.192019050557748	1.20759591146231	0.271808768655038	0.462572916993645
FBgn0001291	1432.26418289831	0.0926455370073998	0.264492738944041	0.122655248895526	0.726172312095374	0.846689281438898
FBgn0001296	521.918850411973	-0.486473179739285	0.348824630506662	1.93608752690962	0.164093974749399	0.328260354732482
FBgn0001297	4779.39343316349	0.421129862154603	0.288768976203392	2.11918912210041	0.145463541352794	0.302585935082452
FBgn0001301	2600.05754520972	-0.361295457251435	0.261094010274546	1.90962343145796	0.167005094498464	0.332217220161387
FBgn0001308	3473.38944271321	0.129854345340254	0.130526691689675	0.989383273807405	0.319893154482633	0.514066143717858
FBgn0001311	4061.89560757968	0.178480623560742	0.242596605262858	0.540877908038425	0.46206912049033	0.652994541833228
FBgn0001316	3725.18392036701	-0.213026081924429	0.212877507419451	1.00056451361677	0.317173950638271	0.511404015912639
FBgn0001320	118.407162097883	-0.4086551037482	0.269068688783433	2.2998299319264	0.129388165147551	0.279081195126373
FBgn0001321	565.249955691121	0.0602854466440085	0.169095978978964	0.127113243935796	0.721444106261449	0.843516999291245
FBgn0001324	1889.93779658437	-0.496797861909499	0.202551975240956	5.98757856770979	0.014406965873502	0.0585299571214465
FBgn0001325	458.34414542916	0.325148431936349	0.187691251534643	2.99521709144484	0.0835107191679408	0.206123544887755
FBgn0001330	180.901956735794	-0.422426888709447	0.263607759206375	2.56614886864002	0.109173219613421	0.247265012800007
FBgn0001341	304.048294198986	-0.293566855027695	0.254631213199663	1.32918145897533	0.248950889280465	0.43716271582305
FBgn0001404	1997.81141019921	-0.29709868673705	0.246997865119378	1.44428829792471	0.229446659284167	0.413697858913668
FBgn0001491	181.692703005539	0.235387785049397	0.267218304098451	0.776571450299109	0.378191767465846	0.57280538210069
FBgn0001565	1363.83014034745	0.162242025218808	0.219305174461246	0.546898396693052	0.459587784201103	0.650529773466559
FBgn0001612	452.647493969	-0.287089446753989	0.205914488933415	1.9394781252078	0.163725209653974	0.32759892289947
FBgn0001624	1996.81987183695	0.164222415321962	0.174076383733958	0.889425268087123	0.345633102312939	0.541428456383699
FBgn0001941	1192.99370806811	0.887700957705537	0.158769741025877	30.8544684450565	2.78120997062142e-08	5.98570653189353e-07
FBgn0001942	32542.7886341402	0.118589039944811	0.168767198021727	0.493609650755886	0.48232152525175	0.668867694298513
FBgn0001961	5367.55011250475	0.361406695756852	0.157530156853994	5.24982210196794	0.0219490148931136	0.079933185066791
FBgn0001965	1363.5389266364	-0.231331347962838	0.187699336836911	1.51712321687083	0.218055355894629	0.398946809125898
FBgn0001970	258.729060413486	-0.390515934330924	0.221507155768297	3.10440203008018	0.0780808995488984	0.196796874498566
FBgn0001977	1321.5960140478	-0.5694368659693	0.266637192433201	4.53403362389368	0.0332272125231375	0.107280250019819
FBgn0001978	1574.90406404774	0.0400595342038958	0.162762977981132	0.0605774096184177	0.805585637718187	0.89310622400135
FBgn0001986	539.42048563884	-0.343351126260026	0.18373375915248	3.48913739447498	0.0617727648994907	0.167254641753024
FBgn0001987	2007.29754840237	-0.181653299379974	0.202999928965912	0.800108514737289	0.371060927382653	0.565597101956216
FBgn0001990	182.875448210022	0.0540674938737654	0.19423135529359	0.07776001763051	0.780356232456464	0.877962947239046
FBgn0001994	1518.84574517283	-0.30804272514733	0.157746195881028	3.80573052312732	0.0510774904054156	0.145954590458999
FBgn0001995	348.441926349011	0.368590634723198	0.185478794027324	3.9430600934213	0.0470650894904602	0.138429103089909
FBgn0002021	384.175735326687	0.173208848572979	0.166090212904673	1.08758066997524	0.297007876469171	0.488499068399621
FBgn0002022	1778.31924189333	0.446462267019831	0.197422673175237	5.09411544648651	0.0240071549896714	0.0850446925796169
FBgn0002023	148.178068028178	-0.0593817871933333	0.27480362868344	0.0474250547343757	0.827606026915011	0.907856238376188
FBgn0002031	2095.23300655643	0.409214430774051	0.14194508589064	8.28767380889575	0.00399150875196615	0.021890039296053
FBgn0002036	172.684914098457	-0.00665540044398856	0.250548903659773	0.00122786103509753	0.972047168791322	0.984656665987215
FBgn0002044	1499.86290031361	-0.0577610713220194	0.191274459080234	0.0911998107764731	0.762657350292677	0.866892755247015
FBgn0002069	4401.36613097984	0.249564230659925	0.192946709942869	1.67077714678346	0.196154474394869	0.369455658628172
FBgn0002121	2449.41901156085	0.0429354004031411	0.199869348457063	0.0461435620394042	0.829915045980575	0.909479470826452
FBgn0002174	651.546079653185	0.415997486288618	0.212614842718557	3.81933693529695	0.0506642839378234	0.145410642355425
FBgn0002183	1996.54159958404	-0.190483838929609	0.136607617835517	1.942827013545	0.163361909889795	0.327243017677083
FBgn0002283	287.370597944778	0.0639591542432302	0.203440565462128	0.0990112073760798	0.753019465869748	0.860705151144386
FBgn0002284	2978.41409787564	-0.110367432225176	0.187531591306367	0.346266447390619	0.556234250966586	0.728003024781111
FBgn0002306	2395.77538020824	0.00181317165941892	0.271202154819046	4.50449564652899e-05	0.994644994924523	0.995734670480432
FBgn0002413	1522.37761641189	-0.30454667336436	0.235450568016761	1.67022913670988	0.196227846303313	0.369455658628172
FBgn0002431	2924.62964535926	-0.164610434594074	0.279733217012544	0.346124681177827	0.556315094752837	0.728003024781111
FBgn0002441	657.441893928219	-0.244299821982554	0.1757175480037	1.93279566687868	0.164452909162746	0.328607896388602
FBgn0002466	981.622504475003	-0.423193602018973	0.189140392884424	4.9908651791638	0.0254814652923888	0.0888729050355884
FBgn0002521	214.379893714386	-0.371796036935536	0.296913111455963	1.5687873074209	0.210383213489649	0.389105318766017
FBgn0002524	1546.16481611768	0.32651859842018	0.177354804534523	3.38224628904339	0.0659021790686787	0.174893482135946
FBgn0002525	3052.77588133389	-0.289334354586218	0.182610064983849	2.50624127234242	0.113396106838533	0.253976355529269
FBgn0002526	15095.7903271719	-0.139568808453604	0.304180257257179	0.210450933728822	0.646414196180982	0.793878874806821
FBgn0002531	207105.717712869	0.290610525891206	0.425311944145646	0.466089719493567	0.494791602126224	0.679751066037958
FBgn0002534	162916.021022644	0.995882686302499	0.283731052494063	12.0827125583002	0.000508915009613514	0.00397052700692276
FBgn0002542	539.44621870446	-0.312546257620453	0.170642358851618	3.35139715170241	0.0671479981675279	0.176922644320772
FBgn0002543	1334.23170761125	-0.688344870631334	0.283486241500023	5.84451746190547	0.0156256583081531	0.0620246553806312
FBgn0002552	612.089226104139	-0.542667648693207	0.19988129191145	7.33694812884809	0.00675514286370209	0.0327693131551991
FBgn0002562	358212.133043409	0.899164161777081	0.363512700260202	6.0218649790246	0.0141297076615763	0.0577583545671442
FBgn0002563	674156.947540099	0.500807700748115	0.298064310491192	2.8090008686697	0.0937367394171231	0.22246718359782
FBgn0002565	686957.365793236	0.13186395871783	0.335441173297159	0.15447597085992	0.694294138723232	0.825778606293813
FBgn0002566	461.614367090156	0.0958744469441159	0.277873494722693	0.119101082252797	0.730011490541423	0.848363149287175
FBgn0002567	2121.75744615776	-0.21592677797026	0.153585388302229	1.97444739655839	0.159976586153701	0.322437961676623
FBgn0002573	115.761017255332	0.864106304498931	0.404234211406132	4.51261193439768	0.0336458240981507	0.108235782662079
FBgn0002578	3071.22739717833	0.628347886360775	0.222046129245447	7.9465893578904	0.00481780873502765	0.0255944276206406
FBgn0002579	10307.5123824322	0.538362944254698	0.14666729120469	13.3977006742527	0.000251932939076661	0.00217946691609064
FBgn0002590	28888.3107962017	0.638663151694266	0.213188164234988	8.90243092926541	0.00284791268147983	0.016708764296129
FBgn0002592	131.291531397222	-0.356300510940596	0.321920697235353	1.2244608097641	0.268486989537039	0.458511553256209
FBgn0002593	21299.262731164	0.583401294065358	0.158695377575148	13.4240595631666	0.000248417524304812	0.00215327724407236
FBgn0002609	103.723186277246	-0.347643604042817	0.274569000281286	1.60026396406539	0.205865807190327	0.382917344571553
FBgn0002622	26493.0188161245	0.54681273965087	0.164217952431945	11.0220162409091	0.00090036085820152	0.00645392706155175
FBgn0002626	17547.2832215397	0.675275046521293	0.218604667033961	9.45647655004436	0.00210404850199877	0.013131321581759
FBgn0002629	100.877338314552	-0.253614356465258	0.24050042042541	1.1151311976415	0.290969253712969	0.482705902380755
FBgn0002633	101.582055373996	-0.422241692807503	0.298715636952539	1.99446769215132	0.157874525773474	0.320028673426403
FBgn0002638	980.787351170973	0.0299468680987533	0.149069267492973	0.0404557853372012	0.840592048886949	0.914259119854362
FBgn0002643	1678.58088572325	-0.794132268990494	0.251621249059889	9.84385488396407	0.00170400032204387	0.0111025456211714
FBgn0002645	2861.95777060038	0.0241821675865807	0.174918216986622	0.0191123549322754	0.890044862565786	0.941584446382987
FBgn0002673	107.900747020109	-0.6036072360081	0.333238128466833	3.27968844121077	0.0701422431653256	0.182254167753484
FBgn0002707	201.149218095119	0.163176940061699	0.183042585292119	0.795189783355518	0.372535447854461	0.566963227296958
FBgn0002709	343.729358010518	-0.715998985792909	0.33888294415329	4.4276568126311	0.0353610216893866	0.11248221174735
FBgn0002715	142.550851973587	-0.425328552414755	0.256446008652899	2.75072015366644	0.0972106351697904	0.228134745941019
FBgn0002723	305.916091702	-0.178235894362889	0.235719995461731	0.570690559416342	0.449984636902008	0.642922942610177
FBgn0002732	177.238018101517	-0.495309796525993	0.346776234519295	2.03614081187496	0.153598902152633	0.313958006160489
FBgn0002733	308.409887656691	-0.33157802531099	0.250432473566021	1.75047651678467	0.185816838785369	0.356535534492655
FBgn0002735	83.6544132057971	-0.183153434574601	0.316875799712446	0.334400392394201	0.563079394218925	0.733359477124809
FBgn0002736	483.671378532408	0.0423343744987698	0.196215029663454	0.0465536322646471	0.82917256278009	0.908829331954212
FBgn0002774	829.173964710194	-0.23224317380539	0.153199358283574	2.29737729438223	0.129592657009367	0.2793856842049
FBgn0002775	239.908068438723	-0.0135201727555089	0.215040558012842	0.00399187488800834	0.949622146690711	0.972197585979747
FBgn0002778	695.396331299845	-0.343643726972233	0.314574615887091	1.19120140249959	0.275087353072079	0.466443275078406
FBgn0002780	1187.33163239768	0.189113830636934	0.267005038070005	0.501469589631256	0.47885510803075	0.666296240323054
FBgn0002781	2683.34226935999	-0.053059249382089	0.129076650694894	0.168969678436042	0.681029114927604	0.817759050342127
FBgn0002783	2115.67326048086	-0.301877847300057	0.119879153511532	6.33199436135939	0.011857889791442	0.0504503469236666
FBgn0002787	4689.62458071954	-0.25118697905013	0.18365424783634	1.86824173618766	0.171676591554506	0.339429586349309
FBgn0002791	336.638231511075	-0.263912607175759	0.199896798432574	1.74204626037956	0.186879760764371	0.357939441932888
FBgn0002862	178.18259359595	-0.979360662325575	0.483298966638058	4.04584716351452	0.0442801485517945	0.13240529678788
FBgn0002865	752.399735055736	-0.979460958549192	0.347894171476221	7.79124993586339	0.00524998627715728	0.0272098171794887
FBgn0002872	219.291422201886	-0.162676370077643	0.20122946307411	0.653004267492904	0.419040619019987	0.613813815111615
FBgn0002873	966.906662865084	-0.473833096336371	0.284244110957024	2.76797070343859	0.0961680091076835	0.226432626671722
FBgn0002878	272.454514780719	-0.363928607522699	0.228146322777286	2.54436997616484	0.110688055674504	0.249862216237355
FBgn0002887	180.371924043965	-0.157392806451774	0.285511092207671	0.304398489230806	0.581138012487825	0.745885355955283
FBgn0002891	349.880502662515	-0.44418080467681	0.226220690362536	3.84802913717937	0.0498044816912123	0.143948492120294
FBgn0002901	145.294634327766	-0.185573898489338	0.260468034224814	0.50796624656715	0.476020580163328	0.663780910139256
FBgn0002905	196.11003308175	-0.577217260633557	0.252002432149632	5.23115912178542	0.0221857427457705	0.0805957159278216
FBgn0002909	133.192013963777	-0.0574636299387609	0.292309112539612	0.0387175589179023	0.844009266643416	0.916056306133026
FBgn0002914	1101.3490162025	-0.186456474890787	0.143098929068343	1.69673648171185	0.19271532775671	0.365153543509815
FBgn0002921	11568.013003538	0.0577854256729963	0.147331779386374	0.153818220504888	0.694912911419129	0.826069180972975
FBgn0002924	521.003474053477	-0.228155825958935	0.163525421599446	1.94619204143854	0.162997786177038	0.326587753230287
FBgn0002930	895.804837780983	-0.0243656155927559	0.290554041707865	0.00704676850433827	0.933100135024378	0.964427648865522
FBgn0002931	89.7013219721304	-0.4319139436939	0.379793667845442	1.28951594129927	0.256137175668207	0.445416678080233
FBgn0002932	444.900612842286	-0.517997794250263	0.204270736508381	6.40074867045581	0.0114072249529291	0.0489816802844997
FBgn0002945	608.899525257057	-0.471944219261465	0.239296000073495	3.87705773969063	0.0489502702028546	0.141991184835631
FBgn0002948	119.169427511774	-0.0642971102893627	0.274093995678849	0.0556291912894906	0.813542538996837	0.897337420513511
FBgn0002973	1633.8596760061	-0.403000871054258	0.215243571679769	3.49486481280172	0.0615594340565676	0.166779381674901
FBgn0002985	155.399023629439	0.0506896054505909	0.313973963305892	0.0260996639102231	0.871657159587984	0.929711443999078
FBgn0002989	140.66606172292	-0.126991576970526	0.222206180075465	0.326312654881846	0.567838440020944	0.736962258382823
FBgn0003002	150.41312678718	-0.804989569861937	0.308749605495965	6.74746216645977	0.00938811269936645	0.0422441134417183
FBgn0003008	267.830774689995	0.174759684070556	0.176136583126821	0.984659508165286	0.321051149713915	0.515363897594248
FBgn0003016	721.549197062676	-0.464283961569666	0.154208276690836	9.03778565630599	0.00264455769282443	0.0158197033459252
FBgn0003028	670.19293162039	-0.120079008039688	0.23767683268811	0.255058818714886	0.613535319095501	0.769308786638634
FBgn0003041	626.445650377723	-0.104246793550599	0.154125653381795	0.457312490175639	0.498882670107725	0.682758344801396
FBgn0003042	93.8751379700486	-0.197263058810168	0.274832399276927	0.51676663284303	0.472224212841989	0.660721765180669
FBgn0003044	612.658678506352	-0.603463775407685	0.186453571029194	10.4271842634531	0.00124173911668822	0.00850706984911248
FBgn0003046	2746.27897629269	-0.319553044643562	0.378507606278371	0.711385923509141	0.398984102489903	0.593498941397658
FBgn0003048	1946.60275772563	-0.668592101898413	0.256120728133784	6.75746302390529	0.00933563942042941	0.0420723606975838
FBgn0003053	1586.26753321442	-0.123876075479275	0.194827982813283	0.404083231581467	0.524988004595424	0.703598747349638
FBgn0003062	1567.97551600623	-0.028001845449247	0.165638384342008	0.0285847234802219	0.865741445465004	0.927550086787663
FBgn0003079	465.359126231601	-0.247002240016653	0.151711008409744	2.65069196068669	0.103504832679484	0.237659808369442
FBgn0003090	549.506620158611	-0.548651840411918	0.211681691944541	6.68659279237998	0.00971406888060738	0.0432477012121491
FBgn0003093	961.913594623776	-0.161082428277568	0.152974552348918	1.10790192309916	0.292538478995573	0.484762354677359
FBgn0003116	111.965768979621	-0.00117304198512961	0.273455456850591	0.000799320326656527	0.977445010127648	0.987856461959267
FBgn0003117	202.150563492788	-0.441530168587634	0.371510201532061	1.40921498384454	0.235186754092458	0.420609630748246
FBgn0003118	548.01911476979	-0.0773841061399218	0.137784733481423	0.315641189375519	0.574238981289903	0.740662660170489
FBgn0003124	1150.81179697338	-0.373124378254104	0.145849372096708	6.5297399498694	0.0106085465551172	0.0463874206156366
FBgn0003132	90.9766836637132	-1.00152539209529	0.481640018691333	4.2742205485247	0.0386947070391645	0.120104303429314
FBgn0003134	895.436192926482	-0.0546348526852028	0.131507252465277	0.17259028065321	0.677819929194286	0.81641865345487
FBgn0003137	5155.79340180489	0.280060710307492	0.31084570860251	0.810459295259633	0.367984494754298	0.562559802791394
FBgn0003139	792.830059919906	0.101025123818324	0.188871943078716	0.286064786261335	0.592753414711902	0.754211410442368
FBgn0003141	529.412412849445	0.247151862565766	0.21256373624101	1.35043661706983	0.245201801333222	0.432386230008863
FBgn0003159	1921.76063550629	-0.0487592168406864	0.240603554684713	0.0410783455652535	0.839386770107889	0.913736597511968
FBgn0003162	5998.34674037924	-0.55024581152323	0.488596559451737	1.26075475194453	0.261508274692283	0.451221942879294
FBgn0003165	1593.67785833858	-0.586954756566856	0.182557191390796	10.2750583949462	0.00134840605905398	0.00908963717730502
FBgn0003169	893.988513834967	-0.00635439756737989	0.161372422971622	0.00164627662439898	0.967635245362225	0.982067457315671
FBgn0003174	756.067428931489	-0.198551027287166	0.163591045849629	1.47204877803884	0.225022720697538	0.407720839309051
FBgn0003175	1985.06839308552	-0.630799034358829	0.169606441292357	13.7326978398588	0.000210753238614729	0.00186341340434506
FBgn0003187	193.954840674035	-0.346038613156755	0.334800816248484	1.06898133226214	0.301175652098348	0.493147885343445
FBgn0003189	2055.5713791087	-0.467171964513221	0.260871909257604	3.19373994657123	0.0739207154937872	0.18945001263932
FBgn0003204	3031.94133021811	-0.53602873365536	0.337548134236574	2.50775046684802	0.113287541482906	0.253846944145546
FBgn0003205	1637.41983916237	-0.048204849182429	0.168895660445345	0.0814458802545488	0.775347477555732	0.874446081537804
FBgn0003206	1611.19740157547	0.36576509307474	0.238126942920205	2.35278178319879	0.125059664064306	0.272408411676978
FBgn0003209	1910.95991745956	-0.106734670152039	0.299940022037561	0.126613933309656	0.721968991705523	0.843907058260635
FBgn0003210	1323.26260660975	-0.238802133508167	0.199090669144797	1.4365690568753	0.230695349502533	0.415439951838848
FBgn0003218	688.09719163898	-0.127199813777885	0.13847152530387	0.843582547332318	0.358374166596292	0.553805625668225
FBgn0003231	6127.21425682256	-0.0519821028729069	0.125814723833403	0.170689540826572	0.679499716668874	0.81721486982229
FBgn0003256	557.008223498351	-0.874135210266445	0.24342443985215	12.7432541979907	0.000357295490115587	0.00291923648590735
FBgn0003257	406.910297066667	-0.048648714206168	0.183709088545278	0.0701095740348165	0.791177307292336	0.884229072187207
FBgn0003261	14176.8752810374	-0.086155059049343	0.170876671897622	0.254168316112612	0.614155211124472	0.769787724852605
FBgn0003268	477.882857924298	-0.318012107103688	0.190435906473559	2.78329602288368	0.0952519580779088	0.225034344867327
FBgn0003274	13111.731028397	0.341134687751222	0.185918703082044	3.35908028056011	0.0668353858125697	0.176362274046087
FBgn0003275	240.291349817969	0.150084811839272	0.289194334302761	0.269603034167439	0.60359818465846	0.762294315360849
FBgn0003277	3725.43539333606	-0.14199531498821	0.206002948843194	0.474915779179184	0.490734330390289	0.676461557929177
FBgn0003278	228.912288661132	-0.133874162641239	0.234197270877793	0.327333630565086	0.567233377175051	0.736312179476287
FBgn0003279	40512.2507195781	0.419504165163627	0.150580146935158	7.7341768774569	0.00541852585540747	0.0277546106589578
FBgn0003285	370.691194734319	-0.477906015721769	0.242024631214402	3.8818915674172	0.0488095366217631	0.141816052403832
FBgn0003295	54.3993104470361	-0.565054759296708	0.418246889255818	1.83135984906045	0.175967011312073	0.344745317011043
FBgn0003301	1043.77140093766	-0.497917039486724	0.210697065786118	5.55833053397689	0.0183929460173912	0.0701644102484068
FBgn0003302	134.739242407493	-0.353031345200985	0.265738538076525	1.76882695482809	0.183527319259067	0.353590625576857
FBgn0003308	994.398910722558	-0.178740651309777	0.24010928250389	0.553591947596431	0.456853729227218	0.648323786860884
FBgn0003310	643.002417512862	-0.216770940269963	0.22482579912191	0.928237427101294	0.335321347740559	0.530775744765689
FBgn0003312	511.842156624894	-0.153592880115284	0.217389036804525	0.49874397711379	0.480052528205796	0.666962034774245
FBgn0003317	531.311628349298	-0.131060700950338	0.177023743146464	0.547617422026875	0.45929285163878	0.650223707583841
FBgn0003319	153.420626391738	-1.04866221267793	0.481805113313399	4.66029461397454	0.0308678945408385	0.101899850889772
FBgn0003321	771.069726360183	-0.258360868698659	0.201539742178649	1.64213886646307	0.200032259582469	0.374752581434332
FBgn0003326	285.072827723125	-0.596421677408971	0.242150617344517	6.03244556842142	0.0140452606443037	0.0575637974418647
FBgn0003330	286.837525492456	-0.27472030319513	0.245676867477928	1.24959307915527	0.263630211186558	0.453070231481255
FBgn0003334	792.705919200806	-0.174564678559772	0.145754690285442	1.43353342043135	0.231188646944451	0.416158429342684
FBgn0003339	248.629981315173	-0.599661981602309	0.305954834857038	3.82234816736825	0.0505733157852351	0.145313884236052
FBgn0003345	1256.01078915547	0.221247535900282	0.154645143593013	2.04517316352997	0.152689609126776	0.312969363747891
FBgn0003346	844.802897265001	-0.174731741687465	0.128628201372563	1.84491638160904	0.174375808745475	0.343007331488905
FBgn0003358	4592.04664324891	0.0585234136611026	0.215545041209858	0.0737156853736707	0.786001634484932	0.881280612794795
FBgn0003366	1775.30003658413	-0.581318456016977	0.204796071201596	8.00389689499764	0.00466767887240691	0.0249018127993462
FBgn0003371	4484.35080058991	-0.10800318181637	0.194621625470336	0.307899128077025	0.578972234628138	0.743971311833215
FBgn0003372	14052.2623922659	0.614509170349189	0.324339160059997	3.56290412416655	0.0590842836972659	0.161661928478969
FBgn0003373	126021.140470535	-0.295939068683613	0.30329961415872	0.950390562560102	0.329619902902538	0.525197637243577
FBgn0003374	21061.2253017418	0.616971064744853	0.34724216068784	3.13316616112685	0.0767146167357043	0.194399960468248
FBgn0003375	21367.8358156072	-0.141859620441626	0.333593773708122	0.180762757121485	0.670718556970942	0.811244228459954
FBgn0003377	24571.6931260579	-0.00423204371590894	0.3379161295162	0.000156911156508954	0.990005625573958	0.994174307507068
FBgn0003378	20532.4793494479	-0.260129680402888	0.327392637354108	0.630455096605317	0.427188430625092	0.621723686596704
FBgn0003388	1657.60553294359	-0.0666520062582705	0.187989160953287	0.125688545244174	0.72294486987173	0.844501771266902
FBgn0003390	290.885605559172	-0.194644891610501	0.293870119418203	0.438255507588281	0.507965651515534	0.690220035259173
FBgn0003391	2731.09212621836	-0.634519947378731	0.240389139745209	6.91402727480737	0.00855221521106306	0.0393455406790513
FBgn0003392	2261.00553554736	-0.158844898735931	0.147659238349481	1.15666513603199	0.282158237077092	0.473210508708947
FBgn0003396	1752.15200322261	-0.200433168138949	0.313622699790034	0.408118815716506	0.522925867714029	0.702129375750063
FBgn0003401	56.7658161117915	-0.109842986133928	0.320936939301499	0.117683015758878	0.731561159722289	0.849062707119116
FBgn0003410	754.582865884758	-0.203953089544679	0.168456867904772	1.46489026573178	0.22615362833792	0.409214834914714
FBgn0003415	1800.59006883189	-0.796177578339105	0.231794948079506	11.6603482629176	0.000638463875566546	0.00480290301619711
FBgn0003416	626.935816973779	-0.347648278758952	0.159709813399967	4.73033238560099	0.0296351576884157	0.0991283667333511
FBgn0003423	2160.87922568521	-0.0936397675163527	0.239195127620459	0.153230113593963	0.695467461592784	0.826394408981246
FBgn0003429	770.32586479385	0.323682824854673	0.19694734678915	2.69670894579342	0.100555621022318	0.233439305419872
FBgn0003430	49.1770474243444	-0.662190922547197	0.372977897577766	3.15446392392519	0.0757195578652355	0.192883769804514
FBgn0003435	1350.30174868908	-0.725481810615391	0.310114422318655	5.42006057719979	0.0199066692706326	0.0742733402300474
FBgn0003444	469.621466743302	-0.19068237782112	0.176876483470658	1.16079584037974	0.281300551286956	0.472889324548695
FBgn0003447	1754.11624424055	-0.828529533028572	0.366969831502406	5.03100189386743	0.0248974916559512	0.087319342755212
FBgn0003449	565.922357453504	0.178972088383896	0.19976124264319	0.802311956712117	0.370403030199345	0.565277817101179
FBgn0003459	182.462570414542	-0.263956202397657	0.326291537851378	0.654751489860054	0.418419002854955	0.613208649923953
FBgn0003460	210.982870308706	-0.210739447009213	0.19522519098886	1.16482113642719	0.280467918510279	0.472025474326139
FBgn0003462	4872.34477770352	0.440205227257944	0.179520841013227	5.99002705796137	0.0143869816872233	0.0585026388977229
FBgn0003463	1396.73174401079	-0.207996333163079	0.194769101076007	1.13907378782221	0.285848125893447	0.476872651427889
FBgn0003464	1491.78295651928	-0.453040723664757	0.212245731395611	4.53754013831333	0.0331592098701464	0.10709987843857
FBgn0003475	692.961576041169	-0.14456181653369	0.196548968395834	0.541181833056243	0.461943348840601	0.652921369561022
FBgn0003479	208.748771348618	-0.174699288036141	0.270488818019369	0.416937344128961	0.51846921952613	0.698299798387029
FBgn0003499	181.912203731882	0.147351500434393	0.25716176177512	0.328609264565991	0.566479153264184	0.735835434795741
FBgn0003502	1272.13068702079	-0.268159264453216	0.233282636897637	1.31907515808652	0.250758098345661	0.439025686468673
FBgn0003507	2186.02760546498	-0.381729352090907	0.251853714809793	2.29056478962748	0.130162550830984	0.280203549288265
FBgn0003511	188.045690786999	-0.130962574427283	0.245537037132595	0.284225030565949	0.593945259409933	0.75518821280284
FBgn0003512	309.276722598594	0.0739865518350037	0.217844441713242	0.11536308202701	0.734119055760228	0.850783628582644
FBgn0003514	4141.41540753528	-0.0407601878540886	0.234103736406021	0.0303132605510683	0.861781342448929	0.925490097086285
FBgn0003517	35494.995611743	0.305052811397105	0.194066543142531	2.46626054220013	0.116314355820463	0.2585284321813
FBgn0003520	1168.4174788413	-0.19699772634201	0.192431462635715	1.04741497689133	0.306103192930622	0.49853351318195
FBgn0003525	454.309430746014	-0.166544916860901	0.157900320961515	1.11241059595865	0.29155853817877	0.483410849471902
FBgn0003545	200.961128108634	-0.183643398652873	0.266699180979046	0.474799824505865	0.490787272649886	0.676461557929177
FBgn0003557	2244.44635956319	0.0148797666277529	0.260562295728166	0.00326301340088264	0.954447380429541	0.973988777036977
FBgn0003559	586.955408530523	-0.1625737249806	0.142834280803113	1.29601739639197	0.25494197541968	0.443840676690569
FBgn0003567	836.057173958273	-0.0138538091535588	0.146480926513135	0.00895274354147091	0.924617506498893	0.960158952853659
FBgn0003575	953.157395732725	-0.283527476543507	0.143515535256995	3.89823483220144	0.0483368686966777	0.140906682979678
FBgn0003598	793.361474152488	-0.501893557201466	0.214501378793871	5.45088706813779	0.0195583932083044	0.0732526577547021
FBgn0003607	942.884346555397	-0.0685898076793338	0.228002274086363	0.0905636775208905	0.763461775787597	0.867329052821989
FBgn0003612	872.119537085461	-0.148856517492263	0.154174728059395	0.932213134838605	0.33428850293993	0.529675300761706
FBgn0003638	1571.22626371172	-0.114409649708277	0.153904027478803	0.55248880213901	0.457302550378623	0.648856360273511
FBgn0003651	1063.10909692427	0.132815416615228	0.270035831051988	0.24177342886405	0.622928174963391	0.776573066630419
FBgn0003654	2996.32817876647	-0.300592005554731	0.170761279005345	3.09276724382742	0.0786409651347181	0.19792580614625
FBgn0003656	1559.98141676579	-0.267453980033317	0.15665237449405	2.91090791168222	0.0879823324054416	0.213226064582702
FBgn0003660	2237.11200759942	0.235658507788412	0.168413513323416	1.95573934667303	0.161969721590536	0.325118476641239
FBgn0003676	2849.13330199275	-0.134418119169519	0.127346114075297	1.1137966449847	0.291258128773551	0.483072765876146
FBgn0003687	204.43075126644	-0.217858479211894	0.249857841056925	0.758572595825079	0.38377559457916	0.577890076205889
FBgn0003701	179.848889754064	-0.223048096280989	0.271479858507905	0.675989430350512	0.410971179792811	0.605284596742113
FBgn0003716	2063.16927162198	-0.466138336166662	0.138253595095769	11.3229833245345	0.0007655362179121	0.0056198765281667
FBgn0003719	196.955252490844	-0.0761811900863349	0.225058357658267	0.114654328415725	0.734906222485792	0.850830178661482
FBgn0003731	2650.20896484959	-0.336024905172903	0.202828827374806	2.73857869736128	0.0979518528593796	0.229142934684827
FBgn0003741	89.2218885307926	-0.0131767409975643	0.29333959512783	0.00255877323861853	0.959656759162301	0.976970815580213
FBgn0003742	395.393268478273	0.057793647970794	0.190736353932015	0.091833956905468	0.761858478928508	0.866431140361536
FBgn0003744	1128.46400363327	-0.299408415328938	0.202951636962347	2.1736248662187	0.140394959524412	0.29517396303155
FBgn0003748	1869.42139017877	-0.860655476525919	0.141776010240962	36.3926405872509	1.61311163932231e-09	4.37972218627078e-08
FBgn0003862	1542.65071789111	-0.737291009201466	0.266311171639367	7.5873966434711	0.0058777768785645	0.029569842175857
FBgn0003863	16052.5134248345	0.269695344564145	0.242207875179647	1.23803784727276	0.26584954385292	0.455506092224886
FBgn0003866	886.84996061698	-0.397667563493661	0.177409941865054	5.01451021315494	0.0251357390662409	0.0879103295761037
FBgn0003867	310.346257500845	0.304624260333633	0.169963569395973	3.20970864148953	0.0732025175804425	0.188078310071015
FBgn0003870	1104.25157831231	-0.166889570770156	0.20054517507222	0.692357281703806	0.405363737332299	0.59975345711271
FBgn0003882	674.086134218201	0.0874243620520192	0.135421948515296	0.416872302251186	0.518501844858547	0.698299798387029
FBgn0003884	61928.8288991185	0.0871400401605405	0.204633501135071	0.18130518076282	0.670253979922789	0.811069818820445
FBgn0003885	2297.88768201161	0.0271060614738588	0.15915105740786	0.0290088278459564	0.864758655444088	0.92694732454308
FBgn0003886	446.168075037861	0.804914787407225	0.295049954886086	7.3562014611486	0.00668318350245232	0.0325275296335572
FBgn0003889	1317.56119483912	-0.934193988368517	0.327128390680945	8.0241431161063	0.0046157858577949	0.0246547786980522
FBgn0003891	8132.82395535869	-0.0555518563409366	0.2265830108157	0.0601057412504389	0.806328890172615	0.893359639257217
FBgn0003892	757.366951008612	-0.545088246080616	0.253152591527503	4.61385748831175	0.0317146155582925	0.104118133202126
FBgn0003896	202.76991030906	-0.241429361090097	0.240898644773379	1.00577890296731	0.315916211282894	0.510183866830208
FBgn0003900	97.9222539905512	-0.429825866822053	0.286525419440076	2.25594141330639	0.133102489629392	0.284447298628352
FBgn0003941	16271.3765366533	0.546222709916248	0.195846536115838	7.7328225234409	0.00542259165639656	0.0277546106589578
FBgn0003942	14244.903092874	0.619186031872462	0.133067385162532	21.4901677550583	3.55647507293068e-06	5.13622521170872e-05
FBgn0003943	17770.1487264032	-0.132702370325736	0.122671522152983	1.16979011046763	0.279444371348562	0.471460195025434
FBgn0003944	214.131459015373	-0.158691791260785	0.218366557116925	0.529623249133408	0.466765296429365	0.656686380053047
FBgn0003963	770.257876255785	0.172290808644222	0.265177143577593	0.421897072239162	0.515991956830117	0.696620720175789
FBgn0003964	1326.24955432548	-0.197466272227716	0.16896557156471	1.3646216461846	0.242738113118129	0.428898900711728
FBgn0003965	362.160306979283	0.907189048360424	0.341818577241764	6.94117695383495	0.00842336708176776	0.0389354589468406
FBgn0003969	1335.96104250059	-0.574883213304969	0.166715085566957	11.8276786081072	0.000583567032345721	0.00444680094423026
FBgn0003975	173.237835042116	-0.210143621900894	0.236596801392455	0.787187005057895	0.374952071003538	0.569462491314152
FBgn0003977	1044.59511988667	-0.307170016245472	0.196003479524755	2.45154596920732	0.117409182098977	0.260341189334287
FBgn0003978	263.502622001777	0.0584316448763702	0.238362777717456	0.0601824309074672	0.806207833063946	0.893359639257217
FBgn0003984	151.155807497974	-0.200697282479317	0.227438546892104	0.778652174459893	0.377553669942652	0.572330112278639
FBgn0003997	157.475378580565	-0.0882522664798421	0.234941068693932	0.141102470140453	0.70718745843956	0.833563517453325
FBgn0004003	357.730352422598	-0.451390101902606	0.371083647261042	1.47573974334142	0.224442270420603	0.406836194369639
FBgn0004049	672.096189953453	-0.164968641335628	0.152427341343611	1.17154007350663	0.279085022729094	0.471229667156817
FBgn0004050	522.457520299998	0.0982555556697652	0.156900064537585	0.392230786647559	0.531129130325257	0.708493340285724
FBgn0004055	434.39124988393	0.19699543211668	0.192931381038304	1.04220500580409	0.307309199875898	0.499941054541716
FBgn0004057	1170.65415241571	0.335312052542463	0.18828126441438	3.16422123361991	0.0752683256440908	0.191920360170079
FBgn0004066	3585.80585422253	-0.134847120092695	0.184263646468823	0.535325764247503	0.464376363333327	0.654996328333324
FBgn0004087	122.533160935412	-0.0836008425841632	0.266077107627412	0.0993992581188081	0.752551742172365	0.860650888835643
FBgn0004101	283.237275319313	-0.0607216727485911	0.169622344021742	0.128561080357613	0.719928649972062	0.842191489772434
FBgn0004103	4087.26771575755	-0.1045352229569	0.1144711629371	0.833815081836008	0.361171673100538	0.556340910432369
FBgn0004106	297.296317335732	-0.232022227794003	0.215362799273832	1.16182453370882	0.281087469371487	0.472621156580411
FBgn0004107	174.490297520242	0.226656033699092	0.213356850366425	1.1286518197732	0.288063090924717	0.47923618294112
FBgn0004108	1248.36170724369	-0.884382933159143	0.215828559646274	16.5562137383581	4.72289751158767e-05	0.000507610811720458
FBgn0004133	759.992187956508	-0.196428413093127	0.212906852221602	0.850587332675644	0.356386237303562	0.552195286736897
FBgn0004167	8492.20191741443	0.352373866591759	0.392110339334491	0.805597946965847	0.369424927906451	0.564077792671141
FBgn0004171	80.835832090093	-0.770301463642924	0.500426379723414	2.35638168807425	0.124771291846124	0.27191451697955
FBgn0004172	58.3432073725364	-0.680022746524568	0.680890530374273	0.992826382471655	0.319052561721183	0.513450824618397
FBgn0004173	65.1165472761438	-0.67285112697878	0.503171531003941	1.78205793733166	0.181896826513545	0.351523783871117
FBgn0004174	108.711195988248	-0.88213965832183	0.409341913276742	4.60494650292669	0.0318798479329688	0.104381364809097
FBgn0004175	51.6124336706685	-0.774949533315799	0.482076304364529	2.57166983172182	0.108792838233645	0.246593373895116
FBgn0004177	4833.71407395182	0.0291522149798927	0.143544797072579	0.0412452334431208	0.839065293190933	0.913612061588942
FBgn0004179	1379.49817745526	0.249594750784559	0.138576837035874	3.241096786585	0.0718125491083183	0.185230614829524
FBgn0004197	875.199644157811	-0.63091186898826	0.17563290000757	12.8256615931177	0.000341897592564572	0.00281953678204653
FBgn0004198	996.481140742525	-0.39848009129338	0.243060476610158	2.68001662177355	0.101614667683002	0.235093819516207
FBgn0004227	1427.02263625033	-0.992725502832108	0.209261536441338	22.1131281547878	2.57045841676837e-06	3.81205463354019e-05
FBgn0004237	4416.98744572434	-0.710492326651005	0.238986288108159	8.7521701526876	0.0030923384510433	0.0178578497984333
FBgn0004242	2350.54799332022	0.59880701255724	0.196950747489989	9.17956552499481	0.00244732112679971	0.0148318417739565
FBgn0004359	219.580621189166	0.0348832747947105	0.197923394248177	0.0315329633201245	0.85905657670714	0.924530058516452
FBgn0004360	134.002333730395	-0.295239725706893	0.28430439471743	1.08143544426213	0.298376659154032	0.490110878699773
FBgn0004362	3326.49455434131	-0.126045312396839	0.142992984050315	0.776739747318729	0.378140099230049	0.57280538210069
FBgn0004363	9165.26686212776	0.974533052653922	0.163546140149643	34.8624532772133	3.53839065386283e-09	8.94634932082684e-08
FBgn0004368	1276.78854647299	-0.0720736094302393	0.238039219118968	0.091645849668069	0.762095133787575	0.866588590275974
FBgn0004369	842.43958218641	-0.542508549923168	0.248755281303643	4.73252783531375	0.0295973552003648	0.0990770342519041
FBgn0004370	2215.03333708543	-0.211828034594901	0.168418936229297	1.58028327295199	0.208719895035227	0.386677378499023
FBgn0004373	1825.48247842008	-0.128849038928633	0.189119348552046	0.464071808581551	0.495727131039829	0.680692542788107
FBgn0004374	350.68909576129	-0.743821500065504	0.196334765879969	14.2644200266361	0.000158839160334734	0.0014630446250456
FBgn0004378	596.666864064923	-0.482787429668054	0.13980139129363	11.9000550497584	0.000561322851857091	0.00429957712221091
FBgn0004379	345.55105249306	-0.259944555783454	0.179919689696904	2.08864418501244	0.14839771918985	0.307169006364353
FBgn0004380	561.949822722206	0.128173475166239	0.181473132828255	0.49883412059566	0.480012847875837	0.666962034774245
FBgn0004381	376.705003371691	-0.252518977021164	0.221555349956472	1.29691959759703	0.254776662063361	0.443751416786234
FBgn0004387	1665.06356549726	-0.537783319030829	0.176905182312252	9.19093990113549	0.00243215968348927	0.0147790460412383
FBgn0004390	752.501086837453	-0.330626923721853	0.223490136101146	2.18315308087844	0.139528349365766	0.294122827234476
FBgn0004391	794.404579405272	-0.41488914733836	0.246924438424251	2.81481814657231	0.0933974806060371	0.221900745521721
FBgn0004394	104.654655815795	-0.82016797604617	0.374114900125918	4.76407458362311	0.0290596774974086	0.0976847978046222
FBgn0004395	750.449427906119	0.0537581228067509	0.261098850215237	0.042433217746165	0.836796186422931	0.912379778697139
FBgn0004396	980.602646913014	0.178652199752812	0.1971781724686	0.820336976537192	0.365081660243739	0.559284821178951
FBgn0004397	2984.04631788138	0.271822617623428	0.154153609155036	3.10461450026202	0.0780707118467025	0.196796874498566
FBgn0004401	5180.66341547564	-0.295809517056977	0.14982096219123	3.89187730467999	0.0485201596762206	0.141290568046189
FBgn0004403	7305.79971534059	0.50252444358498	0.29554522102904	2.87659853311041	0.0898756896125905	0.216152380796266
FBgn0004404	4222.92599895028	0.316097272402774	0.244826227525117	1.66357260812244	0.197121647048414	0.370589706665652
FBgn0004406	219.893039193671	0.0727058203412736	0.25117259027805	0.0838854872472652	0.77209937914828	0.872120445673889
FBgn0004407	190.845199743425	0.348402364778814	0.18530621584297	3.53470875977312	0.0600968875454959	0.163822964381049
FBgn0004419	1720.94729541788	-0.0378706533755253	0.152239758677944	0.0618912455442455	0.80353134007446	0.892205932404308
FBgn0004431	318.800787167761	-2.42457010922132	0.958656714696197	5.77905746333241	0.0162182360850566	0.0636325990282523
FBgn0004432	11066.5030794985	0.377459560538801	0.138909400499479	7.36344636176517	0.00665630880120158	0.0324504247855264
FBgn0004435	403.928117679993	0.575668492932288	0.221201730639119	6.73820586803767	0.00943694856657247	0.0422567051372987
FBgn0004436	1054.25474224321	0.204577267639896	0.163093907253379	1.57246373157959	0.209849580626107	0.388281128002677
FBgn0004449	3544.83914992205	-0.74157813802051	0.277844240822684	7.04834846066342	0.00793383688284479	0.037198818626048
FBgn0004456	1141.46222498265	-0.118601794712337	0.182100614558593	0.423939518241866	0.514977818268327	0.695677322167746
FBgn0004463	404.373924304863	-0.0688154745764793	0.169004559386242	0.165887005787177	0.683793328158923	0.819306995571068
FBgn0004465	551.569673171613	0.223780841123147	0.166069503009448	1.81491573233522	0.177919664875396	0.346723304518659
FBgn0004509	1992.95501888216	0.212514678438863	0.251611810902993	0.712594106367504	0.398583974271041	0.593103708088982
FBgn0004510	186.189708347251	-0.0935113381772382	0.275745991331255	0.115092162793474	0.734419629008343	0.850830178661482
FBgn0004512	2694.07973305871	0.7881939484213	0.395432850989931	3.92476273619407	0.047579903922467	0.13933133832018
FBgn0004516	154.282630175707	-0.182838069588146	0.305855494023384	0.356904050343857	0.550230694471401	0.723180458740818
FBgn0004554	219.020861821168	0.227558021462312	0.218856627006533	1.08077805399756	0.298523565212826	0.490126776012535
FBgn0004556	127.703823362273	0.0450664282833033	0.250721768019188	0.032547688246531	0.8568308779984	0.923698486505126
FBgn0004569	111.006379482065	-0.47649256311226	0.320791476553592	2.19568487823196	0.138397682921589	0.292485579869338
FBgn0004574	2719.45412829305	-0.00735745139148765	0.192355885819499	0.0014685502463152	0.969431214824392	0.983160125261072
FBgn0004575	213.859366986923	-0.341727710922877	0.230089489430294	2.20125820347331	0.137898140521874	0.291975022849911
FBgn0004577	6882.86038914918	0.0940306213642682	0.421778366365096	0.0496894761398607	0.823604491818259	0.905068771552059
FBgn0004581	153.505518334352	-0.87525693916629	0.322105797456527	7.32566875151052	0.00679766663856407	0.0328635550894449
FBgn0004583	1509.89075589444	-0.559648003277022	0.318680688752638	3.06596999505841	0.079947435071456	0.20018619950923
FBgn0004584	537.490449183779	-0.0719775073824708	0.25382878706248	0.0804874514837053	0.776637915428465	0.875161783042342
FBgn0004587	5219.40792732164	-0.191073271219025	0.184193986908521	1.07527311624949	0.299757403968893	0.491738117237686
FBgn0004592	14706.9279056789	0.138960653309621	0.237645616867304	0.34178250344678	0.558802129811675	0.729958548254362
FBgn0004595	1047.65642883889	-0.660032020432987	0.253743178747032	6.7127377329078	0.00957266492225233	0.0426827666871928
FBgn0004597	256.635020148275	-0.00421265962929509	0.178466369820302	0.000865181198008713	0.976534437049359	0.987388549618831
FBgn0004598	1938.07041081383	0.0439022335831549	0.212979269256633	0.0424909032852696	0.836686852231994	0.912379778697139
FBgn0004606	793.212677333534	-0.599346857181211	0.260550594856531	5.2565329085062	0.0218645335035066	0.0797242329070008
FBgn0004607	840.518320343746	-0.575914017840616	0.28557029550812	4.04424428943392	0.0443222190112266	0.132486199375021
FBgn0004611	758.835842326045	-0.320519195848482	0.212314752683611	2.27630793041679	0.131364261229256	0.282053718838748
FBgn0004618	129.119147297074	-0.149268182369433	0.329679077283693	0.204746876611779	0.650916281121275	0.796767853292817
FBgn0004620	208.499439618891	-0.325428102505096	0.246627243135849	1.74080384381378	0.187037006646726	0.358085169592256
FBgn0004629	2498.43201673298	0.860126359543463	0.252067755682931	11.4784527055761	0.000704077228244681	0.00523401639598236
FBgn0004635	365.545516607248	0.347646946249337	0.283650810550527	1.49829157086218	0.220934418868966	0.402544974623117
FBgn0004636	1994.27192892298	0.0966777028535015	0.250742964025428	0.148613486915409	0.699863896590371	0.829384773504356
FBgn0004638	1081.31294791272	-0.148670263963329	0.177643116443791	0.699873636513999	0.402826157463804	0.597671616683938
FBgn0004643	757.497659875571	-0.0507839917499478	0.164309113126469	0.0955335430156907	0.75725686205569	0.863748993664192
FBgn0004644	230.904469561804	-0.58611256714963	0.273440219510902	4.57564117857825	0.0324296075598911	0.105515802768613
FBgn0004646	2158.89328770403	-0.356839197116294	0.241772163342292	2.17275693569917	0.140474199382177	0.295270208515562
FBgn0004647	3779.86871173886	-0.860864765380837	0.247857140691883	11.8920138121008	0.000563751368870501	0.00431443371978604
FBgn0004648	4010.83507265843	0.11780907434344	0.197427770465927	0.355933516280558	0.550773376363051	0.72375640700336
FBgn0004652	1279.08333563679	0.844018080773831	0.259956559468932	10.4006391350652	0.00125971704505563	0.00859021886056481
FBgn0004655	1118.31868259564	-0.504384214924544	0.226569934540797	4.9329227468354	0.0263497149591242	0.0909663086069297
FBgn0004656	3503.76911981668	-0.439196352643268	0.229736595119967	3.64114250191105	0.0563682403966979	0.156451242656278
FBgn0004657	5860.69432410207	0.0208303697472954	0.212761839664229	0.00958519084667842	0.922008533316811	0.959391692957983
FBgn0004687	4443.614851563	0.214092043167406	0.198079669885445	1.1670806514374	0.280001900972772	0.471874861379629
FBgn0004698	892.321370640013	-0.242754136621807	0.178758660943231	1.84195935108839	0.174721472857221	0.343448936621099
FBgn0004777	256.641480894231	0.982108991104095	0.454163523853876	4.59483812338226	0.0320683710353585	0.104920766042271
FBgn0004795	174.606319255245	-0.514394349976294	0.242791405249469	4.48605426039224	0.0341724634917428	0.109530627624823
FBgn0004811	555.701811783146	-0.00804103037316906	0.226376075195427	0.0013541536764734	0.970645409249395	0.983541170555421
FBgn0004828	5536.37730030896	0.0261752977552126	0.164095393077978	0.025444003656375	0.873265688670682	0.930492631677463
FBgn0004832	126.128105750674	-0.346643435225618	0.290524416559331	1.42316416795843	0.232883297902478	0.41785942664947
FBgn0004837	187.079327757107	-0.0633584616383891	0.237460334948193	0.0715625299216143	0.789075177840948	0.883121462458598
FBgn0004838	9631.86892540268	-0.0982717015830519	0.172945562733978	0.322799190951898	0.569930269904008	0.737724028404425
FBgn0004839	733.769728510906	-0.621004028047354	0.233964180986337	6.99962550167814	0.00815267699525678	0.0379738585832183
FBgn0004852	1180.79849698583	0.606360364681482	0.235597997655201	6.5784640323379	0.0103219923799205	0.0454497309183723
FBgn0004856	907.373315850411	0.191090363332626	0.145529724686923	1.72344969727449	0.189249598138047	0.360989721999594
FBgn0004858	405.34486688336	0.323152677070836	0.216440309853839	2.22484481817274	0.135806301691683	0.288921832366246
FBgn0004859	865.105243152374	-0.0253243434734413	0.196513576016422	0.0166279044435953	0.89739782029237	0.945957522137463
FBgn0004860	734.505187610008	-0.531217755092692	0.226568034834848	5.47307802102267	0.0193115849478684	0.072605635100124
FBgn0004861	937.485875343479	-0.485278398268432	0.283725253067434	2.91317272250191	0.087858879353114	0.213226064582702
FBgn0004863	66.0111630145358	-0.438471875181627	0.33583532668716	1.7026030667484	0.191947904318654	0.364403680660026
FBgn0004864	952.494038212755	-0.313549023302975	0.19889485201473	2.48087959771573	0.115237790020613	0.25704202708339
FBgn0004865	1352.75123932954	-0.302056586897983	1.60801316794298	0.0352260691563231	NA	NA
FBgn0004867	30708.6331947779	0.189824079309319	0.135521032038392	1.96052621583598	0.161457051815556	0.324292113767111
FBgn0004868	9003.50073040662	0.0953778730448657	0.224921785353179	0.179775423499322	0.671566309089208	0.811427219321105
FBgn0004875	1707.31323532063	-0.342272799953496	0.16152427240569	4.48126473604695	0.0342683532039725	0.109751230030168
FBgn0004876	2056.13338793398	-0.201917578388692	0.243772780226206	0.685679723602902	0.407637765784603	0.602275735104488
FBgn0004880	192.834684099432	-0.477843591400843	0.272801766995399	3.05271456727007	0.0806023179154861	0.201311874691834
FBgn0004882	363.806118837797	-0.883906319567928	0.385114163387134	5.2018896743232	0.0225623475681516	0.0814274662336891
FBgn0004885	3322.26564367181	-0.630998828775468	0.504405403475782	1.55284017641617	0.212716643244513	0.391778680857771
FBgn0004888	4818.57253675101	0.307445998273556	0.199124050589663	2.37929029438725	0.122953393798205	0.269483543684888
FBgn0004889	1636.67446053092	0.0240840018926071	0.151207623703245	0.0254021070925745	0.873369191945384	0.930492631677463
FBgn0004892	208.035302037559	-0.157263383617923	0.287580980007667	0.299131586870118	0.58442735061149	0.748148402987928
FBgn0004893	1797.08043474313	-0.177299221290554	0.139361138016226	1.61749147783567	0.20344192023023	0.379528859220201
FBgn0004898	106.273853530794	-0.182947589912295	0.237654946612007	0.591984478090936	0.441652757740504	0.635645724074736
FBgn0004901	402.800210927964	-0.139863844549948	0.186764389351473	0.560623638864726	0.454009078095787	0.64615743630923
FBgn0004903	592.452231778278	-0.131077252750105	0.181777632552234	0.519892774738523	0.470887424814815	0.659750815586842
FBgn0004907	8594.95168613606	0.492232341928537	0.167912295257568	8.55314510542985	0.0034492577962213	0.0194729691579378
FBgn0004908	115.580006291045	0.0158993656267797	0.293689247584262	0.00327861499734894	0.954338727552514	0.973988777036977
FBgn0004910	573.090325354149	0.526754096507741	0.190981728248115	7.57022859879439	0.00593402575090859	0.0297341528824631
FBgn0004913	406.079176673103	-0.2106431988925	0.21944810401533	0.921859314108318	0.336987250237309	0.532040704257293
FBgn0004914	1046.78565247694	0.227106766061855	0.231968821693749	0.957247888310604	0.327881245725483	0.523281626384819
FBgn0004915	558.166262356465	-0.0975730784885863	0.156084148125115	0.390680547713195	0.531941893793004	0.708678712146228
FBgn0004921	2134.44659633313	0.210663932705474	0.187451472517667	1.26167099689997	0.261335030539409	0.451187695065496
FBgn0004924	2216.1238864606	-0.318173798548671	0.191420319644235	2.75777858621633	0.0967825407843241	0.227432527265213
FBgn0004926	2065.44262227139	0.329153321923287	0.119706079165937	7.54747285647392	0.00600942945731329	0.0299588731815437
FBgn0004957	369.803047620374	-0.0151572235033916	0.23389401504234	0.00426875867343313	0.947906688229105	0.971579581476782
FBgn0004959	459.078960953581	0.00956187378746053	0.250796779807146	0.00146620668061814	0.969455604022732	0.983160125261072
FBgn0005198	1117.28188435203	-0.202855104372595	0.188999594280357	1.15102943248684	0.283333757021087	0.474319307902499
FBgn0005278	4416.35557217605	0.840401942654414	0.270941511603605	9.48906498999449	0.00206700132970928	0.0129447975396414
FBgn0005322	499.840174919749	0.155547564935944	0.162969697549067	0.911125071234999	0.339816080360227	0.53545602716669
FBgn0005355	519.300980250426	-0.254500761409402	0.15777250738118	2.60012970432307	0.106854969677148	0.243575515043253
FBgn0005386	662.745626859377	-0.511777428073709	0.313784075283901	2.64833550184629	0.103658383554343	0.237772559818835
FBgn0005411	994.846854129105	0.152268118949768	0.14901465989582	1.04377194917858	0.306945836120172	0.499600033755122
FBgn0005427	587.147875467922	-0.106803770466938	0.140001488087248	0.582094422950732	0.445492543026528	0.638953076481427
FBgn0005533	15278.8378977067	0.655790573729138	0.177872941862889	13.4781173872962	0.000241361849326411	0.00210244517123026
FBgn0005536	1896.05122343622	-0.292030523312311	0.128774611392049	5.13626040458126	0.0234310680246327	0.0836052342294212
FBgn0005564	112.037296511679	-0.573267414938585	0.358052902324289	2.55988913563564	0.109606269425248	0.248054814416103
FBgn0005585	15183.8501069507	0.455988059947431	0.128842739614566	12.4740860632267	0.00041263649161568	0.00331009491092433
FBgn0005586	185.308761711265	-0.469963049165247	0.211094869715189	4.95339747602876	0.0260394482279737	0.0903192182247013
FBgn0005593	29286.2859697186	0.573349636525141	0.146815696766614	15.1520293570587	9.91916415509647e-05	0.000967125932142189
FBgn0005596	411.738853122333	-0.21725103491036	0.150790158424857	2.07656769413236	0.149576184731268	0.308660411663273
FBgn0005612	3562.40903281078	-0.807159499235377	0.334994684637908	5.73283972456358	0.0166505366926268	0.0648386300863808
FBgn0005613	169.155489130049	-0.468517014444494	0.213144734245858	4.83497002143898	0.0278881256972803	0.0947208703436495
FBgn0005616	435.579100520478	-0.194434819882071	0.225038264816896	0.746592886388441	0.387557091672436	0.581187838141481
FBgn0005617	473.044694578645	-0.360410429446687	0.305394780690012	1.38986124138125	0.238428534030563	0.424172053283405
FBgn0005624	432.284240102009	-0.767996416065958	0.3323565070774	5.2863623293272	0.0214930704537615	0.0786623200680182
FBgn0005626	11288.0110708267	-0.547588089763693	1.88675730391426	0.0837385918171663	NA	NA
FBgn0005631	648.546121976774	-0.463386164506144	0.227828873010819	4.12537792384394	0.0422445839786184	0.128010373979165
FBgn0005632	4843.82532115745	-0.0135075612632631	0.255308874620614	0.00279925506848144	0.957805220755698	0.975831112798554
FBgn0005636	369.195366028286	0.184595605303717	0.217713507884859	0.718478131223549	0.396643563832943	0.59081411331227
FBgn0005638	920.618634749299	-0.656820251348128	1.77864854479567	0.135222863416089	NA	NA
FBgn0005640	885.465661918985	-0.261833143304822	0.255364205572217	1.05003049383437	0.30550006396284	0.497840456804774
FBgn0005642	515.272143388704	0.0275695025531014	0.17367926073872	0.0253233096312329	0.873564094337217	0.930492631677463
FBgn0005648	973.928570165983	0.127256316594865	0.139034709920298	0.837655961071221	0.360068028766941	0.555438007990992
FBgn0005649	2531.90620712561	-0.165019672816845	0.175232125397547	0.88636425284048	0.346464466311175	0.542057172115214
FBgn0005654	220.183672629547	-0.506907660532573	0.248337332149083	4.15996406891313	0.0413902820325111	0.126114588623922
FBgn0005655	901.886668618389	0.0675851202560661	0.183831604897575	0.135159133912751	0.713141720981273	0.837026143381053
FBgn0005658	96.1394812323445	-0.520693903212079	0.266864080725078	3.81297614947808	0.0508570098898566	0.145614791527571
FBgn0005659	285.869686678997	-0.0460452487469024	0.259878807013346	0.0315880626937997	0.858934781144791	0.92452311647007
FBgn0005670	7773.74989362764	0.358231035492168	0.206947444821475	2.9887123913955	0.0838468145921841	0.206550611937865
FBgn0005671	19054.7222838438	0.350697011385925	0.19683832264279	3.16646255958754	0.0751650828950547	0.191748103921932
FBgn0005672	1048.37384182891	-0.451742980374917	0.228191905191281	3.904174886322	0.0481662740138217	0.140502215503459
FBgn0005677	586.118655441898	-0.580598800576536	0.161233758120782	12.9165250681921	0.000325693932892002	0.00270359667341394
FBgn0005694	482.55288009872	-0.0082444082390214	0.162526907753709	0.00274250296189393	0.958234744608053	0.976156013209589
FBgn0005695	396.57585900662	-0.327292973998639	0.174346179594098	3.52358985028326	0.0605012708540625	0.164721756870178
FBgn0005696	115.51649796816	-0.0203134671069757	0.232592179801476	0.00786208779884134	0.929345434901788	0.962731171351653
FBgn0005771	1025.65351815627	-0.255279363153531	0.149808529076382	2.89963981606847	0.0885993478299805	0.213945271790504
FBgn0005775	123.311561816574	-0.849909338725799	0.259531513236638	10.7059687380584	0.00106790456974281	0.0074609579757803
FBgn0005777	754.644861196169	0.14733187500131	0.157846170723373	0.871099985759486	0.35065096601558	0.54637897300397
FBgn0005778	52.8061991880925	-0.978233537384363	0.479499919026705	4.12558064018813	0.0422395231086056	0.128010373979165
FBgn0008635	4733.34180926507	0.219781333508065	0.1338144760145	2.69487376305909	0.100671462108343	0.233646760032619
FBgn0008646	137.622843486497	-0.289807923910803	0.310022672150065	0.87244966205413	0.350278030206159	0.546109019543246
FBgn0008651	73.8102549082268	-0.580628448589112	0.31147479916672	3.47977964033655	0.0621230117310453	0.16789386080084
FBgn0010014	96.1731114702884	-0.337001852681841	0.362413943684846	0.86342170299092	0.352782920576665	0.548152225949725
FBgn0010015	286.959220229945	0.66292080573435	0.256202399332657	6.65044053631361	0.00991313114491682	0.0440450499611007
FBgn0010051	1976.03611379964	0.073835638045685	0.280622899946156	0.0692183764308254	0.792478240313586	0.884832088134517
FBgn0010052	89.5246242704398	-0.627713995179813	0.309148867516834	4.1137599695062	0.0425356971312369	0.128759859857988
FBgn0010078	13077.8975226584	0.628363276585284	0.252420476340769	6.14887819878869	0.0131495483602396	0.054551769972146
FBgn0010100	9866.60117084169	0.705944656365457	0.245213625881941	8.20718581114049	0.00417248140526506	0.0226851361183357
FBgn0010105	130.994853415535	-0.410012457177998	0.299066404315772	1.87802755079717	0.170558498890425	0.337682588810932
FBgn0010109	81.0563185256671	-0.372733734555652	0.286357224855854	1.6940131670311	0.193072789172257	0.365673812332259
FBgn0010113	1738.16758582595	-0.387888676188466	0.234012037209023	2.73971996768627	0.0978819182701368	0.229054165747268
FBgn0010173	936.963011331872	0.0727271358724131	0.186826224188983	0.15153911698664	0.697068840839102	0.827183358198526
FBgn0010194	408.667037705597	-0.793091417476963	0.230462736088087	11.7383008381105	0.000612268967262952	0.00463747756835047
FBgn0010198	18232.1521675887	0.601044691554908	0.178684044509085	11.234126983388	0.000803068720076556	0.00587098457825645
FBgn0010213	1129.10527811054	0.813710399332132	0.187220344742488	18.6768953188416	1.54847497704368e-05	0.000189774211075464
FBgn0010215	950.11820497316	0.0175083737748137	0.227335671083655	0.00595440893863497	0.938492430357984	0.967097653331642
FBgn0010220	207.151418714235	-0.0423214871706024	0.224100156848641	0.0357224585365969	0.850089792633348	0.919601854872706
FBgn0010222	860.022055436545	-0.474206213030477	0.508641081672688	0.865612417364332	0.352172847717986	0.547624310355839
FBgn0010223	333.739286526182	0.104972097964878	0.177101641345221	0.351513969820623	0.553257357167216	0.72563295430385
FBgn0010225	12602.7070866104	0.080548396521385	0.128768879822252	0.391220432298581	0.531658587431548	0.708678712146228
FBgn0010226	5630.42352532937	0.197568580322083	0.205794568843205	0.920867902217637	0.337247192638463	0.532165455622639
FBgn0010228	1411.81432760263	0.187684013296429	0.16438477137805	1.30282498588809	0.253697851525201	0.442679422950044
FBgn0010235	1624.83908786491	0.0731231857117975	0.155505930377938	0.221090170761272	0.638210515504028	0.787780191756997
FBgn0010238	2627.61209446379	-0.312077178348606	0.32475580396165	0.921574054891408	0.337062016004568	0.532063547267319
FBgn0010240	57.0096119256723	-0.148092463482943	0.305899930153562	0.23460354201567	0.628131183013271	0.779903274064442
FBgn0010241	1660.61768055501	0.0030040021716923	0.287739157486931	0.000109189465163695	0.991662755699697	0.994862892418477
FBgn0010246	4841.03576431764	0.815420075267278	0.275681823047979	8.63624007013223	0.00329540847278638	0.0187362656983679
FBgn0010247	168.274232194898	0.0200580955783364	0.355388922279704	0.00328068401828574	0.954324337940874	0.973988777036977
FBgn0010258	144.006542723567	-0.65744043558762	0.402752696613953	2.6498094955829	0.103562306424841	0.237729914644328
FBgn0010263	1068.03600431172	0.559686059731624	0.259017432322927	4.64097141549449	0.0312173272598009	0.102899400724872
FBgn0010265	17996.6907288677	0.53808731979568	0.178921252547486	8.99264487285255	0.00271068389640494	0.0161179748664941
FBgn0010269	573.546236605891	-0.0661087493924564	0.21471131489863	0.0947747158752748	0.75819265025673	0.864329580141057
FBgn0010278	1216.99590996909	-0.133375776999402	0.134618477098535	0.981392391739206	0.321855288683994	0.516091416926687
FBgn0010280	1866.08912651267	-0.418063084080088	0.126502650945501	10.8911623235918	0.000966241755242784	0.00685930591171547
FBgn0010282	649.597748256817	0.0632803236863306	0.135023896976671	0.219679360827506	0.639284337986847	0.788406009559181
FBgn0010287	111.315040504105	0.0526800005657439	0.253779246569801	0.0432693158194297	0.835218990160439	0.912238193981398
FBgn0010288	2289.5479696099	-0.322793928726751	0.1611823470498	4.0029063091184	0.0454218778871845	0.134995840510783
FBgn0010292	267.562581313706	0.27602451245076	0.246417524995576	1.25501109525958	0.262597539045374	0.452035446389256
FBgn0010300	3546.69900262033	-0.646650717138353	0.335861118355756	3.67686312511344	0.0551725587124574	0.154111199833598
FBgn0010303	1786.31433976062	-0.133869380984388	0.213992012322774	0.391231292217697	0.531652891440977	0.708678712146228
FBgn0010309	246.457533927911	-0.421226842042657	0.257765671021122	2.66557732699421	0.102540611464604	0.236469750970693
FBgn0010313	1352.02478126897	-0.20979647023296	0.188937526073345	1.23198400101496	0.2670215438199	0.456716050138942
FBgn0010314	176.759418491357	-0.106827149055633	0.27776801650158	0.147786176381516	0.700660008366445	0.830105251587743
FBgn0010315	273.39819402217	0.221235118243516	0.192745873724967	1.31721731617036	0.251092066666903	0.439523189103105
FBgn0010316	272.889496760795	-0.113898943900329	0.223722254444197	0.259197130285202	0.610672274240424	0.767847787531552
FBgn0010328	3124.3279561083	-0.351189953527078	0.157676750255257	4.94976785554033	0.0260941721031198	0.0904085819009686
FBgn0010333	1579.81874344516	0.291471296657394	0.182478990951355	2.54672946106611	0.110522830037479	0.249730388126774
FBgn0010339	654.484561372825	0.202638390797615	0.222538072388595	0.828968742087866	0.362570897559176	0.557568072509963
FBgn0010341	3159.18064715534	0.110051025026388	0.192065056404095	0.328198732898755	0.566721669330309	0.735945844028057
FBgn0010342	727.891810420858	-0.124978976534002	0.179081330845166	0.486824339381457	0.485347324121833	0.671492542135061
FBgn0010348	6120.6782261776	0.262463720836478	0.116888018695342	5.03523761732964	0.0248366794038609	0.0871406994273035
FBgn0010350	905.795499656066	0.401073661609539	0.176247590925834	5.16422979767323	0.0230566791288191	0.0826094212729742
FBgn0010352	9789.30492188278	0.456904195973051	0.199458757624173	5.22563420202611	0.0222563289897247	0.0807161628575424
FBgn0010355	1541.06535265221	-0.37610678845833	0.254299927390445	2.18172219794873	0.139658107011868	0.29425576319788
FBgn0010356	418.447698647049	-0.0706064545557502	0.188003600782538	0.140971821235311	0.707316795584882	0.833563517453325
FBgn0010357	50511.0244815558	0.531583298171074	0.177720623715176	8.89672848654342	0.00285682041580243	0.0167404192578994
FBgn0010358	112299.614559185	0.456631803458415	0.220964879199842	4.25286116648329	0.0391842612312221	0.121277418837006
FBgn0010359	26697.765350635	0.292878501377293	0.204802934039693	2.04153356951306	0.153055273698912	0.313282239647229
FBgn0010379	1343.62059763566	-0.174416242936397	0.129356502121595	1.81728760433938	0.177636480135762	0.346400950434909
FBgn0010380	3074.10201745402	-0.19574090372146	0.16910150869151	1.33878266669302	0.247248761510213	0.435039495825746
FBgn0010382	380.929130399034	-0.16665142725026	0.188816060194459	0.778155421660188	0.377705871707589	0.572462489170004
FBgn0010389	303.845014918641	-0.165118377957309	0.212295236489201	0.604043782202538	0.437039286164631	0.631995191923419
FBgn0010391	2667.90234142582	0.500348976256015	0.180395743256966	7.65527788056522	0.00566064716603535	0.0286243842940378
FBgn0010395	443.189701630971	0.125349973473989	0.255007163676036	0.241549806029312	0.623088997251061	0.776573066630419
FBgn0010397	3532.04667520383	0.829111451752522	0.245088915119197	11.2919038157035	0.000778458138561115	0.00570998721085892
FBgn0010398	113.283922200265	-0.280373603483824	0.287293378065983	0.953379360277943	0.328860599367117	0.524370424433581
FBgn0010406	611.831868776423	0.185156841980873	0.221630888106322	0.69733066915461	0.403682084322469	0.598268510591445
FBgn0010407	78.3884307783382	-0.608429200071098	0.305225643929382	3.97087903505734	0.046293599612896	0.136849153428541
FBgn0010408	19573.8359930538	0.415036392932061	0.130826678154942	10.0300778014887	0.0015400453204384	0.0102022221528141
FBgn0010409	26104.263309547	0.499312958810379	0.18997182998744	6.87406564921129	0.00874554675415788	0.0400470703470105
FBgn0010411	24548.251015391	0.428756310245316	0.197185272849134	4.71065339552922	0.0299762562762823	0.0998906666850131
FBgn0010412	19411.6585293993	0.65156537736067	0.139608073370974	21.6008484622256	3.35703294473287e-06	4.89627416600378e-05
FBgn0010415	4859.28112686868	-0.557757639294511	0.242582068011873	5.2538091706969	0.021898781572958	0.079816129120108
FBgn0010416	636.990774403104	-0.102151396876137	0.168981268977363	0.365295182417711	0.545580032916596	0.718644306681004
FBgn0010417	781.311737022868	0.283953230503535	0.210417951116868	1.81788986293662	0.177564657574355	0.346337431130882
FBgn0010421	199.100464296819	0.0936526717442775	0.249342458541083	0.141217334753343	0.707073803537811	0.833563517453325
FBgn0010422	649.338871478599	0.172912453356667	0.160867927114721	1.15497787819143	0.282509524618714	0.473616696786133
FBgn0010424	11475.0350028824	0.72765458530894	0.217043876029539	11.1232711398684	0.00085251302081168	0.00619141966719528
FBgn0010425	57474.2069917582	0.255491771001865	0.215033676486402	1.40985229826104	0.235080914111821	0.420505571887839
FBgn0010434	6526.38819186177	-0.147457753956724	0.1941019544124	0.57687214913463	0.44754095687183	0.641296103188864
FBgn0010435	2225.37066256769	-0.254088109352331	0.131338461040254	3.73788524626922	0.0531917265025196	0.150100350066592
FBgn0010438	212.990815440457	0.189726753196491	0.187253136141503	1.0269506039329	0.310875960744026	0.504351806877235
FBgn0010441	362.389915287396	-0.120720503266181	0.230665664444674	0.27366033594484	0.600886889846748	0.76093942537424
FBgn0010452	696.435235844462	-0.4762777741388	0.178407942833244	7.10416778227179	0.00769049224371585	0.0361924818978926
FBgn0010453	179.080527831471	-0.430578168946873	0.275540173404928	2.43489580117458	0.118661779647256	0.262095505283451
FBgn0010470	3580.37051531141	-0.263653291260306	0.242147768888584	1.18389733239756	0.27656400200138	0.468407054445331
FBgn0010473	701.008104219221	-0.448214610387088	0.190078197803207	5.54585642320278	0.0185244898596745	0.0704697488596957
FBgn0010488	17991.9063243215	-0.705424789554432	0.253326463608155	7.67871504028207	0.0055875940834591	0.0283036338647779
FBgn0010497	2311.79386930096	0.677107097485907	0.312134578427955	4.66400939526699	0.0308011867199251	0.101793884500607
FBgn0010501	425.49868280454	0.101396986414493	0.208662925305441	0.236175356113677	0.626982224648611	0.779561217067815
FBgn0010504	702.512478768254	-0.389394264244099	0.188155028935371	4.27617961232002	0.0386501278106295	0.120045310736007
FBgn0010516	3615.66191086807	0.880045133870737	0.145221145863924	36.1958578734036	1.78449444085329e-09	4.72864232615297e-08
FBgn0010520	74.9366688641416	0.0443544626909573	0.298716781562911	0.0222504703727608	0.881422714473336	0.93650018856861
FBgn0010531	251.685255290902	0.329349424201972	0.192911490387659	2.91219275519671	0.0879122735489001	0.213226064582702
FBgn0010548	3755.37277858589	0.541354620967416	0.180202776496137	8.97313281696927	0.00273978421377814	0.0162392838667976
FBgn0010551	2559.18666222811	0.486285570787932	0.165847489420337	8.55928553330855	0.00343764305559356	0.0194198222295503
FBgn0010583	1171.04097848943	-0.429344519157366	0.247574070626303	2.99650842320679	0.083444169847512	0.2060188457567
FBgn0010590	3771.11181599361	-0.0141390441290973	0.241158090402823	0.00343767530597461	0.953245467535315	0.973658757440864
FBgn0010591	6450.73983065101	-0.25057091697444	0.238717580294388	1.10047734504269	0.294161370895212	0.485809458502593
FBgn0010602	2116.35991334095	0.0935233883238272	0.13883201452811	0.453709565785843	0.500578584668064	0.684292088475755
FBgn0010607	103.771761687764	-0.260827012453103	0.251746058310222	1.07328569927382	0.300204461817197	0.492105549150092
FBgn0010611	1360.9054402033	0.286884373995436	0.200583465394318	2.04254789702181	0.152953266089317	0.313160406527076
FBgn0010620	1638.02722397472	0.244404927819297	0.179955340082755	1.84212344956114	0.174702269785493	0.343448936621099
FBgn0010621	4788.10086002416	-0.0994035998710002	0.162811878385537	0.372672385431954	0.541551180524862	0.715902264711818
FBgn0010622	359.677778278297	0.0825639681067279	0.181914195336803	0.206156286839096	0.649796894193509	0.796251603161161
FBgn0010638	2342.96906384529	0.938526255451102	0.219033180205965	18.0581776563636	2.14256378420714e-05	0.00025309213964985
FBgn0010651	1762.2647447702	0.0592374072488001	0.13662295401929	0.188007477979767	0.66458017600023	0.807859963221659
FBgn0010660	1068.80412642904	-0.396994111404782	0.231310421125036	2.93773266972569	0.0865321188804345	0.210811545279115
FBgn0010741	791.439146509226	0.238554843747107	0.136445361121576	3.05441716565248	0.0805178784920799	0.201157916142161
FBgn0010747	2396.77578732025	-0.0232539768294714	0.17566834198523	0.0175232562156253	0.894687342434175	0.944344630339612
FBgn0010750	518.578491261377	-0.0798984455896469	0.153788637324226	0.269876149350537	0.603414864438046	0.762294315360849
FBgn0010762	909.582866799709	-0.455962015588817	0.159814286058613	8.11753146142179	0.00438392125712406	0.0235876348615017
FBgn0010768	283.186383736625	-0.311344395905713	0.224277870082029	1.92292130547603	0.165534974816092	0.330171929877304
FBgn0010770	168.120248756861	-0.0202334747904272	0.211044416312974	0.00923478046077975	0.923442926270932	0.959785573695296
FBgn0010772	975.833304289304	-0.144405243636514	0.168173093958197	0.737674860905258	0.390406722586539	0.584191374923868
FBgn0010774	1628.005284653	0.113917564446028	0.138628297967953	0.675107607992146	0.411276509765377	0.605557137021473
FBgn0010786	819.481451940555	0.0635859569390155	0.167401468617264	0.14431703673668	0.704026460414552	0.832194171024516
FBgn0010803	572.744353530212	0.333850410956845	0.19748933940967	2.85422929230788	0.0911339066839521	0.218119181300533
FBgn0010808	1169.27578901151	0.945544376773461	0.174780424236087	28.8217914191637	7.93532436375509e-08	1.55949448075222e-06
FBgn0010825	2351.19677920349	-0.464666017456595	0.194088312805406	5.70890156838918	0.016879097708315	0.0656128450124106
FBgn0010830	389.844422409498	-0.0690869457691382	0.155631845863138	0.197327972545324	0.656886329550548	0.801599359971517
FBgn0010877	890.72865155484	-0.255174090850199	0.202832169951435	1.58048556352792	0.208690765857073	0.386677378499023
FBgn0010894	496.949950407941	-0.0981425472563642	0.147528540416552	0.442500331507738	0.505918114128641	0.688710496616959
FBgn0010905	2165.03727292338	-0.565025573585394	0.220551910321629	6.52340130678446	0.0106464202161968	0.0465069366275842
FBgn0010909	4314.50640122069	-0.40049746026718	0.218610948134317	3.34571033246885	0.0673803905665366	0.177376063949618
FBgn0010926	297.732099177805	-0.023670746737504	0.248787471145207	0.00913959724960733	0.923837279670676	0.959785573695296
FBgn0011016	2371.57811115027	0.977691565755125	0.190466198092069	25.8866881853897	3.62057349106852e-07	6.19146133433888e-06
FBgn0011020	175.335595525951	-0.543530511408269	0.206540573277809	6.93188955229527	0.0084672185886283	0.0390971935248855
FBgn0011202	2024.9898205528	-0.0772627728421901	0.213482885028054	0.13094627080757	0.717452923564768	0.840406772316165
FBgn0011204	1494.56191056429	0.89032258980666	0.478498188006687	3.40926859765267	0.064831175462034	0.172935396698001
FBgn0011205	2750.7994392648	0.333576501136368	0.169198938226291	3.87804660660963	0.0489214452012039	0.141961005910352
FBgn0011206	519.380728290066	-0.232680511782118	0.248351553605628	0.877654922946817	0.348844782498077	0.545104721225967
FBgn0011207	680.158866978778	0.241008674500066	0.169095336493142	2.02928279006956	0.1542934046961	0.314921438123992
FBgn0011211	24264.2234642553	0.937913943858128	0.271169385478576	11.7586459993502	0.00060561264827408	0.00459890362166134
FBgn0011217	4568.00717093457	0.380408459534776	0.172099841425797	4.87251028881931	0.0272877782099391	0.093400835890032
FBgn0011224	3064.86613588306	-0.374929964136312	0.154175025070443	5.89848337568004	0.0151539280371222	0.0606432022673769
FBgn0011225	6099.60245064524	-0.231818437355202	0.125466294944495	3.41039815553964	0.0647868129551022	0.17286931887385
FBgn0011230	13658.8144309795	-0.510902290669893	0.276958114665442	3.38534777368297	0.0657783007109461	0.174617245930622
FBgn0011232	848.835254839526	0.132737209156169	0.20214593107589	0.431003599031158	0.511496907987314	0.692546308374981
FBgn0011236	326.413426377725	-0.248931210113871	0.219214007876032	1.28903620816122	0.256225641198466	0.445416678080233
FBgn0011244	444.984017050191	-0.967881589450813	0.374029199192643	6.59070141170808	0.0102512774167081	0.0451670781718455
FBgn0011259	346.805210760878	-0.672228185759907	0.234043820110079	8.2006520948742	0.00418753365929814	0.0227249674106069
FBgn0011260	1299.52086005027	0.13107002663485	0.208945695672311	0.393420265467768	0.53050702185694	0.707877508069808
FBgn0011270	61.5210002496691	-1.32640784098718	0.537579867640072	5.97563053753755	0.0145048944672761	0.05873933249569
FBgn0011272	21462.2027258474	0.436573089067888	0.174127782274763	6.26228245601786	0.0123335204034328	0.0518736816205391
FBgn0011273	70.9933465664523	-1.20667660663431	0.492799041282088	5.89714461736476	0.0151654512261412	0.0606618049045646
FBgn0011274	766.717896391077	0.143717125982154	0.269486937547829	0.28421922996138	0.593949025028526	0.75518821280284
FBgn0011283	166.412781302499	0.293688637660988	0.26275669077894	1.24802423016519	0.26393017437062	0.453185417132974
FBgn0011284	37161.7887412466	0.31503112593936	0.195162185971915	2.60046354439308	0.106832464116	0.243575515043253
FBgn0011289	1131.93962560007	0.0851109962528019	0.160832785462274	0.280019784671339	0.59668824945071	0.757858029283936
FBgn0011290	356.838593750375	0.0211183102365192	0.179413261230473	0.0139105788283516	0.906112729286507	0.950477986281347
FBgn0011291	163.113795175828	0.116352897132737	0.210282329058725	0.306315428176894	0.579950036464902	0.74501079076522
FBgn0011297	292.336374469094	0.690329149176577	0.163887425183084	17.6729358299464	2.62332728201729e-05	0.000303384533899352
FBgn0011300	1118.27840741758	-0.263534238427146	0.166300494639253	2.50850029068795	0.113233644781208	0.253846944145546
FBgn0011305	616.584132691374	-0.0378845572024594	0.188004723077308	0.0406075666728043	0.840297315042722	0.914213403766235
FBgn0011327	975.46694920995	-0.2889231417713	0.1793833892469	2.59032221812791	0.107518460606549	0.244647471993859
FBgn0011335	139.199481460352	0.180596074070893	0.258682681323662	0.488273867608747	0.484698304559072	0.671214350192914
FBgn0011336	4746.50968860298	0.319206540481592	0.189956424935019	2.81805347961915	0.0932093766352721	0.22175236975725
FBgn0011474	378.87842834243	-0.255479416046021	0.217928324195256	1.37516305876272	0.240926775727412	0.427030329971504
FBgn0011481	919.543333097475	-0.0811587032592517	0.151289152126934	0.287618051145103	0.591750997947818	0.753370481300179
FBgn0011509	654.167014752263	0.559233785854651	0.143688763210587	15.0804573550789	0.000103024363371326	0.000995714109954629
FBgn0011554	604.580843983974	0.347157032426269	0.174416732789767	3.95482125242754	0.0467372816218633	0.137786944290883
FBgn0011555	4118.79590643649	-0.186916880219244	0.270325732259482	0.477826887830304	0.489408299453251	0.675088140436999
FBgn0011566	183.168941612176	0.0880498788665846	0.223837944157177	0.154851961042873	0.693941112280949	0.82558128283229
FBgn0011570	2034.32277792612	0.136295963678071	0.177340102713663	0.590395492350922	0.44226622502219	0.636113638075926
FBgn0011573	1123.53974688356	-0.0116939433238495	0.131593679131197	0.00789876007885937	0.9291812768194	0.962731171351653
FBgn0011576	862.848698829913	0.830720371835507	0.343090706083953	5.78539512934374	0.0161598650161605	0.0634499223815644
FBgn0011584	1178.65692839647	0.412395972418482	0.216121042569638	3.62981476452529	0.056753132779704	0.157135125085695
FBgn0011586	463.598025598092	0.0755984338156531	0.168227683168443	0.202103482679647	0.65302830594344	0.798326651654879
FBgn0011591	408.389554177282	-0.396273005488594	0.197631019166618	4.01641651269364	0.0450593573727148	0.134053866978029
FBgn0011592	1252.26750039149	-0.899432414493195	0.304580700436145	8.59168982010074	0.00337700494195948	0.0191508300821661
FBgn0011596	172.542859211324	-0.681225495294985	0.406035250788091	2.79929234160704	0.0943059215363298	0.223457425251497
FBgn0011604	1279.87455208919	-0.462143611871986	0.19060481090999	5.85821838375516	0.0155044802565518	0.0617102091943227
FBgn0011606	652.663334151365	-0.589553832108757	0.215058309807784	7.47559884830105	0.00625407601374953	0.0310101276968089
FBgn0011638	747.631158794655	0.20048718519483	0.279543802223415	0.514247614838297	0.473305854776839	0.661758111365135
FBgn0011640	1833.76716540254	-0.0568649504330722	0.146317142725556	0.151028046128502	0.697554850211029	0.827537509849707
FBgn0011642	266.499105801742	0.209219106010923	0.294967290710518	0.503499862628814	0.477966336337158	0.665528389137918
FBgn0011648	1264.73492689547	-0.146660044124834	0.202821240936441	0.522524256764726	0.469766887744405	0.659104680066441
FBgn0011653	377.121467715563	-0.556642537555538	0.280584704852059	3.91827394853367	0.0477638963457585	0.139697918911161
FBgn0011655	1126.86600789477	-0.327641583195725	0.161570170464852	4.10515423901582	0.0427526917013807	0.1292836708612
FBgn0011656	1806.99440007665	0.0298483968978261	0.305924774332589	0.00951882410942062	0.922278145599532	0.959391692957983
FBgn0011659	125.150144746107	0.0288840233972155	0.240041156053625	0.014732937694113	0.903390601327634	0.948877355804672
FBgn0011660	180.518613910064	-0.65114300882375	0.249409457766403	6.7882425671818	0.00917601991802557	0.0416080163189402
FBgn0011661	9362.13090005603	0.341053992063582	0.195679273269263	3.03065324019201	0.0817051153711928	0.203318087432432
FBgn0011666	459.662839413103	-0.550577864358991	0.204060536180231	7.25564986048384	0.00706782900616949	0.0338764384304398
FBgn0011672	2843.59978267971	0.127857389181312	0.157066984103035	0.662431338607163	0.415702899360217	0.610532876750993
FBgn0011692	618.828960303102	-0.337747113143049	0.141936351491592	5.65682005608012	0.0173876203870734	0.0671165189394293
FBgn0011695	492.077407055852	0.958621842983008	0.254266292379615	13.9925718220197	0.000183534287676626	0.00166273773558372
FBgn0011701	167.144879917069	-0.338464796759762	0.272888829254127	1.53623119323067	0.215179657405046	0.395160311538423
FBgn0011703	676.398697096263	0.0848942504177525	0.217155464504273	0.152839972213229	0.695836019385438	0.826506138485086
FBgn0011704	801.441416937671	0.0973180346309063	0.186296529537053	0.272879882503148	0.601406432591163	0.761160407513543
FBgn0011705	218.922921910518	0.570969442083621	0.206000506317832	7.65582423204582	0.00565893316068415	0.0286243842940378
FBgn0011708	1099.36265214393	0.217726313388345	0.130616151569012	2.77655082125949	0.0956539675796776	0.225681981262854
FBgn0011710	1310.58332367954	-0.471846683102053	0.17987355074073	6.85522247855477	0.0088382550703501	0.0403042701502683
FBgn0011715	772.914944226097	-0.0682931508214508	0.181668068453767	0.141264195741158	0.70702745122239	0.833563517453325
FBgn0011722	15340.7184341051	0.185340986589828	0.293114557259504	0.399539589865796	0.527327127629466	0.7055186977779
FBgn0011723	175.645882789444	-0.0277385838815558	0.36678222928747	0.00585851480128952	0.938988747688001	0.967243741744433
FBgn0011725	1533.0257870297	-0.409707715355174	0.185880844145302	4.84386806042593	0.0277445959846927	0.0943423179071014
FBgn0011726	6555.7561840775	0.361117105340534	0.187112070151357	3.71537542832188	0.0539134991379456	0.151505599666016
FBgn0011737	379.575920319599	-0.408796931830742	0.205488235532673	3.95233060775539	0.0468064995729545	0.137903356337813
FBgn0011739	966.057342115988	-0.332654228691255	0.181396449398041	3.35807238077611	0.0668763066234724	0.176364772757179
FBgn0011740	900.237394298273	-0.298165145348788	0.149100444552508	3.99335058909139	0.0456801415147902	0.135535160970581
FBgn0011741	666.989719819619	-0.00125746368240927	0.212284019111489	0.000125379370075507	0.991066039498077	0.994673195237833
FBgn0011742	2184.1093094462	0.0168934861851871	0.181348249186298	0.00868506814070713	0.925749668961683	0.960810994932709
FBgn0011745	2284.04277968217	0.242201152478305	0.167502606901809	2.08812899743802	0.148447778241125	0.307200561726006
FBgn0011746	226.302135436278	-0.213736203059121	0.203006609205043	1.10675336838954	0.292788784597668	0.484947033584398
FBgn0011747	3329.17861082126	0.225975103285667	0.20230428882188	1.24646361513685	0.264228984025332	0.453610224715862
FBgn0011754	1125.38263599178	0.678855654568974	0.196732619675828	11.8066603424458	0.000590192046997979	0.00448952984716394
FBgn0011760	3753.07210131812	0.588824188677944	0.125482194269474	21.8781076985747	2.90529585731946e-06	4.27985486560717e-05
FBgn0011762	61.7108412387704	-0.0414140084463143	0.359808013908446	0.014254317270094	0.904965238283852	0.949852891949174
FBgn0011763	1246.20386968014	-0.178253893054676	0.157878280767988	1.27391672412587	0.259033189118117	0.448970508893786
FBgn0011766	2580.54004487927	-0.0529350256338662	0.201770070428653	0.0688178820124392	0.793065781511456	0.885376069845279
FBgn0011768	2368.47406039644	0.28472656937507	0.179082750304888	2.52349893377257	0.112161467288055	0.252349002383935
FBgn0011769	73.6628367589949	0.0716474280846163	0.266888752069004	0.0721042453344367	0.788297283750445	0.882844933597402
FBgn0011771	931.246820145279	-0.291124295096058	0.181832059358392	2.56067917060902	0.109551510657655	0.247994492058274
FBgn0011774	154.959367038553	-0.00569457860803475	0.250843137085234	0.000947678682493347	0.975441489303955	0.986765099724061
FBgn0011785	1784.89104111669	-0.439164570111809	0.230575708804842	3.61490006351222	0.0572641621272676	0.158202556860053
FBgn0011787	370.040082553244	0.482342140394782	0.266524939989017	3.26557042714288	0.0707484132689408	0.183289488750773
FBgn0011802	221.757287475508	-0.4240298888431	0.26874472137146	2.48661584524347	0.114818373450217	0.256236046364369
FBgn0011817	917.327865535405	-0.760314925966157	0.281473790511162	7.22415094207236	0.00719291854746873	0.0342712274637495
FBgn0011818	443.074906388459	-0.118200359925538	0.275462312085452	0.184102585885455	0.667870993856415	0.809962029290044
FBgn0011824	387.786305218848	0.147087668819988	0.222820086215627	0.435751835001469	0.509180022884416	0.69091258218239
FBgn0011826	864.664146423216	-0.19487747269506	0.196724955899401	0.980386528458297	0.322103397144843	0.516330917874393
FBgn0011828	6972.36329957253	-0.0218025774743471	0.266036468886916	0.00671658928484931	0.934682656658223	0.96497481717002
FBgn0011836	520.398042040991	-0.191597266551687	0.166064643688713	1.33111735110617	0.248606537124935	0.436818813936764
FBgn0011837	1762.98883052303	0.40912942895993	0.291345366166974	1.96515398852105	0.160963179614434	0.323834723419462
FBgn0012037	9995.73036668254	-0.029334683770999	0.120900875758407	0.0588733789770259	0.808285553701452	0.89420380635177
FBgn0012042	68.6051023773279	-0.298619490144133	1.52405084059924	0.03830291657804	0.844836132073579	0.916277535572426
FBgn0012051	863.239351049392	0.417722081552144	0.225801034727789	3.41101887439447	0.0647624484967929	0.172856577597006
FBgn0012058	827.903851083807	-0.237342207514611	0.164287021987136	2.08644359163677	0.148611676791955	0.307395554620772
FBgn0012344	125.811944155619	-0.548354220408932	0.306220274324558	3.18596716455658	0.0742730326631441	0.190132068529035
FBgn0013263	1946.82603829978	-0.121717424775798	0.194524010954709	0.391301565264399	0.531616036125709	0.708678712146228
FBgn0013269	1402.47920777468	0.0767848262264114	0.142204540150711	0.291598830331466	0.589197779326375	0.751203757372624
FBgn0013272	14334.3307781899	-0.0294362192190114	0.21771919215185	0.0182804455589718	0.892449637445379	0.943449814402543
FBgn0013276	624.743860841141	2.30566435226464	1.21238639817528	3.28874059778992	0.0697565082575519	0.181733519003436
FBgn0013300	42.0262732686669	-0.854646463465555	0.6094848530049	1.95403832280188	0.16215234681425	0.325411032133032
FBgn0013303	224.881198785294	0.282919513236331	0.309862872037126	0.832980920985548	0.361411978533392	0.556367637574781
FBgn0013305	1663.26684333396	0.0806050496473565	0.11839749660922	0.463470798579877	0.496006342475241	0.680783942448519
FBgn0013307	729.511572195776	-0.204428337467741	0.174619181025381	1.36946150062759	0.241904426883956	0.42802990714591
FBgn0013325	21877.9908340132	0.733763283534794	0.176886603308081	17.0262601239328	3.68664087935665e-05	0.000409709308809107
FBgn0013334	1036.29077196323	-0.0686192292919628	0.179224984331617	0.146572116990853	0.701832928208342	0.830642100760116
FBgn0013342	270.712970494139	-0.242938623008609	0.245014255272901	0.98228163644113	0.321636155335398	0.515927546751417
FBgn0013343	670.930645079458	0.117578236212564	0.229310765752111	0.262806900809238	0.608198301165444	0.765911489864975
FBgn0013347	680.820037300586	-0.0181522706390923	0.177078352902893	0.0105688083427111	0.918117967249395	0.957055279741129
FBgn0013435	134.170783871784	-0.0666309118977392	0.21115431417044	0.09951678814312	0.752410279465041	0.860650888835643
FBgn0013469	258.092065821257	-0.712760069034565	0.19497496236829	13.3142091914288	0.000263402394321936	0.00226536328216059
FBgn0013548	220.979326226273	-0.0236984062162631	0.188152751007197	0.0161608632889312	0.898841160827307	0.946244938281606
FBgn0013563	367.846791799887	0.15376444706941	0.186244450377312	0.681646373625341	0.409020377194254	0.603847383028626
FBgn0013576	3048.35419950111	0.0656395438372056	0.158481643707959	0.171525970473738	0.678759175130822	0.816824053197472
FBgn0013672	672.513866971939	1.14175144683848	0.609633365575245	3.42214815144352	0.0643272570530037	0.171850958593916
FBgn0013674	6733.84275049407	0.825438423498441	0.46216645888911	3.1474959049915	0.0760435768084269	0.193262823086855
FBgn0013675	2751.60776005581	0.986602736352237	0.573547396100649	2.90354455681164	0.0883850037531557	0.213729788172574
FBgn0013676	7354.10611932522	0.810731617860862	0.517722986968288	2.42073423553528	0.119738796061816	0.263748161869562
FBgn0013678	3260.63438114264	1.02719810152195	0.500475270536762	4.12715394990548	0.0422002666521425	0.127975981456178
FBgn0013679	67.7125289797552	0.70053807084888	0.586408854364251	1.41929385857752	0.233519665445302	0.418561350373623
FBgn0013684	231.969817807876	0.399481625266628	0.606125278546097	0.433405312539008	0.510322726557991	0.691782723603962
FBgn0013717	605.952399498927	-0.445278385917633	0.248159151779237	3.20943008676893	0.0732149813116427	0.188078310071015
FBgn0013718	1481.79310646684	-0.168413606527676	0.168541294796554	0.997765207621939	0.317851867106665	0.512091450675409
FBgn0013720	739.77464141051	-0.200323065888805	0.239469107253911	0.699130145969377	0.40307613224004	0.597671616683938
FBgn0013725	51.5264244344263	-0.607410366983157	0.333283010048871	3.31503354917905	0.0686489195717011	0.179643554656195
FBgn0013726	2012.19193883102	-0.417006064312301	0.136888088870986	9.25107132887959	0.0023535769751645	0.0143822460033598
FBgn0013732	107.780561613942	-0.757856116463027	0.297148812024414	6.50027542947272	0.0107857782709165	0.0469993617099097
FBgn0013733	20289.907057529	-0.380958588915045	0.285458028016052	1.77589311557574	0.182654437919309	0.352372064358679
FBgn0013746	783.31777882168	0.0908850417145159	0.169506205746837	0.287478829480278	0.591840703853218	0.753375991171494
FBgn0013749	400.883424437001	0.494817662145533	0.332915763500306	2.20075024898833	0.137943585137531	0.291975022849911
FBgn0013750	694.401238446544	0.0596877581223017	0.170680193821137	0.122297777659881	0.726555603825412	0.846800508275714
FBgn0013753	337.671991952358	-0.171050068398901	0.226135620093538	0.571722588392291	0.449575216488312	0.642749791039025
FBgn0013756	2415.59571898379	-0.363295540586266	0.19654752909438	3.40828855003301	0.0648696923325866	0.172943718925354
FBgn0013759	1696.46644107889	-0.213760962044647	0.207292845970575	1.06220621712667	0.302712536866375	0.495025617657928
FBgn0013762	323.475550228477	0.299112040385712	0.20450914429027	2.13639711542859	0.143839359416357	0.300609846008452
FBgn0013763	14357.5944753917	0.846635315193248	0.305409166163138	7.57708549037157	0.00591149445976699	0.0296886893073329
FBgn0013764	1004.34115089761	-0.0753810584967178	0.217634709224425	0.119936593363789	0.729103269314148	0.84817935746086
FBgn0013765	750.447606675256	-0.66880537513563	0.291535704501382	5.2222920450798	0.0222991412099924	0.0807161628575424
FBgn0013770	16709.810939035	-0.0538064497352507	0.241605548613645	0.0495945372109219	0.823770316875514	0.905068771552059
FBgn0013771	393.281831994295	0.43293749689203	0.327733940586673	1.73866584427681	0.187307961906121	0.358378380731704
FBgn0013773	104.955585412136	0.976269367794129	0.41112945285922	5.55169225669479	0.0184628284268181	0.0703519343888333
FBgn0013799	787.219105957696	-0.4400743916709	0.199250425035045	4.8622424389774	0.0274506348593788	0.0936870484878058
FBgn0013949	1318.06463986185	0.466151267340158	0.26301553074602	3.12742582859066	0.0769852116101754	0.194870197145206
FBgn0013953	304.016788130689	-0.426910573646712	0.319876286112964	1.77523845851636	0.182735104998336	0.352372064358679
FBgn0013954	5123.67150276019	0.541947920384998	0.208468374104536	6.71936646404501	0.00953714994590063	0.0425459105776679
FBgn0013981	4382.02878789848	-0.202097413102008	0.203455010744889	0.985961778280355	0.320731358069332	0.515037944240908
FBgn0013983	407.416379634397	-0.131079567113246	0.274544145475004	0.22789767668101	0.633087070011241	0.784161541063823
FBgn0013987	1968.96352469065	0.0574719500027211	0.219831248551802	0.0683433012857222	0.793764380807204	0.885707751168788
FBgn0013995	686.777084782078	0.353982911038701	0.180524061936489	3.83751881268536	0.0501176348992447	0.14458356548686
FBgn0013997	2409.4059253029	-0.412522655406023	0.134252137380744	9.4120730745568	0.00215561375271284	0.0133857394468248
FBgn0014000	538.958765384202	0.48926025752408	0.238361056829773	4.19403077004502	0.0405665361734059	0.12437773286801
FBgn0014006	1113.96488638808	0.122250950064997	0.188777306481179	0.419212633679351	0.517330186407864	0.697147679562749
FBgn0014007	613.292176017532	-0.0897152599991499	0.181951923088431	0.243407985678431	0.621755450914899	0.775897341093632
FBgn0014009	1817.35493953854	0.100929160420379	0.210657122739468	0.229475836641484	0.631912760342145	0.783035837278344
FBgn0014010	3967.51143467871	0.0477120272924387	0.19026660462392	0.0628774741753517	0.802004453570483	0.8912770048148
FBgn0014011	935.719374206971	0.45694611422551	0.223278061240041	4.17071221416026	0.0411285073510332	0.125707637293217
FBgn0014018	4392.48049892401	0.16834276272737	0.367050440632541	0.210212335860504	0.64660102824531	0.793878874806821
FBgn0014020	5309.49676525296	0.0975613010275154	0.143283229072036	0.463552447447	0.495968395283204	0.680783942448519
FBgn0014024	822.35850076334	-0.0937168280668395	0.158980838928601	0.34731269728519	0.555638303145546	0.727674553175838
FBgn0014026	32618.3332651221	0.472346576326566	0.13975462150488	11.3727421242348	0.000745297673262186	0.00549415761809985
FBgn0014028	2930.02211207287	0.962550088035263	0.116023855079544	67.7286611145802	1.87616361084855e-16	1.56181770774789e-14
FBgn0014029	1905.99028452012	-0.344423643714054	0.230120376111618	2.2349331669261	0.134922458053808	0.287643336522542
FBgn0014031	2424.05576044436	0.789955653903546	0.320280024714247	6.00938302110603	0.0142300021994447	0.0580515669939436
FBgn0014032	406.035567292784	0.551099636383257	0.250327415789142	4.8197005402416	0.0281362330904686	0.0951971322048676
FBgn0014033	674.510110043564	0.579856013191715	0.367115742548326	2.47799146085349	0.115449601224002	0.25725627673249
FBgn0014037	3223.07898022952	-0.0646868255422277	0.176155247917025	0.134825052026329	0.713480795973316	0.837201402083582
FBgn0014073	341.858003782064	-0.185999836307848	0.326292118692342	0.324521368389242	0.568903053840419	0.73725958982051
FBgn0014075	1955.19668922758	-0.0244266370877727	0.227363112738298	0.011544724340709	0.914434862391131	0.954908074051993
FBgn0014092	191.517640302773	0.209939473623872	0.223315831916821	0.883935267727871	0.347126101967326	0.542803601587753
FBgn0014127	433.539043454048	-0.482189645033766	0.161335595147767	8.92341796921762	0.00281537124617391	0.0165508566797059
FBgn0014133	3123.01246256165	-0.158479208549507	0.234289949256103	0.457329339061118	0.498874762142738	0.682758344801396
FBgn0014141	28626.9016270667	0.0678151657170978	0.204926220444356	0.109497838804913	0.740716564925925	0.854181950315865
FBgn0014163	5694.16303493501	-0.784213965100828	0.30768492142303	6.41864104842107	0.0112928544834106	0.0487038846342207
FBgn0014184	14235.3443094259	0.498713253060258	0.214316625965562	5.38820706943197	0.0202732910778729	0.0753774828483394
FBgn0014189	2918.75941257878	-0.240239181978294	0.166077184178063	2.08985093057196	0.148280538379169	0.306998468009804
FBgn0014269	426.6424958459	0.0386132988217327	0.199664054532958	0.0374056850979798	0.846641413100881	0.9173365112537
FBgn0014340	263.802308167004	-0.064479795581553	0.240825098431958	0.0716587941637528	0.788936714060284	0.883112719125707
FBgn0014343	379.40626206309	-0.209791785574608	0.196996740751957	1.13485864776983	0.286741348334303	0.477938356196049
FBgn0014366	475.864696323079	-0.00565508836935398	0.155335324199233	0.00137475863726877	0.970423022515967	0.9834630470519
FBgn0014380	967.312458593055	0.190263162907525	0.129802512211855	2.14751712466692	0.142800656869918	0.299162629681899
FBgn0014388	924.942935566918	-0.0927600767057048	0.267934859482435	0.11979940663231	0.729252151096396	0.84817935746086
FBgn0014411	1254.05958947846	-0.0403999912938157	0.17148315500135	0.0554960109338509	0.813761765858714	0.897367490549707
FBgn0014417	410.565907772165	0.0447036823877572	0.297293957597231	0.022672761286799	0.880311165255135	0.935774692472149
FBgn0014427	1541.23406480878	-0.262016717074281	0.407545785043932	0.412837446655914	0.520532831582475	0.69995818828
FBgn0014454	267.682580920363	3.11427433071181	1.44587460218953	3.95431390920442	0.0467513725302475	0.137786944290883
FBgn0014455	3718.74252874255	0.786441700716124	0.126752842701293	38.0588391570201	6.86430330169868e-10	1.97298411512017e-08
FBgn0014469	1256.54543427732	-0.810809500199422	0.184329222063511	19.1225804328982	1.22585952069904e-05	0.000153868910535538
FBgn0014857	1961.25635891432	0.277961769755366	0.163500162384816	2.88634627102843	0.0893333094721588	0.215182867548731
FBgn0014861	598.948821456108	-0.25832708258089	0.169789507130946	2.31333812362813	0.128268324338342	0.277343713296136
FBgn0014863	15877.1607023347	0.773183713942886	0.259031466118378	8.80523852259162	0.00300366873552986	0.0174600612136466
FBgn0014868	3414.25428596213	0.476331260538353	0.198028332201152	5.75990129368661	0.0163959929098356	0.064143317562979
FBgn0014870	1372.12649052262	-0.391835330892668	0.139479835703264	7.87424143448149	0.00501439013052177	0.0263392567439165
FBgn0014877	394.218731391405	0.400356766430667	0.27944692020484	2.04858199354533	0.152348026479886	0.312414358740068
FBgn0014879	1037.68139733762	-0.0849119190055392	0.140729503644402	0.364163070653788	0.546203214184656	0.71924069476391
FBgn0014906	1270.78034010683	0.245901948088767	0.183703852376164	1.78934472868009	0.181006021595558	0.350493117085628
FBgn0014930	291.6880360441	0.698246854814482	0.193646007836828	12.9211943172535	0.000324882504139971	0.00270186754679856
FBgn0015001	1320.00071653433	0.129749288025052	0.312222089627332	0.172602279707689	0.677809359496516	0.81641865345487
FBgn0015010	1114.08699652535	-0.262064071804648	0.32542569461911	0.647758412343421	0.420915247457576	0.615640003906125
FBgn0015011	2192.76066039534	-0.71803778802618	0.192737182696166	13.7478755310256	0.000209057129659758	0.0018521286266242
FBgn0015019	3339.10280180735	-0.0574350924618502	0.154249102194977	0.138634739782972	0.709642055515236	0.835140237112089
FBgn0015024	2637.35749970975	0.0105511282293734	0.184207287620453	0.00328628386839114	0.954285414962979	0.973988777036977
FBgn0015025	50.6367162257831	-0.703984392635414	0.36888391689836	3.65653914925463	0.0558495299997374	0.155392004580653
FBgn0015032	129.02465550373	0.689437118606219	0.337280668238415	4.15329589290993	0.0415535669375822	0.126481088188074
FBgn0015033	887.95304908966	0.983710096685615	0.262762999889406	13.7669641377383	0.000206943485105115	0.0018389419059089
FBgn0015036	91.0211720356928	0.0541943725827028	0.25129843088534	0.0465325312707208	0.829210685046447	0.908829331954212
FBgn0015039	3975.29440337771	0.348513455751174	0.240154634766084	2.1007504492996	0.147226862923651	0.305254788906019
FBgn0015040	1642.44038632951	0.698293608796207	0.256559477847342	7.338202878376	0.00675042922220256	0.0327644595471482
FBgn0015075	783.845882661349	0.174432280493246	0.169609864199661	1.05701418105471	0.303897170199826	0.496314756587685
FBgn0015218	2814.93875808551	0.410087818215987	0.129502712139798	9.99712909954863	0.00156784455633221	0.0103475395400714
FBgn0015221	15206.230926532	0.601277092068585	0.212356476847105	7.95990678257755	0.00478248771654645	0.0254681180511804
FBgn0015222	16854.1930158236	0.530136103956845	0.163553130587006	10.4481151646516	0.00122774671663709	0.0084308459358799
FBgn0015229	340.112649442789	-0.604832421084419	0.219156566554166	7.58527040056828	0.00588471362165939	0.029587870653859
FBgn0015239	1475.01501204004	-0.0928967996307047	0.175705208918871	0.279421248926354	0.597080801757357	0.758186932610004
FBgn0015240	567.908663327491	0.427304151136185	0.167548826143668	6.4844845462253	0.0108820089781062	0.047296405589773
FBgn0015245	5514.39197722342	0.527386022566264	0.160204873253145	10.7794527418861	0.00102633021191951	0.00722772369511392
FBgn0015247	932.56743937193	0.0627908560874768	0.201733528513675	0.0968855987843256	0.755599540610146	0.862626218358159
FBgn0015268	3601.86771725281	0.134701618418133	0.163184111527341	0.681242782839362	0.409159104590738	0.603911809297897
FBgn0015269	804.367419246544	-0.28676987858193	0.220400848582734	1.69084930062829	0.193489050495086	0.366226379572853
FBgn0015270	95.0545435688594	0.0688170440358046	0.271686428877222	0.0641807522176521	0.800006103650577	0.889913966296194
FBgn0015271	110.477604422418	-0.411625142951538	0.244835692712865	2.82702081865877	0.092690160205444	0.221053506392659
FBgn0015277	637.594884995312	-0.247354523897982	0.150751206492438	2.68864952251279	0.101065438227685	0.234358258225522
FBgn0015278	1802.545421962	0.00523491402892894	0.155011557377209	0.00119145495729356	0.972464520588958	0.98486123655143
FBgn0015279	1233.36266259552	-0.3224539660569	0.196164445564176	2.69725141837534	0.100521406760196	0.233421287697886
FBgn0015282	5089.21140495795	-0.263261115371048	0.162989164199667	2.60544593083351	0.106497197759063	0.242887379949849
FBgn0015283	4519.96806575616	-0.314446042219043	0.18135006922644	3.00069405311294	0.0832288551350747	0.205627319879977
FBgn0015286	694.414910898502	0.373466218045603	0.14902892979689	6.26833989515075	0.0122914251626461	0.0517706614010448
FBgn0015288	13115.3542352108	0.146844829308806	0.226693071186342	0.419423309431636	0.51722494197187	0.697147679562749
FBgn0015295	664.800868239189	-0.319777378936525	0.159900414562321	3.99105454999207	0.0457424270681667	0.135616800558219
FBgn0015296	703.284407751823	-0.049011246126095	0.226669164781476	0.0467474213255485	0.828822874355688	0.908739195242867
FBgn0015299	155.868991029575	-0.179678100425489	0.3619282049744	0.246950047850689	0.619230877517545	0.77397717574574
FBgn0015300	67.0672279534181	-1.19425766262165	0.550871331786529	4.61225371706054	0.0317442874931701	0.104118133202126
FBgn0015320	753.761240527572	-0.00253114018807939	0.163581702355537	0.000242081427529683	0.987586241988852	0.992874672360673
FBgn0015321	1199.02545659352	0.0134053423957774	0.184834204484808	0.00528501777024815	0.942046338492219	0.968578665826626
FBgn0015331	421.473497495945	-0.46732349584965	0.193941028931253	5.79449980230778	0.0160763880752457	0.0633450914364355
FBgn0015336	158.634606780893	-0.535168943629982	0.266348779832183	4.0176273253426	0.0450270166516298	0.13400283134367
FBgn0015338	334.078586856636	0.220155885236974	0.222376361242014	0.980312448492022	0.322121679838909	0.516330917874393
FBgn0015359	397.985533837434	0.0548387584122311	0.209517525502051	0.0685207805359624	0.793502822708576	0.885692712809056
FBgn0015360	680.4813803485	0.318616277521302	0.150217806707816	4.49316386345734	0.0340306409380703	0.109274518063149
FBgn0015371	688.237498441967	-0.195304182547673	0.195840964189947	0.993201318829449	0.318961200950392	0.513410003135034
FBgn0015372	642.975834446387	-0.366798803542724	0.200311143224989	3.34356581646206	0.0674682494950093	0.177554379225757
FBgn0015376	129.169584757787	-0.15119577817675	0.255334029096218	0.35101647414573	0.553538291980143	0.725768482679462
FBgn0015379	460.501304141056	0.247153949074786	0.255356262335715	0.935621926236465	0.333406319384015	0.528657207950503
FBgn0015380	562.732665189401	-0.561545961197494	0.183899322757558	9.28421725142643	0.00231136668598695	0.0141931103946756
FBgn0015391	473.00754509604	-0.32672594143471	0.247324311978825	1.74306516847344	0.186750917834874	0.357842193961466
FBgn0015396	660.538300606024	-0.331572386243889	0.135026413917931	6.0232441973306	0.0141186701389738	0.0577576009764974
FBgn0015399	804.679608230799	-0.580075261561184	0.222723815981542	6.74029534075292	0.00942590189812951	0.0422567051372987
FBgn0015402	728.943057143082	-0.163995730820684	0.169354375260404	0.936855689115603	0.333087791969231	0.528342023429173
FBgn0015477	2116.25250305566	-0.196017552807017	0.252063307892347	0.604370809792115	0.436915206807322	0.631919322220588
FBgn0015509	2269.07747621979	-0.169172248063268	0.186395102083668	0.82346942951348	0.364167735098971	0.55853747317044
FBgn0015513	1510.93585895271	-0.362743668203423	0.243331053350416	2.2168105583022	0.136514822544369	0.289917399309629
FBgn0015520	327.112889762137	-0.379774299110074	0.195917087794282	3.75322705877432	0.0527056627255832	0.149301691136612
FBgn0015521	4944.53536024101	0.563266391583738	0.143451558601252	15.3252069096385	9.05008324660416e-05	0.000895268324753756
FBgn0015524	302.892655938485	-0.246163530068781	0.201304027834578	1.49396498679143	0.221602287399736	0.4028444345397
FBgn0015527	502.3599231356	0.281264982808877	0.205455502139034	1.87304975563109	0.17112619557949	0.338493062047393
FBgn0015544	227.636251103221	-0.433726017932626	0.243541820675766	3.17133273775273	0.0749412707576548	0.191398487168031
FBgn0015546	262.237102391895	-0.0481468582436488	0.216577813435412	0.0495472825955119	0.823852916235043	0.905068771552059
FBgn0015553	90.3912716569725	-0.280387351855518	0.291076260515762	0.926506141381388	0.335772450765612	0.530882656433571
FBgn0015558	387.562009261062	-0.694724929548542	0.241195159512264	8.23735458527399	0.00410369004914512	0.0224216476740907
FBgn0015570	1810.62422755491	0.799250068608761	0.406558507545983	3.81673664219895	0.0507429769579183	0.14541537798874
FBgn0015571	1078.31406633822	0.258761537381844	0.193046785056999	1.79410283932511	0.180427070993934	0.349939156123357
FBgn0015572	960.760429469935	0.702643464504797	0.286115171121881	5.97478680665735	0.014511835712684	0.05873933249569
FBgn0015574	100.681597284693	-0.934503469877807	0.429997784843188	4.67840170155179	0.0305441542202241	0.101171778092814
FBgn0015575	2866.47906527214	0.703395722728848	0.166303342448753	17.7236824038267	2.55426753421783e-05	0.000295785521285277
FBgn0015576	328.682071006559	0.155738856038267	0.287471116698564	0.293511973645522	0.587978715004335	0.751073725100777
FBgn0015577	779.858995378612	0.119221200976063	0.280720672654954	0.180278981417075	0.671133597887314	0.811244228459954
FBgn0015589	1521.66092213887	-0.574893214651216	0.274544021868739	4.35745027432331	0.0368474163220523	0.11599771731209
FBgn0015600	1252.42806202315	-0.50996893968671	0.204292794764903	6.20362602774134	0.0127488870833596	0.0533410050372521
FBgn0015602	522.237761861969	0.0552767940931828	0.208947251049264	0.0699999038387205	0.79133692011133	0.884229072187207
FBgn0015609	931.162890045935	-0.236988085246714	0.303788310711725	0.60797758428518	0.435550303105364	0.630565360886256
FBgn0015614	764.837804326857	0.179805293339309	0.159863694315474	1.2643386266779	0.260831442677746	0.450935864065132
FBgn0015615	540.213274466992	-0.18824735956214	0.161704567080101	1.3552660562443	0.244359603289736	0.431245827885726
FBgn0015618	119.698493446165	-0.129621741537015	0.305339617767433	0.180007337716305	0.671366934700045	0.811415125570908
FBgn0015621	218.072668295693	0.0553958306851255	0.261819956853203	0.0449357434858015	0.832122226929832	0.910885315770852
FBgn0015622	2919.37254354912	0.311165288223816	0.123456671196767	6.34166670841603	0.0117934014493561	0.0502190977245142
FBgn0015623	4448.76794264584	0.965540302707368	0.20401200909505	22.0009031425873	2.72522199118101e-06	4.02129746658549e-05
FBgn0015625	410.950551515205	-0.587416443138042	0.19315889140185	9.21610380307981	0.00239895531403292	0.0145988839248458
FBgn0015663	168.092705132645	0.733840184431907	0.26304475924946	7.72800534452095	0.00543707815899282	0.0277804155616402
FBgn0015664	919.42148476756	-0.124275666462265	0.142036369955475	0.765645280140134	0.381567600277612	0.576135884983642
FBgn0015737	4392.1865712954	0.127719546085509	0.156327650455393	0.667254207692579	0.414010556220995	0.608770063005176
FBgn0015754	1336.20112187744	-0.0635006437671059	0.138015408880308	0.211629100736644	0.645493517159809	0.793181283305689
FBgn0015756	23709.5348937945	0.647539182671646	0.197842071678525	10.6240785034162	0.00111624579375238	0.00776182260368088
FBgn0015765	507.282798019841	0.339304543338411	0.214883320754734	2.48726386222413	0.114771098433861	0.256222136648013
FBgn0015766	19866.4017491886	0.1868300971183	0.243038782785244	0.590511576308174	0.44222136349519	0.636113638075926
FBgn0015772	1412.25657241568	-0.0206466567576653	0.151464254343849	0.0185963646479763	0.891529983490358	0.942816463844549
FBgn0015773	299.662048745649	0.0583464032903381	0.214018082547588	0.0744152364504203	0.785013445991661	0.881060618507033
FBgn0015774	333.034983664085	-0.441549752912438	0.225390840825977	3.83062904618539	0.050324042707918	0.144866887025554
FBgn0015776	3320.26088608309	0.571979967204664	0.203400265157101	7.8572317901918	0.00506178314129022	0.0264760962885269
FBgn0015777	1006.67517934011	0.0315325736949515	0.147926476177997	0.0454509092824651	0.831177060811879	0.910528415220859
FBgn0015778	7434.69152360365	-0.294977725578171	0.160122024670418	3.38772418912397	0.0656835510451373	0.174458702321441
FBgn0015781	371.473632353974	0.0136102583919525	0.164457563524538	0.00710158584777076	0.932841042570023	0.964427648865522
FBgn0015789	2134.86983899447	0.177449217692872	0.124958292612232	2.01530644237938	0.155719827452175	0.317337588322862
FBgn0015790	4522.89887249302	0.12812313244371	0.118204051530446	1.17451864678826	0.278474721814082	0.470572040601336
FBgn0015791	785.250006669233	-0.127704999322205	0.179671553353302	0.504844372467915	0.477379245649955	0.665132265506642
FBgn0015793	181.916746235111	0.17621926440303	0.223884123454962	0.619856055696516	0.431100781584	0.625869249209809
FBgn0015794	706.491364785478	0.183190989066025	0.229601357591124	0.636067180781055	0.425138526389599	0.620069811051541
FBgn0015795	3568.26709204608	-0.2198663309818	0.168153816674345	1.70785617219265	0.191263757607789	0.363495885662531
FBgn0015797	2000.78689244864	0.152789132126015	0.163157861570696	0.876413778163112	0.349185801572236	0.545333621443859
FBgn0015799	909.648628433202	-0.199958235116779	0.212223679995081	0.887685295182123	0.346105342664652	0.541975784147807
FBgn0015801	2071.94347283112	0.149858618081233	0.29437735756301	0.259000657927658	0.610807548804141	0.767882292441621
FBgn0015803	988.539891231002	-0.00103372179009747	0.180670907617738	8.73433725274708e-05	0.992543264851567	0.994990139313332
FBgn0015805	1693.90313199302	-0.0669769870069215	0.129286227298015	0.268470476892261	0.604359639463932	0.762819261712164
FBgn0015808	3742.53427895611	0.572611058921094	0.27385298011093	4.34362108843659	0.0371478370491028	0.116693668252504
FBgn0015818	344.483919550715	-0.0567928950018997	0.191101365088564	0.0885225693172274	0.766063872441512	0.868325735745677
FBgn0015828	527.501352288588	0.132991259506274	0.170718730898034	0.606786019257953	0.436000503346682	0.630906599135967
FBgn0015829	168.071525776295	0.165901424763192	0.220621482305608	0.566019193729637	0.45184513318378	0.644324734197427
FBgn0015831	42.4027693540798	-0.703200171341883	0.559911939948918	1.57458335655291	0.209542645745361	0.387957261027499
FBgn0015834	3849.88761229518	0.260486362471854	0.172821939472699	2.26861412266631	0.132017911117245	0.282955075953016
FBgn0015838	781.449915908062	-0.266037227462581	0.159989357725566	2.76235624051469	0.0965060043300253	0.226903539090899
FBgn0015872	644.396040997939	-0.271605042792391	0.162687757243043	2.78603152285771	0.0950894487050324	0.224710577229032
FBgn0015903	442.930907738703	-0.120258123718691	0.162180591339293	0.54965296524837	0.458459527009208	0.649766602365765
FBgn0015904	263.606962144037	-0.255712107438383	0.224048442465513	1.30199951507846	0.253848311968264	0.442698025304369
FBgn0015905	256.089594016027	-0.021415093167973	0.255655677867469	0.0071011761385833	0.932842975305047	0.964427648865522
FBgn0015919	353.490389234123	-0.480119257292971	0.184244239554928	6.77601695379802	0.00923908338322805	0.0418080368069766
FBgn0015924	2161.98627244672	-0.0184625443175107	0.145315014378592	0.0161428282533649	0.898897318445236	0.946244938281606
FBgn0015925	305.852278716002	-0.143174047621726	0.195858624338036	0.534505689922256	0.46471870926384	0.655269717248981
FBgn0015929	709.063081995591	-0.0123235516344661	0.133744129507152	0.00849376572345761	0.926569624463753	0.961249569211298
FBgn0015949	1467.51414253056	-0.257159138213181	0.169823019033232	2.29129931685435	0.13010097046135	0.280139327318436
FBgn0016031	1149.79908236161	0.180152333301672	0.34590572518039	0.271074046944904	0.602612200938137	0.762268810972924
FBgn0016032	192.48174422756	-0.444141672866155	0.364068069754756	1.48377710894928	0.223184492382524	0.405305610369086
FBgn0016034	82.098021550128	-0.388793707521414	0.42133134459119	0.852948289339359	0.355719616860247	0.551646730962183
FBgn0016038	456.176653407164	0.0343746267979332	0.158858650997638	0.0468755923102222	0.828592009092879	0.908598967097746
FBgn0016041	594.023653433476	0.365535602749787	0.210270147672574	3.01739902038098	0.0823754846678522	0.204369355022095
FBgn0016059	1375.95260605932	-0.28575517157156	0.187802198797156	2.3118891062896	0.128387930751342	0.277534321643764
FBgn0016070	628.86911912017	0.00450043710156583	0.161414500389025	0.000805550100608343	0.977357309250543	0.987856461959267
FBgn0016075	9095.18813265698	0.686494447124689	0.326774187181477	4.37256248750154	0.0365220307645603	0.115385033822585
FBgn0016076	2988.07242479039	-0.183621950680981	0.252867682352923	0.526879497855333	0.467921745973058	0.657618702644771
FBgn0016078	808.119215094326	-0.299186035268835	0.220283869537118	1.84303407217133	0.174595751398386	0.343354782781225
FBgn0016081	3487.91239750326	-0.380399409666326	0.242612171017882	2.45133489112735	0.117424969803996	0.260341189334287
FBgn0016122	1134.29078231769	0.687540451221469	0.228733104424104	8.95542379510472	0.00276647002818602	0.0163395793364883
FBgn0016123	1728.70749408157	0.447116223626567	0.259479343189275	2.95856724935872	0.0854236044090687	0.208918482623509
FBgn0016126	1541.60506672212	0.202608709531749	0.201243293121509	1.01277500913504	0.314238949372886	0.508405663598523
FBgn0016131	343.383973530406	0.018059735124514	0.174156615436824	0.0110518989274624	0.916274232019275	0.956018380773826
FBgn0016641	598.930893721277	-0.210462817530143	0.171261416121502	1.50966433299654	0.219190313321826	0.400359206117118
FBgn0016650	340.04834476175	0.229952382484076	0.192301720005679	1.42933012015253	0.231873794331023	0.416690313330218
FBgn0016660	76.2916716573078	-0.939637063814531	0.382523884338144	6.0066641116377	0.0142519460736768	0.0580700224903807
FBgn0016672	435.367587613033	-0.0600373569721685	0.204177857619523	0.0864343340615505	0.768760068355316	0.870019089799578
FBgn0016684	602.39189932105	0.627156717502891	0.24694212156399	6.40307127314485	0.0113923116734855	0.0489414596917409
FBgn0016685	2488.92201511725	0.0340378599578855	0.125060383016677	0.0740806914787271	0.785485400182889	0.881149653091001
FBgn0016687	2533.53655170212	0.667923833060317	0.187538072968264	12.5791291621251	0.000390078449014833	0.00315495163529504
FBgn0016693	3636.25972513678	0.332145799770095	0.176060451431049	3.55107336713313	0.0595069447231671	0.162468461335574
FBgn0016696	1640.99147631464	-0.276678951700558	0.173803589899676	2.53095401228825	0.111632704944135	0.251287497047715
FBgn0016697	3221.4175032117	-0.0109119435881893	0.217514357367189	0.00251688410259021	0.959988067938714	0.97699068495543
FBgn0016698	279.711691053186	-0.128795868277186	0.191429672602928	0.45225420511369	0.501266407691032	0.6849140262412
FBgn0016701	687.689360107313	0.131586622352242	0.190448468561888	0.477220097015888	0.48968420397255	0.67525760522797
FBgn0016715	2874.97921681854	0.869752934791116	0.2757872639773	9.80061749839692	0.00174453280961986	0.0112692221903995
FBgn0016726	3676.89683384213	0.798734016856295	0.246003227098881	10.4123919623001	0.0012517250653539	0.00855232751824303
FBgn0016754	832.569199041808	-0.636483423220427	0.159380256604542	15.8628245399282	6.81034372749225e-05	0.000703661509452411
FBgn0016756	5456.97505920441	0.0915133373301133	0.179218377394446	0.260688034845941	0.609647859276598	0.767408375214936
FBgn0016762	162.999464834197	-0.153572006125712	0.215509413252748	0.507230619149624	0.476340163611536	0.664121599574687
FBgn0016794	566.263380111455	-0.160682517696167	0.228029633513014	0.496207660824609	0.481171199480158	0.668007341757854
FBgn0016797	3280.66533522103	-0.401552147732579	0.240081129394047	2.7883390851644	0.0949525967417232	0.224517906858012
FBgn0016917	5142.10598666228	-0.0149115841482636	0.239726702495988	0.00387060766163927	0.950392248159573	0.972399142370232
FBgn0016926	3051.23755666821	0.328027650201122	0.155497847860872	4.44170574723356	0.0350711906610401	0.111882930727772
FBgn0016930	1313.17851120402	-0.663303461776033	0.965855546190221	0.467590364061678	0.494097807352903	0.679220914797011
FBgn0016970	77.354027457905	-0.0907937160844426	0.282339065056572	0.103309000489098	0.747894269178045	0.858181928638111
FBgn0016977	3788.22315606786	-0.579872777233121	0.306713120697679	3.55104559962633	0.0595079405073182	0.162468461335574
FBgn0016978	661.15969445166	0.0389832284123807	0.186079543899982	0.0439430078609746	0.833959682255307	0.911921908353873
FBgn0016983	1225.93821929563	-0.138270116154359	0.159374829050518	0.752544503431892	0.385671819774792	0.579459924688024
FBgn0016984	1819.38699252546	0.219060984632856	0.278749680519148	0.617041969132586	0.432148637342054	0.627059031043608
FBgn0017418	1121.51959098951	-0.190370779257664	0.182113966000432	1.0916008921013	0.296116774988129	0.487852846910264
FBgn0017429	518.653810152987	0.577150123843492	0.179267282637027	10.3124202977377	0.00132137873237312	0.00894846196044546
FBgn0017430	182.382340354044	0.0705521897331965	0.270873947144214	0.0680106220603278	0.794255642414965	0.885919831711496
FBgn0017457	529.42586528438	-0.0980908349753074	0.176278207205541	0.309903536916863	0.577739384968567	0.742928057849408
FBgn0017545	16032.2312795359	0.343590794993553	0.19516392583229	3.09221733177253	0.0786675431672144	0.197936242060878
FBgn0017550	2429.41872374609	-0.243674762763189	0.164863738243213	2.1819981890372	0.139633068601946	0.29425576319788
FBgn0017551	197.460770241093	-0.219194353749088	0.230822355469753	0.901293443758846	0.342435127969065	0.538374160850116
FBgn0017556	57.5661639593365	-1.09979583956719	0.573998567006199	3.6263427968992	0.0568716605673482	0.157364544636651
FBgn0017558	2969.1963115202	-0.710842898599162	0.207422637537799	11.6293653274287	0.000649187021409978	0.00486284064254809
FBgn0017561	321.249853840719	0.358935207107394	0.34880114761643	1.0559711214127	0.304135880704396	0.496337157635581
FBgn0017566	4696.6060687099	0.933943462841824	0.139216946955323	44.2786423841131	2.84806599256631e-11	1.05152026436842e-09
FBgn0017572	1396.10482369318	-0.058549685916177	0.153365327664681	0.145704133284042	0.702674918165151	0.831153281218404
FBgn0017577	572.387064141901	-0.0815038472030766	0.17162988093592	0.225415203722676	0.634944423824464	0.785358788313299
FBgn0017578	193.753278927515	-0.0365652818462367	0.20523226769171	0.0321744806976909	0.857645251579386	0.923698486505126
FBgn0017579	15059.451165754	0.67621200540006	0.164686261166933	16.7089687313304	4.35745116920795e-05	0.000472360554264016
FBgn0017581	11040.5622883922	0.0719809818254586	0.234329587873081	0.0943445197453912	0.758724992156497	0.864650565774109
FBgn0019637	1038.07979755197	-0.0530067099263239	0.176135191831043	0.090549489411984	0.763479752507547	0.867329052821989
FBgn0019650	143.005573099604	-0.313628088366147	0.267392531256036	1.37831672892723	0.240388077807242	0.426643399351219
FBgn0019662	647.290188211656	-0.0134034963522341	0.175435596276772	0.00597584540891205	0.938382033083017	0.967097653331642
FBgn0019686	234.672375867169	0.00128968204383151	0.198127519206648	0.000316676336105104	0.985802072768432	0.992410319342108
FBgn0019890	3522.33795329212	-0.724978421753421	0.15962696516729	20.4272514626225	6.19414516207835e-06	8.44778004794117e-05
FBgn0019925	2752.22822939956	0.585811229503118	0.142471649509674	16.7984546022119	4.15671404901798e-05	0.000453946098620479
FBgn0019936	11808.445269016	0.548807284343971	0.120990888167538	20.4548296138036	6.10552919914178e-06	8.35274258189568e-05
FBgn0019938	552.038496102547	0.184036377396748	0.244173578678859	0.567962252904934	0.451069800875033	0.643843403901859
FBgn0019949	325.252048842264	0.123856004828087	0.173648495204466	0.509148984493336	0.475507486407356	0.663544441294915
FBgn0019957	2558.3791174794	0.745229488943961	0.158010983489554	22.0176975193051	2.70148020464701e-06	3.99294159561227e-05
FBgn0019960	2429.56003455391	0.646019681545372	0.223007860589766	8.32559352984173	0.00390903638852174	0.0214644288066682
FBgn0019968	3061.10004738293	-0.791806867181763	0.205442936304174	14.6789741452546	0.000127460227801583	0.00119651600675058
FBgn0019972	1761.87505760845	-0.0308202543624835	0.278329972619944	0.0122623478339392	0.911826105351575	0.953555410483291
FBgn0019982	348.568104486603	0.69783898222611	0.191180950021389	13.2377483407231	0.000274367293405432	0.00234594670252862
FBgn0019990	726.79545759156	-0.201002887554536	0.219387866326539	0.838729211733806	0.359760469968312	0.555181249912624
FBgn0020018	550.761665466103	0.0501973178423498	0.179759863339189	0.0780305689467582	0.779984278199872	0.877656372205518
FBgn0020224	697.71836667637	-0.0985728152740257	0.174931166542297	0.317452652697398	0.573142543926745	0.740144856960281
FBgn0020236	7712.0522625956	-0.0118819387448171	0.183682498073427	0.00418542224521445	0.948416971777348	0.971736368426404
FBgn0020238	10074.5282362839	0.105334193241411	0.107097698776249	0.9671188187599	0.325399789816008	0.520476079742639
FBgn0020249	1866.92604343067	0.149702568697911	0.209294136686164	0.51129605714479	0.474578340487485	0.662817232741622
FBgn0020251	367.441605684531	0.232432461734186	0.152875482650548	2.31108897418464	0.128454029369847	0.277609197932777
FBgn0020255	5557.95497119397	0.262942401658415	0.151135610358099	3.02253495842629	0.0821150184029821	0.203847859490143
FBgn0020257	1168.1018784911	-0.781589127292311	0.146819807015931	28.0675783414485	1.17152139070965e-07	2.22311930142407e-06
FBgn0020261	1441.58023804928	-0.357801621588206	0.15967211446474	5.00987114446018	0.0252031831482684	0.0881112868860223
FBgn0020269	215.780017781125	0.0967796963255582	0.257304268749693	0.141770923752389	0.706526783197278	0.833563517453325
FBgn0020272	203.033763947547	-0.068697231643289	0.268860382910579	0.0653740596102423	0.79819522563223	0.88851705197159
FBgn0020278	2131.06692495054	-0.425639972352412	0.210003288490632	4.09357836082927	0.0430464164759038	0.129870859954642
FBgn0020279	10898.9446220882	-0.360234939390929	0.183968750101796	3.8244693279869	0.0505093399991126	0.145177334251521
FBgn0020294	1004.07931067355	-0.253907862484779	0.173106638503966	2.15036549204038	0.142535954877757	0.298820923221983
FBgn0020299	620.342874717075	-0.450768470880284	0.177899088073403	6.40383196963796	0.0113874316426628	0.0489414596917409
FBgn0020300	277.88192135378	0.295830568177357	0.296034440663081	0.997189204532916	0.317991595277584	0.512223044309858
FBgn0020304	3092.4215594441	-0.322314542027024	0.24493975043682	1.72784623650995	0.188686186908231	0.359992846114213
FBgn0020305	194.479071244157	0.142449535695254	0.293405447957174	0.236091046667696	0.627043732718981	0.779561217067815
FBgn0020306	4971.43071520191	-0.417318513446006	0.270626295229172	2.36990758765972	0.123694373668633	0.270502888042631
FBgn0020307	495.087862849072	-0.318810581496782	0.189721219189867	2.82122680184841	0.0930252780650918	0.221568228705513
FBgn0020309	4698.1937433434	-0.334357086229217	0.174235237602228	3.67432687076325	0.055256561516575	0.154201106521903
FBgn0020312	727.582290686319	-0.240883671582773	0.15638691907518	2.37144397745379	0.123572701928926	0.270414335485696
FBgn0020369	4396.52692020385	-0.20037198194748	0.161854726611297	1.53141488158212	0.215900220397821	0.396153783487289
FBgn0020370	5322.58772210661	-0.262685096072268	0.141702389129065	3.43186545241865	0.0639498291963182	0.171205489328978
FBgn0020371	81.4334810811495	-1.00503680274243	0.535945827621964	3.47585370074207	0.062270583121422	0.168138196286238
FBgn0020372	132.365492067475	0.923016046073063	0.339047989365582	7.31767739288588	0.0068279598138175	0.0329594734119943
FBgn0020378	422.139593100184	-0.403187919975255	0.280683475039807	2.05697136472241	0.151511047240135	0.311349203737063
FBgn0020379	255.4755811524	-0.212087346588271	0.210252924598098	1.01924390296642	0.312698424636252	0.506749476398584
FBgn0020385	7902.53417125581	0.445887877219695	0.217801114653268	4.17449173016649	0.041036869715228	0.125514502033682
FBgn0020386	2114.05512880832	-0.333081541784951	0.150803561543976	4.86726793134218	0.0273708004350814	0.0935036558417183
FBgn0020388	975.920556665823	0.193724832827	0.22516318083825	0.739530602949742	0.389811284217457	0.58359259788511
FBgn0020389	1153.76302377322	0.217649376259574	0.160724295553216	1.83188662063256	0.1759048697172	0.344733683174092
FBgn0020391	213.396388618126	-0.418276431378955	0.205038746895967	4.15998570590504	0.0413897533018146	0.126114588623922
FBgn0020392	1290.0977146943	0.191535899650032	0.154564475621992	1.53433524364834	0.21546296625545	0.395515958859598
FBgn0020399	72.8160621980177	-1.02600113563912	0.52374008801954	3.79483502237631	0.0514109393265468	0.146764842645567
FBgn0020407	193.936804284042	0.196500203056491	0.191836423375841	1.04999432199585	0.305508394560047	0.497840456804774
FBgn0020412	1646.2413695203	-0.644642852747999	0.119922457518906	28.7113382796041	8.40104251728665e-08	1.64006192859596e-06
FBgn0020414	3279.42303940202	0.412188788784634	0.224119082378693	3.37091204295817	0.066357010494392	0.175619242544978
FBgn0020415	1837.74024278805	0.573734624489487	0.241748243517855	5.59590948441807	0.0180024624246573	0.0691204046274541
FBgn0020416	872.244010926708	0.0685775849338778	0.386455433600518	0.0314830324859372	0.859167042202317	0.924530058516452
FBgn0020429	81.1516151623053	-0.395144521804305	0.354726441840604	1.24080213168691	0.265316519477975	0.454946165540935
FBgn0020440	661.784194857939	0.0407874359706777	0.18431585112304	0.0489813645787791	0.824845350072888	0.905629591717558
FBgn0020443	4713.41607243328	0.248425408162309	0.172043641339851	2.08235357389451	0.149010264289794	0.307932180908298
FBgn0020493	549.035966919077	-0.0720169549454836	0.230526739875836	0.0975903783414793	0.754740663197583	0.862002538448806
FBgn0020496	3044.08875389698	-0.0543840448793568	0.185790514524873	0.0856693299411262	0.769756641084532	0.870700243677722
FBgn0020497	2397.4490923729	-0.175406243921898	0.180867573909565	0.940014618253855	0.332274082244486	0.527715353082315
FBgn0020503	2094.64002857785	0.71094355068769	0.179839096029397	15.4802525448136	8.33717319231031e-05	0.000835013812944188
FBgn0020506	424.008551036609	0.39855801773245	0.401254790670648	0.983236752604739	0.321401008423067	0.515644090604571
FBgn0020508	34233.856245288	0.172993470021985	0.189565998284504	0.83228807801477	0.361611740779596	0.556578056975258
FBgn0020510	1100.78476110772	0.0213120930214268	0.160726411813341	0.0176145508447831	0.894414966773016	0.94417007618197
FBgn0020513	11306.0391766578	-0.144549196587884	0.309250903774501	0.218382646141393	0.640275033676763	0.789186603878162
FBgn0020521	4361.12833796727	-0.0930577661006527	0.157092855297379	0.350812309901698	0.553653660965856	0.725811900811575
FBgn0020545	1191.03189190793	0.756731423854935	0.172568724632734	19.0346523949509	1.28366034398962e-05	0.000160439360840856
FBgn0020616	481.455317947439	-0.426284170228279	0.154817078938471	7.57135920941604	0.00593030461600757	0.0297323908702561
FBgn0020618	39446.8030378769	0.413851198125955	0.224872042789267	3.37545064005211	0.0661744801793782	0.175367596110271
FBgn0020620	635.596662598479	-0.135637336118575	0.262241476948766	0.267549033305912	0.604980660241181	0.763493899594992
FBgn0020621	2315.16247222093	-0.52248809739985	0.14857139494548	12.3088579586368	0.000450813722092689	0.00357089792077727
FBgn0020622	844.778165282298	-0.00465793773961494	0.146134079399737	0.00109410490885864	0.97361297937126	0.985496137085654
FBgn0020626	2978.33714971867	0.218388649491596	0.166343028488239	1.7218362633802	0.189456849059264	0.361250370390731
FBgn0020633	920.132908608006	-0.132913065790598	0.21818229188255	0.370873658697235	0.542528434047789	0.716375707115238
FBgn0020638	452.703990070282	0.734208259500723	1.65795765871479	0.194033062118493	0.659580920205149	0.803887022084286
FBgn0020640	125.427068995117	4.03481994771586	1.61385525742234	4.92736836373147	0.0264345448161207	0.0912001623342153
FBgn0020647	2261.70553243015	-0.604847052453486	0.239955660913016	6.30893843733256	0.0120130747201248	0.0509142033287134
FBgn0020653	5276.26210433089	0.338777915894837	0.186786179846141	3.28217639113961	0.0700359983636244	0.182139006649166
FBgn0020655	1224.41101537536	0.389586477335761	0.15874907998952	6.0076588702679	0.0142439135023537	0.0580700224903807
FBgn0020660	853.2464543075	0.27570881475511	0.317864540216706	0.751495497200509	0.386003160192009	0.579736649489062
FBgn0020762	1413.46293976368	-0.991814606706444	0.345552856847432	8.0883042342099	0.00445518287929859	0.0239418597606156
FBgn0020764	1284.33959072132	0.780927244382165	0.21257892972618	13.3417855097938	0.000259557095776155	0.00223883852700761
FBgn0020767	851.533925812334	-0.118338627416743	0.167264304539976	0.500241818517409	0.47939388850282	0.66679881339043
FBgn0020887	956.065070321796	-0.22936611501282	0.122538401032355	3.50205540437626	0.061292713991118	0.166312087410094
FBgn0020906	22830.5720166513	0.0346394170609291	0.222914225157787	0.0241459424854611	0.876514145298409	0.932974766961781
FBgn0020907	258.223012099246	0.933403156688322	0.206850407680783	20.1587757566958	7.1272499187412e-06	9.47151404864042e-05
FBgn0020909	179.621896383694	0.0770456078129026	0.19771584782237	0.151937527629137	0.696690621350145	0.826962666328257
FBgn0020910	50259.4895707527	0.201690291973813	0.192626018376406	1.09542477253781	0.295272372533722	0.486749963393465
FBgn0020912	498.892554584901	0.0185125223542857	0.247385453814254	0.00560605749691945	0.940315273653679	0.967732910510854
FBgn0020930	638.810749762545	0.0381485420102436	0.21290531510427	0.0321971665222947	0.85759561026564	0.923698486505126
FBgn0021750	219.409097780485	-0.140168908166043	0.249449470664603	0.316469895812972	0.573736871603169	0.7404673753107
FBgn0021760	2572.97321948654	-0.373003748588842	0.248076823789529	2.25483479424118	0.133197669756613	0.284447298628352
FBgn0021761	915.491569251435	-0.342614625008496	0.201786496770951	2.87822954800124	0.0897846889996701	0.21605129417319
FBgn0021764	1759.36155515309	-0.408055779176903	0.232989975207705	3.05799983909381	0.0803405091026825	0.20088542145709
FBgn0021765	4411.62618058261	0.911340251634456	0.182004307096647	24.6763755583315	6.78103224429759e-07	1.1247336188662e-05
FBgn0021768	622.478727921468	-0.387923938415851	0.214035127794992	3.27992619686741	0.070132082652014	0.182254167753484
FBgn0021776	315.787711747037	-0.361996533898246	0.212699594071705	2.8908275671094	0.0890851547800406	0.21477797972106
FBgn0021795	3012.93613589717	0.672322214374285	0.143735476164208	21.6959970852769	3.19457192757099e-06	4.67477656532113e-05
FBgn0021796	1571.6495598944	-0.476267088607876	0.278963908073301	2.90223883022986	0.0884566167731458	0.213729788172574
FBgn0021800	274.45152274889	-0.243390560968187	0.201311267763931	1.45859949540249	0.227153087175141	0.410149138783188
FBgn0021814	619.278460123018	-0.0551297799143387	0.230208982061327	0.0573395652135247	0.810751380772873	0.896050874741962
FBgn0021825	1166.97748296596	0.281145588789885	0.125462411656471	5.01550996578507	0.0251212289424286	0.0878944187898454
FBgn0021847	478.102126424196	0.0660907270869145	0.171593891148731	0.14840129736131	0.700067841133857	0.829515057092138
FBgn0021872	8190.99567049474	0.576439834820976	0.168642085983322	11.6074427239458	0.00065688412223617	0.0049121571988237
FBgn0021874	262.352405573649	0.182774479506041	0.172135803900373	1.127774877913	0.288250459542111	0.479457503298698
FBgn0021895	1212.73966876951	-0.00647915815849329	0.137305462817063	0.00227027553023618	0.961997248446842	0.978294770115816
FBgn0021944	891.748305674776	0.231510865308862	0.18279644775928	1.60320182134218	0.2054500555538	0.382466516921252
FBgn0021979	4296.52219362923	0.21178130922807	0.207207923042832	1.04360502771758	0.306984517568027	0.499600033755122
FBgn0021995	405.461272510662	0.0645803397952115	0.19160725176132	0.113644108383781	0.736032910129352	0.851436077475275
FBgn0022023	4947.77668849036	0.35999011316573	0.233344751468281	2.37378452733418	0.123387601331921	0.270099775279799
FBgn0022029	528.139012549679	0.0697269630778225	0.185653015418445	0.141087679382565	0.707202097262599	0.833563517453325
FBgn0022069	565.341907135731	-0.356177908112075	0.206366164589714	2.97595823481583	0.0845100675074367	0.207379357135576
FBgn0022097	3323.41849445218	0.397683692531689	0.141515768290971	7.8734943554164	0.0050164621502432	0.0263392567439165
FBgn0022153	2099.45929185464	-0.0803409687930445	0.190025797825277	0.178733428227019	0.672463979241282	0.812167540787232
FBgn0022213	1072.02076550996	-0.0710022407762864	0.215590846762859	0.10850662244016	0.741850772416856	0.854181950315865
FBgn0022224	75.9691626861881	-0.125853790957002	0.312384742448851	0.164011963112223	0.685489341944923	0.82028179459208
FBgn0022238	459.050619177507	0.00239433065651483	0.175876101944267	0.000245982255648869	0.98748663401426	0.992874672360673
FBgn0022288	428.874719208494	0.149086445801853	0.163628371650851	0.830184628947904	0.362219147057567	0.557147865369723
FBgn0022338	228.965028443373	0.325315674612372	0.192460030118231	2.85540977783403	0.0910670314629795	0.218070432739674
FBgn0022343	1348.55871900733	0.281399106701316	0.162918551910299	2.98009458278358	0.0842943463224509	0.20724806685687
FBgn0022349	1332.91551062123	0.0541232861542073	0.22219465510519	0.0593477719706357	0.807529798839884	0.893871505383806
FBgn0022355	14059.523567326	0.75414352879742	0.308667205631034	5.90266579937385	0.0151179864243523	0.0605273654901911
FBgn0022382	1214.82099242891	0.243391175829985	0.216279574479884	1.2647051189019	0.260762351240932	0.450904759425825
FBgn0022699	512.675960482687	-0.222920453588037	0.169432872617402	1.7287628881587	0.188568965294355	0.359847758181463
FBgn0022702	2291.58232742296	0.0113008425799336	0.261895005221351	0.00186445443068806	0.965558582991367	0.980673220110016
FBgn0022709	560.481468548358	-0.0852643460431566	0.286060805259903	0.0888271667490557	0.76567349861222	0.868325735745677
FBgn0022710	1485.06705164683	-0.0134166013816851	0.191641177591697	0.00490784386633436	0.944149083377925	0.969627831671207
FBgn0022724	127.008324806526	0.0281025990609791	0.228385274227622	0.0152782224154748	0.90162794889391	0.94751641729744
FBgn0022764	3970.06662617468	-0.480875475379434	0.180800448398662	7.0428098204339	0.00795840811799253	0.037254638319982
FBgn0022768	1116.44473418094	-0.422710913262723	0.169764816332004	6.18254087776559	0.0129016877072471	0.0538017449568753
FBgn0022774	4691.97286503749	0.315090238576359	0.31343189948339	1.00856975120965	0.315245726312772	0.509543117628878
FBgn0022786	419.43949369969	-0.041617748511491	0.175885981543995	0.0559736666149817	0.812976783300413	0.897210523777555
FBgn0022787	1759.71881373037	-0.555773407947801	0.218598854982969	6.42820851279275	0.0112321815206729	0.0485133478895826
FBgn0022800	488.541224708539	-0.48297353914051	0.186061864563798	6.71988761677196	0.00953436347812179	0.0425459105776679
FBgn0022893	4147.29956360861	-0.052878721040958	0.232565912360155	0.0517009037852034	0.820129571170765	0.902365490728228
FBgn0022935	483.568392268218	-0.362381974653485	0.158726686907724	5.20644208721502	0.0225033402301807	0.0812809963942343
FBgn0022936	199.645005760497	-0.156460890663039	0.216682132457307	0.520865164237506	0.470472860736331	0.659379371527539
FBgn0022942	1463.04789275708	-0.22246839611119	0.155006977464508	2.05752535418884	0.15145596109156	0.311346761584788
FBgn0022943	170.140360530794	0.000150133357732215	0.275505235726893	0.000179490750156219	0.989310728549237	0.993994641472224
FBgn0022959	4730.23937304955	0.186434782680591	0.124091658645618	2.25557767838217	0.133133766025579	0.284447298628352
FBgn0022960	776.6789729485	-0.477211699315177	0.217862130111878	4.77870962945357	0.0288137039128759	0.09704279516306
FBgn0022984	361.355799871803	-0.0394581365508913	0.19893151536685	0.0393368806279497	0.842782755725718	0.9155133616304
FBgn0022985	865.118017183217	0.193926970824299	0.211942670677931	0.836392984666531	0.360430420869948	0.555438007990992
FBgn0022986	328.094178316231	-0.43920436523786	0.195523936431334	5.03941948081597	0.0247767916669159	0.0870248128788989
FBgn0022987	380.015966755303	-0.0622662252086165	0.178787390610239	0.121293468174237	0.727635831274645	0.847435284857006
FBgn0023000	570.260138944611	-0.0788625390583776	0.178803996555411	0.194490590804634	0.659205124920015	0.803651011646064
FBgn0023001	1064.46468669866	0.147268133117021	0.176455085096677	0.696221804800288	0.404056142231323	0.598421904320582
FBgn0023023	768.506535375281	-0.203196401474794	0.318086694821963	0.407725314480018	0.523126309578682	0.702129375750063
FBgn0023081	1048.05737549315	-0.0847927767342124	0.185828735427129	0.208231913453474	0.64815675560496	0.795127986628836
FBgn0023083	1119.33730568576	-0.152241966496806	0.209078425938172	0.530094970217206	0.466566934774594	0.656511980936217
FBgn0023094	363.871177049036	-0.981524271011871	0.250235027337435	15.1645614641355	9.85354543319964e-05	0.000962875801800151
FBgn0023095	1745.77263460897	-0.000247992506451052	0.152980345480595	2.48727244525071e-05	0.996020761769163	0.996741810217399
FBgn0023097	1071.27418575735	-0.379214389918978	0.190792014353231	3.94197918404915	0.04709533808236	0.138429103089909
FBgn0023130	250.751772224082	-0.112865244836828	0.211734732973639	0.28390168393026	0.594155243916366	0.755341575035012
FBgn0023143	9004.80844129711	-0.501820027275653	0.148752043306384	11.3255844154482	0.000764464641210119	0.0056198765281667
FBgn0023167	672.583188267717	-0.252870706269024	0.201082408021211	1.57930457143084	0.208860892801782	0.386857371553931
FBgn0023169	2497.93305082428	0.0256108859150257	0.158487697080174	0.0261257676528572	0.871593550885978	0.929711443999078
FBgn0023170	1705.22245732347	0.505362579924389	0.183510785600243	7.54895958580765	0.00600447329527735	0.0299510866916491
FBgn0023171	131.784822229198	0.276864480356699	0.252451195873604	1.2022930029996	0.272863862085849	0.463831770187927
FBgn0023172	4015.31071747287	-0.357284323889336	0.250017934073466	2.03718392371745	0.153493578521892	0.313815416329281
FBgn0023174	3692.54896096592	-0.0115954047579283	0.165532159931963	0.004907756532333	0.944149579495112	0.969627831671207
FBgn0023175	2909.62401410262	-0.0723454386218359	0.129841682797617	0.310426331576281	0.57741868903892	0.742623890406564
FBgn0023177	1136.04901598256	-0.0430760793528523	0.179503833177476	0.05757828192489	0.81036533629671	0.895736405797592
FBgn0023179	231.795904183042	0.0757716206803512	0.193226258995668	0.154225427747143	0.694529655280987	0.825836097318344
FBgn0023181	168.624393981309	-0.128389934803108	0.239130841663536	0.288267162004402	0.591333119362081	0.752947106096826
FBgn0023213	4997.22900251579	0.38434873944942	0.201229869016851	3.63780620845772	0.0564813119223351	0.156529866960642
FBgn0023214	206.379844319253	-0.270555753324963	0.323929003445985	0.696554876264834	0.403943732749674	0.598421904320582
FBgn0023215	963.923013893115	0.120297904056074	0.185765597509993	0.419201549985104	0.517335724378247	0.697147679562749
FBgn0023216	225.233866836072	0.192076926324095	0.210011749130689	0.836578655514536	0.360377113910907	0.555438007990992
FBgn0023388	1101.6513739922	-0.32775374981436	0.195440749702569	2.80775393603896	0.0938096337777826	0.222580319563096
FBgn0023395	99.4378365835707	-0.206537425187436	0.324471458224472	0.407160574747046	0.523414215059373	0.702129375750063
FBgn0023407	843.958212859148	-0.337787124079543	0.16979460623398	3.95019672253352	0.0468658887282113	0.138032243704184
FBgn0023441	1546.45769475632	-0.0579099324088902	0.148810992474484	0.151396729866519	0.697204150749964	0.827232677990813
FBgn0023458	5173.33909544929	-0.0489280097599204	0.239075249561145	0.0418821451114866	0.837844590047128	0.9129588370679
FBgn0023477	4054.25272136768	0.790882568908941	0.180948733547572	18.8754002152918	1.39540567316137e-05	0.000172936231179437
FBgn0023479	5511.46908895621	0.112005054230174	0.317465715813957	0.124440537835213	0.724267395762194	0.845585538529453
FBgn0023506	197.496711820692	0.0613819274505117	0.218495576792497	0.0790289099525125	0.77861774025992	0.87656582547251
FBgn0023507	7416.00361963528	0.964997859106603	0.242778025194789	15.5152319541475	8.18431009010573e-05	0.000821596726224038
FBgn0023508	929.302245728959	-0.0890073700897366	0.181036243663039	0.241604538404431	0.623049626962459	0.776573066630419
FBgn0023509	871.498496199791	-0.0584890438764885	0.207876451808173	0.0791558868038464	0.778444602183706	0.876482731870489
FBgn0023510	1596.42046651699	-0.202040208121618	0.237872120244545	0.72083529464453	0.39587005399916	0.58987868285307
FBgn0023511	823.507979416341	0.024140897660729	0.181621380189013	0.0177429589346048	0.894033076632773	0.944135238797871
FBgn0023512	732.457644499905	0.0194400005475748	0.1941113427098	0.0101399252703374	0.919790837375916	0.957893821433387
FBgn0023513	269.564096100099	0.18448388079976	0.206052684156079	0.801524917043366	0.370637835142685	0.565342827536569
FBgn0023514	394.589511421332	0.0267758188822677	0.164578875279358	0.0267384391600203	0.870109872906773	0.929528911351488
FBgn0023515	212.573407590483	-0.367160599373656	0.224505420959867	2.67765729378799	0.101765336453468	0.235101915986449
FBgn0023517	401.691005260046	0.315005887554196	0.165023041720885	3.64117799861778	0.0563670386572164	0.156451242656278
FBgn0023518	940.121543064681	-0.587736436379423	0.252420011233513	5.38871265138422	0.0202674178058967	0.0753774828483394
FBgn0023519	318.929753525688	0.297222565957241	0.245943621498036	1.45980898094923	0.226960516320298	0.410053152336263
FBgn0023520	134.032684046451	-0.161313722043751	0.220999085250464	0.532424869359289	0.465589174443741	0.655972996214526
FBgn0023521	143.305474512837	-0.17870055439641	0.273825236562833	0.426885747685333	0.513521034361047	0.694453579647798
FBgn0023522	358.562034177565	0.0959309313860643	0.175974334531849	0.297269468614267	0.58559930402438	0.749226961569907
FBgn0023525	101.162872752717	0.94099188371888	0.244360164193045	14.772295283874	0.000121304669815689	0.00115248657273932
FBgn0023526	510.3986736394	-0.374764172888871	0.188056038887583	3.96393007108388	0.0464850544309276	0.13718532451455
FBgn0023527	261.338985380044	-0.000307454487372085	0.197949883283157	5.80074255580598e-05	0.993923162004932	0.995488052803199
FBgn0023528	1242.48420310658	-0.26536223168697	0.26649722960364	0.99023769454341	0.319684286811139	0.513824070459288
FBgn0023529	3075.0113426801	0.291038179771007	0.25434479590727	1.30727023104848	0.252889490246106	0.441443493952846
FBgn0023530	295.914959257086	0.761431035470432	0.171033191722369	19.7055539341192	9.03384330753167e-06	0.000116883626606539
FBgn0023531	309.64045860745	-0.677747043151704	0.288236097345306	5.4926093585042	0.019097020746069	0.0720445109291631
FBgn0023536	186.553966094242	0.237213872026304	0.251956743219262	0.886436362621907	0.346444850335473	0.542057172115214
FBgn0023540	454.063399797839	-0.172442276695884	0.274222915496893	0.395527319780484	0.529408222663777	0.707159878411318
FBgn0023542	579.919081996108	0.0710388292053645	0.148815772259608	0.228059137935624	0.632966697684094	0.784161541063823
FBgn0023545	575.571566819883	0.120688493417746	0.231947226721664	0.270663701380315	0.602886902966913	0.762268810972924
FBgn0023549	5058.48464503681	-0.200670550200869	0.265063136580057	0.572639936501687	0.449211778859953	0.642542508779418
FBgn0023550	572.686223199752	0.0773316850464126	0.245603971871754	0.0991855307062082	0.752809226796459	0.860704436492437
FBgn0024150	351.470503911664	-0.169484781504434	0.296677396568727	0.326042099015638	0.567998990496713	0.737062219432794
FBgn0024179	790.586494397216	-0.000275456718170331	0.157342061619013	2.29475175217431e-05	0.996177862949065	0.996741810217399
FBgn0024182	317.268388104042	-0.163544045974453	0.22636325708126	0.52237883562573	0.469828698732764	0.659104680066441
FBgn0024183	1779.80246054473	0.0980940707628653	0.140502291615312	0.487464463470914	0.485060534554198	0.671471139009466
FBgn0024187	1422.82132537827	-0.258035983377736	0.189751624615494	1.84677203890243	0.174159292550844	0.342802051632533
FBgn0024188	246.099883872494	0.169768334439384	0.276591686820832	0.376995076573692	0.539215824118464	0.713991661467786
FBgn0024191	244.629976868414	-0.029527303675481	0.206694079221773	0.0204323673210496	0.886336120658013	0.939463054496854
FBgn0024194	349.079122374999	0.11999785173477	0.220289672936532	0.296744859036131	0.585930334962523	0.749311489233232
FBgn0024222	290.505707104435	0.0513299595529883	0.191641811529329	0.0717825777283352	0.788758813659385	0.883025599052324
FBgn0024227	204.713180231375	-0.268594344477458	0.213467733666718	1.58377360374976	0.208217972618433	0.386148845168253
FBgn0024230	333.400121405979	0.210727447084918	0.192045830019203	1.20352860592094	0.272617562574726	0.463762509446294
FBgn0024234	1175.52119452771	-0.215069343088083	0.204025232780938	1.10998974429346	0.292084177908289	0.484191393173537
FBgn0024236	983.240487579173	0.0424813912917805	0.174415338037044	0.0593263381351505	0.807563875897519	0.893871505383806
FBgn0024238	3167.67706227415	0.194831205402401	0.244806593982141	0.632896512204624	0.426294840590361	0.621140302736021
FBgn0024244	631.237430214147	-0.0359977131277451	0.208719886853444	0.0297420092998806	0.863076913574553	0.92581943658909
FBgn0024245	240.582237564158	-0.576932122862764	0.262057040571904	4.83117049190054	0.0279496491309767	0.0948456947182701
FBgn0024248	518.908213846248	-0.016072220408112	0.190443690436589	0.00713332414443357	0.93269149269597	0.964427648865522
FBgn0024250	464.100156717886	-0.36810793213377	0.211896182589313	3.00869150161546	0.0828191217864084	0.205025867697255
FBgn0024251	1584.89778343986	0.212307163252409	0.184405256438307	1.32410743769536	0.249856222355612	0.438142151443943
FBgn0024273	1125.82101097327	-0.547490830985607	0.138990415365473	15.4427379853114	8.50430934601422e-05	0.000848891693090832
FBgn0024277	2196.07260908477	-0.307579894318995	0.144544596600198	4.52149691379594	0.0334715336880891	0.107871736034952
FBgn0024285	1775.24732556737	0.0521449638874246	0.1992525299276	0.0684886436473704	0.793550157238033	0.885692712809056
FBgn0024291	857.115023855141	-0.226572207425784	0.174881206741273	1.6772440283618	0.195291059152652	0.36845163693885
FBgn0024293	1293.58392594849	0.954622120404595	0.192857412250402	24.0991846950792	9.14990283854745e-07	1.4814448192173e-05
FBgn0024294	955.213437623538	-1.4161640354802	1.07625087937265	1.66661292739801	0.196712819758153	0.37010531376246
FBgn0024314	2531.91670342134	-0.339602776626277	0.159033174823595	4.54951199563376	0.0329281300799719	0.106587608153218
FBgn0024315	3116.16694987535	0.292132402027653	0.14160781354992	4.24943264911342	0.0392634454485428	0.121479888722981
FBgn0024320	2188.06793698547	-0.0473467664248167	0.175983699390363	0.0723913103743712	0.787886332843182	0.882512683637974
FBgn0024321	219.988011575917	-0.401448752553929	0.218689323014503	3.3635020465491	0.0666561776379621	0.176073745169062
FBgn0024326	975.114998550545	0.12807043565528	0.147987028550029	0.74873957159086	0.386875583487907	0.580576555900899
FBgn0024329	1952.03597164943	-0.28041613645182	0.200595401352466	1.95117257735257	0.162460550371482	0.325807249199535
FBgn0024330	225.108322058591	-0.0295953881572169	0.226004218257468	0.0174203612926078	0.894995194165197	0.944443625127206
FBgn0024352	1727.22447262962	-0.0373609634984337	0.200268545356714	0.0348292551460929	0.851953898177128	0.920602644809574
FBgn0024360	231.254194297054	0.114313104969551	0.178464223304466	0.410521727588865	0.52170481577958	0.701115335735457
FBgn0024362	1012.49825097068	0.164109391281807	0.179313819367914	0.837029928574992	0.360247596609064	0.555438007990992
FBgn0024364	313.648374595047	-0.0658772953563469	0.195774289790126	0.113277548667078	0.736443108823838	0.851535968488312
FBgn0024365	3067.44139936615	-0.210762852580784	0.204399781273472	1.06219486020348	0.302715121586829	0.495025617657928
FBgn0024371	309.637765975443	-0.0643529266222941	0.21242512775529	0.0924424388885043	0.761094764480234	0.866009052453074
FBgn0024432	1069.09386815674	0.309672438492678	0.161089905676313	3.68886121801913	0.0547770032895369	0.15335014963329
FBgn0024491	226.208761265267	-0.126954217280495	0.201678622133654	0.397023832785095	0.52863028998625	0.706693196749548
FBgn0024509	2980.90631671729	0.3436398314596	0.245927664693432	1.9477381621213	0.162830793932337	0.326368089118166
FBgn0024542	224.09734020101	-0.146597246465814	0.268941654099321	0.297221133398303	0.585629787903705	0.749226961569907
FBgn0024555	1480.17314285177	-0.46377034479679	0.180142483980694	6.60452001196369	0.0101720219918245	0.0449914396269971
FBgn0024556	1749.65133826303	0.402349592346652	0.156917550168575	6.55641812922367	0.010450651678114	0.0459474590969995
FBgn0024558	481.120593714418	-0.112227794825337	0.169868849745166	0.436645774625894	0.508745855966596	0.690642066622961
FBgn0024689	676.648692432596	-0.097339154152721	0.153929517952322	0.399724217261252	0.5272317169098	0.7055186977779
FBgn0024698	406.007593015478	-0.243346861861845	0.154315715476394	2.48709927486291	0.114783103600362	0.256222136648013
FBgn0024728	495.581596938649	0.00461002835331745	0.196631604016425	0.000584925025322036	0.980704864794622	0.989677461910767
FBgn0024732	130.766043449629	0.181866865116918	0.236683375339289	0.590662699331382	0.442162971362103	0.636113638075926
FBgn0024733	17521.0227579809	0.636797546709377	0.176564419449813	12.9040725112905	0.000327867962801904	0.00271820393840041
FBgn0024734	1225.57509843435	0.50865320229533	0.192151238389758	6.9752630043921	0.00826440757939309	0.038361458432701
FBgn0024754	1415.43018115469	0.227911579767315	0.247061055126213	0.84995146525479	0.356566068372194	0.552238348773373
FBgn0024804	383.542662627464	0.15478137535922	0.21381858887116	0.524231570568361	0.469042175065025	0.658420005213773
FBgn0024806	1370.98552386847	-0.290245802462835	0.209797376049229	1.91173556739074	0.166770596421699	0.331961142076489
FBgn0024807	2091.97188398031	-0.103984050670894	0.158696152548936	0.42937927870527	0.512293683979691	0.69307467075676
FBgn0024811	319.085533209772	0.33388724133901	0.311816343258362	1.1452486751955	0.284545981605428	0.475716250122078
FBgn0024814	2167.58149246451	0.0560286866329759	0.124174134705118	0.203602011132418	0.651828981875038	0.79730231994252
FBgn0024833	1464.48521767379	0.0400330917397442	0.188580117430926	0.0450759654049051	0.831864405682311	0.910881113001983
FBgn0024836	1264.70464377686	-1.01127673569304	0.400364809433989	6.25807200320556	0.01236286752119	0.0519498659730956
FBgn0024841	1516.16715428834	0.503188793878297	0.336731498332303	2.22183938419406	0.136070860125852	0.289183350132592
FBgn0024846	670.903453134591	0.418229744731435	0.166219873361631	6.31310423395571	0.0119848819633958	0.0508435569447138
FBgn0024887	249.879722357833	-0.0674437284048898	0.200067959419282	0.113738879667793	0.735926976205358	0.851425152489325
FBgn0024889	1158.54046458181	-0.140518467565761	0.150152707534475	0.875660486336102	0.349392998368587	0.545395319097542
FBgn0024909	159.148846219562	-0.418182413080363	0.241496543928094	2.99241698356579	0.0836552209367054	0.206251374558672
FBgn0024920	260.771077525907	0.102910720861075	0.223753487729149	0.211804191237825	0.645356957799345	0.793123926966771
FBgn0024921	1438.63335663384	-0.120779602540322	0.160605612348866	0.565476968120549	0.45206186762479	0.644425512103579
FBgn0024945	621.756699220819	0.515164464794213	0.267109928807265	3.70035541142524	0.0544008789697779	0.152633817497399
FBgn0024947	2926.7308569814	0.201164774305149	0.175542958281609	1.31213028442926	0.252009317720157	0.44060436290126
FBgn0024956	235.460780679657	0.0131464404332806	0.181126573043958	0.0053783239595333	0.941537903694263	0.968379300520047
FBgn0024957	5733.67807448	0.958016389513475	0.25438466962557	13.9318291795526	0.000189561171704697	0.00170856770083988
FBgn0024958	2725.64345176349	-0.163903471267331	0.264236174744956	0.384536213614382	0.535185474294689	0.710640728198443
FBgn0024973	897.51335712246	0.0302826366826711	0.144635277607999	0.0439305203150724	0.83398293275994	0.911921908353873
FBgn0024975	63.7284498407802	-0.0661343951928537	0.361481203578412	0.0349506817899297	0.851699040525644	0.920439967372723
FBgn0024980	119.916484420183	0.796350827506056	0.272043713285965	8.5078859222932	0.0035361064422414	0.0198721933099741
FBgn0024983	559.010028755868	0.297661759373318	0.198238725574084	2.25035034446481	0.133584155849266	0.285203627199111
FBgn0024985	777.567806258672	-0.318509217217834	0.26029116575034	1.49463091135641	0.221499335626356	0.4028444345397
FBgn0024986	394.183285754033	0.730164824163651	0.159444735751456	20.8515321489202	4.96295099444915e-06	6.96233379571054e-05
FBgn0024987	1286.95517399946	-0.0760343685343716	0.147167870391751	0.266979538689014	0.605365157808606	0.76376067379227
FBgn0024989	1547.44509297898	0.698424872005473	0.289204063238574	5.7781962150097	0.0162261850990217	0.0636354921394522
FBgn0024991	272.952011089084	0.0514168291315776	0.224468078433439	0.0526025737748341	0.818594944010342	0.901108007228949
FBgn0024992	877.377062230928	0.14642092246791	0.18540413451891	0.623409119688091	0.429783249828737	0.624367368536183
FBgn0024993	80.1373700415467	-0.279101094871105	0.268835752230926	1.08107646926171	0.298456867261536	0.490126776012535
FBgn0024994	589.101324664142	0.239084021635412	0.151975113904637	2.47311471765848	0.115808229521311	0.257728074980089
FBgn0024995	207.954952915504	0.238194789278774	0.196758501079323	1.46578655296497	0.226011659139435	0.409176627050959
FBgn0024996	685.659589554454	0.481115902873316	0.187725363384051	6.54072476731919	0.0105432386927574	0.0462102121569303
FBgn0024998	237.678157813287	0.153215920668273	0.187413634139602	0.668517509367092	0.4135689486407	0.608501657459853
FBgn0025109	362.786895346511	0.198825481371081	0.217940107599097	0.83170688534527	0.361779429264999	0.556739044965879
FBgn0025111	308.104379516498	-0.600757625463111	0.319058115216152	3.52876269489171	0.0603127808780735	0.164309965565953
FBgn0025185	135.337097541101	-0.0474874249921308	0.266923826219724	0.0318346542581267	0.85839103566172	0.924078588430866
FBgn0025186	643.697945014355	-0.615831648317348	0.21647631628845	8.04818458199301	0.00455492764447474	0.0244332410546171
FBgn0025335	1114.68075764257	-0.191941723274107	0.20833964239429	0.848012529705599	0.357115192122552	0.552693660298569
FBgn0025336	358.414163366402	0.0515188682952633	0.237976867448468	0.0469649456014167	0.828431258783686	0.908535598745618
FBgn0025352	3783.61953444133	0.498699544132612	0.177566773657546	7.84934078424058	0.00508392416206107	0.0265220284882018
FBgn0025360	191.215393279264	-0.740428918702493	0.255618567854368	8.34309147621055	0.00387156638166526	0.0212851724310369
FBgn0025366	1668.17008230871	0.184748935465167	0.18093620505172	1.04191263695589	0.307377060031272	0.499941054541716
FBgn0025373	1145.63537533483	0.647901183545262	0.213153078848979	9.1679987230884	0.00246283743632307	0.0148780193438284
FBgn0025378	26.88411467505	-1.36886660570663	0.604554986723889	5.09641324343433	0.0239753704595547	0.0849974563821257
FBgn0025381	2012.61495860568	0.156500473623933	0.176229448195323	0.788133485582264	0.374665115823147	0.56916551296214
FBgn0025382	53.667487313358	-0.374918356721575	0.341008598641936	1.21307023723701	0.270724920598464	0.461084095611049
FBgn0025394	1351.16738032664	-0.207591230725093	0.154609334208575	1.80162729188834	0.17951588765979	0.348631114755155
FBgn0025455	1518.65323810976	-0.288228817106434	0.21282793986081	1.83174134108616	0.175922005364113	0.344733683174092
FBgn0025456	5820.93658279316	-0.612784295021838	0.319712383488589	3.64670537628007	0.0561802408140773	0.156087671581681
FBgn0025457	767.531399428181	-0.0475373246806736	0.17330185946855	0.0752614176741133	0.78382477325066	0.880519748571125
FBgn0025463	1409.41593828867	0.00174855807672541	0.192315102571973	0.000112048506977658	0.991554312884662	0.994862892418477
FBgn0025469	226.337257754311	0.0782389931042619	0.229269553328897	0.11650179766454	0.732859985779145	0.850217790496342
FBgn0025519	381.120116237907	-0.371448904226471	0.158864799024704	5.4581782018889	0.0194769434126119	0.0730095788754834
FBgn0025525	968.632524435418	-0.231127698486874	0.32140357561867	0.516696376404056	0.472254326041986	0.660721765180669
FBgn0025549	279.606016419832	-0.47919512988817	0.21114135849405	5.14391169845695	0.0233280283099316	0.0833551436800691
FBgn0025571	1525.71248267952	-0.0493709316788491	0.130741948470716	0.142574065836826	0.705735334498954	0.833098139346993
FBgn0025573	30.6713417296876	-1.27390014113251	0.629456672531072	4.0612980221878	0.0438767601437555	0.131600452586165
FBgn0025574	1779.10186799222	-0.676728692527089	0.334242756632675	4.06364542065933	0.0438158138607753	0.131507054934517
FBgn0025582	3570.43417789143	0.14921715994174	0.171012536098186	0.760934989562543	0.383036078377501	0.57726906158891
FBgn0025595	749.583345300408	0.312623669985902	0.278273698819844	1.25934947301137	0.261774262388807	0.451463556105424
FBgn0025608	1374.98966208799	0.0615811216115852	0.145018123055915	0.180318989311701	0.67109924939368	0.811244228459954
FBgn0025615	556.083506139924	0.36409542640683	0.167543761157881	4.71254179420413	0.0299433476871038	0.0998564247887393
FBgn0025621	1236.07926993082	0.0387223672158239	0.215057336768578	0.0324489590995825	0.857045843207351	0.923698486505126
FBgn0025624	511.314605453696	0.216007417716625	0.243964340871606	0.782989306920115	0.376228459852896	0.570929812475653
FBgn0025625	242.176753366048	-0.653568259583893	0.243366397361295	7.17590876663179	0.00738890102592734	0.0350181792203453
FBgn0025626	535.532402002952	-0.310529892990288	0.170252900442091	3.32623092556555	0.0681829571569197	0.178931492655142
FBgn0025628	2867.08102116447	0.00792740568879466	0.178184924789739	0.00198535986760362	0.964460116919042	0.980081476332007
FBgn0025629	221.161813825184	0.0616573354158912	0.209806999727128	0.0865464677349479	0.768614394695105	0.869975156118948
FBgn0025630	284.707612579303	-0.271417942590843	0.218295722679438	1.54581756441424	0.213753945288778	0.3934428062637
FBgn0025631	525.562685526515	0.00314127612977792	0.198303721413126	0.000403164653789645	0.983980383870434	0.991758678482246
FBgn0025632	114.062456924515	-0.370719109917668	0.283919360529784	1.70304637335935	0.191890059346855	0.364372258161534
FBgn0025633	1198.70452774468	-0.370293120999765	0.159633999006496	5.36982654534481	0.020488014837103	0.0758649781462847
FBgn0025634	307.925505765086	-0.0545746532311053	0.17854398129347	0.0938706990825366	0.759312856135699	0.86509704874647
FBgn0025635	230.998926643434	0.00205935247610872	0.238629053293259	0.000371209302464592	0.98462827456414	0.991758678482246
FBgn0025637	2158.06623555285	0.178991196884522	0.149477285532732	1.43282098702007	0.23130460313302	0.416282239046658
FBgn0025638	2052.1599211234	0.182733490566468	0.157706486757299	1.3415787724046	0.246755740336558	0.43469208479333
FBgn0025639	2016.81971918975	-0.340948825651257	0.210097442426655	2.62804213118544	0.10499110679746	0.240135180503054
FBgn0025640	406.206255479467	0.577918272356996	0.207968596566709	7.68204580863451	0.00557729046480946	0.0283001788737658
FBgn0025641	907.013152855664	-0.514312560049911	0.226932696140994	5.11302835991468	0.0237468351533882	0.08456096585694
FBgn0025643	12230.2826896308	0.848145051058541	0.345984489315851	5.92486319296937	0.0149286973419427	0.0599321316402651
FBgn0025674	687.540931021652	0.275845326491184	0.16705961513507	2.72420110989253	0.0988375646962965	0.230427921628853
FBgn0025676	116.03193222764	-0.794943977725076	0.248331372640049	10.2225609918478	0.00138733079550551	0.00928112732338181
FBgn0025678	4549.32918386197	0.242641986286883	0.168853344112606	2.06261828741678	0.15095060411047	0.310704019284065
FBgn0025681	2051.25256679125	-0.0704071768673822	0.16612582484884	0.17956798736995	0.67174476848829	0.811427219321105
FBgn0025682	1903.69251707306	-0.190902187676246	0.339974095902212	0.315107711497376	0.574562672259927	0.740662660170489
FBgn0025684	596.70496753461	0.202799514196398	0.240601354984797	0.709805281732699	0.399508461216266	0.594178773263498
FBgn0025692	872.30139842219	0.946002626454713	0.236062679199179	15.8056282987351	7.01933944904307e-05	0.000719380386740488
FBgn0025693	364.31836484479	0.36799513567506	0.201682770585832	3.32538001185254	0.0682182476471714	0.178941087169632
FBgn0025697	984.098925990149	-0.824277259416772	1.26262990534816	0.420573525189511	0.516651005014894	0.696764247019934
FBgn0025702	631.341999707696	-0.0594359077421331	0.183824779810036	0.104566985397042	0.746416418285471	0.857717131879104
FBgn0025716	530.948816942843	0.0316754317343964	0.174121156632807	0.0331062341368948	0.855621034156632	0.922982885745491
FBgn0025720	507.473844993921	0.321839222502592	0.167850758428137	3.6717878956977	0.0553407902790535	0.154387332729171
FBgn0025724	3752.84363577617	0.274302105299185	0.160337145472082	2.92227218546726	0.087364763006845	0.212488056442227
FBgn0025725	4372.55245759121	0.0348178443638053	0.168652348576718	0.0426185099293832	0.836445267746025	0.912353942804434
FBgn0025726	802.164331930026	0.278189864242269	0.237505089871545	1.37023751860794	0.241771078919678	0.427961484531041
FBgn0025739	196.227198601377	-0.65643882772084	0.199771017957021	10.7820063759827	0.00102491526869112	0.0072235242259828
FBgn0025740	842.439899315772	-0.231336460367368	0.25147746721908	0.845663985573438	0.357781876308358	0.55326541735267
FBgn0025741	1812.09264878184	-0.210779730840526	0.186164031540991	1.28109647526577	0.257695263793018	0.44726652393973
FBgn0025742	1176.10091419689	0.0289740032189981	0.217855603968834	0.0176938667052582	0.894178912051597	0.944135238797871
FBgn0025743	815.432200319577	-0.11584877431391	0.186722159388938	0.384688942599396	0.535104415109751	0.710640728198443
FBgn0025777	638.737466371631	0.086399890536551	0.188021951334558	0.21116999257373	0.64585191740678	0.793400712682365
FBgn0025781	245.546987831544	-0.228476871033623	0.181138149037113	1.59365176222198	0.20680517381079	0.384340533636564
FBgn0025790	856.413932217786	-0.110325824277753	0.147654327720302	0.5582832607287	0.454952771017911	0.646666116537057
FBgn0025800	2174.14177251314	-0.0759019577119549	0.189812855815561	0.159868541071347	0.689277576623966	0.822583897231523
FBgn0025802	778.201812044525	-0.313128708167512	0.244974361781786	1.63146823969706	0.201500090602738	0.376706947834407
FBgn0025808	74.9557015050987	-0.45347668464476	0.293703380936621	2.38983419770262	0.12212658093148	0.26820431810338
FBgn0025809	360.015156395137	-0.0880856178830688	0.189332659438859	0.216332301348089	0.641848844409037	0.790650185345024
FBgn0025815	871.803066366399	-0.323875774150624	0.154381143621546	4.39354688689612	0.0360751896313034	0.114218684358314
FBgn0025820	187.261161398935	-0.131630093394378	0.270167988122075	0.237069300956293	0.626330879370386	0.779402577854222
FBgn0025821	35.521697380296	-0.913043277533474	0.683486872040378	1.77528824145566	0.182728969276415	0.352372064358679
FBgn0025825	242.989627415203	-0.0476392979797609	0.182729105540356	0.0681114760936765	0.794106577725494	0.885865542585304
FBgn0025830	323.384031857443	-0.41142472760503	0.172472051738058	5.68527774684534	0.0171078313454318	0.0663266712619027
FBgn0025832	179.813851118428	-0.0858234135360255	0.231538509885709	0.13744089410968	0.710838481394297	0.836087479240904
FBgn0025836	2009.99218753914	-0.0690694109218813	0.192588460664956	0.128640170648438	0.719846143801087	0.842191489772434
FBgn0025837	839.961745810373	0.438069726261992	0.251380304790864	3.0268562764377	0.0818965536816863	0.203518250994214
FBgn0025838	37.9868818530988	-0.767297286871378	0.649432255421081	1.39336902672081	0.237836974660235	0.423303711371699
FBgn0025864	3535.54869950767	-0.274955335858051	0.254069892637124	1.16945504905063	0.279513241541727	0.471460195025434
FBgn0025865	2441.37080251845	-0.359942250686328	0.205670536734566	3.05504016099795	0.0804870052207212	0.201137732672796
FBgn0025866	1253.01708438	0.248378022208001	0.199858518600871	1.54225829240168	0.214281975645295	0.394034546515061
FBgn0025878	155.627442493784	-0.466103933222563	0.358185323678526	1.68835861102634	0.193817481741241	0.366690707308042
FBgn0025885	3209.263687405	0.451460300022698	0.314082844555275	2.05760574679279	0.151447969106942	0.311346761584788
FBgn0025936	739.002527032916	0.0799872869137074	0.217021873521122	0.135901269024231	0.712390192507128	0.836700526911074
FBgn0026015	966.21336021478	0.090868854608449	0.191961219553965	0.224042423412072	0.635976907222104	0.786195044736319
FBgn0026056	247.896297090426	-0.163698870037833	0.248411163312704	0.433539107246098	0.510257452430359	0.691782723603962
FBgn0026059	3391.81031341264	0.147495597286115	0.198680202161006	0.550838827664393	0.457975152054884	0.649376589964385
FBgn0026063	321.763058573707	-0.459740422645614	0.348361535190362	1.73431432857934	0.187860854413476	0.359039241790018
FBgn0026064	269.088566049076	-0.590985167842552	0.260986377872716	5.09956566853091	0.0239318352039464	0.0849974563821257
FBgn0026076	624.970280754681	0.110532087536641	0.168583291260422	0.429871214549948	0.51205214806078	0.692891911438173
FBgn0026079	473.029286952861	0.137666191303767	0.237228641073461	0.336856618159487	0.5616492855408	0.731944069651752
FBgn0026080	406.659638521857	-0.0936507826746075	0.201686925969976	0.215452343145273	0.642527068715704	0.790747399490568
FBgn0026083	2405.25995943388	-0.114457568414321	0.19883289756289	0.33129538649537	0.564897311330479	0.734766196223488
FBgn0026084	6852.22755067121	-0.391956055979243	0.287845116030386	1.84868067417301	0.173936917760067	0.342440732332626
FBgn0026086	388.418240400307	-0.348715366805179	0.183905674518673	3.59294270874164	0.0580254076300214	0.159556309419542
FBgn0026088	566.958110667485	0.787523970635778	0.281665142448114	7.73371979225492	0.00541989768779716	0.0277546106589578
FBgn0026089	159.021991821748	0.519953515820623	0.221167973837406	5.51631189133341	0.0188399381262772	0.0714104871246865
FBgn0026090	457.322061049405	0.225662010434265	0.175925789213667	1.64420233178637	0.199749865224851	0.374382500158047
FBgn0026141	100.464380748839	-0.669176444236267	0.494872630202524	1.8191785869176	0.177411082911876	0.346190932245553
FBgn0026143	325.043717287017	0.070868234270994	0.205166866064626	0.11942303856997	0.729661095023276	0.84817935746086
FBgn0026144	649.44985105699	0.0549509805630964	0.1913228814164	0.0825077923972941	0.773927261432002	0.873514217814785
FBgn0026147	588.554665431587	-0.38287319520166	0.267241155689276	2.04913149526391	0.152293044580527	0.312374203946669
FBgn0026148	52.9772225169617	-0.46338836026268	0.376187959297064	1.52063352181922	0.217523647682625	0.398387020994496
FBgn0026149	285.150074629163	-0.0165786781356674	0.179687881667011	0.00851394982820608	0.92648267537182	0.961249569211298
FBgn0026150	1681.73562694352	0.175890351632338	0.14740005891164	1.42311553890481	0.232891280628071	0.41785942664947
FBgn0026160	2830.1152318028	-0.65178905514729	0.200536337182415	10.4774838589807	0.00120838216430976	0.00831080609342892
FBgn0026174	24.6703676308162	-1.29369364194406	0.744276958641652	2.99036613965768	0.0837612277195877	0.206397395531316
FBgn0026176	132.388612506971	0.420806051287752	0.3880412221634	1.17333669327634	0.278716699137081	0.470835960214147
FBgn0026179	2662.29002506762	-0.247654962807191	0.184797739754675	1.79378562902343	0.180465601333814	0.349939156123357
FBgn0026181	1780.13665405274	-0.335455548670755	0.169716254077756	3.89851753277965	0.0483287352755699	0.140906682979678
FBgn0026189	2178.47011818949	-0.556664663997217	0.240147156209251	5.34295817975105	0.0208061371472536	0.0768901285612932
FBgn0026190	847.080920789793	-0.103566166104002	0.419495372194233	0.0609215112846186	0.80504533829398	0.892953556454676
FBgn0026192	794.341972935698	-0.0500271129180712	0.204141041487082	0.0600653140690071	0.806392738744757	0.893359639257217
FBgn0026196	1056.07371937714	-0.134645917224388	0.170302539317114	0.625379091042049	0.429055377295609	0.623515258441445
FBgn0026199	460.907511893025	0.0898458398251522	0.221056859017618	0.16528070283573	0.68434051403772	0.819369791675384
FBgn0026206	711.057301106478	-0.29386750703867	0.140587800907947	4.36371328922681	0.0367121987053483	0.115741736594908
FBgn0026207	508.882345691206	-0.283787264113611	0.174166697861445	2.65269929559375	0.103374227705585	0.237607237633258
FBgn0026238	380.69540920163	0.12064886701407	0.224417452385448	0.289310446446521	0.590662751563287	0.752310640847928
FBgn0026239	1712.24137346633	-0.549056732115554	0.18122694529503	9.12953813868157	0.00251515207125091	0.0151286311361404
FBgn0026250	4161.40429039982	0.309494213224102	0.136948415663491	5.09755270754825	0.0239596248910772	0.0849974563821257
FBgn0026252	3325.85315459476	0.0307874725477923	0.219564607313426	0.019663704984751	0.888480376471613	0.940786422720692
FBgn0026257	63.2673794635605	-0.268210388332434	0.343346295848172	0.613356471773706	0.433526830903968	0.628564041389519
FBgn0026259	2621.54910409452	-0.0061657804462899	0.160028643691423	0.00148571123742158	0.96925321316848	0.983160125261072
FBgn0026262	845.724470124802	-0.0295412556646938	0.224567661388697	0.0173238586940272	0.895284762391884	0.944560698333165
FBgn0026263	291.611629207018	-0.584239220338947	0.211077750927103	7.63815790564531	0.00571462478257492	0.0288807841245367
FBgn0026309	388.654921427082	-0.213348965973928	0.17944873667446	1.41215111251225	0.234699624350149	0.420079003096493
FBgn0026313	1465.93850298974	-0.211290664986605	0.202189716660332	1.09075192924793	0.296304665712137	0.487888107901455
FBgn0026315	1340.63589264633	0.710692823142895	0.266731760943831	7.03096305185741	0.00801122589013952	0.0374820027861035
FBgn0026316	828.396235015476	0.321028752666452	0.182951682417079	3.07399867344866	0.0795535695234731	0.199452786717753
FBgn0026317	819.353533896941	0.128630084113741	0.131342700794138	0.959064339497218	0.327422729405471	0.522738947760789
FBgn0026319	272.627776685871	-0.228587005851116	0.368341732921636	0.384973760148995	0.534953310911057	0.710586785410081
FBgn0026320	322.262107971896	-0.337178755478412	0.259526007375767	1.6854153065499	0.194206436907621	0.367033111859681
FBgn0026323	1429.33227104228	-0.0995702729041761	0.190508547245649	0.273030746896609	0.60130592946958	0.761142378660102
FBgn0026324	246.365921379453	0.00634194987666929	0.28034139809324	0.000515337713281383	0.981888737532535	0.990532321937475
FBgn0026326	373.112873008969	-0.298117950423453	0.153247889946899	3.78268020055178	0.0517856474865063	0.147405339813204
FBgn0026361	111.802945004753	-0.204168151085272	0.348350113249836	0.343673201772098	0.557716615080756	0.728858651243427
FBgn0026369	2010.07839713103	-0.220734684844113	0.121631636580975	3.2909622948345	0.0696621837304286	0.181702367495507
FBgn0026371	191.097238073038	-0.28953594333298	0.242724527014705	1.42533136991566	0.232527875101405	0.417462048808708
FBgn0026372	20319.2265770589	0.511445058139466	0.157477861414503	10.4935191044938	0.00119793989771615	0.00825829816988074
FBgn0026373	365.656956418201	0.0129397098377071	0.247487587827698	0.00280559901412403	0.957757479494048	0.975831112798554
FBgn0026374	453.319342599665	-0.530929292197114	0.213337768383915	6.16451829565122	0.0130337860764883	0.0542492693689346
FBgn0026375	1340.24967547693	-0.51632956701243	0.225160333144445	5.23380447752825	0.0221520278868129	0.0805063814140184
FBgn0026376	663.254901820787	-0.0186347734006461	0.193948293711544	0.00934912462579973	0.922971889373369	0.959785573695296
FBgn0026379	170.918513156981	-0.0430637647324556	0.274612554101752	0.0252866123202224	0.87365496979236	0.930492631677463
FBgn0026380	3107.90353456615	-0.179819100992969	0.222694846296771	0.651550567052155	0.419558856335797	0.614368959227858
FBgn0026400	523.025656674091	0.122862372865862	0.176046362231613	0.487091809626364	0.485227457529547	0.671492542135061
FBgn0026401	763.823419002795	0.102548778652799	0.267582049027502	0.14690109560884	0.70151454868475	0.830642100760116
FBgn0026402	167.571472767704	-0.218480026850153	0.227617421817684	0.922767137770371	0.336749459683408	0.531760420946026
FBgn0026404	583.831677606917	-0.19782794392999	0.251149498952463	0.620179668202894	0.430980527980304	0.625797626937337
FBgn0026409	15051.2370591351	0.771014483980138	0.194834428509318	15.4781725456263	8.34635293536689e-05	0.000835013812944188
FBgn0026411	89.451305929297	-0.505162956078829	0.345251169488917	2.14385030145262	0.143142233417412	0.299448436034286
FBgn0026415	15014.6373735914	0.35622706847925	0.252531532844851	1.98478368208607	0.158887361593173	0.321122784859863
FBgn0026417	69.6584432807833	-0.532588468695954	0.290565141692286	3.36906213738741	0.0664315629817105	0.175619242544978
FBgn0026418	3984.52478530701	-0.108314087182689	0.162100788505763	0.446432377385833	0.504034048611437	0.687630866565757
FBgn0026427	670.964839437948	-0.422616516460797	0.350885446549923	1.44658574483401	0.229076589699119	0.413115027080529
FBgn0026428	7637.31808544655	-0.0206481414767689	0.277304941939585	0.00554460010421565	0.940642719844826	0.967902921427534
FBgn0026430	457.459017252273	-0.256960280406519	0.169351267496013	2.30219022622453	0.129191711980795	0.278725590835828
FBgn0026431	133.000552310345	-0.445844510196926	0.275422169162345	2.62586115935103	0.105135450828286	0.240403010652707
FBgn0026432	178.665113047888	-0.437151726292067	0.256097777767007	2.91145166177762	0.0879526758817206	0.213226064582702
FBgn0026433	268.635289613999	-0.407457914398563	0.185988198615261	4.79484733500248	0.0285449862139309	0.0962112140380926
FBgn0026438	115.363891522199	-0.478011920187884	0.350573539024888	1.85698145523691	0.172973588214702	0.341153093966592
FBgn0026439	617.34080255007	0.0706667880402237	0.22323523521187	0.100202098545978	0.75158724257592	0.860182338325541
FBgn0026441	490.214526519905	-0.250452523241684	0.205765426637132	1.48094612298807	0.22362655124393	0.405990374636565
FBgn0026479	2243.94284029217	0.151130387159432	0.145224804748815	1.08244547095779	0.298151130941563	0.489831610394405
FBgn0026533	1465.86333541	0.028948828528401	0.196929572745584	0.0216089019887988	0.883132283454226	0.93740373564801
FBgn0026562	4849.96214483829	0.525683543637461	0.213005585038067	6.05757706859205	0.0138467533690952	0.0568296519669285
FBgn0026563	122.120744640345	-0.749586708919327	0.484218180659969	2.37953288861227	0.122934300846413	0.269483543684888
FBgn0026565	439.274529815956	-0.260377371023182	0.280607756044696	0.85955505716359	0.3538632356132	0.549347148319999
FBgn0026573	488.311600641775	-0.366441630074804	0.21817245253314	2.81693172373855	0.093274549422628	0.221768481824355
FBgn0026575	2339.89356550357	-0.186208930169873	0.174250881910494	1.14106437777016	0.285427531457373	0.476288301357765
FBgn0026576	447.154372777908	0.832009015817359	0.203451006081394	16.5505256349971	4.73708534066966e-05	0.000508516314429064
FBgn0026577	1493.34152004714	0.168160036971148	0.261319481402478	0.413960706844009	0.51996602178884	0.699575432815611
FBgn0026593	464.360651510155	0.189702449250486	0.182213529659522	1.08345007471634	0.297927030861364	0.48964576649668
FBgn0026597	902.463573323312	-0.322464203151856	0.134941866663683	5.70353299241154	0.0169307995325188	0.0657848415125256
FBgn0026598	372.141557370109	-0.398387070877189	0.202035215188967	3.87863458273846	0.0489043144727702	0.141961005910352
FBgn0026602	1354.53764410793	0.065064449730315	0.204932651603049	0.100801723127546	0.750869648013519	0.85994814377862
FBgn0026616	226.62125239455	-0.472046663195251	0.226439417414002	4.34553550861557	0.037106096289216	0.116604057569815
FBgn0026619	547.055246039471	-0.129714261159598	0.323042669577486	0.161308976309527	0.687954222592301	0.822116476185599
FBgn0026620	1785.84554164353	-0.238669150920241	0.170696869294609	1.95316536791864	0.162246160153585	0.325525265392277
FBgn0026630	554.153403443567	-0.125883734167779	0.223629739687789	0.317007159599356	0.573411808004738	0.740275902536037
FBgn0026634	369.486143499185	0.0573715180426212	0.170658896285648	0.113078031860098	0.736666688718475	0.851535968488312
FBgn0026679	519.88997920181	-0.0904902662438955	0.155639027290817	0.337891555490685	0.561048791687059	0.731485599563625
FBgn0026702	174.543998320973	-0.0241931554472748	0.207636957517017	0.013722484333563	0.906746728837654	0.950817960221444
FBgn0026713	1678.73810699527	0.0899345481043423	0.243600373626266	0.13625852807921	0.712029242503438	0.836496826594142
FBgn0026718	460.834563951835	0.197891328685837	0.408546677803233	0.23448493515049	0.62821807443004	0.779903274064442
FBgn0026721	2245.4727778262	-0.794869874001248	0.351253296114078	5.05922606689835	0.0244951743850857	0.0862855963169646
FBgn0026722	415.203625144417	-0.0374514872745553	0.180314620582692	0.0431923489188293	0.835363510792922	0.912283121192667
FBgn0026737	112.204755383097	0.211002564412835	0.27426000850473	0.592398574869939	0.441493100698875	0.635572662012901
FBgn0026738	221.66556782121	0.0737380939738297	0.203692166965637	0.131093393001066	0.717301054554766	0.840343136669046
FBgn0026741	74.1516474092002	-0.307214835824736	0.322313984272605	0.91333324878282	0.339231553887202	0.534722978117304
FBgn0026749	380.772344074001	0.0584848391805447	0.229675008931378	0.064903618854629	0.798907014214888	0.889197211583271
FBgn0026751	272.953133293095	0.399834316818935	0.180211624193131	4.91843658608346	0.0265715519606572	0.0913797340917501
FBgn0026760	351.723043618111	0.535165278086447	0.264948327421785	4.05793202083036	0.0439643084627742	0.131773457158804
FBgn0026761	886.957592781917	-0.0400368133869282	0.243440813641382	0.0270940158587081	0.869256784792625	0.929528911351488
FBgn0026777	1294.22602085392	0.0905161471709068	0.240196045086088	0.142021682605161	0.706279400992653	0.833563517453325
FBgn0026787	687.202492336105	0.11214609421476	0.193988148742467	0.334135503883275	0.563234040851635	0.733359477124809
FBgn0026869	1363.10379561456	-0.0763564217319911	0.205985903500516	0.137416804448335	0.710862683854266	0.836087479240904
FBgn0026873	182.842109928188	-0.0677293384563189	0.22396015476655	0.0914038547395535	0.76239997420249	0.866711849054724
FBgn0026876	157.540574841176	-0.273193777310129	0.244988517315944	1.24352402585317	0.26479296743371	0.454401622838402
FBgn0027052	179.286647994407	0.222363656571493	0.278338656423067	0.638260353663924	0.424341451194032	0.619214315418578
FBgn0027053	724.295193617023	-0.0797620617774899	0.176392594614567	0.204461048770384	0.65114385814817	0.796906158710049
FBgn0027054	831.145294919789	-0.145968835333302	0.170297070362983	0.734017689411999	0.391583990793131	0.585182892917071
FBgn0027055	934.588285268042	-0.0313642006891207	0.220391774691843	0.0202650732090746	0.886799252277227	0.939615346072797
FBgn0027057	668.343849006222	-0.315171229962126	0.152342937364229	4.27414868016693	0.0386963434552968	0.120104303429314
FBgn0027066	1999.80957129138	0.231880760633957	0.139145689076875	2.77486425727686	0.0957547741474184	0.225817460757188
FBgn0027070	186.680507396756	0.636149193469366	0.325611384545966	3.78862086587608	0.0516021493741113	0.147120312141247
FBgn0027079	1395.693623066	0.0528945050180425	0.23742391170687	0.0496369757253348	0.823696171082308	0.905068771552059
FBgn0027080	1714.87176378815	0.357255423035562	0.148278282441129	5.79087501978303	0.0161095688078595	0.0634232406274201
FBgn0027081	2928.53025124542	0.469614916857339	0.121793927849323	14.8075955311944	0.000119055018725985	0.00113327021061283
FBgn0027083	158.535133884963	0.216518999259177	0.232853311223477	0.865640446370321	0.352165051497441	0.547624310355839
FBgn0027084	2316.09524172948	0.243892768124325	0.177845620900162	1.87833399786214	0.170523620610027	0.337682588810932
FBgn0027085	250.00425770066	0.0202505233286105	0.237066338319001	0.00734835726400718	0.931686967985979	0.964251208715491
FBgn0027086	1326.19313634767	0.207775615534516	0.201005790845969	1.06771528146244	0.301462080393049	0.493433759485859
FBgn0027087	1561.92252464235	0.581970508431118	0.146827131954552	15.6171012009843	7.75500527694307e-05	0.000782059046442807
FBgn0027088	1792.27408625507	0.00335386564516704	0.211536597369187	0.000251503651881535	0.9873469855187	0.992874672360673
FBgn0027090	1104.27623264711	-0.000654112031769931	0.139381633616509	2.31781470176884e-05	0.996158704297257	0.996741810217399
FBgn0027091	751.275994773705	0.71942499455837	0.172643132785644	17.2164680092864	3.33532572583015e-05	0.000376354401594952
FBgn0027093	799.779678170844	0.160737273421135	0.136122556666531	1.39399685791683	0.237731284010855	0.42327808020297
FBgn0027094	2779.27934925078	-0.0223867144423815	0.144649295972263	0.0239513920834753	0.877008655769706	0.933388539200565
FBgn0027095	685.39452596721	0.731085930109195	0.260739413888486	7.78818957646953	0.00525888659430749	0.0272192212021284
FBgn0027101	489.849462208111	0.0620171866279629	0.24912831927783	0.0620991899866823	0.803208329784656	0.891959514475183
FBgn0027108	5574.64305534973	-0.0257784470071395	0.226882060607519	0.012909728861473	0.909538249259617	0.952230302802553
FBgn0027111	278.673701103484	-0.250109810464364	0.223353393700289	1.25592363422509	0.262424103738784	0.45191847997483
FBgn0027279	2272.23621253328	0.434639021990548	0.247924514751111	3.06196869060595	0.0801445126007929	0.200565847756494
FBgn0027280	1860.29994800001	0.0962780523319404	0.234958776441157	0.167863502188339	0.682017602965827	0.818458225019782
FBgn0027287	1809.49879877864	-0.0775232175572673	0.185803699393877	0.174045750814159	0.67654096888704	0.815657536474825
FBgn0027291	3658.8042381783	0.770498673594084	0.174626916291924	19.2477089909364	1.1480806712534e-05	0.000145346683545767
FBgn0027329	3016.74612644684	-0.071272352923376	0.124992080119816	0.325126396034761	0.568543033732338	0.737117797480775
FBgn0027330	358.282099763975	-0.175390296959905	0.200863413408793	0.763225734371403	0.382320918811179	0.576683724374332
FBgn0027334	352.698598298816	-0.0453796973364842	0.184101399266114	0.0608123152627016	0.805216619300754	0.892953556454676
FBgn0027335	2709.78923139373	-0.0772782211108172	0.203541655394011	0.144107339070459	0.704231429060918	0.832324957143522
FBgn0027338	5071.0871977186	0.0878513991353044	0.131310160292822	0.447530893446427	0.503509831830162	0.687340772906768
FBgn0027339	2478.472751811	-0.236747327362108	0.200780514479143	1.38854858927571	0.238650361112561	0.424310051673833
FBgn0027342	539.255490342019	-0.32551907751802	0.157983538054562	4.23760836408124	0.039537826470534	0.122058056815532
FBgn0027343	281.74204088742	0.0612387645101955	0.187347073926322	0.106868337370273	0.743738052132064	0.855638144982182
FBgn0027358	88.6844153763551	0.232499175146374	0.344345811916288	0.457243648966013	0.498914982692589	0.682758344801396
FBgn0027359	420.335957822105	0.737545272295648	0.209389050524083	12.3122773506795	0.000449988607658205	0.0035675646666451
FBgn0027360	494.017302196859	0.349625351850307	0.170699043545002	4.18920225915047	0.0406822365366976	0.124602587712537
FBgn0027363	3145.32083719652	-0.644388357847512	0.196062954065857	10.7167098626418	0.00106172297131926	0.00742953489208658
FBgn0027375	178.575639733317	-0.332648740930711	0.233253575445376	2.03757877664933	0.153453731347301	0.31381469885768
FBgn0027376	202.028828526818	-0.91069802465874	0.345330797475741	6.8768185858067	0.00873208589686603	0.0400156018874884
FBgn0027378	284.691105573751	-0.0253132772713034	0.207196847496251	0.0149459715773688	0.902698084616542	0.948375746952776
FBgn0027453	404.315988271512	-0.0301351371431923	0.177894093239945	0.0287923553300189	0.865259363474554	0.927185498639941
FBgn0027490	128.8300179244	-0.0720636315336197	0.238838243810955	0.0910995103376777	0.762783982008401	0.866925020252721
FBgn0027491	117.128232804269	-0.252430978137964	0.240416374227353	1.10482460683454	0.293209737528183	0.485054878880519
FBgn0027492	2239.20011500179	0.0896887935409405	0.172441611269384	0.270475325652612	0.603013097971289	0.762294315360849
FBgn0027493	3407.64750049059	0.780679900194592	0.234523132815911	10.9500471492887	0.000936012330626963	0.0066823404574857
FBgn0027495	815.678026446926	-0.180913743490732	0.140537233211582	1.65612195482375	0.198127744211759	0.372052744279202
FBgn0027496	1066.15819156485	0.269414763600849	0.155232135315289	3.00809340482166	0.0828496886006117	0.205025867697255
FBgn0027497	1256.92791927911	0.0159848455781846	0.132831146867843	0.0145545351276724	0.903974459548124	0.949264623474074
FBgn0027498	520.778463723636	-0.443470707683883	0.183985409446352	5.79406662656976	0.0160803495940181	0.0633450914364355
FBgn0027499	545.797794764021	-0.242377627150572	0.193732535093323	1.56504039521026	0.210928732923011	0.389950793905856
FBgn0027500	382.209172181264	-0.52438613927065	0.168864108679506	9.62563553771815	0.00191880040046858	0.0122072781065139
FBgn0027503	441.828047625302	-0.3334881051468	0.240089160539741	1.92609593644195	0.165186202684061	0.32969985353634
FBgn0027504	718.891598574376	-0.313468104438517	0.178191105296209	3.0916420949922	0.0786953555310873	0.197949776854708
FBgn0027505	956.157526570113	-0.0611521981609842	0.146420777501398	0.174571557807823	0.67608047226923	0.815325145182956
FBgn0027506	872.563726126219	-0.302526310517638	0.155255220381751	3.79255427512764	0.0514810308911165	0.146822435870463
FBgn0027507	408.938192523457	0.0245490769290858	0.195334271904873	0.0157981275812347	0.899976840911699	0.946982547603724
FBgn0027508	1252.56316250184	-0.0288503338028856	0.139559458949325	0.0427462522452657	0.836203803798985	0.912353942804434
FBgn0027509	886.528994014712	-0.269897050215737	0.141534142824949	3.63114000129499	0.0567079603404699	0.157059335230479
FBgn0027512	1044.37614817463	-0.371117676410478	0.251313502331806	2.1760770870719	0.140171349084743	0.294844334761329
FBgn0027513	83.5337697047341	-0.551885887271592	0.318238487422044	3.01554513474433	0.0824697223927264	0.204471152119533
FBgn0027514	199.376582700562	-0.163082194934066	0.208241849038635	0.612645018719284	0.433793648471344	0.628847569264193
FBgn0027515	673.91131176895	0.204514206522603	0.383258044842045	0.284625436189202	0.593685444511882	0.755070677770661
FBgn0027518	333.284501482624	0.0125562324300222	0.219107686324783	0.00359351218611437	0.95219871432265	0.973416334064323
FBgn0027521	174.4047595733	-0.395582295256229	0.23566470622932	2.82069032084029	0.0930563739341597	0.221568228705513
FBgn0027524	366.034441676901	0.131119847360032	0.168889793965939	0.602846365497641	0.437494064904354	0.632238393173275
FBgn0027525	1672.01067472256	0.0818254386848798	0.155546858301838	0.276685966407797	0.598881624660573	0.759271760920244
FBgn0027526	521.672938192576	-0.0525531651386518	0.224901549532167	0.0546107256167403	0.815226134210864	0.898357201433922
FBgn0027528	979.08017451361	-0.183061158603496	0.153645152565527	1.41843034956038	0.233661932673463	0.418731294457887
FBgn0027529	2077.65290044403	-0.309303453751716	0.160707132055098	3.69861279134254	0.054457726219267	0.152744747666501
FBgn0027532	813.798310016128	-0.184293659851531	0.166320241102127	1.22760327127864	0.267873651561672	0.457738989068375
FBgn0027535	566.024807026406	0.0839684905002949	0.223775699984062	0.140785686633023	0.707501179496463	0.833563517453325
FBgn0027537	895.200004057193	-0.033954654327634	0.140066341288686	0.0587565815334017	0.808472117755488	0.89420380635177
FBgn0027538	278.157397984118	0.961661672865275	0.193672873934755	24.4100078444782	7.78631549332029e-07	1.26998979506577e-05
FBgn0027539	480.999701133865	-0.137158414837327	0.275061943814032	0.248698543768029	0.617992967187701	0.773279912431122
FBgn0027546	189.319113192758	-0.498108286431605	0.252768594822289	3.8779665476339	0.0489237782154784	0.141961005910352
FBgn0027548	1255.73133521636	-0.314329395016552	0.190965765761209	2.70530099195577	0.100015204127464	0.232429328738672
FBgn0027549	1507.45739747622	0.0804716465887401	0.151116726953936	0.283537607141255	0.594391862822703	0.755533534651041
FBgn0027550	109.474130173072	-0.656105313708	0.311326158756518	4.4166711470788	0.0355894022775251	0.11312712020781
FBgn0027553	327.075268506492	0.0576960560218176	0.199122221036741	0.0843594206368152	0.771474343333684	0.871637593543717
FBgn0027554	908.319492096761	0.00187877320183239	0.16558021183195	0.000128791210443069	0.990945304462714	0.994665153745762
FBgn0027556	6123.49234624331	0.411532134171229	0.278231078183405	2.18044737169016	0.139773826969926	0.294304787636742
FBgn0027558	630.368728034314	0.210114563504635	0.174998724703136	1.44030785655752	0.230089529064145	0.414602818963042
FBgn0027560	4140.81681563417	0.315274990168886	0.299497548858472	1.10586096619343	0.292983455617081	0.485018339625163
FBgn0027561	2033.47017553555	-0.413629733296153	0.248694201139262	2.75692003755296	0.0968345018799772	0.227494048080117
FBgn0027564	445.656387400735	0.221321458500094	0.149468822034399	2.1921144070845	0.138718773902527	0.292906068656593
FBgn0027565	328.785374751702	-0.128022743110182	0.186563124590301	0.470489367166216	0.492762122891178	0.678230069005109
FBgn0027567	2104.16164060621	-0.125628112162612	0.148640067047725	0.714223306719106	0.398045331615577	0.592410113298804
FBgn0027568	2209.58917689921	-0.0961711651841102	0.153238434239236	0.393723055792563	0.530348868956752	0.707804573672203
FBgn0027569	1330.31584944686	0.00503296205002089	0.250576663388106	0.000413917092160432	0.983768196289182	0.991758678482246
FBgn0027570	2671.12863217808	-0.464082633094753	0.483986952660833	0.91565447721895	0.338618557526327	0.533947489566174
FBgn0027572	1940.18933372911	0.532696402570586	0.221468703322705	5.75310633836291	0.0164595272687633	0.06432190815747
FBgn0027574	169.999925502696	-0.0519782659799948	0.28855240714983	0.0331780034839042	0.855466344145348	0.922928844692328
FBgn0027575	194.474421025674	-0.666405685627301	0.224581757254748	8.790447496821	0.00302811959742811	0.0175790311366485
FBgn0027578	2314.79889099647	-0.393292634258327	0.267658267935314	2.15268523308775	0.142320786421211	0.298511675631272
FBgn0027579	2406.08414593808	-0.303050581556361	0.311079659262734	0.947454832572191	0.330367994992898	0.525728978866968
FBgn0027580	15146.7076276677	0.340402240546118	0.209508589952149	2.63371676479439	0.104616557036946	0.239526855032177
FBgn0027581	1212.29777976531	0.0449411846895946	0.188756050877887	0.0567129857518438	0.811768723585917	0.896758569461801
FBgn0027582	1803.9057284363	-0.229037048709095	0.217549275249114	1.1074582267094	0.292635141740042	0.484831485301188
FBgn0027583	297.500117735702	0.259305964771443	0.241492185757021	1.15137700701968	0.283261079280822	0.474319307902499
FBgn0027584	84.5455284786014	0.766606565998443	0.709979077860465	1.15249509378552	0.283027447628205	0.474076347355975
FBgn0027585	2517.44783020562	-0.302618229219568	0.201252954010365	2.25730027979898	0.132985717664595	0.284338738229317
FBgn0027587	399.75765624573	-0.0300257825528343	0.168386739604043	0.0318228268638876	0.858417065884838	0.924078588430866
FBgn0027588	7023.01545804166	0.184551100946171	0.16198612824759	1.29712267773756	0.254739469215513	0.443751416786234
FBgn0027590	4200.09885896533	0.221649174771218	0.18949767462774	1.36669330286004	0.242380833465939	0.428610916734157
FBgn0027592	719.267608978406	-0.292330798969469	0.169846043558158	2.95722488324769	0.0854945606561136	0.208981511660854
FBgn0027594	3312.08928137359	-0.286205885426123	0.251057209581261	1.29748047207354	0.254673957707101	0.443751416786234
FBgn0027596	1990.93576798277	0.068310420823165	0.11641878600981	0.344282909812023	0.557367416244815	0.728839668189723
FBgn0027597	319.061346130913	-0.149474211320467	0.210470599217585	0.504527904407915	0.477517327967427	0.665132265506642
FBgn0027598	2298.52550692379	-0.237244760348964	0.179290643126777	1.74876043229943	0.186032639197624	0.356859132234746
FBgn0027599	155.7090088521	-0.0145425002775351	0.291773451636048	0.00300754084022259	0.956265095876712	0.974937401041723
FBgn0027600	1388.40252222883	0.982518763786479	0.272826687364352	12.733510517691	0.000359161748934856	0.00293176990989933
FBgn0027601	5301.22007298347	-0.182607881896481	0.196863623851644	0.859768318637862	0.353803534074461	0.549347148319999
FBgn0027602	280.308505679324	-0.0736832422071336	0.241592767632908	0.0932294335043764	0.760111057535509	0.865627058531725
FBgn0027603	1145.53006303439	-0.457836953069082	0.213478018888296	4.58317422866496	0.0322873514517036	0.105211071029588
FBgn0027607	1518.95661366025	0.269065974760356	0.157038452851532	2.93123856677691	0.0868808158506463	0.211544238152898
FBgn0027608	607.852227110602	-0.616911573134083	0.508658369025319	1.46104295050843	0.226764249314957	0.409782456677284
FBgn0027609	406.582118511552	-0.120652447612185	0.17842565740659	0.456809779283731	0.49911871340475	0.682931233847653
FBgn0027611	9324.50426868468	0.155732124475356	0.215924047158101	0.519920280294414	0.470875690125674	0.659750815586842
FBgn0027615	361.017473353915	0.0103727055905346	0.294064759546527	0.00137543317018185	0.970415770677494	0.9834630470519
FBgn0027616	1415.13344607182	-0.108581437111432	0.150840219131743	0.517936065553315	0.471723427980885	0.660188347106
FBgn0027617	131.308187482513	-0.0556355057721208	0.298765383497321	0.0346984084994304	0.852229042254832	0.920674469742488
FBgn0027619	901.14872201305	0.525950443310332	0.199055974667854	6.94908750680464	0.00838619980602156	0.038824673183806
FBgn0027621	2452.46881490007	0.118594923239519	0.193046100999666	0.377250738656187	0.539078279456479	0.713983159445747
FBgn0027655	1212.29397735587	-0.167705507827731	0.220948440947814	0.575740480975796	0.447986776540811	0.641581441927688
FBgn0027660	1434.15243358977	-0.532539277528105	0.164607900046001	10.4116589322861	0.00125222202556324	0.00855232751824303
FBgn0027779	6482.72434445407	0.430661271254091	0.157621663626653	7.43783305411847	0.00638667436482519	0.0314662281380332
FBgn0027780	201.384826228239	-0.352788457111384	0.187119497335126	3.55243167377402	0.0594582554495084	0.162433326961753
FBgn0027783	380.791576038427	-0.523471486697956	0.285916466552258	3.34019012806461	0.067606796658233	0.177812928081147
FBgn0027784	164.964492123505	0.105715007140411	0.275436236844506	0.147645382216467	0.700795747545162	0.830154608180763
FBgn0027785	1366.04016751279	0.786953333081537	0.156748910856802	24.9343633102914	5.93156709076059e-07	9.93171688972893e-06
FBgn0027786	1406.68758589929	0.502278765099745	0.167316970617539	8.97279745612538	0.00274028713482113	0.0162392838667976
FBgn0027790	513.502215441845	-0.419251134018472	0.417494889565508	1.00581455677172	0.315907633898978	0.510183866830208
FBgn0027791	371.765607519676	0.557591394400614	0.203519822279488	7.46922144366658	0.00627626874146544	0.0310784485828794
FBgn0027794	638.703868881215	0.1627783163654	0.155814050509829	1.09100830798484	0.296247908383101	0.487888107901455
FBgn0027795	162.539590165596	-0.602156966076056	0.382665266766634	2.46740705971499	0.11622952480336	0.258404970235537
FBgn0027835	16145.7056946757	0.17521010214697	0.229454598854009	0.582714063810371	0.445250456623964	0.638740047024852
FBgn0027836	1169.50309031415	0.619839312196028	0.161088495346759	14.7064874070757	0.000125613432017083	0.00118214217628216
FBgn0027841	307.781879938261	-0.180467235628935	0.191954824455348	0.882634584765754	0.347481101905479	0.54326244564386
FBgn0027843	1461.65736865782	-0.807076982415867	0.180597957926617	19.7372157549986	8.88540774158766e-06	0.00011530123222319
FBgn0027844	7124.50892767803	0.447313324576374	0.281556926095624	2.51401225992677	0.112838315234664	0.253290586016452
FBgn0027865	418.637812665193	-0.0893353219785846	0.303261781287779	0.0868259396690263	0.768251776364785	0.869902719306957
FBgn0027866	1019.78777551496	-0.278909860100653	0.300869363541338	0.858174483567566	0.354250054065568	0.549754216861515
FBgn0027868	965.031250589021	-0.27473541997773	0.149085760941401	3.39115060014056	0.0655471936064393	0.174265874173914
FBgn0027872	75.6476033715914	0.0813384758827687	0.330651917407224	0.0605493076754797	0.805629834462041	0.89310622400135
FBgn0027873	514.436564176641	0.167800227352946	0.235948041112266	0.505394602439083	0.477139322603907	0.664920622655855
FBgn0027889	436.250024670697	-0.284031051499311	0.186835352585496	2.31041628667899	0.128509629159148	0.277612432003278
FBgn0027903	159.848352980888	-0.0997754495210506	0.296133602498435	0.114214397203789	0.735396190493286	0.851145853215209
FBgn0027930	1196.76544264246	-0.316687993264585	0.253011311016751	1.56312748485465	0.211207883288962	0.39038507795178
FBgn0027932	7981.67375334137	-0.897827253061489	0.256548718923839	12.057267416224	0.000515908595966605	0.0040179853934769
FBgn0027945	1232.78203900531	0.574341759821875	0.198922839260342	8.28554696539729	0.0039961865620276	0.0219020808840568
FBgn0027948	1923.78616713995	-0.361655283046056	0.257866247803065	1.96232280279101	0.161265116615713	0.324072957343529
FBgn0027949	243.797799621122	-0.532962470582466	0.180442243911482	8.7187347819587	0.00314956539031423	0.0181171870952626
FBgn0027950	285.183087704962	-0.0765928910881728	0.252499705768639	0.0919705088893039	0.761686850682671	0.866347611552448
FBgn0027951	1692.11515426493	-0.166489837174895	0.18362896639078	0.821361160558581	0.364782494864276	0.559117723585613
FBgn0028292	342.355438512112	-0.104437676903122	0.231801889276472	0.202817779432536	0.652455964920724	0.797737485722664
FBgn0028327	6545.49511230085	0.651757528419911	0.188506936083042	11.8548661890538	0.000575108679524998	0.00438992992052646
FBgn0028331	6618.72433782356	-0.210391337462604	0.238574701835558	0.776953837988401	0.378074386428638	0.57280538210069
FBgn0028341	2387.05467281925	-0.389613637419916	0.322932512115796	1.45119396583935	0.228336467193114	0.411948678493567
FBgn0028343	1342.88007667841	-0.15365416061083	0.167900414919014	0.836821542032908	0.360307396468052	0.555438007990992
FBgn0028360	805.222094007147	-0.353497881828363	0.173569843378117	4.13847978978296	0.0419187989388677	0.127258725769943
FBgn0028371	6162.47201932367	-0.649104989459026	0.124274315999542	27.0665062315785	1.96574509990232e-07	3.55445384457748e-06
FBgn0028372	210.162858374911	-0.348052764375329	0.264156311458421	1.73496272335039	0.187778350773079	0.359037089322135
FBgn0028374	53.2491603877648	-0.555210195235928	0.336945478021613	2.72862638321917	0.0985640244390431	0.230180257810309
FBgn0028379	110.683874792438	-0.74435370958348	0.525960379394842	1.98831447384997	0.158517227554483	0.320788742173024
FBgn0028380	288.117629464385	-0.101841361003588	0.167377600916725	0.371363821611254	0.542261805472191	0.716347923908699
FBgn0028381	1514.7697302449	0.521721693051232	0.192266060162447	7.32454903182489	0.00680190292345558	0.0328635550894449
FBgn0028382	238.002824446485	-0.180686577412476	0.201274604257593	0.806135444755654	0.369265279927281	0.564077792671141
FBgn0028387	195.803865505389	-0.246403496223235	0.226314342064707	1.18851721934254	0.275628854861311	0.467092186536626
FBgn0028394	1135.02836402584	-0.299546700213084	0.245693813628662	1.48408091680933	0.223137114961197	0.405302985265048
FBgn0028399	3320.21137748352	-0.0939403800365338	0.204806500453297	0.210345175836835	0.646496993188043	0.793878874806821
FBgn0028400	274.533934555235	-0.539082897894888	0.19991868413979	7.25338570212383	0.00707674591036144	0.0338777943917799
FBgn0028402	355.240516234928	0.0204873984989405	0.206324320110999	0.009924611649609	0.920644153224151	0.958556225138633
FBgn0028406	183.847420228754	0.0909200491274164	0.230567110180171	0.155573684803656	0.693264852498627	0.825333116358322
FBgn0028407	57.5850112922501	-0.997519067912542	0.437405343556208	5.1749412548869	0.0229149463490064	0.0822626064213312
FBgn0028411	136.72349627943	0.121731685139263	0.245749378384388	0.245548083770998	0.620227401769385	0.774780393006539
FBgn0028412	87.860260342004	-0.633682160524811	0.527230896599171	1.43997178814496	0.230143905788671	0.414616134070894
FBgn0028418	42.8903404144062	-0.223289214958388	0.339545705923907	0.432042202454589	0.510988568331939	0.692408342592296
FBgn0028421	653.278274297205	-0.364320243709558	0.203255332819878	3.20540536032551	0.0733953191674715	0.188442341365823
FBgn0028422	542.626004875774	0.136561693384528	0.258976143709383	0.277919934199332	0.598067817701002	0.758740151379366
FBgn0028424	1205.91088044018	0.734506225712863	0.270799704285351	7.28250512309049	0.00696293660096692	0.0334828079383826
FBgn0028425	486.351523705711	0.150040093280243	0.178599291141833	0.70562552993384	0.400899866225036	0.595946836180883
FBgn0028426	201.339957499242	0.0764820901342784	0.222700435511065	0.118051100792918	0.73115791597656	0.848933189490101
FBgn0028427	1137.54316188618	0.399344152508016	0.146790940876514	7.38053493232715	0.00659335561187882	0.0322147120261455
FBgn0028429	515.902344445365	0.214251035463636	0.151891854955486	1.98872096429037	0.15847467804718	0.320788742173024
FBgn0028436	140.499738724807	0.0918729544351555	0.231935818534525	0.157069988909861	0.691868559255531	0.824392721428637
FBgn0028467	868.70248715987	-0.220210027479817	0.187329584468728	1.38113704108835	0.239907562816575	0.426030254436196
FBgn0028471	503.68889470374	-0.132052342185116	0.17744634294619	0.554042690057116	0.456670541918984	0.648168065287618
FBgn0028473	9048.35528597402	-0.369630897786836	0.166950532952428	4.88842402210064	0.0270373557798591	0.0927595751949755
FBgn0028474	814.748514471977	-0.0804217626562943	0.168771653775764	0.227198816206595	0.633608687896077	0.78437068044704
FBgn0028475	1172.27134528904	0.0163378514739581	0.195025231793251	0.00703903433989694	0.933136771891762	0.964427648865522
FBgn0028476	958.710907083557	0.21726326336814	0.173804917279209	1.5609349186004	0.211528382710253	0.390472800821371
FBgn0028479	6536.22770994972	0.0836254918923684	0.211151963384431	0.156820074489616	0.692101233039817	0.824392721428637
FBgn0028480	1247.41488395575	0.534770424860571	0.224382602376932	5.64815612661481	0.0174737363067145	0.067360528252708
FBgn0028481	151.354659274134	-0.514365059861946	0.249880691990525	4.23552919185028	0.0395862809812125	0.122093444032932
FBgn0028484	1158.36517807392	-0.302030773406145	0.195119717443935	2.39221827536862	0.121940486402809	0.26786229823709
FBgn0028487	619.845606671513	-0.119662329009735	0.20282705865259	0.34777710424359	0.555374162680431	0.727526961326028
FBgn0028490	6364.00354966486	0.209222049431568	0.268289777837155	0.60757446362652	0.435702531778274	0.63060237318931
FBgn0028491	4323.98696661975	0.389393643094511	0.220486229068637	3.10987649668178	0.0778188610736985	0.196304639826848
FBgn0028494	1762.79386377188	-0.282845444265125	0.162457625291359	3.02724852215093	0.0818767547285783	0.203518250994214
FBgn0028497	674.332127921478	-0.254683960088136	0.152879462152657	2.77393165956951	0.0958105655368857	0.225870272588159
FBgn0028499	216.188670846884	0.083117700837579	0.218373594318119	0.14552583674373	0.702848230741116	0.831246855389305
FBgn0028500	1214.98717557926	0.0584397682075675	0.120670981478686	0.234572143716676	0.628154182774803	0.779903274064442
FBgn0028504	109.851377272674	-0.0269756409761626	0.31126001621826	0.00753397599529393	0.930831696467986	0.963582418548903
FBgn0028506	307.984218439323	-0.0379310342118361	0.18333703763608	0.0428946834624355	0.835923704880491	0.912330336656209
FBgn0028507	353.423819415301	0.123475311024561	0.214964560563277	0.33003759260653	0.565636953024611	0.735242203960658
FBgn0028509	1398.64212267725	-0.376292988679813	0.21222924037441	3.13497379844794	0.0766296180128878	0.19424870708007
FBgn0028515	1355.00437419054	0.132403178570763	0.215538136850995	0.377157396554466	0.539128489504421	0.713983159445747
FBgn0028516	447.333852397591	0.248457388359997	0.236888595702024	1.0985892267453	0.294575918626082	0.486008564073847
FBgn0028518	1095.4839864322	0.212544939345522	0.163755760841839	1.68325305765433	0.194492757884245	0.367338205387538
FBgn0028523	207.103196334885	-0.234992975231184	0.280646932015915	0.701130206127679	0.402404189028404	0.597277470813564
FBgn0028527	851.734159545901	0.0426925526297412	0.169686364622438	0.0633866767712732	0.801221082360479	0.890873844600412
FBgn0028534	5359.20846486685	0.644036248627976	0.405517351471304	2.50166950075838	0.113725682026221	0.254441028955217
FBgn0028537	26913.8507672938	0.18846525320242	0.424022225584936	0.19740982946665	0.656819730505588	0.801599359971517
FBgn0028538	2302.20513455383	-0.244134299433971	0.20990313953366	1.35124034841722	0.245061394442095	0.432311424341672
FBgn0028539	2811.10163708046	-0.363902224808068	0.18663465179604	3.79290959182656	0.0514701047114843	0.146822435870463
FBgn0028540	437.231446690081	-0.0467690413685509	0.15677717866927	0.0890152195399097	0.765432852815228	0.868325735745677
FBgn0028541	1076.46065703669	0.133288023493956	0.128288207302678	1.0792836332739	0.29885786739007	0.490444824595495
FBgn0028542	1133.44137617498	0.33929202738798	0.301457393189319	1.2635683763568	0.260976724875698	0.450944125377615
FBgn0028543	3942.65477294302	0.889865006748358	0.316291284359556	7.7936957648088	0.00524288421362513	0.0271976544979589
FBgn0028550	718.205156687507	0.206373029921144	0.335235592493837	0.378595096208926	0.53835607768836	0.713643194531045
FBgn0028552	298.283167149111	0.0693871704462102	0.194585688651505	0.127262517255133	0.721287412785819	0.84345615581188
FBgn0028554	940.148416613923	-0.303373801290897	0.195206943518955	2.4109114622574	0.120492192217164	0.265142918734229
FBgn0028560	118.002855508991	-0.881113090231133	0.462561704404331	3.59575139696989	0.0579274358239739	0.159386246869581
FBgn0028563	1264.55081924325	0.751250736218858	0.219242628287029	11.6193414451694	0.000652695072403017	0.00488497143247177
FBgn0028567	203.679398366939	-1.02914749154551	0.466062835326496	4.79657425880518	0.0285163852018348	0.0961515410855905
FBgn0028572	1004.65299166334	-0.0735014812259539	0.242317094803514	0.0919785854978983	0.761676703785614	0.866347611552448
FBgn0028573	318.493259179343	0.415186223562235	1.6846141326177	0.06053144932892	0.80565792645634	0.89310622400135
FBgn0028577	2106.33756927986	-0.428983382149711	0.136093564751372	9.9046773032408	0.00164859233856968	0.0108192675328494
FBgn0028579	631.050268775247	-0.170131353740955	0.232551138378239	0.53541329173872	0.464339848131388	0.654996328333324
FBgn0028582	4360.96634137491	-0.376773882152746	0.138662288661173	7.36358268973869	0.00665580415662749	0.0324504247855264
FBgn0028622	1774.97084907619	0.0138933841854052	0.235154754890003	0.00349726900604708	0.952842421186122	0.973472446977694
FBgn0028646	2654.56597370952	0.90329135070042	0.329123128360059	7.4137129716095	0.00647286009835572	0.0318375236944765
FBgn0028647	203.552922611842	0.27856209494248	0.22696394862183	1.50659262153467	0.219659759201418	0.401050634221666
FBgn0028648	118.174459627211	0.444366895577446	0.262854278080155	2.8572472392541	0.0909630441408294	0.217995084600401
FBgn0028662	6123.74802679916	0.559843618039161	0.129275078438893	18.6417685830896	1.57726775653698e-05	0.000192767460992829
FBgn0028663	2029.86840430023	0.599321441733963	0.138403886256443	18.6321348132664	1.58525793940904e-05	0.000193476017390668
FBgn0028667	38.4522386714238	-0.648036988629077	0.565453422616114	1.31646485145646	0.251227486141271	0.439673014222645
FBgn0028670	6586.63031234923	0.515239767871541	0.191377081315317	7.2107818179517	0.00724669210935752	0.0344901894136844
FBgn0028671	2395.90246825598	-0.0478152804879036	0.140302879683521	0.116126607348448	0.733274069500077	0.850362779506989
FBgn0028683	119.553093709507	-0.362575770692174	0.240520029091334	2.27657521943184	0.131341617919076	0.282053718838748
FBgn0028684	3687.34728283221	-0.301048353524354	0.17710480470203	2.88455204130727	0.0894328761704727	0.215322155341951
FBgn0028685	5192.69776003096	-0.32396219682891	0.211605131457138	2.33901897078145	0.126168988894738	0.274114811978312
FBgn0028686	5491.15089515508	-0.241658311026741	0.233395344257753	1.07078063710713	0.300769184943777	0.492710927792251
FBgn0028687	5505.63733590544	-0.258200144072165	0.188676387620988	1.87030779337871	0.171439831717527	0.339037443988224
FBgn0028688	4075.72026650285	-0.187579162703104	0.207841782015504	0.813941160054554	0.366957605011023	0.561476314655326
FBgn0028689	5600.59630292108	-0.239902712131149	0.184273920420712	1.69301942882059	0.193203419792133	0.365764208591671
FBgn0028690	3407.60802096186	-0.391998589066305	0.179240608115167	4.76968719151691	0.0289650880241685	0.0974782367373238
FBgn0028691	3295.00431110448	-0.234854403591646	0.160789509821696	2.13123501844066	0.14432443093644	0.301210685568389
FBgn0028692	10156.4839312208	-0.527200225528085	0.176153219565921	8.90841234131776	0.00283859947973548	0.0166652041311949
FBgn0028693	2110.88944614705	-0.145863830220147	0.199287573503064	0.53551192818091	0.464298703927661	0.654996328333324
FBgn0028694	4644.39746464458	-0.123179485324613	0.217211801138891	0.321489115910921	0.570714112170645	0.738089011548259
FBgn0028695	9154.98366974884	-0.438037393304217	0.17751564613035	6.06621543808416	0.0137791895760965	0.0565786732524316
FBgn0028697	13092.1919839891	0.3814498059357	0.146285074832931	6.7798941412607	0.00921903574329693	0.0417387231394829
FBgn0028700	282.178130707137	-0.238237243473179	0.226284904356954	1.10810073252389	0.29249518003572	0.484762354677359
FBgn0028703	1335.61773589851	-0.301179604403793	0.138988399374417	4.69017904098683	0.0303354863396747	0.100669549252083
FBgn0028708	226.687917690061	0.041439861842942	0.219898572419117	0.0358583252574007	0.849808363957011	0.919522869841406
FBgn0028717	943.13400550384	-0.140420332582813	0.222052629045285	0.399565075714747	0.52731395535872	0.7055186977779
FBgn0028734	2777.91366246105	-0.384115872706392	0.161238661532097	5.65934490146114	0.017362606956513	0.0670492970609498
FBgn0028737	15284.9835696107	0.630016881397973	0.181428594852573	11.9643089352013	0.000542293178705558	0.00417920961475794
FBgn0028741	694.367912620737	-0.0464778551941583	0.221361438936784	0.0441106887383995	0.833647811466168	0.911921908353873
FBgn0028743	356.552737239053	-0.112143937283508	0.232314409975136	0.233427108304994	0.628994241042826	0.780295962738914
FBgn0028744	548.100507840129	0.247724718892433	0.166083999798281	2.2235944038968	0.13591630152379	0.28899408304721
FBgn0028789	101.777913749554	-0.0187119504860505	0.311982126408693	0.00363992972354765	0.951891351354914	0.973402397074488
FBgn0028833	1185.85252965326	0.37924238619173	0.157324958346278	5.79501284314881	0.016071697468002	0.0633450914364355
FBgn0028836	559.361790707079	-0.192885351024581	0.242572112834345	0.632538571603277	0.42642567537678	0.621228357194107
FBgn0028837	792.623259145624	0.0262622737768385	0.206931544219569	0.0161245909076229	0.898954138442282	0.946244938281606
FBgn0028847	192.713520127493	-0.758920086258614	0.32787036725763	5.31659779486701	0.021123214573077	0.0777054465109899
FBgn0028850	53.4296488873844	-1.09563765958963	0.557676198692962	3.81759084694533	0.0507171118031594	0.14541537798874
FBgn0028852	77.6391597519016	-0.302945445138958	0.48736565820421	0.387709884433086	0.533505646647869	0.709439265029521
FBgn0028857	51.2991144678016	-1.33443148357074	0.550559753122023	5.77183216119664	0.016285047672705	0.0638379656436913
FBgn0028864	247.085340996032	0.926028493339302	0.287102507847302	10.2607498286259	0.00135890436848576	0.00911860999811282
FBgn0028868	97.2521562492305	-0.861887867612108	0.466662104693076	3.380904100983	0.0659558654589146	0.174983330369652
FBgn0028870	244.40705582759	-0.786228443094647	0.428724830321508	3.33163155327576	0.0679594281406274	0.178633897501607
FBgn0028880	24.1390974739763	-1.42616082156718	0.650660249574638	4.7662098160848	0.029023654499977	0.0976380965717868
FBgn0028886	1264.47261651906	0.190459315697538	0.269287076841944	0.499753169035273	0.479608597645116	0.666962034774245
FBgn0028892	58.5728266568513	-1.12545949265974	0.45181244797306	6.14954947616712	0.0131445581658457	0.054551769972146
FBgn0028893	65.4083681687685	-0.903365377216888	0.50666943582686	3.1536823981654	0.0757558254974014	0.192888491004745
FBgn0028896	53.6076696566794	-1.1135721666559	0.626296023174813	3.11806509957734	0.0774286738601472	0.195599947936427
FBgn0028897	71.2789451269246	-0.305082377670696	0.322407983092448	0.900723599306922	0.342587761670616	0.53837834532173
FBgn0028902	98.4108311530084	-0.969422816721165	0.463826218645653	4.32172723591911	0.0376287090771279	0.117826731333065
FBgn0028903	73.4083620870829	-0.853283331181499	0.502570413105016	2.86271864084888	0.090654164123892	0.217550270391412
FBgn0028916	511.260996443184	0.610369876284541	0.260083308458946	5.47045154527613	0.0193406279275215	0.07263571505634
FBgn0028919	134.60332821088	-0.502112500327314	0.27643947572247	3.28623195440999	0.0698631797812588	0.181904012508064
FBgn0028920	15136.9213812599	0.85168850799923	0.28750163152169	8.65140534728944	0.00326809187784999	0.0186169417237884
FBgn0028926	132.199437365332	0.17184142658949	0.335537878134148	0.262844791847222	0.608172446398615	0.765911489864975
FBgn0028932	195.732125438406	0.347264744513761	0.198948794911489	3.04479406399225	0.0809963881237524	0.202067325078878
FBgn0028936	628.448658014012	0.263511269065432	0.39827765039284	0.436978177852723	0.508584577820127	0.690529932409593
FBgn0028940	3217.87896280586	0.556093077598978	0.334323510475537	2.74974001004207	0.097270243973497	0.228176044993123
FBgn0028942	40.4292083890733	-0.990122782679314	0.592668216732017	2.77188093268559	0.0959333720448502	0.226099378986046
FBgn0028953	1492.75993367307	-0.680172954913028	0.289205787630402	5.48367672668994	0.0191948440207829	0.072259088583357
FBgn0028955	286.741976135794	0.764986354651858	0.211684712568059	12.9502868768559	0.000319872472612865	0.0026627874512603
FBgn0028956	893.212970000757	-0.233165727571778	0.209847102151986	1.23317128296911	0.266791184395359	0.456668437641265
FBgn0028962	469.184368477081	0.251666219135698	0.17917977815688	1.97058564342242	0.160385712942332	0.323041207715851
FBgn0028965	615.750777896655	-0.0656695151572927	0.159650091970667	0.169119152708447	0.680895833823059	0.817759050342127
FBgn0028968	2730.6832406769	0.257572796487826	0.137487123117607	3.50503635247344	0.0611825028934943	0.166140914830672
FBgn0028969	2842.10711752436	0.464144568277043	0.16246730044429	8.12748515868383	0.00435991802521186	0.0235158414758371
FBgn0028970	616.187940122662	-0.0704277660219516	0.227818824358006	0.0955313827820277	0.75725952027432	0.863748993664192
FBgn0028978	889.904385429198	0.26505031949855	0.201268279869377	1.7315107991612	0.188218069496553	0.359488364770039
FBgn0028979	220.01846701383	-0.583060244592713	0.267410371833707	4.73831634779899	0.0294979259680674	0.0988567029024788
FBgn0028980	201.882729351302	-0.357190055738434	0.273730242549115	1.70322487496055	0.19186677326798	0.364372258161534
FBgn0028982	3094.7466081432	-0.402220921541723	0.20816442901575	3.72196320562708	0.0537011958316426	0.151151308458824
FBgn0028984	2089.96995090048	0.0509152991214014	0.268440646690917	0.0359711770575757	0.849575027029842	0.919495895806614
FBgn0028988	306.582173200322	-0.807940301859107	0.373524291275741	4.62745726773861	0.0314641613331933	0.103558284074636
FBgn0028990	1424.23680620625	0.222864676470624	0.189886370024191	1.37589435014873	0.240801728680037	0.427030329971504
FBgn0028991	432.744162019839	-0.788709025160489	0.255676808890861	9.42070686402853	0.00214548801622729	0.0133416393623605
FBgn0028992	496.03383809258	0.00527383379191429	0.182002154286754	0.000992136724235593	0.974872226094346	0.98643432678713
FBgn0028996	241.784481474698	-0.660656004132563	0.202972646747899	10.5719695330128	0.00114815333676612	0.00795235874695781
FBgn0028997	160.911090702158	-0.45615898964819	0.346316072187005	1.73218143743857	0.188132547436571	0.359480640662691
FBgn0028999	319.244474185251	-0.53504208970338	0.193989947195046	7.59455574739324	0.00585448198739456	0.0294862722926767
FBgn0029002	932.502688671306	-0.266492435226268	0.272487520149548	0.955503865057537	0.328322281415208	0.523796024445451
FBgn0029003	862.266785644742	-0.182998143386871	0.178499512833649	1.05056394202501	0.305377241707228	0.497810600558763
FBgn0029006	1536.42441861402	-0.221278685080689	0.15898618124069	1.93557770451348	0.164149505605146	0.328260354732482
FBgn0029067	285.556246853785	0.187841165803147	0.216217909948639	0.754575011823135	0.385031609337749	0.57889230206105
FBgn0029079	357.397773394587	-0.135669884724662	0.259397514689441	0.273387293685033	0.601068544880823	0.76106024394151
FBgn0029084	50.385853308651	-1.20418225989069	0.614814764538763	3.77814015268256	0.0519263479599006	0.147758172975867
FBgn0029088	568.200640730018	-0.283453948088295	0.213123423663366	1.76801437907046	0.183628006276654	0.353707384279675
FBgn0029091	486.497824623648	-0.0229426198857073	0.231266159293356	0.00984796429894175	0.920950169571066	0.958761714994702
FBgn0029092	4336.13655072019	-0.658815392893198	0.203129104609798	10.4308741059876	0.00123926077536006	0.00849668770922857
FBgn0029093	23418.7804148294	-0.182520737551785	0.245694005230304	0.551496961662721	0.457706680747935	0.64911664270649
FBgn0029094	401.804868011187	-0.0354877983088227	0.175505723765413	0.0408837208939232	0.839762536471848	0.91380745120577
FBgn0029095	1114.88980877285	-0.0647831274340304	0.174992371768956	0.137006839267329	0.711274939144917	0.836087479240904
FBgn0029113	1666.01091597637	-0.238937993687365	0.130963319361362	3.32654488168382	0.068169941184623	0.178931492655142
FBgn0029114	707.916066364271	-0.5939917354228	0.255172548893964	5.3876743552089	0.0202794814462781	0.0753774828483394
FBgn0029118	1980.75540812965	0.408233698821511	0.179006733674402	5.18374970469132	0.0227990707334762	0.0820134529768422
FBgn0029121	200.225248657158	0.086331729842008	0.202000450463129	0.183135913100593	0.66869202279857	0.810402198760414
FBgn0029123	842.64046681765	-0.424897665869141	0.836789538475061	0.256950883340238	0.612222720088209	0.768717654344026
FBgn0029133	932.392238469883	0.168384068091699	0.163802139655785	1.05657323263083	0.303998054345004	0.496321817840372
FBgn0029134	3569.68759246338	-0.0433114153376309	0.182233304135421	0.0564864565047714	0.812137987572625	0.896860345537139
FBgn0029147	497.760607869052	0.649964658132681	0.283288040995586	5.22284306966681	0.0222920768491178	0.0807161628575424
FBgn0029148	315.446005364377	0.219781105158562	0.236635836467409	0.862848964951077	0.352942655251281	0.548303871467834
FBgn0029152	631.837960395769	0.0592613897537712	0.190950652635464	0.0964206248531809	0.756168057182318	0.862851019859922
FBgn0029153	149.023927562157	-0.929945522324438	0.366698052232761	6.35687074892031	0.0116927586991709	0.0498780325969338
FBgn0029155	2451.41127632816	0.816853656919742	0.208523295524723	15.1499832270745	9.92991947553064e-05	0.000967125932142189
FBgn0029157	1826.66160671858	-0.380850195091344	0.151621811834968	6.29496558434442	0.0121081368079219	0.0512432610038864
FBgn0029158	298.427562070832	0.255308377330966	0.182189489681099	1.96298240343378	0.161194714643336	0.324072957343529
FBgn0029161	1605.74316113899	0.804810263266173	0.126714773764791	39.9061141350909	2.66467784374602e-10	8.10797148041893e-09
FBgn0029167	5195.21861560575	0.809387021286792	0.379738313619045	4.48480898357765	0.0341973678157412	0.109570651273094
FBgn0029174	1362.78286334823	0.186285771247542	0.161844090435202	1.32422501053466	0.249835198770512	0.438142151443943
FBgn0029175	203.493693445226	-0.102236779212499	0.212822695428145	0.231775690669934	0.630210295076136	0.78147493588418
FBgn0029176	33132.9247968275	0.503638468869423	0.162914674639672	9.50884917304245	0.00204483365678781	0.0128241735518804
FBgn0029501	169.16071478445	-1.16006151244366	0.468407762138014	6.01171853832226	0.014211180383593	0.05800159838336
FBgn0029503	224.059218181718	0.180856540968456	0.24777230778522	0.532969041465918	0.465361280606155	0.655797968168821
FBgn0029504	793.5649138557	-0.0764162687547362	0.270273594423732	0.0799108058128724	0.77741832034719	0.875886013629163
FBgn0029506	3231.33176274875	0.38944644720138	0.131259357206005	8.77824037748049	0.00304845128346702	0.0176738069154488
FBgn0029507	2023.43220561035	0.234730412584571	0.218295118586792	1.15483960475733	0.282538337701972	0.473616696786133
FBgn0029508	699.691803070637	0.710904769700375	0.222694936915923	10.0974483816833	0.00148474763117771	0.00987295636587195
FBgn0029512	690.268909784516	0.0210113188751942	0.168104255159447	0.0156549844503076	0.900428644757039	0.94727538591082
FBgn0029522	72.0604750914405	-0.0255596614880739	0.311170574260872	0.00758155217407364	0.930614194920844	0.963582418548903
FBgn0029525	326.516893275541	-0.0554162335593039	0.171860964338302	0.10446412252842	0.746536889415491	0.857717131879104
FBgn0029539	53.4011757583938	-0.801127851026096	0.540782303328655	2.185145104013	0.13934793072781	0.293882920827484
FBgn0029603	54.1255057471538	-0.936750113569701	0.429873650814911	4.71588018017499	0.0298852626496028	0.0997003998563687
FBgn0029608	151.091884468542	0.91735222928733	0.266419822526704	11.742663905884	0.00061083530846992	0.00463457503176145
FBgn0029629	2464.53571568764	0.230864839330299	0.120762878335355	3.65100932122128	0.0560352437619312	0.155782920905886
FBgn0029648	359.490953664507	0.729941564348799	0.20230186199659	12.9194843086654	0.000325179435029474	0.00270186754679856
FBgn0029659	86.1448098863611	-0.475238395489912	0.57197254778619	0.690213855133557	0.406091650185562	0.600729710182297
FBgn0029661	70.8885850539965	-0.893657893345728	0.387517641436824	5.29059453336768	0.0214408990028595	0.0786017834654061
FBgn0029664	239.018073564743	0.39799496950655	0.187161112703055	4.51640477321684	0.0335713069384748	0.108074867721672
FBgn0029666	365.350529202611	-0.102553856351264	0.185829361934533	0.305133075818709	0.580682194975617	0.745590348793381
FBgn0029672	197.780922260922	0.229758141432571	0.219464522597746	1.09562746130393	0.295227700275775	0.486749963393465
FBgn0029676	1398.41239595706	-0.491591581404304	0.156363979977077	9.84289470087788	0.00170488999509148	0.0111025456211714
FBgn0029685	1002.30926925976	-0.103027184565989	0.187307883373933	0.30238731220571	0.582389646804355	0.746731508776756
FBgn0029686	194.324479195749	0.142704518829693	0.212230537225059	0.452384622565702	0.501204705121298	0.6849140262412
FBgn0029687	2774.50310800554	0.376174972505856	0.170969036764194	4.82789120223262	0.0280028621808386	0.0948698148361315
FBgn0029688	3055.46814336725	0.0286350118349262	0.281194226526145	0.0103698161947392	0.918889791614368	0.957378375866559
FBgn0029689	277.274417729707	-0.0140755704199016	0.252469323560376	0.00338674008423112	0.953592741813714	0.97378802844164
FBgn0029693	458.945090464467	-0.208203828518202	0.153762249651791	1.83494204419432	0.175544929445347	0.344377158164904
FBgn0029700	39.1988965323916	-0.359010045409458	0.662223149413578	0.295097353682785	0.586972390806268	0.750209208643468
FBgn0029702	146.125562401095	-0.777792907079579	0.40726871334656	3.62006635932909	0.0570865961360097	0.157860270856831
FBgn0029703	143.717526021116	-1.05645276116864	0.441254038464767	5.64534249495049	0.0175017972375671	0.0674392396612628
FBgn0029705	68.9334733760164	-0.716588144547142	0.528473442565994	1.8294678620868	0.176190411889	0.344860352761883
FBgn0029706	1325.03389154202	0.208757913786271	0.228510719957979	0.833691698834713	0.361207203438771	0.556340910432369
FBgn0029708	174.79727117066	-0.442822507617864	0.227133951085471	3.79881879187837	0.0512887527473187	0.146510830120537
FBgn0029709	2169.30343657832	0.33514718481116	0.196604344569725	2.89929074761942	0.0886185367627258	0.213945271790504
FBgn0029710	151.251321417136	0.894553286316195	0.238162394779221	14.0082866293745	0.000182006738616206	0.00165059348566228
FBgn0029711	289.498298315288	0.175024976544787	0.198116269034911	0.780453806785275	0.377002385478067	0.571690848850053
FBgn0029713	155.348172107887	-0.0278217841006878	0.221236307289752	0.0158167514145191	0.899918211457102	0.946982547603724
FBgn0029714	145.972094956783	-0.0704779982204925	0.281927270080483	0.0625356517380169	0.802532215425258	0.891320864557895
FBgn0029715	689.474861788324	0.42648203996129	0.280905578207128	2.2984116559556	0.129506371876945	0.279267894780587
FBgn0029722	99.5601569385106	-0.736898632594093	0.388258478476161	3.58817004214339	0.0581922902317955	0.15986574377502
FBgn0029725	125.996926147314	-0.535055848349547	0.488671641298504	1.1959797535791	0.274126679102142	0.465171887768712
FBgn0029730	50.8916434227201	-1.12258010002973	0.68256268749542	2.66274143679316	0.102723549746623	0.236666475969764
FBgn0029736	902.09706917983	-0.314652544956684	0.204637125882541	2.35973941205597	0.12450298524275	0.271691653650275
FBgn0029737	1127.14999498082	0.139536090296183	0.242808504614727	0.330046260383767	0.565631849554722	0.735242203960658
FBgn0029745	28.7763174950708	-0.852899564914776	0.50700148657723	2.83372707321603	0.0923039171166117	0.220310999360828
FBgn0029747	93.0165258032517	-0.809266239575776	0.345472098836894	5.46071120853531	0.0194487291407296	0.072934800653548
FBgn0029750	325.865333994969	-0.892891959366364	0.319332892629154	7.72572864997079	0.005443938493566	0.027799371103719
FBgn0029752	234.391525287319	-0.671105470940273	0.377798165152065	3.13537760014204	0.076610644291951	0.19424870708007
FBgn0029753	246.748409523282	-0.599474074889338	0.344718206088363	3.00905477241038	0.0828005621222748	0.205025867697255
FBgn0029755	240.918072640438	0.0488893456034124	0.18147707533711	0.072660527114877	0.787501726093798	0.882376676900628
FBgn0029756	207.110473038308	0.175268766981878	0.201969403077074	0.75336691904581	0.385412333453561	0.579238729311786
FBgn0029762	552.736812817435	0.3891619658745	0.290284349262698	1.79328459623153	0.180526479291871	0.349939156123357
FBgn0029763	1219.84838493692	-0.260478064606202	0.157109521327163	2.74583952183612	0.0975078527422653	0.228589078798552
FBgn0029766	8395.97700566216	0.966982830836622	0.292290351395094	10.7466494360908	0.00104468287229465	0.00732772787371067
FBgn0029771	240.183674676364	0.569438225066024	0.20383517745792	7.77144144383186	0.00530786763330557	0.0273578411193273
FBgn0029778	353.44331228054	-0.121114056871388	0.223873968598126	0.292442548734059	0.588659522646711	0.751203757372624
FBgn0029785	15004.2771445531	0.57105570376115	0.1537263545716	13.7109052570215	0.00021321283787074	0.00188327335472614
FBgn0029789	470.291935233952	-0.089084991441603	0.226201995684492	0.155038405481221	0.693766238555791	0.825484531960127
FBgn0029791	1123.44519700502	0.301686223599301	0.186228068810397	2.61960864365773	0.105550470229748	0.241102083693321
FBgn0029795	1830.78820227411	0.686351562406127	0.397883342294749	2.94798921330322	0.085984481536871	0.209824962688426
FBgn0029798	251.087075653696	-0.629213291877545	0.175679698098871	12.7943405396335	0.000347669517412961	0.00285380076432741
FBgn0029800	76.4985305600336	0.0533472151084199	0.350898418294369	0.0231715657141152	0.879011769020039	0.934633429846735
FBgn0029801	817.978629539009	0.0515082085609303	0.199613061170621	0.0665910934218488	0.796366388767201	0.887561345846199
FBgn0029810	259.189080222847	-0.58365868082272	0.199529395061698	8.52468718779716	0.00350360965487073	0.0197545377601146
FBgn0029812	40.2920437376456	-0.66565242927783	0.507944311890826	1.71379498987282	0.190493729380062	0.362579091468867
FBgn0029814	143.233754361617	-0.469015839535604	0.233341699214201	4.03832943461565	0.0444778300096534	0.132759068099043
FBgn0029817	70.9070318508449	-0.952406888369367	0.443939807463074	4.56711265071854	0.0325914525493953	0.105847249648827
FBgn0029818	945.417023289293	0.176982732591837	0.18971831567575	0.869552974047693	0.351079094036744	0.546756428835197
FBgn0029819	821.177370983207	0.0184856169368196	0.132271067077816	0.019598540266017	0.888664109541037	0.940800492212371
FBgn0029820	1925.85872064136	-0.520677857331272	0.304145142054744	2.91572523223684	0.0877199689567907	0.213117017091057
FBgn0029821	345.177534955333	0.32334422936235	0.239106053003417	1.82516719852882	0.176699440056205	0.345514684073557
FBgn0029822	285.675572506499	-0.088272807255768	0.162102795927177	0.297118666274635	0.585694422133864	0.749226961569907
FBgn0029823	7057.37324719165	-0.0402469837961778	0.339033813084092	0.0140921850261577	0.905504710184187	0.950080090685525
FBgn0029824	208.847345896963	-0.848444410838439	0.670765088086317	1.58031188402576	0.208715774842543	0.386677378499023
FBgn0029826	537.492692332882	0.0398655654742464	0.245578702462932	0.0263518615614657	0.871043971845533	0.929711443999078
FBgn0029827	186.936191486343	0.993688061106166	0.318092029511012	9.60905193844781	0.00193620576712909	0.0122842159335745
FBgn0029828	221.212074597955	0.0104928201047786	0.187951738014584	0.00317841463533597	0.955041136448967	0.974365011911861
FBgn0029830	283.059540085726	-0.691294389911881	0.489072093643698	1.98241830553366	0.159135874976388	0.321414380609972
FBgn0029831	1828.22191497994	-0.43605426164521	0.489720625093582	0.789940242709434	0.374118195400631	0.568881433088949
FBgn0029833	461.648882837716	0.648908119199723	0.149217086925892	18.8257404306465	1.43221142967001e-05	0.000176506056639779
FBgn0029835	841.223514810077	0.260379748460638	0.291000620441895	0.799577017129096	0.371219864536014	0.565741638111535
FBgn0029838	457.863800102459	-0.27533798207569	0.317274720711486	0.75169003231214	0.385941683502153	0.579736649489062
FBgn0029840	1151.40388538174	-0.356647578630101	0.197636036892025	3.24833558539407	0.0714960244871092	0.184684110091994
FBgn0029843	489.25089805151	0.39349774618451	0.224033548293849	3.07541144602081	0.0794844792539792	0.199366414137894
FBgn0029849	514.88831971867	0.950675192862827	0.22985235010984	16.8461084432725	4.05363625541991e-05	0.000443787671437038
FBgn0029853	203.113907126884	0.300968340000772	0.30263530607946	0.986987197883643	0.32047984615186	0.514821438638998
FBgn0029854	616.816614982316	0.733130367170731	0.202223331333781	13.0244954399652	0.000307442900952803	0.00258862228817513
FBgn0029856	99.4909650356607	-0.256508286100499	0.447916138207725	0.328743659861374	0.566399804777933	0.735835434795741
FBgn0029857	323.248026136534	-0.0694991926497008	0.236192221180358	0.0868098159034787	0.768272679897837	0.869902719306957
FBgn0029858	131.825348260996	0.432777583880191	0.296578681406208	2.12574030443552	0.144842782869352	0.30179284912377
FBgn0029859	201.988916501302	-0.701012189902612	0.405916819873957	2.96294221028475	0.0851927896994766	0.208585232049995
FBgn0029860	210.249562673481	0.237118621892723	0.282841251575397	0.702372152972636	0.401987762646509	0.597061103786029
FBgn0029861	430.59790489153	-0.134241739934869	0.19281159640102	0.485055789400775	0.486141132645871	0.672262867021966
FBgn0029863	127.712388183055	-0.865268653356051	0.455534550607724	3.57103262529096	0.0587957383323266	0.161122234485854
FBgn0029866	631.149001531904	-0.175579737800451	0.31989063913543	0.300906536693475	0.583314661099072	0.74738328669509
FBgn0029867	765.7828699447	-0.136081110775906	0.180741729277962	0.566775851578953	0.451542959032106	0.644206155294956
FBgn0029868	1431.27839546277	0.620081904824944	0.137120454576134	20.3183880934928	6.55674192515304e-06	8.84658879931963e-05
FBgn0029870	3246.58917682644	-0.116374941650064	0.208309189889956	0.311979657514129	0.576467921547431	0.741833591911117
FBgn0029873	348.597173518515	-0.130938873676649	0.197952214997874	0.437699569559484	0.508234870043297	0.690479521672372
FBgn0029874	206.116440094296	0.0193418452878293	0.230161782735071	0.0075302079979167	0.930848951957342	0.963582418548903
FBgn0029878	837.391120552204	-0.701925344731273	0.226274996200905	9.54228523859106	0.00200791588672836	0.0126375533412918
FBgn0029881	649.824414022925	0.0376135238363978	0.209527447831705	0.0322275329306052	0.857529190478444	0.923698486505126
FBgn0029882	739.444860558454	0.102427235947335	0.164865708502331	0.38595259459359	0.5344345996103	0.710218510084531
FBgn0029885	218.819477991938	-0.209336860203947	0.19406114472173	1.16433164930891	0.280569002598125	0.472025474326139
FBgn0029887	584.361122007506	-0.207045070490308	0.17673855429608	1.37105225237559	0.241631174458108	0.427835695020274
FBgn0029888	969.970142837341	0.853554993509158	0.186019339876399	20.7873656965832	5.1320410754384e-06	7.131516606247e-05
FBgn0029891	2986.6277767668	-0.00521527371648641	0.198335764288905	0.0006973851187837	0.978931873207686	0.98919043395233
FBgn0029893	1146.69594731264	-0.344365169374787	0.189533540830602	3.29426346722251	0.0695222809893722	0.181391072575464
FBgn0029894	198.864631529742	-0.610861952174162	0.270624809460783	5.07838842294672	0.024225877651663	0.0856103902275828
FBgn0029895	252.204376848992	-0.14088636187299	0.22704585305277	0.386114105186465	0.534349098335364	0.710211845716411
FBgn0029896	5450.56730370988	0.183799368832254	0.253688093794052	0.524562532550846	0.468901897993938	0.658327819872476
FBgn0029897	20832.3789382605	0.574014510201661	0.157308420897	13.2286383967951	0.000275704019573543	0.00235420454375348
FBgn0029898	1285.19982003521	0.311045769902211	0.343314714766298	0.819212494203171	0.365410514646867	0.559547328405563
FBgn0029903	2715.96070010149	-0.613579855680432	0.217468119348617	7.90413427005818	0.00493219408629571	0.0260854787649401
FBgn0029905	270.92228259843	-0.0159366293807054	0.207784732252871	0.00597858391573425	0.938367944200956	0.967097653331642
FBgn0029906	326.076324663452	0.486978223370402	0.22694101843305	4.58557234125232	0.0322422016675232	0.105177518489547
FBgn0029911	1122.19178927455	0.0275418946075576	0.228239033354019	0.0145834074540545	0.903879723810167	0.949264623474074
FBgn0029912	831.203751957328	0.0392140294039605	0.146491376553132	0.0718051070278278	0.788726452481393	0.883025599052324
FBgn0029913	314.467094057258	-0.412520083008433	0.282909491744299	2.12012163106338	0.145374998574413	0.302473234477863
FBgn0029914	553.361828688576	0.100849474957726	0.271379266823304	0.138064116384655	0.710213177679412	0.83570090409963
FBgn0029915	214.453981009631	0.0456892545818422	0.202044766777772	0.0511482251727955	0.821077187058918	0.903277035108825
FBgn0029924	1333.45982429439	0.04770694606181	0.321256521163623	0.0220524782675113	0.881947579445112	0.936837058026203
FBgn0029932	724.220776765039	0.884659010635413	0.186097882819364	22.3069240759448	2.32367243205206e-06	3.49899070655757e-05
FBgn0029935	239.107646562278	-0.444601490786053	0.202237390268889	4.8269601678239	0.0280179892863734	0.0948698148361315
FBgn0029936	205.487574168004	-0.126541993269264	0.303615014886483	0.173508433498675	0.677012390586536	0.815780053876225
FBgn0029937	449.638985354316	-0.0245962534961922	0.258079358931214	0.00915664812774253	0.923766484377615	0.959785573695296
FBgn0029939	258.035635584985	-0.7747700095597	0.214268496719789	12.9894526701813	0.000313250522838787	0.00262499773364621
FBgn0029940	54.7638556272346	-0.837389536700798	0.571956256200654	2.13023403657412	0.144418704189202	0.301336165941243
FBgn0029941	2331.72685482542	-0.149858354576811	0.142536076060805	1.10490241808884	0.293192740221793	0.485054878880519
FBgn0029943	323.780190960104	-0.120862776689457	0.179545278408076	0.454123461543901	0.500383264833966	0.68423708800479
FBgn0029944	356.389397325092	-0.104863906230601	0.173939390170683	0.364028591366001	0.546277327324085	0.71924069476391
FBgn0029945	72.2636752713711	-0.75696505851435	0.318731157867776	5.64957611748096	0.0174595920771661	0.0673354197941056
FBgn0029946	66.4214782759545	-0.786214554164957	0.606561237428015	1.67012407406721	0.196241916590009	0.369455658628172
FBgn0029947	113.094487148967	-0.844281629982925	0.531326186017403	2.50227838265073	0.113681727358749	0.254407193054425
FBgn0029949	56.3958270405415	-0.94023019121378	0.569738529660242	2.70175948683932	0.100237570091309	0.232884760001502
FBgn0029952	62.4539013259944	-0.37633206939685	0.533594028426962	0.498800716463187	0.480027551440364	0.666962034774245
FBgn0029957	510.322313144797	-0.367154147251112	0.228338833381621	2.57792514196113	0.108363620550685	0.245809919727311
FBgn0029958	793.999659577834	0.290791060790107	0.203975243252364	2.02866876904987	0.154355759279949	0.314921438123992
FBgn0029959	402.913007188287	0.304355246105351	0.245134629050457	1.53844997365042	0.214848670998491	0.394813252440447
FBgn0029963	96.347819993393	-0.87077667987537	0.393360470218891	4.8694647502647	0.0273359778975026	0.0934570588793347
FBgn0029970	120.895955201686	-0.578749535488094	0.276556031688033	4.36810338586961	0.0366177269399665	0.115563241244015
FBgn0029975	966.989353546138	0.71140355966412	0.153300998687218	21.3592671495148	3.80775693599816e-06	5.45448818234541e-05
FBgn0029976	736.621214563614	-0.439829624465905	0.17305232472397	6.44594941915943	0.0111205596020208	0.0481963742280114
FBgn0029979	1359.41023806123	-0.384031368380662	0.165984218858292	5.34203580856696	0.0208171483604861	0.0768901285612932
FBgn0029990	21472.6509253982	-0.342132078675202	0.222486173869423	2.3591813028618	0.124547537795904	0.271695296294452
FBgn0029992	853.107629899315	-0.24580225538929	0.163601986012464	2.25622140694018	0.13307841946887	0.284447298628352
FBgn0029994	1243.64388376171	0.438914157552728	0.236617088565779	3.42859013118633	0.0640767807657232	0.171441332163961
FBgn0029996	1699.42770623981	-0.458226430716097	0.275042831374608	2.76397462449287	0.0964084437288816	0.226734570219523
FBgn0029997	265.987535302382	-0.00203961802884163	0.188947122263534	0.000245146370346561	0.987507911532042	0.992874672360673
FBgn0029999	216.304482516687	0.274499322824166	0.213279678734998	1.65528546200771	0.198241075412182	0.372107902454178
FBgn0030000	222.007657807556	-0.0326935352948495	0.196307725352643	0.0281637391696776	0.866724450138998	0.928039867495027
FBgn0030003	556.070368588974	0.240122286118543	0.202645960150256	1.40246973302334	0.236310494192632	0.421935208570576
FBgn0030004	248.203139125986	-0.701235460446194	0.255290314913625	7.50561680410823	0.00615068728152833	0.0305422985774935
FBgn0030006	195.104160740125	-0.0202529553138733	0.225359747035004	0.00835791607163117	0.927157568335851	0.961407406633475
FBgn0030007	1007.08813541956	0.265815980852784	0.131524914443044	4.079997009441	0.0433937356311956	0.130541387818185
FBgn0030008	124.034961001361	-0.191801053835145	0.260366591042722	0.541878115920312	0.46165541493011	0.65271031832523
FBgn0030010	123.033988892518	-0.0228067092927407	0.262054772691028	0.00845620016115589	0.926731727254772	0.961249569211298
FBgn0030011	108.83047824316	0.559222745401621	0.375695296377387	2.20473052678678	0.137587935004167	0.29163486391467
FBgn0030012	135.883948805443	0.0144580363253697	0.243912111169989	0.00357775078718703	0.952303534201545	0.973416334064323
FBgn0030013	977.209248814614	0.22954987145507	0.260777307752672	0.773894001196254	0.379015101126617	0.573658533849274
FBgn0030017	115.218247756771	-0.335582559838354	0.299277850677816	1.25624818795694	0.262362453975557	0.45191847997483
FBgn0030018	998.942189713211	-0.235399063169099	0.170282182277444	1.90950552492333	0.16701819609194	0.332217220161387
FBgn0030025	196.767514703432	-0.137391869075883	0.312839158672313	0.193458735506361	0.660053398101329	0.804351772523978
FBgn0030026	281.721716371302	0.645757817104406	0.201834709457346	10.1803157500407	0.00141947871367479	0.00947464460625293
FBgn0030027	213.650373487594	0.322557683160968	0.205745020587706	2.45577751406126	0.117093175625853	0.25980140350076
FBgn0030029	242.69767862756	0.727306194483242	0.2904098236104	6.21880351391981	0.012640050488197	0.0529358355518984
FBgn0030033	159.803200957301	-0.859674877490389	0.38290512147945	4.99660107127239	0.0253971467226546	0.0886489013768608
FBgn0030034	1108.9446222552	-0.149345698730084	0.196677472438118	0.576153666560387	0.447823922465311	0.641504348201525
FBgn0030035	1033.8269203088	-0.00331297464473095	0.227592613979676	0.000243433730901188	0.987551620518776	0.992874672360673
FBgn0030037	413.445393295166	-0.0324144507288233	0.231597151944811	0.0196410551034063	0.88854420296399	0.940786422720692
FBgn0030038	2927.98055349341	0.156736691463047	0.217599650536446	0.518515188886425	0.471475748262468	0.660051087207364
FBgn0030039	161.008485683888	-0.113027679758881	0.281508028279279	0.161631321336088	0.687659018631624	0.822033704906317
FBgn0030041	4826.3794550633	-0.665724726828492	0.229359094233791	8.35208221367024	0.00385245597513304	0.021193311424298
FBgn0030049	895.924095191159	-0.0194685111621978	0.156044835003523	0.0155697415322464	0.900698694818968	0.94727538591082
FBgn0030051	1610.64050148784	-0.0323779334555669	0.352574685746952	0.00843442586155163	0.926825853904094	0.961249569211298
FBgn0030052	1723.81317916329	-0.000114954844867805	0.206912495408349	1.69020947708987e-05	0.996719733684215	0.997058715568474
FBgn0030053	893.877581224371	-0.060227776830134	0.290176115173588	0.0430722681426801	0.835589254809017	0.912330336656209
FBgn0030054	385.497758938028	-0.051608734920255	0.292484174321226	0.0311522028751625	0.859901253551061	0.924813273306299
FBgn0030055	482.38427002254	0.0248363224207675	0.213610134837145	0.0135510922515607	0.907328277074933	0.950932171418508
FBgn0030056	1273.90773880753	0.402032394328976	0.180072610682294	4.96922558503728	0.0258021975471342	0.0897432365612584
FBgn0030057	217.398831436971	-0.0946984351702459	0.189472134906456	0.250472380519007	0.616742656074935	0.772194222591195
FBgn0030058	69.9822797507342	-0.667990897679719	0.351349543936812	3.6117109147335	0.0573740660693108	0.158339673388128
FBgn0030060	484.920147024815	0.297806202543582	0.172526606016427	2.97622217941667	0.084496284308439	0.207379357135576
FBgn0030061	320.487947135883	0.0209363147366696	0.223940988399458	0.00881695143048944	0.925189687569443	0.960455741542678
FBgn0030063	102.877969151484	0.278115282845817	0.297637875858648	0.873033351689273	0.350116915259256	0.546109019543246
FBgn0030065	1520.54799538309	0.436965374125582	0.241804011348023	3.25291470095792	0.0712965698564228	0.184384798479799
FBgn0030066	138.323906542768	-0.125254393746846	0.226713237548539	0.304904954987698	0.580823669266285	0.745590348793381
FBgn0030067	221.0343244686	0.0732333092523282	0.21034489069662	0.121255778036414	0.727676467969349	0.847435284857006
FBgn0030077	167.727043832848	-0.475198295381838	0.321610546670822	2.17722083229938	0.140067191269237	0.294695492551203
FBgn0030081	184.64213632729	-0.114857312973578	0.204490217044639	0.315712042564449	0.57419601776001	0.740662660170489
FBgn0030082	311.439434594711	0.00816966208598801	0.172788642825754	0.00232501504306271	0.961542178358328	0.97815200535589
FBgn0030086	4395.60657043591	-0.0399988485135639	0.167981426724383	0.056694876046194	0.81179821541941	0.896758569461801
FBgn0030087	2607.51970788796	0.626749958539486	0.222567830194258	7.8697280900121	0.00502692116060868	0.0263562402383903
FBgn0030088	123.548842103937	0.0708104859310966	0.235314414103771	0.0906091035863952	0.763404230054139	0.867329052821989
FBgn0030089	2429.12665842207	0.0894410177205506	0.189355684274975	0.223051373145594	0.636724696343727	0.786674900640416
FBgn0030090	126.042373569034	-0.190069205013161	0.301723478534679	0.395968728764593	0.52917855159733	0.706960111929575
FBgn0030091	453.00422967052	-0.235588124185773	0.188987911690383	1.55435241426555	0.212494055131137	0.391613939531568
FBgn0030093	1622.74807643572	-0.21584746847994	0.137768332807234	2.45233001647848	0.117350559373163	0.260307022601507
FBgn0030096	423.984944907038	0.0157151810783018	0.155050433588433	0.0104484510446596	0.918583906529118	0.957301604616172
FBgn0030097	5086.32656736184	-0.254068721885082	0.265160215154199	0.91692392780574	0.338283946722637	0.533578948573728
FBgn0030098	19646.7396796709	-0.205769077480262	0.284807104054833	0.521540013711316	0.470185494310896	0.659302002866
FBgn0030099	102.798099612832	-0.150357895890323	0.258483577201113	0.338367516946242	0.560773041107748	0.731362795191981
FBgn0030100	83.6607034877722	-0.184461972041984	0.299683900113601	0.378118128582358	0.538612106734479	0.713643194531045
FBgn0030101	374.380569792007	-0.0648565624048611	0.185874380938832	0.12171420288405	0.727182684004501	0.847195669877966
FBgn0030102	1596.35861414361	0.180409252173524	0.33391849157323	0.291706784767285	0.589128852881789	0.751203757372624
FBgn0030105	1107.0547977148	-0.367652335811604	0.238916201252465	2.36152153947447	0.124360840614321	0.271489375947741
FBgn0030109	917.144385762748	-0.137762782913743	0.265576948433255	0.269069411657952	0.603956702910568	0.762419734833026
FBgn0030114	3272.23467698293	-0.612565015905823	0.40886377258188	2.22825164875626	0.135507105628351	0.288541192100523
FBgn0030121	265.890249918097	0.154871498893669	0.219230284805391	0.499288200793139	0.479813047636508	0.666962034774245
FBgn0030122	337.109516425859	0.124798281340925	0.159510308785294	0.612387134577496	0.433890424942954	0.628884544956738
FBgn0030136	10906.1892003071	0.703451545105696	0.144986821632175	23.3142847285174	1.37574455062082e-06	2.16391620582498e-05
FBgn0030137	47.6736324806766	-0.0463008112982305	0.351833124548581	0.0173120584510542	0.89532022675188	0.944560698333165
FBgn0030141	1064.62318226114	-0.0871439480664586	0.162231272989866	0.288430029139747	0.59122836538832	0.752922369199962
FBgn0030151	2210.85627860797	0.649762520130145	0.158137008041331	16.7506200534815	4.26283317604308e-05	0.000463813069610409
FBgn0030156	188.549799069408	0.949623608239674	0.265100791185753	12.6685968635769	0.000371848484846553	0.00301580057930697
FBgn0030157	535.601703468696	0.788680802012254	0.260281677853183	9.08487328129735	0.0025773234050758	0.0154394444849891
FBgn0030158	163.839838081102	-0.472181535631813	0.432081183862476	1.19258207853041	0.274809338548378	0.466151019483063
FBgn0030159	151.736817137982	-0.174793128027448	0.316523325628928	0.30491281565012	0.580818793150065	0.745590348793381
FBgn0030160	1249.66425578041	0.0686797946698646	0.197459150149476	0.120972731423819	0.727981869248155	0.847679072874864
FBgn0030177	337.752562356183	0.0425200913736223	0.209389228729568	0.0413048400086282	0.838950636949979	0.91360141667298
FBgn0030183	1107.28040860682	-0.862612945573547	0.277539610715669	9.53064831577558	0.00202068726539445	0.0126907789536233
FBgn0030186	325.99662995221	-1.0916985061954	0.671969115126782	2.58148675992793	0.1081200659181	0.245446735698819
FBgn0030189	178.521864720773	-0.302502638431508	0.250816469845914	1.45427214418839	0.227843686001002	0.411311924155654
FBgn0030191	360.97754224172	-0.740386511234236	0.310321581718191	5.64408404531484	0.0175143630640911	0.0674582015179133
FBgn0030195	34.3902624970104	-1.01675346915572	0.490060428081548	4.30475461502944	0.0380059778582508	0.118587251987696
FBgn0030196	131.622725849579	0.662442346739392	0.240701838306907	7.54519767545045	0.0060170220853301	0.0299797870586972
FBgn0030206	286.692975189838	-0.231910132730743	0.239335482625513	0.937109338461845	0.333022356246379	0.528333202358513
FBgn0030208	1265.78484116885	-0.118575084246603	0.199421666932946	0.353564446481187	0.552102285706647	0.724702732348312
FBgn0030228	452.609780380154	-0.259655810787433	0.149330479660071	3.02231959552998	0.0821259225393765	0.203847859490143
FBgn0030237	1281.84439309714	0.136725009440406	0.177135739555523	0.595509190834264	0.440296621325626	0.634824634056853
FBgn0030240	417.204079881035	0.0590808572807264	0.189722265145107	0.0969862934716232	0.755476619962726	0.862619784491601
FBgn0030241	703.870638992489	-0.309622090542911	0.150609073063281	4.22139318219263	0.0399173728596243	0.122856957835132
FBgn0030242	197.283327368641	-0.520849435193581	0.282754227016188	3.38734132220448	0.0656988064159281	0.174458702321441
FBgn0030243	1167.49039766029	-0.0896839826489134	0.224807066640845	0.159077611563234	0.69000716077645	0.822973048544717
FBgn0030244	110.859821336528	0.880877680164742	0.301897589683982	8.4334979114058	0.00368371046032232	0.0205598109436332
FBgn0030245	3508.77041806187	0.065073924055085	0.209287795920219	0.0966615527748615	0.755873291063609	0.862626218358159
FBgn0030246	914.249075983021	0.0781343836693413	0.22850132267232	0.116906962456994	0.732413655520782	0.849872779499016
FBgn0030247	139.679770397873	-1.10714041329103	0.472429000624513	5.39653980915521	0.020176715047454	0.0751220816787906
FBgn0030251	4087.92987482149	0.925791735564728	0.323962643145154	8.03089861807216	0.00459860189876901	0.0245927655483259
FBgn0030262	797.258380112253	0.403007309876967	0.35828678940868	1.26085119823084	0.261490031867967	0.451221942879294
FBgn0030263	1548.03113075326	0.400590537169851	0.126421265554039	10.0133828764347	0.00155406808494718	0.0102719826079205
FBgn0030266	1757.09250866373	-0.499111591185085	0.24466350362955	4.14204153826735	0.041830691335736	0.127149163054266
FBgn0030268	2556.02335944109	-0.395318412886102	0.235212769428733	2.81571176912895	0.0933454836954639	0.221836937282191
FBgn0030269	355.730128498204	-0.0477936289533143	0.174811244970153	0.0747245060851043	0.784578161440062	0.880864604221782
FBgn0030272	174.580532446741	-0.414758146688899	0.37784112641038	1.20081282433102	0.273159281412178	0.464203179835354
FBgn0030274	683.667402731301	-0.288569246629755	0.335055323394907	0.740853199028138	0.389387705066392	0.583156332231134
FBgn0030276	1935.85621574046	0.228261722474737	0.16909132078359	1.82020835943167	0.177288477161332	0.346190932245553
FBgn0030277	292.795977421157	-0.967044676631988	0.451200855083835	4.52208956348049	0.0334599417020361	0.107871736034952
FBgn0030278	68.5661454613429	-0.812602302994419	0.494905397660477	2.68114479926954	0.10154270748307	0.235007734478496
FBgn0030286	1240.96839333145	-0.328738420688269	0.174860436034102	3.52651168178517	0.0603947272050554	0.164482429894262
FBgn0030289	975.893283870251	0.185336317637613	0.191023061321813	0.940515772238157	0.332145233530745	0.527684135356431
FBgn0030292	415.571861377546	0.988826211886	0.166732016821296	34.7745140767929	3.70187910031705e-09	9.33296605177075e-08
FBgn0030293	1049.20085055632	-0.326715390267043	0.172376020557068	3.58605437029158	0.0582664305440159	0.160019602589604
FBgn0030300	476.594910284935	-0.570491364755168	0.307225727887976	3.42667632466306	0.0641510843658055	0.171543518002626
FBgn0030301	404.33510822813	-0.422756231357486	0.210109579575329	4.03114610554115	0.044667586390497	0.133091293996051
FBgn0030304	171.75891268946	0.0600698499157859	0.259176789917343	0.0544397868488034	0.815510326249264	0.898384908717042
FBgn0030305	961.179330085567	0.561993337006406	0.147885218084377	14.3692343163069	0.000150237049791941	0.00139107431484442
FBgn0030306	2476.64475441845	0.624132543861061	0.258430800348549	5.78792067233509	0.0161366646856773	0.0634499223815644
FBgn0030309	2688.16187385889	0.793805295542936	0.246959963786997	10.2063249052582	0.00139959805175488	0.00934901832602954
FBgn0030310	823.946150959677	1.086823250447	0.444149223175942	5.85343925021016	0.0155466390450721	0.061822236563189
FBgn0030311	602.831933436438	0.750293810164273	0.194053918843454	14.8080116975426	0.00011902874885113	0.00113327021061283
FBgn0030314	329.021528005205	-0.130234279838926	0.169049970241029	0.593366948224784	0.441120086224598	0.635293559792043
FBgn0030316	182.478547544042	0.0858549220121869	0.218142259364252	0.155296213333393	0.693524630183075	0.825408817384884
FBgn0030318	1320.31892749157	0.0437873318530101	0.209257774657773	0.0437904952196249	0.834243881419213	0.911963331224372
FBgn0030320	621.874461022595	-0.290027847631284	0.162657214785006	3.1781602911892	0.0746287106078776	0.190728574151172
FBgn0030321	1349.24591223393	0.151991693883084	0.210908292256731	0.519126462574974	0.471214546210544	0.659790091361764
FBgn0030323	91.346550702237	4.46384365849032e-05	0.274686820090769	0.000302338001809233	0.986127186521062	0.992410319342108
FBgn0030326	10862.3193119063	-0.966651054080149	1.0993903449685	0.759083610548714	0.383615456594924	0.577890076205889
FBgn0030327	832.89565259909	0.115173840224199	0.172113029400946	0.44770504182695	0.503426812973767	0.687333776524914
FBgn0030328	2974.92918819025	-0.0997570260591741	0.181106649868799	0.303299121262668	0.581821522164902	0.746219929009171
FBgn0030329	4906.72116632719	-0.130671795195159	0.202713999211773	0.415396781369509	0.519242943987498	0.699084488517803
FBgn0030330	813.167068146199	-0.0472330849630015	0.236722612166558	0.0398157666758294	0.841841228946823	0.914941126275005
FBgn0030334	337.82545785254	0.125271022452379	0.197152609051949	0.403767469564919	0.525149964731509	0.703708927682739
FBgn0030336	1493.45219973786	0.382903701795628	0.217348696119537	3.09437914191713	0.0785631154983979	0.197786285637051
FBgn0030341	1045.11293938482	0.498068679148257	0.143677708439335	11.9682285888146	0.000541153621280676	0.00417779515949677
FBgn0030342	499.559462268096	0.204105674341988	0.166956604377158	1.49366468353531	0.221648732933095	0.4028444345397
FBgn0030343	1951.87564831987	-0.106406244096251	0.208801468060039	0.259639426747697	0.610367981683942	0.767767223147414
FBgn0030344	658.483294613009	-0.0566876780063662	0.205195485565018	0.0764105063786786	0.782222038214494	0.879389382749993
FBgn0030345	171.703397112322	0.326637014037089	0.250292002360517	1.7022390372372	0.191995420019056	0.364415484243526
FBgn0030346	218.40112557153	0.163064205235371	0.209624601707398	0.605386287554843	0.436530261754844	0.631466070446679
FBgn0030347	247.844650332177	0.110520139805879	0.251530170688159	0.193318041045579	0.660169269999495	0.804381888770443
FBgn0030349	1463.32334993374	0.498813663182994	0.209978318409828	5.61695368680856	0.0177875403465013	0.068420774201189
FBgn0030350	417.3944280561	0.397066077992647	0.18881985703392	4.41026516871089	0.0357232877327717	0.113389313292798
FBgn0030352	167.719239526674	0.173256408598554	0.230116494632151	0.567231942250885	0.451360970125723	0.644050646893497
FBgn0030354	1381.32863184605	-0.275157893054527	0.199972537095893	1.89093952394623	0.169095990732745	0.335454816147874
FBgn0030357	2231.40466020759	-1.0175616742487	0.926486298129281	1.18226064541746	0.276896253189761	0.468806843566514
FBgn0030359	75.178683772711	-0.773213048107696	0.441414887354435	3.05726132908572	0.0803770364306256	0.200919821377858
FBgn0030360	217.39490245787	0.654583138135364	0.364759386971885	3.19774934305309	0.0737396832046553	0.189150794731309
FBgn0030362	26670.1720974701	0.837460640886808	0.274499945098749	9.18007177378908	0.00244664428881113	0.0148318417739565
FBgn0030364	940.41952868958	0.323787313533176	0.169540915965453	3.6402120351508	0.0563997510074367	0.156451242656278
FBgn0030365	395.513105770032	-0.144721581614278	0.239109150780143	0.366329527016688	0.54501181996496	0.718110243298612
FBgn0030366	2844.51752588819	-0.129318876455191	0.128759609947287	1.00839161923953	0.315288465803907	0.509543117628878
FBgn0030367	400.17142231398	0.159606233215503	0.309264905389142	0.266148957277778	0.605926862162189	0.76436006171825
FBgn0030376	275.743342162313	-1.0349757972178	0.451382059773573	5.16410286878451	0.0230583640747207	0.0826094212729742
FBgn0030386	39.5042774211361	-0.874816734597022	0.420408743099461	4.32627092733578	0.0375283788537521	0.117554282927053
FBgn0030391	299.374969472775	-0.280360669028571	0.185335986474436	2.28446159228258	0.130675481786472	0.28123913445947
FBgn0030396	2115.99977237207	0.081105017724232	0.163020573865913	0.24747194163642	0.618860813221109	0.77397717574574
FBgn0030400	900.494618438518	-0.234212806900592	0.23364070325365	1.00339996004867	0.316489213251706	0.5108287575879
FBgn0030403	899.933027793542	0.69454703684133	0.145105639327362	22.7487564467219	1.84623572811358e-06	2.83324940258682e-05
FBgn0030406	138.479403016201	-0.0207563912621037	0.216735119610135	0.00917201374675614	0.923702743245334	0.959785573695296
FBgn0030407	181.635992194513	0.951801655915252	0.300299184993622	9.91399281029671	0.00164026876111982	0.0108012922000905
FBgn0030410	118.062785823946	-0.0326482866347517	0.254301774265867	0.0164785886514025	0.897856998048606	0.945957522137463
FBgn0030411	121.559645853103	0.78974155246125	0.289424236273598	7.40407913107031	0.00650761467388505	0.0319383505787872
FBgn0030412	1158.91968055765	-0.205965736867395	0.230731829522134	0.79635587244222	0.372185141979822	0.566671908371305
FBgn0030418	216.306159452076	-0.0335949984442952	0.248759042649444	0.0184404291232738	0.891982915686911	0.943182414382422
FBgn0030420	103.511473934258	-0.270552413257953	0.246482560621992	1.20493746709894	0.27233706625958	0.463382621032497
FBgn0030421	103.171513538863	-0.24386883241263	0.28180401372812	0.746419402123422	0.387612242459498	0.581187838141481
FBgn0030425	496.89225878664	0.914939927575394	0.323989730229116	7.85167922833973	0.00507735255531312	0.0265103899101083
FBgn0030433	187.174868356702	0.414015949890711	0.225282412742119	3.3743188124611	0.0662199490298529	0.175367596110271
FBgn0030434	413.045895686673	0.0280075989577562	0.225910069877204	0.0154984599954844	0.900925092076958	0.94727538591082
FBgn0030435	548.271959593408	0.218136255747872	0.162331065485442	1.80523593350161	0.179080782774758	0.34822414539212
FBgn0030443	2425.56255611535	0.801235074446291	0.404844965981451	3.86789720349795	0.0492181496314116	0.142674425869769
FBgn0030447	813.151512149817	0.697775076354617	0.271581112989731	6.5400780020835	0.0105470724483293	0.0462102121569303
FBgn0030451	1171.83204388771	0.949896260281994	0.232587720286911	16.4012677740556	5.12509395037404e-05	0.00054290310946099
FBgn0030452	774.93398104762	-0.0820183941246319	0.17735350805383	0.213761625605201	0.64383492149397	0.791804787074953
FBgn0030457	351.578158030123	-0.0478126005288921	0.177212687425676	0.0729907507633385	0.78703100626628	0.881986487083268
FBgn0030462	61.4149114862294	-0.170890718764656	0.494877222155755	0.11999065432655	0.729044625894611	0.84817935746086
FBgn0030465	403.817706996527	0.0597237355383087	0.204629658079979	0.0854583313511625	0.77003235878442	0.870857500974226
FBgn0030466	746.078606593882	-0.574922128285311	0.216408332871131	7.01978769759393	0.00806137883963909	0.0376012896285215
FBgn0030468	497.32590578244	0.0588622160454343	0.227393711506395	0.067091296569302	0.795619904262678	0.887067576926891
FBgn0030474	133.642389297012	-0.114637916800983	0.231470565970341	0.245617293324088	0.620178124159627	0.774780393006539
FBgn0030479	513.171562689462	-0.238772990699826	0.272272824351548	0.768029836372477	0.38082722908823	0.575581846545478
FBgn0030481	289.769126105989	0.799722997477947	0.220848166917495	12.9931083928387	0.000312639529222443	0.00262236806640574
FBgn0030482	1108.02502374445	0.995629325569003	0.248910811495627	15.7063412383206	7.39757479963194e-05	0.000751164557329715
FBgn0030484	2409.61647621053	0.351871574431541	0.426352685040492	0.679385912677162	0.409798263088445	0.604490115929863
FBgn0030485	251.747075377566	-0.00497071742405142	0.25077243797243	0.000395778431169447	0.98412778724727	0.991758678482246
FBgn0030486	1055.26933133391	-0.329851610260099	0.253778768870252	1.68625004944461	0.194096033708397	0.366903042297106
FBgn0030492	81.1651121522411	1.24851479777284	0.539001889617885	5.23749217200769	0.0221051170404398	0.0804021239756146
FBgn0030493	100.725084892906	-2.32494444602547	1.32226064152965	2.82068560584092	0.0930566472781768	0.221568228705513
FBgn0030494	529.157738301936	-0.56930362064254	0.413904798455208	1.88032863972307	0.170296800393278	0.337609293792469
FBgn0030499	777.423036322668	-0.356492083694933	0.248214118878948	2.0573381352726	0.151474574737477	0.311346761584788
FBgn0030500	143.53365373452	-0.273345802770325	0.311928890545167	0.765806666385188	0.381517427908088	0.576135884983642
FBgn0030502	1370.40775895853	0.232110613928625	0.171513426845261	1.82920784948361	0.176221139007631	0.344860352761883
FBgn0030503	876.980078369844	0.145074078820128	0.232962181369507	0.387554941085199	0.533587436543335	0.709439265029521
FBgn0030504	744.073315942755	0.157162626804489	0.163395954601605	0.925231737424383	0.336105028050083	0.531042819734152
FBgn0030505	1478.95488873169	-0.62017261620365	0.178791525306828	11.9446921395058	0.000548032858662755	0.00420873972570944
FBgn0030506	192.455673491139	-0.0330994336215783	0.193264828267629	0.0293232938246106	0.864034697857848	0.926508952958762
FBgn0030507	74.7919676928083	-0.152606715567276	0.274829744160148	0.30824369664802	0.578759928176631	0.743806817103203
FBgn0030509	289.286610223618	0.388067502653729	0.307599282503001	1.58712905500911	0.207736791765719	0.385584655141081
FBgn0030512	576.104653901854	0.224688750367322	0.228734541513762	0.963934368091884	0.32619760321142	0.521195004332725
FBgn0030514	987.477406121638	-0.233625851809144	0.164759723521693	2.00885482321831	0.156383324287143	0.318169187313896
FBgn0030519	3963.60843845898	0.676387823280827	0.212527125950243	10.0389962376241	0.00153260693776869	0.0101758642730406
FBgn0030520	3938.83434754066	0.119416697312004	0.286175611125302	0.174057464844296	0.676530700965139	0.815657536474825
FBgn0030521	19978.0632622251	-0.0344925183416539	0.215579121010173	0.0255991949246379	0.872883056068826	0.930231894535184
FBgn0030522	169.479332502695	0.124539703858402	0.246055474405571	0.256651056123857	0.6124303161875	0.768717654344026
FBgn0030528	170.563497341093	0.715379403315057	0.265681363448983	7.19600068447222	0.0073066234629854	0.0347005626681287
FBgn0030529	957.547060889939	0.330541378080557	0.1630111300434	4.10382718574667	0.0427862569573087	0.129340846656832
FBgn0030530	928.65588084809	-0.209038516618789	0.254053653107832	0.67628132779835	0.410870184157599	0.605261853924316
FBgn0030536	95.1892931080484	-0.724446215886508	0.485343128296245	2.21556694053817	0.13662486350045	0.290011497601148
FBgn0030545	564.461810604644	0.143468604623716	0.300440996206123	0.227896686883867	0.633087808084618	0.784161541063823
FBgn0030552	302.874925179093	0.212070173548334	0.166412871730796	1.62403541148068	0.20253002387444	0.378287896904125
FBgn0030554	130.62876585359	0.203028510323478	0.229502059185816	0.783121247984624	0.37618824786467	0.570929812475653
FBgn0030555	419.959527045415	-0.234178231741353	0.217671770578866	1.15651838420719	0.282188768905992	0.473210508708947
FBgn0030556	1027.79836864113	-0.00265277857194583	0.135650566108106	0.000438530468642284	0.98329262551843	0.991495157990473
FBgn0030558	446.944658043179	0.739254111328387	0.403577915436814	3.32033092816388	0.0684280538036513	0.179214183462115
FBgn0030566	28.9917260580361	-1.15558721942113	0.597038935488043	3.71552750223029	0.0539085882622322	0.151505599666016
FBgn0030571	159.87089802119	-0.284434420556676	0.217990502946805	1.70151266955008	0.192090271694229	0.36443693562701
FBgn0030572	128.619958911541	0.289246652711413	0.299550446237238	0.933392282017891	0.333982991350229	0.529381339262514
FBgn0030574	2145.91423275061	0.802768072192717	0.221188482663458	13.0119503868752	0.000309509405492628	0.00260353764925352
FBgn0030576	271.663865808599	-0.0301826009551635	0.199472706303973	0.0231661860119843	0.879025706516098	0.934633429846735
FBgn0030582	1354.57356690223	-0.003924915150261	0.162485411935916	0.000623175942578769	0.980084083535227	0.989480417854685
FBgn0030584	403.304142697308	0.708990560585881	0.226355095549221	9.73025439379317	0.00181259398707533	0.0116322395214202
FBgn0030597	490.635717021633	0.509320720797616	0.260024237498086	3.81696408528278	0.0507360886633837	0.14541537798874
FBgn0030600	1801.32247932966	-0.486164170100765	0.234012110288179	4.29672020140755	0.0381859478105425	0.11893851164145
FBgn0030605	699.614169783461	0.9126987999906	0.224221985809758	16.3388184395732	5.29677535963696e-05	0.000558407954282395
FBgn0030608	5389.18087173773	0.44932648855544	0.228079126378948	3.86559026706821	0.0492858545632987	0.142776881374441
FBgn0030610	338.590425392214	0.569011596513336	0.190680846204102	8.86717203406909	0.00290344577631035	0.0169781348775099
FBgn0030615	648.104188788096	0.0902852472297693	0.310692675440452	0.0844233862095223	0.771390129797961	0.871637593543717
FBgn0030616	15184.7356809052	0.683032748838252	0.131766062272334	26.6266261374179	2.46818720728352e-07	4.39098466069956e-06
FBgn0030617	276.455467351804	-0.141339581671654	0.327272083130655	0.186604604469451	0.665757729271601	0.808315753091451
FBgn0030620	34.7138493978804	-1.17448685868585	0.548427086559426	4.54854934111783	0.032946648828485	0.106608444907427
FBgn0030622	37.2469506343778	-1.03130373938056	0.466153810670992	4.88992350366096	0.0270138830888683	0.0927150931062521
FBgn0030623	40.646874042081	-0.92699675015722	0.532706360869054	3.01425084503681	0.0825355834179925	0.204576962943923
FBgn0030624	70.0866018417357	-0.974384898523223	0.485786465745715	3.98494805266476	0.0459085162696489	0.135909913236881
FBgn0030625	285.501870311536	-0.584483857541927	0.257754955719542	5.12178993737641	0.0236272336756837	0.0842030330994479
FBgn0030628	151.846168499926	-0.288051386807046	0.30427345389081	0.893719657559615	0.344471302620491	0.540183894494973
FBgn0030629	95.9399339589252	-0.490630393273491	0.346173586400165	2.00222550225799	0.157068443998234	0.31886368077332
FBgn0030630	312.940931730988	0.207160898837437	0.184755822191699	1.25734847245847	0.262153585932059	0.451766459254382
FBgn0030631	564.941864074003	-0.245403607314591	0.227226724236281	1.16543794811699	0.280340606053865	0.472025474326139
FBgn0030638	248.042438345916	0.790923919829006	0.217365758137439	13.1324399855341	0.000290226560085566	0.00245773432456338
FBgn0030640	465.807753130551	-0.00199987504168962	0.204213649795908	0.000206101996312213	0.988545760946631	0.993612916572853
FBgn0030645	79.9759717047398	0.302899995651017	0.304424436563267	0.990842782581986	0.319536478279505	0.513680066376089
FBgn0030648	822.372899547747	-0.136455894487848	0.15808010705829	0.744831558035656	0.38811753994791	0.581846614424117
FBgn0030653	1994.22575046878	0.842976350492878	0.224032620277878	13.9678812673034	0.000185960447357926	0.00167954451124498
FBgn0030655	189.252742713508	0.0918092668164631	0.197760244612039	0.215701600469245	0.642334783945857	0.790650185345024
FBgn0030658	848.532253420368	0.244437376893787	0.158691509545548	2.3699594345199	0.123690265578889	0.270502888042631
FBgn0030659	237.7069034838	-0.0980298543980211	0.187348657454954	0.27401905815217	0.600648407289654	0.76074659766383
FBgn0030660	134.405761016383	-0.232815732297702	0.419481369291559	0.308383305010437	0.578673952459928	0.743804654990008
FBgn0030662	681.844363433777	0.045179188611661	0.156289296500557	0.0837007942795225	0.772343475231938	0.872284503448947
FBgn0030664	13.0960464760577	-1.28866222590103	0.754364442025589	2.92702071668373	0.0871081054969555	0.211980673719011
FBgn0030669	337.331148295295	0.667559584414177	0.205309341125941	10.5036517430726	0.00119138857592782	0.00821955652383669
FBgn0030670	864.330990170559	0.390726011291582	0.156784392137357	6.19374027634099	0.0128202945633978	0.0535635791796506
FBgn0030671	486.797710836575	0.174429154962466	0.207877619056302	0.703661602472792	0.401556071216117	0.596520332055726
FBgn0030672	3328.95253582943	0.0897653108559516	0.14526136413284	0.381779180024154	0.536652584121426	0.712093594328941
FBgn0030674	9111.64972325903	-0.49340626889788	0.268169770681564	3.36899210526163	0.0664343870824043	0.175619242544978
FBgn0030675	139.093399812092	0.106834828949173	0.238654446390441	0.201372538467169	0.653615246044999	0.798822843642808
FBgn0030678	310.511124244619	0.421695109211381	0.206247353419134	4.16957315151227	0.0411561670373752	0.125748621169598
FBgn0030679	1879.78883903821	0.603439240479482	0.282741597225957	4.52224127093778	0.0334569750403033	0.107871736034952
FBgn0030680	410.886184364878	-0.190437898601614	0.176217199086022	1.16660772043262	0.280099360528807	0.471900356556228
FBgn0030683	175.19697388766	0.157705259634323	0.212714018398952	0.550686908298552	0.458037159557834	0.649376589964385
FBgn0030685	1195.85570337517	0.0516390680196891	0.136656414052295	0.142841504938289	0.705472354579729	0.833098139346993
FBgn0030686	299.759243577926	0.299438319622713	0.221202475972954	1.83218436126127	0.175869757377093	0.344733683174092
FBgn0030687	519.584592720162	-0.172006788740582	0.157177513116938	1.1969589063717	0.273930343185555	0.465107051812457
FBgn0030688	3317.60349256658	0.451288227453692	0.25087918804011	3.22258503537284	0.0726288498696843	0.186844598032097
FBgn0030691	109.224981894041	-0.67991109915569	0.431715324856231	2.47099932236808	0.115964174732263	0.258010054926246
FBgn0030693	1941.64626178158	0.347533961844024	0.168649968889915	4.23610088462192	0.0395729516387335	0.122093444032932
FBgn0030694	170.23897279079	-0.267661173287379	0.210519727522514	1.62077716611184	0.202983456906284	0.37883376136655
FBgn0030695	421.687900886366	-0.00126250181401378	0.160093163308119	0.000139444763476604	0.990578260914622	0.994522991729506
FBgn0030697	514.698845609466	-0.705372476130282	0.396350601714181	3.14026631489403	0.0763813351105687	0.19384207679484
FBgn0030699	524.475662792183	-0.0109517268573786	0.139019195707751	0.00621232046019315	0.937177167989404	0.96664539220789
FBgn0030701	1022.57895179187	-0.512673440598041	0.218010390027971	5.50454670847762	0.0189670957567164	0.0717076490819474
FBgn0030703	2001.05914205055	0.254760017554266	0.168851860663122	2.27376137094832	0.131580210854698	0.282359868818545
FBgn0030706	225.742824941805	-0.759350351722558	0.275285483801638	7.55962268947464	0.00596904877009273	0.0298337736517339
FBgn0030710	150.002224616973	-0.489588360776807	0.229264740135076	4.56643066261225	0.0326044309255156	0.105850440944352
FBgn0030711	88.6458334751113	0.104591028973124	0.288603359051847	0.132211079770045	0.716150441744215	0.839579098267285
FBgn0030716	283.44322302059	-0.334086309622002	0.178654434676414	3.49725584203797	0.0614706069151899	0.166692266570263
FBgn0030717	293.408259834213	0.18041962580937	0.190734791784319	0.894766429947111	0.344188910767268	0.539932968641844
FBgn0030718	1720.41537055815	0.798353401331085	0.140477707549327	31.9421138857174	1.58835900015997e-08	3.53931308520495e-07
FBgn0030719	2432.84004079413	0.223338834636933	0.165177082505316	1.82658909025253	0.17653095696458	0.345313492408657
FBgn0030720	522.997519368518	0.064352917113719	0.16817838589962	0.146537743885176	0.701866217505374	0.830642100760116
FBgn0030724	2140.09909303077	0.876466473826118	0.239511572615872	13.1953770855446	0.000280640527542361	0.00238341868626929
FBgn0030731	4069.29150348584	0.490262276544681	0.175879178853231	7.73339768350144	0.00542086463320837	0.0277546106589578
FBgn0030734	1514.03048862845	0.442652437692837	0.151242627783389	8.53712839299448	0.00347974183789963	0.0196325076583288
FBgn0030735	1480.26435478241	0.00815533927110325	0.136464461990413	0.00359772749334297	0.952170719890998	0.973416334064323
FBgn0030738	524.378338199208	-0.202781278465211	0.171166020390331	1.40365552067247	0.236112474990229	0.42166696606229
FBgn0030739	219.382624563482	-0.0419693528097854	0.256616858184626	0.0267631230001513	0.870050464800247	0.929528911351488
FBgn0030742	83.0943712099546	-0.504627790061891	0.306013759535757	2.72713474450674	0.0986561349771747	0.230180257810309
FBgn0030743	165.897263691288	0.690008407269138	0.196868494643168	12.25338585038	0.000464414709663272	0.003668751475442
FBgn0030744	314.084286056078	-0.138769705933747	0.190214914740402	0.531797846847496	0.465851986599542	0.656133747766059
FBgn0030747	2026.59484989498	0.325351983528066	0.198830263275709	2.67192897167071	0.102132169768299	0.235734832863058
FBgn0030748	698.984830108736	0.427617244574617	0.190167641510522	5.03892081713579	0.0247839250639929	0.0870248128788989
FBgn0030749	1621.42825432205	0.390714080851858	0.236641959390676	2.71748687620693	0.0992541763059763	0.23108676826489
FBgn0030752	1481.01885063913	0.293347931603349	0.171774458885247	2.91109106327472	0.0879723419751524	0.213226064582702
FBgn0030753	3479.16109587719	-0.25319926205198	0.225504783247898	1.25894041060249	0.261851751722766	0.451463556105424
FBgn0030756	3858.20842450492	-0.610147463498908	0.253686410493495	5.74223899548065	0.0165616675218288	0.0646351854102684
FBgn0030757	123.05698528612	-0.592974721928631	0.289755465870412	4.17635101299932	0.0409918685079058	0.125420335545687
FBgn0030759	186.842650873605	0.603662245726088	0.225805988958467	7.12062857007732	0.00762019850317796	0.0359043011332763
FBgn0030761	500.818747673421	0.163379252791809	0.204265456619728	0.63942284008715	0.423919872414745	0.618754676829094
FBgn0030763	2619.59860854354	0.123687208696837	0.251252709676811	0.242252410404305	0.622584017500443	0.776573066630419
FBgn0030766	408.380813123277	0.0705093197505042	0.224770941177973	0.0984182114642209	0.753736163100172	0.861206299579166
FBgn0030768	805.723420750359	-0.365026013706615	0.196380313135827	3.44604876988284	0.0634031706633164	0.170154981123207
FBgn0030769	95.0603316298325	0.0182242547496511	0.726196342188131	0.000634973999694921	0.979896481506346	0.989480417854685
FBgn0030770	39.1064877673848	-0.852006467226061	0.571049938866486	2.217251928011	0.13647579201263	0.289904282310892
FBgn0030774	1044.16474276915	-0.0810002900240643	0.20950392459311	0.149592256310768	0.698925317633066	0.828600241412333
FBgn0030775	3901.77198661591	-0.0743880962218575	0.172089805108426	0.186815635705443	0.665580257489017	0.808296200396792
FBgn0030776	1516.4180655392	0.673242268477574	0.2041988123771	10.777092652171	0.00102763967074365	0.0072311742062536
FBgn0030777	5594.54314617824	0.94577515064052	0.165007351542906	32.2957724091232	1.324010882446e-08	3.01911169090252e-07
FBgn0030780	158.479513576692	-0.716673587771416	0.330636171935275	4.67727394103304	0.030564213937344	0.101200234064962
FBgn0030786	408.710783960229	0.426493707412743	0.174342976831888	5.97231966778281	0.014532152111426	0.0587679698584889
FBgn0030787	122.143624982112	-0.366990354008189	0.23435103334232	2.44842905274606	0.117642552281873	0.260692586975201
FBgn0030788	571.585204658917	0.00453456852260557	0.181945522396461	0.000621134172348548	0.98011672973713	0.989480417854685
FBgn0030790	452.284546673149	-0.0632856079821683	0.19657521388936	0.103618668246213	0.747529561409701	0.858049510767833
FBgn0030791	865.306087549578	0.343922658225603	0.140322459218125	5.99651612246934	0.0143341568633238	0.0583147073130331
FBgn0030794	67.8095002631836	-0.487491373894711	0.378273684526364	1.65432695382517	0.198371031231358	0.372272645594534
FBgn0030796	570.982037731861	0.679169823319112	0.150583604390147	20.21660531463	6.91500756312496e-06	9.23116894659828e-05
FBgn0030797	284.364835606305	-0.148077256386423	0.248284366980724	0.35517694808199	0.551197113816339	0.724205380035047
FBgn0030798	491.868109494656	-0.278636605818086	0.30266929296834	0.845565780673681	0.357809791073286	0.55326541735267
FBgn0030799	185.957406856081	0.0165305333605891	0.273647089593542	0.00407911204573708	0.949075390999529	0.972099971001723
FBgn0030800	308.550507315634	0.0727853244518981	0.229916787455279	0.100409779275182	0.751338436004603	0.860009126904219
FBgn0030803	171.095696038795	0.362680124126432	0.231653391376864	2.45024067012307	0.117506850300521	0.26045728386129
FBgn0030805	171.966281157015	0.047446401956775	0.237007111531033	0.0400928081431573	0.841299230731046	0.914860713904414
FBgn0030806	167.714623643244	-0.366259792198102	0.254030766538233	2.07820565467404	0.149415728688208	0.30840804443152
FBgn0030808	1100.74445672719	-0.391127551470544	0.23062612312345	2.86782995180221	0.0903666407854581	0.217214720318955
FBgn0030809	3935.0036786353	-0.683802462609107	0.290923419260707	5.47491654687198	0.0192912817647048	0.0725602175156673
FBgn0030812	1306.25684143531	-0.384791087926761	0.15937678466599	5.81374968000304	0.0159013540819114	0.0629101008729209
FBgn0030814	85.265191716779	-0.727126313669073	0.476984941606614	2.3103096201532	0.12851844795256	0.277612432003278
FBgn0030816	465.765221097723	-0.361259725219092	0.242663054973267	2.21154244196242	0.136981650980233	0.290629018574076
FBgn0030833	158.754246728116	-0.174365510473037	0.225983255060504	0.597425770087334	0.439561900402373	0.634188065590343
FBgn0030834	176.669052168051	0.344618781767172	0.216260824450387	2.53955094782951	0.111026358547267	0.250305719933848
FBgn0030837	3394.78437862545	0.19454494621689	0.223189203289007	0.759196499051626	0.383580093223856	0.577890076205889
FBgn0030838	802.337701551422	-0.23837958210479	0.134893959790002	3.12092670323382	0.0772928151514928	0.195368605241126
FBgn0030846	94.5600090262401	-0.76734174495635	0.421257874376952	3.30220875054542	0.0691867935616902	0.180729504555463
FBgn0030847	849.860680213264	0.0401588075570904	0.273725046786505	0.0215349782842509	0.883330922700953	0.93740373564801
FBgn0030850	400.949091790284	0.0762862005042258	0.223793512795064	0.116199170709663	0.73319392581461	0.850362779506989
FBgn0030851	110.256651293516	0.41296763267687	0.305794732817313	1.82144671183261	0.177141167152574	0.346046858302925
FBgn0030853	1060.86181799584	0.917952394157486	0.198867578053704	20.9937642158965	4.60780671459584e-06	6.49509368204372e-05
FBgn0030854	588.140157467353	-0.153445801903665	0.179439953454705	0.731069455267487	0.392536755930106	0.586280354490056
FBgn0030855	232.836464857679	0.00339827617883287	0.237318520268158	0.00061761019342299	0.98017320177559	0.989480417854685
FBgn0030858	843.867231563281	-0.042250146187695	0.166230870518024	0.0646150959523055	0.799344916345564	0.889460219651104
FBgn0030863	542.464076261286	-0.0840978507557563	0.148704552618538	0.319744856003297	0.571761017494118	0.739009699482657
FBgn0030864	211.049191307092	0.203813143085427	0.24271437151887	0.704957792816593	0.401122801653212	0.596099071370551
FBgn0030869	1020.08428577067	0.0293403809853024	0.186921811702254	0.0247122625516596	0.875086169122237	0.931792006315267
FBgn0030870	757.685984741398	-0.146477145478269	0.210283042999641	0.484814846751945	0.486249445369587	0.672307287048142
FBgn0030871	217.595290769422	-0.0356623570342584	0.198787832569613	0.0321878580211603	0.85761597702222	0.923698486505126
FBgn0030872	690.126923381586	0.841539278863861	0.224657560142699	13.8544992434623	0.00019752324594926	0.00176769282176092
FBgn0030873	1074.85560726073	0.168794789962467	0.192708786861691	0.766613998834572	0.381266581412451	0.575979509396245
FBgn0030874	168.511104432156	0.0694638905026144	0.235779283223347	0.0870333184467924	0.76798310955654	0.869809133452305
FBgn0030876	2559.09369447959	0.424000075590417	0.271702173194669	2.4267050376469	0.119283390953699	0.263085020194109
FBgn0030877	222.832214392332	-0.200614968264297	0.216731665730216	0.856511031071065	0.354716900134091	0.550350748555555
FBgn0030878	535.981660003597	0.252665089581522	0.193950947789097	1.69526535419942	0.192908331376126	0.365440772018663
FBgn0030882	2586.20122113715	0.495461109823364	0.180980124467747	7.4592128333871	0.00631125988644655	0.0311817229776063
FBgn0030887	184.497734634092	0.632048069089575	0.228891870737176	7.58948205690108	0.00587098144210414	0.0295525044182127
FBgn0030890	787.725582080623	0.200548117294099	0.16142654978406	1.5421456839059	0.214298706791226	0.394034546515061
FBgn0030891	488.224578115018	-0.190738568187777	0.166519701759819	1.31043623296819	0.252315688202435	0.440965266923803
FBgn0030892	337.680490421367	-0.135354780491759	0.157053375133968	0.743706818218904	0.388476033349897	0.582213261153301
FBgn0030893	428.188477717458	0.21390517857001	0.220003967816413	0.944365062671906	0.331157781757608	0.526700841065092
FBgn0030894	533.205590175737	-0.391956409138443	0.195787956657393	3.99932551978252	0.0455184756541345	0.135191864413357
FBgn0030912	62.1973845055743	0.235615169764419	0.402747562757594	0.342284738115922	0.558513387296267	0.729689388436816
FBgn0030915	162.218561847516	0.0106337891650905	0.26770536080131	0.00172656840963725	0.966855841439561	0.981538879988804
FBgn0030925	792.970217611143	-0.122172957476138	0.259811621259686	0.22093225327994	0.63833050442685	0.787780191756997
FBgn0030926	352.903738710313	0.67267526782643	0.29954844637811	5.00033143066543	0.025342465363728	0.0885280737804971
FBgn0030928	1456.40921299675	0.168676249426114	0.217941266255855	0.598601640487601	0.439112061502019	0.633969212373098
FBgn0030929	2668.42708782166	0.69613480490766	0.278415077141683	6.19260190511967	0.0128285436797256	0.0535726783861329
FBgn0030930	2034.94618042471	0.595175345913678	0.261617291239702	5.13915309592099	0.0233920568779114	0.083499801735716
FBgn0030932	1557.41918872163	0.18011047342306	0.232538710700599	0.599577431591072	0.438739300502254	0.633726565335061
FBgn0030933	150.054129887046	-0.882519276719326	0.406148299982919	4.67637496028067	0.0305802141371034	0.101215232387772
FBgn0030936	76.3059471159751	-0.540552832686626	0.440644412828021	1.5050115475025	0.21990186076698	0.401307100392195
FBgn0030941	376.008116151045	0.369272766231107	0.18481407455968	3.98473720534886	0.0459142623933753	0.135909913236881
FBgn0030943	217.611357370869	-0.0146326980864614	0.201970666156562	0.00553391288540439	0.940699847479888	0.967902921427534
FBgn0030944	516.626146009577	-0.120047729619566	0.210639446198356	0.32483153255437	0.568718435980946	0.73723688542616
FBgn0030945	304.081641063895	-0.0957163107341905	0.276761698169016	0.119607805865797	0.729460245509603	0.84817935746086
FBgn0030946	1070.33823935082	-0.182959202593531	0.158018953805371	1.34009056894138	0.247017996832031	0.434893616130455
FBgn0030951	26.3981363672262	-1.07814841718974	0.601707200798081	3.20531435360178	0.0733994024562934	0.188442341365823
FBgn0030955	6471.52061447976	-0.350419520390931	0.23969766324044	2.13212637317933	0.144240540781799	0.301178071902176
FBgn0030959	460.60009889339	-0.167473903924404	0.220823368867532	0.574880231490283	0.448326133203481	0.641587706679778
FBgn0030960	259.95330500154	-0.0950367836391203	0.186604329168508	0.260367410056986	0.609867851505275	0.7674802430369
FBgn0030963	82.0425084767738	-0.0395623945120623	0.282291128385458	0.0196632059737922	0.888481782261337	0.940786422720692
FBgn0030964	219.1415929386	-0.29822324407503	0.318580460035473	0.875202992209012	0.349518916092586	0.545464642826798
FBgn0030969	341.844283342945	0.073861346593682	0.214884000793418	0.118292549798213	0.730893785880034	0.848933189490101
FBgn0030970	165.398011733998	-0.192677984252786	0.274482064744927	0.49189349755413	0.483083872255564	0.669609187681919
FBgn0030973	725.250127979441	-0.0956359220070283	0.134713479297116	0.50377225900516	0.477847297189907	0.665486829293519
FBgn0030974	1895.49453766487	-0.0821162074443025	0.199158833441966	0.169947021027795	0.680158896053391	0.817673310459825
FBgn0030975	357.248334730228	-0.654653465603325	0.271168149877804	5.79631909741751	0.0160597610711062	0.0633450914364355
FBgn0030976	738.768913064791	0.983344630659027	0.262083797725182	13.831728903958	0.000199931328478286	0.00178381601869807
FBgn0030979	88.5721110258495	-0.832666060598246	0.481062118623877	2.97709908678526	0.0844505096105577	0.207379357135576
FBgn0030990	1201.4450435429	0.428256584682591	0.16111697631347	7.04292828801235	0.00795788174307449	0.037254638319982
FBgn0030991	868.927963480219	0.103694326442061	0.149053789496274	0.483936814325148	0.486644492194925	0.672642700364664
FBgn0030993	3160.22677996657	0.279536631255181	0.259012660429492	1.1628490545844	0.280875454326446	0.472354680574911
FBgn0030996	1189.33015481644	-0.231732866386408	0.176786631817197	1.71628911902822	0.190171418432113	0.362043710085214
FBgn0030998	331.088291710732	0.427170093021819	0.265204494023846	2.5847055950081	0.107900468919775	0.245074321170681
FBgn0030999	4584.16083412104	0.597122711590766	0.196354811636744	9.18348912674196	0.00244208036669606	0.01482043820889
FBgn0031000	1994.32168253552	0.292142980455683	0.261173112980291	1.24931481650268	0.26368338396865	0.453070231481255
FBgn0031002	332.17759541178	0.2240799109746	0.261159766742587	0.735273459495829	0.391179177214335	0.584846672270296
FBgn0031003	310.628962297646	0.0795304134110809	0.193362435847777	0.169465753975665	0.680587046055726	0.81769505405819
FBgn0031004	1317.35950907172	0.848100344579808	0.238294841348259	12.4964029984323	0.000407736308078478	0.00327376267741992
FBgn0031006	865.068030051457	-0.444738221575326	0.213053622802476	4.34166656040343	0.0371905030332112	0.116771474665276
FBgn0031008	245.685799680785	0.139816231993596	0.220269904080865	0.40326095466407	0.52540995129565	0.703950411514245
FBgn0031011	1611.82100638349	-0.317076141424889	0.189465120362645	2.79509791466776	0.0945529905496182	0.223810449980158
FBgn0031012	746.567035508659	0.514376676309431	0.20502394026933	6.26500030156345	0.0123146148672585	0.0518188658029036
FBgn0031016	1274.41034121181	-0.724330695416214	0.265668774272665	7.36131872173885	0.00666418974081029	0.032470905727725
FBgn0031020	1903.4901207161	-0.0332804185233202	0.149859434274699	0.0493532781882209	0.824192462929349	0.905237029236816
FBgn0031021	1016.51976427394	0.903561447127715	0.130766360051066	47.1841485739872	6.46209389945096e-12	2.66455684900726e-10
FBgn0031022	141.539602126576	-0.15497228136256	0.349455572347652	0.196334675855041	0.657695799933882	0.802254318304752
FBgn0031023	1763.11192232472	-0.288338643937871	0.191150690571496	2.27191170645662	0.131737311792853	0.282628261429646
FBgn0031030	1947.77947984192	-0.213321943084943	0.190574651036255	1.25191148515722	0.263187707789671	0.45269316268456
FBgn0031033	125.007669398824	-1.80901145171049	1.32481156645941	1.7553523198826	0.185205283570507	0.355766422532052
FBgn0031034	778.382827810674	-1.09685678454655	0.47287766833443	5.25801949332278	0.021845864705597	0.0797220472134772
FBgn0031036	208.718207143655	0.20910777059159	0.243967972910911	0.734435888448552	0.391449112312024	0.585151104021905
FBgn0031037	8799.91938509513	0.339771641883067	0.233595559647208	2.11071924407966	0.146270555454125	0.303549243021448
FBgn0031039	203.994176772653	0.0887811349739884	0.198602947893465	0.200161911633522	0.654590187350663	0.79990358858638
FBgn0031041	90.7116627406716	0.16808896220759	0.343254479895095	0.240851303487212	0.623591933577178	0.776870707593536
FBgn0031043	283.669587082676	0.220224003805144	0.253153021021526	0.757138012592563	0.384225660949684	0.578370391030367
FBgn0031044	162.256990677161	0.281940375514703	0.207530162322294	1.84570592161437	0.174283648168287	0.342970319232151
FBgn0031047	1388.23492839054	-0.0110457788571378	0.171073160737327	0.00417694111470723	0.948469188116018	0.971736368426404
FBgn0031048	660.716739188198	-0.00747396284033215	0.193151106829877	0.00159352484628528	0.968157720488927	0.982295472645083
FBgn0031049	608.445768547863	0.660676041243041	0.256203776150023	6.60130765827159	0.010190389961343	0.0450275418221785
FBgn0031050	599.724544402012	0.16080273424719	0.192246231933909	0.699270151053952	0.40302904277725	0.597671616683938
FBgn0031051	1052.08408965022	-0.566970599117047	0.202025418403553	7.8328881136669	0.00513040594727575	0.0267241452649122
FBgn0031052	1290.57216859913	-0.644266960521631	0.180348997754351	12.6733579749726	0.000370902801624503	0.00301089817988465
FBgn0031053	306.845182048781	-0.48349749313282	0.222965183585727	4.68493483778321	0.0304282176587526	0.10089789273148
FBgn0031054	397.835154208007	0.0810278448455561	0.202035292048596	0.160892208791545	0.688336406954126	0.822155802204746
FBgn0031055	414.657096563537	0.448050860974714	0.225934030698562	3.91771386167505	0.0477798130082226	0.139698167655585
FBgn0031057	3214.00222516174	0.0989648486177251	0.148132673381581	0.446216656605998	0.504137101113922	0.68766513838758
FBgn0031060	228.21703846749	0.300796736338902	0.178622637200141	2.83515161519149	0.0922220968164357	0.220175265776036
FBgn0031061	514.528263588807	-0.110886579793001	0.18645799360635	0.353395613388059	0.552197221064566	0.724702732348312
FBgn0031062	191.27862551347	0.00109127738679804	0.238565363760632	0.000171191741145549	0.989560755368733	0.994066951886806
FBgn0031068	230.639001815017	0.184998481128549	0.272282145588132	0.461815426352707	0.496776751291802	0.681311478613438
FBgn0031069	2970.63938888153	0.761491259020397	0.183884552552957	16.9598694169437	3.81783273245745e-05	0.000421633992881158
FBgn0031070	297.405088368884	-0.474975373998214	0.17638320708902	7.24525634126344	0.00710885648975342	0.0339807961352027
FBgn0031077	544.14830476353	-0.335755566297827	0.196600292710692	2.90965267759837	0.0880508351635817	0.213333489698914
FBgn0031078	1602.55614901911	-0.314973915593109	0.186276367219664	2.85371357283915	0.0911631392380287	0.218119181300533
FBgn0031080	93.8505627445344	0.522237570492222	0.55890984979906	0.868786595744211	0.351291449361544	0.546797627300453
FBgn0031081	463.632866099014	-0.736571172628252	0.253454890272267	8.36969577198326	0.00381529485798273	0.0210808777876266
FBgn0031082	31.9119817072428	-0.3681896233741	0.689693957910287	0.287308263808903	0.59195064404191	0.75340725270818
FBgn0031085	119.60078554883	-0.751801573595758	0.36587503210837	4.20026355334485	0.0404176973053528	0.124050699486064
FBgn0031089	2897.29767160552	0.567209312949585	0.383360878846943	2.17506903948745	0.140263221384151	0.294967270136737
FBgn0031090	825.673393805919	0.16686772023512	0.169687168178088	0.966584452093457	0.325533486412016	0.520476079742639
FBgn0031091	203.640900252525	-0.198981661636652	0.296177982346022	0.450615012982709	0.50204303912759	0.685868985487205
FBgn0031092	2355.43488767795	0.209028179628278	0.204206323273493	1.04675855616688	0.306254803340938	0.49868838986537
FBgn0031094	365.924820205685	0.0338512684610311	0.202745137806231	0.0281883648087558	0.866666741721583	0.928039867495027
FBgn0031098	448.097182524436	-0.0780477139198095	0.174954119520936	0.19889316092511	0.655615741789297	0.800824100989585
FBgn0031099	946.847347279426	0.378408445457176	0.273407047488178	1.90995875586522	0.166967840196171	0.332217220161387
FBgn0031103	73.6483291568558	-0.659372558250608	0.41516607829753	2.52001604676413	0.112409440766627	0.252610011801277
FBgn0031106	370.279920375027	0.0610531984213155	0.230873830287832	0.0700685303010715	0.791237026246649	0.884229072187207
FBgn0031107	2737.65016922296	-0.576922172496631	0.268448714166178	4.58863053673413	0.0321847199440091	0.105028834610183
FBgn0031108	104.243866035912	-0.910540941818571	0.478843879716703	3.57965018633491	0.0584914671962324	0.160499074700849
FBgn0031114	413.888749146937	0.0244991643466787	0.189828077058188	0.0168785426066123	0.896631741872171	0.945379195875258
FBgn0031115	402.122053374577	0.48785559910502	0.209972657563171	5.37666014677274	0.0204079103580941	0.0756954186632294
FBgn0031117	680.446572591519	0.40196751453647	0.216912877642514	3.42402334668738	0.0642542383570241	0.171759890718685
FBgn0031118	1421.04628362461	-0.403216202409128	0.282572072642316	2.03010490093556	0.154209963066621	0.314842367908344
FBgn0031119	325.684369767351	-0.331208657730276	0.195809868375658	2.8553816423868	0.0910686247331934	0.218070432739674
FBgn0031126	583.322978732259	-0.143765169193454	0.259842891163533	0.30596494780356	0.580166874828492	0.745180859313918
FBgn0031128	118.553457878168	-0.833463093701891	0.512812685267834	2.61804384067777	0.105654616931234	0.241215094385823
FBgn0031129	194.540964977472	-0.885707194181341	0.362975333019441	5.89224667996601	0.0152076865531267	0.0607756458989084
FBgn0031132	71.8246350044978	-1.16311053029037	0.477535158751068	5.85031800231082	0.015574236652901	0.0618916203201571
FBgn0031134	47.1611060651655	-1.04952436088342	0.533852648002868	3.83527141565169	0.0501848652891068	0.144668817808258
FBgn0031142	74.4032377096501	-0.526571598476797	0.478244666369122	1.21310430035392	0.270718193467617	0.461084095611049
FBgn0031143	1630.82874562877	0.30697167925162	0.182766873868247	2.81663931313834	0.0932915462978246	0.221768481824355
FBgn0031144	364.48802242177	0.146545324483824	0.236636842479303	0.383448831020104	0.535763235376763	0.711234359705816
FBgn0031148	914.547789995252	0.927191606773198	0.18406107150078	25.0089452883592	5.70649493354764e-07	9.57302496076508e-06
FBgn0031149	2500.14399954862	0.0771919141324875	0.182136717740468	0.179579741188547	0.671734653310601	0.811427219321105
FBgn0031150	232.047360381904	-0.116455781783965	0.249453505002893	0.218596737556695	0.640111220276778	0.789094915859498
FBgn0031155	46.0596618365645	-0.843427810209431	0.658661402477734	1.63145183810893	0.201502356502539	0.376706947834407
FBgn0031157	40.9586193493591	-1.02086130771007	0.614661044862095	2.73962152194812	0.097887948666472	0.229054165747268
FBgn0031161	722.256145323193	-0.360709349917021	0.197703622091161	3.32395938377205	0.0682772098055778	0.179042525802205
FBgn0031170	3960.69998174144	0.836916787022435	0.268506476631479	9.58428134095402	0.00196250239770342	0.0124048145826182
FBgn0031174	1724.40183371904	0.122927954733095	0.163966038667288	0.561845699841783	0.453517536548859	0.64556198459544
FBgn0031178	135.518250349506	0.452913272738877	0.457933765329619	0.974141374438474	0.323649499354395	0.518403191559845
FBgn0031182	378.189455744253	-0.0854258937713979	0.201033181923912	0.180446729750685	0.670989608844079	0.811244228459954
FBgn0031187	1675.77625331938	0.265233733340591	0.148596834755378	3.1815601126108	0.0744735918246568	0.190479702684282
FBgn0031188	376.797813426274	0.124817774405275	0.166379151627052	0.56290095405268	0.45309375986618	0.645166909320505
FBgn0031189	111.401936195649	-0.0448837850380188	0.249379941832996	0.0325167361236609	0.856898234487348	0.923698486505126
FBgn0031190	2223.01382333375	-0.103011919630305	0.204505448362046	0.253640829126766	0.614523045189123	0.77013937661537
FBgn0031191	151.896998627642	-0.555740791539808	0.223637326786274	6.17516051705605	0.0129556156393929	0.0540011111960337
FBgn0031194	952.01512823596	0.226502604545952	0.165828650020629	1.86357818620877	0.172212393700036	0.340184052386191
FBgn0031195	284.971995317961	-0.0214199821307982	0.168533581017949	0.0161874391618824	0.898758466690204	0.946244938281606
FBgn0031213	902.043081767529	0.26865441703073	0.215022496527794	1.55879298482516	0.21184203803424	0.39082043562913
FBgn0031216	742.923631478195	-0.0952861252662407	0.225699673398594	0.178355485171721	0.672790336203797	0.812183806050309
FBgn0031217	408.957559861439	0.23978840742753	0.200163531118706	1.43412691585189	0.231092102714633	0.416069519353994
FBgn0031220	902.494765651985	-0.922266071855169	0.315659380443542	8.40780149847666	0.00373614201559082	0.0207605271697566
FBgn0031224	281.957440003711	0.240175179919854	0.194989295446874	1.51634123651208	0.218174013955071	0.398998445417522
FBgn0031229	405.030226720652	-0.0130000637483184	0.194567695737184	0.0046595475374005	0.945577965869757	0.97058376763817
FBgn0031233	550.068784494176	-0.258238078804867	0.151923903064411	2.88820237863424	0.0892304354855203	0.215069479028744
FBgn0031238	202.668720048012	-0.182485847834152	0.212368435651586	0.739804785244971	0.3897234195333	0.583560063458652
FBgn0031240	229.432277484554	-1.03966803446478	0.432189562325225	5.68968711403718	0.0170648969543896	0.0662475366148412
FBgn0031244	97.9802784049371	-0.664125657982105	0.245277808646331	7.34630888305485	0.00672005872192235	0.0326582952326558
FBgn0031245	1433.43208585116	0.767703324567238	0.204739535680301	13.9063112280219	0.000192152166166519	0.0017283901266599
FBgn0031248	19109.2909731878	-0.156332714253416	0.21806014078012	0.513731016044332	0.47352817300169	0.661874322598909
FBgn0031249	15433.2238816715	0.646039295036888	0.291377078636812	4.87548440896222	0.0272407941096737	0.093348647465538
FBgn0031250	1022.34211684058	-0.365459139354942	0.182338477161149	4.0085225304894	0.0452708056369915	0.134592179562269
FBgn0031251	709.530338771893	-0.271529691505677	0.178839599453652	2.30410499661402	0.129032585018215	0.278450361995776
FBgn0031252	71.0960758287334	-0.257976649313729	0.385565827198881	0.448971638572822	0.502823711752021	0.686722865268509
FBgn0031253	214.805272966565	-0.200996049457143	0.247269122544155	0.660641006008326	0.416333735245609	0.610964390455222
FBgn0031256	820.125060473794	0.537916145120856	0.201558041890588	7.08907480442419	0.00775552749668416	0.0364596561698141
FBgn0031258	276.20104655865	0.134721710455553	0.313282225168274	0.184857657039956	0.667231459226495	0.809491640167909
FBgn0031260	3008.87779066749	0.589000035718945	0.178362600154327	10.8320455086952	0.00099758369796349	0.00705342832598544
FBgn0031261	356.369088720306	-0.258613414206415	0.231195367417527	1.24891189578888	0.263760401078786	0.453070231481255
FBgn0031263	1662.44496992522	0.779794635565262	0.174215216869715	19.8150630246144	8.53077487177477e-06	0.000111025895971299
FBgn0031264	634.132765682083	0.134514578147483	0.303137018640565	0.196893288849765	0.657240266936156	0.801809500268857
FBgn0031265	390.064886527165	0.0872447600917323	0.209329913379784	0.173714712254565	0.676831308295331	0.81575541191869
FBgn0031266	1231.04923062515	-0.27508061265723	0.216974917862248	1.60489550863851	0.205210823246906	0.382101773439692
FBgn0031267	416.810516044044	-0.238504527598325	0.2682351332806	0.790170035922927	0.37404871532679	0.568873813175387
FBgn0031268	351.8669663925	0.176516178222893	0.271181587117755	0.423336234665157	0.515277005061032	0.695868425567577
FBgn0031270	47.5472181771596	-0.232813076669364	0.354844197924836	0.433853748558654	0.510104005955679	0.691782723603962
FBgn0031281	189.882926891896	0.0360421933196956	0.205773413003647	0.0307363482047691	0.860829887438547	0.925485338822239
FBgn0031282	118.673405354925	0.76512217937757	0.227397729018942	11.2903335618416	0.000779116821163323	0.00571007211789466
FBgn0031284	125.983800168745	0.071069622773634	0.255599746283833	0.0774133816289719	0.780833808618201	0.878222637092847
FBgn0031285	6097.87444945589	0.0505006808517153	0.256081454325857	0.0388854107548156	0.843675850505305	0.915919747152905
FBgn0031286	155.429248065033	-0.0101418961584423	0.203896721754909	0.00258116076965109	0.959480806653575	0.976970815580213
FBgn0031287	139.757306184257	0.108373426882119	0.238625011209532	0.206343171447799	0.649648812844843	0.796180711742069
FBgn0031292	188.008858111334	-1.02812938988507	0.425056287903704	5.75876948541321	0.0164065579940666	0.064143317562979
FBgn0031294	2001.13725570524	-0.215918325862301	0.155120846976744	1.93541365998882	0.164167378222398	0.328260354732482
FBgn0031295	101.438698144329	-0.848911549120654	0.503115685716506	2.82157876727995	0.0930048833471925	0.221568228705513
FBgn0031298	1523.75060143161	-0.167579614624828	0.153599843533001	1.18948422687043	0.27543361852236	0.466940682006015
FBgn0031299	264.111311184555	-0.0106839020245715	0.199331495094965	0.00324659783915138	0.954561983659993	0.973988777036977
FBgn0031304	1122.11307398355	0.178491816020056	0.141203398442903	1.59697228353333	0.206332810578628	0.383624256330765
FBgn0031306	320.157975453671	-0.2304053096863	0.175031520295306	1.73101101263291	0.188281833389616	0.359532330194758
FBgn0031309	146.560850896116	0.166653399134175	0.262041549526181	0.404973164209693	0.524532019443884	0.703201236641269
FBgn0031310	403.325289789051	0.307194258198617	0.199575126382311	2.36567271108934	0.124030436369186	0.270973798042092
FBgn0031312	453.266077890024	0.418929301189967	0.162884949545175	6.60215413178413	0.0101855465998437	0.0450275418221785
FBgn0031314	207.420942349943	-0.0392147023257511	0.198386390746559	0.0394067825686903	0.842644953240728	0.915476368800318
FBgn0031315	149.125247189605	0.132234394535048	0.297995131542552	0.19720942206056	0.656982811920766	0.801606240651111
FBgn0031317	374.999135209991	0.185589516381635	0.194385042772821	0.911117947464128	0.339817968283484	0.53545602716669
FBgn0031318	781.481551759206	-0.256574526702018	0.169808159176194	2.28024433046218	0.131031230038476	0.281729915657775
FBgn0031319	585.825083980466	-0.221382969559744	0.134279871210641	2.71789434998175	0.0992288384009197	0.23108676826489
FBgn0031320	514.963080657874	-0.211170181703214	0.18356884480886	1.32191124233798	0.250249330321267	0.438521634782151
FBgn0031321	111.850703383361	0.0539549103977758	0.254906919256174	0.0450226553594959	0.831962375597216	0.910881113001983
FBgn0031322	1502.64724441264	0.97819969971865	0.27352540522202	12.5595804732318	0.000394180230547542	0.00318520728420468
FBgn0031327	1185.9070655719	-0.0812807740129179	0.220666099932837	0.13562342576752	0.712671278950659	0.836820641197637
FBgn0031332	31.6365058229307	-0.653654965129594	0.487803635901277	1.79962919423677	0.179757329952325	0.34899420891074
FBgn0031333	52.0901251444763	-0.6910958698709	0.715914361844732	0.92947371903265	0.334999716203668	0.53042122658912
FBgn0031335	51.2363607321637	-1.15803547443315	0.531429053395441	4.69955342573924	0.0301704556933641	0.100234977800544
FBgn0031337	55.9480219146086	-0.249063664334918	0.54558839262423	0.20908207212247	0.647487819632386	0.794635955554405
FBgn0031343	148.746190595272	-0.507387510192433	0.433705450329885	1.36523523805379	0.24263222571883	0.428855591112518
FBgn0031344	195.42354798811	0.155088298602661	0.207695704354642	0.558381835131129	0.45491296145821	0.646666116537057
FBgn0031351	47.4092993444698	-0.367196281495775	0.342360982963107	1.15026807983036	0.283493038161866	0.474495934890042
FBgn0031356	1538.52595079052	0.0465105799247064	0.134598037497812	0.11943902624192	0.729643708906908	0.84817935746086
FBgn0031357	155.653321294967	0.414725933961664	0.314755015986661	1.73450087559798	0.187837113306265	0.359039241790018
FBgn0031359	862.180245958125	0.0669313948034162	0.151518463832746	0.19514625404085	0.658667509421251	0.803106550108211
FBgn0031360	1476.36937939541	0.581982496699737	0.223007236650048	6.76565238616799	0.00929289459161136	0.0419122852605789
FBgn0031372	74.4202720799801	-0.689647408037667	0.467905496168528	2.16703574165506	0.140997788517242	0.296300187157929
FBgn0031374	1722.42479614953	-0.317562461954439	0.194615858863937	2.65760527232668	0.103055784433965	0.23706054271254
FBgn0031375	87.5717584222422	-0.477859314376011	0.325009153248156	2.16494702372147	0.141189488686827	0.29656178247383
FBgn0031377	397.204918506393	-0.065352600122028	0.230619505595169	0.0804730299338701	0.77665739598257	0.875161783042342
FBgn0031379	571.855954569064	-0.0690348329031644	0.176337498143281	0.153382438590057	0.695323710467101	0.826394408981246
FBgn0031381	2876.66606597961	0.686996590335934	0.33855505497703	4.07954648736694	0.0434053073275787	0.130541387818185
FBgn0031389	133.247332684722	0.136190048864651	0.231412764295299	0.34691740293038	0.555863321996664	0.727735601379609
FBgn0031390	1329.83351228037	-0.165448755633165	0.216207486164469	0.585350228807187	0.444222810176446	0.637576785458191
FBgn0031391	249.513081597398	-0.0579228314734244	0.216089524077856	0.0718489731484695	0.788663458614092	0.883025599052324
FBgn0031392	755.397795429852	-0.128984119956976	0.205478731955542	0.394371392507395	0.530010515726983	0.707676232377392
FBgn0031395	524.007311377823	0.137049837006208	0.177830886644953	0.593835365232096	0.440939827409907	0.635241312173881
FBgn0031399	722.950339960821	-0.131460467390459	0.179323012554202	0.536930676834089	0.463707544448052	0.654559951957861
FBgn0031401	738.017957439245	0.571956775981324	0.171566145137676	11.0572376158045	0.000883416644873601	0.00634802394710424
FBgn0031403	59.6551461724024	-0.115225405017706	0.395478908926372	0.0859079573846202	0.76944526382107	0.87045961640476
FBgn0031410	87.56273505279	-0.776763562439638	0.506708993244974	2.33458924127258	0.126528362163092	0.274577641378878
FBgn0031417	222.899501012374	-0.167441892611926	0.369133440587957	0.205425315445609	0.650376871179285	0.796409313250904
FBgn0031418	835.771320133026	0.340008315739466	0.165831622890414	4.19537049495372	0.0405344950631435	0.124322691844692
FBgn0031420	765.177538984063	-0.276645663895574	0.137423633199468	4.04841967815692	0.0442127158820359	0.132293321445604
FBgn0031423	43.4618850468364	-0.893255978181133	0.595976114811759	2.2331601822172	0.135077322562355	0.287903935818894
FBgn0031428	291.7106183275	0.36644787372181	0.240938174386397	2.30728951222916	0.12876841919977	0.278016278693117
FBgn0031432	1306.76928575405	0.479395571103757	0.404685348757847	1.39685714767815	0.237250496077413	0.422928965128706
FBgn0031434	105.924051016805	-0.0780911162551423	0.255095185492555	0.0937348704302394	0.759481676411731	0.865177680435982
FBgn0031436	1002.84746413929	0.917522172420757	0.155991630165637	34.1230145261519	5.17357427304751e-09	1.27875684552861e-07
FBgn0031437	1165.09744378252	0.357491589593301	0.205965341374152	3.00482817670259	0.0830167789057414	0.205278324340568
FBgn0031440	67.9298851128127	-0.581622259913588	0.53728174812702	1.17046084396868	0.279306569723953	0.471460195025434
FBgn0031441	32.820417471025	-0.64390201272205	0.60266799767563	1.14368728026056	0.284874532762555	0.475916029899278
FBgn0031442	29.5304797542143	-0.980306682691314	0.65595081325703	2.22223849502161	0.136035694518716	0.289178262691677
FBgn0031443	38.0123831652912	-0.719750720314523	0.584123690702096	1.51639414552298	0.218165983088932	0.398998445417522
FBgn0031449	564.572844538627	0.291993779443931	0.167546362569443	3.03338137371512	0.0815678643058333	0.203148415081759
FBgn0031450	2536.92780461414	-0.207335941742227	0.305939743282345	0.458897717163779	0.49813957753178	0.682226235005498
FBgn0031451	76.9354934740614	-0.838840507057936	0.390482454148841	4.59100797927147	0.0321401075268239	0.104982070511254
FBgn0031452	130.906517196795	-0.130393534663484	0.270088590905974	0.234460779407847	0.628235774257713	0.779903274064442
FBgn0031453	2370.63449448782	-0.114396652481689	0.204867660401404	0.311733840063539	0.576618175664384	0.741918749207134
FBgn0031454	175.057002653892	-0.532487647801171	0.230420134530027	5.32164330961101	0.0210621395770673	0.0775353857438638
FBgn0031455	175.057002653892	-0.532487647801171	0.230420134530027	5.32164330961101	0.0210621395770673	0.0775353857438638
FBgn0031456	389.117975229314	-0.324741330028602	0.183298831788707	3.13276810074682	0.0767333479500122	0.194399960468248
FBgn0031457	397.449389363654	-0.0353228816935703	0.253235195539932	0.019465352968723	0.889040604736648	0.941086167969792
FBgn0031458	366.933073266505	-0.182611232162428	0.220537721507314	0.685899555225404	0.407562605667957	0.602275735104488
FBgn0031459	1472.91840712676	0.757405483250182	0.178823008178219	17.7540534024755	2.51381323812923e-05	0.000291483416731305
FBgn0031461	1413.59081911416	-0.0269288109229704	0.186008142964404	0.0209719574096852	0.884855376233171	0.93845719229345
FBgn0031462	119.166687547314	-1.21766334042717	0.542126277208647	4.93777100580199	0.0262759007043799	0.0908180759167444
FBgn0031463	50.5637037531419	-0.604688924853648	0.565522458814091	1.14336637705205	0.284942117285504	0.475928306440903
FBgn0031468	80.9158703503218	-0.344790860354045	0.324255000264936	1.12941141802859	0.28790091929374	0.479056705986793
FBgn0031474	1033.82307744948	0.0498056831743586	0.170995131179488	0.0848390603371314	0.770843717254215	0.871258439583875
FBgn0031476	112.529281163287	-0.951757674171793	0.501103561550821	3.56390515806822	0.0590486678891434	0.161661928478969
FBgn0031478	1165.43932000422	0.57134574925309	0.16691081374445	11.6489564081446	0.000642385625935719	0.0048241793729845
FBgn0031479	176.480981154449	-0.0229359871804421	0.211903945608131	0.0120769423044393	0.912492535081631	0.953938849495857
FBgn0031483	350.088423349039	-0.360355747104972	0.302967844045823	1.41266702757893	0.234614155610432	0.420011221161788
FBgn0031484	169.202213467433	0.0985144008477224	0.281159510889656	0.123107695001991	0.725688083373437	0.846359071753154
FBgn0031485	202.370766118469	-0.06582816894937	0.264819794715918	0.0617904924848887	0.803688051975757	0.892267661126583
FBgn0031488	207.322403461127	-0.425810841666512	0.2055366250251	4.29270052486382	0.038276323130178	0.119168515626101
FBgn0031489	712.21031129266	-0.205869084187057	0.298690824703582	0.474442766102811	0.490950357275093	0.67650152319093
FBgn0031491	342.076465265285	-0.326642133230739	0.20798037366516	2.46208127404945	0.116624159918589	0.258956111505191
FBgn0031492	402.675113320751	-0.264505036284002	0.224618662821489	1.38678374604137	0.238948999668488	0.424755433737861
FBgn0031493	733.604204311203	-0.103289004057887	0.143052206893592	0.521369287754339	0.470258166612073	0.659302002866
FBgn0031495	569.620567708336	0.105495184839777	0.281041676001736	0.140874505558926	0.707413178622752	0.833563517453325
FBgn0031497	2032.37657361221	0.143910787251554	0.135585712459104	1.12634906298723	0.288555432249001	0.479783895640697
FBgn0031500	186.862436661329	0.218501269610835	0.272711404634469	0.641739906370333	0.423081453301511	0.617988866732748
FBgn0031501	63.2747369193587	-0.800828535281859	0.69833616610569	1.30537664322671	0.253233448470011	0.441956477313958
FBgn0031504	19.9305366281689	-0.979135549476938	0.917199315027173	1.13383538402193	0.28695872072757	0.478206165668876
FBgn0031512	577.165384822991	-0.173086993578338	0.255360226073539	0.459088889876682	0.498050089765427	0.682226235005498
FBgn0031514	1438.73267016474	0.294012199947653	0.162338634394287	3.27426184788257	0.070374578309935	0.182535355381207
FBgn0031515	1584.11911119018	0.210844419061054	0.306006166639397	0.474232874258277	0.49104626655008	0.67650152319093
FBgn0031516	666.228057154049	-0.21868645923453	0.1667739309146	1.7185257094463	0.189882929172258	0.361705619033314
FBgn0031517	1297.86838072408	0.590934063690222	0.225457233284836	6.82386486607012	0.00899477061892781	0.0409276966894378
FBgn0031518	294.857721007638	-0.170990016202886	0.210408814395059	0.660737525075326	0.416299689903317	0.610964390455222
FBgn0031526	94.1359003798909	-0.800499720237196	0.462849840960387	2.96923447651643	0.0848620033530358	0.207948435875365
FBgn0031530	709.582163361229	0.097680569540859	0.217512528779455	0.201655976414116	0.653387496805255	0.798655114532425
FBgn0031534	1959.53287059203	-0.346112411300427	0.172994909251286	3.99442921442353	0.0456509120762445	0.135493995345033
FBgn0031535	525.24859972337	0.0823786341217802	0.234232853548979	0.123773120822676	0.724977726273629	0.846079018203743
FBgn0031536	586.184725521533	0.208596645592666	0.191239547906809	1.18883669280966	0.275564334763082	0.467072548972232
FBgn0031538	657.135877468273	-0.094275447869136	0.29397384417896	0.102829579539787	0.748460093398841	0.858607886655144
FBgn0031540	95.7775074271201	-0.197489924452808	0.258619369137742	0.58709497782705	0.443544676504902	0.63722537047855
FBgn0031542	444.714402220846	0.269325715718829	0.300844078843011	0.800375199073045	0.37098121484546	0.56557329644028
FBgn0031544	739.207634670992	-0.258174503040127	0.202547246888244	1.62380272933599	0.202562365466001	0.378287896904125
FBgn0031545	1059.00999953952	-0.923474769151563	0.282103931461195	10.5533833418945	0.00115975604393148	0.00802013113765783
FBgn0031547	119.670887096397	0.947106355092616	0.287484295401018	10.7412912239125	0.00104771204626423	0.00734313828136264
FBgn0031549	187.202680180177	-0.218501209821692	0.229596894734455	0.906442682705126	0.341060044819703	0.537221320151564
FBgn0031558	1354.06444302991	-0.133916613355313	0.259607521665085	0.265937231883328	0.606070224973033	0.764412402883026
FBgn0031559	29.77724289005	-1.20997258397269	0.57607782063136	4.36475214361145	0.0366898202705699	0.115741736594908
FBgn0031562	543.44605333011	0.789726857976863	0.261524856828548	9.01585297656358	0.00267647955495326	0.0159360699007473
FBgn0031564	69.5433065503287	-0.351873401669832	0.339540745482367	1.07165020626844	0.300573000606166	0.4925266773164
FBgn0031566	789.776589814866	-0.396238314395991	0.157827273226598	6.28641036280895	0.012166721908259	0.0513680163246304
FBgn0031571	1955.95878554176	-0.474159520124102	0.319357819854592	2.19499509918856	0.138459649447891	0.292498909918169
FBgn0031573	109.683461915431	-0.191016289378075	0.250533252816015	0.5807546991295	0.446016654934786	0.639215683473209
FBgn0031574	681.338122549771	-0.762634346397723	0.282470344202741	7.2192725338351	0.0072124931745235	0.0343459469897438
FBgn0031575	303.149096974776	-0.487839746267419	0.333137085791802	2.13611093057281	0.143866203501099	0.300609846008452
FBgn0031579	433.152762575238	0.755716663338319	0.293973499986487	6.54398676960474	0.0105239246668298	0.0462005528657243
FBgn0031580	1231.6108024187	0.535167999093941	0.19408502744049	7.56452116985071	0.00595284678889214	0.0297777324632564
FBgn0031585	179.94163101152	-0.999965972674712	0.51886420438093	3.656244454771	0.0558594105314857	0.155392004580653
FBgn0031589	2294.78617881664	-0.582133115453897	0.276379249809997	4.40648141677954	0.0358026159230305	0.113600245560885
FBgn0031590	2020.25895068752	0.0705807886776819	0.123725388526543	0.32541037644782	0.568374204982266	0.737117797480775
FBgn0031597	65.484371734571	-0.170026370879766	0.311982252530133	0.300185947104296	0.583765872128478	0.747627003724484
FBgn0031598	521.954330080162	-0.019647346053499	0.175939940674126	0.0126463088628412	0.910462007131739	0.95267600509077
FBgn0031600	345.144579299558	0.674566667339983	0.194451734837778	11.9665677461792	0.000541636181149626	0.00417779515949677
FBgn0031601	167.893084556931	0.0152896920506812	0.221138180889681	0.0048905010159217	0.94424768987018	0.969627831671207
FBgn0031604	340.543831959168	0.105972400993135	0.185859606923606	0.325158953647481	0.568523672999284	0.737117797480775
FBgn0031606	427.80997673559	0.10287124481652	0.180297103161965	0.32558682132693	0.568269356186949	0.737117797480775
FBgn0031607	380.226561542516	0.114028248232419	0.218180965957046	0.273120012717627	0.601246478843464	0.761142378660102
FBgn0031608	174.108707882341	-0.20858357634333	0.229792877768125	0.824274076023329	0.363933482759854	0.558398374521466
FBgn0031609	225.140818884154	-0.816734073584357	0.185109360733384	19.3841919540859	1.06888183793496e-05	0.000136891340173267
FBgn0031611	398.259279979144	0.0569005452976141	0.202430489386959	0.079275889190157	0.778281111759008	0.876410481133421
FBgn0031613	23.9115525827576	-1.12990321083935	0.706118767850125	2.54072087868821	0.110944123244919	0.250248196194573
FBgn0031619	54.2690485155368	-0.202923490048318	0.400278025383838	0.256875275559707	0.612275055480395	0.768717654344026
FBgn0031620	136.145906654431	-0.423266137847518	0.475602950481115	0.791383568619104	0.373682092381385	0.56841420154686
FBgn0031623	80.621475027439	-0.758753781008838	0.49436626645557	2.34155554589429	0.125963713754433	0.274073243960657
FBgn0031626	105.265566238176	-0.763460266021855	0.519387090071369	2.14374480992047	0.143152073892265	0.299448436034286
FBgn0031632	204.636584841966	-0.526134902213965	0.261416405867708	4.04167879396869	0.044389642872132	0.132597904097391
FBgn0031633	1224.86015876298	0.326351064321815	0.205357260157623	2.51985928422435	0.112420616086085	0.252610011801277
FBgn0031635	823.862696564841	-0.000697193014150362	0.139400790531891	4.77289440112827e-05	0.994487767597468	0.995729043603774
FBgn0031636	545.192134397517	0.778166357390426	0.19799251660144	15.2943039380553	9.19934892942063e-05	0.000907998377552658
FBgn0031637	2206.31229572655	0.400075582957743	0.18966362977942	4.43550228541655	0.0351988611852529	0.112209086379578
FBgn0031638	298.571797884353	-0.1370025560503	0.2251447323706	0.370470894662454	0.542747702047362	0.716375707115238
FBgn0031640	383.49795697998	0.295209023863492	0.180001075432122	2.68784535791401	0.101116462272994	0.234358258225522
FBgn0031643	800.969045842882	0.140858394895344	0.162789311450666	0.748455733043755	0.386965595671859	0.580612891720538
FBgn0031645	2842.18232667007	0.536888386232245	0.17413114047772	9.45361625857011	0.00210733211019776	0.01313213173756
FBgn0031649	367.242392489964	0.416909570873578	0.291570913500667	2.03753980386389	0.15345766382263	0.31381469885768
FBgn0031654	34969.158755434	0.58077128997717	0.23742349619186	5.94377525008075	0.014769350067434	0.059481855314942
FBgn0031655	97.3862576185085	-0.297067039017063	0.305689468259184	0.942950449301918	0.33152021493629	0.527087275062671
FBgn0031657	161.421603879809	-0.0205151449031641	0.258716422823115	0.00628867414199874	0.936793082836939	0.966475173968567
FBgn0031659	521.586105444489	0.0362403965895316	0.175958054143183	0.0424450966031884	0.836773665519885	0.912379778697139
FBgn0031661	444.837795454051	0.43231043279414	0.148772643123123	8.42813838695203	0.00369458404467621	0.0206070052259332
FBgn0031662	678.252997772123	0.246415351675675	0.16851102273173	2.13711395626103	0.143772144630513	0.300555651319509
FBgn0031663	163.879084795927	-0.303289030065781	0.219591096581805	1.91295249637187	0.166635659102963	0.331842260420796
FBgn0031664	389.590039616519	0.154362761037924	0.155563754451488	0.98488323699852	0.320996179942516	0.515363897594248
FBgn0031668	145.713047598967	0.1762105610172	0.230279817679626	0.585866330060618	0.444022049722396	0.637415825408446
FBgn0031670	1100.82001742475	0.185897099625986	0.183510089864468	1.02583440958634	0.311139057128306	0.504593096875606
FBgn0031673	542.287832910892	-0.397543575575933	0.151082579810214	6.90984035762114	0.00857226442733907	0.0394172284037728
FBgn0031675	99.8253086363691	-0.800571199879887	0.287860748726322	7.72855520487095	0.00543542259374727	0.0277804155616402
FBgn0031676	217.30926786053	0.235417049116312	0.184287849618823	1.63202543262156	0.20142313150802	0.376706947834407
FBgn0031681	1817.71455040129	-0.00151507150518443	0.169578322831203	0.000102262921430452	0.991931519435377	0.994862892418477
FBgn0031682	1131.4964206518	-0.395665335676953	0.15599612982773	6.41612398345043	0.0113088724970971	0.048745325406501
FBgn0031683	430.248788077658	-0.18883384936433	0.179620298315445	1.10546600220011	0.293069666941375	0.485018339625163
FBgn0031689	800.022711987046	-0.0964090046533465	0.323806962764985	0.0885996058583487	0.765965072978234	0.868325735745677
FBgn0031690	156.451608391581	-0.870422722857106	0.385847576047225	5.04221937552739	0.0247367786572895	0.0869284487741628
FBgn0031693	698.570193280411	0.815857241277934	0.317213306167909	6.53257599665837	0.0105916458245164	0.0463742568519976
FBgn0031696	572.10979881915	-0.363666291542338	0.189970789748911	3.65972688028522	0.0557427699961775	0.155280366169591
FBgn0031698	1482.69993949914	-0.454397327147723	0.21736050842037	4.35383916738871	0.0369256165560641	0.116202439547329
FBgn0031702	1248.0371157187	0.170755493518424	0.153369879472562	1.23876008382125	0.265710149772976	0.455442945780188
FBgn0031708	441.702142478496	0.232699744149616	0.189657706271451	1.50478442100389	0.219936665627454	0.401307100392195
FBgn0031710	303.953806976032	0.188101743348106	0.183026083818095	1.05618067075847	0.304087904615123	0.496337157635581
FBgn0031711	892.140149647522	0.0644495787759844	0.15654878073299	0.169529826209782	0.68053000442432	0.81769505405819
FBgn0031713	886.113190128999	0.0230762682126648	0.196183114913483	0.0138563997406465	0.906294899717667	0.950477986281347
FBgn0031717	2028.46924722316	-0.363565913181702	0.261370287362139	1.92951906798551	0.164811070874624	0.329099997600743
FBgn0031722	91.7686147968893	-1.15134915060468	0.45355214410995	6.34685138895149	0.0117589820383532	0.0501020074874113
FBgn0031723	129.301283203664	-0.860551849365759	0.441240144088111	3.76718481532642	0.0522675326544377	0.148441811439574
FBgn0031732	284.518824381308	0.724844904503476	0.30636672876699	5.54553824740702	0.0185278578144259	0.0704697488596957
FBgn0031734	154.973651526985	0.97141039368015	0.249848261701709	14.9608632434564	0.000109764280971223	0.00105392819944513
FBgn0031735	283.579882231958	0.879207888294423	0.321142206799782	7.39584495206293	0.00653747088478777	0.0320303404149735
FBgn0031736	446.230046039417	0.0338704071083617	0.173309968329852	0.0383888466105589	0.844664393027594	0.916277535572426
FBgn0031738	682.502286040105	-0.197383427461165	0.241895036948659	0.665372837090729	0.414669513310915	0.609535862977763
FBgn0031739	110.383426625891	0.00211122602148823	0.302799234713432	0.000327664239300418	0.98555788270852	0.992410319342108
FBgn0031740	280.712225903394	-0.186933851482946	0.192288078950915	0.945172707965831	0.330951094356719	0.526467001370775
FBgn0031741	1028.71721956847	-1.11190893866075	0.445479629999641	6.08706324144677	0.0136175245995097	0.0560690377805766
FBgn0031745	130.625814021604	-0.607973356448553	0.468936036450736	1.66778358406282	0.196555668268105	0.369967409726485
FBgn0031751	342.221213642106	-0.869227750508036	0.356659284752585	5.86754522029159	0.0154225431135993	0.0614395126114676
FBgn0031752	1506.21161256909	-0.238928538716492	0.12519474032323	3.63905864570221	0.0564388369276984	0.15649644311377
FBgn0031758	47.7917302399347	-0.648299254163983	0.380431630572104	2.8984038635652	0.0886673106707963	0.214004471925357
FBgn0031759	2506.65866217809	-0.436201705265818	0.216218048605402	4.05521495197685	0.0440351123907519	0.131875773260939
FBgn0031760	164.71354332032	-0.513295314465071	0.249459722755467	4.22467553918956	0.039840235744481	0.122731485246486
FBgn0031762	243.913653772917	-0.154791195409671	0.225507072892499	0.471391225292606	0.492347835185419	0.677977106378923
FBgn0031764	184.04867862274	0.0415214098005378	0.271744062863161	0.0234876654647564	0.878195718592266	0.934313843845931
FBgn0031768	300.560169118909	0.42546717836129	0.208730045673177	4.14611766906317	0.0417300980938029	0.126887107367235
FBgn0031769	1479.01761986238	-0.173337614983669	0.121600579943102	2.03078326475354	0.154141149843534	0.314842367908344
FBgn0031771	2283.68785265849	0.49576526300297	0.160869520630844	9.45523743471715	0.00210547036613143	0.013131321581759
FBgn0031772	131.530173363186	0.0313193723360722	0.296458869634653	0.0112978905916634	0.915351046967127	0.955300267492575
FBgn0031773	367.078854581733	-0.263591011641176	0.179559945565728	2.15152491823848	0.142428366167676	0.298666326773662
FBgn0031774	312.743335689536	-0.525156815053553	0.25015899038444	4.38837950835975	0.0361846898774274	0.114483221039232
FBgn0031776	273.201969912171	0.0785671519758306	0.193529580632745	0.165059052512987	0.684540844435968	0.819369791675384
FBgn0031779	630.80268718908	0.287320296431596	0.180614588408191	2.52730468655776	0.111891195005864	0.251805127450075
FBgn0031782	226.930643871268	-0.161232517480337	0.199768865011486	0.650891870201555	0.419793993086486	0.6146112817314
FBgn0031784	70.5024964392117	-0.898558262991344	0.539617433307696	2.74915553093209	0.0973058088518952	0.228176044993123
FBgn0031785	409.198618805231	-0.866712636995206	0.277111298728083	9.66681268379102	0.00187626542448518	0.0119885344718734
FBgn0031786	52.8137512483551	-0.926210119188874	0.518682457001016	3.16865616432489	0.0750641856458891	0.191601496713719
FBgn0031799	605.622421895143	0.000992614257898599	0.213715022573957	7.22803530663896e-05	0.993216638497628	0.995133827421717
FBgn0031805	238.481715389245	-0.76693465352462	0.241330356720818	10.0068853698178	0.00155956050920369	0.0103005703092914
FBgn0031808	235.657861208791	-0.489285663797324	0.291615441690153	2.80334535668177	0.0940678494325081	0.223073018917617
FBgn0031813	5878.50884081154	0.684462901619134	0.190633272198981	12.7748156383171	0.000351317240656561	0.00288106257579321
FBgn0031814	790.265258233943	-0.0852536157392332	0.172993853454448	0.242724365333061	0.622245321947074	0.776289088203165
FBgn0031815	544.133714074212	0.756004569991833	0.151958696453332	24.5657069494998	7.18185310003103e-07	1.18675415270925e-05
FBgn0031816	728.134281552847	0.450406421273754	0.336389993672258	1.78514487290376	0.181518832661448	0.351150158682089
FBgn0031817	154.889470346701	-0.090056611285663	0.257756709399631	0.123334914439859	0.725445279545566	0.846359071753154
FBgn0031818	845.442257136453	0.521691606523929	0.186258651057475	7.80743991379671	0.00520315644776036	0.0270074426441397
FBgn0031820	813.396266381006	-0.40020519945351	0.254898591302756	2.45908462844901	0.116846858648034	0.259379020050884
FBgn0031822	165.392568696969	0.140818861684394	0.260305383894054	0.292966173486846	0.588325976639443	0.751203757372624
FBgn0031824	918.939375903736	0.776039593237303	0.226166588838629	11.642787226717	0.000644519569243477	0.00483608901275887
FBgn0031826	60.8484085570668	-0.754885995243311	0.492171811365189	2.34572814568362	0.125626848666264	0.273508836079722
FBgn0031831	78.9363414071266	-1.25157528244678	0.501776104506866	6.10272590123142	0.0134973522630466	0.0556545029762257
FBgn0031832	196.038398936021	0.187538038034483	0.19426159250366	0.932977102762202	0.33409051981187	0.529456671483467
FBgn0031849	169.910225023332	-0.938837107166703	0.481433551089342	3.75195016750175	0.0527459376056055	0.149367828444115
FBgn0031850	716.915761798472	-0.528516797044159	0.215302788749794	5.99855327812466	0.0143176144141498	0.0582742756413551
FBgn0031851	129.892268954963	0.0543083348903178	0.334541038972504	0.0268026884061925	0.869955298969565	0.929528911351488
FBgn0031853	337.272590292538	-0.952565627896978	0.305328022040675	9.59851346974688	0.00194734953661131	0.0123266946277319
FBgn0031856	51.6579859907353	-1.29932107971768	0.547616296433705	5.54831823181882	0.0184984524855656	0.0704373629360162
FBgn0031859	489.891582271623	-0.936745366974337	0.356925283517411	6.78598414349803	0.00918763627705188	0.0416392925057554
FBgn0031865	2470.30513567805	-0.634731060260031	0.208109855429537	9.23382825372823	0.00237584391052443	0.0144982342091753
FBgn0031868	662.933667757064	-0.241864078016426	0.155249022314663	2.42631347993654	0.119313197048653	0.263085020194109
FBgn0031871	429.461480030924	-0.133260227194734	0.218880002106378	0.370678102217738	0.542634876184534	0.716375707115238
FBgn0031872	1313.59599551923	-0.293917660066466	0.160996208737042	3.32942269951462	0.0680507565317708	0.178714248701293
FBgn0031873	64.3415235009107	-0.394337283293417	0.285706953944261	1.90922077423797	0.167049842005448	0.332217220161387
FBgn0031875	164.663145174175	-0.105938202747742	0.24856203869797	0.181453263855104	0.670127291833705	0.811058067446993
FBgn0031876	93.6468714476269	-0.762974123805377	0.301875966781962	6.38238314270052	0.0115258567355346	0.0493120688910047
FBgn0031877	173.885116297381	-0.0962306078777207	0.259048582689594	0.137908048250424	0.710369616086124	0.835773532312527
FBgn0031878	682.037268240931	-0.463651560620721	0.253984070433603	3.32151207607946	0.0683789114312318	0.179202707000056
FBgn0031879	8567.32992773073	-0.385703737435622	0.267590319497691	2.07151667516494	0.15007221484339	0.309381751999313
FBgn0031882	284.24941269317	0.101308659046957	0.27566569768558	0.135523338884724	0.712772614222258	0.836820641197637
FBgn0031883	2034.32643368411	-0.0349545262887356	0.186896359404963	0.0349801095466944	0.851637344758231	0.920439967372723
FBgn0031885	424.903603637238	-0.713100665349537	0.200624274212615	12.5192766500073	0.000402774793241792	0.00324573952106445
FBgn0031886	87.6363221048811	-0.292348974424182	0.274281216410254	1.13884481010133	0.285896557326942	0.476872651427889
FBgn0031888	127.574351413065	-0.381859743142007	0.370928946926247	1.05650360879881	0.304013987469085	0.496321817840372
FBgn0031893	541.126154194825	0.0246250361266196	0.192193168063271	0.0164967787091683	0.89780094695605	0.945957522137463
FBgn0031894	96.7579328286497	-0.375301432289873	0.256119205013231	2.14813274199248	0.142743400052295	0.299113693199111
FBgn0031895	198.038660402982	-0.253580098702333	0.279954583564789	0.820030820095347	0.365171154915788	0.559324817041645
FBgn0031896	526.521814525735	-0.582745503419567	0.308518520674641	3.54825635771314	0.0596080572171978	0.162641155499243
FBgn0031897	1683.50620333717	-0.448730097267332	0.17091733892537	6.86906014054911	0.00877007631370169	0.0401285018287057
FBgn0031902	207.098202276323	-0.326576614610259	0.218456002635874	2.23009264903149	0.135345731625521	0.288278416935314
FBgn0031904	392.337193114921	0.285630790063325	0.171350081208911	2.77664860100892	0.0956481267924953	0.225681981262854
FBgn0031906	73.1052903034841	-0.86682859960682	0.366124563332856	5.60678856434757	0.0178910229111328	0.0687888392888174
FBgn0031907	3670.03638406441	-0.792395539695107	1.46083164931735	0.290620708004539	NA	NA
FBgn0031908	12663.147459399	0.50049444689789	0.213946640887255	5.44538564930978	0.0196200829871414	0.0734525296048092
FBgn0031909	237.069489009556	-0.251553876236629	0.222353000681293	1.27887700454582	0.258107941738227	0.44763059707117
FBgn0031910	1909.51674293071	0.450173371455846	0.259693578946577	2.99372833690101	0.0835875139156305	0.206142041026139
FBgn0031913	7861.53721340405	0.356343087582285	0.149107803168623	5.69699107641755	0.0169940220411883	0.0660014306740518
FBgn0031914	579.240998234123	0.439542131657196	0.285424574147549	2.36280653527241	0.124258459615763	0.271400160309281
FBgn0031920	113.818643138265	-1.01197526152218	0.457729175490708	4.82858416827762	0.0279916086394809	0.0948698148361315
FBgn0031926	165.584674369026	0.10090239907077	0.287664484021403	0.123068111083512	0.725730407983521	0.846359071753154
FBgn0031929	885.229249066438	0.126982216988506	0.226922641009954	0.313147109591441	0.575755383536811	0.741565538509534
FBgn0031930	338.385279845947	0.212207715051064	0.33537609783373	0.400300176137932	0.526934274139496	0.7055186977779
FBgn0031937	653.329625423172	0.964969947251842	0.304153154429467	9.89275640785263	0.00165930632840661	0.0108702326414381
FBgn0031939	1066.27597058656	-0.588790664185673	0.21324682288568	7.57729050605616	0.00591082213725331	0.0296886893073329
FBgn0031941	39.916362978291	-1.15059121722234	0.700881412667976	2.65855425557781	0.102994310652251	0.236980911915375
FBgn0031946	97.5401611198607	-1.00049896396861	0.457648727315063	4.72853964064248	0.0296660634848545	0.0991565697690743
FBgn0031947	480.253725998469	-0.128607142705415	0.19808849833574	0.421456627730706	0.516211108831491	0.69662319814542
FBgn0031948	462.759768882981	0.312132993261913	0.218403235503694	2.03939728030048	0.153270365626548	0.313577024411932
FBgn0031950	1745.15118523861	-0.227459779684164	0.164146873811078	1.91814757862021	0.166061014030711	0.330996699301332
FBgn0031951	269.141197063186	0.024871340312268	0.200896607120346	0.0154767778106546	0.9009940616781	0.94727538591082
FBgn0031952	715.609172707375	-0.166800824700773	0.158055201742243	1.1136038771278	0.291299885225178	0.483072765876146
FBgn0031954	21.7888003592231	-0.35340396560993	0.758720340096537	0.219298163116008	0.639575203930636	0.788654499648397
FBgn0031959	216.548695542804	-0.314485393562375	1.29547415034796	0.0588366273378966	0.808344237050308	0.89420380635177
FBgn0031961	125.483768973319	-0.362595126409171	0.266145079239734	1.85650079757229	0.173029202204085	0.341186520726
FBgn0031968	642.49883371819	0.0807520987940051	0.201103119779995	0.161315763045124	0.68794800376317	0.822116476185599
FBgn0031969	1301.7748088688	0.334180868572114	0.216528220755624	2.37627813512373	0.123190734702301	0.269802691241773
FBgn0031971	956.507825112597	-0.687744746589634	0.28771358325448	5.66540878627298	0.0173026841209735	0.0669057338665512
FBgn0031976	49.0135774397468	-0.471018636909024	0.508025967027769	0.860849128341009	0.353501178130463	0.548978246361001
FBgn0031977	799.721588893749	0.0664864963806487	0.179552950286569	0.137161435662122	0.711119396885757	0.836087479240904
FBgn0031980	9788.39185243652	0.592873245827407	0.161773074161033	13.338749645815	0.000259977636303762	0.00224027603783632
FBgn0031981	1207.49228850143	-0.242982598551674	0.148901244760189	2.66005142583376	0.10289740767849	0.236881483265066
FBgn0031985	1813.54838168396	-0.0817479265697618	0.186129929578911	0.192857997660099	0.660548500055349	0.80473284060312
FBgn0031988	1299.35345663952	-0.336672736481664	0.13254569380878	6.43873923678719	0.0111657865600633	0.0483415619239779
FBgn0031990	2462.22721580367	0.188086378244798	0.346607076591213	0.294269220320643	0.587497612991956	0.75066303750956
FBgn0031992	209.610453745285	0.248017702798352	0.46691030583368	0.282121538118361	0.595314045227781	0.756454921271565
FBgn0031995	1938.86886038302	0.095520920301069	0.174770076723814	0.298633042882798	0.584740651780893	0.748440892270757
FBgn0031996	514.723615198003	0.360139285248366	0.205918132273664	3.05125079657346	0.0806749891407166	0.20135743965508
FBgn0031998	364.56732364079	-0.163399517178917	0.251828719476516	0.42074091997253	0.516567570977988	0.696764247019934
FBgn0032000	614.820911115333	-0.0502042928140445	0.2176575473079	0.053197929832848	0.817589234375341	0.900225530837036
FBgn0032003	42.0600198097144	-0.671702774908966	0.526038151454968	1.63422945652813	0.201119051909604	0.376389080392439
FBgn0032004	52.6705415203333	-0.621020109001783	0.583378030617324	1.13059705201652	0.287648022454535	0.478942829021513
FBgn0032005	1784.93345037804	0.0832500649496783	0.14758036846243	0.318158855269019	0.572716211934761	0.739810840888937
FBgn0032006	2612.89282084962	-0.382082585948659	0.223885609894447	2.90408663604248	0.0883552916923706	0.213719049861151
FBgn0032010	942.220565671792	0.335470112724821	0.305802098029875	1.2006711942427	0.273187569456595	0.464203179835354
FBgn0032014	188.005274033337	0.228368990117627	0.237209504380799	0.926558690157954	0.335758746732215	0.530882656433571
FBgn0032015	1390.81304531987	0.539183637441055	0.182508669779719	8.68296817782688	0.00321197455215038	0.018417705654164
FBgn0032017	80.2234144509338	-0.122455325278532	0.293085202586319	0.175769743237538	0.67503414794712	0.814285894939902
FBgn0032018	2229.63448027797	-0.29387825036956	0.168777874212152	3.02686238336921	0.0818962453892681	0.203518250994214
FBgn0032020	226.230061401331	-0.411580239082218	0.196907758620062	4.36364660716202	0.0367136356220701	0.115741736594908
FBgn0032022	286.078568091833	-0.81490644288959	0.222606122014469	13.3042501414124	0.000264805174246797	0.00227521018262292
FBgn0032025	2810.56667082956	0.313729799696142	1.00731516204201	0.0968102724995532	0.755691539201227	0.862626218358159
FBgn0032026	1750.35265575621	-0.15241539375284	0.15229895662068	1.00082836180617	0.317110151540276	0.511404015912639
FBgn0032029	908.777763490778	0.424123408926302	0.213251706867087	3.94143950345905	0.0471104483883723	0.138429103089909
FBgn0032030	335.645344502093	0.0224823016197309	0.227445077955303	0.00977725057619949	0.921233564114276	0.958943608557789
FBgn0032031	158.537662053313	-0.174731905067656	0.287207345298129	0.369351769772791	0.54335782131149	0.71657292112578
FBgn0032036	712.855202742228	-0.155234447766625	0.269936739703466	0.330574767680901	0.565320839892342	0.735100367110231
FBgn0032039	40.1591256073379	-0.58457387788775	0.553721960771093	1.11675568705454	0.290618112438188	0.48230472525006
FBgn0032042	272.159847427171	0.161054636662471	0.207820078208796	0.600620589352111	0.438341341052276	0.633255401677355
FBgn0032047	207.82373282796	-0.56197707459932	0.314589322564525	3.18078539030708	0.074508908484088	0.190514809754736
FBgn0032048	65.8916155437563	0.0221321703754992	0.293808322110863	0.00592833360258993	0.938626987496863	0.9671233696488
FBgn0032050	762.269391236595	-0.0614351807480271	0.137527791660498	0.199719738163864	0.654947160446032	0.800228986953169
FBgn0032051	242.069977787837	-0.210744912403827	0.310887109483047	0.459802087866862	0.49771648218885	0.682226235005498
FBgn0032052	314.585320053953	0.123258124508428	0.224532019264649	0.301616146025836	0.582871011896585	0.747240129155233
FBgn0032054	389.742596832733	0.0677490766882427	0.200329914673466	0.114632417366408	0.734930600833841	0.850830178661482
FBgn0032061	313.942783972444	-0.812252461038669	0.397742895043341	4.12699512663792	0.0422042277920984	0.127975981456178
FBgn0032069	9013.4119772289	0.77084874757977	0.295204659942355	6.73938608134574	0.00943070736118494	0.0422567051372987
FBgn0032072	28.3291190700546	-0.820202791004313	0.64200828693888	1.63074030306824	0.201600684814558	0.376810938954387
FBgn0032074	3141.92818505677	0.0586037020613175	0.163365139421295	0.128673716766428	0.71981115748452	0.842191489772434
FBgn0032075	7126.19718688136	0.347002659120655	0.123619221924401	7.8609144178054	0.00505148387597796	0.0264535867784151
FBgn0032078	481.044762072122	-0.5981386885973	0.295379492111494	4.07347585188022	0.0435615490540378	0.13092203980001
FBgn0032079	194.085873401829	0.559740845909293	0.210283626471918	7.06089262205754	0.00787847326787722	0.0369785362317812
FBgn0032105	285.436483862308	-0.197212220268902	0.220394837240229	0.801628177477468	0.370607016651261	0.565342827536569
FBgn0032109	77.8971499145098	-1.28806807694829	0.531968396495972	5.74141988509567	0.0165693926365474	0.064636746518521
FBgn0032115	45.7033365656522	-0.927618307895871	0.606112244773484	2.32701578710527	0.127145418218621	0.275523371896146
FBgn0032117	182.226017335621	-0.212954568638503	0.354453237662463	0.361058317068142	0.547919060026556	0.720756974608576
FBgn0032120	1095.96403517683	-0.221972942336007	0.195433219582752	1.28910042386134	0.256213797272268	0.445416678080233
FBgn0032123	1437.25673119021	-0.244748736281421	0.217447921587294	1.2653581418313	0.260639298955367	0.450795108640515
FBgn0032124	259.561523477573	0.410066670057643	0.261910841072193	2.44756964880334	0.117706987820222	0.260763006305199
FBgn0032129	2889.34624572485	0.319345124085056	0.235435161173345	1.83590586589035	0.175431563834895	0.344283691669885
FBgn0032130	283.098982782942	-0.085725277790609	0.210456979106218	0.165803538132408	0.683868588102798	0.819306995571068
FBgn0032135	333.826556341236	-0.0319721168444728	0.179738375844194	0.0318668099778279	0.858320291222895	0.924078588430866
FBgn0032136	2229.70178676722	1.13060509595104	0.534822234916187	4.35989591825091	0.0367945532558271	0.115908714180136
FBgn0032138	2443.15299895186	0.00748741921283282	0.147338254869562	0.00259553271860113	0.959368254743212	0.976970815580213
FBgn0032139	73.7710528922229	0.864263814060723	0.494413006221837	3.02390777891964	0.0820455472217772	0.203762991467763
FBgn0032140	258.998869367505	0.0395797380140861	0.297963608778861	0.0177242141747342	0.894088736334355	0.944135238797871
FBgn0032144	21598.979463239	0.803056893939276	0.41246218287317	3.7428089244228	0.053035218008584	0.149946415798701
FBgn0032147	3824.01299269096	-0.712836736070724	0.196287590543651	13.060470987946	0.000301593586738697	0.00254422735122587
FBgn0032149	110.025741142172	0.106351652607826	0.284642942541669	0.14032344244913	0.707959678261116	0.833605044165478
FBgn0032150	49.6822582183787	-0.124407616220537	0.360591643162947	0.118857698183618	0.730276725252673	0.848410132935116
FBgn0032154	81.2611860459964	0.226979558206216	0.27901348872897	0.662260808558166	0.415762925702257	0.610532876750993
FBgn0032156	1802.94393359006	0.534145893702198	0.186284094243838	8.17696487755704	0.00424256877140671	0.0229953481811381
FBgn0032157	442.33154857804	-0.188999160083685	0.175555424257208	1.1585014827573	0.2817765366231	0.473148650649332
FBgn0032160	846.80142520357	0.844224922733408	0.206978092532486	16.42669995197	5.05679113203108e-05	0.000536639287307426
FBgn0032161	204.870707648091	0.848117703555166	0.269995536444922	9.76352472295482	0.00178008299976191	0.011459018694632
FBgn0032166	247.016747509581	0.140444573700003	0.270333868240511	0.269983630781631	0.603342753110813	0.762294315360849
FBgn0032167	2120.97209973792	0.433920721347915	0.222687946633669	3.78357382782809	0.0517580006506603	0.147374184492232
FBgn0032168	127.247639216615	-0.0920016128955319	0.259848787457874	0.125677730314251	0.722956298747754	0.844501771266902
FBgn0032169	130.79377685673	-0.146755852563954	0.23832112471589	0.37854118751757	0.53838500391578	0.713643194531045
FBgn0032170	2613.26435157922	-0.107928296157476	0.223141625288528	0.233852438187441	0.628681900475711	0.780127842750341
FBgn0032172	1660.58212330126	-0.0288257393828333	0.188662573516854	0.0233433315627423	0.87856763267832	0.934484184034896
FBgn0032187	737.70665172145	0.82067439166734	0.184979600849441	19.4675950822125	1.0232090333032e-05	0.000131392116461678
FBgn0032189	67.3922419627692	-0.199136791201543	0.311681267759269	0.409164681584933	0.522393784719809	0.701827459861084
FBgn0032191	1055.6309486647	0.022049955812977	0.228847987471849	0.00930761489645704	0.923142549369671	0.959785573695296
FBgn0032194	329.847458593469	-0.0154422724452825	0.176630364265951	0.0077018497090009	0.930067285025183	0.963139739826571
FBgn0032196	139.408096806586	0.136189671896673	0.3065161651455	0.197796194765225	0.656505605499908	0.801578173921571
FBgn0032197	156.710860583697	0.124613042779978	0.360950048973629	0.11926036719084	0.729838069405527	0.848273330404949
FBgn0032198	1544.10585357953	0.625378888136426	0.223509362540441	7.77244409041506	0.0053049222811738	0.0273578411193273
FBgn0032200	381.458504765601	0.411788134103985	0.187753876553203	4.80237836042191	0.0284204770893158	0.0958647896927075
FBgn0032202	249.063923409592	0.00734545734601597	0.211366266090512	0.00131126059324771	0.971113849978532	0.98382418050638
FBgn0032204	221.18318505199	0.0903434337953787	0.220100173135697	0.168972483719273	0.681026612917922	0.817759050342127
FBgn0032208	4798.12806728551	-0.180674333340138	0.243107573087667	0.551992562347692	0.45750467533003	0.648934456697024
FBgn0032210	353.350550569378	-0.26807429889198	0.242103049822034	1.2264910102186	0.268090539949023	0.458004212742889
FBgn0032213	3111.26629554724	0.356675789249821	0.26990978896121	1.74169581845744	0.186924098716656	0.357946668202207
FBgn0032214	502.076364682393	0.0345020521959205	0.210615524193887	0.0268877506367602	0.86975094450686	0.929528911351488
FBgn0032216	2275.05826930972	-0.201292930274369	0.156382886845166	1.65581349931946	0.198169526077997	0.372052744279202
FBgn0032217	581.714627117483	0.0278656756669999	0.272130519920723	0.0105348056708863	0.918249328881649	0.957079149309198
FBgn0032218	530.924538969842	0.909298767556418	0.202582451441357	19.8902367512428	8.2018118440074e-06	0.000107378023310863
FBgn0032222	448.840258073822	0.629401992162834	0.297106900695799	4.45977645417852	0.0347020386341447	0.110905754765553
FBgn0032223	276.601866033832	0.260018156361959	0.193188070907004	1.81047678609032	0.178451045493777	0.347298638164334
FBgn0032224	265.135173740742	0.504206773276469	0.299322913939019	2.82491716817725	0.0928116804473655	0.221283509394097
FBgn0032229	839.725123087595	0.346828716078733	0.204864897400293	2.8594649222689	0.0908377106083314	0.217753859931518
FBgn0032230	381.686435374655	-0.0351053812439729	0.209777895446542	0.0280147866781988	0.867074063924684	0.928213031980035
FBgn0032231	305.490270033473	-0.305383138531765	0.244332659555072	1.56152033917859	0.211442752172909	0.390472800821371
FBgn0032235	1701.17232546478	0.486257501300649	0.249944942907589	3.76790830924588	0.052244927717485	0.148425383831001
FBgn0032236	199.50457950966	0.469811014576784	0.298164886378577	2.47749335081329	0.115486175215536	0.257270893739432
FBgn0032242	3169.42115632885	0.22911228633466	0.152170107248174	2.26451959896026	0.132367252982814	0.28342844948322
FBgn0032243	170.182059216519	0.090372793179821	0.253456567466667	0.127253875402189	0.721296481386723	0.84345615581188
FBgn0032246	2207.81061462695	-0.154199118442591	0.17441730353992	0.781074861086339	0.376812610543474	0.571598978804352
FBgn0032248	308.807779673174	-0.131203709468309	0.229366798142401	0.327298624735292	0.567254102003604	0.736312179476287
FBgn0032249	109.890413978367	-0.633020747762783	0.2717950673747	5.40911683342505	0.0200318481458239	0.0746457044082559
FBgn0032250	128.697380850933	0.184300930391449	0.262176364993979	0.494261088331712	0.482032662769408	0.668677286004914
FBgn0032251	65.3251662862091	-0.143979172532915	0.36255150419376	0.158670033452452	0.690383947709141	0.823104756389665
FBgn0032253	868.654220638546	-0.616046670660575	0.394323596935372	2.42300343634942	0.119565493251302	0.26349798013224
FBgn0032258	787.62905468773	0.801665268451411	0.194929499757579	16.7255784919228	4.31946877971023e-05	0.000468819096090566
FBgn0032259	186.92716094027	-0.0188427876180165	0.252158951253073	0.00564854308349538	0.940089963656169	0.967613885372919
FBgn0032262	236.514675543419	0.0120449112549157	0.268191681334229	0.00228005521846342	0.961915546050215	0.978294770115816
FBgn0032264	849.306120401973	0.199674706533397	0.284232478947506	0.492989861921487	0.48259661836139	0.669052687195558
FBgn0032268	33.5723185933292	-1.02220549960593	0.549440184422184	3.44618639658755	0.0633978906768869	0.170154981123207
FBgn0032269	190.453146344707	-0.872655310029184	0.487820675670562	3.16339848407459	0.0753062623793133	0.191941784874368
FBgn0032285	2615.88213687075	0.828406504013397	0.296700605962326	7.6922155372277	0.00554595048634995	0.0282548886209884
FBgn0032286	1859.72952724439	-0.0470459019110929	0.288185673598417	0.0266482095312739	0.870327273978467	0.929528911351488
FBgn0032290	178.151322342511	0.15476423398069	0.199335988603676	0.603301674167902	0.437321053461198	0.632238393173275
FBgn0032291	77.7622912513931	-0.89535927970064	0.542065976503126	2.70604748359796	0.0999684017869512	0.232429328738672
FBgn0032292	324.684149209593	0.3606314905779	0.167851123008024	4.6124705667057	0.031740273788912	0.104118133202126
FBgn0032293	179.113505656021	0.075854520179298	0.239118393027061	0.1006967405078	0.750995114922312	0.85994814377862
FBgn0032295	606.755330784641	-0.344321721249274	0.19838069613491	3.00461077188137	0.0830279169958622	0.205278324340568
FBgn0032296	403.280006238861	-0.0932849950787892	0.206632806203331	0.20365550740128	0.651786265284778	0.79730231994252
FBgn0032297	544.358304002028	0.233899367626746	0.198219839155841	1.39092287989583	0.238249309144731	0.42393867793771
FBgn0032298	371.799963671568	0.108853768415283	0.159851349014045	0.463946188919046	0.495785468324928	0.680692542788107
FBgn0032304	1260.68191836968	0.871476740689201	0.347603576293737	6.1943256046398	0.0128160551509496	0.0535635791796506
FBgn0032305	1293.95700150016	-0.319127918106057	0.156449234836117	4.15406305953192	0.0415347467806239	0.126467427740589
FBgn0032313	36.495527435121	-0.687579247178665	0.613207836467898	1.25505605958391	0.26258898988653	0.452035446389256
FBgn0032314	120.809724133632	-0.893712615315507	0.510643599834796	3.03136603522083	0.0816692309708028	0.20328611962944
FBgn0032321	168.281931853124	-0.144517662196336	0.28563336164887	0.257315456663186	0.611970499708782	0.768687215577265
FBgn0032322	667.285835083184	0.542539641285665	0.220322730675229	6.030443692445	0.0140611983214954	0.0575637974418647
FBgn0032330	1503.80025247211	-0.705766408235077	0.210535284508765	11.1341448155556	0.00084752995664438	0.0061653786788376
FBgn0032336	59.3711879167008	0.958440142139221	0.356003270838474	7.20294239497604	0.00727841488691258	0.0346038431907956
FBgn0032338	79.9770424447349	-0.813374494316946	0.437584164304611	3.42906182417241	0.0640584813736009	0.171441332163961
FBgn0032339	643.694680822433	-0.211218769155628	0.173638930943578	1.47794870779001	0.224095741982615	0.406458546198272
FBgn0032341	1017.3006332962	-0.0354621505245953	0.141776407702289	0.0625728102423864	0.802474769864561	0.891320864557895
FBgn0032343	178.787803432288	-0.699637278701515	0.243838715586951	8.18067198432594	0.00423390729153751	0.0229625064170418
FBgn0032345	50.8681587800424	-0.618348523574898	0.358153652314669	2.98337415939795	0.0841237309821297	0.206943909168194
FBgn0032346	86.3861138424091	-0.181141604485315	0.2895415241837	0.394169989706725	0.530115582050608	0.707676232377392
FBgn0032348	991.87679200383	-0.401320206030824	0.15521733263056	6.66583807133826	0.00982784279436334	0.0437101233958982
FBgn0032350	2608.51941539056	-0.419838811997263	0.310278146163993	1.82473002680452	0.176751278774709	0.345514684073557
FBgn0032358	571.236977209007	0.504026937571923	0.206596453396309	5.92515709661913	0.0149262075050889	0.0599321316402651
FBgn0032360	122.390167611509	-0.581164216053156	0.480373490595119	1.45897492950851	0.2270932906153	0.410125091360909
FBgn0032363	1692.28255095075	-0.367892113227265	0.230318922669703	2.54519100995373	0.110630531038837	0.249831249308897
FBgn0032370	54.0576799621905	-0.858555836778743	0.490288480385794	3.05096835893156	0.0806890193359433	0.20135743965508
FBgn0032372	70.8730679716383	-1.09303369307222	0.52585063128939	4.26456347709018	0.0389152465901263	0.120529356234214
FBgn0032373	3120.58541078763	0.649374235583753	0.191287223920101	11.4317344570005	0.000722002558078591	0.00534924481317001
FBgn0032376	80.711831128829	-1.05764060951079	0.492210874875017	4.56189470305576	0.032690888589088	0.106014112793132
FBgn0032378	1472.33458216507	-0.0274238868498646	0.230724467190595	0.0141342241980738	0.905364529918844	0.95004597597858
FBgn0032382	966.429979473785	-0.0216073099236977	0.320228248977921	0.00456244968617625	0.946147116158466	0.970717192375952
FBgn0032388	1052.38708915037	0.101953189131031	0.14238033530417	0.512692546893049	0.473975590447312	0.662289882835642
FBgn0032390	98.598522820365	-0.0946129323256905	0.285425103804162	0.110238973841241	0.739872231384986	0.853862486233471
FBgn0032391	122.832189396673	-0.525028967425881	0.258683560899013	4.10587704672641	0.0427344213206999	0.129272723254664
FBgn0032393	741.271482511289	0.414740601597882	0.159435578600698	6.74968076634774	0.00937644596034891	0.0422346907371714
FBgn0032394	786.006909908454	0.615094763958029	0.173830488787347	12.4401737440844	0.000420196692050491	0.00336462396611028
FBgn0032395	493.244332079275	-0.452907852543536	0.250783088060055	3.25155380610795	0.0713557846265138	0.18442983114949
FBgn0032397	606.712529261296	-0.2607564782441	0.288490260222351	0.816701133918201	0.366146445585813	0.560429529201944
FBgn0032398	1214.69623893871	0.42195492757815	0.141018501232032	8.92516893054595	0.00281267341967321	0.0165460201701309
FBgn0032400	10466.2135958827	0.104741922167804	0.194113002330591	0.291105468229077	0.589512989677709	0.751497055896577
FBgn0032401	76.7170428379565	-0.42522563313507	0.321667412628018	1.7397060202111	0.187176080232694	0.358273694571213
FBgn0032402	368.615975580823	-0.461798072294264	0.394445437497367	1.36614173912056	0.242475894005067	0.428693105329735
FBgn0032404	903.293040272238	0.314174842677447	0.157564799130001	3.96872527406984	0.0463528500544044	0.13688672987954
FBgn0032405	426.530438335032	-1.09336557278468	0.529784318009649	4.16613569541866	0.0412397567735285	0.125916821373569
FBgn0032407	742.186263998818	0.587700423732271	0.213958671651069	7.50356558887376	0.00615769628914212	0.030559905542964
FBgn0032408	163.096234026876	0.0743849653658245	0.26265506834122	0.0804590154091187	0.776676328536331	0.875161783042342
FBgn0032409	434.552906251791	-0.517261658151717	0.191881762179711	7.23772145294696	0.00713875186154347	0.0340844389172771
FBgn0032414	354.869062160654	-0.948705008391392	0.304222310499671	9.59572179963381	0.00195031243107307	0.0123365999224292
FBgn0032420	183.497055935096	0.318621705321814	0.22553759566626	1.99449244722185	0.15787194610712	0.320028673426403
FBgn0032421	337.330014352844	-0.0693507732324138	0.206042324722001	0.113229706997906	0.736496700534232	0.851535968488312
FBgn0032422	811.780214541946	0.888634666532037	0.3274342554847	7.25589094902504	0.00706688020689272	0.0338764384304398
FBgn0032424	50.9218475631602	-1.2972603933286	0.558669746494002	5.305973782272	0.0212524163568953	0.078040500180293
FBgn0032429	613.966613243993	-0.511924975879335	0.223376885926519	5.22913538916544	0.0222115709505376	0.0806231600442385
FBgn0032430	453.978375621855	0.0619347667650521	0.149482264067003	0.171735221412391	0.678574243568897	0.816769762004086
FBgn0032433	1621.2154329131	0.455320668077755	0.181667696040845	6.2567959935482	0.012371775545027	0.0519498659730956
FBgn0032444	3458.14074885269	-0.0902254605108827	0.170965013662986	0.278466053125257	0.597708386791728	0.758740151379366
FBgn0032445	169.26090960883	-0.203949507925935	0.241069482552751	0.716304766387466	0.397358694225794	0.591779429172726
FBgn0032447	160.095946867843	0.426463582270294	0.290744363443054	2.14675761769529	0.142871332056821	0.299239647298691
FBgn0032449	147.644712111191	-0.621342517901422	0.388983944843394	2.54218766111407	0.110841116692189	0.25007977849447
FBgn0032450	149.559873983519	-0.10081860958835	0.249626049177832	0.163021092239177	0.686390165418395	0.82080320092857
FBgn0032451	1085.46568966425	0.238529404052827	0.227908277546361	1.09385327840667	0.295619021237797	0.48721371748269
FBgn0032453	1802.14613442231	0.518767730726818	0.170859252757984	9.1726435099052	0.00245659471751822	0.0148676212533476
FBgn0032454	1265.11717869647	-0.337410316473356	0.171002336115324	3.88648859288716	0.0486760936383504	0.141521532212456
FBgn0032455	592.972679780298	0.0665902682110007	0.202122419543978	0.108616983982571	0.741724206892641	0.854181950315865
FBgn0032457	34.9192499203515	-0.714382320171497	0.579350567029995	1.52019355549107	0.2175902048821	0.398426222842841
FBgn0032465	794.074520237989	0.255936694496106	0.147749025656076	2.99776275178318	0.0833795823470245	0.205916998217225
FBgn0032467	4980.56331258922	-0.852650267334688	0.366655604254609	5.33200012785025	0.0209373442226111	0.0772693958261482
FBgn0032474	1355.39153108323	-0.445462456160954	0.193513431114289	5.28082808706208	0.0215614908441593	0.078847324993312
FBgn0032475	957.119673832443	-0.139137791465166	0.150750660436197	0.851242215062285	0.35620115855132	0.552005448376686
FBgn0032476	276.189665073012	0.260025579758599	0.208148648436336	1.56057595215459	0.211580909729707	0.390472800821371
FBgn0032477	445.885403041407	0.346185098340735	0.153220522141927	5.09835045051718	0.0239486077456466	0.0849974563821257
FBgn0032478	104.503074082783	-1.04487254738164	0.450099861951711	5.32243904023918	0.0210525241080632	0.0775353857438638
FBgn0032479	2784.34660225682	0.2096601716766	0.172470962413197	1.47648477620291	0.224325322607288	0.406707755637294
FBgn0032480	1791.59735468489	-0.0974231133115352	0.150143903530058	0.420836896254514	0.516519744467348	0.696764247019934
FBgn0032481	1053.97044213014	-0.778260460186198	0.263006894000655	8.66254186776041	0.0032481787575206	0.0185514105866419
FBgn0032482	1884.06094735994	0.498365892324789	0.2302779035239	4.6606499988132	0.0308615062409658	0.101899850889772
FBgn0032485	667.19063765914	-0.413844712222031	0.171509558859025	5.80903867328529	0.015944007668444	0.0630331199221996
FBgn0032486	96.9211994893464	0.217971766490535	0.268137486912059	0.661249063079296	0.416119323109075	0.61085292083089
FBgn0032487	85.1513713178211	0.0256930711885068	0.342421034086459	0.00603515200580773	0.938077639296861	0.967097653331642
FBgn0032488	219.022301421448	-0.00370240993927975	0.205606835128537	0.000672837802532911	0.979305899498332	0.98919043395233
FBgn0032492	87.0402259331314	-0.931451114750371	0.437278324025632	4.48826991981664	0.03412819931827	0.109468277275323
FBgn0032499	580.213128256953	-0.209310470598904	0.229608186854942	0.830131495150852	0.362234508570501	0.557147865369723
FBgn0032509	697.951583607856	0.34347187618689	0.150376729110711	5.20983035257953	0.0224595261214399	0.0811888913499627
FBgn0032511	945.72181944407	0.738472634599261	0.188859292072753	15.1501198377365	9.9292010269085e-05	0.000967125932142189
FBgn0032512	299.686545708128	-0.340289236434454	0.265519928579888	1.6413731909622	0.200137164953503	0.374789971041959
FBgn0032513	324.222577893974	0.306972834083714	0.300794700958012	1.04084227912486	0.307625660966455	0.500085957548304
FBgn0032514	548.456755972488	0.0505525018174562	0.164024619115331	0.0950655725141303	0.757833481674189	0.864192639221123
FBgn0032515	517.738268232482	-0.37046151872063	0.226049836732552	2.68257196446581	0.101451756318707	0.234901678760501
FBgn0032516	176.860345997223	-0.0933654672226229	0.213901615515732	0.192066787055396	0.661201986840315	0.804878809956245
FBgn0032518	11404.0584582747	0.667315035127978	0.148496969448163	20.0202672875747	7.66256995457572e-06	0.00010091718996892
FBgn0032521	233.353975385755	-0.621514962591921	0.190531685270855	10.6165518159839	0.00112079853974664	0.0077873435549011
FBgn0032522	42.8097505865897	-0.77044229591924	0.508677965785935	2.29246451779908	0.130003350427273	0.280003327811274
FBgn0032524	364.441101290944	0.695938367348784	0.21489655358057	10.411755613517	0.00125215646876206	0.00855232751824303
FBgn0032530	41.2490061948378	-1.07357330699426	0.709430445709724	2.26411897377332	0.132401489438534	0.283432979816987
FBgn0032549	32.3013981268319	-0.825095130690664	0.573536464746292	2.0636770700229	0.150845783932316	0.310633461800769
FBgn0032563	46.5412904267492	-1.19951593075429	0.511654848844573	5.43309945996184	0.0197585806824797	0.0738769982805934
FBgn0032577	29.1672482855339	-0.86262712443592	0.63063787146963	1.86751690622624	0.171759742455916	0.339517913851032
FBgn0032586	2961.23585075679	-0.0733037019998725	0.131957022776383	0.308584902900151	0.578549846342951	0.743753473795192
FBgn0032587	1041.49959152079	-0.591209851649623	0.360509114504063	2.67076710166714	0.102206750480433	0.235845284058405
FBgn0032590	141.929741642912	-0.908373383133914	0.446634206229607	4.08970324119235	0.0431452167235048	0.13002546260473
FBgn0032595	147.352279486328	0.734591929449671	0.266104527571758	7.57163875214694	0.005929384934991	0.0297323908702561
FBgn0032596	2350.11486352124	-0.194187046675349	0.167895744316106	1.33673722701741	0.247610185390805	0.435501749230309
FBgn0032597	446.250821821978	0.101392389791271	0.149151131787256	0.462234194715485	0.496581666289277	0.681311478613438
FBgn0032600	844.534273775087	-0.126956045275957	0.129215058707887	0.965199095163854	0.3258804363662	0.520936407698432
FBgn0032601	974.071570321369	-0.512254725062044	0.311640542310323	2.68751580112158	0.101137380702945	0.234358258225522
FBgn0032615	154.702211784029	-0.235529216976323	0.222500612391421	1.12397414351842	0.289064324567555	0.480448973438331
FBgn0032624	109.5286245822	-0.939140002920815	0.519237368990957	3.23377413343921	0.0721342692515783	0.18584315091268
FBgn0032625	63.2697889009899	-0.52039957917616	0.516379898494161	1.01472885603384	0.313772610719023	0.507930566315292
FBgn0032626	60.046854716371	-0.98500448052428	0.553375476087497	3.14205228993885	0.0762977466314875	0.193741385978776
FBgn0032629	61.2652700308167	-0.648495406724111	0.43537207240557	2.19877018515677	0.138120893724148	0.292203012759982
FBgn0032632	88.5469142766259	-0.852133526899512	0.448944497675942	3.57303561656483	0.0587248664443245	0.161003756478332
FBgn0032633	528.765512712309	-0.77901659181277	0.199456122069548	15.1282480590459	0.000100448957069607	0.000976169159892305
FBgn0032635	464.179903109285	-0.640260307725553	0.180593724273466	12.5013083784967	0.000406667116076754	0.0032681517598008
FBgn0032637	137.112803601125	-0.807477637345112	0.392349477339109	4.20202341209674	0.0403757757460794	0.123971378040677
FBgn0032639	811.441163296362	-0.211169056868967	0.203685390605073	1.0733920995731	0.300180505949802	0.492105549150092
FBgn0032640	1316.68619598853	0.0549530466014814	0.156015286966596	0.1240635294659	0.724668381064216	0.845829866998762
FBgn0032642	278.540282309116	-0.235508586813431	0.25890566795255	0.826445306119808	0.363302423889233	0.557947368379305
FBgn0032643	1894.04523701275	0.174720043140351	0.130710330661657	1.78577818132928	0.181441396815959	0.351105018750882
FBgn0032644	114.693117790745	0.0572429809809461	0.256263717938043	0.0500350353689996	0.823002320835342	0.904943611096705
FBgn0032646	748.956097606171	0.0881658513238894	0.166657461371992	0.27994708579449	0.596735900664641	0.757858029283936
FBgn0032650	54.0531143441636	-1.00779998466923	0.546362112505828	3.3691235010058	0.0664290885508239	0.175619242544978
FBgn0032651	52.5482699695425	-0.474130305789134	0.338333335855381	1.977778778498	0.159624603524996	0.321802033699923
FBgn0032652	478.017969546719	-0.270987684657297	0.424157676772467	0.407359212495265	0.523312917106345	0.702129375750063
FBgn0032656	573.174654334909	-0.235590103900527	0.186840490785528	1.58763098472048	0.207664926782668	0.385543685952394
FBgn0032663	144.465156416851	0.139874170326104	0.373218777431787	0.140408391587606	0.707875352912599	0.833605044165478
FBgn0032664	89.692901345177	-1.04782145433243	0.501420372410647	4.30219099354635	0.038063305917429	0.118682194846429
FBgn0032666	514.532878013477	-0.150702195783018	0.237742745328871	0.401792361073348	0.526165055792065	0.704855086125577
FBgn0032671	289.631145380555	0.22164207627281	0.199397090316842	1.23531703667874	0.26637548750188	0.456216540242884
FBgn0032677	211.848520463389	-0.843912232848972	0.406240537933513	4.27085558044065	0.0387714040213473	0.120210424836391
FBgn0032681	204.154905405022	-0.585983297886697	0.256889151181747	5.18670978185376	0.0227602672403257	0.0819072586168979
FBgn0032682	275.699396786366	-0.25478867508168	0.198518784776895	1.64511128871224	0.199625619043758	0.374229118853222
FBgn0032683	417.478603854369	0.0847690752768777	0.266536906074698	0.101180036078034	0.750418113959339	0.859728477773946
FBgn0032684	1483.6798233285	-0.0265415251825014	0.378361764742166	0.00492422845958629	0.944056085970095	0.969627831671207
FBgn0032685	5539.74922740946	0.699577177435074	0.367365706724229	3.59141173947684	0.0580788845401707	0.159653606598899
FBgn0032688	323.653513435427	-0.162054914966463	0.190676567654303	0.72449705951184	0.394672742191656	0.588772996973655
FBgn0032689	2122.26549652511	0.131888977318301	0.184297197857723	0.511976532442517	0.474284479873255	0.66251167490923
FBgn0032690	439.295784441227	-0.102161345076384	0.169582698567032	0.363048397853191	0.546818088412273	0.719630546181939
FBgn0032691	161.07332948222	0.125898536528898	0.219962889080707	0.327973200936242	0.566854985056578	0.73601065158023
FBgn0032693	275.995578774987	0.623993441838971	0.221366811502675	7.90058874882159	0.00494187097587195	0.0260854787649401
FBgn0032694	558.277886265029	-0.558857263701319	0.382815133034783	2.12017188696218	0.145370228445357	0.302473234477863
FBgn0032699	524.371929491684	0.371750838218296	0.250103183384021	2.20374618143313	0.137675793551458	0.291751009197422
FBgn0032701	369.52071180577	-0.363489644671142	0.232810944702543	2.43339359261446	0.118775516006306	0.262215449897334
FBgn0032702	381.137829502719	0.1429983354877	0.217717502081109	0.431317578345599	0.511343139885931	0.692546308374981
FBgn0032703	163.400937290893	0.170346046025025	0.217868004024772	0.611686224434429	0.434153622368218	0.629162680863386
FBgn0032704	1896.11649439415	0.295017501868808	0.154095949527739	3.65954398716372	0.0557488893954288	0.155280366169591
FBgn0032705	158.521377204613	-0.158583876952457	0.218453743246713	0.528467745021452	0.467251764536929	0.657265992391816
FBgn0032706	396.974244909132	0.741126076941738	0.23026248611106	10.2635433020379	0.00135684829453086	0.00911860999811282
FBgn0032713	1190.75297539561	-0.705729771635085	0.580405864719526	1.46450435384791	0.226214788594586	0.409214834914714
FBgn0032717	914.094885013546	-0.273357990644202	0.230973483128391	1.39956085515153	0.236797111623392	0.422547565816949
FBgn0032720	135.414715226352	0.2716568270357	0.269432792012099	1.01688800412178	0.313258322334701	0.507377282724192
FBgn0032721	3097.126101048	0.390776757993192	0.162556989505726	5.76141362255287	0.0163818867297669	0.0641321067007379
FBgn0032723	530.800441290625	-0.369540038578491	0.284129906458453	1.68926178922865	0.193698310180207	0.366543832088816
FBgn0032725	300.591228435787	0.280343746683719	0.206561044772269	1.8408830993564	0.174847477873237	0.343620076782505
FBgn0032727	2852.95093275812	-0.139749422772651	0.214164498058456	0.425568506969498	0.514171464711501	0.695076879617457
FBgn0032728	109.559369574149	0.237936319272483	0.293168211225349	0.658961947887008	0.416926654048147	0.611631054916185
FBgn0032729	1940.7359469754	0.537769162729371	0.203625145678547	6.93569796589938	0.00844920855107763	0.039034458772099
FBgn0032731	1025.18476605382	-0.204086796580157	0.263784887320309	0.59801899791961	0.439334867878009	0.634011605213855
FBgn0032732	115.461869153973	0.319782115855793	0.248243063343558	1.66021791283768	0.197573904276262	0.371250453861529
FBgn0032733	706.955432271448	-0.0450818643775792	0.262814531026003	0.0294281400404515	0.863794211796678	0.926363651542767
FBgn0032740	46.9175396780119	-0.861846313904524	0.578643933634461	2.20599457514476	0.137475203479218	0.29146592876036
FBgn0032741	101.406778974165	-0.17030570127064	0.30034878245771	0.323859282570709	0.569297535995731	0.737505828829501
FBgn0032746	285.383090038825	0.291062576152189	0.251199903561306	1.34198793930836	0.24668369517612	0.434651942139393
FBgn0032748	861.723083667447	-0.480908596395687	0.142042250159978	11.4251012403086	0.000724584770878269	0.00536387249851497
FBgn0032750	74.1853911820906	-0.0810647001711971	0.397336771079241	0.0416071557636783	0.838370439458935	0.913306266393289
FBgn0032751	76.4063686356804	0.0888732503755149	0.311361692312117	0.0816787632096947	0.775035163116735	0.874317345863215
FBgn0032755	51.1697079797561	-1.09211026957251	0.47556863679578	5.22367570492314	0.0222814065226964	0.0807161628575424
FBgn0032763	94.0917368147652	-0.119034578051359	0.25094200810253	0.225194596405956	0.635110084846847	0.785453593369106
FBgn0032768	95.7436426216007	-0.941799302831619	0.432199142955126	4.70618765619705	0.0300542294887646	0.100031235808511
FBgn0032770	138.962335294561	0.154682800273113	0.300397003865119	0.265104211614755	0.606634979203244	0.764511974404965
FBgn0032771	168.913406760088	-0.83652214348812	0.346201369433994	5.785969089609	0.0161545894423391	0.0634499223815644
FBgn0032774	5987.76005595436	0.608142083050933	0.318839813714228	3.61137745423899	0.0573855706590245	0.158339673388128
FBgn0032775	669.971574195573	0.0691545949963736	0.157690960440525	0.192461595384586	0.66087570147426	0.804878809956245
FBgn0032779	1138.05563288073	0.38760574793356	0.319840126444842	1.46400856543627	0.226293391503208	0.409214834914714
FBgn0032781	761.226666727805	-0.134316537293612	0.206354855130841	0.423353123452131	0.515268625267047	0.695868425567577
FBgn0032782	131.519668897215	0.648202314186041	0.253215022942964	6.52215870067477	0.0106538610827075	0.0465164127628951
FBgn0032783	695.516955538073	-0.617801001843425	0.282719652919633	4.74213395615647	0.0294325414024718	0.0986750552186213
FBgn0032785	651.494069594742	-0.718412968987631	0.316895547006843	5.08807334129527	0.0240909418508456	0.0852701447620784
FBgn0032787	184.156759317655	-0.08621677501634	0.220593131249831	0.152678392836989	0.695988818596574	0.826506138485086
FBgn0032796	562.536905150248	-0.308164178894305	0.173851004585738	3.13619991877356	0.0765720210321647	0.194214289619955
FBgn0032797	207.274006518932	-0.228624014807309	0.267130401034442	0.730773035254835	0.392632732398763	0.586324459415583
FBgn0032798	349.28367456454	-0.245110129903251	0.182058592309242	1.81076353754401	0.178416663516687	0.347298638164334
FBgn0032800	130.88092921778	-0.221045796413084	0.239424734234099	0.851339737653205	0.356173608602573	0.552005448376686
FBgn0032803	208.7569212771	-0.425594197294236	0.472015586348045	0.811101115647247	0.367794905666918	0.562367396916458
FBgn0032811	119.639999592412	-0.0769647859876414	0.241903793594849	0.101267463005662	0.75031389814532	0.859728477773946
FBgn0032812	271.249355144469	0.0538020567763979	0.22887661768247	0.0554557466381382	0.813828099165966	0.897367490549707
FBgn0032814	281.274340010481	-0.116344821286698	0.177610969906379	0.429276246115919	0.512344297070075	0.69307467075676
FBgn0032815	276.368469404584	0.236352966042149	0.232101605164906	1.03626725482953	0.308691201578194	0.501360420159393
FBgn0032816	110.396306290655	0.0307725781184969	0.280396448040833	0.0120971899258606	0.91241950546945	0.953938849495857
FBgn0032817	1092.04256314652	-0.269076895501105	0.302690963332348	0.789280443052036	0.37431779241761	0.568993186605011
FBgn0032819	127.621960168029	-0.211617953264089	0.243271421013764	0.756456465663817	0.384439742700365	0.578396639315945
FBgn0032821	1211.83830452776	-0.341200669997865	0.174391007431205	3.82065123624915	0.0506245581626466	0.145366450122744
FBgn0032824	1309.72151608077	-0.640318524146617	0.220145160165548	8.39382062195388	0.00376498711541007	0.0208796945009966
FBgn0032843	69.7750244090877	-0.176474055485855	0.449618933690796	0.155250836244065	0.693567139172324	0.825408817384884
FBgn0032846	241.863814972657	-0.0945875539474322	0.228346006975148	0.171474724106545	0.678804485731761	0.816824053197472
FBgn0032847	101.450837965773	0.307471777675772	0.319604533224076	0.925195553257034	0.336114477358934	0.531042819734152
FBgn0032848	292.632638306814	-0.316182478277314	0.244221351207042	1.67334891419409	0.195810574806352	0.369273885892551
FBgn0032849	152.045464252185	0.332408435250864	0.282299842012038	1.38642981640162	0.239008944605118	0.424776420381784
FBgn0032857	203.910555866646	0.181113706368521	0.233325849113991	0.602459470675981	0.437641162285574	0.632347407238891
FBgn0032858	141.514008650747	-0.0434267567933001	0.249360574385524	0.0304785381993682	0.861408850650076	0.925485338822239
FBgn0032859	1338.80523854989	0.231998104694649	0.15222626671364	2.32088293314506	0.127647553316191	0.276475702126182
FBgn0032863	319.156154230541	-0.334159793029105	0.172677472728768	3.74135420043332	0.0530814083712372	0.149980898965033
FBgn0032864	1844.45542060289	0.264058026477516	0.159318990928207	2.74357317144242	0.0976462042247992	0.228852617816634
FBgn0032869	160.30266357813	-0.695844188416526	0.477693767499727	2.10888509880199	0.146445977935448	0.303841831484221
FBgn0032873	194.395140089578	-0.0246770411994453	0.217931983528238	0.0129457160740003	0.909412793630891	0.952230302802553
FBgn0032876	485.326206131361	-0.142991307135228	0.150587085497796	0.901036557477994	0.342503923991171	0.538374160850116
FBgn0032880	2573.67579478711	0.167880592066157	0.170326362140365	0.970963223137076	0.324440071281027	0.51957517041448
FBgn0032881	407.483004490986	0.478139848084223	0.226992431858504	4.41858120168951	0.0355495836707612	0.113041270742629
FBgn0032882	518.585985788518	-0.0328378525479962	0.156709147291652	0.0439217321793279	0.833999297417924	0.911921908353873
FBgn0032883	554.105575772789	-0.405281674060468	0.237543011687705	2.90535482648119	0.0882858228166123	0.213643489314966
FBgn0032884	1698.76659912775	0.041380755905106	0.230172804009153	0.0323215328978534	0.857323790886208	0.923698486505126
FBgn0032886	268.518817123919	0.359052681845022	0.177555217380811	4.08667804203603	0.0432225131145637	0.130169097516351
FBgn0032895	73.7168771129176	0.0554100175371907	0.294962487353094	0.0355560742479781	0.850435190250183	0.919749983915629
FBgn0032897	1552.66272753157	0.0306572660945397	0.267527298405002	0.0131335110413033	0.908760965681483	0.951799022097734
FBgn0032899	1033.58214741073	0.775746821095032	0.251884387964293	9.37768045313507	0.00219643299182024	0.0135723562463738
FBgn0032900	470.233396565836	-0.381881813792566	0.295286855911214	1.66700147265527	0.196660644283139	0.37008605782777
FBgn0032901	1452.45336359168	-0.280982945786824	0.144594455947045	3.76983246517629	0.0521848594713774	0.148302479863264
FBgn0032910	361.366200485273	0.210649677946978	0.256024276772999	0.676680480733538	0.410732137572513	0.605260584826295
FBgn0032913	1448.6517231275	-0.42974754075205	0.280703608527677	2.33486128750474	0.126506258933191	0.274577641378878
FBgn0032916	397.867674711767	0.288587874358066	0.183178615579016	2.47972221710957	0.115322618873777	0.257166234253779
FBgn0032919	525.752407460426	-0.0471409374070478	0.207752717986059	0.0516911010867034	0.820146332234858	0.902365490728228
FBgn0032923	1394.91945607257	0.226025017357445	0.182121960689311	1.5383978383943	0.214856441321286	0.394813252440447
FBgn0032924	441.719114434062	0.0307042968450793	0.165864253585193	0.034483855974571	0.852681367130167	0.920824915378361
FBgn0032925	335.160765316022	0.00968330965011392	0.229802867312286	0.00199724040992066	0.964354009427461	0.980081476332007
FBgn0032934	307.378792753096	0.0343932102089858	0.195909879130338	0.0311416004602023	0.859924849854671	0.924813273306299
FBgn0032935	1524.04125039718	-0.24605828955876	0.227394046556022	1.16933320723335	0.279538290823101	0.471460195025434
FBgn0032938	761.776982940619	0.0230162408683033	0.14209939961764	0.0262384362022345	0.871319377434972	0.929711443999078
FBgn0032943	190.165555737792	-0.230210886978247	0.219282654996428	1.10542912340291	0.293077718368242	0.485018339625163
FBgn0032946	115.286556020123	0.395873101088062	0.280622039549442	1.9909345007952	0.158243203377049	0.320603680964774
FBgn0032949	4020.06353431525	0.218095798854287	0.185909509556634	1.37500483304427	0.240953841900315	0.427030329971504
FBgn0032955	435.375158273926	-0.66079727594792	0.474599052207224	1.92437770317149	0.16537486722575	0.329927159936698
FBgn0032956	837.772151409625	-0.0194805728723072	0.182898323156614	0.0113497727412266	0.915157639751355	0.955300267492575
FBgn0032957	418.257531881066	-0.481750036366201	0.175136165635193	7.55346786369086	0.00598946997925914	0.0299100640050836
FBgn0032961	847.273645509925	0.281525040774709	0.225445255495916	1.55759591777323	0.212017571575045	0.390899091428792
FBgn0032969	62.9175559518191	-1.11434973250418	0.565340959180749	3.82914912850879	0.0503684960782411	0.144866887025554
FBgn0032974	425.682332986103	-0.0853147541690887	0.198162139688333	0.185685814235455	0.666531798781487	0.809006408864903
FBgn0032979	942.583781086949	0.0502952794724235	0.151751197959824	0.109887912248709	0.740271782192722	0.854181538007221
FBgn0032981	142.04651855245	0.280715112531267	0.250310847117765	1.25719749154231	0.262182234569548	0.451766459254382
FBgn0032986	515.070753988193	0.12036545707662	0.25320665734274	0.226008698769363	0.634499242159909	0.785028226699248
FBgn0032987	9801.2108833476	0.671420858425058	0.169773338837748	15.5033197446816	8.23604824062685e-05	0.000825851019037401
FBgn0032988	336.791491627139	0.160819298878009	0.309101061437166	0.270918323403052	0.602716417485612	0.762268810972924
FBgn0032997	240.962228821875	-0.0772489157112234	0.236898013005765	0.106652014147507	0.743988447305042	0.85581463420932
FBgn0033005	728.865309356194	0.39987022818825	0.322008560665945	1.53778146209962	0.214948332379088	0.394899871936929
FBgn0033010	204.47561139302	0.147921205669062	0.387475105349544	0.145944140413093	0.702441811746464	0.830988945817241
FBgn0033015	488.871189579196	-0.208952193244911	0.16196603099916	1.66443119257513	0.197006093638391	0.370578079357314
FBgn0033017	284.162314951753	0.190629218431101	0.305002680457847	0.390810900938732	0.531873465551942	0.708678712146228
FBgn0033020	112.204843868515	-0.904912342347263	0.580588579311349	2.400200149309	0.121319727404254	0.266830826175259
FBgn0033021	573.892382285831	0.0796945521047227	0.246803867053189	0.1043650174053	0.746653021520057	0.857717131879104
FBgn0033028	764.959445614857	0.0185705995984297	0.20271695070976	0.00845954389801307	0.926717283669764	0.961249569211298
FBgn0033029	1689.20325618265	0.0956189588690237	0.1467077126877	0.424708939403601	0.514596678292915	0.695375358232263
FBgn0033031	50.4581010706086	-0.464077382982792	0.563473422102032	0.67762376698726	0.410406174220025	0.60498068234016
FBgn0033032	370.45154074574	0.111185957455704	0.192166614552631	0.334791583972887	0.562851159018561	0.733293758626868
FBgn0033038	427.208836246919	0.199454115508537	0.229706646364272	0.75321909889135	0.385458954954534	0.579238729311786
FBgn0033042	34.9705357659779	-1.36407021761603	0.628076840595301	4.6514463767168	0.0310273933710914	0.102349801535144
FBgn0033047	687.709835678511	-0.549058162905805	0.178743967983738	9.39760586392845	0.00217268972395428	0.0134822884136235
FBgn0033050	894.883048415075	0.207310402015735	0.158878156926307	1.70120378270235	0.192130623814239	0.36443693562701
FBgn0033051	489.46897358008	-0.081364568756619	0.213677353019773	0.144916861795949	0.70344110160387	0.831613649591714
FBgn0033052	1072.973490529	0.0916781420434757	0.205802712909673	0.198398436677422	0.656016699232202	0.801202955574387
FBgn0033054	63.5647299623859	-0.266308654494796	0.354079645676126	0.566334121786326	0.451719327070264	0.644289927953109
FBgn0033055	561.089936941477	0.0161218889213204	0.153972144073049	0.0109706212314933	0.916581539137191	0.956018380773826
FBgn0033062	1362.72130174789	0.105040531171328	0.158649102289457	0.438301548513934	0.507943366751378	0.690220035259173
FBgn0033065	246.697336622712	0.624643425354637	0.339173443171209	3.36995550580855	0.066395548445479	0.175619242544978
FBgn0033069	65.6459626998597	-0.872365763608808	0.43216778610731	4.0459990014331	0.0442761654586525	0.13240529678788
FBgn0033074	103.393921367709	-0.935297224842252	0.554291186166474	2.81234544578438	0.0935415230209715	0.222123358217721
FBgn0033081	468.227742068456	0.0896452108855705	0.159684916261001	0.31524128816465	0.574481589996556	0.740662660170489
FBgn0033087	403.635603041632	0.132896350478738	0.185166273819968	0.515169163864122	0.472909685819626	0.661428921805734
FBgn0033088	169.208624874529	-0.1119873905123	0.213156806788331	0.275942024430407	0.599373377624816	0.759786048579425
FBgn0033092	106.116794856433	-0.0576296669132508	0.312385895080741	0.0340441098330757	0.853613022172929	0.92149644226101
FBgn0033093	1810.09224813472	0.165145856812995	0.18670013006378	0.781904987437059	0.376559159420547	0.5713132776353
FBgn0033095	1045.87775211229	-0.504969128493935	0.226799806916939	4.93325875082901	0.0263445923890505	0.0909663086069297
FBgn0033100	130.975271393847	1.00974019877473	0.409579626228833	5.98799905818236	0.0144035318665535	0.0585299571214465
FBgn0033101	1318.3474099238	0.4978617287736	0.256629626242205	3.74497205969578	0.0529666128578944	0.149800446108352
FBgn0033104	119.417656747117	-0.00420665110427479	0.245975209849665	0.00037262897406265	0.98459891205717	0.991758678482246
FBgn0033112	56.0627785397155	0.749588524530338	0.400268535199857	3.48413310113557	0.0619598057844739	0.167709609276748
FBgn0033113	730.379847626221	0.212744187764289	0.174743303961807	1.48077323050164	0.223653582401217	0.405990374636565
FBgn0033117	220.819186065123	0.881640627615414	0.235796474220016	13.8343228706688	0.000199655516896355	0.00178315817924437
FBgn0033121	374.152823368672	0.0798634367162737	0.204887286815801	0.15198815282141	0.696642602722861	0.826962666328257
FBgn0033122	362.746491407981	0.021209002240633	0.203408690552784	0.0108954654128937	0.916866725468685	0.956202811196747
FBgn0033124	1044.67347236218	-0.25331581916103	0.146707673692872	2.97855091478462	0.0843747828840092	0.20733493716097
FBgn0033127	863.708335249145	0.0830034319245679	0.163195811017202	0.258717371536662	0.611002710071228	0.76788904657909
FBgn0033129	211.777310677541	0.46711301584754	0.342322369458917	1.85361544286064	0.173363481804774	0.341692955873426
FBgn0033130	220.221517695145	-0.230906655502989	0.304085586595114	0.575243287605616	0.448182863780606	0.641581441927688
FBgn0033132	320.293604911132	-0.196034889497867	0.321620816626566	0.371367052375817	0.542260048869048	0.716347923908699
FBgn0033133	2081.68109537126	-0.404589243118687	0.280315215986219	2.07624363025091	0.149607953386652	0.308660411663273
FBgn0033137	3496.72732476572	-0.607109466167217	0.232565228087739	6.76517713525716	0.00929536970251053	0.0419122852605789
FBgn0033138	511.12993382374	0.593334207357023	0.183664643408303	10.3774224556277	0.00127565660239043	0.00868548908911512
FBgn0033139	351.843180682706	0.0219042487137025	0.187640534057706	0.0136873455168285	0.906865656568447	0.950829676040871
FBgn0033141	44.5909042162653	-0.76950675420014	0.57585108324492	1.78348816016975	0.181721583172661	0.351416009185966
FBgn0033153	1481.66064134359	0.189032751483915	0.250761913691059	0.567730579555302	0.451162135463932	0.643871046956775
FBgn0033155	634.188902068124	-0.188355660142949	0.176257045064064	1.14169098205477	0.285295297884293	0.476247769302119
FBgn0033159	1479.43640645234	-0.726009970115284	0.286247512462103	6.36934406022756	0.0116108505786078	0.0496386363883891
FBgn0033160	1105.80700539552	-0.140496600924994	0.134261852973782	1.09537894342151	0.295282474393157	0.486749963393465
FBgn0033166	1234.60664313677	-0.0199381281029372	0.187770843799659	0.0112977046597678	0.915351740894121	0.955300267492575
FBgn0033169	210.130854603083	-0.0412280840167237	0.19434776906357	0.0449939466080593	0.832015159881684	0.910881113001983
FBgn0033170	696.145315272592	-0.194659678891329	0.394527965795239	0.243153016695217	0.621938057357079	0.77601547201907
FBgn0033174	263.321148971065	-0.70307638889989	0.410730845219747	2.90829457024945	0.0881250171902127	0.213454612046785
FBgn0033177	627.950461776716	-0.196078148044558	0.172811353339097	1.28811520826766	0.256395584492818	0.445448835905616
FBgn0033178	506.588510009631	0.291747849811295	0.227479291761805	1.64167054620043	0.200096416570505	0.374789971041959
FBgn0033179	1564.77603344959	-0.0189535803576927	0.152926147835811	0.0153608491183377	0.901363658431795	0.947472247177447
FBgn0033183	856.388630044322	-0.176683193717945	0.149387103279691	1.39790182345293	0.23707518985647	0.422836915778814
FBgn0033184	437.304020824011	0.196603820431736	0.179751121478155	1.19614740618051	0.274093049531427	0.465171887768712
FBgn0033185	176.490020892204	-0.054589127498276	0.231031984710122	0.0558192970600615	0.813230087168357	0.897217090419302
FBgn0033186	70.9179335368485	-0.451843156038483	0.327221811937161	1.90640100260534	0.167363589722252	0.332691217776335
FBgn0033187	524.137663181105	0.246970101515098	0.148483523856802	2.76473262275442	0.0963627864820823	0.226687610748572
FBgn0033188	6630.13543549213	-0.21465668933593	0.256321825247196	0.700723532735438	0.402540683525126	0.597379581470856
FBgn0033191	1065.07612136053	0.171721118396924	0.140256910677635	1.498408114482	0.220916462049287	0.402544974623117
FBgn0033194	4912.32603834745	-0.0262386330214833	0.27349666944421	0.00920436622031673	0.923568711537094	0.959785573695296
FBgn0033196	305.613744088874	0.962556659100493	0.180889352886496	28.0375702289998	1.18982883224468e-07	2.25301493899721e-06
FBgn0033204	217.225292237247	-0.0219922456879897	0.234193477047763	0.00923378115424356	0.923447055814543	0.959785573695296
FBgn0033206	487.063965651305	0.0417341879374263	0.196379385419259	0.0453394156372724	0.831381139682961	0.910638924598119
FBgn0033207	187.652075012421	-0.36253376161897	0.229119740807525	2.50614744101897	0.113402860469778	0.253976355529269
FBgn0033208	99.1463947002621	0.356126793185952	0.325710829026898	1.19610599814808	0.274101355120778	0.465171887768712
FBgn0033210	178.270763256469	-0.252894918733414	0.206947562368363	1.49459275356568	0.221505233266151	0.4028444345397
FBgn0033212	4156.43490819818	-0.769504121203762	0.221331325065216	11.9506964430295	0.000546269575762519	0.0042025132838086
FBgn0033215	140.192304115263	0.846085423593202	0.243695056422018	11.972521717424	0.000539908257458417	0.00417541670798691
FBgn0033221	573.538810129764	-0.141052802285481	0.242100696087646	0.33924973123905	0.560262611702613	0.731000633692719
FBgn0033222	423.75556869277	-0.952786751022575	0.225803584638649	17.5512338721429	2.79669246123095e-05	0.000321041544444757
FBgn0033224	1279.45506795297	-0.161134750684697	0.214421008015581	0.564393093568938	0.452495593990727	0.644835452418309
FBgn0033225	747.646045046505	0.150055896641303	0.201322536150922	0.555222980134914	0.456191405553492	0.647800605504347
FBgn0033226	1872.01627863062	0.00297481067303726	0.196889439611639	0.000243531860817825	0.987549111958815	0.992874672360673
FBgn0033229	431.849225813423	-0.290811658845185	0.164781484439359	3.11013089050381	0.0778067074033425	0.196304639826848
FBgn0033232	272.79263346326	0.0812499996369702	0.200161274273659	0.164969258093834	0.684622046383794	0.819369791675384
FBgn0033233	159.335047910721	-0.214717568059534	0.229952198837141	0.875018740143119	0.349569645873248	0.545464642826798
FBgn0033234	192.915255943867	0.247168034455046	0.376324372453106	0.431157362680679	0.511421593828458	0.692546308374981
FBgn0033235	855.664418067674	0.145884372916909	0.226226086939193	0.415893260454666	0.518993373292199	0.698855108489297
FBgn0033236	442.20205616767	0.138865015298511	0.243836642937446	0.324380971937174	0.568986659918837	0.737259660370604
FBgn0033240	130.061940816697	-0.260065906548905	0.313041149751793	0.692662639991113	0.4052601920917	0.59970081083635
FBgn0033241	1907.64422856906	0.815725711032017	0.170045833904738	22.7311804277916	1.86319924016892e-06	2.85431772486989e-05
FBgn0033244	709.353089661615	-0.0810498242460164	0.214566111537757	0.142735007393597	0.705577042687159	0.833098139346993
FBgn0033247	342.445696626813	0.241175523930899	0.180845944374269	1.777925591585	0.182404258286352	0.352195880769971
FBgn0033250	209.432114398189	-0.778657567810464	0.255240611454985	9.24621706475473	0.00235982405413926	0.0144104411444463
FBgn0033258	120.183802656264	-0.682187246244896	0.292278232739559	5.42837563186871	0.019812099340745	0.0740457283281381
FBgn0033259	1330.89412119124	0.547312683131387	0.118762482443888	21.1419543329957	4.2648802264839e-06	6.04065860649983e-05
FBgn0033260	688.413026366799	0.0621476356355407	0.21703902150366	0.082050425299272	0.774537730912925	0.874091435934985
FBgn0033261	105.965216973905	-0.0579380433155269	0.285216175185095	0.0422310777957335	0.837179924661948	0.912572656604945
FBgn0033264	602.789823365084	0.0780503158567662	0.1486678576776	0.275670308411023	0.599553195470946	0.759904825744847
FBgn0033265	154.62978685916	-0.281120393587491	0.30144627514711	0.869952538767656	0.350968448248384	0.546680597942408
FBgn0033266	546.043279136273	0.208075410704016	0.191343346042979	1.18147355980271	0.277056212142393	0.468848625820487
FBgn0033268	4614.91762355173	-0.159376831428182	0.182436267153377	0.76282508183472	0.382445864019907	0.576749978223072
FBgn0033272	671.428951781232	0.308612274816344	0.149821045670505	4.23772014229885	0.0395352232745059	0.122058056815532
FBgn0033273	103.309863833256	-0.171858290305911	0.259155558224745	0.439531780034358	0.507348531794437	0.689812851710568
FBgn0033279	79.7708647912334	-1.07717488389521	0.446588091553574	5.74027586242218	0.0165801882521012	0.0646502788937432
FBgn0033283	80.730040343543	-0.609480251959631	0.378785195729073	2.59039075175755	0.107513808546977	0.244647471993859
FBgn0033285	99.41675016921	-0.972727777105444	0.485968212839376	3.95818439087112	0.0466439872410557	0.137608339490162
FBgn0033286	807.752057638594	-0.935882719703072	0.380221932284779	5.96287194082615	0.0146102233929852	0.0589216687475783
FBgn0033287	431.028085400314	-0.90773207167413	0.477828204723976	3.55651384902937	0.0593121823317225	0.162229453795523
FBgn0033289	940.782325775563	0.192990489994715	0.388146703023001	0.246964408727209	0.619220687989664	0.77397717574574
FBgn0033292	1082.75156265997	0.888229934136827	0.167808177346605	27.6445581137869	1.45781613541216e-07	2.72537491077901e-06
FBgn0033301	79.9642073366983	-0.755747265598289	0.384758828675428	3.82980827675794	0.0503486916363438	0.144866887025554
FBgn0033302	214.3071850458	-0.95935348321519	0.365373994055792	6.7821689636353	0.00920729413971064	0.0417069627765948
FBgn0033309	898.535282200328	0.335038438829016	0.208078369373156	2.58706139124932	0.107740060964375	0.244868807957744
FBgn0033313	6908.11228853356	-0.495434909508288	0.241111478479696	4.20193823180435	0.0403778037725414	0.123971378040677
FBgn0033315	108.389081789269	-0.0194230673862013	0.302308677044597	0.00434529328671829	0.947442442142704	0.971329395778694
FBgn0033316	247.545085029301	0.0384331830567899	0.202153719896532	0.03655837471063	0.848366988662112	0.918435581282255
FBgn0033320	1091.68635046233	-0.403325815977861	0.371528867882046	1.17448195396015	0.278482229830029	0.470572040601336
FBgn0033321	279.710189908586	0.0968893630115917	0.290168180216446	0.111477105563537	0.738468698389629	0.852577233362566
FBgn0033330	79.350176507631	-0.868312409690272	0.471892307574634	3.35682512844537	0.0669269822320628	0.176445680076403
FBgn0033337	380.99704556425	0.155002088251208	0.213528167161568	0.526813395373068	0.467949663860666	0.657618702644771
FBgn0033339	3573.52128623469	0.35884607708804	0.196063940712108	3.34131513998882	0.0675605894398601	0.177744377226394
FBgn0033340	179.339746775615	0.202276341025309	0.200208326697636	1.02123740239909	0.312225673553528	0.506076293798004
FBgn0033341	201.107729175143	0.341202136029911	0.240552673743959	2.01163546654129	0.156096964686125	0.317812555696901
FBgn0033349	1087.83402746427	0.205048456044634	0.14709928227412	1.94161972983473	0.163492774251378	0.327356532787421
FBgn0033351	412.579982922936	0.252346153751831	0.179954267578992	1.96554495393794	0.160921535052048	0.323824772018078
FBgn0033352	1952.81605385866	-0.125883439543344	0.157596980644747	0.637699821928464	0.424544954331971	0.619408842100746
FBgn0033355	85.6178304391809	0.348804590441949	0.558354960736312	0.389461662662924	0.532582510462515	0.709138425511144
FBgn0033356	402.49585132641	0.41072917614921	0.175204817100319	5.48518068798011	0.019178337616442	0.072259088583357
FBgn0033357	506.319702821334	0.744029490906922	0.178852194458644	17.1634691458922	3.42968816231784e-05	0.00038454343512443
FBgn0033364	80.3987804771643	-1.12295849105754	0.549151151670241	4.11766746429471	0.0424375516902194	0.128506848357754
FBgn0033366	1843.23619945883	0.126070639765915	0.202471007537698	0.387517836077578	0.533607026518691	0.709439265029521
FBgn0033367	12145.0056573676	0.689381885018804	0.301772326677581	5.16979907771469	0.0229828739960618	0.0824393821712396
FBgn0033369	57.768110819586	-0.741899801115838	0.403262823920135	3.38752114098608	0.0656916410474757	0.174458702321441
FBgn0033371	150.560021053595	-0.887069869838254	0.34281794357472	6.63666253862318	0.00999009172073826	0.0443200449189514
FBgn0033373	1076.72017343143	-0.282842658169151	0.210058036664278	1.80940389966975	0.178579754266177	0.347472492093659
FBgn0033375	163.263263479718	0.234549743308944	0.208951735625777	1.26029430277482	0.261595390444448	0.451284012762817
FBgn0033376	358.528855816535	0.0214305296284136	0.161268006319033	0.017661569113379	0.894274968933886	0.944135238797871
FBgn0033377	1895.14871382608	-0.0925431815703645	0.194636726341742	0.226024250840879	0.634487586163412	0.785028226699248
FBgn0033378	345.449232968059	0.0417256959755689	0.180012391327736	0.0538519673642455	0.816491205116422	0.899128715081406
FBgn0033379	387.668904350913	0.101770651205659	0.224496409330803	0.205739580209439	0.650127370855173	0.796324808498896
FBgn0033381	387.092143312092	0.639420560539994	0.208032976085383	9.38567029610334	0.00218688078876117	0.01352280033639
FBgn0033382	720.087140200658	0.381146739349589	0.147791647173449	6.63744572444517	0.00998570066233095	0.0443200449189514
FBgn0033391	1229.792240745	0.880241045310796	0.167916825043368	27.1077383784018	1.92426125559552e-07	3.4865875399127e-06
FBgn0033392	103.058202776886	0.0586267704895472	0.26223431487666	0.0501216063189673	0.822851804705625	0.904890867986345
FBgn0033400	278.399791873555	0.126549074560195	0.217067270444905	0.339900048714611	0.559886921370971	0.730726548465826
FBgn0033401	381.015721497967	0.0992160880086076	0.182136396926246	0.296774542600069	0.585911594379555	0.749311489233232
FBgn0033402	1143.53816874793	-0.0301229237514137	0.218408811794626	0.0190234138830334	0.890299381924128	0.941740799100756
FBgn0033421	428.240273050509	-0.18543384644127	0.175046414818296	1.12071745430996	0.289764019925055	0.481339930688759
FBgn0033423	3094.28615574152	0.895730711521469	0.218695317690456	16.5191617736568	4.81608930626459e-05	0.000514493608214028
FBgn0033426	246.996486870647	0.193054000787262	0.224879052483241	0.736816258841593	0.390682656514053	0.584401383468386
FBgn0033427	177.687887310515	0.0561728494948673	0.22458190534237	0.063466941394914	0.801097906707296	0.890849140363602
FBgn0033428	936.925334857444	-0.136455708156468	0.156673470635285	0.758046698458429	0.38394049544457	0.578039742672391
FBgn0033431	857.669218727504	0.107393163213964	0.269087453103742	0.159218565727812	0.68987698544035	0.822965326419582
FBgn0033434	1254.42298843334	0.357447410546178	0.141609691722917	6.35673399375443	0.0116936600053646	0.0498780325969338
FBgn0033437	1213.40362179597	-0.478564032596536	0.219032621634767	4.75266087636082	0.0292530266556908	0.0982105605414641
FBgn0033438	1114.56982624336	-0.803610955782426	0.426881785143639	3.50146900252696	0.0613144192051912	0.166319838630989
FBgn0033439	500.529529573872	-0.919339559967862	0.536133258192507	2.89535325699573	0.0888353001260109	0.21434818365038
FBgn0033440	72.6555684915098	-0.894730276068476	0.397055876238517	5.05226216801449	0.0245938090164055	0.0864949265686578
FBgn0033442	120.527454061722	-0.489702835130243	0.469207770951996	1.08784092960247	0.29695008459863	0.488495068325561
FBgn0033443	647.202297883886	-0.333700767346025	0.251831252683377	1.75167419298359	0.185666401355472	0.356389020135019
FBgn0033447	102.073076632795	-0.634539483669859	0.3109552352945	4.1612743217631	0.0413582769295567	0.126114588623922
FBgn0033448	2095.84463501621	0.908873307621668	0.205412914091205	19.2774566655399	1.13033086711787e-05	0.000143511360740261
FBgn0033449	83.3393211913306	0.00265567085539038	0.395535389049577	0.0001198011893635	0.991267030268623	0.994761773580158
FBgn0033450	41.8868278098034	-0.792025707753147	0.377019899648797	4.40553014956253	0.0358225886824927	0.113622761514851
FBgn0033451	666.18961807955	0.18024307955807	0.216145460174839	0.694852403368074	0.404518786103832	0.59900549900658
FBgn0033454	425.795516385418	-0.196508254545344	0.216007150445533	0.826373091777384	0.363323388339471	0.557947368379305
FBgn0033457	240.352901872255	0.0931701540219555	0.215440711416656	0.18713211197678	0.665314332016695	0.80812596361796
FBgn0033460	2444.83854348322	-0.189562538481028	0.262482032530471	0.52124719295324	0.470310149367661	0.659302002866
FBgn0033461	38.5013419183134	-0.803853861349965	0.613166236475741	1.70678699191335	0.19140277309497	0.363603459588808
FBgn0033463	1779.36290351097	-0.0766421440282925	0.152525694532204	0.25255008457161	0.615285180817665	0.770766103852225
FBgn0033468	214.1697191402	-0.108413670499737	0.329431488508765	0.1086746401065	0.741658113677481	0.854181950315865
FBgn0033471	168.767521885727	0.455059230831575	0.255570812759348	3.16654894231306	0.0751611068724876	0.191748103921932
FBgn0033473	243.666861203675	-0.266136538109506	0.207117005127675	1.64973694991863	0.198994737393381	0.373205008025333
FBgn0033474	869.849953065338	0.0897912295562188	0.174145491873494	0.265831843933725	0.606141611850922	0.764412402883026
FBgn0033476	4286.87897620489	-0.203068871941644	0.109076506256534	3.46332134113801	0.0627441637504861	0.168797103943381
FBgn0033479	204.249268559451	0.00435737740212891	0.263278747548762	0.000332087566214057	0.985460739013858	0.992410319342108
FBgn0033482	1802.69707506351	0.032348273133948	0.160583944429144	0.0405841206765842	0.840342805751125	0.914213403766235
FBgn0033483	607.132264035674	-0.570525879864276	0.19047748109652	8.91876259901863	0.00282255688365296	0.0165820518917135
FBgn0033484	401.376430062608	-0.190565924743486	0.193756512745949	0.968069672735609	0.325162069193492	0.520448049802897
FBgn0033485	278.94109663557	0.193890913205657	0.221159241587975	0.769103478103048	0.380494541502338	0.57542406940812
FBgn0033486	575.383815902493	-0.266758510860576	0.175497397112107	2.30814213015938	0.128697794071752	0.277931800021816
FBgn0033491	123.029587862876	-0.216956742460907	0.236838892880245	0.840374886220083	0.359289575193404	0.554648567443422
FBgn0033494	552.39091141362	0.219305485040312	0.230424585743645	0.905465368373129	0.341320459741944	0.537535558943944
FBgn0033502	554.962586032672	0.229042137557204	0.245395243182764	0.869992750095392	0.350957315727428	0.546680597942408
FBgn0033504	4586.53956543599	0.256993492895424	0.24413642133868	1.10663406598589	0.292814799970271	0.484947033584398
FBgn0033507	87.1045552272461	0.170844038390432	0.336191188624184	0.259199706125202	0.610670501159513	0.767847787531552
FBgn0033512	127.147740943244	-1.19771926229242	0.552419519656168	4.596702421079	0.0320335142475069	0.104845597077152
FBgn0033526	180.048276721471	-0.445337817090469	0.211369438465513	4.43137846448754	0.0352840005109497	0.112318189216674
FBgn0033527	73.4355282846521	0.230562971255047	0.304935983646703	0.572010459701815	0.449461117477526	0.642749791039025
FBgn0033528	253.95035895112	-0.0845363687078607	0.231495241366324	0.133304645566369	0.715029977860482	0.838756319189085
FBgn0033529	695.065668749456	0.189197803377999	0.184187426259429	1.05462078880855	0.304445272735873	0.496566559449416
FBgn0033538	462.998166407903	0.825249644681815	0.346717651901613	5.59539277793468	0.018007773084183	0.0691204046274541
FBgn0033539	524.93261570245	-0.139578491492777	0.164116721991676	0.723707782734209	0.394930375834824	0.589057747864518
FBgn0033540	234.789808171456	-0.208453033705463	0.243422945299434	0.733958727922555	0.391603012542532	0.585182892917071
FBgn0033541	4713.33567006399	0.508032032246199	0.157110151265326	10.405085966011	0.00125668712295295	0.00857618497520253
FBgn0033544	1579.42663864311	-0.0113965374790775	0.259489953251751	0.00193869675850067	0.964879984884535	0.980322508534386
FBgn0033547	45.1182210095312	0.227349774475598	0.438004974566928	0.270951641229942	0.60269411663606	0.762268810972924
FBgn0033550	215.80663732254	0.445540102560395	0.189674487064745	5.50911737156299	0.0189175912070222	0.0715942458093295
FBgn0033551	498.253101514462	0.134537284506124	0.236988115826375	0.322259957094246	0.570252648416956	0.737982916276114
FBgn0033555	584.312597087394	-0.0419703609792156	0.17968861150475	0.0545672465878511	0.815298375177493	0.898357201433922
FBgn0033556	162.894667901708	-0.248291071705389	0.286046880786443	0.755414999065408	0.384767206773565	0.578593359333663
FBgn0033557	202.648116444223	-0.0428410531999031	0.30835618149338	0.0196805438922141	0.888432949367538	0.940786422720692
FBgn0033564	269.656708906241	0.150646798731485	0.228856344430763	0.433308281856156	0.510370073737737	0.691782723603962
FBgn0033566	204.796303726382	0.0504966849028748	0.209678837630326	0.0580447564787789	0.809613405037668	0.895129518362659
FBgn0033569	176.88116929465	-0.226587249600375	0.221682520956341	1.04433391003059	0.306815656900194	0.499509475366662
FBgn0033570	973.508387553692	0.997257293291558	0.179371728283574	30.3883038823518	3.53654098721402e-08	7.46565494525753e-07
FBgn0033581	485.267021454939	-0.111315349990375	0.169279646060642	0.43298266188782	0.510529019104373	0.691891885206111
FBgn0033582	442.791550411255	-0.24138139350439	0.261723892779612	0.850006165961247	0.356550593452797	0.552238348773373
FBgn0033592	73.9639437355148	-0.582647826509142	0.855563524038183	0.462048891354989	0.496667974695737	0.681311478613438
FBgn0033593	1119.31239330604	-0.0229331883141005	0.424209416926561	0.00292319990764156	0.956882082959558	0.975115775497764
FBgn0033598	740.646585730305	0.203557246392009	0.401686506924325	0.256515865356306	0.612523970198987	0.768725858773412
FBgn0033607	610.310649190558	0.0598089122430861	0.165173730577706	0.131280132630621	0.717108428629655	0.84022902326757
FBgn0033608	534.365886905378	0.70940073713521	0.208661245859748	11.468362434688	0.000707910313103881	0.00525808131551233
FBgn0033609	534.594439720898	-0.132647912112623	0.162215478657054	0.668094998096329	0.413716566788335	0.608540587654654
FBgn0033610	184.249311684649	-0.859284704585093	0.384916793454714	4.93447019442411	0.0263261318402043	0.0909560639616143
FBgn0033615	140.424348844119	-0.146090239320898	0.234252335954822	0.390409409921247	0.532084277021272	0.708696099688408
FBgn0033616	139.861703840238	-0.164403289477833	0.278081785326851	0.349731972317294	0.554264893254552	0.726397358989777
FBgn0033624	2586.04870385615	0.366907618427283	0.178947822498389	4.19311058244887	0.0405885589544762	0.124402029945918
FBgn0033627	175.609728883897	-0.169817437926406	0.195550443032345	0.755460444546486	0.384752909269767	0.578593359333663
FBgn0033631	2563.66565108876	-0.109865893074738	0.211520076905969	0.269685102440945	0.603543086451817	0.762294315360849
FBgn0033635	1158.11561592664	-0.307132647646688	0.307400242588417	0.996775394280235	0.318092028093064	0.512291304233107
FBgn0033636	2637.56373148459	-0.808872104400515	0.277075131989392	8.41686556800211	0.00371756138233373	0.0206833301624924
FBgn0033639	2038.81128536948	-0.602328468553138	0.390947934295286	2.35728598806101	0.124698968559901	0.271824036208638
FBgn0033649	242.707993283101	0.0392217141346029	0.205209584167818	0.0365485226567941	0.848387173960977	0.918435581282255
FBgn0033652	100.985955982698	-0.467061797161751	0.282315832341581	2.73383744757221	0.0982429705017667	0.229641317008633
FBgn0033654	220.178678249741	-0.765495352008494	0.3403997635009	5.01922306313699	0.025067414197339	0.0878105847071535
FBgn0033656	501.983199154578	0.286604887142181	0.185798724184454	2.37573227315369	0.12323379987954	0.269830037254853
FBgn0033661	773.621904826603	-0.457079775957799	0.409504842324123	1.24114212066907	0.265251052811897	0.454922310983903
FBgn0033663	13344.6258584939	0.497115962085553	0.184189271134516	7.24878410607054	0.00709490374720138	0.0339324827454228
FBgn0033665	351.714769568833	0.824499116595575	0.164030118752343	25.0908270516236	5.46924090085177e-07	9.21003467731221e-06
FBgn0033667	682.35571893965	0.934078834623827	0.237447281164079	15.235912615464	9.48818400516343e-05	0.000933374979504595
FBgn0033669	836.384340186644	0.012832857368271	0.155920070211061	0.00677430411882085	0.934403255371512	0.964912150426942
FBgn0033673	357.984638945436	-0.24138224662133	0.226499917603988	1.13529866376962	0.286647939842086	0.47787293050568
FBgn0033677	210.248522569845	0.229930994567844	0.197227080120577	1.35983180494721	0.243566633382745	0.430166946604683
FBgn0033679	8180.6977358289	0.267026067942227	0.223227363937455	1.42882467157692	0.231956348490257	0.416690313330218
FBgn0033680	33.3458131244454	-0.829182284863604	0.58834744982233	1.98715887972379	0.158638260735461	0.320801656061784
FBgn0033686	64.6247657306345	-0.311376522918481	0.376556815248859	0.687665792276889	0.406959467831256	0.601811688309536
FBgn0033688	3718.75844183182	-0.437543219282578	0.257993593558584	2.86556315382896	0.0904940312203554	0.217284171833583
FBgn0033690	124.698135265167	0.168586652284575	0.312406668488942	0.29176918548832	0.589089018958161	0.751203757372624
FBgn0033691	562.773945837715	0.737557679360253	0.304799440749937	5.79953977012239	0.0160303699681992	0.0632894785679596
FBgn0033692	388.922303462385	-0.0374569922275603	0.168396339517833	0.0494993744683399	0.823936700122132	0.905068771552059
FBgn0033698	1404.17470778186	-0.659209397149122	0.162590023628246	16.3160996934512	5.36065685616296e-05	0.000563795424300142
FBgn0033699	20635.0454788619	0.54738921327355	0.215846435609576	6.3931812707954	0.0114559538762825	0.0490715228176295
FBgn0033702	64.0454545932583	-0.624428778090363	0.291613235088213	4.59114115367609	0.0321376104351794	0.104982070511254
FBgn0033705	159.392747748872	-0.896699041133748	0.426417648009618	4.37671583374663	0.036433131864514	0.115145399560341
FBgn0033713	348.705205429393	-0.408917118810151	0.173547987756492	5.54323584616374	0.0185522480498219	0.0705321140851479
FBgn0033716	418.94453484689	-0.110918965361233	0.154096232285318	0.518059651180764	0.471670555188695	0.660188347106
FBgn0033717	6069.64518535225	0.156666923193434	0.208138334678348	0.566263061848389	0.451747709003387	0.644289927953109
FBgn0033724	1415.50284031458	-0.496529712086052	0.449625907355245	1.21359729462577	0.270620855342629	0.461084095611049
FBgn0033725	55157.3456634854	-0.919062617069333	0.420665768419616	4.69475868169977	0.0302547471743353	0.100439386405694
FBgn0033730	345.688966892669	0.809247565858248	0.390851316938924	4.23720841262065	0.0395471423884414	0.122058056815532
FBgn0033734	384.699856563674	0.431092593656788	0.213875585083675	4.05518181899026	0.0440359765413939	0.131875773260939
FBgn0033735	725.991012036096	0.456876233114864	0.188537819224046	5.84987979859118	0.0155781152233759	0.0618916203201571
FBgn0033737	282.206569312598	-0.202566314099987	0.280244878341877	0.523030022177409	0.469552015013774	0.659030854220064
FBgn0033738	1452.21870068432	-0.691443559496583	0.133137535444619	26.7721162895165	2.28916715351454e-07	4.10561198427079e-06
FBgn0033739	740.025500680464	0.33532426711721	0.208380269616008	2.58357462133726	0.107977570920941	0.245186331911062
FBgn0033740	112.313169710776	-0.593434926150326	0.244783678616964	5.8755154651573	0.0153528772746535	0.0611954544928279
FBgn0033741	602.52292202095	-0.0133752053986933	0.200570374284961	0.00455236607555776	0.946206569685149	0.970717192375952
FBgn0033742	396.077429019403	0.863664306662876	0.34344581285815	6.23637048101362	0.0125152703190172	0.0524879968132167
FBgn0033748	161.882503782446	-0.173106037946584	0.395252868481208	0.191835702733734	0.661393149656325	0.804983883112746
FBgn0033750	155.263353934279	0.0775762474421331	0.245410673238775	0.100082505839943	0.751730646279969	0.860234888182395
FBgn0033751	900.499380759336	0.0938713834263008	0.174149828926455	0.290541242486526	0.589873897998923	0.751739930089904
FBgn0033752	218.923270500997	-0.185073385884608	0.201030464027217	0.847165673866712	0.35735539337061	0.552823280347521
FBgn0033755	711.288548823791	-0.103008295030588	0.167512894944461	0.378086380839193	0.538629156343695	0.713643194531045
FBgn0033757	280.887702186111	0.249525893314716	0.203623664716366	1.50141136495466	0.220454328023994	0.402002271230362
FBgn0033762	553.508825645526	0.0990576517035894	0.176415650769618	0.315318624266482	0.574434656599377	0.740662660170489
FBgn0033766	488.651821113553	-0.230401613096157	0.188267077838019	1.49659469447542	0.221196068126004	0.402775544484777
FBgn0033770	24.2461965060215	-0.537402060491429	0.62540196614862	0.743650266216484	0.388494070905557	0.582213261153301
FBgn0033775	306.062831060477	-0.227962023540307	0.353972859266077	0.41388538433003	0.520003996355122	0.699575432815611
FBgn0033777	2285.72220497069	0.444044152261286	0.133375489090693	11.0446244742511	0.000889447176262286	0.00638607150800522
FBgn0033781	265.049255530334	0.128674157209033	0.230089282028126	0.312854505853537	0.575933806176122	0.741687084894644
FBgn0033782	548.980582896532	0.521416162090079	0.369708811071132	1.97967544526981	0.15942460211306	0.321619270472254
FBgn0033783	978.73767204147	-0.542387277927362	0.134408163076036	16.2196492098865	5.64060187885193e-05	0.000589723589798453
FBgn0033784	429.74579366866	-0.210212687924948	0.211251457573228	0.991294685360188	0.319426147838558	0.513607332701173
FBgn0033785	219.506287687199	-0.647590625275478	0.325114665870681	3.94564503599649	0.0469928344952743	0.138313799728586
FBgn0033787	6867.86918016027	0.883731507656727	0.294576451522979	8.86330685511869	0.00290959998524105	0.0169916017668875
FBgn0033788	1898.60651843362	0.814807454299381	0.242794885550256	11.1195519177341	0.000854224211760153	0.00619874543139111
FBgn0033789	899.840253999041	0.044616338207785	0.335653786253733	0.0176719863256807	0.894243977146694	0.944135238797871
FBgn0033793	59.539661052387	-0.381780978572851	0.392407554723891	0.947710022653915	0.330302877083402	0.525727088684193
FBgn0033798	27.0393995583279	-0.196174860285977	0.602948271804277	0.106945907705935	0.743648332426988	0.855638144982182
FBgn0033799	50.1806839565927	-0.530745215291858	0.358033966973	2.20089263513535	0.137930844736576	0.291975022849911
FBgn0033802	859.042982533944	0.0658826475067401	0.187861036351651	0.123009408960158	0.725793188571636	0.846359071753154
FBgn0033807	126.142060157661	0.929160779904066	0.269890229329822	11.7400122349464	0.000611706215445276	0.0046371955713824
FBgn0033809	723.726591873277	-0.377893754154316	0.236953593965676	2.5351202267948	0.111338405751237	0.250752958741428
FBgn0033810	240.037890665497	0.212252999020711	0.217878671510416	0.948686029918299	0.330053982735193	0.525513595029834
FBgn0033812	880.705808316005	0.120199270071724	0.1326975131989	0.820514038517587	0.365029915925199	0.559284821178951
FBgn0033813	124.074939995931	-0.0162686743393085	0.29910663853482	0.00297302677201117	0.95651651742367	0.974945948133342
FBgn0033814	1777.13675117752	0.360354950950907	0.243371498593213	2.18643899915061	0.139230882179587	0.293776495541052
FBgn0033816	290.482773687148	0.134617488832806	0.220020640616599	0.374878850356183	0.540356813296856	0.714872400509578
FBgn0033818	103.95807570293	-1.1278549498797	0.615704627595118	3.29531863836392	0.0694776265897572	0.18132818013251
FBgn0033821	553.298742249987	-0.990709302365285	0.267243214392044	13.5033197195498	0.000238141786895156	0.00207849963161509
FBgn0033826	8787.15269593227	0.931671674750856	0.347242116150706	7.07736983877733	0.00780635086216678	0.0366790415376782
FBgn0033830	66.9604870220712	0.233012697289775	0.860304248947171	0.0734013292703466	0.786447334595901	0.881668311583564
FBgn0033842	273.326854772275	-0.292078478794086	0.211090453107302	1.91356535212324	0.166567750848665	0.331842260420796
FBgn0033844	2156.33181342925	0.215565813217907	0.16903320593368	1.62501009263815	0.202394614379541	0.378214755884174
FBgn0033845	532.811781930691	-0.324694055392938	0.21434337659803	2.29243194562085	0.130006078200679	0.280003327811274
FBgn0033846	389.637373474534	0.0321064948751628	0.163329810832552	0.0387439719231537	0.843956750893534	0.916056306133026
FBgn0033853	1420.20066177296	-0.466054253638979	0.209709374167153	4.91900934841613	0.0265627440841991	0.0913797340917501
FBgn0033859	691.337243270965	-0.148210893394111	0.180836946701361	0.67107705766962	0.412676347599997	0.607314224686853
FBgn0033860	207.688899582906	-0.789170385794722	0.335612942878097	5.48429705737416	0.0191880339362141	0.072259088583357
FBgn0033865	76.3051997099397	-0.63139423294511	0.446267316445517	1.99745900692201	0.157563154833861	0.319617765115859
FBgn0033868	1695.55900663326	-0.99442890412215	0.348480997669783	7.99278345841375	0.00469641589232509	0.025024863426254
FBgn0033872	77.8278596148008	0.0783551714433261	0.340344966581432	0.0541714173721886	0.815957451195042	0.89865308903458
FBgn0033875	300.468339199823	-0.402590025682205	0.238647799424065	2.84031930835857	0.0919259448256166	0.219646503423028
FBgn0033883	625.55379875587	0.543795148347755	0.200478847351197	7.3238986400093	0.00680436481736354	0.0328635550894449
FBgn0033884	182.434236940517	-0.172564542579869	0.229708191294164	0.563755583236514	0.452751006381254	0.645049643588605
FBgn0033886	4697.5202756439	-0.320181814036227	0.209103935643376	2.33986720967118	0.126100302867346	0.274114811978312
FBgn0033888	170.477249057106	-0.613191221964617	0.345829192441066	3.12942938327666	0.0768906491365975	0.1947425625664
FBgn0033889	2125.36265267316	0.112415547084853	0.219995710659834	0.261010208024231	0.609426976366254	0.767239783058328
FBgn0033890	277.181004136502	-0.136000231226255	0.173302071936913	0.616654616655559	0.432293174770315	0.627084493534976
FBgn0033897	871.89039946883	-0.25662031602621	0.19754872816559	1.68653357153276	0.194058551739602	0.366903042297106
FBgn0033899	161.184476560792	0.197656019643856	0.256275555779164	0.594712845698467	0.440602455296159	0.634858926442407
FBgn0033900	240.599200932133	-0.0651584841179583	0.215356246516293	0.091992037031595	0.76165980528109	0.866347611552448
FBgn0033901	514.057724302257	-0.219584209283934	0.174362933872465	1.58498779746276	0.208043701909013	0.38599193138039
FBgn0033902	3468.26890782473	0.122831435541137	0.155175367456801	0.62632939507229	0.428704921244741	0.623108585910657
FBgn0033906	2524.77006113672	0.771443898973462	0.18454710743326	17.2779251858952	3.22916558196854e-05	0.000366248805852062
FBgn0033907	120.347361708726	0.535401751860032	0.278731970615035	3.68328606275362	0.0549604308355802	0.15366629964929
FBgn0033912	20978.5854978193	0.601324812200375	0.150332178636726	15.8860371307781	6.72732070940655e-05	0.000697554382371368
FBgn0033915	483.412845318597	-0.289873709919426	0.14971797155869	3.74920514123661	0.0528326297925987	0.149517358976873
FBgn0033916	466.257301346972	-0.63849016220849	0.237973322326552	7.15621017204266	0.00747048735818361	0.0353266776251941
FBgn0033918	1138.87497071159	0.307471663091987	0.145646780371862	4.45056220188806	0.0348897588066422	0.111465326469881
FBgn0033919	4267.01938846756	0.162804203706988	0.184857929604867	0.775152967317581	0.378627646155007	0.573268762812591
FBgn0033924	683.406003188623	0.310845479152385	0.188456879521351	2.71577608545363	0.0993606353576437	0.231151660004178
FBgn0033925	234.909641511886	-0.0505031902242586	0.271460323245915	0.0347559134810567	0.852108054887806	0.920656480510591
FBgn0033929	1207.45900713339	0.160535436930187	0.147709951451817	1.18059890449827	0.277234104236272	0.469001866522405
FBgn0033934	665.909250814908	0.253590525589828	0.164780669860082	2.36580464399538	0.124019951423554	0.270973798042092
FBgn0033935	179.462116863399	-0.194338413591023	0.214240396052644	0.824503164008306	0.363866827769242	0.558393197954051
FBgn0033936	1436.17363547956	-1.03726808414966	1.64721082981913	0.388320175960644	0.533183712694367	0.709410898796003
FBgn0033948	104.113923181171	-0.256459406305669	0.314353265567546	0.664708710037452	0.414902496911968	0.60967520945066
FBgn0033949	943.157249978174	0.260331714457767	0.266780745419726	0.950814814986231	0.329511979871191	0.525137097990273
FBgn0033951	139.352604432749	-0.0740942318340162	0.295685534513499	0.0627573760533693	0.802189706736076	0.8912770048148
FBgn0033954	438.058233912515	-0.862674933081735	0.406511547760898	4.44647435831135	0.0349733794096856	0.111692037608058
FBgn0033960	123.46913069203	-0.471991027970254	0.351720969602226	1.80194141641259	0.179477964195416	0.348631114755155
FBgn0033963	124.077201920367	-0.787658756556511	0.440983291670337	3.16920699658526	0.0750388723756722	0.191592306088811
FBgn0033970	236.290355172585	0.890390276768132	0.218274981747014	16.4882507948161	4.89524874195676e-05	0.000521686894915779
FBgn0033971	231.96869798627	-0.0601246182800013	0.206480108359406	0.0847647563340956	0.77094128470885	0.871258439583875
FBgn0033972	1050.47803847441	0.0898313017914139	0.159073790695056	0.318886866338374	0.572277366613285	0.739352193703606
FBgn0033973	229.69740183101	0.0195795523557203	0.227633728157909	0.00787383520203377	0.929292807448818	0.962731171351653
FBgn0033978	2601.51845690134	0.643578461028395	0.332428488407013	3.71794956489525	0.0538304371857323	0.151370228721129
FBgn0033982	271.50410283012	0.813002634769515	0.224366811600262	13.004020123677	0.000310822950245733	0.00261209686949367
FBgn0033983	139.838362012036	-0.954666165303944	0.2674580564382	12.6534048880777	0.000374882307000904	0.0030376138447897
FBgn0033984	389.086788216469	-0.636167881503926	0.239915691651013	6.99689925622691	0.0081651028590144	0.0380004576096746
FBgn0033987	1221.24755299049	-0.165052178073868	0.174859560779911	0.890324028840595	0.345389514279468	0.541239047061272
FBgn0033988	716.567443403959	-0.546061672048891	0.213128771003503	6.53200855606249	0.0105950251375371	0.0463742568519976
FBgn0033989	264.962113952793	0.604331447928613	0.204164487279031	8.72769753134853	0.0031341202754563	0.0180754753664225
FBgn0033990	73.112436584171	-0.373736865367284	0.324161604695441	1.33054580864239	0.248708141081454	0.436910339817391
FBgn0033995	217.821756233938	0.140256459733781	0.194655614085771	0.519511285990149	0.471050227941336	0.659769398627674
FBgn0033998	1306.76673454383	0.00412185347452254	0.120602965619324	0.00117096986596721	0.972702167162876	0.984980941363922
FBgn0034002	193.601096840072	-0.365297456585316	0.190832927823098	3.66710926309763	0.0554963575186247	0.15467462373479
FBgn0034008	49.7886711411157	-0.0723155060842012	0.397954935160627	0.0336615910187206	0.854428507150569	0.922034627258972
FBgn0034009	658.791177341734	-0.0556568819127497	0.134525193703593	0.171155775512318	0.679086669588749	0.816940800606833
FBgn0034010	925.62994384646	0.742170568052014	0.324402407556341	5.17845903185371	0.0228685967701341	0.0821952988039683
FBgn0034013	538.952315078426	-0.387208355143278	0.220206756083961	3.08256828350251	0.0791354728524069	0.198830128829624
FBgn0034021	463.1716642687	-0.408346569423655	0.239807346097409	2.89267972731972	0.0889828085910485	0.214589861439577
FBgn0034025	1655.74819982852	0.673227625033369	0.265728921384242	6.36214645817037	0.0116580427081707	0.0497921436867852
FBgn0034027	129.441595972551	0.16735501437393	0.307970111118335	0.295672233081447	0.586608349373772	0.749852538733038
FBgn0034029	376.334535225448	0.0600610580296699	0.178055726073155	0.113934583874716	0.735708376421074	0.851350022773223
FBgn0034031	1569.15814740879	0.368565954005791	0.196895845306837	3.49531156316229	0.0615428268283778	0.166779381674901
FBgn0034032	304.9293297222	-0.384769539725377	0.206493689799707	3.47154798814339	0.0624328591965916	0.168388428503952
FBgn0034035	595.379919064556	0.1245211674871	0.169960918602608	0.536774441433323	0.46377258525898	0.654559951957861
FBgn0034046	288.026063384364	-0.190913185623672	0.185760875690818	1.05476893869742	0.304411308339451	0.496566559449416
FBgn0034049	969.986472761346	-0.263382261170845	0.242161781529545	1.181382245859	0.277074777347189	0.468848625820487
FBgn0034050	217.638814879789	0.0884741718699087	0.25213435255613	0.123151251570469	0.725641519887197	0.846359071753154
FBgn0034051	1248.6291867196	0.00457288468314278	0.186766474519746	0.000599497735649379	0.980466033271618	0.989549614272991
FBgn0034052	1633.16358351494	0.691992654969044	0.17293121137298	15.8738577243583	6.77075429183886e-05	0.000700411909392568
FBgn0034054	204.616463904825	-0.163671625353669	0.244400529811025	0.447948540481683	0.503310773099498	0.687281687067467
FBgn0034057	865.156380777528	0.615321930606874	0.240171847817997	6.5164194015104	0.0106882979300412	0.0466436898786761
FBgn0034059	144.963630957022	0.63620052347933	0.309437315576819	4.21028699247715	0.0401795386150558	0.123491553026559
FBgn0034060	833.957204364658	-0.010980190036781	0.14431079921148	0.00580032975203437	0.939291888373532	0.967243741744433
FBgn0034061	656.04221014211	0.604159484777868	0.212473492882607	8.03189508308745	0.0045960727119063	0.0245927655483259
FBgn0034062	136.853062532196	0.0725853978588868	0.283498918688913	0.0657663588701567	0.797603750639525	0.888194787436039
FBgn0034063	809.50957939427	0.42053071088594	0.329544721783961	1.62232484068534	0.202767926217418	0.378511567789824
FBgn0034065	124.161059316345	0.205555952610648	0.253698935850829	0.657543197740111	0.41742862902976	0.612265661994448
FBgn0034066	718.510969851823	0.467507816536756	0.190996285438571	5.96968922991525	0.0145538454961841	0.0588018006677327
FBgn0034067	2411.60102472869	-0.200970180186372	0.181285400079314	1.22778452781382	0.267838327685917	0.457738989068375
FBgn0034068	1590.75761912658	-0.0914785292434193	0.176141823855956	0.269759020762336	0.603493468992048	0.762294315360849
FBgn0034070	310.248283341388	-0.665893085880417	0.239616700439106	7.68469365955088	0.00556911325329932	0.0282905693011993
FBgn0034071	1696.14209612039	-0.110990216693975	0.243690233262661	0.207416382658309	0.648799997358249	0.795573008246966
FBgn0034072	2284.15808019302	-0.37085067808867	0.189489064405435	3.82116979976877	0.050608893234078	0.145366450122744
FBgn0034073	185.736264926473	-0.128258917561194	0.276013961900616	0.216395001792442	0.641800582359109	0.790650185345024
FBgn0034075	1682.0492802175	0.227060216107976	0.384609631177702	0.348239607764981	0.555111340962491	0.727398644587619
FBgn0034076	118.529894294271	-0.0879016311667368	0.529785076515265	0.0275476325925723	0.868176785668259	0.929031282650584
FBgn0034081	118.350223384821	0.144711876137411	0.287751714410189	0.253121360923579	0.6148857564116	0.770376862125165
FBgn0034082	70.4344487758945	-0.499139109849649	0.665747823239752	0.562064129853169	0.453429766835299	0.645541184665163
FBgn0034083	1154.48939927841	-0.33040555402831	0.154064251881421	4.59066203962414	0.0321465950273581	0.104982070511254
FBgn0034085	2158.18826914933	-0.406506381666415	0.270281756755768	2.25503301885391	0.13318061490051	0.284447298628352
FBgn0034086	110.420760069316	-0.178938147131914	0.223198591171139	0.644130320958837	0.42221909364347	0.616933479435334
FBgn0034087	1711.93725339767	0.0391909905873622	0.255312798476358	0.0235724162938595	0.87797788072525	0.934307382961844
FBgn0034091	894.969141287606	-0.0113789431554725	0.136596355610956	0.00693939403622323	0.933610594758592	0.964427648865522
FBgn0034093	730.146030490526	0.320161975867633	0.196522385053004	2.64903965017062	0.103612473938964	0.237772559818835
FBgn0034094	990.728807951471	0.669643340326024	0.468033055583059	2.02876417645759	0.154346068665851	0.314921438123992
FBgn0034099	46.199317603488	-0.678516986414302	0.574229438998915	1.39332438216611	0.237844492404905	0.423303711371699
FBgn0034105	81.1234295583326	-0.774773051107157	0.563460734459299	1.87798463713575	0.170563383763636	0.337682588810932
FBgn0034109	163.309421403073	0.0843340510720646	0.233429061230347	0.130572831739997	0.717838845221239	0.840638350395782
FBgn0034110	2578.94603523711	0.394294603601696	0.229196326097156	2.95016535492725	0.0858687717236401	0.209600564782683
FBgn0034113	197.269917198376	-0.0887744625022443	0.256774419119509	0.119465389886372	0.729615042074724	0.84817935746086
FBgn0034114	161.996303296089	-0.186772800166216	0.254928534372946	0.537664818292697	0.463402115905645	0.654354340014628
FBgn0034117	1625.74854938233	0.462155854128734	0.244853912521925	3.54733356954056	0.0596412190822785	0.162681334523037
FBgn0034118	383.584969641693	-0.0999279086156868	0.181001662045174	0.305474410332543	0.580470637507508	0.745462509877201
FBgn0034122	70.0796491775808	-0.660762833088108	0.516147756860233	1.62385122591528	0.202555624195587	0.378287896904125
FBgn0034127	199.889327856693	-0.943911659879239	0.336759088562499	7.76097698877296	0.00533870745679087	0.0274686615735992
FBgn0034128	128.541591166797	-0.379007974692283	0.284515911882081	1.77424746634708	0.182857293976579	0.352530644974729
FBgn0034132	1168.44074487325	-0.826724249025884	0.332926345532205	6.08915021552494	0.01360144887922	0.0560575361561125
FBgn0034138	13749.8403742418	0.485334131745445	0.116530168949397	17.2668615578041	3.24802287857335e-05	0.000367460732448315
FBgn0034140	4229.52258109245	-0.59808532464498	0.37866810727261	2.47686107625148	0.115532618726535	0.257309396174392
FBgn0034141	593.497302923575	0.110934530696836	0.177414630020764	0.390944312475995	0.531803448299065	0.708678712146228
FBgn0034142	1534.21705982642	0.34722690044118	0.205197136526381	2.85652920228908	0.0910036646024178	0.218033216522328
FBgn0034144	623.699021119612	-0.947702303021165	0.37422034175381	6.31211592994224	0.0119915643298189	0.0508474597051041
FBgn0034145	336.012694176419	-0.300933089852874	0.31801375256004	0.895395766948994	0.344019282681506	0.539858820981969
FBgn0034158	429.68251667476	-0.0937673989276974	0.1982574889245	0.223796881922411	0.636161989710764	0.786313684998988
FBgn0034160	218.20704448865	-0.129819734404084	0.391030831635607	0.110374415942431	0.739718270627203	0.853796470897899
FBgn0034172	332.953751010862	0.2722511831695	0.183368290486286	2.20304854756584	0.137738099506276	0.291812962795529
FBgn0034173	102.302988321502	-0.380937710537115	0.412604721175097	0.853900405836626	0.355451268509924	0.55132747290061
FBgn0034175	52.6291904914174	-1.02652091710724	0.482581180626273	4.4863920439322	0.0341657114186732	0.109530627624823
FBgn0034176	855.725418815093	0.186406963254264	0.137446683244197	1.83845601305488	0.175132019811166	0.34402398460092
FBgn0034179	770.102227586911	0.000713944690685877	0.217070449344833	6.61196418576537e-05	0.993512154160548	0.995316899218061
FBgn0034180	1240.92964979502	-0.366569332919333	0.222022153974269	2.72018601441468	0.0990864674929613	0.230940039397224
FBgn0034181	3162.77346862907	0.0339970028824795	0.160992171601444	0.0445961496356517	0.832748373490973	0.91123160313546
FBgn0034182	95.0028792024317	0.309573212318383	0.292421372111469	1.12101080533221	0.289700905499319	0.481325699515343
FBgn0034184	673.110894351884	-0.377143194831071	0.215699110314577	3.05210511283252	0.0806325666712435	0.201330438117446
FBgn0034186	162.772123858291	-0.363795676281864	0.224099054066581	2.6282716950528	0.104975926127766	0.240135180503054
FBgn0034191	121.34925781699	0.270092262414501	0.286857445164604	0.886531360318088	0.346419010473004	0.542057172115214
FBgn0034194	721.005352332963	0.0416474619843803	0.171897458154296	0.0588068178212353	0.808391849788655	0.89420380635177
FBgn0034197	1018.67840531882	0.33508789094689	0.168084562731545	3.96761227223371	0.0463835003020469	0.136931417418957
FBgn0034199	125.22858429896	-0.478326049952515	0.559948602590422	0.728006885796006	0.393529998218872	0.587465522632943
FBgn0034200	1711.42116500387	0.691892492777864	0.195049953245423	12.4700343568779	0.000413532486546023	0.00331426944712271
FBgn0034210	243.877571932144	-0.00835864391116545	0.270505599392351	0.00109040021481377	0.973657674876783	0.985496137085654
FBgn0034214	161.421037556627	0.0727882105088015	0.244258707364848	0.0889708100921709	0.765489657335234	0.868325735745677
FBgn0034215	831.267381633922	0.727646144610713	0.176373744987308	16.8675789382417	4.00803789271552e-05	0.000439887143847285
FBgn0034217	34.1991787807792	-0.553032079711013	0.450273348045583	1.51759602599341	0.217983648952943	0.398898324006796
FBgn0034219	572.100003671746	-0.0163046275474272	0.230606979949342	0.0050665583565177	0.943254689044876	0.969288386646324
FBgn0034221	189.163438710184	-0.601938612678179	0.364378305870686	2.71647584624691	0.099317075599156	0.231151660004178
FBgn0034223	462.047223492061	-0.184957513612955	0.169802318019575	1.1855953650081	0.276219827204304	0.468003793250917
FBgn0034224	40.6463642997051	-0.522268139605289	0.501574269205843	1.08282397404405	0.298066671661428	0.489784042968424
FBgn0034225	3607.7942819886	0.958749515916079	0.151600039197502	39.3152346142095	3.60616675819782e-10	1.06781259980998e-08
FBgn0034230	699.721399994683	-0.12264839775766	0.131869130651871	0.864831189378222	0.35239023975091	0.54783147913355
FBgn0034237	8052.97149820761	0.123774198846746	0.18096299794231	0.467686183831248	0.494053562393256	0.679220914797011
FBgn0034240	818.217070404165	-0.487460401726915	0.259341005920534	3.5194246873493	0.0606534980756392	0.165085276687057
FBgn0034242	174.709991024635	0.00370407012871909	0.227465080615749	0.000450546942317942	0.983065301300847	0.991379224991848
FBgn0034243	715.523756818418	0.0990999601575876	0.170634689369375	0.337282258883434	0.56140217010218	0.731838196038061
FBgn0034246	1335.76554176487	-0.0573252749578449	0.215543934836086	0.0707388701980989	0.790264008609562	0.883813639033051
FBgn0034248	293.374350679728	0.86757204008368	0.217628162207429	15.7431194706056	7.25513397663697e-05	0.000737549564629546
FBgn0034249	180.326256228537	-0.292914510341463	0.247298485358538	1.40579366375645	0.235755925967994	0.42120070677092
FBgn0034251	75.0613150414479	-0.946684476850561	0.448058521325809	4.42898290007797	0.0353335575931333	0.112435381248398
FBgn0034253	1700.50680335657	0.195437939739929	0.232433030774804	0.706430383395926	0.400631391170492	0.595648086889372
FBgn0034258	9860.60412854611	0.293793822329574	0.160374440201312	3.35007581350681	0.0672019182751399	0.176976262451191
FBgn0034259	610.27172913628	0.145308064883914	0.19746496553576	0.541721731565772	0.461720059721904	0.65271031832523
FBgn0034261	573.828959164442	0.219343860632662	0.185682792758398	1.39397981126561	0.237734152933581	0.42327808020297
FBgn0034262	154.885914902479	-0.0703829463694292	0.221031674818922	0.101370306150102	0.750191369082621	0.859728477773946
FBgn0034263	92.5357647309822	-0.805456504623103	0.551444702629728	2.11581932294563	0.145784014669422	0.303010728383409
FBgn0034264	178.124911834886	-0.382150941604852	0.26085932067836	2.14347025165058	0.143177688841421	0.299448436034286
FBgn0034265	392.432147959478	-0.535449044261314	0.15518106545459	11.8792558784028	0.000567626150902042	0.00433679391947606
FBgn0034266	129.518418549539	-0.454082549034644	0.212618418810804	4.56320247134116	0.0326659373400688	0.105972143782635
FBgn0034269	460.28515254942	0.0557233802388344	0.189563715237847	0.0865401063563098	0.768622656063386	0.869975156118948
FBgn0034270	125.949835723072	0.0609293888175308	0.229395988430184	0.0708656302736586	0.790080568391819	0.883720488717127
FBgn0034271	340.929474783298	-0.253095084147322	0.179350287693432	1.99035737716206	0.158303517448269	0.320603680964774
FBgn0034274	45.7449056220958	-1.1180070648583	0.523059909909	4.51814466213168	0.0335371813919249	0.108004411898666
FBgn0034275	1272.49344809638	0.799110223018486	0.19186215722279	17.1455308190655	3.46223076362096e-05	0.000387696026275831
FBgn0034277	2893.44551386608	0.138123524222296	0.178499763573032	0.598573477924802	0.439122827065319	0.633969212373098
FBgn0034282	1354.9509431328	0.0034118169700447	0.196035518897654	0.00030454197792551	0.986076718605577	0.992410319342108
FBgn0034288	4781.1690435768	0.342244288582785	0.19510224337763	3.07021395950115	0.0797389763510408	0.19972089904104
FBgn0034289	10169.6609251021	0.224424972318195	0.28310617257843	0.627759954569072	0.428178169676878	0.62255720155532
FBgn0034290	4029.07104894586	0.998679175693167	0.296989956658597	11.0908026091092	0.000867569274616173	0.00625955133214482
FBgn0034291	4466.47393134112	0.0954763965950496	0.218189483984952	0.191428684518129	0.661730186472806	0.805175265685581
FBgn0034292	10063.9604168933	0.542137376841094	0.276236049687156	3.82928417225581	0.0503644379502	0.144866887025554
FBgn0034294	6923.85977906319	0.879487602344715	0.345140177492919	6.39580802521468	0.011439015194998	0.0490637043324342
FBgn0034295	971.011765698508	0.61019063787139	0.240302195156516	6.40337186521354	0.0113903830545706	0.0489414596917409
FBgn0034296	13004.7392137544	0.182413057509683	0.391612371537805	0.216824123434819	0.641470505130391	0.790439287427814
FBgn0034300	443.33462313295	-0.603593645521059	0.255366715915719	5.5576717302496	0.0183998691426579	0.0701644102484068
FBgn0034304	257.982731043149	-0.0236047985809214	0.191087110628717	0.0153467817868318	0.901408603247356	0.947472247177447
FBgn0034307	108.268515469952	-0.257465014834013	0.238914046922794	1.16439189496415	0.280556558773478	0.472025474326139
FBgn0034308	607.246967689564	-0.196184505333432	0.152105692834215	1.66344915446355	0.19713826870904	0.370589706665652
FBgn0034310	533.652146216639	0.000948945458907848	0.159008248764107	3.66741137227677e-05	0.995168107977558	0.996071164336884
FBgn0034312	484.894894212484	-0.594696333893247	0.239791589007515	6.11189845927817	0.0134274823792483	0.0554441293937703
FBgn0034313	784.308894254619	-0.305695596117638	0.18447196988217	2.74168927461311	0.097761371397227	0.229000886968179
FBgn0034315	823.174263401969	-0.0425362232945023	0.163564304526565	0.0678265205418995	0.794528053602496	0.886111671510165
FBgn0034345	1806.81609939799	0.456758961971511	0.177443127077619	6.59865987463954	0.0102055553276077	0.0450719820874927
FBgn0034346	521.332551064991	-0.518489758381353	0.225153377788827	5.28655701887747	0.0214906675846564	0.0786623200680182
FBgn0034350	150.544717832602	0.847027804393655	0.293925634506045	8.22844565183409	0.00412388339451708	0.0224624364649498
FBgn0034351	184.477357124207	-0.148613812950538	0.218547727094805	0.464157004404015	0.495687573007713	0.680692542788107
FBgn0034352	92.5689169869953	-0.956372158620419	0.415280588928334	5.25180013058966	0.021924078690445	0.079875338713661
FBgn0034354	663.774182037076	0.725422849845413	0.234929330255027	9.44356468511619	0.00211891257046716	0.013185673146546
FBgn0034356	2685.17988416637	-0.706166863928429	0.257352281634286	7.45599937991123	0.00632253663335613	0.0312199570524536
FBgn0034360	36.6728948137242	-0.692084617024052	0.383200530398809	3.28408130472698	0.0699547678794676	0.182035055077683
FBgn0034361	151.053101178315	0.390508276146723	0.258780189022588	2.27684274947745	0.131318958550949	0.282053718838748
FBgn0034364	648.154288838584	0.110769343345812	0.40057161655466	0.076429809844214	0.782195225118758	0.879389382749993
FBgn0034368	1781.73006458552	0.108360181972208	0.142127377771785	0.581132130318068	0.445868903848383	0.63913145099635
FBgn0034371	501.345915459895	-0.170141186698077	0.276501447066694	0.378204508324927	0.538565722890894	0.713643194531045
FBgn0034372	756.335144454883	-0.224079862647808	0.135470016463991	2.73653186821407	0.0980774146999571	0.229315078779126
FBgn0034379	165.943152872752	-0.149026664434062	0.21331005411692	0.489162151195629	0.484301287811285	0.670875127731048
FBgn0034380	377.106019394295	-0.506710610287672	0.168468009905298	9.02733244639265	0.00265972329564844	0.0158899108739349
FBgn0034387	141.282894367393	0.0160231883198996	0.34686373208869	0.00236947956288702	0.961176466175684	0.977910888681452
FBgn0034394	985.719090612966	0.568671242684108	0.354469580813194	2.5576455787931	0.109761938563539	0.248343422021709
FBgn0034396	344.836423348433	-0.659809757453716	0.591939561542423	1.23298214888455	0.266827864081682	0.456668437641265
FBgn0034398	7450.95347236787	0.164158562156756	0.175760343994731	0.871834979698562	0.350447809157106	0.546245404969132
FBgn0034399	464.180157181795	0.68086795401261	0.184397071426524	13.5384873616152	0.000233720689580089	0.0020419320444106
FBgn0034400	3178.58674749763	-0.501232960533809	0.298109196142729	2.81330515812674	0.0934855881654025	0.222050290705656
FBgn0034401	1022.46785146505	-0.338848153902373	0.206437112088984	2.690076310045	0.100974978151717	0.23422797245288
FBgn0034402	53.6476432666625	-0.0614658861615892	0.360558941849823	0.0306609884099274	0.860998863023074	0.925485338822239
FBgn0034403	90.7780901027675	-0.403755288262619	0.341067136601899	1.40117592944414	0.236526780944916	0.422150549162204
FBgn0034405	1697.92365969538	0.606883533804178	0.184799901933333	10.7106237346906	0.00106522112668376	0.007448107148857
FBgn0034407	217.68811936361	-0.280302676884221	1.1091373010413	0.0637564185928028	0.800654356092385	0.890468116732947
FBgn0034408	744.844063098289	-0.60323391423377	0.271901148812095	4.8906719098019	0.0270021755634757	0.0927109716622993
FBgn0034416	627.237072149018	-0.975608193384673	0.381745806501709	6.42107437058814	0.0112773915236669	0.0486609793666684
FBgn0034417	267.494174649067	-0.0186142069106663	0.243689289241408	0.00583717142477269	0.939099768825762	0.967243741744433
FBgn0034418	1776.98465184955	-0.0910729869462426	0.154547454491145	0.347140542065176	0.555736280217663	0.727677242415886
FBgn0034419	577.743318205971	0.0801558998127994	0.143861745962855	0.310613865384319	0.57730373712564	0.742584282273564
FBgn0034420	3901.09634543979	0.363205487768107	0.209598338135102	2.9947792763727	0.0835332951630342	0.206123544887755
FBgn0034422	126.79214597745	0.113376097976083	0.361383173412035	0.0988329777979686	0.753234626389704	0.860839573016805
FBgn0034423	110.97785689284	-0.543250121400158	0.482952349156041	1.26298829338381	0.261086204490711	0.450944125377615
FBgn0034425	249.169527531824	0.06919083370643	0.232872209402391	0.0885690366267937	0.76600427245926	0.868325735745677
FBgn0034430	205.572603619107	0.127762334669559	0.275247665679619	0.215686464866216	0.64234645616319	0.790650185345024
FBgn0034432	2387.70499441551	0.697214610645724	0.163144744532191	18.0978364946014	2.09839724328489e-05	0.000248207202074342
FBgn0034433	202.383121938084	-0.176593598919798	0.20230858404842	0.761096830242927	0.382985490275085	0.57726906158891
FBgn0034435	911.376894185792	-0.683888065072243	0.31405095178555	4.70289452518078	0.0301118639716482	0.10015344428414
FBgn0034436	3328.6554056028	0.96506319741807	0.227840950944624	17.625044318155	2.69022184710906e-05	0.0003103074193319
FBgn0034437	1632.38718827883	-0.102576647013124	0.305795098284664	0.112521940421814	0.737291009658443	0.85188632568104
FBgn0034438	581.377459804066	0.154330125126994	0.283523570369366	0.296301946104748	0.586210110498867	0.749560645564701
FBgn0034439	262.935762960169	-0.18750366276303	0.45044817391548	0.173343169469234	0.677157559166206	0.815843569372283
FBgn0034442	85.181475654862	0.0489861497170691	0.281745916859387	0.0302554654299314	0.861911844070233	0.925490097086285
FBgn0034443	2041.73790236166	-0.175899442153685	0.361963955478146	0.236055336003076	0.627069789575498	0.779561217067815
FBgn0034447	229.254170123464	0.242966883243165	0.185689964860669	1.71267337544941	0.190638880779768	0.362777115376465
FBgn0034451	466.936835670579	-0.0112164262542303	0.192766846912127	0.00339130779346419	0.953561492872627	0.97378802844164
FBgn0034455	240.581498241156	0.181288159553361	0.245615747790146	0.544669089185241	0.460504119979895	0.651513284383934
FBgn0034461	18.3566562521177	-1.09329793221041	0.742845021847726	2.15672422879286	0.141947018885529	0.297920461847
FBgn0034464	49.0172516464416	-1.13341573609002	0.544532975737725	4.28205824968324	0.0385166801566381	0.119841743900626
FBgn0034467	247.402588066354	-0.994239438516268	0.489008608732396	4.06645624487703	0.0437429526725767	0.131333043342231
FBgn0034470	4018.10712072619	-0.364502045120245	0.214937894095324	2.86836882535177	0.0903363855896501	0.217201162518548
FBgn0034472	140.426116502092	-0.46603015781601	0.4102084727245	1.28870987600688	0.256285840248903	0.445433573834217
FBgn0034476	938.488032361095	-0.676723943799784	0.239011082780182	7.95439238738804	0.00479708111000127	0.025515035391592
FBgn0034483	121.025425634383	-0.839570471671445	0.467352579885366	3.19642341997783	0.073799498566977	0.189194298476178
FBgn0034488	3893.68919368318	-0.0121863620462451	0.199642379223673	0.00372896048726545	0.951307271810347	0.973030644077258
FBgn0034490	829.568200301977	0.0641230589756578	0.190772491840386	0.112976770373393	0.73678024702771	0.851535968488312
FBgn0034491	552.354613089748	-0.481859797732155	0.151765003577247	10.0502706819187	0.0015232555852544	0.0101213910273229
FBgn0034494	641.895494102122	-0.521093571072181	0.345253633880654	2.26796671696785	0.132073078737787	0.283004576683399
FBgn0034495	100.725345240137	-0.0616759713009627	0.299929058469957	0.0429289892620517	0.835859039641889	0.912330336656209
FBgn0034498	606.149045627362	-0.552457349157157	0.21929536961702	6.3179866897889	0.0119519255581674	0.0507525462585509
FBgn0034499	324.664253908687	-0.899431880111917	0.340304243956396	6.89699933536821	0.00863405467803725	0.0396600200307135
FBgn0034500	215.169233619976	-0.416968884559286	0.216849041421626	3.6965338985284	0.0545256256212881	0.152838030648744
FBgn0034501	3992.72694278311	0.309836162031536	0.231188440098	1.79253848119168	0.180617179992715	0.349939156123357
FBgn0034502	68.7721762377767	-0.879136309165466	0.495430827750111	3.12572535586749	0.0770655675585574	0.194961745452038
FBgn0034503	230.271133923972	0.0897571544125439	0.227558526488361	0.155614581349631	0.693226586482373	0.825333116358322
FBgn0034504	1582.02800907199	-0.511144886568616	0.209385164510452	5.93034955195226	0.0148822894936107	0.059809663747659
FBgn0034505	48.643383490007	-0.741976145473571	0.568563541721039	1.7005272289094	0.192219041504786	0.364526288897106
FBgn0034506	79.8664998266903	-1.38812158106299	0.551076498886646	6.19021145842966	0.0128458836209298	0.0535943626813638
FBgn0034507	35.4026678380099	-0.512511916422072	0.81429855258637	0.396635846636045	0.528831780052205	0.706693196749548
FBgn0034512	1118.72217914804	-0.362369894848775	0.305157578993736	1.40642209063289	0.235651255767314	0.421184257826772
FBgn0034517	2445.92721907743	-0.251520284840232	0.34884668747276	0.519157253301614	0.471201395271695	0.659790091361764
FBgn0034519	66.6595270056555	-0.245846752580433	0.3060249528617	0.647822804420706	0.420892160897112	0.615640003906125
FBgn0034521	337.698429400488	0.180250422399811	0.19862387002734	0.823310485603514	0.36421403225552	0.55853747317044
FBgn0034523	99.2838850134601	-0.174123196265303	0.251188705151857	0.482767752138827	0.487171306171455	0.673265404174929
FBgn0034527	340.958167328754	-0.347880355400393	0.194473144543123	3.19727462086407	0.0737610930043556	0.189150794731309
FBgn0034528	93.8608965519941	-0.162660661617027	0.352907680042536	0.214200340586956	0.643494952251139	0.791717715931965
FBgn0034529	190.233397118728	-0.177432058195148	0.361084461677653	0.241797736811463	0.622910699042049	0.776573066630419
FBgn0034530	243.603478018843	0.130690660739872	0.234078921889892	0.312047287257208	0.576426596984769	0.741833591911117
FBgn0034532	79.6710393857434	-1.29058946352545	0.514344493294547	6.17185978399204	0.0129798088640956	0.0540764086009346
FBgn0034534	466.244853763595	0.153772836824205	0.224183031993055	0.470292151091684	0.492852796089124	0.678249075591146
FBgn0034535	171.805964788067	0.727060279808605	0.233058086172745	9.67701391338009	0.00186587633023836	0.0119307918391473
FBgn0034537	313.785752400466	-0.0827493911781366	0.178355604741946	0.21570868169313	0.642329323245239	0.790650185345024
FBgn0034538	716.628834595775	0.82036064125539	0.22155753068497	13.5479372982448	0.000232546853653373	0.00203772933131814
FBgn0034540	613.162030288636	-0.574158208165852	0.259970958880897	4.84533502722765	0.0277210069876426	0.0943348112838251
FBgn0034542	1500.51625594085	-0.515598756797961	0.181049248569369	8.07246698158386	0.00449428874406178	0.0241373121592216
FBgn0034543	781.713039867884	-0.58134036848621	0.354056577343704	2.67828241254789	0.101725392044904	0.235101915986449
FBgn0034564	205.372663557475	0.255149407844367	0.217036624748474	1.38192020238333	0.239774337665655	0.425879379138836
FBgn0034569	121.591777893247	-0.23331297997089	0.285436577363377	0.67118997343659	0.41263703557636	0.607314224686853
FBgn0034570	729.180633487712	-0.351414910535798	0.179862557459686	3.81098871062758	0.0509173862544501	0.145685802953718
FBgn0034572	396.546610564161	0.0857246966514955	0.169539764734847	0.255726214969634	0.61307162445411	0.769085017654686
FBgn0034573	2382.92837227642	-0.376588408414615	0.244672347754344	2.3623736419503	0.124292939583129	0.271408289750441
FBgn0034577	2741.81351257885	-0.0250835206648238	0.215914297793004	0.0134966921625335	0.907513639785569	0.950944110850001
FBgn0034583	10654.4904795741	0.814238730307959	0.24092458303485	11.2742398990934	0.000785900267091454	0.00575500743304149
FBgn0034585	591.85370370625	-0.14304301047032	0.141941084732179	1.01529191067034	0.313638390276449	0.507899643200475
FBgn0034590	484.309571110193	-0.435067498911511	0.181607101397969	5.72106274910031	0.0167625813975607	0.0652173801816911
FBgn0034595	32.0309301404769	-1.16755822916922	0.624160140173322	3.47180076818607	0.0624233198452528	0.168388428503952
FBgn0034598	1513.61605283528	-0.105295337491621	0.153747201105358	0.468874773222552	0.493505281393559	0.678808463027633
FBgn0034599	115.956049654304	-0.0897669328001627	0.33036103206422	0.0746150053858159	0.784732168380262	0.880864604221782
FBgn0034601	68.6384175466189	-0.719702343231582	0.62444435228276	1.3220839713574	0.250218385220117	0.438521634782151
FBgn0034602	383.920601359715	0.0231630887883935	0.306137819695602	0.00572821776323451	0.939669717710444	0.967420883399333
FBgn0034606	715.805792881818	-0.592627313532915	0.146176409944794	16.3564459774001	5.24773737025527e-05	0.000553899934870006
FBgn0034611	1368.19361141503	0.123459280952465	0.234331446746054	0.277451731019923	0.598376327453423	0.758740151379366
FBgn0034612	1235.6697404092	-0.700853602675757	0.225057111241563	9.60703890401913	0.00193832941845581	0.0122872261411308
FBgn0034614	131.893807681318	0.311827044873085	0.271233477855997	1.32151068433755	0.25032110997254	0.438521634782151
FBgn0034617	142.510334572692	-0.349050036910647	0.24215575947694	2.08069763390085	0.149171985235909	0.308165290057358
FBgn0034618	2582.48559654553	0.588326906375981	0.245871338836338	5.68671002483369	0.0170938729236174	0.066317499949691
FBgn0034626	196.479307839848	-0.220479791355766	0.20729440869446	1.13071713763368	0.287622423835576	0.478942829021513
FBgn0034627	82.950533759624	-0.46842331673271	0.274521913287275	2.91745208147313	0.0876261268508964	0.212947657210771
FBgn0034628	826.803195096488	0.67747417103795	0.228785606253763	8.6939569335448	0.00319266767026807	0.0183292775032176
FBgn0034631	166.753207675119	-0.0732539643084136	0.220965792366172	0.109826022173401	0.740342294047963	0.854181538007221
FBgn0034634	77.1719488646429	-0.0145087756281959	0.30692093642549	0.00303620907718738	0.956057356971462	0.974838238723848
FBgn0034636	215.443478349436	-0.827883731542125	0.279901969866285	8.67854365069032	0.0032197817659527	0.0184489313654329
FBgn0034639	349.801713862771	0.7981649322193	0.339814229552857	5.45109255618922	0.0195560928708185	0.0732526577547021
FBgn0034641	711.328543252037	-0.140816973195968	0.207192194242707	0.461848764390297	0.496761215890474	0.681311478613438
FBgn0034642	191.150155348088	0.387937440249389	0.210382946744067	3.3967423839492	0.0653253115984657	0.173938005294164
FBgn0034643	932.376861889134	-0.201397521575255	0.168374255383678	1.42896306227645	0.231933741818743	0.416690313330218
FBgn0034644	2105.30975213233	-0.447231456412004	0.254338455924108	3.08002685379878	0.079259217418908	0.198971076672673
FBgn0034646	288.933191388408	0.326502223939739	0.165351884060124	3.8972673838071	0.0483647135497346	0.14094129206171
FBgn0034650	200.803799748026	-0.19328721137153	0.294849542499801	0.430488978105309	0.511749111652408	0.692588061536939
FBgn0034654	2590.80841279777	0.73474802210644	0.23731521442137	9.48608252932263	0.00207036417427004	0.0129566620381268
FBgn0034655	57.0426281273211	-0.616485691241266	0.362292063560054	2.90232666567786	0.0884517974357113	0.213729788172574
FBgn0034657	650.778373733038	-0.449620690361815	0.148369723061004	9.16760224174709	0.00246337106316107	0.0148780193438284
FBgn0034658	49.0642108865776	-1.49108087644136	0.631178486862718	5.44284007683224	0.0196486956269639	0.0735284521680788
FBgn0034659	129.72332551387	-1.0298779132392	0.459851444043717	4.94425418005351	0.0261775306710881	0.0906200590983448
FBgn0034661	119.73429220031	-0.301872363870175	0.291361729389249	1.07065688643126	0.300797117862291	0.492710927792251
FBgn0034662	8022.59784045858	0.688744905006242	0.346053477849284	3.92436398058027	0.0475911892222374	0.13933133832018
FBgn0034663	500.84369677046	-0.571115346249148	0.272387274195676	4.36847593689862	0.036609721631482	0.115563241244015
FBgn0034664	309.987645663171	-0.158994008459401	0.278733672866468	0.325296398565357	0.568441954061197	0.737117797480775
FBgn0034670	32.2523025105119	0.376318243539255	0.737718744710981	0.260224616612	0.609965882186965	0.7674802430369
FBgn0034674	712.79259455914	-0.058179081687329	0.305460759932632	0.0362862065003924	0.848925658998472	0.918905791830534
FBgn0034681	24.4212698410154	-1.24703337968051	0.69597618299424	3.18697951729811	0.074227043776158	0.190124654363082
FBgn0034688	1085.40119489235	0.18709074726482	0.206205045719668	0.822708416548352	0.364389476749029	0.558612359769533
FBgn0034689	340.567973305881	-0.120643036048913	0.284768796806472	0.179703605294762	0.671628081263802	0.811427219321105
FBgn0034691	1023.01454972255	-0.393912343138734	0.150197363539575	6.85868492849208	0.00882114469820402	0.0402470428215886
FBgn0034693	1255.46981570072	-0.306928735121561	0.16243999769911	3.56360025467933	0.0590595136361664	0.161661928478969
FBgn0034694	519.234998696161	0.0627975040316025	0.173306030183134	0.13150732143626	0.716874287377044	0.840177807386776
FBgn0034703	76.3536846320198	-0.111768436351585	0.426315278640803	0.0695268740816033	0.79202690005933	0.884663970395383
FBgn0034704	427.045304149415	-0.340932015541116	0.175361210596048	3.7726989362098	0.052095509548788	0.14809625523792
FBgn0034705	102.104411366052	-0.141097608209709	0.327281277012924	0.187230574176617	0.66523165164643	0.80812596361796
FBgn0034706	1203.25071238579	-0.325583269647959	0.330166794564474	0.9705763030924	0.324536492630026	0.51963527689482
FBgn0034707	284.654980427775	-0.60477256985119	0.232399491517	6.73353100788158	0.00946171176739678	0.0423378015393049
FBgn0034708	1777.3985290236	-0.0266268689912126	0.127174239046442	0.0438351054075099	0.834160699334996	0.911963331224372
FBgn0034709	3968.30276982308	0.118133162821893	0.169456239049178	0.485811067376375	0.485801865689318	0.671899006715131
FBgn0034716	349.365595489936	0.886603934364418	0.373294069583677	5.56144973850279	0.018360203951798	0.0701375640943676
FBgn0034717	1093.73733654799	-0.304252626124744	0.193672297711484	2.46368086389978	0.116505476736173	0.258757696128867
FBgn0034718	3376.6722350888	0.371146260473538	0.220105417593758	2.83576969205409	0.0921866213360283	0.22015013441654
FBgn0034720	282.075559411283	-0.821802338150139	0.209972536889443	15.2068577383446	9.6352880439313e-05	0.000943637976688676
FBgn0034722	602.136154343541	-0.278665227892307	0.21454741066316	1.6864365770608	0.194071373575591	0.366903042297106
FBgn0034723	1153.5204139521	0.302795560839802	0.17197345635052	3.09447188629113	0.0785586387605771	0.197786285637051
FBgn0034724	411.761289605977	0.172468938266299	0.2587372132988	0.4443243329968	0.505042634754878	0.688092243016718
FBgn0034727	412.670271411455	0.33381003692698	0.167092039290992	3.98779163423188	0.0458310954418263	0.135754812413117
FBgn0034728	270.456721502907	-0.251909229029105	0.218677886996047	1.32626593256826	0.249470600169906	0.437726899164695
FBgn0034729	61.9780141095198	-0.864289913046553	0.408374573384932	4.46432457227932	0.0346097702851241	0.110650946737658
FBgn0034734	406.802984311957	-0.764967618290866	0.329141141820692	5.35077036290863	0.0207131171147726	0.0766020726826293
FBgn0034735	236.354671450686	-0.111535039430976	0.226681464065595	0.242031585817266	0.622742631668767	0.776573066630419
FBgn0034736	261.677915272903	-0.615667776370621	0.232645941468451	6.95909061406945	0.00833944091250826	0.0386284654131091
FBgn0034739	113.238823027557	-0.727465596716953	0.449713525160512	2.59973283624475	0.106881730989061	0.243575515043253
FBgn0034740	100.571848268524	0.0161057799692741	0.431712262830597	0.00154985900169891	0.968596794183338	0.98262797331269
FBgn0034741	575.447364082351	-0.774653965998297	0.453328635283252	2.88695637120601	0.0892994807427319	0.215177121265392
FBgn0034742	485.131161786135	-0.619786007981798	0.230767875712627	7.17540405226212	0.00739098000887925	0.0350181792203453
FBgn0034743	13767.2361731518	0.58483849658658	0.139269551744287	17.5167904305069	2.84781584890307e-05	0.000325929014925041
FBgn0034744	734.256187476993	0.233036953758806	0.184366783466531	1.59587433217905	0.206488859307949	0.38383351475318
FBgn0034745	202.695947671757	-0.948070593975132	0.322723466337158	8.51954656915332	0.00351352020345834	0.0197977664593336
FBgn0034750	463.49562875475	-0.195564047856868	0.171388007698902	1.30043545930195	0.254133697280175	0.443089457577606
FBgn0034753	9919.99364693763	0.058989628099447	0.173743359711442	0.115267857143081	0.734224658772353	0.850794273014739
FBgn0034758	3686.71403427064	0.109031001151815	0.251244989717106	0.188264093211671	0.664365341684278	0.807754515634067
FBgn0034763	422.216633509358	-0.431061075219966	0.221617098259905	3.77704452751897	0.0519603629833675	0.147807299472996
FBgn0034784	698.727054664549	0.976423017080848	0.214608555972532	20.366846070955	6.39278094402964e-06	8.65182500768675e-05
FBgn0034786	1497.4097309238	-0.460731889174114	0.156410190519751	8.64440031108495	0.00328068104768172	0.0186645580688223
FBgn0034788	58.7287672275185	-0.835190490375954	0.381897282074741	4.76420635084099	0.0290574531367491	0.0976847978046222
FBgn0034789	119.973573786864	-0.618775292897297	0.250681649932614	6.08466652731337	0.0136360103215228	0.0560690377805766
FBgn0034791	402.592983604767	-0.0269442767254128	0.16452082416687	0.0269687504053451	0.869556658060786	0.929528911351488
FBgn0034792	1402.10340589672	-0.0438283568023372	0.156120209682962	0.0788391258152927	0.778876798642292	0.876633784594334
FBgn0034793	444.062008036078	0.59423745053838	0.197438390208789	9.01606576214877	0.00267616798498101	0.0159360699007473
FBgn0034795	455.811463365752	-0.659995662072038	0.286715665216674	5.2633234176911	0.0217793914887881	0.0795568091606686
FBgn0034796	594.399752817259	0.962532813540973	0.385620744857351	6.1219588747694	0.0133512769811358	0.0551811091716826
FBgn0034797	1963.7246624866	-0.47280580154929	0.214160127740618	4.85348281621231	0.0275903688050202	0.0940353087429503
FBgn0034802	8966.36053148073	-0.0337012901765161	0.193061614674619	0.0304706816637292	0.86142653359509	0.925485338822239
FBgn0034804	223.436690644991	0.840277553814976	0.214550698152323	15.2111566490894	9.61337896059057e-05	0.000942538399425013
FBgn0034814	189.732070033542	0.224590336137068	0.28581040980538	0.616892079345384	0.432204558795017	0.627059031043608
FBgn0034817	293.292021236274	-0.194915974081744	0.217023306864852	0.805350134122918	0.36949856584775	0.564092620249229
FBgn0034824	229.490462252893	-0.940327979006572	0.3204066832553	8.51031535822102	0.00353138857199438	0.019860403288259
FBgn0034825	46.2049872836209	-1.25382226093147	0.526674801123278	5.59816252291407	0.0179793248019251	0.0690982413119281
FBgn0034826	53.9843733990081	-0.596826642284515	0.725337201989749	0.67632718607328	0.410854320653848	0.605261853924316
FBgn0034828	116.850870165447	0.408948684826181	0.557255952594804	0.537708485237857	0.463383959031795	0.654354340014628
FBgn0034833	37.7252798805719	-1.17281165363264	0.494083268948129	5.57812053936743	0.0181862294252467	0.0696809763127992
FBgn0034834	62.01261496371	-0.45548083269271	0.464100509352618	0.962667772026911	0.326515648564929	0.521479472024785
FBgn0034837	85.9131141629201	-0.830144541533143	0.463694224683565	3.18234094577752	0.0744380147829081	0.190479702684282
FBgn0034838	59.3174128571504	-0.985809062395404	0.446237076564413	4.84413639960872	0.0277402794993302	0.0943423179071014
FBgn0034839	21.7640663683349	-1.22490105393043	0.652291864522914	3.50477997363622	0.0611919733907165	0.166140914830672
FBgn0034840	761.884261279522	-0.716160549464262	0.359208379484817	3.93872870343435	0.0471864243953724	0.138560069505746
FBgn0034841	35.9498223383617	-0.852373262403754	0.615431758715582	1.9132512690607	0.166602549260261	0.331842260420796
FBgn0034849	232.703025412464	0.253011706060556	0.266685567026213	0.899062471383516	0.343033221448251	0.538790520836484
FBgn0034853	234.731842093873	-0.316204090938477	0.274591109677721	1.32657885694862	0.24941475577592	0.437715951664026
FBgn0034854	1836.00882766387	0.315882002949907	0.157427371860188	4.01836515040745	0.0450073213827331	0.133989407517286
FBgn0034856	8221.22470586971	0.439276792822014	0.406561385452844	1.16290831261942	0.280863197608005	0.472354680574911
FBgn0034858	954.939337148858	0.423382166156611	0.17654925187249	5.73294492394679	0.0166495393264959	0.0648386300863808
FBgn0034859	351.2043684834	0.0465082016247226	0.208900399681066	0.0498866015220116	0.823260713099221	0.905068771552059
FBgn0034860	3106.10872528921	-0.0586320877142193	0.909763102526791	0.00415406836613386	0.948610276249438	0.971736368426404
FBgn0034863	34.3328936249047	-0.898756054618606	0.539146254131968	2.76908932172487	0.0961008215706996	0.226417040744283
FBgn0034876	1109.37456686869	0.0386056289213586	0.368443214182166	0.0109818512187587	0.916539010725645	0.956018380773826
FBgn0034878	829.826296013318	-0.0744322383776062	0.147411843854416	0.254829401178625	0.613694890030204	0.769320032622038
FBgn0034879	295.277490002368	0.193289732285876	0.200724610185287	0.926938776452147	0.335659647486599	0.530882656433571
FBgn0034883	330.569654660961	0.750790478715836	0.184879019353962	16.3807188647269	5.18095889774004e-05	0.000547506363037822
FBgn0034884	61.9790944279778	0.0442454789403695	0.301391404571981	0.0222120730765667	0.881524316211568	0.93650018856861
FBgn0034897	1579.82875835814	0.00981029195461126	0.288622072235282	0.00115526743230987	0.972885742752142	0.985053791628789
FBgn0034901	2973.49539085935	0.367495192971698	0.359956964240895	1.03964617154818	0.30790377731823	0.50026568423054
FBgn0034902	1002.43228133763	0.0165074518163053	0.186766952272614	0.00781373273133568	0.929562480236299	0.962842977533173
FBgn0034903	6290.2597070573	-0.954467647832791	0.971181076564006	0.94879948906555	0.330025065386526	0.525513595029834
FBgn0034904	25.8032359308662	-1.69999542105355	0.673478316869651	6.26641065506145	0.0123048160781061	0.0518023363898893
FBgn0034907	129.952757757065	-0.824884643898774	0.425843953417058	3.72312307128786	0.0536639087901648	0.151094553658077
FBgn0034908	263.640213876006	-0.0232037885051245	0.186481962885442	0.0155538800088593	0.900749026994981	0.94727538591082
FBgn0034909	1022.11172661024	0.355569194311682	0.185648976571902	3.65898268180489	0.055767674494411	0.155283673000531
FBgn0034913	604.897753736266	0.37876262932478	0.185135584868643	4.17643074831049	0.0409899397912404	0.125420335545687
FBgn0034914	4127.60034081502	-0.377916642385635	0.336085590962008	1.2609921896683	0.26146336616241	0.451221942879294
FBgn0034915	565.65023190709	0.106806759936657	0.166645990817586	0.410826527363369	0.521550290587584	0.70101443475169
FBgn0034919	151.438053277014	-0.0198210300802841	0.241111197033468	0.00720934830819431	0.932334626039525	0.96440483378399
FBgn0034920	882.998401872988	0.817854974391934	0.328121240041396	6.13319146917212	0.01326671783682	0.0549603371793897
FBgn0034921	425.441974201453	-0.0155050122888045	0.244963383417401	0.00400826727117476	0.949518953763347	0.972197585979747
FBgn0034923	276.432935810744	-0.438112510315919	0.177766092650674	6.07394673444826	0.0137190079161719	0.0563577867096374
FBgn0034925	259.786474239618	0.330869448878267	0.171182236014415	3.73385882620615	0.05332007741909	0.150366367256647
FBgn0034931	204.768276914771	-0.225326492582631	0.283996523664696	0.628085304042074	0.428058507900601	0.62255720155532
FBgn0034933	141.936931741672	-0.199529420920022	0.214178036507455	0.871634014616035	0.350503341221127	0.546245404969132
FBgn0034936	598.773369771481	0.316848890241242	0.174947198248562	3.27581745715025	0.0703078920282584	0.182512119377727
FBgn0034937	96.8013582871911	-0.762707018449305	0.410406963508907	3.4402309876576	0.0636267965877943	0.17054764674687
FBgn0034938	202.423879270301	0.176590768264696	0.187078382731254	0.891389628701042	0.345101009376774	0.540897093307884
FBgn0034939	328.356127333502	0.114628285571388	0.173063666168186	0.438918280097319	0.507645018060202	0.689996863734322
FBgn0034940	102.132610532974	0.179708986079011	0.290114856231551	0.384441929230761	0.535235525794067	0.710640728198443
FBgn0034943	318.49775604695	0.277980140240668	0.21665620708066	1.64376944060568	0.199809069458639	0.374413936908692
FBgn0034945	110.010827557612	-0.046941790933276	0.25275123773295	0.0345374945068713	0.852568148900733	0.920824915378361
FBgn0034946	492.546547358752	-0.0201421422192082	0.149496430670659	0.0181875909640823	0.892721477320613	0.943511117005281
FBgn0034948	921.051690939285	0.181262032130284	0.137118313011922	1.74671127549242	0.186290705560999	0.357198866986148
FBgn0034951	794.448320811709	0.689016604416494	0.188774830140973	13.2210808102996	0.000276817945171305	0.00236004014318029
FBgn0034958	732.005137929559	-0.0676113461436671	0.214878627553251	0.0991670584366915	0.752831495273945	0.860704436492437
FBgn0034959	178.685593640681	-0.155241724464308	0.246264045842171	0.396950574537705	0.528668324131519	0.706693196749548
FBgn0034961	216.690739438727	-0.0711018501282772	0.239199566176598	0.0885077069027034	0.76608293889167	0.868325735745677
FBgn0034962	462.908828655582	-0.192477655744118	0.206050562720424	0.872398887639761	0.350292050160332	0.546109019543246
FBgn0034963	156.253116659779	0.171076264401412	0.244379489833491	0.490200058091034	0.483838076693185	0.670430351378669
FBgn0034964	1086.71305210798	-0.462709792797661	0.214673727124557	4.62848518897492	0.0314453151502237	0.103534873464767
FBgn0034968	16899.3395385576	0.508135612452473	0.142257386660569	12.693834736612	0.000366863145366178	0.00298634722759332
FBgn0034970	721.202724798424	-0.05201431757908	0.147167363832762	0.124909827693159	0.723769213150665	0.845227572371819
FBgn0034974	185.745855662449	-0.644829862515055	0.413587779252114	2.418914439077	0.119877977980049	0.26396487236816
FBgn0034975	1075.95347378817	-0.484355550088698	0.235635977713974	4.20803034360678	0.0402330282030438	0.12361289723665
FBgn0034976	365.427931098097	-0.17970333215765	0.207507615619513	0.750144524575724	0.386430477295158	0.580204616582011
FBgn0034978	91.82681320798	-0.674747651285107	0.300477850961134	5.04278607776607	0.0247286881384998	0.0869284487741628
FBgn0034982	553.925003071906	-0.0791587157422026	0.156881211038395	0.254967628759125	0.613598735308557	0.769308786638634
FBgn0034985	2460.53873066855	0.214510034350416	0.244379566327095	0.76966480419766	0.380320767801029	0.57533866879415
FBgn0034989	1344.21642648718	-0.429612807344642	0.188271819273121	5.19170657462035	0.0226949197688995	0.0817387640982731
FBgn0034998	62.9200632087812	-0.678884682604745	0.507941314268842	1.78315220735974	0.181762729457221	0.351418563700815
FBgn0035001	3289.16725098918	-0.0911914480096917	0.186785829426871	0.238317742539181	0.625423778534523	0.778793915302012
FBgn0035003	46.3601321754298	-1.10445738221295	0.529451144192336	4.31304358037541	0.0378212373294667	0.118223708508177
FBgn0035005	93.712950655174	-0.934491561529055	0.43728739919972	4.5194528829948	0.033511546295105	0.107961257578681
FBgn0035008	90.9211041246312	-0.637593769130784	0.589775573593638	1.16431369004577	0.280572712243948	0.472025474326139
FBgn0035009	37.8655095790924	-1.05903375036904	0.535506452863727	3.87903669994943	0.0488926024048469	0.141961005910352
FBgn0035016	767.540758245875	-0.288852341250415	0.186207086294634	2.40452956314444	0.120984489603688	0.266159844493378
FBgn0035020	1069.44736137098	0.787732841129517	0.20412730769804	14.7270302106514	0.000124252105459322	0.00117262093965033
FBgn0035021	199.41542200934	-0.00218122409878039	0.229184914642878	0.000458612973488925	0.982914407852537	0.99137157428816
FBgn0035023	434.223052852568	0.0627251703817567	0.263256134421077	0.0571552242097084	0.81105007249224	0.896268733834882
FBgn0035024	1124.70837425372	0.232063037700014	0.159467116861941	2.11582303920859	0.145783660808756	0.303010728383409
FBgn0035025	147.739154659731	0.142017994717236	0.279219791735206	0.258797890127539	0.610947225639212	0.76788904657909
FBgn0035026	303.241042974595	-0.171145827916219	0.182904529077604	0.876222222779852	0.349238474023033	0.545333621443859
FBgn0035027	198.198789753664	0.0646757227609058	0.20501612842537	0.0995492904083974	0.752371174964765	0.860650888835643
FBgn0035028	889.212836091983	-0.20533067371224	0.20373740201431	1.01430245911695	0.313874304752601	0.508001992871782
FBgn0035033	298.039386549559	-0.579410051521915	0.185757888677677	9.70179589564453	0.00184088016111694	0.0117966060578764
FBgn0035035	112.618421379448	0.0511667731498998	0.279336368272887	0.0335832419200059	0.854596128244071	0.922102743412287
FBgn0035036	208.566797769026	-0.523647620694608	0.313663911376262	2.77734976594793	0.095606254698982	0.225681981262854
FBgn0035039	139.295260967312	0.177511561781859	0.267433502177587	0.440758222478827	0.506756720537893	0.689488798879058
FBgn0035043	919.272365014862	0.907526325655281	0.166710617826543	29.2275110179844	6.43588825683376e-08	1.28484791806111e-06
FBgn0035047	641.634029093152	-0.671380314586144	0.367177724510583	3.31730599008563	0.0685540805175206	0.179448592846811
FBgn0035049	3249.4435733691	-0.517632062430005	0.442191841459722	1.36311486300718	0.242998377316762	0.42927280909772
FBgn0035056	163.496425950623	-0.248812405356489	0.323873864896912	0.590087987045585	0.442385096691116	0.636177024807096
FBgn0035057	103.199643926214	-0.0771911960682644	0.261293574708772	0.087207058805177	0.767758290291369	0.869721800567138
FBgn0035059	316.921472599437	0.0478482240614299	0.264782148890617	0.0328544318506516	0.85616513755338	0.923344069148255
FBgn0035060	1926.30207042568	-0.0298346988644565	0.162518760598595	0.0337101873923729	0.854324640733293	0.922034627258972
FBgn0035063	91.319050403919	0.420047804996892	0.263586666394099	2.54021612746469	0.110979594357865	0.250264232203884
FBgn0035065	809.319258390016	-0.128591309415981	0.254450574170623	0.255237260343762	0.613411266618036	0.769292355974638
FBgn0035069	30.2303368712064	-1.33762257084848	0.574961458601596	5.34264995954901	0.0208098159913247	0.0768901285612932
FBgn0035073	249.412861791981	-0.17407282456778	0.246765245120456	0.498600001168832	0.480115916238215	0.666962034774245
FBgn0035076	384.142324829792	0.285024655040752	0.27810765765369	1.04840848292109	0.305873912437817	0.498252058953534
FBgn0035078	101.855119586078	-0.637814330670413	0.426900735890166	2.22769680873879	0.135555782684771	0.288575205406616
FBgn0035082	360.838407763176	0.145187272076244	0.176832468075448	0.674344197143206	0.411541109778575	0.60584563775211
FBgn0035087	1730.309664666	0.800684846025954	0.173107898949153	21.1445385251635	4.25913309090794e-06	6.04065860649983e-05
FBgn0035088	385.694886654005	0.303420031572409	0.165137540889874	3.37364178437917	0.0662471631920285	0.175387029104848
FBgn0035089	1621.2935241089	0.808566320771776	0.23240803865827	11.95460763032	0.000545124059627011	0.00419736012403905
FBgn0035090	2976.60704672666	-0.115911703537862	0.196507184220588	0.347792806122726	0.555365236086958	0.727526961326028
FBgn0035091	1344.01605034755	-0.542810511467766	0.314154316504274	2.96977595549549	0.0848336026063013	0.20793658594389
FBgn0035092	215.679683495715	-0.533994731556502	0.248673756855505	4.58927863128726	0.0321725521252081	0.10502796890597
FBgn0035099	218.768373943149	-0.508613884696644	0.23516678565155	4.6681758192239	0.0307265473721162	0.101623333587539
FBgn0035101	1368.2684194795	-0.0232991040555422	0.217341247100129	0.0114919215671989	0.914630013620002	0.95499884512873
FBgn0035102	280.502148000595	0.0293199315783851	0.225133898092999	0.0171099770579701	0.895929479762999	0.944869677624712
FBgn0035103	977.441275925625	0.192426011636525	0.163591571446061	1.38255671272124	0.239666125825723	0.42577287986434
FBgn0035106	1203.0678404498	-0.525441609708192	0.272258342874485	3.70626483787655	0.0542085710995082	0.152142630846711
FBgn0035107	1217.97079830992	-0.284878555482967	0.222809944586894	1.63198808997798	0.201428288166661	0.376706947834407
FBgn0035109	65.4978961642242	-0.297755238312073	0.313982920448758	0.89797494528014	0.343325283661764	0.539057349293844
FBgn0035110	345.137324252209	0.0189867828151669	0.225184433237141	0.00719926011417726	0.932381871828107	0.96440483378399
FBgn0035111	585.706146330694	-0.0877329665931209	0.212078409901082	0.171256668650429	0.678997372979023	0.816940800606833
FBgn0035121	6767.84630421048	0.343429200499979	0.211366987304711	2.63390801649564	0.104603959145516	0.239526855032177
FBgn0035124	84.3487536537473	-1.10915898748272	0.463520815385643	5.65155844712964	0.0174398662670746	0.0672887538000288
FBgn0035132	1087.49181114453	0.231144182863478	0.194640545506853	1.4085023526476	0.235305170373758	0.42065089614628
FBgn0035137	826.150578970811	-0.323677703116932	0.205416597117856	2.47797976788681	0.115450459639694	0.25725627673249
FBgn0035140	155.222174464179	-0.0274249603009939	0.219524456999037	0.0156160789274224	0.900551804810195	0.94727538591082
FBgn0035141	184.236222334479	0.226876921203945	0.202228921471052	1.25893405661743	0.261852955592425	0.451463556105424
FBgn0035142	3142.41776214623	-0.188620403689635	0.23955205888508	0.619576119401017	0.431204846241076	0.625917348779612
FBgn0035143	245.16865082248	-0.923122776808849	0.349677230368811	6.88321925517401	0.00870087086604398	0.0399262371692456
FBgn0035144	213.204656991084	-0.763382552580715	0.312766909281473	5.90415155412503	0.0151052397504099	0.0605273654901911
FBgn0035145	1379.57521127652	-0.127689351533087	0.146097013512592	0.763744523321506	0.382159218143407	0.576538372524777
FBgn0035146	3445.78809945832	-0.503987480621078	0.168260315455905	8.92897168093756	0.00280682329927891	0.0165226209425197
FBgn0035147	3097.15326311474	0.773979593827834	0.268332771574526	8.22322014841301	0.00413577475379978	0.0225133105660267
FBgn0035148	179.879105976508	0.026489771171362	0.242584936543377	0.0123285151936159	0.911589506593558	0.953516572567752
FBgn0035149	219.91947990702	-0.265063514795374	0.205021044522479	1.67097359929416	0.196128179608686	0.369455658628172
FBgn0035150	177.369613950248	0.0156062791057699	0.230283040124324	0.00487180025635325	0.944354214118581	0.969627831671207
FBgn0035151	88.765898794411	-0.186387740969603	0.489707305986953	0.14513622464186	0.70322737562716	0.831583806289743
FBgn0035152	109.695978176837	-0.199630969627146	0.26408069159533	0.571070283482385	0.449833927441762	0.642911333940089
FBgn0035153	189.709862675381	-0.0894047759664486	0.222067544490603	0.161982969145463	0.687337368872383	0.821824518012182
FBgn0035158	189.371282615099	-0.719391302618299	0.251480914030407	8.1225928392534	0.00437169903407348	0.0235505935754972
FBgn0035159	56.7325299262624	-0.589854020808758	0.366439312173283	2.59636218982914	0.107109314599391	0.243968144559893
FBgn0035160	158.105924525141	0.932708995073768	0.350742551215513	6.97831528833608	0.00825032388015376	0.0383162410097246
FBgn0035161	59.5766650794779	-1.21716499160384	0.488059327426521	6.12836797311111	0.0133029615249379	0.0550233900388657
FBgn0035162	3838.10009324263	0.120665131314633	0.192064631877228	0.394616507932113	0.529882696181857	0.707676232377392
FBgn0035164	299.627588880865	-0.577670205522886	0.242932759189907	5.63023086110503	0.0176533063811289	0.0679636891392153
FBgn0035165	3755.48582145689	0.228702277639402	0.140389858953317	2.65107672635156	0.103479784350069	0.237659808369442
FBgn0035169	1064.7583658952	0.98038160962029	0.27917375915737	12.111202561739	0.000501198020541816	0.00393467200468059
FBgn0035173	2349.95221685927	-0.00510670040761173	0.404351050448737	0.000160030912880416	0.989906764198507	0.994174307507068
FBgn0035176	528.763124385248	0.129954501405844	0.317986545376827	0.166922982242255	0.682861055437145	0.819136208969191
FBgn0035181	798.399810049782	0.431446058449693	0.179674374613158	5.7462632044173	0.0165237687002135	0.0645443714080051
FBgn0035192	118.384341816748	0.770305110024397	0.276157273098637	7.73494697531616	0.00541621539068047	0.0277546106589578
FBgn0035193	143.629279706781	-0.912020015579952	0.363893399371054	6.2238637859423	0.0126039762716625	0.0528098227070986
FBgn0035196	236.64784471564	-0.60347968392684	0.407233780993428	2.18559263217233	0.139307433878214	0.293867749591527
FBgn0035197	375.641419584183	-0.881593813517137	0.313241786177082	7.82812067744057	0.00514395558858493	0.026763127425515
FBgn0035198	669.935660705908	-0.827499491051349	0.396272904446624	4.3065465382755	0.0379659603577791	0.118504292252226
FBgn0035203	375.836087653396	0.266894152775023	0.205699081127776	1.68207510659256	0.194648947716711	0.367554529135942
FBgn0035204	1031.06769144182	0.0648923890505035	0.371514670974657	0.0305149896414463	0.861326838984338	0.925485338822239
FBgn0035205	1714.36442036499	-0.388957562773999	0.17865605187556	4.72626772338018	0.0297052781582778	0.0992500471293613
FBgn0035206	1356.3045820751	-0.0428986004090206	0.202142584435547	0.0450339282877934	0.831941653853124	0.910881113001983
FBgn0035207	2754.73155975576	-0.558329112751047	0.133342260066827	17.4335464946156	2.97528427204425e-05	0.000339197783159153
FBgn0035210	69.0438710306023	-0.139729405784587	0.375084219325134	0.140006247984914	0.708274801028117	0.833864822451248
FBgn0035211	205.595689341901	-0.0532447739124097	0.194672368664176	0.0748826058023582	0.784356016351754	0.880790731693545
FBgn0035213	170.903596580545	-0.0938233426071293	0.310614734667266	0.0914524331282962	0.762338744823459	0.866711849054724
FBgn0035218	98.6170813347385	-0.788472995358795	0.485261794078204	2.62112806522655	0.105449451606698	0.241011577805141
FBgn0035227	1045.82880394324	-0.202903167463718	0.150917089411602	1.80618313531473	0.178966777798138	0.348148775857754
FBgn0035228	1748.09179186015	0.0294405619582907	0.168592880406244	0.0305037441357854	0.861352134726951	0.925485338822239
FBgn0035229	1098.09278412902	-0.351730423355243	0.14396394372942	5.95739471559722	0.0146556820250677	0.0590779982591127
FBgn0035231	181.858572152788	-0.75076470861077	0.35276269031061	4.49707815686315	0.0339528212055789	0.109064322649446
FBgn0035232	2592.60274330481	-0.0638075535945422	0.141331082401844	0.203782758452789	0.651684682878899	0.79730231994252
FBgn0035235	238.54601599788	-0.135581699911101	0.222816751836313	0.369931847609401	0.54304141937037	0.716449044143193
FBgn0035236	1702.96630553502	0.0849366386629306	0.171546768679501	0.245096339785363	0.620549258816342	0.775049774917962
FBgn0035237	2189.20097996737	-0.0475429302392128	0.304736499604754	0.0243417556866916	0.876018480973213	0.93255966655901
FBgn0035238	438.654932220691	0.0697599187112351	0.216606745268048	0.103758336268754	0.747365265745018	0.858049510767833
FBgn0035240	626.99441050894	-0.764631882410388	0.322096213888711	5.57963812183699	0.0181704768833294	0.0696508636049081
FBgn0035243	197.794287531709	0.344096865134833	0.234884082880202	2.14313934632322	0.143208567550395	0.299448436034286
FBgn0035244	1059.04538930017	0.293756874029595	0.190825246581345	2.36564618919435	0.124032544230735	0.270973798042092
FBgn0035246	836.555268164189	-0.506151823278363	0.179084388176334	7.95505821878832	0.0047953166366839	0.025515035391592
FBgn0035247	252.39820287159	0.157112766177704	0.172382583273122	0.831026106596433	0.361975987331925	0.556944396201728
FBgn0035249	127.802689090803	-0.0348487911836504	0.247001121771932	0.0207635439344216	0.885424973687945	0.938722812426099
FBgn0035251	1250.17544837065	0.0460414334363107	0.183740898000107	0.0628024415370874	0.802120170482893	0.8912770048148
FBgn0035253	1134.45497830967	-0.263139522286768	0.1891194994358	1.93397193613569	0.164324549421185	0.328425781221413
FBgn0035254	117.221243597767	-0.0250939129691776	0.28063473074819	0.00799609800171908	0.928747411341614	0.962563678374254
FBgn0035260	136.009608647041	-0.874944683531553	0.390030155904818	4.98606929387478	0.0255521887609201	0.0890491759977722
FBgn0035262	150.172712847049	-0.897264244258013	0.215351795020881	17.3494355227128	3.10990626720137e-05	0.000353176485222457
FBgn0035264	305.22745025	-0.23197242059846	0.209680563712714	1.22349709630723	0.268675435735585	0.458655841542039
FBgn0035266	1578.46144196515	0.793726870486429	0.215957983116042	13.3481899306886	0.000258672176215909	0.00223338873085047
FBgn0035267	428.672578342832	-0.541260967221075	0.312212088478138	2.99077045167695	0.0837403176151139	0.206397395531316
FBgn0035268	523.429534812009	-0.149582464264585	0.248285895829493	0.36307150163853	0.546805330883142	0.719630546181939
FBgn0035270	722.831847042549	-0.405330245920142	0.181620400803491	4.9670122856763	0.0258352376162093	0.0898227489067893
FBgn0035271	143.301122457071	0.0878544814009621	0.359485369216776	0.0597272329155629	0.806927580450606	0.89358261812417
FBgn0035272	194.113565242784	0.321955513595584	0.257956371770862	1.55794513432539	0.21196634591359	0.390886318984643
FBgn0035273	60.7371559426804	-1.0051776447914	0.511555366988019	3.81191305341456	0.0508892962426042	0.145652659761511
FBgn0035283	667.047805309657	-0.318367350511651	0.21420194348421	2.20730783752172	0.137358192525039	0.291287837260501
FBgn0035285	610.150954649535	-0.0534539823238025	0.202950967196464	0.0693596501691047	0.792271419874543	0.884818294393809
FBgn0035294	343.549150780243	0.0653815386098112	0.16735558556081	0.152743915048063	0.69592684560973	0.826506138485086
FBgn0035295	175.104467280659	-0.112277713436601	0.230176858347983	0.237875617607919	0.625744683486718	0.77900269287342
FBgn0035299	41.9354678418508	-0.763912674215972	0.410542120856416	3.47033685930088	0.0624785860322799	0.16844211523032
FBgn0035300	460.735078736777	-0.640403176296763	0.270515415664317	5.5690504730822	0.0182806713912981	0.0699213889713112
FBgn0035308	849.514349563903	0.192976066056847	0.242001224313786	0.63525703227667	0.425433531337923	0.620295023219735
FBgn0035312	415.998009911522	0.117671853606701	0.2969885390225	0.156945577183848	0.691984361504278	0.824392721428637
FBgn0035313	41.4775232009262	-0.673916867577525	0.355767536663961	3.60001722107734	0.0577789725925597	0.159058281378958
FBgn0035318	354.840624487381	0.0157526859637244	0.160469154349404	0.00965500876399261	0.921725915909555	0.959230330767699
FBgn0035321	1036.2048340671	-0.113339670820157	0.163635064991173	0.479688287954673	0.488563543295264	0.674358815969481
FBgn0035323	147.367633114939	-0.0675970318246776	0.284698203714339	0.0563930480585029	0.812290479890834	0.896860345537139
FBgn0035325	304.025381703926	0.0314953152679213	0.226089435090937	0.0194090330237913	0.88920020547511	0.941142211000644
FBgn0035333	2011.65819425245	-0.159039145800209	0.141111335573317	1.26952991576572	0.259854885899801	0.450041121330686
FBgn0035336	116.131868907271	0.111592836090616	0.35202126741792	0.100612546857839	0.75109578852892	0.85994814377862
FBgn0035343	894.976547476782	0.381944908538864	0.267938572770375	2.02741933791752	0.154482728819639	0.315107628087031
FBgn0035346	660.959567522869	0.293294753383849	0.259114823652112	1.27974472440167	0.257946504861194	0.447526535370659
FBgn0035348	2599.38609142584	-0.631080918829773	0.47450181360395	1.75522602073403	0.185221095320971	0.355766422532052
FBgn0035355	87.0002627131077	0.87119347766652	0.277481022571459	9.80468384869378	0.00174067958225797	0.0112637220644298
FBgn0035357	1681.95208178395	-0.323781660070869	0.232188256792215	1.94079676554561	0.163582048660771	0.327460979442524
FBgn0035359	2111.46743049247	0.846888749618653	0.270284612971612	9.68208284060165	0.00186073575766856	0.0119065499098386
FBgn0035360	1268.71067999085	0.536262620307835	0.245288192454298	4.75372827958492	0.0292348881001467	0.0981989541666137
FBgn0035370	2098.42253436876	-0.068729099627297	0.150164112951856	0.209510389486255	0.647151426586223	0.794414377211311
FBgn0035371	2399.11850887473	-0.234614251431326	0.157512157567398	2.21600493953456	0.136586096028726	0.28999896808409
FBgn0035375	1542.20289269176	0.113138409011448	0.214625770800531	0.277792973145978	0.598151442402337	0.758740151379366
FBgn0035380	95.7080613218869	-0.865684846894839	0.45960966410324	3.5188167429136	0.0606757511244528	0.165094920728391
FBgn0035383	863.549648094632	0.269553845398366	0.182119441699358	2.18740521462897	0.139143548188415	0.293662441811667
FBgn0035384	41.6969271889906	-0.845871114730625	0.598499914916868	1.98666105952503	0.158690433214161	0.320801656061784
FBgn0035388	1005.51517328911	-0.107867209455076	0.196476374609445	0.301349145276077	0.583037861537472	0.747345451802244
FBgn0035390	1018.06094799046	0.383041279636285	0.218214299796913	3.0718459958947	0.0796589685721275	0.199577154650895
FBgn0035392	277.457613122785	-0.028988364450393	0.214584491126052	0.0183560174988386	0.892228912537311	0.943329490082582
FBgn0035397	4035.43057335637	0.0782002574592347	0.215730792596055	0.131369832714398	0.717015956174647	0.84022902326757
FBgn0035398	2452.17958276075	0.383905234988534	0.234809155611632	2.66531114687371	0.102557767108436	0.236469750970693
FBgn0035400	1343.96960339622	0.0794783134869262	0.145281233472676	0.299266103475404	0.584342874131773	0.748148402987928
FBgn0035401	864.723014511324	0.97192102832791	0.213512745013442	20.3763381755291	6.36114902639672e-06	8.62223947909749e-05
FBgn0035402	2231.17164904985	-0.0656199667221329	0.180195978275534	0.132577958816569	0.715773955614826	0.839334137454515
FBgn0035405	226.806768513521	-0.162357935871849	0.201537788184588	0.648563760690031	0.42062664102831	0.615523960270947
FBgn0035407	57.2035584491823	-0.514976697536478	0.367728285201993	1.9698758832159	0.160461036876727	0.323119166910141
FBgn0035409	282.117484877485	0.411803462949773	0.415834545718238	0.978264873867502	0.322627556598151	0.517047867675643
FBgn0035415	85.1484799141766	0.0715745323667525	0.296321558594529	0.0583671330841469	0.809095618106408	0.894781267598814
FBgn0035420	833.96915420172	-0.231493294242406	0.272553394401297	0.720990842678887	0.395819087023794	0.58987868285307
FBgn0035421	878.800677459809	0.192451996748426	0.183225653878736	1.10232319553715	0.293756824765787	0.485686756929606
FBgn0035422	12208.9470954125	0.570038931106608	0.140970997985624	16.2472071853106	5.55914795582923e-05	0.000582588142069325
FBgn0035423	2424.22818574846	0.358804793063775	0.167606707221748	4.57131595608091	0.0325115817390007	0.105704567894231
FBgn0035424	2750.30362389112	-0.261924381476583	0.180147818546622	2.11112633815274	0.146231652049261	0.303539895949818
FBgn0035425	969.26231771255	0.118575615607066	0.252449142148082	0.220606084638149	0.638578499857012	0.787799590516189
FBgn0035427	829.926699578189	0.303131172000658	0.292240065050284	1.07398325291639	0.30004745348513	0.492030984863925
FBgn0035430	112.421371011537	-0.666648672081602	0.594579436264572	1.25024202031975	0.263506257751143	0.453070231481255
FBgn0035431	431.585018607922	0.555700907820981	0.190473692930582	8.4713118417032	0.00360791143664754	0.0202193941645316
FBgn0035432	1518.24844659023	-0.151802322718352	0.158660007666179	0.915205438447273	0.338737024764315	0.534038861268593
FBgn0035436	478.755083996088	-0.715558015430924	0.63645095766418	1.25167359177817	0.263233070912792	0.45269316268456
FBgn0035437	1604.63118730997	-0.425412063450721	0.148044794501727	8.23343959362563	0.00411255150272103	0.0224299748794616
FBgn0035438	6188.35114970736	0.83330680715337	0.244790160007875	11.4318886220942	0.000721942654570786	0.00534924481317001
FBgn0035440	398.76373673007	-0.12381371624977	0.187156306518592	0.437284458149186	0.508436052221032	0.690529932409593
FBgn0035443	106.802585011773	-0.182904145077837	0.236959717430033	0.595336729357385	0.440362826956256	0.634824634056853
FBgn0035444	450.866061196863	0.184590184082456	0.232079430922729	0.632135650259698	0.426573023888462	0.621340436248231
FBgn0035449	1120.45830576522	0.21713900116544	0.216450138141865	1.0055343745576	0.315975046717243	0.51018551001518
FBgn0035452	1215.94236928331	0.392309217463793	0.150115420614409	6.81154237879363	0.00905705007155064	0.0411108075264212
FBgn0035455	128.26374522973	-0.87007886544797	0.485532424556356	3.17800641201062	0.0746357396355392	0.190728574151172
FBgn0035461	205.403335525089	-0.477173959236136	0.378786786665733	1.58348403282717	0.208259559627801	0.386148845168253
FBgn0035462	120.397830521719	-0.233366687062443	0.276107409645709	0.715582085711631	0.397596899864753	0.592034263315319
FBgn0035464	814.444554852465	-0.0467943775073462	0.142882218356651	0.107276438939692	0.743266435269953	0.855318600002878
FBgn0035469	378.765406415115	0.105184535588155	0.262249725718843	0.160838494570939	0.688385705785258	0.822155802204746
FBgn0035470	228.525057324544	0.0518566203509913	0.17335768067193	0.0895623402566059	0.76473428831751	0.868023586327979
FBgn0035473	702.809724536858	0.254973507980728	0.260364299053776	0.958359604611303	0.327600520545895	0.522928182579048
FBgn0035475	113.015088906513	-0.0234572827383437	0.301353029521942	0.00616129648980746	0.937435161307627	0.966798488005902
FBgn0035480	136.308927459925	0.963056967752939	0.24165222284404	15.7697777800531	7.1536148629316e-05	0.000728908747696402
FBgn0035481	274.706005410681	-0.843393868134157	0.290059035941823	8.37524136198039	0.00380367039792232	0.0210348315381045
FBgn0035482	184.577977607133	0.411599804574673	0.212733770328147	3.74196681439913	0.0530619514770877	0.149973946135113
FBgn0035483	264.768151321332	-0.45912888396499	0.189011149885716	5.89531589795579	0.0151812062770789	0.0606973104616874
FBgn0035484	2671.07907429564	0.686404878338539	0.289126916284256	5.58406209417583	0.0181246362971886	0.0695053414543206
FBgn0035488	541.904658252112	-0.129592686184501	0.161931665498408	0.640015079237628	0.423705336809837	0.618695332121464
FBgn0035490	163.284261058276	-0.136691731744148	0.24770547510724	0.304260647383941	0.581223624509255	0.745886745588957
FBgn0035491	68.8530917866486	-0.7797864176819	0.515570147963783	2.27795482085032	0.131224814618366	0.282008710227096
FBgn0035496	675.541736312088	0.273686302034094	0.208574273741513	1.71889498515608	0.189835346782109	0.361705619033314
FBgn0035497	1543.00417449347	-0.748690685836276	0.276371101130488	7.26295006311602	0.00703915680909833	0.0338049435964343
FBgn0035498	2291.85414468819	-0.0842165365956041	0.155184289414319	0.294424489156896	0.587399064936037	0.750645814481621
FBgn0035499	7425.47769679386	0.11201856822145	0.114867162671663	0.950783445152069	0.32951995824707	0.525137097990273
FBgn0035501	1889.89441994783	-0.109820929720855	0.296651836283002	0.136997928891034	0.711283907078	0.836087479240904
FBgn0035510	87.1086752251431	-0.48772707085621	0.435094928018145	1.24978587182495	0.263593378541661	0.453070231481255
FBgn0035515	1013.83798003537	0.562647774757121	0.206160862059872	7.40442603289037	0.00650635990710353	0.0319383505787872
FBgn0035517	888.469918317244	0.645460703652793	0.189270397631454	11.5424518079339	0.000680248713496492	0.00507397687903047
FBgn0035518	270.955465588662	0.15227273977803	0.1975078184601	0.594821038571965	0.440560884981633	0.634858926442407
FBgn0035519	843.289878959645	0.148157230175859	0.153018592625075	0.937340762447633	0.332962669121616	0.528333202358513
FBgn0035520	140.195064749418	-0.128457285487814	0.313888675911871	0.168260659686318	0.681662263183998	0.8181430645179
FBgn0035522	170.391957981223	-0.900006564900683	0.563452153121391	2.5202223819981	0.112394733363925	0.252610011801277
FBgn0035523	836.63289839881	0.063590017577779	0.157273563504948	0.1634928427017	0.68596089015388	0.820512253587886
FBgn0035524	220.09166956151	0.0145471290891882	0.199854612096332	0.00549392561662643	0.940914089665817	0.96798404009932
FBgn0035526	1245.91794210603	0.11871868574286	0.169059636940476	0.492967456650391	0.482606567769688	0.669052687195558
FBgn0035528	941.106495709136	-0.060899337153936	0.131977210158441	0.213022511950967	0.644408634696035	0.792179129640264
FBgn0035529	607.676404647811	-0.262662917155334	0.213619118727242	1.51016080097648	0.219114551211095	0.40030368527675
FBgn0035532	204.312601504122	-0.172475533679506	0.231575192844591	0.554921643432699	0.45631365725141	0.647869945548904
FBgn0035533	1657.43883031366	-0.206702166276653	0.232581273284743	0.789057938900541	0.374385136154657	0.568993186605011
FBgn0035534	98.9518122910847	0.0944744881020782	0.289523066229518	0.107436402709055	0.743081846377143	0.855217713894862
FBgn0035538	204.805310856286	0.247709382469507	0.23085020865494	1.15104534495138	0.28333042921351	0.474319307902499
FBgn0035539	719.484558540289	-0.538592859854863	0.994014193702654	0.291941831807321	0.588978837674214	0.751203757372624
FBgn0035540	378.39757480729	-0.435435870191457	0.173920903359805	6.25630809343897	0.0123751833947696	0.0519498659730956
FBgn0035541	177.223587450284	0.265510762561312	0.26766615120956	0.984182429869911	0.321168408395173	0.515386022804711
FBgn0035542	10335.4147321492	0.565657627496069	0.291160519298753	3.75041949902834	0.0527942599006686	0.14945670496102
FBgn0035545	202.983405288023	3.37131077392407	1.40152404071504	4.82714744337675	0.0280149458188753	0.0948698148361315
FBgn0035546	359.437122573978	0.0258519296526211	0.2799221079052	0.00854411193401461	0.926352936535968	0.961249569211298
FBgn0035550	1698.33683655323	0.512891468098142	0.265286387117466	3.71873574769063	0.0538050957595242	0.151347199547989
FBgn0035551	7119.56098298574	0.657899034445653	0.428161971539883	2.3408978606958	0.126016901977929	0.274087538341938
FBgn0035552	10393.8025656902	2.7732790406738	1.9778859843427	1.72174855832044	0.1894681226392	0.361250370390731
FBgn0035553	2613.83756434661	-1.22319635879289	1.11953267506892	1.15976588869306	0.281514098343349	0.47306806394624
FBgn0035558	928.108705232875	-0.295486047870676	0.186252379756198	2.51204234118873	0.11297942688429	0.253478378547412
FBgn0035568	86.0819711668973	-1.32994673735423	0.558738553701987	5.53172844536252	0.0186746485071208	0.0708143955422577
FBgn0035569	27.8957740861999	-1.01628388027502	0.612356133302444	2.74190429841357	0.0977482189865535	0.229000886968179
FBgn0035571	94.2407437184256	-0.409477768477765	0.509720846770964	0.645476096859241	0.421734751708359	0.616429923649918
FBgn0035574	1340.61588107663	-0.669620454377465	0.118614542345062	31.6657366166862	1.83124677387244e-08	4.05249024717595e-07
FBgn0035578	87.5494199836945	-0.511735990232838	0.335244002911866	2.33010299576971	0.126893481048216	0.275136864521648
FBgn0035582	1748.22081230932	3.95200776287309	1.4196241400429	6.1109303350437	0.0134348392567096	0.0554485601502363
FBgn0035583	797.426628260945	0.267599346888819	0.207968972424374	1.65310112978767	0.198537375780039	0.372426403886706
FBgn0035584	28.941935286259	-0.903210744741853	0.676254412732775	1.78125761847906	0.181994973937947	0.351636446251028
FBgn0035586	508.528050875427	0.470000248005783	0.164984220138422	8.09179996154995	0.00444659789437004	0.0239102863009879
FBgn0035588	746.710805105046	0.914064022251453	0.236599860061989	14.7057452637049	0.000125662892265715	0.00118214217628216
FBgn0035589	376.226160630875	0.131906404450651	0.248050381692848	0.282698308511513	0.594938079219409	0.756118912722463
FBgn0035590	141.459009486447	0.0154967853703261	0.233166419486739	0.00442575401998369	0.946958787233181	0.971059190998907
FBgn0035591	143.039612671502	-0.239404122034037	0.264156891969786	0.825118087439492	0.363687994364179	0.558312954465817
FBgn0035592	199.620231846484	0.203399385926013	0.197503825721332	1.06079647370377	0.303033598070283	0.495362813888881
FBgn0035593	870.352439070998	-0.10114051842144	0.16435517481125	0.378488256843823	0.538413408123026	0.713643194531045
FBgn0035598	270.046466997276	-0.841191789726243	0.403542617323331	4.29856799622382	0.0381444784772659	0.118856141532834
FBgn0035601	2126.84417953663	0.311653695403624	0.121270629367565	6.59285976704632	0.0102388567559275	0.0451670781718455
FBgn0035603	271.421979613972	0.0698616869702324	0.176379370772283	0.157075802726951	0.691863149061277	0.824392721428637
FBgn0035607	327.139903722657	0.951110036387439	0.426354362130355	4.89657435369494	0.0269100266638467	0.0924305470150967
FBgn0035612	19151.8682610981	0.586709094420274	0.245277161291692	5.68291548146746	0.0171308787573828	0.0663868573364716
FBgn0035617	514.995272542666	-0.433892155058148	0.286813416634229	2.28209722424639	0.13087479580872	0.281530765045379
FBgn0035619	1319.82426454445	0.567089747727322	0.277255385825551	4.15700339435419	0.0414626972819487	0.126291626101455
FBgn0035620	947.707559784169	0.149856410280125	0.31236126524762	0.230027534322133	0.631503412959413	0.782638499431721
FBgn0035622	1732.42738012486	0.29491275301906	0.202931789616951	2.10803339661324	0.146527517638168	0.303939542933519
FBgn0035623	116.851731248355	0.360403172494459	0.285600616958022	1.5900526520628	0.207318611470412	0.385115679896191
FBgn0035625	404.901481575067	-1.03999360417466	0.508243593916193	4.10627020912582	0.0427244868183218	0.129272723254664
FBgn0035630	4574.49394312533	0.268555563188163	0.132661560814491	4.09286916771421	0.0430644802956098	0.129870859954642
FBgn0035631	2471.77801752223	-0.148445822248358	0.188246763860396	0.621513149261119	0.430485545483458	0.625284683678359
FBgn0035632	1554.84941836618	0.377630453530443	0.219663016855176	2.94675421474955	0.0860502239191498	0.209869313394853
FBgn0035638	147.285407950982	-0.645254491766083	0.356916886896456	3.25615717722527	0.0711556964791224	0.184128406372955
FBgn0035639	842.932940257787	0.506732416783932	0.23655087553768	4.56718646152017	0.0325900482379153	0.105847249648827
FBgn0035640	124.922315138458	0.164790731650463	0.226590281775905	0.530208368884587	0.466519270062009	0.656511980936217
FBgn0035644	87.8746847111937	-0.0367631684713893	0.345581611794614	0.012058392324036	0.912559496004135	0.953938849495857
FBgn0035649	154.80393677325	-0.191992159465281	0.219119783104833	0.768269297020261	0.380752992198682	0.575581846545478
FBgn0035665	75894.9094001724	-0.0967633478391212	0.15958559679913	0.36758200150993	0.544325243565103	0.717527031553401
FBgn0035666	7500.66452929376	0.563995993078862	0.256426945599169	4.80726023084588	0.028340068082517	0.0957033144891428
FBgn0035670	19003.9298959813	0.521028691850744	0.273784086798308	3.60219099094004	0.0577034744950332	0.158968298140547
FBgn0035677	116.188520512073	-0.371972535878107	0.326598221465781	1.2976985982171	0.254634029378293	0.443751416786234
FBgn0035688	1209.95792036561	-0.133121737685866	0.1827727366448	0.530295704029655	0.466482565911843	0.656511980936217
FBgn0035689	180.075851405281	-0.437211698329437	0.214859133226418	4.14063137294054	0.0418655515514239	0.127211304025401
FBgn0035690	317.253132071255	0.105387090520412	0.166456134256214	0.401088170763344	0.526527814673179	0.705126944403723
FBgn0035691	77.9428359516997	-0.110659818233209	0.3512872951266	0.100535712250625	0.751187703110336	0.85994814377862
FBgn0035692	858.559121925297	0.195346156575467	0.26756648297848	0.532898947643915	0.465390625189614	0.655797968168821
FBgn0035693	167.378056708242	-0.949894722367984	0.406452784852694	5.39118215694263	0.0202387552019212	0.075321288866197
FBgn0035696	619.563505186809	0.157355887631243	0.240499837560679	0.427785598288082	0.513077526601851	0.693960161669947
FBgn0035699	271.377426647454	-0.642886650328428	0.223629823565981	8.23292232478975	0.00411372377911955	0.0224299748794616
FBgn0035704	434.928193814741	0.0167504121433402	0.165209392790312	0.0103389663569544	0.91901011564132	0.957378375866559
FBgn0035708	207.092021986071	-0.261526913540782	0.203123883226075	1.65652311873912	0.198073419978534	0.372030621092078
FBgn0035709	104.236565076043	-0.920006603041892	0.496995020442788	3.38985921441846	0.0655985500670702	0.174349881262599
FBgn0035710	1645.51333220839	0.255228960925598	0.250643570675757	1.03550019632289	0.308870321451618	0.501559020332918
FBgn0035711	187.741437757884	-0.414592255445659	0.331725107613922	1.55355765848837	0.21261100170327	0.391747646487712
FBgn0035713	2267.37848770562	-0.279415547403676	0.169191245500298	2.72415166129566	0.0988406259480063	0.230427921628853
FBgn0035714	206.316007967096	0.138098719957442	0.187186379446785	0.544878512005894	0.460417915499373	0.651495780366657
FBgn0035715	1219.80613147418	-0.216993839645172	0.201506248542354	1.15819812900536	0.281839546279178	0.473164413311923
FBgn0035719	77.9724343957121	-0.205975100611494	0.34482081581285	0.357823922189731	0.549717264150942	0.722691468842061
FBgn0035720	6273.16206973089	-0.170969460458132	0.126106596973938	1.83697115093307	0.175306362153965	0.344138674003691
FBgn0035722	138.884073063856	0.278449982026941	0.245178140351184	1.29096819036029	0.255869602162723	0.445060786415113
FBgn0035724	275.661766170639	-0.858525060413895	0.293816743215118	8.45114355837592	0.00364813980428588	0.0203999908954491
FBgn0035726	3664.52213685649	0.207940888515984	0.225509168093268	0.849448911049038	0.356708284902075	0.552306353040167
FBgn0035727	100.299699641365	-0.559631986850482	0.455319631421504	1.50622434681293	0.219716122727621	0.401070555843718
FBgn0035730	41.5860176588365	-1.25194307918005	0.624946934727689	3.9556743656546	0.0467135974202939	0.137767641589797
FBgn0035737	32.6873972928649	-1.16172595923452	0.610095488001987	3.5947004214178	0.0579640750430919	0.159437343572395
FBgn0035753	19179.7757520802	0.42203759754869	0.193255349694897	4.75221521517543	0.0292606033163542	0.0982105605414641
FBgn0035754	115.383912290748	-0.251469336546256	0.33971757196641	0.548172182132838	0.459065502730066	0.650223707583841
FBgn0035761	229.36331218092	-0.0561968049211103	0.187289213961013	0.0900575898373646	0.764103954843419	0.867642941389567
FBgn0035762	367.283454090758	0.410734507334919	0.16710143484313	6.03058644486082	0.0140600612006516	0.0575637974418647
FBgn0035763	1973.87704765402	-0.20749143522128	0.138543292750878	2.2408410375121	0.134407856211912	0.286615496185092
FBgn0035766	750.696136020573	-0.0982422115857297	0.153716907161589	0.408706427906026	0.522626802674187	0.701991038368928
FBgn0035767	1281.11162069667	-0.166456736949812	0.3318327920862	0.251519317552564	0.616007305251294	0.771451669250273
FBgn0035768	36.1592666974359	-1.25679386791761	0.547393688181003	5.2213552676885	0.0223111564035664	0.0807190012730916
FBgn0035769	368.833858336033	-0.120372164414071	0.179755163360439	0.449507355681519	0.502568996163246	0.686481241818031
FBgn0035770	9682.86300242718	0.603455345633193	0.175567953133322	11.7298881227718	0.000615042897979182	0.00465449273736561
FBgn0035771	3703.68511174531	0.128370581716804	0.146470234210871	0.767882576460735	0.3808728923367	0.575581846545478
FBgn0035772	2375.96944054265	-0.0735182461801838	0.265637579404836	0.0766023649421896	0.78195570262832	0.87931402064385
FBgn0035776	343.010185021544	-0.91682760867051	0.409670802714563	4.9391287986526	0.0262552669859849	0.0908179050898984
FBgn0035781	17862.4056061194	0.713472688125224	0.31423310083676	5.10362279761007	0.0238759265631036	0.0848836325515014
FBgn0035782	46.7344497887269	-1.19868303389864	0.521897067768321	5.20912504609707	0.0224686392425894	0.0811888913499627
FBgn0035786	38.3416259287232	-0.588372951257469	0.502299699317846	1.37499998919844	0.240954670549424	0.427030329971504
FBgn0035793	2736.50757936245	-0.207972454080411	0.208659400420338	0.992619704354766	0.319102937693483	0.513450824618397
FBgn0035800	81.186702898156	-1.02010603881584	0.589628279457146	2.9537898718383	0.0856764226972197	0.209362712234912
FBgn0035802	737.513424106459	-0.410629474404561	0.185888073006115	4.86727621677124	0.0273706690132378	0.0935036558417183
FBgn0035805	208.161883111942	0.796760546563071	0.221803781041619	12.8091774354882	0.000344923186806582	0.00283653513549047
FBgn0035806	451.02397065446	-0.259537833413604	0.233359558178973	1.23542517213238	0.266354559776571	0.456216540242884
FBgn0035807	944.919785969285	-0.0732491911732969	0.143538206719315	0.260311398386278	0.609906300647626	0.7674802430369
FBgn0035811	9851.03613077102	0.0970368264211363	0.243635946240652	0.158594654913941	0.690453693071529	0.823104756389665
FBgn0035812	294.571505849531	-0.154311697700586	0.182661711107543	0.714206990097992	0.398050720959725	0.592410113298804
FBgn0035813	1767.17961953654	-0.314477990136599	0.338291881940923	0.862467116254038	0.353049206423752	0.54837285644837
FBgn0035823	86.8912578546861	-1.01351302741053	0.48083727780223	4.38926399247676	0.0361659224128579	0.114464884996793
FBgn0035824	130.796064906854	-0.321054266254267	0.247082532692894	1.68673475721232	0.194031959878793	0.366903042297106
FBgn0035825	615.376755723789	0.227344706637467	0.254390545328768	0.797602387000268	0.371811184533704	0.56634936860442
FBgn0035829	257.590999371612	-0.0608490467118457	0.199999613793984	0.0925304027091443	0.760984587210571	0.865995356918504
FBgn0035830	1230.9120491588	0.10501323957043	0.15823681972678	0.440326052812651	0.506965125534471	0.689497575172037
FBgn0035831	130.250171354471	0.16811833825832	0.245147813069259	0.470515514064964	0.49275010354057	0.678230069005109
FBgn0035833	424.804901909771	0.0566097048958291	0.188321500700376	0.0903705984020675	0.763706544173918	0.867414924158921
FBgn0035838	84.7612071321251	-0.424119777507809	0.286230577669013	2.20049235814315	0.137966664004889	0.291975022849911
FBgn0035839	207.516312743594	0.0252888539667911	0.223335096180741	0.0128245072293822	0.909836050026412	0.952359822708548
FBgn0035844	3558.44929510592	0.22201649724794	0.211459104012854	1.10118676024301	0.294005807507799	0.485743539172312
FBgn0035849	390.742856808437	-0.232112598973504	0.208191360394644	1.24134982710426	0.265211067733317	0.454922310983903
FBgn0035850	1674.61358659905	-0.147185693188988	0.206017916524821	0.510104161365035	0.475093768903983	0.663327122912777
FBgn0035851	472.864587465762	-0.181649818721187	0.158380974380717	1.31597407858139	0.251315857807158	0.439740457919961
FBgn0035852	143.016700529928	-0.920586722975383	0.374524963210063	5.98356847765946	0.0144397573244274	0.0586092082018156
FBgn0035853	857.364780059847	0.0567187147932989	0.190683340932005	0.088530751647582	0.766053376371597	0.868325735745677
FBgn0035854	104.250686836803	0.279341712982941	0.248571402608813	1.26307219999862	0.261070365195359	0.450944125377615
FBgn0035855	70.6311831953482	-0.831611954752069	0.444492232464153	3.48265125617029	0.062015307021885	0.167742809167815
FBgn0035857	77.7059040720183	-0.719938504337603	0.395129739777157	3.31217289338549	0.0687685070452977	0.179903144431576
FBgn0035865	45.8107394940632	-0.134362034045519	0.440661158373444	0.0928360609347507	0.7606021855073	0.865783499086225
FBgn0035866	413.598958632378	0.125087785500561	0.223427742327139	0.313431900114693	0.575581830291715	0.74145022926921
FBgn0035867	230.474939650133	0.287029210206146	0.18262699946508	2.47044790836721	0.116004862602582	0.258035519940807
FBgn0035868	39.5182333318258	-0.177031944145909	0.389395236679539	0.208114618833953	0.648249176768795	0.795127986628836
FBgn0035871	856.067200737838	0.269902980811782	0.224759327935242	1.44061913453363	0.230039177303692	0.414596752558779
FBgn0035872	1998.96210321917	-0.098491607876275	0.147578938447131	0.445281314561598	0.504584342783294	0.687792379455092
FBgn0035876	93.4830989272773	0.0385067036305498	0.265551690338204	0.0212218788415584	0.884176133733369	0.937962275073726
FBgn0035877	831.496223009738	-0.0136073862234443	0.203088668714779	0.00451334687191718	0.946437254599481	0.97075000983213
FBgn0035878	696.587646486477	0.0064434951563249	0.166340697607543	0.00163468008064171	0.967749374842223	0.982067457315671
FBgn0035879	1168.41194040513	-0.318478871779254	0.144187675348212	4.87030561292973	0.0273226612884872	0.0934570588793347
FBgn0035886	135732.186425092	0.380307196182376	0.244077874580166	2.4207948847164	0.119734160563948	0.263748161869562
FBgn0035887	41416.7577781651	0.82556027961013	0.227861113736188	12.951752162464	0.000319622206397508	0.0026627874512603
FBgn0035888	319.297702778787	-0.61905267343229	0.26724874203987	5.32791581251527	0.020986466883389	0.0773859522687106
FBgn0035889	265.352673620629	-0.490657728831053	0.253471488592315	3.73992266129132	0.0531269041526776	0.150013376717833
FBgn0035890	155.459564246839	-0.38176771364257	0.351149539033602	1.18221114956521	0.276906308779314	0.468806843566514
FBgn0035896	283.197923517069	-0.251238405049645	0.252952310136911	0.987068733069165	0.320459858581691	0.514821438638998
FBgn0035900	150.793335145697	-0.105962557512561	0.241654676611687	0.192185406941569	0.661103912647443	0.804878809956245
FBgn0035901	207.121477528562	-0.399127195997967	0.219194691553847	3.31994256564615	0.0684442201118911	0.179214183462115
FBgn0035902	36.623212055044	-0.733132566497795	0.406294864072236	3.27495311998496	0.070344936310477	0.182512119377727
FBgn0035904	2765.51687347818	0.227631614529434	0.197311208096559	1.32953480459268	0.248887993381565	0.437139262260933
FBgn0035906	1013.59495735644	0.4428243032442	0.15190834933836	8.46962395533073	0.00361126078913212	0.0202193941645316
FBgn0035907	193.219287263549	0.0361832064134474	0.297341922802035	0.0148150600245458	0.903123045391592	0.948709256254216
FBgn0035909	3745.67473150544	0.703566884297696	0.188785836399965	13.7562494153571	0.000208127240788575	0.0018476003749682
FBgn0035911	387.177297578906	0.826457886162534	0.184158537759549	19.9656781164404	7.88447846060535e-06	0.000103685004376128
FBgn0035915	2349.39345623719	-0.925227993980589	0.298469913882677	9.4550252290913	0.00210571396624988	0.013131321581759
FBgn0035916	234.843923104713	0.13492513235874	0.218109448381749	0.3829634636732	0.536021492470083	0.71136315980689
FBgn0035917	15309.7851025442	0.463094231338563	0.213026793594893	4.70564122610445	0.0300637848327485	0.100031235808511
FBgn0035918	168.527520789938	0.1123925110796	0.266773011005897	0.177537954782039	0.673497676926572	0.812876966379438
FBgn0035923	263.177585841508	-0.248421644593584	0.276677443790259	0.805687276079993	0.369398388646476	0.564077792671141
FBgn0035936	545.995620217862	0.197217454315724	0.282334541056589	0.487460109014947	0.485062484499226	0.671471139009466
FBgn0035942	215.468210969139	-0.61381410839586	0.288660535154799	4.50679346130887	0.0337604745802227	0.10852547457045
FBgn0035943	45.1651732398579	-0.913378877663917	0.431520172140867	4.46588480266784	0.0345781767786632	0.110590007935819
FBgn0035944	729.094315249369	0.3585471087559	0.189726527503865	3.56301936705768	0.059080182304902	0.161661928478969
FBgn0035945	861.014146955854	-0.0181372512755076	0.179094450074763	0.0103054674511043	0.919140977444619	0.957378375866559
FBgn0035947	1438.63328723153	0.415022867503404	0.186268456846815	4.94897146853185	0.0261061952270703	0.0904085819009686
FBgn0035951	462.743958269335	-0.042533814166443	0.179337224298811	0.05623854826392	0.812542998934666	0.897019820167583
FBgn0035952	120.032721486526	-0.55949196477879	0.445408815834723	1.57408265634052	0.209615102266162	0.388009998404996
FBgn0035953	577.059112250845	-0.0695897835561002	0.17812033229281	0.152635054156306	0.69602981811907	0.826506138485086
FBgn0035954	54.2776155508285	-0.242520620223629	0.334556365323366	0.530361164490316	0.466455058019845	0.656511980936217
FBgn0035955	60.44383281425	-0.532524382453064	0.397406704615348	1.79786116785289	0.17997128447707	0.349332735201423
FBgn0035957	97.8104060031255	-0.783283234652572	0.451864864354752	2.98401475017984	0.0840904487410459	0.206943909168194
FBgn0035959	1069.76926122617	-0.11093697800441	0.167769443648558	0.436977309645115	0.50858499894945	0.690529932409593
FBgn0035964	3778.19671412055	-0.66545143140736	0.34260119955272	3.74034167573696	0.0531135831717376	0.150013376717833
FBgn0035965	84.9360071572815	-0.0533304139980735	0.354468053135105	0.0232601748892733	0.878782442007318	0.934600008228586
FBgn0035968	1531.42446566179	0.0838238823966539	0.260564364375795	0.103464204140082	0.747711404517132	0.858083682333096
FBgn0035971	25.9879561071275	-1.34328555697395	0.674095759743791	3.92788122948257	0.0474917438348646	0.139224965979683
FBgn0035975	304.566679575716	0.00712256938728062	0.287555762916792	0.000671567837216003	0.979325434157701	0.98919043395233
FBgn0035976	669.039422590816	0.19637130819761	0.224398571554196	0.765030828668699	0.381758708762055	0.576229703406838
FBgn0035977	202.522236860569	0.951734284276762	0.530572697152688	3.16233685524199	0.0753552441275438	0.192011167826002
FBgn0035978	1946.66113739364	0.882163968959811	0.223193910249017	15.3921373394045	8.73510052552341e-05	0.000868980011693557
FBgn0035980	120.566394537711	0.0770540415322412	0.241645544510078	0.101720756774512	0.749774349608161	0.859556822260934
FBgn0035981	955.18942126257	-0.352554148061368	0.211669299248044	2.76662573508381	0.0962488596605904	0.226479983372013
FBgn0035983	2012.92822514818	-0.638188943722813	0.307769983202052	4.26620533544522	0.0388776585026221	0.120455217214585
FBgn0035985	8284.71943775378	0.461473181167268	0.376820742720801	1.493383265893	0.221692268146507	0.4028444345397
FBgn0035986	369.788076309891	-0.467707420765247	0.227494625782402	4.21063823415444	0.0401712198116335	0.123491553026559
FBgn0035988	787.790634162574	-0.766327939480731	0.377440950329021	4.07844618976645	0.0434335822083523	0.130581918026065
FBgn0035989	618.61074676747	-0.20420410061059	0.150923737901646	1.8298001350214	0.176151154361029	0.344860352761883
FBgn0035993	244.807774929774	0.0818781526116687	0.174206706524653	0.220987749363246	0.638288331405703	0.787780191756997
FBgn0035995	1358.87623390036	-0.038545760146717	0.192718900666235	0.0400074827904717	0.841465951380604	0.914871310372406
FBgn0035997	575.548296602814	-0.0897175259640245	0.16122627142819	0.309474968438181	0.57800254449102	0.743158160074132
FBgn0035998	108.620883963778	-0.0158698334001032	0.235832998745031	0.00453734622713853	0.946295250319349	0.970717192375952
FBgn0035999	67.0326443339363	-0.328617475817992	0.386169189778718	0.727108192670656	0.393822144750532	0.587802199810334
FBgn0036000	194.059113406465	0.209261547420313	0.200732514351784	1.08702640676086	0.297131001333587	0.488610502379347
FBgn0036004	1474.33024621246	-0.44525786984638	0.272489868949158	2.66050152123739	0.102868295174403	0.236876262165693
FBgn0036005	188.34748912472	0.0723432591529897	0.224511874650766	0.10423217258208	0.746808785610512	0.857717131879104
FBgn0036007	1926.41245641803	0.263000970102523	0.2057091671545	1.63225824940734	0.201390985258676	0.376706947834407
FBgn0036008	380.226821869699	-0.0244276281390651	0.223382841214725	0.0120057056969074	0.91274996671504	0.953938849495857
FBgn0036014	152.179110355358	-0.907186144666376	0.469861086705878	3.68535279445491	0.0548923576986426	0.153524616270308
FBgn0036018	141.746643301234	0.22674571677718	0.394792372565289	0.329964679204593	0.565679886977437	0.735242203960658
FBgn0036020	477.768455044064	0.057533566994902	0.172710699910077	0.111127729399612	0.738863866755068	0.852921868164144
FBgn0036023	1566.84345329624	2.07279795772028	0.905628414255028	4.84300987790272	0.0277584053402624	0.0943529155325405
FBgn0036028	172.903006471131	0.129645067381955	0.194048379089933	0.447180741221914	0.503676824858641	0.687454511554438
FBgn0036029	150.813793997997	-0.936899727757803	0.358954170854123	6.7413136824467	0.00942052290945505	0.0422567051372987
FBgn0036030	3843.63036581463	-0.0701595078689843	0.240043294583957	0.085411923484898	0.770093050782172	0.870857500974226
FBgn0036031	148.72658286304	-0.921614164063848	0.429737960465554	4.54735025835737	0.0329697309994288	0.106644027250352
FBgn0036032	570.390546319394	-0.399471818059244	0.283025051989341	1.98727346035668	0.158626255236403	0.320801656061784
FBgn0036035	237.773987178968	-0.0465887630931525	0.181819180889799	0.0656992547302266	0.797704790935291	0.888195214537919
FBgn0036038	372.598862991955	0.0740154719058626	0.181641384812176	0.166324018608655	0.683399648501713	0.819306995571068
FBgn0036039	414.412490743223	0.233798323774552	0.222838446883219	1.09935714878885	0.294407226554956	0.485942642559097
FBgn0036043	1754.84859803964	0.455200097629628	0.332996649943251	1.86127955483472	0.17247719391165	0.340539662358778
FBgn0036046	86.8787689054348	-0.214526853299508	0.342552943289612	0.391486280757277	0.531519182419694	0.708678712146228
FBgn0036052	384.944621178474	-0.148643566307302	0.159791312791735	0.865533072810216	0.352194918548208	0.547624310355839
FBgn0036053	1052.94490241428	0.128494129575873	0.146329061469259	0.770867157570237	0.37994892381915	0.574874709152981
FBgn0036056	49.8340387385052	-1.21660934323616	0.51005711537227	5.55818437234282	0.0183944817438112	0.0701644102484068
FBgn0036058	2327.94383262547	-0.0505086266628571	0.249553802886997	0.040958892258061	0.839617291251547	0.91380745120577
FBgn0036059	813.687919374576	-0.0125916325882177	0.155936309958949	0.00652126686671295	0.935637303888859	0.965564741283391
FBgn0036062	77.853743069574	-0.0900863523118866	0.309103516034869	0.0867413305456566	0.768361490738716	0.869902719306957
FBgn0036063	96.9855584292757	0.00250439084760565	0.312518753065223	0.000193047880308939	0.988914415235596	0.993870250573906
FBgn0036070	32.1220542920503	-0.749661162616357	0.555892012763741	1.82164537037134	0.177117548586381	0.346046858302925
FBgn0036075	57.5377681331596	-0.52547053377661	0.503722626508351	1.0887058789875	0.296758122184425	0.488392422223868
FBgn0036082	112.628055023598	-0.605763940182657	0.40970663739095	2.1799964336805	0.139814785785723	0.294304787636742
FBgn0036085	69.8713880397891	-0.858069073549752	0.541252201846561	2.49356345194061	0.114312639391781	0.25537203037567
FBgn0036089	31.8673882920785	-0.935965766655602	0.602564150615101	2.39246536288495	0.121921217418236	0.26786229823709
FBgn0036090	170.160109357532	0.183966251748098	0.228553407702171	0.648120441110649	0.420785473457445	0.615640003906125
FBgn0036093	48.2711216972924	-0.859036683373538	0.597804335029379	2.05258864201746	0.151947645317543	0.31198392964608
FBgn0036096	625.393017213227	0.0557324666458306	0.194929426680511	0.0818116787421701	0.77485712872549	0.874228270537492
FBgn0036099	479.427219331071	0.154262336192515	0.160740155847536	0.920954798067086	0.337224398308673	0.532165455622639
FBgn0036101	476.272601655596	0.114019066413305	0.176996836635769	0.41498078106455	0.519452222109628	0.699152899312897
FBgn0036104	552.263082287145	-0.346380794319638	0.164763203577763	4.41518051553871	0.0356205096545115	0.11318522765265
FBgn0036106	3205.22245516846	0.272521225105257	0.188657094601143	2.08345216487635	0.148903083984551	0.307853986194864
FBgn0036107	123.795158388718	0.0488657415750307	0.246370602247177	0.0395584074747006	0.842346480664052	0.915264788250165
FBgn0036111	2194.47845908803	0.155035317351365	0.166509094227585	0.8664090842192	0.351951347912723	0.547624310355839
FBgn0036116	130.483116074794	0.105197384674316	0.278291545100033	0.142927358810638	0.705387991865648	0.833098139346993
FBgn0036117	121.325878387659	0.571393615529714	0.315346082645775	3.27284641650201	0.0704353142686806	0.182639204556814
FBgn0036121	219.90322081879	-0.0542523358708502	0.283422824896776	0.0368390088190651	0.847793193314705	0.918243173905604
FBgn0036124	331.112576464758	-0.136942460391151	0.237779972997166	0.332210664724286	0.564360258972638	0.73428412344066
FBgn0036133	603.44771137911	0.179320031231943	0.145255675949179	1.52385972851236	0.217036334388895	0.397577042692051
FBgn0036134	972.183395791111	-0.167058166075923	0.190113371529896	0.771589726879128	0.379725706468082	0.574635505723608
FBgn0036136	942.500015892174	-0.316595281991003	0.187285475663601	2.85376876878013	0.0911600100771261	0.218119181300533
FBgn0036141	916.767300143083	-0.28240026201346	0.213615499719715	1.74439812813439	0.186582518350923	0.357680673892796
FBgn0036142	186.217473883028	-0.10785856493077	0.228351680458823	0.224193633249186	0.635862991121483	0.786164359486614
FBgn0036144	477.238343570327	-0.418859901269125	0.370101789697894	1.2772990371017	0.258401838285944	0.448052234434106
FBgn0036147	1802.45892168305	0.919723957749938	0.28450752425672	10.2823583113323	0.00134308171863244	0.00906759991217491
FBgn0036155	297.515657298321	-0.674638145103825	0.310566620829274	4.68078162392057	0.0305018670621465	0.101069648875847
FBgn0036159	89.3225236018891	-1.0261977714077	0.547574461456126	3.46447633916409	0.0627003578469378	0.168730697664343
FBgn0036162	191.788614299296	-0.8562646559555	0.375750906990571	5.14013968576718	0.0233787670284843	0.083486135272904
FBgn0036165	638.174365111464	0.0751773621998925	0.198800306227482	0.143050787131941	0.705266758045183	0.833098139346993
FBgn0036180	942.815117069733	-0.231548453310342	0.160705835957129	2.07471311285667	0.149758096305909	0.308897952735704
FBgn0036183	66.1382719346924	-0.219900046621019	0.351453298795479	0.392798878742333	0.530831849224985	0.708203846017731
FBgn0036184	204.808691065978	-0.111607498244747	0.244158816807033	0.208720768862484	0.647771905041919	0.794874049518828
FBgn0036187	151.004423263054	-0.0650708576411379	0.245140724702654	0.0704200972840638	0.79072609841772	0.884071822505422
FBgn0036188	202.795056924776	0.078226144492592	0.192695228442873	0.165003059102744	0.684591476788768	0.819369791675384
FBgn0036191	352.617253924897	0.395105021380877	0.183332900913784	4.63534241095068	0.0313198939154351	0.103198933498805
FBgn0036194	667.435686601076	0.547564397809145	0.235418031057921	5.38010273115054	0.0203676786706569	0.0755779632421683
FBgn0036196	1168.62254708775	-0.547202808516998	0.21811708935064	6.25796963915211	0.0123635818975652	0.0519498659730956
FBgn0036198	345.761201527935	0.0389837338881703	0.225502241865084	0.0300232188638603	0.862437556965675	0.925583678261386
FBgn0036199	230.973622596962	0.364859695002958	0.186666571455282	3.81627522971785	0.0507569542390434	0.14541537798874
FBgn0036202	213.026694813842	-0.371818105835193	0.245305325999366	2.29550948798038	0.12974862940598	0.279653616482259
FBgn0036204	20.8423134991916	-1.54205914179469	0.75534798404875	4.09880105005716	0.0429136348042351	0.129681477230332
FBgn0036205	793.473055524377	0.119568346864937	0.16832009830369	0.504580480924091	0.477494383107487	0.665132265506642
FBgn0036207	128.678512246137	0.220589428329654	0.274431936133632	0.646065582159807	0.421522858765625	0.616324392004619
FBgn0036208	125.450881414047	0.918717903192144	0.292768025665049	9.7453333253027	0.0017977853002433	0.0115456022484329
FBgn0036211	1271.04379288178	0.511912856077283	0.153324460769279	11.0960194582268	0.000865132124169711	0.00624707517485559
FBgn0036212	100.39060656602	-0.52127344847651	0.280851543763382	3.44745066477287	0.0633494095233375	0.170114178220916
FBgn0036213	16335.2050703728	0.286590631129485	0.137673045808197	4.32636173660674	0.0375263765338481	0.117554282927053
FBgn0036214	82.1249779685684	-0.774128063033766	0.414551281973299	3.47440727306822	0.0623250467095808	0.168233775517082
FBgn0036217	18.4322780499373	-1.54263892640641	0.747761075140279	4.22672213986624	0.0397922187364819	0.122642870461305
FBgn0036218	102.023620435281	-0.899983025315123	0.471029288630362	3.61649339092429	0.0572093368864815	0.158150121768895
FBgn0036224	125.299331028826	-0.410749312601044	0.368671506575829	1.2412190013997	0.26523625180875	0.454922310983903
FBgn0036225	436.532628006907	0.730739079155393	0.288197910171213	6.36771499172656	0.0116215146054633	0.0496601670114326
FBgn0036226	1737.17808159166	-0.0979623977909889	0.290235247555273	0.113883374277364	0.735765556852743	0.851350022773223
FBgn0036227	8003.11335501207	0.163660965525227	0.217101662404771	0.56796807093751	0.451067482448717	0.643843403901859
FBgn0036228	95.3696824401039	-0.759532720170891	0.344070392270727	4.84647906683632	0.0277026251785711	0.0943348112838251
FBgn0036229	672.368929402888	-0.120994912340277	0.227827040309245	0.282029761055952	0.595373915257368	0.756454921271565
FBgn0036237	738.940446436923	0.09075147553497	0.212574232373665	0.182231425632082	0.669462560475119	0.810667988696644
FBgn0036239	1432.14946117329	-0.040888909586394	0.173220954920731	0.0557191234332208	0.81339465923839	0.897286469948687
FBgn0036248	314.278127874883	0.0868566150257432	0.233389020395818	0.138686158719757	0.709590657408174	0.835140237112089
FBgn0036249	122.3864430537	-0.260713735942468	0.255035552615616	1.04306872811818	0.307108839440375	0.499710197164276
FBgn0036257	2352.87529210675	-0.272264318243646	0.150596056400928	3.2638507089071	0.0708226334744938	0.183427918338401
FBgn0036258	4407.19115010186	-0.0149862072224364	0.167362792559825	0.00802102220640677	0.928636745077099	0.962562039064997
FBgn0036262	3542.96512019187	0.339923746771856	0.350645246245401	0.937562117005157	0.332905592382711	0.528333202358513
FBgn0036263	402.63424281572	5.28325736860413e-05	0.293142044423057	8.29104478583531e-05	0.992734948607726	0.994990139313332
FBgn0036264	1349.59347160369	-0.912557603940795	0.566438270089842	2.55396150153214	0.110018085704098	0.248795383970518
FBgn0036271	1319.48275407971	0.268392701456896	0.293789427188813	0.833259960405826	0.361331568187659	0.556340910432369
FBgn0036272	519.701524236123	0.48356602659271	0.184209425843445	6.86672973408166	0.00878152051577863	0.0401285018287057
FBgn0036273	229.671928656893	-0.188519536951111	0.215472915325339	0.765905082159726	0.381486836619786	0.576135884983642
FBgn0036277	195.511234135684	0.312074350622213	0.235726719343867	1.7504231871043	0.185823540699424	0.356535534492655
FBgn0036278	131.391846905224	0.0536426552947989	0.21397879614793	0.0631018730688382	0.801658818148857	0.891248256437636
FBgn0036279	2021.24177839156	-0.192116240471321	0.202645545125492	0.898149185895903	0.343278467631175	0.539057349293844
FBgn0036285	190.948172350989	-0.0682465402026861	0.237509160776376	0.0826158635431682	0.773783281447134	0.873463435523795
FBgn0036286	924.238671152138	0.0864715680001536	0.15893856129468	0.295982074161131	0.586412333152044	0.749710580662654
FBgn0036288	662.997193880547	0.327644891006155	0.153294088366186	4.56039518917326	0.0327195226929078	0.106067989802432
FBgn0036289	157.005935718575	0.20012563097298	0.267306059810033	0.560374398247319	0.454109431161525	0.646196036215014
FBgn0036290	826.856885708508	0.185128964296552	0.162185605148711	1.30204950376555	0.253839197293285	0.442698025304369
FBgn0036291	76.1730415671303	-0.235347046374033	0.344486697723834	0.468740892915577	0.493566987622994	0.678808463027633
FBgn0036292	170.465663753545	-0.0763906325733167	0.297281819054278	0.0659922475890227	0.797264027782812	0.888101894241791
FBgn0036298	1896.21267973965	0.235835290711124	0.19732028444374	1.42665379597197	0.232311317962049	0.417243042885634
FBgn0036299	1504.61023411269	-0.241471844403887	0.188044725763566	1.64665388341771	0.199414967983013	0.373913658623482
FBgn0036300	689.057645497168	0.742550345503347	0.235087303679944	9.87596345090562	0.0016745189145498	0.01094515177925
FBgn0036301	222.712060782788	-0.0743015953566676	0.201297556612027	0.136510794438777	0.711774693653537	0.836311570812091
FBgn0036302	1050.40746600716	-0.171641121171706	0.147984798875674	1.34441255738274	0.246257301352886	0.43398730320309
FBgn0036305	499.496668467197	-0.319068557568602	0.165062422960865	3.73676286225428	0.053227472017942	0.150153201114552
FBgn0036306	125.174491967909	0.336460798031483	0.287363128204595	1.37093367401567	0.241651530369565	0.427835695020274
FBgn0036309	658.283073952446	-0.00896530524243285	0.214129847551492	0.00177862013001118	0.966360236215577	0.981261533298763
FBgn0036311	159.760322030201	-0.975207066977211	0.516619073872557	3.50875729649566	0.0610452287154804	0.165895626173514
FBgn0036314	375.482582848433	0.157798475677417	0.191610296149465	0.678084070460883	0.410247249240423	0.604875858501556
FBgn0036316	2020.48976778401	0.104313644371973	0.27559449382235	0.143230692143419	0.70509015869321	0.833005162713734
FBgn0036317	371.073205252066	0.0993631063966688	0.165530231923221	0.360709704919927	0.548112347545446	0.720903764307798
FBgn0036318	2177.00967344277	0.280480940707322	0.164365860606271	2.90723124635124	0.0881831449334261	0.213523888808514
FBgn0036321	1383.76893073174	0.42598201448587	0.393491038480577	1.16799334602338	0.27981393778811	0.471695143810256
FBgn0036327	89.7920343704513	-0.695161837478398	0.444014359161304	2.43766755554152	0.11845223851182	0.261763724675256
FBgn0036329	120.065046861432	-0.912707888347749	0.442048731626405	4.22157842091482	0.039913015482174	0.122856957835132
FBgn0036333	515.580928838791	-0.0477369344656964	0.158874433805221	0.0905077490505235	0.763532647588533	0.867329052821989
FBgn0036334	770.728110971799	0.69081222743151	0.267665006529742	6.60567222273558	0.0101654420199675	0.0449848848466365
FBgn0036335	102.594710560856	0.414932433028332	0.283422682995367	2.14317931572729	0.143204837373964	0.299448436034286
FBgn0036337	1720.99694049949	0.669168813999642	0.147990610898791	20.2847984753792	6.67286559332705e-06	8.96215616370135e-05
FBgn0036340	1278.0350016673	-0.150165312604442	0.121943558632282	1.5157834190973	0.218258704486844	0.399070619227499
FBgn0036341	1501.08507806959	0.0288184354852058	0.380837091884268	0.00572565649567025	0.939683181280109	0.967420883399333
FBgn0036342	41.648361659603	-0.292363332796705	0.620181229756499	0.224427822054366	0.635686654410461	0.786056479612936
FBgn0036346	56.5834665628758	-0.773200458346549	0.502898707198238	2.35524742475105	0.124862072809539	0.272045168017623
FBgn0036353	673.636818051727	0.258112209889419	0.256504105555781	1.01093214182197	0.314679630220524	0.50893201192557
FBgn0036354	434.90479616393	-0.372432052808603	0.233032443153829	2.54921632797914	0.110348977919053	0.249479728710664
FBgn0036361	340.258674260809	0.410096923594271	0.369201728095729	1.2305281140605	0.267304357047771	0.457111171819677
FBgn0036362	3056.38362442077	0.394595306266566	0.204502412170796	3.7119166538473	0.054025320341078	0.151676559557643
FBgn0036363	168.2470338303	0.0114568886134931	0.244688918814197	0.00222942839322116	0.96234041950019	0.978530981985443
FBgn0036364	522.606346408458	-0.0786006893829118	0.396950256614256	0.0392401878056603	0.84297358283738	0.915585831107227
FBgn0036365	1534.29185536019	0.191937126226495	0.200389873045204	0.916770490122275	0.338324367324344	0.533578948573728
FBgn0036367	429.596699835691	0.786693362641202	0.249233247336323	9.8630551924014	0.00168630838098002	0.0110037821535492
FBgn0036369	166.173011665144	-0.829787604876652	0.251352730808224	10.8571041420123	0.000984174737304326	0.00697538785700672
FBgn0036372	1133.31231889951	-0.237544687955102	0.15039635035581	2.49359460546623	0.114310377187115	0.25537203037567
FBgn0036373	870.638746416338	-0.230754858653981	0.227371734506161	1.02857976745301	0.31049247300196	0.503873578354501
FBgn0036374	841.635793082772	-0.570558984665295	0.234553149874878	5.88327573802393	0.0152853581859816	0.0610307695172407
FBgn0036376	1199.71075530303	0.0394578516022	0.187575002137685	0.0442659402749541	0.833359609422055	0.911787376756381
FBgn0036381	4834.70347310647	-0.0586296835242245	0.17525353774764	0.111906833918766	0.737983588961103	0.852240176546626
FBgn0036386	110.450459718772	0.0747588163313144	0.32048561062043	0.0546398246758812	0.815177802688997	0.898357201433922
FBgn0036389	1144.52769038083	-0.139178649825749	0.123702760753039	1.26531274061819	0.26064785180008	0.450795108640515
FBgn0036397	261.926574514071	-0.0550229912581178	0.180751225323272	0.0926343833277627	0.76085442219678	0.865958908998373
FBgn0036398	1809.77276018775	-0.471439651969068	0.218844851594643	4.62198083454936	0.031564766529653	0.103811964166105
FBgn0036402	729.390475808796	-0.119171224918579	0.145881684757084	0.667266845574119	0.414006134993657	0.608770063005176
FBgn0036403	195.831221978542	-0.86806804282649	0.374185705024961	5.32704134124351	0.0209969997719008	0.0773924502870731
FBgn0036405	194.080661426085	-0.164055091423188	0.257554560164474	0.405131073683044	0.524451183065262	0.703199702076869
FBgn0036410	1515.45977499693	-0.15566262096818	0.161020216775781	0.934507203633729	0.333694463277311	0.529019034128457
FBgn0036415	285.286654311607	-0.713639594382986	0.397191120853858	3.20194182184882	0.0735508932235383	0.188776347238075
FBgn0036417	3581.51070147807	-0.226353296234693	2.58971534539556	0.0076345261568207	NA	NA
FBgn0036419	1717.45401867045	0.875171073037088	0.417549808784	4.32784577218131	0.037493669805956	0.117554282927053
FBgn0036421	42.6209721381521	-1.22680322735354	0.563388682209749	4.68741920682365	0.0303842506963644	0.100793469227338
FBgn0036433	185.477385016655	0.0685899301160249	0.22100511766975	0.0967022023830779	0.755823597551512	0.862626218358159
FBgn0036436	303.93991380161	-0.274055614069979	0.467365573699254	0.343589793073619	0.557764418206752	0.728858651243427
FBgn0036437	125.87386371592	-0.610218320568479	0.478075670257531	1.6231115303604	0.202658474344607	0.378387299538047
FBgn0036443	60.6015324726843	-0.782442452964629	0.491716822943326	2.5206578967933	0.112363697190843	0.252610011801277
FBgn0036446	439.190909698834	0.0506344968150695	0.20409614180382	0.061590564233569	0.803999423726723	0.892287291754681
FBgn0036448	3579.8177963205	-0.427691759605794	0.280538501081872	2.3161030223684	0.128040445021683	0.27698673372673
FBgn0036449	1783.96268755021	0.172916301058154	0.239435012163954	0.521170185492096	0.4703429406212	0.659302002866
FBgn0036450	562.635081723985	0.0443943818625258	0.139644028035035	0.101104105908519	0.750508665491014	0.859728477773946
FBgn0036451	2497.68326768651	-0.338243085156649	0.202742160836472	2.77728140369568	0.095610336270364	0.225681981262854
FBgn0036454	4348.55420787094	-0.671251884686595	0.338041478525708	3.90793930554051	0.0480584912434168	0.140326977740539
FBgn0036460	430.858704673234	0.115705937119634	0.155130277235939	0.556422819269777	0.455705144423253	0.647318447261877
FBgn0036461	1131.77824108217	0.210628014768421	0.165920280003469	1.60994604717474	0.204499386371237	0.381098750863737
FBgn0036462	315.388427062726	0.761847010510869	0.174122507907818	19.0375788517496	1.28169325923177e-05	0.00016042072793562
FBgn0036463	261.210176229194	0.0111283870155526	0.302843687868684	0.00142374969891534	0.969900877156902	0.983378723671346
FBgn0036465	74.4409281685549	-0.643423816346308	0.466191698103551	1.89792211483146	0.168311085001909	0.33419824798759
FBgn0036467	6806.7310916852	0.158366682620091	0.265794510004504	0.354813503494441	0.551400888768409	0.724273134468112
FBgn0036476	232.268122674896	0.0433196003537033	0.21317424268131	0.0413041410765587	0.838951980881817	0.91360141667298
FBgn0036480	333.537161974183	-0.315749273749105	0.187237801227804	2.8426419699864	0.091793173579921	0.219404282299556
FBgn0036481	329.813322829209	-1.03887187557795	0.431329451077965	5.68629153161316	0.0170979501796857	0.066317499949691
FBgn0036483	335.374666726322	-0.227258243761058	0.198201873985256	1.31504344285142	0.251483538799217	0.439946619025435
FBgn0036484	1008.92507498936	-0.0682957255179689	0.121923276435171	0.31373634129389	0.575396416293439	0.74131960539835
FBgn0036485	133.505051718072	-0.210225883856516	0.291282949093048	0.519643227361527	0.470993910718959	0.659769398627674
FBgn0036486	284.524454902862	-0.163496460200292	0.275926617505259	0.351345092941671	0.553352691467657	0.72563295430385
FBgn0036487	439.85155453491	0.121759864303067	0.15539048136128	0.614092918315436	0.433250902823765	0.628267208959228
FBgn0036489	468.076023978203	0.569585961224815	0.212478379143076	7.14699730328614	0.00750896006320927	0.0354705907910913
FBgn0036490	64.2321679982355	-0.762671027784418	0.447159160178917	2.90174539866518	0.0884836955660546	0.213736690302454
FBgn0036493	3395.71179956025	-0.151441126834771	0.354251823514847	0.182651830332091	0.669104134855646	0.810667988696644
FBgn0036496	189.486952582379	-0.410153059449752	0.422477361845822	0.941138822509771	0.331985137649044	0.527541302830031
FBgn0036498	94.2798567410084	-1.09071844391288	0.497499488036202	4.73433398875954	0.0295662934983765	0.0990106162541459
FBgn0036500	236.68025566747	0.135606990003843	0.191169407683845	0.503358838397112	0.478027983947884	0.665528389137918
FBgn0036502	184.766848020317	-0.821594195415759	0.408532609987858	4.01027299429083	0.04522382769475	0.13449782796713
FBgn0036505	620.419584890727	-0.0420608287862339	0.202039327263	0.0434012805372959	0.834971511934573	0.912238193981398
FBgn0036509	1002.41156679601	0.0948209519524517	0.124153319303264	0.583317904787336	0.445014738961596	0.638505700259695
FBgn0036510	400.737777945051	0.287221820336393	0.205023383332829	1.96026915032303	0.161484536252571	0.324292113767111
FBgn0036512	628.112680575619	0.248878461081538	0.190291884064342	1.70897116457292	0.191118911059594	0.363377132339982
FBgn0036516	1475.18472631793	-0.190788455335795	0.234875315936665	0.659407781817393	0.416769096430679	0.61150158079553
FBgn0036518	824.094735235546	-0.128420500492127	0.167622158960746	0.586877444705422	0.443629138060264	0.637242961784758
FBgn0036519	176.949988952399	-0.121562665107895	0.215492461970898	0.317904020417302	0.572869982858665	0.739901160530571
FBgn0036520	39.0724160428023	-0.925337886197662	0.561658412990867	2.70035081308906	0.100326168741965	0.233029247954489
FBgn0036522	520.179402186792	-0.299065082131311	0.161528329155802	3.42308502474912	0.0642907648515675	0.171805484267181
FBgn0036529	76.4907485666952	-0.186071470973896	0.339491201873673	0.301190074437372	0.583137311154333	0.747364362182401
FBgn0036534	1721.51105714509	0.118627380229676	0.152166651246767	0.607531402601154	0.435718797522125	0.63060237318931
FBgn0036536	61.6960088672961	-0.145514169495727	0.381354154108522	0.145945335539459	0.702440651532266	0.830988945817241
FBgn0036537	308.137622971646	0.353369382536	0.251981749240483	1.96464043985503	0.161017900075412	0.323870971111338
FBgn0036538	249.07301198	0.309612217304786	0.29668517620026	1.08862082787417	0.29677699092978	0.488392422223868
FBgn0036549	403.78924688278	-0.878685625383338	0.358464795894143	5.93171398086983	0.0148707711857035	0.059808425224543
FBgn0036550	295.89429509364	-0.454417904330932	0.243558488714253	3.46957597948175	0.0625073317173439	0.168468141439781
FBgn0036556	757.037247264797	0.430138414023115	0.177447916138904	5.85631888844581	0.0155212223984824	0.0617489929865686
FBgn0036557	232.287192074153	0.341091652856587	0.26140226189172	1.7018188905113	0.192050277604124	0.36443693562701
FBgn0036563	567.083587365704	0.247400013684465	0.183736096586877	1.811109834612	0.17837515212021	0.347298638164334
FBgn0036565	146.76117702786	0.0920917238592594	0.2564479214959	0.128994137789434	0.719477239273177	0.841998296995559
FBgn0036566	2598.52900853261	0.0646402079030541	0.172329641790823	0.140680533589745	0.707605404992611	0.833563517453325
FBgn0036568	190.238896274257	-0.667985370986486	0.344968186328971	3.72868161550287	0.0534855944677576	0.150784947470765
FBgn0036569	105.789629335621	0.256333360717762	0.282325012534463	0.825562480605861	0.363558830640244	0.55821178381234
FBgn0036570	244.291450168811	0.0334197745791274	0.208623117657336	0.0258404667084022	0.872290541856698	0.930049751249819
FBgn0036571	513.356982506343	-0.0159330781109212	0.152622569809793	0.0110057100829337	0.91644872915789	0.956018380773826
FBgn0036574	228.500052667849	-0.177451145250541	0.267173094150858	0.441947674647494	0.506183890753593	0.688966011415965
FBgn0036576	3582.33176684185	-0.38229230822503	0.221324193732337	2.97482721207481	0.0845691570932375	0.207436886586345
FBgn0036579	246.355143731789	-0.0994021833267711	0.172310945840523	0.332673663091214	0.564088963460728	0.734042261884978
FBgn0036580	426.658176736917	0.575864450140894	0.214563188447956	7.16906147065133	0.00741715693395441	0.0350932937186132
FBgn0036581	191.625383574645	0.109628043957638	0.221620153468587	0.24476732343058	0.620783907809305	0.775172156595482
FBgn0036587	249.06619906474	-0.621368142259224	0.440125315475225	1.98100346690751	0.159284733531746	0.321414380609972
FBgn0036589	580.206170147615	0.795257078686179	0.281883074770255	7.87304387080476	0.00501771198849995	0.0263392567439165
FBgn0036599	1257.87431837614	0.561976803742151	0.178675219611575	9.83667315905829	0.00171066608033204	0.0111237417043846
FBgn0036605	96.5665432140332	-0.968955222538931	0.489465017122819	3.86136023191325	0.049410255062627	0.143043336834849
FBgn0036614	180.586377143474	0.0568164508496412	0.20875128557943	0.074190918310606	0.785329773151422	0.881087084334157
FBgn0036620	69.6145982082559	-0.458338051629697	0.503548093922283	0.827214100325378	0.363079339919372	0.557918177199485
FBgn0036621	1611.26559090282	-0.039636073334262	0.180738361328301	0.0480903754591679	0.826420117242145	0.906987219851533
FBgn0036623	1851.17034685841	0.627238288076226	0.154190600995139	16.4318693100198	5.04302018963474e-05	0.000536139881365506
FBgn0036624	519.494891736353	-0.291614318042343	0.21293189937451	1.87546435657922	0.170850549903689	0.338099406223402
FBgn0036627	209.678696306913	0.284912674220002	0.249504765476041	1.30194078090849	0.253859021763385	0.442698025304369
FBgn0036638	27.0209400774663	-1.25902650442728	0.60452049983222	4.31987102047421	0.0376697773865398	0.117913485512177
FBgn0036640	81.1202841282642	-0.314380002945833	0.263913396736206	1.42279488510165	0.232943925981942	0.417868917028798
FBgn0036641	346.665066842564	-0.12398224033167	0.190511532368643	0.424264277295514	0.514816885797628	0.695566406412229
FBgn0036643	234.240017687658	-0.155897540925168	0.246483172072888	0.399437257133926	0.527380023860271	0.7055186977779
FBgn0036648	367.280524207256	-0.148499537241203	0.226160789570951	0.430804229479136	0.511594588760163	0.692546308374981
FBgn0036652	190.427043386919	-0.823423462417355	0.366964778897828	4.98958283547456	0.025500355690926	0.0889036501844058
FBgn0036659	1518.18447296067	0.864310606255357	0.434172769756101	3.9054059420112	0.0481309984106933	0.140492203101541
FBgn0036661	1553.90159072803	-0.22513305122287	0.131692898320803	2.91990180301659	0.0874931882254949	0.212683166088641
FBgn0036663	11152.0228028108	-0.288372429245034	0.286808592280548	1.00925194619518	0.315082116255013	0.509432728413932
FBgn0036666	1419.55149812449	0.141576763551229	0.154679812949513	0.837389162637123	0.360144540735048	0.555438007990992
FBgn0036667	169.545286774274	0.567729438000542	0.362526501682423	2.44033915913671	0.118250655879835	0.261514733705179
FBgn0036668	1082.33052299538	-0.369168161428755	0.188943864027405	3.80899084528554	0.0509781557507381	0.145772643819524
FBgn0036670	17.743376369008	-1.04060555999994	0.665896743198956	2.43883849699814	0.11836383979536	0.261633898385334
FBgn0036671	371.065805793311	0.0440949029449904	0.176039357407183	0.0628077207477915	0.8021120263712	0.8912770048148
FBgn0036678	147.592659745437	-0.819967304783404	0.429839145214702	3.6093222149664	0.057456531759419	0.158485913174465
FBgn0036684	1109.78746133432	-0.228123199992475	0.190956486110475	1.4258029182747	0.232450627590066	0.41740829016173
FBgn0036685	1523.84894663839	-0.210401037191939	0.210043314340021	1.00297640661178	0.316591374815172	0.510900199592003
FBgn0036686	479.532819224573	-0.0823835763196964	0.205382580762811	0.161143280780777	0.688106100060666	0.822155802204746
FBgn0036687	380.855076620382	-0.933963307013743	0.368206539608538	6.34099840769264	0.0117978456009653	0.0502190977245142
FBgn0036689	65.4262733400932	-0.838138068705684	0.427176272976181	3.81905181384622	0.0506729063058626	0.145410642355425
FBgn0036695	232.876201400651	0.227709512513371	0.233126898771911	0.953873316097429	0.32873533379324	0.52426542298781
FBgn0036697	540.492385056184	0.241440810422775	0.175311191067973	1.8949086861643	0.168649307888144	0.334791114985131
FBgn0036702	1946.86050449485	0.218596009534364	0.231602932433885	0.890089949582659	0.345452933588815	0.541242309301794
FBgn0036703	47.1793907141347	-1.23619142091604	0.711903545458779	2.96218067668576	0.0852329182445136	0.208625595170482
FBgn0036708	32.4298183423596	-1.14294706338294	0.7082891837219	2.5783061021754	0.108337540537886	0.245809919727311
FBgn0036710	353.602799336405	-0.177733566100182	0.197221913354445	0.812880350835869	0.367270042065702	0.561759551254594
FBgn0036713	162.570359842256	0.813690862623304	0.221193052961005	13.4453167640785	0.000245618547737291	0.00213110920868619
FBgn0036714	356.018402462234	-0.45345978838492	0.290472120133285	2.43034174563506	0.119006951302519	0.262594983319187
FBgn0036715	762.754564231323	-0.308231430104086	0.31313147578837	0.967334792308151	0.325345774634925	0.520476079742639
FBgn0036717	69130.6852895022	0.471885191195555	0.261964015435719	3.23043687481459	0.0722814037350155	0.186059249287566
FBgn0036723	183.515816723227	-0.910806019258178	0.335596508819443	7.28845780440165	0.00693990248314921	0.0334084558163168
FBgn0036726	543.138226060458	0.933010779697577	0.243416393297375	14.4836615306347	0.000141380498961915	0.00131597207050626
FBgn0036727	465.622819607024	0.372948408906898	0.294037678183632	1.60505191028628	0.205188748190789	0.382101773439692
FBgn0036729	70.5883678237761	-0.947611564611088	0.403295362439729	5.49584778880519	0.0190616833330809	0.0719727401502377
FBgn0036732	3000.18616042375	0.256316762286693	0.186248474722624	1.89127973427176	0.169057650921841	0.33545417399018
FBgn0036733	464.556451772841	0.0271486490325899	0.212419632112209	0.0164270577699455	0.898015956956739	0.945957522137463
FBgn0036734	809.334627931775	-0.211836371169298	0.156986310926979	1.81948855174035	0.177374167897221	0.346190932245553
FBgn0036735	483.819614278175	0.0649675290168621	0.218228011148854	0.0887898305899881	0.765721309622632	0.868325735745677
FBgn0036740	959.176412998865	0.0049759134970191	0.165295027509458	0.000912913237200996	0.975896021081432	0.987048437460563
FBgn0036741	910.273536289357	0.218877044852553	0.333376880206667	0.430712023013356	0.511639776098878	0.692546308374981
FBgn0036742	216.973441220851	0.346662341052908	0.260507782150056	1.76758946788641	0.18368068292318	0.353731633809283
FBgn0036745	217.265222350987	0.410489365372101	0.246564724772468	2.76781306893081	0.0961774812172597	0.226432626671722
FBgn0036746	1051.14159478103	-0.264240756103832	0.221301188469612	1.42360415657438	0.232811086380115	0.41785942664947
FBgn0036752	904.916447790053	0.55914728923492	0.160749354324698	12.03735815182	0.000521448236483735	0.00405754782957009
FBgn0036754	114.226269463895	0.190566731868141	0.252883274235338	0.568206196013051	0.450972608020847	0.643843403901859
FBgn0036756	371.429851713284	0.163969982020367	0.189168691427925	0.751337502248475	0.386053099773088	0.579736649489062
FBgn0036759	926.218592253649	0.0733906695643111	0.212194698472292	0.119630001814713	0.729436129305053	0.84817935746086
FBgn0036760	365.848193939946	0.0395589800968549	0.19883874119587	0.0396106437911428	0.842243791589193	0.915264788250165
FBgn0036761	542.803722563305	-0.285095269888783	0.26403940140354	1.16509986194932	0.280410379386093	0.472025474326139
FBgn0036762	4022.83782380422	0.946024565290378	0.146703787592238	40.8971843662742	1.604521414994e-10	5.09291257766439e-09
FBgn0036763	654.199326503833	-0.494885103970979	0.251658487343125	3.85340022786058	0.0496452498064192	0.143582328512567
FBgn0036764	285.417707854285	-0.415896460586231	0.19736435857162	4.43204824492537	0.0352701577611507	0.112314641676071
FBgn0036765	339.916051837902	0.383394545996933	0.265926632673511	2.07230716556823	0.149994462932084	0.309313190210963
FBgn0036767	148.268523087628	0.380934622432588	0.418166421553263	0.827092206771297	0.363114697603881	0.557918177199485
FBgn0036768	205.436381834896	0.136344282796955	0.272480491099464	0.250426026889357	0.616775258479459	0.772194222591195
FBgn0036769	327.210978983823	-0.360653364586201	0.285367113031889	1.59226515274479	0.207002805007714	0.384626816464111
FBgn0036771	172.001143109127	-0.587850129246115	0.310125042723416	3.58264365011922	0.0583861651271337	0.160298544207165
FBgn0036772	196.757389523746	0.240201242145436	0.304838477272536	0.620525975996557	0.430851897155937	0.625713815092823
FBgn0036773	300.967470005657	-0.261474064796458	0.250610941646454	1.08793023415585	0.296930257429747	0.488495068325561
FBgn0036775	311.406330657203	-0.189728540230641	0.180856135897774	1.10137084590319	0.293965457675666	0.485743539172312
FBgn0036778	208.640162113893	-0.349555469457249	0.505540062552895	0.477580686759822	0.489520214532386	0.675136976091556
FBgn0036785	98.3571994184812	-0.831395180028828	0.414458405102336	3.99063698259761	0.0457537641955822	0.135616800558219
FBgn0036787	559.220694515875	0.325285826256818	0.321361237952089	1.02218239089038	0.312001898678318	0.505806495303597
FBgn0036799	26.8755730432219	-0.263635272859143	0.829300938908274	0.102143490020111	0.749272369041018	0.859316270394846
FBgn0036801	734.098230159726	0.266460435436756	0.250973127334782	1.12539588108088	0.28875954078868	0.480032816111399
FBgn0036804	135.419442037238	0.100992709137681	0.2269197498973	0.198183905279265	0.656190755985291	0.801304626461971
FBgn0036805	1210.65520256274	0.053398133965965	0.216470011117463	0.0608655455667133	0.805133103772559	0.892953556454676
FBgn0036806	699.337265857375	0.796754687519594	0.199027733375643	15.8496429600397	6.85794745888995e-05	0.000704476465392839
FBgn0036811	138.121619845578	-0.0664520477867813	0.250889636415454	0.070123256784818	0.79115740294143	0.884229072187207
FBgn0036813	1358.33306549168	-0.0148300824488143	0.177849356662652	0.00697386789832422	0.933446274827296	0.964427648865522
FBgn0036814	1296.27472801846	-0.434254561608625	0.206342729521044	4.4139975010871	0.0356452177439118	0.113187289703675
FBgn0036815	147.80436160962	0.175002794916003	0.22636500814229	0.59793306679169	0.439367743187072	0.634011605213855
FBgn0036816	2605.04054600779	0.29328713846773	0.284850209506607	1.05835347820771	0.303591018976654	0.496086306677214
FBgn0036820	561.58574244689	0.286326466901932	0.183384838702354	2.43396517628233	0.118732225622627	0.262185475198713
FBgn0036821	3050.59277412875	-0.438987837192625	0.255439458531687	2.94196813189775	0.0863055146472046	0.210433783157484
FBgn0036825	18155.869888254	0.499392716903438	0.159464759546819	9.75910408616947	0.00178436846884916	0.0114677839542061
FBgn0036826	40.6381291643787	-0.236971027221281	0.43981304544671	0.292856304491174	0.58839593060477	0.751203757372624
FBgn0036828	482.204910993503	-0.25847280228642	0.152323985047183	2.87990881146689	0.0896911008302803	0.215884962827712
FBgn0036830	37.8109519825405	-1.03267028425017	0.641109506916691	2.58681197518055	0.107757031495447	0.244868807957744
FBgn0036831	13033.057631482	0.040268733058272	0.209662640295276	0.036886452330819	0.847696412666737	0.918243173905604
FBgn0036837	6792.90197713496	-0.060277340186869	0.223688175749772	0.0726062660699682	0.787579182600787	0.882376676900628
FBgn0036838	246.684906853357	-0.189287396635402	0.183541019904191	1.06373854498106	0.302364055700692	0.494634858639767
FBgn0036842	931.330268046544	0.136036488988022	0.159621844359434	0.726236578225738	0.394105786584867	0.588108552682299
FBgn0036843	734.379764123893	0.363587183373017	0.233469575695935	2.41866578970397	0.11989700911736	0.26396487236816
FBgn0036844	364.102637173095	-0.173784099331089	0.243481971543274	0.509050424317323	0.475550209287063	0.663544441294915
FBgn0036846	1214.51737644026	-0.753043289928846	0.447618926639159	2.80009442018923	0.0942587558603586	0.223405657188236
FBgn0036847	169.706776431872	-0.384859310231117	0.232131317287304	2.75346370236728	0.0970439940502698	0.22786487586471
FBgn0036848	608.657853147479	-0.0657240492412007	0.163824361855118	0.160881076714929	0.688346623172496	0.822155802204746
FBgn0036850	83.7197094255752	-0.00373292781931029	0.286176471030741	0.000218205843282249	0.988214243730927	0.993392855625621
FBgn0036853	129.59247677956	0.175042501417557	0.286346948202053	0.374651456458928	0.540479678826487	0.71491420865911
FBgn0036856	168.679391902981	0.024110793008132	0.236102190581013	0.0105922895319068	0.91802737759896	0.957055279741129
FBgn0036857	2363.81427863009	0.52044975881253	0.207271575074142	6.27172636895196	0.0122679557324779	0.0517211855630124
FBgn0036862	1936.51697218978	0.954373385632273	0.286781539960302	10.8822399642178	0.000970907542642923	0.00688688758543501
FBgn0036875	3551.46395373462	0.533016608318857	0.267688233128582	3.94231326996663	0.0470859867025862	0.138429103089909
FBgn0036876	234.074268843932	0.854389335334709	0.330778389290446	6.5904576691777	0.0102526810492075	0.0451670781718455
FBgn0036886	242.496733578575	0.124964417992248	0.253311779408472	0.243427452601502	0.62174151377055	0.775897341093632
FBgn0036888	1424.27689812347	0.0597346463988823	0.183673344860649	0.105760915669634	0.7450228719922	0.856334743058379
FBgn0036889	100.946136746072	-0.0487688248905427	0.250982099279407	0.0385247976952385	0.844393089508498	0.916277535572426
FBgn0036891	863.247479485294	0.723222789719559	0.262410998040095	7.52013214851186	0.00610132040641356	0.0303483941748553
FBgn0036892	709.479316333056	-0.044032957919384	0.248617611146	0.0314430541854875	0.859255554158366	0.924530058516452
FBgn0036893	149.317075393997	-0.316862924244191	0.233156459520835	1.85045037677284	0.173731021961396	0.342188066470393
FBgn0036896	983.777016188407	-0.399585851662106	0.177304608663197	5.06395078834774	0.0244284886332776	0.0861553934411479
FBgn0036897	376.116128264501	-0.129147090958887	0.278546345184915	0.214890643776513	0.642960877004224	0.791170935529951
FBgn0036899	126.806973848674	-0.677949995511782	0.225948778075967	9.00517653434705	0.00269215984345801	0.0160186233706497
FBgn0036900	376.380051014281	0.165199812400476	0.165940756344424	0.991266497592562	0.319433028316414	0.513607332701173
FBgn0036905	71.1921907189276	-0.728319859317247	0.421945666046971	2.97411808304239	0.084606227881262	0.207436886586345
FBgn0036908	338.63279724194	0.0533588280557438	0.17341877568045	0.0947304017160135	0.758247425189475	0.864329580141057
FBgn0036911	202.73647756371	0.29975018652003	0.196347304741024	2.32996542257684	0.126904696124559	0.275136864521648
FBgn0036913	1090.03249825106	-0.227377951935105	0.194325135141768	1.36811365742378	0.242136248003222	0.428350090693752
FBgn0036915	577.351240122054	-0.437386061289278	0.140190083818111	9.72267531224024	0.0018200838600041	0.0116718168464216
FBgn0036916	168.959712100599	-0.0378644197717754	0.218680182301359	0.0301473144979099	0.862156394762104	0.925507059292069
FBgn0036918	348.56968622649	0.189567435759566	0.261428297542465	0.525990153770337	0.468297577983132	0.657898078032663
FBgn0036919	1680.62853170372	0.410061499086026	0.14443231250687	8.03691098387722	0.00458336305307141	0.0245527146279769
FBgn0036920	231.788686069942	0.753637724481654	0.26733413869833	7.88583372593092	0.00498235049363805	0.0262223653978471
FBgn0036922	114.659639742958	-0.0299530873000407	0.358511305996261	0.00707893941672211	0.932947957703423	0.964427648865522
FBgn0036924	93.9636761766918	-0.919341789181185	0.418590418672514	4.78184182215676	0.0287613428505014	0.0969034323454848
FBgn0036925	123.662107520491	-0.874301659987965	0.375286542465037	5.3853979459819	0.0203059563375278	0.0754441089357243
FBgn0036926	68.473103693713	0.142147265600233	0.292808421295681	0.236211256777253	0.626956037390762	0.779561217067815
FBgn0036927	688.336871837353	0.964166882719123	0.239270570578685	15.9796149097166	6.40282255133928e-05	0.000665471215465463
FBgn0036928	691.629797319973	0.235413192624633	0.22033186825597	1.14108797416827	0.285422550453055	0.476288301357765
FBgn0036929	513.06845449935	0.107568394372625	0.216124213124287	0.247752848022301	0.618661829677808	0.773967694477159
FBgn0036931	117.016934681374	-0.988823420977202	0.504292038771272	3.79641200958983	0.0513625346281058	0.146674111831199
FBgn0036932	373.423872765068	0.123048271939596	0.254331918298913	0.234032760489015	0.628549586758177	0.780073354930261
FBgn0036940	626.966125641277	-0.606304691497031	0.217044120588341	7.75865111252526	0.0053455868293998	0.0274880292439533
FBgn0036941	36.3858331627075	-0.93339276030307	0.541580370334107	2.95065232081583	0.0858429018463047	0.209595397313722
FBgn0036942	180.439352681109	0.674695487739262	0.324972684664151	4.27646705666492	0.0386435914387288	0.120045310736007
FBgn0036945	1222.10439358945	0.258147914320289	0.190337124633245	1.83718156477383	0.175281644644814	0.344138674003691
FBgn0036947	604.600525830163	0.279398939557701	0.29114586119783	0.9192255559676	0.337678398166038	0.532750614235136
FBgn0036948	5441.34864764978	-0.118779175508873	0.215848070760789	0.302719865448509	0.582182312367414	0.746574149735512
FBgn0036949	21891.525020372	0.0734996366656367	0.222841466239498	0.108773141939523	0.741545242565425	0.854181950315865
FBgn0036950	850.729125077731	-0.147288824513192	0.279448895209405	0.277569992404239	0.598298370956335	0.758740151379366
FBgn0036951	6432.76595983195	-0.0309658524287064	0.265249578662212	0.0136287077463066	0.907064461881831	0.950925129101257
FBgn0036952	11662.5354019314	0.25219048987077	0.198222278779997	1.61657793613139	0.203569606488618	0.379606552758996
FBgn0036953	5052.42462058288	0.391378248332665	0.202395878598803	3.72790057128437	0.0535106118959301	0.15080417831103
FBgn0036958	1220.36742618766	-0.246048122989878	0.154371380299168	2.5378887648784	0.111143309971548	0.250505381146599
FBgn0036962	102.806849727682	-0.686959770591999	0.432731073351668	2.51268260487683	0.112933541411192	0.253439870145564
FBgn0036964	154.111459103746	-0.307196563577453	0.217899588639426	1.98664500890013	0.158692115674262	0.320801656061784
FBgn0036967	423.91171987666	0.0418866131641526	0.15669811368303	0.0714803401888133	0.789193476238274	0.883121462458598
FBgn0036973	211.803072986798	0.0582020487074281	0.206686124453347	0.0795178244277039	0.777951906425342	0.876324190947112
FBgn0036974	4093.6969213362	0.082207244895659	0.175011267889653	0.220606802566223	0.638577953749909	0.787799590516189
FBgn0036975	1309.06625692539	0.136439310627508	0.485849833401247	0.0788422555693984	0.778872523751396	0.876633784594334
FBgn0036980	1713.6347238735	-0.163147096651081	0.181488904106316	0.807502868687578	0.368859559703687	0.563604632870188
FBgn0036984	92.514937763366	-0.49673369989982	0.290179853471159	2.92016270565169	0.0874790427431799	0.212683166088641
FBgn0036985	11663.0104288656	-0.605630107880839	0.335680017757284	3.23146248865918	0.0722361518116148	0.186051314531725
FBgn0036986	56.726452490536	-0.525342424796925	0.350838032434936	2.24918207616279	0.133685047088001	0.285349989236701
FBgn0036988	361.068700931113	-0.629014986416439	0.199480539787165	9.88834633175735	0.00166328776739159	0.0108878718542013
FBgn0036990	245.455352864183	0.0929292877166591	0.192733433789641	0.232729570099387	0.629507238169426	0.780822584988335
FBgn0036991	106.81150707074	-0.320723004400676	0.366507411672423	0.766954282203258	0.38116092176129	0.57591848863384
FBgn0036993	183.927567598971	0.343850869350534	0.262970507180035	1.70683194774546	0.191396925535903	0.363603459588808
FBgn0036994	161.915225681177	-0.107781049242865	0.221069594189522	0.237443129528742	0.626058951158984	0.779174074051746
FBgn0036998	161.107672713331	0.216324907385841	0.339685845045352	0.405691853122008	0.524164289908629	0.703028681281919
FBgn0036999	325.769754024595	0.0322834959445368	0.339399242721175	0.00906519220571056	0.924146992334167	0.959937970612913
FBgn0037000	428.913492960945	-0.261424953937324	0.211149540501044	1.5307429932279	0.216000968953473	0.3961618697524
FBgn0037001	3620.35507006171	0.83928581508659	0.133854699451061	38.8095914515151	4.67226425101122e-10	1.36516754142129e-08
FBgn0037007	5760.99100132342	-0.62135268047215	0.222985631208716	7.70668497263424	0.00550166936054005	0.028061693894454
FBgn0037008	100.406144750802	0.327173507079126	0.24432738393622	1.79346732247037	0.180504274399734	0.349939156123357
FBgn0037009	325.407910626728	0.123655341576395	0.181124407486445	0.466313562854189	0.494688008511239	0.679714572890559
FBgn0037012	438.711386948507	-0.103726456641055	0.356137743267636	0.0847718506510091	0.770931967266762	0.871258439583875
FBgn0037016	1617.57983535154	-0.357931403891869	0.298718045810129	1.43214091963914	0.231415356848295	0.416311744919339
FBgn0037018	166.437688881975	0.26482597622688	0.212141100333235	1.55841771206101	0.211897048102258	0.390840207452827
FBgn0037019	313.679819470481	0.667251391215666	0.219643328305059	9.16972852265592	0.00246051065980591	0.0148780193438284
FBgn0037020	627.99720069872	0.588699439562182	0.202370782928969	8.41122810662735	0.00372910665809551	0.020734490958434
FBgn0037021	616.215646409174	-0.719382885203631	0.297244697531759	5.8055981190499	0.0159752330364161	0.0631282831676379
FBgn0037022	301.035748428655	-0.451859945785875	0.184311834495418	6.00236528226798	0.0142867123066232	0.0581753342840994
FBgn0037024	1506.46762650086	0.504082693488355	0.156304657727572	10.353464417041	0.00129231921546429	0.0087786179809522
FBgn0037025	232.651047078508	-0.397537041762383	0.318503674661575	1.55570071459599	0.212295830279496	0.391330354373568
FBgn0037026	492.677175647457	-0.199175152438237	0.187199313994179	1.13049560450372	0.287669650250909	0.478942829021513
FBgn0037027	691.958485220171	-0.168331105942453	0.196591451900335	0.733334624812301	0.39180443764828	0.585384754115886
FBgn0037028	233.190495092467	-0.231055053514898	0.207473383047179	1.24026545450808	0.265419900402043	0.455035010908806
FBgn0037031	97.7827739760472	0.110079887149134	0.252083267931661	0.190835098844673	0.662222479045365	0.805659886267241
FBgn0037035	124.608044946006	-0.697545025798636	0.500478163104182	1.93111922784722	0.164636047749284	0.328851841194071
FBgn0037044	317.259024309209	0.0119486417466989	0.166221603415927	0.00527066183446578	0.942124964731407	0.968578665826626
FBgn0037045	89.0408662191646	-0.301642285368144	0.317117594774518	0.903330328262584	0.341890294568444	0.538144837544051
FBgn0037050	82.1811447087128	-0.337031953985365	0.306682845321777	1.21071781521738	0.271190007012001	0.461697978366563
FBgn0037051	1092.09077224201	-0.0678250577681483	0.228612231252603	0.088076123354611	0.766637363472458	0.868730974095412
FBgn0037057	2431.8086097835	0.998720237396774	0.249076028369791	15.7732414015446	7.1405301521423e-05	0.000728416625000042
FBgn0037059	105.54842888211	-1.15591219877565	0.560590255041226	4.17207717626831	0.0410953878958625	0.125649931667738
FBgn0037060	94.0428504984386	-0.73450639906068	0.375464394053137	3.80867559366718	0.0509877518291567	0.145772643819524
FBgn0037061	66.8760723030338	-0.120795639309666	0.399178908760012	0.0931818120093553	0.760170452919576	0.865627058531725
FBgn0037063	529.36288617056	0.139080616685957	0.166294148645639	0.699414060885815	0.402980648335414	0.597671616683938
FBgn0037065	2450.52317526795	0.00402296075017535	0.178430686854955	0.000521673916523469	0.981777755727279	0.990532321937475
FBgn0037070	1146.68453087386	0.803868963975026	0.233686852474974	11.6905002512147	0.000628200069680238	0.00473780975628925
FBgn0037071	165.263859736915	0.0503721238098271	0.243204155382333	0.0429290844933234	0.835858860171768	0.912330336656209
FBgn0037073	740.372697469743	-0.199680626557597	0.230605181384809	0.749529824711033	0.386625131881729	0.580398122443753
FBgn0037074	1867.22190258436	-0.185385436860205	0.180252107958531	1.05712430378773	0.303871982085281	0.496314756587685
FBgn0037081	431.163122881084	-0.0487981798002989	0.234726169895037	0.0432912654427327	0.83517779996422	0.912238193981398
FBgn0037082	130.311042314461	-0.306353565186894	0.286428056646867	1.14692537659044	0.284193702064461	0.475390792773675
FBgn0037084	490.401969560127	-0.131851237428286	0.223643488597257	0.347289047076188	0.555651761026609	0.727674553175838
FBgn0037086	129.363513549423	-0.853168279327907	0.484054127848184	3.07689450514259	0.079412021235364	0.19924130661952
FBgn0037087	171.378195049289	-0.0611599414507119	0.225697050880199	0.073778979007713	0.785912019028494	0.881280612794795
FBgn0037090	206.745057854311	0.134565313431728	0.311155583801907	0.187130110336369	0.665316013095697	0.80812596361796
FBgn0037092	573.317715158191	-0.0012732825109417	0.190973279820159	7.83293281330089e-05	0.992938506030628	0.995081133130524
FBgn0037093	1233.93057699154	-0.139859332530212	0.160775111853641	0.756571309205967	0.384403657153637	0.578396639315945
FBgn0037094	4092.16492518634	-0.290362485207265	0.205958552873398	1.98433880443677	0.158934067994239	0.321143626283756
FBgn0037098	2345.7717093114	-0.267278721850211	0.285320596247215	0.87642578289082	0.349182500962648	0.545333621443859
FBgn0037102	308.954717399016	0.376170657523258	0.188633611752334	3.97138051557908	0.0462798152333512	0.136849153428541
FBgn0037105	111.148951692783	-0.731023463931802	0.351022557177098	4.31130146535938	0.0378599865064282	0.118299051321786
FBgn0037106	172.762737956629	-0.362594131724354	0.253453271789763	2.04281906027592	0.15292600913765	0.313160406527076
FBgn0037109	1171.7682121035	-0.228797472261795	0.159530759060154	2.0556664061202	0.151640895943281	0.311543484471133
FBgn0037110	407.47885189054	0.67848493337271	0.272310277798097	6.15596178496033	0.0130969878524526	0.0544104617749726
FBgn0037114	9060.38449404253	-0.259496823700011	0.391156358093464	0.439521934796602	0.507353287352855	0.689812851710568
FBgn0037116	1317.19963390557	-0.457405660723925	0.194074897062752	5.53416369833232	0.0186486761124232	0.0708046536740072
FBgn0037117	243.56789361871	-0.16101265758428	0.1930754046969	0.696326792586845	0.40402070460529	0.598421904320582
FBgn0037120	415.212506120204	-0.0608779253489415	0.163193228436539	0.139298715161317	0.708979181912393	0.83458275095984
FBgn0037121	225.909597159974	0.042933513654461	0.207036539809841	0.0433875929901504	0.834997162425714	0.912238193981398
FBgn0037128	481.116049331845	0.170894004153482	0.169407655077667	1.01770869884309	0.313063129431706	0.507247347430293
FBgn0037130	206.567901723192	-0.354259623095512	0.248828746451049	2.02319695061257	0.154912693440936	0.315838633762204
FBgn0037135	8828.34991128437	0.359989964019527	0.193292108142426	3.45955409844275	0.0628872717369103	0.169079002378579
FBgn0037137	824.856840049717	-0.051594281851906	0.303783165809761	0.0288793620618861	0.865057882066923	0.927155441680861
FBgn0037138	1893.60997953979	0.542874265891271	0.190684972462452	8.06028091982634	0.00452461678000954	0.0242854126927033
FBgn0037140	149.508397937856	-0.790349704724696	0.369187289684218	4.54985027256915	0.0329216251703253	0.106587608153218
FBgn0037142	509.308374043341	-0.254459279505969	0.158866806491474	2.56168134968929	0.109482091057338	0.247900942132397
FBgn0037146	8734.74288697199	0.211907865043102	0.16952395849651	1.56107046693906	0.211508552148761	0.390472800821371
FBgn0037147	142.418761385371	-1.01032335435791	0.425336616750339	5.56417305283952	0.0183316667377507	0.0700860603526483
FBgn0037149	107.302513108978	-0.37028478589986	0.277432075008085	1.78600874984316	0.181413214255061	0.351105018750882
FBgn0037150	266.215723795536	0.0735834767973646	0.215303166037624	0.116859147302762	0.732466283781734	0.849872779499016
FBgn0037153	573.041998750349	-0.585148384452866	0.255823507884978	5.20423394737594	0.0225319416383118	0.0813510036892239
FBgn0037163	352.762678574582	-0.245812066519997	0.210648146750026	1.35962766520856	0.243602020873028	0.430166946604683
FBgn0037164	201.564868335541	-0.446129001321813	0.291173455949527	2.34136315859995	0.125979269889441	0.274073243960657
FBgn0037169	52.63885004496	-0.794841197059835	0.54593508289079	2.11121160275272	0.146223505328875	0.303539895949818
FBgn0037181	5360.97454219066	0.355152039005342	0.22338013901623	2.5216900713725	0.112290178823734	0.252574187596388
FBgn0037182	1697.61104887751	0.359616476379149	0.1653695256101	4.71773211026078	0.0298530913042489	0.0996307404193237
FBgn0037184	128.201480741879	-0.512738936898144	0.230289305911764	4.9515802501196	0.0260668316653103	0.0903786729330837
FBgn0037185	171.437714269294	0.337304180738249	0.221511581569686	2.31768742819581	0.127910063537231	0.276840422038883
FBgn0037186	923.425184821041	0.817296252097432	0.288480050018712	7.92461689581589	0.00487666698345608	0.0258759527733112
FBgn0037188	430.733897375328	-0.455853479698976	0.17000434517135	7.17348723812182	0.00739888105943182	0.0350256043285549
FBgn0037195	47.2406375790181	-0.72950072978574	0.380288883485785	3.69593181302444	0.0545453072852116	0.152844646390825
FBgn0037200	317.491317927163	0.250665117937356	0.201130437505668	1.55249524509483	0.212767452862484	0.391790484987178
FBgn0037202	360.816072929384	-0.0348261572696261	0.172310056301772	0.0410864246722653	0.839371191642432	0.913736597511968
FBgn0037203	1483.40370989341	0.544760808685012	0.387378406375207	1.96627501182346	0.160843804164602	0.323742182469992
FBgn0037206	80.6738315886095	-0.213110330192655	0.262534478928569	0.662999963642228	0.415502836916419	0.610455716441972
FBgn0037207	413.913406660814	-0.137984282174425	0.274729020032138	0.251992879778797	0.61567531216914	0.771145344865932
FBgn0037213	1483.64836918497	-0.0405378377811022	0.131794436095703	0.0946159172561494	0.758388999734836	0.864379299103616
FBgn0037215	1688.99352275064	0.167895070061724	0.157893182475343	1.13003900803372	0.287767018556034	0.479014557958583
FBgn0037217	170.980706775601	-0.70242791764354	0.411115735797464	2.89493604316031	0.0888583018804498	0.21434818365038
FBgn0037218	1180.99632731516	-0.0759096575065005	0.160883362739581	0.222674920016914	0.637009278571921	0.786809892793762
FBgn0037220	834.792017101492	0.148153599712973	0.178783920200782	0.686405210945381	0.407389799747682	0.602145325456206
FBgn0037231	468.134193403883	-0.0230587442005838	0.155883838354009	0.0219014246367877	0.88234963486977	0.937011261074321
FBgn0037234	381.25371629602	-0.102152507096637	0.157385529218547	0.421979980245865	0.515950722479187	0.696620720175789
FBgn0037235	593.921845619473	0.0936570546083799	0.307326564802555	0.0929078383672817	0.760512486254559	0.865783499086225
FBgn0037236	222.457150717295	-0.0179628947222087	0.268334751458215	0.00462674910208705	0.945769545506531	0.970629270708261
FBgn0037239	1554.79913447473	0.593250297231764	0.228595833575788	6.68938524111554	0.00969886448416767	0.0432018072732436
FBgn0037240	2118.89625166847	-0.220719223563032	0.195750820247634	1.27037748941251	0.259695875094073	0.449854024701629
FBgn0037241	401.362088282584	-0.114336074115491	0.159521835369798	0.514576126703467	0.473164567672536	0.661680530133511
FBgn0037242	576.922950134736	-0.123806370280363	0.208952393578745	0.351430751596141	0.553304331613529	0.72563295430385
FBgn0037244	405.125038414635	0.140803733906627	0.194089649640511	0.526284766079968	0.468173022729315	0.657827826841318
FBgn0037248	372.845553455183	0.0482124016591891	0.27352282540462	0.0311584232594981	0.859887411643796	0.924813273306299
FBgn0037249	8311.1012450079	0.0321468770153869	0.178339468578253	0.0324907113760275	0.856954893884376	0.923698486505126
FBgn0037250	181.534375612184	0.0781900553700231	0.202326811555824	0.149401485041473	0.699107977936857	0.828600241412333
FBgn0037251	246.270266992178	0.673011703708898	0.235430972928629	8.11774173758479	0.00438341278995507	0.0235876348615017
FBgn0037252	1041.26781251754	-0.254184644248753	0.174140761969957	2.12862953632745	0.144569961989683	0.301580459715593
FBgn0037255	539.121720174316	-0.0819154051033185	0.159004506509551	0.26537316753268	0.606452515325297	0.764511974404965
FBgn0037261	1515.64957698068	0.162525495224842	0.168312559107824	0.931892087577211	0.334371749476095	0.529712085705039
FBgn0037262	347.558977127788	-0.0919880292685114	0.226422436533476	0.16495565884631	0.684634346557412	0.819369791675384
FBgn0037270	3711.85040256458	0.215611649710377	0.182382040523906	1.39622554627229	0.237356560849115	0.422947151238406
FBgn0037275	99.037816792274	0.856351941431841	0.34150282942975	6.22885936905902	0.0125684669802167	0.0526860582581627
FBgn0037276	201.710970243252	-0.774702103725398	0.340311566193831	5.14356859366698	0.0233326388134373	0.0833551436800691
FBgn0037279	878.076128478544	0.246019400337226	0.181560312827174	1.83454881133909	0.175591206109999	0.344391376464689
FBgn0037282	453.750566910007	-0.220132391976813	0.165261865422331	1.7761549057135	0.182622191594944	0.352372064358679
FBgn0037283	106.241897379082	-0.940218941680056	0.365593070570743	6.55402657353513	0.0104647072473359	0.0459863430032332
FBgn0037293	636.823752445154	-0.0744039049991913	0.152398280740139	0.238228226844271	0.625488721412666	0.778793915302012
FBgn0037296	89.8795108179332	-0.913048149096154	0.436225222023746	4.34701679868453	0.037073832924366	0.11654417589049
FBgn0037297	260.570579450976	0.191622904512949	0.197280859853704	0.943374910806874	0.331411409673304	0.52700924111682
FBgn0037298	1438.21435736664	0.269963929358466	0.125898991909999	4.5927602685063	0.032107267352614	0.104970184186538
FBgn0037299	425.754080415023	-0.0348248707753482	0.178393326624311	0.0382077479282259	0.845026568941859	0.916371444554869
FBgn0037301	701.95296327405	-0.0833144910605712	0.260907394157269	0.101978364412616	0.749468313293344	0.859429291293108
FBgn0037305	297.052410222428	0.250341282963747	0.176891849406335	2.00252167736086	0.157037762528468	0.31886368077332
FBgn0037307	33.0265298223624	-0.819564072410904	0.578484205896574	2.00322349700539	0.156965086585618	0.31886368077332
FBgn0037310	68.3806385839173	-1.02596393848018	0.508171123186024	4.03084808230349	0.0446754774270517	0.133091293996051
FBgn0037313	987.910142571683	0.585749720901418	0.157292683976252	13.7897759031721	0.000204445799680364	0.00181857836328582
FBgn0037315	1534.84467590107	-0.528325633783615	0.284989737269344	3.41862950546259	0.0644645094715262	0.172165505925166
FBgn0037323	160.855283683853	-0.894465502421459	0.568395834210183	2.44545303242366	0.117865851808484	0.260794452446856
FBgn0037325	88.9128423175096	-1.12747269230772	0.477230159840763	5.50013060026853	0.0190150534830929	0.0718274109309982
FBgn0037327	1321.50670588947	0.0508257187013344	0.205845838178564	0.0609619702773756	0.804981917104941	0.892953556454676
FBgn0037329	600.163445690755	-0.135147231566533	0.185606259521322	0.530604187602563	0.466352957207869	0.656511980936217
FBgn0037330	250.907050769857	0.23635802533763	0.228017727635573	1.07441226142892	0.299950942937442	0.491964148788101
FBgn0037332	340.897049877403	0.163349197287331	0.166415289294775	0.963612172990644	0.326278468260877	0.521195004332725
FBgn0037336	1407.41338175409	-0.367751922213992	0.15952040066807	5.30320484225885	0.0212862244634098	0.078132131724263
FBgn0037339	1453.48164927419	-0.198681884157183	0.135467726796401	2.14913941263728	0.142649828107843	0.2989886183429
FBgn0037340	181.802780715328	0.614035059922852	0.232687562837288	6.93074922884809	0.00847261883147885	0.0391016676615949
FBgn0037341	376.69253001203	0.904220425501366	0.180680109243092	24.7810465167184	6.4225910077358e-07	1.0693008123068e-05
FBgn0037342	202.83809785716	0.209493433333412	0.217062048081621	0.931415921362749	0.334495268891073	0.529812646328277
FBgn0037344	2076.77344883228	-0.408858804191799	0.282884993481086	2.08234911473421	0.149010699510249	0.307932180908298
FBgn0037347	368.821022335065	0.0449176932636376	0.230750974034679	0.037934367095275	0.845574990288434	0.916740842155688
FBgn0037350	125.641909454122	-0.127889466727354	0.313800470702104	0.165952791936242	0.683734026581254	0.819306995571068
FBgn0037351	24212.766468505	0.638809927835154	0.212575934236909	8.95792768550609	0.00276268094128329	0.0163281290193461
FBgn0037354	1074.50840486988	0.966391763182345	0.151660101606012	39.9860995018359	2.55776572413974e-10	7.83670998257258e-09
FBgn0037356	366.406311524335	0.461741468844155	0.213550302569607	4.66076934769654	0.0308593611675816	0.101899850889772
FBgn0037358	1323.89134035258	0.650245305012051	0.158078796001141	16.793976957076	4.16653383906396e-05	0.000454456051865271
FBgn0037359	171.39569935406	-0.0706880315597998	0.208533627640658	0.115735901634153	0.733706071319504	0.850416704758085
FBgn0037360	1508.91021105658	-0.0891999973542475	0.166443547738896	0.28714041305011	0.592058875320453	0.753436330520288
FBgn0037363	1680.9516707411	-0.349032722638567	0.14875183155231	5.49443549828845	0.0190770857838645	0.0720000876633105
FBgn0037364	168.755319572569	-0.402786419396033	0.2143241744479	3.5335725736342	0.0601380772572229	0.163884618195718
FBgn0037368	40.6725388750343	-0.36287274914331	0.536249087433195	0.460533234359438	0.49737487080979	0.681919804230202
FBgn0037369	282.253210424301	-0.103159951279355	0.182082398593601	0.321905407460349	0.570464808694398	0.737982916276114
FBgn0037370	3461.84458697556	-0.400425808061119	0.196331214633586	4.14640185718653	0.0417230942110186	0.126887107367235
FBgn0037371	518.563401814137	-0.243250102165012	0.298915727239706	0.66185124632463	0.41590714353512	0.61064303403559
FBgn0037372	225.882184275549	0.169492213348117	0.180153047778879	0.885632375447926	0.346663643628181	0.542272645164877
FBgn0037374	800.476847089617	0.401126173452387	0.154321391299597	6.73857625963834	0.00943498940586309	0.0422567051372987
FBgn0037375	237.079508519808	-0.662020189379409	0.363986059600611	3.29005316254661	0.0697007654004844	0.181733519003436
FBgn0037376	433.911986426982	-0.215116982049272	0.20601207794386	1.09078103996518	0.296298220456511	0.487888107901455
FBgn0037377	201.091794398029	0.119305171100759	0.29325451950716	0.165900602660024	0.683781070412381	0.819306995571068
FBgn0037378	660.773245276147	-0.301814555405704	0.198191635590802	2.31722034721393	0.127948484477075	0.276855671168639
FBgn0037379	410.50508187369	-0.138967350059899	0.183657658606757	0.573162506085751	0.449004950343287	0.642350791476842
FBgn0037382	349.541983362439	-0.0902698816942406	0.207754032960355	0.189118772815135	0.663651069386237	0.807286605495472
FBgn0037383	166.363277743332	0.173824381278197	0.210579271853539	0.681674671651969	0.409010652824958	0.603847383028626
FBgn0037384	173.484756457992	-0.0369327354528712	0.201250038204994	0.0339513380056289	0.853810363864869	0.921592984800441
FBgn0037388	59.297246287358	-1.11572476645072	0.457429478878696	5.87860841330727	0.0153259300000367	0.0611479665567565
FBgn0037391	2021.94446708935	0.0254401221681004	0.278502370278447	0.0083490868899645	0.927195946333961	0.961407406633475
FBgn0037396	660.06961920745	-0.769188760240777	0.91568561361786	0.697598396949417	0.403591846217402	0.598235251305619
FBgn0037398	64.9066031030491	-1.22700027923463	0.538347544171076	5.11371035175466	0.0237375030053916	0.08456096585694
FBgn0037432	51.3777807121196	-0.725497759047431	0.510504062128111	2.01298078846796	0.155958632923636	0.317687818721162
FBgn0037433	498.437679838704	0.440106793001823	0.276906098109121	2.51629178426344	0.112675267822521	0.252988947395909
FBgn0037439	402.358472769199	-0.0830525099991535	0.244283355390817	0.115918835419365	0.733503700991859	0.850376456105199
FBgn0037442	1847.02040199991	-0.19034258277761	0.175390593290398	1.17713136499754	0.277940767270414	0.469927060815123
FBgn0037443	1672.94326287913	-0.532239548886362	0.306373926118872	3.00153502468022	0.0831856668103831	0.205610734995748
FBgn0037445	921.265248629449	-0.205501124406682	0.164840837011741	1.55309222241843	0.212679525074803	0.391778680857771
FBgn0037446	484.429504345136	-0.0613302697753398	0.188428779982555	0.105896930944112	0.744864668842898	0.85626443953488
FBgn0037447	3346.46778169395	0.0907162185715593	0.157276104885904	0.332669877491469	0.564091180625797	0.734042261884978
FBgn0037454	76.6538641967598	-1.0887922342524	0.503327296970588	4.62021630854708	0.031597253314286	0.103841401581102
FBgn0037455	37.4699115462006	-0.450303159736378	0.553991764636453	0.662661950008783	0.415621744891559	0.610528762597488
FBgn0037460	63.0004197520927	-0.789020817745616	0.548983185882353	2.05245132643018	0.151961347418274	0.31198392964608
FBgn0037461	76.2128415661465	-1.32324418938656	0.532804625735304	6.03417404969488	0.0140315145166905	0.0575344256948314
FBgn0037465	1271.44910318622	0.34956418731001	0.2397251322702	2.12086720128413	0.145304249535082	0.302468671360596
FBgn0037466	472.492046081225	-0.13100278904438	0.173234015607679	0.57176788812879	0.449557258753141	0.642749791039025
FBgn0037467	1031.57983675377	0.104442868531852	0.186073961214778	0.31498908663724	0.574634697589207	0.740662660170489
FBgn0037468	2229.08299659989	-0.0354202046850715	0.176090236684826	0.0404588407306363	0.840586110158119	0.914259119854362
FBgn0037470	783.074801398763	-0.0918020746199929	0.15996192660058	0.32947169618862	0.565970338203827	0.735451048427344
FBgn0037472	678.620683657991	-0.296212986929317	0.205916827519972	2.06629204452165	0.150587252410184	0.310245602443956
FBgn0037478	245.229581397879	-0.226632824271313	0.238470711155775	0.901913678518376	0.342269101380448	0.538261014183047
FBgn0037481	39.970085999863	-0.882780154401455	0.564844256565175	2.4319559596094	0.118884476103137	0.262390349458248
FBgn0037482	499.155359981364	-0.0559188588685509	0.20268004117482	0.0762334712866277	0.782468115515677	0.879553968319788
FBgn0037483	98.3634674100779	-1.11824014636415	0.449710808264367	6.08603285745225	0.0136254687329999	0.0560690377805766
FBgn0037485	102.037234815266	0.965990186920146	0.294170516669596	10.6720123350099	0.00108768724058582	0.00758116288383036
FBgn0037486	45.2423823149994	-1.11020484162271	0.65274323210098	2.86050096605024	0.0907792223004426	0.217672787385627
FBgn0037487	1332.91567604677	0.0831760414077249	0.303150041799997	0.075260379814992	0.783826226770873	0.880519748571125
FBgn0037489	300.140857224975	0.0792775606108188	0.245570816265636	0.104260356491558	0.746775730070032	0.857717131879104
FBgn0037490	75.3999046830313	-0.0188077332419497	0.329458514411992	0.00326032750758287	0.954466111842058	0.973988777036977
FBgn0037502	73.8633944243462	-0.915166710462675	0.520890982814315	3.06019587161768	0.080231997161454	0.20072785453719
FBgn0037504	182.344871197845	0.153074864675466	0.245007043730134	0.390587192394911	0.531990909933886	0.708678712146228
FBgn0037506	82.8898286460097	-0.977898164628186	0.472812090355137	4.23367945301538	0.0396294409818476	0.122183852978275
FBgn0037512	46.9565491034957	-0.855819184285947	0.514143008974459	2.76877869586981	0.0961194735525933	0.226417040744283
FBgn0037514	46.4319307844333	-1.09427959818866	0.612667641624168	3.15245540829904	0.0758128030920696	0.192888491004745
FBgn0037515	1431.3882145758	-0.873104126386347	0.40543669958243	4.57009035206717	0.0325348494233561	0.105741256468396
FBgn0037517	491.13554072996	0.696832557295474	0.232649822258069	8.89654827708912	0.00285710238014466	0.0167404192578994
FBgn0037525	191.508261739363	-0.232646244710969	0.308077124633602	0.570682664276909	0.449987771255718	0.642922942610177
FBgn0037526	139.935348002991	-0.0171032488946156	0.307011357126335	0.00310404555596477	0.955569676753122	0.974678861133921
FBgn0037529	789.710071268586	0.430885510047514	0.146768074441271	8.59658615503244	0.0033679374577443	0.0191116914000873
FBgn0037530	2200.61484921329	-0.0637635642771389	0.128273910631422	0.247087284380228	0.619133518655329	0.77397717574574
FBgn0037533	3428.30199650548	0.0998296390890562	0.135286531455331	0.544439952729917	0.46059846849381	0.651542302980023
FBgn0037534	755.564008543937	-0.0730633991465419	0.253519016189748	0.0830286074865398	0.773234331134054	0.87295544241644
FBgn0037536	1302.12526260373	0.310576313327726	0.212738851555436	2.12732294108912	0.144693267816845	0.30163162650328
FBgn0037537	2510.81902784724	0.184880854786263	0.204809082991584	0.81420513703199	0.366879914018993	0.561454797312452
FBgn0037538	974.005136701432	-0.656491969260969	0.278030865378509	5.53329032441022	0.0186579865024153	0.0708046536740072
FBgn0037539	501.661268304253	-0.288582304963646	0.203424638908093	2.01014352141209	0.156250535871425	0.317978489051997
FBgn0037540	87.7089831306958	-0.046213402911932	0.28496558235287	0.0263330484780582	0.871089609334272	0.929711443999078
FBgn0037541	1828.9043780245	-0.493381470868484	0.294498036558824	2.79404331760811	0.0946152214077074	0.223889706007404
FBgn0037543	153.693925284746	0.391854885325364	0.257278020258813	2.31872330547419	0.127824900619576	0.276723975237276
FBgn0037547	117.028596403449	0.159243087539773	0.388291876224046	0.168466132197047	0.681478617667153	0.818033916786146
FBgn0037548	420.701175353338	0.578061382598577	0.245477445008126	5.51340854032496	0.0188712353440054	0.0714677170281131
FBgn0037549	863.535319999306	-0.251054641340623	0.144482745186186	3.01665716689425	0.0824131810099015	0.204388394949795
FBgn0037550	140.196435770787	-0.0648639273513208	0.267158854095289	0.0596821135052963	0.806999080216626	0.89358261812417
FBgn0037551	748.205089405106	0.057002856383226	0.231850245164543	0.0604648647237696	0.80576270583804	0.89311017665053
FBgn0037553	287.346329284507	-0.363032362997129	0.188215813844412	3.71317382103977	0.0539846480829626	0.151610609383852
FBgn0037554	320.856496181952	0.0672723856233902	0.17594416601326	0.146665229113466	0.701742774454169	0.830642100760116
FBgn0037555	572.797826364083	-0.100486881776744	0.165174220153045	0.369821646175495	0.543101502297577	0.716449044143193
FBgn0037556	399.263615805553	-0.301972169487192	0.181867691026656	2.75647319753357	0.0968615575677463	0.227497041250411
FBgn0037561	133.112736599582	-0.103298749035334	0.267912726965111	0.149423292374138	0.699087090996705	0.828600241412333
FBgn0037565	323.039143419326	-0.467961063862489	0.240337375358364	3.7843902911379	0.0517327547455287	0.147349847603146
FBgn0037566	208.238288461374	0.39873776062869	0.245453285419172	2.63679157153398	0.104414218522291	0.239311964737843
FBgn0037569	273.002092671124	-0.0969104385340301	0.268313556652401	0.130355403394248	0.718063828791813	0.84079023689742
FBgn0037571	36.5652584346183	-1.25708770197292	0.59782658560225	4.37164320541022	0.0365417379052323	0.115405975402924
FBgn0037573	1310.73531850578	0.0604884418418712	0.207510823871586	0.0849666729793057	0.77067625913903	0.871258439583875
FBgn0037574	116.908698555204	0.180561611050243	0.309588734946118	0.340364144521629	0.559619106191883	0.730593134048998
FBgn0037578	140.698634210575	-0.251878116230769	0.22803788541026	1.22052254553746	0.269258126625978	0.459206360523315
FBgn0037580	4800.4092668209	-0.0793635796755966	0.12220945781276	0.421654217421121	0.516112773991913	0.69662319814542
FBgn0037581	56.7811802700965	-0.603778571020134	0.45554407141133	1.75528274345736	0.185213993847641	0.355766422532052
FBgn0037583	216.582514514886	-0.147048858667835	0.2419239894108	0.370969877295238	0.542476076018416	0.716375707115238
FBgn0037592	1480.77540145193	-0.645776313372147	0.237610991818902	7.33059909358435	0.00677904548837845	0.0328438993114381
FBgn0037601	598.938852689593	0.0773185344102973	0.312336327023456	0.0612831186050613	0.804479293574075	0.892584595309649
FBgn0037606	280.974616415659	0.152781081632828	0.181621232628577	0.707935860910034	0.400129908843473	0.595002749517157
FBgn0037607	9971.59126598785	0.973612248414234	0.235661695308874	16.7558562436648	4.2510853692303e-05	0.00046310589256899
FBgn0037608	270.584911023266	0.189069937123217	0.178714917456921	1.1193928066607	0.290049235934276	0.481620623558492
FBgn0037609	205.73037672303	0.113227833154356	0.251177829796323	0.203368938996604	0.65201516804817	0.797419520839508
FBgn0037610	344.98612020902	-0.323682295123742	0.275470831534645	1.37970884347108	0.240150748099955	0.426376298035011
FBgn0037613	117.191955404823	-0.198887942244005	0.376693396410817	0.278464991976534	0.597709084755025	0.758740151379366
FBgn0037614	269.089551129788	-0.119982912740898	0.300000019875211	0.160182961008346	0.688988124918224	0.822370011034572
FBgn0037615	67.312293411059	-0.0967944510299246	0.354954822144736	0.0751711966888351	0.783951167884072	0.880548002216019
FBgn0037616	212.471387307528	-0.865829584608144	0.434227379901719	3.9298600818306	0.0474358908743694	0.1391635096921
FBgn0037617	111.268688825032	-0.0833793353587056	0.24637590457255	0.114867965894256	0.73466866427081	0.850830178661482
FBgn0037621	518.756264888251	0.0839136886817817	0.165057819280315	0.258613954220579	0.611073989696098	0.76788904657909
FBgn0037622	403.827005948109	0.0134180415855655	0.227911053079475	0.00367458978087143	0.95166312357945	0.973281803716396
FBgn0037623	984.406523819675	-0.864394072480486	0.424455294789636	4.08969808183893	0.0431453484255043	0.13002546260473
FBgn0037624	2617.67716344638	-0.363398840453466	0.221672770122252	2.68101746983149	0.101550826333466	0.235007734478496
FBgn0037632	3189.59413114014	0.0283961629729971	0.117791115758267	0.058116216345951	0.809498498390676	0.895114630300668
FBgn0037633	143.367439365891	-0.121242276460223	0.276369896872418	0.192202267316539	0.661089975522137	0.804878809956245
FBgn0037634	59.7803064892123	-0.270273803097853	0.410272047262472	0.436383515727201	0.508873163160417	0.69070862816913
FBgn0037635	442.48052346163	0.0270814479815309	0.221950577024124	0.0150857956749917	0.902246273226579	0.948013945576486
FBgn0037637	627.346450121124	0.50717662200965	0.191981254530674	6.94812593102293	0.00839070874071038	0.0388251777283841
FBgn0037638	784.448675478485	-0.167861641755144	0.14996956584905	1.25194740626658	0.263180858952292	0.45269316268456
FBgn0037643	4842.57193034091	0.221503608511564	0.154851002793427	2.04408709133965	0.152798621452393	0.313047373042935
FBgn0037644	506.394422202933	-0.197371859595283	0.160990603010234	1.50239432623547	0.220303322959269	0.401893016703038
FBgn0037647	455.254329070779	0.160171744999599	0.172039299389179	0.866713653689757	0.351866717713221	0.547596458042586
FBgn0037648	527.019042333614	-0.153806469821467	0.230257496138121	0.44588067462135	0.504297675661908	0.687699378994105
FBgn0037652	511.483230508932	0.245217601533172	0.150704176896972	2.64645216414664	0.103781284367925	0.237923110746317
FBgn0037653	671.814083591758	-0.130996726091517	0.197277564738618	0.440663477394764	0.506802396818854	0.689488798879058
FBgn0037655	2386.85320008504	-0.13697259563195	0.223665632565774	0.374859888064805	0.540367057048831	0.714872400509578
FBgn0037657	597.703642413363	0.0712528014384863	0.183038898759565	0.151631279403873	0.696981298283083	0.827183358198526
FBgn0037659	1055.03829965681	-0.548415730606457	0.210707062291957	6.73785603044819	0.0094387993909356	0.0422567051372987
FBgn0037660	301.917969902701	-0.00979170259424104	0.228351287416988	0.00197736726119757	0.964531679563366	0.980081476332007
FBgn0037661	59.6289749956352	0.048778263486582	0.301857050874029	0.0261690798402086	0.871488081133391	0.929711443999078
FBgn0037664	299.10367942652	-0.232118808490652	0.273491728063001	0.720799258172718	0.395881863084302	0.58987868285307
FBgn0037665	101.133652644819	-1.30261491263447	0.532632043890058	5.83964344294091	0.0156690016123437	0.0621407956077845
FBgn0037667	106.096288926909	0.204712170579953	0.295813716710042	0.479328302143735	0.488726725762107	0.674358815969481
FBgn0037669	139.58201583904	-0.0178681532023112	0.27858429983678	0.00454382178942581	0.946256999059323	0.970717192375952
FBgn0037670	74.1391803423326	0.12865439021922	0.312301435200948	0.170237364560258	0.679900940414347	0.817547150092108
FBgn0037671	5562.97921779497	0.572600978679319	0.131047457410342	18.972333644999	1.32627662695944e-05	0.000165297527631216
FBgn0037672	615.749562499193	0.323040093117862	0.328166237598684	0.966608583488664	0.325527447257825	0.520476079742639
FBgn0037677	578.165289996005	-0.55978863928167	1.50814513810565	0.136941716077729	0.711340490645297	0.836087479240904
FBgn0037678	3149.01213569642	0.490693252676116	0.265212128664773	3.40685002666991	0.0649262719994129	0.172979898587808
FBgn0037679	191.524752493415	0.113988758823111	0.188012386056011	0.368326442193009	0.543917916660185	0.717097220470562
FBgn0037680	369.945564588978	-0.0480383452299068	0.234343993396493	0.0420361843706729	0.837550813622323	0.91275143626076
FBgn0037683	714.654499505032	0.602274335905708	0.34137624411282	3.09017378605272	0.0787663954343554	0.19806503219921
FBgn0037686	9635.10247181347	0.633178981592657	0.129601987523061	23.6844152685161	1.13497935143948e-06	1.811041192966e-05
FBgn0037687	362.936848116149	0.593865761166573	0.21611855294606	7.50736721578603	0.00614471255896442	0.0305298105970169
FBgn0037688	350.437039794711	0.282259990585721	0.212047363407204	1.77026978919793	0.183348694026248	0.353323624391267
FBgn0037689	386.414876701413	-0.106205866897511	0.186933412284803	0.323211198067455	0.56968419327438	0.737513691527747
FBgn0037696	138.346435914233	0.383272433980439	0.240308608667081	2.54311767975729	0.110775859527945	0.249996466617541
FBgn0037697	642.615993652189	0.431150750464288	0.241225266315942	3.18168982190349	0.0744676806256493	0.190479702684282
FBgn0037700	325.327486313779	0.173995918914258	0.24294067995967	0.513333097979938	0.473699532382347	0.662008975885624
FBgn0037702	1809.09417750213	-0.456771227400195	0.241020612115225	3.57806942024889	0.0585471557348244	0.160590644141775
FBgn0037703	241.323092966373	-0.266621793217006	0.219614717627594	1.47142963474207	0.225120264955627	0.40781384068332
FBgn0037705	1619.03445526064	-0.213401564386333	0.201543498585818	1.11998823992153	0.289920986205406	0.481510028661115
FBgn0037707	521.15555325751	0.0379555891418586	0.200830056401964	0.0357977799712472	0.849933706608421	0.919545736526815
FBgn0037710	551.95781282954	-0.394067799452699	0.343621522641271	1.31234453169024	0.251970603509801	0.44060436290126
FBgn0037716	262.858750028566	-0.432960842514915	0.253531558864753	2.91308514546533	0.0878636496185713	0.213226064582702
FBgn0037718	1512.86294458118	0.328362507444747	0.190768133147803	2.95718362300403	0.0854967426445695	0.208981511660854
FBgn0037719	421.393231549391	0.267513068034418	0.173447639285344	2.37676904715995	0.123152018999894	0.269784859894504
FBgn0037720	1126.101301582	-0.201771525957092	0.164582084099207	1.50192611891279	0.220375234765061	0.401941106152728
FBgn0037721	557.348940555469	0.248051186244391	0.351979386983064	0.495977702642335	0.481272836604686	0.668043339657032
FBgn0037722	102.34777606574	-0.0391496170261287	0.240376967123338	0.0267348728265659	0.870118458546853	0.929528911351488
FBgn0037723	627.287136305299	0.63207693133725	0.209222445003855	9.069289056663	0.00259938111417999	0.015561016927764
FBgn0037724	18929.6051423731	0.242704686813817	0.250137488553548	0.940323634274321	0.332194625102559	0.527684135356431
FBgn0037728	2761.49822656065	0.0949917719411162	0.125971805551052	0.568527773442852	0.450844533751146	0.643843403901859
FBgn0037730	1185.42330980482	-0.38226631583259	0.264298455381581	2.08527944011715	0.148725004937588	0.307557872877732
FBgn0037734	807.06609922672	-0.468192526120293	0.180443579684565	6.70779317025035	0.00959924477815323	0.0427796646072849
FBgn0037737	85.2295525988579	-0.17461140680177	0.272795825488922	0.412692997732982	0.520605801187856	0.69995818828
FBgn0037739	333.330502024609	-0.218583057010888	0.199681022369662	1.1981592427911	0.27368989696326	0.464788231486491
FBgn0037741	166.726468163868	-0.121756888875527	0.286397614803745	0.18051345292173	0.670932358072893	0.811244228459954
FBgn0037742	150.694223497413	-0.671664765941848	0.359650954960959	3.47136966791545	0.0624395895359169	0.168388428503952
FBgn0037746	508.457615573058	-0.2962651997185	0.249151892239902	1.41276166933905	0.234598480930793	0.420011221161788
FBgn0037747	419.970574091675	0.672983113061225	0.267235022609232	6.29048631775619	0.012138774046279	0.0513130900739485
FBgn0037749	445.830910190837	0.488793816416929	0.194644852751525	6.28104671575819	0.0122035999130503	0.0514990749080611
FBgn0037750	1142.5734099628	0.20069424918761	0.168263470432491	1.42145049843772	0.233164805650226	0.418095152419751
FBgn0037751	109.191158248326	-0.680351629013984	0.368567103954472	3.39494338968093	0.0653966080909189	0.174022819600202
FBgn0037753	64.3925390575315	-0.318737015024608	0.387570916198454	0.675840240338069	0.41102281320022	0.605284596742113
FBgn0037755	258.64816128773	0.192283285719415	0.214709290433859	0.801832992561643	0.370545899346296	0.565342827536569
FBgn0037756	666.630948334617	0.147370367497762	0.133428414050287	1.21988191875029	0.269383826751998	0.459331958890749
FBgn0037757	720.993473597876	-0.21945675713595	0.134305981004637	2.66857888036502	0.102347374722992	0.236108035177956
FBgn0037759	270.044756758528	-0.786033994575535	0.328765725597824	5.66298805887149	0.0173265799279425	0.0669542066546266
FBgn0037760	1610.14392976747	-0.520817523550144	0.188334002857049	7.61058130084386	0.00580267746432062	0.0292587576829515
FBgn0037763	33.8691558292825	-0.570760098697192	0.550290813702212	1.07990475832138	0.298718863182338	0.490307895967439
FBgn0037770	760.358921652423	-0.22836889228844	0.148023730183541	2.37719106440362	0.123118747465135	0.269778949002322
FBgn0037773	43.9493339633059	-0.256916660275897	0.500722004291232	0.262935668480551	0.60811044675604	0.765911489864975
FBgn0037777	62.6272812683511	0.120703766682375	0.517298996910978	0.0550269652781594	0.814536076149109	0.897984299842546
FBgn0037779	542.597523620129	0.550465481796696	0.211507410632779	6.73847158180429	0.00943554304977555	0.0422567051372987
FBgn0037780	639.357234787011	-0.0919455296262279	0.214492423402543	0.183658006205519	0.668248273235381	0.810198236195246
FBgn0037783	774.386882823983	-0.680942501727447	0.234473460499603	8.36797031942439	0.00381891905374447	0.0210876982041559
FBgn0037788	950.676692776728	0.936440622599869	0.236855872920649	15.3881620028605	8.75349697821412e-05	0.000869829474501818
FBgn0037792	132.148136800356	-0.206388659156819	0.248933239545891	0.687204094154268	0.407117003093776	0.601943772670824
FBgn0037794	99.9538019063586	0.0115631161537708	0.250028895588262	0.00255342683080784	0.959698892729973	0.976970815580213
FBgn0037796	830.573027981456	-0.10267311863412	0.162689933280698	0.398060660003125	0.528092516073098	0.706364766079887
FBgn0037801	2267.46771119713	0.328826065666842	0.292796014230935	1.25858791389963	0.26191854854126	0.451488429835531
FBgn0037810	855.899937826652	-0.39642988193073	0.356674922929227	1.23208945145714	0.267001074035505	0.456716050138942
FBgn0037814	321.051461383929	-0.0476200480875077	0.208469105904852	0.0522080157933118	0.819264758358822	0.901693900781932
FBgn0037816	98.5075794066349	0.0641518557399519	0.277788605938143	0.0545161169738364	0.81538336653267	0.898357201433922
FBgn0037817	165.71585981789	0.153669328417061	0.375289272203072	0.16762316004754	0.682232877366676	0.818605236590093
FBgn0037822	162.995676855935	0.120735123493574	0.283677321088579	0.181577795052782	0.670020800136607	0.811058067446993
FBgn0037826	71.254213901844	-0.906346226512755	0.456942636681607	3.90465341916577	0.0481525585304404	0.140502215503459
FBgn0037828	69.5957909626392	-1.39937834280511	0.573122298732584	5.81542082389576	0.0158862517707474	0.0628893161171265
FBgn0037831	183.261424422803	-0.484286874076751	0.272206765532695	3.16405244382551	0.0752761068164828	0.191920360170079
FBgn0037834	1187.47470842772	-0.130549257516806	0.192520807721841	0.459553620835905	0.497832662964922	0.682226235005498
FBgn0037835	611.324969990381	0.217428659796114	1.49112129575876	0.0212417435624133	NA	NA
FBgn0037842	394.567581824943	0.895212554153612	0.231659506465982	14.7404146331706	0.000123373149286004	0.00116557245107034
FBgn0037843	690.699551556837	-0.0788490126625291	0.15046428975492	0.27468081608005	0.600208984527496	0.760517530079068
FBgn0037848	417.131218499199	0.0682824223093471	0.255556916171372	0.0714447185470135	0.789244770279749	0.883121462458598
FBgn0037849	67.9907155808005	-0.088232029410933	0.342030045473194	0.0665476205419466	0.79643140711811	0.887561345846199
FBgn0037852	428.379153576838	-0.00143697583769509	0.235546792192702	4.79562696256153e-05	0.994474656442845	0.995729043603774
FBgn0037853	175.086601479764	0.284195875019334	0.225940769924961	1.5810360802169	0.208611517616893	0.386677378499023
FBgn0037855	290.388123995868	-0.171552201404164	0.193805408841614	0.784018902531628	0.375914827832005	0.570826439647155
FBgn0037856	308.362096018931	-0.490649304144197	0.207755903041705	5.55845560854153	0.0183916319588345	0.0701644102484068
FBgn0037860	29.6162830620858	-1.4397534802932	0.621184430509662	5.29207073660562	0.0214227323290031	0.0785678262972251
FBgn0037862	184.256711282231	-1.05763481001952	0.418967880354593	6.26866127430122	0.0122891959149695	0.0517706614010448
FBgn0037874	15045.5512163054	0.34537027608308	0.151424816524053	5.18966676114874	0.0227215726924874	0.081801369823953
FBgn0037876	84.8598931497811	-0.307109010059653	0.359415318187936	0.732616058590878	0.392036534168938	0.585632364568598
FBgn0037878	379.109733616269	-0.102163112171373	0.214863933875565	0.226342137274003	0.634249443685856	0.78493928346199
FBgn0037880	230.870004632443	0.674585746273515	0.282004177905664	5.67913806642143	0.0171677996470238	0.0665007305027822
FBgn0037881	547.873178139659	-0.00695067335919478	0.175259859268726	0.00167002915637227	0.967402730661824	0.981981099201649
FBgn0037882	89.8851883316575	-0.129410797449681	0.317156103930448	0.166249692224881	0.683466562253364	0.819306995571068
FBgn0037884	497.539963018681	-0.0959389306877975	0.177596486370476	0.29162549065569	0.589180755785364	0.751203757372624
FBgn0037885	153.466009330612	0.383634058478766	0.323561990149003	1.40197864996899	0.23639256093158	0.421996349921154
FBgn0037891	4206.12934246822	0.929833094975207	0.166807936552536	30.5656585586281	3.22756378490463e-08	6.87558716800885e-07
FBgn0037894	1088.4178518208	-0.226989924981832	0.153166664682877	2.19543426962444	0.138420192830276	0.292485579869338
FBgn0037897	1904.38165528647	-0.404038228654536	0.160858113539272	6.29000337019174	0.0121420820573894	0.0513130900739485
FBgn0037899	870.962275389316	0.105482881707062	0.259468686619653	0.165308899047062	0.68431504116554	0.819369791675384
FBgn0037900	344.795412931514	0.195149945875121	0.172015324846894	1.2874479308904	0.256518797670542	0.445575171386784
FBgn0037901	690.301288555211	-0.248758439936569	0.134674904383172	3.41128112142804	0.0647521577135247	0.172856577597006
FBgn0037902	75.2441398840119	-0.367264103163418	0.300823158814862	1.49658280873207	0.221197902150185	0.402775544484777
FBgn0037906	1124.53620519755	0.973449426515843	0.270876647181647	12.6857132184059	0.000368460021713018	0.00299658178027251
FBgn0037911	322.303204248294	0.317385980602892	0.226914378155723	1.95253721251375	0.162313704081947	0.325586752629939
FBgn0037913	13833.7625207826	0.728002571490373	0.164153171627851	19.4652734359188	1.02445349190429e-05	0.000131392116461678
FBgn0037915	336.33446630922	-0.982808894486358	0.393844444780178	6.12797653571432	0.0133059072431655	0.0550233900388657
FBgn0037917	484.040798946959	0.0874524016705116	0.15990082231196	0.299316560234224	0.584311193629436	0.748148402987928
FBgn0037918	1012.92222594666	-0.246517341742878	0.13277759984582	3.44350098213063	0.0635010001067245	0.170298310321352
FBgn0037922	188.238170405753	0.0864293505916374	0.199554121284655	0.187792264424658	0.664760483805826	0.807967838719368
FBgn0037924	491.214194807421	-0.45742224481702	0.322119519983584	2.01077948517327	0.15618505289811	0.317918548275184
FBgn0037926	564.971064189799	-0.151882275439541	0.189272507037777	0.643772690661464	0.42234794396359	0.617019579062039
FBgn0037930	44.8315788427897	-0.388576952375025	0.341242074952944	1.2958811453147	0.254966952645568	0.443840676690569
FBgn0037931	147.579767933018	-0.233234378119134	0.202137393464467	1.33392120772024	0.248108827109991	0.436204879541455
FBgn0037933	1047.26556965801	-0.362370611514801	0.421455470789502	0.737665117114972	0.390409852439489	0.584191374923868
FBgn0037934	1633.4809814486	0.781920031116566	0.290875113072852	7.14176662152633	0.00753089333222249	0.035555164667486
FBgn0037936	323.682063190047	0.928791563070439	0.253932298631962	13.2089252984412	0.000278619091560964	0.0023723010379761
FBgn0037939	408.787994789417	-0.709492139060627	0.379952279958666	3.45851009005862	0.0629269924914484	0.169134261877716
FBgn0037942	349.073599850302	0.642813226784381	0.236999832885299	7.30704465362712	0.00686847968689183	0.033136940818553
FBgn0037943	433.446160331847	0.129669419851447	0.160898951665995	0.649744653047662	0.420203987532378	0.615007461599884
FBgn0037944	812.309400389572	-0.523454427012456	0.222548360736649	5.50826201074429	0.0189268453989273	0.0715942458093295
FBgn0037949	417.120542671573	-0.275837460554295	0.218694612087464	1.58981060416967	0.207353195284089	0.385115679896191
FBgn0037955	1119.00411119533	0.755724666572789	0.201607119331493	13.9036316154719	0.00019242630519956	0.00172909339824941
FBgn0037956	582.392246091915	-0.0654933090328746	0.157137976231506	0.173637023215235	0.676899492981487	0.81575541191869
FBgn0037958	178.454091977954	-0.21344053897473	0.222093702889636	0.927055742728498	0.335629158947989	0.530882656433571
FBgn0037960	257.885280432485	-0.201002980128476	0.331047901134346	0.3685318008949	0.54380565205867	0.71705634694646
FBgn0037962	45.1226857220333	-0.930379960198964	0.45626413324416	4.13867141326342	0.0419140537547273	0.127258725769943
FBgn0037963	1045.03765428821	-0.116037854883346	0.247920822869361	0.21904069121095	0.639771837612542	0.788786739568684
FBgn0037972	143.919428135355	-0.157091421971806	0.290723221698896	0.292345048272651	0.588721672506523	0.751203757372624
FBgn0037974	86.5281382662055	0.0949417931272205	0.31830819477115	0.0890509749138246	0.765387129010641	0.868325735745677
FBgn0037975	2169.83420994457	-0.220740756062118	0.322562270681714	0.467828443581197	0.493987885953053	0.679220914797011
FBgn0037978	871.223670681857	-0.0430807218536944	0.210947961035126	0.0417143503282063	0.838165241589575	0.913195467562218
FBgn0037979	459.500788601422	0.0662897911533438	0.184067479081777	0.129713535513162	0.718729240135004	0.841397741654171
FBgn0037980	277.734868055761	-0.153982228550357	0.285793712332098	0.290047737188132	0.590189940790851	0.751925503542949
FBgn0037981	215.973727067588	-0.0489390515853235	0.200035038367099	0.0598580039780927	0.806720511874333	0.89358261812417
FBgn0037985	275.518486107034	-0.94288896891598	0.408708423970618	5.24751593164994	0.0219781249390487	0.0800061775834016
FBgn0037988	147.750590228311	-0.809396860939361	0.370085205490012	4.74870460965737	0.0293203584320459	0.0983507280658177
FBgn0037989	387.044562946819	-0.0395643385449747	0.224215626373649	0.0311356928055488	0.859937999487555	0.924813273306299
FBgn0037995	68.4319374631193	-0.719667964595015	0.461250009119404	2.42624411483853	0.119318478107074	0.263085020194109
FBgn0037996	2874.32544354453	0.986410088461742	0.266212757300913	13.4751712268267	0.00024174112893837	0.00210367230942029
FBgn0037998	775.402981618286	0.131161545080228	0.146962535753243	0.796403432758709	0.372170864121115	0.566671908371305
FBgn0037999	766.273182941567	-0.00298624113446051	0.312071586861741	9.20268274029468e-05	0.992345961798676	0.994990139313332
FBgn0038000	107.393322634879	-1.08512073118216	0.432403859213954	6.20831636419976	0.0127151506006182	0.0532250896109367
FBgn0038013	219.261761495102	0.187477625464529	0.236027457457439	0.630771355966409	0.427072516596358	0.621723686596704
FBgn0038016	872.458169079254	-0.118137874908307	0.165521183159929	0.50957399534623	0.475323328401466	0.663437685829569
FBgn0038018	29.9006785055429	-1.1046800452179	0.551996425758005	3.97230294919368	0.0462544712571483	0.136825160701668
FBgn0038020	150.647024154682	0.612187715217495	0.232953551085006	6.88318038754304	0.00870106007212821	0.0399262371692456
FBgn0038034	195.206768605192	0.367946889551407	0.298496545089739	1.51545223795831	0.218309004555819	0.399079895628868
FBgn0038037	6049.26873409611	-0.0162329141903866	0.274385369874859	0.00350039938496138	0.952821345314579	0.973472446977694
FBgn0038038	3693.90959746036	0.839090546403492	0.166040427424376	25.1988974504452	5.17117519217033e-07	8.72475141409388e-06
FBgn0038039	655.800968464955	0.109780140379026	0.236355118011404	0.215670881154225	0.642358474471723	0.790650185345024
FBgn0038042	66.0451705902117	-0.208636588279877	0.320306918457217	0.425427868436117	0.514240994319646	0.695076879617457
FBgn0038043	455.210478887069	-0.13812146130903	0.179949449473354	0.589722143752269	0.442526584118989	0.636177024807096
FBgn0038046	738.496106012259	0.0237063169949442	0.166167739175675	0.0203597791420833	0.886536832921699	0.939467782147317
FBgn0038049	476.437732101323	0.145562281839508	0.183572955545075	0.629133507207428	0.427673327344647	0.622121569483872
FBgn0038053	1619.03596395197	-0.831537903695006	0.234474835207249	12.4121761332857	0.000426543522379285	0.00340617198323512
FBgn0038054	27.7746373107683	-1.08935798105019	0.680601842836895	2.54641617686215	0.110544752495827	0.249730388126774
FBgn0038055	195.227937094653	-0.149503524958045	0.213235754481086	0.491459203699208	0.483277108212568	0.66977182391514
FBgn0038057	73.8210197377087	-0.165602737905076	0.344702367173595	0.231178613055469	0.630651278505762	0.78180203449492
FBgn0038058	322.565392982472	0.21909446403881	0.248087264374379	0.779050450263412	0.377431703234408	0.572243530814505
FBgn0038065	1573.17517683612	-0.0743673080976944	0.141017796741082	0.278042071186761	0.597987393471965	0.758740151379366
FBgn0038070	55.6260191429272	-0.392670919334649	0.579442604719312	0.459197262819501	0.497999372566316	0.682226235005498
FBgn0038071	1016.40754195362	-0.958687016128481	0.48199306002605	3.88808476609418	0.0486298498675699	0.141480314946072
FBgn0038072	162.949664730364	0.923577716672407	0.317483261082519	8.35338389747501	0.00384969712354248	0.021193311424298
FBgn0038082	431.661968028408	0.940418606163204	0.339983345546655	7.53169026698353	0.00606230037586879	0.0301713133201727
FBgn0038083	1008.10040724445	0.131438880051827	0.170992485384617	0.590893730609281	0.442073726596392	0.636113638075926
FBgn0038088	835.22020240829	-0.0200395803934143	0.294245582007374	0.00465316150338424	0.945615214232247	0.97058376763817
FBgn0038095	1318.26501445044	-0.649231311284855	0.333315363873776	3.76230409562862	0.0524202971736946	0.148684250164153
FBgn0038100	1147.37084520281	-0.142427738125818	0.182370028861984	0.609891537120689	0.434828651252832	0.629830600567136
FBgn0038102	33.3653138033302	-0.998822326579697	0.581598572317628	2.93963035344694	0.0864305101351782	0.210622154496772
FBgn0038106	226.636925614354	0.069550277441782	0.195947108277176	0.126021346211431	0.722593446572669	0.844501771266902
FBgn0038107	169.060792375453	0.703719264296422	0.224311145927178	9.80286200295345	0.00174240487510729	0.0112637220644298
FBgn0038108	2226.89268177798	-0.397915647606824	0.194112014152464	4.18994514820184	0.0406644129649076	0.12459124305637
FBgn0038109	114.746064605624	-0.808904575612609	0.367704437672962	4.81505439928355	0.0282121812114427	0.0953468843052939
FBgn0038110	1228.61203781363	-0.061769989869441	0.259868497215159	0.0565011712108685	0.812113977485508	0.896860345537139
FBgn0038113	105.208627741888	0.447556616077965	0.425577674460485	1.10243747678471	0.293731801703241	0.485686756929606
FBgn0038114	383.308793612103	0.523398497517455	0.284629101498647	3.36325488588331	0.0666661811661192	0.176073745169062
FBgn0038118	223.037591974327	-0.130777439718128	0.304681357120176	0.184778388630789	0.667298525677853	0.809491640167909
FBgn0038122	33.0794895425239	-0.702218551128667	0.580392905190206	1.46482934691122	0.226163281581294	0.409214834914714
FBgn0038123	22.3863156928632	-0.85398476587518	0.856488968618828	0.991503916110481	0.319375081860713	0.513607332701173
FBgn0038126	442.572349217875	0.0531660311275437	0.947471980585624	0.00314905775915975	0.955249026616679	0.974464440562495
FBgn0038127	40.1089659399447	-1.20707233707091	0.544301744973826	4.86121709230253	0.0274669531321344	0.0936870484878058
FBgn0038128	113.370604484009	-0.0957931564210001	0.235788304451783	0.165772641985278	0.683896451707515	0.819306995571068
FBgn0038129	1953.98442529132	-0.341804027227839	0.259637307199514	1.72875979946356	0.188569360134982	0.359847758181463
FBgn0038135	4233.51084543304	0.898469853408143	0.251639870833416	12.550554434773	0.000396088764529072	0.00319770105965648
FBgn0038139	188.199881447309	-0.664556411479905	0.309508304071271	4.58249346539465	0.0323001803512187	0.105211071029588
FBgn0038145	4356.39386257834	-0.021853704625948	0.129687135501635	0.0283957611517422	0.866181748072313	0.927909159280089
FBgn0038146	422.39684088718	-0.0859574769258631	0.2156759850359	0.159009606500305	0.690069989367901	0.822973048544717
FBgn0038147	648.965836354563	0.0393573310359046	0.161516193905329	0.0594376143076971	0.807387031893675	0.893871505383806
FBgn0038149	3529.45259179951	0.206978887936594	0.275683815483846	0.563143682917968	0.452996370857152	0.645132339645499
FBgn0038156	202.146417042721	-0.445054130335259	0.222507050435706	3.9977143889945	0.0455620091629375	0.135275628820242
FBgn0038161	96.4904266712515	0.612221445656797	0.385611614453305	2.50811690952214	0.113261198363193	0.253846944145546
FBgn0038163	298.902186080215	-0.982541682108331	0.330223804416122	8.72161753253324	0.00314458925297021	0.0181121772638441
FBgn0038165	139.860432398703	-0.627020186503838	0.277689456486365	5.09745165687293	0.0239610208159362	0.0849974563821257
FBgn0038166	597.492637626396	0.143631311047802	0.181699439076523	0.624724177495949	0.429297150338758	0.623763881868796
FBgn0038167	496.406281591983	-0.0521401611433503	0.164370815460378	0.100627212430986	0.75107824900179	0.85994814377862
FBgn0038168	564.289424747158	-0.00981249423840297	0.165068149325835	0.00354936825677044	0.952492875876665	0.973437511786628
FBgn0038172	804.037746383146	-0.402412988366132	0.304277184533371	1.7427683976411	0.186788434427302	0.357842193961466
FBgn0038179	392.239162130633	0.0113265577482251	0.204516385231502	0.00308665874193537	0.95569415782646	0.974693163275622
FBgn0038180	1014.44621611944	-0.521117597917989	0.314727474026976	2.72756740320825	0.0986294080994543	0.230180257810309
FBgn0038183	207.641358119793	0.286446735946774	0.200921817201132	2.03204160137916	0.154013596377403	0.314732740721215
FBgn0038194	4464.26101734444	-0.368116022752013	0.162249885945195	5.13355888170186	0.0234675619770048	0.0837016034297052
FBgn0038195	1067.50682588542	0.174577318466558	0.166677127848523	1.09646256223884	0.295043736757292	0.486629146382494
FBgn0038196	237.787271076484	0.128010936749555	0.308480685782071	0.172453982736315	0.677940021222876	0.816451855775987
FBgn0038197	1132.90826187509	0.0527180540189844	0.252554967793381	0.0435784926696385	0.834639796329561	0.912170121725545
FBgn0038200	355.152974175328	-1.09158964596614	0.437156084641186	6.10823506130129	0.0134553427656692	0.0555072204601519
FBgn0038206	703.173336163534	0.381803476650078	0.163036952062814	5.4701215244546	0.0193442804150497	0.07263571505634
FBgn0038208	454.800098194374	-0.908345496722602	0.34337833437957	6.90179550006178	0.0086109226558619	0.0395743653725653
FBgn0038210	30.3364239627368	-1.256369970751	0.558330243502955	5.03640089492273	0.0248200052381431	0.0871168362057975
FBgn0038213	50.5269047422902	-0.465553820917442	0.39872670521651	1.36504527994602	0.242665000728105	0.428855591112518
FBgn0038214	88.4540732867678	-0.419410192594257	0.324524693837888	1.67041516986886	0.196202935114157	0.369455658628172
FBgn0038223	458.604621615303	-0.29018902202986	0.245789689751116	1.39407730353807	0.237717745714801	0.42327808020297
FBgn0038225	175.78013623441	-0.963490381022794	0.429816276112773	4.95726998391714	0.0259811937950859	0.0901525969515683
FBgn0038233	242.225568624831	-0.364702370573263	0.20663759417906	3.11582577931375	0.0775351679773164	0.195756887619983
FBgn0038234	94.0064305448268	0.321189336101992	0.351763088021339	0.8334608902844	0.361273681828414	0.556340910432369
FBgn0038237	246.152782114017	0.828851392977877	0.268281463626591	9.44725402054025	0.00211465459346428	0.013168463043563
FBgn0038241	282.020823373274	-0.26112646971048	0.423307801383693	0.379967502456097	0.53762062899534	0.713056430220184
FBgn0038242	60.6016870188717	-0.680104769670909	0.641017693239342	1.11618495553918	0.29074141721084	0.482418628331789
FBgn0038243	360.43813289069	0.406568653397384	0.256548558594889	2.50303103279391	0.11362742006163	0.254350166063882
FBgn0038244	1152.62076219725	0.227338620694434	0.160680162348897	1.99968088734326	0.157332327527717	0.319296333510712
FBgn0038250	1806.76092414802	0.126172134695971	0.367170798743597	0.118027987038985	0.731183216810094	0.848933189490101
FBgn0038251	244.692609710155	-0.0180889762355628	0.240394868722797	0.00580477052525907	0.93926869845564	0.967243741744433
FBgn0038252	35.2172030873627	-0.592989997369572	0.425823878968686	1.94873351935362	0.162723391466342	0.326260215019087
FBgn0038262	93.6781691422016	0.207667477805959	0.250920936300892	0.685548054350292	0.407682793039336	0.602275735104488
FBgn0038268	109.996375851599	0.0440956406666023	0.237453254543064	0.0345048945315085	0.852636948872565	0.920824915378361
FBgn0038269	569.908088546603	-0.566055263363017	0.269255925255154	4.39743646526856	0.035992995637819	0.113999351582238
FBgn0038271	5605.17272138645	0.965975325154444	0.160115463536333	35.7580172054441	2.23410699882229e-09	5.7981647522376e-08
FBgn0038272	549.721428278175	0.291581527046679	0.19522914084892	2.22713818269686	0.135604811666108	0.288609951312527
FBgn0038274	422.825632943819	-0.15036269429586	0.160956639456273	0.872832288971473	0.350172402898926	0.546109019543246
FBgn0038277	202.351213871499	-0.452784990695626	0.370003519003598	1.49433058224656	0.221545759349028	0.4028444345397
FBgn0038279	119.594984159763	-0.350991287446867	0.268118393060668	1.7187351186306	0.189855944404022	0.361705619033314
FBgn0038280	49.7637948658357	-0.983502652752551	0.480261651665971	4.16663900382343	0.0412275065246833	0.125916821373569
FBgn0038281	25.1118779823606	-1.23089488044809	0.706063951855267	3.01726402041564	0.0823823431339066	0.204369355022095
FBgn0038286	1627.27635958921	-0.269157179845771	0.444217897624842	0.366631428264483	0.544846178394765	0.717999205220341
FBgn0038292	3037.76238072568	0.821316514041057	0.181468694190041	20.2229561365617	6.89208926388819e-06	9.2145144946287e-05
FBgn0038296	368.833612942048	-0.76119187687123	0.279632002131272	7.34601586155262	0.0067211541412628	0.0326582952326558
FBgn0038299	801.777341598718	0.385291224715498	0.186065841505938	4.27645011948769	0.0386439765513741	0.120045310736007
FBgn0038300	231.276333804527	-0.0609581542134513	0.174849067089565	0.121552939554206	0.727356266765279	0.847286032730934
FBgn0038301	545.146300746447	-0.0919459353720305	0.203148564943362	0.20471637852863	0.650940554667715	0.796767853292817
FBgn0038303	650.188958231329	-0.185104607273598	0.140173156502255	1.74377228535587	0.186661562217585	0.357754479801904
FBgn0038304	616.907136170546	-0.000826351526554984	0.165087261549912	8.37617797913026e-05	0.992697745802568	0.994990139313332
FBgn0038306	248.988821895738	0.0934359429053035	0.203943912858254	0.210230760631447	0.646586596311811	0.793878874806821
FBgn0038307	155.035074914771	0.304540648213655	0.33177187095365	0.843167298598047	0.358492490233103	0.553805625668225
FBgn0038312	507.857418694514	0.246644460732866	0.279903133119819	0.775316767081421	0.378577276778279	0.573268762812591
FBgn0038313	223.445487603638	0.0675059753867628	0.254535301062505	0.0706001549198234	0.790464951516434	0.88392633787619
FBgn0038316	574.604672107868	0.0613562039539458	0.205955139242777	0.0887829084339273	0.765730175027789	0.868325735745677
FBgn0038318	1032.25805540296	0.0232474408169053	0.197378563954093	0.0139076743679567	0.906122486038522	0.950477986281347
FBgn0038320	1833.6790919817	-0.192150352908049	0.141855155180513	1.83351973182209	0.175712377421584	0.344552448526235
FBgn0038321	698.997429077119	0.15290138427632	0.231708400619091	0.435351897196568	0.509374470989161	0.690985534822892
FBgn0038324	94.855915813833	-0.558487485270827	0.252110524496711	4.91858706711914	0.0265692375857881	0.0913797340917501
FBgn0038325	357.448941773919	0.196885903611371	0.20817085620135	0.89446288987736	0.344270765724872	0.539965381577723
FBgn0038326	1377.36308352631	0.669833854054228	0.189980729215706	12.3279929953055	0.000446215905774643	0.00354083556884483
FBgn0038327	241.13857911139	-0.041291889274822	0.249260249772503	0.0274629642903363	0.868377671897924	0.929133573035925
FBgn0038330	82.2914674073673	-0.690333334458256	0.461918267438795	2.22472502145848	0.135816835976336	0.288921832366246
FBgn0038331	438.198741672141	0.233242972347027	0.17999663636077	1.67862781314806	0.195106883675282	0.368232652880496
FBgn0038332	62.5288246206317	-0.578974067184013	0.387690874936171	2.22383866063532	0.135894806249155	0.28899408304721
FBgn0038334	110.891421094426	-0.795240302949008	0.360895903334647	4.82124195749824	0.0281110833493522	0.0951485230052488
FBgn0038337	465.682857581791	-0.100390347263993	0.164480968606647	0.373019779108297	0.541362813577541	0.715902264711818
FBgn0038342	79.9741794453652	-0.70257640994101	0.413531810649573	2.87771753218427	0.0898132455690976	0.216061090213118
FBgn0038344	904.136401015138	-0.184457768137058	0.267796322576672	0.4742395330222	0.491043223372836	0.67650152319093
FBgn0038345	69.0765108375673	-1.02613928220168	0.492257560628288	4.2984987036418	0.0381460327312993	0.118856141532834
FBgn0038349	2278.82276103119	0.129888065651517	0.267418509247125	0.235803695097005	0.627253472482036	0.779561217067815
FBgn0038353	6108.92919983848	0.772669408961008	0.201168656260269	14.5816116921237	0.000134217892944788	0.00125592649771454
FBgn0038354	114.32576912105	0.125546107462462	0.304483118706632	0.170169397499798	0.67996130264347	0.817547150092108
FBgn0038355	107.235590459925	-0.946628082647133	0.441842007575854	4.54465396565501	0.0330216959503761	0.106694780324467
FBgn0038357	40.9035123135582	-0.42836983197883	0.385742445416482	1.23509072953991	0.266419291916544	0.456216540242884
FBgn0038359	119.620370147331	-0.954506235243529	0.494317984234151	3.68138812266541	0.0550230232180236	0.153792574240051
FBgn0038360	498.993908635653	0.184473421568709	0.198367601448162	0.864273661471088	0.352545494840604	0.547879789798079
FBgn0038361	31.0605636579653	-1.43071150500088	0.581900311552855	5.96398898516887	0.0146009702358813	0.0589112763426689
FBgn0038363	84.8882986591798	-0.202087047893022	0.373350447897861	0.292425743162099	0.588670234091535	0.751203757372624
FBgn0038366	1923.29343546015	0.0824652314743925	0.249077726174343	0.109587415082316	0.740614347572831	0.854181950315865
FBgn0038369	433.142625069185	0.171532746477818	0.20502692745168	0.699599576004601	0.402918275221769	0.597671616683938
FBgn0038373	539.61834469957	-0.883226725057024	0.360936285788791	5.90659774904032	0.0150842773205079	0.0604741767724497
FBgn0038376	1154.12189084165	0.241265509112571	0.132729143119456	3.3011029880295	0.0692333801144049	0.180744185245417
FBgn0038377	85.8035589912557	-0.695915077723282	0.441825725935806	2.47431125141043	0.115720124546652	0.257596967457028
FBgn0038381	393.643112735951	0.231203301881363	0.239832141204882	0.928150711350966	0.335343923058558	0.530775744765689
FBgn0038385	240.413834376478	-0.580029617831455	0.233871097885715	6.12784721329663	0.0133068805919016	0.0550233900388657
FBgn0038387	91.2289750232043	0.542298123235549	0.354200709735174	2.3388242162341	0.126184764988203	0.274114811978312
FBgn0038388	644.947759299051	0.350229900438355	0.146341349530441	5.7198573462562	0.0167740932361713	0.0652334062212321
FBgn0038389	131.385797070668	-0.138146410987972	0.228300760831003	0.367048710793071	0.544617384939378	0.717804899881265
FBgn0038390	93.6433085261166	-0.568371371184463	0.28833271836113	3.8925593680451	0.048500460334098	0.141290215248623
FBgn0038391	727.745977412717	0.177101777875641	0.147991270852281	1.43166217308129	0.231493362430949	0.416367189174621
FBgn0038398	75.2898994298114	-1.05055499067688	0.43410290781268	5.78551714619007	0.0161587433458589	0.0634499223815644
FBgn0038400	1452.25852712071	0.929062346994511	0.225346668253967	16.7327429138153	4.30318844557754e-05	0.000467627276401185
FBgn0038401	156.671057439914	0.198725538175551	0.24720779272633	0.647006143625326	0.421185099319293	0.615932601324733
FBgn0038404	401.2782273847	-0.695291275405223	0.326853989196736	4.49077541550457	0.0340782170195285	0.109386263686121
FBgn0038407	1188.05531472253	0.422913870558147	0.17949028831673	5.53272126976732	0.0186640553542317	0.0708046536740072
FBgn0038414	261.076404278617	0.587429346706393	0.313889319353763	3.48118781966403	0.0620701707583494	0.167802446927597
FBgn0038416	541.578727243115	0.236820759635687	0.219845641600565	1.15884965452371	0.28170423975374	0.473148650649332
FBgn0038418	114.450901667049	-0.223583133309174	0.259280358828724	0.747412372181202	0.38729672769531	0.581010935937336
FBgn0038420	532.009752251726	0.480877069663411	0.234534482033051	4.18576901293092	0.0407647144161893	0.124811880641379
FBgn0038421	344.471131600062	0.378184937109091	0.247293833613925	2.33544613373304	0.126458755845345	0.274574818302
FBgn0038423	43.2358915760896	-1.0477431793222	0.693373153968597	2.25838838080976	0.132892295994232	0.284207857453491
FBgn0038424	463.951701120706	0.173611754677753	0.160860284640049	1.16467030526073	0.280499061784839	0.472025474326139
FBgn0038426	91.2163583213413	0.906127082393288	0.321499840141405	7.88539583209408	0.00498355697780933	0.0262223653978471
FBgn0038427	857.277385444946	-0.0526218854850577	0.139792663103114	0.141652770777029	0.706643431741343	0.833563517453325
FBgn0038428	261.59116879421	0.229674719226117	0.263203028574849	0.761773327711055	0.382774133442144	0.577071408421916
FBgn0038429	97.0395131968224	0.0763895632172044	0.308239404366339	0.0616390046784758	0.803923932540327	0.892287291754681
FBgn0038431	264.910011678092	0.0240320351301437	0.30620297937939	0.00624421629566996	0.937016433788533	0.96659258963643
FBgn0038432	225.646007625141	0.338239165865335	0.240782969665957	1.97148025878011	0.160290828476777	0.322923806045452
FBgn0038438	646.126608840296	0.16579685551271	0.153145058730364	1.17175805313174	0.279040302210421	0.471229667156817
FBgn0038446	58.8032567312512	-0.210108172227913	0.373466741183756	0.317177690367863	0.573308706704794	0.740251101545669
FBgn0038449	207.325820190339	0.134780775272482	0.312265111828666	0.186346665715995	0.665974810852099	0.80844156430856
FBgn0038453	508.713657132839	-0.212213914426788	0.159760468653215	1.76246775501185	0.184317007493988	0.354647464920836
FBgn0038454	73.2051028511127	0.00621382365456199	0.376834252720124	0.000293257151348314	0.986337092093188	0.992410319342108
FBgn0038455	141.514070589971	0.885028349331527	0.235314914471455	14.0545541896515	0.00017758327122346	0.0016187962657808
FBgn0038460	200.513881804482	-0.0209279379001349	0.359008937225072	0.00346549979775546	0.953056851226863	0.973578797780254
FBgn0038461	499.964631793693	0.0324648859704256	0.166928386965748	0.0378524109097995	0.845739799582285	0.916806878564383
FBgn0038462	204.8190228745	-0.0356988415794955	0.206641458766875	0.0298423982641012	0.862848313911168	0.92581943658909
FBgn0038465	1915.86458044303	0.00285561971243344	0.252634218587361	0.000135168764472837	0.990723835326411	0.994555986680348
FBgn0038466	840.58192343062	0.863959997873138	0.267025224279535	10.3275063891082	0.00131062157769067	0.00888243072315092
FBgn0038467	1593.07763153559	-0.351280600828578	0.204599118455573	2.9404499731955	0.0863866647141587	0.210573461170646
FBgn0038471	115.797195694789	-0.142360074433825	0.273015711049094	0.274067182868656	0.600616428568601	0.76074659766383
FBgn0038472	94.0690606360274	7.97626531952224e-05	0.26601252265497	2.16210096368741e-05	0.996289978027817	0.996741810217399
FBgn0038473	468.22385676837	0.180974974204077	0.179618122987223	1.01487748184826	0.313737174147433	0.507930566315292
FBgn0038475	263.77284749901	0.00102354625497767	0.223128538369526	5.61462067452112e-05	0.994021445291136	0.995488052803199
FBgn0038476	1206.52151761128	-0.442980126778923	0.163421596904774	7.32708346917981	0.00679231812758008	0.0328593284856177
FBgn0038478	314.913075728141	-0.333025705021821	0.195165438041783	2.91184423287513	0.0879312715023519	0.213226064582702
FBgn0038484	995.138332657162	0.835657152554858	0.173262252269395	22.991390025447	1.62728570508615e-06	2.51915246696143e-05
FBgn0038488	829.207374455022	-0.306959434171693	0.182723116526353	2.81826451249115	0.0931971213907964	0.22175236975725
FBgn0038491	170.616001638119	-0.0143280718190903	0.232125492076143	0.00388932232307582	0.950272619309004	0.972399142370232
FBgn0038499	440.36848037989	-0.387308150114145	0.17718285388652	4.77272113504401	0.0289140904166019	0.0973437366791663
FBgn0038504	1189.47938342358	0.0371781159864256	0.200829043609109	0.0342705842574844	0.853132436741878	0.921199292928332
FBgn0038508	277.473576190527	0.787856558022327	0.267507657995802	8.5853443675079	0.00338879296615676	0.0191998253929388
FBgn0038509	1465.33720768084	-0.805060379637811	0.373659532350558	4.5837871077332	0.0322758063709619	0.105211071029588
FBgn0038511	432.276997466956	0.11155539227032	0.179702246378792	0.385391534938044	0.534731808932898	0.710399500455268
FBgn0038515	774.161107070178	-0.012678117253458	0.181645642201046	0.00490975230619028	0.944138243234474	0.969627831671207
FBgn0038516	850.446770229582	-0.064415378826006	0.186109839493706	0.119757727381995	0.729297402371819	0.84817935746086
FBgn0038519	882.59216882744	0.737345606633304	0.162171063554855	20.4945364497968	5.98017072282311e-06	8.219474526198e-05
FBgn0038523	6287.02993840772	-0.482860873965621	0.293688905661812	2.69058191247275	0.100942943576492	0.2342152337941
FBgn0038524	304.606711701259	0.334962850462192	0.218237357537538	2.35184890996305	0.125134513089772	0.272504181516325
FBgn0038532	194.610315643403	-0.283481156548155	0.238300406530549	1.41710593258586	0.233880340294513	0.419037588377418
FBgn0038533	823.151875050347	0.173384001331398	0.194026393681565	0.797996873797146	0.371692946924392	0.566267017206636
FBgn0038535	4358.65309678007	-0.349021607959705	0.202372636938852	2.96773675533235	0.0849406128691789	0.208083278167028
FBgn0038536	153.669801208465	0.00106077677006319	0.319118325928634	8.77211386978161e-05	0.992527157270909	0.994990139313332
FBgn0038539	65.0296799814883	-0.904927017261487	0.561433519452984	2.57574937728219	0.108512702629054	0.246084833718523
FBgn0038540	33.879424750572	-0.546870099728086	0.38127315336428	2.06367571140571	0.150845918383533	0.310633461800769
FBgn0038542	323.517469523371	-0.0310092092921604	0.26961688142315	0.0132282933877406	0.908433773088049	0.951682252609397
FBgn0038545	78.1831062085313	0.0542843020901253	0.339229157784095	0.0261901134331097	0.871436894421061	0.929711443999078
FBgn0038546	576.23949860098	-0.209019429551994	0.188994474811589	1.22156282412028	0.269054165090507	0.458948857037594
FBgn0038547	85.3741459948516	-0.324845072593867	0.264313621700618	1.51053990478761	0.219056720177296	0.400280906780796
FBgn0038548	62.789914165105	-0.0374083107252084	0.313294524323649	0.0142891655740272	0.904849692463631	0.949844597465986
FBgn0038551	280.04431437738	-0.0153982711392364	0.203135787385068	0.00596230512291385	0.938451741990742	0.967097653331642
FBgn0038552	725.589119841691	0.306476090328183	0.183259057378233	2.79155319202036	0.0947623385085683	0.224177714477106
FBgn0038564	113.611281941953	-0.351282345363903	0.230460926351774	2.32719327698258	0.127130918773557	0.275523371896146
FBgn0038565	98.7197663867753	-0.904603743381803	0.485855517669197	3.43343074909727	0.0638892529938655	0.171095225619991
FBgn0038567	40.0316101212554	-1.05098758997212	0.550684429155059	3.61568935639055	0.0572369961626472	0.158177029169809
FBgn0038569	628.735319953909	-0.0964161721236979	0.158486212137704	0.370210216895487	0.542889704223442	0.71638384179268
FBgn0038570	1772.52931290216	0.699141513696292	0.121739482808644	32.7123737852725	1.06854820675088e-08	2.4747688651889e-07
FBgn0038571	111.472967670148	-0.25936068318223	0.350531009626678	0.548080744204796	0.459102963086788	0.650223707583841
FBgn0038575	78.3669226383211	-0.569719962795269	0.39890071261937	2.03946210669382	0.153263833553608	0.313577024411932
FBgn0038576	308.95055202363	-0.304077403709314	0.204996565670553	2.19720936712366	0.138260840248914	0.292428967966543
FBgn0038577	746.178943898974	-0.32812022245262	0.250569965437994	1.71123644407301	0.190825026766531	0.362974786848
FBgn0038578	433.98138142154	-0.280579173010286	0.207666034997426	1.82211199603073	0.177062085628286	0.346045591048503
FBgn0038581	118.211983632129	-0.566417809417935	0.283948627802536	3.97239663860284	0.0462518979476318	0.136825160701668
FBgn0038582	129.527252531525	0.191536991416339	0.318116106645844	0.362620454056191	0.547054492013507	0.71982923607134
FBgn0038583	151.961602759569	-0.0359710581140143	0.22922966816321	0.0247139553747573	0.87508192594115	0.931792006315267
FBgn0038584	227.108641117277	-0.0479721754478206	0.203362302983655	0.0559662386193409	0.812988963390932	0.897210523777555
FBgn0038585	218.008503648891	0.0156677449832929	0.323439685730293	0.00250902049913293	0.960050569951103	0.97699068495543
FBgn0038588	131.772527373809	-0.191552364837544	0.319500626889831	0.358720774780139	0.549217544135841	0.72214209647663
FBgn0038590	161.531637354577	-0.03746304811227	0.230517484810128	0.0264420086718644	0.870825521234858	0.929711443999078
FBgn0038593	348.306694454086	-0.225452535695745	0.208405646969691	1.16833551929312	0.279743510579535	0.471695143810256
FBgn0038595	404.286174923568	-0.025868087293749	0.233676488968064	0.0123340528217994	0.91156973452961	0.953516572567752
FBgn0038597	379.430626735091	-0.184654448707372	0.180986720126623	1.04172470895673	0.307420689250153	0.499941054541716
FBgn0038598	406.590602608575	-0.735467961226786	0.344387674140305	4.52173765930343	0.0334668242982859	0.107871736034952
FBgn0038601	179.853094338035	0.173194417040718	0.282565802267594	0.376242438058831	0.539621112242386	0.714206793824331
FBgn0038603	1372.92407734757	0.108003612728161	0.168580122010317	0.410325313522691	0.521804435243577	0.70114242981412
FBgn0038607	140.599994762759	-0.878263057479031	0.478782959348395	3.32965750670823	0.0680410418429902	0.178714248701293
FBgn0038608	82.5348199424408	0.181818325818013	0.359827895944288	0.255465477358385	0.613252689632348	0.76920280502002
FBgn0038609	221.42722957711	-0.0262121103325298	0.220063392378136	0.0141990081205137	0.905148920223102	0.949932691727956
FBgn0038617	510.651847128034	-0.322039647438351	0.16024237054568	4.0329108879323	0.0446208886796884	0.133018487064044
FBgn0038619	127.047990392162	0.0430578470564058	0.295858122018278	0.0212850383473651	0.884005124730744	0.937893617966103
FBgn0038627	330.304555798702	0.265466154722773	0.19966096100845	1.76591905201752	0.183887935923046	0.35405349041784
FBgn0038629	459.060265866221	0.627333766607524	0.309099596714969	4.08821260819512	0.043183285468587	0.130095360524005
FBgn0038630	179.349684948718	-0.639856559329212	0.42247948896548	2.2810789031967	0.130960743779475	0.281646990765314
FBgn0038638	1655.24276800934	-0.0303451741688975	0.173946456450253	0.0304350037298065	0.861506864583621	0.925485338822239
FBgn0038640	138.737511265909	0.0871304728322757	0.251493970377587	0.120082624830701	0.728944893533218	0.84817935746086
FBgn0038643	3149.89688485723	0.566081357969889	0.203232751814214	7.71074928027086	0.00548929624617981	0.0280147773720594
FBgn0038645	6649.45194806562	0.182881300439802	0.207731949823266	0.774535705496419	0.378817542652755	0.573457882375693
FBgn0038646	3905.32149737797	0.0292885949601795	0.169780600276259	0.0297617244486901	0.86303198811953	0.92581943658909
FBgn0038647	1760.94020477003	0.536966842205217	0.185220900280077	8.3599926514091	0.00383572118450057	0.0211540023325206
FBgn0038649	221.87042814038	-0.0432076513837129	0.306916571740935	0.0199338986081088	0.887721853018779	0.940367062549544
FBgn0038651	2585.19148207323	-0.263432610272912	0.204099660771658	1.66379428839211	0.197091804391293	0.370589706665652
FBgn0038652	1807.64604527187	0.1233650249199	0.30796003932998	0.160422891580197	0.688767468976973	0.822308773677825
FBgn0038655	105.455339011043	-0.715145537731959	0.494286811323892	2.08012174777679	0.149228273392463	0.308165290057358
FBgn0038656	17.237736703054	-1.20740503208875	0.57734848739845	4.41392114933957	0.0356468130197771	0.113187289703675
FBgn0038659	819.131816860832	0.107973373719707	0.172720783000941	0.390721358362981	0.5319204687498	0.708678712146228
FBgn0038660	1096.67792447931	0.063549669673508	0.233900019647254	0.0738177085452776	0.785857203454406	0.881280612794795
FBgn0038666	255.176624538484	-0.351587772931207	0.193528038907428	3.30140912122787	0.0692204791479442	0.180744185245417
FBgn0038672	141.009070744421	-0.0889407442453334	0.245591916204479	0.132129899008369	0.716233828194593	0.839579098267285
FBgn0038675	176.478471779035	0.116367479252251	0.230169996414885	0.255998481729932	0.612882676708735	0.769066658031553
FBgn0038679	1148.53346961314	-0.262784244304223	0.192931386597906	1.85252715728357	0.173489756860886	0.341865478905863
FBgn0038681	2650.92105449951	0.343623377164789	0.204466557093323	2.81758309166821	0.0932366996300318	0.221757584241348
FBgn0038682	923.14586011474	0.570314179501433	0.217794550885569	6.81493336526755	0.00903986767997294	0.0410710460244748
FBgn0038683	436.39797176408	-0.135242390550575	0.297653964209013	0.206747774867665	0.649328495058151	0.79589868598321
FBgn0038685	57.7421706377732	-0.887325288221724	0.465160300051527	3.62787897262256	0.0568191854468176	0.157268661349661
FBgn0038686	937.139174097927	-0.243848674949709	0.178972792271034	1.85479253924066	0.173227020954866	0.341500275448109
FBgn0038690	58.407578790359	-1.1194532728722	0.503066706725137	4.88175084247258	0.0271420743641168	0.093046489583903
FBgn0038692	145.93817135923	0.124552916981062	0.207992530523183	0.358854490350303	0.549143111470295	0.72214209647663
FBgn0038694	129.238405864993	-1.05091080798416	0.480801962057573	4.70126322954388	0.030140456617768	0.100195285277634
FBgn0038697	132.797469842032	-0.754466457025101	0.44624574509276	2.83968752029706	0.0919620960614125	0.21967339892959
FBgn0038704	345.332128407191	-0.0136796856956484	0.218261251025644	0.00402937799697867	0.949386369643397	0.972192796301884
FBgn0038706	156.372002595776	-1.02007283010782	0.4714160665946	4.61261959973373	0.0317375156201157	0.104118133202126
FBgn0038708	131.396730745179	-1.19074160475784	0.513676280779728	5.26308288610848	0.0217824014927365	0.0795568091606686
FBgn0038716	1286.26185155781	-0.870663850051062	0.259923326221486	11.0613670613632	0.000881451289689871	0.00634414859724586
FBgn0038719	3038.14942437259	-0.16567962488414	0.286408248141626	0.334406390038623	0.563075893633582	0.733359477124809
FBgn0038720	1726.54743069244	-0.391814610209105	0.277400232227701	1.98861426777735	0.158485845278326	0.320788742173024
FBgn0038721	1040.77133823025	0.200293653500659	0.186416287945836	1.1534169696416	0.282834998950297	0.473933921522488
FBgn0038722	261.108996012579	-0.235037806963074	0.258520872370755	0.82743121463669	0.363016373321713	0.557918177199485
FBgn0038723	541.687110041824	0.286815467485103	0.175231896256235	2.67686437055053	0.101816028061989	0.235128142271393
FBgn0038725	235.997482008446	-0.801364237119169	0.268327050476834	8.8559715448933	0.00292131585764367	0.0170487375184178
FBgn0038734	569.764493039104	0.671348916049367	0.216586051554664	9.53621454794629	0.0020145681505922	0.0126637370533632
FBgn0038735	373.645472246249	0.507404710500768	0.216475739609612	5.47136888467836	0.019330479067395	0.07263571505634
FBgn0038737	82.5507753205745	0.198637329732058	0.290908020670573	0.466727638165437	0.494496472542157	0.679663064441121
FBgn0038738	3569.79650605125	0.144334857055215	0.216520763943357	0.444142878664096	0.505129612391946	0.688092243016718
FBgn0038739	746.928123939851	-0.0388397723856573	0.302759625739331	0.0164629014054185	0.897905362201548	0.945957522137463
FBgn0038742	1037.66760188395	0.427397767497876	0.191994540464522	4.93817951750553	0.0262696909787563	0.0908180759167444
FBgn0038745	4442.26763553578	-0.367936604370452	0.204420976985613	3.23096814447314	0.0722579593707294	0.186053175806045
FBgn0038746	108.21496284738	0.177015179011427	0.301821118318403	0.344618247063593	0.557175535263562	0.728696742725014
FBgn0038747	1841.21767855596	-0.0284825497789923	0.16967108652673	0.0281809675361444	0.866684073974616	0.928039867495027
FBgn0038750	351.121717713509	-0.306347676507669	0.209029314763464	2.14481513400148	0.143052267087662	0.299448436034286
FBgn0038752	470.031075549177	0.284752611969006	0.200185018557341	2.02064373535443	0.155173345483429	0.316296974023049
FBgn0038753	80.4224196648899	0.696551985843627	0.319527950482674	4.72948843022996	0.0296497027679359	0.0991394381296955
FBgn0038755	403.938742754533	-0.0483671982499463	0.188553942643809	0.065804295184499	0.79754665333787	0.888194787436039
FBgn0038760	370.624138880048	-0.252153514426606	0.17693027947364	2.03023354256669	0.154196910983247	0.314842367908344
FBgn0038761	278.881675569972	0.603867709991064	0.267714014240457	5.0565232793106	0.0245334070410906	0.0863513297688807
FBgn0038763	447.049200376121	-0.0378882486147339	0.162483618909902	0.0543603605043472	0.815642535578207	0.898418391454513
FBgn0038767	125.899637654104	-0.271751026804595	0.258585834126278	1.10567526052044	0.293023986747038	0.485018339625163
FBgn0038768	409.696724350468	0.0242497662933942	0.20315244518412	0.0143409791548947	0.904678159101269	0.949779633924254
FBgn0038769	159.87438081592	0.133531893269418	0.203475723769829	0.430893893000842	0.511550654269211	0.692546308374981
FBgn0038771	1759.67414286547	0.369506952634149	0.17295131505724	4.55260187296238	0.032868762987313	0.106512656849082
FBgn0038772	107.023923862775	0.220577491483246	0.309348396597566	0.508359726927061	0.475849781120574	0.663752524282003
FBgn0038773	64.013250210786	-0.109078731418578	0.530539122794878	0.042628962076229	0.836425496493368	0.912353942804434
FBgn0038775	41.5761511806411	-1.24406219499867	0.55007906166826	5.06253525411165	0.0244484480027917	0.0861553934411479
FBgn0038783	573.48695210515	0.887206270912127	0.247450717284492	12.6742803693879	0.0003707198702842	0.00301089817988465
FBgn0038784	5912.19730086763	0.464521305540363	0.261037728339222	3.15336358611745	0.0757706257106813	0.192888491004745
FBgn0038787	921.89561952786	-0.13931694501339	0.174723764839717	0.635660603329342	0.42528653779836	0.620183177909887
FBgn0038788	234.198829619491	0.0278450772058341	0.239164540461447	0.0135630630221613	0.907287538553624	0.950932171418508
FBgn0038797	128.069169384402	-1.06445589879007	0.476108289302843	4.91997496548474	0.0265479018007523	0.0913797340917501
FBgn0038799	863.639654009519	0.616523201249167	0.202657465359635	9.19144639505896	0.00243148677481429	0.0147790460412383
FBgn0038803	519.448908863796	-0.00766489318591537	0.212817834590883	0.00143742411324865	0.969756747859016	0.983352510125024
FBgn0038804	513.248252623368	0.279655968483363	0.176974248548604	2.49352476400546	0.11431544877424	0.25537203037567
FBgn0038805	428.672048044517	0.248782663564618	0.221039297349741	1.26667432367985	0.260391502877064	0.450598177601659
FBgn0038806	149.008692290366	0.154101455377218	0.274086181747977	0.316111611810911	0.573953848049251	0.740542294953442
FBgn0038808	298.488780453154	0.581479051623622	0.245255544179746	5.59531317601522	0.0180085913688256	0.0691204046274541
FBgn0038809	2459.56613755206	-0.255128944687804	0.128669707676382	3.92667540962051	0.0475258120215696	0.139278567013726
FBgn0038810	896.340731832941	0.214726323807831	0.21617662660648	0.986065081495283	0.320706008394512	0.515037944240908
FBgn0038811	131.147450962446	0.255195678180777	0.230728226983241	1.22374492024542	0.268626960053018	0.458655841542039
FBgn0038815	175.377661815418	-0.839390484217718	0.208357353820383	16.2050561534911	5.68421997890264e-05	0.000593580557323514
FBgn0038816	553.171685700762	-0.264916506174747	0.160603228201199	2.71852373456346	0.0991897153108924	0.231071955914126
FBgn0038818	360.780356186239	-0.782429207827394	0.248769877736922	9.8127251181855	0.00173308513617455	0.0112446641482384
FBgn0038819	1122.45925882197	0.225208482110352	0.264662541971394	0.723251230494611	0.395079512990729	0.58918060210076
FBgn0038820	313.575860659132	-0.320633878368712	0.382266303060265	0.70185844050043	0.402159935061267	0.597121196860134
FBgn0038826	4347.10330882812	-0.365929963960767	0.141954804243302	6.6270474977706	0.0100441615802618	0.0445151591081016
FBgn0038827	148.96685537191	-0.306882966946279	0.276540533283598	1.23226411013143	0.266967174017628	0.456716050138942
FBgn0038829	2135.59563897358	0.888038491019144	0.216876460926318	16.5157750099735	4.82469925543777e-05	0.00051479015997561
FBgn0038830	253.231087189749	0.373270003323115	0.192575621483119	3.75334183577752	0.0527020440983665	0.149301691136612
FBgn0038834	11849.9464782961	0.666074923259943	0.128634478527462	26.5821185451484	2.52570620105701e-07	4.48061038012336e-06
FBgn0038837	119.279258302259	-0.516645177703234	0.327345316520924	2.48201038346671	0.115154976900614	0.256922254404808
FBgn0038842	1310.56788347608	0.361181029566371	0.220620580739723	2.67333803922367	0.102041801241256	0.235587873928008
FBgn0038845	2548.50575071891	0.178995948881447	0.257700537422695	0.482132094424827	0.487458149418429	0.673450870591548
FBgn0038853	615.206814663877	-0.536299461398043	0.180453648431515	8.79537132790954	0.0030199577018817	0.0175431907580014
FBgn0038854	606.624768045125	0.0279124336959056	0.174205587265918	0.0256769062228983	0.87269190152528	0.930231894535184
FBgn0038855	711.949035812947	0.0026612899048111	0.259095931548855	0.000105670956187964	0.991798180045905	0.994862892418477
FBgn0038857	209.264352798327	0.167979569831626	0.207450771927318	0.655850141621322	0.418028833582371	0.612840409956944
FBgn0038860	96.7939707655831	-0.00698505692684618	0.29379367881497	0.000603762508497141	0.980396688898854	0.989549614272991
FBgn0038861	200.00629078426	0.138003448154037	0.21480294238812	0.412950382749216	0.520475793513745	0.69995818828
FBgn0038862	708.152904627833	-0.202853198813213	0.168862467661163	1.44204107896138	0.229809334908182	0.414267123846741
FBgn0038868	460.173002391068	0.310896689468179	0.196189384986884	2.50828686395639	0.113248982836369	0.253846944145546
FBgn0038869	244.879126621523	0.16718720547901	0.221762771242824	0.568511730105087	0.45085092196606	0.643843403901859
FBgn0038870	1101.32331991186	-0.328987245947244	0.155118923876248	4.49017268003919	0.0340902340363591	0.109386263686121
FBgn0038872	707.439684041853	-0.392621714971079	0.204563030031704	3.6763538856967	0.0551894142649784	0.154111199833598
FBgn0038874	208.042353179824	0.255152577934716	0.341108049474785	0.558877836919919	0.454712732755721	0.646637413994598
FBgn0038876	253.236789070824	0.105380925437472	0.227866795717778	0.213886482983888	0.643738123869194	0.791796097717001
FBgn0038877	1421.00636012439	0.359474483441367	0.174225014588924	4.24732446484207	0.0393122188878461	0.121588159644709
FBgn0038881	2313.56290772093	-0.70400811023019	0.287955241352481	5.92123423651915	0.0149594757085508	0.0600283827431796
FBgn0038887	154.893915038063	-0.792437324212669	0.354351447856711	4.96421086352885	0.0258771201986769	0.0899329297491631
FBgn0038889	416.02294310146	-0.224736840393617	0.186481194927446	1.45203491751263	0.228201713273645	0.411789758267208
FBgn0038890	756.917119354306	-0.436855526311119	0.175858872595182	6.15703806106525	0.0130890207599404	0.0544029765358994
FBgn0038892	81.5801086701275	-0.68443252893758	0.448161171140839	2.32581255093428	0.12724376112189	0.275668781767631
FBgn0038893	189.410500419391	0.285039441775669	0.195429318849494	2.12708497044176	0.14471573830062	0.30163162650328
FBgn0038897	324.765355402875	0.210432059396303	0.274039934478578	0.589199906011416	0.442728676971197	0.636363877764105
FBgn0038909	123.53291346262	-0.882422775625025	0.43913600903721	4.00027987308061	0.0454927092480453	0.13516083043931
FBgn0038912	200.872372417894	0.0264807808825185	0.195141790056012	0.0187679644752237	0.891033782422648	0.94240466212363
FBgn0038915	22.0579671675678	-1.53731844071703	0.840287982306527	3.27884594048298	0.0701782602147476	0.182294073634069
FBgn0038919	218.748698868404	0.506664519713346	0.285171750387536	3.14477767646165	0.0761703806388227	0.193529351787207
FBgn0038921	191.247626781294	-0.656805527825863	0.463639410156413	1.99497024082441	0.157822165775508	0.320028673426403
FBgn0038922	2294.69734319566	0.687291049860933	0.144929903068715	22.2942579838632	2.33904985295051e-06	3.51614580961419e-05
FBgn0038924	2494.25466786203	0.92224834825126	0.193984759692666	22.2420276087782	2.40354677159654e-06	3.60083136036806e-05
FBgn0038925	686.2903564651	0.616192876286084	0.196099217246415	9.81624760695291	0.00172976896202835	0.011231406417173
FBgn0038927	388.709017394584	-0.0749746918986799	0.18082470043651	0.171813590092285	0.678505016963736	0.816769762004086
FBgn0038928	172.397431525929	0.0825628068792718	0.265762971239517	0.0970164126874948	0.755439866246651	0.862619784491601
FBgn0038934	611.564915628226	-0.673243167662504	0.318185375589981	4.44277193477517	0.0350492967768231	0.111882930727772
FBgn0038943	2308.72759367505	-1.09741977182516	0.82262827185181	1.73863400498449	0.1873120004459	0.358378380731704
FBgn0038947	2921.96145683672	0.628929810976079	0.125256009079762	25.0322862878311	5.63783150173584e-07	9.4758524135842e-06
FBgn0038948	815.713476922922	0.244638335531648	0.190127598114136	1.65377881277391	0.19844539385146	0.37233301198071
FBgn0038950	626.592750759415	0.385281900152583	0.201686835038841	3.64047338944815	0.0563908982574356	0.156451242656278
FBgn0038951	90.053123097634	-0.177506828709288	0.263619315864762	0.453350867342124	0.500747961350054	0.684417597731238
FBgn0038952	121.098636916486	-0.977398153500741	0.398724732002221	5.94208358263558	0.0147835319558474	0.0595118092967141
FBgn0038953	460.551216696076	-0.00557545318803098	0.148360597655942	0.00141386579180391	0.970005486268744	0.983378723671346
FBgn0038957	96.8395751218368	-0.667425905798384	0.25409520432413	6.92071096217316	0.00852030950409468	0.0392601624355778
FBgn0038961	248.545455775163	0.429059421807165	0.308461864899885	1.93099591541383	0.164649527923323	0.328851841194071
FBgn0038964	958.455997271457	0.116058690917686	0.163805189108138	0.502127333831211	0.478566878608156	0.666173550534527
FBgn0038965	756.724275008453	-0.379449426285947	0.260399554753145	2.11882904501449	0.145497747343024	0.302585935082452
FBgn0038966	620.931094536759	-0.361022973340692	0.271502594600298	1.76544419346806	0.183946902407924	0.354089761528692
FBgn0038968	394.999330479142	-0.18663185205543	0.306000777029413	0.372073710932554	0.541876082215347	0.716224468164803
FBgn0038974	283.036371356074	0.730692057600658	0.227092360663538	10.2681238312474	0.00135348371115894	0.00910994680950914
FBgn0038975	324.362732730736	-0.656314644939691	0.210682576981022	9.65275395486181	0.00189067921622228	0.0120478044571091
FBgn0038976	413.500103864005	0.348686134558297	0.197304658359221	3.11992411006723	0.0773403854793534	0.19543286410934
FBgn0038978	76.3154493024513	-1.0110677039493	0.5073993550666	3.92244548651637	0.0476455245742618	0.139437876839467
FBgn0038979	85.7391365214018	-0.964735018857717	0.636609962458753	2.26671654121949	0.132179683275995	0.283164245017573
FBgn0038981	2014.43827128676	0.428413080719431	0.163218594225341	6.86494093220368	0.00879031536577335	0.0401478999935735
FBgn0038984	2578.41942090814	-0.00701277581185738	0.15420105024325	0.00207966815285943	0.963626376127746	0.97972567610914
FBgn0038989	195.821707997718	0.235888008435829	0.286350230927469	0.679182552635446	0.409868351340012	0.604492450647545
FBgn0038993	34.7943772006428	-0.759670993968284	0.546597735222598	1.93443866127186	0.164273650024891	0.328398434032542
FBgn0039003	340.658755382387	-0.246640078154912	0.199722547586495	1.52405595041215	0.217006737379776	0.397577042692051
FBgn0039004	619.53057767832	-0.21601219818194	0.172252732384348	1.57063843741513	0.210114321348991	0.388689469933647
FBgn0039006	468.626991317688	0.511954692987185	0.232410438881761	4.83070952750751	0.0279571228425001	0.0948456947182701
FBgn0039008	220.462115722967	1.16509483986471	0.55747180432226	4.26237561169717	0.0389653939956751	0.120642328637838
FBgn0039013	161.021066113719	-0.0848526703341031	0.250092389758762	0.115032891865305	0.734485440136109	0.850830178661482
FBgn0039015	160.672679700589	-0.111450383944197	0.233731305907307	0.227201112770068	0.633606972167662	0.78437068044704
FBgn0039016	762.841921347127	-0.0856058946000886	0.272862226155873	0.0984061968593011	0.753750708482536	0.861206299579166
FBgn0039019	407.630041385428	-0.0835618819307596	0.183172696160641	0.208228582670721	0.64815937962919	0.795127986628836
FBgn0039025	273.479645752898	0.0461415858263354	0.174850460812167	0.0696661939561309	0.791823422417305	0.884548661781276
FBgn0039026	4021.38193119555	-0.213926403409712	0.165043231973425	1.67842954456135	0.195133259844651	0.368232652880496
FBgn0039030	622.788975356054	0.0346606306882817	0.318946626342343	0.0118262981525419	0.913401746759459	0.954280962989044
FBgn0039031	1579.5036359879	0.554456325217961	0.210191552601685	6.91709778416289	0.00853754246270607	0.0392985261820127
FBgn0039040	31.6159046940255	-0.604950247873908	0.520326117155175	1.35648466562625	0.244147650014128	0.431044190421102
FBgn0039043	630.954735928231	-0.0769920544874994	0.262357509715253	0.0860881422517679	0.769210457436153	0.870305561792103
FBgn0039044	134.063342265872	-0.0573078915374255	0.231508036258343	0.0615195088766427	0.804110215778924	0.892287291754681
FBgn0039045	902.36506734006	0.743638505275996	0.236853338644158	9.75993551816016	0.00178356166162634	0.0114677839542061
FBgn0039048	103.989710170503	-0.197902548365152	0.317115080479739	0.388861296414163	0.532898560694061	0.709138425511144
FBgn0039049	4087.99172101131	0.988587536460124	0.218609547908835	20.0689385317072	7.47001024018715e-06	9.86757041308554e-05
FBgn0039050	162.405631667079	0.0225455362678365	0.273915445801577	0.00729809886287569	0.931920409385383	0.964266614964425
FBgn0039054	234.752627826509	-0.548206449924464	0.254962919349664	4.61171688904728	0.0317542260058737	0.104118133202126
FBgn0039055	613.272891258946	-0.46112623806785	0.206697833788813	4.96124844556535	0.0259214864870805	0.0900162128146393
FBgn0039056	769.328571529078	-0.0866309600157481	0.174047365802585	0.247673454288631	0.618718054945816	0.773967694477159
FBgn0039065	96.5303510994503	-0.221235681971731	0.409059625669699	0.29336154222009	0.58807438426125	0.751073725100777
FBgn0039066	434.459515761784	-0.0298392353441128	0.228816501752509	0.0171083707110853	0.895934337339751	0.944869677624712
FBgn0039067	187.19209721146	-0.148943636812057	0.208836451895842	0.509719940716018	0.475260116735965	0.663437685829569
FBgn0039068	377.121865594613	0.523017574671597	0.259054357448308	4.05490181475869	0.044043280122392	0.131875773260939
FBgn0039070	175.78285021132	-0.897211106815978	0.390460753994612	5.22212958116241	0.022301224506651	0.0807161628575424
FBgn0039071	141.918068184553	-0.499373863493765	0.395985790384582	1.58758837304185	0.207671026669507	0.385543685952394
FBgn0039073	1735.32071625296	-0.145720918454322	0.234623415867155	0.385575741531682	0.534634196405352	0.710376772937935
FBgn0039075	165.166742533918	-0.359430651802708	0.22728590730047	2.50306562818638	0.113624924526598	0.254350166063882
FBgn0039078	158.383834577043	-0.940428372491005	0.33264666130939	7.9026480368536	0.00493624815138618	0.0260854787649401
FBgn0039081	883.927727537496	0.928345770534714	0.202188367636946	20.7623773628264	5.19944346181215e-06	7.20760501382846e-05
FBgn0039083	84.8233062586106	-0.904772617582808	0.564512091189069	2.54496982629715	0.110646024739253	0.249831249308897
FBgn0039084	106.393946449029	-0.075896468437416	0.323093223365474	0.0554273540645625	0.813874889717736	0.897367490549707
FBgn0039085	207.78945397632	0.257465431826762	0.238181296534209	1.1678579873281	0.279841803926415	0.471695143810256
FBgn0039088	98.2304211831956	-0.9537816831358	0.578930816831833	2.68352728887567	0.101390924643993	0.234865369133005
FBgn0039091	4244.50114034308	0.136008705274443	0.260934695926924	0.271571636706867	0.602279448403862	0.762156009280895
FBgn0039098	561.204077134842	0.109869065237994	0.194184036734105	0.320085002999861	0.571556565746425	0.738853667762445
FBgn0039099	451.379438470888	-0.82727130034643	0.525677644529523	2.44555895007119	0.117857896461111	0.260794452446856
FBgn0039102	344.034886137261	0.849245662278438	0.409659530587742	4.2386211163694	0.0395142471096919	0.122058056815532
FBgn0039104	361.543622818728	-0.783214222723171	0.597862937959266	1.69760117186725	0.192601990540842	0.36501717451297
FBgn0039107	279.460929015867	-0.0744725128900581	0.233951451258475	0.101270914595617	0.750309784751685	0.859728477773946
FBgn0039109	1505.18549053313	-0.175068365967867	0.227386785906268	0.592321853353283	0.4415226743482	0.635572662012901
FBgn0039110	1068.15863549385	-0.113253900161255	0.163223985240139	0.481381610759058	0.487797169351963	0.673708283356038
FBgn0039112	1366.47261378256	0.885367175945037	0.150662862571074	34.0853560860813	5.27467298362517e-09	1.30010375439968e-07
FBgn0039113	1455.33648691512	-0.144127108383346	0.225588557956617	0.407920345346668	0.52302694764121	0.702129375750063
FBgn0039114	8245.68001671481	-0.101521400371466	0.20970616189674	0.234305765820693	0.628349385380332	0.779934586664235
FBgn0039115	124.523547493341	0.130414221722574	0.264573273485934	0.243592049457042	0.621623700026336	0.775897341093632
FBgn0039116	211.612668585561	0.0458843335481846	0.263911160425057	0.0303328214195844	0.861737202963666	0.925490097086285
FBgn0039117	479.730761680551	-0.161664523904836	0.18749344079086	0.743018511425021	0.388695653719164	0.582317563398626
FBgn0039118	173.14292901173	0.390922199362687	0.218475499769285	3.19845551543828	0.0737078474244811	0.189124177282239
FBgn0039120	1670.46197015983	-0.145480230038827	0.230148603185945	0.399489694974108	0.527352917329896	0.7055186977779
FBgn0039124	116.907174959131	-0.5109237645972	0.45745253066293	1.24546018516301	0.264421331986029	0.4538521364413
FBgn0039125	448.74280667529	0.0127887081616462	0.16526698789209	0.00599583698989647	0.938279256315599	0.967097653331642
FBgn0039129	68.0199398845993	-0.59824547398762	0.472237285023737	1.60039529433848	0.205847200761467	0.382917344571553
FBgn0039130	1764.43879155443	-0.385161143362566	0.222890005424726	2.9782125366865	0.0843924259784341	0.20733493716097
FBgn0039131	165.994921009552	-0.0725654047262434	0.569623278483346	0.0162575024988456	0.898540785965837	0.946244938281606
FBgn0039132	362.816223322644	0.503492912203352	0.252886244326161	3.94917608465543	0.046894322661692	0.138069904293217
FBgn0039135	615.111272374216	-0.075891713829519	0.195418901909901	0.150889646066943	0.697686626350748	0.827582577082807
FBgn0039136	1726.79107363169	-0.0642949770669139	0.18846658953444	0.116357680470543	0.733018954444233	0.850290423822258
FBgn0039137	273.594327281777	-0.00192857724695701	0.197180934380355	0.000373304692374177	0.984584956097579	0.991758678482246
FBgn0039139	199.430993269505	-0.295602410536784	0.230900333384838	1.63835662955447	0.200551094279637	0.375485435163063
FBgn0039140	1122.07982977321	-0.105651206903036	0.149166866224179	0.501425265224086	0.478874541591063	0.666296240323054
FBgn0039141	740.60603667178	-0.129731129056174	0.148248504410019	0.765440549750977	0.381631261075407	0.576135884983642
FBgn0039147	27.6092156349534	-0.864196905946506	0.517650571052771	2.79574702794377	0.0945147090838225	0.223810449980158
FBgn0039150	802.675356527862	-0.127899500868071	0.142727612463568	0.802615418836226	0.370312550928469	0.565237493408201
FBgn0039151	1970.28640319524	0.230632692665107	0.188958936004441	1.48826461549066	0.222485909862551	0.404203349521752
FBgn0039152	1916.71356966639	0.241500623246749	0.230260058981244	1.09874761396426	0.294541115034565	0.486008564073847
FBgn0039154	889.936839187396	0.212925118416329	0.337736353707851	0.397073533227172	0.528604489350239	0.706693196749548
FBgn0039155	671.462778210616	-0.732718891667248	0.210609541495935	11.9881798327977	0.000535390572015551	0.00414774926028554
FBgn0039157	317.025292629738	-0.224656058406316	0.164655066337757	1.86101073290069	0.172508192514023	0.340539662358778
FBgn0039158	128.959263788993	-0.26643954116018	0.335621853015005	0.631529437561902	0.426794860603091	0.621560958897785
FBgn0039159	135.802932096951	0.798077371909174	0.352786456082321	5.07622436824556	0.02425613553686	0.0856830023928155
FBgn0039160	1001.81916058752	-0.12932600680723	0.199738075743421	0.419054204295605	0.517409355559434	0.697147679562749
FBgn0039161	1349.68068402148	0.0960903077591248	2.29068530340658	0.00175838465192157	NA	NA
FBgn0039163	403.179412829958	0.157345272619511	0.222262404892797	0.501409291658405	0.478881545345513	0.666296240323054
FBgn0039165	187.318072534465	-0.137673383814448	0.206548385228711	0.44383678590809	0.505276391906474	0.688155407035457
FBgn0039169	344.37771681357	-0.471535693968365	0.182684979249522	6.64897120949496	0.00992130942506345	0.0440592019963563
FBgn0039172	1859.06544143626	0.372752726493607	0.178448191389165	4.35153713459766	0.0369755588643207	0.11631812171792
FBgn0039175	1106.90244447123	0.30538849152545	0.15891891279128	3.68623299238581	0.0548633932548154	0.153514207407727
FBgn0039178	1188.82502644647	-0.951999440395689	0.219391093433175	18.5214079255957	1.6800660100942e-05	0.000203638770234495
FBgn0039182	440.791933182399	-0.187855604013106	0.240654924453019	0.609544166152801	0.434959491268272	0.629905761224366
FBgn0039183	605.254701906056	-0.0377705695172406	0.172306210099073	0.0480423306109259	0.826505466322096	0.906987219851533
FBgn0039186	1258.56234343449	-0.0913354379078933	0.166658066137823	0.300206062483994	0.583753266946717	0.747627003724484
FBgn0039187	1148.43846649142	-0.0764132399486861	0.167810751003558	0.20731195628035	0.648882472841502	0.795573008246966
FBgn0039188	332.382915315284	-0.00577056777235425	0.167238146497993	0.00119077784173527	0.972472342936606	0.98486123655143
FBgn0039189	452.207308067851	-0.0816219741272042	0.233771805291769	0.121993620729313	0.72688222563646	0.846957448701456
FBgn0039190	169.294783641722	-0.775463092444215	0.466473596780925	2.74060824441457	0.0978275242702799	0.229054165747268
FBgn0039204	515.525230296106	0.223513688684659	0.226178289148128	0.975412132555647	0.323334107596807	0.518086102312371
FBgn0039205	107.466425828745	0.124636219366199	0.308054500168541	0.163908188632895	0.685583536999381	0.820283271929836
FBgn0039207	1466.86388396368	-0.641270254205522	0.193257811201896	10.9301631371187	0.000946111644065533	0.00674352919808907
FBgn0039209	1461.57534984388	-0.126194281118953	0.225657781851052	0.31253283404719	0.576130080264537	0.741788324619935
FBgn0039210	149.900191509279	-0.536432625214159	0.244751570282002	4.8065146163767	0.028352333718729	0.0957081073963524
FBgn0039212	419.661902855714	0.24089186605916	0.186322947396208	1.67106225273369	0.196116314870231	0.369455658628172
FBgn0039213	2743.9150270329	0.140557744623595	0.133873424314387	1.101851736941	0.293860084343726	0.485743539172312
FBgn0039214	2375.19956247154	-0.510106540322353	0.299521607233428	2.88603385470644	0.0893506376584939	0.215182867548731
FBgn0039215	788.173900906013	0.00667490721466786	0.179095937827739	0.00139118778481873	0.970246897996871	0.9834630470519
FBgn0039219	758.798964687773	0.0514526102679101	0.153768749284059	0.112066255156407	0.737803885773573	0.85214417383063
FBgn0039223	616.425088154289	0.503300226696817	0.552205257242091	0.826771081619285	0.363207869227073	0.557947368379305
FBgn0039226	350.375604134377	0.379761095937526	0.218749762953571	3.008245312943	0.0828419239084821	0.205025867697255
FBgn0039227	827.175709409113	-0.0899341271509782	0.147737477447428	0.370394789365932	0.542789152734806	0.716375707115238
FBgn0039228	36.0623150885321	-1.42716162666345	0.629538987902407	5.05527272409995	0.0245511178946895	0.0863792122419219
FBgn0039229	1459.54962999358	-0.177645607033604	0.144463430044941	1.51204609492801	0.218827135730759	0.399944209960276
FBgn0039234	1226.88032812735	-0.0703113570042222	0.152628550567967	0.212330887452225	0.644946580452037	0.792729993858306
FBgn0039238	378.310754711112	0.0552569186802109	0.266939663775818	0.0429455110145369	0.835827906327262	0.912330336656209
FBgn0039239	1678.70511728598	0.243460183292143	0.332748744140122	0.534639672400587	0.464662749778615	0.655269717248981
FBgn0039240	1168.09144179504	-0.245300290805849	0.169294602662278	2.0967552806113	0.147612098451227	0.305824646079729
FBgn0039241	20573.6749247167	-0.507677615845492	0.307253435993089	2.71616930046487	0.0993361553538964	0.231151660004178
FBgn0039244	325.097065551927	-0.0979498598827894	0.173363902380833	0.319077354759443	0.57216264918433	0.739312229667965
FBgn0039249	655.873684685774	0.221527704831594	0.225128904245012	0.96714783852353	0.325392531256733	0.520476079742639
FBgn0039250	307.900597346093	-0.255947394787888	0.174680286625878	2.14580188449452	0.142960322805216	0.299354980643861
FBgn0039251	136.041874672029	-0.798405837767211	0.47734539455302	2.77473386900853	0.0957625723201947	0.225817460757188
FBgn0039252	796.975980850674	0.343780771306626	0.165503048471229	4.3076805491264	0.037940658273232	0.118467221727884
FBgn0039257	3383.62894551454	-1.17901805582192	0.892256041202746	1.69973825309165	0.1923222114542	0.364643574102248
FBgn0039258	242.364982113913	-0.222568171437608	0.20678430972457	1.15860098517126	0.281755872838932	0.473148650649332
FBgn0039260	1265.64271390227	-0.143258800546537	0.143092266867979	1.00181575871535	0.316871545935536	0.51125882635494
FBgn0039261	975.096100446155	-0.0986201582850364	0.187235847230844	0.2775109265678	0.598337303800237	0.758740151379366
FBgn0039265	673.620657088839	0.360006987681503	0.158216481516715	5.16801571464229	0.0230064807623992	0.0824905267157296
FBgn0039266	884.618221886549	0.513158080925557	0.14969171468921	11.7049084894327	0.000623354470176606	0.00470931493564929
FBgn0039269	307.966355075299	0.0795139341442472	0.205017819783138	0.150591036179797	0.697971181672477	0.827697581921508
FBgn0039270	112.150153065858	0.0982953628490526	0.278143278085122	0.125335303243034	0.723318451454099	0.844812973610982
FBgn0039272	57.9619244205209	-0.216894627445409	0.329767449655991	0.435907616625798	0.50910431717219	0.69091258218239
FBgn0039273	129.47749893034	-0.21423515927681	0.234071696616919	0.839210162250865	0.359622762535449	0.555065813645759
FBgn0039274	74.2329188102351	0.154355936133562	0.355893996882611	0.18822042270196	0.664401889672718	0.807754515634067
FBgn0039280	109.115394039446	0.172296387425737	0.247050239057403	0.486635722796059	0.485431881944646	0.671492542135061
FBgn0039283	86.4569362137868	-0.138936330296308	0.274770244399021	0.256674012404979	0.612414416199368	0.768717654344026
FBgn0039290	468.51583571468	0.364614619490918	0.323464297301554	1.26684942736961	0.260358558293243	0.450598177601659
FBgn0039293	346.439157380414	0.413478707612255	0.165346380330319	6.24286053239775	0.012469491534106	0.0523208717531865
FBgn0039296	246.065707931449	0.415628545328402	0.255662088394247	2.63549430746662	0.104499533017919	0.239412673943352
FBgn0039297	724.994507817825	0.131572186580605	0.176494566140583	0.555574975419958	0.456048667087094	0.647702146849593
FBgn0039299	5991.76617238677	-0.714063595059258	0.514497521735698	1.90685601100564	0.167312916639913	0.33266542956976
FBgn0039301	181.435874392419	-0.0755532139520693	0.229767852546189	0.108386783646637	0.741988287530723	0.854181950315865
FBgn0039302	3541.64255421455	-0.357655566126057	0.304738785694562	1.37406849884259	0.241114087443619	0.427141278378336
FBgn0039303	1652.90886175813	0.643042930834148	0.132329396438317	23.4499608445299	1.28205332900971e-06	2.0273904256598e-05
FBgn0039304	1030.50567222116	0.892904300145225	0.180796053502938	24.0579257011256	9.34806924821315e-07	1.51075756494932e-05
FBgn0039306	261.432805231977	-0.12879857064367	0.221404967482479	0.338316036422654	0.560802854076538	0.731362795191981
FBgn0039308	363.165026510608	-0.055698696193316	0.290479962656223	0.0367630427796257	0.847948292103494	0.918298444958423
FBgn0039311	2180.64091408859	0.834952151041099	0.280082387087693	8.76755436552817	0.00306636329631646	0.0177310548667736
FBgn0039312	1764.57240326873	0.380699647659891	0.196058959117805	3.759869846133	0.0524966647230925	0.148805194190995
FBgn0039313	3038.66361374656	0.0433537818183876	0.170955566007399	0.0643094383962648	0.799809961292072	0.889865477044665
FBgn0039321	1155.56838285403	0.832046952610937	0.254307943378181	10.5644452026946	0.00115283629727278	0.00797853136245883
FBgn0039331	134.212235703203	-0.798122786301597	0.418687284801965	3.60467962753212	0.0576171692483585	0.158829709917999
FBgn0039332	121.877670453963	-0.281118997753068	0.241987850885713	1.34858375649549	0.24552585905395	0.432871164893518
FBgn0039335	256.472574982141	0.163992484899424	0.200615183087088	0.668368101610703	0.413621140236197	0.608501657459853
FBgn0039336	70.1379759291189	0.215309368695866	0.296679025633926	0.527546983900216	0.467639987988261	0.657497650415618
FBgn0039338	1890.81179481146	-0.367886350236452	0.172237442410099	4.55117125830185	0.0328962360721659	0.106562550330687
FBgn0039339	151.76105044794	0.332456466308942	0.205566487227047	2.61496690795475	0.105859733348498	0.241558388173558
FBgn0039341	1498.66757085605	0.298163422791244	0.188502069292737	2.49720281929385	0.114048701394684	0.254969784926955
FBgn0039343	147.162871189851	-0.913562554660427	0.314908465105128	8.35219024416602	0.00385222693356289	0.021193311424298
FBgn0039348	1953.39376441877	-0.0613895678945128	0.201020564369943	0.0932406269884325	0.760097098993324	0.865627058531725
FBgn0039349	1395.21811182076	0.466121904804872	0.198642016576939	5.48265327522988	0.0192060850871923	0.0722705734794819
FBgn0039350	427.525363991577	-0.045542989287308	0.145550768563757	0.0978910945361662	0.754375232450775	0.86180826659058
FBgn0039355	54.4267421014472	-0.257508804390545	0.390619866516363	0.437105262835715	0.508522940968056	0.690529932409593
FBgn0039356	109.069686595548	0.14080730225829	0.260330942310868	0.29341794380877	0.588038511057277	0.751073725100777
FBgn0039357	117.424442692593	0.323449914549758	0.299097024574456	1.17025167747683	0.279349533604948	0.471460195025434
FBgn0039358	2554.67921772215	0.8391276951103	0.215813539762652	14.914388079485	0.000112501674415566	0.00107786620525836
FBgn0039359	16296.580184219	0.604964659216615	0.167470559713047	12.9552103276499	0.000319032345102199	0.0026627874512603
FBgn0039360	686.412092505671	0.473815944469249	0.205723056945688	5.28242449956618	0.0215417311239015	0.0788077261348702
FBgn0039368	22.3063942164404	-1.05809195716001	0.69105677311145	2.34037748758281	0.126059003210373	0.274111543698456
FBgn0039373	25.9345138060721	-1.17487197836254	0.665947491916499	3.08872025779308	0.0788367882426113	0.198136092125549
FBgn0039376	37.1685957417578	-1.36477991024274	0.625186305563676	4.69626835461444	0.0302281807201983	0.100388959983075
FBgn0039379	397.481353624925	-0.0167522607293483	0.272198374020934	0.00384691962108263	0.950544085192222	0.972399142370232
FBgn0039381	699.204362253148	-0.243418817380019	0.16655071781111	2.13408871640171	0.144056047614443	0.300864038852035
FBgn0039385	398.379886214048	-0.275037726878661	0.223117835989157	1.51767550912248	0.217971597183204	0.398898324006796
FBgn0039398	276.860384247342	-1.05670364441237	0.506026912293796	4.27857783451235	0.0385956286661243	0.120045057225901
FBgn0039402	896.00509670192	-0.00154222986514723	0.134015425556391	0.000149759356276036	0.990236035224974	0.994292532410693
FBgn0039404	102.848130002429	0.141012104664384	0.271617953080395	0.270232517970804	0.603175839936631	0.762294315360849
FBgn0039406	1686.57121327594	0.656913411482791	0.193797442340785	11.399836813782	0.000734505577926165	0.00542820537656657
FBgn0039417	144.966032890334	-0.0967569434191304	0.262578852218294	0.136166709358818	0.712121958451405	0.836496826594142
FBgn0039419	270.807508966594	0.0342652965434187	0.236397968645543	0.0215641711793069	0.883252437373522	0.93740373564801
FBgn0039421	48.6197097759325	-0.364735402535468	0.487071764391731	0.563653065449301	0.452792100225274	0.645049643588605
FBgn0039425	97.1892462047265	-0.51748003580774	0.483704880706208	1.14365736179464	0.284880832947415	0.475916029899278
FBgn0039427	349.909745549672	0.17965076832755	0.196320983839741	0.837266785651593	0.360179643276251	0.555438007990992
FBgn0039430	786.698634590079	0.0238654926977778	0.161264720971576	0.0219480830274676	0.882225294652852	0.937011261074321
FBgn0039431	427.672129228432	-0.306801250818849	0.166809556248269	3.37968556411768	0.0660046463538684	0.175060114044645
FBgn0039449	101.408255465986	-0.58609827378515	0.2933076395356	3.99252645502026	0.0457024878364003	0.135555883249881
FBgn0039451	693.172942405795	-0.150328109206645	0.143872140752883	1.09159811278369	0.296117389851697	0.487852846910264
FBgn0039453	1541.07576496811	0.220161686477931	0.233925937375719	0.885204029999301	0.346780288026032	0.542358961634475
FBgn0039459	114.246394153598	-0.144313335102396	0.318317137344316	0.205216876529448	0.650542481421276	0.796501575698812
FBgn0039461	102.998974314052	0.10362490005389	0.271184232571581	0.146767542612508	0.701643749501832	0.830642100760116
FBgn0039462	74.5218883689909	-0.234964563551816	0.378348428031742	0.387841254852688	0.533436317950916	0.709439265029521
FBgn0039463	60.9609295451364	-0.732733006384065	0.550609379259067	1.76428912867328	0.184090426416643	0.354288750861604
FBgn0039465	581.283213074074	-0.105083035525502	0.296181932784939	0.12583077060404	0.722794622082789	0.844501771266902
FBgn0039466	1076.98933386499	-0.274471664162846	0.212064602024381	1.6728223753686	0.195880926644991	0.36932762750329
FBgn0039467	274.664221353525	0.417933959430987	0.26157259878875	2.54795678058575	0.110436992852123	0.249614760483384
FBgn0039470	8341.20352857021	0.535781874745502	0.322210911226498	2.74929583845845	0.0972972700081663	0.228176044993123
FBgn0039471	5606.04916764619	0.324325365395484	0.37315712788256	0.753789050661013	0.385279240068459	0.579165930896777
FBgn0039474	4407.54133658793	-0.539766235579926	0.448612586496698	1.43926249191193	0.230258722560883	0.414738307384616
FBgn0039475	2350.97319329915	-1.23380994482903	0.564182697770471	4.64497218168324	0.0311446419221931	0.102698176502777
FBgn0039482	2662.71332889451	1.01640557709237	0.414625651303557	5.8899259320963	0.0152277408403534	0.0608282413649968
FBgn0039487	737.098086506663	0.228620222783911	0.154466264753142	2.18952168301988	0.138952460170603	0.29332930826445
FBgn0039492	2559.3399547907	-0.51745864517107	0.2962432068892	3.03536953442647	0.0814679976119916	0.203014292834853
FBgn0039498	67.9343142825696	-0.873735502894591	0.500212960552691	3.02677070482409	0.0819008736718556	0.203518250994214
FBgn0039501	314.799501339065	-0.94188037394024	0.286158465499846	10.6969963758447	0.00107309613024965	0.00749129766876815
FBgn0039503	23.1330059668859	-0.835128187251333	0.514618011655656	2.65197732517202	0.103421181108297	0.237653255755108
FBgn0039505	149.754587078696	-0.069699289135953	0.212003491574987	0.108497659288375	0.741861054727553	0.854181950315865
FBgn0039507	882.028406462616	0.12294741427323	0.217103543572137	0.320559999868024	0.571271299768952	0.738701340732889
FBgn0039508	642.718039178575	0.0538275465919734	0.163178813455319	0.108884933479089	0.741417211694837	0.854181950315865
FBgn0039509	396.467246713723	0.127518566059433	0.213452370838114	0.356863894925453	0.550253127831579	0.723180458740818
FBgn0039511	181.178469034734	-0.826988983622139	0.485935659162093	2.86688731712957	0.0904195916993655	0.217282809682789
FBgn0039518	120.638685464196	-0.946712595618387	0.48498579770881	3.76543810291685	0.0523221498300394	0.148501334866603
FBgn0039521	39.8055096921488	1.53018789615689	0.616891591747117	5.97068549207162	0.0145456253410817	0.0587955098532776
FBgn0039527	907.998517535343	0.270728868391913	0.28448781227524	0.904085247708863	0.341688662766663	0.537923418421595
FBgn0039528	1178.8558292577	-0.265726452487757	0.192914714132671	1.89458619060672	0.168685550456017	0.334791114985131
FBgn0039529	316.678695179775	-0.276068912017167	0.230637424535531	1.43224214095329	0.231398868200264	0.416311744919339
FBgn0039531	130.021233977	0.0796759790641687	0.247112105374016	0.104261787289147	0.746774052088532	0.857717131879104
FBgn0039532	421.25887822149	-0.187133007616796	0.235680419571238	0.63064408096615	0.427119159186491	0.621723686596704
FBgn0039537	3037.40253376634	0.459144826839025	0.180900434516572	6.41539567840587	0.0113135116083991	0.048745325406501
FBgn0039543	2600.98454198171	0.297910022210618	0.250586503801695	1.41071172493342	0.234938278793439	0.420361538144518
FBgn0039544	298.209756167443	0.0676642536215856	0.187949114949423	0.129671034724765	0.718773365433946	0.841397741654171
FBgn0039554	490.697296357262	-0.0270250316492525	0.159398897888013	0.0287765157938509	0.865296076756563	0.927185498639941
FBgn0039555	571.364481446964	0.303931339425167	0.167032668346295	3.3063360577158	0.0690132032651325	0.180382851188249
FBgn0039557	208.462983876243	-0.0199588319772517	0.193165878126235	0.0108476268637077	0.917048771806945	0.956279645760398
FBgn0039558	236.3863307784	0.0678264933322758	0.197753358508382	0.117669777419728	0.731575675682982	0.849062707119116
FBgn0039559	827.241743708976	-0.0974556124976509	0.167816450238495	0.337112155693461	0.561500902367248	0.731858783233176
FBgn0039560	869.782327996468	-0.272354480276248	0.191871289880607	2.01293154963861	0.155963693415693	0.317687818721162
FBgn0039561	1120.93667425657	-0.0727683376153331	0.19015169031301	0.146572719711997	0.701832344531356	0.830642100760116
FBgn0039562	12726.0611811845	0.517866515749037	0.225136188931917	5.26307075044186	0.0217825533694668	0.0795568091606686
FBgn0039563	187.257346461723	-0.194003991476487	0.247559425990906	0.614293746777228	0.433175703766937	0.62826140861924
FBgn0039566	661.505629700789	-0.145781196806905	0.156435219195181	0.868975747894126	0.351239021033699	0.546797627300453
FBgn0039580	2684.66636320905	0.210520045694116	0.197972952380698	1.12962237504487	0.287855901293673	0.479056705986793
FBgn0039581	988.139379465085	-0.172705028654913	0.160457808027211	1.15874902712891	0.281725132334797	0.473148650649332
FBgn0039588	117.469862826525	-0.0510009690780265	0.258880725405877	0.0390361112246964	0.84337713969261	0.91574974608846
FBgn0039589	239.745124953136	-0.172672223580465	0.196870740234318	0.769061171000324	0.380507643358611	0.57542406940812
FBgn0039590	1036.36675645102	-0.991250215645785	0.2767758039401	12.6016598496126	0.000385404347767022	0.00312000730706073
FBgn0039592	49.7613727125951	0.0188077534550217	0.687381217255232	0.000900027086359501	0.97606669314007	0.987048437460563
FBgn0039594	731.39505311036	0.15972445520534	0.199678523347977	0.639424094744982	0.423919417749203	0.618754676829094
FBgn0039595	199.212207700589	-0.477562489589217	0.222707444079541	4.58268656032718	0.0322965409606708	0.105211071029588
FBgn0039600	1358.04464218335	-0.191256779377317	0.227743085186179	0.70491413130631	0.401137385063274	0.596099071370551
FBgn0039601	486.458086250822	-0.068448339945086	0.151501605140096	0.20409162063244	0.651438282018195	0.797155928515956
FBgn0039602	176.900254989387	-0.085846111552016	0.232541552084256	0.137246527438329	0.711033827022591	0.836087479240904
FBgn0039609	115.456075796225	0.473512929602812	0.2899756763064	2.65933650129641	0.102943668062557	0.236926167705792
FBgn0039611	702.046660196213	0.24484157839434	0.264951482259568	0.852643413205627	0.355805603047396	0.551683120943634
FBgn0039620	1167.41912455015	-0.667614666183609	0.290927286909814	5.22214971872457	0.0223009662690358	0.0807161628575424
FBgn0039623	539.955602356069	-0.0666427633097983	0.190573367388944	0.122461468093476	0.72638001194142	0.846800508275714
FBgn0039625	621.737032796642	0.254136317149271	0.222891128522399	1.29800201426794	0.254578501420164	0.443751416786234
FBgn0039626	233.068610818659	0.0208953767177627	0.182963926499159	0.0130925778260931	0.908902638596604	0.951834427127514
FBgn0039627	97.954770495659	0.225033982458906	0.30853923800987	0.532102383852575	0.465724312386065	0.656058641841417
FBgn0039631	179.903959771762	-0.561477121358038	0.210390764181196	7.10708358711733	0.00767799252053464	0.0361529381009593
FBgn0039632	1139.89521234047	-0.720035369177611	0.303522659311901	5.57497605451513	0.0182189141496411	0.069739224266446
FBgn0039633	1627.27149701716	-0.756066001483105	0.25891768345312	8.43734709040099	0.00367592120182841	0.0205293219524898
FBgn0039634	492.851033005927	-0.0603583889579724	0.178426633902281	0.114632841048063	0.734930129418795	0.850830178661482
FBgn0039636	369.374185623493	0.0289007019516261	0.195720943916683	0.0218712412966724	0.882430142738849	0.937011261074321
FBgn0039637	2421.62921717679	-0.314684028965271	0.484302728368004	0.421417407500485	0.516230631535914	0.69662319814542
FBgn0039638	147.377134319988	-0.444975758893848	0.212545743857287	4.37935575291714	0.0363767443828083	0.115008381380831
FBgn0039640	291.891856067171	-0.122904706039293	0.16687674790263	0.542167695388457	0.461535749077603	0.652658886195636
FBgn0039642	182.649992490847	-0.431164854828774	0.320089664624812	1.81170238540734	0.178304147615427	0.347298638164334
FBgn0039644	533.344982030419	0.300347530181806	0.253086760138137	1.40606498431703	0.235710728161913	0.42120070677092
FBgn0039645	170.743024193225	0.909985349162361	0.381029687791448	5.62258771687294	0.0177304513467694	0.0682309213623607
FBgn0039647	92.3170983327671	0.0270934954017277	0.250992069877287	0.0118279503996064	0.913395721479268	0.954280962989044
FBgn0039651	132.815803111861	-0.417749293233487	0.37770041267554	1.22265164145227	0.2688408933834	0.458787945327017
FBgn0039654	458.941587661629	-0.405965258509816	0.158745748274687	6.52619772515904	0.0106296944330008	0.0464568715585927
FBgn0039663	137.121886208843	-0.63911561441733	0.247555455866969	6.66233404371684	0.00984718559980458	0.0437740885303152
FBgn0039664	123.095145565226	0.0176279697844785	0.268138932711905	0.00443448627088827	0.946906563659925	0.971059190998907
FBgn0039665	498.942280583586	-0.172668779656992	0.267837487801196	0.41522490873237	0.519329390319287	0.699094209027825
FBgn0039668	2474.03650926351	-0.0160751924824824	0.178431500314799	0.00812500119417336	0.928176925887671	0.962311502060017
FBgn0039669	58.3733076439831	-0.518369744518618	0.43359335359046	1.42911742194904	0.231908529688628	0.416690313330218
FBgn0039670	3809.2545744047	0.825491012035551	0.183239138208263	20.0339050535473	7.60811732694387e-06	0.000100349816581394
FBgn0039680	565.708666510568	-0.309886595046729	0.196791396755795	2.47597421901695	0.11559779725968	0.257389594504017
FBgn0039682	5628.57758138994	0.185805935002529	0.184707648779919	1.01122610241725	0.314609281925992	0.508911513054986
FBgn0039683	112.950767957792	-0.185900909423467	0.279134614564632	0.44271109399007	0.505816820003447	0.688678848898383
FBgn0039685	173029.875806454	0.533153500581761	0.337715919525403	2.47824228875558	0.115431188892834	0.25725627673249
FBgn0039687	52.6031098783006	-0.162414516568432	0.376402718734505	0.187571837543345	0.664945286642527	0.808081147133131
FBgn0039688	2485.25045415073	-0.388374929178955	0.408584581383854	0.900961283403163	0.342524086470144	0.538374160850116
FBgn0039689	380.852821964814	0.413774240048587	0.236206633572658	3.05835029933117	0.0803231813050499	0.20088542145709
FBgn0039690	1177.46799400326	0.781343359379012	0.227720388667279	11.6378765638134	0.00064622330281943	0.00484475312156215
FBgn0039691	593.868553415821	0.204924002351611	0.140230478015842	2.13481108254047	0.143988200003058	0.300793531445781
FBgn0039694	104.253751159849	-0.99053692973309	0.395865470179251	6.19465262184856	0.01281368725995	0.0535635791796506
FBgn0039696	303.442016153945	-0.0957945483475457	0.171471563370026	0.312450154064038	0.576180550424415	0.741788324619935
FBgn0039697	2491.45073009222	0.938182077790674	0.172606382056149	29.0683412743524	6.9869469848628e-08	1.38235022857465e-06
FBgn0039698	373.230319545462	0.521644762616846	0.215448840779437	5.83482558645674	0.0157119672374272	0.0622552307602414
FBgn0039702	108.679587958141	-0.0671816196802712	0.292352782938691	0.0530654147625214	0.817812571687924	0.900359093271895
FBgn0039707	53.8902457096902	-0.660469065022406	0.621223001731679	1.12740460647002	0.288329618802527	0.479498785584903
FBgn0039709	1298.4667033431	-0.165901536968069	0.17555000461801	0.892741060236048	0.344735586013666	0.540502276294347
FBgn0039710	315.70015768917	-0.00140585452006581	0.191526899543274	0.000177301073108538	0.989376126025673	0.993994641472224
FBgn0039712	330.941936911005	0.0776910013480773	0.17747453040955	0.192050320166111	0.661215604416684	0.804878809956245
FBgn0039713	30592.3286223098	0.531402201561213	0.145141841816718	13.3300818821641	0.000261182114476163	0.00224845949086602
FBgn0039714	2415.9731499486	-0.207253105100841	0.241042211900182	0.738840169541092	0.39003266663727	0.583824978864678
FBgn0039722	39.6806447663976	-0.430410667546819	0.368620663911056	1.36944799580905	0.241906748292912	0.42802990714591
FBgn0039726	306.057477663999	0.27256416767415	0.19466194292268	1.95881595075258	0.161640007021255	0.324530471434711
FBgn0039727	855.197616424701	-0.353030802606078	0.32848159012241	1.15250561847684	0.283025249582967	0.474076347355975
FBgn0039728	597.283254666662	-0.39239546285324	0.208065885399071	3.54995538448435	0.0595470512543031	0.162524955232901
FBgn0039730	369.609433429656	-0.0520725784933782	0.161771755184386	0.103572083260133	0.747584387894731	0.858049510767833
FBgn0039731	64.8164702281983	-0.189575240697855	0.371937676546566	0.261872261772702	0.608836793902354	0.766606145746914
FBgn0039732	83.064755790778	-0.0453366484223863	0.273648645555848	0.0276402986038065	0.867957287106766	0.928909048081274
FBgn0039733	362.175642413776	-0.329606497067858	0.183775986202891	3.21339693993421	0.073037701766809	0.187786911535642
FBgn0039734	104.381054455088	-0.182532066871203	0.300250478914863	0.370370552243976	0.542802354688631	0.716375707115238
FBgn0039735	832.330408317581	0.133132528877085	0.199780449871443	0.444096110441762	0.505152034254567	0.688092243016718
FBgn0039736	269.330145535836	-0.219979532682435	0.264207665904431	0.693359501858488	0.405024034854069	0.59955243810641
FBgn0039738	471.654467467486	-0.112024699293229	0.167716711471866	0.445805309056375	0.504333706841286	0.687699378994105
FBgn0039740	186.426760251178	-0.0863912882238288	0.265146688850685	0.10611337527282	0.744613147917546	0.856198386398804
FBgn0039741	273.037035069444	0.823116025362737	0.227740242140846	12.9513444626203	0.000319691820428872	0.0026627874512603
FBgn0039742	342.850341034883	-0.953886459808903	0.357017345223095	7.01921463812889	0.00806395926511588	0.0376012896285215
FBgn0039743	505.813071320886	-0.162796899325562	0.177134652090043	0.844611510567958	0.358081198429673	0.553460937982735
FBgn0039751	203.976391421573	0.534629228609033	0.188317031113984	8.04261629734789	0.00456895001165455	0.0244935691997811
FBgn0039752	92.4432742783029	-0.538930398005741	0.407351449145395	1.74689241246045	0.186267876810661	0.357198866986148
FBgn0039757	31034.1246283897	0.547744956277146	0.197056383395231	7.68045220250147	0.00558221781152514	0.0283036338647779
FBgn0039759	300.81242421233	-0.366313983959259	1.06508150365072	0.117947204316224	0.731271665153475	0.848933189490101
FBgn0039760	18258.7313766892	-0.0676369461772995	0.265938929917298	0.0646786836826436	0.799248317554386	0.889460219651104
FBgn0039767	1425.82424767826	-0.111895614442708	0.16884877199891	0.438989903220346	0.507610389367255	0.689996863734322
FBgn0039773	450.75751570894	-0.227069592816291	0.234170681220839	0.938465950974091	0.332672672307343	0.528158269240733
FBgn0039774	857.15640616139	0.437938479107517	0.252026306820988	3.0082842639849	0.0828399330760095	0.205025867697255
FBgn0039776	1127.29862657026	0.665450650953347	0.201231451063051	10.8461612027701	0.00099000777888427	0.0070054760552324
FBgn0039777	36215.165541904	0.866347831875495	0.186184263480879	21.3355083319954	3.85524002660688e-06	5.51355559072595e-05
FBgn0039787	527.703637722961	-0.164675628166101	0.178344527230239	0.852163756508759	0.355940941393716	0.551796006124059
FBgn0039788	118.856306245361	-0.661205748805164	0.282328184372489	5.48489185916233	0.0191815064566769	0.072259088583357
FBgn0039789	986.083951134227	-0.190150006092982	0.183918912190044	1.06812820229732	0.301368623595999	0.49337230697794
FBgn0039790	909.629464108309	0.210473542969214	0.176942068849055	1.41352444312091	0.234472195673622	0.419927472016245
FBgn0039792	251.745251383076	-0.83238608190239	0.479464062044604	2.98047815882502	0.0842743720219634	0.20724806685687
FBgn0039797	268.868530558917	-0.74643202360458	0.291849574029925	6.49387519726423	0.0108246760784653	0.0471341139650093
FBgn0039799	59.0915955038393	-0.854494349349036	0.444298836074729	3.67815739547009	0.0551297436156352	0.154042070191376
FBgn0039801	161.380943311172	0.836287992695345	0.347399357187029	5.73846461580355	0.0165972949876596	0.0646883970720441
FBgn0039802	1002.34336893872	0.819485946913205	0.171743178581921	22.5123158166427	2.08800604124233e-06	3.16030279724225e-05
FBgn0039805	419.256088243746	0.93971025230617	0.213382553462143	19.1378119983608	1.21611575716691e-05	0.000152863325373801
FBgn0039807	122.417166034247	0.550109851667985	0.4510853149989	1.47903353028124	0.223925796690153	0.406317341146188
FBgn0039808	124.768076550811	-0.312456653954704	0.364253709242754	0.736386321137502	0.390820933030877	0.584509137807535
FBgn0039809	208.35524491619	-0.251378057090841	0.235023884756305	1.14499412855636	0.284599510924122	0.475716250122078
FBgn0039818	543.040022833619	-0.295446851271712	0.253945531428468	1.35066716204383	0.245161516509128	0.432386230008863
FBgn0039827	1028.57289770736	0.109079179443099	0.142197437357776	0.588368116112278	0.443050852775519	0.636619561128672
FBgn0039828	294.881803969245	-0.0201214266205341	0.201287030196542	0.0100035715567515	0.920330149338747	0.958342369337397
FBgn0039829	42.4110249710696	-0.412823422900224	0.381341121221425	1.17870944997814	0.277618882545632	0.469472790261146
FBgn0039831	1284.83271333843	0.092307770256517	0.249544552946824	0.136787373102251	0.711495919524982	0.836095351430076
FBgn0039844	1869.00856542454	-0.794546964509409	0.445713483072859	3.13938966780259	0.0764224005954376	0.193890529860305
FBgn0039846	308.779667340409	-0.0490177657994414	0.163580860221654	0.0897565267701026	0.764486909844821	0.867854431039586
FBgn0039849	2003.93231443968	0.593634878359106	0.21752556638717	7.39650088654582	0.00653508742153855	0.0320303404149735
FBgn0039851	175.985287984218	-0.808692169949786	0.648998322370643	1.53568270613681	0.215261571407741	0.395228486496442
FBgn0039852	268.526705624849	-0.67664556006714	0.368039458441613	3.3581765615457	0.0668720756357144	0.176364772757179
FBgn0039854	296.122386805022	0.601275721753529	0.219688504076759	7.44808270877087	0.00635040588288513	0.0313050176036751
FBgn0039856	488.912468998717	0.999662681577879	0.393108059296693	6.34716935372788	0.0117568745330106	0.0501020074874113
FBgn0039857	21109.2094897667	0.502204096803226	0.160324790248077	9.76318974500235	0.0017804073697122	0.011459018694632
FBgn0039858	17449.1764408943	0.245073906248751	0.245025310955587	0.999165854814137	0.317512430794415	0.51173145010592
FBgn0039860	96.4572965373258	0.578832679927337	0.29927825284028	3.7274017380384	0.0535265963814763	0.15080417831103
FBgn0039861	265.144572356039	-0.0122922102420849	0.195084334510903	0.00397611218084393	0.9497215765124	0.972197585979747
FBgn0039863	1180.54372935329	-0.420492068899491	0.296670894849397	2.00268625343422	0.157020716653416	0.31886368077332
FBgn0039864	102.853085990453	-0.00898921072382048	0.298568217597843	0.00094543795026425	0.975470530926222	0.986765099724061
FBgn0039867	251.556836593349	-0.0090805138939789	0.19328182907825	0.00231377740341543	0.961635159390565	0.97815200535589
FBgn0039868	98.6356665971286	0.26761250771725	0.350423871322132	0.584053033422727	0.444728031953803	0.638198106027054
FBgn0039869	530.058107311427	-0.136173796624538	0.179734356567191	0.573609998638815	0.448827954523349	0.64220169786185
FBgn0039872	683.162580716453	0.856046156696341	0.320169369993877	7.05130659930668	0.00792074540122386	0.0371571809784154
FBgn0039875	1356.93982065931	0.223964501022923	0.160633648827476	1.94215414554805	0.163434831124554	0.327314786618943
FBgn0039876	100.999333022374	-0.178738564372497	0.284134695635344	0.396553106665095	0.528874766613338	0.706693196749548
FBgn0039877	651.413396548348	0.511137820193647	0.190342141850934	7.18078480590655	0.00736884674992315	0.0349584428609257
FBgn0039881	86.0111820256532	-0.513022094190028	0.410940134753961	1.56038161463562	0.211609353300974	0.390472800821371
FBgn0039882	651.056539115286	0.658216397475122	0.182271143304315	12.9516255301952	0.000319643826998105	0.0026627874512603
FBgn0039883	293.896107179964	-0.631354341940798	0.222615323922233	8.00555815437506	0.00466339861631367	0.0248940286692993
FBgn0039886	267.299192034079	-0.401756027512936	0.229414967593605	3.06445370464716	0.080022055876631	0.200316204554721
FBgn0039887	31.2195938832845	-0.698581758798124	0.551378528801481	1.61367052412742	0.20397660614071	0.38028514104915
FBgn0039890	1305.05419199653	0.356526887478684	0.253809667050619	1.96886733184861	0.160568139634599	0.323261068705385
FBgn0039902	567.110174850063	-0.17171562818631	0.18979714365294	0.818672213285467	0.365568665655611	0.559642245965495
FBgn0039904	1186.4598797268	-0.0535038455187186	0.207050791979885	0.0668050452439388	0.79604673025912	0.887356789768378
FBgn0039907	1255.97170755166	-0.112367690647252	0.160754583902376	0.488702611794395	0.484506611055869	0.671054204356772
FBgn0039908	386.79894872949	0.442787879715957	0.216806259179077	4.1602817170668	0.0413825205601801	0.126114588623922
FBgn0039909	1889.37303866521	0.651468792595633	0.16013811276942	16.4255420695417	5.05988085947166e-05	0.000536639287307426
FBgn0039914	283.362692409605	0.160175438726107	0.279461009316477	0.328483784639147	0.566553257479858	0.735835434795741
FBgn0039915	196.638174036233	0.098902635792601	0.348668313203773	0.0805597106902525	0.776540336453448	0.875161783042342
FBgn0039920	425.104699508253	-0.17261261017436	0.18731837732253	0.84907262035955	0.356814821391238	0.552374383150225
FBgn0039923	702.31798015591	0.0694358084107711	0.26555511294591	0.068411024156461	0.793664532205138	0.885707751168788
FBgn0039924	403.686111425816	-0.0044650646056944	0.284445195791713	0.000369058543213896	0.984672865080869	0.991758678482246
FBgn0039927	309.62508625757	0.144741956085954	0.318294510418572	0.206758513558313	0.649319998569897	0.79589868598321
FBgn0039928	808.443088904595	0.17284864102826	0.277146392138293	0.388920358462826	0.53286745369234	0.709138425511144
FBgn0039929	270.719758634538	0.137041522925636	0.33319560720398	0.169405928079428	0.680640318682843	0.81769505405819
FBgn0039930	163.277543474696	0.120831929664855	0.238324184469443	0.257133194191077	0.612096565066187	0.768717654344026
FBgn0039936	1702.23983365781	0.0976204375607992	0.206739071918384	0.222937384464629	0.636810835819865	0.786674900640416
FBgn0039938	159.205838618021	-0.265206583386768	0.252724688827891	1.10083751632784	0.294082377942983	0.485769918189607
FBgn0039941	263.720424113097	0.536606634509653	0.337343894958798	2.5185982479659	0.112510557617281	0.252747749596458
FBgn0039942	106.61995463359	0.0670057128392634	0.236271679384274	0.0805494912852254	0.77655413388643	0.875161783042342
FBgn0039943	379.982740003657	0.0830542425344273	0.174282878223007	0.227194091295011	0.633612217840719	0.78437068044704
FBgn0039944	406.580807720286	-0.0985884595534224	0.158145262834655	0.388951214493325	0.532851203637325	0.709138425511144
FBgn0039946	82.9902947626616	-0.5887537263918	0.28346239183719	4.30783422865885	0.0379372307307454	0.118467221727884
FBgn0039955	615.821487626044	0.0344411612474606	0.255241778978473	0.0182310059588389	0.89259428842664	0.943489698260262
FBgn0039958	300.535489513317	0.291216938106177	0.259983546266047	1.25369386620726	0.262848139829199	0.45229562906647
FBgn0039965	269.928156451637	0.187503774733296	0.225238573305999	0.69302771585275	0.405136447657953	0.599618251280405
FBgn0039966	141.025280236244	0.082377272252269	0.250040772237996	0.108578348931928	0.741768506474123	0.854181950315865
FBgn0039969	239.301798723335	0.378733245570966	0.353354506510782	1.14668972237563	0.284243180266762	0.475390792773675
FBgn0039970	1242.17674751739	0.261537090543171	0.22609089530326	1.33625665767461	0.247695194511507	0.435564447263758
FBgn0039977	106.665088687831	-0.243198595857601	0.403714408426977	0.363372872094139	0.546638969749036	0.719609468755109
FBgn0039993	721.02375484446	0.594771308570657	0.221049797537807	7.19712974846199	0.00730202776250769	0.0346974114035368
FBgn0039994	320.219579435316	-0.17795376930113	0.277007188277066	0.412992390605623	0.520454580371283	0.69995818828
FBgn0040005	272.667921418835	0.123722795411051	0.33007124000641	0.140639156695912	0.70764642908555	0.833563517453325
FBgn0040007	737.048624125234	0.619536547097787	0.851862893015954	0.524984169964455	0.468723286152758	0.658327819872476
FBgn0040009	142.486462061245	0.150583623013986	0.299482495129937	0.253119361741341	0.61488715321255	0.770376862125165
FBgn0040010	234.018649365003	0.144202922989319	0.310362047951724	0.215959020534555	0.642136343903913	0.790650185345024
FBgn0040011	692.662928919589	-0.257924946877031	0.241118556440028	1.14380055430566	0.284850681287569	0.475916029899278
FBgn0040022	346.75923921087	-0.0187329798797382	0.300163910468538	0.0039483005687373	0.949897493577734	0.972264874530788
FBgn0040028	301.019594248882	0.0387979074444093	0.336402981873601	0.0133845393672658	0.90789698755984	0.951232844719547
FBgn0040060	43140.2914611147	0.538847562927953	0.265411565999578	4.0981050528562	0.0429313049368115	0.129690460377413
FBgn0040064	5096.071197052	0.588795506611552	0.202711426970848	8.37926442132354	0.00379525996341615	0.0210096448664894
FBgn0040066	501.356100706433	-0.311742821375447	0.157265362700997	3.92840990035063	0.0474768153514609	0.139224965979683
FBgn0040068	806.433421628231	-0.0491485055155245	0.176696999946266	0.0773758176832189	0.780885631304451	0.878222637092847
FBgn0040071	952.893997667474	-0.480449495020163	0.199270990539406	5.79018600050324	0.0161158839705335	0.0634232406274201
FBgn0040075	964.873015733731	-0.453233391413312	0.185552772678208	5.94447517515788	0.0147634864279798	0.059481855314942
FBgn0040076	38.1930437947333	-1.08192354939409	0.504317759394719	4.57722759144033	0.0323995950313528	0.105457036723223
FBgn0040077	361.480248989557	0.554567781920919	0.180583613298158	9.39503093870749	0.00217574331761962	0.0134917491459421
FBgn0040078	978.54343603752	-0.0494728184827288	0.150835274350032	0.107571959974806	0.742925540259969	0.855149356542391
FBgn0040079	293.622018329045	0.176095398278763	0.20665141335627	0.726067949438786	0.394160695893372	0.588108552682299
FBgn0040080	940.733018434046	-0.106414426054956	0.146550888623168	0.527009752893889	0.467866741559636	0.657618702644771
FBgn0040087	1196.21235643218	-0.0694329634006686	0.183420757444293	0.143247973785549	0.7050732012683	0.833005162713734
FBgn0040089	166.024116231189	0.376413602530611	0.287690387813397	1.7081429415997	0.191226491707536	0.363495885662531
FBgn0040091	167.207741722766	-0.0877894370801652	0.238382257739791	0.135519042636055	0.712776965009229	0.836820641197637
FBgn0040153	693.680678483754	0.193896376155473	0.576560142118966	0.11304198794852	0.73670710318069	0.851535968488312
FBgn0040206	434.394612585008	0.16791209956717	0.171893002490203	0.95405248661212	0.328689912399828	0.52426542298781
FBgn0040207	457.418274061798	-0.0849309689242014	0.170372413913679	0.248923043139975	0.617834418729214	0.773191165914989
FBgn0040208	917.607080235549	-0.534438975640388	0.137915849712501	14.9625848559683	0.000109664175555406	0.00105392819944513
FBgn0040211	77.4564289701546	1.0093439673649	0.693801330181303	2.07929091426045	0.149309522871184	0.308260933508501
FBgn0040227	5549.03346604163	0.35244441279858	0.18983715434385	3.43818278425226	0.0637057261597055	0.170655533586291
FBgn0040228	230.23750584221	-0.192283683039529	0.215285282160523	0.799167370199299	0.371342428780196	0.565830701356665
FBgn0040230	735.998489408343	-0.506879324515333	0.171834867382232	8.6638856243178	0.0032457843492985	0.0185503304963283
FBgn0040232	388.16089577043	-0.45592041422022	0.265038800755495	2.95111130664505	0.08581852611843	0.209595397313722
FBgn0040233	619.276081334612	0.276353375585739	0.233694767860296	1.39690214288159	0.237242942229612	0.422928965128706
FBgn0040234	701.167743313306	0.477303866956338	0.26375123646052	3.26129936991647	0.0709328987748884	0.183659594715263
FBgn0040235	304.736950899916	0.0364861459741197	0.234113062998104	0.0245221816339978	0.875563571221774	0.932187856233221
FBgn0040236	2703.48706005814	-0.349722067940506	0.213459884899036	2.67745873082491	0.101778027999573	0.235101915986449
FBgn0040238	675.537953547157	0.212979351805043	0.187224299683938	1.29268311363435	0.255554075190609	0.444617358963862
FBgn0040239	303.128430807825	-0.167469011839869	0.17867114720776	0.880490275576051	0.34806743206617	0.543986365666292
FBgn0040251	78.5353712730951	-0.165577946835315	0.305394828415159	0.297750619181997	0.585296028885154	0.749043097734967
FBgn0040252	373.340410350133	0.156689885603878	0.279071527242575	0.315062271375567	0.574590259983017	0.740662660170489
FBgn0040268	347.21643202703	-0.126641287538717	0.223291388350561	0.321973384914671	0.57042411944775	0.737982916276114
FBgn0040271	569.325870625535	-0.666344846818267	0.262553311595952	6.39518846800527	0.0114430081047314	0.0490637043324342
FBgn0040273	1231.76288104128	-0.187016867686703	0.146205864316318	1.63507639215426	0.201002347483284	0.376250469705663
FBgn0040281	156.69708646902	-0.639209935495136	0.246334007495567	6.72338134575723	0.00951570494379913	0.0425155678067705
FBgn0040283	755.318929109285	-0.0819978729884848	0.192877670365902	0.180810021136992	0.670678043397418	0.811244228459954
FBgn0040285	1746.10859765494	-0.0101161515272232	0.158996989163983	0.00405849643597378	0.949204064664972	0.972118926021786
FBgn0040291	61.8634937673013	-0.787434868184845	0.379809356860824	4.27271499360862	0.0387290031387509	0.120163404956518
FBgn0040294	294.934380922478	-0.1610248228921	0.213535310928048	0.569754628160979	0.450356437083472	0.643345507661414
FBgn0040297	1322.94451583749	-0.245535279691403	0.227235244546909	1.16648824770023	0.280123987720027	0.471900356556228
FBgn0040298	186.506843530776	-0.00812017246538648	0.221862841667546	0.00187735312837134	0.965439726039628	0.980673220110016
FBgn0040299	745.472243376774	0.341812973689319	0.265192176593669	1.65769459507015	0.197914882674305	0.371811991636804
FBgn0040305	796.014936544482	0.370061453061294	0.168429917397569	4.81523672851074	0.0282091967493092	0.0953468843052939
FBgn0040308	613.174121616949	0.165653835306428	0.144003303510141	1.32325333427976	0.250009012530451	0.438322973687404
FBgn0040319	2242.2651638525	0.0969721119903885	0.274786002322554	0.124511571661046	0.72419192082898	0.845585538529453
FBgn0040321	3116.25000008341	0.101758372945545	0.188375694233057	0.291708398871918	0.589127822437812	0.751203757372624
FBgn0040322	130.315030784413	0.0430743172789645	0.30232876698358	0.0209251284571721	0.884983107949886	0.938479863544021
FBgn0040323	346.534120082915	0.360280169220926	0.254278087502821	2.00208498193271	0.157083003209612	0.31886368077332
FBgn0040324	650.005585159501	-0.0795141767666301	0.203576098145401	0.152839002367998	0.695836936251805	0.826506138485086
FBgn0040333	124.325226735631	-0.0796435034066571	0.303060387001873	0.0697566664952731	0.791691403177499	0.884513160501171
FBgn0040334	343.184975920751	-0.397534121887767	0.324717895543959	1.49361547469651	0.221656344785898	0.4028444345397
FBgn0040339	150.464248923114	-0.12231068164901	0.214765484880073	0.324596378627788	0.568858395065455	0.73725958982051
FBgn0040340	4167.6863986847	0.799606329334759	0.157986935132974	25.3081819945545	4.88631630953246e-07	8.25993393013687e-06
FBgn0040342	281.896956029263	0.952042815474413	0.336988477202338	7.85753429126342	0.00506093632545058	0.0264760962885269
FBgn0040344	683.413461935907	-0.354921747016845	0.196931206049041	3.23972539719325	0.0718726837163517	0.185331549127144
FBgn0040345	36.4433728670461	-0.720444396043216	0.540954410409946	1.77812390257427	0.182379869242276	0.352195880769971
FBgn0040346	299.794046813095	-0.0167301367427465	0.236998162540094	0.00520783866291197	0.942470314859495	0.968820836244196
FBgn0040347	84.2476022817609	-0.132292776400043	0.272248348687338	0.235872230368798	0.627203433808752	0.779561217067815
FBgn0040350	727.005983696778	0.336248683341951	0.249173189861398	1.81658757631983	0.177720004370704	0.346487255538465
FBgn0040356	25.0438025806225	-1.33879470656815	0.579980614179428	5.31564617653592	0.0211347542640952	0.0777054465109899
FBgn0040367	166.840618359245	-0.605137795777449	0.655582454053659	0.847368126951636	0.357297949634817	0.552823280347521
FBgn0040368	59.465424388195	-0.732605594389602	0.468291814141377	2.43901624839185	0.118350427061817	0.261633898385334
FBgn0040371	103.247995238836	-0.889636288969483	0.599353779772501	2.17754119821006	0.140038031984363	0.294695492551203
FBgn0040372	507.458563279626	-0.36605999984301	0.203731666922	3.22401583278432	0.0725654034616469	0.186735818065201
FBgn0040373	193.150057541144	0.0775897126672288	0.223467236865117	0.120671386246656	0.728307454789198	0.847946296485009
FBgn0040382	3039.15720975956	0.112648438740247	0.209090457269016	0.29014709231673	0.590126285489998	0.751925503542949
FBgn0040383	2727.47614594709	0.900869760383515	0.249131184893136	12.8722384418944	0.00033349247440832	0.00275795463371979
FBgn0040384	1036.01434980562	0.586223194122921	0.188050464468037	9.65958420071419	0.00188366250247587	0.012027069768169
FBgn0040388	457.168250467577	-0.502930861116845	0.210967374698999	5.6658832991685	0.0172980040336012	0.0669057338665512
FBgn0040389	131.081485733769	0.270189131597843	0.270280911643914	1.00048427171713	0.317193356651164	0.511404015912639
FBgn0040391	58.1076574327702	-0.3776662093757	0.371649814317909	1.03697752987988	0.308525461838237	0.501183482190833
FBgn0040393	1147.61873167827	0.577785877795355	0.351926487656661	2.6779002633078	0.10174980892835	0.235101915986449
FBgn0040394	857.467644154809	0.0647074272109295	0.159064307321061	0.16551123402364	0.684132322992462	0.819369791675384
FBgn0040395	1020.65236759691	-0.156027908451073	0.1696327297233	0.845363497995521	0.357867299399049	0.55326541735267
FBgn0040396	499.182544499959	0.436922590851877	0.141167654549683	9.5612052573427	0.00198732584874935	0.0125397923299719
FBgn0040397	721.837268747978	-0.0738689562511402	0.336761054992372	0.0481293096428601	0.826350985538237	0.906987219851533
FBgn0040398	7309.46437162096	0.118176534585577	0.314416645084868	0.141223101452738	0.707068098961956	0.833563517453325
FBgn0040465	70.5572498044149	-0.381434712272691	0.316713740731315	1.44955166801857	0.228599904784842	0.412339648369061
FBgn0040475	1928.29988992551	-0.0716825229993908	0.191182670908854	0.140549364159824	0.707735479687252	0.833563517453325
FBgn0040493	6085.23548687326	-0.0907942077149026	0.209885491211542	0.187091436238134	0.665348495657806	0.80812596361796
FBgn0040496	136.554180395075	0.0308715253410796	0.26781860236416	0.0135316506157821	0.907394479073418	0.950932171418508
FBgn0040503	159.408048374032	-0.0418559922126353	0.216799873607057	0.0373560773590853	0.846741878751225	0.9173365112537
FBgn0040505	487.498594238488	-0.310154857126888	0.178912734791796	3.00049690818915	0.083238983070181	0.205627319879977
FBgn0040507	737.665094919105	0.811668031158021	0.209453412840223	14.8414022952092	0.000116939920419254	0.00111675092833279
FBgn0040508	214.716380194664	-0.960469424471432	0.434824338458215	4.80878844415568	0.0283149456602007	0.0956550844202188
FBgn0040512	834.88606590388	0.393153193911944	0.172160535758962	5.20020176695836	0.0225842665627269	0.08145419463425
FBgn0040513	197.383121686633	-0.0570422848909203	0.199740192827715	0.0815247922411899	0.775241596318023	0.874438431025213
FBgn0040519	104.238045818094	-0.746362271352932	0.642212788787198	1.34046812074115	0.246951431057568	0.434863186520052
FBgn0040532	1350.80682455349	0.199782730123224	0.259492368350639	0.592302938724771	0.44152996579092	0.635572662012901
FBgn0040534	173.47066149466	0.25189578964667	0.219277729029231	1.31950765891276	0.250680429624506	0.43897680313686
FBgn0040551	267.82585911118	0.159366002309393	0.206607037928171	0.59508644638413	0.44045893442346	0.634858926442407
FBgn0040565	1875.80598885254	0.168772998077606	0.258311148412195	0.426635856353784	0.513644316190711	0.694513859342144
FBgn0040623	920.390528622713	0.57502040183612	0.213248983890078	7.22576158328006	0.00718646777152017	0.0342712274637495
FBgn0040636	524.949537443254	-0.151794287206729	0.203360933228146	0.557433710739573	0.455296091408622	0.647049880913139
FBgn0040660	5193.81155471598	0.356088007626455	0.127937414807098	7.72849148250114	0.00543561442802102	0.0277804155616402
FBgn0040666	165.963349761029	0.283015946317274	0.213266073578796	1.76072518632501	0.184534088079899	0.354944856149012
FBgn0040717	6637.44000513333	0.903266755129693	0.194449814611211	21.2404283331068	4.0512840226196e-06	5.76589197025732e-05
FBgn0040718	6255.35438349784	0.249842294152754	0.356675803326029	0.490051733993397	0.483904228006657	0.670430351378669
FBgn0040732	4207.17062804149	0.176489372392228	0.261748789226405	0.454378800199592	0.500262833568202	0.684178432021979
FBgn0040736	85.0738893722702	0.822650707361408	1.38793071650558	0.346312034666454	0.556208259041036	0.728003024781111
FBgn0040752	1925.70884502218	-0.511710981685416	0.199605415975057	6.5409323138785	0.0105420087458902	0.0462102121569303
FBgn0040754	132.575969186389	0.165595576069933	0.266110198696249	0.387359332144172	0.533690724977053	0.709443651280132
FBgn0040759	448.529085290982	-0.357744927828003	0.228018755735242	2.45872775192501	0.116873411573245	0.259379020050884
FBgn0040765	295.808671518627	0.270052572626279	0.297090286717863	0.824777763399723	0.363786953128672	0.558367729067212
FBgn0040777	4011.28582582062	-0.22563913253325	0.207488157738811	1.18130547002571	0.277090387993409	0.468848625820487
FBgn0040780	35.6602009334444	-0.266904323029779	0.402510671212612	0.44567501544249	0.504396008709185	0.687699378994105
FBgn0040817	683.047540044578	0.729290861991897	0.294400155239083	6.07579437052604	0.013704665687988	0.0563250908387545
FBgn0040827	2858.07865123358	0.826785760136315	0.276254404039349	8.83906976034373	0.00294849393745622	0.0171846172418188
FBgn0040837	80.3365709253898	0.980637482334858	0.341413562983454	8.16641873431075	0.00426730810869537	0.0231010593565202
FBgn0040850	215.313373019782	-0.179371315388205	0.250496602215253	0.514098436832683	0.473370036144235	0.661758111365135
FBgn0040918	2403.87851991363	0.109280012426924	0.268380139486681	0.165733309892332	0.683931927626529	0.819306995571068
FBgn0040941	8564.56784211167	0.0376441709834465	0.400382046785244	0.00883896992971245	0.92509660878509	0.960455741542678
FBgn0040942	437.102372828379	0.736825532665271	0.233488839706817	9.87284676993733	0.00167735779544987	0.0109555922924127
FBgn0040950	4984.0752605238	-0.364280897063305	0.19799331557545	3.3764351682223	0.0661349558975569	0.175353020084147
FBgn0040958	2818.29936451896	-0.174287478743881	0.179905759211726	0.937925398549567	0.332811947759995	0.528284336577477
FBgn0040959	6492.04937573238	0.0650661186800944	0.186146788556294	0.122168930886659	0.72669391145193	0.846849851380327
FBgn0040963	74.2800929497139	-0.625987151722994	0.528862526740106	1.39773590968476	0.237103021223206	0.422836915778814
FBgn0040985	888.23787944802	0.0642822814036002	0.165631070852814	0.150684050798503	0.697882510154699	0.827697581921508
FBgn0040992	4280.55124340204	0.0373337664712888	0.230329079024712	0.0262764281293073	0.871227062161064	0.929711443999078
FBgn0040993	1952.41664633869	0.204289099241645	0.332944714586595	0.376248564689163	0.539617810863177	0.714206793824331
FBgn0041004	338.281687678678	0.232323781119525	0.185891355730399	1.56173709954622	0.211411056667304	0.390472800821371
FBgn0041087	224.417619269058	-0.113212892579328	0.259155927586845	0.191425420982668	0.661732890611042	0.805175265685581
FBgn0041092	3366.95365335813	-0.540032712230028	0.23143153302493	5.41422836584485	0.0199732794129373	0.0744589005237678
FBgn0041094	1981.0909528944	-0.00823840033591286	0.193113772882585	0.00182046045762263	0.965967101916852	0.980975222386271
FBgn0041096	677.135919322328	-0.360062360746307	0.3070949651901	1.37152085517749	0.241550751554225	0.42782895056493
FBgn0041097	201.357559127645	-0.688276177837213	0.24500843454988	7.86212986121497	0.00504808931468762	0.0264515083805247
FBgn0041100	243.860356231504	-0.183508726904743	0.255249843247261	0.516095471251006	0.472512011949135	0.660977487862899
FBgn0041102	114.351914942626	-0.50575344396018	0.565989008000133	0.79625445139628	0.37221559167272	0.566671908371305
FBgn0041103	32.254322580056	-0.875292515888321	0.62224023217531	1.96283843392241	0.161210078129549	0.324072957343529
FBgn0041111	1571.43675621513	-0.543016723617111	0.178367580527956	9.22220377621234	0.00239097575559575	0.0145704213172492
FBgn0041147	133.48056942628	-0.264858082155278	0.235078992472639	1.27330601029065	0.259147389662525	0.449080236917149
FBgn0041156	286.566024415612	0.000896792858577932	0.227194896253061	7.26819116110278e-05	0.993197822331875	0.995133827421717
FBgn0041160	380.226262319048	-0.380230897910054	0.260544878862223	2.12340252316669	0.145063956586654	0.302111010838007
FBgn0041164	384.255127949995	-0.101896589603991	0.181602298624859	0.314708046921353	0.574805407375657	0.740666313475876
FBgn0041171	2291.15787285032	-0.42370143222084	0.184964574926315	5.22963124492992	0.0222052396338639	0.0806231600442385
FBgn0041174	128.098036770433	0.377762013700726	0.359473582235984	1.10116142989062	0.294011360235643	0.485743539172312
FBgn0041181	1194.50698620789	0.30466482198684	0.278560849432967	1.19392506599507	0.274539251367813	0.465782417625376
FBgn0041182	6331.45138629309	0.581972885263537	0.255673299581589	5.14651042866251	0.0232931382816018	0.0833152218065887
FBgn0041183	427.81211599271	0.957123304614328	0.258004694848767	13.5490050076324	0.000232414600858846	0.00203772933131814
FBgn0041184	2435.47700011466	-0.174288953239137	0.341910195665476	0.259658625611934	0.610354780582002	0.767767223147414
FBgn0041186	170.86644119869	0.32796773317936	0.244712903594381	1.79624239318919	0.180167435857446	0.349559686456926
FBgn0041188	2005.98688257175	-0.578654782283923	0.300336935231742	3.68883570224158	0.0547778413014653	0.15335014963329
FBgn0041191	917.469563689787	0.0110717039799157	0.179010953913729	0.00384137871101586	0.950579669320673	0.972399142370232
FBgn0041194	3600.78566779192	0.0966172560808115	0.342662996476392	0.0794781460470944	0.778005860367144	0.876324190947112
FBgn0041195	157.299729550142	-0.536735956666447	0.468420850150797	1.30863352888861	0.252642211480988	0.441273728049929
FBgn0041205	784.4611902969	-0.101726679644166	0.183638411587767	0.30675007147272	0.579681352404206	0.744774061388281
FBgn0041210	980.648230510565	0.108794403393739	0.221432784401157	0.241309273817606	0.623262083419635	0.776679088277766
FBgn0041342	2431.0774410705	0.61857133533248	0.236073029839154	6.81418915024119	0.00904363581431943	0.0410710460244748
FBgn0041579	580.897749035131	0.279592418054146	1.42359376373944	0.0385068171578951	0.844428942849406	0.916277535572426
FBgn0041581	172.874827180639	-0.00544463431721704	1.45966779307121	1.42344119353766e-05	NA	NA
FBgn0041582	992.979131348093	-0.068027330612013	0.25126958405843	0.0732879181817907	0.786608382431964	0.881736835185423
FBgn0041585	959.391934766191	0.215993639638237	0.219899343925021	0.963640490336104	0.326271360063537	0.521195004332725
FBgn0041588	620.763200846488	0.137201120476123	0.187267688214311	0.536601867649239	0.463844444650103	0.654559951957861
FBgn0041604	821.773574642782	-0.417572513554596	0.196585227363792	4.50097809636161	0.0338754717704791	0.108855485397927
FBgn0041627	186.892691984107	-0.414885461516243	0.229273177921849	3.27496502198832	0.0703444260653457	0.182512119377727
FBgn0041629	1268.07100934655	-0.249447118745591	0.31015441550381	0.645855669877548	0.421598294361892	0.616332562864369
FBgn0041630	3436.86110569122	-0.0976079417697023	0.167319118252124	0.340195331135718	0.559716494786726	0.730612181952378
FBgn0041702	93.0461659068236	-0.00925795388789883	0.273988729353309	0.00201427877574645	0.964202386806033	0.980081476332007
FBgn0041706	40.2273579189289	-0.907384403453128	0.459162281526654	3.88299797817728	0.0487773843508793	0.141769314727325
FBgn0041707	288.500760903812	-0.0836500717345689	0.203502466343811	0.168930246923914	0.681064286147359	0.817759050342127
FBgn0041710	889.890784115241	-0.745898394163422	0.305286585509285	5.9090078755498	0.0150636532746101	0.0604189438614362
FBgn0041711	2156.37486954621	-0.576462248250281	0.29230453776811	3.86449461269054	0.0493180447294218	0.142823244730035
FBgn0041712	444.713942320689	-0.289146739682155	0.220465102044635	1.71713484525837	0.190062271411088	0.361914001495779
FBgn0041713	2484.25470403467	-0.431929088072758	1.44279794423088	0.0892961721942953	NA	NA
FBgn0041723	186.174836887331	-0.566587275583978	0.345415424689104	2.67857806190565	0.101706506344282	0.235101915986449
FBgn0041775	4754.80105682003	-0.302233347291071	0.170077316777657	3.15207001859929	0.0758307088956779	0.192888491004745
FBgn0041781	1498.10224856122	-0.0924998714172098	0.238929250386368	0.149826955761199	0.698700780427319	0.828451449407506
FBgn0042083	538.56956007605	0.965893181803662	0.169786838566578	31.9429971826142	1.58763690548587e-08	3.53931308520495e-07
FBgn0042085	951.245891836432	-0.387137803645334	0.245111762711286	2.48804609650601	0.114714060415465	0.256197638346256
FBgn0042086	5808.45085770029	0.49749604112964	0.300509451300224	2.72718218073496	0.0986532042857536	0.230180257810309
FBgn0042092	44.9299434457472	0.0841450610136519	0.458328303617077	0.03495869975891	0.851682228060717	0.920439967372723
FBgn0042094	749.036861297973	0.738656179242962	0.200481132526251	13.4454329270616	0.000245603339975074	0.00213110920868619
FBgn0042102	885.886203543113	0.576416262098972	0.249305347581668	5.31107659243202	0.0211902577728219	0.0778446438748461
FBgn0042103	62.3084050585815	0.846932851892187	0.335738456057286	6.328239994384	0.0118830186939123	0.0505085534465715
FBgn0042104	625.03909859722	0.915990366121324	0.242782576707853	14.0286771693505	0.000180043758903545	0.00163784136965452
FBgn0042111	445.287002666304	-0.176378733206526	0.187022963581899	0.888627927824601	0.345849397437768	0.541671118741722
FBgn0042112	101.206444654912	0.644329600063699	0.421972261780193	2.3203106087651	0.127694525557995	0.276509568962882
FBgn0042118	1968.52451799534	3.2477332330025	1.58005545847253	3.55263986682517	0.0594507963959507	0.162433326961753
FBgn0042125	187.691498874504	-0.122829559903877	0.288503108171705	0.181423963796746	0.670152353780148	0.811058067446993
FBgn0042131	33.5753418113519	-1.15008849423011	0.627776958850151	3.32595708766927	0.0681943120806031	0.178931492655142
FBgn0042132	238.371194245138	-0.0522173742624655	0.221193772010087	0.0559333600062999	0.813042886502969	0.897210523777555
FBgn0042133	42.9238950087495	-0.76647612076305	0.528462691795285	2.10016866112193	0.147282891398769	0.305254788906019
FBgn0042134	6084.14384185164	0.00649571918283371	0.177080348518835	0.00134699810980976	0.970723034266451	0.983541170555421
FBgn0042135	3377.05289788985	-0.0825159151835117	0.311043849754895	0.0703723337179412	0.790795432347609	0.884071822505422
FBgn0042138	1392.02098076127	0.396680875539651	0.122936225591606	10.3867452679076	0.00126923158432623	0.00864841660238971
FBgn0042173	408.011993813621	4.31874355592968	1.6942023559767	4.95945892738651	0.0259483252666432	0.0900739662285049
FBgn0042175	1838.18644050833	-0.321183547065933	0.139014137253744	5.32906750236214	0.0209726032774334	0.0773671619231072
FBgn0042177	860.100440296049	0.124651418931672	0.212647900153108	0.343536560172595	0.557794931079653	0.728858651243427
FBgn0042178	692.125255331297	-0.299285372940987	0.287064379021854	1.08604319777311	0.297349574112538	0.488832442833018
FBgn0042179	317.551407538277	0.198371764324596	0.180132829894513	1.21269135306468	0.270799760594206	0.461122556442161
FBgn0042180	180.503067930196	-0.209201239033373	0.261960158791257	0.636381629950975	0.425024106641551	0.620005408663424
FBgn0042185	419.018257952968	0.635133907043772	0.204165203024706	9.61504657822002	0.00192989567953434	0.0122601868079273
FBgn0042189	256.891140282954	-0.701120336774093	0.53235587364938	1.72073887370684	0.189597963477514	0.361419837918684
FBgn0042206	445.787633427126	0.846483116468285	0.284422379415221	8.74395497048094	0.00310630065777413	0.0179267475501628
FBgn0042627	698.713441851151	0.844165747075255	0.38785814808863	4.67324583712417	0.0306359748876642	0.101361770681946
FBgn0042630	104.589339323058	-0.0693588931844514	0.389703956509447	0.0320033111878786	0.85802038993005	0.923989738923939
FBgn0042641	574.371006145694	-0.152301146830813	0.142520840499333	1.1423611305399	0.285153961068537	0.476192004630729
FBgn0042693	1388.28113031651	-0.0756456151611658	0.128730810369234	0.345343897560241	0.556760745225973	0.728262202175212
FBgn0042710	110.02238065838	-0.843680717050719	0.390853794973054	4.62901415159523	0.0314356215973384	0.103534873464767
FBgn0042712	750.463010511965	-0.196643212372525	0.159529022862403	1.51765547914773	0.217974634188595	0.398898324006796
FBgn0043002	112.993980169273	-0.135148416211338	0.253465733245465	0.285191548890346	0.593318506047421	0.754821582664712
FBgn0043010	527.561337154995	-0.063342166342486	0.175076807323924	0.130856290314199	0.71754585478581	0.840406772316165
FBgn0043012	559.069654199552	-0.160966634759489	0.173894436283567	0.856360507043604	0.35475918605893	0.550350748555555
FBgn0043025	88.3333196805609	-0.676034131004396	0.479352993780064	1.98112483356914	0.1592719580411	0.321414380609972
FBgn0043069	788.444750671506	0.132313195653419	0.195499909872433	0.457853121714081	0.498629032425013	0.682684651996635
FBgn0043070	2021.45585386614	-0.0706745407573835	0.262660348823732	0.0723813318050759	0.78790060309383	0.882512683637974
FBgn0043364	869.543518063558	-0.257790576121601	0.226689495785487	1.29262758516334	0.255564284300171	0.444617358963862
FBgn0043455	143.225764429912	0.142048980033288	0.233741227044545	0.369519872369231	0.543266095192167	0.71655904693209
FBgn0043456	2338.07967517674	-0.129718194816126	0.120556380518992	1.15739159274743	0.282007158703602	0.473210508708947
FBgn0043457	235.907402153456	-0.216510617767829	0.21409938972923	1.02222874280346	0.311990927848203	0.505806495303597
FBgn0043458	1030.40130165366	-0.197598829286249	0.17447362969026	1.28138534459805	0.257641612748957	0.447261379283258
FBgn0043470	95.8195310428774	1.33081994225423	0.574139464013789	5.22023780533579	0.0223254978523831	0.0807377840366509
FBgn0043792	181.211589572499	0.0358580730572114	0.351944001817265	0.0104237836503032	0.918679735708266	0.957301604616172
FBgn0043796	258.856753675415	-0.131793778828709	0.181463928171582	0.527925576793194	0.467480298040112	0.657435082114058
FBgn0043799	53.5734446709832	-0.221338436383385	0.341893282477013	0.418449870288768	0.517711543981544	0.697448345663075
FBgn0043806	441.234999125046	0.178374167485335	0.238562950371143	0.55861697042738	0.45481802348966	0.646666116537057
FBgn0043841	4494.45045854832	-0.18071238988225	0.153874379827679	1.37825920897822	0.240397890024282	0.426643399351219
FBgn0043884	7648.97969702057	-0.663044142928777	0.268505897238942	6.04555712770863	0.0139413331482102	0.0571912244071626
FBgn0043900	525.456800366575	-0.255312063634532	0.15644047409851	2.66355803440561	0.102670835892767	0.236606804888425
FBgn0043903	2303.13892607229	-0.231378361301846	0.235547894038947	0.963784166086754	0.326235297851654	0.521195004332725
FBgn0044020	278.447407039165	-0.0158541219538378	0.321347906989373	0.00247582219759579	0.96031552755601	0.977147626286235
FBgn0044030	187.927909031978	0.31501578929058	0.222262860798825	2.00783526123086	0.156488471548313	0.318169187313896
FBgn0044047	1015.53218646366	-0.747227019538736	0.379120688061689	3.84182436953758	0.0499891007858587	0.144340256981157
FBgn0044323	2624.43221688862	-0.26456088429363	0.17986305548627	2.16030347047274	0.14161671894758	0.29738836934637
FBgn0044324	1113.45804045253	-0.199196622683534	0.178234938215968	1.24900311687625	0.263742961989428	0.453070231481255
FBgn0044452	3120.64148145758	-0.639851986217992	0.250306584682296	6.48381542480554	0.0108861060463315	0.047296405589773
FBgn0044511	53.8016482006126	0.588138005860864	0.496442286862758	1.39872086170031	0.23693785750053	0.422713233842434
FBgn0044823	354.978853227627	-0.509272302544621	0.226868239922372	5.01590008174944	0.0251155692700919	0.0878944187898454
FBgn0044826	1500.30921524525	0.100999876887138	0.166972474465105	0.365789327480428	0.545308439478525	0.71839379963549
FBgn0044871	370.163673675396	0.114723316419973	0.189976096565143	0.364800725451204	0.545852048937074	0.718895295495633
FBgn0045035	407.783685995564	-0.233906656072434	0.323653042757369	0.522178181344856	0.469914007974865	0.659119568648897
FBgn0045038	89.3062334698279	-0.0341482885537612	0.325896712831824	0.0109768531296552	0.916557935973196	0.956018380773826
FBgn0045063	880.867167620287	0.0402103654748049	0.190586012888375	0.0446083969072362	0.832725748643626	0.91123160313546
FBgn0045064	1646.95988565282	-0.678674218210859	0.438809583643245	2.37119272814321	0.12359259009676	0.270414335485696
FBgn0045073	1435.69453855486	0.0277821196573482	0.161119892792226	0.02974394066581	0.863072511840253	0.92581943658909
FBgn0045761	683.061765304952	0.114081398050351	0.191917630810772	0.353332566390648	0.552232680452182	0.724702732348312
FBgn0045770	1426.46482539517	-0.975064568161934	0.326302503596116	8.7725943950517	0.00305790185788078	0.0176937219632393
FBgn0045823	7828.14835891447	-0.216026935280009	0.182760170454753	1.3958979634333	0.237411594450898	0.422959804044968
FBgn0045827	141.886645092388	-0.86782658245307	0.356589103671254	5.87534721593909	0.0153543445429648	0.0611954544928279
FBgn0045842	635.009863434394	-0.410594936198652	0.227042659268271	3.25932762739291	0.0710182407205756	0.183826622504652
FBgn0045852	484.028133702121	0.0948879894773692	0.205633724021027	0.213096896980517	0.644350841112976	0.792179129640264
FBgn0045862	945.878041378382	0.00291989124905378	0.148796646387066	0.00038505997819982	0.98434415973596	0.991758678482246
FBgn0045866	1753.47422761233	0.648431717830902	0.210739014622208	9.39119613961621	0.0021802990613864	0.0134933049629225
FBgn0046214	3489.52258239851	0.0522863310768758	0.137343003343458	0.144931505936384	0.703426828000233	0.831613649591714
FBgn0046222	811.999644778929	-0.156932930254423	0.165442537548726	0.899140070967462	0.343012394396672	0.538790520836484
FBgn0046225	350.489426779712	-0.699478447497909	0.236640772494854	8.68281478264257	0.00321224490047126	0.018417705654164
FBgn0046247	494.643340410213	-0.0299849076355911	0.270279316053454	0.0123313870819288	0.911579251974771	0.953516572567752
FBgn0046253	573.201869069439	-1.28969815163984	0.941508998669242	1.81804529305747	0.17754612714252	0.346337431130882
FBgn0046258	397.966479048117	-0.583671314705346	0.282864410630126	4.23779887356997	0.0395333898147126	0.122058056815532
FBgn0046294	830.672187011038	-0.900550356121744	0.397265643784566	5.0627902365308	0.0244448514407388	0.0861553934411479
FBgn0046296	428.044549755892	0.193959803153347	0.193902846299465	0.999999030381289	0.31731074248237	0.511499815795475
FBgn0046301	261.597525234124	0.282274716167516	0.184663092058086	2.33593350076477	0.126419185482474	0.274556458945939
FBgn0046302	5030.18692835687	0.959284749075224	0.180345198458812	27.7986173771564	1.34622284850413e-07	2.52746179046817e-06
FBgn0046332	163.694332218838	-0.82633557179223	0.379556656906547	4.70088138603406	0.0301471534918537	0.100195285277634
FBgn0046685	527.695952305398	-0.416672867596791	0.212696787701967	3.8255714849662	0.050476131899404	0.145129158644621
FBgn0046687	239.219304731186	-0.409914492588875	0.401405160892368	1.04015649705298	0.307785077631431	0.50016492173476
FBgn0046689	297.300458038611	-0.669261309675028	0.246310994192624	7.33281717762348	0.0067706851219044	0.0328266623712552
FBgn0046692	87.2748316679839	-0.0017009825623787	0.427622219927557	0.000105008661790862	0.991823922061307	0.994862892418477
FBgn0046704	1026.60039027127	-0.231089018182324	0.155212840724986	2.21470499074367	0.136701191026692	0.290103730067226
FBgn0046706	76.8380397822507	0.183833020879233	0.463594701644711	0.157676661300073	0.691304628504745	0.824000005663362
FBgn0046763	551.195395052623	-0.156556581773357	0.231824570708916	0.455769401560715	0.499607814799058	0.68345890387339
FBgn0046793	75.9102328428172	-1.07582145674944	0.512472407268859	4.34774019951958	0.0370580875097066	0.116536195361957
FBgn0046873	63.4531945229593	-0.825267049003485	0.383557613004922	4.62046547155185	0.0315926638463528	0.103841401581102
FBgn0046874	5111.82692956628	-0.320598745552555	0.177724645581304	3.2476184011705	0.0715273173345483	0.18471087157157
FBgn0046876	321.310299987199	-1.18941877122312	0.621321324846742	3.5727700450402	0.0587342579446679	0.161003756478332
FBgn0046878	51.1986150611874	-0.638542579114921	0.622541066139266	1.04963546593548	0.305591057259082	0.497883214411769
FBgn0047114	47.4501910554946	0.0195173378717097	0.445842372712267	0.00201736526668128	0.964174989284266	0.980081476332007
FBgn0047135	3587.5600180749	0.769187538931235	0.17588897323939	18.9107310240929	1.36979967861349e-05	0.000170001580366883
FBgn0047178	133.336324763205	0.537791785794067	0.24688433542745	4.73121247784896	0.0296199977283544	0.0991152294103145
FBgn0047351	45.796424430249	-1.07551389790009	0.873332537860039	1.49438369895706	0.221537547924498	0.4028444345397
FBgn0050000	545.524154952738	0.184177198200086	0.187022933037014	0.969521180170247	0.324799624207406	0.519962243107066
FBgn0050011	1811.62219940234	-0.387227008850375	0.226827435723302	2.90509881249547	0.0882998419686857	0.213643489314966
FBgn0050015	2209.79177363619	-0.789873046165303	0.164571622743682	22.7807495601136	1.81575419138278e-06	2.7913266523975e-05
FBgn0050020	743.34961903526	-0.25924985618338	0.13939424655918	3.45662872255959	0.0629986392624049	0.169275271879251
FBgn0050021	262.140616657241	0.488385329629077	0.260771517000121	3.49364384154828	0.0616048460508982	0.166851185252648
FBgn0050025	165.701753615172	0.035613612534031	0.289676286207773	0.0154728350652817	0.901006608561821	0.94727538591082
FBgn0050031	3301.23159424116	0.346107295989066	0.223372924749428	2.39513649106267	0.121713126278632	0.267562687165583
FBgn0050035	3479.41763302931	-0.0475462891426349	0.185110013949857	0.0659654902480327	0.797304236800095	0.888101894241791
FBgn0050039	53.4090397354327	-0.185221790107594	0.590633366959027	0.0990925828721387	0.752921299329683	0.860704436492437
FBgn0050043	1440.40626516143	0.992794750668517	0.31954195355567	9.47441806592384	0.00208356969401527	0.0130300630616518
FBgn0050046	722.822175050925	-0.236196592511787	0.193098174929662	1.49395504811821	0.221603824349575	0.4028444345397
FBgn0050047	615.135824319014	-0.0662745167017306	0.203120454442747	0.106508332302809	0.744154915084352	0.855894547797748
FBgn0050051	64.7997029182711	0.0373309080518133	0.397634544923569	0.00931228557132613	0.923123327554536	0.959785573695296
FBgn0050065	30.8155992078853	-0.502300520207249	0.60117366759943	0.701672042685196	0.402222433414193	0.597121196860134
FBgn0050069	3956.06095888422	0.247768091150236	0.360290452539665	0.472340754753134	0.491912278333721	0.677483056659396
FBgn0050085	364.238606802705	-0.02619770082636	0.274754360358319	0.0091265474298865	0.923891507589285	0.959785573695296
FBgn0050088	29.3329508381272	-0.672153069860717	0.919409462425833	0.533943501523538	0.464953631772766	0.655496220923931
FBgn0050089	430.652382921198	-0.597051267994392	0.296250942749282	4.038426049733	0.0444752835951617	0.132759068099043
FBgn0050090	147.926280904026	-0.0810386530135584	0.288581836645933	0.0793012250097149	0.778246611490437	0.876410481133421
FBgn0050091	533.006952722692	0.539580201365928	0.295191020625906	3.32171955990675	0.0683702828397821	0.179202707000056
FBgn0050094	56.6900641006559	-0.303671911288725	0.442973211191502	0.472490688909062	0.4918435612524	0.677483056659396
FBgn0050109	97.7863242706373	-0.234260893599467	0.302061358641918	0.603142553465958	0.43738150538252	0.632238393173275
FBgn0050115	1549.77729520449	-0.581868431397213	0.231249385384388	6.29183937804547	0.0121295110154982	0.051309110834495
FBgn0050122	3075.5298467296	-0.380973789127908	0.178459504385021	4.5448934850241	0.0330170762958647	0.106694780324467
FBgn0050148	209.905020474641	0.867723257630297	0.37149908329095	5.38188695791096	0.0203468596323734	0.0755642632138311
FBgn0050151	54.9805478473659	0.0405926092698786	0.410598518019205	0.0102935975819207	0.919187398044139	0.957378375866559
FBgn0050154	46.3365717831113	-0.414169717458112	0.400319552422088	1.07639209797063	0.29950607262406	0.491417178288343
FBgn0050156	137.912468326627	-0.844327978323247	0.379539060453289	4.9056842093686	0.026768444887248	0.0919800458275218
FBgn0050159	644.265749394025	0.529334175359413	0.187635223028069	7.92020985361226	0.00488856017556316	0.025892349933475
FBgn0050169	107.717389687971	-0.0981634472808201	0.284983822321185	0.119605926781006	0.729462287276161	0.84817935746086
FBgn0050177	55.799335330199	-1.31245995465649	0.552496042024443	5.53916903722851	0.0185954104029754	0.0706657628750452
FBgn0050178	29.2156147008194	-1.15137874356597	0.529405201994869	4.70808111568114	0.0300211433136221	0.100002091940363
FBgn0050183	364.259214627976	-0.62918328457723	0.256694774981528	5.97840495308918	0.0144820938586332	0.0587270203164427
FBgn0050185	392.884499252293	0.251634761604238	0.16703479761573	2.26882071386603	0.132000312199825	0.282955075953016
FBgn0050197	355.294532524499	-0.519203005682853	0.24124933492344	4.61038423276629	0.0317789120431038	0.104122964579528
FBgn0050269	588.77256805766	0.459745158673214	0.299938772092023	2.33933110073016	0.126143709379446	0.274114811978312
FBgn0050278	61.5867198863653	-1.21890589658419	0.51586345589503	5.50296290824269	0.0189842810035767	0.0717418824734734
FBgn0050284	30.3960209455842	-0.409849218339516	0.536116824030922	0.589727601183895	0.442524472981501	0.636177024807096
FBgn0050288	110.860400523636	-0.284876851496209	0.403153299565507	0.497512084935465	0.480595334984698	0.667522939698563
FBgn0050291	1237.45108059989	0.523090390061588	0.182172911426784	8.20222222585431	0.00418391138336099	0.0227192824903246
FBgn0050293	210.873174853066	-0.743713292361957	0.350564714875447	4.468180781283	0.034531739738955	0.110481534248201
FBgn0050295	100.74354452854	-0.622018596620742	0.254374765270385	5.98510889187602	0.0144271519171391	0.0585849924145582
FBgn0050296	735.572287251545	0.456394572857432	0.222342250363714	4.19788100294838	0.040474524807756	0.124181921732837
FBgn0050324	62.7536824960288	-1.11948324984032	0.737857415360959	2.26207090304385	0.13257666715264	0.283670346982274
FBgn0050342	238.057722913644	0.219551128972337	0.181604705062427	1.46171722320592	0.226657090129988	0.409672708583985
FBgn0050344	1721.46802334411	-0.705425369748635	0.210614317414295	11.1156998731001	0.000856000173642318	0.00620652878571883
FBgn0050345	1186.60066585943	-0.548407403698842	0.167522936808856	10.6603514903227	0.00109456590870956	0.0076170738000419
FBgn0050349	481.23757384714	0.0420873546717883	0.190874085016009	0.0486614683044309	0.825409004894669	0.906122052648738
FBgn0050350	99.000873863276	-1.05949554350221	0.425817298667148	6.11328680932672	0.0134169393914132	0.0554265323922427
FBgn0050357	47.8054129512952	-0.823615547193391	0.414880792682514	3.92196356942554	0.047659183652293	0.139437876839467
FBgn0050359	8164.99700458077	0.0306654846794634	0.239303779059601	0.0164199605611657	0.898037869780772	0.945957522137463
FBgn0050360	4497.23259237017	0.506572391215302	0.298466435873875	2.86593424503454	0.0904731631518386	0.217284171833583
FBgn0050364	44.0131178455806	-0.770138175548185	0.379270516008469	4.09551266811776	0.0429971883333727	0.129800939532562
FBgn0050365	126.528830974524	-0.709539041804972	0.437402784843737	2.61826486878263	0.105639899400606	0.241215094385823
FBgn0050366	64.3841935648244	-1.09015140474689	0.578903444253653	3.4822831883167	0.0620291008969381	0.167742809167815
FBgn0050371	424.417262571152	0.120679901895133	0.264770355878427	0.207683281465975	0.648589315733564	0.795434624327029
FBgn0050372	1688.13700770926	-0.0314074058816278	0.234829500842243	0.0178921136623273	0.893591246636739	0.944091135096094
FBgn0050376	192.501688217501	-1.02415417054506	0.48770950888937	4.33761017116223	0.0372792150679852	0.116939848474903
FBgn0050381	59.4023769832177	-0.024064435156275	0.304352412494137	0.00674114638473355	0.934563627004569	0.964964830878577
FBgn0050382	6625.23154527772	-0.204074805064796	0.225389855491693	0.819100629914743	0.365443251768049	0.559547328405563
FBgn0050389	913.382739973329	-0.11588214951111	0.150073118007232	0.595915375214119	0.440140753047602	0.634711881825795
FBgn0050390	122.584177612014	-0.0887853598515129	0.287500736346634	0.0954606711720345	0.757346550768342	0.863748993664192
FBgn0050392	370.464960721831	-0.329428126771012	0.173183250524691	3.62051633275505	0.0570711582121167	0.157860270856831
FBgn0050393	105.238161358687	-0.99103910002231	0.437714750683076	5.06903666711754	0.0243569159403949	0.0860045723321508
FBgn0050394	366.011733540892	0.0176953143569736	0.267713945612944	0.00437000568855694	0.947293419225028	0.971289464471491
FBgn0050403	50.1192650788107	-0.767541024836462	0.348071114439713	4.85401601123237	0.027581842140358	0.0940353087429503
FBgn0050404	802.058954749228	0.0761280623863029	0.146217519088297	0.271091967963002	0.602600209903165	0.762268810972924
FBgn0050410	1747.165416456	0.516620874787964	0.26118869733331	3.89144653214322	0.0485326055924749	0.141290568046189
FBgn0050411	498.86100261928	0.45650687809097	0.395424721925395	1.32701680264776	0.249336625839501	0.437665881521337
FBgn0050412	87.3405052457832	-0.795948069864807	0.384420802681415	4.26798299361626	0.0388370043882636	0.120371523260287
FBgn0050418	96.3271640328363	-0.79154723022063	0.282388318965373	7.83150609330092	0.00513433007129352	0.0267288074035953
FBgn0050421	586.573695178861	-0.0430578912854624	0.156520070960318	0.0758626321400726	0.78298457743837	0.880022406230566
FBgn0050423	919.019366202466	-0.0808220041865114	0.168513264983004	0.230193057157379	0.631380716466384	0.782596353715322
FBgn0050428	66.5806219940547	-0.131841307692311	0.388702356952561	0.115854388035707	0.733574975506887	0.850376456105199
FBgn0050431	287.330460934938	0.479867999972306	0.445230128281662	1.15676947398231	0.282136532027662	0.473210508708947
FBgn0050438	96.0827378866072	-0.323278317976801	0.317058362588662	1.04060927812233	0.307679812276716	0.500085957548304
FBgn0050440	142.912326390565	0.214414350609826	0.324966237388509	0.435319142976518	0.50939040163451	0.690985534822892
FBgn0050443	232.950514985959	-0.192297913507137	0.200160046096599	0.923332086256785	0.336601593546656	0.531622062190029
FBgn0050457	738.671470430945	1.43555950002619	0.846202662015098	2.76738725362243	0.0962030731405583	0.226432626671722
FBgn0050458	17.2062343727857	-1.97779578962647	0.850614492506239	5.19805620998204	0.0226121604047901	0.0815072317858937
FBgn0050460	1359.86166604752	-0.658908235974627	0.154589226723537	18.0396717110544	2.1634915666483e-05	0.000255222588022788
FBgn0050463	1753.31585865945	-0.0681543366685906	0.213563895932174	0.101830641634436	0.749643754899148	0.859518775107858
FBgn0050467	277.371979916515	-0.419106915306731	0.213275376468772	3.84899352748194	0.0497758515885518	0.14391288152601
FBgn0050476	64.1562021092498	-0.139080072887002	0.508518148692291	0.0754655763890852	0.78353905854274	0.880519748571125
FBgn0050480	365.280623396337	0.519968100661887	0.322309928036149	2.59067519199236	0.107494503118478	0.244647471993859
FBgn0050491	117.031691629778	0.110792041995456	0.321224596390769	0.119695683656722	0.72936477974821	0.84817935746086
FBgn0050493	199.270951530504	0.431952086568507	0.199433691577434	4.6843488280031	0.0304385981925656	0.10089789273148
FBgn0050495	94.7399658085533	0.727522236301386	0.289332782906384	6.29634248417671	0.01209873507101	0.0512280413947179
FBgn0050496	219.051683886676	-0.0414793611004904	0.194543706718542	0.0455495070387499	0.830996804605313	0.910443978623949
FBgn0050499	526.396407035298	0.332867666205374	0.183648708002936	3.27994718513372	0.070131185791924	0.182254167753484
FBgn0050503	282.375110911147	0.650147258203544	0.23824874617603	7.39961715131691	0.00652377599253648	0.031998776741602
FBgn0051004	6886.09090507536	0.249740467717629	0.284734359157603	0.768352186601476	0.380727299779376	0.575581846545478
FBgn0051005	187.079922215535	0.188829393283795	0.229076833555394	0.679650551478652	0.409707081422238	0.604490115929863
FBgn0051007	57.5235607828129	-1.0244141237666	0.537094769277995	3.60294996211803	0.0576771390372384	0.158945370038911
FBgn0051013	57.7873766349137	-0.749330246049603	0.497294091459147	2.2635293173734	0.132451898031486	0.283472119386329
FBgn0051015	388.593779737039	0.119350144747459	0.2810202071065	0.180459451807522	0.67097869191864	0.811244228459954
FBgn0051019	58.1536307857257	-0.922329237141974	0.407440745405445	5.08288099493198	0.0241631873364447	0.0854573006239631
FBgn0051028	347.495736464318	0.0346873535111452	0.232617770561227	0.0223883061164685	0.88105872844952	0.936456542982241
FBgn0051029	623.790184568975	-0.846457634227812	0.37690528383022	4.98022258755093	0.0256386842354734	0.0892800906447583
FBgn0051030	170.374933414265	-0.212267290371652	0.261835483230544	0.656552964175653	0.417779520655738	0.612678492648535
FBgn0051038	998.846060555359	0.0208717754723022	0.177673536086849	0.013850488342527	0.906314797888855	0.950477986281347
FBgn0051040	458.873919363646	0.023088600956484	0.204823884204053	0.012721861707405	0.910196070918278	0.952534859058762
FBgn0051041	91.666585928226	0.787447440378512	0.342821814198787	5.23463752758238	0.0221414217190975	0.0805009910380371
FBgn0051055	153.675543773612	-0.563045205681442	0.386973376437167	2.11126160805809	0.146218727743109	0.303539895949818
FBgn0051064	569.365792193192	0.0164263215168869	0.186610626517085	0.00796478787117394	0.928886678503354	0.962594956090851
FBgn0051068	108.990021513109	-0.831917912398455	0.297762884887576	7.77958813458319	0.00528398426754588	0.0272825495475862
FBgn0051072	8564.70653813266	-0.280999455391789	0.189283182663544	2.20034294755631	0.137980036863568	0.291975022849911
FBgn0051075	22715.5826101135	0.117547206386518	0.335990270901165	0.122359651916994	0.726489215377129	0.846800508275714
FBgn0051076	742.230183891208	-0.579292066767328	0.222452062589293	6.73979130981857	0.00942856540672664	0.0422567051372987
FBgn0051092	841.974815701837	-0.249486093761941	0.211967662283174	1.38333233123372	0.239534344680768	0.425624457805697
FBgn0051098	426.374629233217	0.843063379910771	0.231089616813751	13.162215024009	0.000285651019064786	0.00242131084748096
FBgn0051099	47.1415977169862	-0.924218487557115	0.610450981078107	2.27853578416534	0.131175662317105	0.281971752566659
FBgn0051100	1391.28869901445	-0.55265550656491	0.145656524011753	14.3225215659881	0.000154011255054487	0.00142303174303748
FBgn0051102	387.482781843964	-0.374104841642869	0.23099431906173	2.62102618357743	0.10545622188414	0.241011577805141
FBgn0051103	267.108737856256	0.294549120221963	0.324771986191289	0.820972998205391	0.36489583756389	0.559194315849907
FBgn0051108	319.78997092745	-0.127372400270363	0.251140884506995	0.257769729357292	0.611656537371641	0.768402233167335
FBgn0051109	73.4543384359907	0.155738264447599	0.344145874007756	0.205901853854947	0.649998628892979	0.796277648389789
FBgn0051116	1120.74100323722	0.261890164460627	0.245266386262709	1.13864018965113	0.285939845728123	0.476872651427889
FBgn0051118	104.281096805098	-0.274049479431685	0.245838409448085	1.24807843470133	0.2639198034199	0.453185417132974
FBgn0051121	794.198613287136	-0.0815891879760622	0.301503933462389	0.0731985169152694	0.786735429746211	0.881767233847398
FBgn0051122	508.778494302253	-0.297095232785306	0.154444643628717	3.69723271160818	0.0545027914521291	0.152822571265837
FBgn0051125	112.21365258316	-0.24373041244107	0.306632425878192	0.629933463919059	0.427379720815549	0.621796975511362
FBgn0051126	105.078438697083	-0.0567850654093179	0.302466159230966	0.0356461508084678	0.850248096413461	0.919660358268249
FBgn0051133	137.661687235188	0.11489346321197	0.223952874180206	0.263930554853189	0.607432579235107	0.765384132396199
FBgn0051139	42.033539724294	-1.16933468588592	0.621615036679959	3.49671610453547	0.0614906463220313	0.166695380382674
FBgn0051140	791.352594161112	-0.451954365198085	0.18743848877756	5.79694285752532	0.016054064448954	0.0633450914364355
FBgn0051141	42.1084274462043	-0.696128085214134	0.534186590661123	1.69859075121468	0.192472379279952	0.364849897908978
FBgn0051145	827.354889560477	0.311165116918446	0.153832717636811	4.08433178939548	0.0432825621302287	0.130305468521712
FBgn0051151	1476.93672941639	-0.230452770592359	0.215144924619228	1.14627236917664	0.284330834961374	0.475447278320857
FBgn0051155	201.60421954833	0.103277100854915	0.257760871833827	0.160663733837431	0.688546167077638	0.822155802204746
FBgn0051156	141.876374166052	0.117916364689172	0.202843765660114	0.338197144308786	0.560871717482336	0.731362795191981
FBgn0051157	72.751071578854	-0.215146519198372	0.310965807899488	0.478319824660836	0.489184354245268	0.674884731372771
FBgn0051158	1416.44012055446	-0.284140541768993	0.187895644177061	2.28319145410205	0.130782511132153	0.281400848141945
FBgn0051161	94.0759081312047	-1.01983347222148	0.403950917754413	6.31398914122804	0.0119789019536334	0.0508426314761238
FBgn0051163	642.205089902834	-0.674509259768453	0.230871147502453	8.47015877439388	0.00361019918039219	0.0202193941645316
FBgn0051176	350.017406130016	0.608161591905739	0.342813611480863	3.12575790344597	0.0770640286740073	0.194961745452038
FBgn0051183	634.673802633098	-0.39430866527238	0.170768585235428	5.31582659337215	0.0211325659587485	0.0777054465109899
FBgn0051195	1440.86628248716	-0.245770630609188	0.126906866244893	3.74635095514658	0.052922929391464	0.149724889051067
FBgn0051201	187.36930995152	0.817088863229827	0.271243648243637	8.98839462657402	0.00271699587193357	0.0161446273225197
FBgn0051204	86.4356548904909	-1.09305993586358	0.444727094150111	5.96463765514024	0.0145955996773309	0.0589112763426689
FBgn0051211	890.852375099245	-0.14458300476219	0.167679982216278	0.743219071679889	0.388631641980542	0.582317563398626
FBgn0051217	954.787476674867	-0.446191696987576	0.329130174817573	1.83085458520114	0.176026639489764	0.344785586427898
FBgn0051221	74.9548981914916	-0.205864717395965	0.396278755793721	0.269262679782557	0.603826802206399	0.762419383765928
FBgn0051224	1957.35466247524	-0.599906006589313	0.258830206258906	5.33635862128978	0.020885055209177	0.0771086724543004
FBgn0051226	119.219638983512	-1.16573504906381	0.688719419683805	2.80222624168071	0.094133520282495	0.223168775650923
FBgn0051229	165.54177188114	0.261819012408413	0.345390887757067	0.575075551986473	0.448249046859043	0.641581441927688
FBgn0051244	50.16700124885	-1.08787188442506	0.539273373608732	4.03374903405114	0.0445987285927267	0.132997357587773
FBgn0051245	43.7729043864786	-1.03360619127717	0.470118460990217	4.81500989878717	0.0282129096692115	0.0953468843052939
FBgn0051249	194.671951547159	0.0243488766232427	0.220802303209025	0.0122576957266318	0.911842764467136	0.953555410483291
FBgn0051251	25.5945451423509	-0.729737408943035	0.530783212988106	1.9022343866163	0.167828433190897	0.333389935721854
FBgn0051272	622.623030771127	0.786107943400317	0.27897137247658	7.85168941455525	0.00507732394847067	0.0265103899101083
FBgn0051274	236.538013259966	0.376400708722939	0.289768781173034	1.68452495137812	0.194324276340985	0.367109484297242
FBgn0051287	39.478123200858	-0.555120112442091	0.621979760907383	0.795685166578117	0.372386573019831	0.566834417858718
FBgn0051301	346.847613870057	-0.0691555812663722	0.189565466797762	0.133244867680233	0.715091091257875	0.838756319189085
FBgn0051320	200.209231731396	-0.823192843214294	0.354014460454509	5.35426721349697	0.0206716194711413	0.0764806583703777
FBgn0051324	314.310665447778	0.319632649601652	0.45107790683181	0.501056721776166	0.47903617546463	0.666406308103405
FBgn0051327	131.74982365034	-1.14963016429716	0.478024893668362	5.6759413305069	0.0171991090453756	0.0665927767513798
FBgn0051337	136.702485996953	0.164857069289592	0.26763001818839	0.379460841736616	0.537891926028611	0.713309040468359
FBgn0051342	1090.68929082892	-0.265162227593704	0.141397624085554	3.5118210827945	0.0609324447002872	0.165672021336004
FBgn0051344	378.760286286517	-0.335037109103934	0.298764053638937	1.25475778073277	0.26264570870781	0.452035446389256
FBgn0051347	49.562730926978	-0.60251476425561	0.513895782303513	1.37543394116434	0.240880447029008	0.427030329971504
FBgn0051352	3061.46295829276	0.335452604135611	0.180377257246078	3.45093687513213	0.063215927725187	0.169807411338524
FBgn0051357	854.651097802745	-0.380933231000739	0.215491238435318	3.1161987597345	0.0775174194201	0.195756887619983
FBgn0051360	34.8623776484523	-0.158678511873211	0.476692219261091	0.1118202127819	0.738081289925685	0.852241468503565
FBgn0051361	255.28314132376	-0.725912810229435	0.317864950812132	5.17777762238981	0.0228775673008325	0.0821952988039683
FBgn0051363	2179.26258301055	-0.585880633729286	0.290081282552471	4.05303940949435	0.0440918912226897	0.131976542791389
FBgn0051365	298.047446932742	-0.211829739471268	0.183511549333654	1.3332569886485	0.24822662166178	0.436325041741742
FBgn0051368	524.281209311512	-0.369934698322496	0.229798521398335	2.58722195383518	0.107729137669991	0.244868807957744
FBgn0051370	62.659338543805	-0.188467730605585	0.334134661003242	0.320290400712089	0.57143317702181	0.738802396196404
FBgn0051374	2216.84804930589	-0.0971172278420262	0.187141590362986	0.269198367146643	0.60387002188804	0.762419383765928
FBgn0051388	55.7472195079731	-0.135337017190477	0.33461872899643	0.163298174142923	0.686137943834796	0.820612797017924
FBgn0051390	159.409102246962	0.130051732123133	0.231858584157817	0.314818234358306	0.574738465131646	0.740666313475876
FBgn0051391	91.3846951331264	-1.17721009314558	0.516254421301897	5.11017001906777	0.0237859891482902	0.0846662235758422
FBgn0051414	328.757540524371	0.153806074460767	0.269666885811934	0.325170330933631	0.568516907677089	0.737117797480775
FBgn0051415	34.9428731681514	-1.11544880480661	0.808829507364295	1.87994235415191	0.170340699708304	0.337620470401185
FBgn0051431	306.481529918492	0.507891045387524	0.287699228805344	3.10112753190306	0.0782380891006862	0.197136749921318
FBgn0051436	199.137245725261	-0.598155346251926	0.243169637506466	6.02999514760509	0.0140647719044266	0.0575637974418647
FBgn0051439	15966.5924461609	0.0809625288732398	0.290864322157756	0.07746895099487	0.780757170746393	0.878222637092847
FBgn0051450	82.1087187246287	0.290243111804534	0.38667257778134	0.564559455158438	0.45242897994408	0.644835452418309
FBgn0051453	437.014748938462	-0.469855444144981	0.179533798426485	6.83021664321949	0.00896283934432302	0.0408156262750107
FBgn0051457	90.9760761495407	-0.112037755712227	0.28325178088891	0.156869106702935	0.692055566466727	0.824392721428637
FBgn0051460	124.891259733897	0.112374905929507	0.273602881307194	0.168788492724026	0.681190764465887	0.817799633421359
FBgn0051472	835.028204369073	0.16946673874787	0.243385151576695	0.484476477859658	0.486401622318105	0.672412332028037
FBgn0051473	119.866563468977	-0.717513846483126	0.36391926916684	3.86562301230442	0.0492848928545924	0.142776881374441
FBgn0051475	264.227735027745	0.780778419241293	0.308068981775263	6.35651402939045	0.0116951098643536	0.0498780325969338
FBgn0051482	34.1844252495905	-1.18286132664232	0.667829465452196	3.10609436054752	0.0779997939142012	0.196704824663879
FBgn0051495	66.2799581527147	-0.0495730839010836	0.306181922011036	0.0266911025412213	0.870223879659901	0.929528911351488
FBgn0051496	451.507941935012	-0.464412011058425	0.175487372167393	6.98243381763665	0.00823135927124637	0.038248296055544
FBgn0051501	45.8377954447626	-0.971525194946415	0.601649661015414	2.58827349837387	0.107657629691263	0.244868807957744
FBgn0051510	253.815549959687	-0.363667167525492	0.228187014536714	2.53617398181078	0.111264104427035	0.250649593429705
FBgn0051522	1281.31482159771	-0.14986305989934	0.199178101589681	0.565755254760631	0.451950612618117	0.644371014015554
FBgn0051523	2240.83295042115	-0.0712089200850827	0.146998594862269	0.23472908984327	0.628039236185148	0.779903274064442
FBgn0051528	154.918428796681	-0.873147587247909	0.342170143392258	6.45210602651821	0.0110820901445851	0.0480532498456112
FBgn0051538	862.752019511817	-0.791687628886844	0.32100444549387	6.01524001450349	0.0141828494061866	0.0579127548173026
FBgn0051542	38.2098447997529	-0.785080411411383	0.525731246296183	2.24371849411992	0.134158012065592	0.286151872967556
FBgn0051546	53.6367200388264	-1.02485932224922	0.438738490665794	5.42338721039229	0.0198687784533588	0.0741947105681075
FBgn0051547	1191.92296536146	0.255653546725773	0.318379472496055	0.64416056953884	0.422208198105428	0.616933479435334
FBgn0051548	1026.93574583477	0.845371286231636	0.178579430707288	22.1313541047181	2.5461697486528e-06	3.78239088587749e-05
FBgn0051550	707.904551665588	-0.0727460144574852	0.172205768648032	0.178507391703903	0.672659114720207	0.812183806050309
FBgn0051619	258.50626117521	-0.529413120897359	0.216199111486829	5.97886854836563	0.0144782875542881	0.0587270203164427
FBgn0051624	105.810750802267	-0.801125304175035	0.46372804052351	2.96129439435572	0.0852796460886715	0.208682084605224
FBgn0051632	190.117260377914	0.0698662416668253	0.242847285512756	0.0833226617989951	0.772844139119652	0.872626574995753
FBgn0051635	1035.95480913162	-0.408978268266635	0.184780928691556	4.88685931702955	0.0270618720834247	0.092807601734994
FBgn0051636	651.543134850427	-0.0170502103004249	0.53559694205187	0.00101371494514524	0.974600532251949	0.986337320402706
FBgn0051637	727.147659182912	0.000171862762774449	0.242437558766838	5.6261708891725e-07	0.999401524356465	0.999401524356465
FBgn0051638	511.340403268938	-0.21941607192476	0.177191832116828	1.53110665193223	0.215946431981485	0.39615619871198
FBgn0051639	76.8889765991476	-1.16376472026579	0.650211061007372	3.14343433470812	0.0762331306866038	0.193633029700228
FBgn0051642	183.07200437561	-0.29933860997914	0.374382683268719	0.639322203703969	0.42395634362066	0.618754676829094
FBgn0051643	156.61875026154	-0.0995255014479409	0.210641413270146	0.223058731177986	0.636719136917906	0.786674900640416
FBgn0051648	113.597393860755	0.919456728510876	0.307516786549365	8.86428012762143	0.00290804907590878	0.0169916017668875
FBgn0051676	375.39442816881	0.436165662685909	0.186315769182541	5.46428522829812	0.0194089912300533	0.0728476982620121
FBgn0051678	835.125955773387	-0.377447925794953	0.18996156690775	3.94156916985261	0.0471068174431123	0.138429103089909
FBgn0051682	53.59909263409	-0.609403620142684	0.479502083244395	1.61250102573478	0.204140591040937	0.380510472189528
FBgn0051687	178.430415444884	0.185289325060152	0.247922730755082	0.559698255649415	0.454381845492242	0.646392617713518
FBgn0051694	3330.48621650338	0.0143343772674074	0.151672070462946	0.00893639232066334	0.924686171957207	0.960158952853659
FBgn0051697	34.1525007290844	-0.880510682759969	0.625954988265482	1.97253611585252	0.160178924706444	0.322772055631346
FBgn0051698	785.505415239068	-0.0077475576192688	0.296144067436252	0.000687569500058771	0.979080630180247	0.98919043395233
FBgn0051709	246.874724234443	-0.8550002904115	0.461408580491362	3.39314906079247	0.0654678024348238	0.174107260001472
FBgn0051710	141.759791078033	0.510338529019866	0.212423903876865	5.76809641904286	0.0163197028927558	0.0639350375352572
FBgn0051712	621.13360072158	-0.0654449504364897	0.161839790572839	0.163792084805891	0.685688964424418	0.820298186290817
FBgn0051716	1754.28127274552	-0.0533671523594402	0.165793972733583	0.103671861307504	0.747466974423573	0.858049510767833
FBgn0051717	469.704288999962	0.241874612478375	0.234109494725332	1.0672606327029	0.301565024745173	0.493510715569622
FBgn0051721	169.949906053526	-0.394270715658676	0.281043630368074	1.96232177665605	0.161265226166754	0.324072957343529
FBgn0051729	3625.33501995291	0.217570171829541	0.2247695487699	0.93597925772022	0.333314023320628	0.528605848630701
FBgn0051735	43.4787281386697	-0.957848022132918	0.675788041495857	1.99143983939589	0.158190412886264	0.320595361347816
FBgn0051739	1007.10857674457	0.0646127118071762	0.222601872963522	0.0842594940743879	0.771605970435923	0.871674700182638
FBgn0051740	165.542632525479	-0.48058855486198	0.605771040286907	0.627742861340693	0.42818445786936	0.62255720155532
FBgn0051773	107.598094661767	-1.11418700459822	0.49805564907746	4.92463431974455	0.0264764049633838	0.0912749809407841
FBgn0051778	1283.17998818657	-0.404993597287052	0.223503980002817	3.27216492827108	0.0704645768509805	0.182661406032036
FBgn0051780	247.085340996032	0.926028493339302	0.287102507847302	10.2607498286259	0.00135890436848576	0.00911860999811282
FBgn0051787	51.5297408479987	-1.31007712679877	0.560749853656032	5.37041121932926	0.0204811484957653	0.0758649781462847
FBgn0051792	425.115280809982	0.937207844110278	0.313106000980187	8.82260803716949	0.0029752113026994	0.017306041222821
FBgn0051793	298.828071032489	-0.605455500534111	0.30029232722863	4.04334510325133	0.0443458382711875	0.132511912260399
FBgn0051798	105.51091788022	-0.940828691019173	0.419651440176646	4.97558259509253	0.025707544149857	0.0894492782248967
FBgn0051802	54.9335009220489	-1.28149557915676	0.597708722871077	4.51446337402571	0.0336094276618839	0.108158128989228
FBgn0051803	37.771295876263	-0.857656740565209	0.534668333298485	2.5726080490605	0.108728342135319	0.24651050642396
FBgn0051820	105.984138216776	-0.903534568840996	0.653599143280768	1.88728686272614	0.169508254271008	0.336197086016493
FBgn0051821	322.680247286621	0.47837357033849	0.307197978587141	2.41523974280861	0.120159572879823	0.264476944647432
FBgn0051852	353.994251119929	0.185945054072035	0.186522683700958	0.993597234014509	0.318864765570078	0.513348420250021
FBgn0051855	147.893755784489	0.144734106946642	0.248248549293946	0.34045328630129	0.559567693278014	0.730593134048998
FBgn0051864	67.0259893074897	0.00604618631216174	0.341283705599702	0.000456952300858404	0.982945365304523	0.99137157428816
FBgn0051869	296.363600367095	-0.685533313708403	0.309480859222254	4.87342247850023	0.0272733588058237	0.0933877058993359
FBgn0051874	65.6549433157703	-1.22971078028057	0.545743353400293	4.99537131094496	0.0254151999695986	0.0886768384862547
FBgn0051882	59.6326542033031	-0.938920168736601	0.552899520746419	2.86159178771661	0.0907176857628513	0.217584359655178
FBgn0051901	5453.68905786479	-0.241451949257051	0.372067792858724	0.42067122622602	0.516602305339819	0.696764247019934
FBgn0051907	107.850927101411	-0.507239262742362	0.562119087339173	0.812560747424435	0.3673642463882	0.561806258254675
FBgn0051908	1144.39023704784	0.191787013440146	0.163405136142124	1.37677519584743	0.240651213404438	0.427007099754828
FBgn0051913	36.390916280829	-0.745885332683612	0.562682824170091	1.7570805979267	0.184989072891559	0.3556304094107
FBgn0051915	384.470736095055	-0.0391149834223061	0.243746933826132	0.0257630479309512	0.872480356221346	0.930139744266903
FBgn0051921	116.523941507896	-1.0628067537638	0.435844929156999	5.86496621987087	0.0154451551555287	0.0615018272077552
FBgn0051933	80.2977446626357	-0.904607200786314	0.560308228013104	2.57936423622628	0.108265138292783	0.245712855014279
FBgn0051935	481.300281538782	-0.25866751617833	0.183396491186152	1.99039124892157	0.15829997685407	0.320603680964774
FBgn0051948	396.507609363757	-0.770754607201208	0.380151660447795	4.07137975452896	0.0436156342477965	0.131039957985208
FBgn0051950	94.0621031195353	-0.602609412775664	0.497866254591	1.46195935262193	0.226618624415462	0.409672708583985
FBgn0051952	37.2623494844816	-0.782631057447438	0.655702172774745	1.41997985323503	0.233406719160953	0.418443902859864
FBgn0051956	143.429844348683	-0.0195486840023036	0.481327209570133	0.00175356188273668	0.966597905714496	0.981389934417755
FBgn0051961	192.176410011917	-0.192533309156297	0.238150358989281	0.653728489422463	0.418782793046795	0.61353799864601
FBgn0051973	412.664595646122	0.333247791118158	0.293925614200316	1.28300194818314	0.257341619119504	0.446916443044775
FBgn0051988	441.615564370373	-0.795630098314612	0.416382601391221	3.61208508866648	0.0573611597569617	0.158339673388128
FBgn0051989	165.732659927199	-0.500091861866033	0.206786101995886	5.84717012058461	0.0156021208787577	0.0619590974951208
FBgn0051992	4451.88510947751	-0.290322796238072	0.15186324586986	3.64893975882069	0.0561049163282009	0.155927490292928
FBgn0051997	710.268163757265	0.151477873580696	0.305641082759728	0.245522285559304	0.620245772461264	0.774780393006539
FBgn0051998	728.848987883016	-0.0577975631730632	0.212320323521585	0.0742297354964023	0.785274997522094	0.881087084334157
FBgn0051999	933.167790540065	-0.763856365570146	0.212226310309531	12.8169268118774	0.000343497474406747	0.00283008563414111
FBgn0052000	1468.3858776635	0.190649405358733	0.268002476061492	0.505761535698497	0.476979433761425	0.664889360260512
FBgn0052016	823.793091521037	0.016177159340667	0.167031267887298	0.00942514888562584	0.922660317533522	0.95963633214472
FBgn0052022	155.30135563712	0.105408301605935	0.230394736826163	0.209426545268641	0.647217243627846	0.794414377211311
FBgn0052026	132.926426191756	-0.735653554211432	0.436107057540469	2.82435316287358	0.0928442904131447	0.22130146369681
FBgn0052039	260.852928429361	0.075711973398143	0.229714194071411	0.108648310210164	0.741688294139096	0.854181950315865
FBgn0052056	1679.01068083723	-0.343438380746541	0.22816626685201	2.26061509843454	0.132701343929263	0.283868280928926
FBgn0052062	764.064767913479	-0.204556425461638	0.234634657077283	0.758893607590636	0.383674987230354	0.577890076205889
FBgn0052064	1306.38443897478	-0.975459165762107	0.359408972522409	7.23687283358295	0.0071421268764784	0.0340844389172771
FBgn0052066	427.021331473549	-0.127203259661536	0.262145180125409	0.235423452297539	0.627531257050043	0.779796621913756
FBgn0052068	696.347802532776	0.499193636640411	0.198633004901964	6.28732178102723	0.0121604667968343	0.0513661843060151
FBgn0052075	119.677547014069	0.304885220494072	0.225085279112349	1.83567876102461	0.175458268522153	0.344283691669885
FBgn0052076	362.286758359965	0.0853433267386592	0.21616128600433	0.155910297184668	0.692950064318158	0.825181021260921
FBgn0052081	134.725949213971	-0.841058674593855	0.455723950237598	3.37486052533639	0.0661981826650355	0.175367596110271
FBgn0052082	880.17731849959	-0.121718665961186	0.202099074380105	0.362479828705133	0.547132217399193	0.71982923607134
FBgn0052085	203.380282428941	-0.742146526826756	0.292739722346732	6.38906985819349	0.0114825181090215	0.0491614458000997
FBgn0052087	53.8030944209738	-1.21086009428911	0.522348814280145	5.28814323510639	0.0214711007784127	0.0786471537022471
FBgn0052091	477.504173634159	-0.6279084840673	0.287813222959842	4.72206522146625	0.0297779583055007	0.0994552248628835
FBgn0052095	104.414406674097	-0.00503427928391049	0.271196120889779	0.000394134125627943	0.98416078866116	0.991758678482246
FBgn0052099	166.34372465033	-0.13936109235191	0.280206238051182	0.247028769651763	0.619175026272967	0.77397717574574
FBgn0052100	301.671625164566	-0.564991272674317	0.220164102008989	6.56697653586383	0.0103888291765262	0.045721211298587
FBgn0052103	1799.38890682278	0.295900581638786	0.18337716461076	2.59908681855629	0.106925308500855	0.243611908652607
FBgn0052104	168.895112084989	-0.181785314922556	0.235079231756729	0.598374830350302	0.439198774589985	0.633975132828729
FBgn0052109	64.2293293506539	-0.0698244058448912	0.408735222302306	0.030200661460448	0.862035710330029	0.925490097086285
FBgn0052113	472.059696372601	-0.285428078546047	0.283932678501399	1.00915777198294	0.315104695340349	0.509432728413932
FBgn0052115	81.2433640774352	-0.813218766894925	0.367533445554271	4.86951997008799	0.0273351031828469	0.0934570588793347
FBgn0052119	248.823030713098	-0.82498240400223	0.313146799717934	6.87639826105982	0.0087341397592138	0.0400156018874884
FBgn0052133	716.341770657323	-0.45353258022455	0.288360567399275	2.46489526775557	0.116415461893381	0.258622869019937
FBgn0052137	1429.3880205104	0.100131898614282	0.156081949373354	0.411466268922581	0.521226221860646	0.700685585267877
FBgn0052141	30.2228805842212	-0.875136255460715	0.616985526980393	2.00804374973236	0.156466963631977	0.318169187313896
FBgn0052170	520.05442218265	0.58929069497105	0.269537055794202	4.74845240875324	0.0293246561130062	0.0983507280658177
FBgn0052176	122.899222395503	-0.114355879452277	0.270897392277954	0.178643345554306	0.672541729434758	0.812167540787232
FBgn0052177	518.700287541023	0.0315563618139991	0.171085397440557	0.0340424778500221	0.853616491278501	0.92149644226101
FBgn0052179	190.940807338219	0.202452661342821	0.220458013466962	0.843246733391467	0.358469851420024	0.553805625668225
FBgn0052181	112.043249361142	-0.86019855394134	0.505828937063871	2.86580332090038	0.0904805249876341	0.217284171833583
FBgn0052190	5498.89018536582	0.395119312396107	0.184635357880933	4.56527827476287	0.0326263733702395	0.10588272108091
FBgn0052191	539.040040733814	0.247765980760171	0.350621881300009	0.498613080414344	0.480110157295778	0.666962034774245
FBgn0052195	139.676179101797	0.97560345043785	0.344832754916198	7.90136901108649	0.00493973972556737	0.0260854787649401
FBgn0052221	153.925673352245	0.166140105863671	0.261023866641804	0.405481352288419	0.524271948843409	0.703066212248365
FBgn0052227	209.628551788826	-0.583632417749052	0.23175401296992	6.32907850004992	0.0118774016305744	0.0505085534465715
FBgn0052238	90.1260091667397	-1.25194504239619	0.502523107495905	6.08508589479314	0.0136327739016287	0.0560690377805766
FBgn0052240	53.7657588256921	-0.957711544573884	0.552092341217467	2.98346211396184	0.0841191604121195	0.206943909168194
FBgn0052243	210.290647147681	-0.0740761690308719	0.260837778558601	0.0810047492613464	0.775940395379523	0.875002945537241
FBgn0052248	130.3723526802	2.78744189858749	1.16209614641746	5.05839052338418	0.0245069870740316	0.0862927589550101
FBgn0052262	131.146394483715	0.0215073409316955	0.286181784394357	0.00629193090732372	0.936776752511237	0.966475173968567
FBgn0052264	1968.93420456848	-0.0637439317190224	0.18483893803392	0.118901998135385	0.730228425515296	0.848410132935116
FBgn0052278	101.016143433923	0.643889620491119	0.282455960770943	5.17879148042613	0.02286422151775	0.0821952988039683
FBgn0052279	89.1814737173578	-1.25702767768699	2.79967514732054	0.195612979388102	0.658285472118258	0.802836168074909
FBgn0052280	931.801761744497	0.498044547608103	0.245515032693988	4.09550840677136	0.0429972967195919	0.129800939532562
FBgn0052281	56.5944213015931	-0.368252471911291	0.45553958583296	0.655623676968403	0.418109214733076	0.612856430366223
FBgn0052296	1017.38262643171	-0.102344936426557	0.153383780881892	0.445206570484856	0.504620111581172	0.687792379455092
FBgn0052304	121.190426201582	-0.890573949820828	0.304347241808397	8.510740104883	0.00353056438799331	0.019860403288259
FBgn0052311	7832.98970102315	-0.172123010260508	0.203484955511535	0.715082885385769	0.397761563798833	0.592179524035921
FBgn0052333	428.045189320386	-1.00923604924718	0.403472275125995	6.14635673382982	0.0131683100285678	0.0546039321861291
FBgn0052343	237.788401714005	0.13345066521152	0.18771308162671	0.505618984967874	0.477041538962976	0.664889360260512
FBgn0052344	301.258629736764	0.149924918144853	0.259378182128676	0.334200955220865	0.563195821588913	0.733359477124809
FBgn0052351	1307.29212588408	-0.899574362130832	0.320342189693978	7.76822762785082	0.0053173197073619	0.0273905598936144
FBgn0052354	170.962386435767	-0.60538432877149	0.442927074880546	1.85882486600451	0.172760488852947	0.340924924639934
FBgn0052364	54.0194279581593	-0.753751847451027	0.403552313853968	3.47741932989282	0.0622116882722033	0.168082038369235
FBgn0052369	1660.99762506204	-0.148947258010045	0.250739168875138	0.352618790142458	0.552634426990642	0.7251221091101
FBgn0052371	94.2941449597082	-0.858930959193273	0.459454974056108	3.46775194213966	0.06257630039439	0.168499626084863
FBgn0052373	249.259849598893	0.957588328135767	0.297412030337183	10.2143924191198	0.00139348893486173	0.00931526239486354
FBgn0052380	582.959369449569	-0.428081320454807	0.199134644686788	4.61118619030239	0.0317640542361879	0.104118133202126
FBgn0052392	191.820512026858	-0.95368606079845	0.449697997048193	4.43380677830376	0.0352338401385797	0.112280030835257
FBgn0052396	59.7531340860695	-0.724862761071879	0.441495562361802	2.68323616922155	0.101409457887211	0.234865369133005
FBgn0052409	299.949917681504	0.126332421585439	0.245410657794419	0.265257338423687	0.606531081245255	0.764511974404965
FBgn0052412	125.155564235919	-0.14184220906181	0.37597037693484	0.14258062338066	0.705728882924254	0.833098139346993
FBgn0052418	68.9819018705984	0.0804791472814464	0.364570603839372	0.04950554052229	0.823925914264476	0.905068771552059
FBgn0052423	2722.84992516004	-0.148950781720864	0.151909317236444	0.961159688448674	0.326894867982834	0.521990646956303
FBgn0052428	597.54365269757	-0.0705045743732732	0.229848115110084	0.0940545744237653	0.759084531755239	0.864948593518625
FBgn0052437	116.474140239102	-1.1283125599783	0.509081763663606	4.82748369120735	0.0280094822244155	0.0948698148361315
FBgn0052438	252.153557549949	-0.244805171170345	0.223135094604941	1.203288279182	0.272665446397028	0.463762509446294
FBgn0052440	34.0611420900929	-1.19050356633799	0.570974127274316	4.31298785778871	0.0378224761013809	0.118223708508177
FBgn0052441	734.5686724239	0.438523870439293	0.145821843810327	9.01911145284834	0.00267171238472316	0.0159291824883765
FBgn0052442	63.2378739672385	-0.496763005853769	0.351167067403288	2.00667074879964	0.156608665800937	0.318340213551593
FBgn0052445	185.442388194803	-0.837513227668031	0.436856624680407	3.63868467587542	0.0564515161413338	0.15649644311377
FBgn0052446	1296.70079939288	0.01961760801467	0.238151692781866	0.00680306471204517	0.934264470797716	0.964881752144083
FBgn0052447	403.657278127518	-0.887462195574975	0.474974926756315	3.4431503462712	0.0635144763449196	0.170298310321352
FBgn0052448	150.306091116886	0.282255976081097	0.205592067755399	1.88561357840914	0.169697497220326	0.336496789993743
FBgn0052450	64.5584882518571	-1.11268577128548	0.569255771839262	3.76573831276519	0.0523127584049418	0.148501334866603
FBgn0052451	1791.53930507186	-0.842470511481363	0.219545396751775	14.5368469857112	0.000137444830566519	0.00128204353585514
FBgn0052452	107.551232368201	0.130776086906099	0.288983660597489	0.205431682497156	0.650371813982496	0.796409313250904
FBgn0052459	67.865044027988	-0.830772653353087	0.549434247092316	2.27125200251433	0.131793394274426	0.282679851987733
FBgn0052462	58.202154595891	-1.12680408699583	0.529040370331564	4.48075362192102	0.034278602670347	0.109751230030168
FBgn0052476	201.569524036031	0.257496496760229	0.294574772222017	0.76438734172055	0.381958993211891	0.576433411339444
FBgn0052479	1951.55456646744	-0.32286572673187	0.179297538648664	3.23632768172284	0.0720219041994556	0.185607851242989
FBgn0052484	918.603820101403	0.147221178637042	0.176197265055933	0.697767973629681	0.403534705315721	0.598235251305619
FBgn0052485	271.989708051005	0.290573238388299	0.182385872274354	2.53670009019547	0.111227028420952	0.250630055869888
FBgn0052495	2586.20122113715	0.495461109823365	0.180980124467748	7.45921283338708	0.0063112598864466	0.0311817229776063
FBgn0052512	478.031765066507	0.0196012156534266	0.246118204996666	0.0065102122287044	0.935691761413676	0.965564741283391
FBgn0052528	1549.69159912489	0.173273079726182	0.235910721145494	0.539035550766144	0.462832700510206	0.653864192971831
FBgn0052529	1454.05394209293	-0.1411642282649	0.237018030072619	0.354576555461591	0.55153381619062	0.72432421402977
FBgn0052533	422.424091042662	-0.137779059908054	0.195400840610889	0.496631331249162	0.48098403747508	0.667895584288656
FBgn0052536	149.616682920802	0.117086142657971	0.230063508009563	0.259166900202764	0.610693083963784	0.767847787531552
FBgn0052548	361.634546621368	-0.78218725533095	0.350757457250927	4.92436695671762	0.0264805021768367	0.0912749809407841
FBgn0052549	3476.045374952	-0.483583790602367	0.246316019909511	3.83680739721571	0.0501389064358331	0.14458356548686
FBgn0052557	213.471511023086	-0.687608132678997	0.311456492284173	4.83857366193819	0.0278299043629923	0.0945595210238906
FBgn0052572	120.941950824554	-0.483928351230191	0.355095327407082	1.85714536311055	0.172954628127938	0.341153093966592
FBgn0052574	98.854695266621	0.0308518895935556	0.442950561126708	0.00530967456919029	0.941911545419476	0.968578665826626
FBgn0052579	212.872737981952	0.10673154968422	0.272925352749343	0.153230733858642	0.695466876073705	0.826394408981246
FBgn0052591	190.171157754521	-0.736593359933582	0.40044438405255	3.35991631643347	0.0668014629896431	0.176325488908349
FBgn0052594	743.324646377806	-0.304461971593534	0.265760810410442	1.30948976238734	0.252487057429372	0.44109004053787
FBgn0052626	6098.30862875158	-0.216397902511897	0.174233311823451	1.54101371387183	0.214466978942543	0.394261796289375
FBgn0052641	47.2728954711026	-0.115365147786461	0.658659582866158	0.0306609462968765	0.860998957510909	0.925485338822239
FBgn0052647	50.8617207183516	-0.888939291850612	0.425135614628413	4.31369742002283	0.0378067049598406	0.118223708508177
FBgn0052649	596.410718166914	0.713090083693602	0.18475145732969	14.7718238998122	0.000121334998421898	0.00115248657273932
FBgn0052650	65.9388548633813	-0.992852281259461	0.321773428672059	9.5228435246582	0.00202929904307302	0.0127357999687598
FBgn0052654	3808.38863048763	0.0604594995019679	0.20138232843585	0.0901222575341478	0.764021788004624	0.867642941389567
FBgn0052655	49.5197728897151	-0.600484984585328	0.656749482039153	0.835478603705376	0.360693102472689	0.555745754534487
FBgn0052656	9506.14999051382	-0.710250285037496	0.388442536616346	3.31014065891948	0.068853598408852	0.180072362880768
FBgn0052666	921.74175172697	-0.235015109566375	0.212770980491647	1.21904802438281	0.269547558539022	0.459522344773634
FBgn0052672	4294.98614298445	0.135550968654871	0.178681987983875	0.575246656776002	0.448181534570097	0.641581441927688
FBgn0052675	922.660622119634	-0.165265517049693	0.218675626768736	0.57118066996135	0.449790130694309	0.642911333940089
FBgn0052676	2060.67536115244	-0.36845892231172	0.175320330716836	4.40476396171614	0.0358386840017031	0.113632967168892
FBgn0052677	304.707065229468	-0.977417274313519	0.357981277312983	7.33845433704987	0.00674948498675773	0.0327644595471482
FBgn0052685	1701.14536421307	-0.0756172977593893	0.155932645202882	0.235155302531268	0.62772731926736	0.779903274064442
FBgn0052686	162.054631071906	-0.843890959281329	0.380455526530594	4.87457464875525	0.0272551572423211	0.0933616100567707
FBgn0052687	5227.67414020037	-0.126692411953346	0.22321278496258	0.322021051760956	0.570395590903052	0.737982916276114
FBgn0052695	362.989477720139	0.111663241645644	0.284602881770769	0.153923557140899	0.694813714394136	0.82606254591941
FBgn0052698	1247.14735147113	-0.329635878839271	0.237951304093116	1.9146939439689	0.16644277866931	0.331682718829719
FBgn0052699	925.462009959055	0.293284071811799	0.233660240467627	1.57249047919285	0.209845704089668	0.388281128002677
FBgn0052702	1650.71596849835	0.262545376650545	0.254674797900726	1.06128569897133	0.302922129942652	0.495272350308313
FBgn0052703	296.128086941405	-0.825658922102063	0.348593810398	5.55148724928911	0.0184649909388642	0.0703519343888333
FBgn0052707	217.285624295308	0.00146768897935884	0.18487532947362	0.000304124217933577	0.98608627064836	0.992410319342108
FBgn0052732	281.609292429542	0.0670902870738856	0.210680550037139	0.10154316038583	0.749985581745618	0.859687291936
FBgn0052756	128.638311293374	0.0546335539547959	0.320613382503691	0.0291928423349788	0.86433453349632	0.92660526346392
FBgn0052758	1536.18432985785	-0.968240820601137	0.29462149577865	10.6084880054984	0.00112569702786045	0.00780908063981181
FBgn0052767	997.63466940127	-0.408219447309954	0.180742528384792	5.08498327713899	0.0241339094715911	0.0853879780181714
FBgn0052772	386.910597623361	-0.0353513941782277	0.168546044158882	0.0440258627762447	0.83380550234674	0.911921908353873
FBgn0052783	100.079670663229	-0.615000404935932	0.369492571133329	2.75924836670303	0.0966936572289468	0.227284185239272
FBgn0052803	473.878878316818	-0.000607151376309832	0.188884012996349	0.000160508405159021	0.989891718370921	0.994174307507068
FBgn0052806	37.9573140581277	-0.47016872449971	0.568413562810662	0.686915386939511	0.407215557791241	0.601988621536256
FBgn0052813	822.209653530294	0.0690856112325525	0.1677816791137	0.169607416382888	0.680460945042418	0.81769505405819
FBgn0052815	90.7817094331331	-0.18143318540071	0.258683698420584	0.494285258988491	0.482021950414781	0.668677286004914
FBgn0052817	39.377399387447	-0.488464135445408	0.477490464720827	1.04072406467824	0.307653133410323	0.500085957548304
FBgn0052831	198.072749764796	-0.128886657558244	0.274050747776766	0.221129330817703	0.638180768991575	0.787780191756997
FBgn0052843	346.518284924873	0.0828990714395537	0.199925021575795	0.172095339394197	0.678256287754262	0.816721272263047
FBgn0052846	106.824884825839	-0.408556512993744	0.394662986647475	1.07193825690525	0.300508049576602	0.492511706809794
FBgn0052847	21.4352540488299	-0.864387611205567	0.802114908881655	1.15657771833551	0.282176423892372	0.473210508708947
FBgn0052850	193.002217608048	0.0264688053707214	0.235327173860518	0.0127152909792159	0.910219167223876	0.952534859058762
FBgn0052857	329.873478644658	0.0299421085076247	0.225037472291389	0.0177123673802271	0.89412392903027	0.944135238797871
FBgn0052982	680.053513540973	-0.453733901919933	0.368742720059934	1.50852205585744	0.219364746108382	0.400594892313817
FBgn0053080	2031.15306187836	0.10722905104753	0.198880700730879	0.290584659095174	0.589846110407706	0.751739930089904
FBgn0053087	4895.59377864809	-0.702738106709711	0.353573466708959	3.91221379467109	0.0479364126661385	0.140016850501823
FBgn0053092	170.905187267017	-0.937335189954301	0.447749313595465	4.32680049259717	0.0375167036594315	0.117554282927053
FBgn0053094	1434.3434596821	0.374735197033261	0.177619223271579	4.4388026578353	0.0351308773751306	0.11203283771527
FBgn0053095	434.313761597403	-0.363999653080908	0.262548589343868	1.92001644250601	0.165854847742628	0.33066045559895
FBgn0053096	967.391763303983	-0.363096316209278	0.206800905466588	3.07378301813669	0.0795641216281155	0.199452786717753
FBgn0053099	388.764520746829	-0.634913964019533	0.232349695401217	7.42056225859545	0.00644826624534169	0.0317342450356358
FBgn0053100	472.795814803091	0.0495780434799639	0.150590920887743	0.108418351113883	0.741952055664585	0.854181950315865
FBgn0053105	1681.90625905242	0.423501487584962	0.226939152574041	3.4681279373396	0.0625620770084574	0.168499626084863
FBgn0053111	793.520567997031	-0.00930637608074482	0.149728978640199	0.00387125192273174	0.950388125060581	0.972399142370232
FBgn0053113	9590.63056874365	0.777193345028546	0.189704490497758	16.5876780837274	4.64518431932468e-05	0.000500477490033223
FBgn0053116	265.69177185024	-0.170877468593133	0.207594040308203	0.677428459051754	0.410473633858855	0.60498068234016
FBgn0053120	705.803155920281	0.112467632568088	0.282359075230498	0.15858754977296	0.690460268222609	0.823104756389665
FBgn0053126	551.612402019551	0.0350269005326771	1.46071279879347	0.000574753296405106	NA	NA
FBgn0053128	19833.9689880386	-0.0137213446352165	0.247891755981387	0.00306404865251864	0.955856562207467	0.974746134857123
FBgn0053129	3963.49914258863	0.715326371451641	0.162609806273015	19.163521213528	1.19984544640644e-05	0.000151033326948508
FBgn0053136	28.545079258557	-0.691653157788767	0.673468402435761	1.05811786811473	0.303644848409296	0.496086306677214
FBgn0053138	2912.03429602301	0.510435835515868	0.259125981926113	3.86012133011734	0.0494467525048802	0.143055129214119
FBgn0053144	2690.1168223862	-0.205009732038315	0.334486829447602	0.375372375323948	0.540090327925033	0.71472061391879
FBgn0053145	218.481709700721	0.171651453374678	0.208053249161549	0.681121240642398	0.409200896168645	0.603911809297897
FBgn0053156	314.291153699795	0.332922597427587	0.202218020588524	2.70587930320477	0.0999789440047898	0.232429328738672
FBgn0053158	396.32541296114	0.010598974160429	0.183509310194719	0.00334698290735957	0.953865629393873	0.973953982153614
FBgn0053169	70.268332702372	0.464266725567876	0.488846174239108	0.900407355400247	0.342672507684399	0.538415635293293
FBgn0053180	658.335665572541	-0.154783780848322	0.174396145485296	0.788044672780515	0.374692029102116	0.56916551296214
FBgn0053181	1213.22405004279	-0.472492506283859	0.262940063764113	3.21426470628278	0.0729989825222927	0.187742064056168
FBgn0053182	539.356411683939	0.0892874507129424	0.250735340670679	0.126888165500276	0.721680569199849	0.843681682911959
FBgn0053189	76.5251375942026	-0.652175114671869	0.402773111601555	2.6200079547429	0.105523911791484	0.241102083693321
FBgn0053191	51.2376541386413	-1.06782922537172	0.478167324807252	4.94955973987241	0.0260973134880469	0.0904085819009686
FBgn0053193	814.749997767254	-0.249285605552077	0.220779734695354	1.27289549620176	0.259224188815888	0.449125121168545
FBgn0053196	21371.9097899432	-0.18232311499119	0.38225963850054	0.22734130851299	0.633502254160397	0.78437068044704
FBgn0053199	663.208245102838	0.080924626977518	0.143918002285182	0.316349456341882	0.573809791583305	0.7404673753107
FBgn0053207	145.426233211798	-0.468504253293179	0.289194649707877	2.61696619994579	0.105726405669535	0.241316555516807
FBgn0053208	5793.38688915609	-0.838754287183315	0.47835753597457	3.03254299390174	0.08161001628948	0.203196045072904
FBgn0053213	50.1222480487372	-0.571103462048106	0.327876669712541	3.03907790552897	0.0812820758463946	0.202722735237023
FBgn0053217	70.452095762553	0.000174537693939019	0.49660288072787	0.000368816124392879	0.984677899159446	0.991758678482246
FBgn0053229	1992.61592381031	-0.0287131422407252	0.207072512186809	0.0192263254962484	0.889719597742977	0.941466090716396
FBgn0053233	30.4039682815869	-0.969514625866627	0.663554795882576	2.12530567261221	0.14488387391889	0.301807201005734
FBgn0053265	1201.08427224554	-0.0870045536108083	1.34962333152008	0.00415637379724387	0.948596037794777	0.971736368426404
FBgn0053278	61.3353477455458	-1.11949325572082	0.518801292878094	4.5934136709969	0.032095030707719	0.104969070038885
FBgn0053281	528.2335010692	0.525480268751983	0.277962826568819	3.55605805374717	0.059328473186554	0.162229453795523
FBgn0053284	96.699776979106	-0.96503033718841	0.508122944220243	3.56552399658737	0.0589911194829384	0.161607462998276
FBgn0053293	115.14801804618	-0.787627055352786	0.349254167986072	5.06414643061065	0.024425731361173	0.0861553934411479
FBgn0053301	527.428313451089	-0.231357083186947	0.311806359843353	0.549926901006529	0.45834756387727	0.649712273679202
FBgn0053303	2602.07777712338	0.537774919755864	0.178559831030204	9.01997788161538	0.00267044624571992	0.0159291824883765
FBgn0053306	1839.60631567404	0.898908159347417	0.317935422093199	7.86986445686686	0.00502654207910278	0.0263562402383903
FBgn0053322	76.294850047124	-1.13285491206063	0.481441166399202	5.46209326562325	0.0194333527094496	0.07290812258001
FBgn0053333	5421.2922124046	-0.198369182334066	0.410380784903291	0.233462708037692	0.628968084961279	0.780295962738914
FBgn0053340	790.726915155648	-0.960912979094856	0.388313773508869	6.02158547417382	0.0141319455474234	0.0577583545671442
FBgn0053346	1224.487571779	-0.98963574868586	0.431099532159103	5.17349799865055	0.0229339905859926	0.082297492041805
FBgn0053460	190.02929310441	0.879139570003266	0.262685665604629	11.0811898416242	0.000872078252970059	0.00628590991658061
FBgn0053470	501.53284429107	-1.15379346167223	0.931219296479259	1.49600762608853	0.221286677178972	0.4028444345397
FBgn0053489	48.4518107319664	-0.621647196810861	0.423915692093675	2.15561006450534	0.142050012987433	0.298014577888995
FBgn0053493	1085.2457027314	-0.129325095404815	0.364388986103892	0.125903241353399	0.722718100278989	0.844501771266902
FBgn0053505	131.944857036758	-0.205143119232836	0.278705578907324	0.54282549700185	0.461264102097472	0.65237929746884
FBgn0053506	190.703733380974	0.453537346608459	0.260391759095636	3.02772318512019	0.0818528025975875	0.203518250994214
FBgn0053523	1299.26267689047	0.0850697583354088	0.138468918421405	0.37739404852266	0.539001207682987	0.713983159445747
FBgn0053526	1224.74354746976	-0.103173746132473	0.217139688802571	0.225818635441868	0.634641730925212	0.785094439041647
FBgn0053554	635.909589563798	0.0318291743778992	0.280402997519466	0.0128907739170074	0.909604399628595	0.952230302802553
FBgn0053556	820.497405349332	-0.215718480600174	0.224121372846793	0.9257752708901	0.335963129879084	0.531042819734152
FBgn0053558	1211.50472643504	-0.511955743346589	0.267501991813459	3.64498870645042	0.0562381852868864	0.156199479688853
FBgn0053653	246.839400003902	-0.0310999639541832	0.261369915822377	0.0143403710847281	0.904680170346029	0.949779633924254
FBgn0053808	86.9070314107802	-0.75451245333625	0.52142526909746	2.08025866154234	0.149214889017527	0.308165290057358
FBgn0053926	2411.82991842166	-0.0193741336107439	0.17715041018327	0.0119606357552016	0.91291323779666	0.953996495774246
FBgn0053969	208.996665692289	0.348336873859625	0.203953935805025	2.91372111555617	0.0878290151109173	0.213226064582702
FBgn0053970	352.364839244035	-0.556778354161625	0.397969073653912	1.94754943963197	0.16285116686166	0.326368089118166
FBgn0053978	951.330181896411	0.540449805751684	0.273876338103772	3.87287775122255	0.0490723131493867	0.142298419727305
FBgn0053983	79.0406601541976	-0.110195719027423	0.313492153774039	0.124090063064671	0.724640137597378	0.845829866998762
FBgn0053985	102.856250915077	-0.395328617458303	0.340998724510372	1.33979082414955	0.247070860159864	0.434899914233122
FBgn0054003	676.990304414505	0.115874159792271	0.257098029700709	0.20304871835927	0.652271180977785	0.797622076073722
FBgn0054015	65.1017448271329	-0.671001963562441	0.361772166988083	3.44485897893541	0.0634488360053694	0.170225761298686
FBgn0054026	343.701608324683	-0.108132073417821	0.360704559140099	0.0898601129961065	0.764355068331066	0.867816407997083
FBgn0054039	47.3965771987358	-0.0661187747048182	0.417480323104387	0.0256327624369277	0.87280045011876	0.930231894535184
FBgn0058002	487.361420751789	0.868121397400902	0.438790492246702	3.86062673339913	0.0494318601333384	0.143055129214119
FBgn0058045	410.224316030583	0.23100315774345	0.323915322722453	0.508467567599027	0.475802987846713	0.663752524282003
FBgn0058160	767.307111635581	-0.0379926473405613	0.191892042907568	0.0391979640295972	0.843056989771784	0.915585831107227
FBgn0058191	736.721719900021	-0.812546006669608	0.208300085082305	15.0567915261205	0.00010432419668676	0.00100607290881308
FBgn0060296	565.668759489444	-0.527045163366682	0.352000852929088	2.2319041925478	0.135187149552472	0.28806843942309
FBgn0061196	44.2637343167622	-1.14038432190211	0.588030707648677	3.71486186143382	0.0539300870977965	0.151505599666016
FBgn0061197	898.895335872828	-0.907887219543578	0.412864350749511	4.76237501275793	0.0290883838292935	0.0977440589907408
FBgn0061200	1917.48202318266	-0.244216418311309	0.229259832179964	1.13359220805798	0.287010409494828	0.478206165668876
FBgn0061356	995.253204592303	-0.400251894611766	0.180077452705852	4.92713435066231	0.0264381250284364	0.0912001623342153
FBgn0061359	959.169139442877	0.36703504662627	0.208520719063542	3.08976743239924	0.0787860678852253	0.19806503219921
FBgn0061360	232.819625380455	0.198336450996856	0.205955083080217	0.927852940630025	0.335421459275823	0.530803256214108
FBgn0061469	1885.65768236988	-0.560909487475369	0.156667540759276	12.7484891590513	0.000356296852253601	0.00291377518469488
FBgn0061476	164.183988955813	-0.311199225542771	0.255810558481115	1.47915528898263	0.223906731951524	0.406317341146188
FBgn0061492	862.602591257891	0.497329474489742	0.164451336311569	9.10594933088043	0.00254779451251566	0.0152936998492776
FBgn0061515	2059.13022227745	0.0785583578466287	0.190093111615658	0.170760737983628	0.679436598921644	0.81721486982229
FBgn0062412	2036.45343281142	-0.726705280940355	0.176159267608703	16.8594229608575	4.02529825248517e-05	0.000441232692918374
FBgn0062413	845.074658827778	0.4393665458904	0.223952201491691	3.83383142249824	0.0502279924595705	0.144745854168272
FBgn0062440	325.730463890916	0.771748384485972	0.177780916166185	18.7167827539379	1.51641943686456e-05	0.000186104104463044
FBgn0062442	1087.24315965407	0.718874643795722	0.149366480094629	22.9644429399321	1.65025665557071e-06	2.55023900678738e-05
FBgn0062449	135.852728893154	0.211493028699289	0.26626208896134	0.631322819513855	0.426870509849523	0.621568544374949
FBgn0063261	30.8838550316196	-1.42730340889246	0.780086744380035	3.27539522490187	0.0703259857012182	0.182512119377727
FBgn0063485	985.424665118434	0.0623400156885995	0.222246566079296	0.0786728374270922	0.779104061589714	0.876777737465583
FBgn0063492	195.40657617456	0.936368389932667	0.278139020231565	11.1857766680609	0.000824267463006617	0.00600386364077827
FBgn0063649	134.54256413434	0.674443198986641	0.264982997944267	6.4445631921074	0.0111292403016192	0.0482103173399547
FBgn0063667	76.8890406850704	1.30856894885542	0.597762003750686	4.65585338041867	0.0309478453217184	0.10212557483876
FBgn0063923	366.141249920377	0.423946917690504	0.292959415804607	2.08655030447756	0.148601293362543	0.307395554620772
FBgn0064115	190.845199743425	0.348402364778814	0.18530621584297	3.53470875977312	0.0600968875454959	0.163822964381049
FBgn0064116	563.748404972256	0.234999444117962	0.188070448999121	1.56056326527015	0.211582766465427	0.390472800821371
FBgn0064117	563.748404972256	0.234999444117962	0.188070448999121	1.56056326527015	0.211582766465427	0.390472800821371
FBgn0064126	637.800545846513	-0.0928437660348546	0.166486590126978	0.311258718560012	0.57690881058992	0.742184479464274
FBgn0064225	36292.515366226	0.524579876766745	0.183386257508522	8.13792496379276	0.00433488628072961	0.0233951293829713
FBgn0064766	1261.80005492881	0.103026820738363	0.143966499990694	0.51203975508858	0.474257192411223	0.66251167490923
FBgn0064912	124.902568299101	-0.94294973451071	0.508583440411057	3.39605510711255	0.0653525394782343	0.173958011570419
FBgn0066101	861.501489109444	-0.0858209547368423	0.194035930811872	0.195528267425999	0.65835477246034	0.802836168074909
FBgn0066114	315.280452858693	0.0871478954300155	0.185761941403269	0.220559338500024	0.638614060625827	0.787799590516189
FBgn0066303	212.288781304795	0.181133870525761	0.202469161975797	0.800420315619405	0.370967731774599	0.56557329644028
FBgn0066304	212.288781304795	0.181133870525761	0.202469161975797	0.800420315619405	0.370967731774599	0.56557329644028
FBgn0067779	355.889907093603	-0.150132509485522	0.231887927639667	0.420005512892217	0.516934293451558	0.696933262859671
FBgn0067783	483.001354029916	0.191059618020033	0.207181502736793	0.849825242470089	0.356601780520249	0.552238348773373
FBgn0067864	776.941703315021	-0.171403035916587	0.14980376904501	1.30962185889823	0.252463131270861	0.44109004053787
FBgn0069242	2124.54603817626	0.517096436102196	0.161692402437862	10.1759127269575	0.00142287244963346	0.00949011828840941
FBgn0069354	190.201650146042	-0.882574572377469	0.482337523374271	3.30956333739294	0.0688777918867017	0.180082262402446
FBgn0069913	100.652597377174	-0.76075156265769	0.395315292883823	3.68599452963846	0.0548712386858536	0.153514207407727
FBgn0082582	3515.93840467795	-0.0575081115811525	0.171663264707724	0.112235531667068	0.737613229029754	0.85214417383063
FBgn0082585	102.460561237343	-0.304897356884507	0.276535472155437	1.21353165702959	0.270633812481947	0.461084095611049
FBgn0082598	2399.65085859404	0.0243880015643336	0.153407159401443	0.0252869799574285	0.873654059058128	0.930492631677463
FBgn0082831	1527.83437057422	-0.404233866439274	0.260745392946911	2.39635918737692	0.121618004908127	0.267420203167035
FBgn0083940	268.869815542547	-0.391650937620028	0.233293076134899	2.81164667499525	0.0935822723321796	0.222160336577657
FBgn0083943	56.778765853371	-0.775575160934474	0.573538420062328	1.8200665711161	0.177305352814301	0.346190932245553
FBgn0083953	80.9759542357481	6.09328330709548e-05	0.373921422291016	4.38072682129587e-05	0.994719075281619	0.995734670480432
FBgn0083956	1483.99592311671	0.581336188430917	0.228629897365542	6.42349667399141	0.0112620201650321	0.0486184275617627
FBgn0083961	330.323766443118	-0.0564244816603948	0.314443424013017	0.0322020735091257	0.857584875130236	0.923698486505126
FBgn0083962	1963.23106231185	-0.0305454384297325	0.187536868800812	0.0265282040292476	0.870617003951348	0.929711443999078
FBgn0083967	250.226957433316	0.144943027128739	0.209943004938433	0.476951023414763	0.489806633229536	0.675320895565222
FBgn0083968	125.357453484399	0.883154380399485	0.396078196126663	4.91834063113706	0.0265730278421839	0.0913797340917501
FBgn0083969	887.072769016639	-0.311010915873415	0.216413349967349	2.06300125913019	0.15091268014658	0.310698434347508
FBgn0083972	172.54826307277	0.490833899922158	0.333065148844756	2.16554992987771	0.141134124594415	0.296516075100266
FBgn0083976	200.063792721196	0.0833807251132792	0.217963683756106	0.146935377067251	0.701481395243536	0.830642100760116
FBgn0083977	188.087806809818	0.321854604296243	0.220619227739848	2.12692101219516	0.144731222417825	0.30163162650328
FBgn0083978	260.077673956113	-0.630040740771974	0.30945408582367	4.11937577523341	0.0423947184698131	0.128421213792527
FBgn0083983	43.0169110595375	0.0750413255203129	0.53351449793662	0.0203537517234764	0.886553515632446	0.939467782147317
FBgn0083992	313.125278109959	0.133522780102025	0.200202697233334	0.444941481079837	0.504747005181906	0.687859084745195
FBgn0085188	612.892036275077	0.283892859054172	0.209760878119051	1.82929579465358	0.176210745351981	0.344860352761883
FBgn0085195	70937.8925651018	-0.134038832918199	0.381752244765826	0.123238944249522	0.725547801410198	0.846359071753154
FBgn0085197	198.021608462278	-0.952696824453387	0.56451965989092	2.80465055358373	0.0939913220515712	0.222951458543835
FBgn0085203	28.8317807798355	-0.276627252589037	0.535715215930717	0.269982722936739	0.6033433621248	0.762294315360849
FBgn0085217	22.3220590337951	-1.55920685893081	0.686292889537386	5.09673895630856	0.0239708685341309	0.0849974563821257
FBgn0085220	299.805577457475	0.669894506744635	0.188988005188973	12.5040624324663	0.000406068074093093	0.00326631238450087
FBgn0085227	33.8575076966867	-0.461605171166058	0.603520736286267	0.581089852974742	0.445885450173791	0.63913145099635
FBgn0085242	28.5293536367087	-0.281604433349397	0.477687702640839	0.351651898423412	0.553179516733316	0.72563295430385
FBgn0085256	27982.7764498584	0.793485170888072	0.819678929868649	0.925519507792302	0.336029890963784	0.531042819734152
FBgn0085257	55.4825748269198	0.885963718694523	0.389140673413565	5.14515815573004	0.0233112868685329	0.0833463514294709
FBgn0085261	1354.76694581541	0.673569425175979	0.209738291856452	10.2286271076755	0.00138277549366247	0.00925767143860216
FBgn0085265	56.6922853347863	-0.0596202001481058	0.373465703391282	0.0268468634297321	0.869849130901294	0.929528911351488
FBgn0085282	176.321032334828	0.165617678388065	0.381282777169829	0.188952228197493	0.663790103206612	0.807344434279138
FBgn0085308	1393.32012662894	0.0155929985758604	0.238003990037904	0.00430187839060636	0.947705280840442	0.971485989560416
FBgn0085311	5459.99285182415	0.49165112693838	0.208868818023846	5.51461746719711	0.0188581969679349	0.0714490038836659
FBgn0085320	694.742719823528	0.981385805412815	0.346118644077185	7.89525492941679	0.00495646517232424	0.0261265523778907
FBgn0085325	199.450354692842	-0.625856413704435	1.53102447610469	0.165878826777274	0.68380070191813	0.819306995571068
FBgn0085330	258.405771386403	0.863757380156469	0.197178012254837	19.0225613395363	1.2918198156164e-05	0.000161230806973114
FBgn0085334	777.8455216326	0.890091382905525	0.452396948650825	3.81289204363206	0.0508595634052555	0.145614791527571
FBgn0085339	461.51428222782	0.36598777670842	0.268278450527052	1.85865053945504	0.172780628172007	0.340924924639934
FBgn0085345	320.201748997965	0.50904572367625	0.276505457396744	3.37464473887688	0.0662068521851849	0.175367596110271
FBgn0085370	1885.43491984824	-0.310953265634719	0.306326227257805	1.02844537510819	0.310524084212577	0.503873578354501
FBgn0085376	503.340687374575	-0.837067001218412	0.309655279176251	7.22469908245715	0.00719072252759905	0.0342712274637495
FBgn0085377	354.8628571041	0.295872251990817	0.20543519974455	2.07113778792254	0.150109498002047	0.309381751999313
FBgn0085382	105.244991214747	-0.983312096638047	0.374271783088644	6.82993234628349	0.00896426606085344	0.0408156262750107
FBgn0085390	348.806195062453	0.409738376346607	0.173573188752566	5.5613704945041	0.0183610350247041	0.0701375640943676
FBgn0085391	119.014335136688	-0.901957581765651	0.276379790274885	10.6099750587906	0.0011247920680525	0.0078089419421678
FBgn0085397	392.559122397337	-0.2842362632605	0.298729513703991	0.904846162695591	0.341485591752764	0.537699654108921
FBgn0085405	1148.19914995334	-0.207801001473231	0.280478494332431	0.548358372253574	0.458989239176377	0.650223707583841
FBgn0085408	2559.58398610924	-0.71484848146069	0.242142299555645	8.63166979071141	0.00330368615136506	0.0187712341272668
FBgn0085409	478.783128726182	-0.949578885912451	0.267806402469549	12.3876629495304	0.000432179837245212	0.00344494569453636
FBgn0085412	907.577612043614	-0.579069218223426	0.202365574184399	8.13901558344907	0.00433227973326785	0.0233951293829713
FBgn0085421	400.302553164947	0.294427802331245	0.285819972004301	1.05981770375452	0.303256766175179	0.495635803802515
FBgn0085423	1507.48338654775	-0.0385916256836603	0.252454434063406	0.0233689692480539	0.87850148470544	0.934484184034896
FBgn0085424	525.614385318521	-0.125113992479195	0.185263409263387	0.45566005282565	0.499659268912878	0.68345890387339
FBgn0085425	306.237384145431	0.768730447346862	0.278107657970181	7.5590904441553	0.00597081190718065	0.0298337736517339
FBgn0085426	234.708543653014	-0.375252052084434	0.595166481831648	0.396976697057141	0.528654761305015	0.706693196749548
FBgn0085427	1740.31159944225	-0.215660434750909	0.187241936963257	1.32539587193916	0.249625951510806	0.437912404797485
FBgn0085428	1053.37223573928	-0.54843691228785	0.201643699010452	7.35453661238712	0.00668937484087814	0.0325397153229927
FBgn0085430	2636.82722379536	-0.717237264805179	0.280665300218479	6.46656629224753	0.010992271462632	0.0477341552097761
FBgn0085432	387.215369064378	0.275483990918131	0.168289048229666	2.67792359654221	0.101748317900768	0.235101915986449
FBgn0085433	339.562383591083	-0.549570048590615	0.169674762650044	10.4775444092385	0.00120834256080248	0.00831080609342892
FBgn0085436	9482.3056801941	-0.565217568145605	0.266457801650907	4.47136288132171	0.0344674883278944	0.110315965544193
FBgn0085437	1783.95700335188	-0.071873875173861	0.170184885402107	0.178308049372106	0.67283132618175	0.812183806050309
FBgn0085442	1932.45338545834	-0.0354172105377234	0.156951665996394	0.0509200237043075	0.82147002780575	0.903596550156811
FBgn0085443	1331.34807950868	-0.82817752523616	0.36476760858693	5.08826329343322	0.024088303139978	0.0852701447620784
FBgn0085444	473.29942063065	-0.232277524699137	0.164389180528167	1.9984266863585	0.157462576998913	0.319487187730148
FBgn0085446	14051.3334015303	-0.00307691589477208	0.177989528253706	0.000298888490604554	0.986206546232346	0.992410319342108
FBgn0085450	746.71853167187	-0.354118082261669	0.155113866391527	5.1998978470928	0.0225882155791036	0.08145419463425
FBgn0085451	2443.08058449551	-0.341735635549017	0.232310359112678	2.15897454670954	0.141739253881202	0.297574869437954
FBgn0085454	100.955635367809	-0.914398932778927	0.466346420723682	3.80836206649039	0.0509972973108422	0.145772643819524
FBgn0085465	203.748433667846	-0.419817555369642	0.353466400591432	1.40476809019056	0.235926865483839	0.421420781584898
FBgn0085468	344.153769690485	0.990655639234641	0.192090379698931	26.2677673596871	2.97207863975094e-07	5.20349641213538e-06
FBgn0085470	289.008125719985	-0.357992285348799	0.214404195110133	2.78143198523065	0.0953628692103932	0.225236070105062
FBgn0085478	988.08100537074	0.0705123520447496	0.179291733409059	0.154660162502353	0.694121134744512	0.825684132243944
FBgn0085479	82.4475297110499	-0.971296678570199	0.464740203505467	4.3140198166539	0.0377995414623855	0.118223708508177
FBgn0085484	2514.77368043018	0.883345509045778	0.251949679634619	12.1082372256013	0.000501995693245482	0.00393743110862056
FBgn0085486	49.0307485107254	-0.717514536377659	0.480412341223519	2.23003217420272	0.135351029166252	0.288278416935314
FBgn0085488	68.2896185963851	-0.139283579097912	0.443539877478054	0.0993742524877135	0.752581851570242	0.860650888835643
FBgn0085638	111.835566490538	0.56152209446747	0.288578491406097	3.77589693918635	0.0519960165464727	0.147861053820843
FBgn0085736	79.186808575675	1.79839861826768	0.730099980821403	5.75915501193359	0.0164029584338231	0.064143317562979
FBgn0086129	438.242564623877	-0.222639684534771	0.262415472347894	0.720088498907671	0.39611488144304	0.590126239043287
FBgn0086134	4291.43491727479	-0.148241913626897	0.191853462161605	0.596742072482371	0.439823779802274	0.634427742472688
FBgn0086253	272.530880731923	-0.564253970206927	0.230971971904038	5.93517456439805	0.0148415985954504	0.0597183155523276
FBgn0086346	3523.61100492811	-0.149379812236212	0.175798042599387	0.721641281147114	0.395606066372443	0.589766502731954
FBgn0086347	2714.13840853886	0.494401535582948	0.250067584231321	3.8903620331686	0.0485639539518825	0.141335201078961
FBgn0086356	573.630228798317	0.0662626312490702	0.233020146890311	0.0809072771133401	0.776071641565682	0.875039121540452
FBgn0086357	11060.6737644109	0.817170362582798	0.193876736838661	17.5345007730753	2.82141268198073e-05	0.000323326565010364
FBgn0086358	1746.05658284177	-0.155730096915273	0.180153070239165	0.746679347756995	0.387529609712531	0.581187838141481
FBgn0086359	453.662732061696	-0.732404377807447	0.229397253900364	10.1190500122969	0.00146744616938992	0.00976526772149068
FBgn0086361	2142.16504348196	0.197246642592776	0.214098412206258	0.847902691571662	0.357146333978065	0.552693660298569
FBgn0086362	355.184458222508	-0.188089374734626	0.181906812462707	1.06957289186644	0.301041939331916	0.493020429225098
FBgn0086365	279.759024523964	-0.22221534612022	0.221395024811123	1.00733962756375	0.315541026545041	0.509857904822091
FBgn0086367	251.337665854558	0.159320347019685	0.304094099838596	0.274390081645095	0.600401955829557	0.760652815253411
FBgn0086368	495.303694197456	-0.159724291817952	0.164254058089576	0.945389434506325	0.330895660319571	0.526467001370775
FBgn0086370	496.64769938307	0.411235855754483	0.201931151693527	4.13822270144726	0.0419251661200706	0.127258725769943
FBgn0086371	552.132906424152	0.104127587823827	0.170561483077103	0.372699432948394	0.541536510249827	0.715902264711818
FBgn0086372	1621.23983054187	-0.100318323070054	0.142490248252872	0.495555038385305	0.481459738097957	0.66819766105322
FBgn0086378	376.32751280302	0.26334930716531	0.198552804483755	1.7589755575074	0.184752346751273	0.355252714694537
FBgn0086384	820.335921160925	0.0428877403097702	0.198975209670589	0.0465306580452847	0.829214069760127	0.908829331954212
FBgn0086442	1459.89686530455	-0.38722134921334	0.13443382518235	8.27936712607877	0.00400981026539822	0.021949482494959
FBgn0086443	2179.38603993058	0.202647498857632	0.127273855113919	2.53306941758207	0.111483166972647	0.25101491844007
FBgn0086444	378.782683619423	-0.225944606048493	0.181706630091612	1.54404696957884	0.214016425645829	0.393756207467114
FBgn0086445	104.480671836467	-0.291253888084518	0.248796177132981	1.36780639472846	0.242189133240185	0.428357769435035
FBgn0086446	206.9647158917	0.168369861979474	0.214100594505871	0.618535657671906	0.431591965722688	0.626376234463322
FBgn0086447	56.1382220927202	0.008986986036155	0.304492791052603	0.000988369314626425	0.97491996417844	0.98643432678713
FBgn0086451	585.425679639663	-0.368001945104676	0.303818599611754	1.46433853933863	0.22624107338263	0.409214834914714
FBgn0086472	18533.5564011729	0.526398880751249	0.125107456639104	17.6075402486941	2.71509690681973e-05	0.000312767821224247
FBgn0086519	773.934469411464	3.02577110211268	1.9275815716735	2.11296471230284	0.146056115517092	0.30338963355057
FBgn0086532	736.884351099828	0.467088943483249	0.160715016954765	8.41956619687637	0.00371204349748984	0.0206656604554261
FBgn0086558	27062.1752400794	-0.354239946804962	0.246822948196132	2.0546433808688	0.151742779227841	0.311680233684
FBgn0086605	470.851461305471	0.0967264725067404	0.205286808910511	0.222017354584111	0.637507075869068	0.78720437132223
FBgn0086608	229.669256283197	0.0455170083790099	0.272956899733456	0.027956593291762	0.867210912011928	0.928222839349012
FBgn0086613	392.824819341629	-0.206986988806582	0.226099381869107	0.838058700085966	0.359952574409064	0.555380576426924
FBgn0086655	1155.86687166215	-0.867661034696138	0.371886625285121	5.36812245703076	0.0205080410354422	0.0759072794029956
FBgn0086656	1183.89175628302	0.240303783243319	0.139186256073596	2.97806405031932	0.0844001693429517	0.20733493716097
FBgn0086657	441.377086704958	-0.124447279353068	0.16077787000674	0.598844427656616	0.439019269239935	0.633969212373098
FBgn0086674	453.885139629101	0.0692316551121394	0.252163805216057	0.0753818371114647	0.783656199105893	0.880519748571125
FBgn0086675	292.472507214514	-0.32148450451791	0.262506602000363	1.49895081370765	0.220832866956582	0.402526176001833
FBgn0086676	1811.16128607182	0.0988763108403143	0.22434415716616	0.194180888419581	0.659459443943106	0.803849997700506
FBgn0086679	756.961173121943	-0.0355407900206622	0.17273186481381	0.0423675988576804	0.836920651300956	0.912402746118067
FBgn0086680	750.076982747946	-0.256091384693836	0.190174550698315	1.81115894516579	0.178369266032586	0.347298638164334
FBgn0086683	339.433286482026	-0.0646565079120127	0.191277414267012	0.114490498073899	0.735088563900259	0.850901415171964
FBgn0086686	1514.51329188146	-0.459923946046076	0.182591220099242	6.32113102500045	0.0119307506850929	0.0506870216876553
FBgn0086690	1343.51326328726	-0.611752236885557	0.353363558439198	2.975916283792	0.0845122584156314	0.207379357135576
FBgn0086691	1303.37695347349	0.703440057075678	0.162880818193618	18.4901967792423	1.70780475620735e-05	0.000206716998199913
FBgn0086694	685.472639283764	-0.368024665944701	0.192963921192366	3.63243078928396	0.0566639988176863	0.156986852611386
FBgn0086698	267.318050060603	-0.410880642264474	0.170683507838738	5.78954615029643	0.016121750762387	0.0634232406274201
FBgn0086706	7436.99905424158	0.241694048792959	0.19480958836137	1.53737976200414	0.215008244082639	0.39492771560891
FBgn0086707	687.957530020415	0.100374581192737	0.257510479133583	0.151932460022877	0.696695428545361	0.826962666328257
FBgn0086708	2370.39680197868	0.608787848476426	0.300773256957808	4.06681708420457	0.0437336083609382	0.131333043342231
FBgn0086710	6581.94177761499	0.528407328800082	0.184482246343914	8.15970268822284	0.00428313921890892	0.0231725447379843
FBgn0086712	491.173624618078	0.376175329739272	0.169065969610664	4.93997675201604	0.0262423895925001	0.0908089591232239
FBgn0086757	383.64947864879	0.331584025372946	0.203510469839827	2.65132500581659	0.103463624824815	0.237659808369442
FBgn0086758	931.021885093791	-0.0948942416818146	0.195360887937417	0.23592342870181	0.627166058967898	0.779561217067815
FBgn0086768	887.23565018295	0.463143472436811	0.216804152657739	4.54493014719434	0.0330163692453486	0.106694780324467
FBgn0086779	600.948408582366	-0.142572790970658	0.163082540745032	0.7637757060361	0.382149501928848	0.576538372524777
FBgn0086784	1036.50580452335	0.364494836336398	0.178693275404187	4.1498909876717	0.0416372043739745	0.126691962550328
FBgn0086785	356.399344553668	0.0981753546251948	0.165975677156609	0.350295925444783	0.553945661650088	0.726086826856859
FBgn0086855	350.410531844472	-0.291610777612789	0.232959520806135	1.56672836718407	0.210682770918739	0.389577697105396
FBgn0086856	86.8100913502362	0.323277180272889	0.364371049669621	0.788286907580854	0.374618630162363	0.56916551296214
FBgn0086895	337.785458052133	-0.246276494293336	0.218748542161012	1.26820379833401	0.26010391673264	0.450334355510869
FBgn0086898	184.500198743271	0.0663456137566973	0.197580651801369	0.112961815827084	0.736797022398649	0.851535968488312
FBgn0086904	6874.30777569589	0.46370690191531	0.166096066458858	7.76154861531062	0.00533701810750713	0.0274686615735992
FBgn0086907	151.939460588808	-0.840388902954582	0.346679248795898	5.83141670843947	0.0157424409200651	0.0623479796582831
FBgn0086908	717.735195377282	-0.0788545321655614	0.163535868349857	0.232432606778204	0.629725924361532	0.780984055736635
FBgn0086909	1275.57038377077	-0.640210893560475	0.145767210778425	19.1655614617937	1.19856365718982e-05	0.000151033326948508
FBgn0086912	141.465407925173	0.23198858441729	0.247092619057841	0.882381671382412	0.347550187630097	0.543274199406196
FBgn0086915	380.959033265339	-0.960848685621961	0.456434821463259	4.36011548882985	0.0367898110819328	0.115908714180136
FBgn0087007	3598.6098974122	0.0582973417552059	0.2842097223307	0.0420734740274469	0.837479780903822	0.91275143626076
FBgn0087008	2372.64467195536	-0.647891655675718	0.189912924749152	11.5481359733171	0.000678172147513382	0.00506276736857706
FBgn0087013	10445.8421228017	-0.00477837582143099	0.166510509059786	0.00082385021332243	0.977101630360453	0.987735684076141
FBgn0087035	7089.44608527791	-0.238311189372411	0.191326827511777	1.54962569178225	0.213190707406619	0.392487962060506
FBgn0087039	143.910801032045	0.254156684317071	0.232854982327169	1.19141049412745	0.275045227456948	0.466443275078406
FBgn0087041	122.619319761905	-0.36433712167767	0.313995193674322	1.34582604902849	0.246009140083887	0.433636566540195
FBgn0243486	207.07580765738	-0.483615574909057	0.296939868600374	2.64828430637245	0.103661722305424	0.237772559818835
FBgn0243511	816.504444948924	-0.147954886377325	0.21962856721308	0.4539165173736	0.500480906817032	0.684264567981638
FBgn0243512	1233.24659552606	0.191074374454459	0.230976798333326	0.6836417625683	0.408335509977962	0.60303808201599
FBgn0243514	1031.65633081442	-0.181606385356219	0.329498637734833	0.303475837193915	0.581711543816256	0.746219929009171
FBgn0243516	1480.1715244526	-0.438488341465827	0.221154169707247	3.9170581804749	0.0477984534006005	0.139706377213282
FBgn0250732	795.632326462337	-0.0313671019778691	0.239439712148628	0.0171656243491185	0.895761345870098	0.944869677624712
FBgn0250746	4428.92343558489	-0.0359077479832275	0.19080039111964	0.0354160097533196	0.850726599856259	0.919952391805346
FBgn0250753	4738.92357872862	0.0621452545179545	0.227478534941074	0.0746365927698065	0.784701797260797	0.880864604221782
FBgn0250754	921.692283664045	-0.397688990667934	0.346920454293359	1.31054786760193	0.252295484912821	0.440965266923803
FBgn0250757	2796.67861172936	0.262345644622576	0.241337294821884	1.1799399128859	0.277368228435227	0.469138824556726
FBgn0250785	1715.37359275216	0.0336120339279598	0.228774435078149	0.0215959446691869	0.883167075751018	0.93740373564801
FBgn0250786	1659.47758878332	-0.159780519060843	0.223569358903495	0.510596856933191	0.474880595383009	0.663134415834732
FBgn0250788	11963.6125465365	0.137305008031637	0.255184843042687	0.289399147709702	0.590605828019052	0.752310640847928
FBgn0250789	11294.3440502832	0.109179185645181	0.272287146830557	0.160738255190253	0.688477730900849	0.822155802204746
FBgn0250791	1825.97545489936	0.302562971986054	0.179604748284153	2.8327702028963	0.0923589204093733	0.220382670008737
FBgn0250815	220430.709257188	0.344157074955487	0.222430848270119	2.38833313989565	0.122243910885543	0.268395190259774
FBgn0250821	48.8996553708855	-0.840976559767153	0.48622010351534	2.98537448374818	0.0840198501962022	0.206861372246453
FBgn0250823	1285.56856730469	0.0147213197843589	0.176631044269842	0.00699485415985635	0.933346443856416	0.964427648865522
FBgn0250827	56.7770061312314	-0.960118022351735	0.510737057778511	3.50600231532004	0.0611468347535993	0.166120588012857
FBgn0250830	397.713231218256	0.0701549125451505	0.215511609187872	0.106010689998044	0.744732438785456	0.85622397913262
FBgn0250837	798.956829522367	0.11062673651632	0.174578693103151	0.40148987402489	0.526320825324506	0.704956733859053
FBgn0250839	445.246137079142	-0.991692283603088	1.21861119659454	0.649846412575883	0.420167596407233	0.615007461599884
FBgn0250843	2792.22877480413	-0.0240075261772255	0.184738216266666	0.0168895603206067	0.896598199257951	0.945379195875258
FBgn0250844	124.126343504367	-0.747572290771102	0.487655162758355	2.33392748744733	0.126582146312622	0.274577641378878
FBgn0250845	194.739472105129	-0.73042510624539	0.403768986302738	3.24954535097517	0.0714432721181691	0.184601883798162
FBgn0250846	54.8073597857004	-0.917639923589294	0.60712855147364	2.26527976245355	0.132302318426241	0.28335816936727
FBgn0250848	8132.07997233154	0.452593436804077	0.242527641136039	3.4682658554859	0.0625568606164894	0.168499626084863
FBgn0250850	664.902596272999	-0.053956145379618	0.171046871509798	0.0995117912898564	0.752416291959441	0.860650888835643
FBgn0250851	1114.26826957499	-0.0443750140750709	0.222097481460127	0.0399327959277258	0.841612036875068	0.914893486955294
FBgn0250867	144.515013551218	-0.348862681807455	0.281020491536909	1.54453088354602	0.213944650204987	0.393711698312577
FBgn0250868	143.038154853088	0.683744497340093	0.318799117353893	4.57313649395185	0.0324770514953997	0.10563122093454
FBgn0250869	359.114313597623	-0.224711970360498	0.291699456209202	0.59359113007406	0.441033801187982	0.635272977747756
FBgn0250871	4587.75473808222	0.011960195877293	0.218855398619335	0.00298881725480271	0.956401309261155	0.974945948133342
FBgn0250874	697.224036381347	0.352030723804045	0.175445946445505	4.01941801167054	0.0449792323452245	0.133950977460095
FBgn0250903	198.430169438795	-0.311915624528361	0.313710401170212	0.984128173208688	0.321181747439155	0.515386022804711
FBgn0250904	525.106661888274	-0.861203051990257	0.305569555916475	7.84278274210138	0.00510240016390549	0.0265939628152995
FBgn0250907	8551.52230842494	-0.574980693490141	0.211693327922209	7.32989950346467	0.0067816845586401	0.0328438993114381
FBgn0250911	380.436975895675	-0.353881521367061	0.344514204734357	1.05314820880935	0.3047831386647	0.497025765214806
FBgn0259101	2833.70254113544	0.577148757576355	0.213161659893989	7.28321458113463	0.00696018723288406	0.0334828079383826
FBgn0259108	743.818547668043	-0.529049294675786	0.419082898547804	1.58520323710627	0.208012798324859	0.38599193138039
FBgn0259111	2982.3282503863	0.319914117621041	0.234000347905965	1.86515458329455	0.172031064363019	0.339901950725319
FBgn0259113	315.870059535295	-0.238238573222236	0.321705657738704	0.548434080693099	0.458958234699753	0.650223707583841
FBgn0259139	2611.6839112012	-0.458794562187941	0.217264219600362	4.44173340995114	0.0350706224336175	0.111882930727772
FBgn0259140	658.551189764651	0.279738588033109	0.2989765116391	0.874020161534403	0.349844756986456	0.545797407292873
FBgn0259152	379.134149849129	0.122047272644274	0.281180816798576	0.188440408967836	0.664217833667437	0.807753330248272
FBgn0259163	1238.31361687331	-0.211401941644525	0.285470621929071	0.547823081178635	0.459208548689591	0.650223707583841
FBgn0259166	639.97812048772	0.284470657369927	0.153305730650901	3.43903965038159	0.0636726932696623	0.170618841606894
FBgn0259167	73.5810468816415	-0.319272360710568	0.299586936959221	1.13802232306049	0.286070608755049	0.477000576654299
FBgn0259168	1730.18168680693	-0.68267393391369	0.429853341600566	2.49976848177717	0.113863035573772	0.254683758150308
FBgn0259170	489.408925682938	0.31067076584193	0.208398198964619	2.21792826157129	0.136416007760353	0.289847062961077
FBgn0259171	713.319147481048	-0.422069561994911	0.226001102809364	3.47645778505931	0.0622478520247894	0.168128266381004
FBgn0259173	2472.96423211473	0.0782994039144711	0.236705894913553	0.109395057332037	0.74083390816864	0.854181950315865
FBgn0259174	1658.87293660176	0.14357463192858	0.12898712206716	1.23849617129109	0.265761075229169	0.455442945780188
FBgn0259175	1651.33719723814	0.772953691588967	0.167766526253169	20.9986314774129	4.59611554113368e-06	6.48897976559417e-05
FBgn0259176	4729.74362839897	-0.0449162798103966	0.22212794936232	0.0408842281249093	0.839761555940585	0.91380745120577
FBgn0259178	157.926856247698	-0.158658398877082	0.209448721103927	0.575455398649616	0.448099193347532	0.641581441927688
FBgn0259200	89.4690062494955	-0.59097916855264	0.3134480715871	3.55541458627957	0.0593514798457159	0.162242087409726
FBgn0259201	1952.41664633869	0.204289099241645	0.332944714586595	0.376248564689163	0.539617810863177	0.714206793824331
FBgn0259202	756.335144454883	-0.224079862647808	0.135470016463991	2.73653186821407	0.0980774146999571	0.229315078779126
FBgn0259203	237.81992090639	0.658828489101652	0.226677518843954	8.39983114802541	0.00375255864699827	0.020838626495351
FBgn0259211	1582.34641323823	-0.0493815367507311	0.227325403179084	0.047187150976896	0.82803219482626	0.908210825002724
FBgn0259212	1903.63975363142	-0.703033976669111	0.178553076906436	15.3634468737134	8.86874770515139e-05	0.000880025240901852
FBgn0259214	3822.94515317037	0.428281283375444	0.211566672313107	4.08339858990196	0.0433064704364532	0.130332979239858
FBgn0259219	631.43222218894	0.456056118849258	0.170975966075823	7.09356588236902	0.00773611700300679	0.036387791276403
FBgn0259221	1293.25531057175	0.146475110577783	0.150937246998568	0.941296715650665	0.331944582553385	0.527541302830031
FBgn0259224	549.247596327732	0.364091188155953	0.337384331588082	1.16033539830823	0.281395992642089	0.472959664585484
FBgn0259227	1336.20092843831	0.28504027955575	0.271175513824075	1.10314471074109	0.293577006138254	0.48557141558837
FBgn0259228	1181.17541555352	0.150624949414992	0.189091309866694	0.634210514216321	0.425815062802561	0.620684650219395
FBgn0259236	597.769370336278	0.286667074418924	0.226350505852502	1.60115983791015	0.205738922221913	0.382842735066673
FBgn0259244	601.432711535688	-0.494648984102003	0.255837513449071	3.72473359260287	0.0536121796638391	0.150997086930647
FBgn0259246	451.516905357629	-0.83442347109277	0.278935235191515	8.84908797815757	0.00293235379063237	0.0171018439184005
FBgn0259481	2075.58237303002	-0.249458959216082	0.18273349823809	1.86106858123179	0.172501521321724	0.340539662358778
FBgn0259482	83.6787810802692	-0.0894842876025386	0.337515807313768	0.0712110064283493	0.789581648704637	0.883386391298303
FBgn0259483	1667.95217195472	-0.240691785602721	0.194269424239361	1.53314089059849	0.215641664474309	0.395761657096776
FBgn0259676	116.84997187889	-0.151368155266984	0.245237193852758	0.380627764228343	0.537267458935324	0.712695137950285
FBgn0259678	1232.38147797535	-0.400003359358007	0.14832833695229	7.25300327130101	0.0070782531667119	0.0338777943917799
FBgn0259682	2752.79264908166	0.188354135599779	0.269698645796626	0.487349488315147	0.48511202529299	0.671471139009466
FBgn0259685	2549.18982959842	-0.558371679945006	0.280463044897381	3.93995053075226	0.0471521640712431	0.138505557844424
FBgn0259699	608.390065207706	0.252142137235616	0.236955422782176	1.13102165938432	0.287557521998493	0.478942829021513
FBgn0259700	1541.0693502162	-0.191873985133399	0.143272746792681	1.79234570777791	0.180640622862861	0.349939156123357
FBgn0259704	294.845330141588	-0.0231778066368305	0.181586814380995	0.0162975878221872	0.898416458677455	0.946243355379549
FBgn0259705	225.325792201964	0.155118777688873	0.191840787906032	0.654056309467855	0.418666165402878	0.613468987631185
FBgn0259707	53.6022607082848	-0.289133294002478	0.394925941812185	0.539824265704681	0.462505565558466	0.653506663008471
FBgn0259711	76.2928798396252	0.553651590319189	0.364205448643156	2.30567081672741	0.128902619840214	0.278237944586607
FBgn0259715	174.862697785493	0.451889037398782	0.295240423969439	2.33389823241784	0.126584524606672	0.274577641378878
FBgn0259716	2313.44851386941	-0.713893932595054	0.245123404309626	8.39816481443144	0.00375600007790786	0.0208446193002886
FBgn0259720	168.679391902981	0.024110793008132	0.236102190581013	0.0105922895319068	0.91802737759896	0.957055279741129
FBgn0259729	60.54424479396	-0.656501316272319	0.649711593093574	1.01725784286415	0.313170340736338	0.507327902819433
FBgn0259730	86.6973937263646	0.181679089867931	0.426186771852738	0.182327212801368	0.669380851971135	0.810667988696644
FBgn0259731	86.6973937263646	0.181679089867931	0.426186771852738	0.182327212801368	0.669380851971135	0.810667988696644
FBgn0259732	86.6973937263646	0.181679089867931	0.426186771852738	0.182327212801368	0.669380851971135	0.810667988696644
FBgn0259733	86.6973937263646	0.181679089867931	0.426186771852738	0.182327212801368	0.669380851971135	0.810667988696644
FBgn0259734	817.277781932446	-0.164857388103153	0.284455042019817	0.335592862068069	0.562384219747763	0.732793614154498
FBgn0259735	2423.55516328555	0.0450855944737775	0.21806814821527	0.0427462688695783	0.836203772399504	0.912353942804434
FBgn0259736	1900.12805489462	0.0268609184360574	0.200243161783222	0.0179947901909259	0.893288184051298	0.943883958336565
FBgn0259740	227.541389960358	0.0755046952550944	0.222164944297929	0.115969235830818	0.733447976897784	0.850376456105199
FBgn0259742	98.4392804026194	-0.181190056382051	0.423184055285994	0.183995688434337	0.667961659921085	0.809962029290044
FBgn0259745	401.252966422853	-0.189219507602549	0.253325275819611	0.556907790648282	0.455508830646824	0.647247974497194
FBgn0259785	2467.13893869044	-0.350772781746858	0.180668512328654	3.76098767511334	0.0524615814561883	0.148753533023588
FBgn0259789	1362.76557539118	-0.490808309887507	0.277447395909564	3.11432085320988	0.0776068254602415	0.195881758541525
FBgn0259791	136.756126231283	-0.783210869563584	0.268247814994647	8.49494326374334	0.00356134881676352	0.019977966916161
FBgn0259794	264.915871931004	-0.896604387766088	0.35816661515591	6.19174233943423	0.0128347760685268	0.0535733510069444
FBgn0259795	2032.88658807272	-0.884353089854395	0.289584377226147	9.18986755634715	0.00243358498389838	0.0147790460412383
FBgn0259824	966.553609232684	0.00841538028688845	0.210905020095444	0.00162735329584507	0.96782169184237	0.982067457315671
FBgn0259834	513.869589409506	0.104641187460718	0.334800055608407	0.0977351358734211	0.754564676606457	0.861913101148916
FBgn0259876	668.728058729714	-0.392916743616268	0.200604981031822	3.82991267600671	0.0503455556632525	0.144866887025554
FBgn0259878	97.2320548180039	-0.57476263855283	0.371565403541141	2.38701008023588	0.122347431278593	0.268555655124951
FBgn0259896	668.760103357698	-0.142573393611478	0.329916885803654	0.186578647834438	0.665779566349577	0.808315753091451
FBgn0259916	94.38081219288	-0.0800281270711262	0.242687003021979	0.109178249038834	0.741081633920688	0.854181950315865
FBgn0259923	262.280820069134	-0.235318224241735	0.291387727644764	0.651874076567282	0.419443444159318	0.614301900624369
FBgn0259933	195.420421244755	-0.0454000682610564	0.298080969128905	0.0235096547393354	0.878139160238336	0.934313843845931
FBgn0259937	1348.79979809783	-0.022815135744515	0.150933838099116	0.0228608466840541	0.879819497981037	0.935364728937912
FBgn0259938	847.064353890899	0.24777545809134	0.183747341060957	1.81584335449472	0.177808851339065	0.346583897551559
FBgn0259950	153.398319339896	0.283480915243484	0.66182229733284	0.183419165248225	0.668451181766579	0.81029511941409
FBgn0259977	251.895058904481	0.622935073362211	0.286092039891216	4.70743896877796	0.0300323598868949	0.100002091940363
FBgn0259978	673.31922060179	-0.116976359807719	0.185079561914265	0.39947919126756	0.527358346778987	0.7055186977779
FBgn0259984	1651.15000870928	-0.519683843254778	0.252343813882426	4.21975803696677	0.0399558581019167	0.122932528553456
FBgn0259985	97.6184399374899	-0.815257056741818	0.272635623439124	8.94057283527376	0.00278905241043443	0.0164509348059314
FBgn0259986	174.553909163818	-0.38207560475598	0.203762140579418	3.51430832920002	0.0608410473625138	0.165493650409008
FBgn0259991	147.697293791747	0.267875896577363	0.212834987130998	1.58429303007816	0.208143399310346	0.386095723252995
FBgn0259992	54.2191922777279	-0.0450340177124161	0.484702893453792	0.00869640947346539	0.925701345430401	0.960810994932709
FBgn0259994	484.012059674495	-0.473384644660485	0.234569886475352	4.0616129768383	0.0438685776932614	0.131600452586165
FBgn0260000	273.757849164405	0.620777271550876	0.320901117080745	3.71959729956616	0.0537773394358922	0.151317360708646
FBgn0260003	3491.38354114714	-0.405453505469599	0.201462659965958	4.03791589037364	0.0444887312294729	0.132759068099043
FBgn0260006	693.402147266958	0.164857806489235	0.185514150837396	0.78924345258207	0.374328986880942	0.568993186605011
FBgn0260012	743.807518997263	-0.266833208370071	0.147889040023664	3.25191981314524	0.0713398538798057	0.18442983114949
FBgn0260049	4266.07655614549	0.45592568022926	0.176671888921356	6.63231648661069	0.0100144945540642	0.0444059798718908
FBgn0260223	459.876529682774	0.385799446865414	0.184993167234357	4.34127427887292	0.0371990724483329	0.116771474665276
FBgn0260226	35661.4795663469	0.330860402492807	0.353053708881958	0.87630897805218	0.34921461737603	0.545333621443859
FBgn0260228	4280.55124340204	0.0373337664712888	0.230329079024712	0.0262764281293073	0.871227062161064	0.929711443999078
FBgn0260229	109.115394039446	0.172296387425737	0.247050239057403	0.486635722796059	0.485431881944646	0.671492542135061
FBgn0260237	386.414876701413	-0.106205866897511	0.186933412284803	0.323211198067455	0.56968419327438	0.737513691527747
FBgn0260243	253.45228238455	-0.0180605319875808	0.184991430458294	0.0095382760993914	0.922199024620893	0.959391692957983
FBgn0260386	162.129379178593	0.172209112076397	0.236285672550339	0.531359589213096	0.466035820213358	0.656287915346739
FBgn0260390	108.963116142201	-0.502531589368459	0.349574628240079	2.06035789647429	0.151174660234815	0.311020098370717
FBgn0260392	375.90520835169	-0.47539875674029	0.358240746225137	1.755760560308	0.185154185507137	0.355766422532052
FBgn0260393	979.293382674044	0.337424303089013	0.291230307025525	1.33918166122437	0.247178335459761	0.435002319923601
FBgn0260397	317.166753019013	-0.331458636218646	0.187593770340965	3.12196378802375	0.077243641409673	0.195300255529786
FBgn0260398	373.788283713926	0.168744065565041	0.185446846482805	0.82783984243369	0.362897905707169	0.557879078757942
FBgn0260399	163.435575156529	-0.267025664203903	0.267561185104388	0.997805717003928	0.317842043278954	0.512091450675409
FBgn0260400	456.492427126944	-0.360641165245814	0.180314112032238	3.98947319720951	0.0457853770765654	0.135664931942113
FBgn0260401	171.755848839398	0.20642845299077	0.298263316212313	0.479414291851981	0.488687738173563	0.674358815969481
FBgn0260428	26.0445564452702	-0.738719904218029	0.776583333329763	0.90255306084866	0.342098062919919	0.538183866501224
FBgn0260434	71.1921907189276	-0.728319859317247	0.421945666046971	2.97411808304239	0.084606227881262	0.207436886586345
FBgn0260439	5004.56047753967	0.0171733180101348	0.158365613780172	0.0117621328642059	0.91363606980858	0.954412771397054
FBgn0260442	9911.96754465253	-0.237592987056455	0.224635870956251	1.11743273945437	0.2904719238301	0.482152794559217
FBgn0260444	320.282948541869	0.254578857937841	0.179403061441816	2.01243327541319	0.156014913752864	0.317718808898055
FBgn0260450	631.229465496746	-0.24517367020524	0.208965999130485	1.37437898903056	0.241060935355669	0.427132870196471
FBgn0260456	155.900482291615	0.221299607378842	0.332437100581754	0.443530672195841	0.505423254573217	0.688249197276862
FBgn0260461	134.960872459338	-0.882405222545715	0.544789317260146	2.59509454517713	0.107195042607999	0.244100401541415
FBgn0260462	11896.7439870955	-0.0812727306544121	0.212697977433655	0.145981759053598	0.702405294636785	0.830988945817241
FBgn0260463	3968.39169500863	0.289236994976791	0.170816108749132	2.86212330129338	0.0906877178873959	0.217571621163236
FBgn0260467	287.772982997472	0.0738848604646302	0.183893143559757	0.161588034192967	0.68769864116256	0.822033704906317
FBgn0260470	119.222856046975	-0.865332496542922	0.371772078574508	5.37591142851308	0.0204166711163331	0.075695797613309
FBgn0260480	66.8741969320731	-0.870013683752033	0.485668350786012	3.18622233412114	0.0742614380059946	0.190132068529035
FBgn0260484	1086.42141255872	0.854482408797044	0.182728971080077	21.5910431364896	3.37423920187492e-06	4.9051543191671e-05
FBgn0260486	497.509963612367	-0.41326782050776	0.324654590044108	1.61676639955377	0.203543257117272	0.379606552758996
FBgn0260632	1400.37651366009	0.130707106849196	0.208098956755879	0.394291759780458	0.530052053466962	0.707676232377392
FBgn0260634	2300.46264355232	-0.70197623310932	0.264342266008587	6.98648431347635	0.00821275143170157	0.0381819381629793
FBgn0260635	3924.36346843309	-0.219490299057221	0.209324439054962	1.09842323416045	0.294612399051565	0.486008564073847
FBgn0260639	443.279618317161	0.0384787740250575	0.157157532524923	0.0602546588552784	0.806093893660225	0.893359639257217
FBgn0260642	320.862436194276	0.0893347828768516	0.213185147717678	0.175881430053629	0.674936830456057	0.814279818422784
FBgn0260648	201.352176237853	-0.121268950305527	0.246563353911323	0.241722005936339	0.622965148485601	0.776573066630419
FBgn0260653	8175.30772232548	0.965352744357512	0.22356698919274	18.30964693531	1.87753988113434e-05	0.000225406964777271
FBgn0260655	694.521545160665	-0.298491731860785	0.212105728642253	1.97815242667585	0.159585180150498	0.321796076244972
FBgn0260659	519.86466624726	-0.221397549608539	0.157211382777375	1.98098559865464	0.159286614506732	0.321414380609972
FBgn0260660	734.798552882899	-0.534794497922662	0.319507031473732	2.78811898732818	0.0949656405790566	0.224517906858012
FBgn0260741	168.046460845823	0.0406358522340089	0.22662502739034	0.0324381961152156	0.857069298095928	0.923698486505126
FBgn0260742	558.230011430205	-0.155246194802706	0.175702873418308	0.780864013768678	0.376877023876215	0.571598978804352
FBgn0260743	1431.43892821816	0.0598777634310964	0.23226424890567	0.0664546906685644	0.79657046970384	0.88760422081913
FBgn0260744	2266.36531420574	-0.203645119204268	0.21181441615419	0.923445599979956	0.336571893660566	0.531622062190029
FBgn0260745	4967.68116752835	-0.366508351277449	0.20190577776063	3.28644212203444	0.0698542364192568	0.181904012508064
FBgn0260747	1279.07856082837	0.569911809023625	0.212857225018449	7.12719926876522	0.00759232289856802	0.0358068718636901
FBgn0260748	1069.37688015468	0.176367034588652	0.300593292492335	0.343907142357125	0.557582580818142	0.728858651243427
FBgn0260749	610.350921922343	-0.396727359876162	0.212929364903786	3.46536658340131	0.0626666155680617	0.168691340992244
FBgn0260750	165.856999907848	0.208785901983536	0.279371659950442	0.558988154599369	0.454668217942818	0.646637413994598
FBgn0260755	226.875635944958	-0.187020915234708	0.281401342553029	0.441585709547347	0.506358092247311	0.689096823872651
FBgn0260756	105.622464298338	-0.264439598083869	0.317405086430164	0.69621968743504	0.404056856974391	0.598421904320582
FBgn0260758	114.590154405238	-0.877628548170846	0.434668074825602	4.03589604981686	0.0445420156043188	0.132873139179347
FBgn0260759	155.392908901377	-0.018009932858619	0.217793379456036	0.00691743417029755	0.933715480990271	0.964427648865522
FBgn0260760	155.392908901377	-0.018009932858619	0.217793379456036	0.00691743417029755	0.933715480990271	0.964427648865522
FBgn0260768	101.218215045459	-0.661420756033223	0.521233923129602	1.60140465689518	0.205704263926957	0.382842735066673
FBgn0260771	141.766040903739	-0.0419553831669797	0.241025679811636	0.0308785916637504	0.860511522749894	0.925317289391307
FBgn0260789	340.887180322757	-0.379533862718433	0.287717829331593	1.73737399180612	0.187471903595155	0.358528842072745
FBgn0260794	7999.51949069152	-0.65905320706338	0.217032268184111	9.14362290235523	0.00249586413945643	0.0150331093287123
FBgn0260795	1165.42606155072	0.382212051682907	0.266070691451143	2.05751303991755	0.151457185319305	0.311346761584788
FBgn0260798	135.603532678897	0.140110050466948	0.300312227851603	0.217902214287697	0.640642995562815	0.789529859336072
FBgn0260799	592.136024512897	-0.254224383127497	0.244518151492617	1.08064651340761	0.298552971562486	0.490126776012535
FBgn0260817	258.455630466112	-0.303154626687008	0.20395680904537	2.20912907783057	0.137196105670603	0.291014047220529
FBgn0260855	1167.88866587729	0.48363598139509	0.156603079493517	9.49923815829513	0.00205557228379061	0.0128823649376195
FBgn0260857	309.712479523288	0.532828751618159	0.171695449755502	9.6036512317806	0.00194190857628563	0.0123010777294647
FBgn0260858	564.050494824867	-0.267919474677218	0.153660811298342	3.03672022788747	0.0814002265928631	0.202945155169946
FBgn0260859	435.484050600872	0.0563243786375545	0.2271148206768	0.0615729620401311	0.804026863371627	0.892287291754681
FBgn0260862	73.5524645227255	0.232440588138522	0.341319628170474	0.464391406352014	0.495578763173962	0.680692542788107
FBgn0260866	714.55773501246	-0.567633575427437	0.209995857028184	7.26139599004981	0.00704525059767029	0.0338049435964343
FBgn0260934	4633.4796532309	0.0361202404378248	0.152790067430206	0.0558848621424062	0.813122456782537	0.897210523777555
FBgn0260935	770.749489253526	-0.23950926151729	0.166316625912685	2.07090007600246	0.15013289461254	0.309381751999313
FBgn0260936	2449.74610289157	-0.372833700246787	0.264718649085696	1.97859542483542	0.15953845406913	0.3217753871328
FBgn0260938	1921.04691839533	-0.532869287968606	0.203457823741273	6.82319273099533	0.0089981563437794	0.0409276966894378
FBgn0260940	273.550899166849	0.145596705317903	0.187060491765951	0.606195990175301	0.43622369269996	0.631126064007943
FBgn0260941	1329.60006443901	-0.327427879373233	0.135674074157707	5.81326234166265	0.0159057609981286	0.0629101008729209
FBgn0260942	313.376357796517	0.322139777002886	0.307094270306278	1.09957379349464	0.294359657835934	0.485942642559097
FBgn0260943	208.953221755289	-0.328681899294717	0.245889921966738	1.78984681505412	0.18094482810201	0.350451528352093
FBgn0260944	606.858349311734	0.121038844880638	0.192255763194229	0.396507101371512	0.528898670822078	0.706693196749548
FBgn0260945	1531.1642270685	-0.597814910293159	0.206014204730827	8.36373094823564	0.00382783844423059	0.0211237313520267
FBgn0260954	26913.8507672938	0.18846525320242	0.424022225584936	0.19740982946665	0.656819730505588	0.801599359971517
FBgn0260955	43.3220656725484	-0.640672906247325	0.527998770328874	1.46740571422917	0.225755460013334	0.408796671282097
FBgn0260959	986.975678638601	-0.760648486356981	0.193168637640242	15.3607485577521	8.88142248748861e-05	0.000880025240901852
FBgn0260960	1763.0460225527	0.517542350631388	0.169017327577048	9.32826732418407	0.00225645615408103	0.0138946050967279
FBgn0260962	1545.01794814914	-0.188825659462199	0.165753907136008	1.29670976577751	0.254815098465078	0.443751416786234
FBgn0260964	195.091432314608	-0.690488893714771	0.362816290447327	3.60062755859039	0.0577577641213772	0.159058281378958
FBgn0260970	3017.12520515425	-0.250414016017289	0.220490378677991	1.28829488138685	0.25636242021804	0.445448835905616
FBgn0260972	1097.34947588061	0.196340858524236	0.20161419701153	0.947692969885225	0.33030722797656	0.525727088684193
FBgn0260985	418.864839460287	-0.0502510687172183	0.211585572451614	0.0563891147491518	0.812296904072168	0.896860345537139
FBgn0260986	138.839992770326	-0.0474059476386455	0.244451891096639	0.0377472653690347	0.845951512780013	0.916923737719056
FBgn0260987	276.444355880677	0.188073979287049	0.316343658061756	0.353704680681503	0.552023454914937	0.724702732348312
FBgn0260990	1645.61471099906	-0.244028075232207	0.18606528335431	1.71830134203468	0.189911846439409	0.361705619033314
FBgn0260991	613.270148871555	-0.232896484351289	0.155351656318841	2.24695653777418	0.133877479540904	0.28562255306309
FBgn0261004	327.664069648923	-0.373652266512255	0.164650803416211	5.15211874322342	0.0232180264285527	0.0830802373096305
FBgn0261015	4876.97888965494	-0.242906432725167	0.178395808978293	1.85184568358829	0.173568882940748	0.341945037523814
FBgn0261019	111.736432838194	0.0492978706785009	0.226384492106578	0.0477723487455393	0.826985908503904	0.907288779887908
FBgn0261020	935.001674792639	0.58701841614412	0.192340735558063	9.25776761983415	0.00234498687180886	0.0143595865071765
FBgn0261049	221.133068765635	-0.326970507059995	0.188671363606787	3.00796794457325	0.082856102018179	0.205025867697255
FBgn0261053	496.001974790471	-0.530165869945506	0.237558678448046	4.96211948025413	0.0259084333472621	0.090006305455213
FBgn0261064	335.612992918034	0.0370829046684668	0.162372554564469	0.0521687508775557	0.819331561249947	0.901693900781932
FBgn0261065	468.26590206541	0.0504601581118254	0.2105864182972	0.0576366705796829	0.810271041045733	0.895736405797592
FBgn0261067	129.874143180891	0.158960304796372	0.2262264419219	0.494015550305846	0.482141506593247	0.668723145894185
FBgn0261068	250.239488030349	0.521086147283894	0.210263751505076	6.12893916577838	0.0132986642816533	0.0550233900388657
FBgn0261108	488.636307058478	0.0137079934947551	0.319329414448118	0.00186645043606859	0.965540163627749	0.980673220110016
FBgn0261109	274.733881643387	-0.00652154641852407	0.223702935391171	0.000849948880045304	0.976741861808911	0.987485127016708
FBgn0261111	182.338453301617	-0.144603572722751	0.205423851430502	0.495119843308444	0.481652305298886	0.668359795873151
FBgn0261112	344.649567090915	-0.0723160176168199	0.225596813002422	0.102915259975433	0.748358864665619	0.858603383410404
FBgn0261113	10437.1977464432	0.248822401094219	0.159717256340597	2.42398602230799	0.119490537597618	0.263398577007589
FBgn0261119	766.063201149475	-0.103457394521414	0.159575538313997	0.420130843217024	0.516871763269205	0.696933262859671
FBgn0261238	1456.10995899075	-0.585485397937783	0.212168660474482	7.56732039126578	0.00594360837007256	0.0297652668884905
FBgn0261239	972.18329190332	-0.338819550800336	0.291139758953685	1.35143667583212	0.245027112177055	0.432311424341672
FBgn0261243	4235.85017190299	-0.00303850734167055	0.224559952780791	0.000183366345410718	0.989195949541383	0.993994641472224
FBgn0261244	313.734360980581	-0.147650708095612	0.193642232794987	0.581963354582356	0.445543776018837	0.638953076481427
FBgn0261258	1199.39169351089	0.286695146397059	0.216361447707638	1.7533594970252	0.185454953604584	0.35613808718321
FBgn0261260	5408.76347802394	-0.543491361964841	0.273285580096433	3.93200900751276	0.0473753160727172	0.139068459423039
FBgn0261261	1244.71094840125	-0.0220657542407293	0.245550703655045	0.00808726597507814	0.928343454987575	0.962371081627157
FBgn0261262	211.950162679516	0.150190412545386	0.302255719686433	0.246846251237898	0.619304535713957	0.77397717574574
FBgn0261268	1668.9826101361	-0.381755864162114	0.257275457946378	2.19638335314723	0.138334966886491	0.292485579869338
FBgn0261269	486.101337062905	0.110730509671873	0.235906243855791	0.220274584486887	0.638830778386721	0.787956777814429
FBgn0261270	1722.44537183724	-0.0281540083274686	0.17175315389256	0.0268716482202791	0.869789603636251	0.929528911351488
FBgn0261274	649.516098491559	0.132876005802553	0.228195308325113	0.339016127944134	0.560397682753038	0.731068768866471
FBgn0261276	2052.18106689902	0.430886556492989	0.175343533623208	6.01707056115379	0.0141681452587854	0.057879497112742
FBgn0261277	254.801401686139	0.0577872458951895	0.280136463845038	0.0426095031166795	0.83646230703625	0.912353942804434
FBgn0261278	1411.97998934563	-0.310446701855978	0.137268845506237	5.10714628053104	0.0238274816785725	0.0847797170692435
FBgn0261279	2157.15482943126	0.0741045331541789	0.150121024170854	0.243639728520805	0.62158958195585	0.775897341093632
FBgn0261283	4013.33775298703	0.479749894745584	0.172625677759045	7.68881401750478	0.00555641288724057	0.0282755405519093
FBgn0261284	345.565185453167	0.298750449695471	0.24620759365681	1.4697379299357	0.225387047002597	0.408213321582701
FBgn0261285	401.026301696217	-0.0405840419866552	0.192124169730215	0.0446594843264378	0.832631407899975	0.91123160313546
FBgn0261286	233.626537165693	-0.280458945471267	0.255861500965396	1.2025915823106	0.272804319096918	0.463831770187927
FBgn0261287	81.1382811067872	-1.01393680365361	0.602284903847654	2.79622548133748	0.0944865030845444	0.223810449980158
FBgn0261353	549.713058062597	0.283643044490695	0.144755388242745	3.83700146777836	0.0501331027214866	0.14458356548686
FBgn0261360	978.793236235869	-0.0424454647076798	0.165912844304028	0.0655251209690988	0.797967245046911	0.888375343211449
FBgn0261361	630.976698422304	-0.0541280082768426	0.244634943177928	0.0489742996752511	0.824857777497055	0.905629591717558
FBgn0261380	254.644969867858	0.23367921318628	0.232940206137348	1.0069780620165	0.315627891852331	0.509904891560778
FBgn0261381	549.713058062597	0.283643044490695	0.144755388242745	3.83700146777836	0.0501331027214866	0.14458356548686
FBgn0261383	688.75834277848	-0.407784440295508	0.181845750978465	5.0184028200744	0.0250792918534902	0.0878173298869833
FBgn0261385	1316.97211649296	-0.281582937852905	0.156020299186316	3.25323017653896	0.0712828505156442	0.184384798479799
FBgn0261387	645.01723528479	-0.039323469813144	0.183298022694482	0.0460893878277346	0.830013392856461	0.909479470826452
FBgn0261393	608.465157430107	0.881453406603213	0.262723766668798	11.1003512951563	0.000863113683696246	0.00623760454130686
FBgn0261394	4569.33914834035	-0.175992843828628	0.242877742726958	0.524725176682082	0.468832986573142	0.658327819872476
FBgn0261396	4236.83661418214	-0.239235181600836	0.169858334722907	1.98168536061583	0.159212970084111	0.321414380609972
FBgn0261397	1302.82235567044	-0.272787563541041	0.243248240409514	1.25607189938891	0.262395938184345	0.45191847997483
FBgn0261403	847.590747906337	0.300919597961716	0.239336266825716	1.57860054652366	0.208962388670499	0.386964138012273
FBgn0261436	969.769998857793	0.694787164818271	0.208370350607303	11.0195154430103	0.000901576355260736	0.00645739428475709
FBgn0261437	175.023202796886	0.239450293204895	0.253071680637595	0.895003357125915	0.344125037434585	0.539928757169768
FBgn0261439	4214.40793366424	0.776754614883308	0.184343457882164	17.5504573161236	2.79783485582522e-05	0.000321041544444757
FBgn0261444	1843.54915210442	-0.123288585372325	0.170512318574946	0.522570343231038	0.46974730150912	0.659104680066441
FBgn0261445	1733.43084920608	-0.311484444541081	0.285869313026655	1.18512708742972	0.276314688741082	0.468074642628395
FBgn0261446	759.426648742457	0.690387978536971	0.302439071707775	5.16332118585161	0.0230687435135268	0.0826130652448702
FBgn0261456	775.482541381527	-0.220912091853543	0.165113732487803	1.7881227696905	0.181155052133177	0.35070473453777
FBgn0261458	6047.74971597669	0.134333575788322	0.15447261035473	0.755925903563508	0.38460651567167	0.578548907992979
FBgn0261461	1377.62331756688	-0.132457560252996	0.325041725181104	0.165959588160035	0.683727901045481	0.819306995571068
FBgn0261477	976.458519962478	-0.160789837407491	0.126879141209246	1.60560361065254	0.205110901708805	0.38207696784431
FBgn0261479	403.298907560354	0.426454004359552	0.272357677923273	2.44642945156231	0.117792536619733	0.260763006305199
FBgn0261509	1694.03965021102	0.0624319068366994	0.189493219377717	0.108542817910006	0.7418092546386	0.854181950315865
FBgn0261524	722.968749308738	0.270989061265328	0.141293144736795	3.67436457344334	0.0552553117806779	0.154201106521903
FBgn0261530	199.511160581405	-0.040935680967887	0.282910976284452	0.0210134492966603	0.884742323617813	0.938450085779972
FBgn0261532	1180.48788555592	-0.128010334508264	0.172234875553154	0.552050852010268	0.457480925881	0.648934456697024
FBgn0261535	195.313383376468	-0.129150513429799	0.228221928222734	0.321563601541605	0.570669489484147	0.738089011548259
FBgn0261538	263.073164322759	0.0975032448000373	0.287891878693476	0.114705535048614	0.734849259841108	0.850830178661482
FBgn0261545	685.373490186567	-0.243699857720866	0.229916476459966	1.12215949438841	0.289453933718019	0.481005934299021
FBgn0261547	1458.71322067237	0.109042047933713	0.256543737353582	0.180628297746622	0.670833846515975	0.811244228459954
FBgn0261549	444.900267847542	-0.133250198951108	0.241594645048698	0.303851081065389	0.581478150857519	0.746104871770648
FBgn0261550	1173.37458525476	-0.0423783213147414	0.16502540427001	0.0659556410323745	0.797319039685344	0.888101894241791
FBgn0261552	2490.84475931426	0.554266468769566	0.196782732254571	7.88767271114521	0.0049772869740324	0.0262206449306638
FBgn0261553	3114.37733730528	-0.0887974759425446	0.172959695738386	0.263493211973909	0.607730364368515	0.76565001930151
FBgn0261554	1858.28429965219	0.0876029834281026	0.241020573775645	0.132096350303399	0.71626829688986	0.839579098267285
FBgn0261555	779.793947905525	-0.274808463183603	0.189661088087358	2.09642222532119	0.147644264766506	0.305824646079729
FBgn0261556	1534.42753294805	-0.218358769634282	0.172573763172898	1.59924436695911	0.206010327820982	0.383105402042645
FBgn0261560	12744.846385982	0.381650701242613	0.276117280980264	1.90490820512514	0.167529962111883	0.332946933710644
FBgn0261561	662.146630390213	-0.381763158505576	0.267546817403618	2.03072648360997	0.154146908386752	0.314842367908344
FBgn0261562	411.66436530603	0.299781715115052	0.222930873134597	1.80496726222536	0.179113135260032	0.34822414539212
FBgn0261563	460.030726150482	-0.545447691878185	0.339512702664093	2.56825488848914	0.10902794766719	0.247062817209883
FBgn0261564	1093.65612995704	0.370648153886914	0.14628548698313	6.40443582262219	0.0113835593241091	0.0489414596917409
FBgn0261565	3340.39802766245	0.612420542529816	0.206666512690978	8.71684686668527	0.00315282860118743	0.018124143046826
FBgn0261570	1774.19023687341	-0.570543808073389	0.235441358871856	5.83584706482482	0.015702847567555	0.0622470471411073
FBgn0261573	1100.83017999111	-0.124779655069882	0.134214157985247	0.864444082961114	0.352498027572923	0.547879789798079
FBgn0261574	1406.86865724573	-0.83997789493435	0.307387064234557	7.3696170290314	0.00663350596542534	0.0323750313268325
FBgn0261575	575.768450209461	2.02994977317476	0.888234506064125	4.84543320191163	0.0277194290723673	0.0943348112838251
FBgn0261588	525.810219642152	-0.503761608192649	0.225403241061228	4.97708922266669	0.0256851639718577	0.0894066614941507
FBgn0261592	26776.0383076879	0.632060146158968	0.152054660221477	17.1431391412844	3.46659298199944e-05	0.000387696026275831
FBgn0261596	13578.1836845119	0.632795294251836	0.164062564045847	14.7598635480678	0.000122107080377773	0.00115732854699621
FBgn0261597	30270.5647497964	0.602601113656569	0.209270900466289	8.23219096016948	0.00411538183701818	0.0224299748794616
FBgn0261599	10369.3687958134	0.719809702634209	0.215627182236906	11.0310754636314	0.000895971533615604	0.00642768521351552
FBgn0261602	35013.208897633	0.733152557083593	0.175503748984422	17.2667698570792	3.24817963859571e-05	0.000367460732448315
FBgn0261608	12817.65110085	0.647286883442304	0.151275707729714	18.1591447364774	2.03191350669954e-05	0.000241204489179586
FBgn0261609	1835.3453831099	0.326722411568797	0.119584247336216	7.45074778062008	0.00634100999185266	0.0312761722571872
FBgn0261610	162.27407664752	-0.0764686671289817	0.294973520437938	0.0676118994106005	0.79484612286889	0.886354377378376
FBgn0261611	149.984977180151	0.00336900647730607	0.265488266927038	0.000571234163238898	0.980931971066981	0.989793449136082
FBgn0261612	139.484631230202	-0.128198451400745	0.223339992168805	0.33193383207724	0.564522590367051	0.734387046645859
FBgn0261617	4210.26470911227	-0.681582288216823	0.279846049355086	5.87830514809511	0.0153285700389331	0.0611479665567565
FBgn0261618	3126.09780373186	0.249466233129794	0.211562146609778	1.38875995901644	0.238614624501179	0.424310051673833
FBgn0261625	1683.33318306495	-0.0451582519426581	0.18580587128174	0.0590620626192049	0.807984577184192	0.89420380635177
FBgn0261641	1319.04380489334	-0.403590831035481	0.180156058089484	5.00487676037432	0.0252760029889125	0.0883308714353124
FBgn0261647	519.146342473253	0.188949383881642	0.171265675433245	1.21664808256939	0.27001947160494	0.460237940398298
FBgn0261648	332.07658775405	-0.630230833260259	0.262613062810126	5.72894066751367	0.0166875460646986	0.0649540831384653
FBgn0261649	596.703338859998	-0.680279622824198	0.297836589337683	5.17585943946538	0.0229028391359701	0.0822526058346763
FBgn0261671	4411.1213664038	-0.789084403508474	0.27215085581054	8.30592086448617	0.00395160415722154	0.0216846735592804
FBgn0261673	910.705996298841	0.754986076689683	0.144144511630226	27.1903229304972	1.84379239158006e-07	3.37544067703371e-06
FBgn0261674	456.63578246626	0.201822364328101	0.208231031831538	0.93926750483115	0.332466291883884	0.527925600068992
FBgn0261681	233.333485689053	0.549759362769838	0.237997374838519	5.31354049700843	0.021160311746535	0.0777670099339546
FBgn0261682	185.30964768396	0.986458661990269	0.255319786707444	14.7493927800225	0.000122787063672024	0.00116252473159006
FBgn0261703	866.084753524837	-0.158635004049368	0.25972090657671	0.372736946062176	0.541516164759544	0.715902264711818
FBgn0261710	10112.3679460971	-0.773298735022675	0.253969100160939	9.16312485133277	0.00246940536305746	0.0149042632856491
FBgn0261722	1066.60727423405	0.219198448822844	0.13443978088323	2.65661546950057	0.103119945235645	0.237146311378507
FBgn0261786	461.75446127578	-0.216535318794627	0.211032189942116	1.05280248626529	0.30486253089013	0.497063372611698
FBgn0261787	873.137072870274	-0.0665704603888867	0.177373067918942	0.140942680914193	0.707345652653407	0.833563517453325
FBgn0261788	1649.06264235136	-0.335546614226189	0.131232291864699	6.5301749179221	0.0106059526743331	0.0463874206156366
FBgn0261789	430.482945261854	0.0164369481964522	0.227053277908	0.00536655043005396	0.94160181306233	0.968379300520047
FBgn0261790	362.06561541213	0.226727466549019	0.209626418180383	1.16931454249845	0.279542128328771	0.471460195025434
FBgn0261791	362.891952686678	0.691768890496588	0.223179273601708	9.53586999963208	0.00201494637612442	0.0126637370533632
FBgn0261792	273.669884499642	-0.1096430537502	0.24987365410997	0.192675114062013	0.660699407361841	0.804805572965335
FBgn0261793	1195.29425561439	-0.145074465151485	0.138962663142785	1.08959813808889	0.296560265617244	0.488217870113164
FBgn0261794	2941.18117736689	0.359252674976874	0.196648589918788	3.32944839286264	0.0680496934474405	0.178714248701293
FBgn0261797	8293.7116321105	-0.0629763466482725	0.314614271001655	0.0400655218456762	0.841352526443146	0.914860713904414
FBgn0261800	4880.63547908957	-0.359104223991662	0.197761951252072	3.28904962289454	0.0697433800837333	0.181733519003436
FBgn0261801	152.207963455933	-0.473203333709021	0.348458329038639	1.83813269951131	0.175169964053936	0.34402398460092
FBgn0261802	2177.85275804439	-0.225783751976018	0.200847841714057	1.26263714650497	0.261152504426685	0.450960802164593
FBgn0261803	245.842298982116	-0.521519610370641	0.461024669890342	1.27482744959644	0.258863003421211	0.448763682158892
FBgn0261808	807.382667110123	0.451287318212967	0.157891839875985	8.14156057233733	0.00432620349199611	0.0233768644295001
FBgn0261811	981.569834913845	-0.620382461557479	0.253845111432969	5.93007181107104	0.0148846352663032	0.059809663747659
FBgn0261816	55.0443052853155	-0.706578787576197	0.451137666855629	2.44657819700121	0.117781372378329	0.260763006305199
FBgn0261822	4354.24771170624	-0.0455901953503792	0.135688060340756	0.112877809508504	0.736891280074428	0.851535968488312
FBgn0261823	776.177432433817	-0.121447421891535	0.15864653463008	0.585989343146068	0.443974219026478	0.637415825408446
FBgn0261836	15722.7230440467	0.326449587886066	0.350487306134464	0.865691038383872	0.35215098001065	0.547624310355839
FBgn0261837	147.44594129178	0.190179205540773	0.211559091288724	0.80868946945457	0.368507993301609	0.563164969326878
FBgn0261838	147.44594129178	0.190179205540773	0.211559091288724	0.80868946945457	0.368507993301609	0.563164969326878
FBgn0261840	46.7408168676668	-3.82631053797216	1.99106752980201	2.98686609236321	0.0839424782469543	0.206728559322111
FBgn0261850	397.192461341857	-0.182969464115602	0.170678166691456	1.14819042264827	0.28392827811655	0.475044202901106
FBgn0261854	1168.11758430576	-0.0872398909458949	0.195436614619284	0.199154509724266	0.655404168626042	0.800676503385878
FBgn0261859	474.498565088674	-0.0912581111903747	0.187742519901462	0.236137064030117	0.627010159007565	0.779561217067815
FBgn0261862	5104.17918395287	-0.299698193316864	0.230082892490501	1.69350395275411	0.19313971440521	0.365722068650552
FBgn0261872	662.195340180373	-0.0990607514642649	0.171741686574238	0.33273353190846	0.564053901489575	0.734042261884978
FBgn0261873	1508.85221057483	0.207025082739071	0.197300713596303	1.09993485300525	0.294280401789918	0.485915094572275
FBgn0261881	158.719925251154	-0.174795888885251	0.261721007412186	0.446755665403757	0.503879677307653	0.687526561398288
FBgn0261885	4582.0638616135	-0.520575237161971	0.173350297859023	8.97092442126124	0.00274309773992973	0.0162450298370066
FBgn0261931	703.163255442123	-0.529345679566627	0.233976665513419	5.09405655265775	0.0240079702193819	0.0850446925796169
FBgn0261932	74.1648017164123	-0.14007080639613	0.71620925173179	0.0384496521993185	0.844542988040607	0.916277535572426
FBgn0261934	1325.52869855371	-0.38910421992334	0.289281193788142	1.80455015821894	0.179163374895764	0.34822414539212
FBgn0261938	326.314355024026	-0.168860860391281	0.228411905266631	0.547605191309287	0.459297865975757	0.650223707583841
FBgn0261953	201.072316793759	-0.655359424613285	0.272517648932692	5.74440387984568	0.0165412681480995	0.0645841372295706
FBgn0261954	2204.41892471412	-0.31910794664853	0.235002270452689	1.84034841188385	0.174910116737971	0.343666637741229
FBgn0261963	138.277094392253	-0.625014410694102	0.272393560598968	5.26077968918145	0.0218112454422332	0.0796286428557162
FBgn0261975	419.336573582814	-0.116887934487491	0.212144182373752	0.303337111016518	0.581797875893026	0.746219929009171
FBgn0261983	746.153073046826	-0.00297676845187929	0.178786655173179	0.000279057377440495	0.986671949879613	0.992634053783799
FBgn0261984	1226.56102249704	-0.035506071012049	0.179764076362261	0.0390167520073561	0.843415478973358	0.91574974608846
FBgn0261985	2721.62513276774	-0.209489272093941	0.188968381244995	1.22776103413304	0.26784290588482	0.457738989068375
FBgn0261986	370.99702803277	0.0335732184811792	0.179635586142139	0.0351941859942713	0.851189336146531	0.920339995362944
FBgn0261988	968.613751611846	-0.37116841667711	0.264701372707089	1.96073314899867	0.161434931208097	0.324292113767111
FBgn0261990	480.078216263875	0.621816606867798	0.32399137727856	3.65647513805979	0.055851676012739	0.155392004580653
FBgn0261995	817.627984436084	0.758856712159816	0.19577706781874	14.8710429543429	0.000115116610338316	0.00110052976124084
FBgn0262002	203.922267505814	-0.782156788081024	0.42623009123269	3.33794600392662	0.0676990697200173	0.178002559955135
FBgn0262023	656.056667045241	-0.303014910855602	0.424697880033731	0.508043257290112	0.475987144068436	0.663780910139256
FBgn0262026	3479.28066346005	-0.397087302234474	0.192895867184419	4.22431129339637	0.0398487879908412	0.122731485246486
FBgn0262029	1523.4796613025	-0.578436427709528	0.166275670074369	12.0307907182239	0.000523288726983366	0.0040647004638215
FBgn0262081	1981.05706649207	-0.289312804003352	0.443286147535546	0.425314558843894	0.514297024821213	0.695076879617457
FBgn0262100	40.1606112090434	-0.962340408952769	0.639115434988126	2.24700471318602	0.133873310749212	0.28562255306309
FBgn0262102	67.8956675394451	-0.504366902205162	0.569893981169607	0.783299113654124	0.376134048885528	0.570929812475653
FBgn0262103	1207.612896177	-0.315493379661605	0.311160687359237	1.02622580866452	0.311046768071342	0.504536154680427
FBgn0262112	776.523938530728	0.431140610861689	0.359872323867093	1.42973540003213	0.231807626185764	0.416690313330218
FBgn0262114	3672.81514196531	-0.470348865903368	0.172194047671831	7.42999038116119	0.00641456846913232	0.0315860224172007
FBgn0262115	540.91189456191	0.229257422746724	0.170617716566351	1.8045508107035	0.17916329629213	0.34822414539212
FBgn0262117	375.429202204462	0.0651884300534881	0.278377930322606	0.0549410701625561	0.814678250320411	0.898028842077115
FBgn0262124	454.857548467543	0.403520208449199	0.357900655197507	1.26808483937295	0.26012627040332	0.450334355510869
FBgn0262125	4788.64961113467	0.380110472643514	0.141027401189416	7.24418644602217	0.00711309359471161	0.03398264097441
FBgn0262126	3458.65819143315	0.107682453497309	0.269627958318908	0.159462620985707	0.689651751059233	0.822807876060935
FBgn0262127	794.968219195687	-0.453508199118303	0.293355972186046	2.38108087651536	0.122812546603173	0.269308626050298
FBgn0262139	419.266223025544	-0.467179972491963	0.272342570776266	2.93402067893076	0.0867312461134631	0.211238342728457
FBgn0262146	327.354046413947	0.807305465245357	0.378032165056302	4.50752825613476	0.0337459732752829	0.108518392194277
FBgn0262160	5449.2480299796	-0.723526748462509	0.18174409086545	15.6874957155222	7.47164957557471e-05	0.000757814205228405
FBgn0262166	178.646019550808	-0.339569185678514	0.223395541904817	2.31453796944287	0.128169379214467	0.277197696614818
FBgn0262167	457.83938907485	-0.921196944627125	0.298540679203888	9.39095850042767	0.00218058169505071	0.0134933049629225
FBgn0262169	866.641400524261	0.0949496564225445	0.260666076435552	0.132645191792804	0.715705026063486	0.839334137454515
FBgn0262353	349.675645907349	-0.115266940682259	0.196629056652107	0.343725818462786	0.557686463454645	0.728858651243427
FBgn0262473	1250.29243444235	-0.175968379132551	0.267876934701291	0.431100055371644	0.511449660971018	0.692546308374981
FBgn0262475	625.252866344987	0.21559732120904	0.178790071481531	1.45336298287089	0.227989099123723	0.411490245585545
FBgn0262478	11.632121836909	-2.31576693068073	0.987696786236507	5.3997222561301	0.0201399563309817	0.0750168740669409
FBgn0262487	56.291463107557	-0.68890473965238	0.556703872608025	1.52726455550724	0.216523450870999	0.396884696818799
FBgn0262508	4908.27452100481	0.881125326784272	0.314194688411275	7.74638193682378	0.00538202591063531	0.0276271068269028
FBgn0262512	2321.22358557746	0.649972967973521	0.153435689874319	17.8079270196248	2.44363055045188e-05	0.00028446696539825
FBgn0262515	9828.6844493598	0.354411890389369	0.147390628287309	5.76760127773569	0.0163243018548203	0.0639350375352572
FBgn0262516	630.976698422304	-0.0541280082768426	0.244634943177928	0.0489742996752511	0.824857777497055	0.905629591717558
FBgn0262517	1279.88662945084	-0.21665585212767	0.167468438963433	1.67250222552107	0.195923716934888	0.36932939077835
FBgn0262518	882.507583674775	-0.0866656783109502	0.127942032654113	0.45890684341606	0.498135304923636	0.682226235005498
FBgn0262519	4511.63855138871	-0.564165278083689	0.208844354646345	7.25265406997507	0.00707962974370377	0.0338777943917799
FBgn0262527	1603.35315938108	-0.19758340958529	0.130376347580225	2.29496455027893	0.129794174202768	0.279683465974415
FBgn0262560	191.467259204833	0.00927738498416107	0.189278223688481	0.00251676948172275	0.95998897827231	0.97699068495543
FBgn0262574	74.5733017867255	0.969367094028136	0.434714365018791	4.90633696559091	0.0267583297871365	0.0919800458275218
FBgn0262579	7574.73868578671	0.181845599191097	0.194264629162501	0.875629218655234	0.349401602318495	0.545395319097542
FBgn0262582	2713.21127931758	-0.295231518383928	0.20280733837137	2.11559867517752	0.145805026373068	0.303010728383409
FBgn0262593	227.829018166497	0.1758100932947	0.284025287142205	0.382990181417284	0.536007270451381	0.71136315980689
FBgn0262601	400.76763312248	0.17456449127273	0.247067205492086	0.499299583824182	0.479808040729007	0.666962034774245
FBgn0262614	4231.71111161488	-0.716158929346067	0.236412905700085	9.08567751971023	0.00257619026565832	0.0154394444849891
FBgn0262617	1688.3927659965	-0.332638798637855	0.204705478742725	2.63529840844268	0.10451242294082	0.239412673943352
FBgn0262619	200.159505939224	-0.028710550894994	0.192549621910874	0.0222817488785907	0.881340015732714	0.93650018856861
FBgn0262647	725.54766879517	-0.251124646774296	0.181598382149539	1.91180190306186	0.166763237668977	0.331961142076489
FBgn0262656	787.888109881824	0.0473431921511863	0.232713140994702	0.041422038672664	0.838725450341126	0.913580221430699
FBgn0262699	843.77407551393	-0.331064977030473	0.232258533277163	2.02689724382807	0.15453582009829	0.315143072925194
FBgn0262714	1240.92256736816	-0.336077014252972	0.150367044678511	4.98530519907305	0.0255634754502039	0.089053338875878
FBgn0262716	2003.40929690122	0.236590123704407	0.182177965688121	1.68448130958122	0.194330054527699	0.367109484297242
FBgn0262719	759.005380209449	-0.687146035278903	0.224521055899887	9.29025233376599	0.0023037642486756	0.0141562783637281
FBgn0262728	390.787387891572	-0.21184576857909	0.15577755474744	1.84938331189062	0.173855135873848	0.342356107777467
FBgn0262730	679.700129644748	-0.632624350184838	0.255537591350293	6.08742705605546	0.0136147207718527	0.0560690377805766
FBgn0262732	1116.24132919375	0.437893881267425	0.178402835799069	6.00637655976006	0.0142542688932644	0.0580700224903807
FBgn0262733	526.300176540592	-0.558944852418446	0.267600040036499	4.34010166662868	0.0372247005713212	0.116810369075867
FBgn0262734	3744.97850724564	-0.180811935445922	0.260432989526485	0.481655960157852	0.487673190676667	0.673642491316674
FBgn0262736	28924.3510742368	0.577219739568358	0.159180674929386	13.0629054534107	0.000301201840803005	0.00254335410836911
FBgn0262737	1932.20347196374	-0.578001963270134	0.278108231817986	4.29223508892593	0.0382868021078873	0.119168515626101
FBgn0262738	376.100050629354	-0.194039562642296	0.217755340652725	0.793926946491311	0.37291533825354	0.56744351521801
FBgn0262739	2905.15721614687	-0.209431614176251	0.190317291251638	1.20971972855703	0.271387636037153	0.461945312575586
FBgn0262740	862.224719170985	-0.523012619668457	0.161194460056695	10.4803033893752	0.00120653941466682	0.00831080609342892
FBgn0262743	1845.30255603166	-0.307159856174745	0.163981707256599	3.5036411446362	0.0612340599907517	0.166204043481511
FBgn0262787	44.4699776678603	-0.75017106293577	0.505406277468907	2.19587503023257	0.138380606023035	0.292485579869338
FBgn0262801	2104.480321301	0.511028859637245	0.159240706437797	10.2485154951259	0.00136794639894825	0.00917230928899644
FBgn0262858	35.8931641032933	-0.741136008632389	0.500233703257135	2.18342159532368	0.139504014584255	0.294122827234476
FBgn0262866	267.556804840319	0.0905463349332213	0.221825646854247	0.167006356588551	0.682786173977196	0.819136208969191
FBgn0262870	1979.50221067967	-0.190300893141623	0.211914528671033	0.80587369339959	0.36934301349277	0.564077792671141
FBgn0262871	1080.03435856958	-0.0200379346567191	0.149397894254715	0.0179982575647273	0.893277965048436	0.943883958336565
FBgn0262872	3809.92783069402	0.20763929968764	0.125732984086084	2.72493277513566	0.0987922810322213	0.230427921628853
FBgn0262937	551.187506902819	-0.284837240996273	0.166553458662958	2.92305149352633	0.0873225853936542	0.212444029091151
FBgn0262952	547.680153619596	1.11848839395987	0.529494324809194	4.35936565333337	0.0368060082879354	0.115908714180136
FBgn0262955	1799.96380225286	-0.272368536892828	0.16728551049817	2.647268537522	0.103727990778924	0.237862731453542
FBgn0262975	8299.38171695095	-0.0743985319996316	0.163918494464864	0.205965514638933	0.649948139468067	0.796277648389789
FBgn0262976	94.9102491887833	0.173662367325665	0.255806370060239	0.46119902628304	0.497064139208821	0.681599683664124
FBgn0263005	432.646114163694	-0.849841297416417	0.20238914123176	17.4356980940834	2.97191849675428e-05	0.000339197783159153
FBgn0263020	29.0529958650651	-0.130785537998312	0.900588886773767	0.02142368127776	0.883630645223274	0.937609044426427
FBgn0263023	25.3105817604389	-0.828298116947303	0.613006040153302	1.82785539850533	0.176381065270163	0.34509678934455
FBgn0263027	43.0989296642492	-0.808492510940786	0.515620935718904	2.44708466285542	0.117743367834863	0.260763006305199
FBgn0263033	44.4224106070505	-0.789181121010293	0.463397501898836	2.90688623347061	0.0882020143593647	0.213523888808514
FBgn0263048	364.799032356222	-0.951044671233523	0.406911077115347	5.38052976377841	0.0203626938860671	0.0755779632421683
FBgn0263050	91.9370025236795	-0.0478618662334689	0.248120948056731	0.0373529702197288	0.846748173635697	0.9173365112537
FBgn0263072	507.909394479368	-0.945999156392709	0.198180710135907	22.4983668342145	2.10322335443875e-06	3.17245177428504e-05
FBgn0263077	1758.38358123563	0.0991641493968739	0.176293716765348	0.316346029268331	0.573811866769557	0.7404673753107
FBgn0263081	1534.62557995549	0.677099938550819	0.378461960849661	3.17209775060769	0.0749061792122433	0.191364251699141
FBgn0263087	210.96911595638	0.131900575258673	0.31648358029353	0.173692250718979	0.676851020083182	0.81575541191869
FBgn0263102	2188.33166463677	-0.390087089543015	0.179444285034399	4.71167279390849	0.0299584868308288	0.0998691680374891
FBgn0263106	1153.27016946816	0.466956377224488	0.32604450147292	2.04247830740981	0.152960262027618	0.313160406527076
FBgn0263108	1916.32836567542	-0.264531971750343	0.184822501292001	2.0457202338833	0.152634731406818	0.312929570151897
FBgn0263110	1015.19120172453	-0.173997030032114	0.305819873584277	0.323553355444986	0.569479993001983	0.737505828829501
FBgn0263112	630.815288965431	-0.00492845634704739	0.188823253920062	0.000681339091727295	0.979175604643386	0.98919043395233
FBgn0263117	165.846981367956	-0.691904732477685	0.354411470983706	3.79295085879896	0.0514688358888623	0.146822435870463
FBgn0263121	35.8453773880448	0.0292651471885296	3.7302494402622	6.14005176231558e-05	0.99374796164918	0.995440119604083
FBgn0263132	2347.8045985424	0.521055839162595	0.313975088122502	2.73966203494385	0.0978854669516161	0.229054165747268
FBgn0263133	214.811049244634	0.381569103240942	0.263534154751657	2.0954007932727	0.147742963524055	0.305957265932002
FBgn0263143	102.42028034941	-0.0463621122583166	0.282933613722528	0.0270391851344272	0.869387956391178	0.929528911351488
FBgn0263144	1154.62298386174	0.000623312486224097	0.16255291503348	1.47376815817779e-05	0.996936953574811	0.99716296512629
FBgn0263197	2572.03279520741	-0.25785645655247	0.212308790007695	1.47311115713094	0.22485546401486	0.407501461176242
FBgn0263198	1270.83748697898	-0.181004381119757	0.169357681084076	1.14192626764715	0.285245665155979	0.476247769302119
FBgn0263199	1383.28008395918	0.206800155209147	0.240001800580325	0.741653059411817	0.389131858296844	0.58287209601279
FBgn0263200	1250.05109154006	0.807436913384713	0.231352212483502	12.0312805968213	0.000523151214911028	0.0040647004638215
FBgn0263231	5811.02764959711	-0.352763795835036	0.14797900652482	5.66940883585639	0.0172632727912477	0.0668118943464778
FBgn0263234	2241.18969960488	0.398096113183411	0.207494609773941	3.66969103992707	0.0554104546839836	0.154483997513893
FBgn0263236	3115.61641386481	-0.479238947621939	1.16118007782914	0.169569757403465	0.680494461229689	0.81769505405819
FBgn0263237	233.893825252165	0.158115814998942	0.224382859578634	0.496561204008174	0.481015008857028	0.667895584288656
FBgn0263239	220.65471597288	-0.732281477635998	0.616946197693363	1.39640266359459	0.237326811752217	0.422947151238406
FBgn0263240	464.027296839284	-0.35915429159251	0.250616832560684	2.05010291496508	0.152195901497116	0.31232014763036
FBgn0263241	308.00322919934	0.895755306754518	0.254578848527491	12.2253431489324	0.00047144722127419	0.00371764993791194
FBgn0263251	680.90134850675	0.257846844248825	0.174551408468146	2.18013941264256	0.139801797511212	0.294304787636742
FBgn0263256	353.457521994829	0.225593627072718	0.285007371818539	0.626725863151975	0.428558838324597	0.622998877986201
FBgn0263258	1093.3158235189	-0.423282267875577	0.181472604367741	5.42108780680543	0.0198949610142517	0.0742610558332306
FBgn0263271	76.5544083634183	-0.946775087169998	0.502897222419568	3.51150220555448	0.0609441728532037	0.165672021336004
FBgn0263278	222.130168136235	0.327442843678339	0.20350747692466	2.58644162448748	0.107782235959642	0.244868807957744
FBgn0263289	5157.87181139327	-0.301873463408112	0.230598189917029	1.71068631708232	0.190896348579909	0.36303219393731
FBgn0263316	593.836228971137	0.536698612751381	0.346797349941486	2.38213176277485	0.122729967233632	0.269194439689178
FBgn0263346	2915.56131070448	-0.105334328432591	0.200720477686944	0.275337000668443	0.599773928311197	0.760075419132271
FBgn0263351	1427.11439843264	-0.0914505185255028	0.193378213545281	0.223583329337828	0.636323060889033	0.786402617546894
FBgn0263352	1597.98472534931	-0.0755939794599422	0.154540565014955	0.239201918438681	0.624783126383531	0.77813497631733
FBgn0263355	773.468767907922	-0.0429869881146793	0.175832048149727	0.0597679019881809	0.806863157559897	0.89358261812417
FBgn0263391	3258.27126590885	0.22325112514589	0.180736902111092	1.52422348106337	0.216981471802892	0.397577042692051
FBgn0263392	3683.0383146275	-0.865564540817104	0.291838141712686	8.67033438056055	0.00323431839813127	0.0185081877724451
FBgn0263395	1090.41124859136	-0.411376723219813	0.176174536936386	5.43702614055397	0.0197142070921549	0.0737423329297054
FBgn0263396	5163.68943019227	0.027031639169911	0.15698668482383	0.0296487476678919	0.863289639543891	0.925935064948984
FBgn0263397	852.180825058748	-0.025750237620122	0.24238755849534	0.0113237876254288	0.915254451525889	0.955300267492575
FBgn0263398	311.700351363959	0.312745393926699	0.163196233959925	3.6705868363919	0.0553806820252472	0.154449790831473
FBgn0263456	205.58658499416	0.196413825491538	0.267917686147204	0.537153159151529	0.463614950136833	0.654550131201187
FBgn0263490	836.176395477894	-0.48163230366478	0.17926831500036	7.19326949751188	0.00731775261298081	0.0347347224620455
FBgn0263510	463.758503527268	0.178356143355117	0.154586037723197	1.3311914176002	0.248593373935292	0.436818813936764
FBgn0263593	4425.35898166009	-0.0207671928323311	0.168081810172467	0.0152665368767941	0.901665384864756	0.94751641729744
FBgn0263594	6413.55495997161	0.312010522668293	0.170017796859772	3.36143227958519	0.0667399984877546	0.176215962494299
FBgn0263598	16708.373369565	0.424563677025206	0.187700779596985	5.09798108640273	0.0239537081564765	0.0849974563821257
FBgn0263599	2345.97875341382	-0.0507526498593476	0.243001348400976	0.0436217438036834	0.834558943336808	0.912170121725545
FBgn0263600	219.342439794141	-0.230787319360152	0.236372835230118	0.955509305803297	0.328320904313436	0.523796024445451
FBgn0263601	1332.21093156596	-0.323641503480552	0.18241383581215	3.14107602682699	0.07634342620053	0.193801608973958
FBgn0263602	201.675887622111	-0.00312283366011447	0.243245222503719	0.000659319381057344	0.979514797490954	0.989268464353917
FBgn0263603	1427.42492843341	-0.0705669264954799	0.13704526234889	0.265076526972564	0.606653767541201	0.764511974404965
FBgn0263605	124.463162525419	0.367459643572285	0.27863937282388	1.73749148870272	0.187456985831046	0.358528842072745
FBgn0263667	457.185788910188	-0.399128025926009	0.187351266771782	4.53005139823446	0.0333046174369596	0.107490835502462
FBgn0263697	451.932788794122	-0.0946114173877699	0.191197998904898	0.244712619297985	0.620822940917982	0.775172156595482
FBgn0263705	1838.25684027663	-0.548068904634718	0.243761524344765	5.02713972138686	0.0249530755677385	0.0874795148230927
FBgn0263706	1707.11863945327	-0.925806351690201	0.265716432038877	11.9466539379929	0.000547456106504592	0.00420797272107711
FBgn0263738	190.857026521348	-0.188479681451132	0.227959129671465	0.684157572649184	0.408158744772788	0.60287793168314
FBgn0263740	2961.38463435376	0.236510069382534	0.153876643875116	2.35958790562452	0.12451507789684	0.271691653650275
FBgn0263750	122.452370652477	-0.667365022473325	0.363906004049505	3.35261229649902	0.0670984523246236	0.17684490540994
FBgn0263755	150.19010847886	-0.350012319660588	0.212908105637855	2.70551323780445	0.100001894641998	0.232429328738672
FBgn0263762	330.282418259443	0.478931515951373	0.25900706499003	3.40706391337022	0.0649178561255739	0.172979898587808
FBgn0263773	1307.26758706021	-0.166724102713853	0.485333774524237	0.117984853560202	0.731230439091741	0.848933189490101
FBgn0263776	517.829849537697	0.152870275539712	0.295688750035855	0.267197533059559	0.605217916322227	0.763684097472806
FBgn0263782	918.36777667373	-0.015085533930046	0.203823388903669	0.00547828820542406	0.940998084312326	0.96798404009932
FBgn0263831	84.2935978875246	-0.407744095374307	0.333432263663559	1.49672377942858	0.221176150902428	0.402775544484777
FBgn0263832	781.154972743743	-0.110480519883537	0.165180277271742	0.447029537492057	0.503748965515752	0.687454511554438
FBgn0263855	321.131402978063	-0.236863644130242	0.239042902281513	0.981794018551241	0.321756292890659	0.516026450103086
FBgn0263863	392.269932791581	0.447373229227414	0.173778147635015	6.61477180992846	0.0101136297315756	0.0448005365217985
FBgn0263864	860.181451397718	-0.562424257824937	0.266461862892881	4.43246749149569	0.0352614958343661	0.112314641676071
FBgn0263873	1114.46753352595	-0.497195853054693	0.215743293128953	5.28974517079874	0.02145135878389	0.0786074708924606
FBgn0263916	1116.13911445189	0.371818751303076	0.128478261269966	8.35864096779434	0.00383857546829532	0.0211565208820974
FBgn0263929	1715.29614134991	-0.212301882065135	0.177965271945383	1.42203812556443	0.233068228740776	0.418006920814758
FBgn0263930	1450.60632059692	-0.256840031986447	0.173293401180037	2.1943890764076	0.13851411738025	0.292543937712619
FBgn0263933	964.670607259651	-0.046928340308893	0.151383964680402	0.0960906454794923	0.756572430324067	0.863200817840647
FBgn0263934	555.856532797306	-0.335205531090862	0.252916616670992	1.75276439368314	0.185529586667316	0.356203888762488
FBgn0263968	1904.58583342346	-0.459868720969534	0.224994712114966	4.1611967486667	0.0413601710571387	0.126114588623922
FBgn0263973	299.704645081529	-0.339083848119789	0.239226714580336	2.00820770417506	0.156450052259918	0.318169187313896
FBgn0263977	662.626033611847	0.334565849658737	0.302438399494617	1.22155791756501	0.2690551266382	0.458948857037594
FBgn0263979	1459.77788576513	-0.105416798278123	0.169203939184661	0.387980653549107	0.533362770273042	0.709439265029521
FBgn0263980	344.017440523285	0.274430124008054	0.273971211640649	1.0013861253674	0.316975338396957	0.511332794518236
FBgn0263982	51.1697079797561	-1.09211026957251	0.47556863679578	5.22367570492314	0.0222814065226964	0.0807161628575424
FBgn0263987	1287.28127680763	0.0634354614187728	0.137164559926259	0.213892499243727	0.643733460536349	0.791796097717001
FBgn0263988	85.966209091804	-0.966918943321655	0.310189629339037	9.69695797221965	0.00184573309448349	0.0118191210636592
FBgn0263993	1178.93496847936	-0.219162168211917	0.215604219157492	1.03210308024279	0.309665225980156	0.502664818625625
FBgn0263995	285.288637939108	-0.365068289367221	0.273188398477802	1.78261573334458	0.181828457225384	0.351468632323503
FBgn0263996	207.913161671182	0.185420252393679	0.325901184501802	0.323501450569317	0.569510960748438	0.737505828829501
FBgn0263998	1358.74610387719	-0.523216333177165	0.229036664477547	5.1932737906624	0.0226744639819388	0.0816984361684884
FBgn0264075	782.53241271371	-0.333394416286919	0.236555149217246	1.98155604063606	0.159226577070835	0.321414380609972
FBgn0264078	882.135094177077	-0.190834487257792	0.249177520946988	0.585824215274272	0.444038426879614	0.637415825408446
FBgn0264086	220.604485124273	-1.23619809854579	0.486172061523629	6.30661578889197	0.0120288232135324	0.050956474333274
FBgn0264089	2108.89464387453	-0.665042346928783	0.249952708969711	7.0206773005591	0.00805737472570351	0.0376012896285215
FBgn0264090	454.819797275409	-0.333071088714254	0.262429863207458	1.60633513778885	0.205007734883372	0.381965424960066
FBgn0264270	1725.65829772593	0.0383692426129842	0.297948335755207	0.0165843605201417	0.897531509852084	0.945957522137463
FBgn0264272	495.702215577797	0.0170794206953122	0.32994579455382	0.00268503910677964	0.958674220474993	0.976490975582516
FBgn0264273	713.194838227082	-0.250698015558989	0.220180545717335	1.29543970786982	0.255047896625616	0.443894011799691
FBgn0264291	110.300518483938	-0.225723167368288	0.278408106146664	0.655916252400125	0.418005372617984	0.612840409956944
FBgn0264294	2226.6533793852	0.827015135585032	0.18918953139201	18.8652742806658	1.40283268646411e-05	0.000173612841870397
FBgn0264296	326.925721302225	0.664761912632551	0.254645451744553	6.76728023559582	0.00928442185197339	0.0419122852605789
FBgn0264299	84.6102944248951	-1.02047931815112	0.580734548086219	3.03638075328828	0.0814172540006357	0.202945155169946
FBgn0264302	537.796947364604	-0.171415769408156	0.149867005667974	1.3079237585433	0.252770914490395	0.441323812715323
FBgn0264303	537.796947364604	-0.171415769408156	0.149867005667974	1.3079237585433	0.252770914490395	0.441323812715323
FBgn0264305	627.021462466454	-0.718339737363767	0.191505264159632	13.9689281699008	0.000185856923034987	0.00167954451124498
FBgn0264307	1421.58390649572	-0.88453824966611	0.256756479400063	11.6995198147473	0.000625162287949244	0.00471893244556384
FBgn0264308	172.612122466878	-0.286018329167	0.289186670585478	0.97462318865734	0.323529869225237	0.518305658323073
FBgn0264324	602.72030351288	-0.676277578336611	0.305884366028022	4.85016190806566	0.0276435373432994	0.0941801442151637
FBgn0264325	356.321882616551	-0.203287442254132	0.206592987711335	0.966766939049904	0.325487820668322	0.520476079742639
FBgn0264326	341.119775123688	-0.201559040232747	0.232851303546793	0.749268493045335	0.386707929061633	0.580423671719655
FBgn0264357	2940.94234419554	-0.127844792105982	0.155227668625892	0.678031445559768	0.410265413999526	0.604875858501556
FBgn0264364	139.666294544172	-0.778136370686775	0.381281011340793	4.13767049799532	0.0419388457093147	0.127258725769943
FBgn0264442	795.093058324545	-0.319902062955506	0.278921870853893	1.31341218273494	0.251777789201092	0.44037407570078
FBgn0264443	211.015713859311	-0.0514669311539454	0.248610328071738	0.0432867335427645	0.835186303538705	0.912238193981398
FBgn0264449	488.784451448417	-0.88217989648963	0.397309076141633	4.86327893396218	0.0274341494110148	0.0936837981434962
FBgn0264488	6168.11727800862	-0.48209798459099	0.274059081230138	3.08049367842001	0.0792364716775638	0.198971076672673
FBgn0264491	1541.67561186047	-0.25725260365325	0.155631225851037	2.72836224742362	0.0985803283122009	0.230180257810309
FBgn0264492	784.610530285577	0.182915093406943	0.235538774427261	0.602917003512019	0.437467216504362	0.632238393173275
FBgn0264493	1454.79174462748	-0.222835463069022	0.162514896680465	1.87914993364336	0.170430794777978	0.337647358132212
FBgn0264494	634.788214984843	0.118745609160203	0.194866667672979	0.371304221565808	0.542294212569142	0.716347923908699
FBgn0264495	2005.56196268896	-0.800578003462019	0.2161324127019	13.5602226514319	0.000231029690052367	0.00202846366668864
FBgn0264542	209.961959002005	-0.676245425197445	0.292819692101233	5.29483654031432	0.0213887382669949	0.0784757698411487
FBgn0264560	1986.54652179922	-0.00927377756522453	0.277406360514331	0.00111865508176834	0.973318687067925	0.985379083832879
FBgn0264561	2916.92538263799	-0.0327669722433805	0.191621878996476	0.0292386624720677	0.864229139996513	0.926604851923357
FBgn0264562	1495.88904122703	-1.59488306575626	1.63936790103467	0.901997637854308	0.342246635197836	0.538261014183047
FBgn0264574	1068.67907592797	-0.118422701614027	0.352210010935015	0.113050750854327	0.736697277057771	0.851535968488312
FBgn0264605	141.685159382617	-0.186714666770035	0.211222232336427	0.782945831799992	0.376241711190607	0.570929812475653
FBgn0264607	763.007469936137	0.202721031429956	0.245852769568626	0.679511568574512	0.409754964456557	0.604490115929863
FBgn0264672	774.922910729984	0.772754297199719	0.219978902978406	12.2063855377868	0.000476262176608663	0.00375226557713825
FBgn0264691	448.766375589315	0.0143035268355856	0.209442661165724	0.00481005715303695	0.944707385250486	0.969877599470656
FBgn0264693	3110.78066035273	0.152517019746328	0.161862124413787	0.887404932599665	0.346181516693942	0.541998882772772
FBgn0264694	663.716075789582	0.251341377511925	0.14520986360123	2.99419265398546	0.0835635547639164	0.206140566742186
FBgn0264707	474.675705951305	-0.243053570805336	0.258121489824602	0.886691832636203	0.346375367108104	0.542057172115214
FBgn0264711	325.426294748557	-0.884704682438222	0.232259096651483	14.3692313412264	0.000150237287176647	0.00139107431484442
FBgn0264712	987.554101897051	-0.490300144320815	0.502150802132469	0.949166582123524	0.329931527410343	0.525508266763333
FBgn0264742	1498.68486436308	-0.0634550299176066	0.214929618899799	0.0871690619321299	0.767807437264035	0.869721800567138
FBgn0264743	1498.68486436308	-0.0634550299176075	0.214929618899801	0.0871690619321157	0.767807437264053	0.869721800567138
FBgn0264750	2118.47488061568	0.210271466329603	0.15971602975911	1.73176354862285	0.188185832719099	0.359488364770039
FBgn0264751	198.44546867283	0.045318313683307	0.249674484567721	0.032953229604459	0.855951395954094	0.923226392604685
FBgn0264815	442.686713514363	0.13868689102782	0.1890756034009	0.538135510552152	0.463206460089612	0.654287466596884
FBgn0264816	252.626599056419	-0.442855424396682	0.214179422431686	4.27103777039233	0.0387672473266703	0.120210424836391
FBgn0264848	639.368196002672	-0.281596098453817	0.172411150276989	2.66423775241984	0.10262698060295	0.236567522685588
FBgn0264855	2235.89298104574	-0.120619756641499	0.132537644179769	0.827834058950316	0.362899582056957	0.557879078757942
FBgn0264894	2824.72530088207	-0.0229117501185289	0.209032467901296	0.012018920718333	0.912702152592571	0.953938849495857
FBgn0264895	848.788852555142	-0.254217634559721	0.184186166070458	1.90282476696336	0.167762478269757	0.33333395817436
FBgn0264922	1223.26749172886	-0.0990525657157056	0.195892986753388	0.255749294940472	0.613055602512316	0.769085017654686
FBgn0264953	2127.38862504096	-0.0182349516124981	0.238384675591831	0.00585194777241327	0.939022885488355	0.967243741744433
FBgn0264959	1446.23598773273	-0.127478760303738	0.14997188263152	0.722676550679083	0.395267353002314	0.589361122489426
FBgn0264962	1947.61104723388	0.0616119900004339	0.164216882017149	0.140775742569687	0.707511033942627	0.833563517453325
FBgn0264975	4981.41759145152	0.145928622310626	0.228628353804153	0.407207287151309	0.52339039032297	0.702129375750063
FBgn0264978	1045.33858288952	0.236305625068232	0.136228612624632	3.00601110278147	0.0829562034706591	0.205216018902466
FBgn0264979	796.776921938163	-0.668038819092863	0.214578475766999	9.61696155025973	0.00192788433507708	0.0122562329774641
FBgn0265003	773.056483743483	0.113891223062552	0.200160929703186	0.323730688895409	0.569374216229843	0.737505828829501
FBgn0265011	183.866066667219	-0.737371977010219	0.547119859728474	1.80150378636648	0.179530800708004	0.348631114755155
FBgn0265042	1546.05462686557	-0.139265507767728	0.274188250603035	0.257801934108187	0.61163429285332	0.768402233167335
FBgn0265045	2362.81484713673	-0.153812306683782	0.241747923200008	0.40460452615865	0.524720817358574	0.703347484789922
FBgn0265048	1942.46340836137	-0.0821519495021178	0.248342196625456	0.109405665818841	0.740821793873753	0.854181950315865
FBgn0265082	2711.03111314656	-0.258363917415611	0.191408169078906	1.81964606645808	0.177355412203948	0.346190932245553
FBgn0265083	169.060792375453	0.703719264296422	0.224311145927178	9.80286200295345	0.00174240487510729	0.0112637220644298
FBgn0265089	219.129065269472	-0.633578034812522	0.462371678094449	1.86660927641705	0.171863929023826	0.3396477737304
FBgn0265101	420.498329742838	0.0999243902971554	0.253708848861766	0.155206090211578	0.693609064019596	0.825408817384884
FBgn0265102	195.467267544856	-0.491520860410243	0.193848810354465	6.43079872917162	0.0112158130366638	0.0484663732789037
FBgn0265137	2736.49042715777	0.930352090713692	0.204832761740865	20.2922955520088	6.64676954084344e-06	8.94071561408574e-05
FBgn0265140	1404.69067345838	-0.515253688428271	0.251944136953795	4.1617989900044	0.04134546832613	0.126114588623922
FBgn0265174	348.271458043095	0.193868854772764	0.190725394885683	1.03338508030912	0.309364933628195	0.502269765287064
FBgn0265178	3496.46996395768	-0.400027979536114	0.190386471657572	4.40068435643278	0.0359245118431676	0.113823300719609
FBgn0265180	8187.85969250922	0.380779955857164	0.284942086160597	1.78064138483234	0.182070587797316	0.351705531244202
FBgn0265182	174.573892023231	-0.0494123093562017	0.247639281373257	0.03989107006214	0.841693713406967	0.914893486955294
FBgn0265185	1742.45731056262	-0.806711146031388	0.274776055640578	8.51093388584664	0.00353018843783748	0.019860403288259
FBgn0265186	674.19288032646	-0.387515156355519	0.214880647498905	3.24149083037251	0.0717952804997833	0.185230614829524
FBgn0265187	272.235444071081	-0.106591476020882	0.194586117431943	0.300218783303578	0.583745295805009	0.747627003724484
FBgn0265189	258.408221109673	0.197455140182228	0.214743381962318	0.845276630859622	0.357891999348259	0.55326541735267
FBgn0265190	368.209771067142	0.22608301752744	0.170350530637705	1.76058137023159	0.18455201722707	0.354944856149012
FBgn0265191	3449.38682074733	0.974903412057754	0.317499583898116	9.25638424955774	0.00234675886930989	0.0143604717495079
FBgn0265192	921.567789863307	-0.607548430914671	0.377904516302734	2.56737680379126	0.109088491570799	0.247136546757569
FBgn0265193	180.869704243269	-0.0784787015918086	0.288939822363955	0.0737363824702015	0.785972325576002	0.881280612794795
FBgn0265194	1343.1204737324	-0.356955683402936	0.16217552488464	4.83364192148831	0.0279096147646778	0.0947573838720727
FBgn0265262	842.436184478949	-0.0449373724028045	0.168697665196468	0.0709780191566551	0.789918072259878	0.88365074412033
FBgn0265263	132.270055666687	-1.0701282961486	0.569945269418449	3.46270839238987	0.0627674244584948	0.16880821500206
FBgn0265269	51.1835199491269	-1.17084382799772	0.614467549702192	3.57953330155273	0.0584955829825399	0.160499074700849
FBgn0265274	3364.92918650199	-0.131846187913872	0.27133040681855	0.236015697831377	0.627098715053257	0.779561217067815
FBgn0265276	1217.87898799529	-0.482038755816099	0.209779706355124	5.25678474264652	0.0218613697632849	0.0797242329070008
FBgn0265296	440.424649157209	-0.965171219257744	0.270874020545466	12.5090396591377	0.000404987720839395	0.00326059456996973
FBgn0265297	26752.9969005483	0.443526823956106	0.157672009720791	7.8818780523651	0.00499325996508962	0.0262577627723187
FBgn0265298	1324.73731023811	-0.102783186661639	0.183940174652398	0.312213973329847	0.576324769999777	0.741833591911117
FBgn0265313	357.642404850747	0.574230916881299	0.263503897787514	4.71799684796761	0.0298484952845299	0.0996307404193237
FBgn0265351	121.316502079619	0.0762103645923514	0.221209149429927	0.118799343796368	0.730340363755115	0.848410132935116
FBgn0265356	5027.82181196117	0.54809189051862	0.173802318274434	9.8866025480551	0.0016648647329767	0.0108901159405385
FBgn0265413	2226.99788849345	0.73127385508212	0.297605113351761	5.97473342861142	0.014512274960717	0.05873933249569
FBgn0265464	340.215514566605	-0.0362519918020292	0.189440876351102	0.0366124857876855	0.84825617386234	0.918435581282255
FBgn0265487	849.761577179826	0.188012947704918	0.207173031599545	0.822878494523138	0.364339903726454	0.558612359769533
FBgn0265512	1245.92823426587	-0.626060087319846	0.170191540636057	13.4474296805884	0.000245342078382393	0.00213110920868619
FBgn0265523	3165.57483075963	-0.184974319797165	0.183634113061509	1.01387348232691	0.313976657533164	0.508074459210093
FBgn0265574	587.673864046475	-0.199966976355476	0.176613951052449	1.28168156904798	0.257586609981623	0.447253885572184
FBgn0265575	1448.5693565696	-0.991697495926485	0.306030238262065	10.3076706046612	0.00132478397078266	0.0089577729947787
FBgn0265598	171.245074174042	-0.293650047297177	0.200063722368353	2.15646051017744	0.141971389626772	0.297920461847
FBgn0265605	465.564632448934	0.343368510821007	0.201328823348908	2.90260903018176	0.0884363066454705	0.213729788172574
FBgn0265606	30.9284291111971	-1.09789243392942	0.560890413766701	3.81662998218626	0.0507462075816797	0.14541537798874
FBgn0265623	381.02996137644	-0.275198734330922	0.239405505068745	1.32168081891928	0.250290618915809	0.438521634782151
FBgn0265630	707.467077392309	-0.565444956386738	0.233386448486633	5.8419118316926	0.015648814067755	0.0620886399882509
FBgn0265726	4887.14413535138	-0.798807572094878	0.952686719481667	0.694275349048425	0.404713971828722	0.599193974398765
FBgn0265767	162.357783924633	0.0809783285042166	0.251836666865153	0.104136215976929	0.746921365475577	0.857734790337908
FBgn0265778	1484.05115819092	-0.724090078673793	0.172234384142403	17.5094389416223	2.85884848808914e-05	0.000326767863457235
FBgn0265784	872.813602633218	0.181127876055813	0.1911111890441	0.897480217674413	0.343458257090252	0.539074290388543
FBgn0265935	3445.10471009899	0.356705658423259	0.194640088434866	3.34991557015816	0.0672084605024864	0.176976262451191
FBgn0265959	164.939405361903	0.0615904251556906	0.277414293785013	0.0497510167615971	0.823497090721528	0.905068771552059
FBgn0265968	145.713047598967	0.1762105610172	0.230279817679626	0.585866330060618	0.444022049722396	0.637415825408446
FBgn0265974	396.585627472652	-0.415863650082417	0.228466676791945	3.30562919178394	0.0690429002140547	0.180407033310281
FBgn0265991	8294.53283673117	0.891337573347035	0.222676574037014	15.776106339514	7.12972531491337e-05	0.000728156205773097
FBgn0265998	3056.25424949697	-0.222383989298289	0.421663170850458	0.277918267988099	0.598068915016618	0.758740151379366
FBgn0266000	1903.51241444634	0.0280929556487422	0.194820034799475	0.020810807058055	0.885295547863912	0.938698379518283
FBgn0266019	6300.49212948566	-0.766036170964991	0.279898167203807	7.40401765187481	0.00650783707396412	0.0319383505787872
FBgn0266053	897.239665527626	-0.137435792148284	0.145005773776727	0.89769435257665	0.343400693141438	0.539074290388543
FBgn0266064	3086.13704483753	0.95716503130313	0.209727378476211	20.4672367724523	6.0660777931057e-06	8.31165690160942e-05
FBgn0266083	602.620337428466	-0.407607047826325	0.269861299287648	2.27582032234575	0.131405580025623	0.282053718838748
FBgn0266084	2123.94632893274	-0.346941791105365	0.191623823532376	3.27095243839213	0.0705166724338381	0.182742765802111
FBgn0266098	2112.33865615307	0.395024550432785	0.27073775490332	2.12240146037479	0.145158781862474	0.302237161669295
FBgn0266100	117.891113822508	-0.54369482551937	0.31508384765897	2.96539593018226	0.0850636313506125	0.208326806283043
FBgn0266101	415.024204477249	-0.226798200691197	0.220579148255685	1.05540242957551	0.304266131401808	0.496457903751767
FBgn0266111	296.062151903875	-0.515473784431162	0.259870967786836	3.92480631905859	0.0475786706421615	0.13933133832018
FBgn0266186	1360.55339350857	0.023254833502557	0.167509444395669	0.0192732913542528	0.889585846089462	0.941437455731999
FBgn0266195	111.736432838194	0.0492978706785009	0.226384492106578	0.0477723487455393	0.826985908503904	0.907288779887908
FBgn0266261	220.732140524752	0.428246406370625	0.506699486037365	0.711912259697215	0.398809718053367	0.593339563665977
FBgn0266268	724.304572837243	0.304856918842168	0.173592339698918	3.07877881221208	0.0793200620209863	0.199067186368937
FBgn0266282	261.889326373811	-0.648687294222198	0.289367217155337	4.9995652147775	0.0253536869300844	0.0885322253545962
FBgn0266284	426.156244148939	-0.0564554628076191	0.173469911130725	0.106388806824526	0.74429349032655	0.855942363956923
FBgn0266346	171.072054738796	-0.699899427071584	0.217380858160166	10.3644787313893	0.00128463166842995	0.00873985338645018
FBgn0266369	1721.79819489199	0.632695637782033	0.208976029884721	9.09729227905986	0.00255988181231378	0.0153558104091481
FBgn0266377	1068.88799119912	0.105038756042078	0.201825188787175	0.270782518094578	0.602807335017474	0.762268810972924
FBgn0266409	427.742652954454	-0.123907048450014	0.178471082095511	0.482190149838729	0.487431940038896	0.673450870591548
FBgn0266410	4207.38402175528	-0.386767537014641	0.202085623185323	3.65287642585575	0.0559724657665227	0.155657433950141
FBgn0266411	3301.22561632742	0.0244309622334469	0.25052568727815	0.0095094314786337	0.922316379347527	0.959391692957983
FBgn0266418	892.81088946662	-0.0907548217853514	0.246850727787122	0.135280214209601	0.713018948499974	0.83699337522466
FBgn0266420	272.474977331545	0.064110166552674	0.253246451933919	0.0641485318242516	0.800055246444663	0.889913966296194
FBgn0266436	43.1704898113174	-1.05106775389543	0.55175896388788	3.59969380651039	0.0577902142000158	0.159058281378958
FBgn0266441	185.718940350065	-0.275070998265006	0.192283529186197	2.04937619894146	0.152268567316957	0.312374203946669
FBgn0266446	10959.1667383314	0.724867213261152	0.278008056767946	6.72804333505411	0.00949086546667609	0.0424467292843131
FBgn0266449	1839.4530519818	0.192927996729899	0.142764239650387	1.82500377099805	0.176718816827001	0.345514684073557
FBgn0266450	1538.95973708257	-0.0856133410718195	0.199491756628453	0.184132305681871	0.667845792272888	0.809962029290044
FBgn0266451	9511.39075190207	0.401453459930577	0.260997764814305	2.35827680036145	0.124619779721353	0.27175412961056
FBgn0266452	663.627609328513	-0.0171358735412768	0.159207258878614	0.0116394308871151	0.914085968672395	0.954656715299469
FBgn0266464	1070.40946624483	0.170075230457615	0.163153386769334	1.08592096033931	0.297376762593794	0.488832442833018
FBgn0266465	1065.5608333834	-0.155048670596529	0.134522041640562	1.32832463854454	0.249103485121783	0.437343643596223
FBgn0266489	524.55407169097	0.135293183955422	0.215590216685395	0.393678475349375	0.530372148812399	0.707804573672203
FBgn0266518	387.34205471065	0.0251469009715868	0.169621611597226	0.0223088536786733	0.881268400029833	0.93650018856861
FBgn0266521	1013.59816257662	-0.136782315279684	0.31765097650635	0.185473231651244	0.666711220354476	0.809112887966977
FBgn0266525	1046.10565177343	-0.504213755088529	0.226687434878947	4.92345065193048	0.0264945491196767	0.091287739723556
FBgn0266538	388.709017394584	-0.0749746918986799	0.18082470043651	0.171813590092285	0.678505016963736	0.816769762004086
FBgn0266539	242.989627415203	-0.0476392979797609	0.182729105540356	0.0681114760936765	0.794106577725494	0.885865542585304
FBgn0266557	7186.79678985512	-0.540569378783407	0.25743003012763	4.38434830049866	0.0362703554313415	0.114713124131239
FBgn0266569	209.257843216659	0.949549744567028	0.299796030841327	9.89269553852567	0.0016593612157771	0.0108702326414381
FBgn0266570	473.402690495518	0.0268776712150233	0.16713981599849	0.0259316504883529	0.8720673523473	0.930036538205532
FBgn0266572	1173.79169368967	-0.17246576043732	0.159089292215029	1.17488480997721	0.278399812174521	0.470572040601336
FBgn0266579	161.559245578018	-0.0173849961742815	0.278458319183793	0.00422795765772577	0.948155888904337	0.97172213283297
FBgn0266580	1332.59785949026	0.0203621203929123	0.235077341431239	0.00751218162757539	0.930931563704601	0.963582418548903
FBgn0266581	476.968304379846	0.336356526577395	0.203347468619995	2.73268241426408	0.0983140336210703	0.229746565856018
FBgn0266582	1801.39033560327	0.91655357421083	0.173567102881437	27.4688848084065	1.59642350351494e-07	2.95321614151276e-06
FBgn0266599	63224.842688006	0.0258851440991837	0.158159284630586	0.0267852938916775	0.869997128735806	0.929528911351488
FBgn0266666	654.112047588892	0.0627052559557475	0.203775149617065	0.0947854005605961	0.758179445448805	0.864329580141057
FBgn0266667	393.918263592051	-0.11630937131193	0.195580909419766	0.353549558291611	0.552110656147016	0.724702732348312
FBgn0266668	402.761488072419	-0.177714414445253	0.207317643386592	0.735894074153705	0.390979335541267	0.584646950824629
FBgn0266669	452.450066752777	-0.0502085007275428	0.175410468541072	0.0819233660733332	0.774707649487395	0.874171393743833
FBgn0266670	820.220469815572	0.121982509256603	0.177732152305638	0.470913773965464	0.492567089917279	0.678173194169148
FBgn0266671	411.001666142394	0.130970995979208	0.189131639944611	0.479634537447126	0.488587902779689	0.674358815969481
FBgn0266672	1039.55889441707	0.0457734300106962	0.167305014951905	0.0748748522179739	0.784366904991826	0.880790731693545
FBgn0266673	351.12726811761	0.0438095037029357	0.169223400352787	0.0670464240859587	0.79568674879605	0.887067576926891
FBgn0266674	401.89047330208	-0.208516833917654	0.175323403145192	1.41432503328199	0.234339737938949	0.419775446117191
FBgn0266696	8059.70837153166	-0.446152154669137	0.228805838084565	3.78751159004497	0.0516363609212484	0.147170299990018
FBgn0266709	174.909064858932	-0.763183410415245	0.336519674203775	5.1057681585461	0.0238464175281319	0.0848128932963467
FBgn0266711	1187.49753688558	0.262646840675214	0.294707054866321	0.793039932069462	0.373182496819259	0.567752129643646
FBgn0266717	5067.54324656882	-0.412572021346688	0.288066794725613	2.04439026227178	0.152768182406388	0.313047373042935
FBgn0266719	879.167036129742	0.443707081696588	0.153924612378538	8.28385055834151	0.00399992166271438	0.0219089439800073
FBgn0266720	710.741366500077	0.0195404611747106	0.231278655027192	0.00720689417164522	0.93234611637016	0.96440483378399
FBgn0266723	123.247444581159	0.327705177302575	0.226127449718954	2.10039717307675	0.147260881935525	0.305254788906019
FBgn0266756	4590.23000432285	-0.364296711649005	0.20060612208932	3.28917428896807	0.0697380847000544	0.181733519003436
FBgn0266758	2110.39479483077	0.569102708903206	0.274282753548825	4.27770139130209	0.0386155363237208	0.120045310736007
FBgn0266801	294.605577171083	-0.949464632816283	0.28207519454614	11.1849231239673	0.000824646728538448	0.00600386364077827
FBgn0266848	1044.98837766167	-0.1575380088239	0.137020968028856	1.32099492515501	0.250413570779086	0.438596536037049
FBgn0266916	229.609242912853	-0.497496165849047	0.317781497635447	2.44450366766414	0.117937183967673	0.260886866716155
FBgn0266917	658.208306739656	-0.131286400355832	0.160912579766582	0.665682100615811	0.414561086090125	0.609478011272787
FBgn0266918	791.902272748759	-0.113683933878444	0.147221969276804	0.596616723440576	0.439871818727097	0.634427742472688
FBgn0267001	2230.76963414382	-0.921591978269914	0.298288084873998	9.39193808323769	0.0021794168776341	0.0134933049629225
FBgn0267002	975.228585728637	-0.617027409536873	0.310786182337913	3.91482163668725	0.0478620939548789	0.139846065250944
FBgn0267252	387.99172206858	-0.221702538311553	0.163199099815679	1.84487876957435	0.174380200482687	0.343007331488905
FBgn0267326	78.478407038723	-1.08555338754843	0.460657489866987	5.48652136114445	0.0191636357126966	0.072259088583357
FBgn0267330	3676.75971084896	0.424831823607767	0.174547825820791	5.90264993740404	0.0151181225680396	0.0605273654901911
FBgn0267336	1210.37918001265	-0.637671778909105	0.279803529727606	5.15441497303711	0.0231873456443097	0.0830041127648635
FBgn0267337	264.542272707408	-0.578595614179861	0.255065695171255	5.12786862392534	0.0235446226856986	0.0839425254863048
FBgn0267347	55.5103501085819	0.0225414283896606	0.453325924341962	0.00261990921212885	0.959178065623136	0.976891418635567
FBgn0267348	4757.86255089844	-0.504825273009301	0.269824943572599	3.48294379007797	0.0620043462208925	0.167742809167815
FBgn0267350	2715.89696710374	-0.0106022446051925	0.151528134753175	0.00490602739594692	0.944159403092412	0.969627831671207
FBgn0267351	573.706065447186	-0.314872535181109	0.180969232730966	3.0244547314051	0.0820178865231804	0.203751641520423
FBgn0267366	218.897755697504	-0.763876888760983	0.494147499192817	2.36827210035221	0.123824039391041	0.270719356686459
FBgn0267376	586.891170873245	0.504829242463072	0.202911307052564	6.16135217477812	0.013057135675997	0.0542960250730432
FBgn0267378	1618.62799473478	0.0702581594607629	0.147467050028577	0.226981440202366	0.633771134471079	0.784457355950737
FBgn0267383	94.7800704903271	-0.801806253595911	0.557694106910435	2.05149561328302	0.1520567524739	0.312107183956664
FBgn0267384	767.464665812187	0.438058167567965	0.171416438475052	6.51106005809505	0.0107205580531315	0.04676134664401
FBgn0267390	2469.48411620426	-0.318373362844761	0.180655579479105	3.09976362817935	0.0783036626267571	0.197245652017843
FBgn0267398	824.393357714408	-0.918356819738838	0.196519116122041	21.5531488719069	3.44157149233119e-06	4.99480704742277e-05
FBgn0267408	4241.13409085109	0.999837286499011	0.265651658322843	13.8937461353273	0.000193441056199073	0.00173644341800674
FBgn0267486	302.633877196998	0.22416883802935	0.383450213111562	0.341536148906485	0.558943866938679	0.730035624906292
FBgn0267487	1343.8880759702	-0.468807692234918	0.197856555363781	5.59139061524404	0.0180489617494769	0.069245234120602
FBgn0267488	2545.74053177116	-0.340687775019693	0.179633540230781	3.58912137718197	0.058158984900443	0.159824005842887
FBgn0267492	29.2956463460673	-1.14457444650221	0.677134843647104	2.83190677845767	0.0924085827682419	0.220441561056222
FBgn0267689	170.935373618467	-0.95860004513918	0.370717905311046	6.60871360432662	0.0101480944426878	0.0449306499559847
FBgn0267698	1447.00093638131	-0.00324685685270718	0.194199085843413	0.000297292524237491	0.986243418121299	0.992410319342108
FBgn0267726	118.481228851674	-1.01368888959149	0.520345863036571	3.73866562723275	0.0531668880295929	0.150078253350329
FBgn0267728	141.078917978388	-0.149290006175623	0.220619306509969	0.458921077864034	0.49812864095169	0.682226235005498
FBgn0267790	2775.02682839606	-0.460765047025511	0.151481669782522	9.21634724873768	0.00239863633832701	0.0145988839248458
FBgn0267791	2405.64421643542	-0.335704488995044	0.18621104615225	3.24259471360415	0.0717469275248278	0.185169607627692
FBgn0267792	1295.36464308316	-0.818426295964728	0.215644358715662	14.2296525898466	0.000161800731443831	0.00148876919109527
FBgn0267795	1642.44440535966	-0.39061487132783	0.14065317240385	7.69059010135126	0.00555094749663004	0.0282640281074804
FBgn0267821	1801.50057677278	-0.186272198555838	0.221951012143241	0.703756127092802	0.401524452075863	0.596520332055726
FBgn0267824	1276.57801573609	0.47757943895652	0.171208029641594	7.74769864936638	0.00537810321406224	0.0276230400237981
FBgn0267828	1949.40056724312	0.66792130236365	0.193888560223385	11.766663651824	0.000603009631767777	0.00458308095669153
FBgn0267849	1307.13983910735	0.218083549367918	0.141968845727157	2.35807252063795	0.124636101828415	0.27175412961056
FBgn0267861	230.287596746022	0.0163288052534058	0.278928336357598	0.00357133939926513	0.952346238891353	0.973416334064323
FBgn0267912	859.251314573467	-0.0378486824526763	0.224992061762878	0.0283210087328172	0.86635634504964	0.927983538324596
FBgn0267967	60.0139717740435	-0.539804835515281	0.498268869873441	1.17319788975662	0.278745133290878	0.470835960214147
FBgn0267972	936.10494514428	-0.0773354433577586	0.205526578972739	0.141541829144245	0.706753011333383	0.833563517453325
FBgn0267975	1059.44259497018	0.403507133944533	0.200005462521299	4.05895755319277	0.0439376153307461	0.131738198327728
FBgn0267977	66.310417746886	-0.540929679342287	0.326564352334719	2.75161444416612	0.0971562823847929	0.228067846704818
FBgn0267978	481.36259093044	-0.114399985160774	0.167633868887648	0.466535741924851	0.494585221167914	0.679679176387739
FBgn0268063	1111.19499081397	-0.501333237847763	0.201905435274323	6.13845600727586	0.0132272760226964	0.0548226790156286
FBgn0270924	1065.40849060853	-0.120411386693098	0.129148405502715	0.868989628662177	0.351235174045913	0.546797627300453
FBgn0270925	3216.70520833222	-0.975233523775247	0.343325462516329	7.92277003390659	0.00488164747839416	0.0258788172719362
FBgn0270927	421.928414017593	0.368111479659395	0.215467276161917	2.91220484497381	0.0879116146149015	0.213226064582702
FBgn0275436	542.152554744314	0.290498466127256	0.157595072525415	3.39416552135415	0.0654274617470445	0.174052433661718
FBgn0278604	272.489551323979	-0.34083513034567	0.248934237444756	1.8740858895535	0.171007850234623	0.338334814006796
FBgn0278608	1124.06480482663	0.141198030198705	0.194301317516203	0.527829104891708	0.467520981444437	0.657435082114058
FBgn0283438	1739.22126101721	0.159756472521105	0.16041281126696	0.991351963602455	0.319412167137137	0.513607332701173
FBgn0283450	1832.58753657832	0.742177882011395	0.179410065296879	16.9377093951779	3.86265879126961e-05	0.0004255193654702
FBgn0283451	13296.2985073026	-0.918343002844976	0.201441720598307	20.4450659147843	6.13675611473812e-06	8.3824668663234e-05
FBgn0283461	515.399817332593	0.640796574180535	0.574855958420945	1.23292758068591	0.266838447923658	0.456668437641265
FBgn0283467	65.7758782005546	-0.103551814206342	0.357965181056745	0.0850039076814895	0.770627424076222	0.871258439583875
FBgn0283468	1746.485525772	-0.29759066081999	0.248590930634192	1.4306735209649	0.231654550966132	0.416572194360128
FBgn0283469	1955.97313774607	-0.171420757600617	0.179684119769808	0.909432873198156	0.34026493892706	0.536064599373751
FBgn0283472	1435.0487123465	0.036948516232022	0.121261513036643	0.0928760079128494	0.760552259653335	0.865783499086225
FBgn0283473	442.701672592428	0.120343695561799	0.156852488410711	0.588846373714745	0.442865565873163	0.636456963072441
FBgn0283477	1948.14277341226	-0.155364087721236	0.134135733492766	1.34094443541068	0.246867483795454	0.434802131139938
FBgn0283478	2503.56519691105	-0.0171234892508373	0.132496455187304	0.0167018042851339	0.897171337946697	0.945835111832934
FBgn0283479	4046.62308617832	-0.132040074933713	0.333925200699668	0.156292697809647	0.692592932778868	0.824867058825852
FBgn0283499	522.835760799738	-0.917810790333822	0.250466045721712	13.246184778262	0.000273135219411323	0.00233994677289856
FBgn0283500	2202.46296325896	0.062390879727619	0.145704590823836	0.183347801857224	0.668511839226494	0.81029511941409
FBgn0283503	817.8740537996	-0.530986960822303	0.14056031506665	14.2219516194552	0.000162464205233119	0.00149331681976775
FBgn0283508	5581.12383385768	-0.231209276402028	0.160928606845369	2.0618625680969	0.151025471231083	0.310785624566949
FBgn0283509	1644.95120428591	0.199004254634627	0.145249823996816	1.87550989180234	0.170845356600989	0.338099406223402
FBgn0283510	2629.46665273496	0.314416638882224	0.205237220570031	2.34203864536786	0.125924660500719	0.274073243960657
FBgn0283521	5825.47228572118	-0.0594758103152142	0.1607398988632	0.136888103664717	0.711394468964269	0.836087479240904
FBgn0283531	1115.82798083534	-0.472072449691495	0.214982016431646	4.80323413683155	0.0284063644993904	0.0958538280468913
FBgn0283535	8280.3462348733	0.644002876244196	0.146278905818083	19.2270469069056	1.16057376082019e-05	0.000146717806095664
FBgn0283536	5628.91793965404	0.622824359222485	0.133434988490509	21.6275434154293	3.31063377418938e-06	4.83659477209389e-05
FBgn0283625	54.1127051858235	-0.601161159751303	0.56058033881048	1.14992465767646	0.28356492195849	0.474526241487145
FBgn0283649	381.416957980449	-0.146574841471038	0.302326027878098	0.234915016682464	0.627903125644052	0.779903274064442
FBgn0283657	2137.27825369979	-0.38879807762346	0.20425826010479	3.611677714099	0.0573752114015912	0.158339673388128
FBgn0283659	60.4000682287453	-0.0553533527442806	0.292484262928962	0.0359155759848733	0.849689942587339	0.919507487538715
FBgn0283666	347.986671358812	0.123706155810213	0.231834491248449	0.284907714160624	0.593502421251501	0.754946715456717
FBgn0283680	1948.53080684695	0.383476732694603	0.292616864586016	1.71219421172404	0.1907009300722	0.362816948459917
FBgn0283682	1518.46813921504	-0.0187763912928105	0.198005970198932	0.00899213502910357	0.92445234488924	0.960142124682516
FBgn0283712	620.832965856948	-0.365376949197174	0.157430195286243	5.37518546601288	0.0204251693242621	0.075695797613309
FBgn0283724	684.334643055069	-0.238983188929435	0.202734155267755	1.38935915183446	0.238513353340295	0.424237417834058
FBgn0283741	1958.45366081817	-0.610477062209935	0.374892486951373	2.63295780708297	0.104666566533113	0.239579191462564
FBgn0284084	198.288185125738	-0.341369140074386	0.242194158426253	1.9880940011193	0.158540311039954	0.320788742173024
FBgn0284220	2749.79734174833	-0.312043053176035	0.211112446666642	2.18075571943942	0.139745827417926	0.294304787636742
FBgn0284221	940.93207669523	-0.247721365398211	0.272756196621723	0.823880341845182	0.364048082370697	0.558477099937245
FBgn0284222	137.153621883586	0.0252245383271947	0.303346976269308	0.00693258364815108	0.93364310510634	0.964427648865522
FBgn0284226	318.429887059962	0.0158929755741734	0.198924480615548	0.00657573249338839	0.935369670298808	0.965564741283391
FBgn0284227	326.42974680163	-0.00233733622837589	0.262302601967164	8.66071251692802e-05	0.992574758143677	0.994990139313332
FBgn0284230	319.118197777647	0.220465510718729	0.198926539545738	1.22757592053523	0.267878982269842	0.457738989068375
FBgn0284231	453.106945667623	-0.490964558408682	0.255147826550123	3.69116752848757	0.0547013134805254	0.153233139730843
FBgn0284233	446.944658043179	0.739254111328387	0.403577915436814	3.32033092816388	0.0684280538036513	0.179214183462115
FBgn0284235	1642.40721750793	-0.109286794698357	0.236512243592732	0.213475934784398	0.644056536894199	0.791966956738352
FBgn0284243	42513.2263747179	0.340933565673288	0.184669815271269	3.40046102564239	0.0651781998365421	0.173598682570977
FBgn0284244	1290.95029871988	-0.721204931413045	0.230988813952269	9.65825844823009	0.00188502238093582	0.012027069768169
FBgn0284245	250108.229515875	0.471918805066865	0.192651082925309	5.97398759107409	0.0145184138908772	0.05873933249569
FBgn0284246	174.513986253486	0.102369166457473	0.238032884056852	0.185201328424377	0.666940886821198	0.80928030601076
FBgn0284247	1676.4157683586	-0.742575906168073	0.317139951597816	5.42585700874733	0.0198406953476778	0.0741212090380646
FBgn0284249	675.409098355032	-0.236766769548373	0.220296476594678	1.15374089199062	0.282767416981166	0.473910671878786
FBgn0284251	366.651220815244	-0.10595644983145	0.253284787502343	0.175299217347899	0.675444536892103	0.814669572653898
FBgn0284252	3013.18107430249	-0.0423603385415326	0.253133069699278	0.0280052172584107	0.8670965574129	0.928213031980035
FBgn0284253	1020.00915018409	-0.0268990629220589	0.234274887090095	0.0131949100215678	0.908548877953182	0.951689850315632
FBgn0284254	1328.77538656217	-0.174087361323151	0.146618032292189	1.40866427277018	0.23527825814655	0.42065089614628
FBgn0284255	1239.86799073582	0.196720748803476	0.259053380672752	0.576133967538112	0.447831684601246	0.641504348201525
FBgn0284256	1010.74006719372	0.115090112893985	0.247768708464205	0.215814814223094	0.642247491975041	0.790650185345024
FBgn0284257	1056.80614716887	0.0469281558139948	0.291892941454107	0.025845424330285	0.872278396766735	0.930049751249819
FBgn0284408	23156.8461294497	-0.224581687485217	0.300884656271806	0.556561562651282	0.455648968261703	0.647318447261877
FBgn0284421	1679.53128361902	-0.249455199714937	0.157299968454419	2.51142493064299	0.113023694006867	0.253513237396186
FBgn0284435	512.295499610621	-0.0341683781637783	0.183549798665648	0.035050316383689	0.851490263381591	0.920439967372723
FBgn0284436	3262.80642107266	-0.109207193528004	0.123883381431421	0.77689933366959	0.378091114409625	0.57280538210069
FBgn0284442	680.194504700789	-0.0958127988702292	0.169526080136178	0.319284829351616	0.57203775358945	0.739259100420813
FBgn0285879	447.581199026197	-0.540285054599591	0.215152584555334	6.27599419569349	0.0122384437700543	0.0516214282155635
FBgn0285892	200.534021107501	-0.0237950990244063	0.300668408848702	0.00651642281224696	0.935661161020104	0.965564741283391
FBgn0285896	216.045346960231	-0.0710593700029695	0.195152287848823	0.133376640810326	0.714956394765256	0.838756319189085
FBgn0285910	5451.51135237164	0.608259014265965	0.127372756737304	22.6441480974674	1.94953079705242e-06	2.96597581951561e-05
FBgn0285911	530.207655220073	-0.0340443314594507	0.142606363830174	0.0570093799036329	0.811286748171525	0.89641801475902
FBgn0285913	1670.76407545862	-0.153236275824941	0.136119923379444	1.26645987518073	0.260431856954721	0.450598177601659
FBgn0285917	2693.73557384963	-0.67409223720005	0.20544759401802	10.6745958271005	0.00108616917944136	0.00757656667145496
FBgn0285925	1851.37192000356	-0.149290726335825	0.173842064562506	0.737192630732963	0.390561665332484	0.584319453186476
FBgn0285926	589.786972218841	-0.23273670546013	0.172737479846257	1.81376843529388	0.178056831039195	0.34691399361666
FBgn0285937	2642.78059788203	0.2198280801305	0.124333684682962	3.12366717575904	0.0771629477003543	0.195152149758649
FBgn0285943	212.00394399541	-0.956121561115388	0.423712381466014	5.02135541203722	0.0250365637094074	0.0877373463748255
FBgn0285947	20125.0406528618	0.582940325792742	0.155405090292193	13.9766822948165	0.00018509195151485	0.00167512962068414
FBgn0285948	25792.8424816862	0.483295861495526	0.14939843559487	10.4165034667138	0.00124894135393658	0.00854977386123849
FBgn0285949	17793.2999130676	0.788187861540028	0.223677275313104	12.2660697830794	0.000461268712175299	0.00364716408264771
FBgn0285950	22370.3092632529	0.534502067618475	0.149421197569668	12.7239001666541	0.000361012101327231	0.00294415044557438
FBgn0285951	211.259081016085	0.64942962933359	0.194539978347149	11.1072535524045	0.000859907373443747	0.00621952677317019
FBgn0285952	13130.5024329079	0.419021995767232	0.157791059974036	7.02742652229158	0.00802706257927466	0.0375335377747804
FBgn0285954	1278.62361610051	-0.494977003013156	0.312410206090862	2.49843173015861	0.113959728851781	0.254835440290956
FBgn0285955	2758.79180443642	-0.598426857190733	0.207733053337134	8.2430704326145	0.00409078729981761	0.0223649982240338
FBgn0285963	1697.78284920875	-0.0168885155860287	0.237326434406661	0.00506906749301095	0.943240663375179	0.969288386646324
FBgn0285971	189.64624508874	-0.130845607208141	0.277268332598711	0.222428380280093	0.637195811336574	0.786930138451214
FBgn0286027	230.81230606478	0.177135712481073	0.184021022019179	0.92698400995318	0.335647856440519	0.530882656433571
FBgn0286051	891.870676206364	-0.350674241134985	0.21922901424322	2.55445101052248	0.109984013210604	0.248782089866796
FBgn0286070	977.917287886891	-0.114305195666646	0.168057424959641	0.462530085122907	0.496443902389521	0.68127853727607
FBgn0286071	1751.82208611392	-0.899856891468549	0.448113232407821	3.97023435173323	0.0463113266181666	0.136855708666678
FBgn0286075	278.618590836747	-0.121177450399765	0.196095881493656	0.381517822219003	0.536792040970648	0.712171548567884
FBgn0286198	1343.18250801865	0.297763249777778	0.26462237906279	1.26392918522826	0.260908657761268	0.450944125377615
FBgn0286203	875.444212061369	0.908102387325356	0.221717797294795	16.5303091967558	4.78785889461507e-05	0.00051334224648947
FBgn0286213	11666.9678839649	0.586226552910826	0.21058298323945	7.69714635509888	0.00553081992205198	0.0281940814512921
FBgn0286506	978.535171134773	0.942096154779396	0.182759323936263	26.1672792803171	3.13082920898734e-07	5.47058157229787e-06
FBgn0286507	363.885058246884	-0.898536127882459	0.425350331294538	4.40153652696965	0.0359065658927776	0.113807305114177
FBgn0286508	4290.21759574998	0.485690463384291	0.243232627623466	3.96881183823929	0.0463504671138753	0.13688672987954
FBgn0286511	1368.03608585623	-0.456090555613106	0.232203323982118	3.84385703302812	0.0499285406085379	0.14421258341399
FBgn0286516	2764.62411066347	0.0304782824315919	0.214755988110019	0.0201463302268508	0.887129161086105	0.939852049156417
FBgn0286567	1146.44769364432	-0.111311838847814	0.162541617184745	0.468948498152841	0.49347130665964	0.678808463027633
FBgn0286723	2475.42230361146	-0.336807028672718	0.31798688646926	1.11917235191198	0.290096737784835	0.481620623558492
FBgn0286778	4214.16007216031	-0.125243679812433	0.196214331299875	0.407258612749217	0.523364214935647	0.702129375750063
FBgn0286781	1303.39021699409	-0.0734777479887405	0.16537589151827	0.197547090045063	0.656708091970345	0.801599359971517
FBgn0286783	1823.49686996195	0.720925646588628	0.223771410572735	10.2773628384608	0.00134672296307925	0.00908523197722577
FBgn0286784	16152.902991677	-0.282376227190973	0.144154862974331	3.83103011597352	0.0503120026236811	0.144866887025554
FBgn0286785	3961.45653200314	-0.0196394222693095	0.229752957233819	0.00730701904700481	0.931878917741777	0.964266614964425
FBgn0286786	463.999924861699	0.204236006313735	0.250428676129041	0.665142611992934	0.414750257056554	0.609553009371591
FBgn0286788	145.602807077736	0.253721211407472	0.263158746788598	0.929920853109358	0.334883492192757	0.530332364520618
FBgn0286809	557.420801972731	-0.604459811314694	0.246583890288081	5.97463111553013	0.0145131169334973	0.05873933249569
FBgn0286813	1845.34651092806	-0.237119990000805	0.25819934865521	0.842684017571472	0.358630267067254	0.553824549632736
FBgn0286818	30430.1900424847	0.718926603949318	0.199630410332005	12.8376323241943	0.000339717205653166	0.00280680208116436
FBgn0286828	380.579167990397	0.12528453149396	0.168333673881101	0.554106151968078	0.456644759513815	0.648168065287618
FBgn0286852	45.2710470755228	-0.594420428773591	0.367481807597095	2.60866925892645	0.106280913951566	0.242456769573065
FBgn0286898	2336.10261486609	-0.168797859672235	0.243392087375741	0.480753734130232	0.488081104274257	0.673994939611275
FBgn0286929	73.0072884373233	0.931267459470099	0.39320507715416	5.54785225680152	0.0185033779788855	0.0704373629360162
FBgn0286932	506.453358522958	-0.0191170617808512	0.269600840689217	0.00511754194943137	0.942970380568522	0.969221972992037
FBgn0286940	121.247086891082	-0.518797759130296	0.651204946752662	0.630205661679526	0.427279885889613	0.621754240285281
FBgn0286979	121.510475527193	-0.676916585088345	0.484690493175258	1.94039870316314	0.163625250078785	0.327473170037469
FBgn0286980	199.853584207455	-0.609821204335396	0.312697592966402	3.78561006532789	0.0516950623083853	0.147290032227702
FBgn0287182	961.973674486189	0.0677867645947094	0.27914486743459	0.05896994442314	0.808131454749319	0.89420380635177
FBgn0287184	1306.65205522363	0.199101760391612	0.248623652120994	0.640810044095332	0.423417620628678	0.618377537972105
FBgn0287186	73.0438837888116	-0.194415441162955	0.3042751953876	0.407876174863411	0.523049448148444	0.702129375750063
FBgn0287187	261.959401781146	0.602895936795262	0.496746395447475	1.46389743489729	0.226311014776043	0.409214834914714
FBgn0287204	291.6234190965	-0.210707760221311	0.174438920704059	1.45918475665719	0.227059879032142	0.410125091360909
FBgn0287209	3667.18602139208	0.322468230538521	0.195000521818939	2.72891717765683	0.0985460784544417	0.230180257810309
FBgn0287210	171.420244553921	-0.124941260564759	0.349269574921411	0.128289279455032	0.720212408395057	0.842411756585098
FBgn0287225	851.092565666277	-0.0687231014303166	0.252215005756858	0.0743492200417961	0.785106487230372	0.881060618507033
FBgn0287234	7058.41978952118	0.608199068275833	0.147019472386045	16.9913749849416	3.75500085010918e-05	0.0004152146303429
FBgn0287454	114.492860025871	0.0913557467734117	0.347213337930682	0.0692952906906399	0.792365612228	0.884818294393809
FBgn0287478	569.193168974891	-0.209866875875573	0.185476266687432	1.28021976401017	0.25785817789633	0.447461270748714
FBgn0287585	593.368218852741	0.122440175664461	0.200898010822069	0.371528821126546	0.542172106769269	0.716347923908699
FBgn0287586	435.59181004313	0.473159708194013	0.354300758849932	1.77690072040112	0.182530361108101	0.352362263491114
FBgn0287589	162.995676855935	0.120735123493574	0.283677321088579	0.181577795052782	0.670020800136607	0.811058067446993
FBgn0287590	868.03689994229	-0.0318983955023102	0.162983198746134	0.0383098438528435	0.844822279872079	0.916277535572426
FBgn0287631	904.421511601418	0.410924435302376	0.223631645295709	3.36469701171227	0.0666078354866737	0.176025019567059
FBgn0287645	62.7243592873359	-1.01728815384933	0.598946881093875	2.84862068963558	0.091452366756458	0.218751879712384
FBgn0287696	133.691549230026	-0.158593080909121	0.26989175608803	0.345725807935516	0.556542676355479	0.728084888978614
FBgn0287720	3429.90908276486	-0.464728698632262	0.17831370457101	6.76538466136884	0.00929428882167422	0.0419122852605789
FBgn0287725	1049.08555320171	-0.373408097679591	0.277682359160966	1.80358243665465	0.179279998438961	0.348374081969917
FBgn0287767	2168.15179193855	0.309905529343009	0.156201214438413	3.92974142085269	0.0474392381180686	0.1391635096921
FBgn0287768	234.906263479135	-0.245456384656147	0.184365085703701	1.7738618693126	0.182904863541291	0.352545328940225
FBgn0287774	261.269344456759	0.0860787104791696	0.219215817030294	0.154344824447278	0.69441739198738	0.825813890417337
FBgn0287775	1040.80995264496	-0.613280174834054	0.199990784014165	9.34510714164949	0.0022358158177533	0.0137771220501782
FBgn0287825	4220.09995979287	0.598013083679097	0.139945269237337	18.1361506144148	2.05659706597729e-05	0.000243589429666894
FBgn0287828	193.070928653921	0.98710366334756	0.341256962984394	8.23288359178272	0.00411381157267145	0.0224299748794616
FBgn0287864	425.302506773082	-0.481502644319835	0.224629230868583	4.58081524227131	0.0323318289891223	0.105275298523991
FBgn0287873	12170.2820070467	-0.588747518082646	0.290024476462025	4.09286399836375	0.0430646119931192	0.129870859954642
FBgn0288229	5432.45364328538	0.0194867690855898	0.135940393945567	0.0205487795548862	0.886014989381845	0.939235495711846
FBgn0288310	3509.67153038199	-0.618328283400147	0.211208000874417	8.50691738752533	0.0035379890854453	0.0198721933099741
FBgn0288447	80.4750345443821	-1.02000656196912	0.71344579770454	2.00307745587267	0.156980206518814	0.31886368077332
FBgn0288469	658.95043060993	-0.417778023965933	0.164477883336926	6.43398571103594	0.0111957069643975	0.048414298586476
FBgn0288470	665.429495890054	0.0538589218960627	0.160861136292971	0.112141170353439	0.73771948877764	0.85214417383063
FBgn0288746	25.4335364930193	-2.4725968600338	2.46980220985101	0.902886291937804	0.342008967364328	0.538183866501224
FBgn0288833	144.012097063116	0.357752931887298	0.214227004676103	2.78783500198724	0.094982473515521	0.224517906858012
FBgn0288834	271.693690458206	0.0268428033506505	0.213976912768469	0.015848538350518	0.899818224341998	0.946982547603724
FBgn0288846	794.596937633665	-0.106571462105814	0.197052530804526	0.292549749234524	0.588591205129809	0.751203757372624
FBgn0288856	115.083629612254	0.127193679131446	0.276675136978514	0.211446828907555	0.645635750229423	0.793245594545312
FBti0018869	1213.21623048849	-0.403626865781137	0.196386087110388	4.21347148731707	0.0401041831457143	0.123345873850743
FBti0018963	288.447759346551	-0.241825434181089	0.277701636926671	0.756615835802137	0.384389667529956	0.578396639315945
FBti0018964	278.004005318569	0.620732497598133	0.461795173422301	1.79257435625681	0.180612817671246	0.349939156123357
FBti0019397	103.915476350063	-0.576271982865518	0.419741929376322	1.87957600445345	0.170382345419151	0.337627176280842
FBti0019425	386.826877046767	0.458909467794534	0.536621511107966	0.7285169960236	0.393364310533971	0.587317542496068
FBti0019430	2302.31603176762	0.223522918870714	0.255843429172172	0.762665758390156	0.382495565793452	0.576749978223072
FBti0019468	176.148758646853	2.99423750668377	1.61542045243291	2.9607984715137	0.0853058049302758	0.208688223649779
FBti0019568	207.970063870381	3.02963552152713	1.65859809823338	2.86437610927975	0.0905608189737275	0.217385382650754
FBti0019633	198.882209549036	0.370446231733142	0.7444919806333	0.246796816266652	0.619339623520022	0.77397717574574
FBti0020095	412.921517760532	0.782312098378236	0.454563889131169	2.93017202373352	0.0869382285306688	0.211625635463344
FBti0020159	100.643631154894	0.643172560646934	0.465318666737429	1.8981361191048	0.168287095054782	0.33419824798759
FBti0020325	911.862716238886	0.808999666026401	0.228570128830228	12.3787021437927	0.000434258899507095	0.00345527549977512
FBti0062015	748.820558585786	-0.0744694131349336	0.177277812821659	0.176597356098185	0.67431387486497	0.813639495666416
FBti0063624	1171.42458809462	0.0202949772845152	0.261837337186437	0.0060140350551876	0.938185849780526	0.967097653331642
RR48532_transposable_element	1195.31934019502	5.62107518123597	2.68547473510442	2.94747447386867	0.0860118759301304	0.209833783026671
