baseMean	log2FoldChange	lfcSE	stat	pvalue	padj	expressionh2M8	expressionwt	ensembl	description	gene_biotype	entrezgene_id
FBgn0004427	58741.8118770588	13.5511221331964	0.447144060419602	459.682369818503	5.63654697240504e-102	4.77415528562707e-98	19841.5471242251	2.08158272776842	FBgn0004427	Lysozyme D	protein_coding	38127
FBgn0004425	68392.4607850136	7.08709007897741	0.271875433287048	401.165782050458	3.07014910387264e-89	1.30020814549006e-85	19497.0700873664	223.320729797439	FBgn0004425	Lysozyme B	protein_coding	38125
FBgn0051683	519.085379056897	12.6802548450818	1.2176033711734	355.613472474226	2.53953252838326e-79	7.16994683846873e-76	25.9444565877078	0	FBgn0051683		protein_coding	261623
FBgn0037975	1168.6190922216	-13.4154871373316	1.2336440970901	302.652589844756	8.70702349893728e-68	1.84371222589997e-64	0	120.7227193606	FBgn0037975		protein_coding	41454
FBgn0036833	10085.537097321	6.96628709040733	0.331346470159589	268.934722449199	1.93679439874633e-60	3.28092971147629e-57	871.426664489705	7.93810096464049	FBgn0036833		protein_coding	40069
FBti0102102	1973.57926935838	6.6574628404203	0.341580769985177	256.467687996713	1.01040554258729e-57	1.42635582428573e-54	11.7047880983966	0.141982785000166	FBti0102102		transposable_element	NA
FBgn0034710	2384.00177923993	-7.70392611757308	0.422365685445374	218.468449259306	1.95190669054725e-49	2.36180709556218e-46	0.680125718763385	159.583851207882	FBgn0034710	Alkaline phosphatase 7	protein_coding	37538
FBgn0052475	162.628711878859	-10.5707952514872	1.22681856526148	202.696180085851	5.38870288286368e-46	5.70528917723192e-43	0	6.22966124986724	FBgn0052475	methuselah-like 8	protein_coding	38013
FBgn0000473	452.727552695199	6.91765719033247	0.457761336997052	193.29795735973	6.06024089650321e-44	5.70336004370913e-41	27.4164710944229	0.308882588008034	FBgn0000473	Cytochrome P450 6a2	protein_coding	35587
FBgn0086611	113.211614965388	6.44390701859462	0.589184233980942	159.548035405303	1.42035859348126e-36	1.20304372867863e-33	27.1986407058474	0.394194357652035	FBgn0086611	Larval cuticle protein	protein_coding	59159
FBgn0043471	1189.56593381268	3.16815921339928	0.244598703285534	144.685622355337	2.51589324890635e-33	1.7758013181864e-30	123.623333324707	19.7639550699077	FBgn0043471	kappaTry	protein_coding	36215
FBgn0053127	1450.92807590816	3.36542352069682	0.257176267130888	144.761642911802	2.42143054675096e-33	1.7758013181864e-30	130.367523952712	19.568375526491	FBgn0053127		protein_coding	318893
FBgn0015568	2516.0074721785	2.68815376343106	0.211058575488951	144.120384166946	3.34403428366115e-33	2.17876695250845e-30	92.698792660431	19.2799885971165	FBgn0015568	alpha-Esterase-1	protein_coding	40909
FBti0019373	99.2050471651577	-9.85656440749157	1.2461550463722	136.664443041002	1.42785422555816e-31	8.63851806462688e-29	0	2.72826199315295	FBti0019373		transposable_element	NA
FBti0018869	714.190330234342	-4.81407090362275	0.366656420481708	135.300016829341	2.83865865883207e-31	1.60289592268718e-28	0.29998046714302	12.5795940553344	FBti0018869		transposable_element	NA
FBti0019588	108.975258519358	8.55888479291894	1.10050603257011	134.551051549754	4.13939675545851e-31	2.19129315742085e-28	3.31288392040658	0	FBti0019588		transposable_element	NA
FBgn0063495	199.687580440558	5.32650591270226	0.443656823593532	126.440080962227	2.46327880870806e-29	1.22729244175043e-26	29.9530232548194	1.08526629092971	FBgn0063495	Glutathione S transferase E5	protein_coding	37110
FBti0019115	317.159600357444	5.42710641313157	0.435456285355999	124.520193489892	6.48161697931582e-29	3.04996087860028e-26	3.16178647500788	0.0835186210609573	FBti0019115		transposable_element	NA
FBgn0261847	54.6122722997015	8.20932485581563	0.954798379538084	119.281840623147	9.08579067613056e-28	4.05034984351715e-25	48.9675225353976	0.177684499422411	FBgn0261847		protein_coding	10178912
FBgn0020643	228.000107072921	11.4824812005591	1.30118879770568	118.740016332743	1.19396345635098e-27	5.05643523764638e-25	106.009832711308	2.08209919371245e-06	FBgn0020643	Lcp65Ab2	protein_coding	48381
FBgn0033820	1706.44965070492	6.23082158754345	0.469734546008635	116.611286213995	3.49223185909937e-27	1.40853351650341e-24	281.005972296717	4.08921737889434	FBgn0033820		protein_coding	36471
FBgn0034335	591.609262679994	3.80947691123434	0.327573992479181	112.09311207892	3.40917271695255e-26	1.31253149602673e-23	69.017744444785	7.66793032215118	FBgn0034335	Glutathione S transferase E1	protein_coding	37106
FBgn0260475	111.135076119029	10.4548017582412	1.28560295952451	111.128069020838	5.54690579987505e-26	2.04270835325833e-23	6.90370671588537	0	FBgn0260475		protein_coding	246425
FBgn0037715	493.962041434799	2.83818297416693	0.260216779891473	106.603680860644	5.43721193691506e-25	1.7712763502181e-22	40.5997834835556	8.1373830035179	FBgn0037715		protein_coding	41157
FBgn0043470	722.802189436555	4.66531477929495	0.395650202011063	106.722657054207	5.12038996138632e-25	1.7712763502181e-22	75.8462298596937	3.96189510656273	FBgn0043470	lambdaTry	protein_coding	36214
FBgn0043575	29107.2180024541	3.39760187389159	0.29971599878267	106.652922755539	5.30377434085378e-25	1.7712763502181e-22	4629.17025863568	499.955652797599	FBgn0043575	Peptidoglycan recognition protein SC2	protein_coding	35862
FBgn0038098	2606.54904215711	2.71339236594306	0.249779387164929	104.395714933347	1.65688510001232e-24	5.19770992485345e-22	85.2630939301077	16.7752489241816	FBgn0038098		protein_coding	41589
FBgn0014368	2154.94664738039	5.28675832690936	0.435203544607506	104.311287315497	1.72901230603589e-24	5.23026222575856e-22	386.79551876401	13.2739975939472	FBgn0014368	no optic lobe	protein_coding	64867
FBgn0039769	2730.42801070995	6.96778305178578	0.541601694200907	101.688120097855	6.49889651241415e-24	1.89812598138441e-21	107.089286340962	0.870849561670041	FBgn0039769		protein_coding	43613
FBgn0012036	10407.9090212029	2.74516103459768	0.257481839862805	99.9023294913152	1.60100842094462e-23	4.5201804418003e-21	419.194274193616	84.4191125188847	FBgn0012036	Aldehyde dehydrogenase	protein_coding	34256
FBgn0051086	3266.96516881914	2.45745892997646	0.236800153648853	97.0860375753616	6.63793375843197e-23	1.81365480431996e-20	780.342795480132	180.728553394073	FBgn0051086		protein_coding	43179
FBgn0259818	1175.53047047608	4.50177220795779	0.400817241732519	96.4212782825332	9.28637353211579e-23	2.4579869942819e-20	12.7560087479029	1.05119892463282	FBgn0259818		protein_coding	33176
FBgn0038144	190.142258187227	6.13710119198336	0.577654376647671	95.8591600356976	1.23353953389183e-22	3.1660848036557e-20	8.85949644988454	0.24212256358717	FBgn0038144		protein_coding	41645
FBgn0002533	60096.3201101121	3.46283515833922	0.326579149214551	92.725873694673	6.00631836943274e-22	1.48634952430538e-19	13765.7482040288	1557.91246809688	FBgn0002533	Larval cuticle protein 2	protein_coding	35818
FBgn0051281	101.96771269525	6.16460524672515	0.650155905167195	92.6816831975448	6.14194018308009e-22	1.48634952430538e-19	6.25663559482071	0.0801245865693241	FBgn0051281	Transition protein-like 94D	protein_coding	318658
FBgn0035298	1088.71756719646	2.06499856721	0.207655248128533	92.2743819343216	7.54547640329145e-22	1.77528292044107e-19	45.5844065111024	15.4257432929965	FBgn0035298	Succinyl-CoA:3-ketoacid CoA transferase	protein_coding	38261
FBgn0038482	294.954802883353	3.18916083278721	0.31293381530881	92.0297617636908	8.53826840605222e-22	1.95457117295303e-19	29.6807190382667	4.29223301051165	FBgn0038482		protein_coding	42070
FBgn0037930	333.010812562162	3.59410953215429	0.348183759200646	91.1477669987689	1.3333381665397e-21	2.97194059752403e-19	51.1604016592247	6.79974012541299	FBgn0037930		protein_coding	41403
FBgn0036108	121.162900953191	-4.19025366138397	0.431443896429544	90.3579031618161	1.9875015806115e-21	4.24060257307543e-19	1.56068078863178	40.0411785750551	FBgn0036108	Cuticular protein 67Fa1	protein_coding	39223
FBgn0037714	183.507839704726	3.14664915874272	0.316305454955748	90.3428841710059	2.00264584324696e-21	4.24060257307543e-19	28.7341864632118	4.37189436348558	FBgn0037714		protein_coding	41156
FBgn0035926	1027.64818545719	2.08907568606834	0.212409794974695	90.1497138445538	2.20803312233888e-21	4.56147330395373e-19	642.036036842675	227.012415766369	FBgn0035926	Acyl-CoA binding protein 5	protein_coding	39005
FBgn0043783	1111.90569187055	2.69255432568604	0.268885742246101	89.3080849208857	3.37875508276809e-21	6.81382275024897e-19	67.0795323878666	15.6348525156481	FBgn0043783		protein_coding	40406
FBgn0052667	463.68391327099	2.36256474275721	0.241252060663387	88.7262643649666	4.53405202006983e-21	8.93102804883522e-19	257.262128823661	65.7793294332049	FBgn0052667	short spindle 7	protein_coding	318146
FBgn0012034	9846.86141680169	2.49188586081833	0.253313962088446	86.786133878716	1.20914321777393e-20	2.32760069421481e-18	258.643671731811	63.8007401191428	FBgn0012034	Acetyl Coenzyme A synthase	protein_coding	40348
FBgn0033395	97.4810738233768	8.40978529094683	1.16031044947335	85.9785220574001	1.81900591561791e-20	3.4237733567297e-18	3.66276343932672	0.0282951487484123	FBgn0033395	Cytochrome P450 4p2	protein_coding	35946
FBgn0031466	107.445506878974	4.45549120219397	0.463058847717936	84.3050910710503	4.24021894897127e-20	7.80753358647536e-18	12.0009325145535	0.770533639132946	FBgn0031466		protein_coding	33479
FBgn0030593	2052.74944784133	2.69782508288939	0.279629682770806	82.4434908462447	1.08734771938596e-19	1.95953940068066e-17	68.3736609874033	16.464362528645	FBgn0030593		protein_coding	32419
FBgn0011556	2576.4090585833	2.67154332268556	0.277267103125299	82.3203165162311	1.15726452931555e-19	2.04208970068807e-17	228.13626701431	52.4222609117936	FBgn0011556	zetaTrypsin	protein_coding	36216
FBgn0033297	949.558143445732	-2.93412675418536	0.303583725325889	81.9499290963055	1.39578318743605e-19	2.41271093828231e-17	5.87885428573893	54.3666528648695	FBgn0033297	Maltase A8	protein_coding	35830
FBgn0033600	1096.18612904491	3.1156512840814	0.319464103055036	81.7979641824085	1.50733740085303e-19	2.55342955704504e-17	150.561599908087	24.5060764880218	FBgn0033600	Cuticular protein 47Ec	protein_coding	36191
FBgn0039316	239.557447728389	7.2421948884228	0.723297751894705	81.0248907780998	2.2289249846359e-19	3.70176365095413e-17	8.484184353668	0.14837952820933	FBgn0039316		protein_coding	43056
FBgn0003961	1188.01127796784	4.39068259151401	0.428148276666952	80.8555790482123	2.42831303606521e-19	3.9553483491293e-17	93.8780246286161	5.09396012118069	FBgn0003961	Urate oxidase	protein_coding	34060
FBgn0030594	1290.75206650248	-2.62112776531714	0.279500200772699	78.742807048333	7.0745854359598e-19	1.13059884231282e-16	6.60766397218458	53.2166491223796	FBgn0030594	fezzik	protein_coding	32420
FBgn0031649	170.545413364323	-3.54513553122396	0.381371657569313	78.4059668077159	8.38983654963192e-19	1.31596139954412e-16	0.484697453422216	5.89465324971732	FBgn0031649	hoepel2	protein_coding	33700
FBgn0029969	1680.98945380898	2.01444484869339	0.22082387963004	77.6007229181268	1.26123948165078e-18	1.9423088017422e-16	81.7107657752891	28.2058130164626	FBgn0029969	Acetyl-CoA acetyltransferase 1	protein_coding	31695
FBgn0033593	619.593492688161	-3.51300647293622	0.368321367164192	76.6625011116024	2.02818139027385e-18	3.06762435278919e-16	19.8290110690002	290.166649229948	FBgn0033593	Listericin	protein_coding	36183
FBgn0051265	355.471459836271	2.87662565960694	0.311335534516756	76.3079812165175	2.42701004340522e-18	3.60645176625302e-16	36.8618497494048	5.70455705933759	FBgn0051265		protein_coding	42068
FBgn0033729	2771.17270634607	3.72387754583588	0.387826345929896	74.5992683008609	5.76645743873948e-18	8.4210162941592e-16	638.802349335015	88.0359931638195	FBgn0033729	Cuticular protein 49Af	protein_coding	36352
FBgn0028949	110.945944418239	3.60906192185843	0.40155147461624	73.9615664706716	7.9652865122791e-18	1.14349113150854e-15	14.3235406940738	1.71279681463017	FBgn0028949		protein_coding	34915
FBgn0027657	3222.5435864271	4.75746326096674	0.474774474429816	73.7733009339155	8.76238085052044e-18	1.2369560967318e-15	240.269576455059	16.3549333197529	FBgn0027657	globin 1	protein_coding	41930
FBgn0051354	1086.80646665918	4.86296459217968	0.487525104287341	73.4693323909365	1.02211972107729e-17	1.41923836680732e-15	41.2942714719213	1.37128203373278	FBgn0051354	Heat shock protein 70 Bbb	protein_coding	50022
FBti0019898	524.504689188658	-4.43933793869402	0.461998606875822	72.687618518792	1.51883988065364e-17	2.07493125631231e-15	0.221213450859329	8.28959096698767	FBti0019898		transposable_element	NA
FBgn0040260	617.524053850614	2.94393724054052	0.326836809822136	71.1496079274217	3.31138532815218e-17	4.45197360784904e-15	29.76518324825	5.45496265352342	FBgn0040260	UDP-glycosyltransferase family 37 member D1	protein_coding	53511
FBti0060381	48.0619447787563	-8.81278188598529	1.30323412469552	69.9614116835164	6.04760237410129e-17	8.00362376697467e-15	0	3.42746048011908	FBti0060381		transposable_element	NA
FBti0019144	507.593037982813	4.61086276272509	0.487183187553385	68.8657648210234	1.05398686724153e-16	1.37342596392857e-14	5.57804741284281	0.436169116626879	FBti0019144		transposable_element	NA
FBgn0011834	232.184492268235	2.90676538397977	0.333476754239587	68.4955999987579	1.27161014603551e-16	1.63189968741224e-14	23.7589611301336	4.66267270365646	FBgn0011834	Serine protease 6	protein_coding	33073
FBgn0038481	1605.87964125287	3.17660248141037	0.358297901861283	66.9217700227902	2.82497944116462e-16	3.57127998009916e-14	137.6027935289	21.1069890337559	FBgn0038481		protein_coding	42069
FBgn0052284	449.19650507994	4.31941845546875	0.469720266543811	66.7428593609421	3.09335905337569e-16	3.85305164442531e-14	128.273207743712	11.1063756931639	FBgn0052284		protein_coding	317956
FBgn0033048	238.56352794451	2.76050984907735	0.323615221463877	66.1551094702002	4.1679780392944e-16	5.11634405693095e-14	9.64693328722457	1.83737754759834	FBgn0033048		protein_coding	35521
FBgn0038450	93.035763481834	5.1360727061922	0.598559221812982	66.0548700554057	4.38542942945056e-16	5.30636960963518e-14	6.26705340421376	0.234071190398767	FBgn0038450		protein_coding	42022
FBgn0035779	907.519283287437	2.50797944675226	0.295255851756036	65.1000924935552	7.11887319223472e-16	8.4925149208772e-14	48.1575268020654	12.4191357995572	FBgn0035779		protein_coding	38828
FBgn0031561	1996.6126660694	3.94196465394507	0.437950441875956	64.3313368139158	1.05159804445167e-15	1.23708825507023e-13	968.70534069685	91.2802824496595	FBgn0031561	Immune induced molecule 33	protein_coding	33592
FBgn0013278	677.615444321429	4.53129845798218	0.496311754868513	63.8034249609825	1.37474366318936e-15	1.59507929139916e-13	19.1778919557417	1.14254662600579	FBgn0013278	Heat shock protein 70 Bb	protein_coding	48582
FBgn0039519	115.187129061659	4.8365933843358	0.564572094501356	63.378621054429	1.70559111794878e-15	1.92618090253682e-13	4.3764646596902	0.132147133631083	FBgn0039519	Cytochrome P450 6a18	protein_coding	43304
FBti0018967	2009.96658427363	6.68083665825678	0.663199972406767	63.3859062533479	1.69929483585461e-15	1.92618090253682e-13	15.5014533203364	0.375700522311491	FBti0018967		transposable_element	NA
FBgn0051266	1291.9070741935	2.32703061962456	0.280122916652798	62.9524439750015	2.1175813609399e-15	2.35998870094223e-13	111.946331136806	31.4222215357616	FBgn0051266		protein_coding	42071
FBgn0033518	110.338340275065	3.26490351227795	0.394714243396172	62.7339285321046	2.36604430246559e-15	2.60264873271215e-13	13.7765898837714	1.74576621682634	FBgn0033518	Peroxiredoxin 2540-2	protein_coding	36098
FBgn0038132	101.865422897635	5.31839218575243	0.629370866471799	61.9517783768804	3.51971791270781e-15	3.82205265649169e-13	9.8846942318177	0.323965979733039	FBgn0038132	apnoia	protein_coding	41631
FBgn0030776	3490.63072694962	2.31250745146761	0.281104531638986	61.5938673490783	4.22131364429828e-15	4.52588943888689e-13	308.957769323533	97.6211788267304	FBgn0030776		protein_coding	32650
FBgn0034052	3245.54503854027	2.06929974457215	0.254420485124377	61.2811211452111	4.94802198105276e-15	5.23871827243961e-13	350.476931321857	116.020855948483	FBgn0034052		protein_coding	36751
FBgn0034479	361.616189874273	2.32219229207631	0.286214453325024	60.8714560638515	6.09258458336673e-15	6.37088782976743e-13	10.888012530915	3.47255203847391	FBgn0034479		protein_coding	37275
FBgn0086687	16807.4422295294	2.21096664008216	0.27255253514443	60.2466929906198	8.36833116401239e-15	8.64387377551036e-13	572.032806791227	182.330831104093	FBgn0086687	Desaturase 1	protein_coding	117369
FBgn0025620	5964.2872566517	2.50960645767394	0.306114694124928	60.2040842414064	8.55145739850046e-15	8.7266077307589e-13	269.750832305837	70.9633433071715	FBgn0025620		protein_coding	31025
FBgn0001128	7630.63486936856	2.41750112497407	0.29702026734768	59.747938625733	1.07818041923908e-14	1.08716525606607e-12	364.691769239112	81.4098555125883	FBgn0001128	Glycerol-3-phosphate dehydrogenase 1	protein_coding	33824
FBgn0259715	496.40242798727	2.51492119801583	0.310453412090203	59.5134213021482	1.21462924908898e-14	1.21034232232749e-12	30.7084614801544	6.11103312559818	FBgn0259715		protein_coding	33894
FBgn0037850	146.188756522662	2.71405113606887	0.340630795402101	58.810109149963	1.73646807255972e-14	1.71021913657917e-12	11.3661495852827	2.23767667831082	FBgn0037850		protein_coding	41314
FBgn0029608	323.865747279128	2.39161667429423	0.300140348284975	58.5386175757489	1.99339590785888e-14	1.94069693558215e-12	20.721331395946	5.79876304292946	FBgn0029608		protein_coding	31210
FBgn0034819	2632.2863516716	-3.01352169521788	0.368991221785301	57.4409964598435	3.48271808395511e-14	3.32862447343741e-12	179.093735917611	1647.90064348921	FBgn0034819		protein_coding	37666
FBgn0035667	37922.3289884419	1.94278446713383	0.247570805727836	57.432604143399	3.49761013147497e-14	3.32862447343741e-12	3406.22903500013	1362.78525985312	FBgn0035667	Jonah 65Ai	protein_coding	38685
FBgn0004577	4207.73968813909	-1.84653241870032	0.236267618196739	57.4031271408974	3.55042337342044e-14	3.34134288587457e-12	31.7846200146742	167.401661442439	FBgn0004577	Peroxidase	protein_coding	2768671
FBgn0038700	762.36089525865	2.72894438086326	0.340940238943891	56.8654432302679	4.66674756719088e-14	4.34366504330843e-12	34.8193107803927	8.96964749238075	FBgn0038700		protein_coding	42318
FBgn0037912	2901.38719688726	2.03751034787189	0.261025924550939	56.5653542789459	5.43612470091934e-14	5.00478002356378e-12	164.548256109482	56.9032661675181	FBgn0037912	scheggia	protein_coding	3772221
FBgn0032436	86.8750969098842	4.69200556750375	0.587140031834696	56.1211601780088	6.81398048404322e-14	6.2058510429942e-12	6.86851637566143	0.31519740530298	FBgn0032436		protein_coding	34663
FBgn0033423	5159.2668735662	1.91676912283142	0.247837699363818	55.9332969093919	7.49719922911925e-14	6.75545505006809e-12	235.332101735101	82.5354484426362	FBgn0033423	Alkaline phosphatase 6	protein_coding	35981
FBgn0003086	748.98836022923	3.45836683647835	0.423380343023384	55.7212222954308	8.35118598061925e-14	7.44574160587843e-12	97.5525224555662	18.3856765851501	FBgn0003086	Pre-intermoult gene 1	protein_coding	31303
FBgn0038662	1405.20992622652	2.1245917030123	0.273781625367114	55.6915446888027	8.47821504817853e-14	7.48025848521585e-12	109.919174743618	33.8023658947109	FBgn0038662	Mitochondrial pyruvate carrier	protein_coding	42268
FBgn0022359	3211.80255477714	2.05177625144413	0.264830593804037	55.6613817145845	8.60930285772941e-14	7.51760775308949e-12	175.113994365996	69.4009867962244	FBgn0022359	Sorbitol dehydrogenase-2	protein_coding	41313
FBgn0051463	549.59123605153	1.9367960487703	0.255058603806014	54.3517841011032	1.67625739835362e-13	1.44876532286277e-11	32.1621784756015	12.8607744753629	FBgn0051463		protein_coding	40978
FBgn0030270	135.46084862544	2.74138005681446	0.357594398644542	54.3050101733579	1.71663580600586e-13	1.46867730069391e-11	33.7810843684028	6.83724312929946	FBgn0030270		protein_coding	32051
FBgn0010042	189.933177055438	6.26507449978743	0.739231504240647	54.2114719841458	1.80032702612813e-13	1.52487699113052e-11	24.7510313797964	0.32649280948892	FBgn0010042	Glutathione S transferase D6	protein_coding	48339
FBgn0037761	91.609233356615	4.16769170889194	0.532443228059684	53.8937473809757	2.11630111205973e-13	1.77475944744019e-11	7.79535118694348	0.467426831356319	FBgn0037761		protein_coding	41210
FBgn0051267	743.871654475375	2.75921600986859	0.354358698299838	53.6643683346778	2.37837893570911e-13	1.97498721426041e-11	71.2090853150586	15.4025101036073	FBgn0051267		protein_coding	318651
FBgn0038701	2823.37435451602	2.53495979350785	0.328722595805495	53.2167695381565	2.98697921208839e-13	2.45628290547463e-11	142.438777833546	27.4911476172742	FBgn0038701		protein_coding	42319
FBgn0020545	1885.91823093581	1.70694611813322	0.228226183499376	53.0995767653141	3.1706075789635e-13	2.58221598017508e-11	116.660020667654	47.8928074179799	FBgn0020545	kraken	protein_coding	33265
FBgn0024957	12725.7742001895	2.4664073773496	0.321078541584617	52.9952196097404	3.34361123255304e-13	2.69717972759278e-11	313.085923019124	88.5978877973136	FBgn0024957	Iron regulatory protein 1B	protein_coding	41269
FBgn0037354	1653.15906345678	1.82267066873349	0.243655426069474	52.7546892494444	3.77919969835369e-13	3.01979447594866e-11	130.614240352843	54.0312233229751	FBgn0037354		protein_coding	40690
FBgn0014903	1046.10504659098	2.50339663129256	0.32937713989074	52.0042691430175	5.53800978549442e-13	4.38382643767642e-11	66.1085879231337	16.2832302699318	FBgn0014903		protein_coding	44620
FBgn0284248	1365.49366034166	1.80907829223183	0.244281979640817	51.782208185346	6.20111918827086e-13	4.86328514117168e-11	189.050488931099	72.399754393856	FBgn0284248	Cytochrome c proximal	protein_coding	34996
FBgn0028945	49.3869711846022	-3.82230516975968	0.540409605802529	51.715027911186	6.41697018389505e-13	4.98639793188909e-11	0.387319621435601	8.98914937896721	FBgn0028945		protein_coding	34919
FBgn0033879	4611.4933904906	1.64490263083907	0.223424327977015	51.551474957207	6.97442729468319e-13	5.37030901690605e-11	329.151094439302	151.209200124214	FBgn0033879	Enoyl-CoA hydratase, short chain 1	protein_coding	36536
FBgn0262577	651.252028089867	2.57877904347354	0.340918493706839	51.3973302874737	7.54410627272952e-13	5.75662884054226e-11	574.669394519999	131.460099749445	FBgn0262577		protein_coding	12798272
FBgn0039592	24.569373552014	-7.84436126375134	1.31445016493129	51.3769216909344	7.62294241639411e-13	5.76485020239805e-11	0	2.67175225349667	FBgn0039592		protein_coding	43389
FBgn0085359	5130.34916826291	2.01299118210504	0.271100752568801	51.2227571773739	8.24571532537922e-13	6.18063794743027e-11	868.78316115768	320.135371828846	FBgn0085359		protein_coding	2768869
FBgn0034247	306.342036399666	3.23994085959731	0.42061911367077	51.1969324328544	8.35490862735539e-13	6.20755053278071e-11	18.5112727365832	2.47819945269118	FBgn0034247		protein_coding	36994
FBgn0085312	27.0558852953776	8.42379622023352	1.34999307279161	51.1411966042937	8.59553001406793e-13	6.33079471470917e-11	4.89362665126828	0	FBgn0085312		protein_coding	5740817
FBgn0261675	1908.20864430302	2.95006643086307	0.385766658613123	50.6399692306145	1.10962112770201e-12	8.1021473721e-11	40.0084760314358	5.8489025797466	FBgn0261675	Niemann-Pick type C-1b	protein_coding	33072
FBgn0025814	1278.23289788183	2.02681748451707	0.274894737264718	50.606749333234	1.12856266709955e-12	8.1700220430198e-11	171.241829972154	64.8134006155838	FBgn0025814	Microsomal glutathione S-transferase-like	protein_coding	44110
FBgn0050083	54.0745513282144	-7.15690823070489	1.21431850472362	50.2981202252951	1.3207599663878e-12	9.48037026720737e-11	0.0644980294214379	6.43830218561455	FBgn0050083		protein_coding	246444
FBgn0038484	2472.45138372296	2.56440583774725	0.343669150982138	49.7177247322378	1.77534783147435e-12	1.26362992710821e-10	216.666183455661	48.3040266150195	FBgn0038484		protein_coding	42072
FBgn0028950	1485.51054370648	3.23247786238855	0.422827666575891	49.4552793907722	2.02945655887709e-12	1.43245808780741e-10	127.132467996025	20.3882454828681	FBgn0028950		protein_coding	34913
FBgn0029994	2558.56827648397	1.9432283747049	0.267277338158462	49.3841122672931	2.10443090965718e-12	1.47310163676002e-10	128.641102293889	46.6611811849933	FBgn0029994	Lipid droplet subset dehydrogenase 1	protein_coding	31726
FBgn0287423	5603.63936472866	4.93553165135362	0.597448508535752	49.0988937086368	2.43377436334985e-12	1.68967777521092e-10	1591.55194798377	49.383109255563	FBgn0287423	Neuropeptide-like precursor 2	protein_coding	50286
FBgn0051343	20394.2594178129	3.24997908450404	0.426569596402076	48.8058283188332	2.82598780746274e-12	1.94602575034223e-10	538.259578529854	83.8057339338281	FBgn0051343		protein_coding	326133
FBgn0035791	35.7962516390123	5.64214616775785	0.858630156868556	48.6326185834683	3.0869206167135e-12	2.10856593738414e-10	2.0400526544332	0.0772046363062504	FBgn0035791		protein_coding	38842
FBgn0003082	415.950291907632	-3.04663731664271	0.409234807221709	48.5111422731047	3.28417604582282e-12	2.22535768864954e-10	2.36498257548362	27.2691437616657	FBgn0003082	photorepair	protein_coding	35735
FBgn0039045	1673.77196456607	1.98334758758162	0.275135762181063	48.4618157005833	3.36783010537113e-12	2.26393023749948e-10	77.2392682388312	29.4115102720282	FBgn0039045	Cystinosin	protein_coding	42723
FBgn0020644	49348.3513490191	2.28761828966432	0.313843786523263	48.3542168525969	3.5577832445455e-12	2.36920632699874e-10	17343.158533601	5917.94001053394	FBgn0020644	Lcp65Ab1	protein_coding	48382
FBgn0031418	1704.58078276246	1.9161493130105	0.266735318237504	48.3417999860585	3.58038264292607e-12	2.36920632699874e-10	115.530356187907	42.7517892313309	FBgn0031418		protein_coding	33421
FBgn0035083	2646.32249930794	1.60301353813289	0.225404141693821	48.2520491691188	3.74806324144143e-12	2.46093764767511e-10	227.698109219242	101.959201590097	FBgn0035083	Troponin C-akin-1	protein_coding	37989
FBgn0001248	13467.0213784606	1.53931393681349	0.217570733567531	47.8625024058073	4.57182373605842e-12	2.97871900341653e-10	566.818952257107	277.121978661051	FBgn0001248	Isocitrate dehydrogenase	protein_coding	44291
FBgn0036551	1329.38628814292	1.79319914072619	0.252049402420783	47.8293073999016	4.64988927980448e-12	3.00645512976672e-10	107.74504102191	39.9673942736854	FBgn0036551		protein_coding	39740
FBgn0050272	445.299103187329	2.51633969541556	0.346341662623678	47.8018453690891	4.71547980234415e-12	3.02576620650417e-10	19.9689770131362	4.21689769413647	FBgn0050272	Major Facilitator Superfamily Transporter 1	protein_coding	246519
FBgn0029710	264.251305629707	2.00418221448679	0.282714835073138	47.5831082191447	5.27208046081283e-12	3.35748281978081e-10	11.5449873642252	4.30759012628757	FBgn0029710		protein_coding	31383
FBgn0030073	5927.53671402581	2.53766323136149	0.348250556600655	47.4453883267858	5.65578454028439e-12	3.57496231762752e-10	462.823634085865	121.508454745843	FBgn0030073		protein_coding	31824
FBgn0052212	225.663771831876	2.98949177253566	0.408855148437027	47.3954887356869	5.80160505683788e-12	3.63996998751236e-10	34.7644700748215	5.16768785093739	FBgn0052212		protein_coding	317917
FBgn0034756	469.685988797416	2.92571028367901	0.398173494969012	47.3278938252046	6.00515521479018e-12	3.73997534332888e-10	24.0873972390702	3.61721221425064	FBgn0034756	Cytochrome P450 6d2	protein_coding	37594
FBgn0039873	354.34726813825	3.25900070534673	0.438693964383434	47.3128642009115	6.05137686066563e-12	3.74125270144802e-10	17.5365460077992	1.65514992697716	FBgn0039873	Sodium-dependent multivitamin transporter	protein_coding	43744
FBgn0010295	1411.94553034804	2.40009303335372	0.332270332463653	47.2648084266918	6.20156889526829e-12	3.80632525673351e-10	299.371033100983	76.7904707087504	FBgn0010295	new glue 3	protein_coding	31299
FBgn0037678	6062.29185635417	1.85983471429227	0.262379772638883	47.1455684768898	6.59054926327115e-12	4.01596778848249e-10	581.153168011014	244.21600041837	FBgn0037678		protein_coding	41111
FBgn0020645	183.103326109216	3.07574389241918	0.422138932691217	47.0216507177724	7.02068480912519e-12	4.24751430952074e-10	46.9608324921839	8.10873318348488	FBgn0020645	Lcp65Aa	protein_coding	38709
FBgn0040251	44.0084257649153	-3.66452139631171	0.54605962063897	46.9955300018978	7.11487898513715e-12	4.27397340454693e-10	0.166641830681453	3.1405946487362	FBgn0040251	UDP-glycosyltransferase family 302 member K1	protein_coding	53502
FBgn0035780	665.121405600411	1.67061953276766	0.23881232484112	46.7364077545259	8.12062244475195e-12	4.84377972584852e-10	33.7936778563705	14.123457991366	FBgn0035780		protein_coding	38829
FBgn0034885	2257.98491840945	2.00960352183034	0.284752001705463	46.3276371923511	1.00042827401331e-11	5.92561362300192e-10	170.647470498261	52.7565935562894	FBgn0034885	Entomoglyceroporin 4	protein_coding	37739
FBgn0033296	94.0979508199609	-3.69896681150248	0.518957292607755	45.8859944903713	1.25338848838923e-11	7.37236145601166e-10	0.231613582426175	5.05683884816825	FBgn0033296	Maltase A7	protein_coding	35829
FBgn0036321	5444.8003586593	3.03892151558532	0.415469819648032	45.8631029031138	1.26812079904895e-11	7.40757459858248e-10	113.267480165121	15.0896202301312	FBgn0036321		protein_coding	39463
FBgn0035600	4087.61181131262	1.65923204747469	0.239353086546259	45.6649647584062	1.40310033497064e-11	8.08453050149747e-10	254.754636087759	112.540510581494	FBgn0035600	Cytochrome c1	protein_coding	38612
FBgn0051262	106.927752390573	5.74648764455177	0.766502616988979	45.6661267216896	1.40226826301013e-11	8.08453050149747e-10	2.39028179563781	0.084543667197019	FBgn0051262		protein_coding	318649
FBgn0053508	39.721023532596	-4.68702779855382	0.7283651898621	45.5351509096939	1.49923971896157e-11	8.52252377154664e-10	0.0626671169644437	2.73497562008466	FBgn0053508	pickpocket 13	protein_coding	3346226
FBgn0264776	936.13192931155	3.50023927497803	0.472080716794488	45.5401192349595	1.49544164732931e-11	8.52252377154664e-10	112.018823174159	12.827443866028	FBgn0264776		protein_coding	41893
FBgn0052198	3623.32843220097	2.28659770914211	0.323895995090745	45.4200668885072	1.58996986741926e-11	8.97802985136073e-10	1161.77572273443	257.43570855312	FBgn0052198		protein_coding	317909
FBgn0010357	22918.8143436984	-3.23717029761765	0.440786957594941	45.4000712856258	1.60628532148292e-11	9.01009051189427e-10	288.724635446798	3838.99778399473	FBgn0010357	betaTrypsin	protein_coding	47901
FBgn0046689	211.646737784354	-2.6105777598585	0.371885477555338	45.338238426537	1.65780585266146e-11	9.23790498160694e-10	1.7992952378689	18.0667295170596	FBgn0046689	Tak1-like 1	protein_coding	318725
FBgn0027073	288.856016406164	2.93256913974396	0.411026152413989	44.9405508355746	2.03107940159216e-11	1.12439493669841e-09	11.1179407740197	2.3086100516199	FBgn0027073	UDP-glycosyltransferase family 49 member B1	protein_coding	37420
FBgn0038784	12305.7300190549	1.98735122542998	0.286068691730509	44.8870763114958	2.08730963175435e-11	1.14802029746489e-09	1182.42170866767	415.979238160585	FBgn0038784		protein_coding	42410
FBgn0037386	718.020539534078	4.06772753717279	0.542529852195999	44.4181058739811	2.65222809012136e-11	1.44931431763406e-09	21.475425493584	2.39866476655674	FBgn0037386		protein_coding	40727
FBgn0037730	813.223104617903	-2.24016377062634	0.325011117742163	43.7392240377697	3.75176593705926e-11	2.03701650557e-09	7.31682551690775	41.3738095862834	FBgn0037730		protein_coding	41175
FBgn0031703	592.764823610414	2.2390398620332	0.325319237845896	43.6152137256982	3.99719481890234e-11	2.1564484150384e-09	23.9158275796348	5.41226434582026	FBgn0031703	Acyl-CoA synthetase family member 2	protein_coding	33766
FBgn0050360	2282.45625384418	-2.11402496665485	0.308804325021514	43.3022365413924	4.69047076489823e-11	2.5144485682714e-09	20.1806590111958	129.938161076894	FBgn0050360	Maltase A6	protein_coding	246565
FBgn0053346	930.496617727287	-2.8138786066984	0.401486930062988	43.2568981555402	4.80042343219361e-11	2.55720669626918e-09	7.93647576124461	104.598168370063	FBgn0053346		protein_coding	2768690
FBgn0036481	276.900895811304	-1.87773322814927	0.279491332315042	43.0992060066643	5.20333674341262e-11	2.73740759109968e-09	2.7104052842699	13.4460539938893	FBgn0036481		protein_coding	39648
FBti0018951	2167.20833716248	3.18117566232903	0.446230894726181	43.1079127068062	5.18023267530104e-11	2.73740759109968e-09	28.8355699666907	4.21886839784503	FBti0018951		transposable_element	NA
FBgn0031907	2453.52686895177	-3.94502428784033	0.53523689482921	43.0653181376385	5.29424768972201e-11	2.76804184765095e-09	11.53973562645	199.725402769526	FBgn0031907		protein_coding	34016
FBgn0025454	3584.03319709293	-1.35333880935141	0.202825390431461	43.0359564118681	5.37430091497482e-11	2.79265820551146e-09	41.5216871343596	161.091858577252	FBgn0025454	Cytochrome P450 6g1	protein_coding	36316
FBgn0085205	692.582948961256	1.71641165283664	0.255696307653016	42.8789383389744	5.82342485233018e-11	3.0075858840998e-09	253.089892396371	110.8968200564	FBgn0085205		protein_coding	5740391
FBgn0028532	927.223339523452	3.06787146757379	0.435238223718852	42.722775884456	6.30736101882737e-11	3.23777865633138e-09	79.514555457036	18.2247397433466	FBgn0028532		protein_coding	34802
FBgn0035718	418.896220825316	2.75475178096483	0.397673679229001	42.6482155064389	6.55241781565327e-11	3.34331198184236e-09	20.0314018458169	3.88203110028316	FBgn0035718		protein_coding	38754
FBti0063624	729.561260260598	-1.95844050902636	0.292731637501461	41.9947874914366	9.15170462325547e-11	4.64161306341161e-09	3.81271957353967	21.7040775956403	FBti0063624		transposable_element	NA
FBgn0021906	2428.09366828753	1.51911197571464	0.229761956982778	41.9034892553515	9.5891369169438e-11	4.83452319562583e-09	222.307710386901	110.689456719694	FBgn0021906	Rieske iron-sulfur protein	protein_coding	44390
FBgn0032601	723.67664444982	-1.90913536104829	0.286401791077151	41.8387336482453	9.91202631226319e-11	4.96774336478516e-09	8.76426230664966	44.717940841013	FBgn0032601	yellow-b	protein_coding	35005
FBgn0036469	377.123013023221	2.61882050517934	0.384874355670867	41.6341964378648	1.10051390835673e-10	5.48314870810677e-09	109.747761736665	24.486918997567	FBgn0036469		protein_coding	39636
FBgn0031678	197.758762126363	3.23796387373702	0.468547614288414	41.5472343986679	1.15057132105458e-10	5.69902870721186e-09	5.20064433787361	0.912497846490265	FBgn0031678	Neprilysin-like 3	protein_coding	326172
FBgn0003360	19173.7067145458	1.53081055450825	0.23245221841327	41.4826693347603	1.18920516536329e-10	5.85614404106223e-09	821.90943810709	411.340477399455	FBgn0003360	stress-sensitive B	protein_coding	32007
FBgn0031249	29076.1062043263	1.93903474237024	0.291047292826557	41.4052845699202	1.23722470777046e-10	6.05739495654094e-09	2599.80777531126	963.140163012442	FBgn0031249		protein_coding	33206
FBgn0051410	1110.85499398246	3.07864240104578	0.443591680937649	41.3215418524498	1.29137878882612e-10	6.28619444905587e-09	148.004482245505	30.4357862772233	FBgn0051410	Niemann-Pick type C-2e	protein_coding	326136
FBgn0038136	2104.34271536172	3.58007293806025	0.505023983068992	41.1321764194526	1.42274760870578e-10	6.88609842613597e-09	68.4068332981378	7.034472495807	FBgn0038136		protein_coding	41635
FBgn0086254	2451.0640898319	2.20031377638497	0.328688680679235	41.1153391995447	1.43505666774775e-10	6.90621021353605e-09	160.666776152586	54.8359945576526	FBgn0086254	Aldo-keto reductase 1B	protein_coding	39304
FBgn0026755	145.46512420275	3.15766861587527	0.463650891248049	40.9434182676624	1.56700849879407e-10	7.45649549707068e-09	7.0970286103895	1.00124828149122	FBgn0026755	UDP-glycosyltransferase family 37 member B1	protein_coding	53584
FBgn0030668	672.200435814016	2.00751607155456	0.30320056761666	40.9458637707963	1.56504891447741e-10	7.45649549707068e-09	32.6502747980673	12.0020008016354	FBgn0030668		protein_coding	32504
FBgn0033720	551.887162139728	1.88144733331036	0.285946599298398	40.836976292423	1.65472346888498e-10	7.82989261533844e-09	15.6070188313189	5.1279037360858	FBgn0033720		protein_coding	36343
FBgn0027586	665.302656391702	2.20411925537845	0.33145634406792	40.7646861157544	1.71708140957038e-10	8.07982196614505e-09	44.5832218700427	16.3893296284695	FBgn0027586		protein_coding	34728
FBgn0053926	1666.24180790963	-1.43446521921723	0.2211695269628	40.5497345067962	1.91674579087941e-10	8.96952312085557e-09	61.5378380697392	228.638344188688	FBgn0053926		protein_coding	39092
FBgn0052669	731.725022677957	1.51827524736452	0.234418063530491	40.3448232649469	2.12868721946898e-10	9.9065828290672e-09	21.12285727758	10.04168045397	FBgn0052669		protein_coding	326229
FBgn0262563	197.024741446134	2.45171222359234	0.370751791792573	40.2564717167619	2.22716334140882e-10	1.02522138596373e-08	45.3998950835146	13.6857629872184	FBgn0262563		protein_coding	12798325
RR48344_transposable_element	449.391299334636	1.87064494525152	0.28659785913815	40.2567239011836	2.22687586603816e-10	1.02522138596373e-08	3.34628454416455	1.23983684597099	RR48344_transposable_element		transposable_element	NA
FBgn0028534	10914.3054399067	2.08192503930775	0.31552390568237	40.2297145997132	2.25787692319916e-10	1.03374148862145e-08	1010.78003106424	313.750973354673	FBgn0028534		protein_coding	34800
FBgn0036766	1143.2844022399	1.9990052050818	0.304426254501775	40.1975351085244	2.29537680235123e-10	1.04526029655457e-08	164.829148078031	56.9276769015496	FBgn0036766		protein_coding	39992
FBgn0038795	393.640719693437	2.97049363851674	0.438529059453445	40.0831804082196	2.4337550234879e-10	1.10234786357981e-08	23.2927987129704	4.66302310053503	FBgn0038795		protein_coding	42421
FBgn0041150	461.243532650252	1.88267878107518	0.288994094662679	40.0714007404798	2.44847548808587e-10	1.10311635021741e-08	8.3777814573306	3.1167814372733	FBgn0041150	hoepel1	protein_coding	249663
FBgn0002719	13987.6042779667	2.7599330633259	0.409684762423376	39.8031306838522	2.80894495602206e-10	1.25882348029137e-08	478.661878295357	92.0733544796959	FBgn0002719	Malic enzyme	protein_coding	47173
FBgn0003357	139836.018866041	2.70746400674664	0.403124622849037	39.7196920325728	2.93154731080684e-10	1.30049498989479e-08	19560.5363232603	3300.18334193616	FBgn0003357	Jonah 99Ciii	protein_coding	43543
FBgn0034497	1549.3766376215	2.23509297487136	0.339512713770932	39.6986204796532	2.96334749763511e-10	1.30049498989479e-08	85.9624714700038	27.0440503169411	FBgn0034497	Mitochondrial phosphate carrier protein 1	protein_coding	37297
FBgn0038730	238.348335533056	2.50709236609783	0.380264544503003	39.7051476293754	2.95346028891908e-10	1.30049498989479e-08	9.64098156895213	2.78925971522619	FBgn0038730	Acyl-CoA synthetase X1 L	protein_coding	42351
FBgn0053502	244.285242987833	2.55898650233174	0.387228814605182	39.7006895901976	2.96020966441857e-10	1.30049498989479e-08	25.1260476947011	4.68422877502746	FBgn0053502		protein_coding	2768875
FBgn0086355	15627.602450559	1.64300846571059	0.254537201349759	39.6003961474625	3.11620080592557e-10	1.3605268467108e-08	1048.90750859826	454.129340074335	FBgn0086355	Triose phosphate isomerase	protein_coding	43582
FBgn0028920	20573.2386231282	1.49239802832729	0.232364313507432	39.5397266198282	3.21453061334822e-10	1.39626022025946e-08	1744.47468631769	926.664958742925	FBgn0028920		protein_coding	34799
FBgn0052407	375.371636310852	2.59157628354055	0.391662180145612	39.4215615196936	3.41505201634025e-10	1.47579033563275e-08	30.0328857522829	8.16039696552724	FBgn0052407		protein_coding	38667
FBgn0002789	18476.1659964333	1.78283918460506	0.275936819716662	39.3399022325154	3.56089590708345e-10	1.53100448390847e-08	1815.3461803976	765.483260297164	FBgn0002789	Muscle protein 20	protein_coding	36468
FBgn0034715	145.893154918404	-3.35076984566845	0.50146385421487	39.2787988212406	3.67409119809618e-10	1.57169456807448e-08	0.542579653211782	7.60728250029379	FBgn0034715	Organic anion transporting polypeptide 58Db	protein_coding	37544
FBgn0259209	6252.89202443453	2.15830358811602	0.330803136100035	39.1321155695939	3.96074846757108e-10	1.68580600604659e-08	1817.84564305794	652.698382722819	FBgn0259209	Muscle LIM protein at 60A	protein_coding	37853
FBgn0039801	308.247716354517	2.10334560525239	0.326424252565036	38.8082886164355	4.67538371067499e-10	1.98002500147086e-08	61.2735546486793	15.2249294762021	FBgn0039801	Niemann-Pick type C-2h	protein_coding	43649
FBgn0030775	8521.08959598685	1.70050108418195	0.265790668281735	38.7789843832607	4.74610222715987e-10	1.99997442109672e-08	777.109732851476	330.923492928065	FBgn0030775		protein_coding	32649
FBgn0038237	551.912512534578	2.40940147868506	0.36930228148694	38.6898687424209	4.96780923978275e-10	2.08303684460197e-08	6.5738466400097	1.81865981469254	FBgn0038237	Phosphodiesterase 6	protein_coding	41760
FBgn0038959	41.367801155045	-3.64037305089389	0.588192857562788	38.5508914030487	5.33443998752672e-10	2.22574909824391e-08	0.353940553569004	6.87980997796358	FBgn0038959		protein_coding	42628
FBgn0015038	290.578771855172	3.38790662225878	0.503025520818481	38.4906272520679	5.5017270661805e-10	2.28429550247788e-08	11.8698647693777	1.84105100870643	FBgn0015038	Cytochrome P450 9b1	protein_coding	35634
FBgn0035282	55.3268122706657	3.27435309161742	0.509175902147925	38.4353836114868	5.6596880364281e-10	2.33841744724615e-08	3.19188433894928	0.589932954109363	FBgn0035282	CNMamide	protein_coding	38242
FBgn0037410	51.5725637197263	3.10824221974501	0.489616281991061	38.4232935337243	5.6948589427305e-10	2.34152695363725e-08	3.10633762453654	0.566386996705505	FBgn0037410	Osiris 2	protein_coding	40756
FBgn0250814	4470.87154671041	1.32720591015237	0.211255846169587	38.1821360009639	6.44396726837925e-10	2.63673443300349e-08	185.173692689272	103.920813432662	FBgn0250814	Ubiquinol-cytochrome c reductase core protein 2	protein_coding	39846
FBgn0039779	81.8087431168619	3.56798405399694	0.545995891998867	37.8832642678933	7.51067766358358e-10	3.05843460627658e-08	5.06172120385617	0.555214653891221	FBgn0039779	prolyl-4-hydroxylase-alpha SG2	protein_coding	43623
FBgn0038130	359.914073540338	2.28275008197959	0.355966644028745	37.8579027208965	7.60895314026877e-10	3.0836283778984e-08	13.472797219438	3.75065293260144	FBgn0038130		protein_coding	41629
FBgn0259998	30639.1513758597	2.1406224309975	0.334795902725274	37.608192175546	8.64805101670068e-10	3.48804724340261e-08	2736.89572256053	958.455271174874	FBgn0259998		protein_coding	35409
FBgn0036806	988.34457614301	1.52152876443173	0.243299728601824	37.5475007454877	8.92136597361154e-10	3.58123079604217e-08	40.5160603559427	20.2320426491433	FBgn0036806	Cytochrome P450 12c1	protein_coding	40037
FBti0019469	604.899975077213	-4.905996890031	0.689304862765219	37.4562814442692	9.3485133776309e-10	3.73499567493083e-08	0.120456760641358	13.0617890392896	FBti0019469		transposable_element	NA
FBgn0052633	2983.05819386079	1.62925742856915	0.260101272809553	37.3549505297476	9.84706065426683e-10	3.91570909585165e-08	243.894508853006	121.039254148334	FBgn0052633		protein_coding	326225
FBgn0001285	5022.13616834465	2.82153610596998	0.432158347112154	37.2167369635534	1.057026644206e-09	4.18365218524526e-08	647.427845682778	112.516542758433	FBgn0001285	Jonah 44E	protein_coding	35853
FBgn0010423	3059.66081447939	2.12456908587552	0.334607430040343	37.1730568792862	1.08097036964404e-09	4.2585204794814e-08	512.519399433613	148.905489614872	FBgn0010423	Troponin C at 47D	protein_coding	36195
FBgn0013772	747.693640065562	3.66328829476207	0.544012831810521	37.0406916744444	1.15689541302048e-09	4.51562403146703e-08	20.2919916719862	3.54630045247487	FBgn0013772	Cytochrome P450 6a8	protein_coding	36666
FBgn0036597	572.851757491556	1.91234562307767	0.304692668631413	37.0434009563222	1.1552890686666e-09	4.51562403146703e-08	70.2368138736225	23.2818115782929	FBgn0036597		protein_coding	39793
FBgn0052750	593.821675674053	2.70227139079799	0.418576350528889	37.0109335911762	1.1746869675078e-09	4.56403606183077e-08	24.5507019157231	5.8232003236456	FBgn0052750		protein_coding	326238
FBgn0000639	541506.36268219	-3.67175847665761	0.543394093598708	36.9327426564388	1.22275180991098e-09	4.72909033330869e-08	513.187934925428	14719.9423120383	FBgn0000639	Fat body protein 1	protein_coding	39566
FBgn0028938	47.7707890673623	-3.31227025884572	0.541289411846926	36.8969444661097	1.2454097444209e-09	4.79482751602045e-08	0.1804162860422	2.25457261601776	FBgn0028938		protein_coding	34809
FBgn0267376	878.202769908577	1.59725667470192	0.258247500495206	36.5776700123958	1.46702662639069e-09	5.62249571290912e-08	62.4290293711767	28.0276119460851	FBgn0267376	Selenoprotein R	protein_coding	41309
FBgn0037612	1131.32369887269	-2.61959513249994	0.410081164322629	36.3917631158201	1.61383803401824e-09	6.15730096762816e-08	5.50103433912313	63.830393053754	FBgn0037612		protein_coding	41033
FBgn0051288	260.258679510355	2.54545955589964	0.402024524479978	36.3731253804174	1.62934445410122e-09	6.18858633463558e-08	12.7168614217066	3.15558157463792	FBgn0051288		protein_coding	318664
FBgn0019644	5066.32359959355	1.33655393338252	0.218071446940467	36.3169006952347	1.67703260692149e-09	6.34127954492188e-08	427.870549901647	231.826176694861	FBgn0019644	ATP synthase, subunit B	protein_coding	39143
FBgn0051269	326.410272326152	2.57899638302274	0.408185473597059	36.0166867699626	1.9563497238116e-09	7.34140840409108e-08	27.8177734067775	8.56018436148867	FBgn0051269		protein_coding	318653
FBgn0260026	107.32818425246	2.44261643416371	0.393595190981039	36.0141835455716	1.95886458007625e-09	7.34140840409108e-08	7.9123692647671	2.53011626355354	FBgn0260026		protein_coding	8674087
FBgn0035679	1848.43223420929	1.73238863944726	0.281334524969441	35.9043307011499	2.0724755585446e-09	7.73298148937128e-08	82.3717408062407	35.0970789470319	FBgn0035679		protein_coding	38697
FBgn0040349	938.872941074158	1.62903570802	0.265688731828003	35.8832220343543	2.09505061895613e-09	7.78292927305193e-08	86.8363583951678	40.8703612873805	FBgn0040349		protein_coding	31046
FBgn0031741	812.895165357235	-2.7239906392387	0.428324862032943	35.818388121306	2.16593973420837e-09	8.01113954093662e-08	4.28516039567613	30.3132050602595	FBgn0031741		protein_coding	33810
FBgn0029971	491.357797503184	1.47463097522432	0.242668207198094	35.6611103859968	2.3480489996488e-09	8.60951299871225e-08	118.587027489733	58.8249739977077	FBgn0029971	NADH dehydrogenase (ubiquinone) MNLL subunit	protein_coding	31697
FBgn0038056	218.762010176871	1.78781115152117	0.292823894137832	35.6675145934026	2.34034259756176e-09	8.60951299871225e-08	9.70159043266892	4.18054840574729	FBgn0038056		protein_coding	41541
FBgn0034440	121.172688063602	4.70713494683245	0.70455385376846	35.6279283572895	2.38838685967768e-09	8.71967099201289e-08	2.18119120029251	0.190254716894034	FBgn0034440		protein_coding	37225
FBgn0050339	432.524075771386	2.25145699541759	0.362121389828174	35.5908087938813	2.43433429221916e-09	8.84927530261643e-08	34.7187557890564	9.2003119667378	FBgn0050339		protein_coding	246549
FBgn0046114	2044.72850871089	1.30989670128974	0.216843598709915	35.3603351826373	2.74010676299441e-09	9.91824969340284e-08	105.283000537718	65.7806852031853	FBgn0046114	Glutamate-cysteine ligase modifier subunit	protein_coding	248194
FBgn0040364	1315.54459869557	1.35106451961606	0.223720378526752	35.293499911804	2.83576924166731e-09	1.02208363731583e-07	82.6297006987474	40.2857345121099	FBgn0040364		protein_coding	31060
FBgn0030331	172.231917034069	2.30752001523118	0.375112584854718	35.1691743076289	3.02270504735715e-09	1.08484371826759e-07	5.38181918160182	1.26878339927007	FBgn0030331		protein_coding	32127
FBgn0020508	60022.9552089981	1.44598172103003	0.239381275078703	35.0572952771054	3.20145308004558e-09	1.14414799949308e-07	5744.67426141875	2848.56177212832	FBgn0020508	Antigen 5-related 2	protein_coding	44079
FBgn0039298	48.8220817440966	3.41809071153239	0.557705062053375	35.01077099369	3.27886564019442e-09	1.16689041901037e-07	3.90162910692258	0.438917763982252	FBgn0039298	takeout	protein_coding	43036
FBgn0040262	60.3479430946235	3.29122391417213	0.532363570672895	34.9974058241804	3.30144880413519e-09	1.1700113544362e-07	3.51498136103432	0.50923919801837	FBgn0040262	UDP-glycosyltransferase family 37 member C2	protein_coding	53513
FBgn0019624	6339.64035825648	1.42544437819868	0.236634911628362	34.9175020273193	3.43974923117088e-09	1.21394483283405e-07	878.253771265757	482.77638088989	FBgn0019624	Cytochrome c oxidase subunit 5A	protein_coding	41432
FBgn0034884	139.22243815677	1.82739292610908	0.303837674798252	34.8704399214698	3.52390566429145e-09	1.23848468782359e-07	13.0749019313469	5.23979872802138	FBgn0034884	Entomoglyceroporin 3	protein_coding	37738
FBgn0038731	60.9478457214058	3.30361282733024	0.535728927531893	34.8298964198652	3.59805698620054e-09	1.25931994517019e-07	2.09069769103153	0.429883392110968	FBgn0038731	Acyl-CoA synthetase X1 R	protein_coding	42352
FBgn0003886	1566.49608063559	3.11912936625095	0.489701586938435	34.6097146447989	4.02890618364048e-09	1.39855882686209e-07	78.2109004840048	12.0319138610122	FBgn0003886	alpha-Tubulin at 85E	protein_coding	41183
FBgn0034429	429.787835941538	2.60561435153913	0.419409589543682	34.6165548364015	4.01477393137325e-09	1.39855882686209e-07	45.278434966534	13.4002877654274	FBgn0034429	Arylalkylamine N-acetyltransferase-like 4	protein_coding	37213
FBgn0004171	471.928062041856	3.05225781503269	0.483230506292639	34.5043470511708	4.25300433333574e-09	1.47032435523893e-07	33.0165687477883	5.99178414288057	FBgn0004171	Male-specific RNA 98Cb	protein_coding	43367
FBgn0003060	3995.75285346031	2.83956800906266	0.451955856284256	34.4176985541233	4.44661399146667e-09	1.53100896372857e-07	703.065031710517	139.752714716681	FBgn0003060		protein_coding	41662
FBgn0032935	1101.80304654895	-1.59057706316868	0.265254899163018	34.400314979381	4.48650671189319e-09	1.53849035828888e-07	11.8110813667864	47.271034898444	FBgn0032935	Autophagy-related 18b	protein_coding	35396
FBgn0033458	159.599243843114	1.87674656010284	0.315149097238832	33.9689994469324	5.59971949203337e-09	1.91248484264204e-07	4.84799592986842	2.22377872960565	FBgn0033458	Linking immunity and metabolism	protein_coding	36023
FBgn0031857	232.531087362335	2.78803446972765	0.451705009222066	33.8606411105859	5.92043825674863e-09	2.01390008171329e-07	2.13379115425603	0.599214720570342	FBgn0031857	Linear Ubiquitin E3 ligase	protein_coding	33950
FBgn0028948	38.4101134974515	3.85679694278953	0.644218112864216	33.7818550136408	6.16512134292217e-09	2.08874311098203e-07	3.87799559883866	0.41839972108182	FBgn0028948		protein_coding	34916
FBgn0038290	541.49635667693	2.14474227307272	0.355473651030921	33.683870173944	6.48360740777399e-09	2.18789461130859e-07	28.9813960493313	8.73576409766098	FBgn0038290		protein_coding	41820
FBgn0030040	3340.57576244216	2.02124851409727	0.335910957858044	33.6176472688293	6.70813644955243e-09	2.24576742006755e-07	263.590766184736	111.119133046366	FBgn0030040		protein_coding	31779
FBgn0037782	2238.98108897731	2.300872437041	0.378675194211594	33.622737477311	6.69060516861022e-09	2.24576742006755e-07	323.04747505633	116.26680986178	FBgn0037782	Niemann-Pick type C-2d	protein_coding	41232
FBgn0039756	1485.1957462609	3.09377807821656	0.493473507962914	33.5989838724604	6.77280990220026e-09	2.24963528908377e-07	59.948815014142	11.5686426799565	FBgn0039756		protein_coding	43593
FBgn0052571	1673.51026221089	1.97750011549292	0.329377601594086	33.6004358137986	6.76775622970997e-09	2.24963528908377e-07	103.127993998689	31.8707312286259	FBgn0052571	TweedleX	protein_coding	318094
FBgn0000579	22742.6317344098	1.50429439481322	0.254138074581407	33.5605248647537	6.90805622863125e-09	2.28559516626979e-07	834.191624066296	452.932880343608	FBgn0000579	Enolase	protein_coding	33351
FBgn0040336	700.200670088202	1.61930364207094	0.273314878007754	33.5475150352706	6.95441664731059e-09	2.2919808950475e-07	21.7796041036525	10.5572633232899	FBgn0040336	Seipin	protein_coding	31245
FBgn0010294	198.636601041555	2.87395947171294	0.467883638532517	33.5087270653983	7.09449491346142e-09	2.32908418283016e-07	55.7667633244902	9.65764683564266	FBgn0010294	new glue 2	protein_coding	31298
FBgn0032614	250.109827031996	1.57569809752058	0.267926621372335	33.3946889844956	7.5229124303943e-09	2.46019568669651e-07	14.582822520892	6.11857213935533	FBgn0032614		protein_coding	35021
FBgn0033809	529.721115660603	-1.75779560319723	0.29679628761027	33.3864918346096	7.55468750908791e-09	2.46108473853748e-07	5.16978657094217	23.6848176571917	FBgn0033809		protein_coding	36458
FBgn0031533	566.156825640162	1.74366658861994	0.295434785226485	33.0875379395266	8.81015900167994e-09	2.85908225073675e-07	34.329874448015	11.9564998755274	FBgn0031533		protein_coding	33559
FBgn0032085	184.605672613704	2.93647052514685	0.480804063297835	33.0070632040303	9.18246723392804e-09	2.96853043783857e-07	9.62686815274414	2.39193256327789	FBgn0032085		protein_coding	34223
FBgn0025391	118.745451274362	1.96371502529777	0.33528702337753	32.8779769312089	9.81286481783458e-09	3.16026482916574e-07	3.51860511457125	1.20843334738457	FBgn0025391	Sarcoglycan delta	protein_coding	31129
FBgn0037890	1334.69778066355	2.27276328653019	0.379505318305089	32.7625735651338	1.04130555732362e-08	3.34085532974663e-07	137.40200854551	42.7709011126144	FBgn0037890		protein_coding	41359
FBgn0031692	448.291100147356	1.77590192893229	0.302699981829113	32.6820874085238	1.08532824341432e-08	3.46895480064878e-07	63.0080333745419	28.603228053585	FBgn0031692	Troponin C at 25D	protein_coding	33752
FBgn0034010	462.287250215435	-1.65425216991743	0.283401762312665	32.60807410978	1.12745403794356e-08	3.58915603726768e-07	52.0275668685298	203.050824390611	FBgn0034010		protein_coding	36700
FBgn0034624	65.053055953346	3.45516437614311	0.573438827154483	32.6012656850342	1.13141046275144e-08	3.58915603726768e-07	4.69729730617974	0.607370723014834	FBgn0034624		protein_coding	37441
FBgn0036138	32.576854722219	6.21040667293745	1.13535532526542	32.4135265894221	1.24616028264792e-08	3.93842447538355e-07	5.99584944162232	0.177664432426002	FBgn0036138		protein_coding	39256
FBgn0058198	53.0446518293644	3.31541729811138	0.558753622535456	32.3997384918505	1.25503363101781e-08	3.95172299432e-07	7.86994229376436	0.828319088215523	FBgn0058198		protein_coding	3354922
FBgn0031801	309.038608413358	2.20404084141976	0.37276713272241	32.3615042422617	1.27997179624388e-08	4.00050225615708e-07	17.4801630873425	5.01872697689416	FBgn0031801		protein_coding	33885
FBgn0039094	403.213797475277	1.92485016352285	0.328229290628268	32.3649746744401	1.27768788335484e-08	4.00050225615708e-07	20.5217010983212	7.92338708292134	FBgn0039094		protein_coding	42783
FBgn0030693	1193.00574640233	-1.29300823612451	0.224447872795387	32.2225856483532	1.37483267955027e-08	4.28118852786425e-07	24.8348049688739	85.7095483964084	FBgn0030693	suppression of retinal degeneration disease 1 upon overexpression 1	protein_coding	32532
FBgn0263390	419.49917809529	1.69734135769065	0.292881679649647	32.032282466921	1.51631719945959e-08	4.70447131114386e-07	11.7182342544942	5.39286914509236	FBgn0263390	Na[+]/H[+] hydrogen antiporter 2	protein_coding	42710
FBgn0283437	9406.97716918573	1.83496661746834	0.31464924030134	31.947723364834	1.58377883732876e-08	4.8958418803557e-07	240.866180175703	105.004229398975	FBgn0283437	Prophenoloxidase 1	protein_coding	37044
FBgn0053465	184.215910783625	3.34001814274446	0.547515161952566	31.9226961128639	1.60431638955595e-08	4.94129447983232e-07	6.06062262638367	1.316203746898	FBgn0053465		protein_coding	3885587
FBgn0037222	277.786075407155	-2.02853430575138	0.34955558782368	31.7529921848588	1.75079323097952e-08	5.37290531391179e-07	3.32715172001955	22.897742300724	FBgn0037222		protein_coding	40532
FBgn0019952	3672.8710534068	-1.63875929093476	0.28423848985875	31.6293742547359	1.86585816844955e-08	5.70534970641434e-07	28.1728427355194	151.974207918999	FBgn0019952	Organic cation transporter	protein_coding	42891
FBgn0042083	640.17624583285	1.33065501375633	0.233501028218118	31.5207323154696	1.9732216935701e-08	6.01193803760386e-07	20.0750553542695	10.7582951306955	FBgn0042083	Methylcrotonoyl-CoA carboxylase 2	protein_coding	59261
FBgn0036622	2235.89554017867	2.59599508576338	0.436486201094034	31.4816742124573	2.01331442324287e-08	6.1121050770133e-07	171.469783002361	36.3173252744981	FBgn0036622	1-Acylglycerol-3-phosphate O-acyltransferase 4	protein_coding	39819
FBgn0035046	709.578607909283	1.19569468181692	0.211163602901436	31.308234574056	2.20143917046084e-08	6.65935349064404e-07	88.4891247032565	55.8468981005555	FBgn0035046	NADH dehydrogenase (ubiquinone) 19 kDa subunit	protein_coding	37946
FBgn0033397	150.681143434806	2.96298399317221	0.499429232692634	31.2437704189766	2.27576592164698e-08	6.85969300937719e-07	6.63887665684293	1.40268840880414	FBgn0033397	Cytochrome P450 4p3	protein_coding	35948
FBgn0037166	446.642965033003	1.75847906997197	0.306904043433921	31.1991654971684	2.32866159722903e-08	6.9942424569255e-07	16.3563706947728	6.65829331305652	FBgn0037166		protein_coding	40471
FBgn0035670	35467.4941716538	1.82623981260851	0.317944400597176	31.0022781692525	2.5772574225656e-08	7.71355843432178e-07	3113.9606767159	1309.66613758405	FBgn0035670		protein_coding	38688
FBgn0010387	1900.47825154702	2.40215588555171	0.410750752477024	30.9129892961915	2.69859554942226e-08	8.04827616324173e-07	564.560013270414	183.80660135694	FBgn0010387	Acyl-CoA binding protein 2	protein_coding	38784
FBgn0036361	854.207156008364	2.26821955829913	0.390341834013745	30.8887370095216	2.73253017942173e-08	8.12088793673756e-07	85.1142988848401	23.908293682271	FBgn0036361		protein_coding	39509
FBgn0035931	163.217531722927	2.52914730392558	0.435048565079331	30.8630460765753	2.76894420695658e-08	8.20033476675601e-07	15.5779236834369	2.75666904624093	FBgn0035931		protein_coding	39010
FBgn0033367	24507.580121472	2.09517704525102	0.362505258139979	30.8295963571587	2.81708494195826e-08	8.31383604821828e-07	654.488321771228	256.250370241624	FBgn0033367	Prophenoloxidase 2	protein_coding	35910
FBgn0039674	2314.42491185084	1.39580521078863	0.247117144511031	30.7693580141836	2.90590426325755e-08	8.5461837186776e-07	89.3965056700289	50.8259021777131	FBgn0039674		protein_coding	43483
FBgn0033320	764.078401740077	-2.19276448268865	0.37985490534712	30.6989647244501	3.01325777270606e-08	8.83124336844995e-07	6.90977435399369	46.6218963642891	FBgn0033320		protein_coding	35854
FBgn0046876	253.624070241431	-2.95845149089625	0.502089826533338	30.6495434337791	3.09099325675232e-08	9.02783202920418e-07	2.81486265989135	26.7729404324286	FBgn0046876	Odorant-binding protein 83ef	protein_coding	40747
FBgn0037646	148.841954165653	2.18615383775811	0.382593391883472	30.6105170918992	3.1537954770306e-08	9.17960401733649e-07	10.4141980617585	3.31440502297157	FBgn0037646	Carbonic anhydrase beta	protein_coding	41070
FBgn0038292	3978.63605243035	1.39024643954543	0.246944717138711	30.55883605268	3.23893361281193e-08	9.39512592483462e-07	174.232579472093	94.0405246030887	FBgn0038292		protein_coding	41822
FBgn0010358	171950.555357786	1.39588313706327	0.247874266773884	30.5484300275778	3.25635276099482e-08	9.41341566062324e-07	18371.1559959646	8788.75512963104	FBgn0010358	deltaTrypsin	protein_coding	48343
FBgn0030774	1832.27436136147	1.26880002334622	0.226349376828284	30.5024677153671	3.3344209522443e-08	9.60630798146571e-07	101.531295982404	59.579900864708	FBgn0030774	spheroide	protein_coding	32648
FBgn0032715	3068.92804844965	1.36906239764092	0.243648202626256	30.483229807039	3.36765113494935e-08	9.66915427560035e-07	156.920277656642	83.6146476440399	FBgn0032715		protein_coding	35140
FBgn0002939	2675.43156768959	2.74959195701643	0.467073999327325	30.4547333916892	3.41748447155906e-08	9.77908563314366e-07	125.757885901393	20.1446690216978	FBgn0002939	neither inactivation nor afterpotential D	protein_coding	326160
FBgn0266448	2199.01919963246	2.31981730922543	0.402144157326179	30.2572682194204	3.78370699723686e-08	1.07905718069347e-06	71.1097986973595	24.9307850858987	FBgn0266448		protein_coding	19836061
FBgn0051198	11377.7247656669	2.05001875089544	0.35948072955494	30.11270902854	4.07650922490538e-08	1.15865883003183e-06	286.367744107172	77.4780428239033	FBgn0051198		protein_coding	318622
FBgn0040309	4192.26047611858	1.66809406826962	0.29628858473927	30.0925724415962	4.11905830851472e-08	1.16683691883343e-06	302.441564869708	156.065777547828	FBgn0040309	thioredoxin peroxidase 1	protein_coding	53578
FBgn0028988	241.956151027925	-2.06516022816324	0.365732507613914	30.020374743939	4.27530445539784e-08	1.20706095790732e-06	3.36000528321323	20.8574050387377	FBgn0028988	Serpin 42Dd	protein_coding	49808
FBgn0000116	55563.7367688085	1.30973515315334	0.23568049087455	29.8787018836314	4.59937474146689e-08	1.29424265980813e-06	2524.94508552349	1441.39258934506	FBgn0000116	Arginine kinase 1	protein_coding	39041
FBgn0028342	2302.51805960978	1.39162308584526	0.250699224077238	29.7236450337721	4.98233893777904e-08	1.3927528317818e-06	289.710649251086	166.376840623434	FBgn0028342	ATP synthase, delta subunit	protein_coding	31950
FBgn0034092	46.6535351285701	3.70335368317226	0.647031599922862	29.7237040235736	4.98218732987717e-08	1.3927528317818e-06	9.77340064966097	0.977500481675284	FBgn0034092		protein_coding	36798
FBgn0004782	60.0210514209131	4.30964151977634	0.733509260305848	29.5858817791414	5.34931531670387e-08	1.49041778725269e-06	6.67322640005289	0.531052530646076	FBgn0004782	Ccp84Ab	protein_coding	40824
FBgn0032472	19.7588596977029	4.72026907018523	0.910232612658755	29.4781164144446	5.65516426888657e-08	1.57046692975309e-06	8.9810345365475	0.542369221335536	FBgn0032472		protein_coding	34704
FBgn0039719	195.293667101477	3.59402916705164	0.605663745840395	29.4509704147077	5.7349316459496e-08	1.5874140863135e-06	70.7461001524225	4.45051449680006	FBgn0039719		protein_coding	43538
FBgn0038135	8652.76365785387	2.28048281508783	0.401459807711729	29.3904105429774	5.91697071011128e-08	1.6324671633434e-06	197.270277557179	48.6987080021852	FBgn0038135		protein_coding	41634
FBgn0034475	128.348452207072	2.32133357686681	0.41354101273923	29.3599669026337	6.01065777322612e-08	1.65293088763718e-06	25.1431526386172	8.66988344290977	FBgn0034475	Odorant-binding protein 56h	protein_coding	37271
FBgn0041180	2548.07612714908	2.00793122439234	0.357739922089288	29.2791978525568	6.26648181720665e-08	1.71770553371328e-06	35.6612244431724	14.4422678357116	FBgn0041180	Thioester-containing protein 4	protein_coding	35248
FBgn0050031	6199.03728443188	1.7034493765304	0.306809884820322	29.199307072755	6.53025554897488e-08	1.78423433870378e-06	765.715206975449	269.506806455844	FBgn0050031		protein_coding	246404
FBti0019397	73.9995923645483	-2.40526504274213	0.436980851959122	29.000601136982	7.23558419619609e-08	1.97059158012157e-06	0.76762535496709	5.57648396411113	FBti0019397		transposable_element	NA
FBgn0010043	84.3376146170624	2.79566472255733	0.496480447241054	28.968938603687	7.3548216941858e-08	1.9966455047998e-06	9.7956775304026	1.96655438971775	FBgn0010043	Glutathione S transferase D7	protein_coding	48340
FBgn0266671	721.481107363742	1.42359834149634	0.259955403428957	28.9512032302084	7.4224693299162e-08	2.00857237138627e-06	18.8734588276587	9.85689257945124	FBgn0266671	Secretory 6	protein_coding	37142
FBgn0029827	333.088405319537	2.10764039371958	0.377819228375245	28.9387244645573	7.47044012378505e-08	2.00871834439554e-06	22.2003961511261	7.77127793902967	FBgn0029827		protein_coding	31528
FBgn0039326	83.4737721389944	2.89248484892164	0.512658453582228	28.9425870718764	7.45555840950449e-08	2.00871834439554e-06	3.53225479535529	0.64293894205107	FBgn0039326		protein_coding	43066
FBgn0031836	1458.06040761832	1.8014092776573	0.32713124515841	28.5881850385459	8.95267820846152e-08	2.39965773498953e-06	50.673543767392	22.3833966207688	FBgn0031836		protein_coding	33924
FBgn0036648	265.161124203056	-1.41775102503954	0.261747360478269	28.5807964927293	8.98690457272406e-08	2.4012328621758e-06	5.96528160904458	24.0518103014919	FBgn0036648		protein_coding	39854
FBgn0000064	31333.5474973823	1.44030330497574	0.264244466304992	28.5541296487621	9.1115290975921e-08	2.42687583196871e-06	1496.13603794481	742.92274358857	FBgn0000064	Aldolase 1	protein_coding	43183
FBgn0034159	46.8981339683502	3.96747473802194	0.700827602735694	28.4959495090612	9.38947130234131e-08	2.48922757770715e-06	2.78944927187219	0.337328127059699	FBgn0034159		protein_coding	36882
FBgn0035265	311.322622670287	1.80412598294385	0.329285514946218	28.4928732406803	9.40440171034579e-08	2.48922757770715e-06	11.714410714817	3.61454634604794	FBgn0035265	Phosphatidylinositol glycan anchor biosynthesis class W b	protein_coding	38220
FBgn0085300	40.7882261666514	5.77446922683389	1.03133697986503	28.4859143500266	9.43826393216472e-08	2.49040795967088e-06	8.71520357033828	0.237363601783715	FBgn0085300	Cuticular protein 65Ay	protein_coding	5740348
FBgn0023541	186.549454295821	1.59062976938109	0.293246519045489	28.4618203250285	9.55645299326635e-08	2.51376263518528e-06	7.55665154407524	3.55303483803261	FBgn0023541	Cytochrome P450 4d14	protein_coding	45706
FBgn0086450	1076.50001485979	1.31906781052897	0.243531305075302	28.4308565929189	9.71052045495118e-08	2.54638106047791e-06	19.3940771536262	10.7644303895939	FBgn0086450	suppressor of rudimentary	protein_coding	31858
FBgn0047038	865.294656189383	1.19880330906668	0.222098183897541	28.418324303417	9.77358318222313e-08	2.54714614010554e-06	126.105926865337	83.487295942918	FBgn0047038	NADH dehydrogenase (ubiquinone) 13 kDa B subunit	protein_coding	39214
FBgn0052302	12071.2117430941	-1.46398574587811	0.269077316643031	28.4189899313041	9.77022343335618e-08	2.54714614010554e-06	310.945915330395	1226.8461539813	FBgn0052302		protein_coding	38293
FBgn0039156	1701.97755462654	1.63005110027923	0.298587837902088	28.3853001025133	9.94173419962297e-08	2.58302112487137e-06	58.2192081338987	25.0911346575603	FBgn0039156		protein_coding	42867
FBgn0033904	39.7920762508324	3.20547696439283	0.582798395048941	28.3573213115033	1.00864617702366e-07	2.61260951663314e-06	3.73973820275696	0.531257308581741	FBgn0033904		protein_coding	36567
FBgn0036824	5176.56554923211	2.08874515480518	0.377314549828128	28.3075978718166	1.03488991405035e-07	2.67241389390441e-06	298.763023587671	80.290569006632	FBgn0036824		protein_coding	40059
FBgn0001091	33571.0695654697	1.48190386910247	0.27285873276939	28.2860715255685	1.04646259894933e-07	2.69408456325252e-06	1647.11160475396	910.009555724498	FBgn0001091	Glyceraldehyde 3 phosphate dehydrogenase 1	protein_coding	35728
FBgn0288742	19.1085857133951	-7.49202279623704	1.45892465417269	28.2792789498984	1.05014117413867e-07	2.69536234695592e-06	0	2.54037842380208	FBgn0288742		protein_coding	NA
FBgn0029769	53.3491404478564	3.66687914220414	0.651111557639359	28.2562860428351	1.06268961222399e-07	2.71932961194477e-06	2.11842334427454	0.154300358286845	FBgn0029769	fra mauro	protein_coding	31464
FBgn0002773	66565.9384063618	1.62829249295466	0.299071188160359	28.1922461590799	1.09843727870431e-07	2.80233847910406e-06	1949.67014745366	920.919100067578	FBgn0002773	Myosin light chain 2	protein_coding	43587
FBgn0033830	538.57932427445	4.03885573956515	0.677044418850743	28.1215437542059	1.13930534826104e-07	2.89787276269401e-06	22.0419284786985	2.50413463877816	FBgn0033830		protein_coding	36481
FBgn0014028	3505.81958093901	1.33857506976882	0.248820117047795	27.9788836255428	1.2264653159497e-07	3.11022791200419e-06	221.813649505038	114.101814329247	FBgn0014028	Succinate dehydrogenase, subunit B (iron-sulfur)	protein_coding	35590
FBgn0035734	169.110642850371	2.17558306463522	0.397499388688479	27.9700011586153	1.23210805993967e-07	3.11443502089041e-06	9.96490940893432	2.40738006913615	FBgn0035734		protein_coding	38772
FBgn0037973	901.068036375176	1.47659090819659	0.273830395327156	27.964715268043	1.23547835539454e-07	3.11443502089041e-06	56.6062166527043	28.8510919152165	FBgn0037973		protein_coding	41452
FBgn0035186	731.508394944763	2.25972328363065	0.409670824825931	27.8622113858803	1.30269287377147e-07	3.25947976320871e-06	61.0549515305227	22.0555246308182	FBgn0035186		protein_coding	38120
FBgn0041194	2204.33212354485	-1.91697221124766	0.351262009891268	27.8674328970088	1.29918205007373e-07	3.25947976320871e-06	24.326628702556	107.40302580564	FBgn0041194	Phosphoribosylamidotransferase 2	protein_coding	38753
FBgn0266490	442.279010758132	1.33353189791691	0.249069390671393	27.8594379123108	1.30456155812013e-07	3.25947976320871e-06	101.865273583934	54.9190705175992	FBgn0266490		protein_coding	19835262
FBgn0039241	14050.6189691886	-2.64575397235976	0.472471238121376	27.7605802685662	1.37295281289655e-07	3.4202677427158e-06	61.1351889388923	562.37795589372	FBgn0039241		protein_coding	42973
FBgn0031930	1068.07277562279	2.53767504206084	0.456520560710133	27.6701282007928	1.4386724976826e-07	3.57347684908259e-06	46.4004965274975	13.9868331777345	FBgn0031930		protein_coding	34042
FBgn0033079	344.131827363654	2.97715830938568	0.528117091335883	27.64854670256	1.45481326674928e-07	3.60300244718317e-06	18.5060428557245	2.78012792293279	FBgn0033079	Flavin-containing monooxygenase 2	protein_coding	35561
FBgn0031918	60.997095200986	2.4051439268675	0.446618273564775	27.5913309140361	1.49848868071896e-07	3.70034959932641e-06	4.3336480721911	1.3428725794626	FBgn0031918		protein_coding	34027
FBgn0034005	268.952401488455	4.58127307935108	0.763193610782622	27.5145704279214	1.5591546585456e-07	3.83896510403525e-06	3.57685977320235	0.399856848884426	FBgn0034005	Integrin alphaPS4 subunit	protein_coding	36693
FBgn0038053	1358.84741255143	-1.66992005422541	0.310584941795687	27.4936277232501	1.57612955092696e-07	3.86951225981198e-06	14.5403132382337	61.9414090076072	FBgn0038053		protein_coding	41538
FBgn0017567	1071.51863111856	1.14523959835015	0.21617592583584	27.4175580565011	1.63936026847289e-07	4.01311603293797e-06	103.719811157836	63.5076752074035	FBgn0017567	NADH dehydrogenase (ubiquinone) 23 kDa subunit	protein_coding	44207
FBgn0031589	1973.19204014952	-1.17483932338443	0.221746837622109	27.3710841275048	1.67923506365823e-07	4.09888212944819e-06	17.4645489064364	61.9696000068087	FBgn0031589	Nicotinate phosphoribosyltransferase	protein_coding	33626
FBgn0250907	6533.48899786759	-1.82696525944171	0.339377094330907	27.2428420639228	1.79438198019054e-07	4.36736073914191e-06	15.972492355191	91.7084702012572	FBgn0250907	Chitinase 10	protein_coding	3355116
FBgn0031066	5385.37410545158	1.1958307752789	0.226034834790008	27.2336722074529	1.80291241111528e-07	4.36884448731055e-06	766.507294370719	499.394377005996	FBgn0031066	Cytochrome c oxidase subunit 6B	protein_coding	32989
FBgn0038511	264.196477488772	-1.85966909010719	0.347458190416718	27.231105255397	1.80530763938453e-07	4.36884448731055e-06	1.45367842269778	8.11691560506515	FBgn0038511	Curly Su	protein_coding	42100
FBgn0004430	13185.4088357652	2.57973935401207	0.466728188116333	27.1880340768469	1.84597650394359e-07	4.45453589413168e-06	3139.19785576652	705.124835173548	FBgn0004430	Lysozyme S	protein_coding	38130
FBgn0052266	32.7828489146836	3.51797364388967	0.657401213014308	27.0222973846619	2.01122011577421e-07	4.8394984035817e-06	8.85889160036568	1.25481337050275	FBgn0052266		protein_coding	317945
FBgn0051087	668.267234111892	1.6030390622659	0.301749847626658	26.9831698057983	2.05234716438205e-07	4.92447039159092e-06	31.254998153816	14.7051686348076	FBgn0051087		protein_coding	43062
FBgn0028864	100.425291353475	-2.52573585043041	0.468377941362282	26.9658266252698	2.07084520492435e-07	4.93526511746833e-06	0.947729847005291	6.95552248514159	FBgn0028864		protein_coding	34922
FBgn0051780	100.425291353475	-2.52573585043041	0.468377941362282	26.9658266252698	2.07084520492435e-07	4.93526511746833e-06	0.947729847005291	6.95552248514159	FBgn0051780		protein_coding	318937
FBgn0250838	2800.19948077866	1.45873173502676	0.275381918446914	26.9625802196232	2.07432630675174e-07	4.93526511746833e-06	424.780340120011	221.495285368874	FBgn0250838	reduction of Rh1	protein_coding	246602
FBgn0033725	42581.9290569082	-2.48520012772509	0.455320485754697	26.7069283882407	2.36771015339233e-07	5.58621309170837e-06	274.418730664021	2822.75760547274	FBgn0033725	Cuticular protein 49Ac	protein_coding	36348
FBgn0034999	4929.57777137085	-2.39724319361717	0.440882948475025	26.7070694334922	2.36753732906965e-07	5.58621309170837e-06	19.0315945633685	221.420336973966	FBgn0034999	Fatty acid transport protein 3	protein_coding	37887
FBgn0053306	2666.94573417072	1.65766870793802	0.312643508246	26.71673188455	2.35572787273798e-07	5.58621309170837e-06	263.456713496018	140.503898746079	FBgn0053306		protein_coding	2768915
FBgn0038873	890.152309282708	2.91371540496866	0.526223160967273	26.6436251798613	2.44656676814274e-07	5.75622792393583e-06	30.2866103118327	4.01030947172278	FBgn0038873		protein_coding	42522
FBgn0035608	103.052322576843	2.48132983587351	0.463347336133326	26.5711038460788	2.54014714886108e-07	5.95984663458542e-06	6.62399352281739	2.00176759210196	FBgn0035608	blanks	protein_coding	38620
FBti0019410	12.6013267035851	7.32014298532799	1.46871515568346	26.5635428654854	2.55010793466988e-07	5.96668900736295e-06	2.15703316995466	0	FBti0019410		transposable_element	NA
FBgn0030586	545.026635501601	-3.10449392663907	0.559044369453101	26.5367464375681	2.58572567582984e-07	6.03335991026963e-06	2.49877868501515	28.8638609619137	FBgn0030586		protein_coding	32412
FBgn0037807	90.0690661631586	2.07017511367192	0.393071659570455	26.502130769394	2.63247588411756e-07	6.122899995483e-06	3.02576561627365	0.85408043768163	FBgn0037807		protein_coding	41259
FBgn0040069	2389.37668215606	2.17324145544866	0.404673449324346	26.4976728064195	2.63855784929315e-07	6.122899995483e-06	123.902036620816	26.0730012060701	FBgn0040069	vanin-like	protein_coding	31551
FBgn0016691	3313.14651398238	1.06219241994043	0.204241630879796	26.4759074490731	2.66845502189371e-07	6.17535902607642e-06	299.76677589703	207.791684859615	FBgn0016691	ATP synthase, oligomycin sensitivity conferring protein	protein_coding	41845
FBgn0032131	250.254216681716	1.80117819118992	0.34142535699669	26.4668395640113	2.68101076771013e-07	6.18750986444273e-06	8.42636877794336	3.34657612752713	FBgn0032131		protein_coding	34278
FBgn0030607	273.540502091111	1.81796363312785	0.344388587436936	26.4359574376661	2.724217298584e-07	6.2701414453822e-06	10.8430949945552	3.99437871378869	FBgn0030607	doppelganger von brummer	protein_coding	32436
FBgn0034901	6087.21472197689	1.87173741395148	0.352503126508367	26.4249366667673	2.73980462838924e-07	6.2889282391482e-06	1160.72122664017	358.25427199055	FBgn0034901		protein_coding	37760
FBgn0004117	19663.3347484297	1.35255682756011	0.258807305373388	26.3700122477174	2.81883069059605e-07	6.45283674306718e-06	1144.73790447132	666.036132625338	FBgn0004117	Tropomyosin 2	protein_coding	41853
FBgn0034755	83.4932555763683	1.94139514660355	0.371449573840891	26.3596150548612	2.83404554490825e-07	6.47017945158298e-06	13.7541007407721	6.51757817968625	FBgn0034755		protein_coding	37593
FBgn0034390	1926.68042029618	1.72214296630439	0.326438619661322	26.3535222021995	2.84299981789212e-07	6.4731743165447e-06	140.654770599054	48.5992242240494	FBgn0034390		protein_coding	37166
FBgn0038716	1039.52385930646	-2.02486046914967	0.380673272888823	26.338329560028	2.86545117794291e-07	6.50680200460495e-06	8.43022341092801	46.1789384561222	FBgn0038716		protein_coding	42335
FBgn0034582	9838.55257664096	2.41550845542846	0.447154551469544	26.3069701897239	2.91235698437257e-07	6.59563199402022e-06	587.694075433879	173.662963957094	FBgn0034582	Chitinase 9	protein_coding	37392
FBgn0025839	907.925076685513	1.36506206727201	0.261896006150437	26.2853473196448	2.94514696893274e-07	6.63872159445926e-06	187.417814326473	93.8357470309766	FBgn0025839	NADH dehydrogenase (ubiquinone) B14.5 A subunit	protein_coding	31190
FBgn0051769	343.499723576358	3.19732592884112	0.576434128186217	26.284093647434	2.9470594091106e-07	6.63872159445926e-06	20.7733858527169	3.41291285103163	FBgn0051769		protein_coding	318934
FBgn0036997	74.1836161776438	2.06902222099442	0.395535994632541	26.2653166683868	2.9758525374704e-07	6.68580132423721e-06	3.87800990586834	1.40148507921237	FBgn0036997		protein_coding	40268
FBgn0035880	200.351380451821	2.58398858078194	0.479469330984667	26.2360726305979	3.02125874883245e-07	6.76985756682827e-06	5.02310642059895	1.10160754541867	FBgn0035880	CUB and LDLa domain	protein_coding	38946
FBgn0014391	1160.17607986995	1.45896034048211	0.279481115714834	26.2177319147233	3.05008943821444e-07	6.81642679199902e-06	376.814840162951	200.894139744048	FBgn0014391	stunted	protein_coding	44046
FBgn0027843	1223.6007345395	-1.66231104625184	0.317211099690649	26.1240196087041	3.20176200484947e-07	7.11782786904857e-06	17.3543800331511	61.2559715504347	FBgn0027843	Carbonic anhydrase 2	protein_coding	39390
FBgn0039052	272.436069660349	2.30637220623619	0.432437877021767	26.127292265145	3.19633996346656e-07	7.11782786904857e-06	12.2430856690653	5.14134617224436	FBgn0039052		protein_coding	42731
FBgn0263830	383.190837445732	1.62542692050725	0.311282485382074	26.1069422294925	3.23020524529504e-07	7.16226136849451e-06	29.1459492699572	14.915095772253	FBgn0263830		protein_coding	3355162
FBgn0265185	4014.69034217888	1.3842443820647	0.266173604463229	26.0813833784142	3.27324873226674e-07	7.23875111287189e-06	263.014390260124	151.188421455714	FBgn0265185		protein_coding	19836034
FBgn0035032	4005.57955899964	1.41715345991945	0.272532747600654	26.0331177837078	3.35610679146643e-07	7.40266263638559e-06	696.691706970319	385.866980932563	FBgn0035032	ATP synthase, subunit F	protein_coding	37931
FBgn0030347	507.823595731683	1.71952146599157	0.329148337650321	25.9367185955121	3.52794310045338e-07	7.76147482099744e-06	26.5808344594759	10.0102275116208	FBgn0030347		protein_coding	32146
FBgn0259101	4024.03495510439	1.34507603005392	0.259694656415969	25.922170742201	3.55463048648164e-07	7.79992751826412e-06	163.028503097335	73.4260343705046	FBgn0259101		protein_coding	32043
FBgn0038400	1694.18663138907	1.26137224870378	0.244196482759944	25.9103239139481	3.57651239428735e-07	7.8276640774196e-06	126.93615299375	72.1412319507881	FBgn0038400	MICOS subunit 26/27	protein_coding	41959
FBgn0016694	496.431815699525	1.88942307259859	0.360042558145554	25.8979356115153	3.59953888763372e-07	7.85775628305607e-06	9.35903560611134	3.15800901850179	FBgn0016694	PAR-domain protein 1	protein_coding	45588
FBgn0033769	108.553187228895	2.12306033965624	0.405882116258792	25.8737071469973	3.64500346546527e-07	7.93654996207991e-06	5.96312485667394	2.17426226463393	FBgn0033769		protein_coding	36400
FBgn0038986	52.0681308914336	3.53784988117778	0.656546432221073	25.8639092121394	3.66355229671511e-07	7.95648409055821e-06	2.67009892836347	0.304043308566714	FBgn0038986	stuck in traffic	protein_coding	42658
FBgn0032934	202.396756194066	-1.59094754761011	0.307458997599437	25.8538942822614	3.68260972363573e-07	7.97741799467894e-06	1.58169421272904	7.62914494518727	FBgn0032934		protein_coding	35395
FBgn0036367	609.583358479783	1.51811911647185	0.292869350842393	25.8152459032781	3.75709019620106e-07	8.11799845964871e-06	54.2897201269894	26.0236757102417	FBgn0036367		protein_coding	39515
FBgn0032810	90.353683369505	2.69503897958847	0.506847723343515	25.7987878792707	3.78926364854611e-07	8.16668272345687e-06	8.58763603231938	2.32061476904279	FBgn0032810		protein_coding	35252
FBgn0028703	1087.67963981882	-1.07945138943208	0.210764546659517	25.6973761770741	3.99369668184689e-07	8.58543423737135e-06	10.6915156960202	30.9430218381951	FBgn0028703	Na[+]/H[+] hydrogen exchanger 3	protein_coding	33939
FBgn0038242	373.586400983696	3.18053305276857	0.58032129173758	25.6843906571665	4.02066018171697e-07	8.6215168959855e-06	78.1361197539425	11.3172403820966	FBgn0038242		protein_coding	41765
FBgn0027348	3209.83330677239	2.15173725648777	0.407664770250816	25.6257904827276	4.14462740728633e-07	8.8648975100291e-06	103.238250086791	29.9963430588197	FBgn0027348	bubblegum	protein_coding	44117
FBgn0034406	4263.69017539158	1.32404311950076	0.257583087714633	25.5568512597626	4.29538134270246e-07	9.16420150445587e-06	194.846031438555	89.9740495562138	FBgn0034406	Juvenile hormone epoxide hydrolase 3	protein_coding	37182
FBgn0032850	363.346287173102	1.83034340568421	0.352834899287021	25.4618097183825	4.51227034338112e-07	9.60274618302464e-06	14.4365445810651	6.21990974889546	FBgn0032850	Kua	protein_coding	35300
FBgn0030157	782.358490583443	1.57563250975113	0.305719627911618	25.4180661420725	4.61575200036215e-07	9.79835073761088e-06	81.1701960629025	40.507621257945	FBgn0030157		protein_coding	31920
FBgn0033246	9084.38459320585	2.74397023274182	0.510682020848975	25.3539058623163	4.77185191081009e-07	1.00791984250777e-05	79.835879091937	17.3848571761946	FBgn0033246	Acetyl-CoA carboxylase	protein_coding	35761
FBgn0034318	1443.49609659867	1.20995116614742	0.237091768942562	25.3543424676321	4.77077197816334e-07	1.00791984250777e-05	169.112743380093	100.85183734033	FBgn0034318		protein_coding	37087
FBgn0037174	112.691757381421	1.94672591004131	0.377906208901918	25.2897385189605	4.93326286616912e-07	1.03942130538439e-05	4.65681759071341	2.07677169306365	FBgn0037174		protein_coding	40479
FBgn0002772	16011.0266001583	1.74289347565839	0.336992299948872	25.2685217093719	4.98782834004037e-07	1.04831032357672e-05	1308.12397642381	645.449730089748	FBgn0002772	Myosin alkali light chain 1	protein_coding	43323
FBgn0038257	534.575117304495	2.24646617608365	0.42830353142415	25.2469533767696	5.04391811218036e-07	1.05747491114276e-05	38.4505115844483	13.6901074275907	FBgn0038257	Senescence marker protein-30	protein_coding	41786
FBgn0017448	175.62864350585	1.88805537054838	0.366362210275793	25.2154017114761	5.12711132266074e-07	1.07226254081325e-05	6.82522519871124	2.10225377338945	FBgn0017448		protein_coding	43743
FBgn0004428	322.59021706228	1.79597134713709	0.348547806587598	25.179909653727	5.2223396036467e-07	1.08720962947613e-05	66.7472454528878	22.498323043707	FBgn0004428	Lysozyme E	protein_coding	38128
FBgn0030403	1067.64774803435	1.07649320329158	0.212341370439246	25.1792027969228	5.22425406371648e-07	1.08720962947613e-05	23.7759227245507	16.450693135913	FBgn0030403		protein_coding	32208
FBgn0039112	1543.27624368444	1.14743291628247	0.226010321031068	25.1620349297283	5.2709684309483e-07	1.09424271103265e-05	128.124457158952	84.5820914553935	FBgn0039112	Succinate dehydrogenase, subunit D	protein_coding	42808
FBgn0031560	584.704394110673	3.16380767796813	0.582603552499552	25.1382892346871	5.33627231581748e-07	1.10509111283555e-05	302.416051492635	71.6043048628556	FBgn0031560		protein_coding	33591
FBgn0033903	218.655505114431	1.53235298079842	0.300883843574645	25.0615324452201	5.55296452327666e-07	1.1471612076135e-05	10.5007496379453	5.03569843713924	FBgn0033903		protein_coding	36566
FBgn0037873	1084.0925854059	1.21757720742269	0.241172614715324	24.8215954569489	6.28889395996383e-07	1.29603240488792e-05	130.651272862859	79.9155134263163	FBgn0037873	Succinate dehydrogenase, subunit C	protein_coding	41340
FBgn0033570	1025.02235053514	1.10321985572511	0.21941921265508	24.737480826367	6.56941239770926e-07	1.35055638370382e-05	179.41926277864	117.509898511264	FBgn0033570	NADH dehydrogenase (ubiquinone) B14 subunit	protein_coding	36159
FBgn0037396	436.486843428305	-4.17925892322523	0.746067675960004	24.676784913218	6.77959206605863e-07	1.39039091524253e-05	0.636939646312008	44.9611061688878	FBgn0037396		protein_coding	40741
FBgn0032069	17067.4169479165	2.04266478711867	0.395888046747788	24.6605127436039	6.83707714297583e-07	1.39879331886486e-05	435.141009303095	135.663418280608	FBgn0032069	Lysosomal alpha-mannosidase VI	protein_coding	34206
FBgn0003515	112.294859230079	2.30445058946964	0.448100392129177	24.636148959303	6.9240626566376e-07	1.41317616148724e-05	4.12560840189884	0.911416746477786	FBgn0003515	scarlet	protein_coding	39836
FBgn0038523	4255.862576246	-2.66731431874977	0.505982602457665	24.572215792116	7.15763508909371e-07	1.45733579818807e-05	85.5972447110711	1419.99415837952	FBgn0038523		protein_coding	42113
FBgn0026593	719.158140801785	1.21273552989188	0.241599634665292	24.5666550898343	7.17832016672188e-07	1.45804248949962e-05	30.4810427115282	20.2141358964361	FBgn0026593		protein_coding	48422
FBgn0038105	82.7127136556886	2.24776809952147	0.440365985916444	24.5568352633845	7.21499511781698e-07	1.46198585282081e-05	3.85703550557921	1.17662127378844	FBgn0038105	yellow-f2	protein_coding	41596
FBgn0031515	998.675088887804	-1.48867726476581	0.294656285845103	24.5495517775582	7.24231868410304e-07	1.46402002993682e-05	8.42451081641062	36.9331925489457	FBgn0031515		protein_coding	33540
FBgn0003076	6724.53993715629	1.58589945019433	0.312722025090134	24.5265868823431	7.32915129872481e-07	1.4780455119095e-05	249.203214175213	107.945977238878	FBgn0003076	Phosphoglucose mutase 1	protein_coding	44010
FBgn0024293	1566.42344039678	1.35404286342386	0.268975032013999	24.4935358287966	7.45595628902093e-07	1.50004631277927e-05	72.3312533501829	44.3525579091554	FBgn0024293	Serpin 43Ab	protein_coding	45040
FBgn0261393	765.8476253698	1.36927082212366	0.272621300147037	24.4035252717296	7.81256012785074e-07	1.56806597826767e-05	27.6277380777592	14.5005373886491	FBgn0261393	alpha-Esterase-5	protein_coding	40905
FBgn0031732	417.095333594677	1.52817916445141	0.30359571866577	24.3664613542453	7.96432553902603e-07	1.59474792708157e-05	14.2185799730203	6.82785051857745	FBgn0031732		protein_coding	33800
FBgn0023537	4251.90074145372	1.39168518795645	0.276868093307383	24.3550324510551	8.01171709686978e-07	1.59668808965852e-05	164.237116077775	77.8082134333842	FBgn0023537		protein_coding	30995
FBgn0036749	73.7350879820688	2.19010507433461	0.432263910575518	24.3586734794513	7.99658844636464e-07	1.59668808965852e-05	2.97140141718283	0.858533430952449	FBgn0036749		protein_coding	39973
FBgn0030362	36524.0813918109	1.49158891633772	0.296305200026553	24.2879060001669	8.29583007598959e-07	1.64942912543737e-05	2514.56024600865	1240.09357727863	FBgn0030362	regucalcin	protein_coding	32165
FBgn0259716	1880.57762119132	-1.70411803294252	0.336899579504081	24.2613433265284	8.41102710825268e-07	1.66841685262061e-05	18.5678741926628	78.7717728254824	FBgn0259716	Neprilysin-like 6	protein_coding	33893
FBgn0263864	718.499552687055	-1.31249262442147	0.263288495344941	24.1388533313552	8.96334786615662e-07	1.77382141183053e-05	2.90478644701096	12.4552048950327	FBgn0263864	Death-associated APAF1-related killer	protein_coding	36914
FBgn0010516	4044.97522023942	1.11934473389624	0.225186561579645	24.124390764681	9.03091695532875e-07	1.7830271937444e-05	216.974801248298	142.083349506814	FBgn0010516	walrus	protein_coding	36252
FBgn0034761	486.503537280851	1.93267605729027	0.381345771411819	24.0840114818682	9.22228505870487e-07	1.81657568481931e-05	81.5832192917723	25.1818255641879	FBgn0034761		protein_coding	37599
FBgn0038082	1128.57110915507	2.73135170044791	0.52257468304412	24.0745620336361	9.26765251846016e-07	1.8212764926069e-05	42.348981803888	10.3284872553701	FBgn0038082	UDP-glycosyltransferase family 37 member A2	protein_coding	41573
FBgn0002569	210.922868695095	1.94449722847054	0.385138545746512	24.039957173437	9.43571177405997e-07	1.85001108162704e-05	8.70192048559722	2.20125052382302	FBgn0002569	Maltase A2	protein_coding	35825
FBgn0038492	509.088780478668	-3.33602927397529	0.62507778653178	24.0255547527552	9.50655496934278e-07	1.85959631848345e-05	0.251915445519105	7.61915861753123	FBgn0038492	Mucin related 89F	protein_coding	42080
FBgn0035964	2973.07083355646	-1.81225241313681	0.359551386544981	23.9193703948588	1.00455884083847e-06	1.96050999582992e-05	54.2246678414696	372.475547850677	FBgn0035964	Dihydropteridine reductase	protein_coding	39050
FBgn0036992	80.2433515454673	2.51792597214426	0.495955901326917	23.9027997022687	1.01324297032579e-06	1.97291217440447e-05	4.17107720873112	1.1575511014197	FBgn0036992	4-hydroxyphenylpyruvate dioxygenase	protein_coding	40263
FBgn0039852	200.439451619619	-2.19599530643109	0.434025292034277	23.8514369476812	1.04064167604946e-06	2.01830417026155e-05	0.843621432683314	4.42728367953761	FBgn0039852	nyobe	protein_coding	43716
FBgn0051380	33.5022331586008	-4.27267474340866	0.854811814645324	23.8501806792148	1.04132104179964e-06	2.01830417026155e-05	0.152169458990508	2.82810926401486	FBgn0051380		protein_coding	318701
FBgn0010415	4217.72739371437	-1.13116635888814	0.229194169314574	23.7722614493514	1.08433930221709e-06	2.09688444972118e-05	51.6377040323347	167.656850636321	FBgn0010415	Syndecan	protein_coding	37447
FBgn0001258	7564.35205861363	1.75379784795414	0.350766269169255	23.602482380031	1.18434630639757e-06	2.28505995790146e-05	346.021151498451	174.327623676178	FBgn0001258	Lactate dehydrogenase	protein_coding	45880
FBgn0051975	48.3663062986822	2.87820801926789	0.570829373843148	23.5731802319832	1.20251975152276e-06	2.31485052168131e-05	2.64405541297359	0.597487872679196	FBgn0051975		protein_coding	319052
FBgn0033926	34932.3650968142	1.31071022737332	0.265880893640926	23.5105626972705	1.24229862174271e-06	2.38447251454258e-05	852.614723706877	495.735128641414	FBgn0033926	Activity-regulated cytoskeleton associated protein 1	protein_coding	36595
FBgn0050187	293.230231734789	2.35026547664538	0.463434427642941	23.5074386781223	1.24431741608952e-06	2.38447251454258e-05	10.6055961291105	3.81807152967869	FBgn0050187		protein_coding	246509
FBgn0027552	3185.69610610706	1.36283388512951	0.276228818151005	23.5018808227204	1.24791713395195e-06	2.38597248861694e-05	194.229502416744	116.779930583848	FBgn0027552		protein_coding	38463
FBgn0010041	54.222067485399	2.66572009582033	0.532216362714147	23.4463815919724	1.284440823067e-06	2.45027337193187e-05	5.7244080257673	1.53947580299293	FBgn0010041	Glutathione S transferase D5	protein_coding	48338
FBgn0042105	273.757015526779	2.09360372256428	0.417379058345038	23.4267617466405	1.29760742264382e-06	2.46982806062768e-05	13.4346859551483	3.84418439626491	FBgn0042105		protein_coding	59144
FBgn0010053	1040.62396481869	1.34150481482464	0.272824557179535	23.3999379385496	1.31582782457591e-06	2.49889275205336e-05	47.0306797340825	24.3687180935029	FBgn0010053	Juvenile hormone epoxide hydrolase 1	protein_coding	251984
FBgn0040367	115.915803456343	-2.80083729055679	0.551138685095395	23.3516628502807	1.3492681765039e-06	2.55666699216734e-05	0.741169290537258	5.25913853259658	FBgn0040367		protein_coding	31069
FBgn0038129	1511.81388617287	-1.38336891088919	0.281517252421333	23.3131523945835	1.37655470756329e-06	2.60254874398684e-05	15.9875265184026	56.0240370993903	FBgn0038129	TBC1 domain family member 5	protein_coding	41628
FBgn0033128	471.510858976312	2.17601407129877	0.43310925809931	23.2853794483393	1.39657605939731e-06	2.63452098509916e-05	24.300472055713	9.53889787158464	FBgn0033128	Tetraspanin 42Eg	protein_coding	35616
FBgn0032779	1957.04340759824	1.58253499196384	0.320490099604995	23.2740074087766	1.40485813593537e-06	2.64425520252724e-05	62.1858866837791	25.7499786668064	FBgn0032779	Alkaline phosphatase 12	protein_coding	35218
FBgn0265575	1151.02701190518	-2.26300525082762	0.449069659923378	23.2268928280354	1.43969905330678e-06	2.70382505133224e-05	4.98536390349764	40.8128818831414	FBgn0265575	yin	protein_coding	31340
FBgn0010019	2818.12241085699	1.25120687866441	0.25640155140611	23.1174938478742	1.52397837548218e-06	2.8494695011775e-05	76.0169400939742	40.7571359495896	FBgn0010019	Cytochrome P450 4g1	protein_coding	30986
FBgn0032833	4951.79311217431	1.08646908959611	0.22341467887363	23.1187292435555	1.52299954871626e-06	2.8494695011775e-05	566.078732733714	359.237099361564	FBgn0032833	Cytochrome c oxidase subunit 4	protein_coding	35279
FBgn0035041	139.329166637348	-2.09081913143655	0.422770496141257	23.1088847025321	1.53081710226208e-06	2.85595173043167e-05	0.777385830907018	4.74812295472539	FBgn0035041		protein_coding	37940
FBgn0264489	6980.44968158229	1.28450634078055	0.263076966458988	23.0984734536561	1.53912847367646e-06	2.86514685099772e-05	130.596306744029	84.0219391945724	FBgn0264489		protein_coding	39153
FBgn0037477	51.1066781215719	6.14149892177115	1.16434195718675	23.0429281086529	1.58424166660193e-06	2.94265941142946e-05	8.26623988079348	0.329563947506202	FBgn0037477		protein_coding	40856
FBgn0033760	1316.26038322088	1.68766548920703	0.342643765462156	23.0249633511016	1.59911441010728e-06	2.96378535089906e-05	49.774970045435	22.6612153307322	FBgn0033760		protein_coding	36391
FBgn0010359	46339.5951850444	1.51303792406248	0.308727868562944	22.993426135206	1.62556311848483e-06	3.00622698986168e-05	5454.94690299666	2248.86722694207	FBgn0010359	gammaTrypsin	protein_coding	36221
FBgn0030984	141.723418095952	1.48068494850881	0.304708004496981	22.9803288537673	1.63667570248861e-06	3.02018370372081e-05	7.83617853052241	3.43648792394759	FBgn0030984	twiggy	protein_coding	32896
FBgn0037936	704.542094923835	2.40756010912322	0.478467470718925	22.9192316380582	1.68952986715167e-06	3.1109386901684e-05	25.2445249018785	10.5935328101158	FBgn0037936		protein_coding	41410
FBgn0032782	210.246768848984	1.63469789741975	0.334915520875144	22.8830462724172	1.72163702226445e-06	3.16318125348805e-05	8.93183907432914	4.1843603311139	FBgn0032782	Rab9	protein_coding	35221
FBgn0035495	686.411174079981	1.18329083519961	0.244562914868885	22.8424647734896	1.75837351793368e-06	3.22368478287842e-05	40.2659867519706	24.4865412320765	FBgn0035495		protein_coding	38485
FBgn0036728	2399.05328955853	1.33433182065808	0.274696966795369	22.8175422293127	1.78132338912173e-06	3.25870607038036e-05	675.958868627175	387.556556423733	FBgn0036728	Ubiquinol-cytochrome c reductase ubiquinone-binding protein	protein_coding	39950
FBgn0283451	11365.5408556828	-1.75004899625232	0.356156801966163	22.8005485514905	1.79714402899228e-06	3.28056248395789e-05	34.9861805165409	181.81234066371	FBgn0283451	broad	protein_coding	44505
FBgn0038680	539.181220044048	1.81352777420289	0.36996599269082	22.6895279980424	1.90402706845034e-06	3.46819554188697e-05	18.2400995636537	7.32023743000497	FBgn0038680	Cytochrome P450 12a5	protein_coding	42293
FBgn0016687	3150.15709656529	1.14800600056404	0.238056093474092	22.6808374757712	1.91265805289042e-06	3.47644070986736e-05	186.310162538739	119.964176067218	FBgn0016687	Nucleosome remodeling factor - 38kD	protein_coding	37922
FBgn0028424	1835.63815425585	1.61103004458663	0.33049486740561	22.6468329597985	1.94680850027712e-06	3.51759526871991e-05	89.622295719181	35.056442619032	FBgn0028424	Juvenile hormone-inducible protein 26	protein_coding	36819
FBgn0028684	3052.92802706539	-1.00031974342131	0.208234307551096	22.6458947440323	1.94775936367136e-06	3.51759526871991e-05	53.955068978462	166.777776066718	FBgn0028684	Regulatory particle triple-A ATPase 5	protein_coding	42805
FBgn0038674	174.083147320219	1.55872532090132	0.321984410606759	22.649801785435	1.9438027202087e-06	3.51759526871991e-05	13.7816521768478	6.78687297982864	FBgn0038674		protein_coding	42281
FBgn0033942	185.297792480118	2.2232315195532	0.449934892576968	22.6320091799521	1.96188670478768e-06	3.53557029564929e-05	22.8028255974484	8.90064935393348	FBgn0033942	Cuticular protein 51A	protein_coding	36613
FBgn0263117	130.991372816321	-1.86208315305309	0.384614122725042	22.4893821726911	2.11308381648273e-06	3.79996176764516e-05	0.377248541757784	2.33345343930735	FBgn0263117		protein_coding	42608
FBgn0034899	8876.58042660603	2.23518198376533	0.450926056160905	22.4521239261451	2.15447125170125e-06	3.86618040294694e-05	1502.36613756889	455.237200702025	FBgn0034899		protein_coding	37758
FBgn0037817	431.371601062213	2.17621574893779	0.441523877398619	22.4194943212171	2.19138449778383e-06	3.92410712393848e-05	14.2432140262789	6.71314023679337	FBgn0037817	Cytochrome P450 12e1	protein_coding	41272
FBgn0037709	417.331530038171	1.25794693190463	0.262417558347328	22.3834327584718	2.2329187939226e-06	3.99004687437225e-05	14.9577031457602	8.76976257368319	FBgn0037709		protein_coding	41149
FBgn0025578	3164.5657598929	2.00707382985938	0.409134186455488	22.35955381377	2.26085532584231e-06	4.03146202313355e-05	1246.14267065231	537.17302468388	FBgn0025578	Larval cuticle protein 9	protein_coding	37963
FBgn0051373	349.86053471122	1.62548014890744	0.336922059415102	22.2724666438376	2.36574518644891e-06	4.2096348170635e-05	37.666872030404	18.3739265063966	FBgn0051373		protein_coding	318700
FBgn0031178	303.199234341231	2.09592923115027	0.430293961958321	22.0632181137755	2.63816713596265e-06	4.68454415966534e-05	45.4306483155815	10.7947055664023	FBgn0031178		protein_coding	33123
FBgn0032024	246.393325985179	2.39825063121478	0.487642291797334	22.037081357932	2.67433561010334e-06	4.73883318359316e-05	15.4843649277223	6.03133939608973	FBgn0032024		protein_coding	34146
FBgn0032820	2788.7994530955	1.52939781611833	0.318827413532753	22.0230574743004	2.6939467400184e-06	4.76361772191145e-05	160.710208508434	87.5285804316854	FBgn0032820	fructose-1,6-bisphosphatase	protein_coding	35265
FBgn0031940	985.284994770305	3.61926883160454	0.697147876757104	21.9895092659059	2.74144830475622e-06	4.83751398776775e-05	102.105600867151	3.76829407671466	FBgn0031940		protein_coding	34053
FBgn0030612	237.448248334087	1.99215207065367	0.411481784613168	21.9794846203633	2.75580480124393e-06	4.85273735271021e-05	8.70148843801333	3.31146331916557	FBgn0030612	Dihydrolipoamide branched chain transacylase E2	protein_coding	32441
FBgn0029849	723.905668953256	1.64750159833557	0.343319933827035	21.9405697724135	2.81225392012112e-06	4.94186529116719e-05	22.2560520388272	12.6192340679786	FBgn0029849	ER GDP-fucose transporter	protein_coding	31553
FBgn0038301	378.039696344343	-1.53502829359747	0.32201824012394	21.8820661175026	2.89930889019937e-06	5.0842953002047e-05	3.44806725291478	15.8229374710604	FBgn0038301		protein_coding	41831
FBgn0034267	418.663090906276	1.28081434695385	0.270322264261089	21.8635095659743	2.92748243190597e-06	5.12309425583544e-05	12.956550857296	8.21072522922647	FBgn0034267		protein_coding	37017
FBgn0038294	18140.9709345603	1.3887576916346	0.291733184590382	21.8389239129703	2.96523318125679e-06	5.17845877221547e-05	1084.19689874079	570.954502781997	FBgn0038294	Myofilin	protein_coding	41824
FBgn0000052	3019.47946583429	-1.19673299179971	0.253333534422517	21.7183787018041	3.15751697487892e-06	5.50291538626018e-05	18.7860425586326	55.7756071327094	FBgn0000052	Phosphoribosylformylglycinamidine synthase	protein_coding	33847
FBgn0031860	227.249178452141	1.4945323100563	0.315347063548166	21.7079068286113	3.17480019246605e-06	5.52167507806724e-05	13.7776350813683	6.52006356974367	FBgn0031860	D-amino acid oxidase 2	protein_coding	33955
FBgn0043576	10530.1306174783	2.694522334039	0.543497465144681	21.6710879496153	3.23632469417502e-06	5.61714552452098e-05	2592.70695517057	581.178012291129	FBgn0043576	Peptidoglycan recognition protein SC1a	protein_coding	35859
FBgn0033382	993.458357689643	1.13427302532054	0.241707708647685	21.5140673779703	3.51242589219756e-06	6.083895154788e-05	32.8405189402516	19.8273952384432	FBgn0033382	alpha/beta hydrolase 1	protein_coding	35930
FBgn0034288	6621.24543333953	1.09158492961802	0.233043399638873	21.4417585027947	3.64740361783115e-06	6.30479768225099e-05	662.732072155594	407.550488673583	FBgn0034288		protein_coding	37051
FBgn0000592	67.3167444224588	2.23710732672771	0.469776901860218	21.4360730371295	3.65823473989762e-06	6.31064119082136e-05	2.61246274310359	0.748294640783703	FBgn0000592	Esterase 6	protein_coding	39392
FBgn0085244	122.527230112703	1.93601423043505	0.407663531579032	21.430311446951	3.66924380918144e-06	6.31676728938349e-05	31.6742898983356	11.9548826477799	FBgn0085244		protein_coding	5740170
FBgn0034638	2125.04230236535	1.70169105556054	0.357963666946627	21.4171059306878	3.69460208714526e-06	6.34752123288445e-05	190.065817921441	71.1393491785971	FBgn0034638		protein_coding	37458
FBgn0031378	72.3599895272133	2.83690355035238	0.584789777750114	21.3821718563745	3.76253646665832e-06	6.45115058149716e-05	8.50647242918514	1.27847833872949	FBgn0031378		protein_coding	33371
FBgn0037518	225.900269728132	1.63669846860522	0.346918526547508	21.3294812634487	3.86737959273776e-06	6.61751619201794e-05	8.99002648683162	5.1506216945511	FBgn0037518		protein_coding	40921
FBgn0051973	875.730510184727	1.93169370953573	0.404590525542283	21.3224726336567	3.88154444039505e-06	6.62836318752946e-05	7.63629630999925	4.11665049241566	FBgn0051973	Chitin deacetylase-like 5	protein_coding	33158
FBgn0033592	49.981376419534	-3.12637099517543	0.650335546834018	21.3115375379032	3.90374895670823e-06	6.65286794030558e-05	1.07707702703181	8.63577125873799	FBgn0033592		protein_coding	36182
FBgn0038878	376.995053173684	1.39172037786762	0.296759105063634	21.2918876107326	3.94397039160307e-06	6.70791751342931e-05	41.4979854021324	19.0200795990682	FBgn0038878		protein_coding	42528
FBgn0031910	1111.60333787369	-1.41284356947651	0.300960938174592	21.2593994741113	4.01138460579752e-06	6.80890332887875e-05	24.6983894769822	87.8117699720604	FBgn0031910		protein_coding	34019
FBgn0031470	100.336203856214	-1.58739209626967	0.340715509352365	21.245733432757	4.04008658639392e-06	6.8439066773513e-05	2.13629825041842	9.8890784314007	FBgn0031470		protein_coding	33483
FBgn0039778	15520.673530716	1.94887970196658	0.408300572978548	21.2391310706636	4.05402688081052e-06	6.85381390827646e-05	1112.83876840665	463.065032581881	FBgn0039778	Jonah 99Fi	protein_coding	43622
FBgn0038717	294.454097338828	2.15273099188587	0.449853319279689	21.2111697785729	4.11360173032062e-06	6.94067861669634e-05	10.1997548814279	3.84486181892974	FBgn0038717		protein_coding	42336
FBgn0038943	1875.57130776079	-2.38154839367301	0.492398079490478	21.1810164174879	4.17883201571677e-06	7.03672110797635e-05	31.007741079586	314.83235651141	FBgn0038943		protein_coding	42611
FBgn0021967	1593.7223682747	1.0795813505935	0.232283155951217	21.1388347972881	4.27182831237689e-06	7.17904480274449e-05	201.428528117803	133.298303886525	FBgn0021967	NADH dehydrogenase (ubiquinone) PDSW subunit	protein_coding	44228
FBti0060500	10.4366522562269	-6.61002333722166	1.48259040473157	21.0724526863037	4.42240282785938e-06	7.41737662415227e-05	0	6.03532429140657	FBti0060500		transposable_element	NA
FBgn0001229	689.209149664023	-2.78480525133787	0.569296059113602	21.053089310517	4.46732002481114e-06	7.44846468703747e-05	10.9583980242285	54.7255814393219	FBgn0001229	Heat shock gene 67Bc	protein_coding	39071
FBgn0021765	5344.80127922025	1.3145269686995	0.281786451349039	21.0560754469753	4.46036334569599e-06	7.44846468703747e-05	370.758252277693	214.320231944399	FBgn0021765	scully	protein_coding	32789
FBgn0038079	138.739578700063	2.11217610908719	0.446683950069316	20.9834574278034	4.63266225235873e-06	7.7089684238661e-05	16.3559731256966	5.85534805072497	FBgn0038079	Ninjurin C	protein_coding	41568
FBgn0004865	815.864154894732	-3.65034792709036	0.719997623134869	20.9698481076418	4.66568833420215e-06	7.74870199817494e-05	0.870350808881484	8.51832833784872	FBgn0004865	Ecdysone-induced protein 78C	protein_coding	40345
FBgn0010213	1250.21297255695	1.04219559042267	0.225490457457889	20.9450807610434	4.72639937220713e-06	7.83416882242552e-05	99.5026116717413	71.1109091582451	FBgn0010213	Superoxide dismutase 2 (Mn)	protein_coding	36878
FBgn0039152	2937.28757409713	1.22817609041501	0.264866318353662	20.8935402685284	4.85529186843782e-06	7.98530526712006e-05	24.4155327100863	13.596075071502	FBgn0039152	Rootletin	protein_coding	42860
FBgn0039830	17905.0576578382	1.21745834918727	0.262549174667789	20.8949055319161	4.85183254991189e-06	7.98530526712006e-05	1492.44261043383	930.506644380134	FBgn0039830	ATP synthase, subunit C	protein_coding	43693
FBgn0283427	36959.0740811601	2.55714794400007	0.52814360894797	20.8956652386395	4.84990866842839e-06	7.98530526712006e-05	291.093363915195	67.0563791835258	FBgn0283427	Fatty acid synthase 1	protein_coding	33524
FBgn0038925	873.984356361715	1.15491922306371	0.250008065258096	20.8423422836523	4.98682050992443e-06	8.18573056570929e-05	49.6992583329461	28.9714516311469	FBgn0038925	Cytochrome c heme lyase	protein_coding	42590
FBgn0014869	6718.79144825983	1.55289549839923	0.332666663385487	20.8192249484992	5.04737557968552e-06	8.26910467310181e-05	463.150080630837	248.637675026026	FBgn0014869	Phosphoglyceromutase 78	protein_coding	43447
FBgn0053965	232.413249917546	2.05509493226003	0.435472232739362	20.8058367653326	5.0827823656348e-06	8.31103603029474e-05	15.2069410144546	5.57142444457273	FBgn0053965		protein_coding	3885668
FBgn0031830	1787.29477863088	1.49190816073659	0.320890551581055	20.7398062729312	5.26108909647897e-06	8.58601630966799e-05	294.797308000905	163.563729853503	FBgn0031830	Cytochrome c oxidase subunit 5B	protein_coding	33918
FBgn0033928	334.392329341494	1.45310517489369	0.313883644712172	20.6979293973489	5.3774119630547e-06	8.75897679366794e-05	27.7922296277141	14.5255179928694	FBgn0033928	Arc2	protein_coding	36597
FBgn0033905	225.890905373285	1.18569430209863	0.258378362396508	20.6570687414442	5.49339990926777e-06	8.93072883522035e-05	13.5153323134854	8.5735661830158	FBgn0033905		protein_coding	36568
FBgn0003356	115943.146801908	1.95869115969987	0.416634392185241	20.5875826498042	5.6964401492272e-06	9.24307434175371e-05	14359.3116144536	3995.2032859173	FBgn0003356	Jonah 99Cii	protein_coding	43544
FBgn0037144	253.543399810428	1.78041106901367	0.382668854094022	20.5524569933157	5.80192747288317e-06	9.39623818266165e-05	9.26757142478906	2.96806033897668	FBgn0037144		protein_coding	40441
FBgn0032068	5082.44855162565	1.85167938814587	0.396180732260241	20.4990026626407	5.96623306125261e-06	9.64389199023084e-05	118.516821591531	47.7233306172399	FBgn0032068	Lysosomal alpha-mannosidase V	protein_coding	34205
FBgn0033978	5301.24865634155	2.08163162258332	0.442233439611349	20.4739573605318	6.04481508191308e-06	9.75230166548643e-05	188.613946293798	76.0912043282249	FBgn0033978	Cytochrome P450 6a23	protein_coding	36661
FBgn0028325	3185.22123340863	1.22067058630733	0.26630678797698	20.4216614956621	6.21226397899018e-06	0.000100033984604652	123.012855340008	74.2281420236307	FBgn0028325	Pyruvate dehydrogenase E1 alpha subunit	protein_coding	31406
FBti0062015	532.308110684504	-1.37006245175484	0.298448216972029	20.389831855351	6.31645229693751e-06	0.000101518692514347	4.22782814965504	16.3120434005496	FBti0062015		transposable_element	NA
FBgn0051974	523.910379846754	2.06348714329968	0.440873221697437	20.3336304542566	6.50471830484391e-06	0.000104346522806871	24.1813855291136	8.68764408916897	FBgn0051974		protein_coding	33174
FBgn0015001	1991.25094899272	1.10639125573439	0.242587359509091	20.3284257391064	6.52243573951423e-06	0.000104432950309424	187.11394260456	114.840835146674	FBgn0015001	iotaTrypsin	protein_coding	36223
FBgn0031700	19.8857224253648	3.23974196639379	0.713071249574723	20.3162207964329	6.56417295290438e-06	0.000104845649763779	3.39628369548108	0.540075954650136	FBgn0031700		protein_coding	33763
FBgn0039155	566.461731296963	-1.49954214346026	0.326436514352786	20.3136588197291	6.57296812568675e-06	0.000104845649763779	5.02554509786164	24.4148697361754	FBgn0039155	Kallmann syndrome 1	protein_coding	42865
FBgn0034204	5525.24126683435	3.15414759942968	0.645270184335563	20.263936359404	6.74602564367449e-06	0.000107403829326923	445.896963046115	98.2837763591501	FBgn0034204		protein_coding	36941
FBgn0032222	574.345953257773	1.17847724732442	0.259155819057645	20.1987962580671	6.97968423193714e-06	0.000110915432353673	24.519860195658	17.20777180397	FBgn0032222	Cytochrome c oxidase assembly factor 10	protein_coding	34394
FBgn0039737	11395.7557512113	1.33878886458858	0.29296140069641	20.1774337456703	7.05806749158939e-06	0.000111950995606296	472.042435262418	229.50655439508	FBgn0039737		protein_coding	43562
FBgn0031184	70.3527572109746	1.92783378010916	0.420904836072849	20.1326779536392	7.22516215076747e-06	0.000114387146573833	3.1932175116493	1.1008797818831	FBgn0031184		protein_coding	33129
FBgn0041789	9183.0358101539	1.16983935643558	0.257463224264171	20.1066238624753	7.32425732121602e-06	0.000115739663266231	373.575918712877	234.364974267766	FBgn0041789	Paxillin	protein_coding	35215
FBgn0050345	1041.74569069231	-1.06093207030359	0.234241125490809	20.0993391490714	7.35220756476223e-06	0.000115964987101557	13.2871741640454	38.3015014508535	FBgn0050345		protein_coding	246553
FBgn0053668	9.21434205684287	6.87150052653004	1.53967033628585	20.0879990134846	7.39593102582793e-06	0.000116437798863871	2.24545655372049	0	FBgn0053668		protein_coding	3772084
FBgn0016119	2854.09316503536	1.05260846128962	0.232503132878594	20.0676917362086	7.47488182851528e-06	0.000117462428733812	492.959515946298	351.819985162862	FBgn0016119	ATP synthase, coupling factor 6	protein_coding	42759
FBgn0051446	341.724456669447	1.91315882308076	0.414326004576032	20.0371777290817	7.59510814480856e-06	0.000119130677752831	29.023948481917	11.1934177301783	FBgn0051446		protein_coding	318741
FBgn0010038	140.938593661722	1.97058952211016	0.428580380456014	19.9476072582593	7.95935001351143e-06	0.00012441880997924	17.2762755851767	6.97017549609737	FBgn0010038	Glutathione S transferase D2	protein_coding	48335
FBgn0011227	260.241287579888	1.44077602566937	0.317451529675495	19.9435356096318	7.97631804235268e-06	0.00012441880997924	173.236359016185	85.59074855561	FBgn0011227	oxen	protein_coding	45401
FBgn0034883	396.28661525031	1.14015392792048	0.252622610249788	19.9458840946226	7.96652663080341e-06	0.00012441880997924	27.1670652754281	15.5622167305586	FBgn0034883	Entomoglyceroporin 2	protein_coding	37737
FBgn0264295	34.9123790224827	3.70542629469292	0.786287941390138	19.9161899191865	8.09122222586741e-06	0.000125979140171134	40.2286142239314	1.63346815131554	FBgn0264295		protein_coding	33617
FBgn0040060	61351.1293813881	1.31305632713637	0.289440934776691	19.9071884925409	8.12940780595314e-06	0.000126191636258533	5859.08783170069	2898.8507506652	FBgn0040060	yippee interacting protein 7	protein_coding	38680
FBgn0263046	308.403977618492	2.32327576299547	0.497826667385053	19.9059519694367	8.13466746129389e-06	0.000126191636258533	24.8110298378511	7.59740439803655	FBgn0263046		protein_coding	12798088
FBgn0017482	562.987038192578	1.4351153838957	0.316402397820611	19.8402457889707	8.41912440876786e-06	0.000130127707558875	16.8912929607842	8.39298747073787	FBgn0017482	Type III alcohol dehydrogenase	protein_coding	37551
FBgn0039078	126.695692415442	-2.09578028370036	0.457201028292837	19.8421122767692	8.41090776958243e-06	0.000130127707558875	0.330237974914203	2.40550816797736	FBgn0039078		protein_coding	42767
FBgn0032162	393.990603536079	1.4180192378514	0.313147837128371	19.8191752907807	8.51244166831793e-06	0.00013133038420884	25.2344861762617	14.9347196125619	FBgn0032162		protein_coding	34317
FBgn0031684	635.523744581097	1.22538343514198	0.271869964577173	19.7919704113491	8.6344645786349e-06	0.000132970754510978	120.723230030949	63.0656477731355	FBgn0031684	NADH dehydrogenase (ubiquinone) 13 kDa A subunit	protein_coding	33744
FBgn0043578	209.286882910329	-4.13812406544139	0.830856719847711	19.7516833724774	8.81839878258417e-06	0.000135556874207782	0.750106196095595	25.5358808265063	FBgn0043578	Peptidoglycan recognition protein SB1	protein_coding	39870
FBti0062820	86.4813095391029	3.0663601762615	0.648809689749427	19.7231560392389	8.95101721903763e-06	0.000137346224357335	3.37820625398472	0.856452857862124	FBti0062820		transposable_element	NA
FBgn0039620	971.683800284936	-1.49282564472582	0.329570842865978	19.6993802191317	9.06307541740834e-06	0.000138708064953514	11.2649688721613	34.2139952947084	FBgn0039620	waterproof	protein_coding	43420
FBgn0283494	2287.56411521377	1.44784161091713	0.319869612631075	19.697389243677	9.0725227844447e-06	0.000138708064953514	132.345480039025	79.7794870607573	FBgn0283494	Adenylate kinase 2	protein_coding	37834
FBgn0031580	1577.36605450025	1.08787879813827	0.24272329583934	19.6533866817824	9.28386189862415e-06	0.000141683441948372	236.854520229706	169.739379235788	FBgn0031580		protein_coding	33616
FBgn0027785	1654.25549239024	1.19465729139844	0.26606609253641	19.6303618924533	9.39640998625477e-06	0.000143143152128737	216.775448617095	136.823549982049	FBgn0027785	NP15.6	protein_coding	42282
FBgn0053966	156.954785586121	1.46846457725474	0.326685958718686	19.6208446760524	9.44333056408496e-06	0.000143599658667504	9.28302596827727	5.44281545306828	FBgn0053966		protein_coding	3885642
FBgn0030234	636.763473378271	1.4553642446897	0.322493070082508	19.6133317440184	9.48053596223113e-06	0.00014364962361377	35.8757235186284	21.9598913172632	FBgn0030234		protein_coding	32006
FBgn0040923	53.8439631736193	2.02588431200542	0.448938171766574	19.614018072112	9.4771310418038e-06	0.00014364962361377	25.1694930158154	8.92809650371661	FBgn0040923		protein_coding	50397
FBgn0035343	565.560251075963	-1.1443301434466	0.255759895375792	19.5935759882981	9.57907389687099e-06	0.000144883492690174	19.9731790352212	65.3617882259074	FBgn0035343		protein_coding	38310
FBgn0032049	1127.68556520177	1.74144843531933	0.382813152585764	19.5789917299379	9.65247658425902e-06	0.000145733469997636	81.9181803625041	27.5723527306895	FBgn0032049	beta-site APP-cleaving enzyme	protein_coding	34182
FBgn0010217	23595.7642864811	1.34111026707218	0.298282855893386	19.5278213519803	9.91451341852103e-06	0.00014942336059586	851.422040608093	484.041210024092	FBgn0010217	ATP synthase, beta subunit	protein_coding	43829
FBgn0052071	26.3971528378744	3.9326794493753	0.850841381622611	19.5183590534957	9.96374544430207e-06	0.000149898621515521	8.32719246422767	0.673322309662484	FBgn0052071		protein_coding	39246
FBgn0052404	314.558472319966	2.27618504527372	0.495153810151909	19.3807662938803	1.0708009391504e-05	0.000160809999195104	68.3708802766903	34.3332252813599	FBgn0052404	Cuticular protein 65Aw	protein_coding	38706
FBgn0034428	366.30442257579	1.83903528233512	0.406001524119773	19.3691629518295	1.07732703227975e-05	0.00016150371616654	23.4651333727753	12.3529168972039	FBgn0034428	Arylalkylamine N-acetyltransferase-like 6	protein_coding	37212
FBgn0030914	101.150635960835	1.65087094717966	0.369171853474533	19.3362257337492	1.09607039610087e-05	0.000164023255388239	3.59544396227926	1.47319595344112	FBgn0030914		protein_coding	32816
FBgn0033304	656.269959177422	-1.19969363403794	0.26948063568435	19.3323699604403	1.09828587693661e-05	0.000164064927295468	10.5735182317522	35.4499387756462	FBgn0033304	Cytochrome P450 6a13	protein_coding	35837
FBti0019147	54.1384638249473	2.33389761606065	0.515420768864003	19.3280390423506	1.1007797326982e-05	0.000164147963661158	2.80555855072847	0.784856926087214	FBti0019147		transposable_element	NA
FBgn0039315	134.84210339416	2.97024147361433	0.633797496294394	19.3173454527913	1.10696176149987e-05	0.000164779720912196	5.59729811118196	1.91372663150683	FBgn0039315		protein_coding	43055
FBgn0023525	124.58289516732	1.42785785896811	0.3214353596636	19.261676973896	1.13971168242291e-05	0.000169357157019686	7.73266209446148	3.94502133007061	FBgn0023525		protein_coding	31209
FBgn0035309	131.622272739274	1.91298182945791	0.425029759447604	19.2184918362921	1.16578636469346e-05	0.000172928380191832	5.65784066439258	2.69391014495894	FBgn0035309		protein_coding	38274
FBgn0264294	3186.69289610609	1.56748414932055	0.349764262646495	19.1786403246488	1.19037943808954e-05	0.000176267724486336	246.702539620768	148.030389128787	FBgn0264294	Cytochrome b5	protein_coding	35688
FBgn0038467	1212.52148418812	-1.4860591951567	0.33260719839446	19.1703799523263	1.195541888823e-05	0.000176723207649753	12.7968148126768	44.2970289212148	FBgn0038467	Adenylosuccinate Lyase	protein_coding	42051
FBgn0003312	385.403640923493	-1.20909065207258	0.273111538669132	19.1562652420581	1.20441518548543e-05	0.000177724679809435	5.99929266693143	19.660071867192	FBgn0003312	shadow	protein_coding	44858
FBgn0040793	1577.0061278022	1.21944312994646	0.27488258612302	19.1409475688786	1.214119579263e-05	0.000178534597853431	461.975136623492	308.492898749593	FBgn0040793		protein_coding	50266
FBgn0052485	376.027544664523	1.05104486569649	0.238156229798404	19.1429927808979	1.21281932257668e-05	0.000178534597853431	21.916825297848	14.9783057224058	FBgn0052485		protein_coding	38363
FBgn0011554	812.677893323375	1.03700982265336	0.235128959603624	19.0861606185362	1.24947663087053e-05	0.000183415373717044	61.5814441296733	44.1599214706752	FBgn0011554	etaTrypsin	protein_coding	36217
FBgn0030615	1265.92002186208	1.60439074324719	0.359207153707298	19.0272262836347	1.28866559331539e-05	0.000188840788501407	31.5218338818661	16.3838803927955	FBgn0030615	Cytochrome P450 4s3	protein_coding	32444
FBgn0051370	235.846875209249	2.60147959938309	0.5652206908101	19.0072050172455	1.30225793409386e-05	0.000190503017301814	7.58123386189757	3.39605738342192	FBgn0051370		protein_coding	43060
FBgn0028690	2800.51098291566	-1.15357310154526	0.261499667958298	18.9745385883362	1.32474481581463e-05	0.000192839419785764	46.3296454113318	126.439745950295	FBgn0028690	Regulatory particle non-ATPase 5	protein_coding	40717
FBgn0262005	42.8268643607084	-3.78395585246997	0.820386151197731	18.9784429364264	1.322036756896e-05	0.000192839419785764	1.0616389003728	13.4177586462105	FBgn0262005		protein_coding	3885578
FBgn0263235	413.466306407811	1.50989530851583	0.339860881710361	18.974085366537	1.3250595314677e-05	0.000192839419785764	37.306156595412	17.815423709094	FBgn0263235	Phaedra 2	protein_coding	34638
FBgn0039257	2805.60852586637	-2.37441003755362	0.519412834960911	18.9107631456318	1.36977661456653e-05	0.000199005281738911	4.07356871640791	24.8785924947272	FBgn0039257	tenectin	protein_coding	42990
FBgn0001253	1082.95347531254	-2.84829128284049	0.612753230273419	18.8826469476371	1.3901147079664e-05	0.00020126959959787	1.30028542133264	14.3349680404642	FBgn0001253	Ecdysone-inducible gene E1	protein_coding	45879
FBgn0037420	989.559930398976	2.26594181980794	0.498389866034303	18.8770574799958	1.39419389441838e-05	0.000201515738664227	133.326960843906	54.0781942692531	FBgn0037420		protein_coding	40767
FBgn0039454	113.474190845172	1.53203383158627	0.347868722470252	18.8482611833036	1.41540068728639e-05	0.000204232433071818	8.86865515456648	4.35909024054931	FBgn0039454		protein_coding	43221
FBgn0038535	3578.34642996644	-1.10601077955215	0.25195099461318	18.8257257171449	1.43222247793702e-05	0.000206308237893309	28.8932933157113	88.459572834457	FBgn0038535	aluminum tubes	protein_coding	42127
FBgn0267792	1179.15564371463	-1.2631762823155	0.287163849621298	18.7972896088377	1.45373570269243e-05	0.00020905163670297	8.25132576120044	29.0283289257476	FBgn0267792	regular	protein_coding	35843
FBgn0001941	1674.90760646657	1.58896092356189	0.358099485148642	18.7875708816548	1.46116254292413e-05	0.000209763504043515	52.4473274568161	28.5818250780764	FBgn0001941	infertile crescent	protein_coding	33836
FBgn0034248	381.240989921723	1.48945608882074	0.338033015388252	18.7006807418043	1.52927881209534e-05	0.000219170753611634	82.8082292237285	45.105684753357	FBgn0034248		protein_coding	36995
FBgn0038180	775.584237960545	-1.74781223491612	0.393493332654867	18.6841894270231	1.54256263490547e-05	0.000220701106717049	7.79319733470797	33.9011359476173	FBgn0038180	Chitinase 5	protein_coding	41687
FBgn0036552	30.8379834456121	2.62210012009238	0.592844023249975	18.6710109877839	1.5532611876158e-05	0.000221857036409879	3.22209607577625	0.599257724980741	FBgn0036552		protein_coding	39741
FBgn0029161	1765.71513004706	1.01617572014321	0.23323549241035	18.6180169029453	1.59704074279196e-05	0.000227726179990705	107.850509840379	66.8801965225452	FBgn0029161	slowmo	protein_coding	44132
FBgn0030853	1138.98819507789	1.06859962885173	0.245829025615853	18.5052375076844	1.69438042154494e-05	0.00024120003647875	86.3125848012853	64.1416343209577	FBgn0030853	NADH dehydrogenase (ubiquinone) 24 kDa subunit	protein_coding	32740
FBgn0039226	532.234331943321	1.32379079416851	0.30314251815043	18.4908761922132	1.7071960606045e-05	0.000242616621364431	22.7502205368888	14.0052893338826	FBgn0039226	Uracil-DNA degrading factor	protein_coding	42953
FBgn0015575	3517.45139541891	1.15508445672173	0.265374443945702	18.4673727234805	1.72838031741964e-05	0.000245215766977292	96.0959124603958	63.2272270398322	FBgn0015575	alpha-Esterase-7	protein_coding	40901
FBgn0002868	3846.81215852537	2.24949830014311	0.500341064428805	18.4562231844288	1.73852181570319e-05	0.000246242136772676	1610.47055907683	767.678948219332	FBgn0002868	Metallothionein A	protein_coding	41202
FBgn0040321	2235.25599473545	-1.03890503974893	0.239418710207426	18.450102792959	1.74411424648724e-05	0.000246621830847193	47.0796471010228	131.407358077769	FBgn0040321	Gram-negative bacteria binding protein 3	protein_coding	39020
FBgn0034786	1288.45120795109	-1.03712800014583	0.239165729572443	18.4417803756341	1.75174775455958e-05	0.000247288391351994	5.88262553614052	16.7676377985534	FBgn0034786		protein_coding	37627
FBgn0031500	307.321051185343	1.35974837660035	0.312087206139747	18.4272438277471	1.76516159549753e-05	0.000248767366287256	15.3762846153805	8.92761827924832	FBgn0031500		protein_coding	33521
FBgn0259223	52.9571991713985	3.98411959820273	0.854756044229839	18.4209687439828	1.77098387070985e-05	0.000249173312041735	2.51482177674027	0.341782685520161	FBgn0259223		protein_coding	32825
FBgn0052483	640.662934294081	1.51862531119514	0.346817241614694	18.3934899176319	1.79670788774171e-05	0.000252373396503687	33.0953420525858	13.7819804137381	FBgn0052483		protein_coding	318050
FBgn0085468	389.615229709927	1.17741621736613	0.271775640377518	18.3432569525205	1.84470716271275e-05	0.000258259002779785	137.919855852261	82.9302893826171	FBgn0085468	NADH dehydrogenase (ubiquinone) MWFE subunit	protein_coding	5740593
FBgn0033327	177.054364491487	-2.14505125348375	0.482635257576405	18.3274524406616	1.86007370210857e-05	0.000259980598298013	4.24315216370115	25.9725370972291	FBgn0033327	Peptidoglycan recognition protein SC1b	protein_coding	35861
FBgn0039464	874.676421929422	1.66808525087969	0.380368023501105	18.2834365591645	1.90355098180613e-05	0.000265619057922535	34.6372960695742	17.4089021538166	FBgn0039464		protein_coding	43240
FBgn0027932	7188.6375453204	-1.37633468782652	0.316195895532925	18.2742879272283	1.91271503414918e-05	0.000266458821369138	77.3605673730097	274.329187507914	FBgn0027932	A kinase anchor protein 200	protein_coding	34170
FBgn0053282	69.0233164055365	2.56798040649791	0.576318637292501	18.2435654446298	1.94381486119691e-05	0.000270346664603248	2.51615512749442	0.989091573191562	FBgn0053282		protein_coding	2768939
FBgn0042094	1036.22478000167	1.42027160303364	0.326510348452961	18.2348806791241	1.95269804016574e-05	0.000271136924593506	61.5855279690706	38.4955061795192	FBgn0042094	Adenylate kinase 3	protein_coding	41318
FBgn0037623	823.440580625751	-1.74241440338296	0.397839605227876	18.1725044594614	2.01770913026182e-05	0.000279248306099961	3.5690210243047	16.8742817513559	FBgn0037623		protein_coding	41044
FBgn0283479	2876.66713594319	-1.4531616487505	0.334584389272214	18.1287474977077	2.06460804181928e-05	0.000285272921928374	42.1616083728283	154.834501863717	FBgn0283479	Alkaline phosphatase 1	protein_coding	40372
FBti0019621	973.723851916184	1.7761153206697	0.405721579129764	18.0979898900521	2.09822820060136e-05	0.000289446137770252	10.1305942742349	5.70774515106997	FBti0019621		transposable_element	NA
FBgn0037765	41.1258463452053	3.0046102185078	0.675035783310207	18.0777468456024	2.12065480721599e-05	0.000292064166132023	3.45003141057888	0.963580405704628	FBgn0037765		protein_coding	41214
FBgn0034553	649.418890053534	1.83247516160173	0.41824373059643	18.0742527413555	2.12455011105851e-05	0.000292125640270545	25.7171787179137	9.7085155205064	FBgn0034553		protein_coding	37358
FBgn0023530	446.703440750706	1.61446491799574	0.371401487578863	18.0547663273567	2.14640619866946e-05	0.000294175736290134	35.4599120321286	19.9014963217619	FBgn0023530		protein_coding	31119
FBgn0262524	96.7729602260472	1.79338496656368	0.413501358088485	18.0553693791093	2.14572643661217e-05	0.000294175736290134	11.5020183706443	4.70958124892517	FBgn0262524	verrocchio	protein_coding	39432
FBgn0035875	33.4200188235812	-3.58815115807351	0.809908917724891	18.0368369333767	2.16671541571007e-05	0.000296479476107662	0.272730417320953	2.51341451494131	FBgn0035875	Cuticular protein 66Cb	protein_coding	38940
FBgn0034576	1208.80706040611	1.16182094240744	0.270219801014171	18.0303322559541	2.1741311109656e-05	0.000297014363062559	127.932839243777	88.3289701707833	FBgn0034576	NADH dehydrogenase (ubiquinone) B14.7 subunit	protein_coding	37385
FBgn0015229	292.900557329994	-1.23374402160615	0.287881818278507	17.9502027290495	2.26760265759106e-05	0.000309284935745511	3.75856552820653	13.3464756171348	FBgn0015229	gliolectin	protein_coding	42571
FBgn0052758	1411.79758318145	-1.37389522051928	0.318703691363921	17.9438175842927	2.27522241643971e-05	0.000309327991448545	11.7635756286451	39.687345630337	FBgn0052758	Sorting nexin 27	protein_coding	31493
FBgn0026084	5621.3143802419	-1.19119535690419	0.277614425695041	17.916787298863	2.30776521442063e-05	0.000312946140104972	210.675838445936	635.526345846421	FBgn0026084	ciboulot	protein_coding	31359
FBgn0050163	1880.69264318772	1.57897983354897	0.364477012505654	17.915583976389	2.30922476464708e-05	0.000312946140104972	374.815768555622	213.686007151695	FBgn0050163	Cuticular protein 60D	protein_coding	246492
FBgn0259230	213.557666306056	8.12991191217934	1.51180223616608	17.8859235207006	2.34549558681546e-05	0.000316847649447001	19.5238438050804	0	FBgn0259230	lectin-22C	protein_coding	7354375
FBgn0051674	63.2452454946691	1.95207402746879	0.452149316390019	17.8825864238571	2.34961207508663e-05	0.000316898316496556	4.04752922281633	1.57112789006106	FBgn0051674		protein_coding	318878
FBgn0045064	1245.8854107699	-1.88912019172665	0.432712589544665	17.8724827674553	2.36211979150757e-05	0.000317573883080462	9.72181103525136	53.9974177230318	FBgn0045064	brain washing	protein_coding	250736
FBgn0051548	1199.19501735937	1.17537488381177	0.274471730666249	17.8740354460508	2.3601933276456e-05	0.000317573883080462	101.058905742836	55.0420427304607	FBgn0051548		protein_coding	318794
FBgn0051454	75.663720157037	2.14947157669138	0.49341695325359	17.8678415838789	2.36788769869061e-05	0.000317844830553241	3.04169520254573	1.11876783390053	FBgn0051454		protein_coding	318744
FBgn0030828	430.428437432018	1.5212900078964	0.35279143389706	17.8590481599992	2.37885470495878e-05	0.000318811698591786	19.8950051055996	9.42556395266649	FBgn0030828		protein_coding	32709
FBgn0033788	3298.62055217277	1.901488091009	0.435517084067941	17.8328601633243	2.41181918481732e-05	0.000322718933576661	728.777618469401	265.421089769901	FBgn0033788		protein_coding	36433
FBgn0039050	262.244109878595	1.18407678276161	0.277837117989578	17.7875633027293	2.46992447861885e-05	0.000329972560471635	11.3495814308199	6.32973168822228	FBgn0039050		protein_coding	42729
FBgn0265726	4083.98529169217	-2.32356146824134	0.525860297204235	17.7308051257339	2.54472170565634e-05	0.000339429808612743	7.09165329001401	65.0792488983296	FBgn0265726	Nna1 carboxypeptidase	protein_coding	32329
FBgn0020506	213.819781390648	-2.53169991470101	0.572753948688517	17.6921640554237	2.59694199819976e-05	0.000345850608879748	1.78757307469069	16.5661437293534	FBgn0020506	Amylase related	protein_coding	36863
FBgn0038291	1954.68254899376	1.7407173908704	0.40276931093582	17.6583857338538	2.64347206350576e-05	0.000351494637015601	82.679526839632	33.4769418602489	FBgn0038291		protein_coding	41821
FBgn0000422	6199.80969930384	-2.58643210001742	0.581585048240659	17.5956271227021	2.73215872524321e-05	0.000362149990654304	20.8532316572531	224.36554111852	FBgn0000422	Dopa decarboxylase	protein_coding	35190
FBgn0035522	136.415784434807	-2.12761592762509	0.491296775853102	17.5982680510072	2.72836715221953e-05	0.000362149990654304	0.438513606592989	2.74252457940329	FBgn0035522		protein_coding	38522
FBgn0034480	72.5220216792714	2.91404733588546	0.658247909417035	17.5499169716009	2.79863003542253e-05	0.000370381193750451	2.87926006332614	0.844271541939523	FBgn0034480		protein_coding	37276
FBgn0002933	353.08898558988	2.02835384027341	0.467443458090075	17.5402973059891	2.81282456134973e-05	0.000371100062844738	87.3048492145052	31.4817466169771	FBgn0002933	new glue 1	protein_coding	31300
FBgn0038845	3928.19261473969	1.19924432838746	0.282430051703532	17.5412359867085	2.81143628923332e-05	0.000371100062844738	147.59842242347	104.380690267033	FBgn0038845	Alkaline phosphatase 5	protein_coding	42482
FBgn0032713	893.19898315722	-2.27520668573977	0.519445170147238	17.5322631879582	2.82473492415573e-05	0.000372091832155505	4.12294595384614	38.523113799046	FBgn0032713	UDP-glycosyltransferase family 36 member D1	protein_coding	35138
FBgn0052573	378.737968156791	-2.51295615048562	0.570378921574285	17.5053223754661	2.86504511369984e-05	0.000376815716040957	2.44734583463923	29.3168112712293	FBgn0052573		protein_coding	32638
FBgn0037070	1677.94447082372	1.5994040506644	0.373489201265614	17.4872487186414	2.89241132628943e-05	0.000379825177266225	72.8042267556692	44.6060523444347	FBgn0037070		protein_coding	40356
FBgn0050458	14.4511336779067	-4.63251730708246	1.16817158720994	17.455025143657	2.94185597585727e-05	0.000385720125627107	0.147776484870738	2.85480118914348	FBgn0050458		protein_coding	246624
FBgn0029851	72.2394631072026	1.68209534555794	0.396793832062252	17.4461405982716	2.95563742178346e-05	0.000386331002507808	2.81482280821416	1.38936677778852	FBgn0029851		protein_coding	31556
FBgn0038398	58.4744990777213	-2.64549443247839	0.612533806003423	17.4476647299497	2.95326863145278e-05	0.000386331002507808	0.356423413329986	3.88310025030761	FBgn0038398	sex-specific enzyme 2	protein_coding	41954
FBgn0016013	88.2248633841493	1.88587993953287	0.441397550589916	17.4399102016652	2.96534051515432e-05	0.000387002067232004	4.95156215368909	2.08022968649735	FBgn0016013	Fumarylacetoacetase	protein_coding	45577
FBgn0033137	2598.88552387197	-2.13267803647258	0.490897636977794	17.3885446993764	3.04656584421175e-05	0.000396381147472712	57.0447092179144	321.50376385652	FBgn0033137	Tetraspanin 42Ep	protein_coding	35626
FBgn0030718	1942.07470577248	1.04528345074202	0.248160536543893	17.3799526100007	3.06036935736628e-05	0.00039756638737565	141.796394915976	96.1994644203861	FBgn0030718	NADH dehydrogenase (ubiquinone) 20 kDa subunit	protein_coding	32565
FBgn0052073	110.043464812275	3.65050382158433	0.797497088125553	17.3615101166225	3.09021053736631e-05	0.000400828227434804	39.2486696766102	4.39785524201928	FBgn0052073		protein_coding	326191
FBgn0033065	461.744904565398	1.90497325365739	0.442886423791198	17.3577491136309	3.09633189726906e-05	0.00040100812186344	21.638788857701	5.84952403513471	FBgn0033065	Cytochrome P450 6w1	protein_coding	35543
FBgn0032603	281.635969180882	2.06568299233835	0.478705842459277	17.3300183934226	3.14184384773013e-05	0.000406281181530904	9.38600994442134	4.11062575844364	FBgn0032603		protein_coding	35009
FBgn0031004	1466.23867306148	1.08326767317535	0.25750229271428	17.3135567888787	3.16917820533545e-05	0.000409191149377915	53.488310471206	33.2671349306982	FBgn0031004		protein_coding	32917
FBgn0033294	571.28623476349	2.11415228473297	0.488684104389845	17.3015586269484	3.18925152588064e-05	0.000411156170840319	20.8502678418577	7.87618952174627	FBgn0033294	Maltase A4	protein_coding	35827
FBgn0033638	3087.06188774165	-1.59392270345488	0.374653424656141	17.2592368847367	3.26108306346811e-05	0.00041977771348898	11.7558214087754	46.2876515292427	FBgn0033638		protein_coding	36243
FBgn0043362	1508.6653375118	-1.7858970907149	0.41767258332828	17.242270851755	3.29033362399329e-05	0.000422259481745805	2.81752340903393	10.0810888860227	FBgn0043362	blue cheese	protein_coding	33819
FBgn0063494	202.861587086093	1.7583756257655	0.41311678359181	17.2333563430469	3.3058083558168e-05	0.000423603582053984	21.3709657987029	8.77912370647996	FBgn0063494	Glutathione S transferase E6	protein_coding	37111
FBgn0015569	267.972555671115	1.35821160947928	0.322695312651701	17.1951009559508	3.37305089171717e-05	0.000431567085390399	8.47593651775726	4.85186893109685	FBgn0015569	alpha-Esterase-10	protein_coding	40896
FBgn0011455	1438.88355424629	1.20789275392357	0.287415933106662	17.1865391933159	3.38828742541116e-05	0.000432862662039706	147.847250660619	102.862120583801	FBgn0011455	NADH dehydrogenase (ubiquinone) SGDH subunit	protein_coding	46260
FBgn0031808	173.048761970762	-1.97331987191224	0.462227586753674	17.1793553291802	3.40112520813954e-05	0.000433848351098522	1.5734307214831	7.70671693633037	FBgn0031808	Neprilysin-like 5	protein_coding	33892
FBti0020127	862.894946165357	8.03139220564909	1.44986080897557	17.1709020979143	3.41629401310414e-05	0.000435127974300632	6.05585407137236	0.11316950990055	FBti0020127		transposable_element	NA
FBgn0026314	44.2623488498832	2.95927415009957	0.68129098100015	17.16693260167	3.42344047453035e-05	0.000435383495784866	2.0692901644254	0.182315585584915	FBgn0026314	UDP-glycosyltransferase family 35 member B1	protein_coding	41333
FBgn0001255	223.526400491053	-2.15220782685871	0.500955935769806	17.1570656088123	3.44126962636519e-05	0.000436994808625384	2.86553409481103	17.42519815794	FBgn0001255	Ecdysone-inducible gene E3	protein_coding	48239
FBgn0036887	352.324946113036	1.54032215012094	0.365146951451613	17.0897963555679	3.56533441980104e-05	0.00045207159484603	31.3396243922354	16.2512913277565	FBgn0036887		protein_coding	40130
FBgn0031360	2069.93408732448	1.31891013814136	0.313938854514017	17.0780663320555	3.58742398591867e-05	0.000454192543508686	132.168090687788	71.7225191822442	FBgn0031360		protein_coding	326177
FBgn0040363	94.53417533135	3.01270743813995	0.683995784043258	17.0636176337221	3.6148224454804e-05	0.000456978300197299	4.57437101238479	0.703514714672993	FBgn0040363		protein_coding	31061
FBgn0030733	1280.16741316899	1.2928646104789	0.308218535011153	17.0560958112141	3.62916891128734e-05	0.000458108206834632	214.425301265605	148.038921861059	FBgn0030733	Ubiquinol-cytochrome c reductase 14 kDa subunit	protein_coding	32586
FBgn0034629	524.831712602093	1.18562825704263	0.283824021929065	17.026501311897	3.68617263459075e-05	0.000464611342484876	14.5877678405009	7.8976914173655	FBgn0034629	acyl-Coenzyme A oxidase at 57D distal	protein_coding	37446
FBgn0026872	170.858891977187	1.16635135440573	0.28055076966267	16.989880826664	3.75795705135776e-05	0.000472955367384847	14.5698326158625	9.27383962703866	FBgn0026872		protein_coding	31099
FBgn0030510	286.497559075002	1.16069269688331	0.27876534833018	16.9822088110443	3.77317306695083e-05	0.000473463346327016	14.0963801228512	9.45514246139193	FBgn0030510		protein_coding	32326
FBgn0033961	423.775995040585	1.35720673510879	0.324180404874243	16.983679601478	3.77025123721718e-05	0.000473463346327016	103.494338257021	48.3208125925152	FBgn0033961	NADH dehydrogenase (ubiquinone) B15 subunit	protein_coding	36640
FBgn0037176	208.238492232352	1.25445594303817	0.301639380796645	16.9096972116811	3.92008073039385e-05	0.000491169878497573	21.4534784296339	13.9229192925605	FBgn0037176		protein_coding	40481
FBgn0001092	27725.8178159143	1.28841710540332	0.308938358364894	16.8446421038827	4.05676937859622e-05	0.000507545592861299	1324.60240444334	799.424924489748	FBgn0001092	Glyceraldehyde 3 phosphate dehydrogenase 2	protein_coding	32545
FBgn0038299	494.814319300001	-1.2407012511465	0.298518305453129	16.8091545057518	4.13334253181817e-05	0.000515602522010308	9.36059627331348	31.9447272911211	FBgn0038299	Serpin 88Eb	protein_coding	41829
FBgn0036846	984.576339868819	-1.79082366858109	0.424605526980186	16.7926718916715	4.16940032587315e-05	0.000519335599413905	7.97137413351266	43.8085206587833	FBgn0036846	Misexpression suppressor of ras 6	protein_coding	40083
FBgn0011361	1710.7115957754	1.17538374474067	0.283397936881405	16.7595977440649	4.24271095967313e-05	0.000527691069433648	186.228217859554	128.04700409746	FBgn0011361	NADH dehydrogenase (ubiquinone) acyl carrier protein	protein_coding	38154
FBgn0037164	412.049200938349	1.37274314228411	0.329994755989154	16.7448328838792	4.27585512302492e-05	0.000531033620117611	20.9896452342417	11.6851206793669	FBgn0037164		protein_coding	40469
FBgn0039697	2799.57255412331	1.19007286659342	0.287174408730766	16.7170789979789	4.33886324048368e-05	0.000538069863058518	186.417570913754	121.330097160503	FBgn0039697	Electron transfer flavoprotein beta subunit	protein_coding	43515
FBgn0014163	4780.71172698539	-1.63851126909092	0.39102919018825	16.6953783590686	4.38877861333745e-05	0.000543464252265616	28.9318813605406	112.173413477063	FBgn0014163	failed axon connections	protein_coding	39826
FBgn0000108	859.82964866483	-1.39807324378394	0.33659154695975	16.6476725646152	4.50054968470236e-05	0.000555721717904283	4.18946577528905	13.5011561368151	FBgn0000108	beta amyloid protein precursor-like	protein_coding	31002
FBgn0263241	334.06384516539	1.08223243765922	0.262828050314055	16.6475305542849	4.50088664087766e-05	0.000555721717904283	9.10235549113581	6.52973194602825	FBgn0263241	Molybdenum cofactor synthesis 1	protein_coding	39238
FBgn0031227	103.038271164047	1.84863251263091	0.442901251780949	16.6092106255892	4.59274371957204e-05	0.000566237835586248	4.25118370931872	1.96807646684597	FBgn0031227		protein_coding	33178
FBgn0040764	543.500065155896	6.43577591147269	1.26095561152532	16.5786267489306	4.66740737501965e-05	0.00057460669282582	490.320841059207	2.32149828154706	FBgn0040764		protein_coding	50237
FBgn0010808	1247.33339116046	1.08401239995839	0.263421473393986	16.5687722761498	4.69172387728936e-05	0.00057676199188158	90.9551935508759	63.1225202869768	FBgn0010808	Coiled-coil-helix-coiled-coil-helix domain containing 3	protein_coding	43672
FBgn0034783	993.212455899063	1.92984826806487	0.458673381710586	16.5500977306177	4.73815439355696e-05	0.000580783903233393	40.5292990376656	15.0048948774725	FBgn0034783		protein_coding	37624
FBgn0046875	275.569087353597	1.17084292420477	0.284774149275327	16.538324038775	4.76766449240955e-05	0.000583119271207348	44.0058698497263	27.9712730211535	FBgn0046875	Odorant-binding protein 83g	protein_coding	170878
FBgn0052451	1672.89582991936	-1.14430009335217	0.277982521735639	16.5370074737829	4.77097585533284e-05	0.000583119271207348	10.4548368069936	33.3067569960109	FBgn0052451	Secretory Pathway Calcium atpase	protein_coding	40495
FBgn0040529	2948.43384784231	1.10673356959732	0.269258036201706	16.5035708713919	4.8558536127214e-05	0.000592638041783144	391.746220409202	276.818196811014	FBgn0040529	Cytochrome c oxidase subunit 7A	protein_coding	50002
FBgn0000053	4618.97450899987	-1.68167616760081	0.403266436807114	16.4945726352402	4.87895351816256e-05	0.000594600522285423	24.8485159570627	92.881547320083	FBgn0000053	GART trifunctional enzyme	protein_coding	33986
FBgn0022702	1686.28751309269	-1.08381425687437	0.264074813198842	16.4777501986967	4.92243618528564e-05	0.000599037851858756	30.9351491557245	83.9587596557788	FBgn0022702	Chitinase 2	protein_coding	38223
FBgn0083978	218.141382047002	-1.38645704933034	0.337572587304577	16.419409517563	5.07627682033961e-05	0.000616873237708415	3.72666651703775	14.0189714517571	FBgn0083978		protein_coding	4379911
FBgn0005612	2987.20351426869	-1.7178645130364	0.413090591248943	16.3688978881702	5.21337281841988e-05	0.000631720568984498	23.0356338563011	83.8029137974497	FBgn0005612	Sox box protein 14	protein_coding	37822
FBgn0027546	155.37352734807	-1.31092219664919	0.320823537023861	16.3702528401793	5.20964712464861e-05	0.000631720568984498	1.20594569437868	4.84569243023607	FBgn0027546		protein_coding	31533
FBgn0037448	273.540437507227	-1.93553275489267	0.463813682139983	16.3584544847972	5.24217896085111e-05	0.000634303654262985	1.4964403646426	5.44709546316922	FBgn0037448		protein_coding	40797
FBgn0001224	13606.0456271974	-2.4907627446382	0.583544268425266	16.3273546075439	5.32891357433491e-05	0.000643878715757727	174.01612859289	1852.70960206435	FBgn0001224	Heat shock protein 23	protein_coding	39077
FBgn0034877	1978.40160439425	1.09471281452357	0.267973763259853	16.3170054070002	5.35809536793369e-05	0.000646482446814792	369.841964237521	261.975569793632	FBgn0034877	levy	protein_coding	37728
FBgn0010612	1887.85490089499	1.41536880316702	0.34401869268367	16.301840228522	5.40114736570374e-05	0.000649825542436231	390.893340523363	262.1507985727	FBgn0010612	ATP synthase, subunit G	protein_coding	46069
FBgn0036377	107.067322727623	2.28455913194448	0.54424575175574	16.3033659819349	5.3968002553468e-05	0.000649825542436231	2.93243323286526	0.76005467231483	FBgn0036377		protein_coding	39525
FBgn0063491	612.313016994644	1.7123282423386	0.413109204306619	16.2954464102359	5.4194026839725e-05	0.000651097031677264	70.1409897735679	28.1352121151598	FBgn0063491	Glutathione S transferase E9	protein_coding	246581
FBgn0011710	1135.72095646292	-1.02713614726064	0.252126477201641	16.2833810551532	5.45402028310856e-05	0.000654077744637378	14.6113951436774	46.4331346869266	FBgn0011710	Septin 1	protein_coding	33114
FBgn0028526	1008.52833299431	2.45975251665851	0.578277993999504	16.2814236978859	5.45965720730373e-05	0.000654077744637378	38.3577803932026	14.4083233078003	FBgn0028526		protein_coding	34828
FBgn0035207	2449.39375014461	-1.00406650880552	0.246857540244089	16.2313562921986	5.60585328743278e-05	0.000670643747804458	18.0802764406697	50.3847207886131	FBgn0035207	HECT and RLD domain containing E3 ubiquitin ligase 4	protein_coding	38151
FBgn0003204	2479.97531029988	-1.38903788895096	0.338970674686588	16.1926658177952	5.72152039858396e-05	0.000683515906572724	23.5607614562433	74.1000443496355	FBgn0003204	raspberry	protein_coding	43873
FBgn0040091	283.584177353047	1.20075187738138	0.2956106828431	16.1170981907524	5.95440202676083e-05	0.000710335002347383	10.2046097119326	5.9327854008357	FBgn0040091	UDP-glycosyltransferase family 317 member A1	protein_coding	37590
FBgn0033438	948.764932060453	-1.53318399499812	0.374004116065992	16.0989976541037	6.01158458491186e-05	0.000715199677501639	5.63790063619071	18.2096494927721	FBgn0033438	Matrix metalloproteinase 2	protein_coding	35997
FBgn0030746	545.760403858989	1.58309023207332	0.385837108694662	16.0919679223272	6.03394126905337e-05	0.000716794986660337	10.1719700963262	3.91537404529367	FBgn0030746		protein_coding	32609
FBgn0035193	129.564664965791	-1.39811816889138	0.344661699140249	16.0775487043055	6.08006077898703e-05	0.000721262112017088	2.85560653348633	10.9330150088445	FBgn0035193		protein_coding	38134
FBgn0033598	1922.90339111689	2.18434623808562	0.522614960418235	16.0309988307928	6.23138314486104e-05	0.000738179234083539	211.985223553881	71.7849391090093	FBgn0033598	Cuticular protein 47Eb	protein_coding	36189
FBgn0039993	1225.99335566975	1.78850187991879	0.434840596282055	15.9541485891462	6.4895397481297e-05	0.00076554876973062	59.415319479697	32.9066421544517	FBgn0039993		protein_coding	3355069
FBgn0033836	341.662682810318	-1.65387267836801	0.404611338473977	15.9439092472498	6.52473855168034e-05	0.000768630535921175	5.72474265629549	18.3374117547892	FBgn0033836		protein_coding	36487
FBgn0032343	158.741120889071	-1.20018941649372	0.297912219803928	15.9403810642108	6.5369114788245e-05	0.000768995003133938	1.97353107938994	6.1765452858599	FBgn0032343	alpha-L-iduronidase	protein_coding	34544
FBgn0004919	197.848080343523	-1.17851090000273	0.293473241145079	15.8563263163532	6.83376961790793e-05	0.000801690147696401	1.34093495572481	4.62878336771534	FBgn0004919	goliath	protein_coding	38006
FBgn0035742	501.85418781493	1.57275454424276	0.386608935055862	15.8318535908935	6.92272278581883e-05	0.000811002240606991	249.643060625214	127.277158755839	FBgn0035742	Acyl-CoA binding protein 4	protein_coding	38781
FBgn0002578	4191.80171458651	1.30388733234369	0.322907610074791	15.7837067036235	7.10114089486779e-05	0.000829609150062486	509.467147215564	291.740194350271	FBgn0002578	Kazal-type protease inhibitor m1	protein_coding	43154
FBgn0035574	1127.14049599053	-1.42161751826448	0.351380717037469	15.7696832182532	7.15397243220483e-05	0.000834630117090563	3.89540687514383	12.8837469717999	FBgn0035574	Rho guanine nucleotide exchange factor at 64C	protein_coding	38578
FBgn0039688	1809.68123146375	-1.82529379767736	0.445939189603285	15.7582930575422	7.19717414902952e-05	0.000838515337582944	5.13709763071393	18.2423266783403	FBgn0039688	Kuzbanian-like	protein_coding	43501
FBgn0036024	52128.7047576024	1.4042611292585	0.347534806332481	15.7206029527841	7.34200873231467e-05	0.000854214477509688	5400.76097829252	2197.19263371469	FBgn0036024		protein_coding	39125
FBgn0040959	9898.25719014783	1.04533843740815	0.261042662166304	15.6988596500651	7.42689331707797e-05	0.000862905163177647	4331.41159937551	2851.55638766531	FBgn0040959	Peritrophin-15a	protein_coding	50433
FBgn0033731	462.551510280005	2.13363944836952	0.518697902719701	15.6289615475009	7.70651804869826e-05	0.000894167231129784	36.904782223176	14.7823735416436	FBgn0033731	Cuticular protein 49Ah	protein_coding	36354
FBgn0000055	24440.5339056995	1.08819144428994	0.272252523749558	15.6118935631165	7.77639188705542e-05	0.000899809279827314	1643.10282558919	1155.9505601217	FBgn0000055	Alcohol dehydrogenase	protein_coding	3771877
FBgn0030641	1197.24484697632	1.28747042077573	0.320805228175923	15.6130736513002	7.7715403338624e-05	0.000899809279827314	62.1407774326608	42.6523615499066	FBgn0030641		protein_coding	32475
FBgn0264979	702.081327709896	-1.19288178297802	0.298437693441874	15.5768663755771	7.92179075442967e-05	0.000915382915279937	14.5513777363177	47.5325898084117	FBgn0264979		protein_coding	33405
FBgn0000406	2418.71963970166	1.85095457209082	0.45443231241244	15.5731342871873	7.93744310897125e-05	0.000915942004536601	115.265751994823	47.0196793802229	FBgn0000406	Cytochrome b5-related	protein_coding	35008
FBgn0032521	207.998331402972	-1.07525408831888	0.270622130110447	15.5613563591402	7.98704399366157e-05	0.000920411736412428	1.95700102449608	5.89896013590387	FBgn0032521		protein_coding	34757
FBgn0053087	3999.05082798168	-1.66346225091718	0.41092078437452	15.5587612552902	7.99801472011812e-05	0.000920423704883159	5.99078067379403	19.4056438511929	FBgn0053087	LDL receptor protein 1	protein_coding	35799
FBgn0004431	318.265233078778	-2.5313125888279	0.61001122102448	15.5211637222828	8.15866879677432e-05	0.000936367543478029	8.48220510856288	69.8540340448054	FBgn0004431	Lysozyme X	protein_coding	38122
FBgn0038509	1268.05659971326	-1.48378472569143	0.369298369302135	15.5016011053223	8.24353989977272e-05	0.000944827915440797	103.833940279266	350.54740224898	FBgn0038509		protein_coding	42098
FBgn0062412	5348.35029383509	1.68023399380067	0.415709538154826	15.4932270276468	8.28014124841724e-05	0.000947740491541811	315.300269184326	195.842642700175	FBgn0062412	Copper transporter 1B	protein_coding	40989
FBgn0085428	862.122329307883	-1.3831244731757	0.345458938446948	15.4801418112202	8.3376616411794e-05	0.000953036357635486	4.76500899951943	15.5464105448275	FBgn0085428	NADPH oxidase	protein_coding	5740310
FBgn0036575	80.2633959834377	2.16684679060338	0.533576155295423	15.474255408768	8.36366820911717e-05	0.000954720616323752	3.68662177076652	1.36114191872217	FBgn0036575		protein_coding	39771
FBgn0085224	54.7574644507862	2.21239332321907	0.547307150121279	15.4338498833023	8.54439942564327e-05	0.000974038534794058	2.86459683051224	1.06442152175161	FBgn0085224		protein_coding	37018
FBgn0033782	1139.27472110764	2.03051426189102	0.498266896449994	15.4178277842471	8.61714859983492e-05	0.000981011406459701	70.1130741748543	19.1672600907679	FBgn0033782	sugarbabe	protein_coding	36424
FBgn0039321	1488.14305881128	1.33076611886248	0.334051377916388	15.3497156596928	8.9334371543482e-05	0.00101565386170912	70.7319936300613	40.3425593686114	FBgn0039321		protein_coding	43061
FBgn0025640	515.492341572761	1.1122630806934	0.280930623987126	15.342227841441	8.96891302213123e-05	0.00101734729615511	29.8979066101675	17.2433591248128	FBgn0025640		protein_coding	31007
FBgn0038071	848.738995834292	-1.93873020445903	0.478655811781612	15.3415030320305	8.97235454814482e-05	0.00101734729615511	4.96660346010356	24.8061859425089	FBgn0038071	Dpp target gene	protein_coding	41558
FBgn0037230	93.5801609660162	2.1088174276175	0.521685404723669	15.3118105278596	9.11448806531632e-05	0.00103208173680788	3.47492734263786	0.76026123736447	FBgn0037230	Neprilysin-like 11	protein_coding	40540
FBgn0033708	445.736982078537	-1.54731630302151	0.387446554951797	15.2977005428684	9.1828224064038e-05	0.00103843131885501	4.04190232397477	15.2907498364155	FBgn0033708		protein_coding	36331
RR48347_transposable_element	507.763260531901	7.33462477993885	1.44778170962641	15.2669057522239	9.33375667666361e-05	0.00105409225401788	3.06035920043252	0.0898645028812684	RR48347_transposable_element		transposable_element	NA
FBgn0025692	1257.13172249128	1.689357618262	0.421739383930127	15.2223278675189	9.55667977569409e-05	0.00107783059520811	75.4272535539141	40.7574761344825	FBgn0025692	Lifeguard	protein_coding	36418
FBgn0085317	135.162791317401	1.88699011286361	0.470810805478931	15.2059275438847	9.64003532026198e-05	0.00108290582443792	30.5385322628894	17.261866798823	FBgn0085317		protein_coding	5740644
FBgn0262782	15305.7687805372	1.05021302502168	0.266932053232825	15.1503512830188	9.92798395327383e-05	0.0011137751534335	824.501871060267	599.371352478383	FBgn0262782	Malate dehydrogenase 1	protein_coding	34414
FBgn0050359	5762.56349740577	-1.23341732477556	0.312443546258015	15.1361914616236	0.000100027216018693	0.0011206752905798	63.2998706501901	242.234406769369	FBgn0050359	Maltase A5	protein_coding	35828
FBgn0037057	2493.62489752559	1.04967724901742	0.267094882247843	15.1228242297061	0.000100737953450266	0.00112714724666281	85.18048655087	57.072686549232	FBgn0037057		protein_coding	40339
FBgn0036226	2918.49630833674	1.17227530055511	0.297563266550784	15.1176229643432	0.000101015876952669	0.00112719097426297	136.273256428103	77.6391204151533	FBgn0036226		protein_coding	39353
FBgn0038479	87.8178554033189	2.16405092410613	0.53851979497082	15.1128017276864	0.000101274183165776	0.00112719097426297	9.2666066446522	3.23839679044921	FBgn0038479		protein_coding	42067
FBgn0040773	1347.11025541564	1.19948038340021	0.304365677158205	15.1177243990115	0.000101010449539725	0.00112719097426297	353.93150791004	237.284956664248	FBgn0040773	Cytochrome c oxidase subunit 7C	protein_coding	50246
FBgn0261502	25.0588217543855	-2.84974235448227	0.723526143296044	15.1131105439927	0.00010125761788307	0.00112719097426297	0.31038267408091	3.95046501589734	FBgn0261502		protein_coding	10178825
FBgn0030679	2313.34818461952	1.07363200290151	0.273374179193937	15.088212645536	0.000102601963639097	0.00113897592663585	157.7052162211	105.056458382642	FBgn0030679		protein_coding	32516
FBgn0004169	21398.552228159	1.22782226902945	0.311570064321474	15.0832682420696	0.00010287106374214	0.00114046846845017	950.937677050283	584.715051363768	FBgn0004169	upheld	protein_coding	32314
FBgn0038038	4474.48884121655	1.25110949103581	0.317771563382797	15.0428410653032	0.000105098137846112	0.00116363559157722	154.053942336389	104.736180830739	FBgn0038038	Saccheropin dehydrogenase 2	protein_coding	41521
FBgn0261574	1270.90535789671	-1.29457054398358	0.328651675962595	15.0376243090193	0.000105389034312568	0.00116533305564942	2.48203250890681	7.09261681391383	FBgn0261574	kugelei	protein_coding	40191
FBgn0013301	70.1328549945368	2.64011777448188	0.650453188912769	15.0225580795564	0.000106233714249151	0.00117161401001343	10.0906996277698	1.96492905692274	FBgn0013301	Protamine B	protein_coding	34867
FBgn0040342	415.775525093528	1.72884508002628	0.434814729323894	14.9906416072031	0.000108045668926732	0.00119004787491472	16.7266446789186	6.89794792922035	FBgn0040342		protein_coding	53540
FBgn0019982	408.536729999085	1.04953940170181	0.268951087615987	14.9449949089684	0.000110691307770404	0.00121760438547444	28.1947688536587	20.9324777203925	FBgn0019982	GS1-like	protein_coding	33653
FBgn0032187	932.514434833004	1.31074627179854	0.334446889106249	14.8760799436227	0.000114809622686889	0.00125963407274346	14.3763788448013	7.77125948889328	FBgn0032187		protein_coding	34348
FBgn0037515	1189.84776081999	-1.82228499963532	0.458655090085983	14.8577425392772	0.000115931203424266	0.00127029404010806	18.2490771473751	59.1619454499655	FBgn0037515	Serine protease 7	protein_coding	40918
FBgn0032336	85.4712660341234	1.69711348020358	0.432713091461226	14.8264317047915	0.00011787183925018	0.00128824845865752	4.34724787302272	2.59059977807021	FBgn0032336	Allatostatin C	protein_coding	34537
FBgn0033214	172.510201844824	1.52922974830767	0.39013414824324	14.8263975567157	0.000117873973489915	0.00128824845865752	10.370199296707	5.80551067254597	FBgn0033214		protein_coding	35718
FBgn0030968	1536.58097110034	1.16984006570325	0.300108682566416	14.8091534539988	0.000118956707150847	0.00129840632676247	119.828012981652	80.0590256889587	FBgn0030968		protein_coding	32880
FBgn0020503	2551.75534091036	1.2205788388233	0.313064181021663	14.7753241790159	0.000121109974241235	0.00131851090208646	66.7134621826493	47.6641436106973	FBgn0020503	Cytoplasmic linker protein 190	protein_coding	35042
FBgn0250906	6791.51053011096	1.22799036498302	0.31490783194068	14.7711451108947	0.000121378684759194	0.00131973999988495	253.527547794581	183.691886461217	FBgn0250906	Phosphoglycerate kinase	protein_coding	33461
FBgn0033792	201.345024753225	1.78963747406019	0.453337968348927	14.7679257152654	0.000121586098339155	0.00132030032427262	5.50531703786828	2.64053356261207	FBgn0033792		protein_coding	36437
FBgn0038972	341.963492017775	1.16587809462298	0.300270587845112	14.739853581635	0.000123409867593353	0.00133667721037813	27.0915428629127	17.3521474274132	FBgn0038972		protein_coding	42643
FBgn0001226	7596.08887393073	-1.65136399530885	0.419798440050117	14.700689642609	0.000126000346920397	0.00136299225851311	105.380766468308	522.241282866053	FBgn0001226	Heat shock protein 27	protein_coding	39078
FBgn0266579	249.092761065697	1.09232141885219	0.282388746210418	14.6967996013699	0.000126260621879908	0.00136406564709543	7.27017253376111	4.8385421505674	FBgn0266579	tau	protein_coding	326116
FBgn0037007	5175.98692555103	-1.05500919694562	0.272526092884502	14.6692011544141	0.000128122787252882	0.00138066158782685	98.2991423114811	263.552080449488	FBgn0037007		protein_coding	40278
FBti0020031	569.720013126281	7.34217319697669	1.47434255468273	14.6663905965716	0.00012831397004532	0.00138096483644709	4.46953310965465	0.0749532689334934	FBti0020031		transposable_element	NA
FBgn0041182	3722.52004743218	-1.08966250504111	0.281615868927712	14.6328725981182	0.000130616225739023	0.00140395867006284	20.2716862692756	67.3394706962557	FBgn0041182	Thioester-containing protein 2	protein_coding	34044
FBgn0001089	1255.51041195464	-1.66842471895465	0.42578278413516	14.5911045590035	0.000133543447124994	0.00143178860398569	8.34720363045504	38.9181477545805	FBgn0001089	beta galactosidase	protein_coding	33839
FBgn0036240	321.22013421549	-1.14087849298634	0.295846794547506	14.5770469629188	0.000134543426140535	0.00144068624451369	3.52995203281878	11.3974047713604	FBgn0036240		protein_coding	39367
FBgn0036362	4299.6163296622	1.165467733759	0.301649049585906	14.5421620674801	0.000137057633492288	0.0014657552470703	391.62405320992	251.980940764258	FBgn0036362		protein_coding	39510
FBgn0039704	446.69846469045	-1.92486869498492	0.489474158929477	14.5020785145745	0.000140004980557007	0.00149538737114483	2.52405214151616	11.9322895218283	FBgn0039704	neyo	protein_coding	43523
FBgn0040259	516.029322748366	1.4523923820715	0.374539422438382	14.4739874156013	0.000142108477142901	0.00151594307481155	14.5549329040526	7.45650716298132	FBgn0040259	UDP-glycosyltransferase family 302 member C1	protein_coding	53510
FBgn0031148	947.018215906638	1.00732534725276	0.262571114120924	14.445827360895	0.000144249079235058	0.0015368423913471	33.3794054951482	22.8281436443524	FBgn0031148	Cystathionine beta-synthase	protein_coding	33081
FBgn0033710	292.450328479201	-1.86262420496317	0.477420138920614	14.3608933159088	0.00015090407280416	0.00160572549830557	1.7451415292182	7.07721073805975	FBgn0033710		protein_coding	36333
FBgn0034476	809.848756702646	-1.30411681854163	0.339034325691797	14.3460057365999	0.000152102040769703	0.00161441639764334	3.14837132827115	10.083131181871	FBgn0034476	Toll-7	protein_coding	37272
FBgn0030183	995.083851302746	-1.289215534169	0.335500283027834	14.3280423288735	0.000153560269864943	0.00162785417491372	17.6091494257044	49.9275669232423	FBgn0030183	Yippee-like	protein_coding	31949
FBgn0053225	197.346631019051	2.48109151214803	0.623643895424615	14.3255936878072	0.000153760132381598	0.00162793540159017	9.85156514845862	3.47482976091888	FBgn0053225		protein_coding	2768860
FBgn0033448	2271.54354061651	1.08581822869276	0.283995600921743	14.2922355836273	0.000156509118566933	0.00165497157835446	77.910715371215	47.2900206229349	FBgn0033448	hebe	protein_coding	36011
FBgn0038074	1403.68614245283	1.43614514875716	0.372873883806609	14.272263920679	0.000158178582102598	0.00167053938953742	110.788452657928	44.1134072092526	FBgn0038074	Glycine N-methyltransferase	protein_coding	41561
FBgn0037356	472.293121607019	1.05190527458771	0.275920392561151	14.2678768325326	0.000158547701662071	0.00167235246958623	19.8798856778596	15.7916038258768	FBgn0037356		protein_coding	40692
FBgn0031010	165.181043669294	1.33060153490709	0.347922231541737	14.2356151770745	0.000161288902102342	0.00169703975255508	6.1891083287999	2.94350678576333	FBgn0031010		protein_coding	32923
FBgn0030010	236.747452210562	1.4895793923039	0.387842619635123	14.2142685056711	0.000163128871031397	0.00171214564762817	10.6891179484481	4.327256455361	FBgn0030010		protein_coding	31743
FBgn0262737	1696.89299076258	-1.14213006557478	0.299250411958856	14.2158068125142	0.00016299557327637	0.00171214564762817	12.5073185472192	36.2761136301205	FBgn0262737	mushroom-body expressed	protein_coding	40436
FBgn0040931	253.313198007743	1.14066385910125	0.299519562120551	14.2116524482691	0.000163355810452776	0.0017124055872958	97.5590164795181	58.3218824995413	FBgn0040931		protein_coding	50405
FBgn0031957	53.7187639586841	-1.69816793409554	0.446320559804685	14.2038212683707	0.000164037056939755	0.00171742135016035	0.844032136496267	3.99286281680241	FBgn0031957	TweedleE	protein_coding	34075
FBgn0031869	323.785472996659	1.2820687526511	0.33552525688293	14.1927602585903	0.000165004148923566	0.00172541375479334	3.22732969386164	1.56906281709598	FBgn0031869		protein_coding	33969
FBgn0030876	1487.53442613733	-1.46797621011424	0.382427144860424	14.158973764259	0.000167993892509268	0.00175235008565702	53.044641878879	217.667802560652	FBgn0030876	Sulfiredoxin	protein_coding	32768
FBgn0032161	96.9308713779054	-1.61476732755408	0.422696643740662	14.1357017950297	0.000170084889009502	0.00177197910198091	1.79031596324751	8.80882430797579	FBgn0032161		protein_coding	34316
FBgn0083167	1022.59477533224	1.17659505850461	0.309056103916011	14.126077233734	0.00017095730390607	0.00177888005415776	292.725895358132	214.425772276181	FBgn0083167	Neb-cGP	protein_coding	50417
FBgn0051633	165.414952844035	1.14760749572178	0.302733855955006	14.1159825913177	0.000171877172236654	0.00178625723784596	7.22331068966114	4.92543367001678	FBgn0051633		protein_coding	33931
FBgn0036462	369.843710038982	1.11131311642123	0.292888343543162	14.105077192121	0.000172876523026481	0.00179444136033615	22.3905333653187	14.9014580692601	FBgn0036462	mitochondrial ribosomal protein L39	protein_coding	39627
FBgn0036468	25.8984217450686	3.77076824929418	0.94701672640976	14.0547356179248	0.000177566140420058	0.00184086316934871	4.72431274730032	0.302185196461755	FBgn0036468		protein_coding	39635
FBgn0032467	4408.35877465567	-1.40335025648573	0.367528818224327	14.0439839745178	0.000178584210182971	0.00184464421981678	21.7074087074814	76.7816882695184	FBgn0032467	Ubiquitination factor E4B	protein_coding	34699
FBgn0034245	306.602058710129	1.20380651406456	0.317366627699881	14.048382435183	0.000178167012597324	0.00184464421981678	194.750601361687	112.489621220227	FBgn0034245	Ubiquinol-cytochrome c reductase 6.4 kDa subunit	protein_coding	36991
FBgn0035611	81.9217848858952	1.42629864651712	0.37636858415648	14.0443307156455	0.000178551285806312	0.00184464421981678	6.56562083574838	3.64970532806643	FBgn0035611		protein_coding	38623
FBgn0001227	875.357844072042	-1.54255351273832	0.402897779701336	14.0393502857562	0.000179024783737808	0.00184694265317812	11.9533496777231	37.0196565758608	FBgn0001227	Heat shock gene 67Ba	protein_coding	39076
FBgn0003366	1528.98965639704	-1.18760796671897	0.31297481332892	14.022583436097	0.000180628152681541	0.001858955593211	5.02911976631665	14.2269443652921	FBgn0003366	sevenless	protein_coding	32039
FBgn0032889	3225.62092171727	1.06401859057037	0.281040155160945	14.0247153473492	0.000180423483753341	0.001858955593211	184.093418553675	113.080712834787	FBgn0032889		protein_coding	35347
FBgn0042104	703.433769770653	1.17208503990457	0.30916973735655	14.0168240990675	0.000181182233763874	0.00186239504851943	32.6472978475997	21.1227305386462	FBgn0042104		protein_coding	59143
FBgn0003890	1418.99872109358	1.54818442618587	0.404680381861938	13.9948977978369	0.000183307380848501	0.00187967737988717	73.2668104297161	29.3722244754782	FBgn0003890	beta-Tubulin at 97EF	protein_coding	43359
FBgn0031747	6622.97154642422	-2.62986536252868	0.662047650524449	13.9881232199028	0.000183969052219736	0.0018819056428758	33.1802759945717	648.222704303628	FBgn0031747		protein_coding	33818
FBgn0032136	2846.97222373168	1.61778903880153	0.422022236082231	13.9894117757455	0.000183843014270962	0.0018819056428758	12.3847071068608	6.55319925483177	FBgn0032136	Apolipoprotein lipid transfer particle	protein_coding	34283
FBgn0003162	4442.23257335035	-2.06614639666243	0.532862067987094	13.9093209971542	0.00019184471939938	0.00196010225972587	23.4464642741663	310.32405388301	FBgn0003162	Punch	protein_coding	37415
FBgn0032282	2741.41185965022	2.04214161735385	0.527911552637327	13.8663010586689	0.000196286660672692	0.00200306989867193	441.464590210625	126.630052848919	FBgn0032282		protein_coding	34468
FBgn0031538	1178.77464711646	1.30090796339473	0.343970211488104	13.8560292718678	0.000197362488998863	0.00201162488787048	52.8584189159122	24.8394780138821	FBgn0031538		protein_coding	33564
FBgn0039099	380.064707507393	-1.70006026997954	0.445784668378447	13.8440973603035	0.000198619652961811	0.00201957798389741	14.0372901763772	52.2871332407885	FBgn0039099	Gamma-interferon-inducible lysosomal thiol reductase 2	protein_coding	42788
FBgn0053178	293.50152884144	1.77059393069633	0.463112385436745	13.8448867737762	0.00019853623053203	0.00201957798389741	42.3064485063218	22.8180043377908	FBgn0053178		protein_coding	318913
FBgn0030460	249.235315361116	1.01200719057942	0.270087620139278	13.8318921613419	0.000199913958315494	0.00202786973285297	13.1180118588124	9.993220698611	FBgn0030460	Coenzyme Q5	protein_coding	32272
FBgn0263911	852.171926803698	1.15506368762749	0.306786556258716	13.8334672242156	0.000199746453775306	0.00202786973285297	278.050699966276	151.46853491606	FBgn0263911	Cytochrome c oxidase subunit 8	protein_coding	40390
FBgn0003319	124.657346009855	-2.29829447149054	0.595264755012271	13.8093078989279	0.000202331366792023	0.00204993621618234	0.299545616038744	2.98678626865036	FBgn0003319	Stubble	protein_coding	41958
FBgn0003089	184.632140070686	1.26593936807497	0.33669781917401	13.7851148974462	0.000204953657548305	0.00207154830481401	8.57593612823547	4.74229113153595	FBgn0003089	pipe	protein_coding	40104
FBgn0031307	2850.17351016052	1.02972424144489	0.274576815194722	13.7796744151692	0.000205548054135182	0.00207260954586309	83.3638325259064	58.9589641521019	FBgn0031307	Major Facilitator Superfamily Transporter 3	protein_coding	33292
FBgn0035300	401.122680986511	-1.20559044275697	0.320959149999577	13.7799685330528	0.000205515876102455	0.00207260954586309	5.70491112115438	26.3959634899079	FBgn0035300		protein_coding	38264
FBgn0027547	2362.19908502937	1.16898548645133	0.311234195191584	13.7439630205647	0.000209493033121823	0.00210237676604483	198.42729479343	137.021511600651	FBgn0027547		protein_coding	38262
FBgn0033654	198.722907376949	-1.20752618004896	0.322637215084297	13.7392894636203	0.000210014927271571	0.00210512004022509	1.53435789476677	5.70786728203648	FBgn0033654	Sine oculis-binding protein	protein_coding	36260
FBgn0000071	2789.04607690219	-2.06071845353805	0.535503109558467	13.7085510986703	0.000213480262681366	0.00213228517088582	25.7067296471753	109.574231522903	FBgn0000071	Amalgam	protein_coding	40831
FBgn0053281	699.643156355364	1.15582507141579	0.308637845616726	13.685471007256	0.000216120052370137	0.00215610935638994	29.2512124484174	15.4069016992889	FBgn0053281		protein_coding	2768938
FBgn0015609	723.270463520614	-1.24429222431406	0.33169797679742	13.675708699829	0.000217246492967393	0.00216479740639273	1.8828877499981	5.6761369523926	FBgn0015609	Cadherin-N	protein_coding	35070
FBgn0262613	124.968239992477	2.34704918300814	0.608436435509354	13.6526040798111	0.000219936085135873	0.0021890230800245	30.8076268873872	11.5381745953481	FBgn0262613		protein_coding	12798276
FBgn0030186	260.558358913229	-2.548227056217	0.654957157924294	13.6380512413951	0.000221647367400122	0.00220346619938854	1.04784761232782	24.9394209964806	FBgn0030186		protein_coding	31952
FBgn0011603	790.08965594755	1.25611313128509	0.335252568577077	13.6321941121862	0.000222339893677232	0.00220517435532336	16.5841868035893	9.67060247358989	FBgn0011603	inebriated	protein_coding	33659
FBgn0036040	34.78363139368	-2.59419435121284	0.686201709955913	13.6280022780682	0.000222836859516654	0.00220751836269715	0.17480225367778	2.12755183344437	FBgn0036040		protein_coding	39144
FBgn0038224	1361.49355429232	1.06480823407938	0.285663689130905	13.6011045232502	0.000226052485250261	0.0022367576519506	222.621130501169	165.673432089481	FBgn0038224	ATP synthase, subunit E	protein_coding	41745
FBgn0015035	189.699222570482	5.75414327988359	1.29490209466603	13.5721364721788	0.000229567934904642	0.0022688919587425	3.66864371131445	0.251688121774087	FBgn0015035	Cytochrome P450 4e3	protein_coding	34291
FBgn0010482	3047.1747116382	1.13810718043696	0.305243519168241	13.5604459927209	0.000231002201320729	0.0022804063463713	30.803929375826	21.4045615974427	FBgn0010482	hulk	protein_coding	46017
FBgn0051414	228.375028112645	-1.07137579628196	0.289038521069695	13.5297567070622	0.000234810484977802	0.0023126102415837	3.45502623937536	9.36078296899192	FBgn0051414	Glucocerebrosidase 1b	protein_coding	318721
FBgn0031289	110.90590182141	1.3682996438407	0.367537629819876	13.5100401788297	0.000237290459384521	0.00233432077931114	7.03325414250585	4.09723209948507	FBgn0031289		protein_coding	33267
FBgn0050088	20.8232275793557	-2.77172586376492	0.746658413939777	13.4881744692277	0.000240071643401698	0.00235894062600044	0.241732923923528	2.43079426445098	FBgn0050088		protein_coding	246447
FBgn0261671	4047.68523494389	-1.15296023189742	0.310324528967256	13.4551975230168	0.000244328370539828	0.00239798528212322	7.10631183659823	19.7402973086798	FBgn0261671	tweek	protein_coding	35026
FBgn0037844	60.9237888033032	1.54839394097589	0.417125305215523	13.4405125625632	0.000246248333521067	0.00241403169551324	3.5509408152258	1.71173329296726	FBgn0037844		protein_coding	41306
FBgn0032002	134.591730667601	1.55880411226826	0.41744738810902	13.4329479239038	0.000247243287186981	0.00242098340170373	12.3669548276758	6.58434277985997	FBgn0032002		protein_coding	34123
FBgn0038271	6198.01219752794	1.18187920773624	0.318348386765746	13.4162331345734	0.00024945612267617	0.00243701656178449	304.106604418378	154.514293748727	FBgn0038271	Ubiquinol-cytochrome c reductase core protein 1	protein_coding	41800
FBgn0046113	440.955354822136	1.09203219759872	0.295280731919695	13.3921216418958	0.000252683405369509	0.00246570097175085	7.60266476525665	5.3796468195004	FBgn0046113	Glutamate receptor IIC	protein_coding	33275
FBgn0034366	482.234298305357	-1.25391820737848	0.338760480888075	13.3324448883005	0.000260853193002151	0.00254249314698299	4.80064395986353	15.3937518867408	FBgn0034366	Autophagy-related 7	protein_coding	37141
FBgn0038977	65.6047115597824	1.63936225763219	0.44219909204433	13.3296978277151	0.000261235612874789	0.00254329384028673	6.00033242169497	2.90288564630394	FBgn0038977		protein_coding	42648
FBgn0014184	21430.6165099365	1.40131149608359	0.37688746137013	13.3136434255486	0.000263481884117814	0.00256221763315487	650.320998367193	476.485849950149	FBgn0014184	Ornithine decarboxylase antizyme	protein_coding	36307
FBgn0039207	1237.71463149833	-1.36455902899369	0.367850280006388	13.2900854074344	0.000266813326695511	0.00259163862054011	6.63942925466945	19.982624826687	FBgn0039207	CF transmembrane conductance regulator	protein_coding	42928
FBgn0264750	3285.44601664625	1.22532920637252	0.331603934356319	13.2673857663209	0.000270063545667459	0.00262020416014133	312.783718552747	226.609902726555	FBgn0264750		protein_coding	14462750
FBgn0053307	718.009673084903	2.06387994554564	0.54606363579131	13.2366439147151	0.00027452900012934	0.00265744072125201	86.3387782395385	46.2723347789715	FBgn0053307		protein_coding	2768914
FBgn0260945	1287.41350166888	-1.31339597855708	0.35531842743354	13.2308267334344	0.000275382321273985	0.00266265783240942	8.70007653482067	27.5899006759676	FBgn0260945	Autophagy-related 1	protein_coding	39454
FBgn0031220	819.387893016421	-1.34220418557857	0.36309933737366	13.222733326184	0.000276573991121085	0.00266808850204509	6.76810064949448	27.1996627869121	FBgn0031220		protein_coding	33170
FBgn0243486	167.496906353548	-1.37236341586374	0.373213275221412	13.1641872410589	0.000285350528231049	0.00274962340627643	0.987935533079298	3.51835143269172	FBgn0243486	reduced ocelli	protein_coding	35077
FBgn0011591	338.770101377644	-1.12398111405885	0.306665152984013	13.1613093747804	0.000285789112401698	0.00275072020686634	5.02739702611333	14.8422001797049	FBgn0011591	fringe	protein_coding	40314
FBgn0031257	97.6079165657844	-1.57603797290733	0.42789266372304	13.1309338427012	0.000290459963064712	0.00279250384467436	1.01657974241966	3.46614824892302	FBgn0031257		protein_coding	33221
FBgn0037020	756.523245236904	1.01381210966291	0.277473649953898	13.1040405252943	0.000294659552134935	0.00282646252161143	37.3371213028202	27.3434830179354	FBgn0037020	Peroxin 14	protein_coding	40294
FBgn0039323	122.372511779709	2.0880432374544	0.557376312472276	13.105751639763	0.000294390534762253	0.00282646252161143	3.69753730391934	1.93367522652653	FBgn0039323		protein_coding	43063
FBgn0037846	326.516886645108	1.88916352041689	0.505991579431513	13.0907280914545	0.000296760984006365	0.00284339992594334	13.2427864978723	4.38676241546196	FBgn0037846		protein_coding	41308
FBgn0036393	180.98740606847	2.2813208011936	0.6044841249625	13.0779497151064	0.000298792324006088	0.00285962823088313	30.4368469577414	12.3753299916295	FBgn0036393		protein_coding	39545
FBgn0038858	318.670717270124	1.47003760941188	0.399080588638355	13.0696478717796	0.00030011954954113	0.00286585409764754	26.757948048209	17.6419723476063	FBgn0038858		protein_coding	42505
FBgn0035587	164.934039953844	1.23618509184307	0.338181524398917	13.0598174182969	0.00030169884439067	0.00287769055404164	7.01166328417359	3.35924336552694	FBgn0035587	Gdap1	protein_coding	38597
FBgn0032803	151.543842974271	-1.93281979191434	0.52044431767211	13.021577409071	0.000307922333419302	0.00293374821604217	2.12140434975679	9.77090047931314	FBgn0032803		protein_coding	35244
FBgn0005624	402.176019413637	-1.06960763728932	0.293560582716562	13.019060818898	0.00030833641452054	0.00293439261908873	2.10809124529883	5.46690707456652	FBgn0005624	Posterior sex combs	protein_coding	36431
FBgn0030493	94.9556898355651	-3.03047575230279	0.789359346679672	13.0014550672369	0.000311249020321499	0.00295878698330314	0.495917667581513	3.90926814257076	FBgn0030493		protein_coding	32308
FBgn0050502	351.026899321012	1.73152512518436	0.467880729434352	12.9838249047576	0.000314193465007757	0.00298008807235801	15.6415949775111	8.02650689410669	FBgn0050502	fatty acid 2-hydroylase	protein_coding	35670
FBgn0038353	7424.52782330438	1.1893785320037	0.325775166000914	12.9697437012178	0.000316565354452295	0.00299922656846861	525.442600576762	338.166862860389	FBgn0038353		protein_coding	41900
FBgn0032076	4462.7593127751	1.53128781330057	0.415898372988728	12.9674795261509	0.000316948421790293	0.00299950070677517	145.32115804228	95.5188496740961	FBgn0032076	Argininosuccinate lyase	protein_coding	3771738
FBgn0011761	20.7055482913285	2.87316146740601	0.77806880372264	12.9566487664921	0.000318787313085378	0.00301353631901022	2.79799967056421	0.282992507611623	FBgn0011761	deadhead	protein_coding	31444
FBgn0283461	233.693913799947	-2.87824547998134	0.748564680915784	12.9488200595897	0.000320123198332775	0.00302182463871753	6.19508791744276	87.0281530693347	FBgn0283461	Drosomycin	protein_coding	38419
FBgn0051321	689.132548170302	1.055098745439	0.290715475572273	12.9074764702943	0.000327272233325735	0.00308342137516015	18.9881923170534	13.2839449185444	FBgn0051321		protein_coding	318681
FBgn0030257	62.480211635027	1.50778337402735	0.415630022940414	12.8624281512538	0.000335245314313483	0.0031515292033687	2.05248904183867	0.957264902321404	FBgn0030257	SET and MYND domain containing, arthropod-specific, member 4	protein_coding	32034
FBgn0288232	390.213687236239	1.22485823182159	0.337023840421691	12.8643235740746	0.000334905929713055	0.0031515292033687	15.9784303486084	8.80166115173074	FBgn0288232	Cytochrome P450 6a21	protein_coding	36665
FBgn0260775	222.759026819358	1.00619271800567	0.278821377387797	12.8357691598815	0.000340055644638181	0.00318966922490076	20.9692327051214	13.7883837247592	FBgn0260775	DnaJ-like-60	protein_coding	37869
FBgn0035886	177803.047282685	1.01260895979644	0.280041453932804	12.8151034352982	0.000343832399452909	0.00322152701699794	15136.281423931	12439.4595308678	FBgn0035886	Jonah 66Ci	protein_coding	38952
FBgn0030511	169.74671404281	1.12481774896577	0.311845625353155	12.7850613689118	0.000349398303340431	0.00326644992195746	7.346291117808	4.29473878938418	FBgn0030511		protein_coding	32327
FBgn0025592	702.822167159369	1.09929691229231	0.304554043125582	12.745888658047	0.000356792579757729	0.00333189983522378	19.5614257751505	14.7084436748299	FBgn0025592	Glycerol kinase 1	protein_coding	43913
FBgn0024361	1194.41364866196	1.07903061016533	0.299024036125905	12.7397328280007	0.000357968825534385	0.0033392025906126	74.8490989482369	57.2219657435284	FBgn0024361	Tetraspanin 2A	protein_coding	31080
FBgn0020445	1429.00421540213	-2.24693792782352	0.60274718113064	12.7039968553761	0.000364874867712329	0.00339780913344689	2.4311429936579	26.0603459615592	FBgn0020445	Early gene at 23	protein_coding	43895
FBgn0038916	46.1875652009015	1.54142954667817	0.428363835509907	12.7030796671635	0.000365053873841401	0.00339780913344689	4.5956178845876	2.28723479616575	FBgn0038916	dead end	protein_coding	42580
FBgn0031081	420.166206300806	-1.17769905365642	0.326597251232228	12.6948568624566	0.000366662667185392	0.00340903709227252	3.13217737066815	9.91129199455086	FBgn0031081	Neprilysin 3	protein_coding	33005
FBgn0035476	37.7219229543224	2.96185221516069	0.789680432849435	12.6806423485874	0.000369460624162524	0.00343128452484274	3.43364827865546	0.645961934651258	FBgn0035476		protein_coding	38462
FBgn0052603	3027.43624955871	2.2296643773631	0.59902854918098	12.6666807770408	0.000372229756527572	0.00345321581356904	192.195308555981	72.9245174194131	FBgn0052603		protein_coding	318109
FBgn0004394	86.6469521216319	-1.72724182832938	0.476196610486837	12.6340972848688	0.000378774073571724	0.00351008359207058	0.628137996573901	2.64141439065152	FBgn0004394	POU domain protein 2	protein_coding	34673
FBgn0011592	1133.89831971754	-1.34370185100486	0.372500559836577	12.581050064781	0.000389677728271215	0.00359148025947464	4.84284600759993	14.432098412674	FBgn0011592	frazzled	protein_coding	36377
FBgn0033639	1761.3548661467	-1.33027008776438	0.368820657338347	12.5831882828853	0.000389232161565404	0.00359148025947464	13.1437958536584	44.1038356331639	FBgn0033639		protein_coding	36244
FBgn0042135	2569.50660072916	-1.01209279702731	0.282559639605655	12.5813050237368	0.000389624572343664	0.00359148025947464	29.5161580057434	87.2869648207914	FBgn0042135	Gdap2	protein_coding	59173
FBgn0085485	27.0783792248908	2.35028578125144	0.647794430287775	12.5856859223697	0.000388712348540419	0.00359148025947464	3.39441087398091	1.25426106571697	FBgn0085485		protein_coding	5740168
FBgn0038973	9827.53084257833	1.43401683195813	0.396600416081956	12.5698768380925	0.000392014413156385	0.00360908921677672	1785.88444794856	737.776773939159	FBgn0038973	Phosphatidylethanolamine-binding protein 1	protein_coding	42644
FBgn0063492	247.706205505466	1.42597490736721	0.395916605452147	12.5335393732041	0.000399711945634899	0.00367596110697893	21.4055879802853	14.307732411665	FBgn0063492	Glutathione S transferase E8	protein_coding	37113
FBgn0034160	508.269463025869	1.77733810588593	0.48799015951483	12.5282729037258	0.000400840147600999	0.00368233844921959	48.8237755495336	19.1876850858044	FBgn0034160		protein_coding	36883
FBgn0020762	1303.72401969665	-1.32985513395893	0.36955513589056	12.5255548842611	0.000401423667716497	0.00368370364632582	9.73833532316879	25.4249883785692	FBgn0020762	ABC transporter expressed in trachea	protein_coding	33636
FBgn0031547	187.099190662966	1.83817035169574	0.505181757744015	12.5121275280824	0.000404318928204449	0.00370366754257179	7.36049248227706	3.41932960102976	FBgn0031547	Scavenger receptor class C, type IV	protein_coding	33576
FBti0019368	13.1821449604418	4.40323293884273	1.21459647376499	12.5114123466204	0.000404473728084877	0.00370366754257179	10.1801450711791	0	FBti0019368		transposable_element	NA
FBgn0050373	156.293610093866	1.20811963613471	0.338718611907814	12.4628753324148	0.000415120435098355	0.00378886862638261	24.6933795587241	14.0251034333665	FBgn0050373		protein_coding	246573
FBgn0052241	7006.29806212067	2.25706143252407	0.610764159638026	12.4580534825843	0.000416193438970337	0.00379457311956809	304.122965136604	110.21260837117	FBgn0052241		protein_coding	317934
FBgn0020257	1086.3680147856	-1.08814242513557	0.305005863855329	12.450716408452	0.00041783152531184	0.00380541184880783	9.23105125000286	24.7623217822171	FBgn0020257	Partner of paired	protein_coding	37602
FBgn0261575	141.015808149117	-2.05032664189034	0.561798693443071	12.436327975221	0.000421062819517729	0.00383072189185303	0.986585450954882	4.59958845596854	FBgn0261575	target of brain insulin	protein_coding	43072
FBgn0003339	202.027447921965	-1.52899119119069	0.425897124179908	12.4242751768585	0.000423788984961538	0.00385138701998307	1.21338571531758	5.06936483950303	FBgn0003339	Sex combs reduced	protein_coding	40833
FBgn0052405	227.927668817906	2.19610410118657	0.598287823165528	12.4220866155931	0.000424285912356966	0.00385177028688478	27.3805273127973	13.0239263582155	FBgn0052405	Cuticular protein 65Av	protein_coding	318014
FBgn0261842	124.478002452189	3.00458277462889	0.795940332810357	12.3952702988025	0.000430422684211218	0.00390329778936725	4.1756809444499	0.410272910802521	FBgn0261842		protein_coding	10178960
FBgn0032981	79.4787848866667	-1.90219863086057	0.528339449441683	12.3794044281194	0.000434095593537036	0.00393239537674726	0.745774792442881	6.17669883549292	FBgn0032981		protein_coding	35447
FBgn0032899	1190.4350211503	1.07980526977432	0.303641719701463	12.3721837879066	0.000435777608934895	0.00394341490136598	130.598209421641	93.193232532593	FBgn0032899		protein_coding	35357
FBgn0027790	387.188497276521	-1.43375364968625	0.400787370889888	12.3492624788299	0.000441160721076761	0.0039836154664394	9.94024750535938	29.8718477632608	FBgn0027790	GV1	protein_coding	38238
FBgn0039632	1031.88597672146	-1.136481373528	0.319782410697495	12.3347454369503	0.000444604730842396	0.004010438839441	7.18280668733826	23.2688828487641	FBgn0039632	Cullin 5	protein_coding	43434
FBgn0020765	21.6622320662359	3.38485669632516	0.920617770388061	12.3023742595537	0.000452382461742932	0.00407192290219196	4.56899086956726	0.474493036131446	FBgn0020765	Adult cuticle protein 65Aa	protein_coding	38710
FBgn0037974	205.502126414687	1.96658862452994	0.542894178823886	12.2966952036903	0.000453761041844289	0.00407999577964026	17.3528889689068	4.77267147503749	FBgn0037974		protein_coding	41453
FBgn0035355	109.778106575033	1.35943884866123	0.382988024969932	12.2841896056496	0.000456811716904176	0.00410307024621248	12.9654324722221	8.96790984932009	FBgn0035355		protein_coding	38323
FBgn0000044	166482.172809387	1.37360719609309	0.385494985012773	12.2442056723345	0.000466705169706806	0.00418749235955153	6442.56064128099	3216.80199340002	FBgn0000044	Actin 57B	protein_coding	37368
FBgn0284231	388.875115531997	-1.06302933187402	0.301119853048043	12.2339145676568	0.000469286362581566	0.00420619628684218	1.9781743183762	5.86268387802777	FBgn0284231		protein_coding	30522404
FBgn0035545	144.391612619816	2.85623148386384	0.76526618191022	12.2246000289755	0.000471635034517717	0.0042213668480108	15.6085427675915	0.978713779469595	FBgn0035545		protein_coding	38547
FBgn0036726	616.205446304181	1.20191076749922	0.33931476017371	12.22325277543	0.000471975726690227	0.0042213668480108	56.7159610160257	35.2278369760807	FBgn0036726	QIL1	protein_coding	39948
FBgn0037818	133.005859054033	1.48645480620517	0.418777036730059	12.1940985454076	0.000479409369356167	0.00428333054688474	7.07306701553135	3.79632901606394	FBgn0037818		protein_coding	41274
FBgn0037781	317.231814959664	1.11147748217364	0.315337459473008	12.170173050821	0.000485598008522286	0.00432493704751184	16.6208484417686	9.96233676457422	FBgn0037781	Fancl	protein_coding	41231
FBgn0025697	766.870982753272	-2.26845833198405	0.621479975406228	12.1671892971312	0.000486375428655196	0.00432731079906461	5.07648232743452	17.1284299924452	FBgn0025697	scavenger receptor acting in neural tissue and majority of rhodopsin is absent	protein_coding	34024
FBgn0031384	364.559141180837	-1.19830220722501	0.339502710875789	12.1640423685885	0.000487196725281294	0.00433006953109398	2.16856330649189	6.85763784875204	FBgn0031384		protein_coding	33377
FBgn0003721	19421.6341860624	1.45653868386199	0.409453299413832	12.1513868043894	0.000490513777320508	0.00435498081122086	790.978436423419	562.360006851361	FBgn0003721	Tropomyosin 1	protein_coding	41852
FBgn0025574	1551.36999886618	-1.2196857926179	0.345112131453104	12.1476670471112	0.000491493061655624	0.00435910600232789	20.4552571255759	58.939389287406	FBgn0025574	Pellino	protein_coding	42821
FBgn0266492	1973.77770322565	1.35055505418117	0.380968969521913	12.1408338692722	0.000493297147512054	0.00436596325958944	129.035588419764	106.70226424431	FBgn0266492	Sarcolamban B	protein_coding	19834948
FBgn0037341	399.589716496534	1.04171825792139	0.296433140504697	12.1226784142451	0.000498123063543657	0.0044040734323745	17.1405623009096	11.5499111850185	FBgn0037341		protein_coding	40672
FBgn0265146	27.7431855603685	2.83570391376221	0.771962810620824	12.1143106748219	0.000500363314122344	0.0044146638235586	34.5005920852944	9.27455754386068	FBgn0265146		protein_coding	14462470
FBgn0283658	3274.39141651103	1.13742167921995	0.322822436510334	12.1084894372197	0.00050192779872221	0.00442385895439867	103.206856491635	59.2998974144526	FBgn0283658	midline uncoordinated	protein_coding	34021
FBgn0051233	6554.13237786721	1.75504094632576	0.490534921054648	12.0833537409028	0.000508740022324126	0.00447748710954888	139.792087376781	47.2188732302074	FBgn0051233		protein_coding	42557
FBgn0053230	172.898975593861	1.04511553739508	0.298428906468873	12.0821460500478	0.000509069667827104	0.00447748710954888	5.94823894375788	4.14200670371416	FBgn0053230		protein_coding	2768998
FBgn0031688	41.7916073667362	1.88359266702375	0.532839096746491	12.0744861008074	0.00051116551719549	0.00449125718946659	2.00252823585159	0.728749497749778	FBgn0031688	Cytochrome P450 28d2	protein_coding	33748
FBgn0262605	49.1526386390591	2.399996253764	0.666201720387238	12.0617976988564	0.000514656389292704	0.00451724312674529	13.5592733423834	5.39455435342464	FBgn0262605		protein_coding	12798230
FBgn0001296	419.886886115508	-1.42176441121265	0.4022052740739	12.0519339759699	0.000517386744090368	0.00453650695905322	4.51405008076195	15.0668125732105	FBgn0001296	karmoisin	protein_coding	45883
FBgn0033369	130.28248876473	1.38019158489106	0.392402092665388	12.0459225154009	0.000519057929089167	0.0045464536291471	5.57743516254026	3.35190885270806	FBgn0033369		protein_coding	35912
FBgn0024836	1142.06084057617	-1.53144507342936	0.431751050114366	12.0433770931405	0.0005197671971058	0.00454796297467575	2.44074498617808	7.83481199388062	FBgn0024836	starry night	protein_coding	36125
FBgn0034301	392.519081924468	-1.9351912050768	0.540013915225914	12.0410482545476	0.000520416972230004	0.00454894917934792	1.63612146647345	13.9027931714237	FBgn0034301		protein_coding	37064
FBgn0042101	158.918673697345	1.33954122815116	0.380803644693851	12.0267704969772	0.000524418608187732	0.00457920166118566	8.32359028242975	3.82039801584184	FBgn0042101		protein_coding	59140
FBgn0032670	47.8574028296569	2.02872352672055	0.571321490426972	12.019870974468	0.000526363458657775	0.00459145056110336	3.03922942285932	1.27165917635321	FBgn0032670		protein_coding	35088
FBgn0051719	117.501535407669	1.23638687885417	0.353158336341159	11.9897599386655	0.000534936804295586	0.00466143490985968	2.25143666781978	1.56854840336492	FBgn0051719	RluA pseudouridine synthase 1	protein_coding	34438
FBgn0000078	3733.05407397846	1.88317550828745	0.526483889163068	11.9817396147708	0.000537244067927535	0.00467672893663538	104.767954707257	57.3910380848982	FBgn0000078	Amylase distal	protein_coding	36932
FBgn0053459	229.973903810426	1.82051895431443	0.511796987551873	11.9542126463403	0.00054523963313441	0.00473659455656251	12.3615190702896	8.42144946847954	FBgn0053459		protein_coding	2768847
FBgn0034997	3678.27053606843	-1.38283660839144	0.392936098574082	11.9427094029249	0.000548616389725898	0.00476104592313356	25.5075165373386	93.9453793430952	FBgn0034997		protein_coding	37884
FBgn0038404	346.811643019224	-1.32328841339671	0.377334847770142	11.9384390504087	0.000549875310894504	0.00476708688155215	3.90318610744082	12.8307930385659	FBgn0038404		protein_coding	41963
FBgn0033658	68.8522669880889	1.96844710159368	0.554477490926338	11.9275618183575	0.000553095164652175	0.00479009820511648	7.10167560632065	2.69286718333377	FBgn0033658	Tweedlebeta	protein_coding	36265
FBgn0025456	4981.07330330997	-1.27809291336401	0.364716116143682	11.9023169127888	0.000560641656664005	0.00484554574688176	177.798537108336	542.592595169109	FBgn0025456	Cellular Repressor of E1A-stimulated Genes	protein_coding	42092
FBgn0039645	287.2435457625	1.93641975855992	0.543025506634858	11.9038418545987	0.000560182867831448	0.00484554574688176	3.1687506829379	1.73271052485604	FBgn0039645		protein_coding	43451
FBgn0036773	230.731912229407	-1.20451481333132	0.345341396329249	11.8923596472832	0.000563646705951693	0.00486159633341226	3.36756692688789	11.1381544884422	FBgn0036773		protein_coding	40000
FBgn0030882	3185.34649173748	1.00985044241747	0.290070567841657	11.8843964775363	0.000566061647264088	0.00487250218732408	106.357198070534	68.8781522593948	FBgn0030882	Glutathione synthetase 1	protein_coding	32775
FBgn0052495	3185.34649173748	1.00985044241747	0.290070567841657	11.8843964775362	0.000566061647264096	0.00487250218732408	106.357198070534	68.8781522593948	FBgn0052495	Glutathione synthetase 2	protein_coding	318053
FBgn0052279	69.7671802554365	-3.66924972056146	0.979751385484422	11.8814239514595	0.000566965782117575	0.00487533012643235	5.2846361019344	40.0869758846143	FBgn0052279	Drosomycin-like 2	protein_coding	38408
FBgn0015572	1169.19593263548	1.14074394638239	0.327096107082302	11.8694985521927	0.000570607739590042	0.00489670471563086	38.3026482930266	27.8728388161074	FBgn0015572	alpha-Esterase-4	protein_coding	40906
FBgn0016660	68.6444552478606	-1.42703081773209	0.410974997973998	11.8252201016042	0.000584338066158464	0.0050094569032006	0.633748056547572	2.14882194286427	FBgn0016660	H15	protein_coding	33769
FBgn0036589	666.128933655741	1.08407712651252	0.311952505315878	11.8183442079141	0.000586499941359276	0.00502290647453293	119.716261408963	72.1441649376747	FBgn0036589		protein_coding	39785
FBgn0033945	269.815760690066	1.88454572203083	0.53264091742881	11.7722553687979	0.000601200911121557	0.00513841747446982	23.0702306181422	16.2043871551786	FBgn0033945		protein_coding	36620
FBgn0035260	118.491837933369	-1.55340132690389	0.444849568010316	11.7650538020102	0.000603531378655051	0.00515313586412125	0.801121841942553	2.50254100768418	FBgn0035260		protein_coding	38214
FBgn0034636	200.734280892244	-1.14759013188138	0.331620459517854	11.7608148365627	0.000604907394612302	0.00515449258789356	1.86190042359284	6.67071651302947	FBgn0034636	tiwaz	protein_coding	37456
FBgn0060296	462.99025421859	-1.38026578562331	0.395682492555435	11.7614671004859	0.000604695456341342	0.00515449258789356	4.06458034113011	12.9958611591574	FBgn0060296	painless	protein_coding	37985
FBgn0037358	1633.16278343686	1.11617238411273	0.321727727884924	11.7546587553202	0.000606911371187551	0.00516637116980759	81.2836661057354	60.8279573100987	FBgn0037358	ethanol sensitive with low memory	protein_coding	40695
FBgn0051163	564.124150306795	-1.03051426551372	0.297934047660479	11.7474737963946	0.000609258756462985	0.00517639464863415	2.84133189078037	8.72925963593803	FBgn0051163	Shal K[+] channel interacting protein	protein_coding	42601
FBgn0051955	46.9857551857051	2.40843671144096	0.676960921160005	11.7473137388201	0.000609311152855755	0.00517639464863415	4.10281038777317	2.10628278735109	FBgn0051955		protein_coding	319045
FBgn0002570	1784.88687256634	-1.04170654141716	0.300830895293816	11.7441986502078	0.000610331813764883	0.00517987020299455	30.9123066912625	86.5212739469973	FBgn0002570	Maltase A1	protein_coding	35824
FBgn0035146	2878.96387520728	-1.22352079222003	0.352081579007087	11.7382322226274	0.000612291540717028	0.00519130065052375	24.9321456812593	108.979794028086	FBgn0035146		protein_coding	38074
FBgn0052447	332.00967288616	-2.03263112706987	0.572644308669037	11.7286066356825	0.00061546655609458	0.0052130017301211	1.9518280390349	8.1494993536386	FBgn0052447		protein_coding	40412
FBgn0024997	270.694255419709	1.50409233884821	0.431190483133895	11.6985775495578	0.000625478946923431	0.00528609110193377	9.39174398723048	3.64313256500485	FBgn0024997		protein_coding	31258
FBgn0027570	2064.40110815209	-1.59503852121658	0.455435924790105	11.6971231008681	0.000625968049024743	0.00528609110193377	11.2057695089259	58.8011098049869	FBgn0027570	Neprilysin 2	protein_coding	40588
FBgn0036595	71.2095257201393	1.48877059447184	0.429380532197879	11.6940336143077	0.000627008263767108	0.00528960158775638	6.39393568067372	4.15492893583602	FBgn0036595		protein_coding	39791
FBgn0028397	286.757975558372	1.17151769705786	0.338864366627935	11.6896899846472	0.000628473695493513	0.00529668875704483	4.04235353169037	2.99311989280137	FBgn0028397	Transducer of ERBB2	protein_coding	32574
FBgn0260942	418.414355770019	1.00747346783067	0.292360456982502	11.6764860595473	0.000632949642178654	0.00532910881635507	15.8561496049166	11.27090708149	FBgn0260942	james bond	protein_coding	42657
FBgn0003447	1579.69755562538	-1.29690479639698	0.374255483894344	11.6349709396817	0.000647233537954651	0.00544396034406742	15.349591052442	46.9356387766747	FBgn0003447	singed	protein_coding	31717
FBgn0031929	1636.15069826263	1.52372407733367	0.437256473369218	11.6258185035918	0.000650426118560688	0.005465386135128	59.7163192315687	43.6076662002603	FBgn0031929		protein_coding	34041
FBgn0027356	1147.09327955528	1.1723614930555	0.339683411749742	11.6083164225897	0.000656575607252001	0.00551159107376061	18.8176665956973	14.2507726800837	FBgn0027356	Amphiphysin	protein_coding	36383
FBgn0023129	1587.22522956106	1.15175186398836	0.333822275455488	11.6056441190415	0.000657519695361844	0.00551405130664833	61.1529743557171	42.5665839631835	FBgn0023129	astray	protein_coding	39085
FBgn0035553	2147.3147395218	-2.57717209187005	0.714273485523641	11.5959450882038	0.000660957763698049	0.00553740084918148	7.55550943033711	57.7626319082758	FBgn0035553		protein_coding	38555
FBgn0031055	534.429370407139	1.03205103598291	0.300332731852454	11.582492172009	0.000665756573669926	0.00556975941609051	14.8954142558366	8.56918013524102	FBgn0031055	eye transformer	protein_coding	32975
FBgn0038107	202.517173375253	1.09975141699641	0.32026304652645	11.5795997501113	0.000666792921831851	0.00556975941609051	22.9433521118472	14.3378926177846	FBgn0038107		protein_coding	41598
FBgn0265083	202.517173375253	1.09975141699641	0.32026304652645	11.5795997501113	0.000666792921831851	0.00556975941609051	22.9433521118472	14.3378926177846	FBgn0265083		protein_coding	14462463
FBgn0003308	768.232646157719	-1.11980458440765	0.325527014465703	11.5705762855161	0.000670036491621864	0.00558051373734467	4.00670036635442	14.0656303774748	FBgn0003308	rosy	protein_coding	41605
FBgn0034535	208.715871506403	1.15175986178805	0.335151401151131	11.5705194771665	0.000670056962323439	0.00558051373734467	24.3473394479418	13.1863088954747	FBgn0034535		protein_coding	37337
FBgn0261932	48.1872917316256	-2.073142142297	0.597116973090876	11.5727552498432	0.000669251785616081	0.00558051373734467	3.08611799979746	16.4152403470547	FBgn0261932		protein_coding	10178954
FBgn0040070	3016.27506428104	1.1252731212423	0.327552426647413	11.5179726083805	0.000689265215883393	0.00572360429267876	252.424939749543	192.673492293427	FBgn0040070	thioredoxin-2	protein_coding	34281
FBgn0038181	5923.0581145118	1.26658916664004	0.367704590320929	11.5041473216867	0.00069441077623478	0.00575504821400057	75.5750785883337	44.548834233787	FBgn0038181		protein_coding	41688
FBgn0040281	141.95469959013	-1.04737252587749	0.306891078441081	11.497827348108	0.000696775880624307	0.00576900460301846	1.60860712521176	4.93120343514459	FBgn0040281	APPL-interacting protein 1	protein_coding	53472
FBgn0030481	322.854040320714	1.05540386004762	0.308480858104232	11.4922365109156	0.00069887490519094	0.00578073285836646	14.8402980945971	10.0408964747376	FBgn0030481		protein_coding	32296
FBgn0035546	241.258783881774	-1.48446173232815	0.429879369365332	11.4791353526541	0.000703818663255301	0.00581594544172917	7.82968906544892	30.1059259474851	FBgn0035546		protein_coding	38548
FBgn0260955	32.4199340554472	-2.26186191573611	0.654263341073039	11.474269147953	0.000705663924165805	0.00582551017318165	8.4519282067766	65.1129536380764	FBgn0260955		protein_coding	8674060
FBgn0053986	33.8515233288859	2.20273429637352	0.634204727237549	11.4685829700672	0.000707826311352891	0.00582632541997958	3.21575016895903	0.69642922276782	FBgn0053986		protein_coding	3885638
FBgn0085376	454.673049791771	-1.3941862388299	0.404549375144555	11.4714606432548	0.000706731130429807	0.00582632541997958	1.67500794845054	5.36186996693271	FBgn0085376		protein_coding	5740668
FBgn0263199	2027.51525863593	1.14864995943832	0.335095091024954	11.4575303239277	0.000712048675161158	0.00584971123047043	52.6925979398076	43.219670801574	FBgn0263199	Galactokinase	protein_coding	39031
FBgn0265052	93.441359432799	1.75039212444962	0.506174183337125	11.4255679815989	0.000724402770647877	0.00593968196262103	4.88854359796596	2.61934685989553	FBgn0265052	Sulfotransferase 3	protein_coding	37743
FBti0019633	266.482666136026	1.05346501901017	0.308808053987186	11.4217165790411	0.000725905962317555	0.0059462509679204	3.72689012427867	2.56617302066689	FBti0019633		transposable_element	NA
FBgn0085360	549.961841830614	1.20079812579428	0.350686838614411	11.4191369100666	0.000726914561839764	0.00594875974761623	76.9789745061545	42.6785772390754	FBgn0085360		protein_coding	33011
FBgn0053519	5993.54248079066	1.48782787316673	0.431428525957559	11.4020667982003	0.000733624415160262	0.00599787528610755	28.4194162251494	14.2049806632862	FBgn0053519	Unc-89	protein_coding	3346201
FBgn0032801	122.848436472015	1.17680906982085	0.345261970087709	11.3954708860961	0.000736233841150995	0.00601340466205297	9.83586871728025	5.49297995567827	FBgn0032801		protein_coding	35242
FBgn0027610	1165.97648820636	1.05079003994708	0.30813449837457	11.3890220615669	0.000738794143620685	0.00602270105531011	57.5534600858906	30.8926941105583	FBgn0027610	Dicarboxylate carrier 1	protein_coding	41640
FBgn0037228	359.377531683605	1.51248122265691	0.439213505014924	11.3869725376763	0.000739609724813357	0.00602355227804724	13.2157644338263	9.94114103837329	FBgn0037228		protein_coding	40538
FBgn0039613	78.3818328522452	1.2652662463435	0.371723762343404	11.3762968678449	0.000743872701162473	0.00605245127650927	2.24178775738051	1.27111186779133	FBgn0039613	Neprilysin-like 20	protein_coding	43412
FBgn0030411	139.424535517001	1.08719979043205	0.31980421735597	11.3725834622536	0.000745361339547362	0.0060587433262631	7.72688668736558	5.00026102498777	FBgn0030411		protein_coding	32216
FBgn0030824	83.1324206377111	1.51947680958766	0.4437050478607	11.3499727217864	0.000754490773227773	0.00611706668877278	6.43914398858069	3.65866768111796	FBgn0030824		protein_coding	32705
FBgn0033221	1222.48089037692	1.61149885484591	0.466928906364837	11.349450315202	0.000754703033030408	0.00611706668877278	131.879615288028	111.567093952393	FBgn0033221		protein_coding	35726
FBgn0033302	521.695991186562	1.44804203114435	0.421660911450986	11.3528612666062	0.000753318212615405	0.00611706668877278	15.4143001331931	10.3314166699187	FBgn0033302	Cytochrome P450 6a14	protein_coding	35835
FBgn0032144	32831.3954162684	1.66686801036249	0.482066965382498	11.345138351813	0.00075645733929691	0.00612542415281532	1999.68693640219	746.64544300468	FBgn0032144		protein_coding	34297
FBgn0266486	647.103661078321	1.15655784282453	0.339491846169499	11.3258666969051	0.000764348440349812	0.00618341097398559	16.3876759569763	12.4487132594953	FBgn0266486		protein_coding	19834931
FBgn0036471	5032.0473580573	1.46348766375719	0.426591963009138	11.2989837273386	0.000775495272112864	0.00626760014770607	687.990133773987	292.115573080234	FBgn0036471		protein_coding	39638
FBgn0034769	39.7265155561798	1.88544326387224	0.551119673499234	11.2767512840323	0.000784837806555306	0.00633706026837316	5.27955673515988	1.76640381139352	FBgn0034769	Odorant-binding protein 58c	protein_coding	37608
FBgn0025595	1027.11844409257	1.05112306346129	0.31023967392243	11.243560121402	0.000798997523653021	0.00643299337009609	29.9104659894982	18.2856997942837	FBgn0025595	Adipokinetic hormone receptor	protein_coding	33942
FBgn0039471	9592.31969054556	1.51789890112426	0.443081919276343	11.2326160357294	0.000803722766849691	0.00646489253107017	701.154002637924	282.786762456565	FBgn0039471		protein_coding	43247
FBgn0035699	233.975953138177	-1.2756646216248	0.375807102542189	11.2243665996492	0.000807303220732009	0.00648753157457317	1.40170010816212	4.67808380009627	FBgn0035699		protein_coding	38730
FBgn0085409	445.471302703502	-1.30463625035553	0.383776309553223	11.2161867389104	0.000810869393958969	0.0065038482640459	2.30755535739308	8.36012564818621	FBgn0085409	smoke alarm	protein_coding	5740323
FBgn0031564	51.187274150206	-1.67815668591329	0.495742253664884	11.1966881093147	0.000819434553767035	0.00655392886723965	3.7821468871944	14.5765219993611	FBgn0031564		protein_coding	33595
FBgn0039008	294.274846324077	1.72145332298334	0.501064502411111	11.197266124407	0.00081917933878666	0.00655392886723965	17.5640233088427	4.71140552801363	FBgn0039008		protein_coding	42684
FBgn0262588	49.7089113524411	2.12430422897358	0.61701992008719	11.1749740789003	0.000829080538822113	0.00661857885374486	4.44063791839477	1.72386350940202	FBgn0262588		protein_coding	12798281
FBgn0032414	326.75644376335	-1.32697380675886	0.391558405577884	11.143842988673	0.000843110430225927	0.00671791659831948	1.61209915475108	5.23174188094726	FBgn0032414		protein_coding	34639
FBgn0031548	385.481296699297	1.31074469452552	0.386894048824915	11.1316531151713	0.000848669218327126	0.00675568801051465	9.40922496454177	5.36964165970182	FBgn0031548		protein_coding	33577
FBgn0015011	1980.02510836114	-1.12972667349139	0.335123388632586	11.0914407904606	0.000867270763872899	0.00689097877111018	33.0378924555365	87.4545428721414	FBgn0015011	Adenosylhomocysteinase like 2	protein_coding	42043
FBgn0031791	1213.82565533531	-1.13963717054636	0.338643105541269	11.0573180490157	0.00088337832147744	0.00700581871059356	47.1597088086597	159.490179988492	FBgn0031791	Arylalkylamine N-acetyltransferase-like 2	protein_coding	33874
FBgn0015039	5461.43178992365	1.08692503710423	0.323514299922324	11.0323365618697	0.000895362230877171	0.00709421711462081	186.357172979144	132.964614025222	FBgn0015039	Cytochrome P450 9b2	protein_coding	35635
FBgn0004003	270.810390262968	-1.63758246601263	0.482518537878784	11.0177656238183	0.000902427830179264	0.00713684754586215	8.66215176768523	29.0467874692055	FBgn0004003	windbeutel	protein_coding	37206
FBgn0052751	934.124757220706	1.52172741250212	0.448985137138023	11.001563193186	0.000910350770390396	0.00718608669637153	40.455395133129	13.6370121450476	FBgn0052751		protein_coding	318189
FBgn0035798	336.286047200834	1.73185079089397	0.508597640167699	10.9888171427656	0.00091663294500486	0.00721550282917394	3.80071307344976	1.63064510599635	FBgn0035798	faulty attraction	protein_coding	38850
FBgn0030817	75.953904712078	1.66425228701161	0.492106218154948	10.9758584242794	0.000923064874729868	0.00725265258716325	2.13841125800473	0.986270072927578	FBgn0030817		protein_coding	32695
FBgn0034606	597.329591703049	-1.36477992095069	0.404963523210607	10.9773976778156	0.000922298499837024	0.00725265258716325	3.6890251998994	10.8600220171338	FBgn0034606	Ankyrin-repeat, SH3-domain, and Proline-rich-region containing Protein	protein_coding	37422
FBgn0033524	72.406913995044	1.82485966273554	0.538251180486554	10.9567944215333	0.000932610140657117	0.00730807466639401	2.38623413355713	0.724464165566927	FBgn0033524	Cytochrome P450 49a1	protein_coding	36105
FBgn0039538	232.818728966711	1.5606196418621	0.461667274153921	10.9566018852133	0.000932707050102943	0.00730807466639401	13.1383175015442	8.15925881236384	FBgn0039538		protein_coding	43326
FBgn0283741	1627.62765140119	-1.23709929371837	0.368462158747551	10.9504167948904	0.000935825619031833	0.00732573289574827	14.366692934817	35.1154273136258	FBgn0283741	prage	protein_coding	31136
FBgn0016036	27.6756822896415	1.95929464253543	0.584499928608195	10.9156965472766	0.000953528566339119	0.00745742101282765	2.27915448692906	0.712807766374276	FBgn0016036	meiotic P22	protein_coding	38797
FBgn0085282	115.478270088171	-1.39588250741073	0.417233146594185	10.9120022552456	0.000955432010318498	0.0074654143241676	11.7899463461404	41.1242100826035	FBgn0085282		protein_coding	5740501
FBgn0035056	125.606684255124	-1.28993308955485	0.386205613165143	10.9032566800666	0.000959953400938018	0.00748535594576103	1.98028339223748	6.76287052857607	FBgn0035056	spatzle 6	protein_coding	37956
FBgn0027493	3786.61984748814	1.01090782822784	0.303222803694526	10.8963753609222	0.000963526190734794	0.00750098054735634	122.427176044715	86.0213983514316	FBgn0027493	Adenylosuccinate Synthetase	protein_coding	42466
FBgn0034294	9720.17103969042	1.56215929352259	0.462525997799253	10.890834534739	0.000966412764704092	0.00750801130191628	458.837580484332	202.757057106954	FBgn0034294	Mucin 55B	protein_coding	37057
FBgn0038260	222.239339086687	-1.75399300979958	0.518403354766608	10.8927304134528	0.00096542409632752	0.00750801130191628	1.15824356975907	11.1134558134917	FBgn0038260		protein_coding	41789
FBgn0053970	289.34086208104	-1.13024417658613	0.33919948141939	10.8822973287329	0.000970877472253005	0.00753052398350088	2.49598167528757	8.62651983875151	FBgn0053970	oskyddad	protein_coding	43186
FBgn0036978	102.483294667127	1.39615882843082	0.417445308776991	10.8795102511913	0.000972339543168406	0.00753496425492808	2.51275025756971	0.994238143340908	FBgn0036978	Toll-9	protein_coding	40245
FBgn0033205	171.496435364192	1.4542207878675	0.433210070984645	10.8755023373471	0.000974445955453512	0.00753749519880479	10.7858034954883	5.92170910170899	FBgn0033205	Retinol dehydrogenase 1	protein_coding	35708
FBgn0033728	39.8732316250646	2.16590730602632	0.638011220267513	10.8762638003478	0.000974045403726323	0.00753749519880479	2.12036788730387	0.785063452936696	FBgn0033728	Cuticular protein 49Ae	protein_coding	36351
FBgn0028685	4331.04662550536	-1.00132210503129	0.300847969314789	10.8649775160333	0.000979999410102459	0.00756663172613294	98.8966511198185	248.374667252783	FBgn0028685	Regulatory particle triple-A ATPase 4	protein_coding	31567
FBgn0033777	3001.95292263569	1.05918750468157	0.317870705136544	10.8655987366382	0.000979670734129208	0.00756663172613294	181.627704618269	139.156645323663	FBgn0033777		protein_coding	36415
FBgn0030927	214.979504078584	-1.37919748167486	0.412726304826979	10.834654023995	0.000996179300304462	0.00767058061234436	2.68641711259229	9.48928061072802	FBgn0030927		protein_coding	32833
FBgn0028983	3271.61578285049	1.12497332446377	0.337825576444608	10.8212254945863	0.001003430491364	0.00771939714973032	163.93758982345	109.378863352345	FBgn0028983	Serpin 55B	protein_coding	49803
FBgn0000241	519.269823979947	-2.59112581152609	0.744778413542323	10.8043772302588	0.00101260383563511	0.00777584269068845	0.790619484333126	20.8106138579001	FBgn0000241	brown	protein_coding	37724
FBgn0052373	273.810439319405	1.15650125839925	0.348297807369817	10.7774551699526	0.00102743842364631	0.00788261181909806	8.97130944471469	5.2278772633928	FBgn0052373		protein_coding	318000
FBgn0036985	9781.52724621361	-1.34102871194824	0.40163845082745	10.7692333202955	0.00103201249273547	0.00791053919770988	28.5939689567887	123.019895880954	FBgn0036985	zye	protein_coding	40255
FBgn0037563	424.991483810445	1.38638721495132	0.415319957847363	10.7648386132772	0.00103446584473344	0.00792217514004722	22.8901579273222	16.6053219076515	FBgn0037563		protein_coding	40977
FBgn0085474	139.812618539014	1.19058667764875	0.359300180051888	10.7536629016669	0.00104073130969168	0.0079557709323904	26.2934925477794	18.6156797906276	FBgn0085474		protein_coding	5740761
FBgn0003295	44.0908806200232	-1.489360523152	0.451604833552329	10.7425314956765	0.00104701009051657	0.00798934726727509	0.536664958031137	2.43333076681396	FBgn0003295	roughoid	protein_coding	44856
FBgn0014000	841.03752391686	1.46034913167877	0.436794547610261	10.7438977852184	0.00104623736318131	0.00798934726727509	48.7623847959316	39.1619840394946	FBgn0014000	Helical Factor	protein_coding	44038
FBgn0020378	345.091245602996	-1.17055898635672	0.353593910725499	10.7014676579193	0.00107050578752604	0.0081539424643395	2.69400106974355	6.90530714863078	FBgn0020378	Sp1	protein_coding	31913
FBgn0030803	237.31065838714	1.12349066699143	0.340061969274698	10.6979502547641	0.00107254298918616	0.00815479274542799	8.48944069234003	6.06052421822545	FBgn0030803		protein_coding	32680
FBgn0032652	386.814921872848	-1.06012346523807	0.320994679166849	10.6926435401422	0.0010756239439283	0.00817088323324902	16.8705079718269	47.666065977475	FBgn0032652		protein_coding	35067
FBgn0250836	1345.92528047993	1.45013544005592	0.434838130995981	10.6899519010068	0.00107719006713793	0.00817544791098414	338.103349876467	257.28045571635	FBgn0250836	Acyl-CoA binding protein 3	protein_coding	38783
FBgn0032253	725.246146297708	-1.42527845091715	0.428144684127029	10.6748095358587	0.00108604370009214	0.00823526422540774	4.99138771669315	13.1200169475807	FBgn0032253	Lysosomal alpha-mannosidase I	protein_coding	34436
FBgn0036988	323.465943392481	-1.06473667313485	0.323197342375955	10.654545049026	0.00109800749122503	0.0083111022794245	4.59347014090763	14.5241166061228	FBgn0036988		protein_coding	40258
FBgn0000180	431.416286455515	-1.46858383435163	0.441450139671498	10.6492564042169	0.00110115169156976	0.00832745966749633	3.2540240472209	10.7868043211514	FBgn0000180	big brain	protein_coding	34330
FBgn0037955	1250.70626049277	1.01244636069892	0.307259740904222	10.6475476964343	0.00110216949646047	0.00832772135148987	58.5666557611559	38.917840457517	FBgn0037955	Kynurenine aminotransferase	protein_coding	41433
FBgn0040532	886.063888441905	-1.32852759578876	0.400649975732942	10.6419675701127	0.00110549997491084	0.00834544098707203	92.5190910982782	304.553583273415	FBgn0040532		protein_coding	50005
FBgn0016675	789.052636632481	1.27955234614567	0.386637707069478	10.6245737487333	0.0011159468863689	0.00840931506009308	74.4658325271006	53.5362322805959	FBgn0016675	Galactose-specific C-type lectin	protein_coding	35216
FBgn0029167	6147.78205149064	1.17499097505415	0.355999950725578	10.6062977092102	0.00112703129423045	0.0084852933885617	25.3208038754356	15.7387942026618	FBgn0029167	Hemolectin	protein_coding	39529
FBgn0250839	349.336464518773	-2.57585241030437	0.748456941137143	10.5997072425872	0.0011310556772204	0.00850048055550732	2.95762162168086	19.5645681883006	FBgn0250839		protein_coding	40612
FBgn0262160	4901.78053067232	-1.15618540980999	0.350540567018013	10.6012193586993	0.00113013103985985	0.00850048055550732	19.6168241018373	49.7463195893788	FBgn0262160		protein_coding	34701
FBgn0051673	398.258534915677	1.04717249366626	0.319066296105893	10.5662543695126	0.00115170855411217	0.00862508528145893	22.0127289341429	16.2710153304713	FBgn0051673		protein_coding	35348
FBgn0035949	68.2119673771103	-3.10316566222194	0.896531162074959	10.5564021235714	0.0011578634864724	0.00866351919648517	1.26316997382378	7.63645098157625	FBgn0035949		protein_coding	39030
FBgn0034662	12460.5674322918	1.61129031756574	0.48402942405783	10.550153838327	0.00116178417410471	0.00867752376954754	96.5254081354744	38.6453955547706	FBgn0034662		protein_coding	37487
FBgn0034072	1897.59280290751	-1.10633815134695	0.336942333769991	10.5313100288359	0.00117368986173974	0.00875101507828841	11.3674390270485	29.0154283846857	FBgn0034072	Dystroglycan	protein_coding	36773
FBgn0262509	699.776289171682	1.36685225907931	0.414086105470943	10.5248662914728	0.00117778933513614	0.00876614733620661	8.13188929668961	4.89311403078017	FBgn0262509	neuromusculin	protein_coding	40515
FBgn0262362	47.0101932521882	-2.32344243735915	0.693628968199916	10.5088390010243	0.0011880487633642	0.0088192576912312	2.23357787946715	13.7778722439555	FBgn0262362		protein_coding	12798056
FBgn0029830	231.864951199882	-1.61773048509189	0.488421802120994	10.4995425514532	0.00119404101874126	0.00884823047133727	1.24838995896748	4.16877378883654	FBgn0029830	Glutamate receptor interacting protein	protein_coding	50391
FBgn0036454	3766.63943161578	-1.25516896901707	0.381695976351624	10.4917055322758	0.00119911631476421	0.00887807271508115	18.1509790181459	52.9782803114337	FBgn0036454		protein_coding	39616
FBgn0027560	5693.75587446228	1.06061768087496	0.324179083218354	10.4723642963236	0.00121173542075707	0.00895584556179091	90.130706113188	77.5710202320861	FBgn0027560	Trehalose-6-phosphate synthase 1	protein_coding	33642
FBgn0259168	1494.03848134651	-1.30660286894501	0.397414620610953	10.4664274665356	0.00121563577108176	0.00897683956500655	7.95009164593353	21.7950233129335	FBgn0259168	minibrain	protein_coding	32771
FBgn0038718	1073.73079537333	1.47489722870609	0.447137590572776	10.4459968226422	0.00122915555063409	0.00905505044376841	36.4756433316082	16.4166351760688	FBgn0038718		protein_coding	42337
FBgn0053460	251.668232751635	1.4675045456423	0.446674781481351	10.3986551788277	0.00126107123064025	0.00926389707157237	14.4802539555292	10.9965573804598	FBgn0053460		protein_coding	3885588
FBgn0022800	411.795723819142	-1.16958886904353	0.35838904683885	10.391404266298	0.0012660330177962	0.00929228740098254	4.54392698358988	11.8080404771684	FBgn0022800	Cadherin 96Ca	protein_coding	43026
FBgn0034920	972.319547308575	1.02918511479966	0.3161701658647	10.3878215237867	0.00126849197106692	0.00930227445449077	67.4738473582476	53.0535084075164	FBgn0034920		protein_coding	37789
FBgn0004652	1395.67532376825	1.02855733018602	0.315998246659897	10.383281455944	0.00127161491285362	0.00931710926632363	20.6272060184954	11.943515666746	FBgn0004652	fruitless	protein_coding	42226
FBgn0003149	29100.6480571114	1.15710219534615	0.354506557578033	10.3799174218426	0.00127393392332153	0.00932603312924231	476.959372963723	308.2747627604	FBgn0003149	Paramyosin	protein_coding	39002
FBgn0053093	112.672192596688	1.93126675886526	0.582800914580981	10.344861671358	0.00129835595924461	0.00947207146839094	5.86166626536073	3.18805056897918	FBgn0053093		protein_coding	42654
FBgn0085408	2339.9168125025	-1.21217006646668	0.371671939900882	10.3423719907088	0.00130010834484345	0.00947669335699139	19.0898311905349	46.9660406285977	FBgn0085408	Shroom	protein_coding	36592
FBgn0052227	181.212696602112	-1.17750886206203	0.3624636375207	10.333534249261	0.00130634822879863	0.00951398925014998	1.0113731083723	2.8666821865062	FBgn0052227	golden goal	protein_coding	40225
FBgn0086655	1031.71189849007	-1.35158078355703	0.413483226301322	10.3239281727427	0.00131316498316057	0.00955541873485401	5.19843351661101	13.6899268530694	FBgn0086655	jing	protein_coding	35555
FBgn0034887	43.7194179446059	1.64017793123674	0.503686017535523	10.2998206385629	0.00133043139862205	0.00964103587625562	2.92918148463173	1.22075297585757	FBgn0034887	Sulfotransferase 1	protein_coding	37742
FBgn0036183	122.186746437869	1.29266555179815	0.39817669799359	10.2995558644063	0.00133062230688817	0.00964103587625562	6.82143591402518	3.89939608149221	FBgn0036183		protein_coding	39305
FBgn0085456	47.7148709731486	1.82559291102191	0.557041659663266	10.2996068479718	0.00133058554440746	0.00964103587625562	4.08607521744699	1.95559303026203	FBgn0085456		protein_coding	5740165
FBgn0002571	1505.81395971063	2.11665861796109	0.634380152452546	10.2642263253453	0.0013563460497428	0.00980226198064974	60.4185549373359	17.6042815565872	FBgn0002571	Maltase A3	protein_coding	35826
FBgn0027578	1907.03847085671	-1.15447217169138	0.355791139804939	10.2648902218535	0.00135585804975434	0.00980226198064974	23.0026179171418	57.2858926400628	FBgn0027578	Neprilysin-like 21	protein_coding	43413
FBgn0035625	350.761265301618	-1.86227437222114	0.564377133783117	10.2398056444777	0.00137442068377589	0.00990752612049516	1.54364547343015	6.229592810047	FBgn0035625	Blimp-1	protein_coding	38638
FBgn0034362	294.070127995242	1.00750494293539	0.312803806130042	10.202573082338	0.00140244834636767	0.0101004628184024	26.3277927456734	18.901167782342	FBgn0034362		protein_coding	37137
FBgn0002778	571.554158931581	-1.0936059421476	0.338887445611017	10.1863985351836	0.00141480373803007	0.010172655060369	8.26061085551541	21.684354050524	FBgn0002778	minidiscs	protein_coding	39625
FBgn0261439	4845.40740816458	1.08331659123321	0.335884458495917	10.1682446576532	0.00142880242300013	0.0102645941669305	132.867430873523	72.7601422796853	FBgn0261439	Succinate dehydrogenase, subunit A (flavoprotein)	protein_coding	37228
FBgn0030778	92.6838842314474	1.10629294979489	0.344837383135225	10.1413986558238	0.00144976120417236	0.0103975253169686	3.31494674389353	1.92048594407622	FBgn0030778		protein_coding	32652
FBgn0036920	259.409621604273	1.00769386183983	0.314026178630498	10.1324630927757	0.00145680606825729	0.0104392109967337	13.3765788028157	10.4569468464434	FBgn0036920		protein_coding	40178
FBgn0262599	53.6123938112571	2.61364119332895	0.782991675900988	10.1000182129545	0.00148267858974275	0.0106066618708793	2.78518545541836	0.262802109077956	FBgn0262599	SET and MYND domain containing, arthropod-specific, member 3	protein_coding	34502
FBgn0010488	15719.7602318146	-1.2883841830018	0.39908844115946	10.0937244494463	0.00148775106039527	0.0106250012491973	77.2130551417079	228.266180956405	FBgn0010488	NAT1	protein_coding	46020
FBgn0038783	706.995625133196	1.33619210748576	0.413807825354172	10.0854788799696	0.0014944231969267	0.010647243569302	61.3385099051711	36.5467502130668	FBgn0038783		protein_coding	42409
FBgn0053497	162.625508521505	1.59428102124636	0.491447458157987	10.0836665844463	0.00149589372461267	0.010647243569302	6.98633700278893	2.56911474244121	FBgn0053497	Sperm-specific dynein intermediate chain 2	protein_coding	2768883
FBgn0038405	202.856093210818	1.35605317954529	0.420518443579515	10.0780356585316	0.00150047211106114	0.0106708637957077	11.6120095892908	5.29796890722095	FBgn0038405		protein_coding	41964
FBgn0030494	450.68201398598	-1.23556894521913	0.384162406845788	10.0758219818568	0.00150227588827335	0.0106747288369759	17.5734606927126	59.6106807117245	FBgn0030494	Cuticular protein 12A	protein_coding	32309
FBgn0261953	177.301283194473	-1.1742142370721	0.366193763473376	10.0660399300422	0.00151027295788135	0.0107135778502974	2.4387256577243	6.63090617064002	FBgn0261953	Transcription factor AP-2	protein_coding	40398
FBgn0085256	15350.9444885547	-1.047006542141	0.327254406781114	10.0195995949905	0.0015488313542128	0.010959566892383	1632.76452460795	3851.66821742593	FBgn0085256		protein_coding	36186
FBgn0010263	1482.77976146025	1.29105969072886	0.401518483252612	10.0179375086375	0.00155022968057104	0.0109603050037034	19.3263763966965	15.9951104112587	FBgn0010263	RNA-binding protein 9	protein_coding	33498
FBgn0034058	256.651200725561	1.1605440575751	0.36293293883252	9.99570963728884	0.00156905352990678	0.0110841396149378	16.4527412147871	12.3090766930509	FBgn0034058	Peroxin 11a/b	protein_coding	36758
FBgn0004108	1190.55953257292	-1.04672766384814	0.328170748155874	9.96362193526306	0.00159663640443044	0.0112414882340198	11.7059237864967	28.4565584724638	FBgn0004108	Neurotactin	protein_coding	39873
FBgn0039593	536.135228003046	-1.7967633042093	0.553166727094363	9.96156489994532	0.00159842131294362	0.011244708073615	9.05639005559845	33.3142396894924	FBgn0039593	Stress induced DNase	protein_coding	43390
FBgn0038581	221.806458972175	1.10905719813079	0.348095680715077	9.959675522332	0.00160006252411069	0.0112469125138735	7.17917276432099	5.31699491658951	FBgn0038581		protein_coding	42179
FBgn0005631	542.970712506601	-1.16940303642509	0.366191756187867	9.95021843746613	0.00160830312923736	0.0112954622758213	2.23343682129958	6.8008823913342	FBgn0005631	roundabout 1	protein_coding	37603
FBgn0039705	589.327634509936	1.25843620361249	0.393333645081778	9.94398273135545	0.00161376023309205	0.0113243986530983	15.6309373898477	10.1886877606031	FBgn0039705	Autophagy-related 16	protein_coding	326115
FBgn0038143	121.547153148826	1.20312538796746	0.37768322762973	9.93185868903225	0.00162442419295637	0.0113897954588911	2.96778587896766	1.60777998896262	FBgn0038143		protein_coding	41644
FBgn0005677	526.181607967318	-1.00737732890827	0.316794821694977	9.92971281310912	0.00162631906621092	0.0113936497029003	3.27250446749044	8.51397526727342	FBgn0005677	dachshund	protein_coding	34982
FBgn0040968	206.625405913365	1.52132185519732	0.473549650777135	9.92296600821587	0.00163229129854554	0.0114260390898188	13.2647954544821	9.78236176361126	FBgn0040968		protein_coding	50442
FBgn0032896	39.5382377720064	1.84217177417674	0.574172196689285	9.90746913721789	0.00164609330285773	0.0114941552145136	3.00666292837064	1.12237932876709	FBgn0032896		protein_coding	35354
FBgn0085330	281.506087717613	1.00515893856072	0.316716733609606	9.90401939891002	0.00164918180345927	0.0115058527622799	200.123135614275	147.364267032251	FBgn0085330		protein_coding	5740866
FBgn0264711	282.119403334785	-1.57044278265062	0.48891288808954	9.89283841330349	0.00165923238498111	0.0115404392210842	1.02728325230581	4.89897840671529	FBgn0264711		protein_coding	2768995
FBgn0260767	124.370074844918	1.4179715063268	0.444474643641107	9.84920273494084	0.00169905378369566	0.0117862289499609	11.8174917668356	4.81065644881783	FBgn0260767		protein_coding	37598
FBgn0036394	413.372072391461	1.63227190980717	0.507859148975622	9.84615326746052	0.00170187262805057	0.011789200637514	42.003240053611	23.5835472354954	FBgn0036394		protein_coding	39546
FBgn0038279	97.2035104346239	-1.06963009035815	0.339020630106929	9.84572820052541	0.00170226592440138	0.011789200637514	0.840976083597526	2.41298982044186	FBgn0038279	Secreted decoy of InR	protein_coding	41809
FBgn0011259	314.557115383677	-1.08741874621931	0.34308139328378	9.83985303174661	0.00170771141054163	0.0118110433000319	1.39638971214678	3.82449289115304	FBgn0011259	Semaphorin 1a	protein_coding	34192
FBgn0031011	1322.78065962827	-1.06188992322754	0.33491133666504	9.83931740431031	0.00170820874174015	0.0118110433000319	16.793351635226	46.3453544475986	FBgn0031011		protein_coding	32924
FBgn0259238	1461.1074178595	1.29266665206197	0.405689269141033	9.83570260718081	0.001711568927743	0.0118246238319602	189.728366431859	145.234743870218	FBgn0259238		protein_coding	36205
FBgn0032286	1337.92813264024	-1.26212891725497	0.39726558564453	9.79165270777627	0.00175305830401236	0.0120915340675771	11.5312957452949	34.6395867586884	FBgn0032286		protein_coding	34472
FBgn0039474	3503.00938222852	-1.53115828196232	0.479721517633926	9.74492363162935	0.00179818602647994	0.012372571603806	113.873074371595	294.11452815355	FBgn0039474		protein_coding	43250
FBgn0032770	212.395121116643	1.13940960871749	0.361379691942879	9.73022312590007	0.0018126248226776	0.0124617956559085	29.7642540657804	16.8885714547617	FBgn0032770		protein_coding	35208
FBgn0040827	4021.10287529888	1.52721979459372	0.479058595872598	9.72372106082315	0.00181904855782467	0.0124958161271492	660.849675245908	444.169383087727	FBgn0040827		protein_coding	50300
FBgn0030451	1227.22515141127	1.05302174562709	0.334193043536996	9.72177932804053	0.00182097136886413	0.0124988877587352	57.9399661792498	44.7421277987713	FBgn0030451		protein_coding	32262
FBgn0030398	392.038247538285	1.40006474488075	0.441343394658604	9.71223295896684	0.00183045471241023	0.0125486336702908	36.9655730807174	17.3628416304494	FBgn0030398	Cuticular protein 11B	protein_coding	32203
FBgn0039667	235.020640214146	1.57706601041195	0.495076571066192	9.71150294694192	0.00183118196180394	0.0125486336702908	9.61787800178059	4.09934205929409	FBgn0039667	F-box involved in polyQ pathogenesis	protein_coding	43475
FBgn0030005	118.704931345124	1.51437227243424	0.477364129938354	9.70804425956378	0.00183463154276086	0.0125621092701572	7.45837684271898	4.15545280764386	FBgn0030005		protein_coding	31737
FBgn0020513	8778.16569400636	-1.06434632203862	0.337962740985547	9.70226524552818	0.0018404100437531	0.0125914968260006	139.428123764695	377.42655436846	FBgn0020513	PAICS bifunctional enzyme	protein_coding	32228
FBgn0265011	149.482531541422	-1.70289662020981	0.534069781002685	9.70064468525038	0.00184203376941741	0.01259243424291	0.857192421215306	2.71135118563081	FBgn0265011	Notopleural	protein_coding	35904
FBgn0283471	8242.25901269708	1.34225066623651	0.424131961639478	9.67475451116675	0.00186817230311102	0.0127402732748392	406.372538195628	330.812422740437	FBgn0283471	wings up A	protein_coding	32794
FBgn0262607	29.2338356551619	-2.48132582612621	0.777020805009926	9.63051747373703	0.00191370683060018	0.0130094823149116	1.09872081490025	7.14308522121146	FBgn0262607		protein_coding	12798151
FBgn0014930	362.82025278775	1.18402103638335	0.377228301912574	9.60985816044162	0.0019353559046023	0.0131244711865344	20.3385946869014	16.6904609534148	FBgn0014930		protein_coding	40936
FBgn0035044	226.196691077045	1.05971243842077	0.338889293438261	9.6015746884659	0.00194410580599179	0.0131732609414004	19.5859885724124	14.7737996293736	FBgn0035044		protein_coding	37944
FBgn0030394	574.159354627447	1.41155363095353	0.447355602493025	9.59519752376067	0.00195086937241428	0.013206389675334	24.508890605227	15.3835810871184	FBgn0030394	Cuticular protein 11A	protein_coding	32198
FBgn0035711	149.940647122379	-1.29698845178546	0.414269984676628	9.58537693572554	0.00196133168957572	0.013247591236608	5.58246734508014	16.7565901795443	FBgn0035711		protein_coding	38745
FBgn0052647	47.5748052320613	-1.4502840673763	0.464521829719934	9.53918151883117	0.00201131415618098	0.0135312397957529	0.858613944853167	2.84799230358854	FBgn0052647		protein_coding	326226
FBgn0030105	825.75411105289	-1.70343775356057	0.5371071693112	9.5367871499939	0.00201393973986383	0.0135381504735291	57.9929517394704	355.754557685149	FBgn0030105		protein_coding	31862
FBgn0029863	110.263529133031	-1.59080206722301	0.50609135428067	9.53374119872269	0.00201728484981453	0.0135498831704434	2.03689552299083	6.64640464150575	FBgn0029863		protein_coding	31573
FBgn0052230	847.888103297752	1.44701870143331	0.460664351732275	9.48918511285399	0.00206686600243985	0.0138609303568215	259.559974460769	173.089743603503	FBgn0052230	NADH dehydrogenase (ubiquinone) MLRQ subunit	protein_coding	317928
FBgn0031970	183.740738711137	-2.73250427157171	0.835078955101922	9.48757732365956	0.00206867804052211	0.0138621068063467	1.06336691678149	2.9134399708968	FBgn0031970		protein_coding	34088
FBgn0039872	792.903854259056	1.17634826895619	0.377021823009329	9.4856842997211	0.00207081361383672	0.0138654476752546	23.3327818334735	11.0567137025715	FBgn0039872	salty dog	protein_coding	43742
FBgn0000416	41872.9919730737	-1.07007386223088	0.344126691641826	9.45554448238698	0.00210511794327395	0.0140507084157055	405.64806179048	1031.75140978982	FBgn0000416	Saposin-related	protein_coding	43662
FBgn0015380	479.564921481753	-1.22171780887974	0.39207248842079	9.45068385659705	0.00211070389623131	0.0140661358581703	4.63785298422053	13.7203113073132	FBgn0015380	derailed	protein_coding	44355
FBgn0024980	157.079283686036	1.43883345619868	0.460135258124256	9.4506431600434	0.0021107507291304	0.0140661358581703	5.80223276789316	4.18833979965498	FBgn0024980	Syntaxin 4	protein_coding	31269
FBgn0035410	408.613577713559	1.05468198490965	0.339935771410502	9.4335066273143	0.00213056510708047	0.0141758731005276	4.14932961147198	2.75453921002044	FBgn0035410	myomesin and myosin binding protein	protein_coding	38384
FBgn0046878	40.1986005373713	-1.83490953276754	0.588490254753446	9.43413406871044	0.00212983630202685	0.0141758731005276	0.920753150135527	4.36110577142291	FBgn0046878	Odorant-binding protein 83cd	protein_coding	40746
FBgn0259244	508.303377428692	-1.23347304534203	0.396580460602567	9.41090373941645	0.0021569888745475	0.0143291731509156	3.38989319521264	11.4870164517914	FBgn0259244		protein_coding	7354466
FBgn0037976	80.6662251903521	1.07479862493414	0.348544591227927	9.39463307715963	0.0021762155281585	0.0144116853193921	3.24370051329727	2.19230331479866	FBgn0037976	Tachykinin	protein_coding	41456
FBgn0031182	286.314583474044	-1.08610336682959	0.350817336060753	9.39085784417831	0.00218070142070333	0.0144301101823103	5.64832947269917	12.7783994348252	FBgn0031182	Cytochrome P450 6t1	protein_coding	33127
FBgn0038881	2101.72028694069	-1.15819757219297	0.373816540692821	9.35585337068122	0.0022227445153451	0.0146853713299322	11.3129105269673	30.067486035637	FBgn0038881	argus	protein_coding	42531
FBgn0034540	522.05286075301	-1.23898500553841	0.399449116090852	9.35005947739506	0.00222978232650604	0.0147089223563132	4.13959732365107	12.0680319775928	FBgn0034540	Leucine-rich tendon-specific protein	protein_coding	37342
FBgn0032008	108.707363259297	1.123850284926	0.364691864927963	9.33485018157366	0.00224836472144277	0.0148199604596266	12.3582505987956	9.07964876546946	FBgn0032008		protein_coding	34129
FBgn0028916	665.485917554459	1.19212663117601	0.385735866001877	9.29888761339102	0.00229293041867571	0.0150876405320488	10.6452506934718	7.14642609188904	FBgn0028916		protein_coding	34835
FBgn0040208	814.194676702895	-1.00524619386444	0.32718445508722	9.26637331826701	0.00233399404160831	0.0153128811250367	9.25051942643167	25.7656589968673	FBgn0040208	Katanin 60	protein_coding	53566
FBgn0032304	1511.68710160475	1.25543138349341	0.407037313403268	9.23153502562813	0.00237882134405892	0.0155828436072537	87.088516900476	36.1811699251933	FBgn0032304		protein_coding	34494
FBgn0026602	962.432357210171	-1.13591353762317	0.370138090701226	9.19482597651303	0.00242700162407672	0.0158616541326619	10.6057413394877	37.7347162205543	FBgn0026602	Adenosine kinase 3	protein_coding	44750
FBgn0010497	2826.41272560956	1.11660398305373	0.364349282418508	9.16847033799932	0.00246220283948362	0.0160545481527531	82.1759851471251	44.8770326190035	FBgn0010497	Dietary and metabolic glutamate transporter	protein_coding	47253
FBgn0033659	139.402248161655	1.74282688468716	0.561566082810381	9.15632935176878	0.00247859251674171	0.0161489835513863	6.70407927982928	4.72360173922528	FBgn0033659	Death associated molecule related to Mch2 caspase	protein_coding	36266
FBgn0027111	210.443483430793	-1.35592868892939	0.441560323081532	9.15256858958017	0.00248369176994413	0.0161697688635102	2.43798743395038	10.1147762795353	FBgn0027111	midkine and pleiotrophin 1	protein_coding	38047
FBgn0025632	94.5525133663216	-1.09633390393987	0.360532296061867	9.1431790005522	0.00249646972960846	0.0162280112124203	1.12274463166477	4.1879917077397	FBgn0025632		protein_coding	31169
FBgn0040843	68.8497808929266	1.4121938632775	0.460823047565652	9.13840471015808	0.00250299245935664	0.0162579341493487	31.6842601803731	17.6458129023416	FBgn0040843		protein_coding	50316
FBgn0010300	3012.16536575557	-1.36871379105027	0.445182334746901	9.12013392200473	0.0025281145391004	0.0164085288476478	16.9164925581537	43.5704477741581	FBgn0010300	brain tumor	protein_coding	35197
FBgn0035049	2650.57021185275	-1.50862706348976	0.489473401222969	9.09810608050897	0.00255874307784607	0.0165634896235539	19.5754718045508	55.2269166233298	FBgn0035049	Matrix metalloproteinase 1	protein_coding	37949
FBgn0051097	48.6751808680321	1.63014972701285	0.531699679711326	9.09734213676709	0.00255981203273105	0.0165634896235539	2.07138591149068	1.05348801652559	FBgn0051097		protein_coding	43058
FBgn0287873	10730.7849899183	-1.09812681215359	0.359915278467808	9.09321440212659	0.00256559564746438	0.0165882405603231	54.3924546110375	142.327790072013	FBgn0287873	zipper	protein_coding	38001
FBgn0035430	90.9897712233507	-1.67499077986545	0.545413192148023	9.06196012577131	0.00260982054365934	0.0168100228173343	0.49670330413228	2.08967938209877	FBgn0035430		protein_coding	38405
FBgn0032434	62.2808667201444	1.66928599490442	0.545372001755017	9.04159817152854	0.00263904833776472	0.0169853643015708	2.83233431500559	0.889964307824529	FBgn0032434		protein_coding	34661
FBgn0036448	3007.68817156414	-1.1062292257557	0.363718823947578	9.03431823705782	0.0026495784981337	0.0170401897336313	16.1276297760098	37.0817182281585	FBgn0036448	myopic	protein_coding	39610
FBgn0039091	7222.39757430944	1.36332448436456	0.446275718730711	9.00546095078748	0.00269174091959504	0.0172720042340682	171.448204027123	97.2338893944574	FBgn0039091		protein_coding	42780
FBgn0263706	1581.45358280076	-1.22785570714393	0.403528321702537	8.99656836113955	0.00270487039988793	0.0173431130106365	6.23189937651368	16.4890357010435	FBgn0263706		protein_coding	32729
FBgn0035006	1430.73274869958	1.39489362114444	0.457619325011698	8.9554264992094	0.00276646593327379	0.0177112369273084	60.8883006509916	27.9483177384603	FBgn0035006		protein_coding	37901
FBgn0036225	558.509114412612	1.26247633828527	0.416222578844025	8.93296114047361	0.00280069922741933	0.017901694965972	29.2288811078871	16.5959823668313	FBgn0036225		protein_coding	39352
FBgn0037069	154.9123502955	1.74358111571492	0.568535571920189	8.92911742612611	0.00280659933208527	0.0179140138227297	22.6650865206805	16.250677006859	FBgn0037069	Cuticular protein 78Cc	protein_coding	40355
FBgn0034070	270.727238862427	-1.1856728447339	0.392243850065846	8.91813505118351	0.00282352693714975	0.0179949384181026	1.37773713815152	3.75624582226681	FBgn0034070	SP2353	protein_coding	36771
FBgn0050016	68.9762202384614	1.53749215293872	0.506546671110172	8.9189431374129	0.00282227787295924	0.0179949384181026	15.438110611208	9.56788292923063	FBgn0050016		protein_coding	246393
FBgn0031522	406.234444541726	1.01731907332005	0.33767981291182	8.90491912877467	0.00284403473166828	0.0181120106595717	12.8665551131527	11.2925223423866	FBgn0031522		protein_coding	33547
FBti0019568	2921.05946605028	6.98414782200007	1.80415139030462	8.90226596210731	0.00284816997856211	0.0181247180453952	21.6397487048804	0.688992171707758	FBti0019568		transposable_element	NA
FBgn0039752	179.380080704012	1.19755066564148	0.397210704199954	8.88848516524165	0.00286974727740451	0.0182346282367713	5.02727072559254	3.107398147589	FBgn0039752		protein_coding	43589
FBgn0000578	1005.86715265794	-1.18324422801516	0.391726542382423	8.88572936223161	0.00287408205925205	0.0182484820403785	8.62670736097468	21.8562995691538	FBgn0000578	enabled	protein_coding	37201
FBgn0029114	601.361086430797	-1.28206711566203	0.423701167007371	8.88114012289839	0.00288131553601433	0.0182807060599561	2.49096973066899	6.90421080371131	FBgn0029114	Tollo	protein_coding	44497
FBgn0261436	1156.99943520639	1.09002304128425	0.361748804310924	8.87749690901086	0.00288707106805031	0.0182898219494287	35.570074991331	30.6021794078159	FBgn0261436	Dihydropterin deaminase	protein_coding	40528
FBgn0267408	4412.1228932346	1.08402347974011	0.35969356542418	8.87764164978117	0.00288684218468251	0.0182898219494287	55.3501282543746	38.7916376971354	FBgn0267408	Aldehyde oxidase 1	protein_coding	41894
FBgn0034011	212.290671528882	-1.1578287149735	0.384328786163339	8.8692395793212	0.00290015922203211	0.0183452939586348	5.84304484025169	17.8301630732776	FBgn0034011		protein_coding	36701
FBgn0040333	205.219463044909	1.15909315417112	0.385714844424256	8.8384348083702	0.00294951993138825	0.0186297045629071	4.5928736516389	2.77284836915406	FBgn0040333	brivido-3	protein_coding	31246
FBgn0011746	181.117746949411	-1.02527622506807	0.341966860797645	8.83467102457991	0.00295560913207665	0.0186354074719353	2.28282466068312	6.03993921395165	FBgn0011746	anachronism	protein_coding	35913
FBgn0033308	80.8135233710981	1.86574107519459	0.610740906267564	8.83244067780261	0.00295922350056116	0.0186354074719353	12.6087814081549	2.99272898469383	FBgn0033308		protein_coding	35841
FBgn0051810	120.971453583955	-2.2301956173488	0.720909779447655	8.83554054137024	0.00295420125959058	0.0186354074719353	0.763904739798383	12.0788101093699	FBgn0051810		protein_coding	318955
FBgn0051901	4284.02628483687	-1.16475293492502	0.386809151203742	8.8330467402271	0.0029582409075162	0.0186354074719353	54.3451689167186	184.842404145727	FBgn0051901	Mucin related 29B	protein_coding	319014
FBgn0000463	593.591381200671	-1.08945503554968	0.363184389201256	8.80236793787704	0.00300839832816411	0.0188889057372498	5.26805463209779	13.119292558345	FBgn0000463	Delta	protein_coding	42313
FBgn0040759	332.718520417437	-1.66407168418082	0.547601397978583	8.79363003312905	0.00302284156889652	0.0189514937739108	10.0895589058381	78.901518477692	FBgn0040759		protein_coding	5740215
FBgn0051636	421.431416662315	-1.71634296764008	0.563746300995472	8.79460226044534	0.00302123105775406	0.0189514937739108	4.27819763642569	17.4286997060275	FBgn0051636		protein_coding	318865
FBgn0038083	1666.74084003154	1.30137312128517	0.432026866438057	8.78594416305579	0.00303560408338078	0.0190033751561236	45.1053090509034	35.0062237675469	FBgn0038083	UDP-glycosyltransferase family 37 member A3	protein_coding	41574
FBgn0014877	509.815772263281	1.00572787940539	0.336406689694169	8.77939584234041	0.00304652085968676	0.019057630488587	35.4029195081562	22.189177277645	FBgn0014877	Roe1	protein_coding	36508
FBgn0030114	2827.2523122822	-1.20832127717002	0.402495488865545	8.76415027206394	0.00307209170359052	0.0191892453756723	22.596812856311	71.119961094352	FBgn0030114		protein_coding	31873
FBgn0029123	650.52095943448	-1.55168232208275	0.512877956405566	8.75599780755876	0.00308585490821571	0.0192610103703663	3.67187177541522	8.39486518895209	FBgn0029123	SoxNeuro	protein_coding	44275
FBgn0036181	6021.0889764008	1.75593206026484	0.577078427723062	8.73898415524663	0.00311477995006082	0.0194272357709979	42.4607494139026	12.1577131318116	FBgn0036181	Mucin 68Ca	protein_coding	2768980
FBgn0267001	2055.6058626589	-1.31685668732933	0.438316035174736	8.73196648528794	0.00312679085288092	0.0194877987666677	5.94286683981472	16.9418495247656	FBgn0267001	Tenascin accessory	protein_coding	32183
FBgn0030883	145.336018552707	1.11429776309747	0.37399225784811	8.71996165666229	0.00314744661030508	0.0196021123450618	13.7947569946545	8.12038198336996	FBgn0030883		protein_coding	32776
FBgn0262683	35.2081027714216	2.44744837199322	0.798356783041356	8.67717728141256	0.00322219666164136	0.0200088018505149	5.51257493779329	0.932118880057041	FBgn0262683		protein_coding	12798157
FBgn0033541	5972.66009219453	1.05006797885942	0.352840197792744	8.66907496518684	0.00323655441185064	0.020083031444075	390.74379644452	352.471268408824	FBgn0033541		protein_coding	36124
FBgn0041711	1910.76980690623	-1.03818349521517	0.349216733723664	8.65800792890671	0.00325627093135896	0.020146541116589	32.9121826414124	88.4512162443036	FBgn0041711	yellow-e	protein_coding	41653
FBgn0286071	1558.01492285805	-1.46189613256901	0.487032191218945	8.65334113130993	0.00326462163084092	0.0201834636592865	6.17832751981276	15.6091141466826	FBgn0286071	ADAM metallopeptidase with thrombospondin type 1 motif A	protein_coding	41887
FBgn0010246	5691.42027196408	1.17035885774548	0.39274268810623	8.6476861527549	0.00327476973916096	0.0202178827444403	104.424128621748	55.7786331870387	FBgn0010246	Myosin 61F	protein_coding	38153
FBgn0261508	70.5599039907266	-1.49762457750466	0.502689030571616	8.63089483541151	0.00330509184254862	0.0203593657500995	29.1007201275639	110.062686759833	FBgn0261508		protein_coding	10178806
FBgn0011270	175.351227889896	1.58533462927175	0.528794541446246	8.61930821372049	0.00332618145304622	0.020474387287283	8.09536469169085	4.64279198044204	FBgn0011270	Phosphoglyceromutase 87	protein_coding	46246
FBgn0022160	1646.75128281591	1.31561833763111	0.44092298668332	8.6133050433774	0.00333716197932554	0.020524207086999	45.1185652098175	25.524736713705	FBgn0022160	Glycerophosphate oxidase 1	protein_coding	47611
FBgn0040383	2890.59727186813	1.02659578189297	0.346869384807008	8.5826154662826	0.00339387533316651	0.0208456302189415	119.835031484195	104.349759767678	FBgn0040383		protein_coding	31020
FBgn0261955	7777.34091486873	1.5776658066574	0.526045721138987	8.57990738050344	0.00339892659308649	0.0208615277126396	253.812718424332	100.211243767255	FBgn0261955	knockdown	protein_coding	31579
FBgn0259984	1441.5454690439	-1.06371471514706	0.359352317906698	8.574854336248	0.00340837223287633	0.0208892277948354	8.03432356189631	19.1148827067771	FBgn0259984	kuzbanian	protein_coding	34772
FBgn0036549	373.748147282809	-1.20908950846896	0.408095973881099	8.56384262556671	0.00342904893521352	0.0209855812725856	5.31713388403017	25.9822126981541	FBgn0036549		protein_coding	39738
FBgn0033807	130.705913128968	1.01292964704603	0.343996039774643	8.55380563380456	0.00344800648117908	0.0210559588288297	6.72304144170143	5.05472954669986	FBgn0033807	aquaporin	protein_coding	36456
FBgn0035267	365.061962180385	-1.21954018455075	0.411784090244444	8.54042168262527	0.00347345154557396	0.0211960623854549	2.59942271177415	6.52069301564036	FBgn0035267		protein_coding	38222
FBgn0037485	115.360765283349	1.22256192166209	0.414159597619622	8.51346557810722	0.00352528049576892	0.0214659423430358	3.7533070168648	2.50032806677373	FBgn0037485		protein_coding	40866
FBgn0040694	22.9030331993989	1.9705936150612	0.665648201767225	8.50290774430206	0.00354579390137062	0.0215443861869506	5.80704313795583	2.49208649936308	FBgn0040694		protein_coding	50167
FBgn0287864	366.028152473002	-1.05282672195134	0.357960129536084	8.48191601047087	0.00358694122477068	0.0217475964021529	2.38484637749978	5.54086904144143	FBgn0287864	hibris	protein_coding	44129
FBgn0039086	111.531472942817	1.06212462709604	0.362138048157435	8.47291176109036	0.00360473955744156	0.0217938232501831	3.52043391048379	2.60518428549593	FBgn0039086	UDP-glycosyltransferase family 303 member B1	protein_coding	42775
FBgn0087002	42644.8208564827	1.38812120127688	0.468140230713766	8.47285204487423	0.00360485789533725	0.0217938232501831	174.529938037839	115.913612322034	FBgn0087002	apolipophorin	protein_coding	43827
FBgn0052248	110.919455339941	2.49552336150512	0.81565099122033	8.45503870789241	0.0036403350165934	0.0219926088377647	27.2736524598654	4.02871771515726	FBgn0052248		protein_coding	317938
FBgn0028692	8862.29028907384	-1.05963080670678	0.360675799510849	8.44471808139042	0.00366105186719704	0.0220919962831027	82.8116552460594	207.523414592543	FBgn0028692	Regulatory particle non-ATPase 2	protein_coding	43449
FBgn0031945	80.2713232731654	1.0505405260331	0.360233530284675	8.39106099302394	0.00377070744812274	0.0226509872947515	2.78116452354482	2.05241071102212	FBgn0031945		protein_coding	34058
FBgn0053302	77.3569693803774	1.99356732473134	0.66753807856015	8.37683268026692	0.00380034139243803	0.0227966654348088	6.18625347499514	1.72601665900748	FBgn0053302	Cuticular protein 31A	protein_coding	2768918
FBgn0031247	180.304935859917	1.0735751491923	0.367908750027404	8.36708265434198	0.00382078489791027	0.0229030772012031	21.5137968606027	12.0925701342219	FBgn0031247		protein_coding	33200
FBgn0028371	5650.58634615512	-1.01684560654579	0.348215862005426	8.35738725138708	0.0038412248109437	0.023009316936841	24.189582332963	57.680837075551	FBgn0028371	jitterbug	protein_coding	43997
FBgn0264695	89259.6822671361	1.2799815728755	0.436196909355109	8.3423790618838	0.00387308478285822	0.0231673927336223	706.233093246818	373.248521974195	FBgn0264695	Myosin heavy chain	protein_coding	35007
FBgn0011286	2096.21319333286	1.2284145519426	0.419458694616323	8.33132503005204	0.0038967225265313	0.0232759095907758	6.84558529734451	3.917046609689	FBgn0011286	Ryanodine receptor	protein_coding	49090
FBgn0030724	2301.66677608257	1.04588408892168	0.35871086212773	8.32387023583374	0.00391274654112885	0.0233551537726296	96.8714101723223	79.9075030552756	FBgn0030724	Nipsnap	protein_coding	32573
FBgn0036891	1014.2763033233	1.07908585519521	0.370233837577727	8.30889136997742	0.00394514646358074	0.0235319651736119	33.919690502864	23.4891602438187	FBgn0036891		protein_coding	40137
FBgn0028663	2493.25331905845	1.06004831635804	0.364141977149028	8.29284971071556	0.0039801480632134	0.0236574414704684	222.316782413116	193.296767955106	FBgn0028663	Vacuolar H[+] ATPase M9.7 subunit b	protein_coding	40389
FBgn0040729	101.380277198211	1.28999928687412	0.442978232334254	8.26156068561814	0.0040493301500228	0.0240012780760623	106.023688998365	59.6600055892687	FBgn0040729		protein_coding	50202
FBgn0032225	65.8928798791855	-1.2743983936258	0.440162386993724	8.24386087110463	0.00408900624448991	0.0241687947598252	0.837679430492149	2.68202312124863	FBgn0032225		protein_coding	34398
FBgn0004197	787.577616140315	-1.05308847291052	0.363156149725154	8.23705730980564	0.00410436224004931	0.0242257478559008	4.12639503170305	11.4423512392875	FBgn0004197	Serrate	protein_coding	43275
FBgn0261844	105.064236880943	-1.1162144269001	0.385400301156717	8.23096610064395	0.00411816020796592	0.0242902625079884	0.916118656570103	3.08900204236125	FBgn0261844		protein_coding	10178950
FBgn0010040	47.7317991582671	1.64685972282068	0.56420900050415	8.2264952623552	0.00412831770152414	0.0242994099596313	3.99629860576659	2.40206974193486	FBgn0010040	Glutathione S transferase D4	protein_coding	48337
FBgn0041710	783.383159390336	-1.31258007223296	0.450385724131265	8.22862392407214	0.00412347832561612	0.0242994099596313	18.5171813024171	45.7453182409754	FBgn0041710	yellow-f	protein_coding	41595
FBgn0050008	62.9363987870132	1.73122325466472	0.591324679912617	8.21929203866719	0.00414473668493297	0.024362192728232	4.06274401613924	2.29233991293234	FBgn0050008		protein_coding	246388
FBgn0052333	400.205604454061	-1.31685416798173	0.452764167078066	8.20362708932923	0.00418067308112077	0.0245559245063044	1.53786449689467	4.98786443205172	FBgn0052333		protein_coding	38142
FBti0019193	797.535315107665	5.89856377847448	1.67103114350743	8.20240298594375	0.00418349457645776	0.0245559245063044	6.81832589631876	0.395858592478417	FBti0019193		transposable_element	NA
FBgn0034974	152.672415140253	-1.5746962478324	0.538700071499526	8.19865422391024	0.00419214734199308	0.0245726560461463	1.39500936593976	5.18203370152892	FBgn0034974		protein_coding	37856
FBgn0033234	337.240057842371	1.49900430219552	0.512933400260184	8.19549076160615	0.0041994633087648	0.0245985160617136	12.3487466189912	6.8900804881894	FBgn0033234	Major Facilitator Superfamily Transporter 12	protein_coding	35745
FBgn0004880	162.505759530896	-1.14644998881987	0.396210704518739	8.18444393823059	0.00422511277246268	0.0247316552748852	0.985245735149982	2.61201894639485	FBgn0004880	scratch	protein_coding	38469
FBgn0030357	2118.29104438168	-1.31717598761933	0.45310222017612	8.17734194308049	0.00424168695227487	0.0247534140536324	69.3873324589383	170.238910591501	FBgn0030357	Sclp	protein_coding	32156
FBgn0034396	279.023065854776	-1.67417669452344	0.57217608687999	8.15571428551654	0.00429256899063574	0.0249883569420513	1.16058063608561	5.2372421913976	FBgn0034396		protein_coding	37172
FBgn0083972	292.56989339293	1.60827162876524	0.550378183168675	8.15108189354719	0.00430354787644404	0.0250350621658523	21.2230748920333	17.5553021310853	FBgn0083972		protein_coding	4379892
FBgn0028695	7778.47617573593	-1.06881734549621	0.370935636185106	8.12012500785231	0.00437765401743059	0.0253790072057749	79.737502574523	203.958364227599	FBgn0028695	Regulatory particle non-ATPase 1	protein_coding	40174
FBgn0085443	1206.81587953114	-1.28978662189525	0.446051404580082	8.10124699176973	0.00442348156529021	0.0256096301148381	6.16143358224292	13.3692184311385	FBgn0085443	sprint	protein_coding	31987
FBgn0052694	194.164256941617	1.24419880883401	0.431470623681543	8.09313383695542	0.00444332653680654	0.0257069506603493	6.1984531841529	3.82761508486369	FBgn0052694		protein_coding	31933
FBgn0085736	96.3475516744434	2.16159136673881	0.732271575254737	8.08639390111109	0.00445988150182665	0.0257324225616292	28.2244118526436	4.74134353060082	FBgn0085736		protein_coding	8673970
FBti0019405	1573.14619542598	6.73824683912774	1.84891774973615	8.07767701052234	0.00448138554033804	0.0258213166848049	11.9910898911397	0.157133679397708	FBti0019405		transposable_element	NA
FBgn0053120	1112.55464344141	1.191208569538	0.414223792183134	8.0500092749686	0.00455034214005165	0.02612088911215	25.7104457741189	16.0286495188985	FBgn0053120		protein_coding	326260
FBgn0086906	9937.12697741251	1.23708840618745	0.429620363508202	8.04948615964341	0.00455165626260475	0.02612088911215	15.3862624118917	10.1898849969666	FBgn0086906	sallimus	protein_coding	44013
FBgn0038266	129.551121302228	1.63951338550554	0.565893085107996	8.03943448156836	0.00457698236790443	0.026247150071869	3.66987281205995	1.6862409449847	FBgn0038266		protein_coding	41795
FBgn0035859	179.843864945978	1.50436588222783	0.520385507123337	8.03393311419632	0.00459090427517462	0.0262913855380183	31.9515683164803	17.4097275103761	FBgn0035859		protein_coding	38922
FBgn0035189	1381.32365232531	1.08101125928641	0.377482400544483	8.01890565395517	0.00462915337592195	0.0264567672699453	81.0872678698258	47.4284625619973	FBgn0035189		protein_coding	38124
FBgn0035743	2465.69223924271	1.1330270212034	0.395177314383818	8.01952717178558	0.00462756502311471	0.0264567672699453	649.372562653484	478.596336967608	FBgn0035743	Acyl-CoA binding protein 6	protein_coding	38782
FBgn0051106	152.773507645894	1.40091612399879	0.486690643408439	8.01953751741323	0.00462753858849512	0.0264567672699453	5.52220713588947	2.33314903195463	FBgn0051106		protein_coding	318594
FBgn0038486	72.0804427183684	1.68577663557343	0.583709000535198	8.01253473810083	0.00464546695955049	0.0265142217974344	2.26419604439888	0.673580771361779	FBgn0038486		protein_coding	42074
FBgn0032549	24.3271676775334	-2.41324501457604	0.834035709697748	8.00065550878411	0.00467604186940561	0.0266348854296338	0.501601317333468	3.11405669898139	FBgn0032549		protein_coding	34859
FBgn0037665	94.8344553415188	-1.68094112232458	0.582381560615063	7.99695798546865	0.00468560036730533	0.0266713945638953	2.46241265213443	6.48164889733898	FBgn0037665	Sulfotransferase 2	protein_coding	41098
FBgn0031505	377.414815289786	1.27916388135305	0.446404934922808	7.97268747463782	0.00474883828717858	0.0269408307383808	86.0639986376423	57.6833340564023	FBgn0031505	NADH dehydrogenase (ubiquinone) B14.5 B subunit	protein_coding	33528
FBgn0033808	86.4362474513556	1.05485947390307	0.371918795744095	7.94536893789386	0.00482105884630315	0.027295700820981	6.25336470344193	3.76907571108915	FBgn0033808		protein_coding	36457
FBgn0032402	313.121481524169	-1.12231762816818	0.394023567176302	7.93970877617282	0.00483616170019761	0.0273081930671158	4.3683599488044	11.1130528596113	FBgn0032402	Phosphatidylinositol-specific phospholipase C X domain containing	protein_coding	34623
FBgn0013953	245.598587095148	-1.29402656552643	0.452413328814061	7.93803971605857	0.00484062440295225	0.0273151823404434	2.82544837338736	7.96297463457166	FBgn0013953	Epidermal stripes and patches	protein_coding	42962
FBgn0260388	694.000753942614	1.07518689656574	0.377702892414228	7.93036937272549	0.00486118723334992	0.0273947144820185	16.2099495386928	13.2384505375388	FBgn0260388		protein_coding	8674108
FBgn0031974	110.581643612325	1.34562952126999	0.471692801057558	7.91312010539153	0.00490775517406941	0.0276203895842976	6.70883254645707	4.72417546308548	FBgn0031974		protein_coding	34092
FBgn0032422	950.250798675577	1.22570469852023	0.429906180648414	7.90129009785521	0.00493995523083598	0.0277580723885214	88.9756113263416	65.7958350592262	FBgn0032422	atilla	protein_coding	34647
FBgn0040606	35.1350563760466	1.65955959867336	0.581298365622273	7.89932370965459	0.0049453283629609	0.0277580723885214	16.1308676560247	7.84022889719581	FBgn0040606		protein_coding	50079
FBgn0038302	139.831986838196	1.35123913041529	0.473874458320851	7.88955301097977	0.00497211511885647	0.0278899437461684	12.5256784014517	9.11663135440006	FBgn0038302		protein_coding	41832
FBgn0039452	49.417547741686	-1.7471578034839	0.609353482097193	7.8750466251166	0.00501215791514839	0.028095948074988	6.04112056704544	27.2977258337221	FBgn0039452		protein_coding	3772449
FBgn0262029	1345.36214223421	-1.07437635486447	0.378954584658206	7.86294652438087	0.00504580979588808	0.0282658789491878	7.99994001827094	21.0346495446499	FBgn0262029	dachs	protein_coding	34179
FBgn0029898	824.582270326123	-1.20564283766727	0.424156256681264	7.85913564595755	0.00505645592747125	0.0282906276545672	10.6358695317321	25.1206432567661	FBgn0029898		protein_coding	31614
FBgn0039748	58.0019665271182	1.42867802848071	0.50282552179061	7.85897402428647	0.00505690794203243	0.0282906276545672	3.52574222128892	1.87469956504644	FBgn0039748		protein_coding	43584
FBgn0001967	211.6639779071	-1.32954399599343	0.468006508219049	7.84317952113669	0.00510128037416217	0.0284888953072761	7.08711572313706	22.3436802511106	FBgn0001967	Nimrod C3	protein_coding	48772
FBgn0264273	559.848310125544	-1.17178307974436	0.413187426854099	7.84276915630635	0.00510243851016976	0.0284888953072761	3.67501288827295	10.614260438014	FBgn0264273	Semaphorin 2b	protein_coding	246538
FBgn0034897	1132.23227538834	-1.18404287647538	0.417647589146446	7.82395601295323	0.00515582192257481	0.0287301392659267	10.8740023098511	26.83833640027	FBgn0034897	Sestrin	protein_coding	37755
FBgn0038947	3454.34733354446	1.01058837104291	0.358164748047121	7.80519630182144	0.00520962064029641	0.0290108394630576	110.860147736982	102.757736248016	FBgn0038947	Secretion-associated Ras-related 1	protein_coding	42615
FBgn0036556	980.760424771587	1.03479654301434	0.366801099542458	7.7991690287289	0.00522702670741618	0.0290886440287878	12.845236891654	10.7058029570847	FBgn0036556	herzog	protein_coding	39748
FBgn0260000	325.157862635567	1.01812994325215	0.361536462126658	7.79254729513596	0.0052462178562614	0.0291571294242349	23.7276519917599	17.4120946520718	FBgn0260000		protein_coding	35410
FBgn0036678	132.080549947521	-1.34568256412735	0.476133045999373	7.78801617623128	0.00525939134725558	0.0292111768598392	1.61358053559577	6.96349447484533	FBgn0036678		protein_coding	39895
FBgn0035480	141.20264995703	1.03881437763934	0.369354412159226	7.78130709975102	0.00527895885019635	0.0292814547879261	18.890128497232	16.0604571333326	FBgn0035480		protein_coding	38467
FBgn0004228	753.60934903262	1.30656598711406	0.461266874272308	7.76999165877477	0.00531212943761537	0.0294269040788765	65.667207688916	42.9513533735423	FBgn0004228	midgut expression 1	protein_coding	39677
FBgn0085638	171.072740268711	1.42202072985026	0.50150541022764	7.76642650988887	0.005322624431489	0.0294657705455633	11.8403368136753	9.6312796415746	FBgn0085638		protein_coding	5740475
FBgn0030809	3546.12567512393	-1.11186362246738	0.39445196582231	7.75750789963186	0.00534897148523545	0.0295536780691091	17.6280757725726	41.8845643220258	FBgn0030809	Ubr1 ubiquitin ligase	protein_coding	32687
FBgn0033817	23.7892489609366	-1.79649234220619	0.641707282422048	7.7337228816667	0.00541988841447486	0.0298287556014308	0.682121970159516	2.80710649924965	FBgn0033817	Glutathione S transferase E14	protein_coding	36467
FBgn0287695	393.086884032046	1.06763989570464	0.380218046681465	7.72369614680541	0.00545007046576161	0.0299559356554191	22.467182105852	16.6159794582324	FBgn0287695	Kynurenine formamidase	protein_coding	33907
FBgn0035777	143.33424058695	1.17680279182572	0.41883430322275	7.72100122531815	0.00545821178550193	0.0299812281603122	4.93945881638139	2.72853708431924	FBgn0035777		protein_coding	38826
FBgn0031646	33.9289465090765	1.29514734391919	0.463703615778197	7.71469278405625	0.00547731801981867	0.0300298284020558	2.2663745468939	1.33644825058331	FBgn0031646	snustorr snarlik	protein_coding	33696
FBgn0038070	43.361044402103	-1.44502845967759	0.515499126447081	7.68646277297834	0.00556365661226009	0.0304616493250439	0.734890773605434	2.08839592406057	FBgn0038070		protein_coding	41557
FBgn0002543	1187.88023530489	-1.18148411717326	0.420983322074521	7.670145113044	0.00561419418242464	0.0306850593832641	5.62648062030205	14.8745237741736	FBgn0002543	roundabout 2	protein_coding	44522
FBgn0029828	335.779740968357	1.03357044351555	0.369722557232159	7.66978021763683	0.00561532963920418	0.0306850593832641	13.0241817090876	10.15085283836	FBgn0029828		protein_coding	31529
FBgn0051789	5776.36640873021	1.0421904427812	0.372784715885879	7.65250466890906	0.00566935541047643	0.030900540750795	1008.48443639369	908.795060246572	FBgn0051789		protein_coding	318943
FBgn0284247	1493.30441913644	-1.24036233303145	0.442389678204935	7.63360156597611	0.00572907873181317	0.0311859234308853	3.80031253140241	9.70987698397967	FBgn0284247	dachsous	protein_coding	33245
FBgn0040942	582.528246989611	1.35082473869046	0.48090998034317	7.62659427388415	0.00575138057775267	0.0312671331794385	25.3729717341139	22.9731962818053	FBgn0040942		protein_coding	50416
FBgn0035539	547.496940374736	-1.86887057302446	0.655770102518339	7.62186757630195	0.00576647405431193	0.0313290796921245	5.47488923330799	9.89966579243357	FBgn0035539	slowdown	protein_coding	38540
FBgn0053265	790.053191956481	-1.89688349375989	0.66486790512377	7.61755442918108	0.00578028221961435	0.0313839682052138	1.35089759302053	11.7324466050583	FBgn0053265	Mucin 68E	protein_coding	2768990
FBgn0032184	51.2190756713794	7.40223161785158	2.20345529264375	7.60959257689196	0.00580586005609097	0.0315026487348434	7.42740653463274	0	FBgn0032184		protein_coding	34345
FBgn0033301	69.7970455999255	-1.38433142480639	0.496253897954668	7.6058605304808	0.00581788914975214	0.0315477087697827	8.77957241961172	26.5534782173917	FBgn0033301		protein_coding	35834
FBgn0034795	414.171759412435	-1.04364115962569	0.375066518774509	7.59151763960554	0.00586435611148834	0.0317541572503295	2.89127573862254	6.71402598081965	FBgn0034795	Mediator complex subunit 23	protein_coding	37639
FBgn0250822	45.4074161045142	1.50337467661414	0.539034920714565	7.59064097367487	0.00586720851201484	0.0317541572503295	6.03197636252915	3.37856709818059	FBgn0250822		protein_coding	5740154
FBti0019283	172.723569667583	6.9011605063959	1.97620484074798	7.58417649459778	0.0058882856789892	0.0318478797580067	2.0695939953873	0	FBti0019283		transposable_element	NA
FBgn0000079	1441.35164674419	1.64158441590726	0.582862775851464	7.5424641907096	0.00602615708881867	0.0324279228350026	42.4604193546413	28.1287921140398	FBgn0000079	Amylase proximal	protein_coding	47764
FBgn0033289	652.382916114038	-1.05497121442414	0.380195257195302	7.53768225006961	0.00604217185141023	0.0324522483078279	8.62392127080434	29.5034015895566	FBgn0033289		protein_coding	35814
FBgn0033724	1214.42713828042	-1.28937313921545	0.462281313683491	7.53853474760538	0.00603931365185127	0.0324522483078279	55.7186271278111	157.43912141622	FBgn0033724		protein_coding	36347
FBti0019151	14345.7354473142	3.02055038328397	1.01886115712247	7.53792646683188	0.00604135291593328	0.0324522483078279	71.8523770327199	39.3897531492019	FBti0019151		transposable_element	NA
FBgn0030595	69.6144744228943	-2.4750643415943	0.863715187156709	7.51543389208935	0.00611725482344765	0.032793131870001	1.32859894617784	42.7041892825631	FBgn0030595		protein_coding	32421
FBgn0003209	1485.41331640953	-1.03781974358834	0.374987342359362	7.50211637544938	0.00616265316836438	0.033015605525646	12.1524919680251	29.7213385462907	FBgn0003209	raw	protein_coding	44851
FBgn0038678	92.4785176867971	1.05067282027998	0.381075070831789	7.49413965999201	0.00619000965428412	0.0331412021313442	21.6606588333718	15.3385893249203	FBgn0038678	mitochondrial ribosomal protein L55	protein_coding	42290
FBgn0039299	5207.36620267207	-1.31263506654434	0.471743257092203	7.4905028289616	0.00620252342482078	0.0331872226204877	95.9554830196212	464.860836823767	FBgn0039299		protein_coding	43037
FBgn0261710	9150.41855221392	-1.20228737179632	0.433381370548369	7.48377127104273	0.00622575383503941	0.0332694857935544	34.9936062553367	90.9939214510369	FBgn0261710	no circadian temperature entrainment	protein_coding	31976
FBgn0264832	16.2503030199386	3.32984751161414	1.15267603696879	7.47988018414823	0.00623922234270125	0.0333204371013112	14.6508795563471	0.676009181721409	FBgn0264832		protein_coding	14462475
FBgn0003391	2423.93761901889	-1.12502344173299	0.406811947404236	7.4635667581996	0.00629601370683043	0.0335813829325275	11.4428425207474	28.1472599893416	FBgn0003391	shotgun	protein_coding	37386
FBgn0029723	157.174144519416	1.06463171126931	0.386298249748402	7.4542042900852	0.00632884496745284	0.0337352529102112	3.44133617608435	2.35240469352328	FBgn0029723	Proctolin receptor	protein_coding	31408
FBgn0040028	463.642137911686	1.09200121422802	0.396065520195652	7.4412648846673	0.00637450731921338	0.0339572811281367	11.2157481264023	9.52359920406328	FBgn0040028		protein_coding	49952
FBgn0033159	1356.97487859083	-1.07718562866184	0.391155969152174	7.41616277676297	0.00646405255912825	0.0343751589424063	5.44177665091067	13.6078084913469	FBgn0033159	Down syndrome cell adhesion molecule 1	protein_coding	35652
FBgn0264272	961.302897640772	1.5313349184301	0.550415730359977	7.4063362618695	0.00649945490644199	0.0345359994087601	19.9943538990294	8.04285560559948	FBgn0264272	multiple wing hairs	protein_coding	38131
FBgn0035929	192.42707162	1.31686993885762	0.47657887915357	7.40354212908001	0.00650955753278436	0.0345679951740963	39.8723626134094	18.8785743558361	FBgn0035929		protein_coding	39008
FBgn0023509	660.043320598238	-1.0474710171127	0.381466326671765	7.38670015139604	0.00657079286179852	0.0348713129946325	6.38131810499539	16.145362655981	FBgn0023509	Myb-interacting protein 130	protein_coding	31153
FBgn0037963	809.1228861861	-1.02882798784744	0.37498068699855	7.37744362506882	0.0066046985795478	0.0350293030486975	3.5813310747027	8.08713941738862	FBgn0037963	Cadherin 87A	protein_coding	41441
FBgn0038613	863.485453132457	1.07844403372216	0.392742902872344	7.37464892568208	0.00661497034982659	0.035039899226411	18.0297636602644	10.4764564675504	FBgn0038613	Vacuolar H[+] ATPase 100kD subunit 4	protein_coding	42214
FBgn0039590	1020.20895035829	-1.06393061011886	0.387630371509835	7.37239393638366	0.00662327033417156	0.0350619373315207	3.88444037070362	9.28036193912976	FBgn0039590		protein_coding	43387
FBgn0036605	84.5503920561003	-1.66147019144173	0.600866227168848	7.3681948899974	0.00663875419748369	0.0351219538117969	3.08313346808899	24.5299539106804	FBgn0036605		protein_coding	39801
FBgn0267339	316.805462828331	1.30801099179054	0.474605071465039	7.36346241441416	0.00665624937716213	0.0351925294785039	13.2624900084646	10.2952150953753	FBgn0267339	p38c MAP kinase	protein_coding	2768679
FBgn0050503	357.037702428105	1.16110468734323	0.42281344329704	7.35894319673125	0.00667300012414294	0.0352590836253841	28.1043876632612	20.8701733132777	FBgn0050503		protein_coding	246656
FBgn0034712	1052.66258717634	1.15192955097667	0.419568184280005	7.34900407597446	0.00670999167222359	0.0354103610365943	45.2883739528548	21.8797684476765	FBgn0034712	Alkaline phosphatase 8	protein_coding	37540
FBgn0038466	1023.06781562238	1.28156424913606	0.46585691340151	7.33533158746246	0.00676122058216664	0.0355858754575226	32.665989559754	13.1146352744553	FBgn0038466		protein_coding	42050
FBgn0264712	846.577169596048	-1.11424561434513	0.406684881430735	7.33499635445366	0.00676248165831013	0.0355858754575226	9.79014818204499	27.8483416853708	FBgn0264712		protein_coding	40647
FBgn0051742	112.813445089123	1.37197475752187	0.500310537655853	7.31115251848274	0.00685279615710867	0.0358969778802401	6.82956592181653	3.16496144614566	FBgn0051742	Proteasome beta5 subunit-related 2	protein_coding	318924
FBgn0053199	976.809420063484	1.02191277765001	0.374168994203948	7.31340108752967	0.00684422677951033	0.0358969778802401	49.0209285595999	41.3783932149834	FBgn0053199		protein_coding	326329
FBgn0035427	545.62913610911	-1.05936390153679	0.388179308385493	7.29614074975187	0.0069102880615369	0.0360938461814056	12.3637936777072	50.7972471155087	FBgn0035427	cracked	protein_coding	38402
FBgn0051869	271.471766513097	-1.01040314069112	0.370901975682788	7.29358999307561	0.00692010578076678	0.036114168800428	2.11699962701892	5.00200657259874	FBgn0051869		protein_coding	34490
FBgn0008651	64.5474260996953	-1.11915957758236	0.412146750801097	7.29126454901926	0.00692906869992825	0.0361386772711775	1.05901073073586	2.92386901023129	FBgn0008651	ladybird late	protein_coding	42541
FBgn0029799	88.1162594617067	-1.59931187271619	0.582331203877312	7.25803004241605	0.00705846754353439	0.0366331005476325	1.71240619419408	7.3020597191429	FBgn0029799		protein_coding	31498
FBgn0039768	675.687858695283	1.55006680567857	0.563385030732005	7.23808950608131	0.00713728859673351	0.0370071040930683	28.7527823591164	9.59059321107902	FBgn0039768		protein_coding	43612
FBgn0033636	2442.62247580169	-1.10687724591794	0.406935793334447	7.2254133587985	0.00718786194366693	0.0371680040676794	10.3067817101305	23.5212949221895	FBgn0033636	toutatis	protein_coding	36241
FBgn0023535	386.844772176485	1.05365770213518	0.388111727402309	7.22227376353693	0.00720044429841956	0.0372103497300877	21.1258455118279	13.485282341323	FBgn0023535	arginase	protein_coding	46717
FBgn0000097	1011.77062363696	-1.31163758695142	0.480758498899335	7.2037458907744	0.00727515696784386	0.0375049175396455	7.11847077813905	15.5084447987109	FBgn0000097	anterior open	protein_coding	33392
FBgn0036895	219.021376314984	1.09864391299388	0.40559069697599	7.19582928261509	0.0073073213891702	0.0376478176193866	2.55005608780559	1.85859225122239	FBgn0036895	male sterile (3) 76Cc	protein_coding	40142
FBgn0263608	54.0358747511092	1.08708858185265	0.403022070368182	7.19398845636508	0.00731482129182214	0.0376635479281055	3.03553490110106	2.19056666323464	FBgn0263608	lethal (3) 72Dr	protein_coding	39778
FBgn0039637	1952.95570693166	-1.15605843007525	0.425896952959997	7.18151159005672	0.00736586238412743	0.0378573145591986	16.3874272000282	35.928066441519	FBgn0039637	Choline transporter-like 2	protein_coding	43440
FBgn0259229	226.265875802585	1.15408008327365	0.425692322684006	7.18023650738309	0.00737109902484282	0.0378612545424006	6.48397342496575	2.48285215519232	FBgn0259229		protein_coding	33312
FBgn0004780	45.4918930256558	1.89291493222174	0.689544218831667	7.16084632639723	0.00745120316148879	0.0381637518237112	5.83381582942582	2.45500734896637	FBgn0004780	Ccp84Ad	protein_coding	40822
FBgn0036117	153.698312598988	1.11045654813961	0.412013026069161	7.12465671038218	0.00760309709085938	0.038817499915358	5.11494594846573	3.62560000127294	FBgn0036117		protein_coding	39233
FBgn0085426	192.283118336402	-1.16779969468945	0.432933320512917	7.11016002559673	0.00766482669665959	0.0391090856148836	2.11031697548774	5.32243282842028	FBgn0085426	Rad, Gem/Kir family member 3	protein_coding	5740446
FBgn0044452	2831.08527549266	-1.03203142667744	0.38379798835698	7.08302159871366	0.00778176834398627	0.0395687637433897	14.5973265282241	34.9381493687876	FBgn0044452	Autophagy-related 2	protein_coding	38344
FBgn0039844	1741.63516356397	-1.11485019758117	0.414008167390963	7.08016602301514	0.00779417885684243	0.039602096531167	16.7792229430371	39.5640413885222	FBgn0039844		protein_coding	43707
FBgn0034978	84.0026396763264	-1.05057900085457	0.391965784066925	7.07719670724059	0.00780710515576932	0.039643993207054	0.861867398570861	2.2563114549946	FBgn0034978		protein_coding	37862
FBgn0050495	116.342593830273	1.17368504925082	0.43697412274035	7.06402752892878	0.00786469917374242	0.0398409102880373	4.79043962285698	3.06117292343369	FBgn0050495		protein_coding	246651
FBgn0000568	4168.40140041725	-1.09543457917593	0.407766125711785	7.05099839001858	0.00792210837476584	0.0399644180668652	29.6951054885245	74.9568244884419	FBgn0000568	Ecdysone-induced protein 75B	protein_coding	39999
FBgn0030743	193.786994276592	1.0330187178335	0.385772941426905	7.04662025020319	0.00794149545608165	0.0400145547370681	20.6321305360242	16.1174198963364	FBgn0030743		protein_coding	32599
FBgn0053054	233.163576104227	1.02982181046309	0.384553989564021	7.04365164626616	0.00795466849139992	0.0400168789123255	21.5763730042748	17.2172068895707	FBgn0053054		protein_coding	40340
FBgn0037323	149.355200391482	-1.23927574162878	0.461697617930579	7.03879574806353	0.00797626449609857	0.040094338446264	2.56243253601673	8.83574797527957	FBgn0037323		protein_coding	40649
FBgn0036996	26805.1184055855	1.06241721899279	0.396289455361808	7.0306266229623	0.00801273105282293	0.0402298944975757	1018.94801635925	810.282387576966	FBgn0036996	magro	protein_coding	40267
FBti0018964	403.261899780818	1.41562850788228	0.524449239546862	7.02141659800057	0.00805404868652844	0.0403655576182816	4.67677032540165	2.36184719374264	FBti0018964		transposable_element	NA
FBgn0035922	50.5379142478186	1.34921660750145	0.504057990204652	7.01104720058945	0.00810082832634815	0.0405041416317408	2.35634692238625	1.35061515048982	FBgn0035922	Peroxin 7	protein_coding	38994
FBgn0263239	186.704384720572	-1.51811097678966	0.561820420492684	7.01128460321489	0.00809975422532482	0.0405041416317408	1.51670444518908	3.07192311639708	FBgn0263239	dendritic arbor reduction 1	protein_coding	38436
FBgn0039356	71.8137795643485	-1.36676851227977	0.51134388356451	6.98219371527772	0.00823246364643933	0.0409929259760971	3.24522612960244	12.6374339174193	FBgn0039356		protein_coding	43100
FBgn0000577	165.01267150147	-1.06941786416396	0.402271032731571	6.94619461052707	0.00839977241089426	0.0417279016541199	1.8553726642489	5.12913567926965	FBgn0000577	engrailed	protein_coding	36240
FBgn0004839	656.665514370934	-1.07408641854983	0.403293974873814	6.94252947071472	0.00841700043455191	0.0417889763661516	4.07042707604729	12.2586355577217	FBgn0004839	off-track	protein_coding	36283
FBgn0050089	381.50351764989	-1.14439552525942	0.429666563770391	6.92454249554449	0.008502073989796	0.0420859787533381	3.30755601464335	7.36186588410284	FBgn0050089		protein_coding	36736
FBgn0033132	244.928510158647	-1.21851578990878	0.457645316330371	6.9164691606088	0.00854054430713027	0.0421306990573054	7.980828416178	19.2680978040816	FBgn0033132	Tetraspanin 42Ej	protein_coding	35620
FBgn0039470	10281.9432856527	1.01745509928539	0.383036472469137	6.91460829223583	0.00854943678061243	0.0421379903780723	258.827191112658	188.22638927987	FBgn0039470		protein_coding	43246
FBgn0024294	897.864185115853	-1.81328193788852	0.669266752430703	6.9122333848521	0.00856079944083715	0.0421558778070214	8.62301916199885	41.3983365938895	FBgn0024294	Serpin 43Aa	protein_coding	45041
FBgn0033153	1007.5074163194	-1.13954233368126	0.428109361377079	6.91124001766244	0.00856555675394143	0.0421558778070214	20.5953099470559	64.3732121777727	FBgn0033153	Growth arrest and DNA damage-inducible 45	protein_coding	35646
FBgn0016075	11001.6907921468	1.1056995740827	0.415795001848885	6.90518082616892	0.00859463333617802	0.0422744160031521	99.7693730572976	69.2478550757067	FBgn0016075	viking	protein_coding	33726
FBgn0052473	4314.9206892561	1.11697658814266	0.420047051200576	6.90204010611301	0.0086097446160621	0.0422996153700963	96.3031353639985	51.0967162432044	FBgn0052473		protein_coding	41636
FBgn0036587	211.105220352183	-1.36312824566121	0.511714009527882	6.88183194442628	0.00870762684776625	0.0426567954890573	3.71036214962272	8.4121015856622	FBgn0036587		protein_coding	39783
FBgn0029508	826.970446872322	1.08251158857569	0.408531240269638	6.86739950374729	0.00877822983435004	0.0429281793862268	37.2094054272352	32.3086364609756	FBgn0029508	Tetraspanin 42Ea	protein_coding	59178
FBgn0040271	517.647178904209	-1.03823697663779	0.392489731193579	6.85770881342411	0.0088259649262604	0.0431367125940136	3.90986852917977	8.47955252934495	FBgn0040271	Sulfated	protein_coding	53437
FBgn0033574	98.0766224362631	-1.0905581590286	0.413945042691684	6.85055662828172	0.00886136603494477	0.0432637848602308	2.2683142544456	7.02631204732357	FBgn0033574	Serpin 47C	protein_coding	36163
FBgn0028410	76.7192115054727	1.15463264501493	0.438059615479501	6.83649816679866	0.00893137537374215	0.043501293510981	3.50891337080852	2.21855963804424	FBgn0028410	Protein kinase at 34A	protein_coding	34705
FBgn0085325	147.617350641355	-2.31026300008101	0.846362738103546	6.8334446631506	0.008946656136397	0.0435506767099326	2.90629812743784	54.886693460753	FBgn0085325		protein_coding	5740662
FBgn0033498	68.1949847086055	1.28467251816725	0.486898997927953	6.82154275017253	0.00900647327452057	0.0437915204564806	2.84442074803335	1.86333232476679	FBgn0033498		protein_coding	36077
FBgn0051800	130.146121366867	1.18249661724398	0.448050304217043	6.81597089495177	0.00903461710769074	0.0438528406315992	12.6009622995405	7.92289610808469	FBgn0051800		protein_coding	318947
FBgn0029804	111.012275686498	-1.9441024655141	0.722752715974961	6.79613887738442	0.00913552278871012	0.044215930297357	1.21559309858477	2.43947575431307	FBgn0029804		protein_coding	31503
FBgn0052677	293.098134107629	-1.15769801429362	0.438890453846937	6.78983886026876	0.0091678183470405	0.044321587556754	1.08491486361329	2.58297852822508	FBgn0052677	X11Lbeta	protein_coding	31997
FBgn0016930	1050.59634802825	-1.6655865505668	0.623988546922297	6.76502920510589	0.00929614026181178	0.0447734138793445	7.66061167778475	13.1306349547867	FBgn0016930	Dual-specificity tyrosine phosphorylation-regulated kinase 2	protein_coding	34831
FBgn0033100	136.661157908447	1.09053334977226	0.415731088499051	6.7573690318442	0.00933613118435134	0.0448791323107014	22.4759986385694	13.9258072672897	FBgn0033100		protein_coding	35585
FBgn0031906	72.1447110752962	-1.08512815081201	0.415122254117612	6.74855951190427	0.00938234033659711	0.045050126219375	1.72945035156998	5.10461580162444	FBgn0031906		protein_coding	34015
FBgn0037217	154.49983659769	-1.14769755780017	0.437541329703431	6.73062012656506	0.00947716461388456	0.0453768141772765	3.4117273060875	8.15367491256007	FBgn0037217		protein_coding	40526
FBgn0037402	45.0238061709612	1.57323886102983	0.598746700704706	6.70533102617159	0.00961250840012379	0.0458692654360837	3.50353991758345	2.10185459324017	FBgn0037402	Vacuolar H[+] ATPase 14kD subunit 2	protein_coding	40748
FBgn0031872	1076.01724561883	-1.03148191297545	0.394417989495656	6.70227947790286	0.0096289732152333	0.0459219612235507	10.7364409241639	26.2210186611286	FBgn0031872	interference hedgehog	protein_coding	33972
FBgn0029639	168.087734666405	1.59603017587667	0.602764774652765	6.69943519344622	0.00964434574262134	0.045956568008508	20.8331000554838	8.07836362716103	FBgn0029639		protein_coding	31276
FBgn0035638	287.419091231961	1.15038491920099	0.439500376356966	6.69606210238706	0.00966260891168332	0.0459788188100886	9.54519112269373	6.47830847148878	FBgn0035638	Tektin C	protein_coding	38653
FBgn0030676	26.7425885969748	1.46758596060332	0.562721094248572	6.68936797306006	0.00969895843075396	0.0460999876029663	4.13075358180145	2.01130647488847	FBgn0030676		protein_coding	32512
FBgn0004885	2793.75158592439	-1.37960108488626	0.524255277051059	6.67779120003583	0.00976215201432488	0.0462446462870983	14.1537266979698	34.8986585750548	FBgn0004885	tolkin	protein_coding	42944
FBgn0031579	530.061332265773	1.19364639196401	0.456059539837513	6.67144075981791	0.0097969958984512	0.0463837648182681	44.9520611903774	45.6546111006213	FBgn0031579		protein_coding	33615
FBgn0085400	485.343366585058	-1.19569370203333	0.457685532008899	6.64640138323641	0.00993562971703375	0.0469613748344173	2.52942448046393	6.07898679822045	FBgn0085400	sidestep V	protein_coding	37679
FBgn0267002	885.389015565405	-1.00281033942599	0.385617400167722	6.63337536191352	0.0100085434061447	0.0472329452256434	3.88352156747965	9.9835072011036	FBgn0267002	uncoordinated-104	protein_coding	36876
FBgn0040837	93.4152936006638	1.27252143118615	0.488883261124119	6.61832941316143	0.010093446712714	0.0475216751843732	10.0669872799404	6.367269566031	FBgn0040837		protein_coding	50310
FBgn0036337	2012.84333294838	1.02709115889708	0.395823777424521	6.59737439386568	0.0102129263499173	0.04803080854181	62.4086280337397	59.2648230915635	FBgn0036337	Adenosine kinase 2	protein_coding	39479
FBgn0029942	193.758942127227	1.04378549312693	0.403774116563595	6.56444926407509	0.0104035928581019	0.048630480964748	9.73837177181468	7.75196085312475	FBgn0029942		protein_coding	31663
FBgn0262787	97.5074909127239	1.33426893151829	0.514459819850539	6.55361979594067	0.0104670998749355	0.0488464660830323	5.03917578463325	2.94020322467656	FBgn0262787		protein_coding	12798364
FBgn0032160	913.281155483442	1.00919696365991	0.391488043497275	6.51825547612999	0.0106772687438796	0.0496783954028118	47.0449619842038	43.6832555903846	FBgn0032160		protein_coding	34315
FBgn0040730	45.2007716818408	1.15066453241346	0.44773476576319	6.52003736074851	0.0106665762345273	0.0496783954028118	5.66492032857136	4.2831568429861	FBgn0040730		protein_coding	50203
FBgn0026592	79.3901871847129	1.4626213015367	0.564387772330093	6.511727009776	0.0107165379580268	0.0497364802764312	3.7860307426805	1.37517257009976	FBgn0026592	Fire exit	protein_coding	38452
FBgn0052564	883.412666699873	3.07219208599759	1.11292169929971	6.51209393700715	0.0107143269393704	0.0497364802764312	52.8344752333128	6.88870444228118	FBgn0052564		protein_coding	326222
