baseMean	log2FoldChange	lfcSE	stat	pvalue	padj	expressionh1M8	expressionwt	ensembl	description	gene_biotype	entrezgene_id
FBgn0004427	41093.0468204207	13.0230312840232	0.319908464994795	1376.34531756566	2.90183744081787e-301	2.56290282773035e-297	14686.4041310728	2.08158272776842	FBgn0004427	Lysozyme D	protein_coding	38127
FBgn0004425	60091.5120302394	6.89011314583216	0.194395007914851	759.103151413761	4.20789112072448e-167	1.85820471891193e-163	20462.2901097069	223.320729797439	FBgn0004425	Lysozyme B	protein_coding	38125
FBgn0037386	3430.60252973743	6.38458362803274	0.198774977922864	745.683603542377	3.48293332868424e-164	1.02537557196464e-160	148.481393169066	2.39866476655674	FBgn0037386		protein_coding	40727
FBgn0051683	917.053443311795	13.5037045241536	1.19680983132113	723.004239830964	2.97437105693738e-159	6.56741129371773e-156	58.077519695223	0	FBgn0051683		protein_coding	261623
FBgn0034005	1266.30764535588	6.85663588050439	0.249668322026088	687.812191386508	1.33676891719323e-151	2.36126861533012e-148	32.8864711632497	0.399856848884426	FBgn0034005	Integrin alphaPS4 subunit	protein_coding	36693
FBti0102102	2511.8177842067	7.01254371707557	0.247353701987119	587.290563778436	9.73310978618648e-130	1.43271376052665e-126	20.0678873420544	0.141982785000166	FBti0102102		transposable_element	NA
FBgn0036833	9685.28308890778	6.90834939665269	0.248626227767746	481.750595244888	8.88831599089122e-107	1.12145152616502e-103	761.694027575621	7.93810096464049	FBgn0036833		protein_coding	40069
FBgn0034365	270.213183101128	-10.3410549446473	1.19780267271228	431.969875852378	6.0554578698383e-96	6.68522548830148e-93	0	28.6870653440948	FBgn0034365		protein_coding	37140
FBgn0003886	5907.42049493949	5.1452012300436	0.211749295491087	426.220421254052	1.08024281686702e-94	1.06007828428551e-91	353.662324753733	12.0319138610122	FBgn0003886	alpha-Tubulin at 85E	protein_coding	41183
FBgn0283437	12781.3041579028	2.38152887551459	0.110278357350749	423.020783261631	5.36960829646632e-94	4.74243804743906e-91	459.004028527616	105.004229398975	FBgn0283437	Prophenoloxidase 1	protein_coding	37044
FBgn0037975	1163.72094906058	-13.4070703428678	1.21783430540507	396.180026342392	3.73684221621229e-88	3.00034458668972e-85	0	120.7227193606	FBgn0037975		protein_coding	41454
FBgn0002533	56224.7821053143	3.35006810903018	0.170958817376599	320.135084303566	1.35355832335928e-71	9.96218925992428e-69	13874.6490407737	1557.91246809688	FBgn0002533	Larval cuticle protein 2	protein_coding	35818
FBgn0037477	197.648692890167	8.08131823051223	0.696857347561917	308.726691689494	4.13626303589962e-69	2.81011347177427e-66	63.6408537295451	0.329563947506202	FBgn0037477		protein_coding	40856
FBgn0034710	2470.45997203547	-4.74884465829394	0.240993123656767	297.371131922855	1.2317468372871e-66	7.77056290494262e-64	5.31336593256811	159.583851207882	FBgn0034710	Alkaline phosphatase 7	protein_coding	37538
FBgn0052475	162.664562206948	-10.5689983273249	1.20551956427324	296.983023017365	1.49651111827745e-66	8.81145746441761e-64	0	6.22966124986724	FBgn0052475	methuselah-like 8	protein_coding	38013
FBgn0034880	263.210642201729	4.27772166154414	0.250990789430319	284.317988195925	8.60313843594003e-64	4.7489324166389e-61	7.58600704303128	0.504803235502817	FBgn0034880	Integrin alphaPS5 subunit	protein_coding	37732
FBgn0003082	420.853693234639	-2.98019454204503	0.181229279948462	260.688150540487	1.21483278963046e-58	6.31141364589189e-56	2.75110797541006	27.2691437616657	FBgn0003082	photorepair	protein_coding	35735
FBgn0260475	104.040247865579	10.3634422953275	1.21187327510889	248.107804159947	6.71369468702018e-56	3.2941861930979e-53	6.25912750541741	0	FBgn0260475		protein_coding	246425
FBgn0033367	28927.3680178396	2.38846529433278	0.146144957079347	241.4480891592	1.90090900569985e-54	8.83622544123217e-52	1045.80442362299	256.250370241624	FBgn0033367	Prophenoloxidase 2	protein_coding	35910
FBgn0038144	142.06371301464	5.68855842866035	0.420173080011773	230.445731503999	4.7658062005837e-52	2.10458001817776e-49	9.1299279282907	0.24212256358717	FBgn0038144		protein_coding	41645
FBgn0037853	1237.54304821908	3.87780383428396	0.233336570044297	227.352945704538	2.25234663121751e-51	9.47272640329195e-49	63.830229775956	5.83575939353872	FBgn0037853		protein_coding	41317
FBgn0037930	332.484468592118	3.58581560492538	0.229851816654338	223.559721677277	1.51337012868176e-50	6.07549317114424e-48	64.6945546519484	6.79974012541299	FBgn0037930		protein_coding	41403
FBti0019144	461.193632698897	4.4620997594002	0.275813168552522	222.435289682108	2.66193711189798e-50	1.02218385096882e-47	8.79214945023574	0.436169116626879	FBti0019144		transposable_element	NA
FBgn0259230	135.029863454126	7.54585664743292	0.711983257976968	215.21016290404	1.00281424445041e-48	3.6903564195775e-46	18.7054520106866	0	FBgn0259230	lectin-22C	protein_coding	7354375
FBgn0035679	2029.93514968217	1.90563344898625	0.127149284888546	212.224790112501	4.49253579124703e-48	1.58712304433175e-45	110.630571145373	35.0970789470319	FBgn0035679		protein_coding	38697
FBgn0000473	562.686304924139	7.23203081104923	0.458248647185357	206.068310026969	9.90117955988296e-47	3.36335453357255e-44	29.2324065123065	0.308882588008034	FBgn0000473	Cytochrome P450 6a2	protein_coding	35587
FBgn0043575	30518.2235802966	3.46206458514013	0.229218802177158	188.309539668613	7.43584763229567e-43	2.43234838105316e-40	4669.02306296199	499.955652797599	FBgn0043575	Peptidoglycan recognition protein SC2	protein_coding	35862
FBgn0034440	1353.3433001385	8.24165580827552	0.499211695794873	184.590125614664	4.82255998952633e-42	1.52117320812488e-39	58.5859811159309	0.190254716894034	FBgn0034440		protein_coding	37225
FBti0019588	98.1835116886854	8.4155424286639	1.07329955986783	178.294742845491	1.14223833010147e-40	3.47870652808833e-38	3.8831978770015	0	FBti0019588		transposable_element	NA
FBgn0030040	4118.71155267894	2.3896565700828	0.173100729295528	172.926794494775	1.69807349037409e-39	4.99912835566131e-37	430.328833283112	111.119133046366	FBgn0030040		protein_coding	31779
FBgn0014368	2142.93601422568	5.27333372491398	0.34455536340944	167.709671023706	2.34108194286678e-38	6.6698179739998e-36	565.479099783976	13.2739975939472	FBgn0014368	no optic lobe	protein_coding	64867
FBgn0033820	1020.4392583694	5.47263405199999	0.362793420636055	166.305644843666	4.74352670080015e-38	1.30921336942084e-35	158.781755269432	4.08921737889434	FBgn0033820		protein_coding	36471
FBgn0035708	597.132521523099	2.16317827374117	0.164159281009002	164.287106417864	1.30930853312455e-37	3.50418574683516e-35	23.1346011912444	6.76409803328606	FBgn0035708	axundead	protein_coding	38741
FBgn0034366	297.40210427651	-7.06982942921747	0.596917104645522	153.993088553198	2.32401701639137e-35	6.03697596728487e-33	0.031062455572881	15.3937518867408	FBgn0034366	Autophagy-related 7	protein_coding	37141
FBgn0261434	65.3772324019145	4.78370545184584	0.451183004964943	146.116369623801	1.22433726646701e-33	3.0895276392676e-31	3.83389504132304	0.18876699960625	FBgn0261434	huckebein	protein_coding	40549
FBgn0053056	501.255738633417	1.92052964460343	0.156053659796795	145.762438751536	1.46310610796967e-33	3.58948698488558e-31	26.9136964258286	8.65259624815513	FBgn0053056		protein_coding	326246
FBgn0010357	22898.3749545633	-3.26516330428004	0.251345124248505	141.82090054017	1.06424740270605e-32	2.54038731370266e-30	321.89329848339	3838.99778399473	FBgn0010357	betaTrypsin	protein_coding	47901
FBgn0030693	1200.64559287869	-1.24090709388039	0.104037517417646	139.923248205182	2.7669264736193e-32	6.43091963552781e-30	29.1465611918545	85.7095483964084	FBgn0030693	suppression of retinal degeneration disease 1 upon overexpression 1	protein_coding	32532
FBgn0004622	320.8463697674	2.90134598507436	0.237007520298183	137.595073235059	8.93608245288838e-32	2.02367898010026e-29	9.80457432576814	1.5328342874708	FBgn0004622	Tachykinin-like receptor at 99D	protein_coding	43551
FBgn0041150	554.898362812611	2.21878241410763	0.183571607346475	137.333637623567	1.01935244307942e-31	2.25073019431935e-29	12.2718946775521	3.1167814372733	FBgn0041150	hoepel1	protein_coding	249663
FBgn0031141	481.783560474065	8.1382686495571	0.645063702437261	130.458774453136	3.25216828399908e-30	6.90343899088011e-28	48.0297472982824	0.224721646867778	FBgn0031141		protein_coding	33074
FBgn0033942	221.168982546277	2.51862395505004	0.216167926993811	130.440113809482	3.28288538968483e-30	6.90343899088011e-28	39.2839955410823	8.90064935393348	FBgn0033942	Cuticular protein 51A	protein_coding	36613
FBgn0266671	836.490379839709	1.71238475157623	0.147149700873086	130.077468651911	3.94092997262504e-30	8.09448686470334e-28	26.3725792046624	9.85689257945124	FBgn0266671	Secretory 6	protein_coding	37142
FBti0018869	797.578114467756	-2.65931490465002	0.222445306113169	129.750706907832	4.64613900783346e-30	9.32606811754206e-28	1.48359862803719	12.5795940553344	FBti0018869		transposable_element	NA
FBgn0039769	1463.20256538281	6.06286645678294	0.442823113741421	127.016424719585	1.84242389964035e-29	3.61606397369413e-27	64.5830306946199	0.870849561670041	FBgn0039769		protein_coding	43613
FBgn0036766	1730.08850045204	2.71006496624209	0.228048788405098	125.48211777283	3.99170886845837e-29	7.66408102744008e-27	301.202549028086	56.9276769015496	FBgn0036766		protein_coding	39992
FBgn0036648	235.818708351635	-2.17958198041016	0.19585164819249	122.378336422309	1.90761456478442e-28	3.58469188003744e-26	4.44473466231031	24.0518103014919	FBgn0036648		protein_coding	39854
FBgn0038450	81.6217340943727	4.93845413712117	0.47348177794868	120.181954851202	5.7716386819242e-28	1.06198151747405e-25	4.77448154627258	0.234071190398767	FBgn0038450		protein_coding	42022
FBgn0040099	272.901228888346	-2.18500382360622	0.197709270107543	119.076709044885	1.00756764611597e-27	1.81608927561148e-25	4.46662742993417	27.6132555866638	FBgn0040099	lectin-28C	protein_coding	53542
FBgn0261363	435.422502453426	4.11861574903878	0.347422393488856	115.54894323652	5.96681218005516e-27	1.05397770348494e-24	16.7581322950284	0.960975210919682	FBgn0261363	Prophenoloxidase 3	protein_coding	44513
FBgn0004047	783.858158772397	3.29353431279418	0.283747810878287	115.43871718933	6.30785134524847e-27	1.09237143296538e-24	49.6490080729884	5.58492240393228	FBgn0004047	Yolk protein 3	protein_coding	32339
FBgn0034335	285.652847867826	2.63789135001441	0.237593128435514	114.876448830441	8.37566032042725e-27	1.42257369134641e-24	36.4080850310423	7.66793032215118	FBgn0034335	Glutathione S transferase E1	protein_coding	37106
FBgn0033593	627.713473127589	-3.45209971468647	0.300617112807931	113.077830201957	2.07469013986008e-26	3.45729496514041e-24	18.5286360039961	290.166649229948	FBgn0033593	Listericin	protein_coding	36183
FBgn0038523	4096.54452111891	-3.255319039343	0.283405026795472	111.452244059981	4.71015759623558e-26	7.70372442406531e-24	91.0250656459195	1419.99415837952	FBgn0038523		protein_coding	42113
FBgn0034715	143.262186433668	-3.6663046754615	0.343642669518589	110.672187667613	6.98106028396451e-26	1.1210313532359e-23	0.49345915129891	7.60728250029379	FBgn0034715	Organic anion transporting polypeptide 58Db	protein_coding	37544
FBgn0000064	31379.3826666692	1.45944051582096	0.136170776573887	110.316981630192	8.35101690029173e-26	1.31707466541744e-23	1718.40734314065	742.92274358857	FBgn0000064	Aldolase 1	protein_coding	43183
FBgn0001258	7362.60956102134	1.70685957934323	0.158655826221442	109.713045926362	1.13254022654092e-25	1.75484127733498e-23	443.420481804959	174.327623676178	FBgn0001258	Lactate dehydrogenase	protein_coding	45880
FBgn0031678	186.63953157837	3.13481622605813	0.289523961782722	108.713353384669	1.87537000593986e-25	2.85573584352774e-23	7.10978012846972	0.912497846490265	FBgn0031678	Neprilysin-like 3	protein_coding	326172
FBgn0085390	594.68331447598	1.53208715002846	0.145653674492292	107.707286547016	3.1155505935908e-25	4.66382082077864e-23	9.09196812218998	4.02156961174114	FBgn0085390	Diacyl glycerol kinase	protein_coding	35738
FBgn0038717	360.275579953801	2.5014744092688	0.233362468993504	106.602266987028	5.44109249635685e-25	7.90487138896374e-23	17.362442299141	3.84486181892974	FBgn0038717		protein_coding	42336
FBgn0038795	303.988035154563	2.54458398620376	0.237807286084205	106.595515951485	5.45965981348265e-25	7.90487138896374e-23	22.5785493120128	4.66302310053503	FBgn0038795		protein_coding	42421
FBgn0028515	904.390744893019	-1.31745094010592	0.126627839726984	106.065563371655	7.13355689466734e-25	1.01618668538229e-22	21.4360397551949	66.7395554642474	FBgn0028515	Endonuclease G inhibitor	protein_coding	34953
FBgn0020645	150.808620899928	2.75145556468519	0.263115648635936	105.148399951656	1.13322819085551e-24	1.58867799708505e-22	43.5313106541008	8.10873318348488	FBgn0020645	Lcp65Aa	protein_coding	38709
FBgn0029710	300.64044574846	2.22835439833231	0.214683105382434	102.353240387407	4.64538143551213e-24	6.41062638100674e-22	16.7250504407123	4.30759012628757	FBgn0029710		protein_coding	31383
FBgn0267398	762.406301026247	-1.29777835000822	0.128798290154949	99.7603176717674	1.7200223391278e-23	2.33711343064258e-21	30.8125513945192	93.3429656339641	FBgn0267398	Yeti	protein_coding	7354404
FBgn0042106	52.3974075265012	4.17420230242561	0.438443647217029	99.5901777468098	1.87431711599032e-23	2.50817708612523e-21	4.4366132002552	0.251330099763083	FBgn0042106		protein_coding	59145
FBgn0013772	436.491896217705	2.80771260414861	0.268903668946236	98.0596756730621	4.05962152368949e-23	5.3514294473471e-21	21.5121784678109	3.54630045247487	FBgn0013772	Cytochrome P450 6a8	protein_coding	36666
FBgn0039108	74.2373240694128	3.46154310733582	0.35483032337011	97.5211553698419	5.32839312446261e-23	6.9206423640079e-21	3.67496302161068	0.400575711938401	FBgn0039108		protein_coding	42800
FBgn0039779	132.651852345291	4.30038504214666	0.41704948207734	96.2908173547256	9.9189014865331e-23	1.26961939027624e-20	8.04351269724022	0.555214653891221	FBgn0039779	prolyl-4-hydroxylase-alpha SG2	protein_coding	43623
FBgn0028945	48.7542355303618	-4.20507654282537	0.492791672063728	96.0023076958785	1.14749646066987e-22	1.44781267723375e-20	0.379470795260347	8.98914937896721	FBgn0028945		protein_coding	34919
FBgn0038731	120.456618743409	4.3544840962978	0.426601788747583	95.6452243942038	1.37430817427069e-22	1.7095619429801e-20	7.17281619711825	0.429883392110968	FBgn0038731	Acyl-CoA synthetase X1 R	protein_coding	42352
FBgn0037228	388.758564597407	1.65327381522285	0.166926175639284	95.4418046843291	1.52303286601295e-22	1.86825364897589e-20	22.2141377826023	9.94114103837329	FBgn0037228		protein_coding	40538
FBgn0036806	992.486872655283	1.53110344603638	0.154972176157519	94.1695213832717	2.8962614099713e-22	3.50407955792692e-20	44.8669455857565	20.2320426491433	FBgn0036806	Cytochrome P450 12c1	protein_coding	40037
FBgn0037518	258.607323623865	1.89744003332828	0.192753158092334	94.036969690397	3.09685364087269e-22	3.69613666975508e-20	15.2021465670042	5.1506216945511	FBgn0037518		protein_coding	40921
FBgn0264895	1893.39207219671	1.60946452729142	0.164247158235767	91.8422202497488	9.38701985900543e-22	1.10541545859648e-19	27.5999665139455	11.0630040524909	FBgn0264895	Rap GTPase activating protein 1	protein_coding	34032
FBgn0038034	385.557433624206	1.82178108495468	0.187931415086294	90.463465312226	1.88424224514482e-21	2.18968783014724e-19	13.5755011601954	5.56798882866148	FBgn0038034	Cytochrome P450 9f3	protein_coding	3772405
FBgn0052304	82.8522910559552	-4.45181221929972	0.484454974052429	89.9195091127821	2.48048965099667e-21	2.8451538438445e-19	0.770442884379859	18.0060618189958	FBgn0052304	obstructor-I	protein_coding	317966
FBgn0033836	324.888529468676	-1.96795744218277	0.203964509554345	89.8776380561631	2.53354491465638e-21	2.86875239567245e-19	4.18205071348143	18.3374117547892	FBgn0033836		protein_coding	36487
FBgn0261847	82.0732168204459	8.78323273737441	1.03024746435367	88.4932148878721	5.10095442587428e-21	5.70273791004071e-19	69.5521689267561	0.177684499422411	FBgn0261847		protein_coding	10178912
FBgn0033600	763.441360943979	2.51145061515306	0.255852614829869	87.3965143557505	8.88068610034164e-21	9.80427745477717e-19	108.445284859705	24.5060764880218	FBgn0033600	Cuticular protein 47Ec	protein_coding	36191
FBgn0051343	12983.0155309658	2.5166938875357	0.2594532760784	84.1946612184382	4.48379818655795e-20	4.88900068934318e-18	332.369043994767	83.8057339338281	FBgn0051343		protein_coding	326133
FBgn0033395	40.3689491666305	7.12849732409303	1.11740727909482	83.6617877311441	5.87091399792087e-20	6.32340395483379e-18	2.06571023193993	0.0282951487484123	FBgn0033395	Cytochrome P450 4p2	protein_coding	35946
FBgn0039464	641.444759695476	1.04631027021636	0.114857991067121	82.1548211906657	1.25833550343604e-19	1.33899026100567e-17	29.1066703591374	17.4089021538166	FBgn0039464		protein_coding	43240
FBgn0029608	313.085860128009	2.31982195220838	0.248837960887754	81.2755130706092	1.96344379327224e-19	2.06442090264053e-17	22.034164981896	5.79876304292946	FBgn0029608		protein_coding	31210
FBgn0039777	14073.3135168955	-3.4191797710276	0.346985805788581	80.4763463079235	2.94205653342697e-19	3.05696980037965e-17	149.555392914656	2269.40649956161	FBgn0039777	Jonah 99Fii	protein_coding	43621
FBgn0032422	1248.22142631593	1.74788838065811	0.192091530946824	78.6779757313691	7.31060828895844e-19	7.50782469861406e-17	171.389252370218	65.7958350592262	FBgn0032422	atilla	protein_coding	34647
FBgn0039747	363.136411047266	1.37318828288358	0.154276215372254	77.9197355320411	1.07313797088259e-18	1.08942006423391e-16	6.94547985126439	3.29742228868173	FBgn0039747	Adenosine receptor	protein_coding	43583
FBgn0030073	6022.65052894043	2.56224533885845	0.274475067860937	77.7611090441697	1.16287404288602e-18	1.16710267576924e-16	484.972792793296	121.508454745843	FBgn0030073		protein_coding	31824
FBgn0027657	937.578013502673	2.83285099385738	0.302109402563913	77.454713373146	1.35800746616144e-18	1.34763167877953e-16	81.1432949943796	16.3549333197529	FBgn0027657	globin 1	protein_coding	41930
FBgn0031547	227.35897623967	2.19182320500792	0.244414881091249	76.4654257736389	2.24102327274181e-18	2.1991908383173e-16	13.9907064250097	3.41932960102976	FBgn0031547	Scavenger receptor class C, type IV	protein_coding	33576
FBgn0033458	180.528362995391	2.09414507785011	0.236260334289271	75.9224963757152	2.95019771554786e-18	2.84461749404917e-16	7.22192946823098	2.22377872960565	FBgn0033458	Linking immunity and metabolism	protein_coding	36023
FBgn0038079	149.33169755026	2.17124286532884	0.246164036150479	75.9138506102051	2.96314322296789e-18	2.84461749404917e-16	18.6772903937786	5.85534805072497	FBgn0038079	Ninjurin C	protein_coding	41568
FBgn0036024	95939.976874136	2.51137172313742	0.274522354254708	74.8689731934334	5.0301328502596e-18	4.72618439718008e-16	10971.5667286021	2197.19263371469	FBgn0036024		protein_coding	39125
FBgn0031560	360.190475913756	2.32712829931251	0.260029338448737	74.4433493596842	6.24035566763209e-18	5.80156013226596e-16	310.539406765851	71.6043048628556	FBgn0031560		protein_coding	33591
FBgn0053225	454.460208608856	3.81805823894923	0.40333565058699	73.8731005004803	8.33038036594663e-18	7.6639499366709e-16	47.8547744857359	3.47482976091888	FBgn0053225		protein_coding	2768860
FBgn0034712	1605.57302051541	1.97265183341227	0.222203189197891	73.678032758098	9.1956578273216e-18	8.37278865267056e-16	70.2852732083037	21.8797684476765	FBgn0034712	Alkaline phosphatase 8	protein_coding	37540
FBgn0013278	678.01948145659	4.52075014945654	0.462734867179167	73.3909678788068	1.06351648002365e-17	9.58467097098863e-16	33.2514827179368	1.14254662600579	FBgn0013278	Heat shock protein 70 Bb	protein_coding	48582
FBgn0028916	871.501123278449	1.72984516937714	0.197595774865577	73.0187877382046	1.28421526059551e-17	1.14567567490702e-15	18.7220261676984	7.14642609188904	FBgn0028916		protein_coding	34835
FBgn0033756	108.55256445307	2.55251251362693	0.294914192344118	72.4872249414246	1.68116718775787e-17	1.48480686022775e-15	5.78664835733953	1.31149420808927	FBgn0033756		protein_coding	36385
FBgn0051262	50.0614057519199	4.59870219951997	0.560478489854528	72.32886824335	1.82163026700902e-17	1.59293450675482e-15	2.33010223563075	0.084543667197019	FBgn0051262		protein_coding	318649
FBgn0051354	1468.5468220713	5.29723007112199	0.524830834335476	71.9873443283268	2.16581958337094e-17	1.87534495689531e-15	52.1175356505713	1.37128203373278	FBgn0051354	Heat shock protein 70 Bbb	protein_coding	50022
FBgn0004577	4848.87794911491	-1.08230051826584	0.126309483823061	71.8710737808095	2.29726962955008e-17	1.96985294836761e-15	60.2840277890647	167.401661442439	FBgn0004577	Peroxidase	protein_coding	2768671
FBgn0032474	1090.35070122299	-1.33280560206716	0.156183694930687	70.8743874320317	3.80708435805848e-17	3.23309317792043e-15	19.0790931260795	63.3011156581352	FBgn0032474	DnaJ homolog	protein_coding	34707
FBgn0038508	111.472628114687	-3.46232042196297	0.401444322121325	70.576662181083	4.42723553438871e-17	3.72393754664011e-15	1.1537643802952	20.8838344178932	FBgn0038508		protein_coding	42097
FBgn0000044	167649.233761389	1.38882303843151	0.162557388879774	70.3397385554847	4.99218567333281e-17	4.1595267798939e-15	6767.23936795892	3216.80199340002	FBgn0000044	Actin 57B	protein_coding	37368
FBgn0039471	11595.4571018546	1.86803394076302	0.216471054191156	69.8256802865079	6.47839370310002e-17	5.34739936315695e-15	912.677932864439	282.786762456565	FBgn0039471		protein_coding	43247
FBgn0003076	5968.59567024314	1.35324637661158	0.159289687260108	69.7455022002932	6.74715343967734e-17	5.46705130084681e-15	222.304596310051	107.945977238878	FBgn0003076	Phosphoglucose mutase 1	protein_coding	44010
FBgn0032002	199.445639957966	2.28657649075412	0.266246040380004	69.7535182573547	6.7197889798304e-17	5.46705130084681e-15	25.708774639051	6.58434277985997	FBgn0032002		protein_coding	34123
FBgn0041180	3343.81874387448	2.49328286634208	0.284258914283981	69.0825812230254	9.44256578110213e-17	7.581521907154e-15	60.3456876027333	14.4422678357116	FBgn0041180	Thioester-containing protein 4	protein_coding	35248
FBgn0038730	35.8997353672058	-7.42243919329245	1.27431989394299	68.1696648930774	1.50015917493705e-16	1.1936401651391e-14	0	2.78925971522619	FBgn0038730	Acyl-CoA synthetase X1 L	protein_coding	42351
FBgn0063495	76.3102715185716	3.87110343983977	0.457726004266467	67.6803924034384	1.92266078799899e-16	1.51615536425063e-14	12.9615141501446	1.08526629092971	FBgn0063495	Glutathione S transferase E5	protein_coding	37110
FBgn0039778	26379.8836923731	2.85758959823388	0.324226903606105	67.5727755367471	2.0305205692916e-16	1.58704050159146e-14	2713.89132008521	463.065032581881	FBgn0039778	Jonah 99Fi	protein_coding	43622
FBgn0035791	29.7054189673475	5.38354842722558	0.776389147030745	66.9150429755588	2.83463582717478e-16	2.19609680926383e-14	2.22438271638719	0.0772046363062504	FBgn0035791		protein_coding	38842
FBgn0053127	1117.14725398077	2.94570896325185	0.336639055122886	66.6329575259743	3.27071773566189e-16	2.51191122098833e-14	107.62703560091	19.568375526491	FBgn0053127		protein_coding	318893
FBgn0039645	491.960967248227	2.87457932727243	0.331711008935932	66.3804037066618	3.71779908381234e-16	2.83065530243367e-14	8.2363281777176	1.73271052485604	FBgn0039645		protein_coding	43451
FBgn0032824	1088.40119675597	-1.47650633798458	0.178503944361104	66.0676107925088	4.35717308842958e-16	3.28910706982992e-14	63.8663109163242	212.331802206428	FBgn0032824		protein_coding	35270
FBgn0033304	658.399925335806	-1.1837837443835	0.144731355433392	65.791347646339	5.01278164168665e-16	3.7519396152014e-14	12.0269199923115	35.4499387756462	FBgn0033304	Cytochrome P450 6a13	protein_coding	35837
FBgn0003961	517.677454983024	3.10627195843276	0.356852262918988	65.7007700494523	5.24853559567494e-16	3.89538372949589e-14	39.2860384602127	5.09396012118069	FBgn0003961	Urate oxidase	protein_coding	34060
FBgn0039519	82.4118975110648	4.33907449302288	0.523848386043546	63.2678197099915	1.80428002490093e-15	1.32795009832709e-13	3.25625196587101	0.132147133631083	FBgn0039519	Cytochrome P450 6a18	protein_coding	43304
FBgn0037225	87.5335669864764	3.82785845751635	0.462137279211608	63.1687980306674	1.89730152978478e-15	1.38487331496357e-13	6.08133311949184	0.585940940980667	FBgn0037225	TweedleG	protein_coding	40535
FBgn0027073	175.703905698772	2.08984878294243	0.257847677578835	63.0128819985634	2.05359087969889e-15	1.48666513520497e-13	8.44392912536081	2.3086100516199	FBgn0027073	UDP-glycosyltransferase family 49 member B1	protein_coding	37420
FBgn0053465	97.6878306735616	2.28399731261096	0.285298979660893	62.8302628478444	2.25310173140201e-15	1.61783695054818e-13	4.89701640958617	1.316203746898	FBgn0053465		protein_coding	3885587
FBgn0046689	243.679680010729	-1.57540990703482	0.197595351897568	62.6085364394479	2.52158152125852e-15	1.79601677385123e-13	5.04576197345188	18.0667295170596	FBgn0046689	Tak1-like 1	protein_coding	318725
FBgn0034885	2032.8704158465	1.80108094353394	0.221563895024911	62.3697219699704	2.84666350542867e-15	2.01133856639568e-13	156.802536637496	52.7565935562894	FBgn0034885	Entomoglyceroporin 4	protein_coding	37739
FBgn0040251	45.0870985267729	-3.26412004808612	0.440140419401694	61.0225363098209	5.64251853161498e-15	3.95513679930345e-13	0.266951548928107	3.1405946487362	FBgn0040251	UDP-glycosyltransferase family 302 member K1	protein_coding	53502
FBgn0037227	32.7351508644755	3.93457251596835	0.538636964366749	60.15048098831	8.78754190145543e-15	6.11114724989404e-13	3.37811175326962	0.317489153685938	FBgn0037227	TweedleV	protein_coding	40537
FBgn0032436	78.0597600385151	4.539993326481	0.558679242857628	60.063796365012	9.18320443908397e-15	6.33641106296794e-13	6.9110064249274	0.31519740530298	FBgn0032436		protein_coding	34663
FBgn0001285	3712.92185176916	2.3155506172127	0.285419699017056	59.8754576300323	1.01053743337096e-14	6.91865628800955e-13	423.929992671924	112.516542758433	FBgn0001285	Jonah 44E	protein_coding	35853
FBgn0031741	780.602198017447	-3.22587540486238	0.385665539729325	59.8416538940981	1.02804383003401e-14	6.98437162066181e-13	2.86969288011719	30.3132050602595	FBgn0031741		protein_coding	33810
FBgn0000078	3060.81525963967	1.50217371075715	0.190311645323365	59.7909271182884	1.05488535458319e-14	7.05814200884751e-13	142.976660266689	57.3910380848982	FBgn0000078	Amylase distal	protein_coding	36932
FBgn0000579	20264.0482931185	1.27324820862654	0.162104042176154	59.8054209807207	1.0471453233459e-14	7.05814200884751e-13	800.219831991218	452.932880343608	FBgn0000579	Enolase	protein_coding	33351
FBgn0034761	614.003574079877	2.34458529769252	0.29040858802921	59.7092566771382	1.0995814191728e-14	7.30188202566482e-13	127.167023701992	25.1818255641879	FBgn0034761		protein_coding	37599
FBgn0037936	530.984826289033	1.91064901599081	0.240910303539853	59.4489797462336	1.25506142112104e-14	8.2721660233888e-13	35.2801850199279	10.5935328101158	FBgn0037936		protein_coding	41410
FBgn0051810	106.847014252192	-3.85918520421405	0.48021468298975	59.0926401331019	1.50420806369924e-14	9.84086342117903e-13	0.67204236656542	12.0788101093699	FBgn0051810		protein_coding	318955
FBgn0027620	337.863837661686	1.40251396239839	0.180675709565339	58.9975622437317	1.57867425856711e-14	1.02520963615182e-12	4.5379499239565	2.20005404436698	FBgn0027620	ATP-dependent chromatin assembly factor large subunit	protein_coding	43751
FBgn0283427	35224.145512189	2.48013629515418	0.306438712974504	58.7499964305903	1.79033870647639e-14	1.15418039821894e-12	346.450828638396	67.0563791835258	FBgn0283427	Fatty acid synthase 1	protein_coding	33524
FBgn0026755	140.460874288262	3.11244172738881	0.38760163432112	58.2552909824445	2.30216985451775e-14	1.47338870689136e-12	6.69653257753851	1.00124828149122	FBgn0026755	UDP-glycosyltransferase family 37 member B1	protein_coding	53584
FBgn0036108	122.631572371729	-4.01301326262787	0.498006661256524	57.8504359941209	2.82824288581254e-14	1.79705332140262e-12	1.78719103834706	40.0411785750551	FBgn0036108	Cuticular protein 67Fa1	protein_coding	39223
FBgn0004507	22209.9435587946	1.07066340111696	0.13955039485664	57.5728970405403	3.25682480607655e-14	2.05459119194772e-12	506.039404088973	279.923182877933	FBgn0004507	Glycogen phosphorylase	protein_coding	33386
FBgn0037974	379.249586751005	3.01050756844147	0.371920222225713	57.4556007576001	3.45695406451108e-14	2.16537718423843e-12	33.369480169052	4.77267147503749	FBgn0037974		protein_coding	41453
FBgn0027586	600.931297456651	2.01972628736087	0.258077952248579	57.3843026064404	3.58456757566249e-14	2.22115594504778e-12	51.277841714956	16.3893296284695	FBgn0027586		protein_coding	34728
FBgn0043576	26717.2551285933	4.17110923173941	0.483891066952891	57.3778751034563	3.59630095269285e-14	2.22115594504778e-12	6083.73380668992	581.178012291129	FBgn0043576	Peptidoglycan recognition protein SC1a	protein_coding	35859
FBgn0033926	31819.0601000822	1.12211392542417	0.146705040299878	57.0945915512718	4.15346328481848e-14	2.54745748135533e-12	914.796663989889	495.735128641414	FBgn0033926	Activity-regulated cytoskeleton associated protein 1	protein_coding	36595
FBgn0002719	10579.779719339	2.29227527646388	0.290338704051893	56.73791981178	4.97940389079995e-14	3.03297208024449e-12	378.110513725254	92.0733544796959	FBgn0002719	Malic enzyme	protein_coding	47173
FBgn0263355	1297.79246642586	1.16774131557304	0.153611082551413	56.4828331272888	5.66911587639161e-14	3.42942680960895e-12	23.5714635771783	13.3277014011657	FBgn0263355		protein_coding	35314
FBgn0264087	146.020343212003	1.7982565388835	0.237051182647391	56.41204879774	5.87691441394719e-14	3.53094612952255e-12	2.95294983347008	1.02588199537416	FBgn0264087	Slowpoke binding protein	protein_coding	34038
FBgn0034819	2774.53463067908	-2.60088811704885	0.326896193706014	56.3956513786893	5.9261287943182e-14	3.53645739942016e-12	248.292996086081	1647.90064348921	FBgn0034819		protein_coding	37666
FBgn0032140	524.129068339614	1.63171647606266	0.214679142977968	55.4892030389018	9.39737541988619e-14	5.57031004754596e-12	82.1918229235607	31.1404470836623	FBgn0032140		protein_coding	34289
FBgn0039873	327.001223707083	3.13584243584132	0.393007001637081	55.4249058098286	9.70983724064408e-14	5.71715216729123e-12	14.0979373079234	1.65514992697716	FBgn0039873	Sodium-dependent multivitamin transporter	protein_coding	43744
FBgn0003086	591.52613661254	3.08480340692758	0.385498630900496	55.3477341907735	1.00986207079204e-13	5.90668993989094e-12	95.2615757892133	18.3856765851501	FBgn0003086	Pre-intermoult gene 1	protein_coding	31303
FBgn0028422	358.488320440174	-1.3543473591849	0.181244576357145	54.8777520935435	1.28264755890664e-13	7.45285739491018e-12	3.22512672821965	10.9356590236807	FBgn0028422	Glutamate receptor IID	protein_coding	44483
FBgn0038136	1354.91406256251	2.88518958399041	0.366286577546918	54.113450080215	1.89241441188351e-13	1.08531195362047e-11	33.0536342740674	7.034472495807	FBgn0038136		protein_coding	41635
FBti0019898	570.138478767217	-2.7757336570824	0.356084865533812	54.037306320752	1.96718876155678e-13	1.12091684787545e-11	0.871502921106412	8.28959096698767	FBti0019898		transposable_element	NA
FBgn0034428	362.924220067522	1.81462804681437	0.241451442829031	53.9168077329346	2.09160773106432e-13	1.18417176158718e-11	30.061941468506	12.3529168972039	FBgn0034428	Arylalkylamine N-acetyltransferase-like 6	protein_coding	37212
FBgn0032024	258.904653816337	2.49136489402213	0.325158709928611	53.8923277081629	2.11783081675753e-13	1.19138100468806e-11	21.7240179216037	6.03133939608973	FBgn0032024		protein_coding	34146
FBgn0029848	403.715005159414	1.16039142225316	0.157098165744199	53.7630752170521	2.26183916588284e-13	1.26433946285299e-11	14.9401659593702	8.61422136188023	FBgn0029848	Biotinidase	protein_coding	31552
FBgn0033518	107.884602125888	3.22812819921963	0.420074185037888	53.6856754760766	2.35272415207223e-13	1.30687167994352e-11	14.7484470476514	1.74576621682634	FBgn0033518	Peroxiredoxin 2540-2	protein_coding	36098
FBgn0028430	208.115514884188	1.98417093249391	0.26502695699827	53.5761552039857	2.4876042960751e-13	1.37315757143345e-11	42.1937737920685	16.5009842611422	FBgn0028430	Hemese	protein_coding	117464
FBgn0032161	88.4209577774487	-2.26839984798125	0.309409029300207	53.4944061672129	2.59330200335322e-13	1.42261138469662e-11	1.57964270319008	8.80882430797579	FBgn0032161		protein_coding	34316
FBgn0053508	40.1766717832038	-4.31527346932018	0.628639015450425	53.4190756777729	2.69467504402686e-13	1.46909691289168e-11	0.142285059506887	2.73497562008466	FBgn0053508	pickpocket 13	protein_coding	3346226
FBgn0043783	677.793477738412	1.82581191434941	0.243241385584723	53.3555814748515	2.78319330736074e-13	1.50804682764479e-11	44.6513422584186	15.6348525156481	FBgn0043783		protein_coding	40406
FBgn0085465	140.609145527979	-2.30533679967027	0.309401435066301	53.27278624535	2.90300474401758e-13	1.5633742621441e-11	2.82004809464635	23.4541687710457	FBgn0085465		protein_coding	5740743
FBgn0267698	2417.04622942724	1.25072970697871	0.169552483538813	52.8882711162996	3.53071624660405e-13	1.88989611454588e-11	52.1574270798064	27.812387105485	FBgn0267698	p21-activated kinase	protein_coding	44039
FBgn0051741	127.384266782387	2.23953147163792	0.301106330487954	52.8704171699444	3.56295654669113e-13	1.89566459158892e-11	4.94263417593861	1.55495382926736	FBgn0051741		protein_coding	35079
FBgn0034317	64.2204378883045	4.72598046930997	0.624178565629601	52.8209775297635	3.65377929986327e-13	1.92084397478526e-11	8.35163281849858	0.467862716500672	FBgn0034317		protein_coding	37086
FBgn0259228	1733.82203342298	1.10788289388353	0.150807182948	52.8246602620283	3.6469348254086e-13	1.92084397478526e-11	21.0258074188024	12.0629376298835	FBgn0259228	C3G guanyl-nucleotide exchange factor	protein_coding	31618
FBgn0052212	187.37381849293	2.67074340973841	0.352146932391901	52.6722622752523	3.94118093464068e-13	2.05967514880157e-11	24.360241855144	5.16768785093739	FBgn0052212		protein_coding	317917
FBgn0033788	2896.0442152682	1.65398342318283	0.223076700625393	52.2906675026618	4.78643751227644e-13	2.4866950652015e-11	653.212386885212	265.421089769901	FBgn0033788		protein_coding	36433
FBgn0010019	2778.38032288348	1.22566900621468	0.169076221425133	51.1244729578851	8.66907252074787e-13	4.47749991247048e-11	83.6143888131476	40.7571359495896	FBgn0010019	Cytochrome P450 4g1	protein_coding	30986
FBgn0034204	3549.08284082031	2.42988701938141	0.323112447998624	50.9945387099262	9.2623311123316e-13	4.72860742104698e-11	346.397051525648	98.2837763591501	FBgn0034204		protein_coding	36941
FBgn0036138	18.797900188956	5.39493142220861	0.96179899378746	50.0018268299106	1.53602906064154e-12	7.79667164573911e-11	5.90974458036773	0.177664432426002	FBgn0036138		protein_coding	39256
FBgn0030593	1347.01536035011	1.96878903055009	0.270501871597537	49.4968234876468	1.98693179197324e-12	9.97078499244754e-11	43.63871765058	16.464362528645	FBgn0030593		protein_coding	32419
FBgn0034497	1419.58165639197	2.08518209894049	0.288750993040869	48.3243184517858	3.61244374560004e-12	1.79242152590672e-10	91.5667004268216	27.0440503169411	FBgn0034497	Mitochondrial phosphate carrier protein 1	protein_coding	37297
FBgn0031466	78.331138895991	3.95306635578495	0.538128631381111	48.1276821249789	3.99348559541211e-12	1.97041702674188e-10	10.5470404130562	0.770533639132946	FBgn0031466		protein_coding	33479
FBgn0010038	204.019924283433	2.61819445419027	0.360921932161816	48.0388410557183	4.17858990483886e-12	2.05029477997427e-10	33.3744802234917	6.97017549609737	FBgn0010038	Glutathione S transferase D2	protein_coding	48335
FBgn0086347	3629.42033767387	1.15777164123312	0.1657616190977	47.5803073832417	5.27961820138373e-12	2.57622032898459e-10	63.7172755701388	37.8013876640157	FBgn0086347	Myosin 31DF	protein_coding	34445
FBgn0037761	58.518376282222	3.48167220449495	0.49079770913905	47.4426957461433	5.66355855127813e-12	2.74838182004882e-10	6.20630901624016	0.467426831356319	FBgn0037761		protein_coding	41210
FBgn0033574	75.7443882473331	-2.78852202150804	0.403061125720484	46.6559319717765	8.46104693014892e-12	4.06130252647148e-10	0.733768101498861	7.02631204732357	FBgn0033574	Serpin 47C	protein_coding	36163
FBgn0012034	8027.67953738917	2.15025489567751	0.302419118811347	46.4978897863741	9.17171705499676e-12	4.35508629192104e-10	263.596954996608	63.8007401191428	FBgn0012034	Acetyl Coenzyme A synthase	protein_coding	40348
FBgn0037807	124.128646763685	2.61496120021602	0.371492921707598	46.077085872483	1.13690417996028e-11	5.34103070074958e-10	4.31502418603377	0.85408043768163	FBgn0037807		protein_coding	41259
FBgn0041789	8833.0151275784	1.04526571797396	0.152373564461181	46.0829132163466	1.13352757794677e-11	5.34103070074958e-10	371.408378689108	234.364974267766	FBgn0041789	Paxillin	protein_coding	35215
FBgn0031182	268.468076245802	-1.38953758023394	0.20314617169387	45.9892841905537	1.18901581579891e-11	5.55628978049522e-10	3.93323311761918	12.7783994348252	FBgn0031182	Cytochrome P450 6t1	protein_coding	33127
FBgn0000116	55420.1924807215	1.30363156432391	0.190384911973613	45.3761458136142	1.62602771034153e-11	7.5188883443646e-10	2568.1980614043	1441.39258934506	FBgn0000116	Arginine kinase 1	protein_coding	39041
FBgn0036713	202.942778886088	1.29073720496851	0.190590021972312	45.3112724054522	1.68078939976405e-11	7.73163123891465e-10	10.4933411038448	5.74036082114821	FBgn0036713	Myoinhibiting peptide precursor	protein_coding	39933
FBgn0053329	363.080551944516	1.01641410198576	0.150378848854366	45.2544651953042	1.73025597040558e-11	7.87712408794951e-10	14.6974293430301	9.45182515968423	FBgn0053329	Serine-peptidase 212	protein_coding	2768666
FBti0019633	338.569514031849	1.54633447344848	0.226110628885771	45.2552299019576	1.72958049879708e-11	7.87712408794951e-10	5.35191164953146	2.56617302066689	FBti0019633		transposable_element	NA
FBgn0033246	7264.32772104227	2.37381585675185	0.336557714355256	45.00905279969	1.96125671788941e-11	8.88298427302528e-10	71.3411078125395	17.3848571761946	FBgn0033246	Acetyl-CoA carboxylase	protein_coding	35761
FBti0062820	51.4830477511437	2.19886983200925	0.329382642428687	44.9814602264827	1.98908758246281e-11	8.96307220832222e-10	3.04253845595169	0.856452857862124	FBti0062820		transposable_element	NA
FBgn0003890	1713.00485075716	1.90668362448297	0.275513182791507	44.8810738538196	2.09371789193067e-11	9.38665808199579e-10	70.8390895105503	29.3722244754782	FBgn0003890	beta-Tubulin at 97EF	protein_coding	43359
FBti0060381	49.873936574603	-4.93579180361076	0.746335294889056	44.8580279855434	2.1185052709791e-11	9.44981745115525e-10	0.0816564198212541	3.42746048011908	FBti0060381		transposable_element	NA
FBgn0004430	17676.4046324489	3.03653999680388	0.419729708766929	44.8393000262215	2.13886461489109e-11	9.49268958729555e-10	4749.16654625838	705.124835173548	FBgn0004430	Lysozyme S	protein_coding	38130
FBgn0023197	208.576637976671	-1.78066746705882	0.262188470747293	44.6243631535294	2.38702786526279e-11	1.04886716945278e-09	6.13326490696215	27.9078441041347	FBgn0023197	Jonah 74E	protein_coding	39959
FBgn0039050	316.97307141179	1.57990287077373	0.232656393618821	44.58300000017	2.43799380784707e-11	1.06595848073789e-09	14.2057699835841	6.32973168822228	FBgn0039050		protein_coding	42729
FBgn0022359	2824.1916973823	1.81321406401896	0.264574745631268	44.2370567769302	2.90921595866735e-11	1.26572390871675e-09	170.719002718844	69.4009867962244	FBgn0022359	Sorbitol dehydrogenase-2	protein_coding	41313
FBgn0051410	572.104971342942	1.94571236346166	0.284097166140365	44.071894517819	3.16533397505156e-11	1.37040341508115e-09	92.465156250496	30.4357862772233	FBgn0051410	Niemann-Pick type C-2e	protein_coding	326136
FBgn0038194	3712.44034693011	-1.06666618876646	0.159281706213524	43.9076071746252	3.44248291988462e-11	1.48312239748395e-09	71.865122827253	198.969911459864	FBgn0038194	Cytochrome P450 6d5	protein_coding	41706
FBgn0260477	36.9294234336415	2.87361861018789	0.438578224497359	43.8780925586684	3.49478791827773e-11	1.49834790748684e-09	4.80546685801775	0.755374027374707	FBgn0260477		protein_coding	37454
FBgn0051769	197.950721551451	2.28184156267882	0.333000716440307	43.8254569906488	3.59004933013032e-11	1.5317543808556e-09	16.1446214133659	3.41291285103163	FBgn0051769		protein_coding	318934
FBgn0033065	578.074953084439	2.31185179632046	0.334499607072306	43.7593919560193	3.71330268985793e-11	1.57672544984737e-09	29.29640505841	5.84952403513471	FBgn0033065	Cytochrome P450 6w1	protein_coding	35543
FBgn0030477	35.71447435619	4.1626889921652	0.632048878385946	43.677484848354	3.87200850620387e-11	1.63624780510969e-09	2.30298180363159	0.235701795181634	FBgn0030477	doublesex-Mab related 11E	protein_coding	32291
FBgn0035623	208.387647945446	1.62428320966959	0.24224607369722	43.6225811648665	3.98217494432229e-11	1.67478900515497e-09	8.1940851044126	3.09800005238042	FBgn0035623	methuselah-like 2	protein_coding	38636
FBgn0011834	282.020420659031	3.21986706106762	0.453061239656072	43.5806478973407	4.06842423277109e-11	1.70295368833338e-09	22.8136770170236	4.66267270365646	FBgn0011834	Serine protease 6	protein_coding	33073
FBgn0039756	1097.39955061594	2.60672431088533	0.373062411552958	43.5476873127374	4.13752877748061e-11	1.72371010201457e-09	50.2619628498749	11.5686426799565	FBgn0039756		protein_coding	43593
FBgn0015568	1526.85480949652	1.81329072667996	0.267219545289419	43.4231258061245	4.4094603429993e-11	1.82837341546337e-09	52.7759198356489	19.2799885971165	FBgn0015568	alpha-Esterase-1	protein_coding	40909
FBgn0034437	998.863357791263	-2.44470601964899	0.353961933604346	43.1575998337397	5.05033450580834e-11	2.0843249698738e-09	4.8367653940534	44.4306310269921	FBgn0034437		protein_coding	37222
FBgn0036597	488.447368147891	1.60983662610619	0.240627889552956	42.9674098878131	5.5659374024592e-11	2.28643530876835e-09	60.1752277194294	23.2818115782929	FBgn0036597		protein_coding	39793
FBgn0025814	1134.15722243202	1.80090926081414	0.268986236813567	42.3400763903706	7.67045481740367e-11	3.10758976822519e-09	172.113243906918	64.8134006155838	FBgn0025814	Microsomal glutathione S-transferase-like	protein_coding	44110
FBgn0031249	30666.0320068574	2.02936908966204	0.30050664272713	42.2831471463599	7.89701381858756e-11	3.18476831259203e-09	2980.50773848403	963.140163012442	FBgn0031249		protein_coding	33206
FBgn0000079	1092.5256788796	1.08037007297336	0.16460028237551	42.2604345459855	7.9892606160312e-11	3.19281220637048e-09	48.8694273111842	28.1287921140398	FBgn0000079	Amylase proximal	protein_coding	47764
FBgn0031561	1263.87444543145	3.20827432862099	0.454429825283258	42.2691675366366	7.95366479020715e-11	3.19281220637048e-09	615.107130180367	91.2802824496595	FBgn0031561	Immune induced molecule 33	protein_coding	33592
FBgn0036742	384.060318279783	1.60774827978312	0.243205806474014	42.0190668164703	9.03877687095193e-11	3.59596744703817e-09	16.3769343235871	7.56564811668855	FBgn0036742		protein_coding	39966
FBgn0024150	736.548629825866	1.54384653034311	0.233561024811054	41.9650962673354	9.29172552904631e-11	3.68002331266982e-09	7.65270114786374	4.02238308459419	FBgn0024150	Adenylyl cyclase 78C	protein_coding	40333
FBgn0037850	100.53270745238	2.07030580629708	0.314464792573447	41.8652545576064	9.7784902114132e-11	3.85551899764292e-09	8.03588545593344	2.23767667831082	FBgn0037850		protein_coding	41314
FBgn0052073	260.000464257708	4.97275905693659	0.663820200114283	41.7952357017446	1.01350076929515e-10	3.96072513027203e-09	81.0461511552744	4.39785524201928	FBgn0052073		protein_coding	326191
FBgn0086355	13489.3690844751	1.35392563863629	0.207063799571027	41.282920933181	1.31714718620077e-10	5.12468896410801e-09	909.213592893336	454.129340074335	FBgn0086355	Triose phosphate isomerase	protein_coding	43582
FBgn0038744	222.726402663728	1.16287612691643	0.180731594310609	41.002561878026	1.52029806012799e-10	5.88915459081158e-09	3.9723804632134	2.3809783684028	FBgn0038744		protein_coding	42368
FBgn0031389	213.135068869451	1.26647688938569	0.19649887698334	40.9681493974346	1.54730407008506e-10	5.96759368864247e-09	12.1063993914521	6.41925364561384	FBgn0031389		protein_coding	33385
FBgn0038301	401.468583630261	-1.21301678632174	0.18820104456341	40.8277064576412	1.66259120988797e-10	6.3843502459698e-09	4.73601176702135	15.8229374710604	FBgn0038301		protein_coding	41831
FBgn0266448	1322.73125670262	1.37910389473077	0.213489124633624	40.3445403905959	2.12899544892756e-10	8.13995143070487e-09	45.7193373500754	24.9307850858987	FBgn0266448		protein_coding	19836061
FBgn0262577	584.320077464542	2.36829964629659	0.356783061511901	40.1733637927032	2.32395397434332e-10	8.8470523712932e-09	558.842359425517	131.460099749445	FBgn0262577		protein_coding	12798272
FBgn0024957	7935.29392872692	1.62470595533493	0.250414721765017	40.060266091246	2.46247184223564e-10	9.33414219340137e-09	202.000428812771	88.5978877973136	FBgn0024957	Iron regulatory protein 1B	protein_coding	41269
FBgn0004780	66.305479245761	2.54167236869383	0.394123416369869	40.0018789884375	2.53718681556785e-10	9.57625382696379e-09	8.77848415169654	2.45500734896637	FBgn0004780	Ccp84Ad	protein_coding	40822
FBgn0041087	372.445640079217	1.13360524118025	0.178069401893855	39.90834789347	2.66163222611542e-10	1.00032067323623e-08	13.6599601935321	7.22647485333398	FBgn0041087	wunen-2	protein_coding	53558
FBgn0028950	857.937920116985	2.31980357894207	0.352367986193191	39.5554014963588	3.18883191813645e-10	1.18834445151819e-08	86.0505467199735	20.3882454828681	FBgn0028950		protein_coding	34913
FBgn0014903	885.64955698128	2.22004828801067	0.339221184284312	39.3583841013372	3.52735057747001e-10	1.30349624687092e-08	48.3031133758566	16.2832302699318	FBgn0014903		protein_coding	44620
FBgn0020765	26.8695912016784	3.73023549969374	0.610711834918477	39.2021720525416	3.82114904869473e-10	1.40618284991966e-08	6.91732612699025	0.474493036131446	FBgn0020765	Adult cuticle protein 65Aa	protein_coding	38710
FBgn0085205	520.534476381797	1.12406560536907	0.17846330450645	38.962859107232	4.31945651615775e-10	1.58296431330727e-08	193.572167586193	110.8968200564	FBgn0085205		protein_coding	5740391
FBgn0028514	275.215489026375	-1.12902729269228	0.180715707802934	38.726383349184	4.87573901515158e-10	1.77944326371152e-08	2.72903578163964	8.26427680301625	FBgn0028514		protein_coding	34941
FBgn0034092	38.6684804686449	3.40035617362402	0.540869088685101	38.6312334280975	5.11931170189373e-10	1.85091835646505e-08	11.4827358358105	0.977500481675284	FBgn0034092		protein_coding	36798
FBgn0038056	202.276099608255	1.65369032819475	0.261577155984122	38.6254686709352	5.13445422705997e-10	1.85091835646505e-08	10.0418887376748	4.18054840574729	FBgn0038056		protein_coding	41541
FBgn0033729	1263.9149114748	2.43853250066862	0.373868768315918	38.4110428317866	5.73072032328034e-10	2.05746836972406e-08	355.769808443716	88.0359931638195	FBgn0033729	Cuticular protein 49Af	protein_coding	36352
FBgn0033137	2914.17456658229	-1.3929357130286	0.220817981607946	38.3935906997533	5.7821986193781e-10	2.06754567637034e-08	85.2781453259673	321.50376385652	FBgn0033137	Tetraspanin 42Ep	protein_coding	35626
FBgn0038482	243.145658359223	2.87396293919263	0.438891053656862	38.0323861005337	6.95800277728392e-10	2.47794679552305e-08	20.1932943249703	4.29223301051165	FBgn0038482		protein_coding	42070
FBgn0031836	1242.87647452181	1.50042817087742	0.238607884967159	37.9794084964376	7.14952295550039e-10	2.53592717843291e-08	39.9890241568421	22.3833966207688	FBgn0031836		protein_coding	33924
FBgn0052407	191.271537038847	1.36370066465346	0.219367974984886	37.9714861306198	7.17861338949322e-10	2.53606053824016e-08	16.2788787018166	8.16039696552724	FBgn0052407		protein_coding	38667
FBgn0032069	13272.0567207002	1.58319189965036	0.251738132944375	37.7230127642087	8.15369633223774e-10	2.84638126507208e-08	252.666680202246	135.663418280608	FBgn0032069	Lysosomal alpha-mannosidase VI	protein_coding	34206
FBgn0086611	89.9440064420516	6.10309818264104	0.898750907333291	37.4436178657161	9.40940932900353e-10	3.27180721235272e-08	12.4781287175495	0.394194357652035	FBgn0086611	Larval cuticle protein	protein_coding	59159
FBti0019250	647.021117116529	-2.81844900727452	0.433453604995643	37.2310643057964	1.04928918412995e-09	3.62004768524831e-08	1.40466627428197	13.5062094308465	FBti0019250		transposable_element	NA
RR51475_transposable_element	647.021117116529	-2.81844900727452	0.433453604995643	37.2310643057964	1.04928918412995e-09	3.62004768524831e-08	1.40466627428197	13.5062094308465	RR51475_transposable_element		transposable_element	NA
FBgn0038294	15202.8482213882	1.03422544244529	0.168065778251111	37.0915295735038	1.12712273881769e-09	3.873442812933e-08	895.147226591373	570.954502781997	FBgn0038294	Myofilin	protein_coding	41824
FBgn0043470	308.421534349795	3.36190940202601	0.509042565960683	36.9924027647376	1.18590419912836e-09	4.059653444458e-08	31.0644526569288	3.96189510656273	FBgn0043470	lambdaTry	protein_coding	36214
FBgn0030828	483.848977974454	1.75405059377876	0.281989904520297	36.7884325900952	1.31669173079011e-09	4.48996963951283e-08	27.0918327573556	9.42556395266649	FBgn0030828		protein_coding	32709
FBgn0033320	809.232323421081	-1.74428957535848	0.280439171219283	36.7286775847038	1.35767469711648e-09	4.61191650958951e-08	13.059680502116	46.6218963642891	FBgn0033320		protein_coding	35854
FBgn0032820	2201.29183207711	1.04247674818836	0.170595590237846	36.6057373125722	1.44605482845146e-09	4.87463978812339e-08	136.599285581551	87.5285804316854	FBgn0032820	fructose-1,6-bisphosphatase	protein_coding	35265
FBgn0039452	46.4712390632633	-2.36342646926688	0.394556870524839	36.546541359752	1.49064222994067e-09	5.00583732883499e-08	4.13474157289494	27.2977258337221	FBgn0039452		protein_coding	3772449
FBgn0030105	884.16017337746	-1.35370647139035	0.221408368136276	36.2496441663382	1.73591703043417e-09	5.78551668407344e-08	113.095123528859	355.754557685149	FBgn0030105		protein_coding	31862
FBgn0032981	73.6671883813206	-2.69472401319443	0.437366790164333	36.2518271907163	1.73397362672716e-09	5.78551668407344e-08	0.720965632776999	6.17669883549292	FBgn0032981		protein_coding	35447
FBgn0037714	119.949755550211	2.43776510389269	0.392160257648804	36.0062079282782	1.96689886603461e-09	6.53069578376605e-08	17.1995873359421	4.37189436348558	FBgn0037714		protein_coding	41156
FBgn0039152	2771.62656062032	1.11592783200101	0.184374213354112	35.7939478909817	2.19328163515123e-09	7.22800873196107e-08	26.7050654553091	13.596075071502	FBgn0039152	Rootletin	protein_coding	42860
FBgn0052284	140.754727790598	2.4584293962385	0.396726701275947	35.5476484446874	2.48887325266011e-09	8.17164630761863e-08	54.1188940271389	11.1063756931639	FBgn0052284		protein_coding	317956
FBgn0032387	83.5214851439866	4.31776668119127	0.66455081155276	35.5215817640865	2.5224029485486e-09	8.25106031169676e-08	3.80403980963492	0.0970617315986681	FBgn0032387		protein_coding	34607
FBgn0014869	5387.51775235288	1.1003224429192	0.182664943970716	35.4589970746315	2.60476435019724e-09	8.48903274573506e-08	398.382054816318	248.637675026026	FBgn0014869	Phosphoglyceromutase 78	protein_coding	43447
FBgn0020644	33544.5209815589	1.55423448579317	0.255300784490482	35.4007842672956	2.68378797181159e-09	8.71441741435292e-08	12674.9105274041	5917.94001053394	FBgn0020644	Lcp65Ab1	protein_coding	48382
FBgn0033294	482.056959326919	1.80397551373843	0.295606217923965	35.3029812724354	2.8219974933363e-09	9.09630724859349e-08	18.6378212103687	7.87618952174627	FBgn0033294	Maltase A4	protein_coding	35827
FBgn0035309	136.635262187963	1.97623609255605	0.326609794938888	34.9886016919309	3.31641020173896e-09	1.06511036006394e-07	8.08782619013481	2.69391014495894	FBgn0035309		protein_coding	38274
FBgn0031150	381.75330344049	1.12376149705738	0.188427237769001	34.9730672458778	3.34297461452013e-09	1.06975187664644e-07	6.63448087275273	3.8998910869564	FBgn0031150	bves	protein_coding	33083
FBgn0015038	121.977986566667	1.92787543754013	0.31996626908759	34.9061393511627	3.45988181543821e-09	1.10316520555777e-07	5.66829075215906	1.84105100870643	FBgn0015038	Cytochrome P450 9b1	protein_coding	35634
FBgn0025620	4101.46938274064	1.84799605507654	0.303773187101837	34.7544222588028	3.74028121110305e-09	1.18827926821806e-07	196.207079866468	70.9633433071715	FBgn0025620		protein_coding	31025
FBgn0040259	478.124929458036	1.30377014732287	0.218412248528438	34.7065724687353	3.83335210859376e-09	1.21348264598925e-07	16.9242540993793	7.45650716298132	FBgn0040259	UDP-glycosyltransferase family 302 member C1	protein_coding	53510
FBgn0031418	1499.87224395691	1.67557776775431	0.277654520671998	34.6145126625512	4.01898798087244e-09	1.26770363739519e-07	95.1060050484664	42.7517892313309	FBgn0031418		protein_coding	33421
FBgn0034540	546.480165200278	-1.01255780326672	0.171690052979849	34.3142518305115	4.68935163115094e-09	1.46866502150089e-07	4.54020946400769	12.0680319775928	FBgn0034540	Leucine-rich tendon-specific protein	protein_coding	37342
FBgn0010395	678.735100719935	1.14523060395804	0.194033981044389	34.111705564392	5.20372897939833e-09	1.61260822266828e-07	13.9243052530486	7.2600730837465	FBgn0010395	Integrin betanu subunit	protein_coding	35368
FBgn0039094	415.588911120844	1.97930720887686	0.329278850272325	33.8942445802401	5.8190585440954e-09	1.79699038676401e-07	25.970181722759	7.92338708292134	FBgn0039094		protein_coding	42783
FBgn0011286	2265.66860081866	1.39296563195892	0.235145110830438	33.8524436784732	5.94543665291594e-09	1.82962008775448e-07	8.97670528146383	3.917046609689	FBgn0011286	Ryanodine receptor	protein_coding	49090
FBgn0040260	464.923131252132	2.47434311368766	0.404747381644254	33.8126157397307	6.06840626378533e-09	1.86097792089417e-07	19.4021894226559	5.45496265352342	FBgn0040260	UDP-glycosyltransferase family 37 member D1	protein_coding	53511
FBgn0053519	5990.76001646989	1.48776670993003	0.250679933716173	33.7824777141188	6.16314827834668e-09	1.88349223509889e-07	35.2911344177963	14.2049806632862	FBgn0053519	Unc-89	protein_coding	3346201
FBgn0053497	51.5448070742459	-2.02646796009634	0.352252079324205	33.5744174768016	6.8588917046366e-09	2.08888729432243e-07	0.465461823923858	2.56911474244121	FBgn0053497	Sperm-specific dynein intermediate chain 2	protein_coding	2768883
FBgn0039667	252.375123162798	1.71463924981664	0.289772416527923	33.5434091033911	6.9691126919563e-09	2.11516162527003e-07	9.59401889801241	4.09934205929409	FBgn0039667	F-box involved in polyQ pathogenesis	protein_coding	43475
FBgn0037973	841.902317784587	1.34028744582173	0.227917615062669	33.5220133822681	7.04619755972876e-09	2.13123345368234e-07	60.0274565760477	28.8510919152165	FBgn0037973		protein_coding	41452
FBgn0035189	1693.0530757296	1.49644403345088	0.253466028372483	33.4563521258789	7.28813554730829e-09	2.19688782094972e-07	109.04882624054	47.4284625619973	FBgn0035189		protein_coding	38124
FBgn0261932	42.1071949216327	-3.97797757593578	0.678011071026715	33.3823089740635	7.57095352926753e-09	2.27437624389425e-07	0.589524058099153	16.4152403470547	FBgn0261932		protein_coding	10178954
FBgn0263006	27705.1121118609	1.04367422888948	0.178750861287195	33.3752810675389	7.59836218320031e-09	2.27487236617034e-07	497.374252741746	314.652548407403	FBgn0263006	Sarco/endoplasmic reticulum Ca(2+)-ATPase	protein_coding	49297
FBgn0011556	1575.99017502591	1.80782471752179	0.305298365955209	33.0525378029449	8.97018880410799e-09	2.67651038911763e-07	138.535274582999	52.4222609117936	FBgn0011556	zetaTrypsin	protein_coding	36216
FBgn0033821	519.426747104167	-1.32917104559235	0.228371461422358	32.9553101747284	9.43018199959601e-09	2.80311264401731e-07	35.7323867632433	110.922942179481	FBgn0033821		protein_coding	36472
FBgn0038130	339.022179355132	2.18591392256823	0.366485356384324	32.9495905964841	9.45796612225043e-09	2.80311264401731e-07	11.1390432581144	3.75065293260144	FBgn0038130		protein_coding	41629
FBgn0052241	5366.9788315494	1.77543378721515	0.300484708521961	32.9281648278974	9.56277736492639e-09	2.82469731394749e-07	337.67451436617	110.21260837117	FBgn0052241		protein_coding	317934
FBgn0036321	2367.92583597114	1.59533701659995	0.271666134534697	32.9008357992077	9.69815636196701e-09	2.85513723296309e-07	39.3831360431744	15.0896202301312	FBgn0036321		protein_coding	39463
FBgn0012036	6908.25417626486	2.04148793793376	0.34269775887786	32.8860958798121	9.77196820502039e-09	2.86730974042326e-07	240.375631417975	84.4191125188847	FBgn0012036	Aldehyde dehydrogenase	protein_coding	34256
FBgn0030778	106.000172774088	1.38018044285668	0.239742643455993	32.8640579181537	9.88337667052853e-09	2.89039677993735e-07	3.87633875702738	1.92048594407622	FBgn0030778		protein_coding	32652
FBgn0024997	331.065440744644	1.888220726088	0.320799326749581	32.7400486068842	1.05344238868171e-08	3.07062811116727e-07	9.65604079698042	3.64313256500485	FBgn0024997		protein_coding	31258
FBgn0003149	27654.3912143562	1.05452229020725	0.182435842816115	32.6961371949382	1.0775114500961e-08	3.13045431817394e-07	520.111293766437	308.2747627604	FBgn0003149	Paramyosin	protein_coding	39002
FBgn0035926	1207.12544150415	2.34059309402002	0.390449589735293	32.673435630045	1.09017001071909e-08	3.15684640481015e-07	685.385495631085	227.012415766369	FBgn0035926	Acyl-CoA binding protein 5	protein_coding	39005
FBgn0038132	34.2723642455012	3.67820861052114	0.630597993457859	32.6583295079686	1.09867572290197e-08	3.17107973355235e-07	3.42746615341746	0.323965979733039	FBgn0038132	apnoia	protein_coding	41631
FBgn0038682	1224.75213915357	1.20046082802633	0.207817828938769	32.5174883453319	1.18124764657433e-08	3.3872659787482e-07	64.0006662177122	37.9854074233341	FBgn0038682		protein_coding	42296
FBgn0031801	349.488627957595	2.42358809700608	0.406009953488618	32.4324214138409	1.23410246049925e-08	3.5273763531163e-07	18.460346476527	5.01872697689416	FBgn0031801		protein_coding	33885
FBgn0003256	481.107869581263	-1.30442854130435	0.226261336567995	32.4154124971804	1.24495149937283e-08	3.54690698143897e-07	7.55617078785783	28.2735021142691	FBgn0003256	rolled	protein_coding	3354888
FBgn0267376	793.843536666643	1.41313045590723	0.244323163017253	32.3052663433346	1.31755756095532e-08	3.74169401233356e-07	58.5020511325066	28.0276119460851	FBgn0267376	Selenoprotein R	protein_coding	41309
FBgn0032934	217.685519042257	-1.18936255840389	0.209044231976625	32.0430188705386	1.50796017504387e-08	4.25504928625797e-07	2.66820764334923	7.62914494518727	FBgn0032934		protein_coding	35395
FBgn0053965	279.886732201031	2.37856915754768	0.403104683097036	31.8836417593969	1.63689892282963e-08	4.57502888811116e-07	25.2501342677561	5.57142444457273	FBgn0053965		protein_coding	3885668
FBgn0051414	212.869541070202	-1.37438600909921	0.241416445947829	31.832870232695	1.68024994346098e-08	4.6813777604566e-07	2.84578283871356	9.36078296899192	FBgn0051414	Glucocerebrosidase 1b	protein_coding	318721
FBgn0051198	8978.34287451346	1.61761351126667	0.280347501824529	31.6929752802398	1.80574170336369e-08	5.01519205160634e-07	208.77722724821	77.4780428239033	FBgn0051198		protein_coding	318622
FBgn0038481	857.866303305042	2.12839785621615	0.364078677296852	31.5880564382757	1.90598241705159e-08	5.27700210263311e-07	69.6980480037145	21.1069890337559	FBgn0038481		protein_coding	42069
FBgn0032601	820.048205533262	-1.20303498619528	0.211730260406903	31.5228756196279	1.97104490824366e-08	5.42313664473771e-07	12.8436907079569	44.717940841013	FBgn0032601	yellow-b	protein_coding	35005
FBgn0039156	1465.15709972892	1.33647391202253	0.23434540150399	31.4849634541269	2.00990681368999e-08	5.51288726040682e-07	52.1689702886979	25.0911346575603	FBgn0039156		protein_coding	42867
FBgn0036824	4232.07161504453	1.72313219416814	0.299073519703678	31.41370587589	2.08503858740452e-08	5.70125721484729e-07	190.808848673116	80.290569006632	FBgn0036824		protein_coding	40059
FBgn0033708	414.164204313534	-2.03180036693732	0.350920601407242	31.3719616292786	2.13035260903419e-08	5.80718340833023e-07	4.13287067003371	15.2907498364155	FBgn0033708		protein_coding	36331
FBgn0037612	1386.02072692309	-1.23456699227736	0.217806541640254	31.2698868014918	2.24535568288868e-08	6.10184042808394e-07	20.765114257557	63.830393053754	FBgn0037612		protein_coding	41033
FBgn0262717	1238.72498640329	1.07464006779066	0.190292127919143	31.2438833474993	2.27563354212854e-08	6.16515197671144e-07	26.0620185804435	15.8299249708859	FBgn0262717	Skeletor	protein_coding	3772559
FBgn0262563	129.295944881261	1.68359734807578	0.296842528754715	31.2110038699607	2.31450391928602e-08	6.25128398016333e-07	36.6408114350405	13.6857629872184	FBgn0262563		protein_coding	12798325
FBgn0000592	62.7397248213606	2.12019146366317	0.374482184644081	31.120083862049	2.42548788103566e-08	6.51931471229113e-07	2.92954250183121	0.748294640783703	FBgn0000592	Esterase 6	protein_coding	39392
FBgn0037166	360.463304719	1.34096848982759	0.237179790374385	31.1176717503432	2.42850378209214e-08	6.51931471229113e-07	12.771942465731	6.65829331305652	FBgn0037166		protein_coding	40471
FBgn0003357	70687.0791538138	1.47766419131828	0.260413217006195	30.8827708694988	2.74094351716254e-08	7.33576155866048e-07	7868.63277596965	3300.18334193616	FBgn0003357	Jonah 99Ciii	protein_coding	43543
FBgn0028864	102.862919914017	-2.26379727884111	0.398597829065038	30.682745376645	3.03855108658038e-08	8.08327807128852e-07	1.40851459835232	6.95552248514159	FBgn0028864		protein_coding	34922
FBgn0051780	102.862919914017	-2.26379727884111	0.398597829065038	30.682745376645	3.03855108658038e-08	8.08327807128852e-07	1.40851459835232	6.95552248514159	FBgn0051780		protein_coding	318937
FBgn0037730	942.99957643795	-1.28720201474126	0.229329961313529	30.6263787625822	3.12811771704231e-08	8.29655726033565e-07	10.708992853389	41.3738095862834	FBgn0037730		protein_coding	41175
FBgn0038181	5994.21786244824	1.29444608754079	0.230560542702397	30.5307205601828	3.28621353569764e-08	8.68977184050346e-07	90.2393380168667	44.548834233787	FBgn0038181		protein_coding	41688
FBgn0032603	189.902660903965	1.3181112961776	0.236392739122931	30.5031144479999	3.33330955803883e-08	8.78799701988028e-07	8.1431758512353	4.11062575844364	FBgn0032603		protein_coding	35009
FBgn0086687	11186.2800414641	1.45816377684701	0.259304759367168	30.3687662043199	3.5723412634909e-08	9.39015417831893e-07	425.636860255635	182.330831104093	FBgn0086687	Desaturase 1	protein_coding	117369
FBgn0261238	2772.82368899471	1.13154758800258	0.202931522653798	30.3524945029388	3.60243400848338e-08	9.44115642816771e-07	33.04669911903	17.1774720789159	FBgn0261238	Alhambra	protein_coding	40850
FBgn0032943	147.957396340529	-1.17665826601874	0.213659708241808	30.278092730757	3.74330022986276e-08	9.75245652806724e-07	1.8621536658141	5.16558483107918	FBgn0032943	Tetraspanin 39D	protein_coding	35405
FBgn0034160	643.466439410785	2.20895598356426	0.385586388962228	30.1888441361103	3.91957564511569e-08	1.01518158644169e-06	60.0913498324284	19.1876850858044	FBgn0034160		protein_coding	36883
FBgn0040060	54886.17089269	1.07779766312527	0.194689755336489	29.9611503269914	4.40789811144367e-08	1.13500163615949e-06	4698.10243527343	2898.8507506652	FBgn0040060	yippee interacting protein 7	protein_coding	38680
FBgn0032283	5100.55161125879	1.58731914546806	0.283670247287876	29.8654768189985	4.63085469857499e-08	1.18207250571718e-06	919.653694850579	365.407599621765	FBgn0032283		protein_coding	34469
FBgn0039801	218.494079858572	1.4548780832378	0.262507802674997	29.8682936674546	4.62413164001413e-08	1.18207250571718e-06	35.6970247460514	15.2249294762021	FBgn0039801	Niemann-Pick type C-2h	protein_coding	43649
FBgn0014033	879.80186268845	1.18613084943002	0.214506101152445	29.8389572264493	4.69463190034539e-08	1.19489881682566e-06	27.1481186912434	14.1426334726653	FBgn0014033	Scavenger receptor class C, type I	protein_coding	33621
FBgn0038074	1779.56131234596	1.88646936076013	0.335479719835845	29.6453951304278	5.18757179202514e-08	1.30904668763332e-06	157.56794249969	44.1134072092526	FBgn0038074	Glycine N-methyltransferase	protein_coding	41561
FBgn0051265	321.3844997147	2.70862748576969	0.469936732127529	29.593654492072	5.32790733649073e-08	1.34062899133579e-06	27.9148414290691	5.70455705933759	FBgn0051265		protein_coding	42068
FBgn0030187	25.0891389994137	4.89847770742086	0.900025117802905	29.5624845286054	5.41427873807807e-08	1.35849175609959e-06	2.009084147908	0.0370234308059772	FBgn0030187		protein_coding	31954
FBgn0030607	185.206469148208	1.05042248254817	0.192863465909771	29.433197100884	5.78776746916563e-08	1.44399893467997e-06	6.84719560791336	3.99437871378869	FBgn0030607	doppelganger von brummer	protein_coding	32436
FBgn0033658	69.4714829828688	1.98507327871162	0.361053136688485	29.3728548400761	5.97081644966339e-08	1.48547185587119e-06	9.74087806881503	2.69286718333377	FBgn0033658	Tweedlebeta	protein_coding	36265
FBgn0001091	28292.1752957523	1.13111914856452	0.206474142769475	29.2754097911557	6.27874422791824e-08	1.55769295002736e-06	1492.73395871318	910.009555724498	FBgn0001091	Glyceraldehyde 3 phosphate dehydrogenase 1	protein_coding	35728
FBgn0051233	5997.97940939917	1.59230910119646	0.287657271870022	29.2146630489258	6.47870550356801e-08	1.60279907584069e-06	141.613933957697	47.2188732302074	FBgn0051233		protein_coding	42557
FBgn0040759	334.599741063597	-1.74287840009848	0.315542734742309	29.1247494296197	6.78644801790102e-08	1.67222995614557e-06	12.2724585891228	78.901518477692	FBgn0040759		protein_coding	5740215
FBgn0263830	405.608695697095	1.72606877088056	0.312087356225443	29.1216763857351	6.79722094945945e-08	1.67222995614557e-06	34.9380885272526	14.915095772253	FBgn0263830		protein_coding	3355162
FBgn0031942	150.943505386686	2.63857712188638	0.466931271925414	28.9470112194457	7.43854970559591e-08	1.82492419443953e-06	24.0784002553407	5.96517048893926	FBgn0031942		protein_coding	34055
FBgn0262005	41.7249920110288	-4.37214329927985	0.791036867319458	28.7575687852559	8.20287142172704e-08	2.0022907629883e-06	0.600887258960693	13.4177586462105	FBgn0262005		protein_coding	3885578
FBti0019410	10.728391707187	7.08795305412055	1.41708049696243	28.7566289722173	8.20685299141492e-08	2.0022907629883e-06	2.39139545242595	0	FBti0019410		transposable_element	NA
FBgn0034901	6425.96934212631	1.96283430114097	0.3544550694663	28.5689572572861	9.04202169647644e-08	2.19997618796914e-06	1378.19419749435	358.25427199055	FBgn0034901		protein_coding	37760
FBgn0004431	1354.5691526252	1.99664317856487	0.360521706039191	28.5573583629143	9.09634839228789e-08	2.20711398353535e-06	297.770756147124	69.8540340448054	FBgn0004431	Lysozyme X	protein_coding	38122
FBgn0267412	99.8991797288142	-2.27671752072264	0.415439746644843	28.5273639869074	9.23835689203933e-08	2.23542926220524e-06	2.26211583100577	15.8219441913898	FBgn0267412		protein_coding	26067043
FBgn0270926	1426.89733355912	1.65103218873473	0.301963525896873	28.4494912019358	9.6175038208132e-08	2.32081403676017e-06	59.5297969702875	19.9615982539672	FBgn0270926	Asparagine synthetase	protein_coding	2768965
FBgn0002939	1979.07259365101	2.26262776031099	0.40545720254946	28.4376151879294	9.67668047804727e-08	2.32873138915841e-06	105.483720560719	20.1446690216978	FBgn0002939	neither inactivation nor afterpotential D	protein_coding	326160
FBgn0028424	1689.78900222088	1.45061238474368	0.267118733139928	28.3706988243514	1.00170015800245e-07	2.40408037920588e-06	81.567088005428	35.056442619032	FBgn0028424	Juvenile hormone-inducible protein 26	protein_coding	36819
FBgn0031918	44.8963169088286	1.85329536163252	0.34824625221549	28.3506895241305	1.01210748001455e-07	2.41592790905096e-06	3.53630061114279	1.3428725794626	FBgn0031918		protein_coding	34027
FBgn0002773	55815.3231752049	1.27978310764876	0.236632624179668	28.3395748400892	1.01793523516172e-07	2.42328948704806e-06	1721.59282543397	920.919100067578	FBgn0002773	Myosin light chain 2	protein_coding	43587
FBgn0039742	315.265944032011	-1.34676998772687	0.250085574280622	28.3069824653766	1.03521897246198e-07	2.45781020558715e-06	8.46820886055942	30.3019751002893	FBgn0039742		protein_coding	43575
FBgn0034999	5692.30335351896	-1.40988192745558	0.26024781656661	28.2668351542468	1.05691386062601e-07	2.50259067481205e-06	60.9863930992624	221.420336973966	FBgn0034999	Fatty acid transport protein 3	protein_coding	37887
FBgn0036394	667.547145990359	2.48077402516252	0.443075226787323	28.256250885369	1.06270891409866e-07	2.5095842591763e-06	84.8727005779678	23.5835472354954	FBgn0036394		protein_coding	39546
FBgn0032187	850.225353720618	1.14792049599592	0.213570697960625	28.2338245250296	1.07509312156862e-07	2.53205931991842e-06	12.8723212247292	7.77125948889328	FBgn0032187		protein_coding	34348
FBgn0032282	3462.15481764491	2.45147322771132	0.437824844450907	28.2023118851567	1.09273969488367e-07	2.55996737008292e-06	619.725687693037	126.630052848919	FBgn0032282		protein_coding	34468
FBgn0038662	910.996046116326	1.30747564495538	0.2427636677919	28.1427535992219	1.12688797233556e-07	2.62603550703633e-06	63.4755960301238	33.8023658947109	FBgn0038662	Mitochondrial pyruvate carrier	protein_coding	42268
FBgn0034756	222.746895644731	1.62626809147162	0.301183857412587	28.0559025772602	1.17861078653374e-07	2.73933959649106e-06	9.66818076606798	3.61721221425064	FBgn0034756	Cytochrome P450 6d2	protein_coding	37594
FBgn0052266	29.9282844936588	3.37376032035432	0.627315377294828	27.9780357972908	1.2270027939843e-07	2.84432773660613e-06	7.49713691450486	1.25481337050275	FBgn0052266		protein_coding	317945
FBgn0034139	139.360391041387	-1.13881333583085	0.215242543737409	27.9523128321758	1.2434224896338e-07	2.87484487655648e-06	3.25633763996869	8.4585861913924	FBgn0034139		protein_coding	36852
FBgn0010295	1372.04005987877	2.3383149979568	0.422147941281148	27.879447220618	1.29113986240247e-07	2.9773752649448e-06	244.468651588825	76.7904707087504	FBgn0010295	new glue 3	protein_coding	31299
FBgn0034470	7557.88282395162	1.21201467459813	0.226434951949712	27.8550600982419	1.30751666774623e-07	3.00200871335666e-06	1210.72374369431	757.685397271202	FBgn0034470	Odorant-binding protein 56d	protein_coding	37266
FBgn0051266	1076.11416911218	2.00649066155353	0.366814530636355	27.8534278350264	1.30862019320914e-07	3.00200871335666e-06	84.0363593668956	31.4222215357616	FBgn0051266		protein_coding	42071
FBgn0046113	429.306789432083	1.03763664158494	0.195187586486669	27.8252681989921	1.32780572404866e-07	3.03812957378181e-06	8.72493387192115	5.3796468195004	FBgn0046113	Glutamate receptor IIC	protein_coding	33275
FBgn0003060	2927.7352412768	2.30736620785434	0.417929384885268	27.7264225418437	1.39740959334586e-07	3.1891270099304e-06	656.447476705746	139.752714716681	FBgn0003060		protein_coding	41662
FBgn0050458	13.6420418491558	-6.99112997929736	1.41932209875219	27.5992983365944	1.49232891610219e-07	3.39697138840581e-06	0	2.85480118914348	FBgn0050458		protein_coding	246624
FBgn0259209	3992.71858724951	1.2900414213113	0.241892289880552	27.5593855647198	1.52344319582273e-07	3.45001289884778e-06	1112.14139129521	652.698382722819	FBgn0259209	Muscle LIM protein at 60A	protein_coding	37853
FBgn0010246	5401.15279288505	1.06270344223397	0.200705303597119	27.4349566395467	1.62467756476823e-07	3.66985991100589e-06	96.2041594454159	55.7786331870387	FBgn0010246	Myosin 61F	protein_coding	38153
FBgn0037817	274.008620095459	1.32054258938429	0.249365566308182	27.3718567587322	1.67856426223756e-07	3.78190805206176e-06	12.1237809727503	6.71314023679337	FBgn0037817	Cytochrome P450 12e1	protein_coding	41272
FBgn0288686	19324.3606493813	1.92242018122582	0.355136721608048	27.3646729781912	1.68481162228396e-07	3.78632474504121e-06	628.105575718955	138.27451635077	FBgn0288686	beta-Tubulin at 60D	protein_coding	37888
FBgn0028949	69.7806749018833	2.88117022977174	0.528684993865276	27.1526692128017	1.88005446726041e-07	4.21437590224466e-06	7.71426187719709	1.71279681463017	FBgn0028949		protein_coding	34915
FBgn0040091	266.826736932606	1.07357691727777	0.204658345809156	27.1395010683801	1.89290391309246e-07	4.23243730643864e-06	9.98512763709805	5.9327854008357	FBgn0040091	UDP-glycosyltransferase family 317 member A1	protein_coding	37590
FBgn0052667	398.695711847309	2.06988214854719	0.384401742418425	26.9973630121127	2.03733213814893e-07	4.53242253000789e-06	160.328709621398	65.7793294332049	FBgn0052667	short spindle 7	protein_coding	318146
FBgn0029827	307.899915299012	1.97198002360354	0.368880174606721	26.8247868362188	2.22761733707471e-07	4.94329555805122e-06	23.0123863019708	7.77127793902967	FBgn0029827		protein_coding	31528
FBgn0261675	1053.0199904905	1.93896424015019	0.362688137308139	26.7243622643115	2.34644375249676e-07	5.18094780551285e-06	17.6203800553889	5.8489025797466	FBgn0261675	Niemann-Pick type C-1b	protein_coding	33072
FBgn0002571	1280.52231812874	1.8304163481935	0.343687451920476	26.6970176213366	2.37988564105631e-07	5.24168328723425e-06	58.8277634710235	17.6042815565872	FBgn0002571	Maltase A3	protein_coding	35826
FBgn0002789	13758.5461668018	1.23592273134005	0.235787972144744	26.6784779656318	2.40283056622259e-07	5.27905461713381e-06	1416.29579682707	765.483260297164	FBgn0002789	Muscle protein 20	protein_coding	36468
FBgn0052198	3564.63344511739	2.24438990095845	0.415499045787014	26.6592286687191	2.42688840763533e-07	5.31867950775068e-06	968.302068112112	257.43570855312	FBgn0052198		protein_coding	317909
FBti0019113	1009.46412991647	2.39883760313808	0.442208475489935	26.6383191587237	2.45329483876996e-07	5.36324257822186e-06	14.7295795332052	3.42713120985318	FBti0019113		transposable_element	NA
FBgn0033598	1763.91458791821	2.03862342389201	0.38110895860385	26.5478229142089	2.57094278860961e-07	5.56533497769609e-06	196.814218737326	71.7849391090093	FBgn0033598	Cuticular protein 47Eb	protein_coding	36189
FBgn0034899	10395.7750987249	2.51025769922782	0.46093099775016	26.5415060990448	2.57936292545834e-07	5.56991035639318e-06	2135.92077783071	455.237200702025	FBgn0034899		protein_coding	37758
FBgn0038098	1474.46696195964	1.71038506683802	0.323334966916586	26.5283855383622	2.59694070142177e-07	5.59419031096513e-06	35.333391139682	16.7752489241816	FBgn0038098		protein_coding	41589
FBgn0031703	603.509524524731	2.2724149619296	0.42218878192443	26.5218805222852	2.60570002173437e-07	5.59940209050073e-06	20.8959094880087	5.41226434582026	FBgn0031703	Acyl-CoA synthetase family member 2	protein_coding	33766
FBgn0038511	305.982092748253	-1.06949949288897	0.206405146626917	26.5017540913893	2.63298923911723e-07	5.64431091259304e-06	3.03347475499115	8.11691560506515	FBgn0038511	Curly Su	protein_coding	42100
FBgn0037715	298.103102249187	1.96567077623945	0.37041363250253	26.4542321170602	2.69856598957721e-07	5.77088010168183e-06	19.3777544843552	8.1373830035179	FBgn0037715		protein_coding	41157
FBgn0034025	1914.6453763654	1.00076771186193	0.192908655927365	26.4204263325812	2.74620961248297e-07	5.85858050663034e-06	42.8705178025056	26.7863464682648	FBgn0034025	Polypeptide N-Acetylgalactosaminyltransferase 1	protein_coding	36717
FBgn0051955	39.3325640422556	2.09323273610124	0.405870677303078	26.3208612664239	2.89148518077402e-07	6.15363785942077e-06	5.44569501858766	2.10628278735109	FBgn0051955		protein_coding	319045
FBgn0051267	421.009936059392	1.7594968006824	0.334346181845984	26.2914690655269	2.93582627828781e-07	6.23298502159566e-06	38.2226701663272	15.4025101036073	FBgn0051267		protein_coding	318651
FBgn0038405	188.756402152969	1.20787611525512	0.23421394163945	26.1723631952383	3.12259724218673e-07	6.59779398157732e-06	10.00685020667	5.29796890722095	FBgn0038405		protein_coding	41964
FBgn0002772	12586.8468192443	1.26684017323646	0.24390647617351	26.157451754722	3.14680383605694e-07	6.6330719522804e-06	1166.41072355927	645.449730089748	FBgn0002772	Myosin alkali light chain 1	protein_coding	43323
FBgn0063494	218.440652233493	1.89249608590018	0.361693764759317	25.918176699387	3.56199272184728e-07	7.49036183794171e-06	24.0948798779825	8.77912370647996	FBgn0063494	Glutathione S transferase E6	protein_coding	37111
FBgn0004117	17456.9419196386	1.11013459170522	0.215760947598881	25.8479993509818	3.69387362861676e-07	7.74923797813379e-06	1124.46875380373	666.036132625338	FBgn0004117	Tropomyosin 2	protein_coding	41853
FBti0060500	10.48016960241	-6.6135364341823	1.40325017414566	25.839360625626	3.71044273610207e-07	7.76555219081837e-06	0	6.03532429140657	FBti0060500		transposable_element	NA
FBgn0032615	122.393860846082	-1.12390457565446	0.221657565322389	25.7488758975331	3.88853435118013e-07	8.11903909920164e-06	4.56134933027002	11.0405871617157	FBgn0032615		protein_coding	35022
FBgn0032049	897.235775115201	1.29827186450045	0.252161784176823	25.7230029400767	3.94101523819352e-07	8.20920909993518e-06	51.9308569096177	27.5723527306895	FBgn0032049	beta-site APP-cleaving enzyme	protein_coding	34182
FBgn0036764	239.159788966142	-1.08953961763833	0.214269643856571	25.5609935730592	4.2861698006619e-07	8.90716510104609e-06	3.74664799848611	9.24872585718133	FBgn0036764		protein_coding	39990
FBgn0017448	157.43019250626	1.71939425184368	0.335279602542498	25.2577588021811	5.01573933756667e-07	1.0350235941446e-05	5.41268443711481	2.10225377338945	FBgn0017448		protein_coding	43743
FBgn0085359	4100.96954271222	1.5848055303034	0.308808550251937	25.1253400872519	5.37222538133218e-07	1.10600220438055e-05	670.320288536589	320.135371828846	FBgn0085359		protein_coding	2768869
FBgn0029932	751.96396011356	1.01699044080774	0.202233750795667	24.8480979049746	6.20302220705027e-07	1.26817342899694e-05	19.8016255417711	13.8173600532987	FBgn0029932		protein_coding	31653
FBgn0010423	2282.65579347566	1.57922096761416	0.309688957236534	24.8253524856505	6.27664851743299e-07	1.28026234886762e-05	404.373289437215	148.905489614872	FBgn0010423	Troponin C at 47D	protein_coding	36195
FBgn0051201	204.906760767807	1.02228721974872	0.204309368708292	24.8055047664542	6.34161058778954e-07	1.29053236662113e-05	3.93939783304895	2.50819711641453	FBgn0051201	Glutamate receptor IIE	protein_coding	318623
FBgn0035798	282.691923060458	1.40740440992958	0.27881774968517	24.7224469525778	6.62085547115662e-07	1.34426196600587e-05	4.03009441046493	1.63064510599635	FBgn0035798	faulty attraction	protein_coding	38850
FBgn0025578	2532.92698125825	1.55827023061441	0.306595487907557	24.6886636931072	6.7379338597639e-07	1.36177189586807e-05	1078.73651704198	537.17302468388	FBgn0025578	Larval cuticle protein 9	protein_coding	37963
FBgn0037890	874.421033011662	1.49261331669664	0.294430040341719	24.6917258174199	6.7272368349775e-07	1.36177189586807e-05	99.8402082063457	42.7709011126144	FBgn0037890		protein_coding	41359
FBgn0261502	24.7984099144251	-3.16199370904998	0.64675175194466	24.6134618795923	7.00605932982571e-07	1.41272867582239e-05	0.484495500337606	3.95046501589734	FBgn0261502		protein_coding	10178825
FBgn0264695	90387.1573651431	1.31047341292389	0.26028954457948	24.5222025052894	7.34584736900463e-07	1.47787070530863e-05	834.302362953287	373.248521974195	FBgn0264695	Myosin heavy chain	protein_coding	35007
FBgn0042083	556.372668082883	1.0395636451342	0.208546694573596	24.4201058368666	7.74560986097224e-07	1.55122962113621e-05	16.7004512313609	10.7582951306955	FBgn0042083	Methylcrotonoyl-CoA carboxylase 2	protein_coding	59261
FBgn0038484	1690.16841559706	1.89607723131585	0.372154262734152	24.3142494730118	8.18314620523497e-07	1.63145704931457e-05	138.42029798174	48.3040266150195	FBgn0038484		protein_coding	42072
FBgn0004782	29.8834914974305	3.22655243035357	0.640342399873493	24.2258853481689	8.56730501124121e-07	1.70419905088474e-05	2.92579723705525	0.531052530646076	FBgn0004782	Ccp84Ab	protein_coding	40824
FBgn0263241	352.335622394179	1.19022625375319	0.239311497392024	24.2162108410014	8.61044789236663e-07	1.70893204012095e-05	10.5626311700466	6.52973194602825	FBgn0263241	Molybdenum cofactor synthesis 1	protein_coding	39238
FBgn0029167	6019.64332852882	1.13855347161323	0.228830323018166	24.1471024729059	8.92503517149758e-07	1.76739709943199e-05	31.0872237593143	15.7387942026618	FBgn0029167	Hemolectin	protein_coding	39529
FBgn0003356	85077.0465076677	1.36579525382694	0.274989854566566	23.7991641615999	1.06928884463933e-06	2.11274252256254e-05	8371.27493024784	3995.2032859173	FBgn0003356	Jonah 99Cii	protein_coding	43544
FBgn0036767	297.374209257012	1.84688232763155	0.368554202571122	23.7449144305498	1.09985608241902e-06	2.16635343246042e-05	40.1831792622908	18.7073968887365	FBgn0036767		protein_coding	39993
FBgn0038719	2245.11205733738	-1.32139759725049	0.266839667583176	23.7400671849821	1.10262956659481e-06	2.16635343246042e-05	23.8662208572911	101.11028175419	FBgn0038719		protein_coding	42338
FBgn0039045	1012.50877101204	1.00196426534396	0.203827324920955	23.7380590649274	1.1037806211585e-06	2.16635343246042e-05	46.7549805460209	29.4115102720282	FBgn0039045	Cystinosin	protein_coding	42723
FBgn0027348	2540.54603442304	1.73509670718535	0.346510567473053	23.7138024098865	1.11778009941884e-06	2.18896537429428e-05	72.5761239069579	29.9963430588197	FBgn0027348	bubblegum	protein_coding	44117
FBgn0033769	83.7977107717464	1.63941799395043	0.332970062492452	23.6919713142243	1.13053188030281e-06	2.20903928469788e-05	5.28674921347868	2.17426226463393	FBgn0033769		protein_coding	36400
FBgn0010294	237.855694672757	3.16098306285925	0.602622412600646	23.6563313708455	1.15166382560963e-06	2.24536311430115e-05	33.5852974810392	9.65764683564266	FBgn0010294	new glue 2	protein_coding	31298
FBgn0033397	92.0822138344691	2.12481091044144	0.425368966969594	23.6348359574349	1.1646001195045e-06	2.26558331618144e-05	4.83194503075149	1.40268840880414	FBgn0033397	Cytochrome P450 4p3	protein_coding	35948
FBgn0033789	636.999154888231	-1.25724931664871	0.255386458314536	23.5926707423588	1.19040068669832e-06	2.31068546481749e-05	63.9370436758941	193.851868296765	FBgn0033789		protein_coding	36434
FBgn0037238	111.794797776121	1.80127974168561	0.365268056476315	23.334225874595	1.3615552638971e-06	2.62560176653695e-05	2.48864081519878	1.09069192155819	FBgn0037238		protein_coding	40551
FBgn0003378	15172.2455472358	-1.69116130996666	0.341193714890116	23.2820519899993	1.3989943137362e-06	2.6860690823735e-05	2901.26867331748	10029.2540580299	FBgn0003378	Salivary gland secretion 8	protein_coding	39285
FBgn0036622	1672.37383970211	2.10191198647186	0.418847239756463	23.260571090045	1.41470710323205e-06	2.71034558259121e-05	87.8399629539502	36.3173252744981	FBgn0036622	1-Acylglycerol-3-phosphate O-acyltransferase 4	protein_coding	39819
FBgn0032614	209.63985545504	1.19984388530652	0.246714406358846	23.2126811137296	1.4503776882476e-06	2.76668158587534e-05	11.3228242664529	6.11857213935533	FBgn0032614		protein_coding	35021
FBgn0038973	10989.7041994146	1.6500364918033	0.334341725379696	23.1382241762496	1.5076365758492e-06	2.86353682535486e-05	1465.27450139903	737.776773939159	FBgn0038973	Phosphatidylethanolamine-binding protein 1	protein_coding	42644
FBgn0030331	143.2400279686	1.98745473515663	0.402121620751774	23.0806787089855	1.5534390680096e-06	2.94420039670832e-05	4.37735232278234	1.26878339927007	FBgn0030331		protein_coding	32127
FBgn0032638	1365.68101076857	1.84098484208013	0.371863852063292	23.0470815110078	1.58082292291145e-06	2.9832965929816e-05	92.643951712077	22.8496567762391	FBgn0032638	Serine protease homolog 93	protein_coding	35049
FBgn0050187	171.29056161112	1.35892194204881	0.280948452008303	22.843523674574	1.75740502651143e-06	3.30242578598914e-05	8.09701248835559	3.81807152967869	FBgn0050187		protein_coding	246509
FBgn0036422	17832.39228151	1.39171319375742	0.286122347125039	22.7974203853489	1.80007158761331e-06	3.36826954699169e-05	1142.88617072029	491.02765908244	FBgn0036422		protein_coding	39580
FBgn0052603	2245.02712406556	1.69715838318846	0.346070329695739	22.7996278355265	1.79800520363823e-06	3.36826954699169e-05	164.593737453344	72.9245174194131	FBgn0052603		protein_coding	318109
FBgn0025456	4887.16327340898	-1.36953184763002	0.282006882620157	22.7600740091087	1.83539465505759e-06	3.42710477663184e-05	214.819438937929	542.592595169109	FBgn0025456	Cellular Repressor of E1A-stimulated Genes	protein_coding	42092
FBgn0033437	1055.90943471438	-1.01322308122134	0.210639915585887	22.7264497894208	1.86779166480231e-06	3.48023965897342e-05	30.9950153235957	65.8712298043443	FBgn0033437		protein_coding	35996
FBgn0050163	1432.66910436404	1.01084208639477	0.21042986197656	22.6494007938085	1.94420843109489e-06	3.60740522340967e-05	304.970267566864	213.686007151695	FBgn0050163	Cuticular protein 60D	protein_coding	246492
FBgn0033079	254.822455435793	2.48901967128014	0.498480962403388	22.5656461683264	2.03083791965131e-06	3.76024329273802e-05	12.9212431163709	2.78012792293279	FBgn0033079	Flavin-containing monooxygenase 2	protein_coding	35561
FBgn0052404	200.999171143076	1.42538725208275	0.29647839372369	22.4725559102857	2.13167517862448e-06	3.93869355180155e-05	59.2347924730889	34.3332252813599	FBgn0052404	Cuticular protein 65Aw	protein_coding	38706
FBgn0032668	34.706005145828	2.47968828543269	0.516974386087063	22.3024037995429	2.3291486545115e-06	4.28563352430116e-05	2.30298180363159	0.565684308435922	FBgn0032668		protein_coding	35086
FBgn0033301	67.7769037374762	-1.63332944354687	0.344477386357081	22.2734207584646	2.36456998168857e-06	4.33275561789906e-05	7.15525831314101	26.5534782173917	FBgn0033301		protein_coding	35834
FBgn0051288	170.201247900726	1.79786549291043	0.372860013519254	22.1623106388688	2.50544224453592e-06	4.56248781520437e-05	8.50922751387351	3.15558157463792	FBgn0051288		protein_coding	318664
FBgn0034624	36.0150514278879	2.48839694972377	0.519482673951654	22.1515726474793	2.5194949529968e-06	4.57863774174233e-05	3.02147925205472	0.607370723014834	FBgn0034624		protein_coding	37441
FBgn0042105	192.277574634776	1.39732630158283	0.293343349031359	22.0808316923845	2.61407036729186e-06	4.72136390264248e-05	9.74044994349102	3.84418439626491	FBgn0042105		protein_coding	59144
FBgn0259715	382.250604533543	2.0640575698241	0.423764460954946	22.0678539818071	2.63180337698334e-06	4.73403002556351e-05	18.8520774302988	6.11103312559818	FBgn0259715		protein_coding	33894
FBgn0052571	1219.20374910523	1.37652031217226	0.288199822837699	22.031528046923	2.6820842248283e-06	4.81466826700884e-05	63.9294237574777	31.8707312286259	FBgn0052571	TweedleX	protein_coding	318094
FBgn0038082	673.051399007109	1.82926196817188	0.378545823968248	22.009709561711	2.71274658968272e-06	4.85983324139509e-05	29.4733936163556	10.3284872553701	FBgn0038082	UDP-glycosyltransferase family 37 member A2	protein_coding	41573
FBgn0031857	185.649614215461	2.32005979373906	0.473936585629106	21.9955141738168	2.73288451614137e-06	4.88599919970862e-05	2.02316887604363	0.599214720570342	FBgn0031857	Linear Ubiquitin E3 ligase	protein_coding	33950
FBgn0051974	500.216782916893	1.99453108382517	0.411023244039103	21.9736746385833	2.76415989487616e-06	4.93193135182752e-05	30.6839103761341	8.68764408916897	FBgn0051974		protein_coding	33174
FBgn0039674	2015.59673848335	1.11208135946496	0.234740329158273	21.9291514941684	2.82903614081935e-06	5.03750951526542e-05	85.3377559188859	50.8259021777131	FBgn0039674		protein_coding	43483
FBgn0034390	1955.38899119704	1.75289489357292	0.364044110974868	21.9076535560362	2.86090628920787e-06	5.08400892279354e-05	104.393001939751	48.5992242240494	FBgn0034390		protein_coding	37166
FBgn0039155	606.742632147337	-1.14962384861353	0.243042891648977	21.8963930956763	2.87774313702437e-06	5.10366011771069e-05	9.65418230142556	24.4148697361754	FBgn0039155	Kallmann syndrome 1	protein_coding	42865
FBgn0262007	564.58905432482	1.78823171607187	0.371850430553372	21.8616386826705	2.93033810496131e-06	5.18652227314996e-05	25.2646897284709	8.53030991277507	FBgn0262007		protein_coding	39179
FBgn0010482	2942.48298771974	1.05432805419863	0.223231572706672	21.8420484077535	2.96040862409037e-06	5.22926579359322e-05	33.9989525243962	21.4045615974427	FBgn0010482	hulk	protein_coding	46017
FBgn0040507	835.998493577598	1.09340551901802	0.231611331859543	21.8168547761511	2.999535700239e-06	5.28780425239737e-05	13.2832090674868	8.18033903077971	FBgn0040507	Adenylyl cyclase X D	protein_coding	38284
FBgn0030394	637.459906214955	1.61304872486056	0.338272188291923	21.7157322107803	3.16187591980456e-06	5.54081113565752e-05	36.8213043741452	15.3835810871184	FBgn0030394	Cuticular protein 11A	protein_coding	32198
FBgn0033873	151.913903305224	1.44114760737825	0.306444835189431	21.5271497876271	3.48854609634499e-06	6.07708858440217e-05	11.1764992611627	4.92868377738375	FBgn0033873		protein_coding	36530
FBgn0038701	1678.09940260397	1.60641713411285	0.338680515482086	21.4482482226514	3.63507966993462e-06	6.31988654426428e-05	85.0278264042914	27.4911476172742	FBgn0038701		protein_coding	42319
FBgn0038959	45.9537531652629	-2.34624958217759	0.500295464126576	21.4130902458138	3.70234813672189e-06	6.41159583206427e-05	0.69735664531059	6.87980997796358	FBgn0038959		protein_coding	42628
FBgn0032472	15.1379164828365	4.30325790624303	0.957499567193279	21.3631744274117	3.80000444536122e-06	6.56783547190418e-05	6.64094473026972	0.542369221335536	FBgn0032472		protein_coding	34704
FBgn0002933	329.312058619429	1.89844557249953	0.39897377620918	21.308890264011	3.90914357747825e-06	6.73012789011459e-05	69.9327886702835	31.4817466169771	FBgn0002933	new glue 1	protein_coding	31300
FBgn0031257	104.456770262543	-1.21239152173909	0.263016293239286	21.137818145373	4.27409513627177e-06	7.31566051231633e-05	1.21664816009015	3.46614824892302	FBgn0031257		protein_coding	33221
FBgn0010040	46.651826546414	1.6010873042218	0.348044787385415	21.0507833758859	4.47269951557682e-06	7.64078957864109e-05	6.21994525507741	2.40206974193486	FBgn0010040	Glutathione S transferase D4	protein_coding	48337
FBgn0086906	8914.74052522506	1.08226302132986	0.233369258228699	21.0251625108584	4.53290934550292e-06	7.7286979419849e-05	21.876176534534	10.1898849969666	FBgn0086906	sallimus	protein_coding	44013
FBgn0034267	420.592124173636	1.28569534835865	0.276676455176086	21.0075125996818	4.57485972657396e-06	7.78519481793858e-05	15.5951687240775	8.21072522922647	FBgn0034267		protein_coding	37017
FBgn0052054	83.9707930979225	1.63200225369186	0.351694855130812	20.9858451334249	4.62689218517412e-06	7.84351473694009e-05	3.53619585165293	1.47327864403938	FBgn0052054		protein_coding	326185
FBgn0062412	4277.57948326071	1.23912613093737	0.2675945774439	20.8224925055322	5.03877174712032e-06	8.50906922955385e-05	399.15028578	195.842642700175	FBgn0062412	Copper transporter 1B	protein_coding	40989
FBgn0034052	2250.09308830645	1.37358607360605	0.296131334258843	20.7656045595842	5.19068885192318e-06	8.73674365257714e-05	183.937898063309	116.020855948483	FBgn0034052		protein_coding	36751
FBgn0052750	321.048553131841	1.61193601929255	0.346202664576655	20.7646131135139	5.19337683152513e-06	8.73674365257714e-05	13.8649558954342	5.8232003236456	FBgn0052750		protein_coding	326238
FBgn0058191	702.290916144039	-1.00949782987348	0.219916069349215	20.7209567524223	5.31313221949607e-06	8.92121364307782e-05	14.7366969223394	47.6807489593613	FBgn0058191		protein_coding	3354930
FBgn0032304	2856.64392907891	2.43499611377363	0.508602695022551	20.6436405997644	5.5320629121811e-06	9.25363250764839e-05	198.161726304353	36.1811699251933	FBgn0032304		protein_coding	34494
FBgn0050272	326.317904893056	1.97727432580671	0.421742116317454	20.5781656624089	5.72453037014077e-06	9.55747679188719e-05	15.3796635650909	4.21689769413647	FBgn0050272	Major Facilitator Superfamily Transporter 1	protein_coding	246519
FBgn0010042	33.6692652040825	3.67493528213698	0.772042149378705	20.4918462370452	5.98858180687432e-06	9.96066940081242e-05	4.22506338166519	0.32649280948892	FBgn0010042	Glutathione S transferase D6	protein_coding	48339
FBgn0034629	606.224632756181	1.47837742302014	0.320622954547027	20.4531216846599	6.11098007992558e-06	0.000101439463212048	18.4648429951394	7.8976914173655	FBgn0034629	acyl-Coenzyme A oxidase at 57D distal	protein_coding	37446
FBgn0035290	444.320802768189	-1.32333251953237	0.288512365940966	20.4497538256694	6.12174296784666e-06	0.000101439463212048	4.98460200220749	16.0006004368591	FBgn0035290	debris buster	protein_coding	38252
FBgn0032538	10242.0188302503	1.16595852743693	0.25471780754655	20.4096984570717	6.25121885096047e-06	0.000103005158380005	533.051877655203	348.900266695871	FBgn0032538		protein_coding	34811
FBti0018951	842.049074291982	1.54446659033006	0.334734195942167	20.3907158467166	6.31353517317839e-06	0.000103838254468364	10.8139072623346	4.21886839784503	FBti0018951		transposable_element	NA
FBgn0038873	603.60597441498	2.26217371850503	0.480021207156475	20.3260402411933	6.53057242338057e-06	0.000107208207515422	21.361565631209	4.01030947172278	FBgn0038873		protein_coding	42522
FBgn0036469	258.848794194409	1.95105305139129	0.419732923479993	20.3004838655078	6.61838444010239e-06	0.000108448184369173	66.7099866074776	24.486918997567	FBgn0036469		protein_coding	39636
FBgn0086254	1817.22897297941	1.65573116075561	0.358738146897024	20.246629639756	6.80732816645329e-06	0.000111337634011325	104.231374528098	54.8359945576526	FBgn0086254	Aldo-keto reductase 1B	protein_coding	39304
FBgn0264776	456.66756963714	2.33197309757031	0.494971483271845	20.2274850846633	6.87579217532929e-06	0.000112249531409442	53.4048413102051	12.827443866028	FBgn0264776		protein_coding	41893
FBgn0030776	2020.3276017263	1.29081023377071	0.282762312226841	20.1964625192675	6.9882044879552e-06	0.000113874210401513	175.272515872056	97.6211788267304	FBgn0030776		protein_coding	32650
FBgn0051269	188.194382480417	1.58574835382269	0.346930659394086	20.1299609846378	7.23543280683771e-06	0.000117253839541267	17.3481820876615	8.56018436148867	FBgn0051269		protein_coding	318653
FBgn0003137	7498.55521660788	1.13967553583517	0.250915347123229	20.1195564449112	7.27489964272909e-06	0.000117677497517552	56.6281959051101	34.599592060827	FBgn0003137	Papilin	protein_coding	43872
FBgn0053178	238.100894094257	1.34744423405147	0.297120758699385	20.0079919471685	7.71191720787511e-06	0.000124291337189695	42.1109777346818	22.8180043377908	FBgn0053178		protein_coding	318913
FBgn0050083	57.303735711196	-3.86581351206455	0.807292665808634	19.927712941732	8.04260228604417e-06	0.000129149569800622	0.404771134146358	6.43830218561455	FBgn0050083		protein_coding	246444
FBgn0001248	10457.914162713	1.02311086890397	0.227285154969941	19.854991466603	8.35443010198981e-06	0.00013346031049768	424.309364154838	277.121978661051	FBgn0001248	Isocitrate dehydrogenase	protein_coding	44291
FBgn0032715	2743.55846180906	1.13784597119953	0.252239050065617	19.8545452643009	8.35638040140594e-06	0.00013346031049768	141.618955180989	83.6146476440399	FBgn0032715		protein_coding	35140
FBgn0042178	556.446884666041	-1.16886033185671	0.259524555239749	19.8362816105873	8.43660222933902e-06	0.000134498322905275	3.61096973463401	13.2447252730285	FBgn0042178	Apollo	protein_coding	59216
FBgn0039915	136.618069105792	-1.17138808202803	0.262055301982401	19.78388658604	8.6710605323474e-06	0.000137245173157155	1.32189068856055	3.96835679403768	FBgn0039915	GABA transporter	protein_coding	43805
FBgn0026570	191.860875493565	1.49603622982336	0.330933596695878	19.7600807184446	8.77973814830788e-06	0.000138469013081884	11.5353124659001	5.71143620533463	FBgn0026570		protein_coding	48613
FBgn0035281	594.141745262272	1.26935424765232	0.281590413629011	19.751565748819	8.8189415234964e-06	0.000138839378851195	51.4851393795508	23.8440256188643	FBgn0035281	Cuticular protein 62Bc	protein_coding	38241
FBgn0037174	87.4730336422806	1.46863790168925	0.327153373883967	19.7395040598384	8.87477517663036e-06	0.00013946977644128	4.83377891027739	2.07677169306365	FBgn0037174		protein_coding	40479
FBgn0086450	1134.42877736691	1.42848874588963	0.31583906169848	19.7006728997069	9.05694681458213e-06	0.000142079847720052	20.0923975214366	10.7644303895939	FBgn0086450	suppressor of rudimentary	protein_coding	31858
FBgn0016075	11881.9258195224	1.27622613769483	0.283254495188093	19.6734993424954	9.1866567107617e-06	0.000143859134874907	108.03133688323	69.2478550757067	FBgn0016075	viking	protein_coding	33726
FBgn0032782	164.022848815528	1.14178451231601	0.255913061990682	19.6019387635583	9.53723707255488e-06	0.000149084739512929	7.17998993406248	4.1843603311139	FBgn0032782	Rab9	protein_coding	35221
FBgn0038135	5184.74469174117	1.33117305807175	0.295803138535392	19.5781065951812	9.65694960877881e-06	0.00015068936209317	113.134832654057	48.6987080021852	FBgn0038135		protein_coding	41634
FBgn0036887	284.379113012331	1.10742480591012	0.248107454647716	19.5685413205637	9.70542065374022e-06	0.000151178615897414	26.4224886531107	16.2512913277565	FBgn0036887		protein_coding	40130
FBgn0038680	433.085775582873	1.3943290101706	0.310900429982462	19.4534443923798	1.03081778300776e-05	0.000160284905977545	17.8828226269208	7.32023743000497	FBgn0038680	Cytochrome P450 12a5	protein_coding	42293
FBgn0260026	63.3039613861405	1.50973250124346	0.34094589774429	19.3289147702941	1.10027500745137e-05	0.000170186144760254	5.39200254075964	2.53011626355354	FBgn0260026		protein_coding	8674087
FBgn0051086	2305.88381527728	1.83212064358452	0.404168288608844	19.3158838993689	1.10780939806126e-05	0.000171051968595753	388.968400231813	180.728553394073	FBgn0051086		protein_coding	43179
FBgn0034582	5396.28142712527	1.30455892425665	0.292302640757856	19.2812191584094	1.12810558678346e-05	0.000173881824475943	343.662308366893	173.662963957094	FBgn0034582	Chitinase 9	protein_coding	37392
FBgn0010359	38879.1527060154	1.15479736617966	0.260176166605066	19.1967316433442	1.17915104613869e-05	0.000180827410949187	3722.34122602853	2248.86722694207	FBgn0010359	gammaTrypsin	protein_coding	36221
FBgn0034553	549.215189340254	1.52427562619204	0.341059240793034	19.1669393182807	1.1976987946429e-05	0.000182477617353217	23.2368266768353	9.7085155205064	FBgn0034553		protein_coding	37358
FBgn0036109	631.506593151854	2.27791160971884	0.497423793754348	19.1619191150619	1.20085293210915e-05	0.000182546180660723	91.0222237890794	37.4009973080357	FBgn0036109	Cuticular protein 67Fa2	protein_coding	39224
FBgn0058198	71.6824269762641	3.78113743463147	0.793352463129359	19.1419901476384	1.21345657829379e-05	0.000184023295833351	5.69746665729029	0.828319088215523	FBgn0058198		protein_coding	3354922
FBgn0035718	228.131810221398	1.68879552220611	0.378096495259096	19.0544977662581	1.270380019065e-05	0.000192123224801062	13.7375937576088	3.88203110028316	FBgn0035718		protein_coding	38754
FBgn0085421	551.980606207548	1.06120850938689	0.240899003067789	19.034554168046	1.2837264220103e-05	0.000193809773661452	9.06274167659599	5.92872735597035	FBgn0085421	Exchange protein directly activated by cAMP	protein_coding	35588
FBgn0053346	974.262115443025	-2.36163867831635	0.515974049241913	19.0140399603273	1.29760161416518e-05	0.000195570263759503	20.3325055790234	104.598168370063	FBgn0053346		protein_coding	2768690
FBgn0025676	109.720671281027	-1.03959525060885	0.239511439164556	18.8409771834425	1.42081607452192e-05	0.000211684499100613	2.7996751119911	7.64990550370556	FBgn0025676	CKII-alpha subunit interactor-3	protein_coding	38088
FBgn0035742	553.337577889007	1.73550920704094	0.389383219973744	18.8326910618408	1.42700180794245e-05	0.000212176430433463	308.881144370666	127.277158755839	FBgn0035742	Acyl-CoA binding protein 4	protein_coding	38781
FBgn0034475	81.933567908417	1.49288615949615	0.34159557983244	18.7018676525483	1.52832719454947e-05	0.000226479627219143	18.6367454693457	8.66988344290977	FBgn0034475	Odorant-binding protein 56h	protein_coding	37271
FBgn0035006	1801.49706218716	1.83895454109072	0.412198811453338	18.704492673247	1.52622466971257e-05	0.000226479627219143	57.681122678617	27.9483177384603	FBgn0035006		protein_coding	37901
FBgn0003515	88.2956034024203	1.87824841442966	0.425195984154706	18.6662266062075	1.55716366893381e-05	0.000230366323685485	2.98935284855282	0.911416746477786	FBgn0003515	scarlet	protein_coding	39836
FBgn0035931	105.947776549216	1.7688156600706	0.401479968531701	18.6052030684993	1.60781130253067e-05	0.000237461361604529	7.8392480573371	2.75666904624093	FBgn0035931		protein_coding	39010
FBgn0053459	161.05053696493	1.11862234825999	0.257976724212071	18.5274774590147	1.6747245330956e-05	0.000246109269156411	13.4105354071991	8.42144946847954	FBgn0053459		protein_coding	2768847
FBgn0034887	40.3194939858978	1.48498874973066	0.345761015002721	18.4724793602918	1.72375523889753e-05	0.000252893791859518	2.62377405458118	1.22075297585757	FBgn0034887	Sulfotransferase 1	protein_coding	37742
FBgn0043471	540.83086863722	1.81944061681418	0.412977500941351	18.3059321260697	1.88120461728881e-05	0.000275079456620774	42.4327156468476	19.7639550699077	FBgn0043471	kappaTry	protein_coding	36215
FBgn0037912	1889.5249755829	1.21894210803396	0.281615739597496	18.2173937705875	1.97070838062234e-05	0.000286742939335362	90.8149093326273	56.9032661675181	FBgn0037912	scheggia	protein_coding	3772221
FBgn0035667	29203.4118074048	1.44463733284528	0.332685501464092	18.1181680365331	2.07611060959913e-05	0.00030010161872307	2676.20412924124	1362.78525985312	FBgn0035667	Jonah 65Ai	protein_coding	38685
FBgn0010358	148302.411585735	1.08346125297973	0.251710315203874	18.1083091459246	2.08688768117594e-05	0.000301166535950096	13636.3974238569	8788.75512963104	FBgn0010358	deltaTrypsin	protein_coding	48343
FBgn0085300	17.5160682037474	4.50827415940645	1.04399030014143	18.0836409066416	2.11410023225479e-05	0.000303605418719907	8.6092767517659	0.237363601783715	FBgn0085300	Cuticular protein 65Ay	protein_coding	5740348
FBgn0034294	9341.91275219866	1.49801652050573	0.346730659897858	17.8859741758166	2.34543315687167e-05	0.000334650495016004	398.802028550193	202.757057106954	FBgn0034294	Mucin 55B	protein_coding	37057
FBgn0040309	3358.37330251658	1.23450400190632	0.28869810440605	17.7604550802305	2.50536867063683e-05	0.000356319099823904	255.547220723584	156.065777547828	FBgn0040309	thioredoxin peroxidase 1	protein_coding	53578
FBgn0038105	64.6824589808822	1.80903778748247	0.423235510618116	17.65153780506	2.65300682670896e-05	0.000374901700695897	3.84835381963785	1.17662127378844	FBgn0038105	yellow-f2	protein_coding	41596
FBgn0053099	354.719993538769	-1.00225424518931	0.237155070226842	17.5932088997061	2.73563520465775e-05	0.000385960545168327	9.74563244376582	24.4692461083099	FBgn0053099		protein_coding	326254
FBgn0002868	2286.44427471419	1.22307005751404	0.288037760557859	17.5269572957515	2.83262854028669e-05	0.00039837221764032	1457.69588524277	767.678948219332	FBgn0002868	Metallothionein A	protein_coding	41202
FBgn0010387	1242.70122015656	1.60861750652045	0.37521354124656	17.5231069422061	2.83837061668667e-05	0.000398545139691203	342.241105826208	183.80660135694	FBgn0010387	Acyl-CoA binding protein 2	protein_coding	38784
FBgn0033817	22.5205289312805	-2.25902785436152	0.546281950281796	17.500198573001	2.87277678098469e-05	0.000402735944915187	0.425884715488385	2.80710649924965	FBgn0033817	Glutathione S transferase E14	protein_coding	36467
FBgn0010043	104.700090416613	3.14773711276735	0.705336627008273	17.3077952983821	3.17880147217551e-05	0.000442826097827352	8.94352218457425	1.96655438971775	FBgn0010043	Glutathione S transferase D7	protein_coding	48340
FBgn0030884	235.77048170305	1.02472259449893	0.245033078288446	17.2362794696164	3.30072604497648e-05	0.000458364975302394	3.39889811519649	2.27842080549982	FBgn0030884		protein_coding	32778
FBgn0029639	219.533566065468	2.09751319075954	0.487329084072783	17.2268977120726	3.3170655968354e-05	0.000459910884635012	27.1611673105691	8.07836362716103	FBgn0029639		protein_coding	31276
FBgn0001128	4145.88380281513	1.29565471590802	0.307327647488706	17.212484945296	3.34232582913283e-05	0.00046268686086052	188.7935271411	81.4098555125883	FBgn0001128	Glycerol-3-phosphate dehydrogenase 1	protein_coding	33824
FBgn0028532	386.584560269408	1.53511808211184	0.363615783405644	17.1120362322009	3.52382769358989e-05	0.000486288221715404	35.4932077866753	18.2247397433466	FBgn0028532		protein_coding	34802
FBgn0032889	3176.4959449346	1.03103458193129	0.247335670476502	17.0266727794735	3.68583978205149e-05	0.000507061323287831	168.700384782637	113.080712834787	FBgn0032889		protein_coding	35347
FBgn0038716	1154.7268646651	-1.38931882584043	0.3311170305491	16.99393136888	3.74994844891789e-05	0.000514278644423024	12.8193040529349	46.1789384561222	FBgn0038716		protein_coding	42335
FBgn0264295	27.6235055729449	3.32978960902083	0.776069358880297	16.9955088533199	3.74683414084534e-05	0.000514278644423024	31.2019103145219	1.63346815131554	FBgn0264295		protein_coding	33617
FBgn0261955	7230.82443855358	1.44771289319826	0.344567805334002	16.9615776267731	3.81439909219661e-05	0.000522306554764039	191.810244009577	100.211243767255	FBgn0261955	knockdown	protein_coding	31579
FBgn0035194	84.8256448719191	1.4661414394211	0.35218951622586	16.9410658790384	3.85583533292622e-05	0.000527163121678086	12.1435093563941	5.58092799238497	FBgn0035194	Partner of Sld Five 1	protein_coding	38136
FBgn0031869	302.961580098066	1.15229622191583	0.27767926620562	16.8579894610647	4.02833965604452e-05	0.000549896380868396	2.99977033572365	1.56906281709598	FBgn0031869		protein_coding	33969
FBgn0030612	176.298115695799	1.43507337566467	0.344243675393807	16.8464907780064	4.05281972178356e-05	0.000551280885077837	5.7371588836679	3.31146331916557	FBgn0030612	Dihydrolipoamide branched chain transacylase E2	protein_coding	32441
FBgn0031564	56.4429872822693	-1.20825782009595	0.29593436429374	16.8292347176302	4.08983783821337e-05	0.000554860949110606	4.63365200767396	14.5765219993611	FBgn0031564		protein_coding	33595
FBgn0022160	1880.00674483955	1.58929445748137	0.379405496994815	16.7377619543684	4.29182000560854e-05	0.000581370464563414	54.0264314969571	25.524736713705	FBgn0022160	Glycerophosphate oxidase 1	protein_coding	47611
FBgn0052248	201.784691754445	3.47853982102755	0.777445670817182	16.7100532702368	4.35496088378495e-05	0.000588119488158848	20.8218555898758	4.02871771515726	FBgn0052248		protein_coding	317938
FBgn0031360	1818.78233155589	1.05289944575033	0.254913013978699	16.7063219491297	4.36353464234611e-05	0.000588377678796959	112.377051535898	71.7225191822442	FBgn0031360		protein_coding	326177
FBgn0262588	41.9383409165323	1.81605045824902	0.439563523142917	16.691357060873	4.39809152979731e-05	0.000591232030307	4.95645147370869	1.72386350940202	FBgn0262588		protein_coding	12798281
FBgn0033308	79.5312241465679	1.84608869406574	0.442832804850659	16.6347606967594	4.53129034395808e-05	0.000605451684082265	9.88911480242431	2.99272898469383	FBgn0033308		protein_coding	35841
FBgn0038398	69.974654223069	-1.41252841498095	0.34531756451015	16.5740929645737	4.678578981767e-05	0.00062324599648516	1.29233935334597	3.88310025030761	FBgn0038398	sex-specific enzyme 2	protein_coding	41954
FBgn0052633	2609.57067979449	1.3764049192292	0.333531352210249	16.4294511503823	5.04945736025124e-05	0.000667616877331422	222.486565416911	121.039254148334	FBgn0052633		protein_coding	326225
FBgn0038017	324.559026053213	1.06177831614382	0.259920575702741	16.3946445808268	5.14303351563589e-05	0.000678972675786191	20.5178736497638	13.4932842587402	FBgn0038017		protein_coding	41499
FBgn0036181	5996.28864957621	1.7538129821031	0.421087291521899	16.3777278087751	5.18914137562139e-05	0.000684037263126688	42.7218632998577	12.1577131318116	FBgn0036181	Mucin 68Ca	protein_coding	2768980
FBgn0033128	292.399322664098	1.27344783960498	0.310730999860097	16.3569985753044	5.24620750194867e-05	0.000689877848517482	18.3150472685147	9.53889787158464	FBgn0033128	Tetraspanin 42Eg	protein_coding	35616
FBgn0033760	1002.95526044219	1.15027103941595	0.281267243614549	16.319803566779	5.35018954182468e-05	0.00070212294254674	37.2475751143593	22.6612153307322	FBgn0033760		protein_coding	36391
FBti0063624	790.628989233415	-1.46345535001464	0.355852104912168	16.2757573149282	5.47600867493088e-05	0.000717568377106669	5.02865928356375	21.7040775956403	FBti0063624		transposable_element	NA
FBgn0031520	81.8503525533996	1.23295831580083	0.304388486859609	16.2065996317676	5.67959058458648e-05	0.000740058444960706	3.05453228513208	1.50608127410827	FBgn0031520		protein_coding	33545
FBgn0020506	254.532525814769	-1.34521153651882	0.329703896889146	16.202383963289	5.69224372172394e-05	0.000740410847573871	4.17887773252428	16.5661437293534	FBgn0020506	Amylase related	protein_coding	36863
FBgn0042627	828.386777163502	1.22062053627206	0.301016172015406	16.0010705256426	6.33066766770986e-05	0.000821034608534706	6.67597876952088	2.91783478210234	FBgn0042627	Fatty acid synthase 2	protein_coding	117361
FBgn0022700	456.25021613493	1.76161780015713	0.428751455413263	15.9752687285765	6.417539133351e-05	0.000831080727650382	23.7894636002703	8.45543059332058	FBgn0022700	Chitinase 4	protein_coding	49815
FBgn0053470	410.00743422045	-2.44613181812878	0.583757659948382	15.8783158339268	6.75482337637947e-05	0.000871449471344569	9.59799281748183	27.5936757083117	FBgn0053470	Baramicin A1	protein_coding	2768831
FBgn0039719	173.895041299195	3.41186949626759	0.786377261138918	15.8269061599337	6.94084669251224e-05	0.000892307976539565	32.6272946497801	4.45051449680006	FBgn0039719		protein_coding	43538
FBgn0003358	3246.31958375655	-1.19015217628247	0.295195775940462	15.8207397979101	6.96350273606465e-05	0.000893919421001787	129.706367255467	404.141089335009	FBgn0003358	Jonah 99Ci	protein_coding	43545
FBti0019183	415.930761446449	-2.75833461289286	0.65135262102393	15.8177296992823	6.9745892478559e-05	0.000894043138418916	1.07243654486445	10.709528622167	FBti0019183		transposable_element	NA
FBgn0040069	1837.34962021045	1.69665551660253	0.416620946877227	15.7211962283596	7.33970634773105e-05	0.000938122814228084	56.3648828250262	26.0730012060701	FBgn0040069	vanin-like	protein_coding	31551
FBgn0031930	497.119313004225	1.11579486329415	0.279690234602534	15.5747620048721	7.93061264934383e-05	0.00100781540890654	27.1790238603627	13.9868331777345	FBgn0031930		protein_coding	34042
FBgn0035083	2068.30638200516	1.10469513603234	0.27731113605131	15.5051033873898	8.22828047099499e-05	0.00104114861203192	168.629416521388	101.959201590097	FBgn0035083	Troponin C-akin-1	protein_coding	37989
FBgn0038750	287.22402735085	-1.05349109486509	0.265486751041769	15.4905485321265	8.29188287237876e-05	0.00104619870755499	4.71842984705235	13.1867301616049	FBgn0038750		protein_coding	42374
FBgn0014028	3148.72521006705	1.11514894805769	0.280423927203624	15.4412953733522	8.5108034057543e-05	0.00107228838344682	175.715492893601	114.101814329247	FBgn0014028	Succinate dehydrogenase, subunit B (iron-sulfur)	protein_coding	35590
FBgn0050339	256.007669604237	1.26849879784671	0.318881594672814	15.4185386085956	8.61390789242816e-05	0.0010806538992319	17.1991309734428	9.2003119667378	FBgn0050339		protein_coding	246549
FBgn0011603	704.792874922533	1.00321684728522	0.253819558457129	15.3422612455673	8.96875444532768e-05	0.0011203965949241	16.8456717069267	9.67060247358989	FBgn0011603	inebriated	protein_coding	33659
FBgn0028544	7356.19624016127	1.06142129680747	0.268063763137293	15.3393545078061	8.98256393857988e-05	0.00112053678962624	366.347115995712	255.224666848309	FBgn0028544		protein_coding	34812
FBgn0284223	177.051690912887	-1.35140894769969	0.340891201008961	15.3296136464974	9.02899754577787e-05	0.00112315642710296	0.839796615206621	2.94330942684284	FBgn0284223		protein_coding	30522396
FBgn0039298	25.1535235967271	2.32986540228138	0.587387275068114	15.3052713218366	9.14609344287554e-05	0.00113612232471838	2.2917132368195	0.438917763982252	FBgn0039298	takeout	protein_coding	43036
FBgn0000055	24294.842938799	1.06689477779811	0.269807528580535	15.2932579698424	9.2044442180149e-05	0.00113908231931209	1760.04282056271	1155.9505601217	FBgn0000055	Alcohol dehydrogenase	protein_coding	3771877
FBgn0033782	862.968595367986	1.49721979641922	0.375030129869366	15.2976509469886	9.18306350509824e-05	0.00113908231931209	44.5612122397556	19.1672600907679	FBgn0033782	sugarbabe	protein_coding	36424
FBgn0035265	295.016244925435	1.71301057371724	0.427342400170089	15.2774621846676	9.28173736158163e-05	0.0011465217395453	10.651466060088	3.61454634604794	FBgn0035265	Phosphatidylinositol glycan anchor biosynthesis class W b	protein_coding	38220
FBgn0003372	17259.8587382731	1.08205043347054	0.273853550313878	15.2604962946655	9.36548382690752e-05	0.00115363951407597	300.040971524203	152.180490857437	FBgn0003372	Salivary gland secretion 1	protein_coding	33701
FBgn0023537	3797.64611132008	1.16337170408369	0.294265134564706	15.228890316816	9.52352928922433e-05	0.001169844376668	115.231176348493	77.8082134333842	FBgn0023537		protein_coding	30995
FBgn0033904	23.391963779699	2.31712826130041	0.588039248381582	15.1390017434618	9.98784361460075e-05	0.0012217816454869	2.37300715827328	0.531257308581741	FBgn0033904		protein_coding	36567
FBgn0262524	66.9868423712994	1.05149140691085	0.270444234504934	15.1022398913812	0.000101842377650874	0.0012440828207642	8.83225219184492	4.70958124892517	FBgn0262524	verrocchio	protein_coding	39432
FBgn0036471	5259.34446171499	1.54250010282798	0.388909442523722	15.0381287186607	0.000105360872098563	0.00128196811685637	839.349169799821	292.115573080234	FBgn0036471		protein_coding	39638
FBgn0030817	77.3695025218051	1.74631866361415	0.441976041040607	14.9922392745132	0.000107954231327082	0.00130788994661287	3.05110863957982	0.986270072927578	FBgn0030817		protein_coding	32695
FBgn0050031	5036.97695652883	1.29289717707397	0.329856415508859	14.8787330708729	0.000114648254918805	0.00138518931250737	465.609496117948	269.506806455844	FBgn0050031		protein_coding	246404
FBgn0039326	55.8468555535066	2.21324050227279	0.557051913923907	14.8721197764516	0.000115050912270423	0.00138815526936117	2.52340759844055	0.64293894205107	FBgn0039326		protein_coding	43066
FBgn0051041	161.926739526328	1.91921240524424	0.4858739901991	14.6995339333168	0.000126077616694538	0.00151087857618203	18.3845910728552	7.71475452955752	FBgn0051041		protein_coding	318567
FBgn0003360	15846.6863398251	1.15080107721798	0.296426642314535	14.6894706622301	0.000126752458056065	0.00151690746551648	578.965119320975	411.340477399455	FBgn0003360	stress-sensitive B	protein_coding	32007
FBgn0039323	74.6130924807649	1.14371900642387	0.297605465473961	14.6562099021332	0.000129008899734447	0.00153973865196572	3.6145598777394	1.93367522652653	FBgn0039323		protein_coding	43063
FBgn0013279	170.566902486963	5.68745801420005	1.24007341557179	14.6483830929377	0.000129545729420805	0.00154405922030304	6.81696916641965	0.0864785862514183	FBgn0013279	Heat shock protein 70 Bc	protein_coding	48583
FBgn0037765	25.5181828862876	2.21125828439363	0.570291051562836	14.6381726495815	0.000130249431231925	0.00154618679655963	2.54151169015947	0.963580405704628	FBgn0037765		protein_coding	41214
FBgn0261508	67.4712392181086	-1.86712700516561	0.47859235305548	14.6421542190714	0.000129974565632906	0.00154618679655963	26.852287250611	110.062686759833	FBgn0261508		protein_coding	10178806
FBgn0033423	3335.54782916968	1.06082514969663	0.274549594394191	14.6101176086264	0.000132202857665372	0.00156516841675679	131.443034962258	82.5354484426362	FBgn0033423	Alkaline phosphatase 6	protein_coding	35981
FBgn0036589	828.56779978842	1.51702160339383	0.39005569479514	14.4995200040733	0.000140195260399291	0.00165182800429408	126.567764386883	72.1441649376747	FBgn0036589		protein_coding	39785
FBgn0003117	389.923877549574	1.22742395841887	0.320317901221652	14.3017208845624	0.000155722452994152	0.00181443364755192	10.7150668261406	4.08021405776663	FBgn0003117	pannier	protein_coding	44849
FBgn0020545	1375.30758398596	1.07534835969239	0.281698002718905	14.2592417671369	0.000159276772256563	0.00185096375338153	68.2734574863939	47.8928074179799	FBgn0020545	kraken	protein_coding	33265
FBgn0038878	320.783359993225	1.0546900773533	0.277495086577344	14.1857549178229	0.000165619611450356	0.00191710669505838	31.894074070393	19.0200795990682	FBgn0038878		protein_coding	42528
FBgn0036145	28.5411987452037	1.82164594337239	0.4813529541776	14.1736473403094	0.000166688793291797	0.00192695735910098	4.72736597346654	1.89781154763044	FBgn0036145		protein_coding	39263
FBgn0033952	74.8871162318727	-2.06634443310349	0.538464454512668	13.988261150998	0.000183955556560109	0.00211803757089539	0.52630757658419	3.90446835277936	FBgn0033952	Adenosine deaminase-related growth factor E	protein_coding	36627
FBgn0052564	629.421794738019	2.53020438093809	0.640253715547261	13.9835508467808	0.00018441699411442	0.00211803757089539	28.652208433376	6.88870444228118	FBgn0052564		protein_coding	326222
FBgn0037646	91.9386516431526	1.26869950630314	0.336448213032085	13.9661599415271	0.000186130789175957	0.00213494432467799	7.20258610487186	3.31440502297157	FBgn0037646	Carbonic anhydrase beta	protein_coding	41070
FBgn0000299	18748.6712564781	1.12351363413875	0.297065325673024	13.9571079690767	0.000187029159303665	0.00214246632291824	186.348466525503	136.747202438623	FBgn0000299	Collagen type IV alpha 1	protein_coding	33727
FBgn0023129	1675.20278440356	1.27067309659091	0.335147269173273	13.9415771879696	0.000188580711909113	0.00215744151241099	75.4862876319303	42.5665839631835	FBgn0023129	astray	protein_coding	39085
FBgn0004394	93.3021314980887	-1.3539299606844	0.360224142744271	13.8413599896692	0.000198909202260123	0.002261268269225	0.807776222824551	2.64141439065152	FBgn0004394	POU domain protein 2	protein_coding	34673
FBgn0035041	164.223508845839	-1.11251003628932	0.297003738330848	13.8381920469602	0.000199244826816408	0.002261268269225	1.57272781492108	4.74812295472539	FBgn0035041		protein_coding	37940
FBgn0038874	288.131225261181	1.01870066798995	0.271703692246868	13.8362734547678	0.000199448367496182	0.002261268269225	6.14034427521593	3.22688028627676	FBgn0038874	ETHR	protein_coding	42523
FBgn0036551	973.917481455917	1.18166475134782	0.314015383176835	13.797804801738	0.000203573951134043	0.00230213205687051	67.0683441362659	39.9673942736854	FBgn0036551		protein_coding	39740
FBgn0031384	378.637982316889	-1.05721445807957	0.282231679055447	13.7813851527383	0.00020536096158461	0.00231640870078579	3.36687177232473	6.85763784875204	FBgn0031384		protein_coding	33377
FBgn0034884	100.090762751237	1.17487752446906	0.314704291799028	13.7335657891257	0.000210655872479223	0.00236706446022455	8.59958654949952	5.23979872802138	FBgn0034884	Entomoglyceroporin 3	protein_coding	37738
FBgn0036749	55.3611851882263	1.68911232986667	0.448703935536648	13.7298505645903	0.000211072963055657	0.0023687374964518	2.36270169649961	0.858533430952449	FBgn0036749		protein_coding	39973
FBgn0003089	191.746577668032	1.33980755652294	0.356504491112154	13.7242254304901	0.000211706054241047	0.00237282724753417	9.66005813462666	4.74229113153595	FBgn0003089	pipe	protein_coding	40104
FBgn0021906	2102.18809945362	1.22968054965433	0.327844048396983	13.6700437592254	0.000217902862335488	0.00243609883562916	161.354098992497	110.689456719694	FBgn0021906	Rieske iron-sulfur protein	protein_coding	44390
FBgn0052573	438.954609798983	-1.45500799961055	0.38763376633147	13.577731136968	0.000228884722065807	0.00254919276832939	8.00707229290064	29.3168112712293	FBgn0052573		protein_coding	32638
FBgn0036377	80.0300443440594	1.76463574350229	0.471501368330027	13.4259241334374	0.000248170731846177	0.00273980487958179	2.4015304735507	0.76005467231483	FBgn0036377		protein_coding	39525
FBgn0260767	108.856230786927	1.24384028927119	0.336598484033844	13.3811180746271	0.000254170166416363	0.00279555530484348	9.32488746781294	4.81065644881783	FBgn0260767		protein_coding	37598
FBgn0035600	3108.68507296045	1.13026132812763	0.305506449008143	13.3552853028483	0.000257695335774627	0.00282377817067184	158.860909302526	112.540510581494	FBgn0035600	Cytochrome c1	protein_coding	38612
FBgn0034477	71.7557402799273	-2.03005421925054	0.542096366875463	13.3487652791954	0.000258592827462828	0.00282797867010842	0.435743763188229	2.67191259339151	FBgn0034477		protein_coding	37273
FBgn0035298	703.813069967012	1.23309664098475	0.332844399203773	13.3478500428716	0.000258719063116803	0.00282797867010842	22.2470705543603	15.4257432929965	FBgn0035298	Succinyl-CoA:3-ketoacid CoA transferase	protein_coding	38261
FBgn0035607	415.32892709855	1.45062345118113	0.389897299114913	13.3305970633296	0.000261110367599072	0.00285058932834981	7.58286025626307	3.84185476102672	FBgn0035607		protein_coding	38619
FBgn0085341	25.9360640900018	-1.87860577654313	0.513337024639363	13.2998428005448	0.000265428370578616	0.00289058368551213	0.572407906895539	2.88665923976101	FBgn0085341		protein_coding	5740793
FBgn0030338	155.428701133567	5.5398832509297	1.27459778731058	13.282540061667	0.000267889299079111	0.00291020699811403	41.9225241957382	0.63359348094354	FBgn0030338		protein_coding	32137
FBgn0031692	398.666735569084	1.54382178140755	0.41593450038933	13.2054580242165	0.000279135018078597	0.0030138392172007	50.1012741156824	28.603228053585	FBgn0031692	Troponin C at 25D	protein_coding	33752
FBgn0030586	681.568672505976	-1.33621247351227	0.362114770880052	13.187518853836	0.000281819768235776	0.00303911134683562	8.37280653519058	28.8638609619137	FBgn0030586		protein_coding	32412
FBgn0000639	684660.359913278	-1.43126761626807	0.387177795171407	13.1392263767306	0.000289177234034476	0.00311465040364938	6412.46262359462	14719.9423120383	FBgn0000639	Fat body protein 1	protein_coding	39566
FBgn0038700	348.314556613408	1.30570597398333	0.355075085811484	13.1282851961032	0.000290870875922919	0.0031234776349259	14.8142636235108	8.96964749238075	FBgn0038700		protein_coding	42318
FBgn0033271	58.5066445798731	2.34063909156839	0.623340284595359	13.1217081079398	0.000291893786212055	0.00312864796095251	2.40423186720014	0.788923821785718	FBgn0033271		protein_coding	35792
FBgn0037782	1383.47823689152	1.39905601928662	0.380753424491293	13.0145932923759	0.000309072887237099	0.00329280065148137	187.373758910949	116.26680986178	FBgn0037782	Niemann-Pick type C-2d	protein_coding	41232
FBgn0053307	425.630864271095	1.03679873183664	0.284810481108017	13.0096785674783	0.000309885129709595	0.00329747646457246	68.3142494626706	46.2723347789715	FBgn0053307		protein_coding	2768914
FBgn0038530	143.441892591196	2.76731160532406	0.723891747669771	12.9481552458107	0.000320236901402153	0.0033912857472228	21.6230104425678	3.4286146168589	FBgn0038530	Attacin-D	protein_coding	42122
FBgn0029969	1066.76692982087	1.13636696363917	0.312117536425914	12.9394101584995	0.000321736369786585	0.00340308457240134	42.0169060153876	28.2058130164626	FBgn0029969	Acetyl-CoA acetyltransferase 1	protein_coding	31695
FBgn0259998	20857.2325672785	1.41519357130629	0.386221289535853	12.9210012757566	0.000324916010735193	0.00343260551054213	1648.49338084187	958.455271174874	FBgn0259998		protein_coding	35409
FBgn0030369	54.717488638402	1.44164582908085	0.397771136417464	12.9147135283749	0.000326009294814135	0.00344004073094199	2.17831990665496	1.18912327252759	FBgn0030369	Cytochrome P450 318a1	protein_coding	32172
FBgn0030666	51.6831888558668	1.06940795195071	0.297646554706111	12.904604195013	0.000327774840416698	0.00345454342548959	2.23550411755069	1.3770352728551	FBgn0030666		protein_coding	32502
FBgn0033524	69.1811042362519	1.74714562250237	0.477475301041556	12.8703560179253	0.0003338280958419	0.00351414748805203	2.21698745722201	0.724464165566927	FBgn0033524	Cytochrome P450 49a1	protein_coding	36105
FBgn0029994	1595.02041121262	1.01489033343958	0.280365693121316	12.8501219783571	0.000337457245670137	0.00354812189733173	79.5129988948316	46.6611811849933	FBgn0029994	Lipid droplet subset dehydrogenase 1	protein_coding	31726
FBgn0033296	108.687542418033	-1.77773831452099	0.485858286300686	12.790875365584	0.000348314096359326	0.00363630035348175	0.933178953820675	5.05683884816825	FBgn0033296	Maltase A7	protein_coding	35829
FBgn0037127	1096.25850430087	1.11805702921415	0.308938814624675	12.7939812346534	0.000347736298066124	0.00363630035348175	119.764464066037	86.4115344652055	FBgn0037127		protein_coding	40421
FBgn0287423	2805.1991580046	3.88754333713183	0.97065149825432	12.7283619463406	0.000360151849010258	0.00373779216270105	611.19731116813	49.383109255563	FBgn0287423	Neuropeptide-like precursor 2	protein_coding	50286
FBgn0052071	141.534678031963	6.40926230969611	1.46790897613958	12.6487919841361	0.00037580843145599	0.00387750007782629	40.0765652442642	0.673322309662484	FBgn0052071		protein_coding	39246
FBgn0037167	84.8450599046812	1.53946511404835	0.426853822761018	12.6034738720113	0.000385030486390445	0.00396339074102612	5.63036711072488	3.17914359605454	FBgn0037167		protein_coding	40472
FBgn0262613	82.4785808559225	1.58726704144338	0.440589856304782	12.5596174812255	0.000394172424423372	0.0040433575522732	22.4360523537788	11.5381745953481	FBgn0262613		protein_coding	12798276
FBgn0035779	492.836828802124	1.40071355101107	0.38909931948781	12.5058023030038	0.000405690088906151	0.00414705424215176	24.1099161725242	12.4191357995572	FBgn0035779		protein_coding	38828
FBgn0033879	3411.00751908359	1.03658879859346	0.290608322429817	12.462123274282	0.000415287606340089	0.00424025449617996	216.752295742324	151.209200124214	FBgn0033879	Enoyl-CoA hydratase, short chain 1	protein_coding	36536
FBgn0030270	72.6320017732702	1.62257711341767	0.452869205960393	12.4098730415881	0.000427069900415325	0.00433169345072056	13.7602106968073	6.83724312929946	FBgn0030270		protein_coding	32051
FBgn0036089	25.1932694693025	-2.34205718075843	0.657382790397227	12.4093663193591	0.000427185801129711	0.00433169345072056	0.856152552500392	5.38246615631872	FBgn0036089		protein_coding	39201
FBgn0051373	271.736305746801	1.11340780826105	0.313501971474784	12.3587374228832	0.00043892742451008	0.00443040801516917	28.2498653345702	18.3739265063966	FBgn0051373		protein_coding	318700
FBgn0033448	2186.7075893738	1.00351212270487	0.282909363945014	12.3417925024829	0.000442929516201963	0.00446570032773486	75.1789753909158	47.2900206229349	FBgn0033448	hebe	protein_coding	36011
FBgn0035734	107.652558841522	1.35089227253468	0.379912724773367	12.3325629086064	0.000445124852724986	0.00447761127479165	5.81359249037013	2.40738006913615	FBgn0035734		protein_coding	38772
FBgn0037115	99.0076233830971	-1.38056983982746	0.388982061187961	12.3329577399621	0.000445030714354139	0.00447761127479165	1.23039973075782	3.53089129184095	FBgn0037115		protein_coding	40409
FBgn0036575	55.843605600083	1.49043632499733	0.420131865944696	12.3231393145397	0.000447377662722046	0.00449515303431298	3.25745465826333	1.36114191872217	FBgn0036575		protein_coding	39771
FBgn0050502	312.514315987973	1.51842398118152	0.42389570479608	12.3200995213305	0.000448106808893554	0.00449736288198621	17.45413831609	8.02650689410669	FBgn0050502	fatty acid 2-hydroylase	protein_coding	35670
FBgn0031378	46.7405254297384	2.07001359061835	0.578468815692232	12.1942239334308	0.000479377146674126	0.00478943321202023	4.87963114801379	1.27847833872949	FBgn0031378		protein_coding	33371
FBgn0002569	155.258436652533	1.36420365298517	0.385583369971371	12.1595413226468	0.000488373857625039	0.00485733998935174	5.58112570741541	2.20125052382302	FBgn0002569	Maltase A2	protein_coding	35825
FBgn0035160	162.224109380331	1.00354121401992	0.285798531688658	12.1607999306353	0.00048804441239587	0.00485733998935174	8.95131091046053	4.30987141955805	FBgn0035160	hinge3	protein_coding	38090
FBgn0031905	176.883212417219	-1.22525947617839	0.347897482350888	12.147529423591	0.000491529331031069	0.00488322502999595	2.15150825459588	5.38935642023382	FBgn0031905	gudu	protein_coding	34014
FBgn0052483	534.403963482901	1.15466302261292	0.327387442961058	12.1430838219943	0.000492702381361284	0.00488937913728411	28.2884684798536	13.7819804137381	FBgn0052483		protein_coding	318050
FBgn0036595	64.3668932983784	1.28197818082985	0.365461788183173	12.1289381664358	0.000496453794831263	0.0049048324737643	6.76953688395036	4.15492893583602	FBgn0036595		protein_coding	39791
FBgn0038466	937.032658597829	1.10296655548297	0.313131389196901	12.1288359601356	0.0004964810044775	0.0049048324737643	24.8929726631275	13.1146352744553	FBgn0038466		protein_coding	42050
FBgn0035193	135.299157398965	-1.18544259017645	0.338161969979965	12.0914550108926	0.000506534301781964	0.00498741466369934	3.7475681568735	10.9330150088445	FBgn0035193		protein_coding	38134
FBgn0034247	125.470347014333	1.71850555524983	0.483597842652448	12.0499997835823	0.000517923855775062	0.00507691841754201	4.78202915452619	2.47819945269118	FBgn0034247		protein_coding	36994
FBgn0260955	34.2443517452888	-1.96568041104353	0.559481652880815	12.036983185538	0.000521553142808985	0.00510682633845783	11.2093084968808	65.1129536380764	FBgn0260955		protein_coding	8674060
FBgn0042101	161.547162358958	1.37506774835213	0.390731463398387	12.0199259300339	0.00052634793894908	0.00514806754905678	8.30562587725266	3.82039801584184	FBgn0042101		protein_coding	59140
FBgn0030148	2059.05991451701	2.07685249492554	0.576194066908511	12.01071228605	0.000528956379244591	0.00516785701492061	49.3618464469043	19.032186246796	FBgn0030148		protein_coding	31909
FBgn0037354	1163.53122735782	1.13270017867342	0.324077978109399	11.924173404967	0.000554102078415296	0.00538375088730902	74.379459424214	54.0312233229751	FBgn0037354		protein_coding	40690
FBgn0040923	38.4564335031887	1.36050464980234	0.392972962608729	11.9011312489647	0.000560998633599568	0.00544476915599054	19.5460814414464	8.92809650371661	FBgn0040923		protein_coding	50397
FBgn0032225	67.3176015486599	-1.16029757822942	0.335243386632539	11.8988595705478	0.000561683226479426	0.00544526589352864	0.934111712440488	2.68202312124863	FBgn0032225		protein_coding	34398
FBgn0032779	1499.22538700994	1.0450784945062	0.29986409792632	11.8968720040895	0.000562282891179588	0.00544526589352864	50.906495394097	25.7499786668064	FBgn0032779	Alkaline phosphatase 12	protein_coding	35218
FBgn0033048	131.812741714635	1.69523122857307	0.480694006272568	11.881521114713	0.000566936205534363	0.00547831571912417	4.09954509340842	1.83737754759834	FBgn0033048		protein_coding	35521
FBgn0288447	64.9226886725249	-2.28715958982698	0.64182572455873	11.8663489766136	0.000571573541096359	0.00551709018028748	1.3867751662846	5.12332295648322	FBgn0288447	Baramicin A2	protein_coding	36486
FBgn0266439	276.415943077895	1.28885892976565	0.369889365183159	11.7855585486401	0.000596919796666916	0.00574917736549858	42.9220610994282	22.331530497058	FBgn0266439		protein_coding	19836003
FBgn0000241	583.857008525655	-1.70297921757748	0.484075536791671	11.7479320410277	0.000609108770816202	0.00585380703356768	7.23414869815438	20.8106138579001	FBgn0000241	brown	protein_coding	37724
FBgn0030668	505.113865954644	1.47971529814999	0.424128681062405	11.6951412289631	0.000626635134838706	0.00600264805953954	19.9653704904546	12.0020008016354	FBgn0030668		protein_coding	32504
FBgn0036070	25.8096778379123	-1.86453697978997	0.54483656892405	11.6794920741455	0.000631927822971078	0.00604678930929638	0.502334235737374	2.19803258106103	FBgn0036070		protein_coding	39181
FBgn0250821	107.999731968353	1.26955027354584	0.369320241555695	11.5791856532976	0.000666941425057513	0.00633379211409457	7.40782892861226	3.7568328892336	FBgn0250821		protein_coding	40536
FBti0018968	552.977701863701	-1.53313175696187	0.441779903011391	11.542345994232	0.000680287430689132	0.0064535967646041	2.5519649116404	10.201588606305	FBti0018968		transposable_element	NA
FBgn0032810	50.0543287940603	1.62588914487702	0.472131439695111	11.5158943289954	0.000690036252961207	0.00651807506540468	5.33448214205451	2.32061476904279	FBgn0032810		protein_coding	35252
FBgn0036978	95.967186462324	1.29660168496171	0.377969233385152	11.5163761128009	0.000689857434687765	0.00651807506540468	2.13965103919839	0.994238143340908	FBgn0036978	Toll-9	protein_coding	40245
FBgn0263390	305.998147570506	1.06834841973973	0.312307471792417	11.4779792875517	0.000704256600275224	0.0066311239804166	9.19510713779357	5.39286914509236	FBgn0263390	Na[+]/H[+] hydrogen antiporter 2	protein_coding	42710
FBgn0259229	274.414302135556	1.54815846380161	0.450814076831281	11.3130358569404	0.000769648316814509	0.00716283870822523	8.84554734941281	2.48285215519232	FBgn0259229		protein_coding	33312
FBgn0034662	9595.56896265294	1.09500243714798	0.322092393496108	11.2913784329482	0.000778678460949941	0.0072319885151599	71.4978689134049	38.6453955547706	FBgn0034662		protein_coding	37487
FBgn0038832	95.0722187307391	1.06850613662413	0.316099312878884	11.2912885632464	0.000778716154655464	0.0072319885151599	2.12127113578526	1.24015460841649	FBgn0038832		protein_coding	42468
FBgn0034429	75.4281385692261	-2.07066784130471	0.598282954089525	11.2803674075077	0.00078331052702922	0.00726701530958201	1.81718425330538	13.4002877654274	FBgn0034429	Arylalkylamine N-acetyltransferase-like 4	protein_coding	37213
FBgn0032066	164.127830074318	-1.43062497168003	0.41928033840888	11.2694413499398	0.000787934373307294	0.00730224174716686	1.1869014188806	4.83640327454153	FBgn0032066	Lysosomal alpha-mannosidase III	protein_coding	34203
FBgn0036997	51.5871081522598	1.38398226713825	0.40888602151841	11.265889120276	0.000789443590644365	0.00730855953099689	2.84916380402989	1.40148507921237	FBgn0036997		protein_coding	40268
FBgn0035743	2584.65967428466	1.20183532005672	0.353569343212869	11.2389113216887	0.00080100126043165	0.00740779385563595	738.977157112472	478.596336967608	FBgn0035743	Acyl-CoA binding protein 6	protein_coding	38782
FBgn0036221	60.9761594554803	-1.49853679860337	0.442898999243226	11.2229361694902	0.000807925699752904	0.00745621711621489	1.85349895774153	5.26405972928308	FBgn0036221		protein_coding	39347
FBgn0028325	2862.33890507352	1.00065276930711	0.295906590014986	11.216543034996	0.000810713728461386	0.00747413742147282	103.136305521078	74.2281420236307	FBgn0028325	Pyruvate dehydrogenase E1 alpha subunit	protein_coding	31406
FBgn0034076	89.2294148769634	-1.10617573344486	0.328988954411515	11.1949818509967	0.000820188398566009	0.00755360160180916	1.70438060910299	4.32643545147427	FBgn0034076	Juvenile hormone esterase duplication	protein_coding	36779
FBgn0037420	795.404638600212	1.88177625221593	0.544739746292241	11.1867557706971	0.000823832623625055	0.00757926013735051	98.2310105155118	54.0781942692531	FBgn0037420		protein_coding	40767
FBgn0053302	96.8942800322786	2.39043400631736	0.685794960443873	11.1146289151562	0.000856494595045238	0.00783892255278709	3.47900609996094	1.72601665900748	FBgn0053302	Cuticular protein 31A	protein_coding	2768918
FBgn0038916	39.059753197474	1.19916895398616	0.359506686224635	11.0948549123508	0.00086567556328365	0.00790656315917393	3.75747461730089	2.28723479616575	FBgn0038916	dead end	protein_coding	42580
FBgn0026872	159.163526319702	1.00151626890584	0.298804695532865	11.0800707252449	0.000872604724388103	0.00794520095442858	12.7480226099353	9.27383962703866	FBgn0026872		protein_coding	31099
FBgn0038718	852.792924667017	1.00523192854753	0.299938384982609	11.0236276442572	0.000899578523538054	0.00815716377811919	33.6697409686056	16.4166351760688	FBgn0038718		protein_coding	42337
FBgn0262362	52.3798878576311	-1.75678003401842	0.521006933145104	11.0028870516587	0.000909700777597133	0.00823204638087897	4.33201989092305	13.7778722439555	FBgn0262362		protein_coding	12798056
FBgn0032144	25168.8981326659	1.13538511047943	0.33810060942978	10.9978865115573	0.000912158424574838	0.00824583746759976	1431.03367295889	746.64544300468	FBgn0032144		protein_coding	34297
FBgn0038143	113.351201847011	1.10341936456249	0.331385252951772	10.9156042826281	0.000953576057984611	0.00856502447194762	3.00107273888662	1.60777998896262	FBgn0038143		protein_coding	41644
FBgn0042206	229.932988119277	-1.18913278761995	0.356896856039033	10.8485816357309	0.000988714583560313	0.0088473426565397	8.05862683915727	27.0429811590996	FBgn0042206	Glutathione S transferase D10	protein_coding	59240
FBgn0051787	48.3441786568615	-1.69916899304528	0.509712681543192	10.8395707497096	0.000993537619526012	0.00888150228305034	1.19790665830428	5.39335976454818	FBgn0051787		protein_coding	318941
FBgn0050025	317.374271267525	1.51961373249776	0.453036475396108	10.7988818793804	0.00101561418543762	0.00906050958160106	33.3653895415214	14.5062344436471	FBgn0050025		protein_coding	246398
FBgn0051446	240.011804750751	1.2289234265105	0.37016022647651	10.7435425076995	0.00104643824066653	0.00929793012230061	24.291406794472	11.1934177301783	FBgn0051446		protein_coding	318741
FBgn0023525	110.834411861718	1.14410928380469	0.346391032850914	10.7238850342299	0.00105761378145073	0.00937006463310145	6.87568018939616	3.94502133007061	FBgn0023525		protein_coding	31209
FBgn0039299	5287.69158492834	-1.26023657481217	0.379297273369372	10.7074787899221	0.00106703332911747	0.00944292421118787	185.459254977264	464.860836823767	FBgn0039299		protein_coding	43037
FBgn0032068	3354.82095027527	1.04056430726496	0.315333762101665	10.6633713237673	0.00109278031436336	0.00963217139366981	62.9407619348696	47.7233306172399	FBgn0032068	Lysosomal alpha-mannosidase V	protein_coding	34205
FBgn0050074	10.8775342705843	-2.59384923449694	0.812871468018144	10.6072450178824	0.00112645402442343	0.00988950491422243	0.31105466047357	3.34122577034117	FBgn0050074	Odorant-binding protein 50d	protein_coding	246436
FBgn0039052	156.862165546448	1.27894657930948	0.388100769286847	10.5791588635666	0.00114369685183642	0.0100026702860912	8.68141868136544	5.14134617224436	FBgn0039052		protein_coding	42731
FBgn0052694	190.220122617072	1.14440419009483	0.34814875619893	10.5788722092949	0.00114387420617665	0.0100026702860912	5.69189850539691	3.82761508486369	FBgn0052694		protein_coding	31933
FBgn0261842	105.871385789918	2.76143067146901	0.799851306778698	10.5733327872228	0.00114730694205078	0.0100227645026632	5.09940416700397	0.410272910802521	FBgn0261842		protein_coding	10178960
FBgn0085466	41.7080113430492	1.55109863973222	0.472721587388569	10.5503535658476	0.00116165864106579	0.0101281037688974	4.31634174447723	2.30010931135143	FBgn0085466		protein_coding	5740179
FBgn0030984	116.742921393031	1.09413160850161	0.334401766641172	10.5361365296408	0.00117062872536964	0.0101761741165991	6.63430657255563	3.43648792394759	FBgn0030984	twiggy	protein_coding	32896
FBgn0040764	69.34103038107	3.33729885361606	0.951238627116183	10.5301396758795	0.00117443335998894	0.0101992088843877	56.7104479117419	2.32149828154706	FBgn0040764		protein_coding	50237
FBgn0011227	240.851543730838	1.24611131322738	0.381341896181822	10.4021633119396	0.0012586776899726	0.0108033443710768	135.827871532808	85.59074855561	FBgn0011227	oxen	protein_coding	45401
FBgn0040349	701.86690034515	1.03540860583383	0.318645842155184	10.3516299661917	0.00129360410412261	0.0110174652339545	73.8153308328163	40.8703612873805	FBgn0040349		protein_coding	31046
FBgn0032318	25.139281319357	2.20632169576982	0.674251565716236	10.2926488823062	0.00133561220882955	0.011353346514324	3.82474603718372	0.73018181504787	FBgn0032318		protein_coding	34513
FBgn0036361	532.529465802896	1.40129296619983	0.430987197836567	10.195605725465	0.00140775711217495	0.0119321600909109	33.3537803088223	23.908293682271	FBgn0036361		protein_coding	39509
FBgn0051010	45.6274654359258	-1.70569658167629	0.52920741262798	10.1465107273597	0.00144574633212224	0.0122189776127307	0.569675070245399	3.09167143105446	FBgn0051010		protein_coding	318555
FBgn0034512	941.57603374859	-1.01943416797876	0.31742394402661	10.1172464274687	0.00146888287626238	0.0123908056954626	50.8132093443596	100.246989522369	FBgn0034512	Bombardier	protein_coding	37314
FBgn0287831	704.709457686462	1.14302330858442	0.356139507879799	10.0530489656174	0.00152096008359765	0.0127328146524497	36.1722716760572	23.5909449920882	FBgn0287831	speck	protein_coding	37867
FBgn0038739	563.862153634214	-1.03844917882369	0.328224045428281	9.81803676395472	0.00172808706014868	0.0142506675212261	23.3181167590752	51.5300440585018	FBgn0038739		protein_coding	42361
FBgn0038674	135.961261367547	1.05297386243792	0.335016509887188	9.72549974366984	0.00181728901364192	0.0148613857115606	10.8421332759169	6.78687297982864	FBgn0038674		protein_coding	42281
FBgn0264272	362.867391607564	-1.06815694582499	0.339474965207373	9.70603505213168	0.00183663848365962	0.0149918586762308	3.0025692506666	8.04285560559948	FBgn0264272	multiple wing hairs	protein_coding	38131
FBgn0050008	58.3738373258828	1.56787873062754	0.497151308149132	9.65706390966236	0.00188624852016799	0.0153684012270514	5.32674774140735	2.29233991293234	FBgn0050008		protein_coding	246388
FBgn0039454	88.086466612065	1.00718058867073	0.32264522037798	9.6418854531421	0.0019018990962958	0.0154673782858973	6.81232545867156	4.35909024054931	FBgn0039454		protein_coding	43221
FBgn0286199	52.7190360541919	-1.08140249953639	0.349599984430572	9.57489113127948	0.00197256549691756	0.0159391254974834	1.1291553678264	3.10272997782565	FBgn0286199	sheepish	protein_coding	42892
FBgn0029946	54.833551282288	-1.69776880749166	0.540578054164129	9.55637802243343	0.00199255874231291	0.015969400010987	1.7903218837334	6.75119302814645	FBgn0029946		protein_coding	31670
FBgn0031861	55.1529802802364	-1.30198218560696	0.419217129884339	9.52553132727452	0.00202632913853269	0.0161813191243406	1.76353025527224	4.47657863281037	FBgn0031861		protein_coding	33956
FBgn0051226	107.795552166349	-1.90340349240179	0.600784080639303	9.49206059861031	0.00206362923566651	0.0164346018119086	10.2347608614344	49.1322239815712	FBgn0051226		protein_coding	318633
FBgn0036620	48.6374505980196	-2.31140659582348	0.72504005010555	9.47057112877233	0.00208794357529143	0.0165833791879262	0.706316909026606	5.12073917033203	FBgn0036620		protein_coding	39817
FBgn0033720	364.799833058587	1.06870251032156	0.344003734294001	9.45839504522324	0.00210184898152983	0.0166638511713389	8.10669753443959	5.1279037360858	FBgn0033720		protein_coding	36343
FBgn0031940	858.923815627606	3.42115104654532	1.01333619951088	9.45017886130175	0.00211128511079489	0.0167086649628499	72.3007908768173	3.76829407671466	FBgn0031940		protein_coding	34053
FBgn0035608	59.8521509737288	1.48579122471257	0.477120538192388	9.45035136191968	0.00211108655629692	0.0167086649628499	3.34714056916872	2.00176759210196	FBgn0035608	blanks	protein_coding	38620
FBgn0051245	39.5674695654813	-1.55821526634688	0.505593054475512	9.35725972640012	0.00222103962363956	0.0174521547651108	0.976996305035074	5.34879313017547	FBgn0051245		protein_coding	42316
FBgn0039748	57.4828385032634	1.543205448588	0.497143462691996	9.35394284310127	0.00222506272950281	0.0174682258017501	5.044386435931	1.87469956504644	FBgn0039748		protein_coding	43584
FBgn0028520	64.5618275183937	-1.62554135445927	0.524845016413033	9.30005168329395	0.00229147393417619	0.0179258616356458	1.27608541564902	6.26142669654889	FBgn0028520		protein_coding	34948
FBgn0033520	43.9918006799465	1.1717324834667	0.385812371143924	9.13984605262151	0.0025010214482109	0.0193593526999112	4.29426646215498	2.26827878163626	FBgn0033520	Peroxiredoxin 2540-1	protein_coding	246663
FBgn0036160	45.2928590879083	-1.72289004816476	0.565493104632002	9.0197925617338	0.00267071700813856	0.0205647538063467	0.520626428580729	2.42579296790291	FBgn0036160		protein_coding	39279
FBgn0033731	264.688118150935	1.05034741001814	0.346835741966094	9.00697411588507	0.00268951325455554	0.0206760255977077	20.8562328825025	14.7823735416436	FBgn0033731	Cuticular protein 49Ah	protein_coding	36354
FBgn0032370	47.2734882797314	-1.53349549766259	0.507567354124059	8.94044017070993	0.00278925498159575	0.0213359246984332	1.97007001473499	7.51864374622298	FBgn0032370		protein_coding	34584
FBgn0085456	37.381670630726	1.36120351264684	0.454446692037122	8.83581097373215	0.00295376352967374	0.022431332325089	3.68264456459086	1.95559303026203	FBgn0085456		protein_coding	5740165
FBgn0264832	27.0715668146727	4.11246581018617	1.26753701031428	8.773282334409	0.00305674875428923	0.0230936146951916	18.3685917876142	0.676009181721409	FBgn0264832		protein_coding	14462475
FBgn0051019	114.208060999934	1.00504295569453	0.337769489534106	8.73397923111646	0.0031233411872039	0.0234968904304811	3.88187011050194	2.08998898816109	FBgn0051019		protein_coding	318558
FBgn0032525	127.715471251594	-1.30956522363307	0.438535308539966	8.70025895791701	0.0031816484732667	0.0238340282577536	1.64544564123148	5.1730588605049	FBgn0032525	Heat shock protein 60D	protein_coding	34763
FBgn0035865	34.6535252252736	-1.13849191272537	0.387936461995347	8.67866073153508	0.00321957492501342	0.0240365898036505	0.656197774179649	2.10072218889719	FBgn0035865		protein_coding	38929
FBgn0037204	583.208426122867	1.26651489806533	0.42377752131196	8.66941351002143	0.00323595319219324	0.0241180916400428	38.0329606719244	22.9942927164904	FBgn0037204		protein_coding	40511
FBgn0032809	44.1145598365187	-2.31591062092566	0.762351452935155	8.62625693785391	0.00331351723875149	0.0245405140686313	1.05643286066451	2.70201321677353	FBgn0032809		protein_coding	35251
FBgn0051115	66.3198839990455	-1.24105174356807	0.420153524868459	8.60751283142476	0.0033477915633976	0.0247221530835515	2.42697887989382	7.53533934320513	FBgn0051115		protein_coding	318597
FBgn0051960	15.6024772060831	-3.06150082943762	1.01902729860783	8.59544742231496	0.00337004405694805	0.0247622538360775	0.206294703167232	2.56068439067063	FBgn0051960		protein_coding	319047
FBgn0050151	39.6466119545977	-1.11006672220417	0.381286359596766	8.49869257264743	0.00355401765762955	0.0257765252649992	1.54838068997591	4.55470100224702	FBgn0050151		protein_coding	246484
FBgn0050285	14.8433984895262	-2.57421769831231	0.871469366832389	8.4968096432038	0.00355769749751291	0.0257765252649992	0.53511185127314	4.2665080103276	FBgn0050285		protein_coding	246528
FBgn0051624	90.3094382017771	-1.60501557226987	0.540942758905196	8.48044370225409	0.00358984535355782	0.0259243778925778	3.25692929273989	9.18330696193901	FBgn0051624		protein_coding	35393
FBgn0038260	244.26790831029	-1.24325353885341	0.422302883649908	8.44987975820963	0.00365067576014175	0.0262349620126704	2.55980578990378	11.1134558134917	FBgn0038260		protein_coding	41789
FBgn0037860	26.7874905668381	-2.09741748673032	0.709428339524377	8.4456325189018	0.00365921146283677	0.0262749232843694	0.440091305449551	2.57499278041784	FBgn0037860	Succinate dehydrogenase, subunit C-like	protein_coding	41324
FBti0020099	307.764168060196	-1.43918671981944	0.486877537428943	8.41866537039908	0.00371388312632523	0.0266242011133964	1.73204830094339	5.0163795492846	FBti0020099		transposable_element	NA
FBgn0035299	37.0936436162073	-1.31587700894585	0.454566125684058	8.3492619866398	0.00385844020215185	0.0275933148707734	1.13276722541046	3.46413128099606	FBgn0035299		protein_coding	38263
FBti0019425	655.328337887186	1.6003994925918	0.541324588381067	8.3365056566743	0.0038856261483638	0.02772039591466	8.8383552905981	2.78218822796623	FBti0019425		transposable_element	NA
FBgn0053502	144.606893699806	1.62121014602759	0.550069856673343	8.31335501886124	0.00393546295200844	0.0280306522517246	8.77950612102402	4.68422877502746	FBgn0053502		protein_coding	2768875
FBgn0036056	48.677562755993	-1.28016473351229	0.441434192997573	8.28234817921961	0.0040032325241744	0.028421663708608	2.47599114069272	6.84523661667577	FBgn0036056		protein_coding	39166
FBgn0051454	61.3600496587338	1.77856809692165	0.605033077880917	8.24329645482852	0.00409027793473892	0.0288080819135679	2.34160654909931	1.11876783390053	FBgn0051454		protein_coding	318744
FBgn0032269	175.557919403429	-1.23542911477321	0.425344027159283	8.238256278028	0.0041016518521161	0.0288421888199756	2.38184325261803	6.89807432972038	FBgn0032269	world cup	protein_coding	34455
FBgn0284248	1013.56608905821	1.22250013658322	0.421680303587498	8.17009106891886	0.00425867685794491	0.0297803911396433	93.1687878681507	72.399754393856	FBgn0284248	Cytochrome c proximal	protein_coding	34996
FBgn0031585	164.742894875245	-1.42278969166906	0.490768118010621	8.1363488708089	0.00433865591548948	0.0302384567205713	1.91746215260443	7.3340448329514	FBgn0031585		protein_coding	33622
FBgn0051674	49.3464212178931	1.46817645324857	0.508018038438762	8.13676194681723	0.0043376676145972	0.0302384567205713	3.16884994459312	1.57112789006106	FBgn0051674		protein_coding	318878
FBgn0031129	186.473847003179	-1.05696102078052	0.369468847294565	8.05059239041321	0.00454887774604528	0.0314117969140516	4.455349353007	14.346912009415	FBgn0031129		protein_coding	33060
FBgn0040038	89.7145964367642	-1.50241857218332	0.52399261314914	7.96937438552396	0.00475753787399766	0.0325725383745328	0.622535904597141	2.81570908116863	FBgn0040038	kelch like family member 10	protein_coding	3354863
FBgn0036040	41.6664687217293	-1.3505942872968	0.475707294259411	7.96148927408714	0.00477830814002263	0.0326641002265324	0.763765114733654	2.12755183344437	FBgn0036040		protein_coding	39144
FBgn0013300	34.9720033883534	-1.84051961505847	0.643147107117094	7.91848119437471	0.00489323333714944	0.0332694663846835	1.60109917430269	5.67564977908502	FBgn0013300	Protamine A	protein_coding	34866
FBgn0051921	116.017720057574	-1.08000153839051	0.38160456049788	7.89681906370168	0.00495218090185555	0.0335668931121936	1.18363653899826	3.76647800103053	FBgn0051921		protein_coding	319027
FBgn0038257	300.686801099542	1.14979443976596	0.404689254334449	7.8860240383798	0.00498182623796766	0.0337419396731061	20.8443630786032	13.6901074275907	FBgn0038257	Senescence marker protein-30	protein_coding	41786
FBgn0051639	73.8250733305216	-1.50183051724111	0.52973619781512	7.79600665662824	0.00523618297067026	0.0351897019709015	6.27038790418276	20.6439347636077	FBgn0051639		protein_coding	318866
FBgn0052437	111.736290222933	-1.3288880107189	0.470087546293293	7.79489388541676	0.00523940875132874	0.0351897019709015	1.21128113706633	4.7556654603546	FBgn0052437		protein_coding	40366
FBgn0265269	48.4024267804549	-1.49256303394875	0.531056870977675	7.72674075259208	0.00544088764869753	0.0364320846954485	1.54342659223524	5.28179665228328	FBgn0265269		protein_coding	33630
FBgn0030914	73.2040018938003	1.0011425612427	0.359723741159277	7.66014247344167	0.00564540465191098	0.0376019712561673	2.21529113508719	1.47319595344112	FBgn0030914		protein_coding	32816
FBgn0052405	149.715482989414	1.39313265549801	0.496610342194974	7.62251204928316	0.00576441372132728	0.0382791744261372	17.8997644493159	13.0239263582155	FBgn0052405	Cuticular protein 65Av	protein_coding	318014
FBgn0050278	61.804353242407	-1.19255276593193	0.429619528642112	7.61613235196218	0.00578484226554405	0.038385970615541	1.87800994031225	5.75259812078833	FBgn0050278		protein_coding	246523
FBgn0045827	136.882966583514	-1.04642057397806	0.379189735792694	7.50710093823697	0.00614562106846108	0.0402955644221591	5.87491866905315	15.3825120735026	FBgn0045827		protein_coding	50456
FBgn0052351	1274.6737715191	-1.00223060570064	0.362724607093809	7.49140019987863	0.00619943331357565	0.0406182455678785	15.6188195051031	41.1711309498492	FBgn0052351	Sperm-Leucylaminopeptidase 2	protein_coding	326209
FBgn0033287	396.425663978232	-1.30033158633556	0.468589829965322	7.4710347430934	0.00626995047583727	0.0409284572081262	9.85792317407177	30.0518184583346	FBgn0033287		protein_coding	35812
FBgn0039491	114.862602539229	-1.13356008112881	0.413118929456257	7.40522523214504	0.00650347009060728	0.042296500618736	0.866839360350051	3.00738509627491	FBgn0039491		protein_coding	43270
FBgn0035587	155.987340889908	1.12494194989091	0.409327039888247	7.39791668946819	0.00652994585495004	0.0424374406114193	5.41248072135324	3.35924336552694	FBgn0035587	Gdap1	protein_coding	38597
FBgn0031596	19.5283323348484	-1.63008472857769	0.600345104442228	7.37252187670806	0.0066227991372231	0.042914572252351	0.578841194450496	2.16146691772915	FBgn0031596		protein_coding	33637
FBgn0038685	55.8623844224121	-1.05844111320574	0.389538670943963	7.33728758990472	0.00675386729933766	0.0436358127196417	2.29883932766247	5.59387100919177	FBgn0038685		protein_coding	42301
FBgn0029501	165.857711674626	-1.25229568867878	0.456947131192283	7.32813779508092	0.00678833491646965	0.0437944294976333	1.80642619951452	5.59513108819591	FBgn0029501	Caldesmon-related protein	protein_coding	44276
FBgn0030982	12.8583101036006	-1.78951868614993	0.668183246196047	7.29676610121254	0.00690788329123785	0.0444035118109262	0.575941260665488	2.98439944205877	FBgn0030982		protein_coding	32894
FBgn0037626	69.3740952043076	-1.33036919556955	0.488106703145921	7.2794810745352	0.00697466816751406	0.0446702460155795	0.891402137764	3.57232249430981	FBgn0037626		protein_coding	41047
FBgn0010383	393.805918830595	1.1213807443617	0.41168555348744	7.25420266636631	0.00707352714654752	0.0451397339294131	11.105633472806	6.07419026234574	FBgn0010383	Cytochrome P450 18a1	protein_coding	32858
FBgn0053223	30.2652414455477	-1.65853349815663	0.609594767187087	7.24984516786863	0.00709071259334163	0.0451841079541077	1.40272343208459	5.87399768690283	FBgn0053223		protein_coding	2768867
FBgn0053667	15.124432694498	-1.67304126903761	0.6302499584193	7.1274883257581	0.00759109899654767	0.0479575009567303	0.617278046559613	3.33038784550522	FBgn0053667		protein_coding	3772511
FBgn0032085	89.1743686741667	1.65553592234046	0.606749017474821	7.11778163557796	0.00763230883636385	0.0481489654591182	4.39790172273605	2.39193256327789	FBgn0032085		protein_coding	34223
FBgn0288742	20.8574462744874	-3.56781180623349	1.26064523548615	7.10970616472828	0.00766676757223559	0.0482948382369909	0.00101028937627823	2.54037842380208	FBgn0288742		protein_coding	NA
FBgn0032670	33.3967193923577	1.33020191191251	0.497085846303755	7.06130197911335	0.0078766732432278	0.0494008811515484	3.05628320731624	1.27165917635321	FBgn0032670		protein_coding	35088
FBgn0033999	195.279056875912	-1.09168050200686	0.406872147922757	7.06029629512187	0.00788109618914534	0.0494008811515484	5.34499769829078	13.2981227839913	FBgn0033999		protein_coding	36686
