baseMean	log2FoldChange	lfcSE	stat	pvalue	padj
FBgn0000008	502.293910379101	-0.628077868035817	0.535357623911852	1.36608958000998	0.242484885838678	0.790474391228958
FBgn0000014	1539.189837365	-0.0720039676826732	0.268283245592478	0.072038039949561	0.788392185154737	0.956759612099516
FBgn0000015	356.182132064757	-0.090864791732837	0.209811478742054	0.188839773576284	0.663884023134644	0.927023786961361
FBgn0000017	1690.96377672636	-0.379252216542666	0.428541985907217	0.781158708613162	0.376786999635037	0.865701388774403
FBgn0000018	216.4146135854	-0.163413022034561	0.201185598886844	0.658359269104608	0.417139781212458	0.87970959129473
FBgn0000024	690.458290213903	-0.373357203729447	0.31422388266689	1.40903171386529	0.235217200751525	0.781081606355019
FBgn0000032	740.520448501516	0.172420470528458	0.13797970922124	1.56107654680532	0.211507662723191	0.76320755582898
FBgn0000042	87954.3269697327	-0.117382238377601	0.362738331789131	0.104690493904997	0.746271853797514	0.948987319166172
FBgn0000043	12655.0053972748	-0.199610164504286	0.198790446404131	1.00746063061611	0.315511962822938	0.834612066592375
FBgn0000044	129660.466554215	0.719470108485245	0.508638064700003	1.98041626309086	0.159346561193915	0.703012504782371
FBgn0000046	12543.0958373961	-0.0696007689321936	0.377481926708314	0.0339950496374684	0.853717346991992	0.970989387484193
FBgn0000052	4193.58350959834	-0.161532287846295	0.253662889293786	0.405417242281075	0.52430474518647	0.90223474301381
FBgn0000053	10424.5863834466	0.78873286795638	0.368174527528884	4.53359521747514	0.0332357248797386	0.322232841730322
FBgn0000055	16315.5720282229	-0.0816893431235655	0.401938747108822	0.0413008868092959	0.838958238460412	0.967778591818814
FBgn0000057	758.932698925258	-0.21749195576487	0.231121266215691	0.886361369804717	0.346465250612761	0.849623623739745
FBgn0000061	205.303109645466	-0.0189799571058722	0.209243442178551	0.00823378789738882	0.927699009873067	0.983026071820471
FBgn0000063	112.626458133849	-0.131100782257074	0.235167718449104	0.31073635247504	0.577228681212056	0.90865959686355
FBgn0000064	22683.232778923	0.522495562637954	0.544552746773315	0.915637498124084	0.338623036008011	0.844975856087411
FBgn0000071	4377.0294870144	-0.214286557031052	0.571355989087716	0.140533335300375	0.707751379516501	0.937717577401336
FBgn0000075	63.2087402107756	0.549767378521312	0.350046603495224	2.4645586706739	0.116440403667604	0.62999679363914
FBgn0000077	158.775942256218	0.208821936820993	0.314086313879226	0.442759319595815	0.505793647284231	0.895295388353976
FBgn0000083	6766.46641435554	-0.0317522383853399	0.103948610018053	0.0933188809186163	0.759999540047835	0.951947965569036
FBgn0000084	1208.62697507705	0.202327226747402	0.216329085054495	0.873876396479105	0.349884388903388	0.851467182456711
FBgn0000097	1278.96865374164	-0.598448257118816	0.429636625917649	1.92712669021741	0.165073142515259	0.710633110232189
FBgn0000100	26523.6331016485	0.185073046862705	0.159005977245235	1.35380798263529	0.244613501791875	0.792429197916752
FBgn0000108	1234.4024420961	-0.23628689175574	0.319634607908566	0.546293528851095	0.459836123568671	0.888270226363548
FBgn0000109	279.108227569032	0.231654638082967	0.215384122524158	1.15712863193551	0.282061833826349	0.820106636437887
FBgn0000114	842.362419387514	-0.251305906111605	0.22680315139686	1.22603645921868	0.268179239405492	0.810256083869186
FBgn0000115	663.161307922174	0.216787073305452	0.176816043157472	1.5016638504342	0.220415528748321	0.771559114930207
FBgn0000116	46522.4251194557	0.805000968789161	0.359149154295498	4.96012688023905	0.0259383040889832	0.276826711868946
FBgn0000117	8208.08708170151	-0.155892218974355	0.229733881312584	0.460318307359728	0.497475249389939	0.894106779299073
FBgn0000119	1668.7010567735	-0.280940557356182	0.341762023803726	0.675047035171488	0.41129749529463	0.87822152781539
FBgn0000139	531.918681877291	-0.0192062555598322	0.161936692445483	0.0141077127883591	0.905452907958526	0.979772897569974
FBgn0000140	525.084947487172	-0.273812049084174	0.316661742189029	0.748106885906111	0.387076264564414	0.869562060032605
FBgn0000147	168.922961563102	-0.182844743776331	0.473259722598614	0.148951740425375	0.699539132031342	0.935295979326931
FBgn0000150	7824.89709158526	0.182537338924265	0.270692444956054	0.454374360084842	0.500264927341563	0.895295388353976
FBgn0000152	690.013505241164	0.131187579934361	0.151386666214107	0.750813485752076	0.386218798537033	0.869208451738112
FBgn0000157	403.498671869686	0.0649763640377873	0.157621152224792	0.170156771659229	0.679972517332816	0.930081887185516
FBgn0000163	1078.1922110437	-0.237364757728138	0.438797162015886	0.292469464319808	0.5886423681645	0.909365893760011
FBgn0000173	3323.61237432113	-0.167855793653544	0.222515247531547	0.56877140384583	0.450747541173944	0.888270226363548
FBgn0000179	426.116957373106	-0.104662229311541	0.357049915953265	0.0860932877499181	0.769203756044912	0.952993416349077
FBgn0000180	574.002398543074	-0.469630485502615	0.349724010645642	1.79875020705016	0.179863662216858	0.726518077095339
FBgn0000181	6149.87403096175	0.214961741066175	0.199774299679642	1.15667323980517	0.282156551202611	0.820106636437887
FBgn0000182	160.245626473758	-0.737031913959317	0.406981276562613	3.24424983485008	0.0716744942772594	0.501538077522671
FBgn0000183	1248.62986591578	0.056614835982853	0.167433053773264	0.114508026451006	0.735069048061057	0.945424433670538
FBgn0000212	2689.89755508364	-0.272232454856245	0.282121277032055	0.930137964637709	0.33482707762165	0.843997228653973
FBgn0000216	47.944964182194	0.685937431057038	0.687300517341116	0.985015730488207	0.32096363237295	0.836537052932144
FBgn0000221	145.877440314784	-0.214177141344928	0.300299925152906	0.507377091341148	0.476276502893449	0.889027677218827
FBgn0000228	841.1892675152	-0.321889367709157	0.307074420799562	1.09751591824225	0.294811903414945	0.829318022474993
FBgn0000229	513.910422967954	0.474578101744754	0.395033628513774	1.43588506136588	0.230806389394048	0.779813484379362
FBgn0000239	2109.59250880466	0.0545883662224204	0.138749264690808	0.154865660515981	0.693928258857756	0.933894384001516
FBgn0000241	699.228224838358	-1.14196311348793	0.411164510276273	7.53042524124014	0.00606655864432174	0.0956535813262288
FBgn0000244	1454.61407672487	0.282150537410134	0.271869228609105	1.07581890447705	0.29963478211113	0.832614936158673
FBgn0000247	1092.89053900257	-0.131877440289806	0.513758602629986	0.0659003223928352	0.797402202771413	0.957909169986809
FBgn0000250	2524.45705681128	-0.0537167088115755	0.246316912862324	0.0475600740083593	0.827364658600284	0.964780434421643
FBgn0000251	715.295268092499	-0.0392453869785759	0.170966560302574	0.0527411262666817	0.818360360397377	0.962733481890161
FBgn0000253	5461.35328353369	0.226436765727361	0.210681297834456	1.15392797548911	0.282728393874791	0.820813267406745
FBgn0000257	493.953358253556	-0.00415455918252573	0.254556123405753	0.000568355655786945	0.980980065494385	0.992134162437166
FBgn0000259	1324.55548201419	0.0367634419741546	0.138737318889675	0.0702175896466173	0.791020233067421	0.956915308546756
FBgn0000261	15224.5806556622	-0.209966356888522	0.273087053997237	0.590647990808563	0.44216865403786	0.888270226363548
FBgn0000273	2422.68503715978	0.404324946211627	0.256858178685073	2.47024763896199	0.116019644031608	0.629863752223276
FBgn0000276	31.6057553963907	0.984877052124881	1.39643481802287	0.488054794018772	0.4847963017294	0.88918116973677
FBgn0000283	1770.68851874264	-0.0275849385718679	0.178755923436453	0.0239540396275544	0.877001912436529	0.976589912828487
FBgn0000286	1174.74501579088	-0.0162291058912934	0.289652538865488	0.00318417647726221	0.955000447297714	0.987492945289472
FBgn0000287	417.842799673508	-0.238129447516064	0.285262010658933	0.697851757530131	0.403506477673706	0.876559751465851
FBgn0000289	2267.60729018812	-0.131499808712882	0.303624209324376	0.187580068806895	0.664938383348183	0.927023786961361
FBgn0000299	15941.4030337249	0.608727888441886	0.493650241335502	1.50945296116345	0.219222578620522	0.77085629737526
FBgn0000307	1122.32620791113	-0.0850957351653839	0.235492604833635	0.130883020485257	0.71751824428142	0.941287941384178
FBgn0000308	17415.1771827231	0.162130515371396	0.210656014093092	0.592019643183647	0.441639196212992	0.888270226363548
FBgn0000316	567.086523176473	0.228579236587224	0.263271172930088	0.752702845283537	0.38562184087471	0.868990603813168
FBgn0000317	1002.78659351332	-0.348714756124466	0.400800676815451	0.755732790822549	0.38466724281651	0.86877986396103
FBgn0000318	1508.63961516195	0.137254554000065	0.351897545853103	0.152020205614235	0.696612205011246	0.934505341731846
FBgn0000319	16113.6544755397	-0.190920980044923	0.332778506827737	0.328930863611163	0.566289313499317	0.90865959686355
FBgn0000320	395.83385411717	-0.67678813560601	0.287751705071726	5.50243603384791	0.0189900014939034	0.223567306695341
FBgn0000326	468.227564994276	0.698361131861792	0.185420390795222	14.0771638723736	0.00017546119196833	0.0051921685116262
FBgn0000330	426.067636205452	-0.150146646671147	0.199998728985746	0.56354913272429	0.452833767206923	0.888270226363548
FBgn0000346	269.246281005149	-0.358847437629658	0.27341555108874	1.7196864521338	0.189733410455536	0.738375700669764
FBgn0000352	719.871790272115	-0.185019590304544	0.239154044018004	0.599407713968844	0.438804099299443	0.888270226363548
FBgn0000370	9738.27149684157	0.329143301625607	0.245641606654931	1.79142866602643	0.180752191080631	0.72654447334996
FBgn0000376	354.769416217926	-0.23386145134069	0.266772237036387	0.771167475906111	0.379856126470299	0.866725321739229
FBgn0000377	773.545086541843	0.0259907614460611	0.20476445309457	0.0161210467441748	0.898965184372525	0.979772897569974
FBgn0000382	1268.84492836926	-0.215114974743975	0.315028898125707	0.466143695334452	0.494766619034009	0.893314949498528
FBgn0000392	361.943846670664	-0.764875158441136	0.366094806390677	4.31824204251947	0.0377058568141275	0.349296472950447
FBgn0000394	321.834681952572	0.0661522234083499	0.172261059856619	0.147881825312808	0.700567835884195	0.935574780354485
FBgn0000395	657.716965580192	-0.177881484013748	0.272664344144781	0.426149373450471	0.51388446633665	0.899120803614486
FBgn0000404	897.692282966273	-0.069402471982663	0.188475086520066	0.135593223325614	0.712701853634546	0.939284009468917
FBgn0000405	1097.95880864978	-0.261802055106777	0.13436455604148	3.7951470084105	0.0514013592712529	0.418061310218481
FBgn0000406	1628.69517316358	0.950418169354248	0.452890093133061	4.32808523356091	0.0374883951045064	0.349088952917342
FBgn0000411	212.162175787027	-0.375916154765561	0.214276120342633	3.0716983068363	0.0796662052133334	0.530518849930946
FBgn0000412	3124.97730507146	0.152839526444799	0.311821959012284	0.240085762986581	0.624144179087985	0.916152845817619
FBgn0000414	1157.82368831269	-0.370098447429942	0.446323879392132	0.686159191364183	0.407473862593683	0.87822152781539
FBgn0000416	55757.4825865156	-0.21349375896133	0.192621110760676	1.22737521465146	0.267918104248318	0.810256083869186
FBgn0000422	10679.6019154316	-0.0956833756360719	0.621669795737752	0.023686064311562	0.877686395634427	0.977068203103071
FBgn0000426	288.584080348672	0.310278451903382	0.510328903623298	0.368523925266103	0.543809956683743	0.907173673980027
FBgn0000442	201.016612138158	0.0701751203363375	0.419165397983311	0.0283040275721618	0.866396040451915	0.973532984181478
FBgn0000447	915.761022336939	-0.0123203626968729	0.170708442034127	0.00524008366195972	0.942292798405235	0.98539396278863
FBgn0000451	274.683277920677	1.2809917731763	0.613280589607805	4.22847596010435	0.0397511192116768	0.359213339628959
FBgn0000454	6008.00367167637	0.106162107529553	0.247733437559921	0.183604627652372	0.668293607696395	0.927910326872862
FBgn0000455	3099.58851037689	-0.226142442112423	0.159346044763497	2.01226857481815	0.156031848430122	0.697773912570806
FBgn0000459	178.547290205356	-0.27150061236486	0.335018237920678	0.659482166387043	0.416742817542748	0.87938425582695
FBgn0000463	789.60318569761	-0.431352970563215	0.403354389935459	1.14008473285459	0.285634423753443	0.823238447391109
FBgn0000464	1258.58723216338	-0.178006094600222	0.454480337163706	0.153380317286874	0.695325711803752	0.93391677832807
FBgn0000477	1266.5622461656	0.551774373903378	0.261746136428716	4.41913399677777	0.0355380683376762	0.336330998096656
FBgn0000479	1330.26762213922	0.293142075070835	0.29170843927634	1.0084940724674	0.31526388310932	0.834612066592375
FBgn0000482	707.269073790169	-0.296330601389456	0.269058890501535	1.21256599091342	0.270824528746852	0.810256083869186
FBgn0000489	892.433479516218	0.509838626919902	0.324009492554246	2.46383653722197	0.116493933521564	0.62999679363914
FBgn0000490	280.011117386756	-0.11909611449253	0.203130596767729	0.347296525299832	0.555647505562192	0.908003182797042
FBgn0000492	249.951429142639	-0.112659887592818	0.203219317118976	0.307266433590861	0.57936247520482	0.90865959686355
FBgn0000499	753.597135365926	-0.346187331772601	0.238935567507097	2.09716865727745	0.147572185738774	0.685570286870457
FBgn0000504	243.491522068777	-0.0576722859509216	0.321630801917415	0.032495678442217	0.856944078100562	0.971373856909766
FBgn0000520	238.290559810909	-0.277331435883654	0.193182880567714	2.05668748923748	0.15153928329273	0.692139204778316
FBgn0000524	833.122440701676	-0.305722516681485	0.375817402921553	0.661250814180917	0.416118705874858	0.87938425582695
FBgn0000536	820.174834441201	0.248805816339472	0.194616612372334	1.63168976417893	0.201469489655953	0.754186900253287
FBgn0000541	2075.42461915562	-0.120036775689762	0.257545764019931	0.217330298073179	0.641081669817877	0.921446243022313
FBgn0000542	1731.21280520186	-0.352254384199737	0.466536810043338	0.568925776236	0.450686100290607	0.888270226363548
FBgn0000543	796.642530447699	-0.131862665884902	0.184810836367666	0.509114322475682	0.475522510640763	0.889027677218827
FBgn0000546	3824.24079901662	-0.0161612816635085	0.355760791486709	0.00206603793839122	0.963745686711761	0.990378913074791
FBgn0000547	3512.81377988516	-0.309665646086148	0.433421186887991	0.509566790895107	0.475326449137724	0.889027677218827
FBgn0000551	14.288235652917	1.62288204316997	0.873696939069077	3.3727562752546	0.0662827755940324	0.47896856929686
FBgn0000557	1594.49368943217	0.0145825800867764	0.161276410457469	0.00818788496533784	0.927900277654096	0.983026071820471
FBgn0000559	95839.1304882866	0.201661671415745	0.273368397797234	0.543747666899435	0.460883708330102	0.888270226363548
FBgn0000562	2272.63511704616	-0.152924417529934	0.285842786065148	0.286232396147753	0.592645077533557	0.911189805440844
FBgn0000565	1407.27544854927	-0.172562382151671	0.388013551249922	0.197561609939612	0.656696285180103	0.925452063254062
FBgn0000566	2756.80855073914	0.0192768300675044	0.181678749764206	0.0112637106217477	0.91547870916329	0.980404978288931
FBgn0000567	4252.18693219131	-0.199113560121928	0.282980739757693	0.4947770842018	0.481804060083836	0.889027677218827
FBgn0000568	5612.86302118099	-0.339648961705822	0.319275565602719	1.12923265955654	0.287939073167093	0.824002166858868
FBgn0000575	1806.92463760106	0.151137904696783	0.401633985126459	0.141502141910848	0.706792223228021	0.937358281747356
FBgn0000576	214.991134982942	0.114696815415033	0.24648617980186	0.217419420973513	0.641013264105242	0.921446243022313
FBgn0000577	221.8180204225	-0.159307524561084	0.22151958265874	0.518964981242341	0.471283525741689	0.888270226363548
FBgn0000578	1318.41357871656	-0.435200203598604	0.388016496187696	1.25379066743068	0.262829713445753	0.805873472107772
FBgn0000579	13612.5321035246	0.210854135996703	0.413840799170478	0.259366460382111	0.610555739371885	0.91550458350478
FBgn0000581	2490.25067606024	-0.360037400285354	0.486131207300061	0.547254060407937	0.459441859229052	0.888270226363548
FBgn0000588	137.59972218898	-0.104389984921421	0.230091781985273	0.205615628068259	0.650225751185887	0.922694169316485
FBgn0000591	91.7922019976429	-0.168890039397297	0.293162780892269	0.331302625670205	0.564893059769624	0.90865959686355
FBgn0000594	790.732724479821	0.26396835763725	0.524276204373203	0.253020142589932	0.614956484945938	0.91550458350478
FBgn0000611	1921.83642935855	-0.000884987546253156	0.152850869239091	5.43037890849973e-05	0.99412035374554	0.996101835593909
FBgn0000615	1627.03353566587	-0.162298807278533	0.414083077404056	0.15351581002912	0.695197913649867	0.933894384001516
FBgn0000617	346.47329939528	0.185303103276041	0.245091041980449	0.571220949090147	0.449774151272994	0.888270226363548
FBgn0000618	109.437290643397	0.536655174352059	0.521837680336694	1.05003976288268	0.305497929291268	0.832614936158673
FBgn0000629	534.93147670374	-0.154583654596597	0.14153913164083	1.19116219671302	0.275095252749752	0.813115815548088
FBgn0000635	2082.24758560455	-0.107252220160125	0.40481317643179	0.0701919499661869	0.791057506088395	0.956915308546756
FBgn0000636	2549.45782362963	-0.112969982352819	0.294994062165467	0.146655375198634	0.701752313736498	0.935904995460154
FBgn0000658	728.89004891584	0.27718212575448	0.161997167936947	2.92543739010448	0.087193593243039	0.549617406877679
FBgn0000659	961.980286386234	-0.247619341708815	0.386255607120069	0.410704988943309	0.521611897562783	0.90173657700483
FBgn0000662	866.335383898108	0.014790888648087	0.134380267799858	0.0124278253067871	0.911235600278584	0.980289808594626
FBgn0000667	10028.2456341454	0.368665888496791	0.526006752095367	0.489904616641809	0.483969855858462	0.889027677218827
FBgn0000709	1158.16029080919	-0.197732214631106	0.319245387029733	0.383608686111344	0.535678228245063	0.906910394964332
FBgn0000711	675.108463002724	0.106453146424434	0.168907243570469	0.397103761099288	0.528588798473794	0.90232385622236
FBgn0000719	495.183313761936	-0.341834109942036	0.258469314829079	1.74698225616422	0.186256554985923	0.734537817035054
FBgn0000721	3724.65456080213	0.032885405061802	0.171720749979915	0.0366771782855579	0.848123800580091	0.969983775980133
FBgn0000723	2224.03408057979	0.382713893627672	0.172373218133681	4.91459788248019	0.0266306615323924	0.280105230936453
FBgn0000810	304.132833887719	-0.125072814059153	0.223093364114191	0.317232839594851	0.573275371812666	0.90865959686355
FBgn0000996	324.512201090649	-0.00238476016434332	0.22308292216004	0.000898141666958452	0.976091767083287	0.991444149622978
FBgn0001075	2827.03045450396	-0.212079770055676	0.626374336581469	0.114557175654554	0.735014334931996	0.945424433670538
FBgn0001078	298.750963078071	0.0775947276526925	0.414006473445905	0.0352116535981111	0.851152843123354	0.970630958579679
FBgn0001079	375.908939557001	-0.221207740725394	0.274707572540479	0.648708511835025	0.420574799003305	0.880461029497295
FBgn0001083	1095.71086700064	-0.464766839729958	0.412678003455211	1.2635743911024	0.260975590004961	0.805153765933073
FBgn0001084	139.963144116909	-0.146290209660496	0.261292023516576	0.313026539975212	0.575828890691194	0.90865959686355
FBgn0001085	329.881363320631	0.286660836537744	0.257682584014044	1.23529351480613	0.266380040019957	0.809641177695376
FBgn0001086	519.054365576721	-0.188728570154304	0.202795309882353	0.864479077329349	0.352488281718317	0.85294756349208
FBgn0001087	850.096768204876	-0.0993329223870058	0.201101245004861	0.244344510903815	0.621085739078044	0.915541451893316
FBgn0001089	1720.07317151025	-0.481141329943246	0.400459121803182	1.43681531264539	0.230655388086084	0.779813484379362
FBgn0001090	3024.50586777226	-0.125404895314136	0.351292522518093	0.127425430676126	0.721116519357776	0.942303107445254
FBgn0001091	21413.4293904131	0.36134335977929	0.318533830005825	1.28352168237743	0.257245263518727	0.803357670427545
FBgn0001092	19247.5183359888	0.332194856066212	0.378314722546484	0.769352173835557	0.38041753716139	0.866725321739229
FBgn0001098	9440.11661917285	0.27156410947339	0.556314853045311	0.237940169792608	0.625697806947284	0.916152845817619
FBgn0001104	1423.91065446807	0.0530352933335706	0.268072650034215	0.0391462299153886	0.84315924666278	0.968366267016608
FBgn0001105	3792.57446535412	0.0457659507152267	0.229568126338521	0.0397401937954243	0.841989418315899	0.968366267016608
FBgn0001108	2026.93262602153	-0.214350092131806	0.258499764308098	0.687364166549514	0.407062374942936	0.87822152781539
FBgn0001112	1909.09955679176	-0.418871383603135	0.232873081073732	3.22534233360915	0.072506635018042	0.504425298585782
FBgn0001114	11132.4456037861	0.100428115371231	0.325505560248983	0.0951765847904795	0.757696555198335	0.951679100282497
FBgn0001122	778.819432277213	-0.14231317937624	0.161225805947999	0.779710329962441	0.377229745815471	0.865701388774403
FBgn0001124	5393.63649889176	-0.181964074152377	0.352048420520818	0.266999246838722	0.605351843062031	0.914069664297095
FBgn0001125	3912.87912438879	0.287228577321377	0.254885758041298	1.26782515824645	0.260175075547925	0.804496150742213
FBgn0001128	3158.30261263241	0.57570265813678	0.527420361205926	1.1837114715963	0.27660170692251	0.814206915928817
FBgn0001133	369.553251438815	0.0834210531035214	0.203598567905155	0.16793061061616	0.681957526108097	0.930564167175738
FBgn0001138	643.071352973596	0.164209843173745	0.297516077295181	0.30472196398496	0.580937205200302	0.90865959686355
FBgn0001139	2044.97227934877	-0.089899804638468	0.273282037259327	0.108248902241115	0.74214661084373	0.948205941306244
FBgn0001142	14228.3602888243	0.137071953162897	0.354743591661984	0.149242491631171	0.699260313908761	0.935295979326931
FBgn0001145	17979.1655898239	-0.373579296141936	0.29873339399801	1.55957066466716	0.211728094285359	0.763675066255003
FBgn0001149	6476.71528309515	-0.144467606563901	0.402862899113539	0.128530846396501	0.719960197293713	0.942159062294669
FBgn0001168	1324.77723473591	0.12273190792714	0.263954616727654	0.216139936965163	0.641996965037522	0.921446243022313
FBgn0001169	838.314324398486	-0.102370344726293	0.370709479689968	0.0762821897257595	0.782400366648626	0.954728206666318
FBgn0001179	498.090974533757	0.494684447224299	0.150430621661692	10.7837394805037	0.00102395609670104	0.0233206694760854
FBgn0001185	237.484592284084	-0.232541349386336	0.238524090350864	0.95139376350047	0.32936478039082	0.8415226533537
FBgn0001186	2807.40118551377	0.389802318422488	0.389751132498872	0.997289287786188	0.317967311063755	0.834794518653785
FBgn0001189	1208.53172073012	0.400806289882405	0.339376224410103	1.39098245490761	0.238239256588919	0.785724570537662
FBgn0001197	2642.29893704103	-0.0663061565071414	0.15358548901149	0.186332232580483	0.665986963061772	0.927023786961361
FBgn0001202	564.645300396863	0.0735073714372924	0.274622338745305	0.0719659282791838	0.788495606068688	0.956759612099516
FBgn0001206	242.345509432181	-0.164377109502504	0.314831798500982	0.274444294685694	0.600365962730466	0.912217600937776
FBgn0001208	3674.06066165299	-0.0600176894167635	0.109139684419667	0.302390357344677	0.582387747601276	0.90865959686355
FBgn0001215	4311.37255040574	-0.0499780484248078	0.163818748877624	0.0930906390089774	0.760284213745274	0.951947965569036
FBgn0001216	83.8494977589886	-0.730149387462874	0.386517273770767	3.53315290348186	0.060153298989087	0.456253000635638
FBgn0001217	457.038384206491	-0.632966314639578	0.353093063259594	3.18560356451722	0.0742895576540814	0.511326324754218
FBgn0001218	32106.6651083362	0.418759961501317	0.277813778566262	2.26418441426874	0.132395896377085	0.662440156307535
FBgn0001220	2969.73469414791	-0.116973045307628	0.246823394167912	0.224582774921487	0.635570041754712	0.920223671605787
FBgn0001222	741.720757936687	-0.0220986746837648	0.142145111298015	0.0249211336932404	0.874563738521538	0.97581434659254
FBgn0001224	19549.849896772	-0.724763517730243	0.753598541610566	0.915362392890273	0.338695610076846	0.844975856087411
FBgn0001225	1981.08620431586	-0.106923324218477	0.63871724499076	0.028012272678879	0.867079972846514	0.974059629969536
FBgn0001226	11727.5268892975	-0.0954411321911778	0.539438386241584	0.0312974715333354	0.859578365620035	0.971542724124143
FBgn0001227	1157.38877815854	-0.534307870831856	0.419782987325852	1.61057752291057	0.204410639184973	0.756454122201563
FBgn0001229	888.44097218335	-1.26714361703582	0.725114912902815	2.96014421696688	0.085340328699435	0.548234176044388
FBgn0001230	1371.65915671529	0.0970214397621484	0.439571284885932	0.0486959066123376	0.825348231708612	0.964052863213496
FBgn0001233	18222.2934308548	-0.365744483065569	0.181189767208587	4.06377453925165	0.0438124640977411	0.381554350546545
FBgn0001235	1929.13120463627	0.12853409462388	0.186232580400396	0.476173065261946	0.490160893536454	0.892398645857963
FBgn0001247	937.120847275818	0.115590887575022	0.151776831303647	0.580162615078692	0.446248588074544	0.888270226363548
FBgn0001248	9236.84229216225	0.617912807386594	0.310168702156935	3.93904888315407	0.0471774439434311	0.397925315364833
FBgn0001250	2010.64412847418	0.075850140737555	0.4417503208641	0.0294863473859408	0.863660891797985	0.972458577783987
FBgn0001253	1559.33486192652	-1.07946809637669	0.521447029880996	4.19141283091544	0.040629224065531	0.363209665867999
FBgn0001254	4150.28988828842	-0.204102778675649	0.561234776823676	0.13213749060769	0.716226029101805	0.940935367918019
FBgn0001255	386.533252835583	0.0344539373577448	0.660879600816765	0.0027261896445907	0.958359033500831	0.988105670168198
FBgn0001257	2373.94974659463	0.463346642160703	0.226505137648241	4.16724588588079	0.0412127404330166	0.366898168007491
FBgn0001258	4811.2232928637	0.713882541338058	0.622091774075301	1.30371485149213	0.253535776592902	0.798319470395934
FBgn0001259	222.578244988283	-0.46830437712271	0.363907761808622	1.65409052201689	0.198403102338435	0.750424073325388
FBgn0001269	275.492678304585	-0.346961019791599	0.175001646690417	3.92509444481666	0.0475705182902211	0.399727785711304
FBgn0001280	533.806908296682	0.328563621043567	0.417093462199121	0.618666422938674	0.431543283585182	0.8858548498412
FBgn0001291	1410.1049216172	-0.105772529308342	0.256272604450829	0.170279577583756	0.67986345770248	0.930081887185516
FBgn0001296	509.708166006784	-0.762429390152165	0.393206839479112	3.72114814833095	0.0537274144862784	0.430014881824925
FBgn0001297	4336.08331158642	0.0426411323940395	0.3740919471248	0.0129934271610352	0.909246739210882	0.979772897569974
FBgn0001301	3020.65994419885	-0.0644005076058564	0.291662251024736	0.0487812675230685	0.825197692637573	0.964052863213496
FBgn0001308	3510.61241721871	0.00775229311903717	0.220056543846826	0.00125289264204298	0.971763795992207	0.991444149622978
FBgn0001311	3742.51577719015	-0.217030169743064	0.39134961739298	0.30730546595295	0.579338385179735	0.90865959686355
FBgn0001316	3825.4638528509	-0.119216360180265	0.324489116504448	0.135010472912569	0.713292545029823	0.939284009468917
FBgn0001321	563.843370818093	-0.105124480509138	0.199733105723342	0.276904052209119	0.59873762778561	0.912159281837944
FBgn0001324	1955.44326483221	-0.307059459950652	0.378610638491962	0.657088419564701	0.417589726358101	0.880042449076863
FBgn0001325	466.690014922307	0.214655944106107	0.22183264401708	0.935323937097294	0.33348331385249	0.842125531735676
FBgn0001330	205.15155607782	-0.187720682817621	0.359473293045629	0.274470182831507	0.600348776681888	0.912217600937776
FBgn0001341	354.678855843334	0.0101709871820927	0.208871789891475	0.00285124434228834	0.957415560144716	0.987852795717391
FBgn0001404	2259.71332709364	-0.0875378967184942	0.267404045962389	0.107162827661227	0.743397628650465	0.948656443438917
FBgn0001565	1336.68546280931	-0.0529188614250251	0.140685207403996	0.14145852808528	0.706835321925522	0.937358281747356
FBgn0001612	580.406383126864	0.280507912449891	0.161577035566159	3.01500161161655	0.0824973731135399	0.541023856162233
FBgn0001624	2044.58732912758	0.0588498852707862	0.377036657980049	0.0243681092406263	0.875951928039934	0.976196791307201
FBgn0001941	1008.14628709607	0.354529182973861	0.258264490398579	1.87968691577203	0.17036973606635	0.716066239457902
FBgn0001942	33398.1279461199	0.0188852244461672	0.139026647325789	0.0184523553872395	0.891948205801011	0.978876446894751
FBgn0001961	4829.74425539991	-0.0758050269372703	0.194934011269956	0.151228242520546	0.697364358271318	0.934607706834869
FBgn0001965	1390.26814301536	-0.338423894047953	0.410291970758139	0.679155869997246	0.409877548846821	0.87822152781539
FBgn0001967	241.74974045959	-0.944527439527333	0.376892189068602	6.18317854583084	0.0128970391400595	0.168494741003249
FBgn0001970	296.203494008259	-0.143846691792448	0.286924987757339	0.251012822641883	0.616362819130137	0.91550458350478
FBgn0001977	1600.39659267371	-0.119391388692173	0.440823118673796	0.0733091026086043	0.78657828962903	0.956065302765536
FBgn0001978	1653.0520841569	0.0256341700647669	0.327115579173545	0.00615493863874406	0.93746738380703	0.984233019444306
FBgn0001986	592.69106763566	-0.216756429916431	0.217184440540798	0.996714460280273	0.318106820448237	0.834794518653785
FBgn0001987	1983.85950186848	-0.377725743448122	0.315574017359509	1.42930948069427	0.23187716464843	0.780240739081296
FBgn0001989	606.822667077827	0.243859785594521	0.34485529110687	0.499050611177609	0.479917572662888	0.889027677218827
FBgn0001990	177.773357462792	-0.200839638655542	0.224735052410561	0.796559622252545	0.372123980595371	0.86482559396012
FBgn0001991	310.125719543194	0.658997947279589	0.344318119490685	3.64180739679846	0.0563457349228514	0.439674611227153
FBgn0001994	1741.50976328381	-0.14536218438347	0.234286794984993	0.385025294987145	0.534925978414687	0.906910394964332
FBgn0001995	340.490656972938	0.154318442206823	0.21228686546772	0.529632570384315	0.466761375476754	0.888270226363548
FBgn0002021	350.877748846027	-0.258903181597968	0.184192197591797	1.96951925573113	0.160498899500912	0.703012504782371
FBgn0002022	1671.36072174068	0.141535729622021	0.152650057740984	0.859488688628034	0.353881817980116	0.853133332847072
FBgn0002023	174.669898553433	0.195417090858415	0.274358033100545	0.507026808638706	0.476428768145366	0.889027677218827
FBgn0002031	1983.45350465322	0.117377900752037	0.13005787522197	0.814227076906349	0.36687345792899	0.863234160563223
FBgn0002036	185.74434458913	0.0274586734577838	0.280871909616389	0.0107698447778191	0.917345634635337	0.980404978288931
FBgn0002044	1579.61089190926	-0.0752992286449661	0.230645521078693	0.106709665976183	0.743921687586978	0.948929139479065
FBgn0002069	4208.63251714759	-0.0289556592253061	0.212222718760987	0.0186210319296976	0.891458512045955	0.978876446894751
FBgn0002121	2522.16884294559	-0.0419784835510468	0.195411477184957	0.0461444645665665	0.829913408060824	0.964901903583029
FBgn0002174	576.23624191404	-0.0639119784139197	0.207078718127712	0.0952328769634363	0.757627155852823	0.951679100282497
FBgn0002183	2149.32128103346	-0.133492770885823	0.208968262182583	0.408220755908502	0.522873963556705	0.902024588541311
FBgn0002283	307.431264553856	0.0902265549326078	0.257746458410597	0.123293413707387	0.725489607941608	0.942408009164158
FBgn0002284	3161.35724499861	-0.0973892092097215	0.233526984629882	0.173840720965401	0.676720753331362	0.930018495477913
FBgn0002306	2453.28869822874	-0.097248679808257	0.435414184636931	0.0498860282296079	0.823261711863188	0.964052863213496
FBgn0002413	1658.48388293824	-0.26585549504122	0.278050719640505	0.913259765915697	0.339250983781766	0.844975856087411
FBgn0002431	3111.41934919273	-0.143656919895829	0.421802906123729	0.115972829538919	0.733444004110498	0.945153167468266
FBgn0002440	1679.76419660525	0.729378509403182	0.400811934930514	3.27717509499638	0.0702497477409028	0.496116705894577
FBgn0002441	699.506033932311	-0.219075309624363	0.229320731136294	0.913269268398764	0.339248471108565	0.844975856087411
FBgn0002466	1087.35734022327	-0.264804801567056	0.288527327607573	0.841999948570091	0.358825410316392	0.85582398423638
FBgn0002521	337.706919493191	0.73099481343991	0.616194600170534	1.39153992930672	0.238145214528738	0.785724570537662
FBgn0002524	1474.02615711952	0.0386350997116603	0.223038554609069	0.0300244770126454	0.86243470339064	0.97208975956209
FBgn0002525	3290.18247143877	-0.223172639135435	0.242925452123484	0.843437029273531	0.358415625333768	0.85582398423638
FBgn0002526	14376.9521257468	-0.467538629247617	0.573018569168946	0.662870307346068	0.415548442038599	0.87938425582695
FBgn0002531	229451.071229273	0.415108773203881	0.265873558183861	2.42928578409442	0.119087145755527	0.634628010735222
FBgn0002533	15037.1215135141	0.585330113238962	0.30392694936351	3.68383438775203	0.0549423616205143	0.435187046605322
FBgn0002534	95012.6682109236	-0.624006598300048	0.336521543148941	3.4119170119113	0.0647272121064973	0.471375641718374
FBgn0002535	98261.7667744356	0.292178591143944	0.392375243418913	0.553536856526819	0.456876126864682	0.888270226363548
FBgn0002542	602.88208996089	-0.137933817609451	0.188829979985004	0.53369226373843	0.465058678224332	0.888270226363548
FBgn0002543	1632.80032607748	-0.181099752482001	0.447792702368754	0.163528770941767	0.68592822634249	0.931504874015863
FBgn0002552	686.110316909408	-0.333842172059977	0.31904162544921	1.0941018143759	0.295564163119339	0.830230440490837
FBgn0002562	242303.257812907	-0.260734399235413	0.462397399751945	0.317528629470473	0.573096647039736	0.90865959686355
FBgn0002563	599731.580892954	0.0511353632347374	0.448008486989064	0.0130261176670103	0.909133140890807	0.979772897569974
FBgn0002564	238580.955809608	-0.42117200218483	0.345154881713793	1.48374179083663	0.223190000859436	0.774118352134834
FBgn0002565	693627.464211926	0.00787196677629097	0.361358946560485	0.000474404812621287	0.982622781295397	0.992185732789441
FBgn0002566	565.157832389767	0.463563491404002	0.468500212370016	0.974294166624716	0.323611556107916	0.838109323039457
FBgn0002567	2368.07352706258	-0.0385299070168103	0.131812266957488	0.0854737828908299	0.770012155300116	0.952993416349077
FBgn0002570	2454.89095487158	-0.105356180962386	0.421405677317208	0.0625027249285495	0.802583134110998	0.958219727101694
FBgn0002571	363.992122094825	-2.14537534092549	0.713248531688751	8.35681020822362	0.00384244483858374	0.0668569491168898
FBgn0002573	121.406913783301	0.842115966346826	0.309146386135196	7.34481365649263	0.00672565032360668	0.104092753811401
FBgn0002578	2782.69516298879	0.232667357496713	0.27842725277387	0.69750319885047	0.403623929529129	0.876559751465851
FBgn0002579	9772.20449596689	0.252908923318621	0.29312091240604	0.743440988416381	0.388560831552352	0.87033225458622
FBgn0002590	25462.1028712834	0.181748135254074	0.16624924715213	1.1943302586923	0.274457828804204	0.812163237067089
FBgn0002592	164.28859214131	0.151549868900914	0.329334071693864	0.211738694677322	0.645408032905605	0.922314497582819
FBgn0002593	19822.6812214644	0.261022612876567	0.17782407737138	2.15161378754134	0.142420123328703	0.678146298868089
FBgn0002609	129.057589688443	0.138580425082139	0.322333183987461	0.185560075112861	0.666637908987853	0.927505087985453
FBgn0002622	23527.6377701541	0.0893922616352596	0.116931744706054	0.584316341442133	0.444625408889451	0.888270226363548
FBgn0002626	15683.6526853712	0.260107560549038	0.191961316740083	1.83349131288617	0.175715725041185	0.721800253941284
FBgn0002633	119.952849522137	-0.0629368961499785	0.305014402726169	0.0428465613767273	0.836014458800693	0.967103958315968
FBgn0002638	982.528272755976	-0.124726638678617	0.17085500788846	0.533077994193093	0.465315673722228	0.888270226363548
FBgn0002641	330.287585171768	0.456903967190786	0.253289599458553	3.24402779744833	0.071684206769728	0.501538077522671
FBgn0002643	2026.58186262643	-0.390381195616457	0.504777364838446	0.596461331517233	0.439931382510335	0.888270226363548
FBgn0002645	3001.40393975734	-0.107300159811102	0.259406250552021	0.171105847052118	0.679130870737003	0.930018495477913
FBgn0002673	129.325894331738	-0.298239885434085	0.433183011018956	0.471896368805076	0.492116041471301	0.892965315521076
FBgn0002707	216.468459500661	0.225227429283261	0.243493789831645	0.859850129763373	0.353780635092091	0.853133332847072
FBgn0002709	372.701795505038	-0.6614279746264	0.336815799113977	3.82923564789583	0.0503658960902374	0.415558378409768
FBgn0002715	162.453010294644	-0.204832887489808	0.276529341778453	0.54729581407716	0.459424732962869	0.888270226363548
FBgn0002719	5588.88276006673	0.952121934524651	0.57414453930334	2.70171460990466	0.100240391311384	0.592300698149173
FBgn0002723	318.745316862414	-0.332337525211113	0.372336103710525	0.795977070880625	0.372298887561757	0.86482559396012
FBgn0002732	235.06100367845	0.185993897112838	0.40656970478549	0.209112546413252	0.647463871891665	0.922694169316485
FBgn0002733	386.465967435436	0.171086612865894	0.363858944878186	0.220889576527384	0.638362940080057	0.921177946778162
FBgn0002735	95.4798496780087	0.0330198320440997	0.310759875770972	0.0138770550106528	0.90622540642933	0.979772897569974
FBgn0002736	518.28421707431	0.0769403325656392	0.255440222340967	0.0909663415324928	0.762952228416135	0.952566903708657
FBgn0002772	9645.11170063048	0.552281469680427	0.365897465789267	2.26454046293546	0.132365470268986	0.662440156307535
FBgn0002773	44815.9121547882	0.676686963133036	0.372281538360101	3.2741102493124	0.0703810807001377	0.496626870028512
FBgn0002774	935.198495422965	-0.0316079576818359	0.226486500855395	0.0197660144129657	0.888192538410299	0.977724198541247
FBgn0002775	252.030123179374	-0.0393859965835372	0.295153482404158	0.0182985317157929	0.892396770517033	0.978876446894751
FBgn0002778	750.12108630413	-0.336515907400013	0.27405405895617	1.50442428179927	0.219991866841417	0.770878105081471
FBgn0002780	1515.45648728072	0.661490790022344	0.421435781559679	2.44195761946801	0.118128721429369	0.632975744749736
FBgn0002781	2852.52442987097	-0.0375110730081607	0.115969994697378	0.104611873856925	0.746363866246588	0.948987319166172
FBgn0002783	2219.92077560494	-0.322970315501608	0.343553869723969	0.882351257004672	0.347558496865471	0.850329434543644
FBgn0002787	5062.70337441418	-0.180383628922722	0.178485723054065	1.0207843363185	0.31233303460212	0.833849223328102
FBgn0002789	10667.4512424323	0.462166123599637	0.30759706837381	2.24795585235172	0.133791034960616	0.666388509944527
FBgn0002791	391.631520071088	0.020819202667224	0.248104138798583	0.00722875505404375	0.932243832445012	0.98378812856611
FBgn0002862	246.485878155375	-0.0768318625045897	0.70218169123222	0.0120093924746385	0.912736624669115	0.980376791913083
FBgn0002865	827.147961395958	-0.826280111008032	0.384936582645564	4.54478966479343	0.0330190786130386	0.320800389206909
FBgn0002872	246.151777356652	0.0240696694150364	0.213934580918213	0.0132871273960262	0.908231272805445	0.979772897569974
FBgn0002873	1035.64285236467	-0.393752560880915	0.25666529752698	2.3471972834061	0.125508479696953	0.65078499017855
FBgn0002878	291.239802543216	-0.321753252382505	0.408223234492733	0.621763182319484	0.43039283013079	0.885006445906328
FBgn0002887	216.232248402711	0.187292676118528	0.302887449673432	0.382175634026503	0.53644116770201	0.906910394964332
FBgn0002891	313.906189698569	-1.07600566384159	0.47774015047825	4.97649917119423	0.0256939264711737	0.275072303265916
FBgn0002901	148.891365474697	-0.291640708584242	0.292352753600771	0.992056372050392	0.319240298061134	0.835792979721424
FBgn0002905	217.056906102086	-0.403535490027056	0.282053297216479	2.05373247754343	0.151833561497365	0.69217570821335
FBgn0002914	1221.12384670787	-0.0455090883625259	0.173540245814838	0.0687701821842239	0.793135880712969	0.95691559934858
FBgn0002921	11216.9277275764	-0.221712517072144	0.338891092149833	0.427625727939414	0.513156272943276	0.898418100303269
FBgn0002924	538.229266477073	-0.304349390093115	0.22609470287537	1.8129310098808	0.178157027305254	0.725051650108162
FBgn0002930	875.700049910407	-0.249840816209787	0.283693962712883	0.775229933096512	0.378603977555375	0.86579112403379
FBgn0002931	106.968496806116	-0.12828371082629	0.410740288079865	0.0974656277441284	0.754892441650145	0.950744853750032
FBgn0002932	512.758337046213	-0.263746904377912	0.323006774660251	0.666701379733155	0.414204025496384	0.8788110654561
FBgn0002939	1230.1480684451	1.23381676456337	0.784883099573325	2.39986229514993	0.121345931593833	0.640205897968199
FBgn0002945	711.942180402872	-0.141350607597348	0.281492175124543	0.252481708321156	0.615333025960665	0.91550458350478
FBgn0002948	133.395732743759	0.077707197636849	0.216041288896326	0.12943909721271	0.719014312355849	0.941507678566307
FBgn0002973	1880.26298411573	-0.139072305175306	0.222314662656572	0.391268154058068	0.531633558351518	0.904972336314797
FBgn0002985	162.489407364988	0.0339280615170486	0.403088427587298	0.00742723293443959	0.931322219897992	0.98378812856611
FBgn0002989	156.867524662001	0.0451793998641094	0.262005497388512	0.0311950166368504	0.859806011076905	0.971542724124143
FBgn0003002	178.178304415528	-0.375701503603324	0.337448427023349	1.24098267466633	0.265281752475615	0.808870738247104
FBgn0003008	272.661769893968	0.0660280837507334	0.384296929689484	0.0297039021300236	0.863163792917814	0.97238988145862
FBgn0003016	865.449291353142	-0.0568187763594407	0.330973239980772	0.0295655490014326	0.863479703226649	0.972458577783987
FBgn0003028	684.273266058983	-0.154384961481981	0.419896883878398	0.13530484998067	0.712993976063705	0.939284009468917
FBgn0003041	751.338206273731	0.306815029919943	0.196942765964498	2.4246229886763	0.11944197499504	0.635693132257462
FBgn0003042	114.035355427617	0.19453731224755	0.276593864156448	0.495765878220894	0.481366490146397	0.889027677218827
FBgn0003044	718.920839043774	-0.309924340977309	0.290993375709363	1.13352059196804	0.287025634255013	0.82354504277198
FBgn0003046	3793.99759047198	0.441274553055444	0.76654011464756	0.330078722726952	0.565612736958518	0.90865959686355
FBgn0003048	2304.77252933389	-0.272160875027981	0.468537349925674	0.337025002094023	0.561551501462124	0.90865959686355
FBgn0003053	1789.90537614244	0.00843480436036189	0.470509094073201	0.000323464912881377	0.985650715773843	0.992976338451615
FBgn0003060	1380.28169168004	0.737287649091533	0.59763562033744	1.5058982233457	0.219766049529011	0.770878105081471
FBgn0003062	1638.09438865207	-0.0584441292518119	0.132799943524706	0.19379141465086	0.659779613046727	0.925753143696909
FBgn0003067	8741.4122913551	0.00716795921995164	0.460449607221235	0.000242304366210533	0.987580527699709	0.993061124148768
FBgn0003071	4195.47029769623	0.356539554390955	0.524089398455895	0.461664669186291	0.496847013805769	0.894106779299073
FBgn0003074	8210.15390789291	0.247394665242358	0.470851237889501	0.275734496605963	0.599510706429033	0.912217600937776
FBgn0003076	3907.73566841361	0.264017333464188	0.386174507828647	0.466799061039509	0.494463447556236	0.893314949498528
FBgn0003079	531.606445121031	-0.00367696596531818	0.200209435981118	0.000725620683439843	0.978509705421362	0.992134162437166
FBgn0003089	153.52544927475	0.70535415357125	0.217099095244604	10.5091668622488	0.0011878379887153	0.0264089694633952
FBgn0003090	633.41133248637	-0.240827673096578	0.358010496701323	0.452651363327092	0.501078546045446	0.895295388353976
FBgn0003093	1085.54110291355	-0.157684169769624	0.33934406765422	0.215899766252264	0.642182009113453	0.921446243022313
FBgn0003117	195.652158438987	-0.748698222475877	0.360285461997555	4.28114580357764	0.0385373613730073	0.354317537063716
FBgn0003118	599.710633803603	0.00823990611449228	0.243405328312885	0.00147944435440195	0.969318096211952	0.991444149622978
FBgn0003124	1263.1419316956	-0.285654117193337	0.163334070902259	3.05698212339387	0.0803908508431333	0.532391418822453
FBgn0003132	109.974423129571	-0.515274657376454	0.54359888419942	0.890320520717076	0.345390464622286	0.84798757367388
FBgn0003134	977.121621653992	0.0100907441069361	0.120434807837936	0.00702119855442618	0.933221337653235	0.98378812856611
FBgn0003137	5082.31471807754	0.143215625888668	0.54967478628342	0.067860263648555	0.794478095106946	0.957307098335159
FBgn0003139	778.085355118131	-0.115404758656713	0.195728640023165	0.348023098334977	0.555234345053901	0.908003182797042
FBgn0003141	605.955928979825	0.449519149299167	0.362969404914124	1.52659495843916	0.216624200975032	0.767589085535168
FBgn0003149	23485.4670760006	0.517414663783021	0.506971191140879	1.03609301842442	0.308731876589233	0.832614936158673
FBgn0003159	1995.94898871998	-0.133027317227969	0.250013807567987	0.2830887700852	0.594683837198837	0.911189805440844
FBgn0003162	6410.07065093306	-0.536983274694585	0.467903775798828	1.30945059514511	0.252494152184607	0.7982483163473
FBgn0003165	1937.86799183573	-0.189666857884416	0.347885123806529	0.297162396691931	0.585666836085499	0.90865959686355
FBgn0003169	1035.71878802547	0.248162903973964	0.138762163762296	3.19696156761273	0.0737752152438733	0.508807836371248
FBgn0003174	802.448797937368	-0.1540518665406	0.410382796108833	0.140975979603866	0.707312677914369	0.937480752259592
FBgn0003175	2354.42792227285	-0.188043387445428	0.398145872017813	0.222999100607581	0.636764194546434	0.920647652326233
FBgn0003189	2456.12162529148	-0.0677892293560721	0.460358433934212	0.0216885349585709	0.882918690900346	0.977724198541247
FBgn0003204	3414.86329732525	-0.314849457243554	0.367386397123152	0.732967267344776	0.391923069289619	0.872919006760984
FBgn0003205	1752.6219124348	-0.00854611535635004	0.173023855763798	0.00246861781288032	0.960373260896058	0.989090304481675
FBgn0003206	1535.70178253133	0.0913819693324551	0.16227012389947	0.317120092845414	0.573343525541985	0.90865959686355
FBgn0003209	1842.88617514848	-0.365629370688039	0.331509200536767	1.21357313805746	0.270625623861264	0.810256083869186
FBgn0003210	1346.69764780558	-0.403253472580737	0.305859753617465	1.73386450237682	0.187918116391045	0.735739826904372
FBgn0003218	718.79069473988	-0.226109619451736	0.295938809397757	0.583690771938763	0.444869281569383	0.888270226363548
FBgn0003231	6456.1354011708	-0.0679739011458614	0.104660438031787	0.421814403394336	0.516033077970089	0.899800082912932
FBgn0003256	729.577335734423	-0.0539119205602691	0.594091361234748	0.00823845736888984	0.927678567658343	0.983026071820471
FBgn0003257	461.637196105533	0.157305320618057	0.141870365604129	1.22990840268379	0.267424852306382	0.810256083869186
FBgn0003261	15440.0727460928	0.0033418452591026	0.194269464821065	0.000296713974606178	0.986256808894197	0.992991760146979
FBgn0003268	504.915913056491	-0.311190483243387	0.419274502994371	0.550726759878515	0.458020892428952	0.888270226363548
FBgn0003274	14553.0380518006	0.46141416646526	0.321472662791726	2.05131965511205	0.152074325073505	0.69217570821335
FBgn0003275	270.314250475974	0.303437076338878	0.513110172943588	0.348668000845294	0.554868112635972	0.908003182797042
FBgn0003277	3749.65600735506	-0.288982164053162	0.462963308428193	0.389054791559403	0.532796662239232	0.905493756415732
FBgn0003278	272.02077399807	0.203448807325078	0.199086998081308	1.04546064319155	0.306554862768223	0.832614936158673
FBgn0003279	37155.396995173	0.0430707200961871	0.199960611186914	0.0463938755373334	0.829461413771272	0.964901903583029
FBgn0003285	414.764989310684	-0.278173816548417	0.296893362393956	0.878679490554006	0.348563611496941	0.85100574775865
FBgn0003292	105.854450838872	-0.174303092427256	0.297894432482394	0.341642939272184	0.558882417965541	0.90865959686355
FBgn0003295	65.9729083075062	-0.154031466058265	0.424348672346054	0.133273569917542	0.715061745838921	0.939993572975174
FBgn0003301	1237.64736620114	-0.127395133728982	0.594568530188541	0.045914772048036	0.83033079934179	0.964901903583029
FBgn0003302	153.287361568379	-0.1641956125708	0.362194215938647	0.205457846565707	0.650351033480174	0.922694169316485
FBgn0003308	1277.59656240383	0.371646853045708	0.254395658522097	2.13031186463643	0.144411371795703	0.680305051811271
FBgn0003310	725.22214366248	-0.291369746427948	0.479245608634324	0.369041888015062	0.543526984956755	0.907173673980027
FBgn0003312	533.027359558911	-0.196589497675372	0.143141287018661	1.88552445118555	0.169707584013555	0.71601597323218
FBgn0003317	550.243772821936	-0.181863988198333	0.243789224006384	0.558049097345517	0.455047360543841	0.888270226363548
FBgn0003319	187.40842834299	-0.470572857162535	0.346681451577072	1.8347516923381	0.175567328791177	0.721800253941284
FBgn0003321	893.313079979908	0.0241401197465386	0.170168421091005	0.0202020614209459	0.886974197509259	0.977724198541247
FBgn0003326	318.375391798702	-0.456986232004338	0.292061449354584	2.44164619199384	0.118152173501936	0.632975744749736
FBgn0003330	306.479186870088	-0.238954070370446	0.250622237381958	0.908214676281858	0.340588561787713	0.845839535008944
FBgn0003334	866.883342343406	-0.106026627715141	0.297697711194166	0.126985456266283	0.72157832847319	0.942368962313705
FBgn0003339	295.714261415981	-0.388479132323624	0.352485457558429	1.21265270586625	0.270807395927812	0.810256083869186
FBgn0003345	1295.51699259086	0.0575666852622726	0.203852248554232	0.0798435899922652	0.777509484700848	0.953613849779716
FBgn0003346	936.191870151196	-0.037172270515002	0.172939905193613	0.0463401739345386	0.829558626749074	0.964901903583029
FBgn0003358	4947.93444970727	0.108911885231051	0.256678155043437	0.180000234886961	0.671373038682833	0.929525373491026
FBgn0003360	11089.2414342686	0.179414181079871	0.300751026864608	0.355648347949838	0.550933021213187	0.907978647188282
FBgn0003366	2018.11795512629	-0.326631510338938	0.353230567909907	0.853677283373727	0.355514129357525	0.854616917368605
FBgn0003371	4619.27452624724	-0.203808822790541	0.274464613195	0.551034593382823	0.457895267748549	0.888270226363548
FBgn0003372	18704.7430826267	1.12837268884587	0.454589991561292	6.01056547379997	0.0142204696686205	0.181900802275627
FBgn0003373	172034.251655699	0.424563820856044	0.212656400112606	3.97163794619075	0.0462727408238564	0.395984049715241
FBgn0003375	37309.3443840483	1.09733475268143	0.634972012094992	2.91719189876605	0.0876402589895753	0.550469907734223
FBgn0003377	32508.8228937742	0.570192299836119	0.509276335901754	1.24543626213483	0.264425919926069	0.807791868796322
FBgn0003378	23421.6572731073	-0.0467606218200178	0.44338301431275	0.0111224308136144	0.916008478932976	0.980404978288931
FBgn0003388	1902.80969139639	0.143939320356356	0.238208683796192	0.364933419947718	0.545779024912471	0.907903191877356
FBgn0003390	394.264434004755	0.490972157669958	0.225574143423171	4.71793198875564	0.0298496212146744	0.299708741562872
FBgn0003391	2919.10436391286	-0.583808055081285	0.377037325012729	2.38230068316349	0.122716699099021	0.64336315609992
FBgn0003392	2407.29586814919	-0.188912771381709	0.28746478066988	0.431709846972296	0.511151142929963	0.896060535082063
FBgn0003396	1911.42596129716	-0.0903742514416817	0.568119886468598	0.0253089299916098	0.873599695335455	0.975386188335215
FBgn0003401	56.6368319329624	-0.30431161229557	0.360518533178626	0.70990341652206	0.399475877131736	0.875888394068263
FBgn0003410	834.541850212383	-0.051922787346125	0.125427836693152	0.171506507322562	0.678776382969328	0.930018495477913
FBgn0003415	2101.27339439268	-0.424714287077164	0.446788832760535	0.900729864773609	0.342586082956894	0.847342045408736
FBgn0003416	663.99746810629	-0.334518334860898	0.423886216963171	0.622202599246464	0.430229962127932	0.885006445906328
FBgn0003423	2118.84822597881	-0.328496682893336	0.26972556630815	1.48026830408801	0.223732548359221	0.775040534382066
FBgn0003429	673.652042111693	-0.220382544647032	0.332702264206009	0.438996594279573	0.507607154549289	0.895295388353976
FBgn0003430	56.157920117648	-0.419604164935353	0.415312939357008	1.01241219276547	0.314325645050771	0.834384888338152
FBgn0003435	1593.44598016734	-0.495862128300926	0.335359967624735	2.17566349657777	0.140209035070918	0.675640327256876
FBgn0003444	511.990230835189	-0.0856564601607549	0.189082622063844	0.206441634282712	0.64957082659969	0.922694169316485
FBgn0003447	2079.00977869575	-0.517707383646901	0.387195209294611	1.77872213294289	0.182306319468764	0.728369597213175
FBgn0003449	609.258078026632	0.225029757831347	0.327402580765193	0.471645823741525	0.49223098551322	0.892965315521076
FBgn0003459	201.303809625089	-0.141608126917377	0.251934481699802	0.317311553210182	0.573227800061637	0.90865959686355
FBgn0003462	4359.4593372356	-0.00758253457885351	0.241349520104682	0.000995764745141514	0.974826339929127	0.991444149622978
FBgn0003464	1693.73521272279	-0.212226818337767	0.287129399084903	0.546084034157019	0.459922184951878	0.888270226363548
FBgn0003475	777.383197328845	-0.0289452607582026	0.232975513376816	0.0155585720291498	0.900734135447354	0.979772897569974
FBgn0003479	209.829279925543	-0.342150677632478	0.285237394685345	1.43273745812587	0.231318202951299	0.779813484379362
FBgn0003495	326.033050179489	0.133399563596473	0.246761951022401	0.293962932038824	0.587692110745374	0.908692018198927
FBgn0003499	175.958906366817	-0.121519683177668	0.22836151242589	0.28509362943791	0.593381941212313	0.911189805440844
FBgn0003502	1395.97080832602	-0.139857074427605	0.221409132819589	0.399077770672278	0.527565919157462	0.90232385622236
FBgn0003507	2425.98015852876	-0.173324131271703	0.325868582227391	0.28282847682317	0.594853297453392	0.911189805440844
FBgn0003511	198.972223150223	-0.143752962884594	0.312416526314227	0.211670342179737	0.645461345318625	0.922314497582819
FBgn0003512	316.266431140206	-0.0275952871880783	0.250383338427069	0.0126405052165239	0.910482468443184	0.980227996589148
FBgn0003514	4495.57917839231	0.0512466229532801	0.229687499680446	0.0497742046237164	0.823456641200238	0.964052863213496
FBgn0003515	54.537892152886	0.80334446610675	0.610797865060778	1.71934276901752	0.189777666997464	0.738375700669764
FBgn0003517	33419.484845199	-0.00511007487726374	0.204907891240327	0.000622032561054198	0.980102358647094	0.992134162437166
FBgn0003520	1256.84852972445	-0.2153513463602	0.336820287050706	0.408632384011838	0.522664470609913	0.902024588541311
FBgn0003525	489.716488669389	-0.101857312157883	0.202717320072857	0.253586983697488	0.614560620347382	0.91550458350478
FBgn0003545	239.044400536243	0.144855851395229	0.307896486146401	0.221417005935834	0.637962345594455	0.921177946778162
FBgn0003557	2262.54064808361	-0.189660465635911	0.437407314718265	0.187912534598979	0.664659705278228	0.927023786961361
FBgn0003559	674.243291150478	0.0786334692557416	0.136463149009685	0.332118068192997	0.564414546453478	0.90865959686355
FBgn0003567	849.59612510504	-0.133021048909969	0.187594447348528	0.502449030006773	0.478426011694735	0.889027677218827
FBgn0003575	1045.43900464438	-0.152110142086078	0.241114295991118	0.398432038604199	0.527900130296971	0.90232385622236
FBgn0003598	900.148979281978	-0.251976383528083	0.264135922487185	0.909904010664988	0.340139888793875	0.84572059923779
FBgn0003607	1230.60358204513	0.444542610424723	0.436173572249218	1.03429899839601	0.309151090982275	0.832614936158673
FBgn0003612	907.475314841121	-0.238969235761085	0.212610575323791	1.26393507887602	0.260907546098683	0.805153765933073
FBgn0003638	1819.89812277497	0.14613258769404	0.264586779397394	0.305059731526185	0.580727673566926	0.90865959686355
FBgn0003651	1028.56630403297	-0.087417773039563	0.349219589005282	0.0627095740772461	0.80226349441526	0.958219727101694
FBgn0003654	2844.78034397135	-0.681922918404931	0.231389103767462	8.61130966504768	0.00334081992119612	0.060546143016767
FBgn0003656	1601.47382725408	-0.158128025829699	0.251221086236872	0.396473607717652	0.528916075239625	0.90232385622236
FBgn0003676	2948.91998087932	-0.196691148432838	0.145766862272052	1.81955550624021	0.17736619516847	0.724809002815072
FBgn0003687	233.52928190806	0.0130248795573384	0.205297499131333	0.0056138754751629	0.940273748980057	0.98539396278863
FBgn0003701	178.539929827616	-0.413916147458475	0.305611584532085	1.83874428816191	0.175098195682833	0.721800253941284
FBgn0003716	2381.43805430195	-0.176509753143036	0.250169825664029	0.497757335131638	0.480487190569311	0.889027677218827
FBgn0003719	232.732689047081	0.239104142084609	0.219938631562653	1.18111125004243	0.277129883217895	0.814240619512538
FBgn0003721	14961.9408287138	0.731647145871883	0.32562614045957	4.99534845751661	0.0254155355908236	0.272786923506107
FBgn0003731	2917.54508116805	-0.19969225992372	0.352151847278122	0.321404337394483	0.570764909409444	0.90865959686355
FBgn0003742	401.133234071806	-0.0697142953826706	0.215066168760658	0.105081722857648	0.745814548175528	0.948987319166172
FBgn0003744	1261.09523110852	-0.127326382908955	0.198033346388696	0.413211404089012	0.520344007549834	0.900900502564648
FBgn0003748	2452.22823012205	-0.129054194828257	0.184682308131251	0.488276744724928	0.484697017769747	0.88918116973677
FBgn0003862	1838.98788910078	-0.323373194313985	0.49601340932656	0.424307226800366	0.514795608987256	0.899400837426211
FBgn0003863	12335.4675715756	-0.731012576838492	0.180268137580583	16.2736167491292	5.48219850836239e-05	0.00188821296165072
FBgn0003866	1037.19986746604	-0.0766989460798678	0.162661337497467	0.222621043925784	0.637050030613341	0.920682451809891
FBgn0003870	1173.61432098433	-0.126711692720197	0.203063267589326	0.389556729010977	0.532532495819542	0.905493756415732
FBgn0003882	719.695606040506	0.117119236768983	0.131816335667666	0.789489002072557	0.374254684772736	0.865701388774403
FBgn0003884	59932.1705650867	-0.164892727657396	0.256546990490332	0.412895354067814	0.520503584223797	0.900991168242387
FBgn0003885	2221.42050308996	-0.235389978719887	0.244100697920961	0.929190747131287	0.335073297248525	0.84400214181012
FBgn0003886	350.36437231495	0.0598217719684137	0.349929537005745	0.0292870874581297	0.864117847275743	0.972458577783987
FBgn0003889	1488.45741671177	-0.67906212653465	0.403127111293822	2.81077918945557	0.0936328872241368	0.57353555702015
FBgn0003890	910.673069388453	0.475518290172891	0.42113026684606	1.26956416282897	0.259848458573237	0.804496150742213
FBgn0003891	8883.75651837194	0.0419019960201235	0.353058267497307	0.014086124017183	0.905524938191794	0.979772897569974
FBgn0003892	869.22361945592	-0.264467186862363	0.470573059014268	0.315647128490497	0.574235379721545	0.90865959686355
FBgn0003896	237.247360055745	-0.122506102863889	0.25273100729084	0.235287638751771	0.627630542162867	0.916844616084953
FBgn0003900	106.07516897784	-0.295890898256619	0.344928170430043	0.74423637235089	0.388307187308937	0.87033225458622
FBgn0003941	14505.7901978131	0.105171452911027	0.166776273598335	0.397566002242499	0.528348959272737	0.90232385622236
FBgn0003942	14247.0476126694	0.483484795331061	0.309147993477684	2.43440179409264	0.118699168988462	0.634572402149513
FBgn0003943	18151.9184921607	-0.237846465497954	0.212881800138853	1.24696400554295	0.264133128931632	0.807484472732424
FBgn0003944	262.406372116818	0.224926926119523	0.345107040098119	0.424175586862219	0.514860827119791	0.899400837426211
FBgn0003963	687.313939764305	-0.322447354721744	0.421382769454958	0.58500317387518	0.444357891489693	0.888270226363548
FBgn0003964	1428.04283770319	-0.134539982027949	0.2079869682186	0.418631727005803	0.517620576632871	0.900305384455461
FBgn0003965	302.72441673692	0.356436524463493	0.356615249607357	0.99650759688285	0.318157045401406	0.834794518653785
FBgn0003969	1651.6824680874	-0.0845940758897585	0.198206806579888	0.182139566069779	0.669540942497399	0.928040220157118
FBgn0003975	189.28661344339	-0.0857031156504493	0.324605603802883	0.071879859396347	0.788619116835395	0.956771337936287
FBgn0003977	1098.12256437196	-0.317044526644045	0.420651679038604	0.567291997959288	0.451337015292365	0.888270226363548
FBgn0003978	263.946818495588	-0.0924089264288793	0.229336561846506	0.1623307156149	0.687019686355682	0.931504874015863
FBgn0003984	160.057922555042	-0.254430902808984	0.444440953701605	0.328759512415218	0.566390446673779	0.90865959686355
FBgn0003997	185.023397374867	-0.0581902787429521	0.244799915133598	0.0565192030672108	0.812084559285113	0.96039638452444
FBgn0004003	464.395412915411	0.163918127461271	0.592983531075419	0.0763322057183444	0.782330837595669	0.954728206666318
FBgn0004049	769.110602157351	0.060700043012265	0.150198401068209	0.163890693586254	0.685599420496292	0.931504874015863
FBgn0004050	510.371854131211	-0.131161326363891	0.178366096450106	0.541449910620813	0.461832456918448	0.888270226363548
FBgn0004055	459.182294388748	0.19088502975984	0.244673459482153	0.608092449826003	0.435506941794167	0.888270226363548
FBgn0004057	995.860812548074	-0.27133156772048	0.306706542382487	0.782154605569488	0.376482993808759	0.865701388774403
FBgn0004066	4366.27962900704	0.266330768850843	0.258716620371865	1.05805188467839	0.303659925742413	0.832614936158673
FBgn0004101	319.394251151125	0.0915305844712958	0.197734253347673	0.216007860701858	0.642098710216462	0.921446243022313
FBgn0004103	4511.92831421791	0.0242404587050836	0.146233525454296	0.0275001666118015	0.86828936556462	0.97411611643373
FBgn0004107	189.622744090163	0.31435984658669	0.335113385752619	0.877779499852011	0.34881057853524	0.851162631245689
FBgn0004108	1537.09763117297	-0.321919282518966	0.261735292213191	1.51045696190653	0.219069371282752	0.770666067904995
FBgn0004117	14965.9857069083	0.609143521357775	0.325608321695457	3.47421962660773	0.0623321160413571	0.463542505345256
FBgn0004132	314.786104948185	0.494104957459973	0.449277993644944	1.20222024036818	0.272878374951183	0.81102375989842
FBgn0004133	808.30814910087	-0.180276552808172	0.308603255172928	0.341452192588605	0.55899218586615	0.90865959686355
FBgn0004167	8348.59636530071	0.157025602330358	0.617450686641298	0.0646435154574476	0.799301736830621	0.958174580223308
FBgn0004169	17368.2609264749	0.633518657604585	0.302797975055829	4.34269076113253	0.0371681390481282	0.347067822844966
FBgn0004171	183.264633101487	1.24903976589694	0.553900561151066	4.94137863789062	0.0262211143290066	0.277825112354679
FBgn0004174	145.114820944536	-0.110125146064918	0.717035008651505	0.0236855059503398	0.877687825970592	0.977068203103071
FBgn0004175	90.7210396462823	0.682414088812609	0.923794018958677	0.539487130554633	0.462645353908549	0.888270226363548
FBgn0004177	5270.78093758569	0.0128005873011697	0.141265432727069	0.0082126242920566	0.92779173417581	0.983026071820471
FBgn0004179	1454.20145631659	0.146897368874464	0.152909245756761	0.92251202248093	0.336816260515958	0.844956374142122
FBgn0004197	978.033597192393	-0.403109486692876	0.304863250012856	1.74486504884132	0.186523571663888	0.735245823763281
FBgn0004198	1156.22022297254	-0.11119477501791	0.438882987170128	0.0642198735745865	0.799946453095698	0.958174580223308
FBgn0004227	1913.21838609099	-0.243524186621591	0.275510499210786	0.780615905346849	0.376952840220963	0.865701388774403
FBgn0004228	668.789761034158	0.92066075631671	0.410034608425897	4.95746870607327	0.0259782080574496	0.276826711868946
FBgn0004237	5538.27539736191	-0.219723700572753	0.272534278295765	0.649414472129962	0.420322098833999	0.880461029497295
FBgn0004240	418.531514536077	3.11221831353177	1.11299413018715	6.6669584935991	0.00982166609903416	0.138724843523165
FBgn0004242	2076.64869330843	0.143964413195765	0.20142432498002	0.510477416727539	0.474932259047755	0.889027677218827
FBgn0004359	222.171408295873	-0.0953137628445545	0.21119658306043	0.204336747828158	0.651242886730114	0.92309752404788
FBgn0004360	143.458406453118	-0.259523511046158	0.242418002882273	1.14561862464372	0.284468206657796	0.822670744139255
FBgn0004362	4114.1987485497	0.258929132691966	0.32882840681729	0.619151618318838	0.431362724667345	0.885700546812697
FBgn0004363	6490.46606274522	-0.0663642723844022	0.260415265890352	0.0649392485427285	0.798853009642776	0.957999832735677
FBgn0004368	1313.95342789481	-0.166188306741981	0.463253055435406	0.128680822019064	0.719803747850493	0.942101027400023
FBgn0004369	1019.1030284887	-0.16780164662585	0.418156490547046	0.161017311126287	0.688221625242827	0.931504874015863
FBgn0004370	2326.96618817497	-0.255879371948673	0.480767292394671	0.282972157588887	0.594759743754461	0.911189805440844
FBgn0004373	1976.50567107174	-0.167953513988882	0.283608640377784	0.350659258685297	0.553740176781797	0.908003182797042
FBgn0004374	413.038192815472	-0.361789583485959	0.215270352578629	2.81547736354815	0.0933591199268743	0.572693462675512
FBgn0004378	687.500000363852	-0.193118891334634	0.215076757059009	0.807954190007322	0.368725787097003	0.864159753811589
FBgn0004379	373.362968446425	-0.205967226572918	0.187549468755684	1.20456444906461	0.272411296849376	0.81102375989842
FBgn0004380	579.609301661113	0.0595897738532394	0.169530658890982	0.124615123140103	0.724081938563833	0.942405474262163
FBgn0004381	398.769578818267	-0.237612636348523	0.216716807611539	1.20230343362667	0.272861781725147	0.81102375989842
FBgn0004387	1903.55227617222	-0.26648725705706	0.312558980567359	0.726324330570279	0.394077216809899	0.872919006760984
FBgn0004390	813.05539901075	-0.297038447763022	0.475710578394441	0.389468498242664	0.532578913963964	0.905493756415732
FBgn0004391	838.361443712775	-0.413879247927925	0.448130159524122	0.850856311698948	0.356310204186113	0.854885754708834
FBgn0004395	811.406036187788	-0.0831704740520046	0.329834038428002	0.0636364920541013	0.800837982980113	0.958174580223308
FBgn0004396	1023.94218629587	0.00822477102040404	0.32639436381233	0.000641400023880578	0.979795034032519	0.992134162437166
FBgn0004397	2925.45494819886	0.0713791590317681	0.320216214432312	0.0496974790728473	0.823590521099508	0.964052863213496
FBgn0004401	5826.73875017067	-0.105169601206373	0.152294573653494	0.476870365681265	0.489843342665207	0.892013749026738
FBgn0004403	6973.81580386553	0.245322866157632	0.275119847788836	0.794094863152637	0.372864793818484	0.86482559396012
FBgn0004404	4040.13665744477	0.0466961968593733	0.207993789439231	0.0504024841557822	0.822364395605754	0.964052863213496
FBgn0004407	183.647659176794	0.0920458713427568	0.199668994930132	0.213316121057815	0.644180585711752	0.922213082123245
FBgn0004419	2030.89476274583	0.262550748736544	0.295668327096637	0.787225114229742	0.374940511059307	0.865701388774403
FBgn0004432	11625.5108847319	0.360835264707817	0.357189020088058	1.01781030442351	0.313038974746794	0.833849223328102
FBgn0004435	519.132746248102	0.934062112516264	0.438533949623383	4.46051350743156	0.0346870684799997	0.330811786353649
FBgn0004436	1289.80207369887	0.441007047995075	0.376292989958584	1.36794998393466	0.24216441729783	0.790406091073906
FBgn0004449	4284.04877993584	-0.255382731438137	0.530570409483626	0.231420384650178	0.630472628940225	0.918123717486336
FBgn0004456	1255.33476436514	-0.0744363133263696	0.370936778932716	0.0402889825587494	0.840916616091574	0.968138532800968
FBgn0004463	454.450762619669	0.111447933439896	0.224286803777196	0.247364310128589	0.618937092674703	0.91550458350478
FBgn0004465	567.683931924964	0.149836517913343	0.165928089803426	0.815296201379368	0.366559045395965	0.863234160563223
FBgn0004507	18882.117449991	0.548868413408434	0.545775863896141	1.00533042249141	0.316024130143083	0.834794518653785
FBgn0004509	2117.55950590605	0.144906192212578	0.372617623664093	0.151193859308449	0.697397064440916	0.934607706834869
FBgn0004510	206.735935655999	0.0445460410829293	0.271455557820494	0.026968575777147	0.869557076602317	0.974627590259519
FBgn0004512	2015.1270013175	-0.0754787657978103	0.520946428713692	0.0209948472529646	0.884792994353079	0.977724198541247
FBgn0004554	213.921282929973	0.0138311583662699	0.230609082490457	0.00362253979426441	0.952006270534718	0.986885525775761
FBgn0004556	148.330859091027	0.289520002637461	0.288600761943434	1.00531473263624	0.316027906501949	0.834794518653785
FBgn0004569	122.161453306754	-0.317683104457338	0.315142294837096	1.01845583031865	0.31288557074554	0.833849223328102
FBgn0004574	2774.4370148705	-0.13269229193606	0.198215322252676	0.448096155023393	0.503240449263102	0.895295388353976
FBgn0004575	231.715916571626	-0.405107860410387	0.398096388018131	1.03389928628665	0.309244593759578	0.832614936158673
FBgn0004577	5825.3905821878	-0.58044110720066	0.230888722566584	6.27857628213727	0.0122206240948692	0.162503362172913
FBgn0004580	203.721427913373	1.28631426401919	0.436826982100156	8.42310177066805	0.00370483225402043	0.065410525762159
FBgn0004581	189.50463584795	-0.320113001225046	0.336320623362637	0.905778914694309	0.341236883100849	0.846306080711849
FBgn0004583	1830.86967536851	-0.0919950705129234	0.420892503516863	0.0477933367054959	0.826948508780419	0.964696733452338
FBgn0004584	608.700639268131	0.121209197970929	0.342338715653105	0.125305906517596	0.723349567525401	0.942405474262163
FBgn0004587	5655.52571426898	-0.1400101569206	0.204905090103857	0.466746012669944	0.494487976061862	0.893314949498528
FBgn0004594	33.1462393163951	1.04712209981637	1.43003122746512	0.523983110048803	0.469147528542503	0.888270226363548
FBgn0004595	1582.93216551646	-0.0645472844637267	0.55300997297151	0.0136217932794125	0.907087933219284	0.979772897569974
FBgn0004597	271.196465301804	-0.00765477242308504	0.1753578443704	0.00367288645315256	0.95167431425858	0.986885525775761
FBgn0004598	1908.0447732931	-0.167630779291593	0.392761179801936	0.182117689429475	0.669559612864426	0.928040220157118
FBgn0004606	921.886748848011	-0.441571433993119	0.419688713309794	1.103418885466	0.293517024315532	0.828869983987813
FBgn0004607	999.905762625509	-0.185987696265485	0.392970319218502	0.224090964778895	0.635940332759821	0.920418556196489
FBgn0004611	833.384598322669	-0.245036126415848	0.305010955962136	0.645307430673981	0.421795408765988	0.881034667480375
FBgn0004629	1876.18353136443	-0.000684118989661255	0.221643008679122	3.8054661985143e-05	0.995078004170592	0.996251780148366
FBgn0004635	278.380844995204	-0.646623579124305	0.22817490773088	8.01516970221773	0.00463871269218406	0.0776568555081969
FBgn0004636	1996.56735103392	-0.0493983613271305	0.277509576958131	0.0316823424649613	0.858726632349438	0.971373856909766
FBgn0004638	1326.33246282023	0.0983886083225563	0.286187297625717	0.118160547714751	0.731038150507762	0.943692519110568
FBgn0004643	778.145325118561	-0.126850783459667	0.221629061395005	0.328390578037144	0.566608314329402	0.90865959686355
FBgn0004644	274.669913589384	-0.18263414688304	0.276273040909428	0.437630599018078	0.508268286852984	0.895295388353976
FBgn0004646	2387.47671916863	-0.307180475509906	0.317677615811847	0.933451887655508	0.333967557711231	0.842588818674629
FBgn0004647	4497.0375766751	-0.443855265235072	0.560125376409198	0.625554514976017	0.428990651351955	0.884165712876296
FBgn0004648	4273.07400786769	0.183871752083393	0.183986830373823	0.998377927063927	0.317703320611978	0.834794518653785
FBgn0004652	1096.39872273053	0.201895124807849	0.573903327862752	0.123660852641564	0.725097424384261	0.942405474262163
FBgn0004654	3080.21721548913	-0.105922887236143	0.277529031395224	0.145643934470527	0.702733420636453	0.936451299634442
FBgn0004655	1241.85995694918	-0.243863505784794	0.410326815766395	0.353014162569337	0.552411825067245	0.907978647188282
FBgn0004656	4123.54187927993	-0.143954534057866	0.449524284389181	0.102525909288886	0.748819245236244	0.949227302638817
FBgn0004657	5817.30271235645	-0.15191699051252	0.341014451123337	0.198392002066754	0.656021918213787	0.925000685682826
FBgn0004687	4468.53027507179	0.082691933155907	0.196386932267514	0.177256456209662	0.673741677923205	0.929968409444632
FBgn0004698	1025.8437270612	-0.078455613837175	0.206014225465854	0.145018650268298	0.703341905728747	0.936451299634442
FBgn0004777	140.1474161667	-0.887241846930344	1.07131939487783	0.675847406204099	0.411020332935965	0.87822152781539
FBgn0004795	203.378096273553	-0.120109736894908	0.259911171532345	0.215941479398232	0.64214986145231	0.921446243022313
FBgn0004797	439.701442266141	1.06457625129386	0.354520006362397	8.82641108239163	0.00296901719937432	0.0556955815704058
FBgn0004811	564.069086488788	-0.220039675051861	0.200914768643068	1.19658998878728	0.274004296390806	0.811687587079642
FBgn0004828	6304.2180315321	0.14548767233413	0.223710559189154	0.422726099338846	0.515579898622159	0.899800082912932
FBgn0004832	148.343367587812	-0.0343497941753544	0.344067337555878	0.0115717322534223	0.914335219644494	0.980404978288931
FBgn0004837	187.845934681424	-0.277367334046569	0.285663135626704	0.944785326741112	0.33105020903349	0.841662811307778
FBgn0004838	10768.9671589871	-0.18517555610407	0.325484521564122	0.323456963906139	0.569537505220703	0.90865959686355
FBgn0004839	732.026175275395	-0.832293832238432	0.515519773805822	2.57468205516437	0.108585917245557	0.613291256526072
FBgn0004852	1089.46378404117	0.268803522876657	0.478618175273309	0.315062481768436	0.574590132242731	0.90865959686355
FBgn0004855	420.44193858514	0.135537113467047	0.206533080280988	0.430581353076477	0.511703824966065	0.89684232429923
FBgn0004856	882.670441636641	-0.0386037371220231	0.154704898438678	0.0627303122393528	0.802231479080912	0.958219727101694
FBgn0004858	397.806273170736	0.128277197608439	0.210137083977009	0.37268831404856	0.541542540930188	0.907173673980027
FBgn0004859	970.890044479775	0.141845531515746	0.245873584263184	0.332636873847562	0.564110511043048	0.90865959686355
FBgn0004860	778.693900496424	-0.512513154344918	0.435356145099859	1.38044360960988	0.240025598943309	0.788656393900322
FBgn0004861	1139.5485522598	-0.0371235614080755	0.43019632603558	0.00746609808727783	0.931143211720459	0.98378812856611
FBgn0004863	73.3375094340221	-0.28903779555783	0.469227305222716	0.37749606924482	0.538946353413581	0.907173673980027
FBgn0004864	997.02135522261	-0.339396645324615	0.383310085463174	0.78283785035596	0.376274627073645	0.865701388774403
FBgn0004865	1262.52907665233	-0.70226157762881	1.00247728466253	0.485864766474677	0.4857777592541	0.889622202826641
FBgn0004867	29468.7903671326	-0.082012740413007	0.12927315113791	0.402430518880493	0.525836697798269	0.90232385622236
FBgn0004868	9386.07270643536	-0.00158648561191288	0.171168699367742	8.62029471875303e-05	0.992592103959187	0.995434849841648
FBgn0004875	1864.41076264768	-0.253758017074319	0.472140466312544	0.288589470189393	0.591125851932889	0.90997183888477
FBgn0004876	2099.28082941642	-0.314674720529551	0.403410343653281	0.607464588739717	0.435744037426187	0.888270226363548
FBgn0004880	232.961846581287	-0.225510062847035	0.473414916891518	0.226736933889683	0.633953969804555	0.919611276494636
FBgn0004882	382.604337547832	-0.630897493500267	0.363007230109085	2.99270640715486	0.0836402724950914	0.54362942772525
FBgn0004885	3579.53675046016	-0.53204233579993	0.430622162721846	1.51819059394042	0.217893515793087	0.768878039252776
FBgn0004888	4644.02049456449	0.00296138948894711	0.166689557788604	0.000315599143277723	0.985826238328004	0.992991760146979
FBgn0004889	1761.19279460582	0.144407479466661	0.164670169167929	0.769167557015393	0.380474698466876	0.866725321739229
FBgn0004892	222.317987901088	-0.118209583895243	0.197102884220224	0.360762456376776	0.54808309141468	0.907978647188282
FBgn0004893	1970.22567738454	-0.0725013514305484	0.180995093892932	0.160635759603124	0.688571861780663	0.931545062202945
FBgn0004898	127.948463385866	0.191497272002225	0.235630240472549	0.661898082888321	0.415890647371553	0.87938425582695
FBgn0004901	462.67951743937	0.107787958458183	0.215849438846001	0.249979079272478	0.617089808762758	0.91550458350478
FBgn0004903	642.367949733179	-0.129902519181539	0.247272987763605	0.275790705989976	0.599473504100741	0.912217600937776
FBgn0004907	9345.66201804736	0.516420736520883	0.33983622158221	2.29689971936175	0.12963251733034	0.654185859032377
FBgn0004910	710.505577154379	0.798060997989637	0.223154807614664	12.6445771737617	0.000376656648888451	0.01001715973816
FBgn0004913	495.06478958123	0.192022247698538	0.290127257068972	0.437547359760472	0.508308622017923	0.895295388353976
FBgn0004914	1010.56015815541	-0.0198390482488546	0.315733664214718	0.003977365636743	0.949713662585241	0.986400183461692
FBgn0004915	613.287965136922	0.000225184851527293	0.27820117773064	0.000189058545544185	0.98902954770146	0.993511516487449
FBgn0004919	287.613010237659	0.117475547539669	0.265021945222473	0.19670310887301	0.65739526637459	0.925452063254062
FBgn0004921	2396.53608308231	0.387445052207874	0.301967989177628	1.64082737066421	0.20021198738107	0.75166265291399
FBgn0004924	2498.45246277861	-0.133030870424301	0.240399746534346	0.306282465782004	0.579970423031996	0.90865959686355
FBgn0004926	2231.16693515464	0.38474539072963	0.303740706214573	1.59925047306552	0.206009461967436	0.757156699969694
FBgn0004957	388.77884920397	-0.0549423198448003	0.236327218428016	0.0541541046232368	0.815986335665316	0.961742180262238
FBgn0005198	1144.58498252479	-0.296373472108574	0.372794111598404	0.631362273243411	0.426856063061236	0.882445624708359
FBgn0005278	3331.69319195951	-0.0451538194139888	0.225826688707257	0.0399854475297587	0.84150903699953	0.968231685921758
FBgn0005322	530.541078221986	0.148382954739607	0.238815279414669	0.386004273172318	0.534407239051973	0.906910394964332
FBgn0005355	569.572647099708	-0.142105864121789	0.19741804966851	0.517447538695748	0.471932524853618	0.888270226363548
FBgn0005386	718.248944756934	-0.41994719228017	0.328645732348892	1.62976055032821	0.201736171002513	0.754513031199431
FBgn0005411	1050.63875840389	0.139093526896777	0.200319791853497	0.481845870448467	0.487587400727436	0.890644917382348
FBgn0005427	665.919585998665	0.123483818236837	0.186389012308352	0.439843535303723	0.507197983867819	0.895295388353976
FBgn0005533	14107.4810982849	0.320490403830144	0.156101173965824	4.20650290581148	0.040269275636294	0.361563026119033
FBgn0005536	2167.40006741676	0.0720190305637652	0.182633723011657	0.155715960102768	0.693131753618076	0.933894384001516
FBgn0005564	125.28462481626	-0.372936694236678	0.275475516866423	1.82757616170814	0.176414105643452	0.7227777190376
FBgn0005585	15310.2575035921	0.335874495355146	0.137295270227433	5.97103285830067	0.014542760347519	0.185458813293702
FBgn0005586	207.67603410803	-0.320871586279133	0.240138396733609	1.78221217239954	0.181877918879916	0.72731379141212
FBgn0005593	25706.0241851559	0.0927874117174578	0.129143940641976	0.516120754402309	0.472501165203048	0.888270226363548
FBgn0005596	428.442184300123	-0.25925254552914	0.240806983887634	1.16077878145457	0.281304086565538	0.819154380976016
FBgn0005612	4262.45869391419	-0.350572043579318	0.30121461263373	1.35137022796928	0.245038714502419	0.792429197916752
FBgn0005613	327.269485383938	1.11006916856124	0.555636506508524	3.90576801860422	0.0481206283828438	0.403263755717378
FBgn0005616	524.607746840844	0.18421126949695	0.311323599460896	0.35018837961556	0.554006512313333	0.908003182797042
FBgn0005617	547.08056393659	-0.194455492143474	0.284941391734959	0.466050526596746	0.494809744159406	0.893314949498528
FBgn0005624	484.349588126422	-0.59020564202421	0.368697582987712	2.55074571182367	0.110242210985157	0.615598366192201
FBgn0005631	753.419976749091	-0.153778320665477	0.346919944622892	0.196734362208858	0.657369788297206	0.925452063254062
FBgn0005632	4980.29270122499	-0.107951091313961	0.489726555606655	0.048584706573152	0.82554454731198	0.964052863213496
FBgn0005636	349.78812311876	-0.131188894605663	0.229000043723951	0.327916865285403	0.566888295506169	0.90865959686355
FBgn0005638	873.834332214157	-1.06523875960557	1.01782044998251	1.07101139551308	0.300717107239565	0.832614936158673
FBgn0005640	950.678372002365	-0.196045071742647	0.285357517344973	0.471724662135756	0.492194811512517	0.892965315521076
FBgn0005642	529.042057830546	-0.0485334138153909	0.155612468690855	0.0984488497670526	0.753699075505259	0.950354973832676
FBgn0005648	1071.52167175212	0.113836549064339	0.20859047147388	0.297709847947004	0.585321715162356	0.90865959686355
FBgn0005649	2794.76034648838	-0.0280130457052973	0.171884080002422	0.0265621945300012	0.870534872321839	0.974916578858414
FBgn0005654	228.188636875034	-0.608006132173752	0.254019984479532	5.70480259091083	0.0169185579931722	0.206962971433216
FBgn0005655	941.225286263309	0.0389165807402526	0.139313038536957	0.0783843905667396	0.779498891310763	0.954104815044529
FBgn0005658	125.356701113985	-0.00421511416798734	0.325332388041715	0.00138978005129786	0.970261948312469	0.991444149622978
FBgn0005659	327.391964722683	0.0924800705584493	0.266420716198469	0.120523500071229	0.72846740367286	0.943653288647581
FBgn0005660	370.572247345395	-0.328680729156736	0.600148062919897	0.299546406683675	0.584166922834894	0.90865959686355
FBgn0005666	11990.8116252136	0.420293769250709	0.629554603458211	0.444133159691972	0.505134271771409	0.895295388353976
FBgn0005670	5687.27077696686	-0.765417249759393	0.16123230720413	22.2900286976889	2.34420717073086e-06	0.000110678185746192
FBgn0005671	17308.7859879733	-0.13990346937139	0.483481526164974	0.0837030637576675	0.772340474047442	0.953234312247045
FBgn0005672	1342.6201372402	0.134719883072065	0.264641151770667	0.258975560670379	0.610824833345606	0.91550458350478
FBgn0005674	2356.26449779276	-0.0362355681317012	0.261130010294806	0.0192956705997176	0.889522171819417	0.978072136482484
FBgn0005677	670.54623430345	-0.30525344939791	0.162569994892187	3.52644219540677	0.0603972586849427	0.456627669105217
FBgn0005694	505.686008311043	-0.120804153976517	0.243764222529311	0.245987771518671	0.619914488449806	0.915541451893316
FBgn0005695	465.81601024428	-0.00813920086446944	0.194832343580467	0.00193518765078693	0.964911762980847	0.990689517101389
FBgn0005771	1155.91438501243	-0.0701363985588949	0.160722815023942	0.190824854543649	0.66223098319505	0.927023786961361
FBgn0005775	167.986169883103	-0.0973378098800662	0.261812576452236	0.139586584836906	0.708692349221472	0.937929213048386
FBgn0005777	805.02793213121	0.165061655725864	0.202722784512366	0.66246207744409	0.415692080698313	0.87938425582695
FBgn0005778	64.9644876642737	-0.435585559481041	0.704973157941112	0.378130777883634	0.538605313907721	0.907173673980027
FBgn0008635	4298.1722031214	-0.214113270653128	0.356649891810113	0.360152293371982	0.54842166783239	0.907978647188282
FBgn0008646	146.247536724033	-0.26081499950386	0.316725029015914	0.677858860684587	0.410324994150645	0.87822152781539
FBgn0008651	86.8714408425173	-0.214096632435622	0.322267376883768	0.44317158122351	0.505595627153493	0.895295388353976
FBgn0010015	247.427485646693	0.107647761203321	0.262031968145581	0.168798248490319	0.681182058023185	0.930081887185516
FBgn0010038	109.032335802275	1.39825371310986	0.507075531955139	7.37126098928932	0.00662744440801706	0.102762071595896
FBgn0010040	42.5195363035403	1.32903941624255	0.581851382910092	5.1097014058901	0.0237924146701406	0.260014893222187
FBgn0010042	24.362401012364	3.08781121470375	0.984253620301363	8.88708827438978	0.00287194370743863	0.0542377863310432
FBgn0010043	30.900969283881	0.838625296684222	0.707065332023871	1.39681201191976	0.237258073814723	0.784419182950379
FBgn0010051	2044.11132052215	0.0118189795357395	0.577720306308384	0.000419392891018333	0.983661196942142	0.992425298569785
FBgn0010052	113.492893895051	-0.0335424318244747	0.262331104380152	0.0165791538199329	0.897547507520154	0.979772897569974
FBgn0010053	672.098913314415	0.215005174582969	0.268452183417052	0.641238953738679	0.4232625098883	0.881034667480375
FBgn0010078	13867.2573128778	0.629570966243975	0.528186086020311	1.40956416102318	0.23512875845378	0.781081606355019
FBgn0010100	7979.07892527488	0.00486764483411342	0.433965035003227	0.000125812290406202	0.991050629473717	0.994416796552218
FBgn0010109	88.0895991646277	-0.282225727119436	0.27114167279008	1.08102481266154	0.298468411510968	0.832614936158673
FBgn0010113	2340.12123635754	-0.0332343200352939	0.635920247765115	0.00273153886394084	0.958318237556224	0.988105670168198
FBgn0010173	914.348260868679	-0.158023511369645	0.176266005655508	0.80428395539046	0.369815615834439	0.864159753811589
FBgn0010194	498.176791284069	-0.279298480824482	0.267582536865629	1.09068448822453	0.296319598176486	0.831066549939418
FBgn0010198	16183.403104487	0.140151496045546	0.193165746652765	0.526189059478611	0.468213479425385	0.888270226363548
FBgn0010213	908.29317761881	0.135613164637154	0.228169175616284	0.353051246611372	0.552390954724422	0.907978647188282
FBgn0010215	1258.63648272571	0.600903263612576	0.455841977432548	1.72484594063809	0.189070459187665	0.737433378863863
FBgn0010217	15020.3521273841	0.172637556484714	0.269633985387054	0.409702818546279	0.522120381458783	0.902024588541311
FBgn0010220	233.084541808555	0.131154121123304	0.221293376426846	0.351462301572028	0.55328652161735	0.907990612706933
FBgn0010222	1017.66953943127	-0.118611772394218	0.534293290189537	0.0492599207816085	0.824356106737391	0.964052863213496
FBgn0010223	369.612751099087	0.234788276432616	0.276284772755926	0.721579140649936	0.395626410439954	0.873915580459324
FBgn0010225	13221.9341036495	0.0764596011175035	0.185879534851155	0.169174230657674	0.680846740058283	0.930081887185516
FBgn0010226	5335.45402841141	-0.122246296385994	0.130020039123028	0.883944500216103	0.347123583870901	0.849760151136338
FBgn0010228	1914.25772491954	0.755885238194028	0.474855130736236	2.50511282514071	0.113477357689373	0.622495896880866
FBgn0010235	1667.31948518602	-0.0101568891580879	0.167787157517803	0.00371249726725864	0.951414745746691	0.986885525775761
FBgn0010238	2647.38784686894	-0.461026681430012	0.301805179695807	2.32428189151598	0.127368987315949	0.652290657771624
FBgn0010241	2539.89225224014	0.924685140309786	0.416897764392773	4.83884811949623	0.0278254753423486	0.287986816227953
FBgn0010246	4501.90571241901	0.508747580186405	0.423890835265779	1.43320407927919	0.231242242037962	0.779813484379362
FBgn0010247	261.773848610774	0.964673808040746	0.651483215836983	2.15200106818575	0.142384208391397	0.678146298868089
FBgn0010258	162.479764914318	-0.444726950920667	0.487535151149261	0.827401520040709	0.363024984334844	0.859882178227178
FBgn0010263	975.397983607848	0.185730671362338	0.300178754745389	0.38264579520748	0.536190641933226	0.906910394964332
FBgn0010265	15911.0651854748	0.0700405455112157	0.115087061506052	0.370350096996276	0.542813497117186	0.907173673980027
FBgn0010269	615.135277302122	-0.0435428408123556	0.207109420294872	0.0445650567498603	0.83280582713498	0.965953429991528
FBgn0010278	1375.18585100549	0.0617712740039822	0.130766412655387	0.223354697634946	0.636495609790149	0.920514387313098
FBgn0010280	2069.39884636089	-0.237603303468095	0.323878757813181	0.537828213636061	0.463334181345464	0.888270226363548
FBgn0010282	760.326757033378	0.33623793983457	0.335996118019484	0.998403549477061	0.317697110748831	0.834794518653785
FBgn0010287	113.811027816596	-0.0312480665900185	0.223041683741431	0.0213989567821073	0.883697336096719	0.977724198541247
FBgn0010288	2505.82820932402	-0.213026179753955	0.315101445220597	0.456479238057753	0.499274019140101	0.895295388353976
FBgn0010292	282.730521792737	0.263579776934903	0.262557455608574	1.00624789605108	0.315803408037861	0.834794518653785
FBgn0010300	4041.30275861011	-0.75750152836424	0.568633063559689	1.75471115728354	0.185285568765244	0.733411296740886
FBgn0010303	1881.45153020215	-0.135535559766564	0.382344327715743	0.125660259078529	0.722974762966791	0.942405474262163
FBgn0010309	258.989380879004	-0.432288355788541	0.242882579191652	3.17274625731044	0.0748764456887885	0.513927810015655
FBgn0010313	1418.92130717464	-0.260302324964321	0.139250270365385	3.49271694356639	0.0616393442971731	0.461690774931767
FBgn0010314	204.545078979519	0.144011245789691	0.338720330539708	0.181156991120474	0.670380820365534	0.928610584201738
FBgn0010315	288.073117671433	0.201795347655971	0.178688407801878	1.27714421708031	0.258430695799286	0.803836573577056
FBgn0010316	318.976039353279	0.16888442519139	0.370536456313807	0.207565947806032	0.648681915130131	0.922694169316485
FBgn0010328	3396.20847011209	-0.132455138939166	0.363434202999733	0.132818934602739	0.715526990563544	0.940310997450512
FBgn0010333	1586.66163909568	0.131084659163436	0.222217429904863	0.347749918521288	0.555389618535943	0.908003182797042
FBgn0010339	634.746473873057	-0.0450763886769208	0.263537340055104	0.0294034644797279	0.863850770467789	0.972458577783987
FBgn0010340	96.5196110219127	0.70148451539103	0.437510468216134	2.54470855345176	0.110664329723549	0.616726145223279
FBgn0010341	3271.12948827884	-0.0528274800865562	0.24730779929631	0.045636320134463	0.830838261882977	0.964901903583029
FBgn0010342	792.972451286344	-0.033142716337906	0.160495377652163	0.0427083293305941	0.836275447991829	0.967103958315968
FBgn0010348	6376.14367876559	0.225841696708342	0.24044726399327	0.881181319624062	0.34787832956606	0.850616666183641
FBgn0010350	893.734769027135	0.223888413054658	0.232585462279374	0.925300072723914	0.336087183608975	0.844358416245735
FBgn0010352	8507.18802247916	-0.0814163011421331	0.426136054114076	0.0365006312723892	0.848485336023013	0.969983775980133
FBgn0010355	1728.2947986093	-0.179663775657638	0.348641234568878	0.26552581859093	0.606349006515365	0.914069664297095
FBgn0010356	405.25279488181	-0.331243042947931	0.190784991805636	3.01783910592441	0.0823531310764177	0.541023856162233
FBgn0010357	45309.6059484576	0.102878629693027	0.436167224713504	0.0556214700036435	0.813555241359465	0.9606741953611
FBgn0010358	87475.2315310622	-0.420146814166975	0.217164901211192	3.72992007208254	0.0534459511709376	0.42940704936956
FBgn0010359	23548.5977995696	-0.222637923253634	0.366156911017895	0.369357086759265	0.543354919630456	0.907173673980027
FBgn0010379	1484.88331637607	-0.0512123743723171	0.173774036882087	0.0870420416083988	0.767971816010179	0.952993416349077
FBgn0010380	3197.50790726145	-0.239030615032446	0.266679534305087	0.802722161527285	0.370280732207941	0.864159753811589
FBgn0010382	397.835014001479	-0.188245605591483	0.279623480751634	0.454362528217189	0.500270506830669	0.895295388353976
FBgn0010383	341.402447644273	0.6055811466053	0.460840374811868	1.71487212495202	0.190354455463992	0.739250851996022
FBgn0010388	39.5633454687026	0.478608268013578	1.08899694685294	0.192213167533076	0.661080965571634	0.926262826719574
FBgn0010389	325.535766880076	-0.091579609534742	0.211899098667739	0.189407478056864	0.663410226512013	0.927023786961361
FBgn0010391	2397.18476541542	0.0786815171638361	0.192942490079302	0.16631537761431	0.683407426826605	0.930663288011764
FBgn0010395	593.351158659367	0.714478199119696	0.21658948282534	10.7898197253166	0.00102059821028074	0.023307356954346
FBgn0010397	2888.43716074274	0.202481206248594	0.264691324758804	0.584810253360772	0.444433007808604	0.888270226363548
FBgn0010398	130.667399429687	-0.00668342000217968	0.340744551268662	0.000586172190963907	0.980684309408526	0.992134162437166
FBgn0010406	623.332108324165	0.0864943965365899	0.170288370896752	0.258029664681715	0.611477044270311	0.91550458350478
FBgn0010408	18758.983224467	0.159377182718473	0.240510455062073	0.438875174625352	0.507665860861388	0.895295388353976
FBgn0010409	23596.9170832203	0.091595506958154	0.235842937681289	0.150813714878907	0.697758952969453	0.934794554560065
FBgn0010411	23584.1828527378	0.177324461709147	0.15035821201048	1.38997097231747	0.238410001769519	0.785724570537662
FBgn0010412	17295.2443659002	0.220062816496664	0.171494830530275	1.64491647711209	0.199652240381189	0.7513326683954
FBgn0010415	5465.42838940525	-0.488681448061635	0.181266902709668	7.23486567346781	0.00715011597374685	0.108661075304464
FBgn0010416	689.82351352952	-0.0634727795150296	0.181672463230315	0.122066074516198	0.726804379030742	0.94316206896662
FBgn0010417	735.599085084336	-0.0292330730664204	0.196142278051537	0.0226251289075208	0.880436009997297	0.977632563635335
FBgn0010422	661.74453989899	0.0639192851628565	0.22328102076782	0.0822709052697945	0.774243216620185	0.953234312247045
FBgn0010423	1670.232486006	0.833438001945537	0.4619776942595	3.21112409190162	0.0731392194321229	0.507565648313428
FBgn0010424	10634.902378247	0.407082855681832	0.188420466843263	4.65239901050138	0.0310101799327119	0.307685421670024
FBgn0010425	54202.36480794	-0.0607790430036074	0.335615251978157	0.0327949862177661	0.856293903738378	0.971310121918865
FBgn0010434	6885.11547210069	-0.151887569069565	0.345131349134309	0.193609218348456	0.659929520416407	0.925753143696909
FBgn0010435	2461.151484378	-0.119593551587126	0.224513583097288	0.283821951432159	0.594207046585589	0.911189805440844
FBgn0010441	401.086317669745	0.00294812257587995	0.26100431166067	0.000216011636794633	0.988273646015641	0.9931187039478
FBgn0010452	787.393650584428	-0.247481497512163	0.177992235259435	1.93353711146966	0.1643719860819	0.710633110232189
FBgn0010453	193.439703267966	-0.377179390856474	0.470190733688765	0.644219132358245	0.422187104974182	0.881034667480375
FBgn0010470	3963.51341876606	-0.113511455383355	0.294914337351062	0.148088871360216	0.700368432249809	0.935457136781213
FBgn0010473	638.241415595151	-1.29298596725035	0.602862470643137	4.45895628654506	0.0347187048505377	0.330811786353649
FBgn0010482	2866.86736634422	0.947024513158242	0.359677511489363	6.81358060261566	0.00904671822814091	0.129963452973156
FBgn0010488	21357.2208608612	-0.293098547513446	0.313805052741241	0.870935176422662	0.350696542345833	0.851483008530474
FBgn0010497	2122.1933960127	0.338579934523829	0.378390764694077	0.798819344302288	0.371446600742336	0.86482559396012
FBgn0010504	716.546636024482	-0.481430902025135	0.169876429385425	7.99393519146834	0.00469342940061646	0.078261072783295
FBgn0010516	2917.09083144324	0.22129449584261	0.146563150667067	2.27749926960472	0.131263370827192	0.659771153368253
FBgn0010520	82.4853475490362	0.139707149074166	0.326326870082797	0.185470815937876	0.666713259938139	0.927505087985453
FBgn0010531	233.698294547493	-0.0482836375678825	0.256556662593246	0.0360584196540543	0.849394900483588	0.970281967071069
FBgn0010548	3536.08547025412	0.216159573796407	0.160249935011784	1.81808470189668	0.177541429162041	0.724809002815072
FBgn0010551	2188.03959709739	-0.110353419002753	0.222155609096215	0.246692524927965	0.619413661488858	0.91550458350478
FBgn0010583	1451.25701815543	0.0542796491456327	0.42048013140618	0.0166702224761366	0.897268064898551	0.979772897569974
FBgn0010590	3845.5945758518	-0.117976209590124	0.287969601229791	0.16776546907893	0.682105389453478	0.930564167175738
FBgn0010591	7068.94136068225	-0.132193010707739	0.248746953426467	0.282317263527787	0.595186407023078	0.911189805440844
FBgn0010602	2215.41344155742	0.0673463174104102	0.155747352964402	0.186982976948812	0.665439612405184	0.927023786961361
FBgn0010611	1179.0377285074	-0.283638390385186	0.271947832665952	1.0865763938435	0.297231016078282	0.832400050684574
FBgn0010612	1172.03258587311	0.212091082074888	0.34908409625175	0.368619932162915	0.543757485967275	0.907173673980027
FBgn0010620	1627.86214402986	0.0793964530619577	0.125863477750301	0.398008893875428	0.528119342515505	0.90232385622236
FBgn0010621	4763.9876524554	-0.279492179419032	0.187426526644522	2.22065230903735	0.136175513341296	0.66838197445339
FBgn0010622	371.91437318758	0.0103459641026034	0.305844225645596	0.00158882828903018	0.968204654221935	0.991444149622978
FBgn0010638	2093.37028095513	0.547748094235204	0.275185301052889	3.93770055922869	0.0472152741400595	0.397925315364833
FBgn0010651	1739.15023383142	-0.186516341908857	0.203757599243907	0.836896684308101	0.360285831610969	0.857293348360834
FBgn0010660	1178.23020929449	-0.256856386623572	0.351584415920571	0.533451595758265	0.46515934084287	0.888270226363548
FBgn0010741	830.338427013779	0.214802949450754	0.221548111576383	0.938722558841334	0.332606583496695	0.84199398783608
FBgn0010747	2430.66744562459	-0.142198322634574	0.258353720634346	0.302919226948092	0.58205808908985	0.90865959686355
FBgn0010750	537.109963595108	-0.136032337221995	0.134425524062057	1.02492899613075	0.311352683784273	0.83325899474602
FBgn0010762	1105.44760635444	-0.10760643522283	0.325624667409381	0.109272643970897	0.740973744506189	0.947814817173518
FBgn0010768	305.312389192874	-0.234210005169986	0.265418222211735	0.781777066574151	0.376598200120621	0.865701388774403
FBgn0010770	178.184705179603	-0.0201676157884641	0.228183900086778	0.00896272309077517	0.924575629379568	0.982695217848241
FBgn0010772	1113.70446305505	0.0776919294262466	0.129114780382825	0.362134037136457	0.54732342810667	0.907978647188282
FBgn0010774	1661.6613651619	0.0157400652702341	0.172166706603014	0.00848958364261421	0.926587653058446	0.983026071820471
FBgn0010803	562.954154039621	0.13578345747148	0.19353556714661	0.492081996913811	0.483000040410919	0.889027677218827
FBgn0010808	870.00425301155	0.0798325462557029	0.197241732047246	0.164064696790788	0.685441489404951	0.931504874015863
FBgn0010825	2611.02003969877	-0.28380297269751	0.446216904449705	0.403989781505473	0.525035927596758	0.90232385622236
FBgn0010830	423.721502192409	0.0200555802837248	0.194595600233376	0.0115824336322419	0.91429577061608	0.980404978288931
FBgn0010877	1013.26358868924	0.00878360011934926	0.221570269049476	0.00157180662239398	0.96837534041518	0.991444149622978
FBgn0010894	574.242368988508	0.158301210962081	0.202408580647806	0.611482020059256	0.434230348482662	0.887393966551695
FBgn0010905	2470.09070907347	-0.412034302226581	0.426840729134452	0.928935620458873	0.335139656243533	0.84400214181012
FBgn0010909	4658.73781988706	-0.369598863982653	0.400122441016962	0.851067027580456	0.356250656024448	0.854885754708834
FBgn0010926	324.431926480349	0.0929488282879418	0.234562940626799	0.157576601844639	0.69139755193241	0.932964840468846
FBgn0011016	1883.59446462463	0.297314385616897	0.231161606709866	1.65076983369933	0.198854184997952	0.750451342001653
FBgn0011020	184.365232994612	-0.576515686809078	0.225204700976979	6.51429375854441	0.0107010811309358	0.147671405294556
FBgn0011202	2256.77011096869	0.044404325596361	0.303499566158336	0.0214197093140029	0.883641356389583	0.977724198541247
FBgn0011204	960.332232061713	-0.426130808391996	0.518320189961038	0.673625501219291	0.411790440764798	0.87822152781539
FBgn0011205	2940.03057122082	0.349138068180081	0.124560721174889	7.83941478150324	0.00511191531547347	0.083095814915356
FBgn0011206	557.383102903792	-0.758040088201111	0.392781653224332	3.68139103670673	0.055022927057617	0.435187046605322
FBgn0011207	668.94158144658	0.0471292792400745	0.192990222816838	0.0597303165738907	0.806922694888077	0.959176566879689
FBgn0011211	17408.2288185645	-0.0244647763358577	0.518271165222755	0.00222863085976144	0.962347151080509	0.989774698090503
FBgn0011217	4496.53457918605	0.18071403448318	0.257197177119206	0.493297385282602	0.482460091942839	0.889027677218827
FBgn0011224	3569.18608643531	-0.419483978477461	0.332243628490959	1.58867818366532	0.207515086181612	0.757607134477482
FBgn0011225	6341.62636655191	-0.2994879796321	0.229457932328306	1.70085074611092	0.192176755653956	0.742894873282358
FBgn0011230	15383.545288631	-0.294735075818222	0.521362988361418	0.319045728976832	0.572181691983359	0.90865959686355
FBgn0011232	833.781118283893	-0.0725875967599218	0.248598942388262	0.0854808861028147	0.770002868241451	0.952993416349077
FBgn0011236	338.403128214514	-0.302872859820513	0.306053455043006	0.979404330381158	0.322345911648814	0.838094865409671
FBgn0011244	484.392273562279	-0.860204000775888	0.41594033531236	4.21197090634482	0.0401396732580491	0.361558214427272
FBgn0011259	438.329752164783	-0.193275553885314	0.46159980658391	0.175321563921869	0.675425031754472	0.930018495477913
FBgn0011260	1543.96583262812	0.4484234791405	0.232395796279708	3.71079517107104	0.0540616302939394	0.431876369762611
FBgn0011272	20574.7494762774	0.179164092966516	0.190236665094642	0.886380406867175	0.346460071811252	0.849623623739745
FBgn0011274	895.389398563336	0.441725514056994	0.348808401628908	1.5984096493619	0.206128732273569	0.757156699969694
FBgn0011283	139.845440722059	-0.39424289707623	0.318840983925924	1.51983386101564	0.217644636757798	0.768846375499172
FBgn0011284	33996.0158590186	-0.0837034859451243	0.190763799201274	0.192506078917702	0.66083896352817	0.926078147322117
FBgn0011286	1867.60480839416	0.86463416103138	0.874007395319944	0.964452012125108	0.326067739633258	0.839459301281877
FBgn0011289	1095.45993570196	-0.163809231796328	0.203900047138324	0.644830615466205	0.421966955369535	0.881034667480375
FBgn0011290	384.925449691218	0.076169612228796	0.235481750686178	0.105830946838125	0.744941402751718	0.948987319166172
FBgn0011296	10551.8169461128	0.243420500486555	0.244368364564347	0.99100757131653	0.319496239899693	0.835942216723854
FBgn0011297	254.050842984329	0.205210885494562	0.237901471936905	0.744415796755135	0.388250002377472	0.87033225458622
FBgn0011300	1178.70116970035	-0.267582566521855	0.249046319914227	1.15373361238518	0.282768935546872	0.820813267406745
FBgn0011305	701.649158550504	0.0260266053018344	0.205685221815722	0.0160121242649751	0.899305261641721	0.979772897569974
FBgn0011327	1293.79108222855	0.325233252407826	0.306406822683727	1.12394028495909	0.289071587958885	0.824909210596426
FBgn0011336	4524.86986221099	0.0429874445050221	0.276989676514862	0.0240901180731896	0.876655831062758	0.976333899317708
FBgn0011361	1119.68978167824	0.0406271841145585	0.234345424340195	0.03006145005034	0.862350873270531	0.97208975956209
FBgn0011455	887.777542801446	-0.103659448960186	0.192866767883045	0.288721545518953	0.591040961040138	0.90997183888477
FBgn0011474	455.531782636468	0.0185756889919554	0.203296174714367	0.00917251171134126	0.923700678442687	0.982387080003906
FBgn0011481	1003.00986267735	-0.150228637140647	0.234781663322259	0.409504734846323	0.52222098945593	0.902024588541311
FBgn0011509	584.535914739655	0.0583195860953396	0.189345591895564	0.0953138216244298	0.757527403253	0.951679100282497
FBgn0011554	704.203021404049	0.584619353527094	0.222421191025024	6.86231606165158	0.00880323716900011	0.127757488413948
FBgn0011556	957.409824270884	0.672754306354375	0.360040661376865	3.46184732109107	0.0628001166581426	0.463542505345256
FBgn0011566	199.852798720965	0.174943886044524	0.219487579689778	0.635671258408806	0.42528265791037	0.881714569656874
FBgn0011570	2104.35453514795	0.0713892507541997	0.173149608284799	0.169970260668237	0.680138239312786	0.930081887185516
FBgn0011573	1264.28878637686	0.16328688786856	0.316910605306188	0.265218151491695	0.606557666328308	0.914069664297095
FBgn0011576	819.852397211532	0.566543258480153	0.267172218303719	4.46936669811647	0.0345077796603481	0.329924209630905
FBgn0011584	1323.73287053048	0.530992884626069	0.39012359781246	1.84185862496405	0.174733261197169	0.721601143538579
FBgn0011591	476.514122662139	-0.0870389140498713	0.215558229101568	0.16297401586688	0.686433042778929	0.931504874015863
FBgn0011592	1424.26368971774	-0.603923282976144	0.399697455845626	2.2683668336507	0.132038980410282	0.661996018760176
FBgn0011596	190.05042099194	-0.553427337954022	0.502997814934041	1.20009434962073	0.273302821660009	0.811179110366016
FBgn0011603	553.281340629608	0.234748131692404	0.534127409471633	0.193022271625267	0.660413021327304	0.925753143696909
FBgn0011604	1440.42787943408	-0.252483752185436	0.217515628260851	1.34711601319731	0.245782932704949	0.792429197916752
FBgn0011606	740.656929206607	-0.3828272771466	0.223222715522902	2.93708691493441	0.0865667243706452	0.548234176044388
FBgn0011638	827.696493232689	0.317141734792327	0.304618984448093	1.08135388887536	0.298394879169351	0.832614936158673
FBgn0011640	1968.57597116353	-0.0599728116031204	0.195364139518397	0.0942683260266932	0.758819415685956	0.951679100282497
FBgn0011642	380.652982220134	0.901134919145096	0.60497232038961	2.18251978563541	0.139585762174049	0.674276805875082
FBgn0011648	1315.09639845615	-0.207909724133785	0.259624529009738	0.641244625136807	0.423260459456129	0.881034667480375
FBgn0011653	421.310262425918	-0.35674359603238	0.446064088417595	0.638943361283438	0.424093680510713	0.881714569656874
FBgn0011655	1184.00473158141	-0.361437533652467	0.293842087274337	1.51040840956196	0.219076777275706	0.770666067904995
FBgn0011659	114.452766472198	-0.392914399808121	0.306043535893113	1.66213145015064	0.197315785317193	0.749318508723765
FBgn0011660	263.042372349994	0.323150357453148	0.267079244815574	1.46077746984229	0.226806457685074	0.779156488035392
FBgn0011661	8967.12421933273	0.00571885163136281	0.189755847150266	0.000908875844459089	0.975949364332737	0.991444149622978
FBgn0011666	604.803133655246	-0.124163843405048	0.253660160634476	0.239833003572784	0.624326754393685	0.916152845817619
FBgn0011672	3310.37869863983	0.380146253565694	0.216271311397679	3.08169544411703	0.0791779487308544	0.528943943667806
FBgn0011674	304.787875380419	-0.560427981639466	0.464251598457153	1.45213200429136	0.228186162269	0.779156488035392
FBgn0011692	666.683363647727	-0.269513375278516	0.195650517097258	1.89912515978024	0.168176274177468	0.713814852619918
FBgn0011695	359.202010495225	0.0375706354131938	0.30469551228666	0.0153732098573442	0.901324183386152	0.979772897569974
FBgn0011701	173.252010533678	-0.387857803950983	0.300892454958368	1.66400311059174	0.197063697534584	0.749318508723765
FBgn0011703	710.257278203675	0.0690825238230557	0.218767501922171	0.0998469801871664	0.75201334111091	0.949507229371408
FBgn0011704	818.649169053124	-0.000595399981179825	0.180769334540317	5.27441335833601e-05	0.994205401827904	0.996101835593909
FBgn0011708	1118.00117220624	0.106872299298088	0.130538030311583	0.670188276019985	0.412985973154766	0.87822152781539
FBgn0011710	1497.70342247679	-0.2112386573901	0.195348893387763	1.16839841829378	0.279730566936943	0.817116062974214
FBgn0011715	814.404676279355	-0.0771635979329625	0.191412952053557	0.16252914697921	0.686838587308615	0.931504874015863
FBgn0011722	15365.4567069584	0.0332681859512802	0.499957154465837	0.0044274191532736	0.946948824847101	0.985720685676657
FBgn0011723	176.651824272898	-0.152652698617505	0.380296270048691	0.161951932649878	0.687365741403807	0.931504874015863
FBgn0011725	1736.25011602333	-0.254964830055432	0.209927494805805	1.47388022618422	0.224734477921749	0.776590687686833
FBgn0011726	7689.76063589507	0.615659521337024	0.459120680237078	1.78456930078683	0.1815892421681	0.72677950345485
FBgn0011737	415.65324998692	-0.307850587832556	0.232874960025839	1.74278318865885	0.18678656439801	0.735592449484946
FBgn0011739	1066.70403418124	-0.188103943709341	0.320588293630153	0.344371653083044	0.557316624858886	0.908176933545198
FBgn0011740	957.484636831511	-0.271398325427641	0.275882970507232	0.967419054858055	0.325324703711353	0.838856040403755
FBgn0011741	735.914966031603	0.125155578323882	0.171866383786368	0.530174641837988	0.466533445692148	0.888270226363548
FBgn0011742	2356.83080860212	0.0773322018553778	0.181428416588833	0.181661921847763	0.669948884306922	0.92816525283801
FBgn0011743	254.280797212641	-0.513422987436775	0.525931118020862	0.94616771846033	0.330696693702643	0.841662811307778
FBgn0011745	2171.75503829083	-0.0509921684142474	0.16007235449096	0.101483895042151	0.750056116886058	0.949227302638817
FBgn0011746	257.519041895624	0.0254526931033358	0.301023804397403	0.00848471293625153	0.926608655905154	0.983026071820471
FBgn0011747	3449.29251339249	0.170512486351376	0.243631246290785	0.489512676883322	0.484144768674165	0.889027677218827
FBgn0011754	984.719719643033	0.187965198822239	0.297659995293573	0.398736593491293	0.527742454853248	0.90232385622236
FBgn0011760	3669.97634202281	0.34041695550336	0.23066679078106	2.17264378354194	0.140484533587772	0.67600820263168
FBgn0011763	1341.63146649376	-0.0959131764807883	0.147284966937108	0.424510758696243	0.51469480191134	0.899400837426211
FBgn0011766	2838.61581595238	-0.0482540135181362	0.404515555009294	0.0142319084916664	0.905039614310131	0.979772897569974
FBgn0011768	2842.43818539795	0.604779517713709	0.141477897264247	18.150565528657	2.04108805160888e-05	0.000779695635714591
FBgn0011769	69.1111969513781	-0.295597528018617	0.278710274639399	1.12018476698774	0.289878672314526	0.825810292247889
FBgn0011770	1021.14557530766	0.172065354734788	0.171343757326016	1.00825953248322	0.315320162488127	0.834612066592375
FBgn0011771	1025.8177304234	-0.157252652642723	0.184771980124027	0.724974996929589	0.394516852731296	0.873194529985201
FBgn0011774	172.119319386466	0.139622479628799	0.210259883843755	0.441337283487584	0.506477710832463	0.895295388353976
FBgn0011785	1939.77365453855	-0.342294853987934	0.436728331577908	0.613128915226312	0.433612144697648	0.887153843262531
FBgn0011787	318.815201600795	-0.0805619943549577	0.212615997755027	0.144159625063331	0.704180306241178	0.936602786661837
FBgn0011802	257.407642645066	-0.16065534638319	0.285115780790792	0.316964795950867	0.573437426331802	0.90865959686355
FBgn0011817	1103.97571613393	-0.66017459069385	0.322952985574956	4.1459810658328	0.0417334651519779	0.369966288119433
FBgn0011818	485.013595321848	-0.237962646692919	0.341317894646801	0.48562790453127	0.485884105488242	0.889623098588929
FBgn0011822	160.860870276077	0.847525886336595	0.386636618747407	4.74868105978242	0.0293207597107243	0.296803652814612
FBgn0011824	428.579455511245	0.266154109989235	0.278171388434066	0.913738721042179	0.339124368256036	0.844975856087411
FBgn0011826	1008.18207034606	0.0698880666364178	0.228689592491603	0.09350157185753	0.759771953732978	0.951947965569036
FBgn0011828	6882.90839972236	-0.190214335527923	0.473971654383698	0.160957339864268	0.688276642566438	0.931504874015863
FBgn0011834	64.0645000656099	0.294685788652253	0.412719335172347	0.50916308877899	0.475501373133043	0.889027677218827
FBgn0011836	575.308544088517	-0.0526723481471574	0.263383692259875	0.0403895743639424	0.840720799661565	0.968138532800968
FBgn0011837	1779.01047689897	-0.121986099606868	0.502930563245263	0.0588075954244118	0.808390607613056	0.95990427152039
FBgn0012034	4865.18329242304	1.06916490849427	0.472368279492252	5.01048041507232	0.0251943146931968	0.271452590617469
FBgn0012036	4222.6072990172	0.964400883591975	0.537561703974956	3.16061621386402	0.0754347043115009	0.515409150434027
FBgn0012037	10022.4197058972	-0.184665548491903	0.129647405435699	2.02775632326113	0.154448472071185	0.694936377535226
FBgn0012042	81.9329505629521	0.101866163798235	1.13894530215491	0.00799682610939101	0.928744175998665	0.983266068920733
FBgn0012051	794.302931086636	0.00905462185856821	0.18927241944694	0.0023510779110012	0.961327395465222	0.989224370208121
FBgn0012058	856.755106539758	-0.346573996419933	0.235723098526027	2.15944168314419	0.141696167454967	0.676983849511963
FBgn0012344	142.334072019822	-0.409818337030768	0.293759755607944	1.942468743332	0.163400732354015	0.710550410044425
FBgn0013263	2064.06521514543	-0.22627709987424	0.347323771910322	0.424145079340391	0.51487594346234	0.899400837426211
FBgn0013269	1459.69863697495	0.0309241948605773	0.209118518472343	0.0219196356258351	0.88230108820992	0.977724198541247
FBgn0013272	15200.4078417014	-0.0151389105713429	0.186339500187868	0.00660156299653636	0.935243134243943	0.983791327714752
FBgn0013301	56.4323569404799	2.14327353131593	0.963848424714118	4.58051430784275	0.0323375075589434	0.316005132006233
FBgn0013303	292.627546708221	0.78095500567942	0.571801132824429	1.84186135086878	0.174732942162692	0.721601143538579
FBgn0013305	1779.08239092828	0.115858787785351	0.230334213050052	0.252884609438695	0.615051219478032	0.91550458350478
FBgn0013307	758.110481420391	-0.254439815227153	0.343919872509673	0.54650523271853	0.459749180564308	0.888270226363548
FBgn0013325	19344.9007838466	0.295566913833161	0.15272535430812	3.73869870227983	0.0531658355668109	0.427974791286857
FBgn0013334	1145.22693281451	0.0315995989320601	0.197750436475384	0.0255412467433018	0.873025790978623	0.975386188335215
FBgn0013342	310.004192980376	-0.303896385297288	0.215813299261084	1.98028081362831	0.159360826770015	0.703012504782371
FBgn0013343	717.404185890073	0.0714087641810517	0.451147013807473	0.0250666866654825	0.874201005451891	0.975750070703509
FBgn0013347	749.396046568768	0.0954739723752183	0.291004975529435	0.107692895821771	0.742786185604619	0.948225781261284
FBgn0013432	144.542143721931	0.49316309354257	0.38941496709221	1.59418113103786	0.206729782535488	0.757607134477482
FBgn0013435	160.958861596658	0.274248453491961	0.301912854356938	0.825255397353104	0.363648078198639	0.860716767852773
FBgn0013469	334.827996302818	-0.0968984974878442	0.370442483153661	0.0685600171999567	0.793445046974303	0.95691559934858
FBgn0013531	134.263077106976	-0.121082856883588	0.467541202256579	0.0672343077149264	0.795407025961861	0.957307098335159
FBgn0013548	213.823660651771	-0.282001638458149	0.24590875461865	1.3226513263869	0.250116774299375	0.794399611191213
FBgn0013563	403.797322169069	0.266387664130684	0.206700157611502	1.66248502250814	0.197268134873767	0.749318508723765
FBgn0013576	3660.60200730573	0.464098585108682	0.162974312488771	8.07614327101716	0.00448518009056284	0.0757195616919588
FBgn0013717	709.490933133708	-0.117982454235388	0.263720667269068	0.199997683182247	0.654722716093479	0.924526506893163
FBgn0013718	1555.65781280541	-0.16594769278792	0.196956928584313	0.70938887284133	0.399646765971103	0.875888394068263
FBgn0013720	788.285802822356	-0.166735544638449	0.191622252878505	0.757899036080886	0.383986814679437	0.868413668074809
FBgn0013726	2390.15862758481	-0.0454031411287312	0.16695494798167	0.0739863652595716	0.785618676233794	0.955927777582309
FBgn0013732	132.350766491031	-0.220490665937556	0.298326022941997	0.553842246646703	0.456751990297401	0.888270226363548
FBgn0013733	21387.4610786861	-0.301431359885986	0.618926863191107	0.236772681426629	0.626546833405245	0.916175181115215
FBgn0013746	837.314098343338	0.129545861745977	0.277586577129079	0.217674688041171	0.640817429908668	0.921446243022313
FBgn0013749	565.17341105169	1.1092780077097	0.631298430818213	3.01431251262584	0.0825324441227032	0.541023856162233
FBgn0013750	793.942790027573	0.259587687954743	0.335754044832459	0.596576291064991	0.439887315800354	0.888270226363548
FBgn0013753	363.827727267581	-0.113242534500272	0.333609044285206	0.115132287653537	0.734375087330584	0.94541792799115
FBgn0013756	2672.51035651984	-0.230864264745117	0.329159370141981	0.491581451137705	0.483222702210923	0.889027677218827
FBgn0013759	1710.92815455258	-0.423537364095804	0.382282438641983	1.22358405037726	0.26865842581315	0.810256083869186
FBgn0013762	333.722165869338	0.231214106324411	0.299817564840547	0.593867383798127	0.440927509986419	0.888270226363548
FBgn0013763	12477.6182162037	0.381691362000303	0.295962705234087	1.65849201053987	0.197807052610191	0.749490743974774
FBgn0013764	1021.41781799884	-0.189083775422681	0.216416164327069	0.763090591318331	0.382363057287326	0.867649983706974
FBgn0013765	891.675155060696	-0.255008114607284	0.190363956445368	1.79116658794383	0.180784090410292	0.72654447334996
FBgn0013770	18438.1121136267	0.0733480901850531	0.282805543266806	0.0672570564705381	0.795373185732596	0.957307098335159
FBgn0013771	404.288184420144	0.360240504424035	0.298856797494213	1.44963679374546	0.228586240960016	0.779156488035392
FBgn0013772	170.882406094383	0.973733684595139	0.406268684445017	5.65665529771709	0.0173892539261778	0.211312307081489
FBgn0013773	95.8710569297547	0.653023357357335	0.316789736659381	4.23796278713263	0.0395295729527319	0.357981175748663
FBgn0013799	898.829667881018	-0.273947132478458	0.315912817058329	0.751345467204615	0.386050581962592	0.869208451738112
FBgn0013949	1286.77922049265	0.246883492564674	0.224878761570752	1.20437629476449	0.272448749170286	0.81102375989842
FBgn0013953	316.633705048875	-0.447408143588676	0.449852267396342	0.98708082062879	0.320456895571783	0.836537052932144
FBgn0013954	4297.77562817512	-0.0758536028993906	0.217162803401422	0.121977842752557	0.726899181425131	0.94316206896662
FBgn0013981	5361.46109683395	0.217420858699662	0.430006465295663	0.255381258404199	0.613311198961493	0.91550458350478
FBgn0013983	438.826980327778	-0.0706637596021838	0.329676086084112	0.045984525354072	0.830203930213101	0.964901903583029
FBgn0013987	2047.76656111421	0.010403608554783	0.174637974696455	0.00355053827397001	0.95248505563574	0.98689241863676
FBgn0013995	605.763728794147	-0.212655552959051	0.489925649552199	0.188272832788186	0.664358028109791	0.927023786961361
FBgn0013997	2607.87995169689	-0.32829543007088	0.24983274452001	1.72395706711046	0.189184479394394	0.737433378863863
FBgn0014000	682.279830216582	0.90745901498184	0.282722506079572	10.1407369422995	0.00145028171928494	0.0310922642063026
FBgn0014006	1116.71992342429	-0.0235719295024297	0.284975116568998	0.00690925973140111	0.933754567117928	0.98378812856611
FBgn0014007	663.731800522715	-0.0217317354875022	0.204206711209633	0.0113456779769763	0.915172888016502	0.980404978288931
FBgn0014009	1906.10016877417	-0.00147631567253579	0.19974369080581	5.88501404195085e-05	0.993879180768525	0.996012477364499
FBgn0014010	4271.5434362875	0.0628135521645127	0.262764589413218	0.0571342157621046	0.811084145239894	0.96039638452444
FBgn0014011	1025.81149081776	0.38388563978833	0.275371309666347	1.93777015697103	0.163910851637991	0.710621263810123
FBgn0014018	4435.68679883665	0.118158123379531	0.448920297583039	0.069262462117976	0.792413676009325	0.95691559934858
FBgn0014020	5824.36188122458	0.124791125595819	0.247714385670328	0.253686768249594	0.614490991270884	0.91550458350478
FBgn0014023	198.064137060329	0.118720251410877	0.32715186171833	0.132438445803636	0.715917052318152	0.940676502139111
FBgn0014024	857.506622741424	-0.129309650823267	0.192465464162318	0.451797093755928	0.501482776390699	0.895295388353976
FBgn0014026	30168.6507288149	0.122865230798678	0.110688442519382	1.23173042676025	0.267070775045104	0.810256083869186
FBgn0014028	2117.48163270244	0.0236607540083486	0.283836347919252	0.00694905477247687	0.933564505414743	0.98378812856611
FBgn0014029	2197.1373010453	-0.0699775509024336	0.206766834504838	0.114528213315609	0.735046574363189	0.945424433670538
FBgn0014031	2341.77107751042	0.58242427381223	0.26347500846368	4.85560393246992	0.0275564649035582	0.287076658073392
FBgn0014032	344.643304378037	-0.0296139266716249	0.173547343701033	0.0291722570791819	0.86438191052432	0.972458577783987
FBgn0014033	523.74716876212	-0.263137557975534	0.267026041821604	0.971000813974996	0.324430705577364	0.838831396674705
FBgn0014037	3492.20124931807	-0.130830798667609	0.440604290117861	0.0881495520316662	0.766542930703137	0.952993416349077
FBgn0014073	415.803124779022	0.222621448963191	0.465380097441334	0.228854256225674	0.632374684588734	0.918845491159441
FBgn0014075	2077.59987028543	-0.00661941478324111	0.267398291332099	0.00063352183526888	0.979919477844194	0.992134162437166
FBgn0014127	520.110671351679	-0.0851150228075339	0.154151179406505	0.304725173457115	0.58093521351475	0.90865959686355
FBgn0014133	3306.93122056226	-0.160549815018624	0.332580696448741	0.232967227962703	0.629332348863128	0.917738801452974
FBgn0014141	30550.8699361243	0.103760430847066	0.212413172976095	0.238572599584344	0.625238964583856	0.916152845817619
FBgn0014163	6943.24599544726	-0.28732460339596	0.399350302794283	0.516772584482766	0.472221662002549	0.888270226363548
FBgn0014184	13398.1197053015	0.195495588049009	0.212155435331924	0.848425960469683	0.356998007579198	0.85582398423638
FBgn0014189	3269.96164245744	-0.0603728809186547	0.131220581682038	0.211703845508637	0.645435212661622	0.922314497582819
FBgn0014269	427.551331510817	-0.121422884639281	0.170976172901398	0.503735890730823	0.477863187583949	0.889027677218827
FBgn0014340	262.325352085461	-0.243590554633583	0.337038617918497	0.523574401298433	0.469320914117182	0.888270226363548
FBgn0014366	499.560929327982	-0.0268185202064114	0.230026027083422	0.0137844294567486	0.906537450149624	0.979772897569974
FBgn0014380	1030.9646254852	0.206287435161686	0.210611615269575	0.95807686420828	0.327671886533385	0.8415226533537
FBgn0014388	954.968159189946	-0.257567397573466	0.357302763740264	0.519174547969399	0.471194008855631	0.888270226363548
FBgn0014391	724.594650203637	0.306103202049465	0.266976165362318	1.3110627492718	0.25220232895191	0.7982483163473
FBgn0014411	1311.13281452798	-0.0681056841724447	0.173730554944702	0.153632028448612	0.695088347058037	0.933894384001516
FBgn0014417	533.061658665025	0.587708381530095	0.209888410737043	7.80667869628327	0.00520534871610862	0.08428853682115
FBgn0014427	1842.79678226335	0.112641393816358	0.398187629313952	0.0799883289466123	0.777313227656289	0.953516328305861
FBgn0014455	2857.77627112021	-0.026603371693883	0.206073014487799	0.016671423272939	0.8972643854643	0.979772897569974
FBgn0014469	1725.44782378672	0.0573080139981438	0.145555982138454	0.155011563684198	0.69379140706883	0.933894384001516
FBgn0014857	1982.5397738531	0.147803530304316	0.232098267540648	0.405231872542799	0.524399594095174	0.90223474301381
FBgn0014861	644.960880866854	-0.194803639608424	0.252752865115886	0.594714497452372	0.440601820607097	0.888270226363548
FBgn0014863	13602.6263374376	0.257060290252932	0.237915505319438	1.16588048095457	0.280249310402864	0.81778305716169
FBgn0014865	49.4949231922555	1.26660778139791	1.45358324347274	0.735505919118935	0.391104306670599	0.872303766788671
FBgn0014868	3027.00226948492	0.011938197547255	0.184907603342075	0.00417554293058231	0.94847780151858	0.986127648092932
FBgn0014869	4425.29403937961	0.532271983947407	0.349970733524216	2.30032384487775	0.129347028020737	0.654185859032377
FBgn0014870	1629.11911488425	-0.170693487713412	0.272846724585566	0.391301151479638	0.531616253125277	0.904972336314797
FBgn0014877	389.285438089658	0.212678048147641	0.344020347182178	0.381626720218392	0.536733926511674	0.907039174872657
FBgn0014879	1203.64825066827	0.178288725726681	0.247204190373285	0.519641470171365	0.470994660678195	0.888270226363548
FBgn0014903	597.261339820088	1.38718438837062	0.547724330050331	6.18761299466875	0.0128647598133938	0.168404114441995
FBgn0014906	1417.84140441263	0.390038681651788	0.277143991472183	1.97517092836789	0.159900065129561	0.703012504782371
FBgn0014930	297.307584003795	0.598443541901724	0.210675567672751	8.02163465119052	0.00462218327331695	0.0775345872833447
FBgn0015000	593.212824167154	-0.0740825580338728	0.163033463460976	0.206898629483149	0.649209162772322	0.922694169316485
FBgn0015010	1211.2598030754	-0.244861813696678	0.342403459082851	0.510918420040653	0.474741549145004	0.889027677218827
FBgn0015011	2454.04167401911	-0.495525599562353	0.295866493048555	2.79067625585529	0.0948142073262495	0.57780184404153
FBgn0015019	3207.07295879819	-0.348928406285145	0.139256031171828	6.26502351048698	0.0123144535525145	0.163492365964189
FBgn0015024	2913.99671699705	0.0132402245671212	0.167870772051281	0.00622227434256217	0.937126962441055	0.984233019444306
FBgn0015025	53.7341607302763	-0.744677693517119	0.499324438379122	2.18230604349908	0.139605145433441	0.674276805875082
FBgn0015031	898.075787210676	0.141940028576922	0.239772291443183	0.350274458271841	0.553957807015029	0.908003182797042
FBgn0015032	97.6293494277379	-0.204572614513029	0.330211471416932	0.38336753564495	0.535806475725503	0.906910394964332
FBgn0015033	618.37412477994	-0.0542411354389427	0.361663880128926	0.0224934473826579	0.880781849023272	0.977724198541247
FBgn0015037	461.252828970174	-0.912536996916212	0.267317121372071	11.4897233434761	0.000699820529012985	0.0168518387559459
FBgn0015039	3865.37009525738	0.129282702504558	0.292050318021832	0.195891629253993	0.658057643423911	0.925452063254062
FBgn0015040	1517.32799392905	0.371863861896295	0.209387280607846	3.1466811223813	0.0760815621255307	0.516887185208536
FBgn0015075	788.385211727072	0.0378626427870028	0.15978359463748	0.0563573050558688	0.812348866792941	0.96039638452444
FBgn0015218	2782.82353873127	0.18575411495419	0.154669452573266	1.44110328615585	0.229960888194785	0.779813484379362
FBgn0015221	15728.9152750592	0.55157399016724	0.295824182966126	3.45567533231696	0.0630349797274199	0.463656581606335
FBgn0015222	15631.5758791324	0.17552079490461	0.180147228230165	0.948739720746488	0.330040298126344	0.8415226533537
FBgn0015229	419.97678783041	-0.0964662391024313	0.344151845870684	0.0785558198294041	0.779264142496624	0.954104815044529
FBgn0015239	1671.42043280034	0.108730281178877	0.17933750039229	0.36759130770632	0.544320148121685	0.907173673980027
FBgn0015240	579.679022204163	0.345804949886479	0.261268694587847	1.74976096243475	0.185906785537486	0.734308600767077
FBgn0015245	4369.90744229146	-0.264596743210312	0.231880020324807	1.30048583535809	0.25412449926374	0.798975791923858
FBgn0015247	896.886345727171	-0.200087329585626	0.200259495678766	0.997415360377374	0.3179367242571	0.834794518653785
FBgn0015268	3698.52907645563	0.0522510540062263	0.211723897680205	0.0608985347905957	0.8050813648712	0.959086727233997
FBgn0015269	868.102424585475	-0.260487313269794	0.451346746863109	0.332889072239865	0.563962829463087	0.90865959686355
FBgn0015270	93.3762794760615	-0.137752719296548	0.26783015661543	0.266775927833727	0.60550275294084	0.914069664297095
FBgn0015271	116.501344678582	-0.403616605539236	0.293183479136742	1.90379776951474	0.167653843122534	0.71339893549457
FBgn0015277	692.77384658898	-0.152336811080297	0.185547093166935	0.675735168722483	0.411059183333954	0.87822152781539
FBgn0015278	1834.79922106891	-0.138156686650329	0.29949260357677	0.212851901834767	0.644541236780512	0.922213082123245
FBgn0015279	1338.60684265115	-0.232294949123822	0.325696359284888	0.508524039683678	0.475778486963594	0.889027677218827
FBgn0015282	5720.84647113722	-0.0721978661616082	0.239134116785326	0.0911325155308447	0.762742303765445	0.952566903708657
FBgn0015283	5206.83665718139	-0.0453473808227906	0.296365581613498	0.0234105033819958	0.878394400951171	0.977068203103071
FBgn0015286	803.166970835319	0.56290457605506	0.292753917423813	3.67305765483846	0.0552986498825785	0.435187046605322
FBgn0015288	13957.720747594	0.167200176703302	0.237364663082604	0.495909170323159	0.481303133398592	0.889027677218827
FBgn0015295	684.700845185775	-0.395045752174613	0.221849032913812	3.16812314126342	0.0750886892350994	0.514389870947053
FBgn0015296	693.197960757682	-0.254477797502594	0.230753263623784	1.21500549405172	0.270343057527023	0.810256083869186
FBgn0015298	401.894323833967	0.256453339300224	0.294088109996495	0.758904555444531	0.383671556755791	0.868413668074809
FBgn0015300	89.6006603823755	-0.316813802574121	0.576064545777837	0.300752141842295	0.58341127920679	0.90865959686355
FBgn0015320	876.415791357609	0.148585984092039	0.247439246764503	0.360325001691677	0.548325793280174	0.907978647188282
FBgn0015321	1283.68976699757	0.0156084575928709	0.183092043825782	0.00726757501730901	0.932062582609388	0.98378812856611
FBgn0015331	482.429885184148	-0.200618693470191	0.201987282736739	0.98975582685263	0.319802059862735	0.83648195178538
FBgn0015336	212.862104421896	0.212474771890013	0.251737163846559	0.71540195771766	0.397656304695594	0.875588961213828
FBgn0015338	343.497725197385	0.135448424001029	0.349931336452978	0.149957671755672	0.698575811965461	0.935295979326931
FBgn0015359	433.083502386043	0.140025548068459	0.21932001790457	0.407498767180272	0.523241770130608	0.902200212592866
FBgn0015360	657.208443676148	0.0791752118128825	0.163704274201417	0.234550709249959	0.628169884959634	0.917066270747048
FBgn0015371	720.74662726112	-0.279303314866526	0.388901580398331	0.515383835100536	0.472817476909521	0.888270226363548
FBgn0015372	850.305973423166	0.294463043217635	0.206186591854177	2.03786274967845	0.153425081033439	0.692844911878032
FBgn0015379	437.757321509126	-0.0494264964842783	0.273653080406994	0.0327608694068999	0.856367859178322	0.971310121918865
FBgn0015380	636.399967841324	-0.323333474500289	0.188779868904705	2.93236940796774	0.0868199867935763	0.548597871438508
FBgn0015391	524.179689118761	-0.172494309142091	0.204614681429547	0.712512783288673	0.398610888760238	0.875888394068263
FBgn0015396	777.928761455744	0.00607049011479287	0.176340818981653	0.00178043285072249	0.966343108386168	0.991109041112686
FBgn0015399	927.544717835971	-0.484435129726301	0.434599827896448	1.23723509717247	0.266004584136049	0.808870738247104
FBgn0015402	739.711500610557	-0.316909136165488	0.353865329242582	0.801279995873344	0.370710947153158	0.864188409640516
FBgn0015477	2244.26794416491	-0.181554735059014	0.336163189479442	0.291617383956478	0.589185932087427	0.909459468761687
FBgn0015509	2381.74862581709	-0.202309277716271	0.143620077502613	1.98307752362099	0.159066571152774	0.703012504782371
FBgn0015513	1772.32348760221	-0.0318866285773962	0.443701407154911	0.00517325596570117	0.942661315948082	0.98539396278863
FBgn0015520	363.255853937691	-0.218614143263832	0.173793320699951	1.58358787240079	0.208244645476827	0.757607134477482
FBgn0015521	5635.07609801946	0.396285507590315	0.375351355415649	1.11104039585496	0.291855901363432	0.827589471963489
FBgn0015524	298.301059541781	-0.425117931708793	0.264592150053293	2.5832309895183	0.10800100935448	0.612818630670363
FBgn0015527	523.63445488366	0.237938369643431	0.269507719268451	0.778176112900269	0.377699530324713	0.865701388774403
FBgn0015544	274.278347874393	-0.0369638819304692	0.326426934794985	0.0133025804077249	0.908178160580835	0.979772897569974
FBgn0015546	275.011454429351	-0.0743683026098007	0.236076507035583	0.100195728646042	0.751594878353192	0.949406787566545
FBgn0015553	104.3662531753	-0.0168690455948362	0.287235322025577	0.00548928565172702	0.940939000175456	0.98539396278863
FBgn0015558	465.477611620951	-0.481826662262596	0.507072072155367	0.899389833598335	0.342945371870796	0.847342045408736
FBgn0015569	180.477928196144	0.354738231871473	0.333620030796159	1.12974937979628	0.287828802933317	0.824002166858868
FBgn0015570	1333.36568101	-0.141544259265023	0.483463425402589	0.085692625672948	0.769726222511988	0.952993416349077
FBgn0015571	1161.32662544925	0.297890794179783	0.186160803091318	2.55676207218926	0.109823307337336	0.614075232776427
FBgn0015572	799.194673637354	0.0917557014315893	0.322945900293852	0.0807017460364392	0.776348669379533	0.953419031864674
FBgn0015574	118.29456827312	-0.555230919606604	0.477646749944076	1.33929535563963	0.247158271886268	0.792429197916752
FBgn0015575	2311.98384100973	0.00995847696828168	0.242366768695631	0.00168814894936986	0.967226466749506	0.991444149622978
FBgn0015576	455.38243014946	0.827118230747307	0.348870486282845	5.55720406186256	0.0184047853304744	0.218774845710476
FBgn0015577	947.762107888936	0.480115989800722	0.169806041043363	7.96539609982554	0.004768005603605	0.0792751477979685
FBgn0015589	1689.19032554867	-0.395007413857469	0.453043232205932	0.758207852299904	0.383889953211947	0.868413668074809
FBgn0015600	1368.22944779975	-0.42769212933826	0.302120430894589	1.99787634500605	0.157519768950883	0.700163998789435
FBgn0015602	556.921977801635	0.0642199604618708	0.23573099466065	0.0742346415697739	0.785268075568912	0.955927777582309
FBgn0015609	1151.83931044462	0.122795483072779	0.518502963367811	0.0560852420102123	0.812793929615062	0.96039638452444
FBgn0015614	842.559300822183	0.201153643380636	0.350382998104538	0.32915388950957	0.566157733824037	0.90865959686355
FBgn0015615	586.48481970766	-0.100557415095642	0.179405227840544	0.315143234351225	0.574541107355743	0.90865959686355
FBgn0015618	125.478418863897	-0.139720451241159	0.240751025823089	0.33743965787081	0.561310841335823	0.90865959686355
FBgn0015621	202.47370093556	-0.325492948409428	0.245344365599354	1.76130574295924	0.184461732266764	0.731924644933847
FBgn0015622	3146.4926620127	0.336641446642714	0.179244771655133	3.52028254011542	0.0606221122161598	0.457743244442594
FBgn0015623	3885.21111459638	0.525982161262359	0.405282160815293	1.67526529974097	0.195554772604895	0.747574087456413
FBgn0015625	463.453309323055	-0.34415601479682	0.178984019488718	3.70299001136034	0.0543150531870254	0.432869513406781
FBgn0015663	134.021411546055	0.0183715385302426	0.260068474353941	0.00499188338349654	0.943673719613707	0.985481870575932
FBgn0015664	1000.54613133549	-0.0410412472104775	0.165929615558372	0.0616633967648994	0.803885931029753	0.958957752217749
FBgn0015737	4102.57176874443	-0.231922148385748	0.282733829678418	0.672269795111902	0.412261370747458	0.87822152781539
FBgn0015754	1530.89637305994	0.0200297908099205	0.152368376534867	0.0173139848892419	0.895314436209648	0.979375762856732
FBgn0015756	21510.4818798207	0.26672999896927	0.136248295278585	3.82706769175216	0.0504310879625172	0.415558378409768
FBgn0015765	511.40789099083	0.218507247851368	0.163162715001834	1.79214743613724	0.180664738036275	0.72654447334996
FBgn0015766	19019.9407470211	-0.0906245720708946	0.405016814573209	0.0500605499730966	0.822957945801292	0.964052863213496
FBgn0015772	1436.50431018338	-0.143689935876314	0.300641746913065	0.228540312641073	0.632608283180453	0.918845491159441
FBgn0015774	384.096743315395	-0.2567441552623	0.448765030736521	0.327414727646598	0.56718537016247	0.90865959686355
FBgn0015776	2861.88795214862	0.001862068916664	0.132398251072628	0.000202268755984392	0.988652770916753	0.993262150243203
FBgn0015777	1120.46558236913	0.184364548619663	0.206493430166974	0.796342024179651	0.372189299445502	0.86482559396012
FBgn0015778	8208.30340359763	-0.332714036452939	0.37138246005255	0.800866931365107	0.370834297645596	0.864188409640516
FBgn0015781	362.87361149424	-0.221686185650326	0.15133174973179	2.14359099095988	0.14316642381676	0.679015115463303
FBgn0015789	2103.77851567369	-0.0157459418086095	0.130823017688626	0.0146032018473221	0.903814829508227	0.979772897569974
FBgn0015790	4634.06310395075	0.0371319224753732	0.123241877413706	0.090779829480482	0.763188095072136	0.952566903708657
FBgn0015791	892.836130034278	0.0357255404076886	0.235166071857821	0.023113321475833	0.879162753809716	0.977152612807795
FBgn0015793	197.685676934885	0.243131506145326	0.372316969169788	0.425982833324909	0.513966723056163	0.899120803614486
FBgn0015794	726.856116449663	0.108536617167615	0.232827025855115	0.217321918057593	0.641088102723445	0.921446243022313
FBgn0015795	4326.66452187262	0.145328151645127	0.314748848652087	0.213075692240508	0.644367314926977	0.922213082123245
FBgn0015797	2068.90041077663	0.0913198250335544	0.137752976051775	0.43937522910295	0.507424159886083	0.895295388353976
FBgn0015799	968.625701469847	-0.173905516205963	0.255335160774986	0.46399049345365	0.495764892150828	0.894106779299073
FBgn0015801	2100.89214371083	0.0390085473869335	0.220507613357691	0.0313036734610961	0.859564597843883	0.971542724124143
FBgn0015803	993.53744750297	-0.112109046686232	0.197215860121547	0.323562287794871	0.569474664070302	0.90865959686355
FBgn0015805	1907.93098330176	0.118451716178942	0.130124582198436	0.828910822571984	0.362587665182572	0.859573127840434
FBgn0015818	367.011368425278	-0.0348500718480921	0.176954091733618	0.0388955641931119	0.843655706002856	0.968428773907383
FBgn0015828	520.830769403537	-0.0651876537276967	0.172491631518865	0.143225921166078	0.705094840369262	0.936719877499735
FBgn0015829	173.753658099909	0.0890572669555727	0.346005990547724	0.0673354472570296	0.795256621187486	0.957307098335159
FBgn0015834	3772.75605077703	0.0554601921128212	0.108109203167519	0.263155754786538	0.60796035119974	0.915152927007454
FBgn0015838	812.387961970212	-0.310642554152226	0.209272721519001	2.20319836099038	0.137724716946218	0.672563713757829
FBgn0015872	764.852536548898	0.0812314171028722	0.307278244873538	0.0698684615035461	0.791528396230014	0.956915308546756
FBgn0015904	289.10642075858	-0.129603225561778	0.201499641937225	0.416343616120109	0.518767170340951	0.900305384455461
FBgn0015905	241.687612872083	-0.369206208901137	0.294107792863256	1.57747416556514	0.209124895002572	0.758517746051624
FBgn0015919	423.836079180342	-0.0691418566485688	0.260085418794302	0.0712744733026796	0.789490107480357	0.956915308546756
FBgn0015924	2483.89475144015	0.170573795176491	0.183349901441152	0.864878668274983	0.352377022589588	0.85294756349208
FBgn0015925	296.309825956725	-0.417543828235288	0.181370121219068	5.30117691368751	0.0213110203104245	0.240722869205386
FBgn0015926	131.442845755936	-0.120600055871833	0.234980807310925	0.266931807277992	0.605397407537965	0.914069664297095
FBgn0015929	713.437241932196	-0.157529123394376	0.177876265562464	0.786233344038862	0.375241515172072	0.865701388774403
FBgn0015949	1639.88619523494	-0.0872326041979504	0.195181037708775	0.19997810330976	0.654738520975313	0.924526506893163
FBgn0016013	56.9776917209355	0.88313598809318	0.469164526910375	3.50218450821322	0.0612879364105374	0.461141281057339
FBgn0016031	1261.31550449477	0.282984336876391	0.397157261462966	0.506986221939741	0.476446416001721	0.889027677218827
FBgn0016032	243.105170428052	0.0528448483017371	0.477383371511866	0.0124278902727326	0.911235369232284	0.980289808594626
FBgn0016038	506.013717619204	0.18911200232095	0.272618911693684	0.480680019447661	0.488114457130979	0.890795634685939
FBgn0016041	554.492786637068	-0.0295188009565777	0.168800359624641	0.0307852636341295	0.860720321013444	0.971619842641148
FBgn0016059	1567.30751221476	-0.0803799080412254	0.211027095485043	0.145178668672472	0.703186043620851	0.936451299634442
FBgn0016070	634.850252290607	-0.125816585918941	0.307246366496417	0.167931551847488	0.681956683597977	0.930564167175738
FBgn0016075	10403.4709468205	0.872827351727367	0.549632469241008	2.48435857514492	0.114983216708731	0.627468029705223
FBgn0016076	3408.11938272029	0.00375632662812798	0.334851330257105	0.000126822071209176	0.991014788532873	0.994416796552218
FBgn0016078	1011.26411716349	0.16080607877612	0.204167037038568	0.620191436251929	0.430976155960392	0.885555896012502
FBgn0016081	3779.54702508507	-0.286687112523645	0.525181360415195	0.297544123081522	0.585426146950566	0.90865959686355
FBgn0016119	2042.78147017473	0.121883778780182	0.206161138066683	0.349370721228851	0.55446956582705	0.908003182797042
FBgn0016120	2223.24369030898	-0.0449549961861967	0.282545148322387	0.0253179128644518	0.873577454394599	0.975386188335215
FBgn0016122	903.43506158127	-0.101255769967845	0.313388099755128	0.104362324769326	0.746656177620037	0.948987319166172
FBgn0016126	1987.40836408774	0.713187750059877	0.46276643789668	2.35101950379502	0.125201102239258	0.650302882088208
FBgn0016131	369.946328078763	0.0507665341038453	0.191042672488674	0.0710035472742874	0.789881181939787	0.956915308546756
FBgn0016641	631.92312737358	-0.209190618966528	0.316693161593953	0.436759718991723	0.508690561564759	0.895295388353976
FBgn0016650	272.452608391509	-0.616357999967936	0.318822886705844	3.72382188868073	0.0536414566406654	0.430014881824925
FBgn0016660	102.655259169012	-0.129492533255125	0.27740796972511	0.217790884858239	0.640728333066248	0.921446243022313
FBgn0016672	457.476556737651	-0.0705950391882543	0.196201760623348	0.129563198138996	0.718885360535587	0.941507678566307
FBgn0016675	611.503085734595	0.555250979312966	0.237122175019677	5.4500906603312	0.0195673112445152	0.228585076368891
FBgn0016685	2846.52704472104	0.248136130130939	0.263844435021291	0.883134546414695	0.347344587382523	0.850053556308306
FBgn0016687	2164.69371109968	0.128739146370188	0.168888495172834	0.580769694026657	0.446010783510308	0.888270226363548
FBgn0016691	2282.52171374667	0.0201824964883898	0.210057975372523	0.00925650500010988	0.923353207255782	0.982387080003906
FBgn0016693	3356.71385843312	-0.0617983052651969	0.294465310469476	0.0440440978380963	0.83377159011813	0.966085267248416
FBgn0016694	260.212729799985	0.401115960162689	0.457481363263526	0.766071180492517	0.381435214942605	0.866794338923501
FBgn0016696	1987.02907403545	0.119812384781932	0.165145848156836	0.526166985956081	0.468222811049823	0.888270226363548
FBgn0016697	3477.55465628655	0.0486645659508931	0.301732760990864	0.0260106175820738	0.871874390551934	0.97527384243291
FBgn0016698	314.24696224081	0.0543936772983483	0.15859817284143	0.117700287672641	0.731542222281818	0.943692519110568
FBgn0016701	761.00220239049	0.221799916411234	0.33694506301996	0.432681472191831	0.510676115550872	0.896060535082063
FBgn0016715	2461.05920508462	0.368675274716137	0.133262116553379	7.6359568857275	0.00572160236696163	0.0908966848619009
FBgn0016726	3770.02085304607	0.707004620455262	0.556333798772331	1.59893364447521	0.206054394331649	0.757156699969694
FBgn0016754	974.152081339487	-0.27595818681508	0.375859767825634	0.538838578436383	0.462914456120957	0.888270226363548
FBgn0016756	5356.8608222876	-0.162125039751121	0.352771094891005	0.211122276583993	0.64588919369276	0.922314497582819
FBgn0016762	188.949601895205	0.118814642877808	0.223857277344261	0.281814850893369	0.595514159053151	0.911189805440844
FBgn0016794	599.962584417062	-0.14744257527281	0.23257905245117	0.401995606782535	0.526060438003917	0.90232385622236
FBgn0016797	3690.97463092632	-0.301770296856282	0.358920604360509	0.705691692070786	0.400877786663401	0.875888394068263
FBgn0016917	5630.51268333492	0.0552741027256154	0.262992549932942	0.0441762829115078	0.833525980858642	0.966067072560479
FBgn0016926	2857.79526752375	-0.00625957507100829	0.273187150483284	0.000539556638187833	0.981468117902197	0.992134162437166
FBgn0016930	1286.47667199123	-1.14752666045529	0.644052886966	3.09520271339782	0.0785233716056534	0.52624435005894
FBgn0016970	77.1187187610689	-0.292564581220715	0.406431195187699	0.515304619674353	0.47285149935638	0.888270226363548
FBgn0016977	4542.74754884157	-0.201582781362244	0.602220201612474	0.111968731633198	0.737913799579118	0.946349392898352
FBgn0016978	733.06222186563	0.114699535738532	0.236614513798745	0.234902132385983	0.627912555641867	0.917066270747048
FBgn0016983	1355.25900013564	0.00144409769321327	0.170458691749772	0.000222974852022162	0.988086157225926	0.993061124148768
FBgn0016984	1762.70633881306	-0.0685858069929533	0.279467040241368	0.0602252806412054	0.806140228977862	0.959086727233997
FBgn0017418	1156.84962892165	-0.43955273175659	0.253098579548559	3.00676726642924	0.0829175067511846	0.541023856162233
FBgn0017430	216.531273988107	0.370740891622977	0.506287523714156	0.534126847320337	0.464876995948972	0.888270226363548
FBgn0017457	586.339496110528	0.0284558236181955	0.272824107955349	0.0111094515706753	0.916057318581476	0.980404978288931
FBgn0017482	447.468533449479	0.835959171715945	0.30542485031396	7.397053470228	0.00653308019172303	0.101674085057852
FBgn0017545	18180.2514119605	0.516830757058385	0.366478956212556	1.97823553949509	0.159576412478865	0.703012504782371
FBgn0017550	2713.55624908889	-0.0704022590055904	0.185892733665389	0.143460053523341	0.704865195480554	0.936719877499735
FBgn0017551	239.008612687179	0.167913756802131	0.285611593943926	0.346035041804157	0.556366224121378	0.908003182797042
FBgn0017558	3656.33710724168	-0.30618649310727	0.322947966650864	0.897241922195647	0.343522331228989	0.847342045408736
FBgn0017561	299.970936892327	0.0272270939897211	0.549902550353935	0.00246927933721963	0.960367956160403	0.989090304481675
FBgn0017566	3197.69247513519	-0.191129082994526	0.340544311496303	0.31481064110443	0.574743077771841	0.90865959686355
FBgn0017567	725.232869803427	0.0837649038796522	0.262819238060857	0.10156168348523	0.749963540976126	0.949227302638817
FBgn0017572	1499.44488434206	-0.0533842318251459	0.13051277398267	0.167334808336506	0.68249139185344	0.930564167175738
FBgn0017577	607.241073857978	-0.065176822080005	0.189646153309032	0.118524849320721	0.730639949122575	0.943692519110568
FBgn0017578	230.332073975125	0.233148676337682	0.447140595031322	0.271375584521124	0.602410507813636	0.913070040961306
FBgn0017579	13820.0135370014	0.326710454817322	0.233600016982643	1.95179314807176	0.162393752925021	0.70859662491271
FBgn0017581	11397.3297293839	-0.0336773543835404	0.325215288779181	0.010724241489612	0.917520188023722	0.980404978288931
FBgn0019624	3487.74217950979	-0.108855456785119	0.261389915905697	0.173390471168844	0.677116000873842	0.930018495477913
FBgn0019637	1054.03401446254	-0.168290918380995	0.144683550297032	1.35451351366443	0.244490605490448	0.792429197916752
FBgn0019644	3017.89723223164	-0.0165028895737206	0.219419670063993	0.00565775440222183	0.940041226617208	0.98539396278863
FBgn0019650	170.576296140283	-0.137104695744447	0.197548317692198	0.483482526445293	0.486849095491831	0.89023746654946
FBgn0019662	786.685599462604	0.265262464248762	0.194280886960375	1.86358750186194	0.172211321496705	0.717888862032889
FBgn0019686	258.799020126059	0.117843852510355	0.237871414097834	0.246660859494135	0.619436145111485	0.91550458350478
FBgn0019830	1283.78885074186	-0.104480076010024	0.196172986036018	0.283515247666685	0.594406400931193	0.911189805440844
FBgn0019890	4181.26672152187	-0.366133497302239	0.239583783497742	2.32990563997667	0.126909569993443	0.652113344639129
FBgn0019925	2681.93743577397	0.386580694579174	0.122730439569827	9.89344850285249	0.00165868237864358	0.0348489167753016
FBgn0019932	270.022251399495	0.763116563019687	0.473423504710335	2.56678399392125	0.1091293866764	0.613871061330969
FBgn0019936	11906.2436909175	0.429489697506746	0.233368061955918	3.37444473114668	0.0662148888558889	0.478889781363933
FBgn0019938	568.70099022636	0.115817206759743	0.213262041271875	0.295139032101389	0.586945982581629	0.90865959686355
FBgn0019940	45.9964081714015	0.936462843632729	0.448303475196195	4.35006136553194	0.0370076126928116	0.345953255918118
FBgn0019949	363.882873203996	0.274311233040651	0.234450697540655	1.36647040755724	0.24241924341036	0.790474391228958
FBgn0019952	5822.33187214142	-0.0383102202481819	0.298508518233706	0.0164715318523889	0.897878751431142	0.979772897569974
FBgn0019960	2006.90775422948	0.00719280022352636	0.232245839712181	0.000959660139443486	0.975286780215254	0.991444149622978
FBgn0019968	3447.39782240618	-0.563859696685623	0.409813476123845	1.8816744223748	0.170143960703318	0.716066239457902
FBgn0019972	1739.29025686614	-0.229929692289304	0.230013018937549	0.998591375671324	0.317651593943394	0.834794518653785
FBgn0019982	301.679506697861	0.205156335290264	0.291810771436552	0.493771612573511	0.482249681052556	0.889027677218827
FBgn0019990	770.254543501407	-0.201812198737349	0.38458907385832	0.275372617079427	0.599750333236837	0.912217600937776
FBgn0020018	516.158642273054	-0.312852194331328	0.236007947943444	1.7541168863858	0.185360018357644	0.733411296740886
FBgn0020224	730.682015507956	-0.0954668843409318	0.167199698400431	0.326918459338287	0.567479269662904	0.90865959686355
FBgn0020235	4357.63575285223	0.0430217537895751	0.261628284597735	0.027038883854118	0.869388677521525	0.974568820313579
FBgn0020236	9025.7819150465	0.273108611985998	0.293120350376198	0.866878606769404	0.351820894068952	0.852813035406828
FBgn0020238	10758.4581795161	0.0391445582375937	0.11452696844399	0.116816112857194	0.732513660387311	0.944178650597387
FBgn0020249	1843.16093699056	-0.0338592245457281	0.149230974705913	0.0515204802589864	0.820438335017856	0.963791412844571
FBgn0020251	410.232889295114	0.395362683898963	0.268675889798362	2.16393838338365	0.141282165395545	0.676983849511963
FBgn0020255	5402.26719353149	-0.0111529639810342	0.118019322112308	0.00893380971386648	0.924697023172762	0.982695217848241
FBgn0020257	1460.58716344819	-0.275460667864178	0.207627766263781	1.75917333779222	0.184727659496933	0.732288325666144
FBgn0020261	1543.62414722435	-0.305605879854222	0.422049366709771	0.523601877621289	0.469309254667386	0.888270226363548
FBgn0020269	219.717282136223	-0.0218082984351493	0.266175718712171	0.00688087085080724	0.933890489860593	0.98378812856611
FBgn0020272	215.934481402558	-0.0813520158404155	0.263828287682083	0.0972598666034514	0.755143015085847	0.950744853750032
FBgn0020278	2428.5778037316	-0.207210424202014	0.276200160413177	0.562513893200318	0.453249126457332	0.888270226363548
FBgn0020279	11152.9697283775	-0.465913313792122	0.433480096011478	1.1503495141461	0.283475996030233	0.821777257895164
FBgn0020294	1160.74974329894	0.0229368895338356	0.203762452205515	0.0128205100912311	0.909850042302089	0.979928201397765
FBgn0020299	712.192909299809	-0.143813391764136	0.302197676778708	0.226877759896752	0.633848649091986	0.919611276494636
FBgn0020300	290.59785746287	0.259261946906512	0.438599825406713	0.34863692990686	0.554885746973342	0.908003182797042
FBgn0020304	3047.45437340937	-0.656856049029669	0.300903043568942	4.72655757895701	0.0297002720707093	0.298923456864959
FBgn0020305	221.225184468714	0.323762915414744	0.341159452221261	0.898089501531373	0.343294503019347	0.847342045408736
FBgn0020306	5821.44531929724	-0.0831410571855919	0.45468134376769	0.0334369995016601	0.85490954272885	0.971310121918865
FBgn0020307	532.293859754151	-0.167539085348572	0.332695642324687	0.253978056890077	0.614287829921446	0.91550458350478
FBgn0020309	5015.95721523608	-0.309382529175564	0.383183413042809	0.650754393136069	0.419843093413272	0.880143567087002
FBgn0020312	781.852297181481	-0.18457680281054	0.254588046819167	0.526183158147148	0.468215974195445	0.888270226363548
FBgn0020369	5013.22568976791	0.0271455515032129	0.255493233176428	0.0112901328332953	0.915380005045579	0.980404978288931
FBgn0020370	5689.61313298888	-0.219465301320942	0.243640357799058	0.810789331108822	0.367886987586871	0.863934268722523
FBgn0020378	490.608196379561	-0.0934940475333755	0.289496886955115	0.104312622109973	0.746714443316636	0.948987319166172
FBgn0020379	274.368544218714	-0.188372515890541	0.317883038982323	0.352495075239588	0.552704115422443	0.907978647188282
FBgn0020381	567.29634371429	0.443679645785672	0.15412826473703	8.26227422354421	0.00404773891574914	0.0698505089280406
FBgn0020385	6273.13609020504	-0.360293117980386	0.258136416292172	1.94323593310733	0.16331761189028	0.710550410044425
FBgn0020386	2434.58495474013	-0.137089505664182	0.271873809721222	0.254251206655596	0.614097452347007	0.91550458350478
FBgn0020388	1095.64473418776	0.35738271739666	0.272617886839157	1.71544029741573	0.190281038406687	0.739250851996022
FBgn0020389	1121.18640849094	-0.0124612814114426	0.218454386091398	0.00343028796949341	0.9532956732722	0.987139218831908
FBgn0020391	249.181531515322	-0.0893983717597048	0.320617159063432	0.0791036296326979	0.778515838793073	0.954016784662728
FBgn0020392	1278.61675046361	0.0170047448211583	0.125877039761411	0.0182828448388932	0.892442622673718	0.978876446894751
FBgn0020407	181.269364787626	-0.162589042691445	0.213436815108893	0.57914100644355	0.446649216070202	0.888270226363548
FBgn0020412	2024.28688331548	-0.177166825693149	0.253182571857787	0.489660232529417	0.484078906076603	0.889027677218827
FBgn0020414	2781.32007007654	-0.198455087591433	0.123015756818752	2.60113683672905	0.106787090471765	0.610502522669874
FBgn0020415	1950.4792313242	0.589634829141955	0.212098158684497	7.67814782672868	0.0055893506726722	0.0891326433645867
FBgn0020416	760.130111263428	-0.521355658420682	0.395283039079133	1.73017987059028	0.188387928049261	0.736720403595156
FBgn0020429	104.154634266769	0.174489311051117	0.303889822539786	0.330391347674755	0.565428739208073	0.90865959686355
FBgn0020440	730.616102730382	0.205211262087199	0.148968675656174	1.89701132734913	0.168413228419014	0.71402200975569
FBgn0020443	4532.93102942779	-0.0228201753429977	0.218826493876273	0.0108820293621221	0.91691781457434	0.980404978288931
FBgn0020445	2094.56408507773	-0.551295371718822	0.376082540518905	2.13621690650865	0.143856262321095	0.680305051811271
FBgn0020496	3468.9003625176	0.116946346983053	0.181825281064367	0.41356345280181	0.52016635629986	0.900900502564648
FBgn0020497	2608.41990886124	-0.147470043704256	0.248030795472086	0.353493954149528	0.552141920026193	0.907978647188282
FBgn0020503	2052.35957325108	0.39420444051986	0.274386775714623	2.05759180797449	0.151449354757683	0.692139204778316
FBgn0020506	436.47647661629	0.332242593553919	0.328602692683678	1.0211704728259	0.312241530525684	0.833849223328102
FBgn0020508	33472.1353332072	-0.0480756691109168	0.365695300328538	0.0172827573993004	0.895408341117036	0.979375762856732
FBgn0020510	1089.47958204993	-0.16797495154758	0.252131176045705	0.443933123043792	0.505230187840976	0.895295388353976
FBgn0020513	11357.1392922602	-0.300352966994658	0.265795272847561	1.27463569933919	0.258898823967584	0.803836573577056
FBgn0020521	4421.85687438225	-0.245858219976692	0.166768690539602	2.17123181997113	0.140613560287089	0.67600820263168
FBgn0020545	927.547108018752	-0.022692277829647	0.270486039202586	0.00704337256566134	0.93311621914857	0.98378812856611
FBgn0020616	590.810116868287	0.0409691661019384	0.170789521252074	0.058123097827945	0.809487436993183	0.96039638452444
FBgn0020618	35490.5768543078	-0.016834491207347	0.232725195081461	0.00523287731864741	0.942332423307826	0.98539396278863
FBgn0020620	687.790215811515	-0.0540141010819426	0.214138852004329	0.0637227427357914	0.800705900701619	0.958174580223308
FBgn0020621	2699.12820473031	-0.189932414391439	0.229195177785586	0.68658996116784	0.407326688833161	0.87822152781539
FBgn0020622	969.634574888609	0.154126283953845	0.16194308930736	0.905610810963097	0.34128168818806	0.846306080711849
FBgn0020626	2814.58269982534	-0.0928415685227241	0.361645518187199	0.0659134619076269	0.797382446159073	0.957909169986809
FBgn0020633	949.943886001834	-0.197536220438521	0.222097712839571	0.791000509212438	0.373797764870291	0.865521438499774
FBgn0020642	525.705481831932	0.42002511205883	0.37109149702961	1.27633301900616	0.258581963332289	0.803836573577056
FBgn0020644	19957.0990751	0.335054494694183	0.404715424899784	0.683827653793884	0.408271793165768	0.87822152781539
FBgn0020645	62.5949430146952	1.06325705633473	0.715691248047798	2.17042256368872	0.140687570966541	0.67600820263168
FBgn0020647	2543.64982959281	-0.371162928660082	0.357488513840497	1.07535312674402	0.299739424027552	0.832614936158673
FBgn0020653	4625.34108793109	-0.185997745004993	0.316929088076036	0.344228684583939	0.557398455881262	0.908176933545198
FBgn0020655	1118.86169165942	-0.0017493893593453	0.154304272146912	0.000148670404385598	0.990271596802059	0.994294205439009
FBgn0020660	1159.04366657335	0.857759825283808	0.607456022206045	1.9648811191409	0.16099225219038	0.703577164538718
FBgn0020762	1819.87161700013	-0.269914987877569	0.321485764773158	0.70425277964128	0.401358377780936	0.875888394068263
FBgn0020764	938.843040654217	-0.178287371775578	0.335279588722036	0.282720896615572	0.594923365246385	0.911189805440844
FBgn0020767	911.257329462139	-0.175857598640355	0.15573698768497	1.2759258942351	0.258657922857085	0.803836573577056
FBgn0020887	988.561996333576	-0.29179789805683	0.314097974075947	0.862577811652329	0.353018313426007	0.85294756349208
FBgn0020906	19264.0079335449	-0.701633089086764	0.304749587208229	5.24948184628998	0.0219533073184455	0.245339886574756
FBgn0020909	187.963258067598	0.0359780089052067	0.228695522720605	0.0273100139246978	0.868741374104466	0.974400115893667
FBgn0020910	49546.6662247789	0.0111284938903634	0.283420707194018	0.00154160034172435	0.96868053122556	0.991444149622978
FBgn0020930	643.077680745201	-0.0996266406310734	0.154451655126026	0.416490389210153	0.518693487141473	0.900305384455461
FBgn0021750	235.498428509601	-0.144696699556952	0.28612643298445	0.256638110223172	0.612439283176202	0.91550458350478
FBgn0021760	2612.8113949972	-0.50577584882962	0.3408442793576	2.19163503559791	0.138761947163633	0.672674546224748
FBgn0021761	1066.08524062736	-0.0957260433621284	0.20618162603557	0.215761388760384	0.642288681503588	0.921446243022313
FBgn0021764	2073.14550992486	-0.0518476048531109	0.343171814862058	0.0228451474092992	0.879860457572425	0.977312620332892
FBgn0021765	3831.01406706045	0.451629620146883	0.167430713076273	7.2469536776901	0.00710213982004011	0.108423632949413
FBgn0021776	345.650785066091	-0.250907066459733	0.263652839186733	0.907569850197419	0.340760032210327	0.845839535008944
FBgn0021795	2469.27418147066	0.014755268038542	0.169198079917554	0.00769823360046473	0.930083661972273	0.98378812856611
FBgn0021796	1806.16879229847	-0.197746538576687	0.431911461253375	0.209536322500469	0.647131072602418	0.922694169316485
FBgn0021814	659.852644403907	-0.0542700102131747	0.292539232526482	0.0344501320911945	0.852752596899957	0.970680322951
FBgn0021825	1104.88305733925	-0.0242478680596833	0.159395637538558	0.0233723910298096	0.878492658951443	0.977068203103071
FBgn0021847	505.949629940668	0.072425080415569	0.166968515187393	0.188355262578135	0.664289057982602	0.927023786961361
FBgn0021872	7812.75008842809	0.322085778715809	0.170261679165146	3.57136734418241	0.0587838886425112	0.449984527582517
FBgn0021874	295.818293940382	0.346208758561358	0.216515309017325	2.55101171975378	0.110223652459563	0.615598366192201
FBgn0021895	1281.65593378832	-0.00265903334194466	0.130167820469047	0.00052790755844967	0.981669226478773	0.992176569973254
FBgn0021906	1438.70995233157	0.196148787066477	0.290343438478836	0.455896234385378	0.499548144790725	0.895295388353976
FBgn0021944	863.324987493446	-0.0223539107664922	0.209624578234198	0.0113775783338497	0.915054169548607	0.980404978288931
FBgn0021967	1064.71977830789	-0.0186378075832601	0.203436692866452	0.00855847896434625	0.926291219612756	0.983026071820471
FBgn0021979	4675.10832115163	0.287425028315239	0.241673896869515	1.41226272525596	0.234681130904011	0.781081606355019
FBgn0021995	453.7708281328	0.21917635956528	0.208851798679658	1.10034647768722	0.294190079516797	0.829013843328828
FBgn0022023	4701.76764666859	0.0789927191859987	0.246297783461412	0.102868078827811	0.748414601951922	0.949227302638817
FBgn0022027	332.75922414066	0.0629039813233139	0.271563881362648	0.0547157478518443	0.815051763422251	0.96161108133415
FBgn0022029	568.003429595267	0.102199008138703	0.214201697366961	0.228005794697253	0.633006460257231	0.919264954553615
FBgn0022069	704.833051191796	0.137060853073019	0.157384103377968	0.758390708486999	0.383832615968709	0.868413668074809
FBgn0022097	3155.66441522191	0.113630067691168	0.178329829828009	0.405892241441464	0.524061839408197	0.90223474301381
FBgn0022153	2073.67691774662	-0.295470527850368	0.292610724347937	1.0182932578511	0.312924195530465	0.833849223328102
FBgn0022160	1124.03402145263	0.334541792534986	0.667744997180963	0.250466205639015	0.616746998902907	0.91550458350478
FBgn0022213	1163.79817590275	0.00859555538457095	0.184945327500077	0.00230461721105257	0.961711119033851	0.98944945103117
FBgn0022238	611.752441190206	0.468341975480295	0.420116330331812	1.23710195593948	0.266030309437767	0.808870738247104
FBgn0022288	442.06929712039	0.0596881235577005	0.185176438066916	0.103934231381977	0.747158528622323	0.948987319166172
FBgn0022338	217.070326362138	0.0226952211617294	0.200470586438606	0.014289737878471	0.904847796078742	0.979772897569974
FBgn0022343	1376.45479732498	0.185684850094614	0.269774008174751	0.473212140147595	0.49151313361379	0.892965315521076
FBgn0022344	400.396664459789	0.0460156534985595	0.222910897007051	0.0437440923376045	0.8343304531783	0.966333121349288
FBgn0022349	1552.60208651351	0.313880439419971	0.333085545183392	0.886004598419689	0.346562325342676	0.849623623739745
FBgn0022355	9435.45757742786	-0.501713678156213	0.29317837757572	2.91417204211423	0.0878044669122374	0.550928301545752
FBgn0022359	1934.40505164459	0.944586019120168	0.418208512381729	5.01436434134789	0.0251378569353098	0.271191976488246
FBgn0022361	250.0047989862	0.545224485430743	0.615776685916599	0.779408444593102	0.377322119520296	0.865701388774403
FBgn0022382	1210.49487555974	-0.0515736184331744	0.295868541925703	0.0303819550333913	0.861626396630171	0.971960837218786
FBgn0022699	531.284267261817	-0.276375646670514	0.22246039438078	1.54407530093761	0.214012222672751	0.765446969661498
FBgn0022700	377.087185929162	1.28945478948328	0.535634175569188	5.6177788419091	0.017779167296162	0.214370332793321
FBgn0022702	2207.22733623197	-0.286405825253991	0.178040374261829	2.58340759556337	0.107988962714523	0.612818630670363
FBgn0022709	667.14599542878	0.21669974266896	0.344527946714959	0.395051318030752	0.529656093319777	0.902703266732794
FBgn0022710	1469.99561505275	-0.243411509433392	0.457071800478186	0.283392307013955	0.594486349971223	0.911189805440844
FBgn0022724	130.480243955542	-0.069031832403025	0.274825534470878	0.0660438271448385	0.797186542230489	0.957909169986809
FBgn0022764	4508.02010891023	-0.257214947902784	0.4877178473649	0.277809576193391	0.598140505181615	0.912159281837944
FBgn0022768	1131.86802732339	-0.585522352471605	0.404001153612362	2.08805129695166	0.148455329792245	0.68752505927826
FBgn0022770	2179.87592064091	0.232063774670248	0.333743447769534	0.482998841359233	0.487067095572872	0.89023746654946
FBgn0022774	5357.81679200195	0.517971468468168	0.326879202833989	2.49763914249064	0.114017103043839	0.624234354384638
FBgn0022786	431.577713985255	-0.11357746645048	0.250863403623446	0.205807409726546	0.650073549958484	0.922694169316485
FBgn0022787	2024.4316283677	-0.253729997405555	0.28295517250609	0.803579354964882	0.370025351302521	0.864159753811589
FBgn0022800	572.998323693919	-0.143676728888755	0.205825322986081	0.487115309684739	0.485216928334732	0.889469704588438
FBgn0022893	5826.34275045019	0.676875942112315	0.560782950894113	1.44364477787357	0.229550445634967	0.779813484379362
FBgn0022935	536.27056168667	-0.202222129887022	0.236776140703768	0.730490753862426	0.392724162311821	0.872919006760984
FBgn0022936	213.293216264258	-0.12122698070837	0.20340611695385	0.355630398307518	0.550943072804864	0.907978647188282
FBgn0022942	1584.11705978577	-0.147056384224349	0.231883461033558	0.402356497896392	0.525874765862909	0.90232385622236
FBgn0022959	4611.49769276006	-0.127348240903249	0.243976751379398	0.272414938975444	0.601716392124282	0.912658802461654
FBgn0022960	941.154145514386	-0.0355760521202216	0.229100439211382	0.0241776833957772	0.87643365972588	0.976318025568334
FBgn0022981	79.9678595721826	-0.504367971284044	0.288813747601559	3.05117984694193	0.0806785133427158	0.533455724730278
FBgn0022985	874.825031781386	0.0685916173009544	0.203982544674482	0.113294973660359	0.736423592668575	0.945951584996377
FBgn0022986	411.763381919671	0.0337361521308292	0.164879807203044	0.0419199346822978	0.837772467519158	0.967386619542594
FBgn0022987	414.484848645479	-0.153897897130567	0.248018176546327	0.385540368144774	0.534652938535623	0.906910394964332
FBgn0023000	690.234797695787	0.303302324590587	0.294629435317799	1.05705459868541	0.30388792525641	0.832614936158673
FBgn0023023	784.684011166122	-0.310756063436195	0.345454775666812	0.807770641161326	0.368780183217721	0.864159753811589
FBgn0023081	1096.32807266707	-0.109720137146541	0.262914982344324	0.174355467672342	0.676269623187652	0.930018495477913
FBgn0023083	1280.42808795832	0.0720064392733549	0.194467693869734	0.137304759295745	0.710975285375086	0.939158326986629
FBgn0023094	436.831763477503	-0.482182460284013	0.257282694815131	3.50208484895001	0.061291624338535	0.461141281057339
FBgn0023095	1827.6784373468	-0.0471251560963361	0.301550552901276	0.0244475045804222	0.875751646576478	0.976196791307201
FBgn0023097	1174.54868216628	-0.287257085780417	0.297037595316753	0.934456187864257	0.333707658264896	0.842438918611652
FBgn0023129	1111.81383054151	0.196226656565575	0.283490685227408	0.478609269821902	0.48905293643451	0.891955223452815
FBgn0023130	257.995943568432	-0.199080401741317	0.297846453723315	0.448856374614948	0.50287854469794	0.895295388353976
FBgn0023143	10085.8960243031	-0.304823819454583	0.206596165206784	2.17328884264255	0.140425631669204	0.67600820263168
FBgn0023167	791.212892412707	0.0678231514268024	0.239180223788133	0.0805323037376837	0.776577341287768	0.953419031864674
FBgn0023169	2453.19045264663	-0.187755357810377	0.196091871931634	0.916566596485907	0.338378089739585	0.844975856087411
FBgn0023170	1726.26622957382	0.404983372987513	0.414772517290888	0.949898283110471	0.329745189821018	0.8415226533537
FBgn0023171	167.713445126029	0.725724920979937	0.406363905526843	3.15501091808973	0.0756941850518043	0.516052687783004
FBgn0023172	4261.54649554064	-0.33022661789516	0.407261228486924	0.656183062479116	0.41791070867908	0.880042449076863
FBgn0023174	4046.65761676257	0.093182088858727	0.24742842996486	0.141780654799888	0.706517178528337	0.937358281747356
FBgn0023175	3102.98450187629	-0.0466743974424371	0.334542106508098	0.0194640429899522	0.889044314308465	0.977820758729006
FBgn0023177	1216.45778673388	-0.00753714606382323	0.13354841654781	0.00333533266801567	0.95394590268384	0.987139218831908
FBgn0023179	218.743413516846	-0.248281994528022	0.323386714528239	0.591246351080386	0.441937566800319	0.888270226363548
FBgn0023181	185.523955939474	-0.00400137226281211	0.243317507679701	0.000453854028741318	0.983003272607879	0.99233714266411
FBgn0023197	332.86981322944	-0.0692373630313151	0.251908698351461	0.0755469435572138	0.783425303193501	0.954881254247743
FBgn0023212	1183.08181138562	0.357711089366604	0.261844334892183	1.86063997727003	0.17255095588412	0.718507921888409
FBgn0023213	4948.3164854518	0.202653221292443	0.194417564085215	1.08559397925808	0.297449506571025	0.832400050684574
FBgn0023214	269.099684014436	0.331528090820758	0.456320071967465	0.526035038689386	0.468278598243248	0.888270226363548
FBgn0023215	989.899140195235	-0.00879962902294624	0.436830816544239	0.000417540502695601	0.983697314722039	0.992425298569785
FBgn0023216	225.695700938216	0.0593573992609973	0.194877044735848	0.0945839774430937	0.758428514087577	0.951679100282497
FBgn0023388	1282.61416456237	-0.059839612608572	0.240375863930979	0.062068905886747	0.803255335790186	0.958402428540451
FBgn0023395	110.101573722134	-0.0851457248606672	0.325207467366635	0.0688045398415653	0.79308538641906	0.95691559934858
FBgn0023407	936.914190488381	-0.220188451124188	0.303989655414288	0.524698546999133	0.468844268307967	0.888270226363548
FBgn0023441	1591.43939908388	-0.243752193118031	0.260839014848053	0.872743624627802	0.35019687556027	0.851467182456711
FBgn0023458	5327.92077731886	-0.122055886385515	0.602382508255615	0.0410482816202062	0.839444754653887	0.967778591818814
FBgn0023477	3072.07227805805	-0.0645226854973613	0.238310896956179	0.0732883422018205	0.786607780059235	0.956065302765536
FBgn0023479	5540.32367981698	0.118211039408036	0.399561014474697	0.0875150202341217	0.767360387060458	0.952993416349077
FBgn0023506	215.017683978226	0.140001424622899	0.23491476610555	0.355598417596461	0.550960982484602	0.907978647188282
FBgn0023507	4427.76070405643	-0.572223677360602	0.462312575405354	1.52222561731259	0.217283001453606	0.768214700974382
FBgn0023508	1006.77685880618	-0.00953990642521902	0.27396422477777	0.00125647944639695	0.971723424213897	0.991444149622978
FBgn0023509	920.573202632495	-0.0528764130652356	0.219647659199055	0.0581296721917681	0.809476869909203	0.96039638452444
FBgn0023510	1774.31470765076	-0.0888613887822704	0.498610940673463	0.0317663627125739	0.858541403392769	0.971373856909766
FBgn0023511	890.693775390211	0.0821900182093647	0.229705821766603	0.128191498480831	0.720314574061976	0.94218267399484
FBgn0023512	712.879491091252	-0.231340386570915	0.225497157648106	1.05295276611116	0.30482801712119	0.832614936158673
FBgn0023513	252.19231047397	-0.158694178783929	0.376208555329621	0.178616715780009	0.672564717969828	0.929643731878032
FBgn0023514	378.013635259459	-0.261405627704929	0.15295397479951	2.92431217823604	0.0872544014577653	0.549617406877679
FBgn0023515	236.550693504343	-0.221062660762047	0.227151496017229	0.95281578277104	0.329003598214542	0.8415226533537
FBgn0023516	994.849094225436	-0.187562757301285	0.232269322887256	0.652462394845813	0.419233682518873	0.880143567087002
FBgn0023517	389.251875864973	0.0728601899350149	0.303301187327791	0.0582373818032522	0.80930383642246	0.96039638452444
FBgn0023518	1077.44523522118	-0.305034752761195	0.472309115899916	0.416621620517333	0.518627621817012	0.900305384455461
FBgn0023519	301.302997157033	-0.0574469574525836	0.297013569548679	0.0377339214791448	0.845978402909228	0.969403122177414
FBgn0023520	154.24705880298	0.0872960083217296	0.204471337038992	0.183326784557657	0.668529706174989	0.928034960471525
FBgn0023521	153.83980772382	-0.143934484796104	0.345356951651885	0.173804975653326	0.676752110047647	0.930018495477913
FBgn0023522	412.72435709354	0.340192692494717	0.18084194273414	3.53606515034806	0.0600477541426011	0.456253000635638
FBgn0023525	81.1459892663806	0.338638492731627	0.421299079820855	0.644863459118284	0.421955135671014	0.881034667480375
FBgn0023526	677.79033284835	0.0370740300006828	0.243123296094032	0.0232515963353563	0.878804624367878	0.977152612807795
FBgn0023527	285.267191201995	0.0932163889880329	0.207022148889	0.203146035368633	0.652193351407707	0.923510181167711
FBgn0023528	1391.10371910116	-0.091434078081435	0.336137379085016	0.0739649998293714	0.785648876696931	0.955927777582309
FBgn0023529	3237.64114965307	0.277104672185722	0.156817904173401	3.11746514978796	0.0774571898979695	0.522431961398503
FBgn0023530	277.3030487513	0.471871475579543	0.198316108180239	5.64341752315171	0.0175210221687165	0.21217099467708
FBgn0023531	382.734742791011	-0.226229358820467	0.42750950752916	0.280121362406902	0.59662168255533	0.911608516906928
FBgn0023535	339.888987967178	0.639433327790778	0.615429020228283	1.07176569539735	0.300546957395691	0.832614936158673
FBgn0023536	188.232364763281	0.104923690446643	0.280702510598176	0.139756304801935	0.708523398543162	0.937853306246139
FBgn0023537	2558.93711564046	0.0909196902145969	0.367994304973598	0.061036070304695	0.804865820035867	0.959086727233997
FBgn0023540	526.306319627226	0.0406317551567699	0.276777720922124	0.0217416594356479	0.882776422465346	0.977724198541247
FBgn0023541	131.301244846777	0.739578134549732	0.369781787386635	3.97000968350225	0.0463175060530797	0.395984049715241
FBgn0023542	589.121487608057	-0.0355198616614027	0.224547899729987	0.0254485554257684	0.873254449026024	0.975386188335215
FBgn0023545	520.848466405685	-0.33739521358015	0.158446043654817	4.53321019935106	0.0332432024964528	0.322232841730322
FBgn0023549	6195.13907213811	0.225925527283945	0.23465906154608	0.926192330252178	0.33585430419053	0.84405489605778
FBgn0023550	615.776685651452	0.13458718847495	0.190661216324669	0.498714909240761	0.480065324761565	0.889027677218827
FBgn0024150	353.486759443219	-0.193704589483879	0.443050509158285	0.19166316241089	0.661535971876761	0.926745842249091
FBgn0024179	813.198114204259	-0.0746984867347843	0.287913042889972	0.0674867671532979	0.795031818082109	0.957307098335159
FBgn0024183	1857.63077389398	-0.107214809400406	0.201130191538193	0.284139897572331	0.594000530737582	0.911189805440844
FBgn0024187	1565.50520554143	-0.141574219989432	0.346704108321275	0.166767359241817	0.683000884380082	0.930599778263653
FBgn0024188	281.779757216745	0.367851198573409	0.343133669902128	1.14521924752907	0.284552169378616	0.822670744139255
FBgn0024191	238.943748019992	-0.31282672346214	0.181789850493793	2.96283429325968	0.0851984750780122	0.548230474812742
FBgn0024194	353.499702217743	0.00206287521766106	0.215525473723249	0.000109105109217467	0.991665976735864	0.994794716579829
FBgn0024196	463.162644639179	0.40074880353169	0.442210929141029	0.817807719867176	0.365821917658249	0.863101458731029
FBgn0024222	349.19400250052	0.391095802642623	0.247855845497513	2.48142681615931	0.115197706262641	0.627468029705223
FBgn0024227	230.456190209587	-0.0861846176528706	0.292360248554243	0.0874546707725088	0.767438301861369	0.952993416349077
FBgn0024234	1288.22425949514	-0.107087917781122	0.193283186435418	0.306779943793842	0.579662895326065	0.90865959686355
FBgn0024236	1011.62745088267	-0.0401086142377343	0.278314152074029	0.0208616901241783	0.885156376743967	0.977724198541247
FBgn0024238	3173.97684604824	0.0495354893489445	0.340628563899608	0.0211500672908613	0.884370884800225	0.977724198541247
FBgn0024244	630.077358448079	-0.22874813401782	0.214123570187459	1.14145418319843	0.285345260891045	0.823238447391109
FBgn0024245	289.196614848208	-0.161554221517806	0.224755556417795	0.515771719716369	0.472650940481635	0.888270226363548
FBgn0024248	575.52963933795	0.124974804908152	0.193649270180478	0.41649077841727	0.518693291775707	0.900305384455461
FBgn0024250	535.887028780786	-0.0807731275851467	0.242184688315314	0.111648095879147	0.738275547466442	0.946627404277494
FBgn0024251	1698.03909796918	0.258540595979151	0.158209706542908	2.66818128510896	0.102372948568859	0.599959734848459
FBgn0024273	1431.51258486096	0.0641972264066784	0.207343419436931	0.0959867111781989	0.756699954158336	0.951492888590403
FBgn0024277	2551.46472964718	0.0696876541465139	0.181526918167505	0.147475752540259	0.70095938563091	0.935625792757418
FBgn0024285	1723.2463191415	-0.192846517778988	0.282231038083957	0.466746243862929	0.494487869158412	0.893314949498528
FBgn0024289	1007.49209634837	-0.220031104486116	0.323773913938285	0.461521952342039	0.496913544466186	0.894106779299073
FBgn0024291	955.312829662781	-0.0602622748803238	0.167524401557736	0.129541757009576	0.718907634775853	0.941507678566307
FBgn0024293	1067.63919165384	0.375375129006773	0.31235666867815	1.44050360748453	0.230057863200099	0.779813484379362
FBgn0024294	1339.34598008613	-0.26162718424963	0.638803916311067	0.167483415241662	0.682358129617819	0.930564167175738
FBgn0024314	2714.04599790315	-0.288779310131847	0.214040762463645	1.81814547474241	0.177534184630991	0.724809002815072
FBgn0024315	3029.69082242959	0.0643571661356764	0.215918671067721	0.0888432120899125	0.765652955029693	0.952993416349077
FBgn0024320	2332.68461786101	-0.0278033492280908	0.204034371102324	0.0186225867710306	0.891454008635513	0.978876446894751
FBgn0024321	276.962806547392	0.0578498813247433	0.225744039462541	0.0656874463942074	0.797722576715988	0.957909169986809
FBgn0024326	975.844906730067	-0.074060631407489	0.136538697241483	0.294597493044265	0.587289300176439	0.90865959686355
FBgn0024329	2115.53983136152	-0.191239083154178	0.3697665563809	0.267407417490119	0.605076224490715	0.914069664297095
FBgn0024330	246.154272961586	0.0320746680821765	0.251690081042345	0.0171861666249669	0.895699349073555	0.979375762856732
FBgn0024352	1810.1351290387	-0.0653564096673408	0.259233347006231	0.0635478697274863	0.800973796346603	0.958174580223308
FBgn0024360	220.761309844906	-0.0962223435904254	0.204534435268613	0.22106011286256	0.638233350075698	0.921177946778162
FBgn0024361	973.10781706949	0.493238986935565	0.208371713404351	5.57640241153507	0.0182040806539502	0.217311212806531
FBgn0024362	978.674413478413	-0.0708301297647469	0.18524773499634	0.146272050791069	0.702123684260655	0.93597164149004
FBgn0024364	378.518064161975	0.307605467240799	0.207048888781656	2.20819797490722	0.137278945232854	0.671923270667971
FBgn0024365	3300.38860399825	-0.160845884883172	0.274078057011175	0.344316878550615	0.55734797351374	0.908176933545198
FBgn0024371	348.464086400112	0.10111427447203	0.280115937140847	0.130808636629737	0.717595085811572	0.941287941384178
FBgn0024432	966.80218415549	-0.12768188737539	0.169601001624118	0.566188851626706	0.451777352163767	0.888270226363548
FBgn0024509	2658.36247409841	-0.124443277133275	0.286507990185052	0.188648121011013	0.664044164296212	0.927023786961361
FBgn0024542	232.66270421219	-0.220112238608535	0.314120951167388	0.489943195620199	0.48395264467046	0.889027677218827
FBgn0024555	1757.53956916169	-0.190165999799099	0.27638958436401	0.473283108496901	0.491480649865773	0.892965315521076
FBgn0024556	1540.9040255395	-0.0967163150499835	0.200442838102338	0.232811273061117	0.629447101618441	0.917738801452974
FBgn0024558	523.014859229042	-0.0302508774390968	0.189987649535702	0.0253682316443928	0.873452943482787	0.975386188335215
FBgn0024689	660.959531672894	-0.311848329981128	0.159073182032979	3.8444127102141	0.0499119985312575	0.413261512962254
FBgn0024698	455.488755985013	-0.0485829489074865	0.200570938632335	0.0601566325917418	0.806248547409489	0.959086727233997
FBgn0024728	584.947427488476	0.31485274089461	0.382448507819348	0.675994058537839	0.410969578168854	0.87822152781539
FBgn0024732	119.352454156579	-0.250857429032819	0.344647660830975	0.528830814669973	0.467098824403464	0.888270226363548
FBgn0024733	18028.2590179208	0.57017944265059	0.35065859261981	2.62685777614607	0.105069464421274	0.605211637420416
FBgn0024734	1276.36263424872	0.4806309597021	0.329217172322035	2.12082865040956	0.145307906773394	0.681835649650251
FBgn0024754	1318.92420530693	-0.130140225064968	0.149494168854839	0.757298116592921	0.384175394992894	0.868606408264805
FBgn0024804	574.370098849569	1.01872604242013	0.561755229724556	3.22195471652367	0.072656819221063	0.505052033692153
FBgn0024806	1508.59817635231	-0.161612114263777	0.226898111912571	0.50759073186974	0.476183673857013	0.889027677218827
FBgn0024807	2549.02745546864	0.335819928060434	0.156798007623576	4.5756262365141	0.0324298903790342	0.316172620354296
FBgn0024811	487.546124731609	1.17629134824881	0.729301815402464	2.53204535419769	0.111555530448336	0.617190703020285
FBgn0024814	2432.56535085784	0.223534864824666	0.34524792782137	0.418676412441542	0.517598228624343	0.900305384455461
FBgn0024833	1464.08877566308	-0.116844189545318	0.172506233429359	0.458748525558278	0.498209432875341	0.894839083967593
FBgn0024836	1514.92002808865	-0.528967776075061	0.557836931054473	0.894620190204478	0.344228343620451	0.847552993638526
FBgn0024841	1347.95210385358	0.0486503221883868	0.359111181480723	0.0183565903238758	0.892227241241143	0.978876446894751
FBgn0024846	604.815420181271	-0.0112899668193223	0.167701203199505	0.00459854088701661	0.945934859471555	0.985720685676657
FBgn0024887	285.420115971818	0.144718837495756	0.303071556536203	0.228575902728338	0.632581791467495	0.918845491159441
FBgn0024889	1205.79273262794	-0.18645810656485	0.182105061629496	1.04840185314434	0.30587544171463	0.832614936158673
FBgn0024909	179.767014358005	-0.242722055262133	0.354803390482603	0.466379633435437	0.494657438337283	0.893314949498528
FBgn0024920	295.59124831614	0.273994170766688	0.186077082404688	2.16600587899182	0.141092271575599	0.676983849511963
FBgn0024921	1585.35818310265	-0.0447970200754827	0.188092607073875	0.0568136862678017	0.811604822493376	0.96039638452444
FBgn0024945	534.66752884827	-0.033721756347031	0.155859952283468	0.0468014946025903	0.828725435662991	0.964901903583029
FBgn0024947	2813.31299361897	-0.0683700474344911	0.423420179566735	0.0260737673167029	0.871720295776351	0.97523127871465
FBgn0024956	259.768215973527	0.127629123479437	0.257536466225798	0.246538010255023	0.619523389622999	0.91550458350478
FBgn0024957	6111.02409170607	0.980488964211054	0.483134036506579	4.0420460410126	0.0443799846244145	0.384901332077997
FBgn0024958	2812.17585155907	-0.229501385071408	0.309795136518057	0.548321202505917	0.459004462319378	0.888270226363548
FBgn0024973	911.197666336886	-0.0833226819166182	0.150379920056206	0.3071802647205	0.579415664061426	0.90865959686355
FBgn0024975	60.5822036582768	-0.428649110983603	0.297703956598754	2.065133914449	0.150701689961836	0.690942172634626
FBgn0024980	135.8442503065	1.02188685978733	0.359113798147955	7.95414696386885	0.00479773165654843	0.0795268971235365
FBgn0024983	516.998061618816	-0.06261425498379	0.220405222444781	0.0809983097443592	0.775949063550932	0.953234312247045
FBgn0024985	864.630891441682	-0.153147749319415	0.30339266108239	0.254997543855183	0.613577929890744	0.91550458350478
FBgn0024986	323.750407408013	0.088481540430611	0.216295914264152	0.167535459416278	0.682311475676309	0.930564167175738
FBgn0024987	1417.94878046963	0.045872879446101	0.273187007678926	0.0282615773741384	0.866495326234823	0.973532984181478
FBgn0024989	1317.94826439098	0.153455701027369	0.238485582923182	0.413777165040628	0.520058564698713	0.900900502564648
FBgn0024991	278.924490225287	-0.0355365569470833	0.253981783069808	0.0200562793638994	0.887380015157216	0.977724198541247
FBgn0024992	848.375405319033	-0.10408955032911	0.300321488031457	0.12021327009117	0.728803295973433	0.943692519110568
FBgn0024993	84.9454624129806	-0.294961704787645	0.260275514706122	1.27966119714364	0.257962039449077	0.803836573577056
FBgn0024995	199.226140329019	-0.0482041416437457	0.247670693318665	0.0391573033620602	0.843137353147148	0.968366267016608
FBgn0024996	620.234484054293	0.0783807707537208	0.15530634342123	0.254996517819933	0.613578643454666	0.91550458350478
FBgn0024997	170.712722285474	0.372121132645957	0.497989490052107	0.557397344671983	0.455310796767655	0.888270226363548
FBgn0024998	256.072377346204	0.200896641709366	0.197993146598173	1.03047254034512	0.310047707380078	0.832614936158673
FBgn0025109	374.185126764929	0.131476384226059	0.207431535984432	0.402018483446263	0.526048664893924	0.90232385622236
FBgn0025111	361.43680454339	-0.252530561484194	0.355143913432289	0.504580693516289	0.47749429033401	0.889027677218827
FBgn0025185	152.934401530011	0.147082672190359	0.266813958328177	0.303960043554092	0.581410413928514	0.90865959686355
FBgn0025186	778.557324492198	-0.159778259766355	0.210300773319931	0.57805813254177	0.447074479140867	0.888270226363548
FBgn0025335	1191.80536881591	-0.137281557395083	0.188060619154545	0.532991681627408	0.465351802997596	0.888270226363548
FBgn0025336	382.99667419904	0.0718159153712278	0.255857829502995	0.0793119459192582	0.778232014414556	0.953947177529161
FBgn0025352	4031.9669225404	0.521200658313763	0.149280807680105	12.1286921834635	0.000496519283652111	0.0126446910903404
FBgn0025360	195.14694310042	-0.692371411300786	0.226301404943752	9.33788898983917	0.00224463945360133	0.0445035439899336
FBgn0025366	1597.18494643504	-0.100752639308923	0.245096923682653	0.168883555941775	0.681105938708566	0.930081887185516
FBgn0025373	936.563776750863	-0.0227579225702494	0.206663580146596	0.01212652664708	0.912313802722677	0.980376791913083
FBgn0025378	27.4163541147036	-1.59018636301361	0.560364475308051	7.90465964314726	0.00493076181420553	0.080776066835445
FBgn0025381	1871.61634603828	-0.227225167051444	0.219269832010786	1.07329102790398	0.300203262025571	0.832614936158673
FBgn0025387	120.793214944609	-0.837305587093927	0.437993530209158	3.60656605010132	0.0575518399672934	0.445850601328013
FBgn0025388	418.988509992086	-0.662639060053935	0.314175432874068	4.42027424685875	0.0355143279922917	0.336330998096656
FBgn0025393	96.0182056560839	-0.463511671505003	0.356284895047179	1.68069911746501	0.194831582152177	0.747574087456413
FBgn0025394	1457.71062337956	-0.143771020838265	0.181157976194961	0.630150117640127	0.427300255116959	0.882613848621547
FBgn0025454	5492.27030871443	0.0205977090008992	0.247458166721567	0.00692986939107243	0.933656066476216	0.98378812856611
FBgn0025455	1721.1340154525	-0.208680265868943	0.32960987414773	0.400586033229601	0.526786760044047	0.90232385622236
FBgn0025456	6635.00175562687	-0.346307956235709	0.521265350624041	0.440290737449857	0.506982162157031	0.895295388353976
FBgn0025457	795.351209192441	-0.114607864986184	0.157149772064052	0.531508188197293	0.465973475176975	0.888270226363548
FBgn0025463	1486.0931555211	-0.00172944592998678	0.168608734161783	0.000127158284371376	0.991002886744297	0.994416796552218
FBgn0025469	238.273295774984	0.0304149314156306	0.258426708307273	0.0157853508643839	0.900017083437458	0.979772897569974
FBgn0025519	423.944312693744	-0.204516524774088	0.141594561949208	2.08543819610029	0.148709544568498	0.68752505927826
FBgn0025525	997.096069054218	-0.302481537946466	0.370962785736023	0.66403597069241	0.415138699430327	0.879240330144271
FBgn0025549	329.996832353214	-0.167942282533668	0.250607284477185	0.448474821813306	0.503060128390687	0.895295388353976
FBgn0025571	1592.82288375145	-0.0639207715495931	0.145141300534142	0.194254337509889	0.659399107686171	0.925753143696909
FBgn0025574	2121.88103718792	-0.346078023018972	0.343134612675157	1.01481971785248	0.313750946086472	0.834346884635717
FBgn0025578	2021.79333269473	1.03249175751896	0.462663018070072	4.87852008025712	0.0271929243976789	0.283887374705706
FBgn0025582	3501.52590918048	-0.0590361033051994	0.17949451246713	0.108214380996941	0.742186267599416	0.948205941306244
FBgn0025592	530.049222150906	0.316347786124062	0.200410882586854	2.48903310265854	0.114642135700456	0.626432060095339
FBgn0025595	762.934633043245	0.209261530726177	0.256001493586853	0.668021968829564	0.41374208984638	0.878274443816363
FBgn0025608	1428.21365501089	-0.00144552922628887	0.139672990078222	0.000248399905430574	0.987425295298486	0.993061124148768
FBgn0025615	557.925570628134	0.229369966843784	0.236050337815965	0.942764680434735	0.331567849373209	0.841662811307778
FBgn0025620	2220.83094207128	0.437613659878089	0.337444303233547	1.67578629047989	0.195485297580088	0.747574087456413
FBgn0025621	1208.12960905661	-0.214582361190637	0.336872756869205	0.405615381579281	0.524203396114101	0.90223474301381
FBgn0025624	537.120394608771	0.20536850358916	0.181515850134815	1.27921458382075	0.258045121217516	0.803836573577056
FBgn0025625	275.915185593144	-0.375821896327533	0.429698948811009	0.765416813997021	0.381638642666863	0.866835446749274
FBgn0025626	599.214926742088	-0.126381233485259	0.197598401963476	0.4108018340998	0.521562806389434	0.90173657700483
FBgn0025628	2866.17620289165	-0.148340795247877	0.185418400409515	0.639984648993561	0.423716356042575	0.881464354540785
FBgn0025629	229.766672059275	0.00529911686535217	0.220181003576242	0.002488164866989	0.960216813222531	0.989090304481675
FBgn0025630	309.878504254977	-0.179752508010791	0.209236259608533	0.736434109534535	0.390805559869699	0.872100351870671
FBgn0025631	519.025058614096	-0.142943529265582	0.417302620906068	0.117530854149436	0.731728061397744	0.943692519110568
FBgn0025632	105.585775882942	-0.857539121075294	0.306507803480853	7.75394278196689	0.00535954059575902	0.0864521673066388
FBgn0025633	1353.94101486713	-0.176220859868868	0.304169401908624	0.335719969496978	0.5623102172018	0.90865959686355
FBgn0025634	342.770172474756	0.0872813595753617	0.183799211930378	0.226250258511847	0.634318252960589	0.919611276494636
FBgn0025635	231.586441786625	-0.157508987102513	0.219963754346919	0.512200820736773	0.474187686539517	0.889027677218827
FBgn0025637	2214.49277618792	0.0954134999899531	0.340540180460627	0.0784713736896094	0.779379745318869	0.954104815044529
FBgn0025638	2106.02076863269	0.0949862751553247	0.318925614138191	0.0886693413134196	0.765875677480287	0.952993416349077
FBgn0025639	2641.9735560578	0.268352990057874	0.515620295278369	0.270506577005875	0.602992158478401	0.913333002985688
FBgn0025641	980.35493244542	-0.386813936602727	0.317385734511836	1.48276296631482	0.223342730466504	0.774328509422647
FBgn0025643	8558.04257902972	-0.227292966199576	0.288942567948187	0.618189450480244	0.431720894197109	0.886003026821124
FBgn0025674	688.324374570499	0.0674856767814492	0.181636859853787	0.138043329569967	0.710234008000479	0.939099247610764
FBgn0025678	4559.2805446381	0.0982842580182237	0.135432493069025	0.526566036197309	0.468054157885518	0.888270226363548
FBgn0025680	100.86620212157	-0.0382342991018247	0.277014029957838	0.0190427933781834	0.890243872752392	0.978371846032575
FBgn0025681	2150.42849784431	-0.0890264034942965	0.330079671588168	0.0727782191956692	0.787333829660682	0.956178252090805
FBgn0025682	2087.21395414273	-0.0701706377588731	0.430793684245283	0.0265261710996612	0.870621917853368	0.974916578858414
FBgn0025692	802.146986344131	0.619290157330162	0.29940083770971	4.24605212361071	0.0393416856108156	0.357388098059372
FBgn0025697	983.422780945966	-1.11358496408652	0.84715035910354	1.68625508293363	0.194095368201153	0.747417570101594
FBgn0025700	1611.2824601369	0.310349262150977	0.260487416307169	1.41659832786243	0.233964114039503	0.780240739081296
FBgn0025702	661.469754175395	-0.159985233072237	0.358650625308072	0.19903358250285	0.655502043741296	0.924526506893163
FBgn0025712	194.291880496341	0.143355166485524	0.253673415751562	0.321575978413108	0.570662075437157	0.90865959686355
FBgn0025716	540.379319644893	-0.080788450978992	0.212262563085435	0.144790606740116	0.703564196322212	0.936451299634442
FBgn0025720	455.312390838042	-0.138673076231466	0.186815409151338	0.550396226837393	0.458155841259868	0.888270226363548
FBgn0025724	3599.91510640241	0.0114003699560252	0.263660367113541	0.00187487436846823	0.965462535109517	0.990689517101389
FBgn0025725	4349.88442976443	-0.142724766841382	0.377094889433457	0.143217080703295	0.70510351559535	0.936719877499735
FBgn0025726	775.893203199982	0.167629116461565	0.278759219565518	0.361396918699199	0.547731444372045	0.907978647188282
FBgn0025739	222.503851956543	-0.406689574909445	0.175838684394931	5.34858161725734	0.0207391351365727	0.236444451541098
FBgn0025740	1045.89551836402	0.228877562483172	0.324871986879013	0.49568070365001	0.481404156659106	0.889027677218827
FBgn0025741	2178.86066245874	0.195183936091109	0.258679163992406	0.5688035528635	0.450734744646626	0.888270226363548
FBgn0025742	1134.18020074818	-0.245637908767796	0.18306579955353	1.79977024422345	0.179740273713732	0.726518077095339
FBgn0025743	811.802010998052	-0.292795242787564	0.256607335505907	1.30157144449248	0.253926380609344	0.798651685120108
FBgn0025777	672.237534519412	-0.0531477339753894	0.181279317542023	0.0861293395617082	0.769156809004185	0.952993416349077
FBgn0025781	276.023068041083	-0.0505459897710665	0.197255276052621	0.0665547898060055	0.796420683156026	0.957909169986809
FBgn0025790	938.09333057761	-0.0513637864173033	0.20677138307969	0.0620360375134652	0.803306366806156	0.958402428540451
FBgn0025800	2404.71412972541	-0.05256392829559	0.236604581105415	0.0493704409826847	0.824162396384635	0.964052863213496
FBgn0025802	813.576146355581	-0.346564047607485	0.334467042115582	1.07245861727723	0.300390762065424	0.832614936158673
FBgn0025807	59.7676790753485	-0.156869245668947	0.308822921590505	0.25777559433125	0.611652486177057	0.91550458350478
FBgn0025809	378.016892712857	-0.103186211610059	0.18971270265285	0.296000908864613	0.586400421952398	0.90865959686355
FBgn0025814	693.593872890411	0.687855200178421	0.382518952143356	3.20538496247651	0.0733962343567726	0.508670174820094
FBgn0025815	942.275788871388	-0.245340568189799	0.253558696613201	0.936077116335909	0.333288753117538	0.84199398783608
FBgn0025820	217.826841112238	0.164252981911986	0.294017393326463	0.312518273547234	0.576138967762717	0.90865959686355
FBgn0025825	255.708222769367	-0.0682331072216939	0.212667050719483	0.103900929616145	0.74719765479802	0.948987319166172
FBgn0025830	353.621900022806	-0.290524711760063	0.266665267163248	1.18841000707792	0.275650511447407	0.813687003232881
FBgn0025832	197.171238312565	0.0135769496810638	0.365250545687637	0.00187848981614991	0.965429271503638	0.990689517101389
FBgn0025836	2036.45249046823	-0.214184118440709	0.306140545453621	0.48928216702447	0.48424768811934	0.889027677218827
FBgn0025837	802.680857246594	0.175276689728454	0.264741326302095	0.438203647282137	0.507990754996999	0.895295388353976
FBgn0025838	42.0147410945509	-0.651184281185228	0.813275871828772	0.630459908727779	0.42718666655141	0.882613848621547
FBgn0025839	535.691558725727	-0.0259121662623018	0.385700893243767	0.00462131652830067	0.945801343606372	0.985720685676657
FBgn0025864	3692.7963240942	-0.348854910807236	0.484953096274644	0.516301316848413	0.472423713663791	0.888270226363548
FBgn0025865	2649.60422074834	-0.267386302986657	0.242323100220327	1.21617134472648	0.270113337914771	0.810256083869186
FBgn0025866	1260.6028927955	0.0845404472842668	0.34826878339491	0.0589558945438995	0.80815386720962	0.95990427152039
FBgn0025878	180.852433900602	-0.149931669169094	0.29006352724122	0.267363742054286	0.605105703730649	0.914069664297095
FBgn0025879	348.752858675339	0.150300913261249	0.162941976425409	0.851016219951461	0.356265012976602	0.854885754708834
FBgn0025885	3504.36674824879	0.534349387213012	0.377401230468599	1.99358792952766	0.157966234854078	0.70092303997554
FBgn0025936	854.861140096429	0.290938647989485	0.383978024925398	0.572937044627551	0.449094167839177	0.888270226363548
FBgn0026015	952.399526060574	-0.116301649075713	0.299327510069249	0.151061277785686	0.697523219391577	0.934627732105678
FBgn0026056	285.596991101966	0.0903827786032059	0.251373245262129	0.129853912116566	0.718583555912679	0.941475819035315
FBgn0026059	3205.60333506719	-0.177702167472232	0.338656579547083	0.27526715455349	0.599820205448983	0.912217600937776
FBgn0026061	866.218003549137	0.269244420790665	0.408375680709417	0.434190703317171	0.509939765947898	0.895913536575615
FBgn0026063	366.763951489824	-0.117842817880258	0.314465021140751	0.140826153187319	0.707461081726598	0.937480752259592
FBgn0026064	300.677282487339	-0.384675749020493	0.528648704605341	0.529191018676357	0.466947170694656	0.888270226363548
FBgn0026076	633.71943220264	-0.0794192863756441	0.172166252683222	0.213434961238548	0.644088335547844	0.922213082123245
FBgn0026077	3269.81080426551	0.223630672771725	0.29127721037655	0.58883212269896	0.442871085283645	0.888270226363548
FBgn0026079	487.400173680137	0.0716906994775572	0.183131934266164	0.153601579985292	0.695117048163049	0.933894384001516
FBgn0026080	433.021403542661	-0.0657568588776091	0.19165210576312	0.118085668426708	0.731120082636427	0.943692519110568
FBgn0026083	2731.31758313585	-0.0833007021256968	0.449916722388497	0.0342795175084518	0.853113513836619	0.970777224241509
FBgn0026084	8756.42518959863	0.137933588585497	0.448557926287467	0.094516105206651	0.75851250650691	0.951679100282497
FBgn0026086	500.437490271353	-0.0219058401867808	0.25111673798509	0.00779122820283362	0.929663724276012	0.983620035102053
FBgn0026088	498.548638668643	0.329163879526384	0.472146475020173	0.484587346276697	0.486351752021305	0.890124110406707
FBgn0026089	172.905068257349	0.582493211536974	0.482324181983563	1.44622107466914	0.229135282261919	0.779813484379362
FBgn0026090	474.441525916225	0.156578763958581	0.186413429029537	0.705742501502087	0.40086083178966	0.875888394068263
FBgn0026143	333.1245574589	-0.0086966026631766	0.231887530348422	0.00192495024840866	0.965004637098428	0.990689517101389
FBgn0026144	704.906484822569	0.124636527395169	0.280413602771	0.197477632298728	0.656764578429368	0.925452063254062
FBgn0026147	691.471036998219	-0.0837097017290177	0.247991411283704	0.113883679452286	0.735765216053234	0.945903453527823
FBgn0026149	309.355997080314	0.0516560227345953	0.265362234372132	0.0387003239719519	0.844043544117172	0.968506546253511
FBgn0026150	1677.98529370522	0.0213314415445783	0.171709075195818	0.0154982993431503	0.900925602921229	0.979772897569974
FBgn0026160	3077.69619240928	-0.686161735216804	0.318761469278661	4.59218463281047	0.0321180516482199	0.314959283607515
FBgn0026179	2840.14014611923	-0.183351076142149	0.312121574996657	0.344976583049942	0.556970633025821	0.908176933545198
FBgn0026181	2009.74630303898	-0.224344596196629	0.388398086469586	0.333404745884707	0.563661094791696	0.90865959686355
FBgn0026189	2648.48826621632	-0.18915834685198	0.221723825514472	0.727608674140598	0.3936594101273	0.872919006760984
FBgn0026190	1333.54449313739	0.90653388080242	0.188176475983875	22.863862584427	1.7389061574333e-06	8.39871686613188e-05
FBgn0026192	801.716000893092	-0.248076112916197	0.179695561478775	1.90559492176619	0.167453403974284	0.712906994427498
FBgn0026196	1245.28693939464	0.178464482681205	0.133282017894243	1.79195668123936	0.180687942487027	0.72654447334996
FBgn0026199	593.012883426759	0.595655894088515	0.543946833015441	1.19013471092195	0.275302385184756	0.813115815548088
FBgn0026206	813.331240074099	-0.446630268985963	0.49814915610706	0.800682137889495	0.370889499744796	0.864188409640516
FBgn0026207	585.078218227954	-0.025442296908808	0.177496899488131	0.0207534351190191	0.885452675285248	0.977724198541247
FBgn0026238	541.451309390616	0.810787704254113	0.494829278010164	2.64966304072354	0.103571848209414	0.601666410276905
FBgn0026239	1869.13533268586	-0.402665282834436	0.309788845115078	1.68515038182375	0.194241491235235	0.747438412244008
FBgn0026250	4127.41477710129	0.0948114595463372	0.194366085160793	0.23787548603093	0.625744779043406	0.916152845817619
FBgn0026252	3486.58380042266	0.0104990305008899	0.3007669907465	0.00122351415846822	0.972096671789243	0.991444149622978
FBgn0026259	2815.03583195824	0.0412596605577442	0.130251189225299	0.100384282097096	0.751368966989307	0.949406787566545
FBgn0026261	246.532593376435	0.0378739097745832	0.365629001117365	0.0114086336249102	0.914938757613938	0.980404978288931
FBgn0026262	1007.54046203151	0.296420981620715	0.340662146687886	0.755474509635832	0.384748484435625	0.86877986396103
FBgn0026263	371.889885153221	0.111208143616124	0.371706590003998	0.0895652547041834	0.76473057337983	0.952964967183287
FBgn0026309	377.19213598231	-0.483180992909666	0.198421153385424	5.92816116199256	0.014900782745763	0.18859364186053
FBgn0026313	1548.47761621285	-0.240355536429461	0.300596489571162	0.638988468816748	0.424077324755089	0.881714569656874
FBgn0026315	1227.66001938391	0.359922981742148	0.245909467347441	2.13675105873311	0.143806167401055	0.680305051811271
FBgn0026316	912.947346351141	0.426870697696923	0.323198702197196	1.73729466453457	0.187481976008192	0.735739826904372
FBgn0026317	882.235770445111	0.184915848148807	0.228463021028619	0.655522705382481	0.418145060901546	0.880042449076863
FBgn0026319	292.747360016178	-0.179509066074329	0.367054155869333	0.238870661059948	0.625022975248198	0.916152845817619
FBgn0026320	364.400212952846	-0.126956744752021	0.290474787443132	0.190864839043272	0.662197792214618	0.927023786961361
FBgn0026323	1539.75800920267	0.0288913619166957	0.205678860142127	0.0198006833047231	0.88809517309765	0.977724198541247
FBgn0026324	243.719035112872	-0.201602685004228	0.330744777437789	0.370687891372754	0.542629546995213	0.907173673980027
FBgn0026326	434.330389884663	-0.00539478056602662	0.15329833580828	0.0016486545927421	0.96761189195558	0.991444149622978
FBgn0026361	128.379503382925	0.0446795208275431	0.445011677859715	0.0101515721474641	0.919744941421504	0.981030141858906
FBgn0026369	2032.58387840748	-0.357697065391881	0.234586988063193	2.32082295499561	0.127652474986329	0.653344336044524
FBgn0026371	226.399160857335	0.0421102186816025	0.304169705337011	0.0196598775228978	0.888491159478761	0.977724198541247
FBgn0026372	20033.2609210666	0.333675684286292	0.190381598649566	3.0649246528218	0.079998871193283	0.532029466495864
FBgn0026373	362.169546054845	-0.181368134978592	0.155717744906169	1.3541973652943	0.24454566598904	0.792429197916752
FBgn0026374	635.91653775974	0.320206226000676	0.227848178297028	1.97224935430246	0.160209307985924	0.703012504782371
FBgn0026375	1570.36560797852	-0.243899099195259	0.305598804916292	0.636545655767691	0.424964440335427	0.881714569656874
FBgn0026376	665.314369053811	-0.169238798821649	0.28281038354303	0.358598152658928	0.549285818211974	0.907978647188282
FBgn0026378	390.54812826018	0.0912790469076125	0.176557832550382	0.267649178115022	0.604913100531473	0.914069664297095
FBgn0026379	228.746642225658	0.516611140177995	0.577517255095512	0.794952814835042	0.372606692158409	0.86482559396012
FBgn0026380	3294.50790894081	-0.167831134492229	0.237770662826616	0.497841901794487	0.480449909688391	0.889027677218827
FBgn0026400	537.563192577745	0.0427584895132541	0.281429543447551	0.0233580906926818	0.878529548005453	0.977068203103071
FBgn0026401	989.639181556615	0.624896189585019	0.453813414234074	1.88093395070976	0.170228036113149	0.716066239457902
FBgn0026402	189.391732817522	-0.0313382292529376	0.277577672060858	0.014488081337511	0.904192870280227	0.979772897569974
FBgn0026403	1601.23129048426	0.653548720275663	0.559148123468965	1.35497467994983	0.244410315752024	0.792429197916752
FBgn0026404	866.339013415405	0.706810544359659	0.317007470322308	4.92270489741094	0.0265059872452342	0.279844619106719
FBgn0026409	11105.0814174441	-0.163524452883143	0.378790977319409	0.186273562895934	0.666036366691182	0.927023786961361
FBgn0026411	114.989268887571	0.127947482738892	0.366513858602571	0.123841436181614	0.724904919643967	0.942405474262163
FBgn0026415	14903.678162137	0.190882662244024	0.222004090731217	0.738761548698591	0.390057887241984	0.871480042855311
FBgn0026417	77.7050918303691	-0.371033779117059	0.339310979694864	1.18984780318401	0.2753602583353	0.813115815548088
FBgn0026418	4098.46020926179	-0.200551207782706	0.124995447880037	2.57297647668558	0.108703026714454	0.613526015116368
FBgn0026427	745.137005215341	-0.162782800266615	0.273920248526839	0.353688973035531	0.552032283707201	0.907978647188282
FBgn0026428	6847.38710050554	-0.569252811347067	0.327647208069773	2.9996457136904	0.0832827268073746	0.542564369061377
FBgn0026430	487.942627296393	-0.238720582200896	0.15753450331203	2.29703298412171	0.129621393146309	0.654185859032377
FBgn0026431	167.560602562081	0.0754160386172007	0.329203830547966	0.0535473035304079	0.817001810071737	0.961742180262238
FBgn0026432	194.42299386974	-0.332478984994912	0.229447442263572	2.10555664192972	0.146764926685019	0.684257552794704
FBgn0026433	290.325992735902	-0.325147363295964	0.266204573552802	1.49292235215152	0.221763593442881	0.772857593772937
FBgn0026439	721.377288990173	0.360598755531736	0.315292122081259	1.30576432407908	0.253162981884106	0.7982483163473
FBgn0026441	549.686205243764	-0.154569727267308	0.274486229224602	0.317192605138672	0.573299691110737	0.90865959686355
FBgn0026479	2081.5066291364	-0.229666806796976	0.326246036291102	0.495237341232851	0.481600301787838	0.889027677218827
FBgn0026533	1652.46989035497	0.129621720056054	0.230499656855916	0.316080880559085	0.57397246640055	0.90865959686355
FBgn0026562	4057.93670995744	-0.0958704059822146	0.294456213486256	0.105995035566252	0.744750630362434	0.948987319166172
FBgn0026565	425.039042020237	-0.560145128819067	0.294951501158938	3.58635014081914	0.0582560597108581	0.448747869670075
FBgn0026573	590.934799149297	0.0286073045732551	0.192134193777145	0.0223407581973731	0.881184159580411	0.977724198541247
FBgn0026575	2365.87248223283	-0.322308640299881	0.434434345319035	0.54947166510911	0.458533651853311	0.888270226363548
FBgn0026576	381.200559847357	0.291648662756107	0.283988118796298	1.05209021808808	0.30502618157035	0.832614936158673
FBgn0026577	1367.37596917569	-0.249118480935316	0.353350714560754	0.496773303658557	0.480921346014344	0.889027677218827
FBgn0026582	114.416636853495	-0.132139631323765	0.308290594099763	0.183562360489226	0.668329510775992	0.927910326872862
FBgn0026593	433.650100607923	-0.158858788095351	0.314402452077535	0.256148307265406	0.612778754576334	0.91550458350478
FBgn0026597	1024.93784178057	-0.0941246389446488	0.21643345929833	0.189511714074584	0.663323324676524	0.927023786961361
FBgn0026598	403.033908692902	-0.345396221046093	0.211576114388795	2.66281250512186	0.10271896089411	0.601010611119685
FBgn0026616	244.97296732356	-0.386469836764053	0.283978332278547	1.85859275090557	0.17278730487107	0.718507921888409
FBgn0026619	617.476976154721	0.0343039027357697	0.353518631102681	0.00948013227433364	0.922435767645317	0.982069934513057
FBgn0026620	2350.74897385783	0.300253134157144	0.317857976545014	0.89036404926992	0.345378673085123	0.84798757367388
FBgn0026630	598.140753874043	-0.153544154062422	0.18278822411511	0.704625963307024	0.40123365556393	0.875888394068263
FBgn0026634	398.120328226787	0.105853961526573	0.234936339987441	0.203723001074934	0.651732381447472	0.923176308859401
FBgn0026679	546.725741183298	-0.0966745447500401	0.23919195324515	0.164194971915038	0.685323311179292	0.931504874015863
FBgn0026702	188.274166845345	0.0456903097722207	0.249974814934738	0.0357581330906669	0.850015844254954	0.970325068611605
FBgn0026713	1617.62255733801	-0.0834733439486334	0.407128332065411	0.0420652023298373	0.83749553475125	0.96733266548234
FBgn0026718	547.60127123894	0.594210818360836	0.540164295375819	1.20101794028649	0.273118319724168	0.811179110366016
FBgn0026722	452.82330547306	0.0628368178485945	0.286529086883727	0.04857029910292	0.82556999988748	0.964052863213496
FBgn0026737	134.032405442639	0.501830569902632	0.475227487065715	1.10779487357816	0.292561796840208	0.827795960648082
FBgn0026738	232.393819449003	0.040931059522095	0.293698844826172	0.0205742243082554	0.885944921975493	0.977724198541247
FBgn0026741	92.6398115146146	0.169903501620914	0.257057542990906	0.438008920948633	0.508085033232102	0.895295388353976
FBgn0026749	419.812611707568	0.169812357114935	0.306249101367498	0.307195132545118	0.579406486007101	0.90865959686355
FBgn0026751	233.32335153289	-0.205288315126936	0.270210690663822	0.575522315469343	0.448072802029412	0.888270226363548
FBgn0026760	294.409413608383	-0.0813929128951079	0.377347243799239	0.0465440865451967	0.829189807504345	0.964901903583029
FBgn0026761	901.023733109446	-0.161822820989999	0.209970617176262	0.59391369975765	0.440909693345194	0.888270226363548
FBgn0026777	1656.57365058728	0.564616445279638	0.504393790382433	1.24489336271745	0.264530063367352	0.807816370835476
FBgn0026787	714.442408244491	0.067537444764859	0.161739706818923	0.174375468729977	0.67625210981427	0.930018495477913
FBgn0026869	1444.85144650295	-0.202539510039984	0.419200147743539	0.233339121913133	0.629058897568038	0.917738801452974
FBgn0026872	139.607911101041	0.600153036140411	0.249987940517156	5.7425447671983	0.0165587847092239	0.203153323644259
FBgn0026873	200.982221408325	0.037310900675499	0.272160211378641	0.0210928815705671	0.88452621259505	0.977724198541247
FBgn0026876	162.174697601363	-0.345184360192388	0.223340837992177	2.40213777462968	0.121169564959148	0.640205897968199
FBgn0026879	472.532269638228	1.35389577568677	0.664094746093724	4.01247122603235	0.0451649055270556	0.38969801442441
FBgn0027052	251.909965688507	0.902918786252403	0.599984811102422	2.22735510108107	0.135585771014464	0.66782302394792
FBgn0027053	721.440465998196	-0.261738498952167	0.223542899157087	1.36745684980626	0.242249313085241	0.790406091073906
FBgn0027054	914.145744615109	-0.0259238820621717	0.166156032235185	0.0244424575148798	0.875764368301332	0.976196791307201
FBgn0027055	982.839180587943	-0.0399340946932525	0.231365903249231	0.0297913232306826	0.862964569317476	0.972295782349386
FBgn0027057	752.038656416564	-0.121779632150808	0.21061045226449	0.334009272995971	0.563307765466889	0.90865959686355
FBgn0027066	2221.74757935527	0.363921335454331	0.409876385848348	0.786041830497254	0.375299678957821	0.865701388774403
FBgn0027079	1352.1132820771	-0.205694136708306	0.343731748935821	0.358007834738729	0.54961472009156	0.907978647188282
FBgn0027080	1655.7242473589	0.117532710135602	0.134050378016699	0.768509037868569	0.380678688933078	0.866725321739229
FBgn0027081	2617.4158150727	0.0283596414980073	0.147654083831957	0.0369292981731064	0.847609066308173	0.969949154854832
FBgn0027084	2201.26094388269	-0.0534424482230321	0.224223823985702	0.0568459179260401	0.811552394382013	0.96039638452444
FBgn0027085	257.890658011452	-0.0421350722662994	0.243443917424882	0.0307964730290777	0.860695225555884	0.971619842641148
FBgn0027086	1344.07652984584	0.089084708566254	0.214437373122071	0.172677457349508	0.677743147002321	0.930018495477913
FBgn0027087	1329.8731900097	0.0151742262023473	0.143506304396322	0.0112654253691886	0.915472299918054	0.980404978288931
FBgn0027088	1811.63072021637	-0.123117361033353	0.205665024750139	0.358532191535531	0.549322550892389	0.907978647188282
FBgn0027090	1148.26562726826	-0.0437250701131414	0.171092688219494	0.0655845049549271	0.79787769989382	0.957909169986809
FBgn0027091	608.107432571007	0.0379952284976188	0.168491948289012	0.0511924585252501	0.821001147555066	0.963913613307178
FBgn0027093	840.354473720814	0.143993836285447	0.16969736766261	0.719724025418131	0.396234448731969	0.874462790741458
FBgn0027094	2828.32504465977	-0.129696013670381	0.202466079904101	0.410348653478394	0.521792595665693	0.90173657700483
FBgn0027095	683.33746384949	0.588170292910874	0.417152883352872	1.97333543877147	0.160094268597184	0.703012504782371
FBgn0027101	668.879672292426	0.675914615804997	0.505847582135076	1.76882834096388	0.1835271475564	0.729851848760788
FBgn0027106	782.529354661483	0.271746743974324	0.23920600097412	1.2893219465801	0.25617294486476	0.802938387842822
FBgn0027108	5705.48878008772	-0.184542410177997	0.308133011663787	0.358481784017684	0.549350625116529	0.907978647188282
FBgn0027111	369.087381852309	0.379394022017573	0.460506023903157	0.67605045008807	0.410950064126832	0.87822152781539
FBgn0027259	72.1466082324344	-0.0677958412585121	0.292982894447496	0.0537837317423282	0.816605432880247	0.961742180262238
FBgn0027279	1925.6959413046	-0.172790720932747	0.419852440182316	0.169337227599925	0.680701507350821	0.930081887185516
FBgn0027280	1812.17470771669	-0.132508753164156	0.249677198170652	0.281628843324341	0.595635597248446	0.911189805440844
FBgn0027287	1928.35577015899	-0.0445606768027382	0.275158247658909	0.0262507155327114	0.871289532815897	0.974916578858414
FBgn0027291	2967.08786035183	-0.060880838360058	0.503335127564719	0.0146292798009995	0.903729403149004	0.979772897569974
FBgn0027296	124.886901314548	0.577567935922333	0.329931527413676	3.06109325367055	0.0801877005524137	0.532163252163636
FBgn0027329	2961.67987202589	-0.295630542125387	0.246310050871816	1.43866132622492	0.230356089832151	0.779813484379362
FBgn0027330	407.083793068	0.0457032538252678	0.23523819108002	0.0385526508269578	0.84433756728355	0.968711660812417
FBgn0027334	371.139612972733	-0.0645037292290836	0.183032709963781	0.124592985331581	0.724105446861427	0.942405474262163
FBgn0027335	2934.66654912059	-0.0195718302328607	0.226143772181587	0.0075052830574549	0.930963205079615	0.98378812856611
FBgn0027338	4982.89366515711	-0.126256878409803	0.174878825166586	0.521221475979232	0.470321099738484	0.888270226363548
FBgn0027339	2745.29877983745	-0.171988499623767	0.379361883299339	0.205445984524204	0.650360454568839	0.922694169316485
FBgn0027342	596.492756996799	-0.156325851957758	0.236743895572347	0.436978638939138	0.508584354167631	0.895295388353976
FBgn0027343	296.783809134409	0.0581977062895746	0.199698470225071	0.0852117880722147	0.770354992189976	0.952993416349077
FBgn0027348	1670.48505370964	0.761006031473297	0.619711331622467	1.49109339724221	0.222046890569146	0.773071216808487
FBgn0027356	836.197775344169	0.282091280440164	0.279797373704652	1.01475322662986	0.313766799725569	0.834346884635717
FBgn0027358	92.1663119869751	0.158588715790718	0.330462185142689	0.232036591967336	0.630017820921388	0.917938586515836
FBgn0027360	466.084742406147	0.0297250350655466	0.183592354018367	0.027063356206078	0.869330115092032	0.974568820313579
FBgn0027363	3701.40281444521	-0.268973769038305	0.251369442722929	1.14362269097832	0.284888134095939	0.823238447391109
FBgn0027375	237.223833199654	0.319028585077402	0.31917727482138	0.99637685457435	0.31818879406679	0.834794518653785
FBgn0027376	257.53977636873	-0.253671855859686	0.437834577114624	0.334635061051728	0.562942458737403	0.90865959686355
FBgn0027378	302.497372609837	-0.0144393084808981	0.296391685944269	0.00260212700587203	0.959316717075266	0.988607932593567
FBgn0027453	429.920473934487	-0.00648880774796477	0.163860562577796	0.00157981073121505	0.968294963844163	0.991444149622978
FBgn0027491	133.418763195164	-0.0870914571554101	0.266875391883504	0.108062570068689	0.742360745745233	0.948205941306244
FBgn0027492	2329.09881152882	-0.12673122755581	0.310792634479204	0.166255116541507	0.683461678318316	0.930663288011764
FBgn0027493	2762.44790026681	0.123737896075475	0.412133058770002	0.0901230375168041	0.76402079715407	0.952652080551405
FBgn0027495	885.907088792723	-0.0925038312756572	0.212032006636197	0.190679070560606	0.662352033006326	0.927023786961361
FBgn0027496	1040.20900858448	0.0493547852922573	0.177128018094937	0.0779061439360618	0.780155251378453	0.954139036571197
FBgn0027497	1279.46041495808	-0.0890488864222055	0.200088275743746	0.198286260950709	0.656107697210296	0.925000685682826
FBgn0027498	544.6330940153	-0.476832652412509	0.200135864932167	5.6664715040009	0.0172922044236964	0.210792524924398
FBgn0027499	570.639492325596	-0.266010681992872	0.150825949153102	3.11435359809109	0.0776052655452542	0.523010947588064
FBgn0027500	463.583086438033	-0.0757285015199679	0.206989103084439	0.134463625238979	0.713848161851062	0.939380397144481
FBgn0027503	499.115324210309	-0.111128761433912	0.238533384926068	0.218290316479099	0.640345710496257	0.921446243022313
FBgn0027504	798.602146415483	-0.210484713098843	0.1757750002647	1.43408052356587	0.231099647621653	0.779813484379362
FBgn0027505	955.952175586331	-0.227241438582834	0.161347778615255	1.9843813410655	0.158929601522632	0.703012504782371
FBgn0027506	948.115349869379	-0.208080883356742	0.203446451965288	1.04678285318126	0.306249189839656	0.832614936158673
FBgn0027507	498.790265606821	0.345837245681324	0.310794691007611	1.23476673165007	0.266482021143535	0.809658317313907
FBgn0027508	1278.57423210416	-0.12725609088335	0.440165107047279	0.0836101447081461	0.772463387360653	0.953234312247045
FBgn0027509	963.488143779359	-0.175386102202427	0.202144866743423	0.753613162488847	0.385334687701362	0.868990603813168
FBgn0027512	1112.0904446369	-0.340583396328095	0.282745815872238	1.44834227913503	0.228794134189827	0.779156488035392
FBgn0027513	144.328931158571	0.803472927948638	0.256574466208455	9.75855725908858	0.00178489930199762	0.0368557585601672
FBgn0027514	237.571752351344	0.210844462354983	0.172236946590912	1.50022846565949	0.220636212095025	0.771559114930207
FBgn0027515	653.35876706558	-0.0709347792004079	0.359559038752874	0.0389237296200662	0.843599839865503	0.968428773907383
FBgn0027518	332.734726141414	-0.141795806717064	0.214765517345173	0.439187670506314	0.507514792990698	0.895295388353976
FBgn0027521	199.548410330377	-0.171557980864743	0.227792881094516	0.566857002419582	0.451510569904399	0.888270226363548
FBgn0027524	380.448019634588	0.0783445172042351	0.257925472123171	0.092729045424079	0.760735991689134	0.951947965569036
FBgn0027525	1759.52103281438	0.0681465518272997	0.149121456509156	0.208819543070845	0.647694211386378	0.922694169316485
FBgn0027526	566.657823886856	0.0248183297944935	0.250690835791841	0.0102464952977783	0.919371872401155	0.980756691502832
FBgn0027529	2266.99081869571	-0.229087504870193	0.204511900583054	1.25422031326953	0.262747948504657	0.805873472107772
FBgn0027532	854.312899129224	-0.199844042806277	0.28545677074964	0.490475552781206	0.483715247920169	0.889027677218827
FBgn0027535	531.022044656968	-0.262773575098233	0.263062068355726	0.998152973098826	0.317757847424559	0.834794518653785
FBgn0027537	906.24497697201	-0.157345445363063	0.176632489674959	0.794422723034458	0.372766132656388	0.86482559396012
FBgn0027539	523.833373345216	-0.108455478905399	0.311566850474894	0.121111773309451	0.727831796013016	0.943653288647581
FBgn0027546	246.313508414337	0.142738917548015	0.341637443216847	0.174579884757478	0.676073186163888	0.930018495477913
FBgn0027547	1737.09684916111	0.2546032962642	0.233841735909207	1.18384161986529	0.276575303526705	0.814206915928817
FBgn0027548	1420.49981485491	-0.205058579807753	0.307909624825699	0.443381198169618	0.505494993575436	0.895295388353976
FBgn0027549	1550.88499689367	-0.00103422072466556	0.165229141354534	7.85734169710395e-05	0.992927512408419	0.995652405951599
FBgn0027550	119.219904221495	-0.521215828817845	0.30834029080961	2.86379463334335	0.0905935545959319	0.56271118464465
FBgn0027552	2163.2281585151	0.378803997201624	0.251920368402822	2.25478027046289	0.133202361303231	0.664766073310509
FBgn0027553	337.287579644481	-0.00251939345762803	0.181678965054946	0.00062166718052481	0.980108202209198	0.992134162437166
FBgn0027554	973.899600809056	0.0414353314327012	0.179055786883528	0.0535969770762676	0.816918454871495	0.961742180262238
FBgn0027556	6215.35155267499	0.135239097481378	0.411413735894523	0.108014438207661	0.742416092629631	0.948205941306244
FBgn0027558	614.215573349392	-0.00903776870922423	0.152789817427423	0.00391052716231854	0.950137421242313	0.986400183461692
FBgn0027560	3993.10679082249	0.0714449633784725	0.4095430550294	0.0304321645390075	0.861513259274054	0.971960837218786
FBgn0027561	2232.22705893963	-0.295828887686251	0.302384869642176	0.955693445622018	0.328274301386612	0.8415226533537
FBgn0027564	439.264296181777	0.0260397378335178	0.158456612451327	0.0275728731548313	0.868116960645769	0.97411611643373
FBgn0027565	389.098368631864	0.192282677816011	0.331567230344629	0.335917843517166	0.562195051242747	0.90865959686355
FBgn0027567	2315.79195855471	-0.00185379227404725	0.126231092083751	0.000239590909174581	0.987650257926761	0.993061124148768
FBgn0027568	2224.40862750512	-0.244807820726372	0.284480673155924	0.739998017094962	0.389661513310491	0.871480042855311
FBgn0027569	1426.7362515032	0.0575759214791029	0.266621615725363	0.0466362929255268	0.829023310308464	0.964901903583029
FBgn0027570	3286.61567574606	0.0200583098014036	0.525809943585824	0.00145511212740246	0.969571329507709	0.991444149622978
FBgn0027572	1663.33069202499	-0.0188812503890332	0.240370310966313	0.00618683600120562	0.937305891661634	0.984233019444306
FBgn0027574	206.216771207005	0.31284584347158	0.375283321537732	0.692992513247546	0.40514837736695	0.87822152781539
FBgn0027575	239.620967256363	-0.145723136020833	0.350875765758694	0.173330730629573	0.677168488777577	0.930018495477913
FBgn0027578	2728.08906898815	-0.0445618895021811	0.336418993606254	0.0175444983752016	0.894623902556273	0.979306833490564
FBgn0027579	2376.99006886824	-0.487180060605702	0.265617982374954	3.34883906207254	0.0672524285612302	0.484309691198439
FBgn0027580	15734.1368544558	0.316165891946836	0.404959804950975	0.608343074132875	0.435412354914247	0.888270226363548
FBgn0027581	1399.43755887037	0.276345429373508	0.175887069542043	2.46608962716817	0.116327007706125	0.62999679363914
FBgn0027582	1910.33138898112	-0.222689322454828	0.315848316623053	0.496820503747045	0.480900506607103	0.889027677218827
FBgn0027583	289.173954642624	0.0353046960379587	0.197727071000944	0.0319247061886117	0.858193009011521	0.971373856909766
FBgn0027585	2586.36798324682	-0.371769947325313	0.29612915788984	1.57233807240837	0.209867793567806	0.760057257869818
FBgn0027586	351.232379560082	0.848998539551354	0.207078546306	16.6477309709643	4.50041110791951e-05	0.00159584198105298
FBgn0027587	422.571948903751	-0.0302059029200052	0.165325445280693	0.0336260650915605	0.854504486773777	0.971310121918865
FBgn0027588	7144.38547841236	0.0817426780599005	0.252177342145899	0.10506996198383	0.74582828167727	0.948987319166172
FBgn0027590	4265.92436673226	0.106519114440911	0.146139743459258	0.531124234287631	0.466134591220092	0.888270226363548
FBgn0027592	758.126957717197	-0.292360481801449	0.196960354972559	2.20262470124747	0.137775968820756	0.672563713757829
FBgn0027594	3572.28017055486	-0.200190778240986	0.364282013211552	0.301826126907045	0.582739861669133	0.90865959686355
FBgn0027596	1923.8416730274	-0.0713108926836002	0.245970641763358	0.0841171095231488	0.771793671115767	0.953146024147509
FBgn0027597	362.937903114982	0.0635169844712472	0.253833484372508	0.0630448253357514	0.801746625185131	0.958174580223308
FBgn0027598	2620.85646000938	-0.0602167952318701	0.188872013567837	0.101708529157349	0.749788886551754	0.949227302638817
FBgn0027599	196.604915474735	0.446588645898568	0.369151634499109	1.45618729697992	0.227537737267416	0.779156488035392
FBgn0027600	1046.14258697597	0.164677622820406	0.187806895429592	0.768232980891213	0.380764249502701	0.866725321739229
FBgn0027601	6046.7820384252	0.0400932732120953	0.180302650378712	0.0494541027608761	0.824015912432923	0.964052863213496
FBgn0027602	303.403067109353	-0.0160425615499355	0.290825237401562	0.00339300063116355	0.953549917073003	0.987139218831908
FBgn0027603	1289.87080509587	-0.246099937151639	0.235581887935687	1.0911047210779	0.296226567983535	0.831066549939418
FBgn0027607	1460.21222058215	0.0117414640024657	0.328490357007285	0.00128566952098197	0.971396993568359	0.991444149622978
FBgn0027608	690.943347509735	-0.369050862122241	0.422065139077741	0.76227753938953	0.382616711044508	0.867649983706974
FBgn0027609	408.512122802888	-0.270809476890572	0.164895594141565	2.69562953444842	0.10062373837624	0.593016758284656
FBgn0027610	877.493276304849	0.241623904024622	0.3893523795194	0.384736250566803	0.535079311459661	0.906910394964332
FBgn0027611	8552.19463975974	-0.254923327534735	0.272737208650434	0.872582668430724	0.350241307784765	0.851467182456711
FBgn0027615	352.761939358501	-0.248344518137601	0.30073342375936	0.680007612617288	0.409584102756064	0.87822152781539
FBgn0027616	1502.36416722591	-0.116933472840292	0.16041123727371	0.531524082822699	0.465966807341519	0.888270226363548
FBgn0027617	156.41516794849	0.272163210526821	0.323115215211657	0.708539064579512	0.399929234062274	0.875888394068263
FBgn0027619	936.914620185695	0.483623508791569	0.415563858005089	1.34742687941764	0.245728457387426	0.792429197916752
FBgn0027620	199.495354111782	0.0374971812870528	0.232222608500468	0.0263895575057234	0.870952577887429	0.974916578858414
FBgn0027621	2484.70141511042	0.00150016393812281	0.383268121958862	1.64675909530843e-05	0.996762171027107	0.997195280934115
FBgn0027654	303.212961836362	0.524001494410411	0.403679049461518	1.67376994544578	0.195754341318751	0.747710395693263
FBgn0027655	1735.43479971029	0.641436649993912	0.490590264229562	1.69615412356252	0.192791702872264	0.743576205679301
FBgn0027660	1687.25879264269	-0.146655703423393	0.214815888345107	0.4664291502027	0.494634529523223	0.893314949498528
FBgn0027779	5782.61924190441	-0.0341795118044177	0.356927660603063	0.00917130059822568	0.923705700403482	0.982387080003906
FBgn0027780	233.495318794809	-0.0636525088715256	0.174412771379628	0.135423894423909	0.712873341149725	0.939284009468917
FBgn0027783	451.037882226995	-0.151637783759549	0.201767329967727	0.56578003817873	0.451940706640744	0.888270226363548
FBgn0027784	166.174887227045	-0.0292853705485268	0.276429157991105	0.0112718179944551	0.915448410423139	0.980404978288931
FBgn0027785	1059.19612231203	-0.00239694151898878	0.173362976590838	0.000376387774807085	0.984521439365111	0.992617756068896
FBgn0027786	1251.84675042485	0.0409560002511311	0.194171213351285	0.0445096152023581	0.832908324370915	0.965953429991528
FBgn0027790	588.792003145159	-0.157175188318429	0.380085961347181	0.170854102797392	0.679353852432021	0.930018495477913
FBgn0027791	353.496996784608	0.29132580767471	0.164076964366093	3.15002090328691	0.0759259903415605	0.516247591286792
FBgn0027794	597.310155711502	-0.185215751798534	0.303418073313118	0.372806504885162	0.541478442781547	0.907173673980027
FBgn0027795	181.016870829775	-0.436972686569913	0.380223146945564	1.31407302182195	0.251658534619339	0.797488056161736
FBgn0027835	16807.4711055174	0.134734307752752	0.425898609107095	0.100043915174467	0.7517769404891	0.949465415610521
FBgn0027836	994.108702921871	0.0622164699397723	0.162684756205125	0.146751922506084	0.701658864988261	0.935904995460154
FBgn0027841	311.080132610211	-0.304879006265223	0.217663189523839	1.96924109544321	0.160528438443285	0.703012504782371
FBgn0027843	1502.09827590101	-0.91212570513059	0.17845383983927	25.7702608260347	3.84568624627734e-07	2.09864592296849e-05
FBgn0027844	5805.10334092855	-0.272283986438144	0.353200247449024	0.593404607617941	0.441105589738867	0.888270226363548
FBgn0027865	503.774191118936	0.221156137141029	0.40880611399959	0.292226893058569	0.588797006307903	0.909437610919246
FBgn0027866	1101.9245442675	-0.107728494294461	0.234227265730053	0.211377979818735	0.645689494900765	0.922314497582819
FBgn0027868	1051.18794215368	-0.174076702230304	0.26887452556532	0.419289956042007	0.517291555162037	0.900305384455461
FBgn0027873	511.438881134533	0.000722536960320376	0.175442372540769	2.03386976096454e-05	0.996401676882076	0.997164080644813
FBgn0027889	463.640335543678	-0.265361133889786	0.201263682560699	1.73959456816252	0.187190205831996	0.735739826904372
FBgn0027903	164.231094827	-0.197997067836978	0.336970598733683	0.34465020650773	0.557157254526236	0.908176933545198
FBgn0027929	172.536544019762	-0.0756520646930511	0.300230097316087	0.0635977845878131	0.80089728963986	0.958174580223308
FBgn0027930	1394.37238909111	-0.0132723713524762	0.248497059387924	0.00286690067788697	0.957298914864447	0.987852795717391
FBgn0027932	10495.1835318786	-0.219691446190943	0.269455241277735	0.664077051198674	0.415124270129289	0.879240330144271
FBgn0027945	1328.34965531016	0.619854141652971	0.381867983692502	2.61409696687724	0.105917805048429	0.608014503843575
FBgn0027948	2139.64544417607	-0.181056675433885	0.265556406604866	0.464845730375728	0.495367979551247	0.893746779765711
FBgn0027949	289.73843218241	-0.154281081308554	0.185904795604404	0.687793480004004	0.406915915464557	0.87822152781539
FBgn0027950	279.728398970685	-0.280690820011865	0.24689870427772	1.28871088357543	0.256285654354161	0.802938387842822
FBgn0027951	1792.12093095027	-0.176612059464724	0.280053613010025	0.397703537910488	0.528277634903556	0.90232385622236
FBgn0028292	338.422339279301	-0.313763312123718	0.203509988095193	2.37519547553145	0.123276166225763	0.644531420728408
FBgn0028325	2047.56880345368	0.0360303781896537	0.347984608022032	0.0107214588304885	0.917530851198291	0.980404978288931
FBgn0028327	5757.25675266227	0.0940313892015413	0.260331665775097	0.130441279287908	0.71797494354798	0.941287941384178
FBgn0028331	7042.81416718869	-0.375414561009994	0.438100734594574	0.732281156180861	0.392144774863483	0.872919006760984
FBgn0028341	2758.63191087622	-0.082306990368824	0.377142948180268	0.0476329115928706	0.827234598911541	0.964780434421643
FBgn0028343	1390.70522606805	-0.214461649061224	0.143747057472452	2.22548959535362	0.135749619128012	0.667938992477642
FBgn0028360	889.14209571026	-0.210050406047486	0.140791391225428	2.22666240222418	0.135646585183139	0.66782302394792
FBgn0028371	6469.37410428414	-0.547623059329309	0.303057510818161	3.24676453203244	0.0715645932890199	0.501538077522671
FBgn0028372	222.948557770431	-0.295777686786942	0.379798571517947	0.603424483435461	0.437274405441215	0.888270226363548
FBgn0028374	60.933998632581	-0.295375759037416	0.326436616252833	0.820170922421696	0.36513019687869	0.862195609600593
FBgn0028375	407.745380559362	0.0414544901943295	0.159126269389797	0.0679704190787547	0.794315096294182	0.957307098335159
FBgn0028380	359.368258292706	0.34130288068163	0.263520268560024	1.67267328693619	0.19590085200608	0.747710395693263
FBgn0028381	1427.23705901569	0.23027765721113	0.135719197487041	2.87620231211852	0.0898978114125356	0.560468400969047
FBgn0028382	273.639183507978	0.0581579542309369	0.223332647025569	0.0691846137379883	0.792527701268237	0.95691559934858
FBgn0028387	239.01808005737	0.102939507469502	0.233936633662847	0.194408167941475	0.659272784662174	0.925753143696909
FBgn0028394	1273.45386557838	-0.132975412747295	0.319850503819656	0.17271777206048	0.677707646897361	0.930018495477913
FBgn0028396	1948.66161373532	0.640853824468169	0.633895071800896	1.01359355189419	0.314043471744154	0.834346884635717
FBgn0028397	184.043299200803	-0.122556897243063	0.389601571303702	0.0988498704858571	0.753214224228036	0.950354973832676
FBgn0028398	304.022315138683	0.287144292451579	0.307431261995257	0.870486472282039	0.350820667764032	0.851483008530474
FBgn0028399	3489.34917856317	-0.108162768043443	0.217175668895098	0.247961378948972	0.618514205202106	0.91550458350478
FBgn0028400	314.869767591493	-0.265606261979658	0.258774873190426	1.05109426958336	0.305255201318872	0.832614936158673
FBgn0028402	366.709695981788	-0.0517762193533311	0.177309752365056	0.0858017806732931	0.769583752331616	0.952993416349077
FBgn0028406	200.429057698225	0.166747190934853	0.331350721090703	0.253615809394788	0.614540504180778	0.91550458350478
FBgn0028407	70.7007001901006	-0.437430144545799	0.442889976047816	0.968514385566941	0.325050966494109	0.838831396674705
FBgn0028412	112.15766982581	-0.0702985355913288	0.832730389609009	0.00723157735043856	0.932230638686285	0.98378812856611
FBgn0028418	43.9632966061101	-0.318747673527059	0.340126520556199	0.878382710172964	0.348645024932536	0.85100574775865
FBgn0028421	713.206187961835	-0.247392449731675	0.249675291800101	0.981794583552656	0.321756153653413	0.837682377727164
FBgn0028424	1029.72536389617	0.203388863246559	0.437233735536788	0.216225159234497	0.641931333979833	0.921446243022313
FBgn0028425	492.172078399386	0.0355870617082674	0.197607006082317	0.032832894866516	0.856211775267186	0.971310121918865
FBgn0028426	238.488628700332	0.37723668840089	0.193010496983811	3.81518370708849	0.0507900352600242	0.417105024500929
FBgn0028427	1123.75690482851	0.234357359318465	0.159739248066681	2.14953129012267	0.142613421011099	0.678281375312552
FBgn0028429	494.028336305481	-0.0664702242631279	0.307862635153597	0.0468126335390764	0.828705370898399	0.964901903583029
FBgn0028430	107.458691045252	0.450463453489136	0.507748871089719	0.782773229501707	0.376294327324322	0.865701388774403
FBgn0028436	139.34724553603	-0.107843040338758	0.236163718569765	0.209477949125741	0.647176890120776	0.922694169316485
FBgn0028467	877.167121243634	-0.362221635838521	0.276476766232082	1.71409010053749	0.190455559662465	0.739301858384921
FBgn0028468	511.246654676078	-0.0421864553789431	0.17218265426305	0.0602881197198428	0.806041133772675	0.959086727233997
FBgn0028471	539.41120875606	-0.0890186577600194	0.161299671404145	0.30585653617694	0.580233980757225	0.90865959686355
FBgn0028473	9560.30527759495	-0.371014924104901	0.190227707839447	3.79399110225474	0.0514368627755723	0.418061310218481
FBgn0028474	852.823804995939	-0.113632531343896	0.198540938178679	0.328029408291755	0.566821754252097	0.90865959686355
FBgn0028475	1229.31786008308	-0.00436615618055446	0.192141754225072	0.000574915583854363	0.98087063782226	0.992134162437166
FBgn0028476	916.29541838687	-0.0587864913409928	0.396063847503782	0.0220524595993794	0.881947629046483	0.977724198541247
FBgn0028479	7045.37691831299	0.142430425533767	0.279318765657738	0.259937457852814	0.610163125337018	0.91550458350478
FBgn0028480	1225.19490271387	0.20073057313014	0.365451509386838	0.301459869744576	0.582968657785066	0.90865959686355
FBgn0028481	175.336185106756	-0.200892461611242	0.235411913957946	0.734606773191146	0.391394017352417	0.872486822766502
FBgn0028484	1185.13706639224	-0.400953015696174	0.246967876863727	2.62988946499607	0.104869013916697	0.605150531894337
FBgn0028487	626.221672850983	-0.240884274324295	0.182194203877887	1.7493250496298	0.185961605526882	0.734308600767077
FBgn0028490	6156.56433837541	-0.0433361603260623	0.289130526972374	0.0224694232875464	0.880845055752987	0.977724198541247
FBgn0028491	4058.41194955275	0.0752793076161532	0.294437574893102	0.0653663250618592	0.798206906098731	0.957999832735677
FBgn0028494	2087.69212172152	0.0590528876552099	0.160710429771885	0.13503412857628	0.71326853886786	0.939284009468917
FBgn0028497	745.328617538718	-0.121469938555725	0.156783452367875	0.600441083531109	0.438409782207822	0.888270226363548
FBgn0028499	230.199078168293	0.121750911396083	0.248751960826678	0.241740175632884	0.62295208376144	0.915740652777881
FBgn0028500	1186.71437094878	-0.169444872967435	0.291142040352346	0.338827941296017	0.560506538908206	0.90865959686355
FBgn0028504	127.058138372129	-0.0270231781888326	0.370837366707032	0.00531466702375383	0.941884291142785	0.98539396278863
FBgn0028506	392.961076281406	0.466452050120466	0.216823669235967	4.61094729264425	0.0317684795169912	0.312739816676089
FBgn0028507	343.747788658855	-0.116965768439077	0.192215537218511	0.369930323882393	0.54304225003803	0.907173673980027
FBgn0028509	1546.76536880287	-0.221553454859112	0.275035382708667	0.648688535559046	0.420581952856863	0.880461029497295
FBgn0028513	313.334537529787	-0.389899700303539	0.492686573124401	0.623409866235434	0.42978297363803	0.884618199964242
FBgn0028514	318.502171656134	-0.749619871765555	0.291011261439758	6.59318677608111	0.0102369762673449	0.142436338660209
FBgn0028515	1426.87933462469	0.114317511870516	0.218529043904388	0.273533189983723	0.60097146569823	0.912514388493636
FBgn0028516	399.518466834479	-0.236362679149674	0.248055922561898	0.908393228330368	0.340541102238937	0.845839535008944
FBgn0028518	1073.36709378353	-0.00406039013924585	0.177653351785042	0.000564001224248045	0.981053052026316	0.992134162437166
FBgn0028520	74.7153342125089	-1.18453576008792	0.61651528878595	3.58009823594863	0.0584756931727362	0.44952933110537
FBgn0028523	258.992125757903	0.250390360317449	0.385450403379155	0.421233671165623	0.516322107405587	0.899944696727505
FBgn0028526	396.343120429633	0.509669185298282	0.383429132768902	1.7596301738013	0.184670651123466	0.732288325666144
FBgn0028527	841.536135087872	-0.160116021776811	0.165748531713904	0.932454995823079	0.334225807444641	0.842987300649688
FBgn0028530	198.31143014932	0.306302727163387	0.284974253252694	1.15334290290802	0.282850454832215	0.820813267406745
FBgn0028531	229.582769182886	-0.845605653190826	0.390155056425036	4.62824723285902	0.031449676853602	0.310944805032554
FBgn0028533	17883.8159585216	0.704403563269652	0.143879990234829	23.7378976331755	1.10387320616399e-06	5.52199430035842e-05
FBgn0028537	25241.0523120538	-0.167945595112848	0.35933304440218	0.218322552869438	0.640321032007362	0.921446243022313
FBgn0028538	2414.8144651819	-0.265835098057405	0.445074781651844	0.356340573461551	0.550545645046386	0.907978647188282
FBgn0028539	3030.68796559581	-0.314163964529099	0.210628568112717	2.22152538796151	0.136098533449215	0.66838197445339
FBgn0028540	475.76125092856	0.0426938709761365	0.225569234719644	0.0364014989570478	0.848688737947942	0.969983775980133
FBgn0028541	1056.87625561315	-0.0736344201287498	0.155766527106783	0.223984378923831	0.636020648368532	0.920418556196489
FBgn0028542	1243.08076484152	0.439976238432367	0.201247978235791	4.76564366504677	0.0290332013665423	0.295633452230208
FBgn0028543	3223.50960688381	0.275432181825014	0.367417435804744	0.561182234130939	0.453784294323731	0.888270226363548
FBgn0028544	5237.22515943385	0.114802203361724	0.62947725316003	0.0332516206951539	0.855307850778602	0.971310121918865
FBgn0028546	1379.21118766083	0.0679471483124473	0.12668536791429	0.287676960711536	0.591713048651769	0.910126688985424
FBgn0028550	755.760643551251	0.198567521793768	0.430162250150525	0.213034311785108	0.644399465976841	0.922213082123245
FBgn0028552	339.296485820913	0.262235450975012	0.365293949172589	0.514245440657703	0.473306790080818	0.888666278784449
FBgn0028554	1043.38899739298	-0.15043988194922	0.17444550708241	0.742901802462058	0.388732910022946	0.870479982902435
FBgn0028560	156.644756178703	-0.116086924300601	0.490541367757146	0.0560785204465759	0.812804939710112	0.96039638452444
FBgn0028561	50.4266912251425	-0.607506030702562	0.736396571364615	0.670408379334262	0.412909263655137	0.87822152781539
FBgn0028563	1309.75561683418	0.705404577926227	0.210207909720851	11.1595459936693	0.000836003794497919	0.0197353255307879
FBgn0028567	234.368823353626	-0.687356551373343	0.633792453661909	1.1634345571926	0.280754380702786	0.818120601742792
FBgn0028572	925.175998298275	-0.511420328273321	0.224442748922646	5.17019382254375	0.0229776520674631	0.253417569520944
FBgn0028573	315.246719756741	0.277738454155951	1.5898224532933	0.0304734023701627	0.861420409752055	0.971960837218786
FBgn0028577	2410.59234429203	-0.218878753522887	0.175493105662351	1.55502026478757	0.212395841424412	0.764141764046326
FBgn0028579	637.825782426765	-0.312321744772082	0.283284138224722	1.21425750163257	0.270490570809119	0.810256083869186
FBgn0028582	5140.6224663632	-0.0450834343009974	0.241103422691363	0.034964929667936	0.851669166263833	0.970680322951
FBgn0028622	1715.68742237459	-0.252104238104121	0.165152934970383	2.32626243301824	0.127206981455365	0.652113344639129
FBgn0028646	2073.70121417191	0.137522061779359	0.458785789143945	0.0898189287488549	0.764407476511755	0.952733661546843
FBgn0028662	5286.73277527405	0.0319391299001562	0.223570945043308	0.0204086871286506	0.886401558289926	0.977724198541247
FBgn0028663	1897.32632571967	0.285977321360495	0.229838121451574	1.54506629291213	0.213865270158042	0.765446969661498
FBgn0028664	181.059581006805	0.482151000721179	0.473192077326082	1.03195259918301	0.309700499126736	0.832614936158673
FBgn0028667	43.8648005173208	-0.347290022189678	0.506583206854727	0.46633275996156	0.494679125881109	0.893314949498528
FBgn0028669	175.165877311658	-0.907812720178041	0.417131223465395	4.66263404314029	0.0308258669297985	0.306580574766895
FBgn0028670	5750.45120934057	0.011743515940593	0.381837586639628	0.000946045464417011	0.975462653672482	0.991444149622978
FBgn0028671	2277.31407756926	-0.368063310228605	0.225644669936135	2.65541018233027	0.103198133157968	0.601666410276905
FBgn0028684	4396.16083044043	0.0637135916809862	0.245280157338759	0.0674621008755736	0.795068444308239	0.957307098335159
FBgn0028685	5632.63940483534	-0.236800256963397	0.189373174653821	1.56169315395424	0.211417482099508	0.76320755582898
FBgn0028686	5998.97642209598	-0.133622276213635	0.229915920873057	0.337620129463588	0.561206160033844	0.90865959686355
FBgn0028687	6386.56954482484	0.0245072208114521	0.236305462432079	0.0107564441149606	0.917396888851551	0.980404978288931
FBgn0028688	4385.8771601827	-0.129936593690658	0.218876818838001	0.352241394090186	0.552847065404859	0.907978647188282
FBgn0028689	6467.4885150736	0.0287599953980435	0.282207281157045	0.0103858160962886	0.918827458201162	0.980450334458111
FBgn0028690	4240.34762002597	0.103348621678848	0.314581144460635	0.107892267028006	0.742556638798584	0.948205941306244
FBgn0028691	3944.2471963724	0.131969873694027	0.370512408230666	0.126801504053418	0.721771677010137	0.942405474262163
FBgn0028692	12004.8170214639	-0.156174842857664	0.200270681753516	0.607858885940146	0.435595118206163	0.888270226363548
FBgn0028693	2397.9630589621	0.0652740800082394	0.291376143486003	0.0501776036483363	0.822754517934041	0.964052863213496
FBgn0028694	5124.63938317342	0.0063828820321962	0.226441568023316	0.000796853212463589	0.977479835926664	0.992073109233015
FBgn0028695	10367.5171448863	-0.207774509761158	0.190761630094671	1.18537161265203	0.276265148827983	0.814206915928817
FBgn0028697	14844.565151544	0.548786042997043	0.325033995177002	2.83356999556119	0.0923129438896364	0.569856474884246
FBgn0028699	167.549924609453	0.459413856305747	0.57618089673012	0.63383314347125	0.425952767928423	0.881714569656874
FBgn0028700	324.881966346929	0.00997450496574556	0.17675678112505	0.00519936733293491	0.942517043126529	0.98539396278863
FBgn0028703	1403.99632493815	-0.321891560109003	0.235894276212908	1.85766058641634	0.172895045100036	0.71860037538116
FBgn0028708	253.88178585893	0.199401327156295	0.333419217317815	0.357346861939618	0.54998342536116	0.907978647188282
FBgn0028717	1056.36197333564	0.0257719090050092	0.246213476282227	0.0110175946046809	0.916403795228787	0.980404978288931
FBgn0028734	3057.54072067993	-0.391128558653922	0.387306960687567	1.01689363153849	0.313256983376735	0.833896638675349
FBgn0028737	10982.4723481383	-0.449196001102984	0.134757082772675	11.0681369172912	0.000878238823734471	0.0205019974296236
FBgn0028741	680.507556740647	-0.333695037498532	0.374001102271668	0.795210997661798	0.372529070727882	0.86482559396012
FBgn0028743	425.18546551249	0.173401033117003	0.201170893654083	0.74247073027442	0.388870562841012	0.870498072058443
FBgn0028744	577.933932782075	0.243679640456059	0.198488254186209	1.50704297087292	0.219590857824541	0.770878105081471
FBgn0028746	161.812063009029	0.905846175542665	0.592641979044716	2.29626987890271	0.129685107228455	0.654185859032377
FBgn0028833	1119.00867134961	0.0762938327152754	0.160466337235286	0.226222303796845	0.634339192032295	0.919611276494636
FBgn0028836	666.959042756369	0.14951939920781	0.392627674902369	0.144896374412312	0.703461071986377	0.936451299634442
FBgn0028837	802.607733827188	-0.0946198299053711	0.208670957706713	0.205707751536821	0.650152629738081	0.922694169316485
FBgn0028847	219.112323388785	-0.508899034104763	0.459874392713861	1.21542254172506	0.27026085427182	0.810256083869186
FBgn0028848	300.37177858836	-0.550353034958881	0.367399123890221	2.22772248545422	0.135553529591153	0.66782302394792
FBgn0028852	76.4482763073665	-0.563040400318186	0.473132132936353	1.40977347678108	0.235094001016345	0.781081606355019
FBgn0028855	1291.16855651505	-0.317725209530512	0.627570964056937	0.255692801495698	0.613094821444584	0.91550458350478
FBgn0028864	243.924203556772	0.778405123785855	0.261173660689015	8.80189619676688	0.00300917629513426	0.0558879113872119
FBgn0028870	293.445225269738	-0.349820260349684	0.522532619336218	0.446364374101549	0.504066530739601	0.895295388353976
FBgn0028872	82.8889642206676	0.442597083766548	0.507768197678214	0.756102461948046	0.384551006205827	0.86877986396103
FBgn0028886	1149.45172700797	-0.244918288744805	0.214674563151243	1.30194193365752	0.253858811561723	0.798651685120108
FBgn0028892	70.7082966842447	-0.642880944353778	0.569907135869097	1.2571689413303	0.262187652410472	0.805873472107772
FBgn0028894	358.649919219675	0.632030868090765	0.402418691102385	2.44585396064663	0.117835741699692	0.632975744749736
FBgn0028897	83.4224229407967	-0.0264961985515117	0.358451004883827	0.00847445632957999	0.926652903042556	0.983026071820471
FBgn0028902	113.364697937163	-0.658684241522831	0.602207134258395	1.18258055865469	0.276831270615294	0.814240619512538
FBgn0028903	84.940860456889	-0.549407123697107	0.625576175577312	0.763099009557919	0.382360432233759	0.867649983706974
FBgn0028916	486.710549845711	0.357555576219557	0.373069981603349	0.916458759903307	0.338406507427775	0.844975856087411
FBgn0028919	146.194935390811	-0.369049583233834	0.335541482356508	1.20284357035457	0.272754080052484	0.81102375989842
FBgn0028926	157.827274479326	0.47045231801919	0.481956883544324	0.947454282127921	0.3303681354705	0.841662811307778
FBgn0028932	193.847598187674	0.135616758134414	0.284952700909759	0.227715237925928	0.63322314447053	0.919420750886374
FBgn0028936	758.993813865537	0.580014806872534	0.189043169343118	9.3637082614646	0.00221323918651584	0.0440759765959221
FBgn0028938	77.7455980548833	-0.591721385376324	0.367217446911641	2.60950014942743	0.106225239719878	0.608534413727712
FBgn0028939	11002.8546944131	-0.428163150760281	0.492660934166407	0.752566419898301	0.385664901528773	0.868990603813168
FBgn0028940	3143.17942365183	0.357955529779914	0.420668698640694	0.722271520778492	0.395399818505256	0.873768097480454
FBgn0028949	56.3310116610242	2.43531683784136	0.796087743304484	8.58429081260527	0.0033907542129884	0.0610712383568738
FBgn0028950	371.531065424814	0.544774427749289	0.534531969408058	1.03292832598063	0.309471879128499	0.832614936158673
FBgn0028953	1748.38024487325	-0.321134710503003	0.309615658798805	1.07409656287045	0.300021959183626	0.832614936158673
FBgn0028955	251.408812377066	0.296696811653898	0.244747490758721	1.46712450231435	0.225799931015828	0.777158387408573
FBgn0028956	1024.0812018119	0.0099007103109445	0.272434061014069	0.00140028713281026	0.970149798725757	0.991444149622978
FBgn0028962	436.55283523351	-0.0975805642835603	0.241673540121986	0.16369269614448	0.685779248289143	0.931504874015863
FBgn0028965	636.759245583226	-0.130981919700761	0.156560112129682	0.699254233945396	0.403034395951305	0.876559751465851
FBgn0028968	2631.69734943947	0.00314629106370126	0.227556492126203	0.000210849591027795	0.988414596039718	0.993141590760138
FBgn0028969	2567.37532938473	0.0513952028184276	0.190423902028548	0.0728647846188863	0.787210430632781	0.956166564393394
FBgn0028970	623.899224403052	-0.191051125232624	0.282801385620123	0.456453483120271	0.499286123609763	0.895295388353976
FBgn0028978	875.662745145299	0.076710040227671	0.257705452515177	0.088685494756362	0.765854975466577	0.952993416349077
FBgn0028979	242.599890145312	-0.415449287017133	0.255151629547921	2.65893012431489	0.102969973507376	0.601666410276905
FBgn0028980	283.134183719977	0.441617726962598	0.44993923277034	0.958858158419176	0.327474731705752	0.8415226533537
FBgn0028982	3330.68068663465	-0.34525795449639	0.439210073322001	0.616596800596852	0.432314754657184	0.886355988811655
FBgn0028983	2702.24263912739	0.583992172192963	0.368403388489194	2.49616570222929	0.114123847754312	0.624411989926586
FBgn0028984	1757.9828174781	-0.678669218586252	0.270362053935392	6.24709012070062	0.0124397499737292	0.164118773593752
FBgn0028988	414.021367164773	0.0130719180177467	0.438999520952312	0.000920523848805033	0.97579578744428	0.991444149622978
FBgn0028990	1452.79859151549	0.125273928745578	0.169711204125476	0.544629777323209	0.460520304731227	0.888270226363548
FBgn0028991	486.834118768861	-0.61619743859429	0.645658952654643	0.905072507676181	0.341425216775466	0.846378930161783
FBgn0028992	641.704754586129	0.533733994057283	0.42879146431139	1.53963201508498	0.214672587284835	0.765972982598429
FBgn0028996	295.724634224263	-0.174999442131327	0.228987515988127	0.587018525907858	0.44357435765059	0.888270226363548
FBgn0028997	190.867257846923	-0.104731652554737	0.42950543913277	0.0594760950991429	0.80732591768258	0.959384475707636
FBgn0028999	378.362806268372	-0.151516431632737	0.250728780942647	0.367326009817404	0.544465441891576	0.907173673980027
FBgn0029002	1148.15556659831	0.180754520898684	0.417542412841323	0.187221166311417	0.665239550474153	0.927023786961361
FBgn0029003	947.185804655163	-0.0645750532801786	0.165569738514583	0.152164682714741	0.696475233949439	0.934505341731846
FBgn0029006	1645.67534747409	-0.181188686265859	0.337217773268308	0.28866621846602	0.591076519237315	0.90997183888477
FBgn0029067	319.623644416605	0.334216932807568	0.298986487813573	1.2455745377966	0.264399402892204	0.807791868796322
FBgn0029079	373.232932941138	-0.171035636415613	0.23409455390565	0.532903217317838	0.4653888376179	0.888270226363548
FBgn0029084	65.2497834453321	-0.444951874381351	0.669461073109547	0.437655155282229	0.508256388701697	0.895295388353976
FBgn0029088	666.028489288075	0.0338834421766004	0.298699798977022	0.0130357840185695	0.909099578339172	0.979772897569974
FBgn0029091	610.562628104285	0.445370440457176	0.340111737704616	1.70947905169017	0.191052974828676	0.740253204453755
FBgn0029092	5127.91244808295	-0.277173670164291	0.285560736238925	0.940698490394055	0.332098272524583	0.841662811307778
FBgn0029093	25332.1174177386	-0.108341799883868	0.222213723083588	0.237655884555025	0.625904308388797	0.916152845817619
FBgn0029094	423.440445489698	-0.0356638153223792	0.191071295607009	0.0349059908357106	0.851792787265646	0.970680322951
FBgn0029095	1127.21914817329	-0.19187909622954	0.271010532728613	0.501330826415511	0.47891595157385	0.889027677218827
FBgn0029113	1908.29391885426	0.00288557282873844	0.186775905291866	0.000290873303796957	0.986392731962392	0.99300964535361
FBgn0029114	787.891148006355	-0.404813597160484	0.356110460023752	1.28985764364216	0.256074186776083	0.802938387842822
FBgn0029118	1815.4836040858	0.0261959288910768	0.171155523474695	0.0235553480895589	0.878021719423756	0.977068203103071
FBgn0029121	215.974697780822	0.14655344188983	0.207623593304346	0.498397374461476	0.480205149574713	0.889027677218827
FBgn0029123	763.920256021491	-0.982711557554686	0.531481024092298	3.35767484564077	0.0668924539423806	0.482544363031559
FBgn0029131	353.348855480577	0.150478683235882	0.20291325388635	0.550727297643711	0.4580206729233	0.888270226363548
FBgn0029133	987.781244053302	0.172571845666347	0.213306336796788	0.653919026952721	0.418715000144764	0.880143567087002
FBgn0029134	3941.70112860882	0.0662338497818258	0.31007356379009	0.0456183374540586	0.830871089860185	0.964901903583029
FBgn0029147	542.051894972843	0.728491092789122	0.30732991647206	5.56611180645558	0.0183113787373194	0.218012351534572
FBgn0029152	684.115255588718	0.124700724925721	0.216916581164	0.330419989032137	0.565411887914745	0.90865959686355
FBgn0029153	181.560690833992	-0.441576069962134	0.412843535729095	1.13672607587272	0.286345188549819	0.823270339441738
FBgn0029155	2065.93112267835	0.23096309162159	0.44733213532031	0.266323677115778	0.605808610797648	0.914069664297095
FBgn0029157	1962.49121934905	-0.32018649322211	0.292340908968616	1.19780280616462	0.27376126917405	0.811687587079642
FBgn0029158	289.014789577377	0.0053693643256011	0.250659217684303	0.0018268082502999	0.965907854682168	0.990959031711222
FBgn0029161	1307.38815030624	0.15613090834796	0.156033811470736	1.00078127276858	0.317121536544129	0.834794518653785
FBgn0029167	4559.20403008149	0.364911305704951	0.564427372767322	0.416905614693434	0.5184851347198	0.900305384455461
FBgn0029174	1417.78609449636	0.143291263878119	0.29480928905056	0.236064283636253	0.627063260563388	0.916175181115215
FBgn0029175	225.277522455259	0.0278742507950931	0.20726274690191	0.0183856091327641	0.892142609578796	0.978876446894751
FBgn0029501	198.373740603426	-0.746981252443477	0.440339735817251	2.84259855044988	0.0917956536769908	0.568916425886011
FBgn0029502	287.792717265965	0.180078832262086	0.254920994203897	0.499353531422877	0.479784312656149	0.889027677218827
FBgn0029503	230.594644071344	0.0957384691923994	0.296989333142639	0.104572449873473	0.74641002022074	0.948987319166172
FBgn0029504	824.750524293558	-0.243235126356187	0.423419619823923	0.329753347256968	0.565804362247144	0.90865959686355
FBgn0029506	3321.30224028004	0.318110053898153	0.31604257628335	1.0109063530921	0.314685802754098	0.834611203004557
FBgn0029507	2134.86146607123	0.226355853907745	0.336915170540484	0.45101209835471	0.501854716473667	0.895295388353976
FBgn0029508	704.23866392783	0.593716084489847	0.191883295904409	9.51014463445826	0.00204339056228768	0.0411814251450017
FBgn0029512	755.772286642761	0.116076334157784	0.30230080205302	0.147380461185136	0.701051358518975	0.935625792757418
FBgn0029524	84.1794055480666	-0.139357401377693	0.446488484910533	0.0975710166116244	0.754764212762317	0.950744853750032
FBgn0029525	375.473618560114	0.188872681019694	0.285851374883916	0.437727869426723	0.50822115961386	0.895295388353976
FBgn0029594	161.674505788697	0.431885672768839	0.436615796253707	0.973475340751179	0.32381496571979	0.838109323039457
FBgn0029603	67.5468581579586	-0.164181196500144	0.543835562839221	0.091538715914858	0.762230035652099	0.952556923338905
FBgn0029629	2419.34169325966	0.0264673276929422	0.125600661279536	0.044528425666357	0.832873541166073	0.965953429991528
FBgn0029639	112.596866111762	0.66384520627829	0.706789715589026	0.875040755251518	0.349563583967358	0.851467182456711
FBgn0029648	318.498919462844	0.277291392388688	0.247040095715663	1.25791480080515	0.262046159684606	0.805873472107772
FBgn0029659	101.308902843347	-0.162075090406246	0.657710640773917	0.0606748482921446	0.805432477227084	0.959086727233997
FBgn0029662	472.137160140303	-0.122597926663373	0.24749253640938	0.245399753223694	0.620333043135591	0.915541451893316
FBgn0029664	240.280948785298	0.26100978273296	0.235990265028882	1.22258771849572	0.268853408437698	0.810256083869186
FBgn0029666	445.220856626244	0.0714926849326682	0.217613163519484	0.108340039812248	0.742041948962019	0.948205941306244
FBgn0029672	223.586086528598	0.403161865189878	0.306910154811884	1.7194807849921	0.189759893047609	0.738375700669764
FBgn0029676	1578.64722264791	-0.271482654886	0.221350934264487	1.5011750685002	0.220490646936078	0.771559114930207
FBgn0029685	1057.37681284344	-0.0940836107507918	0.264941708696798	0.126233703910174	0.722369479106286	0.942405474262163
FBgn0029686	198.05061304983	0.0286394484977436	0.191037735530062	0.022931202727861	0.879636114692926	0.977192585311216
FBgn0029687	2888.16355182219	0.265665721842016	0.210838795735984	1.58524733593633	0.208006473269357	0.757607134477482
FBgn0029688	3319.16629762987	0.109882188356149	0.463921055102543	0.0560949630675225	0.812778007504263	0.96039638452444
FBgn0029690	301.252405095985	0.0973736694616282	0.374339503695848	0.0677554569271592	0.794633310548715	0.957307098335159
FBgn0029693	486.746954302179	-0.193679872660387	0.1626797219862	1.42066989222203	0.233293173581873	0.780240739081296
FBgn0029700	39.4980672865619	-0.576548446500076	0.799592755128487	0.512844522346008	0.473910070044653	0.889004515324835
FBgn0029702	161.483581081876	-0.622642411603637	0.399319493017467	2.41355130076153	0.120289205028699	0.638201060013374
FBgn0029703	168.504942816117	-0.661759166544499	0.445868499842448	2.18021627204617	0.139794816127439	0.674417700766359
FBgn0029706	1274.73888097603	-0.0490050728954799	0.340429387372532	0.0207464209762804	0.885471900472558	0.977724198541247
FBgn0029708	208.272486735271	-0.264379332586264	0.266614210836196	0.98509032903435	0.320945308845785	0.836537052932144
FBgn0029709	1861.11799632783	-0.259475915478895	0.194834957618519	1.77048628857814	0.183321908448981	0.729851848760788
FBgn0029711	321.404478568866	0.222199227378069	0.163769434594365	1.83997479576477	0.174953901367069	0.721800253941284
FBgn0029713	172.361935237868	0.108444110604355	0.204810668145265	0.281072676403369	0.595999007101108	0.911189805440844
FBgn0029714	157.366722819662	-0.0222660965418274	0.352227585248145	0.00427193263324455	0.947887352850148	0.986018729218053
FBgn0029715	772.279561245908	0.557914659719645	0.503343694043138	1.22043653912073	0.269274998056304	0.810256083869186
FBgn0029718	230.452296331758	0.747975922918526	0.469448834499308	2.50840952553736	0.113240167399842	0.621916628241066
FBgn0029720	76.2310714728469	-0.33438210729341	0.410458936564642	0.66734201179181	0.413979840340632	0.878557216722898
FBgn0029722	108.747870674353	-0.642070562886692	0.428420651424039	2.2224123993808	0.136020375009029	0.66838197445339
FBgn0029725	128.045624562702	-0.708653642003574	0.638674207220303	1.21508284963795	0.270327807794554	0.810256083869186
FBgn0029730	69.6364126264164	-0.205191905153904	0.837119043089049	0.0599265918855565	0.806612002639202	0.95909175165264
FBgn0029736	936.518338316516	-0.363437941946002	0.254772537778255	2.03164643433578	0.154053640269318	0.694936377535226
FBgn0029737	1036.69203920901	-0.256670257663412	0.183034678885196	1.96566327548878	0.160908934186353	0.703577164538718
FBgn0029747	119.88361806926	-0.147641231173895	0.568827587436413	0.0674420223976568	0.795098263523573	0.957307098335159
FBgn0029750	369.712904148998	-0.628253601635745	0.286931881548184	4.75260516704488	0.0292539736548711	0.296562599029598
FBgn0029753	259.139927200591	-0.635502039389387	0.426415159125746	2.20168759162009	0.13785973800557	0.672563713757829
FBgn0029755	267.769705128775	0.195511887742048	0.189037346282398	1.0728130074197	0.300310917447206	0.832614936158673
FBgn0029756	201.811103804842	-0.0449986779894772	0.211120999560919	0.0459467889091769	0.830272553735512	0.964901903583029
FBgn0029762	584.484160060115	0.3908202482313	0.355175865004039	1.2077540055017	0.271777391956389	0.81102375989842
FBgn0029763	1328.34686328345	-0.182326639000261	0.260516505336471	0.489879561824253	0.483981034071485	0.889027677218827
FBgn0029766	9940.80323706015	1.21501213743244	0.476053609175243	6.33062219375314	0.0118670677139367	0.159314436210741
FBgn0029771	347.736773237997	1.09080940373888	0.396616988280625	7.40240329772024	0.00651367975422135	0.1015602312699
FBgn0029778	374.884736427695	-0.103858873728461	0.192691970177727	0.290511536378411	0.589892912109972	0.909715678860279
FBgn0029783	236.779279940672	-0.103830468719453	0.262759129768633	0.156222481290406	0.692658471490702	0.933766729933889
FBgn0029785	14380.5789462201	0.30440012446712	0.268260516746288	1.28515305946495	0.256943105168519	0.803193691167596
FBgn0029789	487.780108342585	-0.142039533035104	0.34439995470646	0.170349615445843	0.679801280143319	0.930081887185516
FBgn0029791	928.503603560023	-0.432837169356303	0.436732281121412	0.979232282283945	0.322388416816697	0.838094865409671
FBgn0029795	1613.34816528437	0.198341829967273	0.245797932652345	0.651020686829085	0.419747993627728	0.880143567087002
FBgn0029798	255.728301141589	-0.811260697728121	0.406013861090654	3.9559646394404	0.0467055417003563	0.397280741345945
FBgn0029799	208.106589818469	1.04137671218603	0.547737499413082	3.54540489743313	0.0597105923618824	0.454124722361321
FBgn0029800	89.2203750158714	0.323325172045	0.449341303292485	0.516608054858295	0.472292186684197	0.888270226363548
FBgn0029801	857.180021577544	0.0330628617738584	0.170558285750194	0.0376072421974811	0.846233928610169	0.969419880902724
FBgn0029804	153.616716824397	-0.570631175905258	0.759520947717354	0.55990205580558	0.45429970845864	0.888270226363548
FBgn0029810	266.303108117746	-0.67363007971253	0.234505579167328	8.22671782973372	0.0041278114383947	0.0707961782209573
FBgn0029812	40.205021064921	-0.920478320059318	0.614549000486397	2.21066913484335	0.137059210800292	0.671238699047585
FBgn0029814	165.453352759033	-0.183022183508922	0.260492671158697	0.496236433261942	0.481158485092691	0.889027677218827
FBgn0029817	79.5118333595026	-0.781936422814602	0.517220538927519	2.24913784721561	0.133688868357038	0.666382710363314
FBgn0029818	912.371059082167	-0.0751975126692776	0.152984081538605	0.24210322621542	0.622691163865696	0.915541451893316
FBgn0029819	836.70144990224	-0.0897137150946554	0.121657823540786	0.543937798209242	0.460805341353011	0.888270226363548
FBgn0029820	2025.61349235243	-0.546317265174771	0.269075384931124	4.09824057138346	0.0429278637623884	0.376975723154768
FBgn0029821	362.977206332569	0.312558847770315	0.205679339246565	2.30506153090162	0.128953174044909	0.653999148711491
FBgn0029822	330.517796978353	0.159269219609016	0.240965270860964	0.43860740760433	0.507795367324975	0.895295388353976
FBgn0029823	6827.38714096917	-0.298450920043677	0.429023022765698	0.483048154974966	0.487044862189156	0.89023746654946
FBgn0029824	216.421801433928	-0.928259730384038	0.615103198945837	2.23831370106407	0.134627729320519	0.666548062109055
FBgn0029826	584.889710669817	0.127614047618417	0.258627671413105	0.243409002203904	0.621754723126742	0.915541451893316
FBgn0029827	150.092710384618	0.35708235995262	0.603767181437843	0.349477646546717	0.554408970708395	0.908003182797042
FBgn0029828	254.965579640146	0.241334868090295	0.488738962221629	0.243333276011214	0.621808944970444	0.915541451893316
FBgn0029830	326.12525781426	-0.391263798136702	0.391859554848957	0.993985876698758	0.318770138842448	0.835501112348841
FBgn0029831	1959.99665702845	-0.37741882739849	0.495950028040792	0.577526420033934	0.447283521883648	0.888270226363548
FBgn0029833	488.083602422438	0.625751250338562	0.26355280771202	5.59416730932706	0.0180203748007529	0.216347471179325
FBgn0029838	506.812516919025	-0.123033527619181	0.253993397756379	0.234483989482158	0.628218767335882	0.917066270747048
FBgn0029840	1243.91377672012	-0.277495403837932	0.475034944957809	0.340907425723046	0.55930590635205	0.90865959686355
FBgn0029843	416.248409423419	-0.229752621861254	0.296581359331706	0.60041727507361	0.438418861017054	0.888270226363548
FBgn0029848	203.351851029779	-0.873269830470167	0.216378603439217	16.232230997333	5.6032656746763e-05	0.00192203447877468
FBgn0029849	447.83076610115	0.504455032004286	0.248180864245204	4.11655702074235	0.0424654187175914	0.373785393086065
FBgn0029851	50.5952299884668	0.853203026818709	0.486833403865462	3.04968152971349	0.0807529763669792	0.533528312412023
FBgn0029853	194.129745668753	0.0256880644391061	0.242709917634742	0.0123861476863922	0.911383949693327	0.980323910562232
FBgn0029854	524.017930203755	0.183221374189492	0.217618832228341	0.708288772979614	0.400012483761344	0.875888394068263
FBgn0029856	125.650274125305	0.236613936447379	0.600422905607096	0.15505230621423	0.69375320536612	0.933894384001516
FBgn0029857	348.218049506869	-0.0200374328620943	0.240367496447273	0.00697793831261606	0.933426900186163	0.98378812856611
FBgn0029859	220.9214530303	-0.595957800685524	0.539483938737187	1.20895425383263	0.271539328175589	0.81102375989842
FBgn0029861	436.69828227218	-0.257522359800845	0.345673887994631	0.555447737352537	0.456100255587259	0.888270226363548
FBgn0029866	683.724441931291	-0.0942592943719564	0.205205314630596	0.21113484934034	0.645879371214317	0.922314497582819
FBgn0029867	842.081385349427	-0.0164168962296836	0.152546912484327	0.0118146000588837	0.913444418603072	0.980404978288931
FBgn0029868	1166.32514685905	-0.079813291732278	0.170018565939052	0.220282221981734	0.638824963487549	0.921446243022313
FBgn0029870	3240.64113455663	-0.301595349970414	0.32043767720777	0.884476557238145	0.346978510889432	0.849760151136338
FBgn0029873	425.738696244435	0.271892936898381	0.215648129653779	1.58739214886567	0.207699119009495	0.757607134477482
FBgn0029874	221.120667184836	0.0635157002145509	0.200215439179024	0.101461353581541	0.750082950747527	0.949227302638817
FBgn0029878	1019.18862639833	-0.203163023969127	0.269195177573092	0.569467050233669	0.450470774157894	0.888270226363548
FBgn0029881	665.368610485097	-0.126847285221348	0.350335194057858	0.131199104164679	0.717191992180824	0.941287941384178
FBgn0029882	724.249410607239	-0.121565835058391	0.263411112802653	0.212797555748253	0.644583489337451	0.922213082123245
FBgn0029885	278.849694309935	0.313305433990178	0.442610324419979	0.499478354035745	0.4797294185976	0.889027677218827
FBgn0029887	776.229389239252	0.429392635260495	0.207160333836703	4.27940134318355	0.0385769331762613	0.354317537063716
FBgn0029888	692.387528322044	-0.162669165138212	0.280916618204634	0.335235881521825	0.562592155657075	0.90865959686355
FBgn0029891	2937.97319609548	-0.219598869891892	0.21078526831629	1.08474056092453	0.29763947552441	0.832400050684574
FBgn0029893	1305.62265396761	-0.090313188923122	0.266263529313177	0.115144280012032	0.734361776571225	0.94541792799115
FBgn0029894	221.250242066927	-0.574298168469153	0.239696676910206	5.72392826528295	0.0167352478410394	0.205018983755241
FBgn0029895	307.613773392987	0.0929343919575243	0.224346139289616	0.171815306155182	0.678503501294648	0.930018495477913
FBgn0029896	4916.74232298436	-0.269721459262471	0.292208385370073	0.850853842541795	0.356310902049105	0.854885754708834
FBgn0029897	18485.6993416557	0.122996916934993	0.155512924749056	0.62532130066559	0.429076703367791	0.884165712876296
FBgn0029898	1103.299982194	-0.272807033661351	0.378823541928593	0.517967732289691	0.471709879305677	0.888270226363548
FBgn0029903	3080.58754702006	-0.363111955241285	0.317442747774229	1.30549133554908	0.253212598973792	0.7982483163473
FBgn0029905	259.671035894259	-0.302443086653643	0.367172064277499	0.680140258501453	0.409538430801116	0.87822152781539
FBgn0029911	1187.78854114191	-0.141545641147191	0.218890253911052	0.418266972896646	0.517803060174952	0.900305384455461
FBgn0029912	808.331266367176	-0.199960623206874	0.211653699876579	0.893511386561414	0.344527526054607	0.847552993638526
FBgn0029913	377.204401087801	-0.013878197149196	0.35109617556029	0.00165428227505515	0.967556691069827	0.991444149622978
FBgn0029914	588.513326869334	0.118457880722994	0.219729537965666	0.290543772228261	0.589872278834668	0.909715678860279
FBgn0029915	232.072035924103	0.0909804925141045	0.281850912084307	0.104905102027985	0.746020882733597	0.948987319166172
FBgn0029924	1306.57137487126	-0.166218041417701	0.27815332946552	0.356910554290394	0.550227061116045	0.907978647188282
FBgn0029925	229.998310339221	0.467899140702426	0.402927808320722	1.3410770022321	0.246844125991602	0.792429197916752
FBgn0029929	289.053695926863	0.0608842818416837	0.25791303141315	0.056031740463375	0.812881585840991	0.96039638452444
FBgn0029932	752.107499080268	0.878963109776075	0.195726878717763	19.9079692967446	8.1260883481067e-06	0.000343174102901953
FBgn0029935	271.850213109364	-0.209846468935891	0.207280531612819	1.02415893318454	0.311534525748175	0.83325899474602
FBgn0029936	211.173942915747	-0.250471043455904	0.262755221704268	0.907101794163665	0.340884569216619	0.845839535008944
FBgn0029937	538.263567116491	0.320427148818768	0.204615915658686	2.44673193514375	0.117769834633614	0.632975744749736
FBgn0029939	340.635266768011	-0.0490552185544166	0.287140864553982	0.0298114304180928	0.86291878972243	0.972295782349386
FBgn0029941	2378.35793323959	-0.258955658430476	0.266705010356213	0.941887345227428	0.331792936969098	0.841662811307778
FBgn0029943	371.81679364362	0.113160049316796	0.249563484673013	0.205893888641739	0.650004946773202	0.922694169316485
FBgn0029944	390.443816146641	0.00354547470563912	0.183193701138783	0.000429585187035286	0.98346387994192	0.992425298569785
FBgn0029945	89.5858392080443	-0.237723227594742	0.456823697659742	0.269934592862121	0.603375651317987	0.913652067329074
FBgn0029946	74.0826246681211	-0.589907043863008	0.669449067746525	0.766884582511473	0.381182560483609	0.866736536337729
FBgn0029949	57.6953490911649	-1.12387178129574	0.55871809077789	3.96171674937334	0.0465462100148993	0.396728548646261
FBgn0029952	74.2795783452875	-0.0455185825307219	0.771980781137209	0.00384235895893426	0.950573372222307	0.986492790831843
FBgn0029957	554.594959581504	-0.264721747721818	0.312930799168729	0.715862762910433	0.397504360238545	0.875588961213828
FBgn0029958	722.5740477613	-0.132324520080508	0.230771862682946	0.328934441263485	0.566287202306558	0.90865959686355
FBgn0029959	379.523853301425	-0.0646097050250174	0.183703209559236	0.123752732261494	0.724999459619012	0.942405474262163
FBgn0029963	105.34535800146	-0.768702830378151	0.383423974022565	3.96711991182227	0.0463970659160131	0.396261119876193
FBgn0029969	1011.73556564984	0.897477022270659	0.228509355008392	15.1991898065291	9.67449191561486e-05	0.00311511226279032
FBgn0029970	147.080728614595	-0.106819054085212	0.300504926930548	0.128256773017725	0.720246367609563	0.94218267399484
FBgn0029975	898.86678945011	0.402933087918355	0.247035296461281	2.65262818357067	0.103378851445396	0.601666410276905
FBgn0029976	864.376270473063	-0.168391702786104	0.303158585833451	0.308713599858834	0.578470646666871	0.90865959686355
FBgn0029979	1563.42379976068	-0.187422217745275	0.309757442345567	0.366028176565123	0.545177252363941	0.907337639760928
FBgn0029980	247.837974061886	0.00176803346009792	0.182479112071446	0.000175489599435252	0.989430533889001	0.993687166204967
FBgn0029990	25055.8195173499	-0.0334080854254932	0.212978888844007	0.0246045378147102	0.875356495745545	0.976196791307201
FBgn0029992	888.41082137064	-0.288919085021685	0.34893260812892	0.685190112863935	0.407805236007391	0.87822152781539
FBgn0029993	99.1974966373732	-0.30891912755662	0.382565244597352	0.648528964934371	0.42063910440643	0.880461029497295
FBgn0029994	1517.68050854142	0.782708616834153	0.477373464730222	2.65672163706064	0.103113061170548	0.601666410276905
FBgn0029996	2021.63928855438	-0.0920439369828305	0.335802928066301	0.0751111674462095	0.784035310735867	0.955209155033956
FBgn0029997	291.885902830066	-0.0473963530416191	0.393715525899233	0.0145647499736441	0.903940931756223	0.979772897569974
FBgn0029999	224.650108312967	0.235958374198113	0.279061035118806	0.717790267019538	0.39686969953381	0.875404975034683
FBgn0030000	249.205694348084	0.129220695139247	0.197409656222704	0.430036394032847	0.511971090787472	0.896992747583796
FBgn0030003	563.864145755453	0.130124653377267	0.176286210274485	0.545045741247151	0.46034909749029	0.888270226363548
FBgn0030004	284.675623369768	-0.416136356271962	0.257651965700397	2.60210750069059	0.106721713952774	0.610502522669874
FBgn0030005	79.7091991636874	0.533421714772023	0.702437026354448	0.574826567315959	0.448347316236155	0.888270226363548
FBgn0030006	210.118027866911	0.0148195622630769	0.206884075342759	0.00513282974812057	0.942885406304236	0.98539396278863
FBgn0030007	908.445883313854	-0.180156664479916	0.21875334537497	0.678666742320317	0.410046204956068	0.87822152781539
FBgn0030008	124.37610313473	-0.342808194372756	0.268338415228568	1.64004660916625	0.200319073288347	0.75166265291399
FBgn0030010	99.3732983497313	-0.951281214212431	0.293428648730737	10.4609358575164	0.00121925493271487	0.0268236085197271
FBgn0030011	90.0495985965912	-0.0961114119744813	0.2800380904429	0.11770850749771	0.731533210366308	0.943692519110568
FBgn0030012	135.07591605856	-0.151135960709641	0.269999841372149	0.316585774055326	0.573666730455501	0.90865959686355
FBgn0030014	55.5378234813989	-0.732089876580528	0.621015379019646	1.36826364372203	0.242110437868556	0.790406091073906
FBgn0030017	133.394155808849	-0.205774446289714	0.293666084642362	0.490498313229097	0.483705102518061	0.889027677218827
FBgn0030018	1049.05142393094	-0.27200078210036	0.359521272970565	0.572031674372084	0.449452710738927	0.888270226363548
FBgn0030025	217.999474674472	-0.0137436343676263	0.39997478364818	0.00143517915498137	0.969780362625472	0.991444149622978
FBgn0030030	178.469247590296	-0.127951612729576	0.21741514798447	0.34719377864355	0.555705978692293	0.908003182797042
FBgn0030033	185.330730149857	-0.531759614011729	0.360900572706705	2.1554075270163	0.142068744713598	0.678146298868089
FBgn0030034	1206.87900171559	-0.0881375895079912	0.331835658219083	0.070591556622901	0.790477413960025	0.956915308546756
FBgn0030035	1075.18524686219	-0.0425059117842958	0.209519979087601	0.0413583374784139	0.838847805196564	0.967778591818814
FBgn0030037	385.661023781046	-0.503079591628406	0.304052482247938	2.72907230437968	0.0985365064772303	0.588060147435234
FBgn0030038	2925.14699355843	-0.0190693929284736	0.23115060042618	0.00680593630143278	0.934250630140781	0.98378812856611
FBgn0030039	157.991000815496	-0.364536501207634	0.303516087563036	1.43304884406277	0.231267509324368	0.779813484379362
FBgn0030040	1593.59751968982	0.369910416240213	0.436818845599953	0.715280061458003	0.39769651242587	0.875588961213828
FBgn0030041	5755.8727454979	-0.245132840992731	0.251229497736268	0.950848563202797	0.329503396881486	0.8415226533537
FBgn0030048	128.929595258377	1.110919175149	0.689642175993706	2.53293881630209	0.111492392786679	0.617190703020285
FBgn0030049	901.077874224892	-0.332145545411728	0.452833704324759	0.537041234603009	0.463661528025725	0.888270226363548
FBgn0030051	1406.27247943989	-0.650568001201806	0.506027289674444	1.63853309324546	0.200526852431362	0.75166265291399
FBgn0030052	1720.96571312637	-0.174157289598791	0.24537806475108	0.503671761644085	0.477891209614375	0.889027677218827
FBgn0030053	911.356396047555	-0.160548737481675	0.2353494732268	0.465433688641824	0.495095420202382	0.893638726671138
FBgn0030054	454.854388713339	0.255160167748141	0.246961203745945	1.06691936496254	0.301642326460621	0.832614936158673
FBgn0030055	483.846864776222	-0.138403267197606	0.273646223710947	0.256156077096492	0.612773366299963	0.91550458350478
FBgn0030056	1212.12033235139	0.117063365016644	0.21336540771755	0.300962756748248	0.583279487394871	0.90865959686355
FBgn0030057	236.301233076798	-0.0191499789945725	0.23460832117394	0.00744467277012006	0.931241835915439	0.98378812856611
FBgn0030058	76.6570809877904	-0.50496283327803	0.363965652521917	1.91428259186373	0.166488316421812	0.710803241981315
FBgn0030060	625.362525859477	0.782404624472549	0.169641672933458	21.0656873093975	4.43804471644248e-06	0.000199450950786003
FBgn0030061	378.721767406196	0.319224405943077	0.296510707184298	1.15638458172901	0.282216610254447	0.820106636437887
FBgn0030063	136.608950755256	0.819923624646856	0.585260340214349	1.93483210969789	0.16423075592287	0.710633110232189
FBgn0030065	1474.67919678403	0.14624805090968	0.350723198653128	0.173842396978785	0.676719283181765	0.930018495477913
FBgn0030066	148.833111850181	-0.126677816545002	0.279654135004581	0.205897717165065	0.650001910031099	0.922694169316485
FBgn0030067	271.926958810439	0.466143071259475	0.222509319410463	4.37642581841938	0.0364393320367935	0.342254120213899
FBgn0030077	196.50452587691	-0.147341368241849	0.392363697841822	0.141464996509299	0.706828929421889	0.937358281747356
FBgn0030081	221.917369947969	0.245669786271936	0.18340229774903	1.79454034587228	0.18037394433555	0.72654447334996
FBgn0030082	359.943646968534	0.242068757917081	0.412677265899322	0.343401501344474	0.557872360480903	0.908554527104913
FBgn0030086	4300.48421161416	-0.270781974947334	0.159731455370496	2.87041028545416	0.0902218669396845	0.561647829452673
FBgn0030087	2223.24542221938	0.0782400019414175	0.481818262900446	0.026370136254755	0.870999656410248	0.974916578858414
FBgn0030088	141.337326986259	0.269562396092946	0.272764182396254	0.977866056118131	0.322726210977608	0.838094865409671
FBgn0030089	2348.61749278048	-0.174348172501064	0.435604513384459	0.160138753401469	0.689028802056521	0.931685283330728
FBgn0030090	127.5340525025	-0.394844135835206	0.294798834943127	1.78772285074561	0.181203857227691	0.72654447334996
FBgn0030091	513.173721611964	-0.0207218867923875	0.312620509183327	0.00456176150785836	0.946151171596185	0.985720685676657
FBgn0030092	105.612093030584	-0.134513145916844	0.262621894326684	0.262484368571542	0.608418474820244	0.91550458350478
FBgn0030093	1679.85215478142	-0.276444223613948	0.288462320564584	0.917602513894025	0.338105262229687	0.844975856087411
FBgn0030096	426.059679253598	-0.12488287326402	0.153316263200956	0.665496356303251	0.41462620267047	0.879240330144271
FBgn0030097	5280.74903777923	-0.310032808506747	0.160132244262353	3.74066741874238	0.0531032298471468	0.427880674626483
FBgn0030098	18426.2009593067	-0.751738073797971	0.264901822547321	7.96345901096943	0.0047731109930714	0.0792751477979685
FBgn0030099	124.592053663554	0.225602854259643	0.314049480152105	0.517794405219014	0.471784045330514	0.888270226363548
FBgn0030100	97.9750505975569	0.104476643584814	0.33254419527174	0.102291434585069	0.749096960666475	0.949227302638817
FBgn0030101	404.258958753067	-0.0075080687332868	0.274544732224794	0.0011789236128692	0.972609650868636	0.991444149622978
FBgn0030102	1804.48025777026	0.370346696450673	0.366744933261921	1.01698778410801	0.313234582317327	0.833896638675349
FBgn0030105	1929.24582357523	0.929615797689462	0.380054378561096	5.88223423825255	0.0152944020673417	0.191842022349163
FBgn0030109	967.438227080672	-0.141155638723599	0.187578986831432	0.566678329878428	0.451581886945133	0.888270226363548
FBgn0030114	3407.89294402188	-0.666673406970056	0.393544311108554	2.84492055096209	0.0916631245152672	0.568514316181776
FBgn0030121	252.314818213823	-0.143218367479169	0.174444408512488	0.677138867701338	0.410573689153901	0.87822152781539
FBgn0030122	339.258178091553	-0.0970535998544285	0.185686480053945	0.273007585445832	0.601321356910728	0.912514388493636
FBgn0030136	11127.4945364512	0.614474067601954	0.408354854232481	2.24727513158865	0.133849913165067	0.666388509944527
FBgn0030141	1145.96610593664	-0.0285264192326666	0.261279442566253	0.0119505988865711	0.912949639875272	0.980376791913083
FBgn0030148	1072.94503291554	0.6594497931765	0.941859935325143	0.486037283424238	0.485700326864314	0.889622202826641
FBgn0030151	1947.10184444868	0.226990993437864	0.147745385578807	2.35836874051772	0.124612434406802	0.648849379649793
FBgn0030156	173.307808944166	0.636899678395724	0.279619121311683	5.15871796752621	0.0231299648587702	0.254429613446472
FBgn0030158	235.758882720326	0.416958408812048	0.757326496161236	0.30171994878043	0.582806171165047	0.90865959686355
FBgn0030159	178.80650178765	-0.0655155470775172	0.454178317001977	0.0208911214534453	0.885075957710016	0.977724198541247
FBgn0030177	362.57086871498	0.0785565252922238	0.214993823185452	0.133742105784812	0.714583216189662	0.93960030027178
FBgn0030183	1555.94721280778	-0.0411779639983166	0.412210514519521	0.00997893731798172	0.920427978811441	0.981634103290781
FBgn0030186	452.574858591487	-0.0974230674016429	0.556160659533856	0.0306998005454915	0.860911809771977	0.971642652217515
FBgn0030189	197.91144308146	-0.154606077730844	0.20430747827641	0.571897016582504	0.449506075748306	0.888270226363548
FBgn0030191	394.873816340505	-0.624444971545247	0.409568322554989	2.30413825856017	0.129029822714881	0.653999148711491
FBgn0030195	42.3143748427682	-0.473495955643189	0.450161330933105	1.10013558908824	0.294236350096946	0.829013843328828
FBgn0030196	115.932677104057	0.107598893806275	0.22776785373647	0.224492993042936	0.635637602769109	0.920223671605787
FBgn0030206	286.186752978481	-0.400465917673228	0.24253327152842	2.72815472285582	0.0985931399019805	0.588060147435234
FBgn0030208	1439.17181733072	0.0857138154474249	0.240355560891597	0.127140223980049	0.721415777403946	0.942303107445254
FBgn0030228	523.125514252798	0.00881326398678187	0.206376539475505	0.0025147263908849	0.960005208249174	0.989074876808392
FBgn0030234	456.693883380359	0.591899565094318	0.271787237573637	4.71154128665239	0.0299607785573038	0.300107727050752
FBgn0030237	1484.16819979798	0.379190077759649	0.281652605636491	1.80689953082924	0.178880608309949	0.725887316386677
FBgn0030240	416.496474336815	-0.104282834412346	0.260060729387457	0.161111676568993	0.688135078956696	0.931504874015863
FBgn0030241	763.185661867673	-0.221603034385326	0.200051193745912	1.22877841454735	0.267644738944088	0.810256083869186
FBgn0030242	215.870113096114	-0.408993820237296	0.251676714391788	2.63434293156531	0.104575317153745	0.604436702448471
FBgn0030243	1200.50308118523	-0.349695074142184	0.439445952348803	0.631866247648574	0.426671587303558	0.882445624708359
FBgn0030245	3257.00392565428	-0.323009222682841	0.225855442172611	2.0417272605747	0.153035788866683	0.692764271766279
FBgn0030246	949.604111674829	0.0218176933236415	0.371218963835697	0.00346846366659292	0.953036804640279	0.987139218831908
FBgn0030247	181.247032978019	-0.357253504184666	0.559404783718083	0.405881060194801	0.524067554993933	0.90223474301381
FBgn0030251	3093.85057209801	0.108854621493052	0.380284616553387	0.0819228038726436	0.774708401645117	0.953234312247045
FBgn0030261	218.935732555989	0.299787933776163	0.295791987462603	1.02605571908597	0.311086869575767	0.833133859756135
FBgn0030262	931.341977564527	0.642571337410409	0.236639795743864	7.31264605009159	0.00684710303312933	0.10519753910497
FBgn0030263	1484.07671296545	0.145211517245848	0.220218828176818	0.434643491870361	0.509719209582757	0.895913536575615
FBgn0030266	1911.4517157192	-0.394767199320385	0.508540393100073	0.600946078444323	0.438217281808562	0.888270226363548
FBgn0030268	2745.04081694691	-0.483026369494632	0.473292649546989	1.03688607993499	0.308546794818717	0.832614936158673
FBgn0030269	396.364424596029	0.101471263945202	0.178973705685112	0.322393811283554	0.570172591036003	0.90865959686355
FBgn0030270	62.2319460847325	1.23722019343022	0.620498002484473	3.8883837309546	0.0486211935204758	0.404967800144776
FBgn0030272	233.808054052848	0.284588918377497	0.264175882100843	1.15866923322856	0.281741700791407	0.819576757857731
FBgn0030274	790.694620500158	-0.0144630401748384	0.324933208522982	0.00200207896580196	0.96431088596338	0.990596343434328
FBgn0030276	1962.135051142	-0.0677972867114101	0.328332663220331	0.0426398065523301	0.836404985782812	0.967103958315968
FBgn0030277	339.462306481364	-0.625783568652526	0.575629302020048	1.17134875410072	0.279124281104626	0.815905579296774
FBgn0030278	89.3862011907757	-0.12900476826832	0.791426590386047	0.0266875078694397	0.870232541400343	0.974916578858414
FBgn0030286	1357.64479726704	-0.21167196946828	0.389365561530019	0.295455478877173	0.586745554730421	0.90865959686355
FBgn0030289	938.859840126122	-0.0844908384211489	0.219413052222297	0.14850513198185	0.699968020288357	0.935295979326931
FBgn0030292	303.341028075201	0.0690802841473743	0.274121708094861	0.0649312295789599	0.798865162757214	0.957999832735677
FBgn0030293	1150.8677127249	-0.201501303027873	0.293887679736686	0.470164931842376	0.492911301976714	0.892965315521076
FBgn0030300	581.502441562071	-0.0900453819614015	0.33540502449983	0.0721109813379144	0.788287630716381	0.956759612099516
FBgn0030301	489.074518243976	-0.0751707937766575	0.17524508524213	0.184085666808684	0.667885341851831	0.927910326872862
FBgn0030305	853.516437647169	0.108801738528299	0.198702554408813	0.299895262414708	0.583948089271862	0.90865959686355
FBgn0030306	2113.126285534	0.0693196734224356	0.161342022260336	0.184601965649136	0.667447852690246	0.927910326872862
FBgn0030309	2538.76592069472	0.524687222850784	0.170370671164345	9.43421465086524	0.00212974272008339	0.0427168444381403
FBgn0030310	650.807686699153	0.422595137679666	0.290402780069074	2.11053231150896	0.146288423327304	0.683384052052621
FBgn0030311	482.636918295844	0.175988269115806	0.293976586614199	0.358129206812933	0.549547066294033	0.907978647188282
FBgn0030314	350.171351361288	-0.112134754582462	0.166568019486657	0.452788596877454	0.501013660398208	0.895295388353976
FBgn0030316	186.822509111092	0.0128780158187613	0.244731342613027	0.00437739201758802	0.947248959724498	0.985720685676657
FBgn0030318	1384.54871907699	0.00533558675780935	0.229443395694521	0.000552035857879218	0.981255073168645	0.992134162437166
FBgn0030320	686.262011013331	-0.180725112322035	0.170045117614035	1.13128238156602	0.287501969829427	0.823961773015087
FBgn0030321	1461.60553973753	0.22293643298066	0.1523101964887	2.14111625250682	0.143397517293739	0.679702614403038
FBgn0030323	99.2212096636683	0.0534615420718222	0.379562148803314	0.0229325122050028	0.879632704265743	0.977192585311216
FBgn0030326	13614.5849677906	-0.322986186767094	0.787491819104927	0.167869210673615	0.682012492065601	0.930564167175738
FBgn0030327	739.143231548544	-0.408308785521618	0.212026221944145	3.70220923239592	0.0543404731846923	0.432869513406781
FBgn0030328	3066.891913662	-0.225320253919942	0.296023325317126	0.57891092389761	0.446739520869764	0.888270226363548
FBgn0030329	5709.77341455545	0.152420943868948	0.299647351044787	0.25860377660517	0.611081005512179	0.91550458350478
FBgn0030330	806.355178891758	-0.234233408437439	0.287726171513764	0.662537888127048	0.415665400595664	0.87938425582695
FBgn0030332	68.629798793859	1.32424223427648	0.465459659665037	7.91903449906335	0.00489173706887185	0.0806081535819589
FBgn0030334	351.996688556213	0.00966015969126587	0.303229559237459	0.00111052111176946	0.973415830652613	0.991444149622978
FBgn0030336	1342.57219561419	-0.113893837554639	0.388422267925203	0.0859953111562106	0.769331396130653	0.952993416349077
FBgn0030341	1019.40095689753	0.284751763055636	0.158177606405966	3.23592672003458	0.0720395354882932	0.502321819167007
FBgn0030342	453.664236451147	-0.232750367041127	0.14603434825535	2.53896786705813	0.111067368765419	0.617190703020285
FBgn0030343	1884.05535028018	-0.487948555259582	0.36187320019373	1.81019127282714	0.17848528661344	0.725364482323237
FBgn0030344	696.739483040598	-0.0527378328959714	0.295208761864052	0.0320407141078931	0.857938328744081	0.971373856909766
FBgn0030345	163.230406553055	0.030751523986053	0.280819266263849	0.012212349485047	0.912005316483765	0.980376791913083
FBgn0030346	218.37880212576	0.00662729555256697	0.211561540940955	0.00131700033724513	0.971050725435692	0.991444149622978
FBgn0030347	295.298022743316	0.450345185919268	0.352596140954043	1.62540241692871	0.202340140040498	0.755017386110545
FBgn0030349	1363.25800774609	0.177483109800426	0.327598755025418	0.293470808949579	0.5880048911952	0.908879168126807
FBgn0030350	528.560955374416	0.828364936827478	0.303938943352454	7.32959005007736	0.0067828522472012	0.104592826211888
FBgn0030352	171.96367501729	0.0650486124156765	0.304660818176554	0.0479077592530004	0.826744763439544	0.964592946264879
FBgn0030354	1544.93174688777	-0.11208532383389	0.389385693324884	0.0828747466886455	0.773438793217663	0.953234312247045
FBgn0030357	3794.98492191566	0.408033055600749	0.639950082344018	0.405147584901556	0.524442731987442	0.90223474301381
FBgn0030359	89.8234817405233	-0.370909882966962	0.463445443735331	0.635615574832798	0.42530293483996	0.881714569656874
FBgn0030360	181.209287468599	0.0452138913226808	0.240504594126068	0.0355454730781375	0.850457225581196	0.970512682472051
FBgn0030362	26287.4683509756	0.676497824654004	0.206684498967176	10.6168238216396	0.00112063368213302	0.0251141479057224
FBgn0030364	921.952387713771	0.122605307108382	0.213981187009223	0.328155465245075	0.56674724084912	0.90865959686355
FBgn0030365	416.670480235667	-0.158890219817955	0.222375881659486	0.509878963206432	0.47519125667677	0.889027677218827
FBgn0030366	3013.84157091218	-0.163937433518584	0.196423334183099	0.696493070440752	0.403964588372976	0.876638380081762
FBgn0030367	411.930294986562	0.0851913404060129	0.234589755267486	0.131871716526504	0.716499218459691	0.941046487799166
FBgn0030376	306.473608571655	-0.839080423642689	0.381997252025548	4.76216317295415	0.0290919639450716	0.295633452230208
FBgn0030391	323.179657603787	-0.193638619462621	0.172888931427219	1.25710658738336	0.262199485511748	0.805873472107772
FBgn0030394	530.950176937335	1.13580005079185	0.555391174558865	4.0817678566867	0.0433482827113345	0.378773009651129
FBgn0030398	274.553009748138	0.503652604943586	0.541266663432858	0.862305528793115	0.353094309065795	0.85294756349208
FBgn0030400	1003.8758145566	-0.0825777610637281	0.224108978985424	0.135853850182954	0.712438141743902	0.939284009468917
FBgn0030403	696.523983656973	-0.121573809731627	0.297577112319334	0.1670355425765	0.682759966159901	0.930593309535773
FBgn0030407	136.978608440995	0.0719482954317864	0.377366640953747	0.0363504887848265	0.848793513631354	0.969983775980133
FBgn0030410	106.308750875901	-0.517831391646127	0.280191538436213	3.4233847817872	0.064279093662883	0.470149262961592
FBgn0030412	1233.34409814165	-0.16297383514969	0.284340264131548	0.328673438580822	0.566441261518831	0.90865959686355
FBgn0030418	272.952001277894	0.428247509977112	0.239051548892358	3.19795250501145	0.0737305227117117	0.508807836371248
FBgn0030420	135.460821127079	0.363227358016405	0.222578914201411	2.66214372648535	0.102762152530804	0.601010611119685
FBgn0030421	109.52492408564	-0.524008402561371	0.335742560941829	2.42055629556862	0.119752397397373	0.636558600713172
FBgn0030429	91.7198700305115	-0.409121444786106	0.56264017981614	0.524493839397188	0.468931007796351	0.888270226363548
FBgn0030431	192.877256053921	-0.115706467145197	0.215206793113159	0.289060176374129	0.590823421672888	0.90997183888477
FBgn0030433	181.537153046938	0.158160090530554	0.352227964853279	0.202004524384229	0.653107693617143	0.923735839112994
FBgn0030434	403.957157669538	-0.198316564067941	0.17135775043054	1.33972952048764	0.247081673446785	0.792429197916752
FBgn0030435	563.375815009339	0.107948633388923	0.221235059856537	0.238674586133058	0.625165041543767	0.916152845817619
FBgn0030443	2245.74180778661	0.473234585698394	0.390867786060921	1.45950426165369	0.227009014368872	0.779156488035392
FBgn0030447	620.039434901904	-0.174866095064787	0.234931383211054	0.554168893383817	0.456619272076733	0.888270226363548
FBgn0030452	828.647045947025	-0.0820148541585578	0.268904890408896	0.0932480420040207	0.760087852796	0.951947965569036
FBgn0030456	484.84199148557	-0.0971816159919487	0.157465696122815	0.381425853436902	0.536841129916301	0.907039174872657
FBgn0030457	348.586733359287	-0.236462176947055	0.184469952895647	1.64530502489473	0.199599148798504	0.7513326683954
FBgn0030460	185.310364274252	0.15462000929623	0.218317302850904	0.502288296777486	0.478496386385277	0.889027677218827
FBgn0030465	362.278131197159	-0.482534185396424	0.206621466889167	5.43868689461525	0.0196954706987886	0.229253096610276
FBgn0030466	816.542224610701	-0.443677550880015	0.416997151288966	1.12879653210884	0.288032186378923	0.824002166858868
FBgn0030467	115.946846112103	-0.212900409902518	0.27599317661551	0.593459961221278	0.441084283431138	0.888270226363548
FBgn0030468	486.310665329004	-0.180937964471467	0.140191969650543	1.66547164370598	0.196866169906754	0.749318508723765
FBgn0030478	3940.98027737989	0.253922012153082	0.28418163001644	0.797434495957631	0.371861521645895	0.86482559396012
FBgn0030479	631.597487407134	-0.0707390500343523	0.298409683251395	0.0561814100429672	0.812636480126444	0.96039638452444
FBgn0030482	931.871856617692	0.471145904624948	0.442266246319936	1.13021789660512	0.287728865925882	0.824002166858868
FBgn0030484	2125.55871993511	-0.151094701843512	0.196317081943798	0.591916720911158	0.44167889031611	0.888270226363548
FBgn0030485	249.800985262153	-0.18650657465875	0.293213240524527	0.403694617215649	0.525187344660601	0.90232385622236
FBgn0030486	1193.78032381705	-0.108082489336437	0.379113698373702	0.0813263983582857	0.775507899658239	0.953234312247045
FBgn0030494	729.765937530639	0.246282306941071	0.345032921874446	0.508884813618835	0.475622010613289	0.889027677218827
FBgn0030499	797.367485309543	-0.446253426780482	0.32069592810072	1.93126568673549	0.164620038907696	0.710633110232189
FBgn0030500	150.25524812124	-0.287856610471221	0.256771062550609	1.26416805423836	0.260863606877274	0.805153765933073
FBgn0030502	1352.67983739193	0.0497708117766191	0.214651656383203	0.0538454765702738	0.816502067548869	0.961742180262238
FBgn0030503	835.081654501984	-0.159148710513434	0.133393053728429	1.42233883813141	0.233018825121991	0.780240739081296
FBgn0030504	802.964020548488	0.216301376137376	0.282283377575469	0.587329278572724	0.443453732361247	0.888270226363548
FBgn0030505	1782.81280530418	-0.222552953267755	0.363927533402779	0.373780770947548	0.540950602192951	0.907173673980027
FBgn0030506	197.434649822464	-0.110721694667374	0.21127839942514	0.277797580216522	0.598148407462952	0.912159281837944
FBgn0030507	82.7774487186032	-0.0332509025110358	0.252407201249936	0.0178491198143789	0.893718411209352	0.979004004561072
FBgn0030509	280.707621612709	0.162675447853551	0.33479736415524	0.236170485552165	0.626985777603962	0.916175181115215
FBgn0030511	99.5590834035078	-0.395296631445469	0.416496091013645	0.897149640816416	0.343547148666836	0.847342045408736
FBgn0030512	535.889229230531	-0.128878032354313	0.319192745760009	0.163246737824878	0.686184746363062	0.931504874015863
FBgn0030514	1047.60215886901	-0.214796555802258	0.209023964460735	1.05617166702488	0.304089965808693	0.832614936158673
FBgn0030518	546.137851757097	0.0863799289439604	0.171183292180205	0.255818029098947	0.613007893154595	0.91550458350478
FBgn0030519	3326.36054807724	0.0535986869730552	0.233422360775172	0.0527223133493777	0.818392193553464	0.962733481890161
FBgn0030520	3776.3716701434	-0.290936046098864	0.209974386023263	1.91697739043568	0.166190254232403	0.710803241981315
FBgn0030521	21038.5065775596	-0.0435415464833716	0.199891381999291	0.0474457370005155	0.82756903077104	0.964884868840153
FBgn0030522	181.94324684857	0.162078611386166	0.295014019033204	0.303135971789175	0.581923094568333	0.90865959686355
FBgn0030528	155.817999605241	0.375054382732668	0.379958710267141	0.974732273162388	0.32350279263144	0.838109323039457
FBgn0030529	960.311656184441	0.124729410273471	0.208829323210161	0.356591719014233	0.550405227693739	0.907978647188282
FBgn0030530	976.570312433022	-0.232728858621173	0.280944438374765	0.685859058663027	0.407576449858739	0.87822152781539
FBgn0030539	1087.66497058394	0.560899086016168	0.577541997503603	0.937490862086079	0.332923964188802	0.84199398783608
FBgn0030542	33.507428914789	1.64609328611303	0.770798375214156	4.37286719244634	0.0365155010976548	0.342495838420414
FBgn0030544	1056.94148189462	-0.182681274012176	0.345726971547359	0.278871109814645	0.597442087634302	0.912062362303119
FBgn0030545	564.987634071622	-0.00525503954490276	0.279501801188351	0.000364621799448628	0.984765262171625	0.992617756068896
FBgn0030552	290.917028343966	-0.0585926736053657	0.177879368963085	0.108479809423905	0.74188153306233	0.948205941306244
FBgn0030554	117.655292197744	-0.275697716401076	0.225705899501917	1.48859950833223	0.222433881218416	0.773568331726624
FBgn0030555	408.380728757515	-0.499732629795782	0.193757491832297	6.64043650733378	0.00996895054498344	0.139802498145193
FBgn0030556	1061.35253710305	-0.0644738765677317	0.200675107865519	0.103491776808553	0.747678933573287	0.949227302638817
FBgn0030558	415.036554916573	0.410183450752339	0.390997853072782	1.0968868937187	0.294950317477911	0.829318022474993
FBgn0030571	170.400242599277	-0.249066948735756	0.256249019059226	0.94102265843258	0.332014978787238	0.841662811307778
FBgn0030572	126.471121809998	0.0667955545633999	0.356458633251639	0.0374981008702377	0.846454436704449	0.969419880902724
FBgn0030574	1865.56697039096	0.335404047057863	0.314984429778267	1.13151964081636	0.28745142877111	0.823961773015087
FBgn0030575	257.07821196459	1.01131357116047	0.372912763312896	7.2355709808907	0.00714730759934674	0.108661075304464
FBgn0030576	310.534674988186	0.202403239220109	0.201571384890423	1.00954217176547	0.315012545464613	0.834612066592375
FBgn0030581	274.784078649387	-0.122074359166968	0.227235340259688	0.289701778304135	0.590411701128251	0.909924800345098
FBgn0030582	1327.51622534752	-0.24571587301695	0.276891133935797	0.787108516549992	0.374975881093837	0.865701388774403
FBgn0030584	331.473114611841	0.0614654668512404	0.311199571724274	0.0397378593263369	0.841993998261937	0.968366267016608
FBgn0030586	834.102365295095	-0.703666637375958	0.457304993229289	2.34501777266168	0.125684128177979	0.65078499017855
FBgn0030593	1392.74914118627	1.92028975360355	0.626002743135108	8.79403462609326	0.00302217124782008	0.0558879113872119
FBgn0030594	1814.93767759327	-0.881540631807783	0.329257375986332	7.06337913740373	0.00786754604273879	0.116406438280241
FBgn0030597	372.754444382062	-0.421349065137136	0.187460581248593	5.0467947517451	0.0246715367180281	0.267880613150269
FBgn0030600	1962.94431699358	-0.367700079656682	0.514198493872364	0.510133106880645	0.475081240812734	0.889027677218827
FBgn0030603	1420.7444193135	0.146607427929046	0.298957977124152	0.240479722120526	0.623859848712762	0.916152845817619
FBgn0030605	483.827865689413	-0.181986724226028	0.305879834438627	0.353319289566514	0.552240148253654	0.907978647188282
FBgn0030608	5212.55897928789	0.217705145543567	0.188521485237175	1.33245021061376	0.248369790149461	0.793047004717352
FBgn0030611	102.123686886448	0.692579335955099	0.266134583609405	6.73948575143122	0.00943018047937193	0.134096847290426
FBgn0030612	122.419446536329	0.523215056914856	0.528070928289733	0.977948071982631	0.322705919703368	0.838094865409671
FBgn0030615	861.202705889128	0.673913500741885	0.461573552917476	2.11357939860623	0.145997475416703	0.683204764303291
FBgn0030616	13799.4773629332	0.302740687074499	0.183723716817893	2.71013402441966	0.0997126138689557	0.59024468480448
FBgn0030617	267.623869012172	-0.406632788484438	0.408027720021232	0.992921426678578	0.319029399039437	0.835501112348841
FBgn0030622	43.3995574759395	-0.698145775668278	0.594193523262895	1.35603176269295	0.244226397424919	0.792429197916752
FBgn0030625	336.964758321238	-0.191280723130222	0.312873147137811	0.373019750268824	0.541362829210143	0.907173673980027
FBgn0030628	186.363208426873	0.154720545462993	0.253889200120725	0.371362280495553	0.542262643397877	0.907173673980027
FBgn0030630	322.13887663393	0.126350146287174	0.282392147751411	0.200801901877242	0.654074351059882	0.923994090823205
FBgn0030631	638.81759260631	-0.034698077277768	0.23654811744804	0.0217821037063857	0.882668230908923	0.977724198541247
FBgn0030638	185.853556919291	-0.0828276184468154	0.315864765945847	0.0699244570897761	0.791446802185867	0.956915308546756
FBgn0030640	460.44176341868	-0.198198430584339	0.244279372853603	0.659458616803988	0.416751136970629	0.87938425582695
FBgn0030645	71.79549393444	-0.17984182530174	0.28498915986712	0.397782051592046	0.528236926366283	0.90232385622236
FBgn0030648	865.234199592936	-0.146339840511242	0.177358954209104	0.681621197193621	0.409029029140112	0.87822152781539
FBgn0030655	171.577181840608	-0.3775878238709	0.276039532711543	1.86702302143313	0.171816426345958	0.717865871293728
FBgn0030657	84.2585595720768	0.758675292756002	0.582447498557107	1.6751893599376	0.195564901723741	0.747574087456413
FBgn0030659	248.72169972165	-0.133544795502839	0.182876876430905	0.532480054161056	0.46556605547008	0.888270226363548
FBgn0030660	150.497879238096	-0.0980182782918929	0.488605328265152	0.040234069554927	0.841023619471812	0.968138532800968
FBgn0030661	65.9288991004218	-0.602449776115622	0.36239131062853	2.79130896653048	0.0947767807979866	0.57780184404153
FBgn0030662	715.266279311232	0.0100240244344735	0.355460670229428	0.000854320118449436	0.976682147858443	0.991548293138723
FBgn0030668	285.860298859669	0.0543263148570428	0.474380546922808	0.0131241332562837	0.908793403121738	0.979772897569974
FBgn0030669	291.630339096322	0.164096637248859	0.199053849269295	0.67971814601249	0.409683796412303	0.87822152781539
FBgn0030670	871.144413130428	0.266472454662322	0.184474460273415	2.08269321919386	0.148977118641243	0.68752505927826
FBgn0030671	488.274275787323	0.0324434833820441	0.16820656110332	0.0379362116465671	0.84557128312649	0.969333114635797
FBgn0030672	3400.75268187565	-0.0711691142403224	0.329309370950001	0.0467113951986136	0.828887825281542	0.964901903583029
FBgn0030674	10309.3518324358	-0.267656387138561	0.659798934058815	0.164337738581551	0.685193863997404	0.931504874015863
FBgn0030675	137.284961201085	-0.0693556342574437	0.254285356990302	0.0775905432889701	0.780589581325994	0.954192704212895
FBgn0030678	291.598729920351	0.105007591416239	0.234276049456794	0.20155205410029	0.653470978553101	0.923762843357487
FBgn0030679	1925.35103650428	0.525958683278861	0.172109536087368	9.29193417902759	0.00230165013934903	0.0452999245224573
FBgn0030680	464.910969999394	0.0234805313461579	0.165884335338247	0.0213437969026486	0.883846264138564	0.977724198541247
FBgn0030683	161.972605527578	-0.261739651346189	0.2183646557918	1.43241104042224	0.231371358139111	0.779813484379362
FBgn0030685	1228.88349826926	-0.0243221961764824	0.204570892053441	0.0142753402067513	0.904895515835674	0.979772897569974
FBgn0030687	566.587958653185	-0.0710386144664351	0.350047389748108	0.0413313618755922	0.838899648492227	0.967778591818814
FBgn0030688	3225.13147470762	0.236472919631917	0.317701008407231	0.553488741590755	0.456895689725632	0.888270226363548
FBgn0030691	122.108608181928	-0.504231766156728	0.431189851605574	1.35767150790674	0.243941437546075	0.792429197916752
FBgn0030692	585.204509963316	-0.11674458772469	0.236371089914967	0.244046964255574	0.62129834222168	0.915541451893316
FBgn0030693	1977.33695504332	0.258866661090015	0.145921605926412	3.1421890040445	0.0762913520940516	0.517893798867859
FBgn0030694	202.867008493302	0.074931158664404	0.38256889343538	0.0390921472853307	0.843266220691714	0.968366267016608
FBgn0030695	484.919136038262	0.228920382043384	0.216466254630102	1.11698765854933	0.290568014777396	0.826387777315387
FBgn0030697	547.405526440573	-0.697063882580632	0.493677950138376	1.97304144598543	0.160125399379394	0.703012504782371
FBgn0030699	596.22164864208	0.179678397822252	0.264229662410187	0.461936095782832	0.496720523672466	0.894106779299073
FBgn0030701	1185.53379458676	-0.202414541466289	0.307849887254576	0.432329746244918	0.510847986000685	0.896060535082063
FBgn0030703	2298.75167447634	0.465686972590048	0.372327418111572	1.55728293973829	0.212063493984794	0.764139168700838
FBgn0030706	274.236509063564	-0.29520881034535	0.375112505360068	0.620576379632382	0.430833180332101	0.88549108840167
FBgn0030710	181.11578561009	-0.0645148147409656	0.245503507173264	0.0692996344911521	0.79235925345211	0.95691559934858
FBgn0030711	121.836614481882	0.746760561198946	0.567712676528051	1.70870177149332	0.191153895676754	0.740302921321403
FBgn0030716	326.676462922568	-0.0562983263990597	0.279537609346374	0.0415337408735041	0.838511133272175	0.967778591818814
FBgn0030717	283.097596495025	-0.0746681120715679	0.197424982651098	0.143253329593669	0.705067946176727	0.936719877499735
FBgn0030718	1306.84327283878	-0.114745075140765	0.241607559805164	0.22549211008932	0.63488669574888	0.919928929495445
FBgn0030719	2613.36207757831	0.248463208808504	0.262615152892556	0.893802232773979	0.3444490146068	0.847552993638526
FBgn0030720	577.281360298409	0.186911790527971	0.175032477350451	1.14144924312582	0.28534630333217	0.823238447391109
FBgn0030724	1780.89527825797	0.305194445537185	0.227939100445931	1.78954074730399	0.180982128306005	0.72654447334996
FBgn0030731	3672.8618420182	0.0797890116205317	0.325954042834041	0.0599195777989792	0.806623096225709	0.95909175165264
FBgn0030733	827.189041348011	0.157193983020624	0.246251693399026	0.407171235138492	0.523408777768545	0.90223474301381
FBgn0030734	1405.20929933938	0.0931562177904101	0.187351524881516	0.247189104012961	0.619061307169158	0.91550458350478
FBgn0030735	1529.45128180364	-0.0551270556853307	0.181438426867616	0.092553731734796	0.760955376520656	0.951947965569036
FBgn0030738	588.09396954092	-0.0283508612236226	0.161510348166645	0.0315470065670951	0.859025524102021	0.971373856909766
FBgn0030739	230.564303907529	-0.0512968903511617	0.217039650452907	0.0568394696561683	0.811562881899827	0.96039638452444
FBgn0030740	840.009371864047	-0.000860203369289168	0.217207453899766	1.72384399377279e-05	0.99668725662792	0.997195280934115
FBgn0030742	101.570948849906	-0.0430161998875644	0.296953163253755	0.0213241088716529	0.883899468114349	0.977724198541247
FBgn0030743	142.719621260226	0.145431743734656	0.300760862712347	0.237299645209497	0.626163292349423	0.916152845817619
FBgn0030744	347.236029733774	-0.0213519525927921	0.332680622150588	0.00444296109795062	0.946855928982417	0.985720685676657
FBgn0030745	792.961300152771	0.445615900574775	0.235226010452815	3.57586361132161	0.05862495798328	0.44952933110537
FBgn0030746	357.619295103551	0.540473249501345	0.709371242722168	0.577367510497965	0.447346026624641	0.888270226363548
FBgn0030747	2001.80172628776	0.150104903356345	0.473998856388981	0.100260378002076	0.751517393755549	0.949406787566545
FBgn0030748	622.533220721745	-0.0572142881532381	0.193436260348433	0.088363911344743	0.766267499029329	0.952993416349077
FBgn0030749	1544.9688435353	0.00388062271187659	0.227608942232121	0.000299372594454894	0.986195381371784	0.992991760146979
FBgn0030752	1473.26055781735	0.100588159889183	0.218029860345643	0.21297253585044	0.644447470592193	0.922213082123245
FBgn0030753	3843.3487295501	-0.118841390419573	0.129329553486481	0.844536034490403	0.358102676918798	0.85582398423638
FBgn0030756	5133.69038323207	0.116837625352719	0.190573130196299	0.375795460010863	0.539862069461468	0.907173673980027
FBgn0030757	143.119477451071	-0.286742259499088	0.341759364454877	0.706249013177128	0.40069186807026	0.875888394068263
FBgn0030761	485.046804065792	-0.0940990747299861	0.208464307958866	0.204497996404257	0.651114429546793	0.92309752404788
FBgn0030763	2532.23866155498	-0.138354679628774	0.307587700073506	0.202215466071806	0.652938497272896	0.923735839112994
FBgn0030764	50.6479151997407	0.256219388637259	0.90703301855982	0.0797526476648471	0.777632895135241	0.953613849779716
FBgn0030766	374.476347924933	-0.416397695045559	0.329322691399716	1.5964488522682	0.206407187009825	0.757156699969694
FBgn0030768	879.901508172019	-0.251325362543081	0.187603052127663	1.79514285219769	0.180300811280318	0.72654447334996
FBgn0030769	107.898780665357	0.206632132024254	0.727832673069795	0.0805161172919071	0.776599199403205	0.953419031864674
FBgn0030774	911.077088476477	-0.721090113096328	0.327347376431951	4.80507409358925	0.0283760465077246	0.290819871769412
FBgn0030775	3970.01102171392	-0.194271492318307	0.342077182097306	0.322304123612341	0.570226230259722	0.90865959686355
FBgn0030776	1474.09241948512	0.472376424088316	0.38983358136845	1.46218679784077	0.226582498637816	0.779042186042521
FBgn0030777	3799.72476210182	-0.184700123951736	0.232181644809393	0.632470178382164	0.42645068140848	0.882297273893862
FBgn0030778	78.592969210512	0.605923399023142	0.31581003941825	3.67695884732164	0.0551693909679935	0.435187046605322
FBgn0030780	170.737958157699	-0.668418458120503	0.363913063810288	3.33711113236947	0.0677334320117919	0.487355961153338
FBgn0030786	368.162398147948	-0.00624079696817391	0.212127777976722	0.0011118568853945	0.973399853194364	0.991444149622978
FBgn0030787	137.638294287882	-0.167161552310278	0.24324627115274	0.471523557246257	0.492287094750772	0.892965315521076
FBgn0030788	657.806330829018	0.239520832671432	0.252726795607542	0.896688380675343	0.343671232698778	0.847342045408736
FBgn0030789	161.838265695909	0.376190463236573	0.270735766279171	1.92627070406484	0.165167026736078	0.710633110232189
FBgn0030790	486.678371891816	-0.192533834171171	0.24185132636951	0.633815509600552	0.425959204284496	0.881714569656874
FBgn0030791	896.461445531989	0.261125991700745	0.203225218101842	1.6481691663251	0.199208300615581	0.7513326683954
FBgn0030792	669.161861184992	0.0402260797436089	0.184579030712647	0.0481286023622971	0.826352241127226	0.964536699226835
FBgn0030793	237.329589328155	0.482669994787375	0.239436335698423	4.04916327787451	0.04419324423527	0.38407448247488
FBgn0030794	78.4628462752595	-0.203551398691478	0.283803613089851	0.513011207462718	0.473838224825437	0.889004515324835
FBgn0030797	315.253320643304	-0.053805003735452	0.254046562976663	0.0448705920071006	0.83224216174865	0.965675506444564
FBgn0030798	513.22373116572	-0.317544485921006	0.366173839743003	0.751574362809166	0.385978235522776	0.869208451738112
FBgn0030799	177.55677447575	-0.294516046905106	0.254155946218517	1.33717417137164	0.247532924190341	0.792784563603514
FBgn0030800	306.665843997992	-0.0936105616917012	0.26315071455786	0.127168519412749	0.721386071037292	0.942303107445254
FBgn0030803	172.516444687648	0.224677849844679	0.310751207297049	0.522616029660071	0.469727886583116	0.888270226363548
FBgn0030805	171.715700454523	-0.108582992335605	0.269627553791772	0.162546266579625	0.686822969071533	0.931504874015863
FBgn0030806	199.417011775716	-0.0130771025980118	0.308741858191764	0.00276152857854584	0.958090258395896	0.988105670168198
FBgn0030808	1226.7788931975	-0.208327345936982	0.404400434513461	0.265317355587698	0.606490369393847	0.914069664297095
FBgn0030809	4491.54289334742	-0.438773498748363	0.457780433130415	0.915322967162041	0.338706012482746	0.844975856087411
FBgn0030812	1433.58887657722	-0.265088723636894	0.332412449621776	0.635457424588097	0.425360532479961	0.881714569656874
FBgn0030814	89.7032420734444	-0.777197974533112	0.650604869626118	1.40463852989008	0.235948470881374	0.78283101037784
FBgn0030816	789.006855494687	0.892940570103099	0.247293146261056	12.8556275205954	0.00033646585712225	0.00924071589299147
FBgn0030824	47.6295326094504	0.157133635225503	0.67329924193164	0.0547342641909978	0.815021038633804	0.96161108133415
FBgn0030832	70.3174644307272	0.918486538322281	0.798444451549555	1.30454139710253	0.253385348500417	0.7982483163473
FBgn0030833	175.85063371618	-0.099865094667239	0.236138933067664	0.178724017074359	0.672472100909788	0.929643731878032
FBgn0030834	191.999806241869	0.400263531324309	0.290127858701581	1.8966812589919	0.168450262617492	0.71402200975569
FBgn0030837	2595.10867812549	-0.865364199991973	0.202419502669363	18.0133802338293	2.1935774078455e-05	0.000826673745988052
FBgn0030838	938.537135082846	0.0488824860419812	0.202930811380395	0.0580563957025646	0.809594684199229	0.96039638452444
FBgn0030839	126.329610206092	-0.158604528610864	0.278122197011752	0.327958028188199	0.566863956107611	0.90865959686355
FBgn0030846	105.802408271529	-0.623651983009628	0.45231940922702	1.88543899569969	0.169717255911292	0.71601597323218
FBgn0030847	858.252323218507	-0.0805893392575686	0.264422460926596	0.0928993991948062	0.760523030605427	0.951947965569036
FBgn0030850	472.107111814021	0.360405815687596	0.288351870042579	1.55703815282448	0.212099419123335	0.764139168700838
FBgn0030853	759.353637713449	-0.0633339981029217	0.246482059830659	0.0660130848844744	0.797232721004339	0.957909169986809
FBgn0030854	697.326306429907	0.174484170271932	0.271082807521062	0.413881638684586	0.520005884885634	0.900900502564648
FBgn0030855	260.716424124652	0.159862872440486	0.205924187158614	0.60272000460408	0.437542098985243	0.888270226363548
FBgn0030858	869.938451148424	-0.11040417681275	0.378152873795557	0.0853146663036313	0.770220301363247	0.952993416349077
FBgn0030863	645.1746094503	0.223901732317086	0.262703067146557	0.725264048775571	0.3944226153273	0.873194529985201
FBgn0030864	221.8727131281	0.189432535941918	0.261374264344134	0.525106374779469	0.468671538831108	0.888270226363548
FBgn0030869	1054.67404594451	-0.0265535151732596	0.207860147689049	0.0164681769447128	0.897889094975383	0.979772897569974
FBgn0030870	828.16399347517	-0.0671358725250572	0.189678412065416	0.125249081212843	0.723409728055146	0.942405474262163
FBgn0030871	237.681481586405	0.0594936391096075	0.225498721844508	0.0696390147741184	0.791863100702923	0.95691559934858
FBgn0030872	579.236219159149	0.281340955849646	0.233081101701417	1.4559350042711	0.227578013171493	0.779156488035392
FBgn0030873	1042.49229640211	-0.0680262121752663	0.154634919791102	0.193483189980711	0.660033263231976	0.925753143696909
FBgn0030874	176.276679885227	0.032569166928837	0.253083333213601	0.0181293541000116	0.892892331445893	0.978876446894751
FBgn0030876	2848.28290216839	0.549946790270296	0.537634898929623	1.03993424482823	0.307836765313726	0.832614936158673
FBgn0030877	234.454357927904	-0.219536379515125	0.220814003545228	0.986279455239149	0.320653411430138	0.836537052932144
FBgn0030878	538.28778521512	0.113539697621859	0.238225018636621	0.227282721312321	0.633546010546096	0.919611276494636
FBgn0030882	2310.34359078628	0.099246522864832	0.359727831465752	0.0761140571942889	0.782634273819969	0.954728206666318
FBgn0030884	181.735710265906	0.27852490881078	0.40967262653909	0.461985761437717	0.496697384380363	0.894106779299073
FBgn0030887	159.582842980325	0.126888572112062	0.437978030265766	0.0840307165172973	0.77190764402046	0.953146024147509
FBgn0030890	752.406074221671	-0.0946395517511253	0.179294346516039	0.279290820809436	0.597166414985401	0.911972842365493
FBgn0030891	530.164287667669	-0.0983800135783494	0.156989333438168	0.395156773892147	0.529601160828096	0.902703266732794
FBgn0030892	393.919672667948	0.139721315601148	0.229369505120637	0.37185054763907	0.54199728509034	0.907173673980027
FBgn0030893	408.072390543314	-0.0870181791936292	0.329468741072202	0.0699160487704802	0.791459052148836	0.956915308546756
FBgn0030894	553.958388332587	-0.425115344988055	0.17702616536508	5.75458558775884	0.0164456743722672	0.202356438396096
FBgn0030915	161.921479667736	-0.174333295983835	0.329441178237494	0.279576518182552	0.596978916090265	0.911852201167319
FBgn0030925	992.554035624574	0.305788597841834	0.175744572025983	3.02388933957153	0.0820464799192307	0.539951932060466
FBgn0030926	315.426021418433	0.259468902470228	0.174939331277311	2.19893983117869	0.138105692444393	0.672563713757829
FBgn0030927	309.315824622096	-0.167615807299944	0.441487947581709	0.144103435535243	0.704235246182311	0.936602786661837
FBgn0030928	1764.90018885575	0.525315703373868	0.203368465523971	6.63825956999966	0.0099811398009419	0.139802498145193
FBgn0030929	3268.79684798571	1.02113678004149	0.337148256395729	8.99047523547335	0.00271390412917212	0.0519536453338553
FBgn0030930	1830.61595452618	0.108383487800729	0.377329782499889	0.082494788549127	0.773944592952205	0.953234312247045
FBgn0030932	1409.28500965308	-0.271230407552127	0.211699580505322	1.63893803080931	0.200471236810612	0.75166265291399
FBgn0030933	178.913992202747	-0.467195569454389	0.367992516767255	1.60231806151734	0.205575016755778	0.757156699969694
FBgn0030936	90.5152907898351	-0.192121713761725	0.671880243191665	0.0816328553314065	0.775096691062361	0.953234312247045
FBgn0030941	372.721698819131	0.19712485943726	0.216105091354404	0.831817900828	0.361747390256405	0.858792392009837
FBgn0030943	227.643872864305	-0.056104310179331	0.230938416044284	0.0602693929964602	0.806070659483042	0.959086727233997
FBgn0030944	565.989644400299	-0.0166596708057928	0.355350066087534	0.00229613400890116	0.96178159988977	0.98944945103117
FBgn0030945	310.911160890789	-0.196528673312163	0.239996161502752	0.669867982067572	0.413097638273504	0.87822152781539
FBgn0030946	1129.33067973517	-0.183458896316102	0.297625213190456	0.379936286490206	0.537637336709272	0.907173673980027
FBgn0030951	31.3062808974934	-0.691798776037548	0.745967533590124	0.842468902852822	0.358691616758272	0.85582398423638
FBgn0030955	6992.28355478184	-0.272874776055432	0.319060033081941	0.73032629409488	0.392777444325153	0.872919006760984
FBgn0030956	305.07694867007	0.183327673250947	0.204123503947917	0.806986630008211	0.36901265682761	0.864159753811589
FBgn0030959	486.745232772419	-0.166336544541483	0.206844198477171	0.646123061261576	0.421502206177818	0.881034667480375
FBgn0030960	296.618414364684	0.116370799102169	0.288588689619627	0.163119803661402	0.68630028200626	0.931504874015863
FBgn0030963	79.9644803816645	-0.306315255651485	0.310875971514403	0.965917207379754	0.325700530680325	0.838856040403755
FBgn0030964	242.513935027282	-0.222484816594753	0.271367655069409	0.671677518613038	0.412467358421463	0.87822152781539
FBgn0030966	994.817485436732	0.318028697620115	0.290587584526786	1.19609319422297	0.274103923385534	0.811687587079642
FBgn0030968	1118.94719474216	0.306488114351527	0.243586657856322	1.58094133023855	0.208625154573748	0.757686170716412
FBgn0030969	370.38222842181	0.144133574328603	0.182965388492703	0.620560032789882	0.430839250413425	0.88549108840167
FBgn0030970	187.357703650709	-0.00898997333702778	0.186525140426841	0.0033392296664374	0.953919035680207	0.987139218831908
FBgn0030973	777.45867267266	-0.150303637471742	0.169650364456205	0.785148397335291	0.375571187167612	0.865701388774403
FBgn0030974	1957.55701220369	-0.146342739507572	0.275411470480047	0.282326500623824	0.595180384647492	0.911189805440844
FBgn0030975	402.659764259711	-0.434795365360489	0.369602126131476	1.37635506781271	0.240722988871763	0.788707991609471
FBgn0030976	627.532889142381	0.428315774507562	0.194360857796854	4.84018948757935	0.0278038397494896	0.287986816227953
FBgn0030979	96.1667394552871	-0.746414567464237	0.401807113418752	3.4268183805948	0.0641455658833905	0.469756311389518
FBgn0030984	110.507022645053	0.867915388752934	0.512593590801493	2.83671371718788	0.0921324661625759	0.569743374268056
FBgn0030990	1101.49719759883	0.0304193991055522	0.163310916712322	0.0347024760805681	0.852220480876675	0.970680322951
FBgn0030991	884.375403971323	0.00161676925906558	0.145228880880577	0.000545423234427744	0.981367659975685	0.992134162437166
FBgn0030993	3318.90302878356	0.26946745636265	0.277909702032357	0.938860821103944	0.332570981604365	0.84199398783608
FBgn0030996	1238.84052061881	-0.270460658996372	0.209695265677122	1.66285681815185	0.197218043053777	0.749318508723765
FBgn0030999	3360.79070238459	-0.424282314107752	0.21451355333702	3.89805311982971	0.0483420974050011	0.403860895587295
FBgn0031000	2426.13268700008	0.634881376555712	0.342231996935289	3.4143274557652	0.0646327448860275	0.471095913288964
FBgn0031003	316.065791862058	-0.0254172636619064	0.200378479285603	0.0161960615359575	0.898731651922642	0.979772897569974
FBgn0031004	1110.08985167252	0.303013213374318	0.403954182324961	0.561823293999211	0.453526541188438	0.888270226363548
FBgn0031006	938.603505398876	-0.350538120912754	0.424857389315224	0.679654867670862	0.409705594519349	0.87822152781539
FBgn0031008	251.833103722166	0.0547623458220537	0.19562634926805	0.0785408154819933	0.779284677850122	0.954104815044529
FBgn0031010	99.3894716225719	0.0151537135225467	0.565781330867901	0.000858174760445252	0.976629617687383	0.991548293138723
FBgn0031011	1803.67999419919	-0.2539595974777	0.289704708294345	0.767565100795508	0.380971363458438	0.866725321739229
FBgn0031016	1438.59017192562	-0.613708380904729	0.499864103847279	1.49664011453824	0.221189059771518	0.771636719933515
FBgn0031020	1923.9185896733	-0.162794638288211	0.269904152493606	0.363815177136928	0.546394980789747	0.907978647188282
FBgn0031021	692.427722770917	-0.240287902148563	0.234768813823718	1.04495355966647	0.306672196952649	0.832614936158673
FBgn0031022	143.597204467225	-0.261618662407257	0.325120015643307	0.648964901542499	0.420482997488038	0.880461029497295
FBgn0031023	1908.19481668367	-0.196637867837935	0.373279455402819	0.277398177333154	0.598411636388201	0.912159281837944
FBgn0031030	2050.53153675337	-0.182025057683939	0.329984348458913	0.304222213579081	0.581247499822732	0.90865959686355
FBgn0031033	256.051354428968	0.59536594614376	0.887302968297939	0.447436243344967	0.503554962604174	0.895295388353976
FBgn0031034	916.539567581017	-0.643997605963329	1.02725889292684	0.389885534956193	0.532359575553999	0.905493756415732
FBgn0031036	220.457937139255	0.162307213543597	0.323361712540537	0.251874031357843	0.615758594698927	0.91550458350478
FBgn0031037	9503.9548492205	0.373860817684115	0.353675788752678	1.11423574084711	0.291163042435847	0.826387777315387
FBgn0031040	44.1165873356076	0.881603298813167	0.765136965554869	1.30649504374294	0.253030228603048	0.7982483163473
FBgn0031041	96.5996640927855	0.155417576885614	0.344705341243886	0.204846708653243	0.65083683963007	0.923061503251091
FBgn0031043	307.282590051834	0.245316232167516	0.346469775246992	0.500409539539731	0.479320229331033	0.889027677218827
FBgn0031044	149.610177043709	-0.111712703089505	0.231872291114249	0.236306737165911	0.62688640247103	0.916175181115215
FBgn0031047	1346.8775443653	-0.267465934542158	0.257191024549302	1.0807758453919	0.298524058923456	0.832614936158673
FBgn0031048	664.953364231532	-0.144312014723376	0.169721407284801	0.724066756093123	0.394813170684212	0.873390335991081
FBgn0031049	672.615810265524	0.733000064909145	0.475401695124766	2.35126388137503	0.125181478214041	0.650302882088208
FBgn0031050	580.183828779214	-0.0930663737653552	0.180682551955466	0.265135749131517	0.60661357760246	0.914069664297095
FBgn0031051	1170.57425241857	-0.392569999577425	0.434349247203608	0.814888609793414	0.366678867458674	0.863234160563223
FBgn0031052	1442.61996592138	-0.444810672509828	0.325136157552095	1.86567978914836	0.171970699885575	0.717865871293728
FBgn0031053	333.219785684316	-0.384273338768849	0.318951385496268	1.45157141627665	0.228275972777674	0.779156488035392
FBgn0031054	411.9095731318	-0.059429269073556	0.201587718591038	0.0870115966357616	0.768011234634796	0.952993416349077
FBgn0031055	358.916066906908	-0.0812741226684409	0.250374006581531	0.106134554622557	0.74458855152427	0.948987319166172
FBgn0031057	3160.1175299542	-0.16165492677326	0.190302766270433	0.721420950898164	0.39567820670991	0.873915580459324
FBgn0031059	195.140811580504	0.178544262251829	0.338231966820201	0.278903138127873	0.597421041597192	0.912062362303119
FBgn0031060	223.057096299459	0.0704309350536706	0.190785215989479	0.138522778308676	0.709754009190399	0.939038522234904
FBgn0031061	523.27547452917	-0.219397045183196	0.194906333845864	1.26775602949604	0.260188069695066	0.804496150742213
FBgn0031062	216.601832324968	0.187555083834673	0.23951705691409	0.6130220762861	0.433652208762154	0.887153843262531
FBgn0031066	3691.02818122415	0.114433872782549	0.292711601437757	0.152800087887627	0.695873727752992	0.934237778124647
FBgn0031068	212.380703855871	-0.241376778115157	0.273506854085618	0.776372519582317	0.378252853266438	0.86579112403379
FBgn0031069	2731.51629579761	0.440800927159756	0.382356053920067	1.324150065087	0.249848599761202	0.793847876141075
FBgn0031070	334.135817530701	-0.278855090365095	0.274153776558072	1.0363584428098	0.308669916769783	0.832614936158673
FBgn0031077	604.608979309341	-0.167656610207167	0.266252887538307	0.396979967635289	0.528653063262947	0.90232385622236
FBgn0031078	1709.11901868562	-0.279050796745321	0.458777920314026	0.369530276007225	0.543260419328031	0.907173673980027
FBgn0031080	144.385241798089	1.35251346258684	0.603807537367189	4.85496095729509	0.027566737632702	0.287076658073392
FBgn0031081	576.299671480411	-0.262916810719062	0.346124764005108	0.576960562429946	0.447506155575347	0.888270226363548
FBgn0031085	129.09221765349	-0.700269598364249	0.518884026762205	1.79715500562408	0.180056821712345	0.726518077095339
FBgn0031089	2113.19548955392	-0.502644999313926	0.416543499490596	1.44936590140038	0.228629726239915	0.779156488035392
FBgn0031090	833.040341576564	-0.00965796055375745	0.171193496326842	0.00340826853617671	0.953445644193351	0.987139218831908
FBgn0031091	207.682380697342	-0.341915327060583	0.349553349606915	0.957262222387925	0.327877624123826	0.8415226533537
FBgn0031092	2557.69292048831	0.286644231791958	0.217027065711899	1.74203969032956	0.186880591895374	0.735618030111812
FBgn0031094	387.943368344378	0.0456622570843291	0.175016357162993	0.0683610747180765	0.79373817106962	0.957040974127559
FBgn0031097	1832.24366676367	-0.154568611842857	0.465162026179365	0.110363350801862	0.739730844740772	0.946967073202079
FBgn0031098	490.914482022341	0.0364394592362817	0.197889643413905	0.034550898009698	0.852539871489022	0.970680322951
FBgn0031099	845.287629991957	-0.0877109388180651	0.198132916975657	0.195861748553327	0.658082065095317	0.925452063254062
FBgn0031103	88.1782949344085	-0.264610949758651	0.694700438891996	0.144410571809189	0.703935089662705	0.936602786661837
FBgn0031106	357.564736738672	-0.204394894590823	0.229185096675501	0.79386137819958	0.3729350775061	0.86482559396012
FBgn0031107	3098.73132743246	-0.333861261872016	0.590890011646879	0.318586366969015	0.572458427602881	0.90865959686355
FBgn0031108	117.247900960563	-0.697457475980209	0.596362991112981	1.34989724383098	0.245296081579687	0.792429197916752
FBgn0031114	441.642848062031	0.0542732730523884	0.189177029426735	0.0826002450306191	0.773804083223811	0.953234312247045
FBgn0031115	367.657410087055	0.0917837943829886	0.160849722123321	0.325988022815601	0.568031090429969	0.90865959686355
FBgn0031117	688.813403224496	0.273482253531523	0.243280726570513	1.26139449213549	0.261387297237867	0.805822390497342
FBgn0031118	1642.34914825111	-0.15620994254977	0.523463773742199	0.0890386077122969	0.765402942998934	0.952993416349077
FBgn0031119	377.612736283757	-0.0338117323036935	0.201427933598592	0.0289128606544793	0.864980392678475	0.972631493436784
FBgn0031126	678.927019603171	0.117516529426666	0.298701040185574	0.154738137181639	0.694047932025986	0.933894384001516
FBgn0031128	192.281110797604	0.46446003976618	0.638727169028421	0.525869898853131	0.468348434272936	0.888270226363548
FBgn0031129	239.14898865525	-0.339554681793839	0.522669770455753	0.420114036239468	0.516880147887915	0.90028202338861
FBgn0031132	83.3837683965833	-0.789112607158229	0.424587217989064	3.41671631868019	0.0645392685564206	0.470822927906388
FBgn0031142	81.9810970463599	-0.420282898195008	0.522831034439647	0.641067876942593	0.423324367835049	0.881034667480375
FBgn0031143	1567.26202188643	0.0318402344861749	0.203793030845335	0.0245241688447777	0.875558570409986	0.976196791307201
FBgn0031144	365.967713992599	-0.0518246156302251	0.22797711617604	0.0520963478324177	0.819454812690605	0.96317149169713
FBgn0031145	1009.97128912518	0.286301193969906	0.196619784546588	2.11608638756611	0.145758587377618	0.683204764303291
FBgn0031149	2422.56046969235	-0.172505620673978	0.19548511850034	0.778621296847518	0.377563128121307	0.865701388774403
FBgn0031150	255.083881067058	0.00267548411864514	0.194423335181398	0.000222524950011405	0.988098181833888	0.993061124148768
FBgn0031161	889.789004682685	0.103057131305389	0.270104104073422	0.145540039140485	0.702834420890444	0.936451299634442
FBgn0031170	3458.38073667731	0.353318406478492	0.530283139740746	0.442857856847837	0.505746305149999	0.895295388353976
FBgn0031174	1720.43320739933	-0.0348206033682635	0.282982552786417	0.0151630982473989	0.901997398734534	0.979772897569974
FBgn0031178	177.347917636483	0.94534540034374	0.655719010403	2.04150382498365	0.153058266172561	0.692764271766279
FBgn0031182	441.223720674215	0.200626172043188	0.193325954935189	1.07705283728876	0.299357793153544	0.832614936158673
FBgn0031187	1624.40343875751	0.0111620670740979	0.283674296025421	0.00155812924326426	0.968513163332699	0.991444149622978
FBgn0031188	392.054122621335	0.0751047408105194	0.196204417214919	0.146672756999976	0.701735487178368	0.935904995460154
FBgn0031189	124.392467270954	0.105675511426129	0.252089599946111	0.176996292597252	0.673967388823469	0.929968409444632
FBgn0031190	2532.99859802752	0.116072223833807	0.256695863003041	0.204375913675918	0.65121168000925	0.92309752404788
FBgn0031191	171.058403585819	-0.361236339989141	0.227054970114613	2.5362862507265	0.111256191450198	0.617190703020285
FBgn0031194	918.761807054014	-0.0515660869574683	0.22333113226548	0.0535041462777031	0.817074263614044	0.961742180262238
FBgn0031195	302.14098445894	0.263954578489269	0.374374839553985	0.496222705003603	0.481164551468449	0.889027677218827
FBgn0031213	1024.69623535398	0.461769672709144	0.310689172007004	2.19900305871938	0.13810002736529	0.672563713757829
FBgn0031216	818.613172830292	0.0249996129627608	0.218764019546085	0.013061275159103	0.909011130923925	0.979772897569974
FBgn0031217	419.493405996495	0.147077766776305	0.216682432352286	0.460617270871353	0.497335632061993	0.894106779299073
FBgn0031219	30.0113621301391	1.05888732843277	0.59860489999182	3.0825820782298	0.0791348017424984	0.528943943667806
FBgn0031220	1338.26501963273	0.19436918445776	0.455488891953378	0.181910300411857	0.669736672518924	0.928040220157118
FBgn0031224	300.493445633546	0.260726633568955	0.198935833751218	1.71624987537854	0.190176484879395	0.739250851996022
FBgn0031228	618.546504678102	0.271721933392993	0.43343350873554	0.392103519131865	0.531195770175349	0.904593566880169
FBgn0031231	199.85815085873	0.0175649526060008	0.322966539040824	0.00445475100291759	0.94678556826934	0.985720685676657
FBgn0031233	609.181028426735	-0.11195179512629	0.198754596570552	0.31847353310711	0.572526442881924	0.90865959686355
FBgn0031238	238.964173328196	0.122684016181763	0.234158307214538	0.274883281159674	0.600074677770983	0.912217600937776
FBgn0031240	280.791912927309	-0.489976720535149	0.470291305186958	1.07843732373124	0.299047400506211	0.832614936158673
FBgn0031244	132.600759285491	0.112598015472886	0.276832305596533	0.169569957291579	0.680494283319394	0.930081887185516
FBgn0031245	1268.09575415551	0.276115021834011	0.138797855105839	3.95128097352737	0.046835702510376	0.39763241412527
FBgn0031248	18875.5252700667	-0.375770468194061	0.363546712229659	1.06535073597836	0.301997970854461	0.832614936158673
FBgn0031249	20893.7326177162	1.18941018683617	0.523870925530318	5.01527312375427	0.0251246656136371	0.271191976488246
FBgn0031250	1195.40321870583	-0.0508043819677626	0.251010843024877	0.0409632054517601	0.839608961560087	0.967778591818814
FBgn0031251	831.127580785581	0.0365211816299265	0.157036831196405	0.0545213841505188	0.815374609108023	0.96161108133415
FBgn0031252	78.6757125941058	-0.128805843417645	0.407991154417221	0.0995794324465322	0.752334916400825	0.949627911900351
FBgn0031253	259.052555844574	0.169550443011338	0.341876791926712	0.24611237458214	0.619825875346491	0.915541451893316
FBgn0031256	911.11684223727	0.653549251847812	0.311620516599947	4.36042490575976	0.036783129538516	0.344237662184508
FBgn0031257	126.706681075717	-0.610831335521	0.295844907805261	4.27013268762322	0.0387879015501718	0.355090985433163
FBgn0031258	322.462142461695	0.402935777854768	0.371182288586644	1.176718977066	0.278024960183704	0.814520902506848
FBgn0031260	2556.53278743045	0.0217926261208072	0.286425615460661	0.00579256468806477	0.939332459353947	0.985167850793781
FBgn0031261	407.726397056131	-0.00878180747668446	0.217786282770481	0.00170321920136018	0.967080588356889	0.991444149622978
FBgn0031263	1332.11172459732	0.0799781176426167	0.272137076599334	0.08637352560973	0.768839107984964	0.952993416349077
FBgn0031266	1371.80856637401	-0.116265555355659	0.244824983633986	0.225727119404183	0.634710365893203	0.919928929495445
FBgn0031267	490.264812705367	0.0784314669177857	0.397078002158848	0.0390522640003894	0.84334515805504	0.968366267016608
FBgn0031281	202.206650905031	0.0534982251099158	0.194549873725751	0.0765814971420795	0.78198465362362	0.95464831915353
FBgn0031285	6238.44885483306	-0.0526316996405014	0.143194014819726	0.135118437065316	0.713183000613091	0.939284009468917
FBgn0031286	174.929812785194	0.164842514463006	0.194392127197566	0.720329340974963	0.396035900596037	0.874254191912029
FBgn0031292	198.966123846178	-1.01352747631062	0.41549541187112	5.86068748660379	0.015482745403301	0.193626476740092
FBgn0031294	2195.51173931207	-0.21305964388296	0.446812666960083	0.227212362121961	0.633598568097894	0.919611276494636
FBgn0031295	114.634984771483	-0.626136355333198	0.691582136536406	0.810276624556707	0.368038479202859	0.863934268722523
FBgn0031296	93.5336946326602	0.169504936677531	0.532277676961083	0.101437352875919	0.750111525336256	0.949227302638817
FBgn0031298	1731.83418319206	0.0516276221807304	0.195568561650441	0.0697214181813166	0.791742827287875	0.95691559934858
FBgn0031299	243.545643194103	-0.439955490413824	0.350735679056339	1.57222489390018	0.209884199174487	0.760057257869818
FBgn0031304	1094.00114365981	-0.0439834883631712	0.234599666611643	0.0352470726655838	0.851078874957906	0.970630958579679
FBgn0031306	387.989791509595	0.176354273330886	0.28997497398503	0.37030736803051	0.542836773896026	0.907173673980027
FBgn0031307	2299.53945762169	0.40627790022717	0.510434299090393	0.631521882826291	0.426797626269409	0.882445624708359
FBgn0031309	147.594293233193	0.0317058508916214	0.210944500587454	0.0244603934946781	0.875719164648787	0.976196791307201
FBgn0031310	400.512116068711	0.136313974363478	0.264988434985994	0.264960748940439	0.606732354405028	0.914069664297095
FBgn0031312	406.0691748025	-0.0369116257111965	0.22390123529478	0.0271988826991247	0.869006290888034	0.974400115893667
FBgn0031314	221.347110021188	-0.022164444281962	0.247747068330931	0.0096875895874291	0.921594384409773	0.981892832603607
FBgn0031315	145.625734301515	-0.0979230468310025	0.28986702118145	0.114922876942998	0.734607644689614	0.945424433670538
FBgn0031317	397.54204301975	0.194370629810083	0.300108373087119	0.418996944964348	0.517437973990771	0.900305384455461
FBgn0031318	901.475351822841	0.00765770410167809	0.235822242764938	0.00112104010642611	0.973290269927829	0.991444149622978
FBgn0031319	569.339979648152	-0.500613040159438	0.139586084284795	12.8150166569157	0.000343848347457872	0.00933707093730529
FBgn0031320	685.418125971353	0.433609984642665	0.174721562829593	6.14031672319034	0.0132133644295832	0.171320302255659
FBgn0031321	108.454651978447	-0.192361763646097	0.249932466435568	0.598739845079017	0.43905923658531	0.888270226363548
FBgn0031322	1050.30340526261	-0.0407822301307981	0.339866716883668	0.0144002385422084	0.904482360613403	0.979772897569974
FBgn0031327	1304.95091918928	0.0373329134528269	0.223652871394848	0.0278625828651684	0.867432297445681	0.97411611643373
FBgn0031332	36.4434859099765	-0.429942233452073	0.739861244370529	0.333929083564705	0.563354609418154	0.90865959686355
FBgn0031335	60.0371942250143	-0.779818839653073	0.600670660960202	1.65374467549611	0.198450026108835	0.750424073325388
FBgn0031344	189.8220612082	-0.0891312747410567	0.206478114651936	0.187361622705126	0.66512164801411	0.927023786961361
FBgn0031347	690.212196495751	-0.830591699462573	0.370590311908012	4.95324670467284	0.0260417190358745	0.276826711868946
FBgn0031356	1573.7898014909	-0.0435884599329437	0.190732951411287	0.0523460861647607	0.819030063649496	0.963079425620592
FBgn0031357	146.337651170399	0.0846647091247522	0.237596713650517	0.13084786789365	0.717554555251666	0.941287941384178
FBgn0031359	901.962457263697	-0.0352447191284648	0.153605217531056	0.0526424870661941	0.818527333390876	0.962757692066749
FBgn0031360	1351.56530447207	0.222717136041666	0.337811824513171	0.434341437876228	0.509866323816156	0.895913536575615
FBgn0031372	78.7622206483974	-0.71063831379378	0.726935182781511	0.941900150637736	0.331789650171365	0.841662811307778
FBgn0031374	1888.56524627564	-0.217039245256127	0.321666402731982	0.455062235525091	0.499940731176553	0.895295388353976
FBgn0031377	442.967311571526	0.0950359331227264	0.268239304619744	0.126056173946466	0.722556700217476	0.942405474262163
FBgn0031379	606.60667153428	-0.0589905243986367	0.191739695682204	0.0947131047985863	0.758268809012282	0.951679100282497
FBgn0031381	2440.64302465585	0.136801077112034	0.402383468214658	0.115520580255335	0.733944499154915	0.945153167468266
FBgn0031384	417.795767760838	-0.87992906035917	0.305630936895675	8.19397944892627	0.00420296302495801	0.0715014195581925
FBgn0031390	1416.52058418101	-0.137945499482023	0.29587543527319	0.21745744526865	0.640984083995037	0.921446243022313
FBgn0031391	243.253753606378	-0.306709319434815	0.213073809097998	2.06713311016152	0.150504206358333	0.690413400783532
FBgn0031392	800.886711473066	-0.123403790776495	0.195911835759136	0.396381317310642	0.528964037719728	0.90232385622236
FBgn0031395	597.35141178949	0.342734852509833	0.200008381762928	2.92990091812331	0.0869528288623778	0.548612292612179
FBgn0031397	292.128682570282	0.126757955138129	0.213924888629256	0.35263321652716	0.55262630170488	0.907978647188282
FBgn0031398	110.366512649038	0.688552637197696	0.483588632874372	2.00580730018942	0.156697853706245	0.698322912858397
FBgn0031399	718.4051297665	-0.316029338535089	0.361828589737856	0.762336014096306	0.382598460307162	0.867649983706974
FBgn0031401	599.050538924372	-0.124416857302352	0.228378783518172	0.296799526197574	0.585895822040923	0.90865959686355
FBgn0031403	115.863965330193	1.32505179403997	0.754993612721674	2.97875967953574	0.0843638998412645	0.545240295687099
FBgn0031412	60.7479218785559	-0.91944241085557	0.36374457504822	6.31067404343933	0.0120013204348531	0.160603657539021
FBgn0031417	281.608545028293	0.341822865989613	0.293854944324549	1.35126029491609	0.245057911160716	0.792429197916752
FBgn0031418	1076.59214003339	0.882384975144701	0.309582798664747	8.00580587908857	0.00466276069300463	0.0779042561908765
FBgn0031420	828.092138170502	-0.227468919054361	0.234372148450546	0.942390286164112	0.331663878423474	0.841662811307778
FBgn0031426	60.1272181496468	-0.287035043428819	0.338287874518416	0.727041790496195	0.393843743093615	0.872919006760984
FBgn0031428	268.744607099718	-0.0383408264979101	0.2677842230414	0.0218406073277038	0.882511910633981	0.977724198541247
FBgn0031432	1615.94288765017	0.864380218199384	0.615066362646372	1.94647778009355	0.162966909609083	0.710472428196372
FBgn0031436	732.415404989682	-0.0146297021145079	0.190749355456337	0.00643677366466022	0.936054723243578	0.983817395465111
FBgn0031437	1113.41244391023	0.0820238620153857	0.266728195854786	0.0945875202487088	0.758424130744107	0.951679100282497
FBgn0031449	626.29985375559	0.403357950927366	0.219972939934425	3.35378989372325	0.0670504747063213	0.483269459204052
FBgn0031450	2477.14556439099	-0.462022669855592	0.314911121662212	2.14387007251121	0.143140389215641	0.679015115463303
FBgn0031451	89.0912900034441	-0.529677152671086	0.51463779305662	1.04845208059471	0.305863856099845	0.832614936158673
FBgn0031453	3415.90045484371	0.811152169570183	0.539552876917716	2.23084774265769	0.135279605631218	0.667188853124855
FBgn0031454	182.079663581334	-0.593012915825766	0.227051826785722	6.77975620474762	0.00921974820205762	0.131326718457784
FBgn0031455	182.079663581334	-0.593012915825766	0.227051826785722	6.77975620474762	0.00921974820205762	0.131326718457784
FBgn0031456	426.333955816824	-0.185355686821109	0.275602038207257	0.453112320547675	0.500860656591338	0.895295388353976
FBgn0031457	419.810262614978	-0.129295840632205	0.233278222246534	0.307196234132888	0.579405805997692	0.90865959686355
FBgn0031458	410.38486344145	-0.0614246223782032	0.226854846564521	0.0733203621361014	0.786562297197008	0.956065302765536
FBgn0031459	1268.58822907297	0.251262074069883	0.237504097975549	1.11729893424345	0.290500807507796	0.826387777315387
FBgn0031461	1585.09727523245	0.139576528477449	0.25320607604883	0.303698107208874	0.58157327434098	0.90865959686355
FBgn0031462	135.389120328231	-0.923797097842457	0.492733543274449	3.45638421671873	0.0630079569849491	0.463656581606335
FBgn0031470	204.35271402396	0.648726516839454	0.203980006625589	10.0680271441417	0.0015086448790378	0.0320978520593259
FBgn0031471	328.525554172655	0.339885227915051	0.177192815266053	3.68203480574572	0.0550016876993037	0.435187046605322
FBgn0031474	1085.7383973603	0.039556675008656	0.196375164860923	0.0407008285933017	0.840116500295009	0.968048427651431
FBgn0031476	126.072051624812	-0.750401222418443	0.634763131829937	1.37778583589686	0.240478660321537	0.788656393900322
FBgn0031478	1082.31257084784	0.243488039566695	0.166171144733981	2.14409939361511	0.143119000590134	0.679015115463303
FBgn0031483	427.113315818433	0.0517597387600624	0.40520526102387	0.0163841887660396	0.898148389509012	0.979772897569974
FBgn0031484	174.056184639673	-0.00279640030476769	0.340994158704077	0.00104305284484241	0.974235736984944	0.991444149622978
FBgn0031485	216.475035571899	-0.0234304290568286	0.213515523222086	0.0120438499688262	0.912612026831417	0.980376791913083
FBgn0031488	273.048475024305	0.238717884017252	0.359333935240833	0.442408519576759	0.505962250554231	0.895295388353976
FBgn0031489	904.167880495477	0.280554015140691	0.28189889383072	0.988467485651384	0.320117223047362	0.836525230873765
FBgn0031491	403.12102404147	0.00856641465967743	0.29233336998483	0.000967768437547534	0.975182630684516	0.991444149622978
FBgn0031492	503.117662944202	0.215720322930155	0.239916277223501	0.80742762522398	0.36888186859946	0.864159753811589
FBgn0031493	826.31996282735	0.0740686438860321	0.220807267400586	0.112688876865221	0.7371034110229	0.946126559675231
FBgn0031495	532.803261255102	-0.250157923582113	0.198710133429719	1.58459691651176	0.208099785408218	0.757607134477482
FBgn0031497	2046.01908075704	0.00826983776835239	0.129009412064783	0.00410912601827818	0.948888639103882	0.986127648092932
FBgn0031500	218.482787821642	0.438640292176322	0.307377290889938	2.02901102743069	0.154320998998517	0.694936377535226
FBgn0031512	885.912060028628	0.765495237412046	0.409149430022104	3.45976114753807	0.062879397440932	0.463542505345256
FBgn0031514	1575.73834006706	0.368793797901609	0.361362657172793	1.03915752629605	0.308017489965215	0.832614936158673
FBgn0031515	1655.95175874403	0.17134352335289	0.287983904088007	0.35384842834101	0.551942671031959	0.907978647188282
FBgn0031516	751.047587430262	-0.0213588913475261	0.15439090084449	0.0195091530003282	0.888916645856446	0.977808310442091
FBgn0031518	336.524996415897	0.0610430558859513	0.265792930110438	0.0535417953092008	0.817011055706934	0.961742180262238
FBgn0031522	233.962248071362	-0.62168496205854	0.395740372637129	2.45209635050462	0.117368027048187	0.632282627764722
FBgn0031523	294.375845920162	0.105847589743249	0.172995623715009	0.375585686620738	0.539975222220436	0.907173673980027
FBgn0031529	298.937013411299	0.335967876227038	0.242206514122796	1.91969822620814	0.165889931514968	0.710803241981315
FBgn0031530	773.552066885676	0.187097878105528	0.234531350183502	0.63598025629905	0.425170164076668	0.881714569656874
FBgn0031533	282.941389912199	0.0823120121417741	0.48208779397164	0.0291755705091674	0.864374283493847	0.972458577783987
FBgn0031534	2196.02584722366	-0.156877330307353	0.2780841590598	0.318057310697469	0.572777475622338	0.90865959686355
FBgn0031535	535.617859351995	-0.0233103088579106	0.283193184509472	0.00683738590485916	0.934099239455755	0.98378812856611
FBgn0031536	576.569002765942	0.0109741466034109	0.249175592738256	0.00195242043518817	0.964755980628935	0.990689517101389
FBgn0031538	1006.25809716173	0.860377901194895	0.350227836912528	5.95195560843815	0.0147009683993361	0.186626795208491
FBgn0031540	116.314251448463	0.189189157387651	0.248740803435762	0.579862668300215	0.446366155605749	0.888270226363548
FBgn0031542	476.53098744465	0.300150426194845	0.313505715391352	0.914984707984047	0.338795279181692	0.844975856087411
FBgn0031544	905.040457971302	0.170854260123983	0.264574852439785	0.416628654292651	0.518624091962357	0.900305384455461
FBgn0031545	1169.60356492059	-0.753753404115691	0.335232485676261	4.99742164900672	0.0253851078061953	0.272786923506107
FBgn0031546	183.019992451275	-0.627514496276786	0.494870915968306	1.59080973991023	0.207210482725798	0.757607134477482
FBgn0031548	284.541039535717	0.514808659499001	0.395694673289026	1.68586358115998	0.194147138925723	0.747417570101594
FBgn0031549	187.245944427127	-0.407545585728728	0.300087762346032	1.83506545206136	0.175530409384601	0.721800253941284
FBgn0031558	2005.85309908628	0.719142393551788	0.520181444892208	1.89148200806989	0.169034860515855	0.714571915379902
FBgn0031562	381.173733173031	-0.314201691724201	0.26783513725401	1.37108797430724	0.241625042614401	0.790406091073906
FBgn0031566	954.1671090815	0.057221520309535	0.178261552233834	0.103038685414475	0.748213123062682	0.949227302638817
FBgn0031571	2301.65849098795	-0.122356326562267	0.483728593581616	0.0639809697239997	0.800311025455576	0.958174580223308
FBgn0031573	119.36731576969	-0.102454199242494	0.226828793933011	0.203848402735588	0.651632295062833	0.923176308859401
FBgn0031574	743.597131721057	-0.647471163336668	0.248783620141683	6.72147178292651	0.00952589847429774	0.1352291398277
FBgn0031575	335.708151049994	-0.167549373275764	0.42229955143378	0.157152127065871	0.691792134262222	0.93317827033203
FBgn0031579	512.338024529526	0.999276625032527	0.407655188503345	5.89394878579566	0.0151929954330473	0.190854908250119
FBgn0031580	1154.42379226038	0.224571370470525	0.229957506965075	0.952388424555863	0.329112088647246	0.8415226533537
FBgn0031585	228.718901574093	-0.335589336003479	0.807072100670348	0.172206136188294	0.678158541355788	0.930018495477913
FBgn0031589	2990.67694428167	0.0803138544937088	0.173795937884423	0.213604267979221	0.643956964325378	0.922213082123245
FBgn0031590	2070.34796120606	-0.0185866530568526	0.203524040114024	0.00837985065544444	0.927062313173717	0.983026071820471
FBgn0031598	561.849826907711	0.0426978345192729	0.194897348633598	0.0485005118615902	0.825693343727612	0.964052863213496
FBgn0031600	300.624805869999	0.180271141499243	0.244690668998056	0.5427129588534	0.46131055805149	0.888270226363548
FBgn0031601	186.83660592187	0.152195110555232	0.25578657821798	0.355330641889765	0.551110983767183	0.907978647188282
FBgn0031603	106.353379591957	0.702114341154025	0.481265641273977	2.10526277128577	0.146793124408815	0.684257552794704
FBgn0031604	342.094139747381	-0.0416807381481218	0.198674932004722	0.0440527197332088	0.833755558302898	0.966085267248416
FBgn0031606	437.875267269091	0.0181569374977768	0.312354498590143	0.00358676732247432	0.952243542184156	0.986885525775761
FBgn0031607	381.873158130018	-0.0317741603953588	0.176025584204066	0.032597637872442	0.856722249783921	0.971373856909766
FBgn0031608	179.202934479809	-0.277743652774887	0.232324034562351	1.43379986813381	0.231145297733177	0.779813484379362
FBgn0031609	290.242565785318	-0.117188721104963	0.159899214882693	0.536906114949474	0.463717768599228	0.888270226363548
FBgn0031611	371.96140390675	-0.301954324490745	0.253944751884283	1.41611686744479	0.234043606521163	0.780240739081296
FBgn0031623	83.7413476172723	-0.863032289495988	0.535073352347598	2.56203322022508	0.109457728927023	0.614073934514485
FBgn0031626	123.65341257634	-0.410622439486335	0.695631028626704	0.346306591292574	0.556211362500188	0.908003182797042
FBgn0031628	73.2687099596376	-0.0729269639795444	0.273271587766643	0.0714884870722159	0.789181746907224	0.956915308546756
FBgn0031630	66.995259125977	-0.236072254538892	0.431607195774068	0.298276447765573	0.584964956088048	0.90865959686355
FBgn0031631	88.9397863874937	-0.539654009533404	0.323876294754826	2.76680207353458	0.0962382551490299	0.580191030324567
FBgn0031632	255.092201482322	-0.0370191665114711	0.222259989774254	0.0289220394967415	0.864959168121588	0.972631493436784
FBgn0031633	1198.17386166817	0.123584952846981	0.170566299448588	0.525174839034392	0.468642551827966	0.888270226363548
FBgn0031635	847.539639341082	-0.0652824333508491	0.188157307667757	0.12064013453255	0.728341246471505	0.943653288647581
FBgn0031636	522.402585654728	0.548539553581488	0.186566478622397	8.61019681533276	0.00334286177531888	0.060546143016767
FBgn0031637	1949.94454201086	-0.19820983944718	0.269108770030939	0.542182306345154	0.461529712550297	0.888270226363548
FBgn0031638	305.532657862723	-0.242809005231062	0.253592159795975	0.914880055251665	0.338822903469897	0.844975856087411
FBgn0031639	219.399444929549	-0.0168471838573119	0.229675424023444	0.00659219685808665	0.935288987362959	0.983791327714752
FBgn0031640	395.894251689754	0.229950820028688	0.160351579326451	2.05576497920379	0.151631083121936	0.69217570821335
FBgn0031645	2963.88173590827	0.44540277678249	0.220059153824996	4.08139372883622	0.0433578813998555	0.378773009651129
FBgn0031649	389.369731173504	0.431714270877055	0.324655887203318	1.76521710035013	0.183975109890588	0.730338603457958
FBgn0031652	98.752244877702	-0.292077190422329	0.280680974348959	1.07872398078313	0.298983185641435	0.832614936158673
FBgn0031653	35448.9748686177	-0.950051027283844	0.354921698155414	7.0395334102207	0.0079729799765821	0.117552497759993
FBgn0031654	32073.103251923	0.216854624165898	0.273245802333295	0.629247707867165	0.42763139389805	0.883001040373271
FBgn0031655	110.860931972685	-0.0659588671160466	0.258581488864559	0.0650815327377217	0.798637504032814	0.957999832735677
FBgn0031657	174.726641174291	0.0407056889920661	0.257184628069506	0.0257484343276602	0.872516218474343	0.975386188335215
FBgn0031659	540.361981258934	-0.022890907798493	0.184533356591077	0.0155429651308197	0.900783677494142	0.979772897569974
FBgn0031660	780.331340766465	-0.0706986073356992	0.218610272624942	0.104759889644697	0.746190668663307	0.948987319166172
FBgn0031661	475.242253995162	0.455127539548891	0.232178188625712	3.82524088534053	0.0504860904755323	0.415558378409768
FBgn0031662	740.729565714025	0.332621089289127	0.171703730317383	3.74580063473233	0.05294035899017	0.427387874114686
FBgn0031664	399.941850203739	0.0630506111345202	0.200874281849476	0.0987517810129717	0.753332718639149	0.950354973832676
FBgn0031668	173.028039784431	0.466152274177598	0.500508267312306	0.862326012014591	0.353088591309089	0.85294756349208
FBgn0031670	1129.31809276606	0.0965868078787917	0.278231011178557	0.120481439695581	0.728512914891183	0.943653288647581
FBgn0031673	610.192191303343	-0.203555696099776	0.245833671984148	0.684186377557296	0.408148876801824	0.87822152781539
FBgn0031675	162.719168792716	0.508157730584432	0.264869780624826	3.66640974796301	0.0555196566248757	0.436062798388276
FBgn0031676	222.774108349086	0.14594376894491	0.246387012586984	0.351975147844286	0.552997170735582	0.907990612706933
FBgn0031681	1866.84585612012	-0.079398492812646	0.191039637860724	0.172917922751353	0.677531471213726	0.930018495477913
FBgn0031682	1324.11263806256	-0.0784734703960296	0.171323559223072	0.209814519175069	0.646912820806034	0.922694169316485
FBgn0031683	447.190002252919	-0.164139325986737	0.175580305416009	0.874253839765402	0.34978035160835	0.851467182456711
FBgn0031684	418.137047069134	0.0855895507517806	0.305898226301502	0.0785233256609956	0.779308617560093	0.954104815044529
FBgn0031689	730.457220418009	-0.567134067781159	0.284657855084085	3.94767608739312	0.0469361440757101	0.39763241412527
FBgn0031690	185.709327956292	-0.420323883513281	0.392645047420554	1.13945574980833	0.285767359688403	0.823270339441738
FBgn0031692	211.858947121689	-0.0285137473497037	0.392066343927518	0.0052992368293161	0.941968567666427	0.98539396278863
FBgn0031693	754.244947676823	0.861550754172683	0.280878678648892	9.28098877908764	0.00231544406114074	0.0454649343220252
FBgn0031695	419.035832141854	0.763316584466897	0.235535604169339	10.3995515861321	0.00126045918909745	0.0275140234420129
FBgn0031696	615.275198021976	-0.333025673757216	0.315166578312684	1.11550377398284	0.290888671725909	0.826387777315387
FBgn0031698	1659.36400422726	-0.308232676605104	0.531104137222728	0.336293245104571	0.561976685774112	0.90865959686355
FBgn0031702	1022.20424232554	-0.765261288425509	0.133663445327192	32.5323314970585	1.1722602325126e-08	8.0094918650698e-07
FBgn0031703	327.250312696797	0.992276940480766	0.588811463283723	2.78856885498732	0.09493898178611	0.57780184404153
FBgn0031708	409.072050104241	-0.150856101370115	0.260899648550985	0.333817968132877	0.563419531694571	0.90865959686355
FBgn0031710	342.797584332517	0.355696970263518	0.249958638446098	2.01951391906182	0.155288844746312	0.696398483728467
FBgn0031711	886.721497911451	-0.113057817044096	0.179417103191072	0.397933195455693	0.528158575633818	0.90232385622236
FBgn0031713	792.746980674657	-0.502953889873105	0.191897283459268	6.83275240676659	0.00895012414129809	0.12923856234273
FBgn0031717	2473.45533518719	0.238026363840962	0.31106852507315	0.584761980649844	0.44445180653972	0.888270226363548
FBgn0031722	108.727366235163	-0.705173648354903	0.473611681776997	2.18787339987308	0.139101252111093	0.673003409753384
FBgn0031723	143.965026582679	-0.685918131367035	0.572709154650389	1.417257919409	0.233855263844439	0.780240739081296
FBgn0031724	323.214738576364	-0.70170379491769	0.533603530717312	1.70989899759455	0.190998475569105	0.740253204453755
FBgn0031728	1247.90163657083	-0.712037806829709	0.366902197482511	3.72700894359043	0.0535391865455982	0.429745294870303
FBgn0031732	283.178278840947	0.572646271603808	0.34187341131235	2.79148120663906	0.0947665951195713	0.57780184404153
FBgn0031735	213.85091166053	0.042276242996765	0.645943870382974	0.0043212562906092	0.947587801034767	0.985829150767044
FBgn0031736	499.601828997375	0.120055883153788	0.184873233416296	0.422090179151922	0.515895923897052	0.899800082912932
FBgn0031737	2476.35781247921	-0.252262651733498	0.35517633282424	0.503769960287286	0.47784830154342	0.889027677218827
FBgn0031738	780.678523619415	-0.0776707434712741	0.256829599398014	0.0915002473382174	0.762278495964233	0.952556923338905
FBgn0031739	123.255260284662	0.156007739219432	0.304222367652352	0.264712276067378	0.606901084135879	0.914069664297095
FBgn0031740	282.499741034586	-0.332475064258779	0.223927592662343	2.2108305048655	0.137044875562488	0.671238699047585
FBgn0031741	1478.31649217077	-0.0124041289644288	0.455152113379698	0.000743099664376246	0.978252476471325	0.992134162437166
FBgn0031745	152.175503339623	-0.253934808094208	0.430646712621469	0.347704398493093	0.555415499788431	0.908003182797042
FBgn0031747	9613.74246750694	-0.742636423623496	0.438924150402219	2.83167382753302	0.0924219865858195	0.569856474884246
FBgn0031751	387.474292506856	-0.621650493171293	0.513900114927253	1.45005894021912	0.228518495288248	0.779156488035392
FBgn0031752	1558.36996473592	-0.302995927255095	0.233934070977899	1.6762349139624	0.195425496006459	0.747574087456413
FBgn0031757	61.6979454339944	-1.02014162536751	0.632367500232677	2.53688995626764	0.111213651483277	0.617190703020285
FBgn0031759	2878.51635547994	-0.239299935211357	0.455608788460058	0.275598636218021	0.599600645963936	0.912217600937776
FBgn0031762	323.175565977665	0.475041511591956	0.276875428889759	2.93764368237574	0.0865368867526765	0.548234176044388
FBgn0031764	218.564613678964	0.371966831065129	0.349700227002436	1.12716769232522	0.28838028250158	0.824296064705465
FBgn0031768	276.65939287014	0.194808815062849	0.264064255949307	0.544276553805247	0.460665767858273	0.888270226363548
FBgn0031769	1575.08068246007	-0.237889380895831	0.180806384388997	1.73065879230766	0.188326785556941	0.736720403595156
FBgn0031771	1892.92343880908	-0.164752011142973	0.167361140544543	0.968629522395517	0.325022210018576	0.838831396674705
FBgn0031773	360.331161232084	-0.497939552984711	0.171076123624486	8.47040426132649	0.00360971199836135	0.0642712280386203
FBgn0031779	597.2037324818	-0.0107758859387923	0.200796600651583	0.00311302661845048	0.955505513713384	0.987492945289472
FBgn0031782	219.507580547665	-0.434552910677254	0.199692538513504	4.74499053836282	0.029383715183598	0.296803776926632
FBgn0031785	413.468838876695	-1.06175034273042	0.35528683136232	8.7605489668956	0.00307816381500354	0.0567300190817757
FBgn0031791	1898.49088331928	0.186209748410869	0.391203071297515	0.226408120109184	0.634200038794337	0.919611276494636
FBgn0031799	629.635166464819	-0.0405000546500791	0.383494619141527	0.0112242090553707	0.915626491767082	0.980404978288931
FBgn0031801	249.634084503262	1.72634749704947	0.562413026446639	8.94316836173822	0.0027850921946916	0.0528350221313503
FBgn0031805	255.503895785554	-0.693570807415706	0.208732123262043	11.0191056886299	0.00090177567190815	0.0208774731314493
FBgn0031808	265.413563885506	-0.261192096088467	0.40589538727284	0.414728080599829	0.519579421125617	0.90076305488882
FBgn0031813	4890.34882944952	0.0769410525224835	0.430492977779058	0.0319405565206523	0.858158183540644	0.971373856909766
FBgn0031814	747.852220789134	-0.431577687699885	0.145253950522601	8.79977783740486	0.00301267228578454	0.0558879113872119
FBgn0031815	572.727320658917	0.744043589846172	0.149138192292749	24.7037317601427	6.68546006411136e-07	3.55598774549316e-05
FBgn0031816	594.203675135666	-0.313098617078984	0.275883515913544	1.28773214191131	0.256466309002225	0.802987104110361
FBgn0031817	153.77612479927	-0.350185896661194	0.308754657069629	1.27896064678302	0.258092374896066	0.803836573577056
FBgn0031818	707.531646766686	-0.104431264075075	0.311299905387028	0.112623249021325	0.737177143354761	0.946126559675231
FBgn0031820	914.960901438275	-0.232862531381402	0.29025688787537	0.643685324417021	0.422379430016134	0.881034667480375
FBgn0031822	166.103932995563	-0.0210339566518568	0.446364463720868	0.00273842671822422	0.958265766125052	0.988105670168198
FBgn0031830	1082.05404205616	0.231257078180174	0.314145706158852	0.541051258368952	0.461997377188747	0.888270226363548
FBgn0031831	99.5498718979327	-0.558793487958793	0.661317852085386	0.706222921645107	0.400700569237952	0.875888394068263
FBgn0031832	212.391927025541	0.213531565907311	0.19544659122578	1.19632083326234	0.274058267098878	0.811687587079642
FBgn0031836	872.82086047233	0.609407076249471	0.431907574035647	1.97673341623737	0.159734957944069	0.703012504782371
FBgn0031849	232.990674247066	-0.0567976235939723	0.697224015033481	0.0066742142490881	0.934888567152117	0.983791327714752
FBgn0031850	815.441371213616	-0.317899120835709	0.195974738022529	2.62919579718509	0.104914841143509	0.605150531894337
FBgn0031851	167.322725643231	0.554000930710324	0.403232195935184	1.87459322678468	0.170949937375757	0.716066239457902
FBgn0031853	369.493186063929	-0.812841053946132	0.319633071485385	6.39021179077582	0.0114751336371612	0.155293112861036
FBgn0031855	268.611644870443	0.574159958633254	0.288512465712577	3.94111931147944	0.04711941573494	0.397925315364833
FBgn0031856	62.2994825279598	-0.753664609392164	0.452609632493014	2.74416294818031	0.0976101801598208	0.58427062255209
FBgn0031858	266.652517958334	-0.803268763431527	0.329347333220376	5.87545738591373	0.015353383755979	0.192294839173245
FBgn0031859	554.893902341498	-0.691062089026122	0.484339184365397	2.014301752798	0.155822941162283	0.697303513060611
FBgn0031860	146.693214343995	0.424264310156463	0.43582794035655	0.945613818164674	0.330838280776939	0.841662811307778
FBgn0031861	65.8134048973119	-0.851146353660466	0.534934904688874	2.48522440124155	0.11491995656798	0.627468029705223
FBgn0031865	2764.89268186976	-0.429291907801783	0.14163946911778	9.15398014622723	0.0024817765799077	0.0485043032035914
FBgn0031868	720.621647169287	-0.215439893420488	0.32582596500507	0.437333649694381	0.508412204557158	0.895295388353976
FBgn0031869	263.887134360589	0.723170885615052	0.472998052748545	2.31655604624316	0.128003150381749	0.653944362193447
FBgn0031871	445.34918650554	-0.195032825603835	0.241633752423438	0.650747416137264	0.419845585496605	0.880143567087002
FBgn0031872	1386.16358908917	-0.294592129206299	0.190783764223661	2.38321707871145	0.122644746997971	0.64336315609992
FBgn0031875	159.148809999951	-0.388050941406478	0.237231271784139	2.66887223297439	0.102328510380464	0.599959734848459
FBgn0031876	105.60509335791	-0.540238619644845	0.339817264135197	2.51136951392262	0.113027668211299	0.621652175162146
FBgn0031877	148.885656587588	-0.807128736633406	0.311608208610539	6.6416725412036	0.00996203645134674	0.139802498145193
FBgn0031878	801.93782885484	-0.121198221694718	0.320431145990868	0.142945123893313	0.705370538953216	0.936926506932642
FBgn0031879	9818.58079348569	-0.119885999825373	0.577236989477034	0.0431260186440312	0.835488166850119	0.967103958315968
FBgn0031881	76.3581208126515	-0.164405177268271	0.415911089404565	0.155923758415199	0.692937484015148	0.933894384001516
FBgn0031882	287.427265679888	-0.108794171276038	0.246158469603145	0.195307751187237	0.658535254457417	0.925628078016413
FBgn0031883	2279.89763889736	0.103651283007064	0.177837191518208	0.339733414420635	0.559983140586275	0.90865959686355
FBgn0031885	507.748542870396	-0.382857775823747	0.339557781003805	1.26792447454883	0.26015640844586	0.804496150742213
FBgn0031888	149.696425191195	-0.0513124026107232	0.399757824978438	0.0167909789675775	0.896898719667543	0.979772897569974
FBgn0031893	608.048276915986	0.192843402829637	0.3220476633698	0.35810020849884	0.54956322877833	0.907978647188282
FBgn0031895	216.99390066004	-0.145949304107697	0.396467893434632	0.135343660952984	0.712954639947504	0.939284009468917
FBgn0031896	589.716808535843	-0.385607790963447	0.318343402668436	1.46176818218864	0.226648993916464	0.779042186042521
FBgn0031897	2016.55290531292	-0.0384180671614094	0.151257891970803	0.064567407947365	0.799417394406202	0.958174580223308
FBgn0031902	245.241214831201	0.0327319391088833	0.192871910083896	0.0288549936255507	0.865114280514036	0.972631493436784
FBgn0031904	422.989156470047	0.333045191112717	0.321757997850857	1.0681158988524	0.301371407707334	0.832614936158673
FBgn0031905	207.11972249068	-0.804400130042567	0.461252449519497	2.99744637109845	0.0833958682295552	0.542880617041969
FBgn0031907	6564.98482723775	0.664764911652313	0.894746374496782	0.54715432048252	0.459482774037113	0.888270226363548
FBgn0031908	12604.1199269914	0.376062834363244	0.274863427939347	1.86654764315334	0.171871006521646	0.717865871293728
FBgn0031909	272.639085992384	-0.0034974346267114	0.31490968721959	0.00102740885259323	0.974429609997757	0.991444149622978
FBgn0031910	1925.01803955534	0.331401482527129	0.2725670220115	1.4745747300707	0.224625289126516	0.776590687686833
FBgn0031913	7923.65509070901	0.234778410215077	0.240841906043099	0.949139564631025	0.329938410461623	0.8415226533537
FBgn0031914	511.827548037895	-0.117597606033077	0.315295508053176	0.13899817829585	0.709278996669421	0.938557815778589
FBgn0031920	131.156073517332	-0.659013943219607	0.468049117816805	1.96098280513961	0.161408248226882	0.705028543710352
FBgn0031926	224.293650768656	0.735845608297161	0.239694156152039	9.38097595053956	0.00219248796469631	0.0437664343356479
FBgn0031929	881.72990791883	-0.0472240131193393	0.231492301973089	0.0416455940159466	0.838296827163174	0.96772617245595
FBgn0031939	1778.72015517525	0.704468083976285	0.316156931219862	4.91729339978004	0.0265891408319809	0.280105230936453
FBgn0031940	266.786279312208	1.30571847578824	0.800616535222916	2.57544012087048	0.108533910971156	0.613291256526072
FBgn0031942	55.0662249191273	0.602038040129917	1.07587760773946	0.311390574866707	0.576828124079033	0.90865959686355
FBgn0031946	119.882614683743	-0.526612740865576	0.474540078399321	1.22075258815821	0.269213006850716	0.810256083869186
FBgn0031947	555.675687973041	0.128841844405191	0.247544499158269	0.270950235130869	0.602695057754775	0.913115064966852
FBgn0031948	392.487442675204	-0.32378971425585	0.261690461767404	1.52521478726138	0.216832042962933	0.767589085535168
FBgn0031950	1914.60101569508	-0.133396406147485	0.194581658844826	0.469923728857879	0.493022258926439	0.892965315521076
FBgn0031951	347.368013312456	0.434470157175264	0.344021148194744	1.58834581134089	0.207562630505385	0.757607134477482
FBgn0031952	751.356280124817	-0.241519040087361	0.233985586915323	1.06562239325568	0.301936341168513	0.832614936158673
FBgn0031961	142.232045214061	-0.162535197314002	0.24231989083619	0.449114161489966	0.502755925374383	0.895295388353976
FBgn0031968	738.778935345754	0.293069270056708	0.192551151657396	2.31141584269503	0.12842702230552	0.653999148711491
FBgn0031969	1396.21346281579	0.322678535778826	0.313520998430433	1.05741891045282	0.303804610659436	0.832614936158673
FBgn0031970	204.155678866215	-2.08583368472971	0.902493425872315	4.93956849966011	0.026248588673205	0.277825112354679
FBgn0031972	366.02135969372	-0.384959922808213	0.219405211597485	3.07463966602314	0.0795222143891267	0.530400547401763
FBgn0031973	856.697955391204	-1.16756061449311	0.653552585503604	3.10940523068638	0.0778413812154873	0.523343174187964
FBgn0031974	47.0927388718149	-1.28244027362738	0.593574065824854	4.49765745017687	0.0339413201322943	0.325619696794293
FBgn0031975	375.8427254833	-0.157163164369918	0.497922247588197	0.0996778860693297	0.752216526256477	0.949621103599134
FBgn0031976	59.4691091045539	-0.0459581868792739	0.406978024949242	0.013017509671954	0.909163039341999	0.979772897569974
FBgn0031977	854.669850897921	0.0935391719367159	0.315400974355264	0.0879713903410533	0.766772129249619	0.952993416349077
FBgn0031980	8831.01166465705	0.184261657262623	0.203999091117351	0.81524014610379	0.36657552106575	0.863234160563223
FBgn0031981	1194.17492106806	-0.430189167117519	0.458806111281966	0.876502059169354	0.349161530364503	0.851277488013718
FBgn0031985	1866.77137540541	-0.179376659907354	0.393909400363195	0.207306195430078	0.648887023464967	0.922694169316485
FBgn0031987	479.168175147905	0.324272187866502	0.211847873705466	2.33695453552181	0.126336330135317	0.65078499017855
FBgn0031988	1502.21693023872	-0.0536405194876531	0.154164684374538	0.121482267448798	0.72743237844212	0.943562541816265
FBgn0031990	2545.49877922328	0.144742643146949	0.407572483003023	0.126093495373226	0.722517329140124	0.942405474262163
FBgn0031995	1944.95583462984	-0.0689096400070172	0.23522179643066	0.0859082884216633	0.769444832187879	0.952993416349077
FBgn0031996	510.642490284282	0.191867177729253	0.172427821900404	1.23783391148932	0.265888920620881	0.808870738247104
FBgn0031997	218.793461619224	-0.215428064483821	0.211317699318764	1.03757095359862	0.308387077500616	0.832614936158673
FBgn0031998	432.182029840881	0.165072772718424	0.297437461912042	0.307753402707405	0.579062070290494	0.90865959686355
FBgn0032000	642.624219445885	-0.0588383484253128	0.271775399906278	0.0469442200009098	0.828468530735854	0.964901903583029
FBgn0032001	352.006736900213	0.306212157151607	0.262186833162812	1.36070912208305	0.243414622360322	0.791969216537417
FBgn0032003	49.2486460062114	-0.367700366307104	0.750144148230384	0.238117229197357	0.625569270249817	0.916152845817619
FBgn0032004	61.404447804217	-0.323340577107513	0.764260727419434	0.177864941626659	0.673214532814267	0.929930133755933
FBgn0032005	1934.91738220257	0.154747770223614	0.230641451011124	0.449839163524729	0.502411342929028	0.895295388353976
FBgn0032006	2800.44867115817	-0.336209664859119	0.344080672686253	0.95293219851547	0.328974052799753	0.8415226533537
FBgn0032010	753.651763197053	-0.178571208757066	0.278705109788827	0.410546352662976	0.521692328532892	0.90173657700483
FBgn0032013	50.6620135224193	1.01663847901876	0.353556135714097	8.21194652771057	0.00416154844480528	0.0710846608336252
FBgn0032014	198.795533164452	0.225884129180933	0.231199096778044	0.95457827514533	0.32855666821305	0.8415226533537
FBgn0032015	1414.92160208139	0.442118515230124	0.233493796622344	3.57056091930741	0.0588124419376189	0.449984527582517
FBgn0032016	218.863984384122	0.706249108332738	0.432733187686653	2.63494756468208	0.104535512396438	0.604436702448471
FBgn0032017	111.970256006499	0.60057413904599	0.475704245022578	1.58027686040521	0.208720818499557	0.75770615925282
FBgn0032018	2468.56195082457	-0.142255327514266	0.303369385687095	0.219886333744157	0.639126539998284	0.921446243022313
FBgn0032020	246.320469378052	-0.324500631600456	0.310556462472104	1.08627750582816	0.297297467410105	0.832400050684574
FBgn0032022	304.301596809543	-0.798623370196841	0.437598229721167	3.28252152256391	0.0700212735713937	0.495234995409215
FBgn0032024	95.8451748524686	0.412307881108681	0.545428659982814	0.570715206130302	0.44997485242761	0.888270226363548
FBgn0032025	2111.29304318565	-0.728730719710563	0.626263261809785	1.33974998743902	0.2470780632389	0.792429197916752
FBgn0032026	1980.58697826648	0.0533025290769548	0.224405899846529	0.0565011137493343	0.812114071239464	0.96039638452444
FBgn0032029	813.245645411283	-0.0346359884511601	0.186676176955208	0.0345308934099648	0.8525820773417	0.970680322951
FBgn0032030	349.865487584722	-0.0212988442635535	0.255138764793936	0.00709698385212221	0.932862754947668	0.98378812856611
FBgn0032031	157.570857295772	-0.372387797403731	0.210894237494018	3.1057061466573	0.078018391206396	0.523695335222486
FBgn0032032	101.982309606241	0.656608790847326	0.421438857274833	2.40559187367395	0.120902389020488	0.640205897968199
FBgn0032036	734.239123318332	-0.178939402974765	0.321535648761524	0.309351135832941	0.578078627481232	0.90865959686355
FBgn0032039	36.9486058286469	-1.22787364008681	0.594714611081004	4.13289644296348	0.042057307861611	0.371661004488936
FBgn0032042	283.243077590934	0.0901292194693111	0.202204464589091	0.199416952093401	0.655191877620641	0.924526506893163
FBgn0032047	245.255447114573	-0.209575343327257	0.378825768497863	0.305298469196856	0.580579665688155	0.90865959686355
FBgn0032048	65.6633023880625	-0.177783806399242	0.358098410687496	0.246834989929205	0.619312528346644	0.91550458350478
FBgn0032050	881.455867953294	0.188140914146314	0.184443884269315	1.03952878762088	0.307931088760095	0.832614936158673
FBgn0032051	291.012824200374	0.154630318935198	0.337238134419695	0.210123516565943	0.646670610225411	0.922685875778328
FBgn0032052	336.59741246816	0.146725458413445	0.313688184231672	0.218871559097991	0.639901082056334	0.921446243022313
FBgn0032053	140.309192377397	0.180606245517566	0.288468983595814	0.394504128064568	0.52994129167265	0.902833014908463
FBgn0032054	387.915697562492	-0.111991984550725	0.186011128822521	0.362648997061868	0.547038718445412	0.907978647188282
FBgn0032059	459.458281965945	-0.0344070244404553	0.220147833651874	0.0250373931286276	0.874273921037295	0.975750070703509
FBgn0032061	381.857621097245	-0.330933090999029	0.478109510209675	0.477407567434099	0.489598934529728	0.891955223452815
FBgn0032068	3131.554695954	0.764466563930505	0.802847148500419	0.896285983734813	0.343779531333227	0.847342045408736
FBgn0032069	8164.5293248266	0.404499488352703	0.761939182988173	0.280915448031749	0.596101826563985	0.911189805440844
FBgn0032074	3717.14017281374	0.353973616814988	0.178963726491202	3.90208886005018	0.0482261108942168	0.403677525851592
FBgn0032075	7610.969741981	0.374161901561803	0.214725846940739	3.02809036029404	0.0818342796317833	0.538977496885194
FBgn0032076	2362.27151511416	-0.0863765503955989	0.295184724474469	0.0856295559587608	0.769808586632766	0.952993416349077
FBgn0032078	580.519696656766	-0.179297744027495	0.326274535089028	0.301874954712474	0.582709373223735	0.90865959686355
FBgn0032079	177.101194466112	0.159868032391843	0.356203924651525	0.201980313629818	0.653127119857452	0.923735839112994
FBgn0032085	66.6811780873715	0.947667262790778	0.377780438650235	6.21576553349703	0.0126617589245852	0.16626472187846
FBgn0032087	2499.57457825253	0.759161145260192	0.237703631881745	10.0851303192259	0.00149470591134798	0.0318820012156559
FBgn0032088	362.727881280514	-0.283061240239092	0.285882113881381	0.977487536417428	0.322819881099424	0.838094865409671
FBgn0032105	307.593536191698	-0.143898787043475	0.255270759290856	0.317552496860159	0.573082230457045	0.90865959686355
FBgn0032109	81.8063052075809	-1.29063163666009	0.561284733557181	5.11362412457056	0.0237386826992155	0.259765480995061
FBgn0032115	55.633178831556	-0.514675903757822	0.802933149586955	0.406256448592856	0.523875725919715	0.90223474301381
FBgn0032120	1255.56041946169	0.0267884028849181	0.223287122298829	0.0145026662555949	0.90414489122035	0.979772897569974
FBgn0032123	1593.11170153896	-0.0539454937248695	0.257974610938455	0.0437861700238926	0.834251948717439	0.966333121349288
FBgn0032124	345.795411883662	0.944668887462618	0.463022600384401	4.0899893914951	0.043137912871945	0.378030260454458
FBgn0032129	2793.34760995718	0.124477309266828	0.309965238307029	0.161258901612399	0.688000111791118	0.931504874015863
FBgn0032131	161.30188147196	0.792928210107251	0.465252711190118	2.87555678255316	0.0899338652546377	0.560468400969047
FBgn0032135	429.398968447314	0.516845349359223	0.179664256081305	8.2394053841742	0.0040990558918272	0.0705911182682701
FBgn0032136	1938.90498763069	0.70506546986538	0.624087653966597	1.26402532046946	0.260890525420011	0.805153765933073
FBgn0032138	2706.5787820584	0.141498317844071	0.123648164056595	1.30917097643484	0.252544809444907	0.7982483163473
FBgn0032140	332.174921775856	0.526774903755012	0.331516823975567	2.51009138530927	0.113119371815584	0.621749640770547
FBgn0032144	15565.6709737962	-0.202254341065572	0.551131429719294	0.134568798236955	0.713741202886418	0.939380397144481
FBgn0032147	4419.11940297603	-0.405670026609525	0.243314940122586	2.77027355830626	0.0960297485198347	0.579349609878457
FBgn0032150	55.4868027018752	0.0150277620102474	0.367757520400453	0.0052675796195274	0.942141859791537	0.98539396278863
FBgn0032154	74.8557720985231	-0.162299539426697	0.289781089578408	0.314335893771357	0.575031615769876	0.90865959686355
FBgn0032156	1722.98544547961	0.277443642122848	0.24889543666435	1.24087226802773	0.265303012711446	0.808870738247104
FBgn0032157	463.156829771784	-0.214107747354382	0.187529848790554	1.30436086828051	0.253418194670942	0.7982483163473
FBgn0032160	871.177112602802	0.771628744152585	0.163880659056048	21.9469621544639	2.80290225006762e-06	0.000128719073822778
FBgn0032161	152.605998140464	-0.0477125306431742	0.416764260808838	0.0140620638555831	0.905605280124046	0.979772897569974
FBgn0032166	299.959267366284	0.157812747837581	0.296211058366718	0.283741533038508	0.594259304348395	0.911189805440844
FBgn0032167	2061.82594075284	0.222447678099967	0.390778233480828	0.323759069137466	0.569357291396528	0.90865959686355
FBgn0032168	128.453600940158	-0.199956450294066	0.250418660454998	0.63657357215596	0.424954286676026	0.881714569656874
FBgn0032169	157.409039215114	0.215919556423418	0.24846665021979	0.758525329621918	0.383790411302081	0.868413668074809
FBgn0032170	2654.12530770647	-0.232019784851781	0.236943054759998	0.958210189788673	0.327638231498818	0.8415226533537
FBgn0032171	127.080729061311	-0.0435110515309793	0.406236477091551	0.0120450273073018	0.912607772780294	0.980376791913083
FBgn0032172	1641.61041116583	-0.259758321215527	0.251948173024861	1.06211919464975	0.302732343026285	0.832614936158673
FBgn0032187	576.784963606971	0.0278601207689494	0.42028724538669	0.00440051260386554	0.947110036195744	0.985720685676657
FBgn0032191	1091.00470204715	-0.0353140365495875	0.187615954085612	0.0355120872240207	0.850526642837536	0.970512682472051
FBgn0032194	373.890209683071	0.15631590348595	0.175324893316913	0.795185856185952	0.372536628398027	0.86482559396012
FBgn0032195	99.9892558437698	-0.121264915763135	0.240980149734073	0.253052609454159	0.614933796080444	0.91550458350478
FBgn0032196	198.727746661463	0.856646009888796	0.605169762020991	1.97348958336146	0.160077949041429	0.703012504782371
FBgn0032197	230.70027452582	0.961546017737708	0.559841334439003	2.89580224999914	0.0888105535392944	0.555330276744219
FBgn0032198	1651.82393870279	0.650633405070848	0.407295868218026	2.52998495077998	0.111701281615433	0.617542210682839
FBgn0032200	469.495803268724	0.771674219956717	0.653333657526895	1.3779222471416	0.240455381476612	0.788656393900322
FBgn0032202	378.10606624185	0.880607763891247	0.631668170451419	1.91325713375934	0.166601899412604	0.710803241981315
FBgn0032204	257.771305954312	0.3493872269706	0.257071530098898	1.84226871378075	0.174685272757179	0.721601143538579
FBgn0032208	5108.06778621673	-0.154859582274699	0.355162995271654	0.190060668046584	0.662866128832162	0.927023786961361
FBgn0032209	22.5430942350439	1.84140948859171	0.927359842663413	3.75680996903547	0.0525928266048957	0.425809359140215
FBgn0032210	419.385310706351	0.0806028155975965	0.405915782031485	0.0394613477469932	0.842537473428781	0.968366267016608
FBgn0032213	3161.5624148375	0.253702387494192	0.171373466176237	2.18847918992743	0.1390465461554	0.673003409753384
FBgn0032214	551.864404904458	0.137425578855846	0.373868521761494	0.13502676416644	0.713276012137892	0.939284009468917
FBgn0032216	2683.8627783923	0.119848964192229	0.330657939936467	0.131306279668166	0.717081469772812	0.941287941384178
FBgn0032217	680.167071031106	0.296934959100315	0.400947013168464	0.54716011067778	0.459480398654736	0.888270226363548
FBgn0032218	488.982813247207	0.586522519844722	0.281300020477205	4.31673290313977	0.0377393143073544	0.349296472950447
FBgn0032222	358.796808247549	-0.119589317603624	0.286556509724227	0.173990804157384	0.676589137741563	0.930018495477913
FBgn0032223	294.190801415955	0.209868197650437	0.204272844981021	1.05514152753711	0.304325911405577	0.832614936158673
FBgn0032224	271.985249918155	0.422500034441217	0.320858966130343	1.72700193287278	0.188794231709996	0.73740587489553
FBgn0032225	79.0940408418023	-0.70751474033699	0.461554165147056	2.33693216328815	0.12633814495934	0.65078499017855
FBgn0032229	808.821703751361	0.0897913762606895	0.212018295571855	0.179325215508385	0.671953782061188	0.929643731878032
FBgn0032230	482.641664015667	0.445458737499398	0.394119140316552	1.27131178506478	0.259520734114573	0.80420805659988
FBgn0032231	371.155018149866	0.103115629662783	0.349619369714942	0.0871716426698299	0.767804098845908	0.952993416349077
FBgn0032235	1781.45000115563	0.460554010263827	0.299793080363739	2.34980190129856	0.125298929194	0.650409018496835
FBgn0032242	3167.0481544117	0.0755527382171083	0.182200430071693	0.171912899459912	0.678417319071715	0.930018495477913
FBgn0032243	182.473807990185	0.124508932689151	0.272650055143687	0.208718741333989	0.647773500084697	0.922694169316485
FBgn0032244	121.823299434908	0.659148659650759	0.523593506997375	1.56925071143376	0.210315861937622	0.761165082912181
FBgn0032246	2237.23208728245	-0.269223729472922	0.126722682014296	4.50941171614636	0.0337088325752163	0.324422437626154
FBgn0032248	342.178016436938	0.00146356318264243	0.381583578261545	0.000247237980431692	0.987454737304468	0.993061124148768
FBgn0032249	144.408154542222	0.0803794486389086	0.231753403924035	0.122336749223386	0.726513786797509	0.94316206896662
FBgn0032251	72.1933309699833	-0.000959986670864007	0.550699669168672	0.00124759668035779	0.97182351136563	0.991444149622978
FBgn0032252	114.104043359232	1.07577021165189	0.488388375710111	4.76682610237933	0.0290132659307659	0.295633452230208
FBgn0032253	1077.79043704408	-0.0766593584724159	0.433683051306225	0.0312404349878648	0.859705048138055	0.971542724124143
FBgn0032258	656.544346271905	0.221330577165617	0.153101067619317	2.08898377460397	0.148364732832272	0.68752505927826
FBgn0032259	229.80791710297	0.394773102996812	0.232888932115671	2.86638769060566	0.0904476710293135	0.562220582344934
FBgn0032264	1001.46704314414	0.45170810747411	0.172863688063526	6.80559892892235	0.00908724670869952	0.130102514953567
FBgn0032269	268.569150838976	0.0720312926827188	0.811222342160699	0.00790467657530769	0.929154828500477	0.98332920019116
FBgn0032280	5237.73543490926	-0.453531521906946	0.360983771823568	1.57203932484211	0.209911101322685	0.760057257869818
FBgn0032282	1572.71659939739	0.852207907453748	0.560834899439932	2.27641785260255	0.13135494867638	0.659836813315181
FBgn0032284	2370.40167994122	0.652172490911887	0.224493941287904	8.36927339407723	0.00381618171052929	0.0668149814485169
FBgn0032285	2699.26244449593	0.775102970521317	0.313960331557554	6.02447479497037	0.0141088294780655	0.181023821272767
FBgn0032286	1751.88305798435	-0.410227685252909	0.464865939114749	0.776314119591561	0.378270788834002	0.86579112403379
FBgn0032287	722.148529074128	0.716679452940379	0.306081413005865	5.42918113857854	0.0198029627551357	0.23018547578722
FBgn0032290	221.395347189483	0.566012553269655	0.379747477227649	2.20592513831555	0.137481393370877	0.672131256479845
FBgn0032291	88.2076770913074	-0.661744272952281	0.585498527850501	1.26083199902061	0.261493663274671	0.805822390497342
FBgn0032292	333.636263534279	0.283518467485415	0.179998515782075	2.47853698872304	0.115409560219061	0.627899048750957
FBgn0032293	185.088722416027	-0.00398990594748962	0.390701117251646	0.000969930425064547	0.975154934191062	0.991444149622978
FBgn0032295	619.749159950561	-0.44921824699113	0.326891697180624	1.88398211315327	0.169882244005493	0.716066239457902
FBgn0032296	384.876963015412	-0.403913069747912	0.338922393658352	1.41975422822246	0.233443860132564	0.780240739081296
FBgn0032297	647.701054640911	0.417958414912743	0.300975061454767	1.92102223273882	0.165744013827357	0.710803241981315
FBgn0032298	385.000907277669	0.0488517099469612	0.179684795593468	0.0740084331870037	0.785587487693061	0.955927777582309
FBgn0032304	784.690040174867	-0.58598061557811	0.382800938761213	2.32868921919527	0.12700878581413	0.652113344639129
FBgn0032305	1564.31740707974	0.0828239438992329	0.218220923363773	0.144178071571886	0.704162272631668	0.936602786661837
FBgn0032314	144.612703248253	-0.457505325572921	0.514371929724811	0.785398506285816	0.375495152985089	0.865701388774403
FBgn0032321	208.120306055645	0.279579185568562	0.474253773308749	0.346635273360661	0.556024028122108	0.908003182797042
FBgn0032322	652.626817355135	0.368238772916841	0.211125932758754	3.03606269911383	0.0814332104865881	0.537599922175402
FBgn0032330	1828.67369725178	-0.318170935231569	0.384307911180525	0.684341197481345	0.408095844662743	0.87822152781539
FBgn0032338	87.8077825612831	-0.736979473787557	0.470564816292354	2.4298540472862	0.119043981874081	0.634628010735222
FBgn0032339	675.710672366214	-0.228477921248962	0.180497657859035	1.6042994833394	0.205294973958246	0.757042106689382
FBgn0032341	1058.36749351949	-0.0747639631809297	0.245849535466406	0.0926370898604318	0.760851035171288	0.951947965569036
FBgn0032343	203.78710116392	-0.409945421963206	0.237475860278348	2.98690158663062	0.0839406380448151	0.544318767074557
FBgn0032348	1062.17015105233	-0.349722315094855	0.262897640588937	1.76749367702132	0.183692560629063	0.729906515142621
FBgn0032350	3078.89696725036	-0.0648157987918227	0.362076598991116	0.0320396853724674	0.857940585105748	0.971373856909766
FBgn0032358	599.228463047026	0.486094290431904	0.382335786083643	1.60812795157668	0.204755154173451	0.756454122201563
FBgn0032360	171.57588112656	0.278849807427636	0.658578459893583	0.178792101755164	0.672413350643594	0.929643731878032
FBgn0032363	1837.25537269073	-0.295025890345041	0.412998989814579	0.509636029894878	0.47529645841023	0.889027677218827
FBgn0032370	62.683865360959	-0.539745893196313	0.496816759443352	1.17089426874534	0.279217568545636	0.815905579296774
FBgn0032373	2726.63147773136	0.166887948887525	0.352923292680168	0.223499773900997	0.636386107859164	0.920514387313098
FBgn0032376	95.6228454560284	-0.634281493620016	0.469401541782013	1.80759278033106	0.178797268507365	0.725887316386677
FBgn0032378	1533.73816686815	-0.147217892716238	0.306009525449751	0.231426581722047	0.63046805131836	0.918123717486336
FBgn0032382	938.702679361779	-0.294711292703176	0.180617891291365	2.66207167115257	0.102766807255948	0.601010611119685
FBgn0032388	1108.20817820007	0.0969465220928673	0.170257965693926	0.32466260598737	0.568818971025874	0.90865959686355
FBgn0032390	115.380874768046	0.159873618621056	0.382685646500224	0.174598734990433	0.676056692908774	0.930018495477913
FBgn0032391	146.464813986787	-0.149176039908752	0.22110881930856	0.455948896711881	0.499523372724275	0.895295388353976
FBgn0032393	736.94708369812	0.256852793158012	0.213324328627979	1.44821468611624	0.22881463737165	0.779156488035392
FBgn0032394	695.703241512836	0.163310955156401	0.159652477689307	1.04589972099953	0.306453311452862	0.832614936158673
FBgn0032395	511.799589270904	-0.509766323587521	0.463224896713182	1.2065257828247	0.272021274833999	0.81102375989842
FBgn0032397	636.33730471307	-0.292291858623524	0.263822050666205	1.22409623084845	0.268558260528389	0.810256083869186
FBgn0032398	1201.95317661473	0.253462083908215	0.125968697061515	4.04454944322524	0.0443142064320654	0.38472788311475
FBgn0032400	15395.6121484936	0.914825700221301	0.68833226811639	1.73750335968232	0.187455478732093	0.735739826904372
FBgn0032401	89.675143213518	-0.0285982515519461	0.271128390141527	0.0124369780710225	0.91120305521156	0.980289808594626
FBgn0032402	369.294781312262	-0.690609018030475	0.519519088115202	1.75061084195951	0.185799959452623	0.734308600767077
FBgn0032404	887.501922205982	0.113824970289248	0.22653458780012	0.252472266819112	0.615339633132111	0.91550458350478
FBgn0032405	452.930153128562	-1.12005254709657	0.549378022638912	4.05867108782884	0.0439450698950059	0.382313009728395
FBgn0032407	672.019769405807	0.187288360053748	0.253027949779816	0.547264700435193	0.459437494871386	0.888270226363548
FBgn0032408	174.729318310254	0.10100833662205	0.272754337338188	0.137827026756078	0.710450869525869	0.939099247610764
FBgn0032409	502.73444426795	-0.209095912845566	0.198798952564132	1.10696476878989	0.29274269336579	0.827795960648082
FBgn0032414	513.475553160071	0.113629291326128	0.287389564303274	0.156928910659033	0.691999878713614	0.93317827033203
FBgn0032421	324.317899108215	-0.369642402297889	0.344473442589891	1.14606909933623	0.284373539156688	0.822670744139255
FBgn0032422	492.317392469937	-0.658779328476855	0.321373786230235	4.16269847881934	0.0413235190099087	0.367495083343145
FBgn0032429	838.76781832617	0.251838500145539	0.289671950111399	0.754424134900674	0.385079128183584	0.86877986396103
FBgn0032430	478.946602875356	0.0633814832313054	0.211556964532702	0.0902503762122251	0.763859095139102	0.952652080551405
FBgn0032433	1769.62138100067	0.533631087628817	0.440646288611941	1.4586629396792	0.227142980879	0.779156488035392
FBgn0032435	977.056734989698	0.150317015923824	0.482377990600128	0.0970944280148842	0.755344695210779	0.950856323929207
FBgn0032444	3601.18850687456	-0.130790861417652	0.147874672601414	0.782273936966476	0.376446590047902	0.865701388774403
FBgn0032447	115.9207786456	-0.701593648563014	0.317969677308046	4.82965540702678	0.0279742213325637	0.288462776955889
FBgn0032449	176.714340823428	-0.203012277427704	0.299360695695357	0.460226375385759	0.497518195352772	0.894106779299073
FBgn0032450	160.061451156241	-0.0928542373466766	0.26626114572071	0.124658125644444	0.724036280606521	0.942405474262163
FBgn0032451	952.21126053299	-0.298713790907822	0.16006739028705	3.4795278370572	0.0621324655270036	0.463542505345256
FBgn0032453	1311.8200367319	-0.569336428557445	0.278832795494033	4.13977940346018	0.0418866275901881	0.370932790587925
FBgn0032454	1397.95057314451	-0.197347339512821	0.194495443947931	1.02989225116112	0.310183976114801	0.832614936158673
FBgn0032455	614.31038304825	0.0607154442854946	0.301397589702582	0.0408022238607231	0.839920161185757	0.968004530253031
FBgn0032456	3493.60032799814	-0.186466197743274	0.441759936610899	0.178067717259722	0.673039099514327	0.929930133755933
FBgn0032464	267.756674819259	-0.628648303477698	0.40658514648722	2.36829317845428	0.123822367304459	0.645941733568542
FBgn0032465	768.262916253485	0.0135515067278482	0.155227191176557	0.00762876210073671	0.93039904639118	0.98378812856611
FBgn0032467	5845.26907514524	-0.450939918419878	0.309703639479659	2.11178482888677	0.14616874895494	0.683204764303291
FBgn0032473	84.510288382771	-0.478136561850862	0.518890424049529	0.845359531107668	0.35786842729966	0.85582398423638
FBgn0032474	1708.01638017274	0.0777890562025754	0.349872826159943	0.0494206389316503	0.824074488854301	0.964052863213496
FBgn0032475	997.235832535308	-0.177370397853162	0.261319465980273	0.461095735442612	0.497112324570511	0.894106779299073
FBgn0032476	279.994346110316	0.139456358892821	0.221590215197757	0.396347041631508	0.528981852462133	0.90232385622236
FBgn0032477	421.11846222715	0.0440570312575495	0.171472998893015	0.0660175851984661	0.797225960245912	0.957909169986809
FBgn0032478	110.72614420892	-1.06802640758482	0.384467673538625	7.56353551307792	0.00595610329069928	0.094265710084815
FBgn0032479	2659.28448037544	-0.074864439607378	0.301975875000151	0.061480514719662	0.804171045727566	0.959086727233997
FBgn0032480	1810.64577177228	-0.228650133359309	0.217861736592412	1.10115079343306	0.294013691919247	0.829013843328828
FBgn0032481	1151.79668204101	-0.653725421207631	0.300439921360502	4.698843325238	0.0301829237864818	0.30125569061947
FBgn0032482	1926.50044132421	0.416132641259771	0.179454873647706	5.35736981080323	0.0206348725123525	0.236260856394837
FBgn0032485	731.750882090217	-0.289816205760406	0.175384794134968	2.72645809212912	0.0986979500643099	0.588267781801745
FBgn0032488	246.575585683673	0.163409047206546	0.35751313832407	0.208958694581213	0.647584795497564	0.922694169316485
FBgn0032492	95.8974973546812	-0.79313062150554	0.618178479096711	1.61919520290903	0.203204041560414	0.755105290430039
FBgn0032495	178.688787139982	0.881229820086281	0.350320583345637	6.24831154918704	0.0124311747194216	0.164118773593752
FBgn0032499	608.63395265489	-0.228227138190574	0.19931507896309	1.30949066850678	0.252486893297775	0.7982483163473
FBgn0032503	112.563512972864	-0.672590101987065	0.408773624898656	2.67477624182212	0.101949654351006	0.599569555749371
FBgn0032509	730.118531396214	0.311543600879371	0.254674090486315	1.49259083763728	0.221814911492185	0.772857593772937
FBgn0032511	739.510828065615	-0.0418649024246558	0.22197565596458	0.0356278752715866	0.850286035868337	0.970501676685794
FBgn0032512	366.026028009352	0.0891631604838163	0.2703824954149	0.108757284783422	0.741563409108525	0.948173894288168
FBgn0032513	296.701023814262	-0.125115831328935	0.305757497443693	0.167289725507587	0.682531833230753	0.930564167175738
FBgn0032514	657.133027970498	0.382603675195138	0.261810839539168	2.12830904745539	0.144600196162632	0.680414360890683
FBgn0032515	572.685704587272	-0.224970614062487	0.288843347177566	0.605445785319191	0.436507723549516	0.888270226363548
FBgn0032517	381.575799831452	0.311590446950052	0.38027174638964	0.671466798278402	0.412540681405696	0.87822152781539
FBgn0032518	10657.5598298142	0.363235526115685	0.350676583129199	1.07001695560598	0.300941615964725	0.832614936158673
FBgn0032520	463.09295287663	-0.291061775167259	0.396751930272852	0.536790315001753	0.463765976427211	0.888270226363548
FBgn0032521	271.019466557343	-0.296638369958742	0.203842189756421	2.12510979169069	0.144902397225503	0.680601983146729
FBgn0032524	285.709635199208	-0.0898229384615801	0.239869367844794	0.140302839917638	0.707980133891497	0.937845159433062
FBgn0032525	161.188718788423	-0.603169988467515	0.476738142399253	1.58580876806323	0.20792596744074	0.757607134477482
FBgn0032538	6868.48508082593	0.0860969558156825	0.57108282063277	0.0227247052192041	0.880175172684009	0.977532992102077
FBgn0032586	3086.32121566629	-0.164901439071602	0.133407060189332	1.52676919667402	0.216597979058869	0.767589085535168
FBgn0032587	1315.73682830266	-0.124335279820237	0.536467981181874	0.0537136726186134	0.816722792695504	0.961742180262238
FBgn0032590	170.537156489627	-0.452441376896192	0.642132495915998	0.493151668249894	0.482524775770135	0.889027677218827
FBgn0032595	128.619096040894	0.249500588640504	0.392302037042782	0.404716810352141	0.524663298236818	0.90232385622236
FBgn0032596	2526.02312469937	-0.155692148108504	0.394507522818371	0.155629277398802	0.69321283712526	0.933894384001516
FBgn0032597	491.56986495244	0.208300855835025	0.200779604998524	1.07552878530221	0.299699954942582	0.832614936158673
FBgn0032600	985.345737338537	0.148337315049425	0.123185166360986	1.44986151846453	0.228550174339423	0.779156488035392
FBgn0032601	1077.82286527393	-0.35426687016123	0.273869195828575	1.668780484409	0.196421958156885	0.748708691223804
FBgn0032603	160.635206593545	0.81391762679511	0.291860407150533	7.7057962970977	0.00550437857335072	0.0881119952960752
FBgn0032609	132.470932960312	-0.841648912720997	0.363463513817818	5.28844238834925	0.0214674126346527	0.241515576682224
FBgn0032615	153.146853470718	-0.46808697228503	0.357269886606792	1.70389903503565	0.191778856774697	0.742039370319774
FBgn0032618	581.641263146318	-0.353598543307778	0.358731374253897	0.969526238754469	0.324798362000839	0.838831396674705
FBgn0032620	74.2695559063544	1.1632371217588	0.617433289597461	3.46021544480119	0.0628621237175401	0.463542505345256
FBgn0032626	79.9480692606446	-0.172526065440492	0.680850441074716	0.0641646457533795	0.800030667713608	0.958174580223308
FBgn0032629	79.0240753196366	-0.235498036600916	0.312466451499355	0.567311592431828	0.45132919994034	0.888270226363548
FBgn0032632	97.3144595113692	-0.730726039071879	0.633170276579427	1.3122966499201	0.251979255051319	0.798203414795055
FBgn0032633	639.594614020926	-0.308497414285704	0.228326934887005	1.82535928645503	0.176676668301179	0.722877663292653
FBgn0032635	543.334229778843	-0.291363432261731	0.219456692976496	1.7581144468348	0.184859876618491	0.732466951014523
FBgn0032636	295.98044476835	-0.70859588659397	0.492264405829959	2.04795112787292	0.15241117719857	0.692358666582045
FBgn0032637	168.573091432507	-0.296628850812022	0.530987688832839	0.310756203846907	0.577216518794035	0.90865959686355
FBgn0032639	1127.31271609868	0.536448522680164	0.523608040325427	1.04334561234688	0.30704464558693	0.832614936158673
FBgn0032640	1322.3476760423	-0.0911748790962831	0.227830521407858	0.16006647089911	0.689095326032584	0.931685283330728
FBgn0032642	320.150155838347	-0.0418624006202667	0.35575323264386	0.0139743940888764	0.905898619158447	0.979772897569974
FBgn0032643	1863.21535563629	-0.0387336771162402	0.12984464545512	0.0889749749808431	0.765484329333102	0.952993416349077
FBgn0032644	110.650496212226	-0.233401388053648	0.330257308983441	0.497667990587722	0.480526582913508	0.889027677218827
FBgn0032646	780.759304633422	0.0453626281488469	0.226655928088178	0.0403248360634763	0.840846792946259	0.968138532800968
FBgn0032652	473.842741300271	-0.497379059026685	0.473479167635766	1.09671662541366	0.294987798578427	0.829318022474993
FBgn0032654	37.9583592544241	-0.966242255469646	0.491805859404819	3.79461547443812	0.0514176820468167	0.418061310218481
FBgn0032656	636.622380360711	-0.0801287909766636	0.194032127348764	0.170716659313314	0.679475673754686	0.930018495477913
FBgn0032663	194.684895488799	0.75584231954057	0.438648472281751	2.93867699192155	0.0864815403548435	0.548234176044388
FBgn0032664	102.582784871348	-0.754887279856732	0.609943539850541	1.50781011475092	0.219473547751444	0.770878105081471
FBgn0032666	580.669534944493	0.0453943932817368	0.220284546266043	0.0426815330782375	0.83632609162856	0.967103958315968
FBgn0032669	259.463643283573	0.592949348940406	0.393593187135514	2.25213874862322	0.133429874689872	0.665486449195066
FBgn0032670	33.4795042222885	1.20584455289498	0.519948310275034	5.29522248860618	0.0213839990788815	0.240899635735818
FBgn0032671	290.574136285016	0.067549361641713	0.264526063466756	0.0656351356740714	0.797801387908075	0.957909169986809
FBgn0032677	244.784609681184	-0.557154241286997	0.463515337227828	1.43365293602655	0.231169201365469	0.779813484379362
FBgn0032681	261.133732107478	-0.00107892589945632	0.306081017039668	0.00077014126432573	0.977860412931956	0.992134162437166
FBgn0032683	439.197952589245	0.114668545919448	0.311604064854254	0.136055526501224	0.712234275311392	0.939284009468917
FBgn0032684	1702.7833887769	0.205355387499629	0.486509952657346	0.177966996571485	0.673126224276022	0.929930133755933
FBgn0032685	4854.35270226183	0.23242729330243	0.496920522030381	0.218546065704871	0.640149983331765	0.921446243022313
FBgn0032688	367.7657250925	-0.10114668566469	0.175351816215908	0.334044787452193	0.563287021520507	0.90865959686355
FBgn0032689	2053.43850897096	-0.115694919718591	0.208133709397936	0.309073323708233	0.578249388352303	0.90865959686355
FBgn0032690	505.348420400407	0.135578161647009	0.186519658101096	0.529143796437396	0.466967047786954	0.888270226363548
FBgn0032691	168.786549250884	0.107002753970096	0.210390564217904	0.258806140787954	0.610941540818039	0.91550458350478
FBgn0032693	245.328764751605	0.182255334715399	0.260295704095795	0.490343597764706	0.483774073391518	0.889027677218827
FBgn0032694	705.544829161732	0.0132474917784521	0.347566831980315	0.00149845211585387	0.969121723954783	0.991444149622978
FBgn0032699	467.581143393717	-0.0947638199751301	0.320189360139432	0.0876397259227133	0.767199476992688	0.952993416349077
FBgn0032700	271.24053588873	0.0559838534841501	0.198835658513761	0.0818901393578741	0.774752107679802	0.953234312247045
FBgn0032701	454.169651067434	0.101078151744249	0.242185883964876	0.174592900116878	0.676061798095095	0.930018495477913
FBgn0032702	376.935352712393	-0.037026897480582	0.199981006383089	0.0343301126220581	0.853006388565446	0.970777224241509
FBgn0032703	187.655859155027	0.376761530857764	0.514493515036796	0.533918460204717	0.464964100239168	0.888270226363548
FBgn0032704	1918.92741834522	0.177164704312572	0.23766932238215	0.555116501135629	0.456234597975379	0.888270226363548
FBgn0032705	179.927253757773	0.0447421614069764	0.213644144496775	0.0444705594095538	0.832980568574198	0.965953429991528
FBgn0032713	1654.97812023526	0.169259128049563	0.632559115575179	0.0715430938524975	0.78910314624295	0.956915308546756
FBgn0032715	1930.26148569022	0.176783233901572	0.235672478606736	0.56235224169879	0.453314038249283	0.888270226363548
FBgn0032717	914.696838749517	-0.453414532703057	0.353104941466934	1.64388327338831	0.199793499154693	0.7513326683954
FBgn0032720	139.859380552199	0.188869559322443	0.278873766026863	0.462372428675003	0.496517297783966	0.894106779299073
FBgn0032721	2891.33271083728	0.0606443249381629	0.106570750524904	0.32382107707781	0.569320315774684	0.90865959686355
FBgn0032723	560.215355739409	-0.386417516005738	0.243606798435763	2.51139189712269	0.113026062983861	0.621652175162146
FBgn0032724	235.682237994854	0.201184498584948	0.21894578986216	0.844982996217844	0.357975509263089	0.85582398423638
FBgn0032725	345.951659149099	0.438600894701208	0.529252721969142	0.683494933137666	0.408385848125394	0.87822152781539
FBgn0032726	3731.23624741025	0.620338374291223	0.170697326992062	13.1110288030092	0.000293562429981834	0.00824851985083589
FBgn0032727	3193.10981400304	0.0266640953029029	0.189150173202881	0.0198866682020906	0.887854064642276	0.977724198541247
FBgn0032729	1872.54773008211	0.299720379980249	0.233109792731512	1.65069585614114	0.19886424781505	0.750451342001653
FBgn0032731	1139.82770513119	-0.0811527243519226	0.292969656110165	0.076714926559589	0.78179961314728	0.95464831915353
FBgn0032732	137.354166035612	0.592989950257785	0.493276719824638	1.43246715081679	0.231362219845491	0.779813484379362
FBgn0032733	811.174255389536	0.188812153608836	0.265391785769011	0.506365510222025	0.476716445782095	0.889027677218827
FBgn0032741	115.174659388108	0.0301316345992498	0.242734853865485	0.0156852645783303	0.900332896941146	0.979772897569974
FBgn0032744	80.5408077062061	0.0722428714478668	0.415954603378836	0.0332089763912293	0.855399639248315	0.971310121918865
FBgn0032746	305.157937131512	0.308941335970708	0.304318910452317	1.02789249591251	0.310654174249002	0.832614936158673
FBgn0032748	978.141772510767	-0.264912563272899	0.377955254341875	0.490961113952181	0.483498886531294	0.889027677218827
FBgn0032750	83.9090773477607	0.11048409913841	0.252081598911397	0.193569372401178	0.659962316061018	0.925753143696909
FBgn0032755	59.642160133354	-0.734017007166325	0.68144307424796	1.14050178859488	0.285546322039221	0.823238447391109
FBgn0032763	107.527170351329	0.0905989786711126	0.331372713928665	0.0783357786993975	0.779565508951952	0.954104815044529
FBgn0032768	106.628332002568	-0.765437241797821	0.547198438105122	1.92505350499738	0.165300633806345	0.710633110232189
FBgn0032769	76.4951189529721	-0.597787753290042	0.673136129761565	0.778399076047116	0.377631206826385	0.865701388774403
FBgn0032770	124.12089577579	-0.332082681907093	0.333363496656355	0.989056264769644	0.319973141055151	0.836525230873765
FBgn0032771	201.324128808807	-0.415587561406229	0.492877241427328	0.706723865171512	0.400533559347079	0.875888394068263
FBgn0032772	107.783448444102	-0.94038179936685	0.367216890073025	6.50886704747396	0.0107337874768997	0.147879917960435
FBgn0032773	19862.1750851936	0.492974600793396	0.239252912590353	4.22526651866109	0.0398263640410883	0.359506727606129
FBgn0032774	5100.17698022077	0.0224622334157523	0.174043427400451	0.0166564816292691	0.897310178655756	0.979772897569974
FBgn0032775	697.811841522908	0.0419901900262285	0.188386905340468	0.0499134247100415	0.823213989694323	0.964052863213496
FBgn0032779	762.247917023854	-1.18733507300245	0.419259279435645	7.81534710287632	0.00518043972110143	0.0840471340079854
FBgn0032781	801.027549256078	-0.139028044036263	0.251826845796908	0.304988201485727	0.580772034067944	0.90865959686355
FBgn0032783	795.964906804118	-0.334939102550452	0.377469970396499	0.785485365593104	0.375468752443532	0.865701388774403
FBgn0032785	874.190623296088	0.0911870416325179	0.317255246148645	0.0825908097340573	0.77381665081268	0.953234312247045
FBgn0032787	177.163279161925	-0.445452863709104	0.258872384559375	2.94635955429416	0.0860712442509649	0.548234176044388
FBgn0032793	142.509261826904	0.142660747239139	0.221449883167954	0.415422644776754	0.519229937728212	0.900455715366879
FBgn0032796	592.110581003375	-0.308378230199203	0.333321796420865	0.855833164404686	0.354907384096076	0.854426695612609
FBgn0032797	239.960061168453	-0.209035373173872	0.450113102771223	0.215997982037408	0.642106321783013	0.921446243022313
FBgn0032798	390.24325260014	-0.0488227131666605	0.37415848438476	0.0171419082382727	0.895832968279398	0.979391214442573
FBgn0032799	370.948898920462	0.383413532593291	0.301642664122805	1.60951805402152	0.204559562080955	0.756454122201563
FBgn0032800	123.241794523621	-0.589424160602947	0.521930366108286	1.27314479985061	0.259177545625273	0.803836573577056
FBgn0032803	208.607472803058	-0.612673884721712	0.435049102139926	1.96957583208977	0.160492892191402	0.703012504782371
FBgn0032805	202.190400023732	-0.0318809889518789	0.334153385322662	0.00923261641258222	0.923451869288423	0.982387080003906
FBgn0032809	99.9604845972192	0.663316165206856	0.6956779143292	0.903022378092956	0.341972591185664	0.846770081415533
FBgn0032810	38.4052989207821	0.955966697347093	0.720534938905652	1.73607752122461	0.187636599168865	0.735739826904372
FBgn0032812	253.737305774347	-0.329943601916354	0.23252312832669	2.00771845975681	0.156500522392232	0.698105302645605
FBgn0032814	316.90328721473	0.0716847811018379	0.217292101750812	0.108878034620908	0.741425110600982	0.948173894288168
FBgn0032815	290.078105869548	0.214346250157941	0.260983020310618	0.673902687205043	0.411694252654476	0.87822152781539
FBgn0032816	118.000826650292	0.000679105282112807	0.349231956346786	0.000746785552898643	0.978198621050427	0.992134162437166
FBgn0032817	1210.84129291855	-0.116234545930325	0.488579704499174	0.0566171629252352	0.811924828540697	0.96039638452444
FBgn0032818	121.482664864212	-0.0175716927056971	0.28441790740845	0.00496767301758183	0.943810248766762	0.985481870575932
FBgn0032819	156.192903275733	0.2007886608346	0.257262525286818	0.611653694549005	0.434165843504287	0.887393966551695
FBgn0032820	1803.01173045783	0.455378775334887	0.303836879211567	2.23751492348103	0.134697304974312	0.666548062109055
FBgn0032821	1386.16887522807	-0.100258987541149	0.326762369945281	0.0941892170200447	0.758917496198093	0.951679100282497
FBgn0032822	60.9387816716965	0.659511232836174	0.664291059455304	0.975547545033201	0.323300523254639	0.838094865409671
FBgn0032824	1778.7921080728	0.110107309035327	0.282663799186597	0.151663469862868	0.696950728667413	0.934588562205409
FBgn0032833	3343.87025544828	0.00206877216595833	0.264046739104059	6.13797184598752e-05	0.993749020642857	0.996000807332447
FBgn0032845	173.451858791728	0.0295138296239937	0.216426106217927	0.0215337968056701	0.883334100259223	0.977724198541247
FBgn0032846	276.917261146212	0.140370991923663	0.182166193225942	0.593980180133791	0.44088412187074	0.888270226363548
FBgn0032847	128.942956456615	0.743712041196205	0.534324878254241	1.91481530479019	0.166429346432943	0.710803241981315
FBgn0032848	330.957796222679	-0.110557303601596	0.16819528733515	0.431712145185848	0.51115001843105	0.896060535082063
FBgn0032849	150.994745435829	0.117020781408118	0.308306062616503	0.146249026013066	0.702146008766859	0.93597164149004
FBgn0032857	180.167563196051	-0.485373847811077	0.250960839541186	3.71959404777551	0.0537774441692046	0.430014881824925
FBgn0032858	157.271195274311	0.102478845857607	0.317598494754855	0.104924154946779	0.745998615224568	0.948987319166172
FBgn0032859	1470.89740675043	0.331607230298988	0.249231752280201	1.76578242944188	0.183904899050388	0.730338603457958
FBgn0032863	336.239812729202	-0.330585883023511	0.219927053680882	2.26384425735977	0.132424971751149	0.662440156307535
FBgn0032864	1980.26486005502	0.298321751417564	0.272588252416103	1.19526513500726	0.274270083090785	0.811893546423021
FBgn0032869	192.424311037778	-0.279984487732782	0.534672240919919	0.273195625539785	0.6011961307268	0.912514388493636
FBgn0032871	160.563829762598	-0.0138971452044112	0.461786093838164	0.00152342939513517	0.968865566444321	0.991444149622978
FBgn0032873	232.644510427445	0.308092794981674	0.319045210189797	0.930231023540237	0.334802900953564	0.843997228653973
FBgn0032876	524.141249948916	-0.0625050298920881	0.178321646467134	0.123756552127006	0.724995387650509	0.942405474262163
FBgn0032877	110.165475601327	-0.00420141231785794	0.289657840258036	0.00193023306042051	0.964956680404621	0.990689517101389
FBgn0032880	2584.11531021162	-0.00842075087345561	0.185763759496086	0.00207704122949792	0.963649340064827	0.990378913074791
FBgn0032881	413.256189325753	0.371164685920288	0.27725232609371	1.78565126964347	0.18145691148849	0.72677950345485
FBgn0032882	506.930013219938	-0.274380172451369	0.183252463228454	2.23587435270903	0.134840329214199	0.666548062109055
FBgn0032883	642.060548391903	-0.118654100647705	0.237034417284563	0.250584200645307	0.616664023928135	0.91550458350478
FBgn0032884	1841.11761985199	0.110980242910292	0.389603760388574	0.0811003923152924	0.775811695013641	0.953234312247045
FBgn0032886	257.073726003592	0.0936070189199356	0.400122153327956	0.055193355326324	0.814260998891953	0.961285961061691
FBgn0032889	2464.33703134013	0.313445546765978	0.412629105552413	0.575941481664103	0.447907542090767	0.888270226363548
FBgn0032895	75.9791483909066	-0.00366822587532463	0.300023831581801	0.00370234655690638	0.951481130071226	0.986885525775761
FBgn0032897	2064.04615879479	0.624943133541028	0.343392883737638	3.28599449495482	0.069873285980396	0.494705219359097
FBgn0032899	915.534616492648	0.339696021324106	0.216692840589796	2.45069743475962	0.117472662958567	0.63244090935541
FBgn0032900	603.429870323133	0.204924383869934	0.291818518131646	0.492552596460044	0.482790853889711	0.889027677218827
FBgn0032901	1754.89993321014	-0.00708485101909066	0.189908721740123	0.00139796539045278	0.97017454397641	0.991444149622978
FBgn0032910	383.526883879365	0.230744892598264	0.247779461676699	0.866072458768215	0.352044917758539	0.852864078651704
FBgn0032916	400.897120253588	0.156716720861634	0.193660689099549	0.654893772102021	0.418368442979111	0.88009221396657
FBgn0032919	614.207937359485	0.23424189349161	0.17407555219198	1.81106974442606	0.178379957248579	0.725364482323237
FBgn0032922	130.520322596224	0.0872306413878058	0.233025656874174	0.1413703194889	0.706922511865153	0.937358281747356
FBgn0032923	1450.3051677147	0.195328463599952	0.15681567173379	1.55100482118183	0.212987163351792	0.765196403267623
FBgn0032924	459.673154716863	-0.00956588109142455	0.141752194794801	0.00455434466719851	0.946194898587131	0.985720685676657
FBgn0032934	311.164792753596	-0.0763015740125368	0.246214674932088	0.0976107288396122	0.754715913763137	0.950744853750032
FBgn0032935	1684.74273729854	-0.133119462470507	0.230207594192759	0.334255696616935	0.563163860059736	0.90865959686355
FBgn0032938	926.32145187309	0.38691784412989	0.173722274366759	4.95233589590866	0.0260554413479696	0.276826711868946
FBgn0032940	1894.19784083964	0.2215436781458	0.349669288054231	0.401168681181701	0.526486317692435	0.90232385622236
FBgn0032943	252.947280673523	0.403208813626095	0.469325956443475	0.734708199170257	0.39136132185306	0.872486822766502
FBgn0032945	785.809804589207	0.4041921315942	0.460015988487221	0.769960592822827	0.380229243525657	0.866725321739229
FBgn0032946	131.994940573202	0.102856387040809	0.244766512479259	0.177107351048363	0.673871013650719	0.929968409444632
FBgn0032949	4882.31668148108	0.568686742847896	0.397863481253717	2.02979052352978	0.154241865324566	0.694936377535226
FBgn0032956	1000.23740253905	0.303185995790159	0.309982353251519	0.954513712289398	0.328573025728552	0.8415226533537
FBgn0032957	502.578977590866	-0.0208962057070427	0.164996240359327	0.0160556973830452	0.899169077243947	0.979772897569974
FBgn0032961	841.872141806567	0.097237021656208	0.380429866928613	0.0653130183468988	0.79828742821708	0.957999832735677
FBgn0032969	86.8723008116778	-0.16735363016391	0.72748114803735	0.0528874328967177	0.818113000082172	0.962733481890161
FBgn0032974	453.48994671497	-0.142186366980174	0.223934954312625	0.404528511807115	0.524759763119065	0.90232385622236
FBgn0032979	985.910032194677	0.0233666697947904	0.132994683409747	0.0308906986428212	0.860484460242262	0.971619842641148
FBgn0032981	158.84152903069	0.434829710847435	0.322580642653401	1.81392984389198	0.17803752630555	0.725051650108162
FBgn0032986	644.899542208178	0.620575841141508	0.376176680739739	2.69979294336437	0.100361279648313	0.592300698149173
FBgn0032987	10075.3264261707	0.600992538047892	0.386665199177585	2.39847044696702	0.121453950409805	0.640230445822022
FBgn0032988	447.556474088124	0.725475626794041	0.4818733704579	2.24198757290655	0.134308242403326	0.666388509944527
FBgn0032997	392.966856175014	0.998448133962074	0.575033593515869	2.95562837172487	0.0855790338098865	0.548234176044388
FBgn0033005	875.108274689761	0.709006552859802	0.477851209388719	2.17908938767349	0.139897213821257	0.674524489359636
FBgn0033010	372.621304366269	1.37556149662449	0.770136105900727	3.07664232005484	0.0794243372527303	0.530168491081767
FBgn0033015	583.575486601457	0.138924214022082	0.266642931365847	0.271315056493307	0.602450982503932	0.913070040961306
FBgn0033017	398.2354951655	0.871139398306337	0.656543359129218	1.73354030240259	0.187959398994175	0.735739826904372
FBgn0033019	56.2782325169112	1.91379121714123	0.945597590578622	3.84620724195548	0.0498586162528267	0.413261512962254
FBgn0033020	149.540553256354	-0.12040793627977	0.773954316099154	0.0242243490199172	0.876315427678348	0.976318025568334
FBgn0033021	733.236529080343	0.563432606725658	0.465722006682667	1.45373596421352	0.227929430226793	0.779156488035392
FBgn0033029	1776.88370043242	0.0550532240309271	0.153451452751632	0.128908592690109	0.719566341960361	0.941936999662753
FBgn0033033	1210.87979325448	0.10544707840786	0.487841196505536	0.046724146952343	0.828864832352905	0.964901903583029
FBgn0033038	439.469139990593	0.134379290373704	0.230539723225171	0.339743243896081	0.559977463899994	0.90865959686355
FBgn0033042	42.7139206678631	-0.812440788987131	0.633279706112715	1.61925114613707	0.203196236174362	0.755105290430039
FBgn0033047	813.512321002601	-0.209546291243195	0.199984282472657	1.09640132693875	0.295057221228014	0.829318022474993
FBgn0033050	927.241060066846	0.135407044057228	0.167432892613975	0.653766110641655	0.418769406191931	0.880143567087002
FBgn0033051	538.565243022967	-0.0197105104762573	0.258772977470399	0.00601216705705099	0.938195431236892	0.984589710803551
FBgn0033052	1175.94680500673	0.195999568564548	0.278726461657519	0.494387038763165	0.481976846250958	0.889027677218827
FBgn0033054	63.9630165613305	-0.428348996993879	0.335292982662882	1.62473818106776	0.202432379507131	0.755017386110545
FBgn0033055	618.565017540607	0.131667103756104	0.219781209156587	0.35877833444286	0.549185501285198	0.907978647188282
FBgn0033056	119.431592048571	-0.751994561465203	0.427463754553194	3.0528673713113	0.080594735785319	0.533321385464426
FBgn0033062	1460.01008456962	0.130938510775584	0.184560420986336	0.503067266926607	0.478155483255006	0.889027677218827
FBgn0033063	103.845281009515	-0.766884659772023	0.607190514883253	1.57320344632411	0.209742404886808	0.760057257869818
FBgn0033065	265.727259747128	0.659720552062935	0.408695326901789	2.58696425065733	0.107746670163318	0.612818630670363
FBgn0033074	120.636631003529	-0.582813753758647	0.629848949424949	0.848000212900104	0.357118684059132	0.85582398423638
FBgn0033079	125.070012601317	1.05954520265156	0.658095729360153	2.54329439835671	0.110763464389572	0.616869552504945
FBgn0033081	520.083788589559	0.220178848745525	0.209879871280653	1.09928471447571	0.294423133165808	0.829199735631852
FBgn0033086	121.331213654096	-0.0898586499589136	0.354427796445472	0.0658520912069775	0.797474741323874	0.957909169986809
FBgn0033087	395.861324127937	-0.070870964384982	0.274433961258725	0.0675077952735421	0.795000599690034	0.957307098335159
FBgn0033088	185.11978553823	-0.00244277610916094	0.232811744262597	0.000224021615139236	0.988058227080576	0.993061124148768
FBgn0033089	113.719827733181	0.459539432759309	0.510547409621827	0.805712814035999	0.369390801928074	0.864159753811589
FBgn0033093	1667.6311375222	-0.229508982528693	0.23612658947582	0.944325054820439	0.331168024777471	0.841662811307778
FBgn0033095	1291.49146305388	-0.0247845837991824	0.353104475123734	0.00496004178748422	0.943853352720728	0.985481870575932
FBgn0033100	119.573145353383	0.666279732767125	0.520694595039468	1.62075169746247	0.202987005951293	0.755105290430039
FBgn0033101	1075.21266832894	-0.206789443204904	0.255385946738185	0.65543919543002	0.418174711426401	0.880042449076863
FBgn0033104	168.016419902657	0.721328349463541	0.444037783413463	2.60949469545511	0.106225605061703	0.608534413727712
FBgn0033108	241.535385431499	0.865721898371974	0.270129862718421	10.1596530773004	0.00143547630988921	0.0308535624253424
FBgn0033113	743.891253343498	0.114539529291734	0.12709691981485	0.812250449084374	0.367455740139378	0.863803647589185
FBgn0033117	185.415150557327	0.302131493918348	0.284702987587024	1.12407127269914	0.289043489552476	0.824909210596426
FBgn0033122	370.058711918371	-0.0792176645890892	0.247469982126261	0.102702294242135	0.748610562871173	0.949227302638817
FBgn0033124	1343.63094829864	0.309643746726049	0.184143710460404	2.82319419745177	0.0929113392040508	0.571197435750434
FBgn0033127	903.968938190442	0.0559400777350544	0.156614105222481	0.127913771349228	0.720604994989553	0.942269235707516
FBgn0033128	211.871629900071	0.429331814250319	0.29876152950284	2.06028891336927	0.151181503944271	0.692009454873448
FBgn0033129	180.160718054232	-0.135014924451335	0.26624135559707	0.257949825593698	0.611532163438093	0.91550458350478
FBgn0033130	244.256853360081	-0.112429045128715	0.257934308048739	0.190301461154448	0.662665832400558	0.927023786961361
FBgn0033132	349.167937138579	-0.0993833062099748	0.537039530445646	0.0342355192126291	0.853206738123287	0.970777224241509
FBgn0033133	2804.89386192436	0.309782064915239	0.431800865983076	0.513614917104945	0.473578159451906	0.888778662803443
FBgn0033134	584.99967782221	0.431395171555706	0.259271814614612	2.75710654007574	0.0968232117870041	0.581631359441017
FBgn0033137	4357.90810110138	-0.0673047992227635	0.346024824850231	0.0378278577420588	0.845789210666889	0.969403122177414
FBgn0033138	510.022437009287	0.454820052119931	0.200226982002707	5.1434955986288	0.0233336198131391	0.256334301842641
FBgn0033139	487.431226678434	0.709380974846651	0.397325334825663	3.15460294194014	0.075713108524089	0.516052687783004
FBgn0033141	44.8770907108176	-1.73439394343261	0.616746978803421	7.58579958846164	0.00588298639686331	0.0932841843004515
FBgn0033149	104.531536560984	-0.7174975469744	0.413528101504549	2.97576975605737	0.0845199113641376	0.545549412522436
FBgn0033155	663.116080033435	-0.228693460050265	0.276966299317784	0.682195518601418	0.408831728923993	0.87822152781539
FBgn0033159	1771.69753372941	-0.316261500902896	0.472746619667146	0.446816503946025	0.503850635698193	0.895295388353976
FBgn0033160	1239.60370276181	0.0350013122745732	0.156068670003386	0.0505325546226487	0.82213916676772	0.964052863213496
FBgn0033166	1288.35941341336	-0.271493684362764	0.40982238757817	0.438303637795912	0.507942355535442	0.895295388353976
FBgn0033169	230.472651641306	0.0754410713740725	0.210259776542818	0.1300156394175	0.718415823980919	0.941475819035315
FBgn0033174	298.506550636513	-0.384197372705067	0.485262540440636	0.623920632776802	0.42959407468144	0.884470944804596
FBgn0033177	589.400501246536	-0.619706737853469	0.17671600344783	12.2296481069693	0.000470360687101118	0.0120515585804811
FBgn0033178	464.192912664717	-0.101857682080024	0.174922723193492	0.339043520658336	0.560381840870491	0.90865959686355
FBgn0033179	1587.40656203095	-0.142428513758821	0.201765377024666	0.497867985608949	0.480438411698333	0.889027677218827
FBgn0033183	910.752294834483	-0.174027218857419	0.205805818559182	0.715939727861951	0.397478990235052	0.875588961213828
FBgn0033184	421.505302272212	-0.0693115241572701	0.212009543712241	0.106985311161736	0.743602771242281	0.948722891987268
FBgn0033185	202.485277390281	0.139707345721027	0.228888349020383	0.372611947121889	0.541583964239626	0.907173673980027
FBgn0033188	7907.93299784042	0.148188019477655	0.285958801469042	0.268404223116704	0.604404247057757	0.914069664297095
FBgn0033190	106.845344943873	-0.680654955754068	0.438129650638328	2.38538546787005	0.122474679103497	0.642896441715046
FBgn0033191	1043.99897713263	-0.0403665710556469	0.154010064345228	0.0686867718604418	0.793258522179318	0.95691559934858
FBgn0033194	4933.45627132503	-0.175585686553949	0.410956529602897	0.182470174921761	0.669258949412544	0.928040220157118
FBgn0033196	268.977526317201	0.55758678873071	0.178836745716631	9.69598372409293	0.00184671193268601	0.0380220284893752
FBgn0033199	291.956905704879	0.182384213848097	0.16805781766974	1.17937694752809	0.277482873148596	0.814260338601547
FBgn0033204	219.117177900018	-0.157768733063575	0.392429442485593	0.162121755368332	0.687210533751575	0.931504874015863
FBgn0033206	492.768716887405	-0.0823102905550043	0.162351821391063	0.256960838544877	0.612215829857919	0.91550458350478
FBgn0033207	275.994957637426	0.548833450412993	0.341224165463284	2.5691547039734	0.10896594372842	0.613773318427373
FBgn0033208	115.871517543265	0.583773778839121	0.608089442546071	0.913488872915245	0.339190409633901	0.844975856087411
FBgn0033210	195.81708588164	-0.148031413858192	0.29783389022401	0.247256811192472	0.619013298838196	0.91550458350478
FBgn0033212	4992.4064847908	-0.340767800077169	0.29990222120587	1.28841485771071	0.25634027779418	0.802938387842822
FBgn0033214	137.617906223889	0.93032026397753	0.434356315163434	4.51387002428943	0.0336210875177464	0.324027086581584
FBgn0033215	126.678694844275	0.473750256403155	0.259953519557544	3.31305990321187	0.0687314024739628	0.491036996948575
FBgn0033221	936.560003043881	0.955095867717273	0.271634104939044	12.1533007225781	0.000490010675935745	0.0125168684515623
FBgn0033222	785.424157981716	0.723515643131286	0.283752886636898	6.43514868655882	0.0111883791836879	0.152889656357257
FBgn0033224	1302.90364860336	-0.277868572600408	0.28200770428125	0.969894118402223	0.324706586880061	0.838831396674705
FBgn0033225	727.230802291882	-0.0790596927937854	0.213926018743612	0.136984593921937	0.711297328804128	0.939158326986629
FBgn0033226	2035.27252401333	0.128369602168912	0.194080428624538	0.437425638669083	0.508367614217709	0.895295388353976
FBgn0033229	472.537226251813	-0.181856816464374	0.157721682687194	1.326780292549	0.249378815743615	0.793847876141075
FBgn0033232	310.069757169694	0.274697354863986	0.250571183004653	1.19984292494535	0.273353074792546	0.811179110366016
FBgn0033233	172.052057884754	-0.151728195157418	0.258896252500717	0.343744014817915	0.557676036882414	0.908453075006746
FBgn0033235	847.513301855108	-0.0428811100617303	0.223473954822592	0.0368386191599939	0.847793988452853	0.969983775980133
FBgn0033236	457.387375155606	0.0659752884969364	0.15795173287378	0.174487244857623	0.676154257846254	0.930018495477913
FBgn0033240	167.112664590279	0.283526174000537	0.346102712806138	0.670110211879312	0.413013184801495	0.87822152781539
FBgn0033241	1453.58853250139	-0.0158317521740141	0.168950517522019	0.00881133625438224	0.925213443356242	0.983003352963501
FBgn0033243	67.8962501012586	-0.15537603614973	0.730658300633989	0.0452592298914567	0.83152807452995	0.965353711015835
FBgn0033244	734.733394861025	-0.138801771026246	0.181341196823479	0.586286977160839	0.443858524090263	0.888270226363548
FBgn0033246	3346.18434601211	0.760222147485277	0.717192231797484	1.11088352613079	0.291889970198214	0.827589471963489
FBgn0033247	352.370135409788	0.163553332196249	0.216308663840693	0.572736745387687	0.449173451542394	0.888270226363548
FBgn0033250	238.297343646577	-0.478500665006573	0.275875316169414	3.00684297814846	0.0829136332731568	0.541023856162233
FBgn0033258	142.390221670654	-0.281682986624001	0.408310284266931	0.473730476963702	0.491275962210354	0.892965315521076
FBgn0033259	1309.42224412898	0.371550466736251	0.143850474588248	6.65833996601128	0.00986928114732876	0.139163487855958
FBgn0033260	746.988068123345	0.131785435452032	0.165441048936532	0.634359864518345	0.425760582362362	0.881714569656874
FBgn0033261	145.708038819034	0.617931896554304	0.58916082002783	1.09000350291619	0.296470432736599	0.831066549939418
FBgn0033264	640.964867500964	0.0918327678517291	0.181119439152228	0.257449237328373	0.611878003448031	0.91550458350478
FBgn0033265	200.013599156793	0.289125803022502	0.501523130083873	0.33145629068413	0.564802827030245	0.90865959686355
FBgn0033266	524.218165735443	-0.0611816254240269	0.146660599262515	0.174125342866951	0.676471210533654	0.930018495477913
FBgn0033268	6024.7738081529	0.421481499088827	0.292579330489648	2.0677019021843	0.15044807371881	0.690413400783532
FBgn0033272	640.320055101358	0.0250646794343491	0.178914330761811	0.0200845929045528	0.887301080517618	0.977724198541247
FBgn0033273	124.24180628739	0.191558031631993	0.331431753223283	0.334745293917358	0.562878157011004	0.90865959686355
FBgn0033283	87.814722437421	-0.5443927426616	0.490075039997321	1.21932143484233	0.269493861809555	0.810256083869186
FBgn0033285	134.674557146013	-0.122428759989629	0.788370843124319	0.0241415037584716	0.876525404915883	0.976318025568334
FBgn0033286	865.827206816328	-0.890023626460085	0.398514161651097	4.90944746060008	0.0267101841563927	0.28024018433249
FBgn0033287	504.037998712666	-0.54058141784819	0.619362855970092	0.756652920674654	0.38437801654199	0.86877986396103
FBgn0033289	865.890990225891	-0.198273380873318	0.344363916241619	0.331173527967792	0.564968888017274	0.90865959686355
FBgn0033296	152.930207651231	-0.474273258093123	0.429085215207227	1.22027380720043	0.269306923940471	0.810256083869186
FBgn0033297	2177.86920990321	0.539817372721732	0.22757344261388	5.59653794515265	0.0179960053450021	0.216347471179325
FBgn0033301	131.918688243411	0.556454311395996	0.629239899958909	0.77591167639406	0.378394418141927	0.86579112403379
FBgn0033309	891.527788429458	0.165681955803909	0.253905157500296	0.425404773772868	0.514252413545054	0.899246209619774
FBgn0033313	8150.88458931016	-0.164765864413136	0.330579286543488	0.248308262316911	0.618268808949556	0.91550458350478
FBgn0033315	107.4443004038	-0.224408781542883	0.301945749491136	0.550461267415415	0.458129281764404	0.888270226363548
FBgn0033316	244.787292906767	-0.168787710884889	0.204923701997933	0.677118779787058	0.410580630962035	0.87822152781539
FBgn0033317	975.968486085248	0.159994546881882	0.209982905675146	0.580087716308881	0.446277940995082	0.888270226363548
FBgn0033320	1132.68398908993	-0.461378639366896	0.327461158226089	1.9776373790467	0.159639525380966	0.703012504782371
FBgn0033321	332.334638562515	0.41089026742053	0.304814790731379	1.81012837611776	0.178492830728755	0.725364482323237
FBgn0033323	135.395622499319	-0.683694209596076	0.525999232979361	1.66862737317106	0.196442487404627	0.748708691223804
FBgn0033339	4103.66677222836	0.567145075190594	0.363164051885607	2.42367917375492	0.119513939667633	0.635693132257462
FBgn0033340	268.541968756463	1.01610993555678	0.446289333021211	5.07958807012507	0.024209121019971	0.263882559081499
FBgn0033341	200.987033374985	0.175512415042767	0.322345329762705	0.297187336658212	0.585651104619816	0.90865959686355
FBgn0033344	50.1304060216302	-0.953875998234715	0.656621667677653	2.06137575127897	0.151073721141204	0.691892944125711
FBgn0033348	77.9708740519549	0.24035805958506	0.316971961354735	0.575505089947995	0.448079595370084	0.888270226363548
FBgn0033349	1032.98155113378	-0.0954562994858614	0.143613302443291	0.441963518571896	0.506176267961584	0.895295388353976
FBgn0033351	409.931460603609	0.0767468302918397	0.283463183256576	0.0736394115737369	0.78610968305025	0.956065302765536
FBgn0033352	2121.52318944145	-0.0398470506844003	0.189636073873371	0.0442503644397618	0.833388499867325	0.966067072560479
FBgn0033356	360.674521071246	-0.0301352741076519	0.250853850688142	0.0144399731364757	0.904351302641684	0.979772897569974
FBgn0033357	505.390241155595	0.582098132383727	0.446426228093155	1.68734996471822	0.193950670817407	0.747345913594445
FBgn0033364	86.574196331398	-1.08313965821184	0.579743392174386	3.40148380059053	0.0651378002588082	0.473545046172166
FBgn0033366	2254.21086648384	0.509045805862325	0.229075816473869	4.91510588622508	0.0266228312894296	0.280105230936453
FBgn0033367	10895.3333854608	0.287797071930753	0.516273447331682	0.310243797684976	0.577530619877203	0.90865959686355
FBgn0033371	168.873170084648	-0.677791395621724	0.444581158586738	2.29792313285644	0.129547115874183	0.654185859032377
FBgn0033373	1588.83716626958	0.636502927050998	0.180669167264585	12.3189397641306	0.000448385312332981	0.0116663472595863
FBgn0033375	152.496644458998	-0.130651220361036	0.265734454461605	0.242518114202149	0.622393286427801	0.915541451893316
FBgn0033376	355.823606864146	-0.154722742204868	0.198090656928607	0.613748617652817	0.433379870408742	0.887153843262531
FBgn0033377	1943.39706424758	-0.178876246975789	0.155429564550062	1.32423703459274	0.249833048831505	0.793847876141075
FBgn0033378	425.450768555244	0.441958226658804	0.448007571128285	0.968349787463438	0.325092082219123	0.838831396674705
FBgn0033379	437.514804123463	0.27442502116255	0.237388330032683	1.33405919131167	0.248084365282452	0.793047004717352
FBgn0033380	202.392261886207	0.153324637512019	0.258167963671409	0.352814926159994	0.552523977727508	0.907978647188282
FBgn0033382	645.457539735689	-0.0864882834612369	0.254360634950356	0.115743978787933	0.733697132211557	0.945153167468266
FBgn0033388	80.2839329490895	1.20397165256591	0.538405816616327	4.89827684055192	0.0268835082542561	0.281006223095483
FBgn0033391	944.72223159351	0.114592604002087	0.209794243882712	0.298335747458012	0.584927643523832	0.90865959686355
FBgn0033392	95.667868133585	-0.335391400070929	0.291868270980645	1.32178821349848	0.250271374297249	0.794590339854205
FBgn0033400	297.663543929545	0.151666883124338	0.337497110672969	0.201990553367253	0.653118903519739	0.923735839112994
FBgn0033401	422.763136174448	0.229795737561171	0.163611150980018	1.97160834821061	0.160277248323103	0.703012504782371
FBgn0033402	1223.06023760133	0.0289930081674834	0.275902209716951	0.0110676260468097	0.916214900594321	0.980404978288931
FBgn0033413	847.300937246536	0.346324188638286	0.205403970187308	2.83537001565269	0.0922095596888349	0.569800837959536
FBgn0033421	454.149904180983	-0.150572045842682	0.178956299961227	0.709828833222865	0.399500640970069	0.875888394068263
FBgn0033423	2436.0247076228	0.177387405843798	0.35866769372028	0.244480862145409	0.620988367153281	0.915541451893316
FBgn0033426	248.913805301479	0.0847126030846785	0.188289581337524	0.20541916665367	0.650381755107359	0.922694169316485
FBgn0033427	196.631798576931	0.190013655744874	0.233569394770233	0.664379755166394	0.41501796992542	0.879240330144271
FBgn0033428	899.314708682832	-0.444397763713054	0.172028180519149	6.64386099145239	0.00994980680789009	0.139802498145193
FBgn0033429	105.704050489055	0.711594607830924	0.430365665459955	2.70671264783334	0.09992671853409	0.590981099620332
FBgn0033431	892.775357996076	0.0701046486324118	0.199129398328495	0.124050395090237	0.724682363096521	0.942405474262163
FBgn0033434	1193.74010950857	0.0804782237578775	0.187297060216383	0.184781477537328	0.667295911934277	0.927910326872862
FBgn0033437	1471.98961200197	-0.0363581143739841	0.312325780743938	0.0135541351026234	0.907317920019037	0.979772897569974
FBgn0033438	1328.67519600925	-0.364705137569196	0.353017734075726	1.06467781986382	0.302150702270629	0.832614936158673
FBgn0033439	626.181840896399	-0.297430842312509	0.599953783567174	0.245200790206084	0.620474807522383	0.915541451893316
FBgn0033440	114.93639861286	0.364167743999657	0.55104556408963	0.435139712542622	0.509477686346002	0.895913536575615
FBgn0033443	842.346412278206	0.295534038072752	0.265406323175202	1.23834455052038	0.265790337980707	0.808870738247104
FBgn0033446	1294.9946236399	-0.0880364837587134	0.256657074107862	0.117610272580194	0.731640934560137	0.943692519110568
FBgn0033447	117.66234486338	-0.346344536285931	0.354877719307678	0.949670046190803	0.329803298431643	0.8415226533537
FBgn0033448	1544.63471122677	0.00852165211305849	0.4007824037385	0.000453554029746783	0.983008890133117	0.99233714266411
FBgn0033449	91.2783322080839	0.0832649801342821	0.480802813993864	0.030661604339187	0.860997481088033	0.971642652217515
FBgn0033451	743.695160031995	0.32449035679767	0.218261235476934	2.20595088074727	0.13747909854557	0.672131256479845
FBgn0033454	483.939702528723	0.0310956128823968	0.222677078768224	0.0200430471344646	0.887416924458513	0.977724198541247
FBgn0033457	249.860498154753	0.0228655501320644	0.30382243372	0.00670494032905822	0.934739196406519	0.98378812856611
FBgn0033460	2679.88496102072	-0.0772279364911855	0.270661024410254	0.0814374002380447	0.775358859034173	0.953234312247045
FBgn0033461	42.3250274676243	-0.667831313616595	0.76873685019358	0.742227852180719	0.388948150949483	0.870498072058443
FBgn0033463	1962.39573115147	0.0651983219576522	0.143507944542545	0.206435036531104	0.649576051564115	0.922694169316485
FBgn0033473	271.786355761191	-0.157503055008044	0.229885005211528	0.470227494963382	0.492882528847388	0.892965315521076
FBgn0033474	892.948102693203	0.00397366739212121	0.180735630244964	0.000613757776264379	0.980235121823458	0.992134162437166
FBgn0033476	4840.56802889465	-0.00191236706235055	0.123626525670433	0.000239322970614353	0.987657164769864	0.993061124148768
FBgn0033479	192.173366751893	-0.345237763620518	0.33700443791736	1.04993474298864	0.305522116613671	0.832614936158673
FBgn0033482	1809.58208175335	-0.116149269230934	0.232080649031781	0.250593426060149	0.616657537576915	0.91550458350478
FBgn0033483	910.647385332709	0.461049952374001	0.156661601068877	8.62761139254015	0.00331105442617449	0.0603960529208314
FBgn0033484	443.152444734548	-0.0435801522730163	0.201643065414817	0.0475942315300983	0.827303653526767	0.964780434421643
FBgn0033486	599.73936021091	-0.308107046795156	0.175913677312317	3.06450230942662	0.0800196627380738	0.532029466495864
FBgn0033491	131.099636160242	-0.207766012606071	0.277615517371895	0.558480260096452	0.454873217712306	0.888270226363548
FBgn0033494	603.056082442532	0.298457408296882	0.255020704379438	1.36750727586224	0.242240630295364	0.790406091073906
FBgn0033504	4116.15966042059	0.0376174004891906	0.335534055481093	0.0125778297207546	0.91070374068177	0.980227996589148
FBgn0033507	92.7356375765721	0.182770349599223	0.253030395027563	0.522194224068244	0.469907186407509	0.888270226363548
FBgn0033512	154.395443207954	-0.535130218769042	0.663835035826616	0.644000000240297	0.422266039974436	0.881034667480375
FBgn0033526	212.458179141902	-0.0984859786779569	0.202173829550963	0.237282363384082	0.626175862253261	0.916152845817619
FBgn0033528	310.906103009512	0.317394407966474	0.419428015866525	0.570858435634022	0.449917998456771	0.888270226363548
FBgn0033529	768.303153081621	0.303733854483638	0.263549623724904	1.32508010316774	0.249682362086818	0.793847876141075
FBgn0033538	332.95704940402	-0.282575390571646	0.368409212350974	0.587819015977772	0.443263733100442	0.888270226363548
FBgn0033539	591.079558076294	0.0493098263495386	0.169949861775434	0.0845032251218925	0.771285066826508	0.953136983481145
FBgn0033540	283.225828592991	0.169208932879331	0.269396510795574	0.39431587410705	0.530039474420309	0.902833014908463
FBgn0033541	4997.6521353237	0.512271327846148	0.145724440817181	12.2963138750049	0.000453853760402905	0.0117721821062531
FBgn0033542	448.196405820959	-0.735207301083329	0.46548978473522	2.46565327430362	0.116359315365905	0.62999679363914
FBgn0033543	848.043623993843	0.0881920297614438	0.254785594317096	0.119917314215144	0.729124186232908	0.943692519110568
FBgn0033544	2011.54078444108	0.493524781224412	0.387456222250251	1.61419777022256	0.203902727450079	0.756454122201563
FBgn0033548	58.7782927193435	1.09112902657941	0.776967696163298	1.92494385088644	0.165312676166579	0.710633110232189
FBgn0033550	209.681525065698	0.235462818993481	0.192545071006447	1.49669450999204	0.221180666855918	0.771636719933515
FBgn0033551	558.858788355459	0.274818512985074	0.319425780571329	0.738590411431105	0.390112794053032	0.871480042855311
FBgn0033555	687.532885080353	0.255076834123105	0.234719300627675	1.17871547175353	0.277617655172754	0.814260338601547
FBgn0033556	212.37431713276	0.333509546337993	0.504640997057479	0.435282048194239	0.509408444434646	0.895913536575615
FBgn0033557	247.379478713812	0.35384767735392	0.254371036602183	1.93474400653098	0.16424035989736	0.710633110232189
FBgn0033564	269.788882311006	0.0130998106147683	0.196539775883193	0.00456611615697256	0.946125514807907	0.985720685676657
FBgn0033569	197.236597185508	-0.0515116803153187	0.212136974700815	0.0604610371136332	0.805768730930686	0.959086727233997
FBgn0033570	672.983504376147	-0.044392022994315	0.209887251242091	0.0451261963841745	0.831772149670207	0.965499053291218
FBgn0033571	339.709995966472	0.0177972989711308	0.260864594855999	0.00513700458525079	0.942862223399106	0.98539396278863
FBgn0033574	127.647043193579	-0.374100008348823	0.533411959015092	0.48849309880849	0.484600269634211	0.88918116973677
FBgn0033581	574.666880432881	0.206148438156229	0.287838031934359	0.512210996858229	0.474183295716262	0.889027677218827
FBgn0033584	125.010500318907	0.271805852626794	0.323330935119983	0.706433409066314	0.400630382389725	0.875888394068263
FBgn0033598	628.885970751899	-0.442511350078448	0.522104836948161	0.716091813429131	0.397428865057323	0.875588961213828
FBgn0033600	450.387738328701	1.46487918045984	0.569816161847687	6.35204361115257	0.0117246159161103	0.158159987414111
FBgn0033602	163.389080474791	3.47667584985994	1.05742225965021	8.98269890267045	0.00272547791038553	0.0520566280883636
FBgn0033605	108.543410068399	0.515059044766387	0.550857783284054	0.868179271975634	0.35145985671036	0.852183680263665
FBgn0033607	580.70968219838	-0.266160054975915	0.192086764812508	1.92051347189135	0.165800066570654	0.710803241981315
FBgn0033608	431.050693483532	0.0011498859270847	0.284649018565374	0.000302927545419607	0.986113668834905	0.992991760146979
FBgn0033609	552.419974038958	-0.0820365696294645	0.186676585837906	0.194329435585814	0.659337430919458	0.925753143696909
FBgn0033610	225.024155760706	-0.353258488321771	0.464115703537123	0.576599473135701	0.447648314259097	0.888270226363548
FBgn0033615	165.953876971363	0.153926984766424	0.312678373523965	0.243154598683859	0.621936923984474	0.915541451893316
FBgn0033616	166.742333282985	0.181219953623058	0.253800805468526	0.509983204520786	0.475146126807621	0.889027677218827
FBgn0033624	2476.98479575403	0.100768134826087	0.292483456177913	0.118647396458925	0.730506152339767	0.943692519110568
FBgn0033627	192.275212330243	-0.064184655372878	0.288774491166443	0.0520306111699824	0.819566794041668	0.96317149169713
FBgn0033631	2872.07558639687	0.03742497943187	0.149047506712223	0.0631125685658844	0.801642360493929	0.958174580223308
FBgn0033635	1559.8567424376	0.384408163112316	0.575647053290963	0.44450571649918	0.504955716701869	0.895295388353976
FBgn0033636	3074.57611928204	-0.427195030522846	0.478961089031833	0.792872107806645	0.373233073701346	0.865044332980173
FBgn0033638	4163.9256701118	-0.561332500782944	0.273514759126085	4.1867599468203	0.0407408909120364	0.363467566056002
FBgn0033639	2447.79270343807	-0.241551610210682	0.347346615136023	0.483072257154689	0.487033996167549	0.89023746654946
FBgn0033649	233.350199403891	-0.23486138547281	0.242631059010722	0.941490376467236	0.331894849490562	0.841662811307778
FBgn0033652	130.723656345407	-0.243772452384699	0.587354381826843	0.172051840188729	0.678294673411101	0.930018495477913
FBgn0033653	303.918064800688	0.0169756612215102	0.198329736737012	0.00800723977517492	0.928697919161173	0.983266068920733
FBgn0033654	265.444346653682	-0.308310163348352	0.25920529728314	1.4099971681342	0.235056863345663	0.781081606355019
FBgn0033658	47.6162047927635	1.16679508403397	0.535603281497565	4.66985603078674	0.0306965006257329	0.30601825772083
FBgn0033659	128.157026625519	1.44268382334753	0.564003676701406	6.29994288266214	0.012074186276906	0.161065811858917
FBgn0033661	912.289033666976	-0.106561005214716	0.455827468020961	0.0546934298737511	0.815088803687272	0.96161108133415
FBgn0033663	12520.5635751589	0.190669709699066	0.120984813626528	2.48179916100059	0.115170440793917	0.627468029705223
FBgn0033665	258.51513660343	-0.111841049199128	0.229468747324983	0.237295456281181	0.626166339106706	0.916152845817619
FBgn0033667	684.857048826725	0.821455457528188	0.301760204287539	7.31275376849139	0.00684669261316901	0.10519753910497
FBgn0033668	503.305185116202	0.615093119787307	0.288178462487884	4.52227722801513	0.0334562719346281	0.323356282067971
FBgn0033669	944.472355839078	0.182280825877139	0.311238025837474	0.342621266597192	0.558320070898332	0.908655899497722
FBgn0033672	473.963077627393	0.192351057530866	0.260957339923818	0.542818803263685	0.46126686507704	0.888270226363548
FBgn0033673	374.151843602493	-0.303436353705485	0.25486023464788	1.41605603076462	0.234053653405991	0.780240739081296
FBgn0033677	214.712712434433	-0.016144424005581	0.217901440195488	0.0069169816267447	0.933717644221685	0.98378812856611
FBgn0033679	9184.27293049629	0.42277817176672	0.130436462941973	10.4691966476937	0.00121381490917343	0.0267892906557843
FBgn0033680	44.9346365138757	-0.0590551702838468	0.834430225200952	0.00587033562148065	0.938927347236794	0.984988818646613
FBgn0033687	62.3597304841323	-0.375020524093228	0.54344879771023	0.47194231766197	0.492094966116005	0.892965315521076
FBgn0033688	4124.80733039059	-0.275167341089514	0.396355622111912	0.481342367884025	0.48781490751159	0.890779084458522
FBgn0033690	110.553830182659	-0.378195491086817	0.283316781483146	1.77036702609897	0.183336663192515	0.729851848760788
FBgn0033691	545.342314352282	0.517807335581357	0.46766827574039	1.21854016403668	0.269647335766085	0.810256083869186
FBgn0033692	411.543605281939	-0.0338415970396634	0.18543997414165	0.0332961708155821	0.855212025120053	0.971310121918865
FBgn0033696	77.8511123189352	-0.0971051361981113	0.314085058426957	0.101596743534408	0.749921828831504	0.949227302638817
FBgn0033698	1682.17070288299	-0.227089714669389	0.311693947050476	0.530612507704262	0.466349462333869	0.888270226363548
FBgn0033699	19506.5782533937	0.267227188984703	0.170629497736938	2.44920881074638	0.117584122091697	0.632635699141242
FBgn0033702	107.412471104249	0.692523534452087	0.388896885487848	3.15017114121535	0.0759190000853081	0.516247591286792
FBgn0033705	212.425314016342	-0.109984347733898	0.618078015865001	0.0316995910177269	0.858688585965893	0.971373856909766
FBgn0033708	592.037220621174	-0.525862943463309	0.441613917347017	1.40926886758567	0.235177803288746	0.781081606355019
FBgn0033710	362.281111694431	-0.980161150976691	0.43664181849467	4.95586503896669	0.0260023128225289	0.276826711868946
FBgn0033712	110.76156838951	0.105030596495529	0.329714546288995	0.103508764284364	0.747658930654263	0.949227302638817
FBgn0033713	383.910375946302	-0.243821086591659	0.233194218906675	1.09693348495372	0.294940062429096	0.829318022474993
FBgn0033715	125.853659295711	0.0309042722678645	0.333120218643838	0.0112880484760254	0.915387787227027	0.980404978288931
FBgn0033716	437.388344363867	-0.14566524730676	0.255655974523007	0.324211257769562	0.569087756690962	0.90865959686355
FBgn0033717	5952.09165429556	-0.0512112916662315	0.223820639801523	0.0523538371492407	0.819016898036049	0.963079425620592
FBgn0033720	351.869733697256	0.866173370183433	0.394445248607873	4.75892032272651	0.02914682578084	0.295833241379443
FBgn0033724	1792.61122393425	-0.0212309593780616	0.564883387590175	0.0014134955868883	0.970009411539404	0.991444149622978
FBgn0033725	65103.4153689071	-0.477594108844714	0.42636847187751	1.24904151230461	0.263735622214632	0.80742405186446
FBgn0033729	699.221502492099	1.25074831462186	0.601249132152258	4.20099588901107	0.0404002468043181	0.362108914493493
FBgn0033730	316.212045694329	0.470842586660347	0.38536329564634	1.48585253320483	0.222861079408972	0.773568331726624
FBgn0033734	358.347323110221	0.0860632839709075	0.223340340653452	0.149564552915578	0.698951834858294	0.935295979326931
FBgn0033735	729.640672452677	0.324223227198351	0.22397101138761	2.08987552538298	0.148278151191348	0.68752505927826
FBgn0033737	302.054171795483	-0.171413291104803	0.291626226481009	0.345293092347774	0.556789766966838	0.908176933545198
FBgn0033738	1614.56295988062	-0.551057325607148	0.264367217592105	4.3218559811541	0.0376258623607793	0.349296472950447
FBgn0033739	692.195233243325	-0.0674227190430136	0.32814714674694	0.0422636934356433	0.837117943151542	0.967331366426469
FBgn0033740	122.271662747611	-0.482240942365676	0.231967751961672	4.3298951059661	0.037448553531468	0.349088952917342
FBgn0033741	721.50242606866	0.325981380993241	0.202825608531513	2.57844517725732	0.108328021366644	0.613291256526072
FBgn0033744	227.564574080398	0.494918667736262	0.277630372408489	3.17196792402046	0.0749121331829102	0.513927810015655
FBgn0033750	158.203587600349	-0.0298177961685901	0.228849971499382	0.0175166672093283	0.894707028503159	0.979306833490564
FBgn0033751	841.59188406856	-0.26863102025858	0.137586655327026	3.8092967888272	0.0509688448306109	0.417105024500929
FBgn0033752	250.491458583085	0.0438499384423065	0.230857008194571	0.0371975481108535	0.847063397108767	0.969720854011998
FBgn0033754	44.2333595497321	1.22870356599409	0.748955310589954	2.61746552085717	0.105693135972348	0.607397379988896
FBgn0033755	781.567296123208	0.0123640445754803	0.18421315452969	0.00450579963344921	0.946481989987858	0.985720685676657
FBgn0033757	288.88632594495	0.149210301889554	0.192091879864964	0.604757891640226	0.436768411513628	0.888270226363548
FBgn0033760	828.270629576351	0.601558542001657	0.396275854930472	2.28891863783539	0.130300676893337	0.656109579755307
FBgn0033761	313.129465259133	0.346599985505014	0.280133261244953	1.52620509714752	0.216682886696538	0.767589085535168
FBgn0033762	542.551566187807	-0.117936872116875	0.159011850613479	0.54996974952342	0.458330054723498	0.888270226363548
FBgn0033766	541.944460228644	-0.0734588198812178	0.26176532917507	0.0791142155111544	0.778501406147381	0.954016784662728
FBgn0033777	2493.94019762933	0.508987998492004	0.231670246923317	4.80275633078907	0.0284142430887273	0.290856636927727
FBgn0033781	226.295223765279	-0.549991407789401	0.293795917330513	3.47539580797014	0.0622878190659907	0.463542505345256
FBgn0033782	461.285773076384	-0.106372157318546	0.502095387578184	0.0448560830790541	0.832268883053067	0.965675506444564
FBgn0033783	1261.01707049354	0.067388221295069	0.228594621093796	0.0869852134845246	0.768045400279883	0.952993416349077
FBgn0033784	521.835464228489	0.183057809935546	0.24708236778927	0.548421224293747	0.458963499479368	0.888270226363548
FBgn0033785	285.227935296989	0.0227966911859667	0.331067787981108	0.00477333730142959	0.944918503897875	0.985720685676657
FBgn0033787	5640.49644344915	0.284333098268174	0.538321904198318	0.27853464645284	0.597663273607343	0.912159281837944
FBgn0033789	855.590062960458	-0.272109328331195	0.357529079112843	0.578513156959531	0.446895706752209	0.888270226363548
FBgn0033794	186.825691490331	-0.668571977202713	0.35070376974188	3.59980757305243	0.0577862595096896	0.446766996246027
FBgn0033798	48.870052603566	1.11952177703305	0.842082289067902	1.72440619244693	0.189126857858034	0.737433378863863
FBgn0033802	886.595831143489	0.019903841714227	0.22727181143287	0.00795932430158075	0.92891100866514	0.983291198656128
FBgn0033809	834.128784429959	-0.0981137655743455	0.197376096978513	0.247592287174555	0.618775547715557	0.91550458350478
FBgn0033810	253.842059717978	0.167654950152336	0.343720226692445	0.237984242177561	0.625665806961198	0.916152845817619
FBgn0033812	893.405993623798	0.0027659458574335	0.152587282297701	0.000505389635193865	0.9820643695573	0.992185732789441
FBgn0033813	137.090532839546	0.098041033788253	0.415800058291061	0.0563599970055222	0.812344468758979	0.96039638452444
FBgn0033816	273.220318174331	-0.206357312523542	0.27005576249635	0.584388389983651	0.44459733469183	0.888270226363548
FBgn0033817	34.0376677678875	-0.464210324243441	0.431860566590127	1.14926284947573	0.283703514197382	0.822153218384414
FBgn0033818	133.107806129845	-0.402760253900968	0.649185207770145	0.382401265656426	0.536320913134113	0.906910394964332
FBgn0033819	109.73789193742	-0.528759774949093	0.556589060726601	0.894061948223673	0.344378927085318	0.847552993638526
FBgn0033826	7443.56627514378	0.413643373119196	0.355133134062367	1.35209841537954	0.244911603778294	0.792429197916752
FBgn0033830	263.734694514434	2.83371538668092	1.6070482435197	2.71308033597431	0.0995286394611317	0.59024468480448
FBgn0033834	341.518230396471	-1.04470591301167	0.368753850892761	7.87124835395781	0.00502269667887691	0.0818037652893053
FBgn0033842	269.531537319229	-0.5289644150445	0.206464804584826	6.53204498389331	0.0105948081634809	0.146445341786009
FBgn0033844	1966.86807867233	-0.189540904576185	0.216401448884396	0.766928352511869	0.381168971599563	0.866736536337729
FBgn0033845	556.380207439298	-0.372761521260327	0.225461761986352	2.72938023970615	0.0985175085659846	0.588060147435234
FBgn0033846	398.565256361262	-0.050755517028908	0.196550746990367	0.0686579341988605	0.793300941834409	0.95691559934858
FBgn0033853	1592.52497256426	-0.23262715523012	0.214064474993774	1.17916436163108	0.277526180577594	0.814260338601547
FBgn0033859	743.40068138046	-0.0872673000537378	0.212668831988556	0.16886518548435	0.681122328656007	0.930081887185516
FBgn0033860	231.800286330194	-0.598457158799817	0.382288696564429	2.43183110554747	0.118893944173838	0.634628010735222
FBgn0033868	1875.95111339074	-0.828853576125613	0.396802467579768	4.30392641085135	0.038024488373644	0.351548735194834
FBgn0033875	539.152821279858	0.985110472236535	0.524116361263099	3.46543812157115	0.0626639049489332	0.463542505345256
FBgn0033879	2568.33525021492	0.236398937994748	0.326229644266879	0.524537636067691	0.46891244793383	0.888270226363548
FBgn0033883	555.8506279006	0.0867074869359784	0.234338793074823	0.137077678227357	0.711203654392734	0.939158326986629
FBgn0033884	189.455288161615	-0.277003738571515	0.20766784190269	1.78190977678648	0.181914991616882	0.72731379141212
FBgn0033886	5262.00098314365	-0.13216768272432	0.216191892385461	0.373582620861043	0.54105787989822	0.907173673980027
FBgn0033888	190.002899554692	-0.462336935456216	0.408014761312158	1.2764224000656	0.258565290704283	0.803836573577056
FBgn0033889	2265.46010868536	0.141523342286644	0.286192416834376	0.24452342262498	0.620957980541372	0.915541451893316
FBgn0033890	293.934285586236	-0.118279647141354	0.343410129944222	0.119228944385767	0.72987227064993	0.943692519110568
FBgn0033891	115.803301934796	0.0925091460259688	0.27597404840599	0.113246388270049	0.736478012926142	0.945951584996377
FBgn0033897	947.145622374019	-0.140222859861045	0.189366531618576	0.549268819712367	0.458616607972508	0.888270226363548
FBgn0033899	157.278657412638	-0.0191657857710551	0.231496100189569	0.0070616655748239	0.933029624363262	0.98378812856611
FBgn0033900	255.972338746338	-0.076021459525543	0.291549667127683	0.0685088967005996	0.793520325066665	0.95691559934858
FBgn0033901	594.17875925117	0.00526703531654292	0.217052516224988	0.000629624587702438	0.979981324978668	0.992134162437166
FBgn0033902	3454.63570375911	-0.0435288197490577	0.177631151797386	0.0600705688429315	0.806384438342498	0.959086727233997
FBgn0033903	128.188083204355	0.215702313848297	0.421293201069205	0.261897023376058	0.608819859639942	0.91550458350478
FBgn0033905	184.691243874462	0.588869882730667	0.256119554687337	5.25693235773527	0.0218595155258614	0.244617001969826
FBgn0033906	2500.87045492079	0.607319097354509	0.177585123955251	11.6112408256038	0.000655544024744343	0.0160150929766031
FBgn0033912	19829.1524310289	0.316921477209907	0.274228269387053	1.33287841426453	0.248293789785433	0.793047004717352
FBgn0033913	3314.78120760877	-0.168008710921955	0.413110573747805	0.165330430941069	0.684295590640368	0.931306905869094
FBgn0033915	572.802381378375	0.0611515839409673	0.179449995514393	0.116985742486264	0.732326971650786	0.944082814811045
FBgn0033916	557.07409375246	-0.224714922433021	0.22078164807536	1.03599004545022	0.308755918621741	0.832614936158673
FBgn0033918	1114.12920259854	0.0988898676496938	0.190566010332321	0.269251099558915	0.603834583919402	0.913688484562235
FBgn0033919	4172.47785498411	-0.0550910464486433	0.300964757827401	0.0335122921142528	0.854748093646504	0.971310121918865
FBgn0033924	665.152662206437	0.0916756354466166	0.170481786262456	0.289429134318837	0.590586586822812	0.90997183888477
FBgn0033925	244.047423749053	-0.111175748624668	0.377713341327791	0.0866254470406602	0.768511853646098	0.952993416349077
FBgn0033928	256.978895906998	0.790524654381397	0.340846569291791	5.32744288332005	0.0209921625725782	0.238081152847432
FBgn0033929	1211.94199491977	0.0203898345503323	0.139518813604465	0.0214499050872377	0.883559953101334	0.977724198541247
FBgn0033934	667.147221526365	0.0993737714096197	0.181687891449496	0.299499719621807	0.584196221704758	0.90865959686355
FBgn0033935	203.791741198722	0.0147762678265001	0.220583228241407	0.00462166221866056	0.945799319642241	0.985720685676657
FBgn0033936	1642.37422919688	-0.712558720187726	0.981627006798886	0.521576103146643	0.47017013456859	0.888270226363548
FBgn0033948	103.323775208438	-0.478866993176534	0.314304987997512	2.30386044128392	0.129052896616561	0.653999148711491
FBgn0033949	799.760903547698	-0.381793849745905	0.317115313683212	1.44519498583037	0.22930052532658	0.779813484379362
FBgn0033951	163.957266573445	0.214232838102108	0.421037279005312	0.25886402372447	0.610901661866807	0.91550458350478
FBgn0033952	88.027200747009	-1.45027035585549	0.479100815954012	8.82762798918573	0.00296703796416484	0.0556955815704058
FBgn0033953	554.542728056311	-0.469936655101569	0.542212055296392	0.747113043465433	0.387391800380907	0.869562060032605
FBgn0033954	500.60385032967	-0.579608178328356	0.526045901280437	1.20456487587114	0.272411211900394	0.81102375989842
FBgn0033960	142.66269981449	-0.173129090242186	0.294182089292409	0.346640522417779	0.556021037359928	0.908003182797042
FBgn0033963	149.537125192936	-0.34216556678023	0.537132645080959	0.403508353524174	0.525282936528618	0.90232385622236
FBgn0033968	1254.41365714815	0.0592478186147742	0.35695629414803	0.0275608541203667	0.86814544457523	0.97411611643373
FBgn0033969	132.557192831599	-0.843997772203883	0.449847200634143	3.46645909928564	0.062625233174544	0.463542505345256
FBgn0033970	228.07329067026	0.679676810107416	0.230437596641218	8.65172569144757	0.00326751734357576	0.0598261781163632
FBgn0033971	249.604281450442	-0.00705747228425881	0.200472688778181	0.00135133776205265	0.970675932286698	0.991444149622978
FBgn0033972	1067.63474660298	-0.0201577510652672	0.154067045498725	0.0172779589616852	0.895422778257025	0.979375762856732
FBgn0033973	255.080857991983	0.169594620719064	0.173545553055744	0.956267449525228	0.328129086246103	0.8415226533537
FBgn0033982	253.487803573322	0.370488673103378	0.385732679460436	0.920306782423026	0.337394434114998	0.844975856087411
FBgn0033983	174.369694629169	-0.357435219746319	0.296620366486995	1.45172659777008	0.228251107254232	0.779156488035392
FBgn0033984	415.576648375756	-0.644300558929944	0.304252652509974	4.46121592000156	0.0346728081901407	0.330811786353649
FBgn0033987	1279.52651935995	-0.163774880513547	0.291075781595961	0.316661418269817	0.573620952098122	0.90865959686355
FBgn0033988	869.457153527343	-0.0945180766445813	0.262294495982712	0.12978611971856	0.718653900417842	0.941475819035315
FBgn0033990	77.628455822854	-0.391971372118245	0.322031297020994	1.47671869025883	0.224288620186769	0.776590687686833
FBgn0033995	229.426467029478	0.118824592904962	0.261091308085962	0.208391754524314	0.648030860992818	0.922694169316485
FBgn0033996	417.473132154653	0.220996630116075	0.186577508481701	1.40204810788366	0.236380951461669	0.783385297264196
FBgn0033998	1394.50303459554	0.0289883361170054	0.243048856705084	0.0143434280936958	0.904670059461828	0.979772897569974
FBgn0033999	285.989983532851	-0.0131527570133174	0.444351628308552	0.000896946567110035	0.976107674200443	0.991444149622978
FBgn0034002	243.746938099984	0.157470042284689	0.329325465541267	0.229057881298814	0.632223276850013	0.918845491159441
FBgn0034007	50.6489180484224	-0.766049385815243	0.541788366171196	1.96747278202218	0.160716367590146	0.703468933972702
FBgn0034009	682.327926834183	-0.109401581576628	0.258780715535834	0.179213475587716	0.672050040224384	0.929643731878032
FBgn0034010	1092.67803305216	0.976894821924701	0.362621898435886	7.12477466823914	0.00760259689416666	0.11353710447615
FBgn0034011	308.354986896633	0.0157617256397712	0.433341288139913	0.001474045775538	0.969374099852853	0.991444149622978
FBgn0034013	629.066603688805	-0.0515265216194518	0.346348638240351	0.0222734225282579	0.881362024370852	0.977724198541247
FBgn0034021	492.609661248747	-0.401863439390412	0.225998264226535	3.1521040468627	0.0758291277068054	0.516247591286792
FBgn0034022	109.179638753888	0.815269772438266	0.566701534688674	2.0500001311553	0.152206176675187	0.69217570821335
FBgn0034025	1755.80926194674	0.715054276921236	0.248029161642408	8.23256401823937	0.00411453600171206	0.0707128027778898
FBgn0034027	137.907380495999	0.172012519673359	0.344749115264124	0.250110905405734	0.616996996379891	0.91550458350478
FBgn0034029	374.422954057001	-0.116583867876216	0.173135059418441	0.45294533840152	0.500939568623292	0.895295388353976
FBgn0034030	67.6253782319168	0.290778223542667	0.552231828361829	0.27751485558413	0.598334713851548	0.912159281837944
FBgn0034031	1382.72596523678	-0.169051090107898	0.251185853757283	0.452407927832837	0.501193680389374	0.895295388353976
FBgn0034032	370.206257882558	0.0320190950414816	0.31224972732035	0.0108340006282219	0.917100699733659	0.980404978288931
FBgn0034033	105.573726492034	0.450360476299801	0.51695177453548	0.754784956730759	0.384965500835137	0.86877986396103
FBgn0034035	602.862444095668	0.0105061813604737	0.150322569911222	0.0050794088816275	0.943182893464034	0.98539396278863
FBgn0034045	147.980403549317	0.260422485417909	0.425845551129491	0.37343850368832	0.541135928939046	0.907173673980027
FBgn0034046	314.33411266739	-0.277015743303803	0.34272896370912	0.653300390314115	0.418935169530254	0.880143567087002
FBgn0034049	1013.54563259803	-0.292334143581074	0.271028791150796	1.16201142571501	0.281048778744016	0.818694605395047
FBgn0034050	237.223182979853	0.164018618418106	0.361075208344019	0.206411510374892	0.649594683477976	0.922694169316485
FBgn0034051	1255.45141833146	-0.130372955108035	0.209706670855769	0.386219573871813	0.534293278179205	0.906910394964332
FBgn0034052	1745.69703190063	0.715853429290631	0.229806623815135	9.60657694954975	0.00193881709048919	0.0392622140445088
FBgn0034054	266.508883585808	0.41231451728152	0.287343528705415	2.05141471273484	0.152064831568383	0.69217570821335
FBgn0034057	688.792716165761	-0.134385608974444	0.199849962674086	0.452069836335312	0.501353657537457	0.895295388353976
FBgn0034058	210.219799633226	0.586455893337187	0.209748004144716	7.78180059311691	0.0052775170161565	0.085292794238037
FBgn0034060	850.496058597272	-0.11318190816017	0.264141719358942	0.183800632208559	0.66812717906418	0.927910326872862
FBgn0034061	583.188149750373	0.162293836776268	0.199693685307689	0.660168570396564	0.416500437901626	0.87938425582695
FBgn0034062	158.551574431202	0.305445197453404	0.372912022934324	0.669367159687212	0.413272330981638	0.87822152781539
FBgn0034063	789.295811526039	0.218915802296277	0.268509652673908	0.664086146211218	0.415121075656757	0.879240330144271
FBgn0034065	128.827773560978	0.13553859307271	0.315021787072676	0.187002057905801	0.665423580202486	0.927023786961361
FBgn0034066	671.534482064252	0.142057137289421	0.253866250448167	0.312942892142729	0.575879898824008	0.90865959686355
FBgn0034067	2524.73460945415	-0.225570588879494	0.250186485326417	0.812466341170293	0.367392079415985	0.863803647589185
FBgn0034068	1769.43437049204	0.0608046087370669	0.185143533366165	0.107891102080259	0.742557979382928	0.948205941306244
FBgn0034070	376.576404819569	-0.197196761211324	0.358017832412122	0.303980959866806	0.581397413037543	0.90865959686355
FBgn0034071	1668.84103281413	-0.474179016015426	0.384432209078525	1.51514794488186	0.218355233032153	0.769326362593354
FBgn0034072	2553.61351646391	-0.199710921087057	0.24576348693884	0.660176584547713	0.416497609219144	0.87938425582695
FBgn0034073	204.622330050624	-0.0112543965446459	0.312595909843052	0.00144059486918025	0.969723426044759	0.991444149622978
FBgn0034075	1770.52430399726	0.178766364985734	0.364344824369194	0.240506404592438	0.623840601739429	0.916152845817619
FBgn0034076	146.794161369681	0.356425329978679	0.266732611689443	1.78525515680631	0.181505345284571	0.72677950345485
FBgn0034082	126.331506796685	0.904280833605381	0.964618487111911	0.863832707285937	0.352668353716842	0.85294756349208
FBgn0034083	1381.55675287857	0.0511129632594764	0.308117411662964	0.0275727619518449	0.868117224156667	0.97411611643373
FBgn0034084	172.755501987405	-0.0807273573203482	0.209506900712527	0.148406205234309	0.700063122074096	0.935295979326931
FBgn0034085	2517.48916599298	-0.0868958842624287	0.255407473422495	0.115735359927271	0.733706670847136	0.945153167468266
FBgn0034086	150.496653618682	0.500077789603184	0.442467298325621	1.26900084941644	0.259954203568655	0.804496150742213
FBgn0034087	1704.27994369662	-0.132621154686388	0.325390420438097	0.166166313895289	0.68354164595664	0.930663288011764
FBgn0034091	956.025569831395	0.031891472063206	0.244624327337111	0.0171851891959278	0.895702298110048	0.979375762856732
FBgn0034092	22.5881045842801	2.45424060091337	0.880878494486868	7.26381114655057	0.00703578267106431	0.107702582090391
FBgn0034093	688.095352160034	0.0251462671178502	0.220437490030103	0.0131398454940665	0.908739061663082	0.979772897569974
FBgn0034094	716.491149288645	-0.356370205824305	0.379237294588398	0.881436952411818	0.3478084116234	0.850616666183641
FBgn0034097	75.437566567559	-0.689863472240227	0.741043593903895	0.853768048530355	0.355488556026507	0.854616917368605
FBgn0034099	58.6180334915141	-0.109039529742362	0.911671190277178	0.0145028251071153	0.904144368791568	0.979772897569974
FBgn0034105	82.6154749100964	-0.965059058152526	0.751540955320145	1.6127990206312	0.204098791999083	0.756454122201563
FBgn0034109	185.929845906107	0.277006257361665	0.395623858556703	0.489188610626243	0.484289470050903	0.889027677218827
FBgn0034110	2527.23970617672	0.201129151841703	0.247374691430205	0.660759191569582	0.416292048009788	0.87938425582695
FBgn0034114	171.929478078433	-0.17996176382553	0.260099285762215	0.478480893001468	0.489111216564235	0.891955223452815
FBgn0034117	1544.01413581794	0.188097951937005	0.133239869135216	1.99208920020614	0.158122606440573	0.70124664091112
FBgn0034118	411.229813674357	-0.0651733174658503	0.194491057298586	0.112413940348887	0.737412459696188	0.946222198858289
FBgn0034121	439.592944352605	-0.580026335050923	0.361321335153608	2.55892570517268	0.109673087272183	0.614075232776427
FBgn0034122	44.5164757319974	-1.10185538870596	0.801398736863088	1.82629121788818	0.176566237170894	0.7227777190376
FBgn0034127	235.476097984892	-0.543570486150228	0.418444121789191	1.67484329893651	0.195611068338488	0.747574087456413
FBgn0034128	150.634289033054	-0.0639576011277701	0.321534947213909	0.0400398355063132	0.84140271436068	0.968231685921758
FBgn0034132	1315.12364597075	-0.59610001943392	0.404053802309423	2.16041311409862	0.14160661445009	0.676983849511963
FBgn0034138	13741.4699469123	0.342091515185557	0.301709750922656	1.28252512818086	0.257430057884505	0.803357670427545
FBgn0034140	4500.3602105814	-0.638869887741033	0.107192990862706	35.2592602628422	2.88606534886839e-09	2.20495392653545e-07
FBgn0034141	662.654493326374	0.259077480327075	0.17812361795364	2.11290894404091	0.146061437034859	0.683204764303291
FBgn0034142	1446.84529077334	0.0375395835743688	0.210480620925648	0.0318514051040779	0.858354178236128	0.971373856909766
FBgn0034143	90.0173246834838	-0.293623339955915	0.387891631017745	0.578469131961135	0.446912998675538	0.888270226363548
FBgn0034144	726.448880626277	-0.582939969927202	0.486482376042552	1.42507629383027	0.232569673749907	0.780240739081296
FBgn0034145	366.160599742516	-0.286738052454103	0.282034666063284	1.03289889587347	0.309478771609354	0.832614936158673
FBgn0034158	478.959529328671	-0.0386346058996243	0.179068684189702	0.0468781899938477	0.828587333488742	0.964901903583029
FBgn0034162	1433.55925622722	-0.0174570081887824	0.191577180552492	0.00846137804417424	0.926709362125949	0.983026071820471
FBgn0034172	364.152449789486	0.358945760932109	0.235039619049681	2.32606553616077	0.127223077108194	0.652113344639129
FBgn0034173	100.584900522317	-0.666492107376473	0.429937066343855	2.374678954845	0.123316947487471	0.644531420728408
FBgn0034176	920.986675016628	0.233501937949928	0.18817670096688	1.53737897813446	0.215008361012577	0.765972982598429
FBgn0034177	85.4947661337307	-0.0467030938606977	0.342921238565901	0.0196750377699004	0.888448455188805	0.977724198541247
FBgn0034179	744.90134764134	-0.256012817728377	0.166027110006229	2.37710394104843	0.123125615390566	0.644531420728408
FBgn0034180	1442.06391490205	-0.0779855932451043	0.148222410102465	0.276867668741062	0.5987616458923	0.912159281837944
FBgn0034181	3180.93485196675	-0.118355750027415	0.14752720881412	0.643709036814982	0.42237088392203	0.881034667480375
FBgn0034184	809.260719561604	0.0844105083563446	0.182233475781167	0.214549504448684	0.643224679985368	0.92199560132987
FBgn0034186	171.358916714685	-0.386236726550097	0.279640221051009	1.91432002313109	0.166484172093026	0.710803241981315
FBgn0034194	668.930356084391	-0.357139715300939	0.184452423362795	3.74357838033167	0.0530108034718615	0.427545866005301
FBgn0034197	996.823407284582	0.126061937367168	0.295210790352386	0.182292374868396	0.669410566536138	0.928040220157118
FBgn0034200	1771.75852654526	0.63011610777635	0.217114874872806	8.35846188606183	0.00383895378843657	0.0668569491168898
FBgn0034204	1793.08115668607	1.0482923789107	1.71303911705095	0.366520590143907	0.544906980166144	0.907337639760928
FBgn0034210	251.782698648608	-0.0661629668849697	0.235068611404435	0.0802757351622958	0.77692409034065	0.95345649170894
FBgn0034214	177.883038709072	0.181095865893572	0.270741884878567	0.447950456257011	0.50330986031319	0.895295388353976
FBgn0034215	697.201519514863	0.148685117920942	0.146169765371178	1.03457367078413	0.309086859463395	0.832614936158673
FBgn0034219	643.052360639184	0.166150203423373	0.377976297524651	0.193403045919894	0.66009925642339	0.925753143696909
FBgn0034223	490.406935796311	-0.161345019220667	0.214230235404845	0.569427568323022	0.450486475166172	0.888270226363548
FBgn0034225	3743.12648132913	0.918776032442562	0.131020767445956	48.4264500314769	3.42911697771866e-12	3.60228738509345e-10
FBgn0034229	1955.68215096271	0.495980571267245	0.449447076494311	1.21188034666372	0.270960043540214	0.810373027014932
FBgn0034230	779.025094777993	0.0365902429261851	0.137919261930248	0.0704365296373481	0.790702250916934	0.956915308546756
FBgn0034232	77.6307483835986	1.03010303696659	0.647393622634631	2.4813266589758	0.11520504162722	0.627468029705223
FBgn0034237	8512.61176163106	0.124778791922276	0.191948704560041	0.422492272369141	0.515696061346202	0.899800082912932
FBgn0034240	943.573804738985	-0.205068609957368	0.386687413449741	0.281303293113496	0.595848261976672	0.911189805440844
FBgn0034242	224.361022705528	0.523173701426086	0.541506438243228	0.927030101320909	0.335635842343983	0.84405489605778
FBgn0034243	793.499789333157	0.228356128258543	0.206083340739256	1.22639868349732	0.268108553293446	0.810256083869186
FBgn0034245	208.183932647877	0.170427719604995	0.305970533154081	0.310868074671959	0.57714798797468	0.90865959686355
FBgn0034246	1401.40059719162	-0.0779635509298243	0.245952419897362	0.1005943337329	0.751117572766129	0.949406787566545
FBgn0034249	164.188997802107	-0.815376328539195	0.302617248969391	7.23124182169957	0.007164563119649	0.108684094688683
FBgn0034251	89.7275502593138	-0.508139207888858	0.446829542751899	1.28349543579641	0.257250128409316	0.803357670427545
FBgn0034253	1544.64213840471	-0.244799320087903	0.442512481471937	0.305766086657101	0.580289980170643	0.90865959686355
FBgn0034258	8800.68102644231	-0.181468589778118	0.302451884157849	0.359792863057592	0.548621296553468	0.907978647188282
FBgn0034259	642.642208531753	0.128285440335028	0.2215026683862	0.335559153854447	0.562403847969143	0.90865959686355
FBgn0034261	542.961741291264	-0.0719930036695399	0.146413551313987	0.242362251320642	0.622505154268492	0.915541451893316
FBgn0034262	134.940568539941	-0.729479668642178	0.266531958759976	7.40743308524831	0.00649549354555079	0.101464921481057
FBgn0034264	211.56391633393	-0.0261632795913721	0.365775357976824	0.00535362372519899	0.9416720633533	0.98539396278863
FBgn0034265	477.447856189071	-0.0836168731001194	0.212529246500815	0.154865430071055	0.693928475065471	0.933894384001516
FBgn0034266	148.557540812146	-0.187329366008008	0.274611506341816	0.47014806421857	0.49291905997295	0.892965315521076
FBgn0034267	327.206468400454	0.610934396076616	0.311968414154563	3.8133601570465	0.0508453528594699	0.417105024500929
FBgn0034269	496.229209633812	0.116723912783061	0.178509592971354	0.427954487517937	0.512994360703263	0.898354783777916
FBgn0034270	124.074508313815	-0.182135556286906	0.274482866369797	0.439837586952976	0.507200855632383	0.895295388353976
FBgn0034271	379.466533498125	-0.0877468692870953	0.15195304214125	0.33483564059825	0.562825465955143	0.90865959686355
FBgn0034274	54.1258936779563	-0.694062875550451	0.615723687222409	1.25212236577195	0.263147503758163	0.806230995837989
FBgn0034276	1469.73382652083	0.119656034231853	0.368769982732268	0.105300970537783	0.745558681858647	0.948987319166172
FBgn0034277	2996.58572850587	0.0830332382282732	0.163588334337591	0.257653670851013	0.611736715994617	0.91550458350478
FBgn0034279	143.094746592139	0.181358657712711	0.302716172114386	0.358889204067218	0.549123791188479	0.907978647188282
FBgn0034282	1599.95984888905	0.291205232023007	0.360567508586166	0.650954631234626	0.419771580650128	0.880143567087002
FBgn0034288	4627.38447805353	0.10515804968076	0.450778009650325	0.0544110926235675	0.815558077556502	0.961687958998856
FBgn0034289	13249.3742044413	0.744423213584822	0.51287471470736	2.08384836921547	0.148864451025335	0.68752505927826
FBgn0034290	4227.04291176885	0.953423376902022	0.18542200610877	25.9849692515024	3.44085884471089e-07	1.91232267100623e-05
FBgn0034291	5820.97923908664	0.634487998235786	0.213159494264327	8.79183280798397	0.00302582099966462	0.0558879113872119
FBgn0034292	8654.03839496321	0.00466838664998093	0.548229796452961	7.24840586201481e-05	0.99320708678125	0.995700334295526
FBgn0034294	9831.13735699541	1.47329716874118	0.519002883928307	7.73129681463077	0.00542717559414607	0.087208381822569
FBgn0034296	12833.1002757243	0.00215177106155065	0.418090399587928	2.64734705979208e-05	0.995894712421414	0.996843635444207
FBgn0034300	513.260139601506	-0.265543708505099	0.338237692772361	0.616769480737176	0.432250306518356	0.886355988811655
FBgn0034301	585.870764935218	-0.373960893673638	0.33249277236363	1.26153411235816	0.26136090371161	0.805822390497342
FBgn0034304	268.455626524683	-0.0687620243057465	0.256772375033084	0.0730831246076704	0.786899535843553	0.956065302765536
FBgn0034307	122.845258515853	-0.0574426179234929	0.258776522595308	0.0514280347411855	0.820596759914365	0.963842791099975
FBgn0034308	650.228932760913	-0.199934730039273	0.33838520365728	0.349334241707865	0.554490241818756	0.908003182797042
FBgn0034310	565.929741144337	0.00853738720605903	0.151744848199628	0.00343641615950219	0.953254021103473	0.987139218831908
FBgn0034312	670.437657369859	0.200281237850339	0.241642874817907	0.686149006410702	0.407477343255388	0.87822152781539
FBgn0034313	835.795519556966	-0.270496073683392	0.334352681739892	0.654379222308933	0.418551330835904	0.880143567087002
FBgn0034315	945.361502037781	0.1884176120081	0.239658842954741	0.617412263520478	0.432010533570453	0.886181566167395
FBgn0034345	1787.4817300449	0.215816790435364	0.142072692071514	2.30547736436813	0.128918668748779	0.653999148711491
FBgn0034346	573.349214294229	-0.378861283765871	0.182731665366373	4.29958667000423	0.0381216369682909	0.35205960118848
FBgn0034350	150.88274437402	0.693872048782674	0.363600642956505	3.60593843475382	0.0575735663712088	0.445850601328013
FBgn0034351	197.541914594401	-0.106878224260206	0.191613562800412	0.312400835990793	0.576210659720329	0.90865959686355
FBgn0034352	106.329106600477	-0.654416844268739	0.455255228918856	2.04578728786883	0.152628006625003	0.692594906952768
FBgn0034354	530.845494516507	-0.0373914615526562	0.212814389562517	0.0313257231353248	0.859515660743406	0.971542724124143
FBgn0034356	5009.21355881483	0.91970946807951	0.253475112562723	12.951125781608	0.00031972916612628	0.00883882865830677
FBgn0034364	703.423132451253	0.177266750763857	0.396892889522766	0.199303350604239	0.655283749883022	0.924526506893163
FBgn0034365	614.955830726561	0.202006021849142	0.233139962978503	0.74987863758443	0.386514657548444	0.869435571420507
FBgn0034366	789.823662304724	0.28506025422461	0.641375059321343	0.197124891920609	0.657051628022208	0.925452063254062
FBgn0034368	1937.24129632768	0.157609554644806	0.253616491706132	0.385895707109938	0.53446472089193	0.906910394964332
FBgn0034371	565.952097511414	0.0147931408212873	0.299364722516691	0.00245017872117614	0.960521410969562	0.989121668642103
FBgn0034372	848.303822926216	-0.0459489456517328	0.18761127915781	0.0600745551361399	0.806378141879763	0.959086727233997
FBgn0034379	185.634961933974	0.0107503809410016	0.255852879681398	0.00289179142015428	0.957114125591655	0.987852795717391
FBgn0034380	386.041547016769	-0.616746524909436	0.191945528250329	10.2854764516227	0.00134081393197652	0.0291922287158826
FBgn0034387	149.528181614704	0.0106207254259586	0.342586277317772	0.00237476306259765	0.961133239854719	0.989224370208121
FBgn0034390	1230.03871383605	0.686436980779454	0.51272805014852	1.77609301060801	0.182629815005691	0.728438996349228
FBgn0034392	520.799365849527	-0.0227483639152248	0.184853270455365	0.0151420530533386	0.902065089504885	0.979772897569974
FBgn0034394	837.599479417138	-0.0229712972964859	0.42280185382197	0.00295199031515381	0.956670478252073	0.987810622229365
FBgn0034398	7895.16070223683	0.170517884511812	0.241142473542302	0.499689604864045	0.479636538865208	0.889027677218827
FBgn0034399	458.903479199005	0.51806682377425	0.372166843071166	1.92584388895143	0.165213862459034	0.710633110232189
FBgn0034400	3433.82120232761	-0.417063679872711	0.47012848498288	0.784433161157295	0.375788741361991	0.865701388774403
FBgn0034401	1111.41168647629	-0.247182634969424	0.193653571251447	1.62901703057751	0.201839060949	0.754562041021084
FBgn0034403	130.923164371407	0.4676885666089	0.575230840680271	0.657124574715837	0.417576915639144	0.880042449076863
FBgn0034405	1480.38893796087	0.110447206954911	0.19486276490395	0.32113035749029	0.570929132104762	0.90865959686355
FBgn0034406	2884.71772909974	0.315029628348243	0.341670513676716	0.848522127842244	0.356970757062685	0.85582398423638
FBgn0034407	301.132977623096	0.489642693037264	0.849978490467915	0.330225795268717	0.565526161883089	0.90865959686355
FBgn0034408	824.326139292929	-0.421481774598831	0.389544382304626	1.16767657866492	0.279879155808864	0.817116062974214
FBgn0034416	709.627746688377	-0.716719431697934	0.456248434119483	2.4413490711397	0.118174553011939	0.632975744749736
FBgn0034417	264.645405096467	-0.188452556941982	0.339309406050308	0.308666490395552	0.578499635165223	0.90865959686355
FBgn0034418	1812.48714363595	-0.19661462259217	0.146288292431067	1.80595925535012	0.178993716364908	0.725995749194349
FBgn0034419	607.465995235488	0.063901091099982	0.20505238656977	0.0977594465289542	0.75453513535997	0.950744853750032
FBgn0034420	3411.45978222457	-0.204678093926437	0.415857630065111	0.242080302081291	0.622707631963612	0.915541451893316
FBgn0034422	132.330326379748	0.0582201815201041	0.363359967102824	0.0262933676489041	0.871185923484052	0.974916578858414
FBgn0034423	118.159885172229	-0.544030544757258	0.496670591004762	1.19055614793195	0.275217403367936	0.813115815548088
FBgn0034425	230.7934428976	-0.313398058293383	0.252320680214159	1.54762448407556	0.213486474249995	0.765446969661498
FBgn0034432	2311.28979232983	0.481913357164444	0.120322568922397	15.9754077623741	6.41706782536677e-05	0.00217455798404768
FBgn0034433	230.942532833339	0.063252886987132	0.214227770067399	0.0875417238736276	0.767325920372398	0.952993416349077
FBgn0034435	981.561025251934	-0.760262911970576	0.428004756039997	3.12068879962625	0.0773041001834512	0.521818199149979
FBgn0034436	2716.64139956219	0.351220417233634	0.405807886195477	0.747316155374847	0.387327284416541	0.869562060032605
FBgn0034437	2082.50071336015	0.408255906931311	0.34465068956458	1.3988088211057	0.236923114629344	0.783898368246065
FBgn0034438	587.440957952782	0.0236323486578156	0.264812950549879	0.00803710918606271	0.928565409096093	0.983266068920733
FBgn0034439	325.051283114013	0.241317406026676	0.423579759041991	0.324192464949391	0.569098953511881	0.90865959686355
FBgn0034442	91.1654032902762	0.0771977411398014	0.306861068655818	0.0638468832360743	0.80051596164733	0.958174580223308
FBgn0034443	3943.12314185762	1.28767735969246	0.755114542287506	2.81622464627749	0.0933156553051694	0.572693462675512
FBgn0034451	484.788161497099	-0.0687059880807198	0.31169214770797	0.0486963641589284	0.825347424429139	0.964052863213496
FBgn0034455	233.487822656545	-0.0644088814931546	0.268089130879342	0.0577035513856501	0.810163093372986	0.96039638452444
FBgn0034459	112.418734340236	-0.872433736446184	0.492845180264882	3.0866737953033	0.0789360110845082	0.528588236776261
FBgn0034462	234.893320054092	1.09426446965053	0.469658159531678	5.31033138911846	0.02119932352995	0.239851268791875
FBgn0034467	299.386613436475	-0.494614604560391	0.57712333684729	0.729910890826247	0.392912073765601	0.872919006760984
FBgn0034468	741.874317636514	0.791050840486349	0.370876951290335	4.49339059323823	0.0340261282608137	0.32606109681172
FBgn0034471	67.8287390340389	0.883256667780865	0.579453085089213	2.29116346541739	0.130112357354677	0.655817956508712
FBgn0034472	158.176392830375	-0.276896036767954	0.685677691151683	0.16241441624517	0.686943281014999	0.931504874015863
FBgn0034475	68.1778978306667	0.966685696750022	0.331667338654635	8.44778870197537	0.00365487563515914	0.0646643680797419
FBgn0034476	1082.22350367914	-0.366360631433329	0.342071400233584	1.14514714370024	0.284567331415137	0.822670744139255
FBgn0034477	84.8707602576197	-1.38738869661426	0.510417819732635	7.1506896240425	0.00749351676555403	0.11243544482141
FBgn0034483	142.275290576127	-0.468933455378209	0.568578485444697	0.675234197325921	0.411232657824152	0.87822152781539
FBgn0034488	3932.95070969028	-0.144087192499107	0.184013885724104	0.613017372241458	0.433653972884635	0.887153843262531
FBgn0034490	993.872457248833	0.405332536392987	0.1926597998664	4.41133890866153	0.0357008097719456	0.336827334055527
FBgn0034491	663.337804767968	-0.0659155212913314	0.185342858749713	0.127502552219298	0.721035663112295	0.942303107445254
FBgn0034494	825.195014453932	0.0913887721921476	0.348714612285716	0.0686611421182874	0.793296222575012	0.95691559934858
FBgn0034495	113.868162129684	0.111038052855488	0.306871224579937	0.132862905121669	0.715481954576844	0.940310997450512
FBgn0034497	749.576222666101	0.69850213376091	0.847558235252696	0.672776114700952	0.412085398270183	0.87822152781539
FBgn0034498	689.759980927654	-0.297282325811256	0.360663303991149	0.679055300635085	0.409912217838178	0.87822152781539
FBgn0034499	428.194605212602	-0.134177651334804	0.276758175270981	0.23477221287601	0.628007661392788	0.917066270747048
FBgn0034500	260.345399807434	-0.0279581719086784	0.30570317448548	0.00864459657194061	0.925922371521913	0.983026071820471
FBgn0034501	4198.43124317989	0.300594646669244	0.317928741404633	0.892391626229298	0.344830021814088	0.847552993638526
FBgn0034502	80.0142709787577	-0.551922988489035	0.650858890840884	0.71131243875152	0.399008458065746	0.875888394068263
FBgn0034504	1869.91357991525	-0.125340601968073	0.240537944184832	0.271549530514449	0.602294223217571	0.913070040961306
FBgn0034506	94.4398702794643	-0.884591434732929	0.529715436667431	2.74004528215207	0.0978619936747568	0.585360992770574
FBgn0034512	1175.16575168841	-0.368676844763016	0.379474019016169	0.941264570086403	0.331952838655596	0.841662811307778
FBgn0034517	2293.96877703941	-0.658601644968	0.269867893572011	5.90515134348308	0.0150966685297087	0.190267184852917
FBgn0034518	83.6923700887795	-0.235882991607055	0.287004482059425	0.677469904062768	0.410459317329654	0.87822152781539
FBgn0034519	65.0135662644224	-0.54892259495486	0.386514736593614	1.99358872636418	0.157966151762052	0.70092303997554
FBgn0034521	323.959913327715	-0.0885317331004439	0.265078095996859	0.112156672549247	0.737702028429261	0.946222198858289
FBgn0034523	110.989731993899	-0.0226435137291407	0.294673350206825	0.00687607837957671	0.933913463503997	0.98378812856611
FBgn0034527	387.847265083106	-0.117661420903657	0.178492556784402	0.435172196177824	0.509461882626587	0.895913536575615
FBgn0034529	223.372717365176	0.118192154815213	0.303914034436429	0.151534465681792	0.697073259798696	0.934588562205409
FBgn0034530	227.271897139646	-0.259018609548438	0.354707584407424	0.533486512614658	0.465144734238927	0.888270226363548
FBgn0034532	109.947005504675	-0.280788166932215	0.532615087055726	0.276797399814996	0.598808038779145	0.912159281837944
FBgn0034534	491.936915085342	0.143182597438966	0.385755052302483	0.137696210644009	0.710582117510334	0.939099247610764
FBgn0034535	156.011779619358	0.345415200344095	0.322919169412497	1.14138980271557	0.285358846669897	0.823238447391109
FBgn0034537	372.133783336053	0.237418049498129	0.204781667242711	1.34297201732616	0.24651052628231	0.792429197916752
FBgn0034538	556.043376488742	-0.0177231502605885	0.306823927094804	0.00356280468788839	0.952403146254461	0.98689241863676
FBgn0034540	570.800221221754	-1.068036624837	0.372128898475679	8.07542766462377	0.00448695165666296	0.0757195616919588
FBgn0034542	1899.25254165589	0.050505205394873	0.226735218306252	0.0496131374740969	0.823737815616623	0.964052863213496
FBgn0034543	881.083255112286	-0.233491415268671	0.443383615700296	0.276832581616759	0.598784810142042	0.912159281837944
FBgn0034546	153.399155977395	-0.785778214937627	0.468195396758266	2.78333429264865	0.0952496824803385	0.57780184404153
FBgn0034553	417.657631662335	0.840518752036861	0.49904923292403	2.79959637917776	0.094288039796107	0.576288499233806
FBgn0034554	81.7112516523074	-0.693647682592146	0.415804932019598	2.74925925350686	0.0972994964185776	0.583658078445201
FBgn0034560	82.2389878710061	-1.01359367440829	0.58280807134988	2.95334179080408	0.085700176581197	0.548234176044388
FBgn0034564	220.727392599569	0.284006614855939	0.346453659237778	0.670583519152231	0.41284823967407	0.87822152781539
FBgn0034566	425.295044538009	-0.854060644915944	0.395661308616257	4.59528575829547	0.0320599979925482	0.314757270010953
FBgn0034569	140.91069101982	0.0342542110009896	0.216187746818702	0.0253651651533318	0.873460527712663	0.975386188335215
FBgn0034570	800.404790414399	-0.343016409688665	0.512045072153542	0.447924089879294	0.50332242303062	0.895295388353976
FBgn0034572	432.089959675869	0.167386317618508	0.175359821089037	0.911117757012335	0.339818018756717	0.845420553472899
FBgn0034573	2512.44830451777	-0.380173358436391	0.195455791497278	3.77331184449712	0.0520764257803165	0.42203498771242
FBgn0034576	734.013337311008	-0.21397828006662	0.244179748277876	0.766312310746244	0.381360291691678	0.866794338923501
FBgn0034577	2898.8909264807	-0.0182446293874945	0.186583452699962	0.00956210319817785	0.922102218789101	0.982048795679078
FBgn0034582	2266.00282319	-1.39922380942876	0.468837228812087	8.58273421511657	0.00339365401150167	0.0610712383568738
FBgn0034583	8682.50925698299	0.17177221640318	0.144145017337072	1.41910676175166	0.233550481653931	0.780240739081296
FBgn0034585	627.051733320271	-0.130729548571094	0.13701249867188	0.911150299544147	0.339809394532674	0.845420553472899
FBgn0034588	1581.98439783031	0.170403280277164	0.357645530478992	0.226932127526837	0.633807999451644	0.919611276494636
FBgn0034590	556.445957746234	-0.156614064109986	0.38761426016096	0.163465371021971	0.685985868582623	0.931504874015863
FBgn0034598	1597.39959116127	-0.104600805445366	0.205163953680581	0.260175366385553	0.609999701357277	0.91550458350478
FBgn0034599	118.085638387247	-0.22480294868957	0.384499951699929	0.340679052076098	0.559437522223674	0.90865959686355
FBgn0034606	816.845892016665	-0.324582757395857	0.364246196949007	0.793526915398857	0.373035789874516	0.86482559396012
FBgn0034611	1241.719923256	-0.331517510488981	0.226811259828735	2.13282589398045	0.144174743597886	0.680305051811271
FBgn0034612	1459.43241451012	-0.310702009504789	0.281407072275139	1.2176622390481	0.269819926903877	0.810256083869186
FBgn0034617	167.920350435629	-0.0261943390078224	0.259572589568753	0.0108722037440927	0.916955195592563	0.980404978288931
FBgn0034618	2297.6297558193	0.150343809775571	0.511140724932186	0.0864891456465386	0.768688849413125	0.952993416349077
FBgn0034626	222.428568173793	-0.01066036475257	0.198645023740154	0.0029540162981192	0.956655626672088	0.987810622229365
FBgn0034627	92.6073463380681	-0.31149740333502	0.324745471852106	0.914674482329175	0.338877175608447	0.844975856087411
FBgn0034628	791.636160361819	0.441891231166788	0.273902801703817	2.59410629954681	0.107261927712974	0.611932660654013
FBgn0034629	423.891421056856	0.58783619125262	0.463186530617576	1.60101466274166	0.205759477493835	0.757156699969694
FBgn0034631	178.894194917321	-0.0184743435590808	0.223118565621214	0.00818427099675745	0.927916147726861	0.983026071820471
FBgn0034634	93.588578032117	0.331113532640116	0.268319302596396	1.52251870389235	0.217238735821633	0.768214700974382
FBgn0034636	314.269557323535	0.202786991656631	0.325263547878215	0.388221883321833	0.533235539159081	0.906047608389186
FBgn0034638	996.527429769091	-0.166363221201584	0.444613395400664	0.139956364086999	0.708324396140022	0.937853306246139
FBgn0034639	308.065080299058	0.369080922056442	0.298273979810775	1.52830937984028	0.216366354107933	0.767589085535168
FBgn0034641	778.55585909023	-0.0383033173226226	0.310786894981151	0.0152761649026729	0.901634539318875	0.979772897569974
FBgn0034643	988.328011185579	-0.184586054155268	0.265912339689781	0.482166030363089	0.487442828601431	0.890644917382348
FBgn0034644	2377.87575560618	-0.240604767374474	0.287224817717107	0.701034476250967	0.402436313423278	0.876412225449398
FBgn0034645	764.659542710982	-0.00617407511361553	0.276696284685736	0.000678551969230057	0.979218231336355	0.992134162437166
FBgn0034646	308.353242145213	0.344953001390772	0.277266773600783	1.54316257890457	0.214147674843841	0.765502790041533
FBgn0034647	766.852724106388	0.366530710306521	0.26460966984428	1.91318469884787	0.166609925886474	0.710803241981315
FBgn0034649	170.21933492878	-0.129645305160602	0.304695860096493	0.181896794476309	0.669748207431333	0.928040220157118
FBgn0034650	202.986259262357	-0.349544852149663	0.318794825040968	1.19738321454631	0.273845317337789	0.811687587079642
FBgn0034654	2271.47008689927	0.276231615291912	0.17940933561097	2.36693032073738	0.123930531867728	0.646099373335227
FBgn0034655	64.6526080868815	-0.408730504864407	0.445174829330486	0.835059019585437	0.360813728122067	0.857293348360834
FBgn0034657	685.237127171084	-0.455847595887257	0.314282124537473	2.09904790129151	0.147390892790953	0.685106782641134
FBgn0034661	130.157908079293	-0.185370199016762	0.294386402332151	0.402737181123761	0.525679037538491	0.90232385622236
FBgn0034662	7457.66559102888	0.379740580808472	0.704286943592529	0.289887489368553	0.590292638743496	0.909908168745478
FBgn0034663	678.725689978193	0.199423881954173	0.193520758893928	1.06233487372724	0.302683257919583	0.832614936158673
FBgn0034664	312.295798898244	-0.31095310551308	0.324354081566656	0.918214247325722	0.33794428985418	0.844975856087411
FBgn0034670	54.3269941345395	1.40140420077258	0.701872778906484	3.85157203112019	0.0496993882475422	0.412721006751328
FBgn0034674	710.160025796787	-0.255175346104959	0.310768151135022	0.673076773585919	0.411980956026177	0.87822152781539
FBgn0034688	1255.66809369709	0.420207433967968	0.28593875152129	2.15182839973995	0.14240021974944	0.678146298868089
FBgn0034689	389.577723181872	0.097992268629698	0.398154912885647	0.0606315474227017	0.805500524255335	0.959086727233997
FBgn0034691	1060.50914388013	-0.489913804853345	0.396123304058872	1.52355158906161	0.217082822120111	0.768153278777859
FBgn0034693	1410.63112605212	-0.0897658847170774	0.222318092923176	0.163264369105875	0.686168702481097	0.931504874015863
FBgn0034694	429.924366004006	-0.723866830566061	0.161811823739379	19.9271598091686	8.04492944340046e-06	0.000341462560819886
FBgn0034697	880.655391618655	0.89159553388662	0.221397443818094	15.9960559080094	6.34745816913869e-05	0.00215967767017982
FBgn0034703	90.1092871868937	0.180821347669277	0.33677335514	0.289046644030059	0.59083211181539	0.90997183888477
FBgn0034704	456.613516252391	-0.292966582034656	0.189230878122349	2.39977518854745	0.1213526886558	0.640205897968199
FBgn0034706	1251.63299056526	-0.367058118015824	0.321771805210526	1.29781133933625	0.254613394963968	0.799914381785865
FBgn0034707	298.824014196721	-0.61813183928859	0.233121791039136	6.99571332034674	0.00817051424196196	0.120043709247287
FBgn0034708	1845.73689506459	-0.0887691382931253	0.190242348623285	0.217874076728151	0.640664561378159	0.921446243022313
FBgn0034709	4152.07914914828	0.0921121472280892	0.115566298664616	0.635158663559238	0.42546937195811	0.881714569656874
FBgn0034712	698.114445544566	0.0395694837870785	0.615051654601102	0.00414415910987032	0.948671521520999	0.986127648092932
FBgn0034716	230.300963082974	-0.357392542065585	0.474356646663354	0.566337167713044	0.451718110564013	0.888270226363548
FBgn0034717	1202.01928911393	-0.166853959483031	0.285069475323037	0.342662975190109	0.558296120571802	0.908655899497722
FBgn0034718	3231.27906001085	0.115544470656215	0.439729206357371	0.0690332284786592	0.79274963323154	0.95691559934858
FBgn0034720	322.014203766792	-0.529779936705544	0.24301127971839	4.74706056322294	0.0293483859458523	0.296803652814612
FBgn0034722	687.843252877178	-0.14302995873943	0.198627604766616	0.518326878064016	0.471556262066207	0.888270226363548
FBgn0034723	1080.74668063471	-0.0226490892310831	0.324014809503081	0.00489922129287379	0.944198086944484	0.985719344432478
FBgn0034725	76.1773906071634	-0.787055930740294	0.572487878633548	1.86487595935547	0.172063097861949	0.717865871293728
FBgn0034727	365.835058374507	-0.158981294913207	0.201977678203116	0.619865457163229	0.43109728730519	0.885588267541633
FBgn0034728	297.126599626718	-0.129166205515478	0.225725723211147	0.328257176630501	0.566687132185863	0.90865959686355
FBgn0034729	68.9066869842036	-0.697896410967952	0.509880501852344	1.84600118956219	0.17424919685796	0.721427072425416
FBgn0034733	1840.63726373347	-0.217084524437948	0.506245696645472	0.183743125114333	0.668175997786295	0.927910326872862
FBgn0034734	495.595529690074	-0.26468840597702	0.316368058932121	0.700545752836788	0.402600374138043	0.876443384206021
FBgn0034735	256.559810154996	-0.0268602636917838	0.231578251287095	0.0135796717510246	0.907231046457033	0.979772897569974
FBgn0034736	388.113058680747	0.407257825778452	0.204149174515953	3.97289722881798	0.0462381511000138	0.395984049715241
FBgn0034739	118.756768762249	-0.788766333648083	0.617336494063487	1.60734446545287	0.204865490496283	0.756454122201563
FBgn0034740	90.9496011925544	-0.644378962625042	0.572923582131707	1.25064859268258	0.26342863575191	0.806798197834932
FBgn0034741	759.691263509489	-0.0471473781410238	0.585407960641295	0.00648673598877281	0.935807564987113	0.983817395465111
FBgn0034742	585.881801519714	-0.196411941697916	0.245236386402568	0.642117716417047	0.422944980196954	0.881034667480375
FBgn0034743	13208.8223248925	0.340519105650482	0.28029339643506	1.47240609032258	0.224966450241335	0.776775396401835
FBgn0034744	797.508513487138	0.303699901737629	0.336930388616248	0.810367662316892	0.368011573548478	0.863934268722523
FBgn0034750	483.29442679673	-0.238726631571992	0.193583527151368	1.51735923014999	0.218019558250757	0.768878039252776
FBgn0034753	10553.8610609951	0.0745035558967371	0.271034873054612	0.0755474734781529	0.783424562553665	0.954881254247743
FBgn0034758	4120.78313961981	0.30343419012385	0.343040725158097	0.781068256495459	0.376814627994682	0.865701388774403
FBgn0034759	162.068728434574	1.73976444123649	0.584914712192914	8.39202148947997	0.00376871546826154	0.0663989199062264
FBgn0034763	478.413910693429	-0.216259429727497	0.272469612030603	0.628544693680297	0.42788963277296	0.883317237490532
FBgn0034783	482.711316975572	0.2735206287016	0.49936601071493	0.299603080167913	0.584131360886047	0.90865959686355
FBgn0034784	531.793851591111	0.173600249747397	0.285922058847377	0.368299193158379	0.543932816261857	0.907173673980027
FBgn0034786	1785.16032920045	-0.0687048435533364	0.234081510483571	0.0862737889287928	0.768968812512684	0.952993416349077
FBgn0034789	138.169459763745	-0.319824068419968	0.234109188273817	1.87379108169531	0.171041513084896	0.716066239457902
FBgn0034791	466.091823458077	0.220670583380003	0.314346217978691	0.492007829932376	0.483033022039859	0.889027677218827
FBgn0034792	1424.70544172711	-0.147970379801592	0.221671304610823	0.445647369876426	0.504409229549061	0.895295388353976
FBgn0034793	378.179942289665	-0.00715027794958407	0.223267841067244	0.00140697049538119	0.970078681556064	0.991444149622978
FBgn0034795	522.06192094745	-0.373565762515239	0.44143185295425	0.715367568076928	0.397667647593791	0.875588961213828
FBgn0034797	2202.51770737939	-0.248867055478417	0.299221549600993	0.691170080544268	0.405766677895813	0.87822152781539
FBgn0034800	185.564314751931	-0.304747679506311	0.341213243157271	0.79427500594948	0.372810579865015	0.86482559396012
FBgn0034802	9581.53419903037	-0.0166542288889532	0.206287122949646	0.00651844948036739	0.935651178525882	0.983817395465111
FBgn0034808	209.868958225918	-0.337566424114	0.238921395832789	1.98926261219877	0.158418001084835	0.701815962634134
FBgn0034814	191.29728825779	0.0965364411279509	0.322385379407601	0.0901666328507247	0.763965423274614	0.952652080551405
FBgn0034816	533.81181923511	-0.492464449432273	0.400141153866898	1.5057974649954	0.21978147753731	0.770878105081471
FBgn0034817	309.51704999226	-0.18878469540091	0.202440890026966	0.871539436618008	0.350529479815341	0.851483008530474
FBgn0034824	262.735444994592	-0.640207582617014	0.341183942273836	3.4908169906782	0.0617101230227673	0.46180932669932
FBgn0034825	58.4375467874594	-0.558451177962413	0.568241023714778	0.954777058144735	0.328506311740137	0.8415226533537
FBgn0034827	418.392809602362	-0.757489103015313	0.40280439885531	3.49356707640801	0.0616077023941652	0.461690774931767
FBgn0034833	46.6572569986803	-0.633895500390626	0.684314668337319	0.845614881359282	0.357795833818366	0.85582398423638
FBgn0034835	85.9148464809392	-0.637623546230111	0.574400549774775	1.21585813696586	0.270175028503745	0.810256083869186
FBgn0034838	65.2682294094063	-0.851203954471647	0.44362983510887	3.62978333049426	0.0567542047135994	0.441631792975083
FBgn0034840	806.178824845504	-0.72270528195345	0.448603795096625	2.56729370966042	0.109094222820829	0.613871061330969
FBgn0034841	33.656281548065	-1.3236739178388	0.487812127158723	7.22361869762989	0.00719505153903807	0.108799522295835
FBgn0034842	81.03958087245	-0.692575182093957	0.508593147688513	1.82846347204101	0.176309140354394	0.7227777190376
FBgn0034844	293.436771675412	-0.794414301373786	0.430127306248396	3.36509942340516	0.0665915644086117	0.480786518290355
FBgn0034849	227.171686478274	0.0209221360383235	0.240028119008281	0.00793892650517591	0.929001917816475	0.983291198656128
FBgn0034853	261.192712644172	-0.151523846105139	0.332251337642281	0.208833537485248	0.647683205479288	0.922694169316485
FBgn0034854	1768.7659881683	0.0689949939885797	0.191025326342326	0.130599482121866	0.717811283362116	0.941287941384178
FBgn0034856	7553.72260322098	0.0651218162877008	0.219518607969191	0.0879940478661325	0.766742967159911	0.952993416349077
FBgn0034858	829.607981104985	-0.104827224993122	0.176374380656985	0.353154215349491	0.552333013237547	0.907978647188282
FBgn0034859	363.6381227954	-0.00174486851333133	0.30786138113801	0.000367732265118548	0.984700426891269	0.992617756068896
FBgn0034860	2660.79076677488	-0.752992535980137	0.711040735422538	1.10883837344953	0.292334599799115	0.827756056843587
FBgn0034861	72.5406068653086	0.69184429156886	0.387677237615561	3.16062451056207	0.075434320949386	0.515409150434027
FBgn0034876	1032.46332516103	-0.339351850011494	0.344504361873088	0.967936480865475	0.325195354320385	0.838840318510901
FBgn0034877	1417.94772218674	0.175213598117263	0.405346365319537	0.186653518020307	0.665716583649147	0.927023786961361
FBgn0034878	926.686410323476	0.0888724863619237	0.200217988404281	0.197050597200487	0.657112126040557	0.925452063254062
FBgn0034879	273.73387118181	-0.205093906515233	0.207396957602985	0.975949021901378	0.323200977979246	0.838094865409671
FBgn0034882	95.8216807377567	-0.610102938121917	0.441079729646378	1.88980355339912	0.169224080549723	0.715012153313158
FBgn0034883	332.316978010112	0.594102851180317	0.260287169258487	5.17493959620464	0.022914968226449	0.253058335052664
FBgn0034885	1370.35417035592	0.882015420299626	0.424022775262354	4.26213026022317	0.0389710218476127	0.355605285132831
FBgn0034894	300.170758028198	0.0657384398008446	0.37152815177964	0.031612234401095	0.858881384870744	0.971373856909766
FBgn0034897	1515.6266228709	-0.286907708632225	0.3025803504186	0.897712201843689	0.343395895472706	0.847342045408736
FBgn0034899	3985.7113418718	0.537149821785976	0.392886150432858	1.85864930817978	0.17278077042641	0.718507921888409
FBgn0034901	3203.22901898431	0.41383969185818	0.343937847733944	1.44312625403498	0.229634113838461	0.779813484379362
FBgn0034902	1255.16091647973	0.455180783253531	0.360482313660325	1.58725121570117	0.207719298410544	0.757607134477482
FBgn0034903	7733.58367595134	-0.417441733457862	0.613656172445849	0.461138677583961	0.497092291027172	0.894106779299073
FBgn0034908	277.877586614128	-0.0247759942373583	0.230364190333836	0.0116779993909901	0.913944296026665	0.980404978288931
FBgn0034909	1007.99165312712	0.176898834252509	0.171121147766393	1.06808327000583	0.301378791356222	0.832614936158673
FBgn0034913	557.818557728888	0.00694337988821545	0.250485217859695	0.000918967351083211	0.97581625306939	0.991444149622978
FBgn0034914	4703.85799513783	-0.135774786902316	0.408633692218651	0.110348606695155	0.73974760061538	0.946967073202079
FBgn0034915	601.471698936935	0.121078327384278	0.159675188150686	0.575101422420843	0.448238838226507	0.888270226363548
FBgn0034919	154.005160074277	-0.147734713779139	0.210903867878331	0.490015615057558	0.483920339010055	0.889027677218827
FBgn0034921	454.314362384191	-0.0128307140101097	0.225906180858337	0.00332527465150179	0.954015318342784	0.987139218831908
FBgn0034923	352.774437708813	0.12335233973879	0.207294184954989	0.3550780750126	0.551252535659533	0.907978647188282
FBgn0034925	253.999391077536	0.113512710225346	0.233386632257339	0.238951185077575	0.624964652409756	0.916152845817619
FBgn0034931	228.407841802722	-0.0474782048112274	0.23764126456678	0.0403286432407199	0.840839380530582	0.968138532800968
FBgn0034933	172.47568581139	0.16960218393915	0.276386329099003	0.378773095101451	0.538260587526259	0.907173673980027
FBgn0034936	575.971989583196	0.0565917101845962	0.280019025503833	0.0410991487123908	0.839346659859398	0.967778591818814
FBgn0034937	108.877325456889	-0.565901400829409	0.483506002219832	1.3547641252193	0.244446969652781	0.792429197916752
FBgn0034938	200.04242183425	-0.020916991887197	0.233406486522862	0.00944247260130737	0.922589497022916	0.982069934513057
FBgn0034939	308.738622609642	-0.22104535033866	0.196240901903562	1.27297369764099	0.259209556686557	0.803836573577056
FBgn0034943	386.889540023738	0.631546042833789	0.163989515669876	14.7665029091987	0.000121677878042868	0.00381560032489652
FBgn0034946	496.434072927296	-0.13906164843952	0.190795173937809	0.532953811673423	0.465367656264844	0.888270226363548
FBgn0034948	923.642000821749	0.0342012774862123	0.141229390321062	0.0589175760872251	0.808215007443213	0.95990427152039
FBgn0034951	753.894190612596	0.429022665496681	0.14682347942236	8.51799162194769	0.00351652358217796	0.0628784344353693
FBgn0034958	864.026835903955	0.237837340057031	0.305950485324627	0.603269790839533	0.437333165307703	0.888270226363548
FBgn0034959	202.951013295071	0.0641066769287636	0.22338091904469	0.0823714708747474	0.774109024219011	0.953234312247045
FBgn0034961	256.547326800639	0.23755775948668	0.326687675460917	0.528009669706464	0.467444839642444	0.888270226363548
FBgn0034962	504.633258236661	-0.103063533796988	0.189526442577361	0.295623411869613	0.586639247501932	0.90865959686355
FBgn0034963	165.003216628159	0.123877443831439	0.300601638911089	0.171370977622182	0.678896239752478	0.930018495477913
FBgn0034964	1186.09900053196	-0.351678466598921	0.427008652580867	0.677072881057242	0.410596492897258	0.87822152781539
FBgn0034968	16561.2611690448	0.315851796042608	0.189271061017111	2.77913114779275	0.0954999640760289	0.577851441830363
FBgn0034970	771.576745376111	-0.0222872716552286	0.171962793195101	0.0168076209969854	0.89684792444702	0.979772897569974
FBgn0034971	1541.95966503836	0.160211181228606	0.190290318347972	0.70837001522942	0.399985458954293	0.875888394068263
FBgn0034974	238.476485905423	-0.0248690086995628	0.245759050801274	0.0117209820687236	0.9137866874935	0.980404978288931
FBgn0034975	1189.34570746561	-0.329993496107851	0.437677788630739	0.567592156179657	0.451217318899304	0.888270226363548
FBgn0034976	392.364576925237	-0.123331603209658	0.256403154089126	0.232512221702578	0.629667278401733	0.917738801452974
FBgn0034978	108.273107194045	-0.287355280954652	0.281917625906832	1.0441288564353	0.306863149628684	0.832614936158673
FBgn0034982	555.580825853193	-0.235540772276732	0.173242016751193	1.85050723182454	0.173724411820748	0.720939348659862
FBgn0034985	2163.98298876358	-0.322288969674663	0.401463469809202	0.64331296744102	0.422513663702188	0.881034667480375
FBgn0034988	350.080591538756	-0.177804709299066	0.368338495556373	0.233115393240908	0.629223371629696	0.917738801452974
FBgn0034989	1478.19186219896	-0.29598824395142	0.220422736444376	1.80153510546397	0.179527018853208	0.726518077095339
FBgn0034997	4933.08453824709	-0.422737378191647	0.329551142731615	1.6397445612423	0.20036051894474	0.75166265291399
FBgn0034998	76.3807111680199	-0.430702850021205	0.669249552166508	0.411266956791032	0.521327147650847	0.90173657700483
FBgn0034999	8649.5096479432	-0.0318806435372663	0.33720285431754	0.00893878628056655	0.924676114783091	0.982695217848241
FBgn0035001	3333.57745751095	-0.199148599954532	0.366763834329719	0.294672540218997	0.587241698411771	0.90865959686355
FBgn0035003	54.4697873421664	-0.717407768707955	0.51492130903216	1.91379067302294	0.166542791847049	0.710803241981315
FBgn0035006	842.860309530249	0.0390514214476042	0.541696901343309	0.00520136626319356	0.942506013483008	0.98539396278863
FBgn0035007	201.82108511492	-0.933933214591796	0.451407975243332	4.20735498186565	0.0402490509017365	0.361563026119033
FBgn0035008	97.8824010254362	-0.602264064827236	0.580775139795885	1.06380142364567	0.302349766932437	0.832614936158673
FBgn0035016	958.96678459712	-0.0513630983614257	0.249168885629971	0.0425327022546185	0.83660767695874	0.967103958315968
FBgn0035020	937.358354096629	0.316868011502912	0.215282656823102	2.16144376252147	0.141511671924473	0.676983849511963
FBgn0035021	225.208563969586	0.124550512670793	0.325587634494861	0.147032675079615	0.701387322936337	0.935904995460154
FBgn0035023	495.81760793748	0.0221522237048401	0.231453139019034	0.00937373735322922	0.922870879000692	0.98224504396173
FBgn0035024	1068.96073294396	-0.0629656052716748	0.278462314725512	0.0512279493104728	0.820940161958909	0.963913613307178
FBgn0035025	155.250736519354	0.114082689424678	0.379539300632107	0.0907952855079017	0.763168539050367	0.952566903708657
FBgn0035026	361.672618248628	0.169492530068407	0.202509911441971	0.701059259066589	0.402427996613048	0.876412225449398
FBgn0035027	210.012167816612	0.0665815198075275	0.186676741596032	0.12896484110302	0.719507750572472	0.941936999662753
FBgn0035028	972.273237300708	-0.0186442926086351	0.205504307168085	0.00828406874791199	0.927479194564323	0.983026071820471
FBgn0035032	2391.36668136966	0.108824573093548	0.22306741383167	0.237897735696635	0.625728620874804	0.916152845817619
FBgn0035033	348.230256658433	-0.24542808874445	0.187464860639867	1.71053505753781	0.190915964237541	0.740253204453755
FBgn0035035	122.832366246511	0.119701698688745	0.269015193924727	0.203716128457359	0.651737867737128	0.923176308859401
FBgn0035036	234.01549604326	-0.328432030374866	0.265287073784616	1.5295507340509	0.216179884069713	0.767589085535168
FBgn0035040	414.284398760244	-0.122678537902523	0.254072479458492	0.232912834282459	0.629372366750811	0.917738801452974
FBgn0035043	799.968014014093	0.456971291028985	0.28072255756051	2.64116027082737	0.104127471872103	0.603092538672054
FBgn0035044	172.517283857786	0.286418524681978	0.2959105617657	0.936233077780606	0.333248484203624	0.84199398783608
FBgn0035047	709.907546891559	-0.516841514053817	0.41723226862131	1.52551032531338	0.21678751747756	0.767589085535168
FBgn0035049	3594.01168506451	-0.424204590658091	0.517680310631286	0.669139892023523	0.413351640593628	0.87822152781539
FBgn0035056	180.591261249108	-0.114662075183774	0.405074735331305	0.0801888491882181	0.777041651249846	0.953461532647643
FBgn0035057	111.374320768055	-0.0250011894391958	0.238673232652868	0.0134775589425757	0.90757892423792	0.979772897569974
FBgn0035059	303.284283867249	-0.256647679217706	0.240790457629634	1.13471815001012	0.286771181947322	0.823270339441738
FBgn0035060	1937.63395273311	-0.170517297863578	0.301858239717743	0.319074525705616	0.57216435258882	0.90865959686355
FBgn0035065	828.636933253585	-0.216674339230031	0.239961071232872	0.815287312789408	0.366561657846383	0.863234160563223
FBgn0035069	34.6279903068137	-0.941803298197929	0.775729138290673	1.43654136642186	0.230699843522232	0.779813484379362
FBgn0035073	272.898531242583	-0.0736735284623676	0.219950357028633	0.112329989529357	0.737506910305604	0.946222198858289
FBgn0035076	372.160904167814	0.053360892253293	0.209046860762584	0.065700260013486	0.797703276850795	0.957909169986809
FBgn0035078	106.277985414952	-0.71162234795762	0.368645051155368	3.68849660420154	0.0547889795522742	0.435187046605322
FBgn0035082	374.003001730375	0.0469359870224803	0.318987130856098	0.0219348357041298	0.8822605837807	0.977724198541247
FBgn0035083	1588.9222088441	0.369410931205026	0.241411464185904	2.33548642278458	0.12645548416963	0.65078499017855
FBgn0035085	286.693665468961	0.0941944352076015	0.236850556031206	0.158292454300479	0.690733502660284	0.932428404446413
FBgn0035087	1354.69010728449	0.0458050540951001	0.236152494653428	0.0376224974047688	0.846203133594126	0.969419880902724
FBgn0035088	393.997288509395	0.203664726535788	0.298532116143259	0.464889975480489	0.495347460098931	0.893746779765711
FBgn0035089	1377.7535953432	0.268875692097629	0.323716835115235	0.688571850385671	0.406650572507727	0.87822152781539
FBgn0035090	3404.02411279682	0.112908494444691	0.145319567906458	0.603550209926141	0.437226657223695	0.888270226363548
FBgn0035091	1571.09994029052	-0.201871205026381	0.375687364518007	0.288473874130474	0.591200171383966	0.90997183888477
FBgn0035092	229.792076107453	-0.471868038120768	0.246177271126109	3.68112733786964	0.0550316295731513	0.435187046605322
FBgn0035094	1592.55879740974	0.488599614983151	0.350093147311188	1.93903330689928	0.163773534575149	0.710621263810123
FBgn0035099	275.223945904158	0.0402767119099815	0.215286495602637	0.0351853604871479	0.851207777812022	0.970630958579679
FBgn0035101	1503.92031479287	0.110062989210221	0.331135783914694	0.110512188407242	0.73956176845608	0.946967073202079
FBgn0035102	287.331889926594	-0.063745040593705	0.185483267981551	0.118527718541195	0.730636815627639	0.943692519110568
FBgn0035103	982.193133806	0.0417368360442587	0.134339067625165	0.0966350393052124	0.755905709541504	0.951130078500085
FBgn0035106	1360.79015106889	-0.324238267518018	0.487217631481405	0.44217548970235	0.506074303851154	0.895295388353976
FBgn0035107	1340.3815746438	-0.154794161616141	0.233070846714898	0.440699478702157	0.506785039878435	0.895295388353976
FBgn0035109	88.4683472928285	0.386071794336076	0.505504549500693	0.581205509439357	0.44584018730159	0.888270226363548
FBgn0035110	367.469901657996	0.0384878692423888	0.216013614103166	0.0319413481569342	0.858156444435114	0.971373856909766
FBgn0035111	622.98227813284	-0.0629319408583677	0.197746803649419	0.10166661504752	0.749838723931473	0.949227302638817
FBgn0035120	142.692293310212	0.500035484852329	0.543609949841792	0.840825397170192	0.359160813495965	0.856037287753854
FBgn0035121	6328.74644878759	0.00671004792420965	0.24429157769884	0.000756741914372583	0.978053807508988	0.992134162437166
FBgn0035122	164.587002191682	0.137062299116849	0.286545690313085	0.230746685617952	0.630970724271457	0.918371660335525
FBgn0035124	106.730965065873	-0.441833443257869	0.65183001664851	0.45587105691159	0.499559988870837	0.895295388353976
FBgn0035131	472.489594018635	-0.137492665948239	0.19717810967347	0.487721746802492	0.484945344907417	0.889260457910088
FBgn0035132	987.154506298674	-0.239981002854535	0.211558346595649	1.28607668237369	0.256772228954496	0.803094087135684
FBgn0035137	872.083287010266	-0.318579500473152	0.325443110786875	0.957501684978666	0.32781713012744	0.8415226533537
FBgn0035140	171.698836832758	0.0949824439993267	0.288192072633595	0.109688454335135	0.740499105196178	0.947640395929447
FBgn0035141	186.578218732459	0.0987389655797564	0.323155307043356	0.0949755037880706	0.757944639977282	0.951679100282497
FBgn0035142	3465.08683346193	-0.343373476543239	0.535240660814459	0.410606846668287	0.521661654580887	0.90173657700483
FBgn0035143	267.810293629243	-0.808753814350031	0.416313945217102	3.72157855050584	0.0537135676772502	0.430014881824925
FBgn0035144	266.43962282676	-0.17841604310929	0.264907891226644	0.45332258953453	0.500761318214797	0.895295388353976
FBgn0035145	1369.82101567549	-0.317870931254937	0.41912886208957	0.574305822268641	0.448552952512736	0.888270226363548
FBgn0035146	4348.7709650876	0.0512848507470421	0.348179001481165	0.0216925030888859	0.882908058018598	0.977724198541247
FBgn0035148	193.461980196213	0.0727653914723611	0.292538123865421	0.062664120155759	0.802333685336298	0.958219727101694
FBgn0035149	243.701831905092	-0.125319386875466	0.231422302245975	0.293303966894413	0.588111008599902	0.908879168126807
FBgn0035152	110.303412463258	-0.357595411195259	0.319620052713493	1.24857334111672	0.26382513641359	0.80742405186446
FBgn0035153	205.314692321761	-0.0102674657842694	0.222361772176431	0.00235787635213569	0.961271566315432	0.989224370208121
FBgn0035154	6262.9379046196	0.67330819932999	0.372729349094575	3.23423606373423	0.0721139287864919	0.502321819167007
FBgn0035158	221.150329574911	-0.353101749017671	0.257121696681837	1.8830470341927	0.169988236198352	0.716066239457902
FBgn0035159	74.7593985994652	0.0825019570363088	0.29727537886359	0.0832264131877665	0.772971772892186	0.953234312247045
FBgn0035160	147.176946864381	0.639880980397316	0.396543358512082	2.58392884942108	0.107953415583677	0.612818630670363
FBgn0035162	3756.33093209105	-0.0943407085723112	0.265471892635654	0.126302584327235	0.722296878514542	0.942405474262163
FBgn0035164	350.833276913167	-0.240204652687239	0.293938647861407	0.665947967638786	0.414467907132971	0.879148988274984
FBgn0035165	4487.83544782379	0.540052809631149	0.288826374838552	3.47559537635888	0.0622803063120094	0.463542505345256
FBgn0035166	222.965406757866	0.357648922621397	0.196213451082835	3.31932168823746	0.0684700737693301	0.49055626594838
FBgn0035169	900.149388398528	0.461329367306813	0.209656992171419	4.82153841756137	0.0281062489942643	0.28946680949485
FBgn0035173	2449.01771477569	-0.029524432260477	0.377304364272086	0.00612461137528442	0.93762131766672	0.984233019444306
FBgn0035176	521.242794233843	-0.0627905225666557	0.310164091141015	0.0410060546110884	0.839526235531072	0.967778591818814
FBgn0035181	748.588942555288	0.116314214346003	0.167345121507719	0.483051538887736	0.487043336590459	0.89023746654946
FBgn0035186	316.952342399739	0.465232143951244	0.219568916764029	4.47600039001249	0.0343740737197825	0.329020177153818
FBgn0035189	977.99920884187	0.126706187903849	0.43502242051615	0.0848211252031632	0.770867263360492	0.953121742133526
FBgn0035193	233.372525374307	0.428252701081403	0.379342482577518	1.26947203558731	0.259865749024708	0.804496150742213
FBgn0035196	271.405418816167	-0.340270931648006	0.512746080176572	0.438505162956687	0.507844833313484	0.895295388353976
FBgn0035197	419.172046194493	-0.678354761845729	0.295971596146824	5.20611632095205	0.0225075574212697	0.249542892570384
FBgn0035198	792.837403447216	-0.387648800960478	0.48855725668934	0.627014926954985	0.428452377034261	0.883894051617638
FBgn0035199	262.16392878358	0.406691982503496	0.442963186894805	0.840028892712013	0.359388507622168	0.856337118813922
FBgn0035203	376.763067045823	0.122880208293686	0.226358027921833	0.294858632915378	0.587123695295152	0.90865959686355
FBgn0035205	1734.27242225096	-0.533998874098028	0.176701757470312	9.0904003141832	0.0025695462358325	0.0496536655516706
FBgn0035206	1188.59508323306	-0.656753950702258	0.151953274422402	18.5516300354189	1.65363757697496e-05	0.00065141677881458
FBgn0035209	54.2288645152064	-0.200094461269657	0.368513703622992	0.296730220398565	0.585939577447224	0.90865959686355
FBgn0035211	220.771539325901	-0.0358448563527574	0.266778268085089	0.0198733348774454	0.887891417465396	0.977724198541247
FBgn0035213	214.764089827557	0.388589001391755	0.412312276540601	0.884783942806024	0.346894735273258	0.849760151136338
FBgn0035217	105.753693849213	-0.953214489838969	0.409360316034697	5.33008186907863	0.0209604005657939	0.238042170749908
FBgn0035218	108.549497405495	-0.661820326881798	0.618101833099212	1.13299322375229	0.287137778302208	0.823585627594455
FBgn0035227	1075.89835382793	-0.279994237719621	0.29391304509045	0.907072918353691	0.340892254292634	0.845839535008944
FBgn0035228	1690.43427993867	-0.226456627635361	0.16579272869457	1.86437781495992	0.17212038679877	0.717865871293728
FBgn0035229	1166.35468661319	-0.339047551444616	0.31645844095421	1.14623640135947	0.284338390712865	0.822670744139255
FBgn0035231	208.083023527965	-0.480664772750706	0.449793241170835	1.13443211392001	0.286831931685555	0.823270339441738
FBgn0035232	3056.07869044054	0.246293562324944	0.124089373223982	3.93465742554889	0.0473007735938084	0.397925315364833
FBgn0035235	267.557240056787	0.0486135048342731	0.258115674279929	0.0369649299763282	0.847536466636703	0.969949154854832
FBgn0035236	1932.94836136548	0.258358919566516	0.207740166873876	1.54437193998956	0.213968221991809	0.765446969661498
FBgn0035237	2176.14810031909	-0.229031969311671	0.392887206412313	0.339577582040107	0.560073151090719	0.90865959686355
FBgn0035238	428.556316851606	-0.246954437150106	0.239045857924953	1.06467323130727	0.302151744074978	0.832614936158673
FBgn0035240	665.665086090742	-0.76698474483972	0.349024767624764	4.77824755512334	0.0288214368351574	0.294307843454025
FBgn0035243	189.395566572882	0.0709174344292381	0.236350924440113	0.0910577982164682	0.762836666957358	0.952566903708657
FBgn0035244	1012.41271028143	0.0105271266907718	0.396720484281704	0.000710280909160588	0.978738019131769	0.992134162437166
FBgn0035246	957.741968836486	-0.234873390241027	0.220410466975092	1.13525737411463	0.286656703344602	0.823270339441738
FBgn0035247	274.765807309989	0.213169424090521	0.387455657487943	0.302312144002556	0.582436531924717	0.90865959686355
FBgn0035251	1291.993622739	-0.0156767774461198	0.151744738986577	0.010673755395274	0.917713869160083	0.980404978288931
FBgn0035253	1345.83971194495	-0.0849432489165031	0.13150134807583	0.417738632809233	0.518067584677429	0.900305384455461
FBgn0035254	127.043278736706	0.0275828202021074	0.401302512112841	0.0059506842000232	0.938511633040082	0.984798572114977
FBgn0035260	166.326040347577	-0.310203693265223	0.254839797235278	1.48716071084966	0.222657514656228	0.773568331726624
FBgn0035262	194.886266780745	-0.162270564223672	0.294838260508824	0.306048083378556	0.580115425090851	0.90865959686355
FBgn0035264	360.207253080076	0.0955782355401242	0.401506058553147	0.0567313339555113	0.811738848430086	0.96039638452444
FBgn0035265	221.259337939504	1.00980827531038	0.654554535418402	2.33583931896203	0.126426831229349	0.65078499017855
FBgn0035266	1313.80948106904	0.207737546443356	0.342211475038904	0.368282360471113	0.543942020646796	0.907173673980027
FBgn0035267	444.573771903043	-0.51430807801243	0.395990852305192	1.68120670337676	0.19476418716907	0.747574087456413
FBgn0035268	517.979391385721	-0.39768244425672	0.265642852011907	2.23495593344379	0.134920470763778	0.666548062109055
FBgn0035270	812.69592852218	-0.199399313828432	0.267269602324149	0.556978106573453	0.455480378189416	0.888270226363548
FBgn0035271	139.155008545071	-0.164541508679284	0.394614926377485	0.173946336586383	0.676628126668415	0.930018495477913
FBgn0035272	200.522879092302	0.245653344239706	0.396884735359434	0.382564175577471	0.536234117750931	0.906910394964332
FBgn0035273	66.0672553820801	-0.92006983101369	0.656230429861372	1.92515106035096	0.16528992099099	0.710633110232189
FBgn0035281	309.094556786797	-0.548428608620185	0.642760856592291	0.724103981808113	0.394801019318613	0.873390335991081
FBgn0035283	720.610776213685	-0.252578494058465	0.287351456391605	0.770945344075145	0.379924761372016	0.866725321739229
FBgn0035285	694.786558169929	0.00782972992654909	0.205275897948458	0.0015332427886392	0.968765499985479	0.991444149622978
FBgn0035290	589.211512452293	-0.389126021047583	0.271870061275663	2.03960083611528	0.153249855882936	0.692764271766279
FBgn0035294	359.91534956726	0.0356110457731387	0.219652080289009	0.0272325289835749	0.868926025634365	0.974400115893667
FBgn0035295	186.794259776074	-0.0752694122780458	0.187881377435819	0.161227785941087	0.688028630824169	0.931504874015863
FBgn0035298	471.805795079085	0.168902057451402	0.35777005024565	0.22279773564722	0.636916402977715	0.920647652326233
FBgn0035300	696.109361762818	0.424201634915815	0.541222918448714	0.611898601638472	0.434073847354171	0.887393966551695
FBgn0035308	786.793854897665	-0.164566315261816	0.267635075900247	0.37842301896373	0.538448420518014	0.907173673980027
FBgn0035309	80.0467834340755	0.788087265523844	0.388548755656418	4.07646617356486	0.0434845124607131	0.379484779563689
FBgn0035312	425.657229388211	0.0285395679244313	0.211643211414957	0.018193364144679	0.892704555263825	0.978876446894751
FBgn0035316	113.344609400034	-0.58376048746373	0.496537992144758	1.3680282184834	0.242150952114519	0.790406091073906
FBgn0035318	388.613676800741	0.104088212945372	0.185103733006099	0.317329116453244	0.573217186513587	0.90865959686355
FBgn0035321	1172.25658293348	0.075874497225884	0.183671142467175	0.170820608717904	0.679383534204534	0.930018495477913
FBgn0035323	170.709638405452	0.188968979361129	0.315267510150561	0.359207035176489	0.548946957972114	0.907978647188282
FBgn0035325	261.346015378301	-0.629270108034689	0.614953997765002	1.04059427598246	0.307683299318808	0.832614936158673
FBgn0035333	2152.50605727516	-0.137684020678147	0.203984514106095	0.455639618020754	0.49966888551943	0.895295388353976
FBgn0035334	575.662606300157	0.0462910411749391	0.225865494658673	0.0425466273172077	0.83658130922402	0.967103958315968
FBgn0035336	128.396757715806	0.230656987181232	0.285762596204524	0.65149688350354	0.419578012545607	0.880143567087002
FBgn0035346	693.068537887688	0.241710734443297	0.253183904484785	0.910531536158274	0.339973425870313	0.845556872155699
FBgn0035348	2668.6124285199	-0.673868104044541	0.489814663150805	1.87566521006444	0.170827643881046	0.716066239457902
FBgn0035357	1922.1425593779	-0.073412196515243	0.312646875878616	0.0551684836461419	0.814302089100212	0.961285961061691
FBgn0035358	401.29587387076	0.104271029286955	0.303267959776371	0.118224586210985	0.73096810328468	0.943692519110568
FBgn0035359	1820.85190115563	0.370975436599703	0.25039274931429	2.18940698562973	0.138962808220761	0.673003409753384
FBgn0035360	1422.12457804782	0.691813690534947	0.348499927157627	3.90548638413009	0.0481286943103915	0.403263755717378
FBgn0035370	2348.60953427659	0.0946522168767641	0.30528864332555	0.096089924823545	0.756573314283957	0.951492888590403
FBgn0035371	2671.71912839311	-0.0703676261294946	0.219640641472176	0.102681427905338	0.748635239680917	0.949227302638817
FBgn0035372	426.780354706	0.213067985297389	0.249050840747989	0.731055983606396	0.392541117126488	0.872919006760984
FBgn0035374	237.995335432965	0.323415310398509	0.239585235693407	1.81875124188873	0.177461991769418	0.724809002815072
FBgn0035375	1580.18680690061	0.0272475261615438	0.332464093364537	0.00672302669562441	0.93465143300742	0.98378812856611
FBgn0035379	86.159819042408	0.662384014670952	0.435239864737045	2.30798336010754	0.128710942244158	0.653999148711491
FBgn0035383	821.427180822198	-0.0154558164433776	0.19935016307785	0.00621924996990231	0.937142212543203	0.984233019444306
FBgn0035388	1005.79463018755	-0.207314783887508	0.266811858056758	0.60280530561991	0.437509672277809	0.888270226363548
FBgn0035390	963.204811664887	0.0907556705424482	0.133470081103559	0.462380724261479	0.496513435399957	0.894106779299073
FBgn0035392	266.88688299719	-0.349131618791872	0.225384787916444	2.38980273494544	0.122129038931611	0.642628136511175
FBgn0035393	73.6897110084586	1.06330615661128	0.596284578004635	3.11253361145998	0.077692018065934	0.523150370647248
FBgn0035397	4165.01666265453	-0.141904410990815	0.338301436538371	0.175891238924436	0.674928285303925	0.930018495477913
FBgn0035398	2173.55700307372	-0.100187056046497	0.360754540568446	0.0771175684478749	0.781242275709636	0.954435250045614
FBgn0035400	1450.1592906512	0.0687609973367258	0.209747615723794	0.107616116761065	0.742874648241824	0.948225781261284
FBgn0035401	779.097959746856	0.607315859792116	0.147794496578598	16.7871831302092	4.18147773369525e-05	0.00148903130821928
FBgn0035402	2272.2395838021	-0.171992473866401	0.208740105259879	0.678904270410285	0.40996429015804	0.87822152781539
FBgn0035405	242.013812546201	-0.13893323303245	0.249991816801947	0.308816746685878	0.578407186051256	0.90865959686355
FBgn0035409	340.264516524165	0.731724658736384	0.491281844340356	2.19372901533863	0.138573469490584	0.672674546224748
FBgn0035410	323.041257441213	0.381299317037415	0.494312336947147	0.593811320128339	0.440949077820036	0.888270226363548
FBgn0035412	138.377212103147	0.964248630927008	0.729289462366837	1.71532463444086	0.19029598125443	0.739250851996022
FBgn0035420	920.063353309806	-0.107371723446291	0.335978362328921	0.102213562300406	0.749189271395032	0.949227302638817
FBgn0035421	849.668386151797	-0.0541733918368357	0.14349308205274	0.142800016000507	0.705513133298672	0.936946034657852
FBgn0035422	11373.368171884	0.246074932718494	0.154437964582614	2.5355225673118	0.111310029875086	0.617190703020285
FBgn0035423	2477.4224125857	0.270404366540068	0.356301810049107	0.574958402268123	0.448295279386022	0.888270226363548
FBgn0035424	3004.5533968848	-0.3035517745239	0.524441859070009	0.334439527514206	0.56305655336854	0.90865959686355
FBgn0035425	1005.33261034953	0.0535438231229389	0.259126666464862	0.0427248301281082	0.836244270513969	0.967103958315968
FBgn0035427	834.509439485748	0.159314934530931	0.500190724378619	0.101354374729283	0.750210345564852	0.949227302638817
FBgn0035431	334.028272261579	-0.301960257533768	0.205068346772092	2.16876190967531	0.14083958344148	0.67635191956697
FBgn0035432	1563.4317163048	-0.341934947778297	0.158203602146232	4.66296654521875	0.030819898407724	0.306580574766895
FBgn0035436	516.284517824098	-0.565955649109266	0.668911105520767	0.711004139155747	0.39911066346211	0.875888394068263
FBgn0035437	1785.52583701852	-0.25431346604319	0.213205016159603	1.42205240685848	0.233065882202132	0.780240739081296
FBgn0035438	5329.8969111531	0.318992664888434	0.226912719968097	1.971913660806	0.160244884099766	0.703012504782371
FBgn0035440	479.090038873526	0.240019134761514	0.309810489487353	0.599133168527956	0.438908952805061	0.888270226363548
FBgn0035443	118.840647070684	-0.0229577267522689	0.217948493235203	0.0111003188462817	0.916091701441155	0.980404978288931
FBgn0035444	552.651782120223	0.550399476464778	0.344340954317456	2.53784158985904	0.111146631190125	0.617190703020285
FBgn0035449	1031.02266718411	-0.175529348842959	0.237334374075616	0.54633957802875	0.459817209775623	0.888270226363548
FBgn0035452	1464.65915358567	0.713026380288733	0.305932850471609	5.37684555548462	0.0204057414901058	0.234479129527358
FBgn0035455	157.380282944164	-0.354123414588639	0.627833160932021	0.316546380984761	0.573690573200955	0.90865959686355
FBgn0035462	132.356186208156	-0.121587834601947	0.264622999055214	0.210876992717196	0.646080892862039	0.922314497582819
FBgn0035464	851.942122779396	-0.0744646112770531	0.18479580714731	0.162553466403708	0.686816400946865	0.931504874015863
FBgn0035469	402.042027841679	0.11709676118011	0.319380461110222	0.13442395664309	0.713888516393032	0.939380397144481
FBgn0035470	224.999587070941	-0.16203118049104	0.294759652757979	0.301651894544833	0.582848679827439	0.90865959686355
FBgn0035473	741.69636062008	0.254353506937636	0.328633674068318	0.59787837651136	0.43938866841913	0.888270226363548
FBgn0035475	115.715039615156	-0.197391827254736	0.305752478843679	0.416682280465906	0.518597181401737	0.900305384455461
FBgn0035481	307.453756531806	-0.690982081900286	0.31731650616249	4.70058755916715	0.0301523077621459	0.30125569061947
FBgn0035483	280.491509934735	-0.465346123395871	0.26877479618483	2.97839039451988	0.0843831519421645	0.545240295687099
FBgn0035484	2601.55622212731	0.487826197998447	0.211914648749774	5.2770778029344	0.0216079841438466	0.242447928898381
FBgn0035488	542.282999401912	-0.287275198333066	0.151173761131248	3.61186974274855	0.0573685872673284	0.445587437518141
FBgn0035490	188.66513713762	0.131920865012378	0.221433872200885	0.356582455368574	0.550410405875518	0.907978647188282
FBgn0035495	522.710243248047	0.239823853176835	0.258480019038083	0.859570518681707	0.353858906771458	0.853133332847072
FBgn0035496	691.205478747746	0.186656050832333	0.276823918498413	0.454108683357603	0.50039023651829	0.895295388353976
FBgn0035497	1635.87760952401	-0.73357987652943	0.314791126344051	5.37295036094709	0.0204513567281715	0.234479129527358
FBgn0035498	2487.39889414171	-0.0242642947627746	0.22262124135321	0.0119060644697839	0.91311134581337	0.980404978288931
FBgn0035499	7033.39234346572	-0.181915311249612	0.140406635710744	1.6772497146307	0.195290301919823	0.747574087456413
FBgn0035501	2086.53103943761	0.0352501917694309	0.288337777686241	0.014945906388192	0.902698295760418	0.979772897569974
FBgn0035510	125.294101629124	0.418003544549373	0.361964397855533	1.33029004610317	0.248753624843167	0.793847876141075
FBgn0035515	1020.70392273156	0.442433634810668	0.197694200940484	4.989183665429	0.0255062388930762	0.273411264869148
FBgn0035517	695.969828962502	-0.145433026063116	0.194661282855325	0.558689496151274	0.454788746867228	0.888270226363548
FBgn0035518	283.600429707597	0.129736934209049	0.176943319878319	0.538048767486124	0.463242507269009	0.888270226363548
FBgn0035519	857.053008202056	0.0360536715088994	0.174376087745073	0.0428619030038107	0.835985520105059	0.967103958315968
FBgn0035520	159.691624793299	0.0921352621366826	0.422099278276026	0.0479419224827922	0.826683980470738	0.964592946264879
FBgn0035522	209.200938827449	-0.341477504926583	0.346145116883495	0.973587460951116	0.323787103270568	0.838109323039457
FBgn0035523	672.414083356163	-0.84251631401356	0.201501590648168	17.3117991960959	3.17211075892292e-05	0.00114413814669477
FBgn0035526	1329.79382513558	0.148530765457421	0.159769512779957	0.864406168939794	0.352508586959602	0.85294756349208
FBgn0035529	586.3367465652	-0.568431246314093	0.232150250191316	5.95717180166163	0.0146575351962461	0.186356922525344
FBgn0035532	211.691852462828	-0.244190627296258	0.272016964124069	0.803351209267937	0.37009329802657	0.864159753811589
FBgn0035533	1789.86183804204	-0.213084296165367	0.249914700713167	0.726578362255566	0.393994527801124	0.872919006760984
FBgn0035538	185.979992076975	-0.272304458892596	0.405297635168823	0.451782005689225	0.501489920872206	0.895295388353976
FBgn0035539	712.540577767653	-0.79384049600574	0.68939845131168	1.30951989675687	0.252481599055714	0.7982483163473
FBgn0035540	461.424244763107	0.0095141758355461	0.329563576637819	0.000927085570467057	0.975709700385986	0.991444149622978
FBgn0035541	258.912047236932	1.02036184265079	0.582105076197161	3.00953995556516	0.0827757809064627	0.541023856162233
FBgn0035542	8559.69301510296	-0.135469130470215	0.278262656271933	0.236938262323861	0.626426261511594	0.916175181115215
FBgn0035544	379.569085148128	0.362147164549959	0.474203497995846	0.582457476923551	0.445350677385442	0.888270226363548
FBgn0035546	443.81912554371	0.439462242022506	0.274865156776682	2.54943971275992	0.110333376243508	0.615698335956466
FBgn0035550	1645.20443499902	0.289897149521362	0.317004327200415	0.835059623261941	0.360813554532009	0.857293348360834
FBgn0035551	5288.0045348566	-0.300238393816284	0.844966235907458	0.126037482046755	0.722576421121837	0.942405474262163
FBgn0035552	3133.475515816	0.337959968395203	2.26973476790025	0.0221163254957162	0.881778062217436	0.977724198541247
FBgn0035553	3403.83545772017	-0.377061176493768	0.65890591776892	0.326529062306278	0.567710085287428	0.90865959686355
FBgn0035558	1069.31529627525	-0.045796761461712	0.190507646193845	0.0577860529989067	0.810030024351884	0.96039638452444
FBgn0035569	31.7947443602532	-0.778748368036111	0.824307542580471	0.873295010175504	0.35004472281537	0.851467182456711
FBgn0035571	120.607954238168	0.143629373428837	0.717791158176924	0.0401495666884983	0.84118843009432	0.968138532800968
FBgn0035574	1602.0828149794	-0.24198358760555	0.278443263518434	0.754945610486828	0.384914924272394	0.86877986396103
FBgn0035578	129.719370649613	0.515352849084805	0.476016948575797	1.16410621231886	0.280615573107388	0.817999749009535
FBgn0035582	224.620139032631	0.0360086092543674	1.61206562503888	0.000498670762382858	0.982183970604412	0.992185732789441
FBgn0035583	881.634179169372	0.388888568082386	0.226617206798238	2.93732758820316	0.0865538251290726	0.548234176044388
FBgn0035586	458.536560654576	0.0548909689798142	0.23113439969189	0.0567077332715513	0.811777276789302	0.96039638452444
FBgn0035587	124.7654210396	0.492281339694596	0.405549820226747	1.46697542480739	0.22582351047736	0.777158387408573
FBgn0035588	548.55497150509	0.00361741910270202	0.245291432581331	0.000331749082732813	0.985468149724719	0.992969577789289
FBgn0035589	404.555686608681	0.181471885620085	0.288255906790487	0.395952133289072	0.529187183214249	0.90232385622236
FBgn0035590	146.834566010702	-0.0297849660204539	0.212215053543415	0.0211598399032624	0.884344361902863	0.977724198541247
FBgn0035591	161.88148562629	-0.0243622847649941	0.236870003699184	0.0149013121842927	0.902842843414504	0.979772897569974
FBgn0035593	878.705698177551	-0.223405933278151	0.179216322451377	1.55396741363671	0.212550697592641	0.764345769177817
FBgn0035598	323.990579983954	-0.395873361855922	0.496339129222432	0.633134106795239	0.426208028146391	0.882012378365493
FBgn0035600	2044.74171009622	-0.120952182095469	0.380758616536829	0.10088345031572	0.750772023933438	0.949406787566545
FBgn0035601	2322.42578024107	0.38790170216189	0.297361749759399	1.6961259303114	0.192795401258353	0.743576205679301
FBgn0035603	298.76583847582	0.173961320462387	0.419393808214142	0.17198571273228	0.678353038151263	0.930018495477913
FBgn0035607	311.448770795004	0.720666977993625	0.707801405803875	1.02672444929551	0.31092924387824	0.832977164664562
FBgn0035612	16804.1496190694	0.133348970172087	0.232877441421672	0.327770485232065	0.566974865665312	0.90865959686355
FBgn0035617	575.387260064315	-0.246730697550707	0.259020498118446	0.908588526007676	0.340489201854769	0.845839535008944
FBgn0035619	1433.17038956429	0.634162180556483	0.361181396696868	3.0589593993439	0.0802930751717623	0.532163252163636
FBgn0035620	1191.28050842832	0.586122769157636	0.34227919645062	2.91223618907755	0.0879099062794923	0.550928301545752
FBgn0035622	1579.54935349042	-0.11433676663832	0.250423215632321	0.208571727281452	0.647889179997155	0.922694169316485
FBgn0035623	111.427769328878	0.0822478473155628	0.436285602988407	0.0358837591911154	0.849755742567419	0.970291747355514
FBgn0035625	460.535516475584	-1.1148175525676	0.476746741464536	5.34435652607711	0.0207894552641878	0.236444451541098
FBgn0035630	4295.45231772165	-0.0758251673187305	0.152964199292705	0.245789395033654	0.620055624206916	0.915541451893316
FBgn0035631	2659.70256551745	-0.0927433550990921	0.228137267701882	0.165200031745442	0.684413407475089	0.931316430767592
FBgn0035632	1348.2841996623	-0.166342543437076	0.247434361338865	0.45198276464798	0.501394871930736	0.895295388353976
FBgn0035636	59.5642693111712	-1.19202477315384	0.477264169951313	6.10607461532765	0.0134718009611827	0.173912465864485
FBgn0035638	159.498914535302	-0.572038779811331	0.448852988744886	1.60959497773099	0.204548745091334	0.756454122201563
FBgn0035639	766.959036928098	0.107702596415835	0.237635094975416	0.205384414955532	0.650409359713334	0.922694169316485
FBgn0035640	136.216416792559	0.241916356748265	0.353994041251527	0.467057314560464	0.494344065485157	0.893314949498528
FBgn0035644	95.8004401669707	0.0277091727505683	0.370239774984433	0.00715333104133009	0.932597392946037	0.98378812856611
FBgn0035665	79875.7741360922	-0.109461624036808	0.374872961944579	0.0852437745810164	0.770313105181947	0.952993416349077
FBgn0035666	6234.41667630147	-0.0794439536185262	0.322043248115509	0.0608450151033253	0.805165310391091	0.959086727233997
FBgn0035667	16306.8078721828	-0.0420440086378875	0.224406092912703	0.0351014837317791	0.85138316523445	0.970680322951
FBgn0035670	15474.8481402319	-0.19610300276781	0.450337598514205	0.189482011435942	0.663348084945877	0.927023786961361
FBgn0035674	166.456929442783	-0.207666975775712	0.224130457755301	0.857211357271346	0.354520251843767	0.854182395784122
FBgn0035675	54.2195511027302	0.472796337248286	0.742961835195261	0.402437801949873	0.525832952472263	0.90232385622236
FBgn0035677	133.761652466494	-0.303032355862589	0.445051090977252	0.463767879043147	0.495868294597617	0.894106779299073
FBgn0035678	116.135170670705	0.579621326489963	0.322338833955451	3.21322402116132	0.0730454199371731	0.507333643927275
FBgn0035688	1358.32348414091	-0.159189020996728	0.313846202615166	0.257189969426975	0.612057289356448	0.91550458350478
FBgn0035689	198.606053230964	-0.309691715983687	0.214802406806451	2.08407772007174	0.148842092734542	0.68752505927826
FBgn0035690	315.024101905569	-0.0661766240231205	0.180788192402703	0.135613755895847	0.712681067581721	0.939284009468917
FBgn0035691	77.4507134290821	-0.309353841461308	0.378232780757346	0.670339876535827	0.412933135713339	0.87822152781539
FBgn0035692	899.599042596807	0.170129196883217	0.386831028262178	0.193225537296428	0.660245480837131	0.925753143696909
FBgn0035693	186.253497513779	-0.762550481081273	0.43840140365944	2.98954142086981	0.0838038978046763	0.544271991615533
FBgn0035696	576.637540875969	-0.201335811096613	0.260872230779914	0.596770273351581	0.439812973175721	0.888270226363548
FBgn0035699	325.592707178761	-0.206251027796843	0.258710440672536	0.636891449268475	0.424838695119973	0.881714569656874
FBgn0035704	413.574156150618	-0.299662020788048	0.212083000342299	1.99530142644055	0.157787670703358	0.70087081638003
FBgn0035708	212.38057933533	-0.335501133135754	0.350300183494979	0.917081111736081	0.338242545956409	0.844975856087411
FBgn0035710	1535.96440799977	-0.107167764251292	0.330650733569506	0.105043943576035	0.745858667119093	0.948987319166172
FBgn0035711	261.681564032969	0.35730382044426	0.392914836700867	0.82477759756776	0.36378700135805	0.860716767852773
FBgn0035713	2505.84214713986	-0.0771556641450638	0.114723074373959	0.452719740989352	0.501046214491434	0.895295388353976
FBgn0035715	1391.59282179689	0.0181601352775869	0.187133579329928	0.00945118370400166	0.922553910230026	0.982069934513057
FBgn0035718	188.812512104422	1.20847154306697	0.399929045610238	8.91773854613744	0.00282414002289635	0.0534551188117589
FBgn0035719	91.9960889288747	-0.148192629580603	0.370832196113903	0.160724813888926	0.688490073267064	0.931545062202945
FBgn0035720	6542.77433758825	-0.208873006146974	0.282076217641553	0.547925842815744	0.459166434240441	0.888270226363548
FBgn0035721	79.5544193982686	0.712036693742995	0.548643962166024	1.66524447998956	0.19689670978572	0.749318508723765
FBgn0035722	137.724536171614	0.0834753404873162	0.366670324078746	0.0538111725860233	0.816559487197742	0.961742180262238
FBgn0035724	315.242630923977	-0.5672056445146	0.333241504315603	2.87860448773763	0.0897637837977702	0.560456789774488
FBgn0035725	46.3659153675101	1.16895682619095	0.841920807157399	1.87849404761538	0.170505407798566	0.716066239457902
FBgn0035726	3921.08494997129	0.24187473161441	0.201410675227911	1.44076357957003	0.230015816646294	0.779813484379362
FBgn0035730	62.920930203765	0.00740075576099776	0.818288345597015	0.000506669958596717	0.982041669241004	0.992185732789441
FBgn0035734	90.6788381185402	0.842772909982091	0.44613596861361	3.5304835093548	0.0602502157910896	0.45640398944248
FBgn0035742	399.753905156772	1.0411491796092	0.484604083025049	4.52536342640522	0.0333959818076992	0.323340819253346
FBgn0035743	1778.51925932163	0.221112200820765	0.294054240886225	0.564733496516112	0.452359307219368	0.888270226363548
FBgn0035753	17952.8059137402	0.10646938628317	0.250607150611638	0.180457560779928	0.670980314599771	0.929287831888016
FBgn0035754	134.002740984282	0.0154676260070288	0.454972140659427	0.00161969778807247	0.967897427824708	0.991444149622978
FBgn0035755	535.407014950101	0.0331808587670374	0.18341795389453	0.0327338471029464	0.856426463995572	0.971310121918865
FBgn0035760	45.2280496066866	-0.124419247764025	0.414702346945229	0.0899508870002279	0.76423960190813	0.952733661546843
FBgn0035761	260.781038740035	0.126980366821132	0.176783587668413	0.516090688958236	0.472514063649895	0.888270226363548
FBgn0035762	388.448698615618	0.415741803238609	0.179679192800336	5.34417824374736	0.0207915813527929	0.236444451541098
FBgn0035763	2282.35181722057	0.0375279318035344	0.190392217566154	0.0388504177840616	0.843745297780802	0.968428773907383
FBgn0035766	722.427197859248	-0.3955565642286	0.17448388469162	5.13465135175036	0.0234527970782255	0.25697171661722
FBgn0035767	1608.22269147341	0.326871090426264	0.351066887545372	0.86504595605652	0.352330458457071	0.85294756349208
FBgn0035769	382.746565013115	-0.179965744172308	0.174551349305712	1.06226304225473	0.302699604471937	0.832614936158673
FBgn0035770	6933.06218373307	-0.496241397019936	0.304411398448751	2.64470927057815	0.103895162386338	0.602934988142017
FBgn0035771	3319.05409707981	-0.36535240802134	0.178060038300635	4.20032429499777	0.0404162496186217	0.362108914493493
FBgn0035772	2795.69604145108	0.212509460919744	0.426948186717348	0.24747689511554	0.618857303142366	0.91550458350478
FBgn0035776	398.817343092271	-0.565517363997935	0.532116400116764	1.12077282557891	0.289752105464187	0.825810292247889
FBgn0035777	76.7983065243047	-0.613911440121345	0.606581702353276	1.01922090315817	0.312703884403965	0.833849223328102
FBgn0035779	436.079290900408	1.03766388803154	0.568235480169135	3.26802892364422	0.070642453275182	0.497966850298328
FBgn0035780	252.175071499789	-0.995048071552712	0.270154237691442	13.3933841958162	0.00025251337529874	0.00721810342180481
FBgn0035781	13606.8091497507	-0.150391778302272	0.275759861166283	0.297303463152687	0.585577866397402	0.90865959686355
FBgn0035786	39.8876802211887	-0.595271552135266	0.637224938833574	0.859665540716406	0.353832304547187	0.853133332847072
FBgn0035793	2791.21202120972	-0.316661589935248	0.424275673830369	0.55608104167014	0.455843574140277	0.888270226363548
FBgn0035798	308.9012988669	1.46296594602577	0.609400547126857	5.5439929919601	0.0185442236510782	0.219192201917948
FBgn0035800	100.858890194148	-0.438433327556727	0.614177044766846	0.505767791214453	0.476976708717173	0.889027677218827
FBgn0035802	807.722473744009	0.0333673283213322	0.20965844175362	0.0263646004138565	0.871013078949172	0.974916578858414
FBgn0035805	182.043655468029	0.327957302392279	0.268760832473166	1.48667916028036	0.222732422555308	0.773568331726624
FBgn0035806	516.400589391747	-0.0208190192360248	0.40232219218656	0.00270795162919057	0.958498428690638	0.988128164219348
FBgn0035807	955.48693844	-0.200914809808553	0.1730172088203	1.34915531155123	0.245425840661036	0.792429197916752
FBgn0035811	10345.9634386698	0.0797060549542498	0.156061829384647	0.260845910325756	0.609539597877803	0.91550458350478
FBgn0035812	339.530999758458	0.0769322843752292	0.172489852482719	0.198972693378828	0.655551339192808	0.924526506893163
FBgn0035813	2132.88311596851	0.0789572130288239	0.337810275221453	0.0546328399803997	0.815189402546247	0.96161108133415
FBgn0035823	116.707352962787	-0.17821974456257	0.743258921996951	0.0573949089052377	0.810661805301897	0.96039638452444
FBgn0035824	143.956796678315	-0.201250739415992	0.268109994325981	0.561775210447223	0.453545866338369	0.888270226363548
FBgn0035825	568.812683022295	-0.145090959159704	0.269470474783471	0.290420379301565	0.589951267228525	0.909715678860279
FBgn0035827	283.95792204193	0.826726202237465	0.637603020523294	1.65735049684228	0.197961434458797	0.749737672461348
FBgn0035829	275.981157623139	-0.0327443598841789	0.363540555106853	0.00851987399430243	0.92645717498331	0.983026071820471
FBgn0035830	1281.69329753073	0.0625734437118449	0.294182842523631	0.0452570506521681	0.831532069733892	0.965353711015835
FBgn0035833	437.422405253159	-0.0130916130540125	0.183147907438035	0.00555305301060116	0.940597574739636	0.98539396278863
FBgn0035839	209.960760651502	-0.110771600760288	0.270257174597852	0.168021511112563	0.681876172449103	0.930564167175738
FBgn0035844	3288.43835543884	-0.186689612394441	0.204900092368359	0.829529211710792	0.362408697668787	0.859391279686367
FBgn0035848	286.776828698208	0.241775328713722	0.204013127956184	1.4038831793691	0.236074480397577	0.782939989448003
FBgn0035849	436.727773890163	-0.05129859196944	0.198171148039212	0.0671646206804439	0.795510727925807	0.957307098335159
FBgn0035850	1884.84591918999	0.0386794629920976	0.185285286893522	0.0435829124502192	0.834631532140721	0.966548628374069
FBgn0035851	477.346429724287	-0.318992182247525	0.250694732187621	1.62098128526776	0.202955015632016	0.755105290430039
FBgn0035852	168.716448012595	-0.525426288624033	0.397249425395034	1.73601736835342	0.187644244701032	0.735739826904372
FBgn0035853	962.624301839407	0.185101783097229	0.259967578844082	0.506381866522545	0.476709327061749	0.889027677218827
FBgn0035857	84.2260567228413	-0.659712049027341	0.481447982349855	1.85310443416157	0.173422761570671	0.720437413860561
FBgn0035865	46.5143426642102	-0.268446261231215	0.461725561397155	0.336524608528777	0.561842186248942	0.90865959686355
FBgn0035866	439.689911582503	0.139559646211413	0.22060786932097	0.400523145276964	0.526819206505661	0.90232385622236
FBgn0035867	219.726066072049	0.00526118391657545	0.190597123886474	0.00119445759604275	0.972429859522077	0.991444149622978
FBgn0035868	67.6354730396071	1.02198961098629	0.506598816693487	4.00183480211266	0.0454507609150084	0.391762251004852
FBgn0035871	951.544738900937	0.395822115909276	0.37234760438375	1.12604842111826	0.288619790030058	0.824459794497827
FBgn0035872	2025.94609533035	-0.219994739968166	0.219659630345105	1.00260848817618	0.316680152226869	0.834794518653785
FBgn0035875	84.5392340154143	0.71074348444395	0.590038988694416	1.43874642565636	0.230342303763385	0.779813484379362
FBgn0035876	104.912336746239	0.187127230515488	0.303420429532332	0.382712624070734	0.536155049394062	0.906910394964332
FBgn0035877	921.904246512802	0.125230220924309	0.208563629271081	0.360431495368587	0.548266691649721	0.907978647188282
FBgn0035878	692.791507647433	-0.174511955447237	0.1581423777538	1.21874165051844	0.269607745028461	0.810256083869186
FBgn0035879	1234.18409335436	-0.279533145314576	0.241059283167592	1.34426007320961	0.246284090688819	0.792429197916752
FBgn0035886	95034.2778443825	-0.937659323654111	0.31729446060153	8.58364228799817	0.00339196204870081	0.0610712383568738
FBgn0035889	315.094443063803	-0.0794760961798228	0.238201632221247	0.111268695655966	0.738704341309057	0.946738851050619
FBgn0035890	187.503691694924	0.00549450804406316	0.380377987809406	0.000537165888779612	0.981509213053617	0.992134162437166
FBgn0035901	247.455521056922	-0.0152438676042319	0.184693636886381	0.00804315534492162	0.928538616664028	0.983266068920733
FBgn0035904	2546.99281556123	-0.163780923943208	0.231992266007699	0.497966981978607	0.480394777275149	0.889027677218827
FBgn0035906	962.166346995992	0.160230007332545	0.177484362319803	0.814460245133446	0.366804854930359	0.863234160563223
FBgn0035909	3310.25580462912	0.184911907126494	0.261194111136031	0.500885801941934	0.479111166888043	0.889027677218827
FBgn0035915	2691.41455977872	-0.617029812215254	0.379712684204241	2.62011832645682	0.105516572189798	0.607370734714428
FBgn0035917	16641.5328337717	0.53422294605562	0.209757022672154	6.44976163119071	0.0110967229356411	0.152126129421299
FBgn0035918	172.426967567696	0.0266388705254493	0.260796915455372	0.0105980821019855	0.91800504566359	0.980450334458111
FBgn0035923	258.828207046212	-0.483878790041943	0.301139868702747	2.58226020270095	0.108067254956387	0.612818630670363
FBgn0035926	426.710191400558	0.134365790772977	0.64966680259484	0.0427838618072371	0.836132784315391	0.967103958315968
FBgn0035929	172.656678188436	0.998822810050968	0.2870615320097	11.9647506771134	0.000542164630440703	0.013440565056707
FBgn0035931	71.774128511024	0.8816712731364	0.691237147326927	1.60785332408572	0.204793821272216	0.756454122201563
FBgn0035936	676.068937148148	0.586116999562568	0.294378301144714	3.93592655982029	0.0472650963438926	0.397925315364833
FBgn0035942	226.476144271033	-0.643632634749381	0.312768503446947	4.20673323582051	0.0402638075099395	0.361563026119033
FBgn0035943	54.9316610469627	-0.41207807143026	0.403212918658239	1.03917172257885	0.308014185579014	0.832614936158673
FBgn0035944	715.97758187428	0.14650347442952	0.24426749936355	0.359507268442158	0.548780013390584	0.907978647188282
FBgn0035945	890.155140274539	-0.148545709130756	0.201940833931628	0.541740559119887	0.461712276191174	0.888270226363548
FBgn0035947	1394.72610565665	0.188408497842225	0.153025990185376	1.51476905044949	0.218412811335859	0.769326362593354
FBgn0035949	121.76977831443	-0.124992802365671	1.03147747106951	0.0146794508298882	0.903565269519935	0.979772897569974
FBgn0035951	484.3203773152	-0.0766991113000017	0.176430125766641	0.189334042889968	0.663471466677361	0.927023786961361
FBgn0035953	601.828374491168	-0.10113682037947	0.211510308969565	0.229651997540344	0.631781987185115	0.918845491159441
FBgn0035954	60.476890554441	-0.0686592636526426	0.303912041744306	0.0574529293271979	0.810567946479089	0.96039638452444
FBgn0035955	73.9535563608766	-0.0919216611392994	0.650775417376019	0.020531281980162	0.886063198276807	0.977724198541247
FBgn0035957	119.063935830327	-0.308411552659682	0.498639820108863	0.380800369662758	0.537175203053686	0.907173673980027
FBgn0035959	1327.9435472833	0.268406993026516	0.269419857343558	0.991150687890638	0.319461298867197	0.835942216723854
FBgn0035964	4303.16390627673	-0.393644339438633	0.42812693497127	0.842695193067669	0.358627080263356	0.85582398423638
FBgn0035965	93.1344065595556	0.0275067830982637	0.540286924044979	0.00338844643929548	0.953581065702087	0.987139218831908
FBgn0035968	1685.01664179208	0.212300025080123	0.195041526738574	1.18423801436224	0.27649490584001	0.814206915928817
FBgn0035971	28.3795744071626	-1.26589885306024	0.950751251377366	1.70261082756574	0.191946891471466	0.742347756983984
FBgn0035975	475.991053991706	1.01412612963072	0.455920732588922	4.84901939293373	0.0276618539181603	0.287710668723044
FBgn0035976	645.227679911999	-0.0335808966105032	0.263890649118392	0.0162029099656422	0.898710359122311	0.979772897569974
FBgn0035978	1559.71569666443	0.200858178426348	0.239534722288084	0.702671462647544	0.401887497441143	0.876195059095772
FBgn0035980	121.181987425914	-0.0850676126521132	0.370149419323497	0.0540283026690958	0.816196369107906	0.961742180262238
FBgn0035981	1159.27747695332	0.0707342584438699	0.24427408169774	0.0838498498214619	0.772146456007058	0.953234312247045
FBgn0035983	2520.35264301067	-0.150562942765298	0.31763562919289	0.224611088269597	0.635548739342644	0.920223671605787
FBgn0035985	6522.42648300085	-0.375738329048195	0.181007275371539	4.29677332033495	0.0381847550238657	0.352255412975376
FBgn0035986	498.098519844508	0.0795064580225896	0.324357121460319	0.0600666520431616	0.806390625254096	0.959086727233997
FBgn0035988	857.817711498413	-0.662168725116804	0.45745293893839	2.07621872055859	0.149610395651194	0.688191442283871
FBgn0035989	647.971561114265	-0.20802548863136	0.185440691500419	1.25594649261309	0.262419761144668	0.805873472107772
FBgn0035993	254.026169158248	0.0310529118344327	0.167310155217729	0.0344890321178468	0.852670437549214	0.970680322951
FBgn0035995	1543.24468522226	0.167864134986169	0.201200463764101	0.695708623681455	0.404229426865719	0.876682349259226
FBgn0035997	612.792562887813	-0.0983198755948841	0.182537250011275	0.291167522221997	0.589473324264128	0.909479312853999
FBgn0035998	123.215449099515	0.179417086798503	0.347204665091771	0.267087080207176	0.60529251076151	0.914069664297095
FBgn0036000	196.309527395954	0.0825749248559269	0.226224253711137	0.134240524621276	0.714075208192469	0.939380397144481
FBgn0036004	1721.89062643313	-0.122421454154293	0.391970091323606	0.0975700202564695	0.75476542469295	0.950744853750032
FBgn0036005	203.333317835665	0.131628546350107	0.216186331494657	0.37124956684648	0.542323933815675	0.907173673980027
FBgn0036007	1967.78630483606	0.175990074848324	0.208818628189208	0.709809417225628	0.399507088014369	0.875888394068263
FBgn0036008	426.776725383847	0.139460509135469	0.374958094739769	0.138271615914704	0.710005341609856	0.939099247610764
FBgn0036014	173.553081696727	-0.637565642403802	0.58202835776816	1.18705814336839	0.275923767776476	0.814206915928817
FBgn0036018	165.884424891218	0.477269822191749	0.39928715076839	1.42227993867855	0.233028500628925	0.780240739081296
FBgn0036020	489.203502959583	-0.0535617040190718	0.178885612536112	0.089799983190133	0.764431589696616	0.952733661546843
FBgn0036023	748.310711276169	0.456095250541367	0.829645090120547	0.30100611335439	0.583252364540813	0.90865959686355
FBgn0036024	37818.678953276	0.591399305036899	0.34978957422933	2.83880342297779	0.0920127104920041	0.569571539278691
FBgn0036029	188.763750830661	-0.335823626076231	0.384436327440315	0.75984618674876	0.383376662394196	0.868413668074809
FBgn0036030	4087.98278172307	-0.0511001664997633	0.290138222076537	0.0310163271609554	0.860203967202417	0.971619842641148
FBgn0036031	166.262886497892	-0.721970025139927	0.436071423939384	2.7098244298402	0.0997319672087532	0.59024468480448
FBgn0036032	608.081576449312	-0.430881835933276	0.420810623871831	1.04573769015256	0.306490781386118	0.832614936158673
FBgn0036035	262.48132211914	0.069391908546151	0.289277481973839	0.0587116035627986	0.808544014769291	0.95990427152039
FBgn0036036	69.9513125250377	0.476462451645094	0.57401700438601	0.684983665358224	0.407875881124925	0.87822152781539
FBgn0036038	344.513522292299	-0.31594633025865	0.272874280118654	1.34318296474221	0.246473425064109	0.792429197916752
FBgn0036039	386.922679218039	-0.190793115323629	0.231045855843247	0.68207728472234	0.408872335124458	0.87822152781539
FBgn0036040	55.0063255382386	-0.466266386499188	0.590735590422069	0.615977858601447	0.432545877741657	0.886613550375827
FBgn0036043	1655.66019502236	0.148024916718504	0.508460520439944	0.0847225817886397	0.770996684100336	0.953136983481145
FBgn0036046	102.955396182908	0.110424843909178	0.287681678790074	0.150504359457912	0.698053839592417	0.935040559122517
FBgn0036052	401.962283328782	-0.179406016927602	0.178629214407439	1.01036063281536	0.314816458058597	0.834611203004557
FBgn0036053	1205.51728447009	0.34952266866985	0.203433541189223	2.94752014107762	0.0860094451430529	0.548234176044388
FBgn0036057	76.2991224751881	-0.901619264010119	0.534657261990157	2.78952952547031	0.0948820804979724	0.57780184404153
FBgn0036058	2370.49181361856	-0.148192062313491	0.207982431809121	0.507386719292327	0.47627231881444	0.889027677218827
FBgn0036059	922.941373780444	0.181514416357065	0.296163736700233	0.375192304032311	0.540187531885742	0.907173673980027
FBgn0036063	102.970408607687	-0.00658068180918725	0.357266687249312	0.00293708199868803	0.95677992205462	0.987810622229365
FBgn0036070	30.4229812205423	-1.29036253831737	0.557158191487408	5.24290699154581	0.0220364219886022	0.245941687107852
FBgn0036085	67.3586326217166	-1.14604062995365	0.606847521215305	3.46634503260025	0.0626295524388025	0.463542505345256
FBgn0036089	34.7409236567256	-0.862192915232901	0.910614099224289	0.874941221927891	0.349590991813224	0.851467182456711
FBgn0036090	162.287393087723	-0.128988293688335	0.30960703407586	0.173921748427389	0.676649687945761	0.930018495477913
FBgn0036096	666.614856636655	0.0747720192594842	0.183408809635441	0.166232541765652	0.683482004759954	0.930663288011764
FBgn0036099	489.572535420885	0.0544356961649309	0.367102377442848	0.0221646024220377	0.881650050818475	0.977724198541247
FBgn0036101	457.379876844848	-0.177264860720493	0.45461949937774	0.151779912153629	0.696840180631348	0.934588562205409
FBgn0036104	602.136452079324	-0.238753288345782	0.209384870131861	1.30248473559475	0.25375985642147	0.798651685120108
FBgn0036106	3573.73241960924	0.411905485336402	0.156964051856355	6.86225536477531	0.00880353619957759	0.127757488413948
FBgn0036107	180.222645955055	0.837234079603749	0.478594615443404	3.0154872747152	0.0824726654374143	0.541023856162233
FBgn0036111	2209.55907932041	-0.01058700906925	0.172904841829056	0.00376878220842514	0.95104829116867	0.986863790465675
FBgn0036116	115.131817643399	-0.458235107245133	0.287782449255662	2.53360637370372	0.111445244646197	0.617190703020285
FBgn0036121	274.671713761678	0.391148863540144	0.345116119327046	1.27979782377004	0.257936629921754	0.803836573577056
FBgn0036124	404.326388336652	0.266026749543242	0.196482060209706	1.83115256494628	0.175991470909151	0.721831294055883
FBgn0036126	106.221955525243	1.39348416388702	0.751617995705644	3.31391259927764	0.0686957534743302	0.491036996948575
FBgn0036133	567.86739181734	-0.148961111653157	0.18148716482441	0.675658910788286	0.411085582690784	0.87822152781539
FBgn0036134	1011.91475964857	-0.193405496252703	0.281011270757093	0.473776897560711	0.491254731223574	0.892965315521076
FBgn0036135	269.143020540517	0.0469601758764515	0.257548391404632	0.0339983116113913	0.853710408101914	0.970989387484193
FBgn0036136	1137.75080717405	0.0821382350449222	0.299912141017049	0.0750017702779502	0.784188745513123	0.955257605057586
FBgn0036141	998.84442896425	-0.180613757804567	0.1702219718711	1.12677450886528	0.28846438913598	0.824296064705465
FBgn0036142	196.04865706795	-0.188863185410865	0.268365738462494	0.493991937170613	0.482151976119979	0.889027677218827
FBgn0036144	541.368458839542	-0.1845132888667	0.383532675164304	0.231167681178178	0.630659358992284	0.918236530313783
FBgn0036147	1675.11036633349	0.628862086294283	0.16903461166336	13.7490598658872	0.000208925359943875	0.0061178004354297
FBgn0036155	343.868173730838	-0.363642035581699	0.315837499806887	1.32453855978039	0.249779142606143	0.793847876141075
FBgn0036162	211.909903184274	-0.697902168574605	0.421137565857876	2.71715865294495	0.0992745913193853	0.590030880797817
FBgn0036165	761.034248756254	0.422349873515387	0.28658112128369	2.16301624743477	0.141366953656133	0.676983849511963
FBgn0036173	122.748385022621	0.333830996240898	0.661639162772062	0.253679904467603	0.614495780227909	0.91550458350478
FBgn0036180	1007.46175431846	-0.198835330329731	0.169079930209046	1.38229999941319	0.239709761996234	0.788656393900322
FBgn0036181	2935.13953630303	0.0255312193735126	0.50757933466081	0.00253035885303632	0.959881194181081	0.989068361439162
FBgn0036183	71.5565959832261	-0.172959076388837	0.417946835416352	0.171141924437478	0.679098931044877	0.930018495477913
FBgn0036184	213.650920164968	-0.150357181466359	0.217367491725682	0.477794407351496	0.489423061593026	0.891955223452815
FBgn0036187	167.672531752319	0.0719625426706459	0.233523335774478	0.0951025437154698	0.757787870365272	0.951679100282497
FBgn0036188	205.682263912071	-0.0300456763157841	0.315815793607474	0.00959256131415032	0.921978649294176	0.982041643684189
FBgn0036196	1289.39435937683	-0.45375756392308	0.264250765384192	2.93784347198135	0.086526182580141	0.548234176044388
FBgn0036198	342.456703475817	-0.154057986159362	0.250125301634182	0.378765315337105	0.53826476045039	0.907173673980027
FBgn0036202	260.027073432921	0.000721205513630856	0.244894570683777	5.05706515028237e-05	0.994326047765496	0.996103958209707
FBgn0036205	831.095028283282	0.0954889998687843	0.153348980558014	0.387794038969645	0.533461233523205	0.906247868714172
FBgn0036207	134.556696857806	0.182503175861036	0.384312563796888	0.225621120683556	0.634789883866302	0.919928929495445
FBgn0036208	122.671362563283	0.754792716291273	0.55283790343492	1.8498491299906	0.173800942454174	0.720939348659862
FBgn0036211	1209.73707432813	0.239107699989812	0.328763907117505	0.528510629236294	0.46723369572876	0.888270226363548
FBgn0036212	112.978821326436	-0.320536086830858	0.334749458569181	0.91243709805962	0.339468610773982	0.845051600990683
FBgn0036213	16472.2423353374	0.159254930321767	0.243753417866133	0.426617460727641	0.513653393556656	0.898946922001278
FBgn0036218	121.73538366858	-0.480979019458214	0.698266045864575	0.470580012202703	0.49272045678065	0.892965315521076
FBgn0036221	79.1926455876157	-0.651498388899324	0.71414030754713	0.82091443202146	0.364912943019218	0.862195609600593
FBgn0036222	85.764269380398	-1.12671858919496	0.563605067247645	3.89631348859419	0.0483921848948604	0.403860895587295
FBgn0036224	138.984913035195	-0.249532346777496	0.393857658906503	0.40037510332499	0.526895601477369	0.90232385622236
FBgn0036226	2199.04125092815	0.396548112582255	0.349605554834089	1.28274889056854	0.257388550613252	0.803357670427545
FBgn0036227	7601.92621963486	-0.141524854617844	0.458348504544308	0.0953076527723624	0.75753500383841	0.951679100282497
FBgn0036229	987.400554844129	0.739838124996496	0.313839608063216	5.50205163219624	0.0189941762232834	0.223567306695341
FBgn0036237	764.375162234922	0.0318573809216755	0.227637387677757	0.0197085232952077	0.888354190570635	0.977724198541247
FBgn0036239	1401.41867629239	-0.268514287531706	0.206089438990404	1.69640228826009	0.192759152242549	0.743576205679301
FBgn0036240	402.996895044216	-0.470679534704052	0.265683453383886	3.12540003885111	0.0770809507138269	0.521818199149979
FBgn0036248	343.917558824761	0.180032846861959	0.289397124074076	0.386756776870783	0.534009122996175	0.906910394964332
FBgn0036249	149.525561609993	0.156375071712874	0.261117708644144	0.361948487259198	0.547426082004737	0.907978647188282
FBgn0036255	36.7609211909326	1.18813696145165	0.798072289661265	2.15989458029336	0.141654408447373	0.676983849511963
FBgn0036257	2661.15158258944	-0.0590579982783752	0.159167508345564	0.137713226640031	0.710565041326145	0.939099247610764
FBgn0036258	4224.08135609831	-0.30957095497638	0.27863192359964	1.23235372385919	0.266949782706179	0.810256083869186
FBgn0036262	3386.90365478808	0.0667510408008287	0.272246972730726	0.0601038944892736	0.806331806354186	0.959086727233997
FBgn0036263	430.002049330283	0.0409182485827916	0.285737289858842	0.0205759039507285	0.885940298287748	0.977724198541247
FBgn0036264	1971.88117826877	0.177518526279781	0.837268105010376	0.0449156341650507	0.832159235696154	0.965675506444564
FBgn0036271	1187.18546687265	-0.197190628713997	0.196421649507648	1.00759039423852	0.315480798792807	0.834612066592375
FBgn0036272	534.384825389939	0.419249934554744	0.21491901967831	3.79556089609206	0.0513886530683354	0.418061310218481
FBgn0036273	227.094739667623	-0.397230038196588	0.276201504069837	2.07097088348397	0.150125925010137	0.689841448828013
FBgn0036278	131.780008377868	-0.079808038954261	0.237455367747151	0.118098719326319	0.73110580038989	0.943692519110568
FBgn0036279	2198.64006285017	-0.0888626410660843	0.39729128038304	0.0500445418356037	0.822985785787417	0.964052863213496
FBgn0036285	185.454638275445	-0.307515967853981	0.353856428390581	0.757917794459765	0.383980930047785	0.868413668074809
FBgn0036286	947.739287008591	-0.0244084428561783	0.170340801822684	0.0205579237649403	0.885989803809061	0.977724198541247
FBgn0036288	552.377987966196	-0.364198253761475	0.185672295963704	3.83351728695466	0.0502374058858614	0.415466636713843
FBgn0036289	164.136087399415	0.175409357147789	0.262834688857043	0.445329863595909	0.504561111954255	0.895295388353976
FBgn0036290	819.285462102482	0.0096048667096734	0.173092695854444	0.00358925028029944	0.952227034979371	0.986885525775761
FBgn0036292	169.309682506268	-0.268112357374839	0.277100443621305	0.93378169721781	0.333882177608232	0.842588818674629
FBgn0036298	1756.93013738078	-0.132354111684875	0.233935380761147	0.320090042147143	0.571553537950342	0.90865959686355
FBgn0036299	1594.93464601782	-0.224724198357158	0.245981875403309	0.834460852851706	0.360985790420241	0.857293348360834
FBgn0036300	636.203234609973	0.419554322950623	0.17452736212192	5.76059875342901	0.0163894858298217	0.201960760870706
FBgn0036301	275.986741627662	0.360647599495789	0.22037840901865	2.67324806483456	0.102047569005192	0.599725713230515
FBgn0036302	1024.5255590048	-0.397493831239233	0.145425491720392	7.45302850626894	0.00633298040814962	0.0992954614740474
FBgn0036305	593.246168629832	0.0314372411016738	0.273356872483834	0.0133565747121338	0.907992826381069	0.979772897569974
FBgn0036309	770.766051389386	0.269277330601584	0.354526938946347	0.575770825121211	0.447974813485246	0.888270226363548
FBgn0036311	193.298286608241	-0.516065427556077	0.501358423297844	1.05164642389622	0.305128205181952	0.832614936158673
FBgn0036314	390.104335548631	0.107939299273254	0.169368215259373	0.406984368592866	0.523504102830258	0.90223474301381
FBgn0036316	2654.25680472051	0.670842162595885	0.300933927591242	4.92529767713025	0.0264662421666081	0.2797764769411
FBgn0036317	411.440852246359	0.231865944620153	0.159896649977711	2.10179038757141	0.147126772715377	0.684257552794704
FBgn0036318	2173.54468308554	0.108804181612573	0.139927461086227	0.604451978054243	0.436884418647967	0.888270226363548
FBgn0036321	1374.14198072048	0.267636764963523	0.55936749741097	0.228618597730815	0.632550014507569	0.918845491159441
FBgn0036327	91.9815018227446	-0.842495569981482	0.52758726294824	2.51331393435203	0.112888316325304	0.621652175162146
FBgn0036328	79.8227322839803	-0.729593875805603	0.54212579383421	1.78441277253548	0.181608395675296	0.72677950345485
FBgn0036329	143.878430533218	-0.466865466299126	0.473770904556674	0.964123975457824	0.326150027651418	0.839459301281877
FBgn0036333	526.402465808282	-0.155376686729719	0.162345647942497	0.914585146569635	0.338900764274522	0.844975856087411
FBgn0036336	200.245252239819	0.0233447330342348	0.210086590119077	0.0132508766198853	0.90835599019736	0.979772897569974
FBgn0036337	1664.96167855756	0.442648885272415	0.166056321606272	7.07779091639398	0.00780451663650017	0.115677527007315
FBgn0036340	1312.30121075469	-0.23442201068357	0.200853185818478	1.36230834795242	0.243137825067548	0.791375012342244
FBgn0036341	1394.42321493138	-0.349736224638761	0.416304330389272	0.704005940170319	0.401440905283173	0.875888394068263
FBgn0036346	64.8656106399645	-0.515963943036985	0.611385117613017	0.704611886454686	0.401238359185937	0.875888394068263
FBgn0036353	579.980754470727	-0.34889092110373	0.147941890628519	5.5515126535556	0.0184647229488216	0.219008231849333
FBgn0036354	444.79970042048	-0.487555220037445	0.246475736857152	3.89798217048545	0.0483441391089776	0.403860895587295
FBgn0036356	112.640544490847	0.244055498884267	0.277760559720992	0.77223374006936	0.379526912812502	0.866723960672899
FBgn0036361	466.12510377129	1.01966076836179	0.732623279491113	1.89914168956101	0.168174422745162	0.713814852619918
FBgn0036362	3854.48927793154	0.820477577254379	0.474830220874001	2.94676202245284	0.0860498081227474	0.548234176044388
FBgn0036364	659.093674167459	0.418779727661853	0.473153329602293	0.780209923192373	0.37707694550739	0.865701388774403
FBgn0036365	1430.35095384088	-0.288010315402887	0.37110097835032	0.601625798479844	0.437958381804496	0.888270226363548
FBgn0036367	368.368965467856	0.270988601270118	0.360429546472141	0.564182299390168	0.452580021674538	0.888270226363548
FBgn0036369	190.885280973523	-0.333599412022418	0.325129846775522	1.04692137437891	0.30621718891047	0.832614936158673
FBgn0036372	1239.75428958698	-0.129249525467519	0.13241166788057	0.9532778318478	0.328886354497492	0.8415226533537
FBgn0036373	891.287694384438	-0.318976451986194	0.211728983261852	2.26765240145814	0.132099871901573	0.661996018760176
FBgn0036374	936.49220382018	-0.419203495618101	0.524653902182795	0.636550596783479	0.424962643178438	0.881714569656874
FBgn0036376	1233.11314187061	-0.0364768126304375	0.234999637392926	0.0241606824067162	0.876476762478418	0.976318025568334
FBgn0036381	5292.4491576716	0.0446183883857854	0.377367565239789	0.0139779343111286	0.905886755689125	0.979772897569974
FBgn0036386	122.301084167608	0.190127613509976	0.310216408670106	0.37577126462584	0.539875118349634	0.907173673980027
FBgn0036389	1194.10076159847	-0.308555798507672	0.266135066063492	1.34259794125931	0.246576335192821	0.792429197916752
FBgn0036393	61.4857310707572	-0.200215268390219	1.08166327720528	0.0341916358985017	0.853299780517852	0.970777224241509
FBgn0036397	259.956499016426	-0.236760177260195	0.230865502717811	1.05340180026588	0.304724920563676	0.832614936158673
FBgn0036398	2104.75090946963	-0.160296322706117	0.495271525460576	0.104730702220721	0.7462248110139	0.948987319166172
FBgn0036402	775.831948032633	-0.129419676899332	0.174762615321059	0.548365379315698	0.458986369472141	0.888270226363548
FBgn0036403	223.432813904045	-0.596193433766683	0.461716331844389	1.65206258604047	0.198678434453711	0.750424073325388
FBgn0036405	192.416010468215	-0.405614239731072	0.225328664832644	3.23925557201937	0.0718932976833173	0.502237135270656
FBgn0036406	56.9356383139179	0.638067158123418	0.7420572663294	0.731843243558714	0.392286373235088	0.872919006760984
FBgn0036410	2037.27313651219	0.478257273589908	0.339647281283194	1.97363269279374	0.16006279949339	0.703012504782371
FBgn0036411	87.7228448901518	0.55327835991745	0.373714076270871	2.18482333962416	0.139377055369839	0.673949812041499
FBgn0036415	348.854075936652	-0.226722067596341	0.56609119314548	0.160040798069005	0.689118957780082	0.931685283330728
FBgn0036419	1298.22389710063	0.050342755353709	0.465728862760955	0.0116847712712627	0.913919445500653	0.980404978288931
FBgn0036422	13314.4536366631	0.642874226574597	0.390566646725004	2.68727206032979	0.101152855053837	0.595300135765019
FBgn0036428	885.548257261513	0.785146968934683	0.297997721268759	6.85949393037559	0.00881715174679795	0.127757488413948
FBgn0036436	330.015906402492	-0.183555715494953	0.549033183191704	0.111576981385326	0.73835585852439	0.946627404277494
FBgn0036437	167.146665572786	0.0898113541816565	0.781189193200209	0.0132784434329096	0.908261133447624	0.979772897569974
FBgn0036443	64.8942098558469	-0.776977096614844	0.553262427101603	1.93817404387661	0.163866930782964	0.710621263810123
FBgn0036446	478.69077231147	0.142946858390514	0.187983779072246	0.578293631584557	0.446981941178567	0.888270226363548
FBgn0036448	3888.70375235963	-0.328481935920801	0.351323967031019	0.872542111763664	0.35025250473023	0.851467182456711
FBgn0036449	1595.54180583197	-0.319802032225384	0.281680864627974	1.28706251087297	0.256589998997067	0.802987104110361
FBgn0036450	608.377783192273	0.111374575140929	0.142887283085749	0.607794658036596	0.435619370677146	0.888270226363548
FBgn0036451	2713.6863238801	-0.361418450208482	0.494569998748942	0.532727632421199	0.465462358283517	0.888270226363548
FBgn0036454	4900.4630364789	-0.44517882734046	0.483895522813601	0.843183331671298	0.358487920669701	0.85582398423638
FBgn0036460	454.140844540097	0.109993036566157	0.170879551168143	0.41464446016154	0.519621524286173	0.90076305488882
FBgn0036461	1204.1462630149	0.208285307942983	0.174874719770633	1.41757307628363	0.233803276168942	0.780240739081296
FBgn0036463	275.40330182037	0.0108059932613257	0.32385428953475	0.00153516636306961	0.968745923068572	0.991444149622978
FBgn0036465	83.3801009827247	-0.46654257299286	0.677870267585624	0.469406330487168	0.493260411109963	0.893011739545052
FBgn0036467	6274.68298059366	-0.248593186334791	0.387564212228235	0.410871651628923	0.521527420685682	0.90173657700483
FBgn0036468	18.1054472163069	3.12206800197413	1.12832975216507	6.8826763500154	0.00870351408824221	0.126766607274848
FBgn0036471	2860.34924932474	0.0353888492482465	0.4265987810335	0.00688256415708111	0.933882374593505	0.98378812856611
FBgn0036476	256.82929688787	0.162604614865795	0.220222107861931	0.545594688274669	0.460123309964209	0.888270226363548
FBgn0036480	372.081588306398	-0.160504004344836	0.193627165892277	0.685905166978316	0.407560687283478	0.87822152781539
FBgn0036481	420.741335972309	-0.286059806083841	0.279760279592878	1.04622127954109	0.306378968027791	0.832614936158673
FBgn0036483	370.128713477314	-0.067639415870736	0.316342876193201	0.0461185817337508	0.829960387264101	0.964901903583029
FBgn0036484	976.93823515172	-0.309114997270965	0.200499562849679	2.37460226305042	0.123323003870928	0.644531420728408
FBgn0036485	127.578371164091	-0.553759907150064	0.338125538113814	2.688260268883	0.101090132759569	0.595300135765019
FBgn0036486	306.816527927547	-0.103715999652543	0.33953090837006	0.0935585248698629	0.759701054522447	0.951947965569036
FBgn0036487	485.621794679362	0.235578935883925	0.200339585094215	1.38104398424608	0.239923398882903	0.788656393900322
FBgn0036489	401.415873247524	0.0245593079014595	0.190054082620836	0.0167316214087947	0.897080101066429	0.979772897569974
FBgn0036490	69.1485162945655	-0.739652552243882	0.601393020795792	1.48714440859064	0.222660050071013	0.773568331726624
FBgn0036493	4151.85875423581	0.299864938684595	0.300656103285998	0.992937485467905	0.319025485661634	0.835501112348841
FBgn0036496	183.912430865063	-0.730037763089015	0.475583455177857	2.33036579475497	0.126872060529834	0.652113344639129
FBgn0036497	52.7286561620074	-0.902415205375484	0.877096979946095	1.03522061881615	0.308935640652477	0.832614936158673
FBgn0036498	115.63864404919	-0.534615191262971	0.623984037956585	0.727367758007802	0.393737733415353	0.872919006760984
FBgn0036500	256.893748176814	0.199645984727548	0.23069225263767	0.749094765693073	0.386762984723021	0.8695441743211
FBgn0036505	694.991992919845	0.109033137390024	0.380884082351174	0.0819274446868405	0.774702192870746	0.953234312247045
FBgn0036509	1034.73822801764	0.0295440170239563	0.167418507633604	0.0311669278752476	0.859868489057041	0.971542724124143
FBgn0036510	391.93494428416	0.0541152954932201	0.238045749792296	0.0517289766397937	0.820081580272812	0.963507004139901
FBgn0036512	620.892876430218	0.062809631818951	0.192687880100468	0.106370306291581	0.74431494713828	0.948987319166172
FBgn0036514	125.752843322867	0.480332980231261	0.453282458006132	1.11667805870209	0.290634879883866	0.826387777315387
FBgn0036515	758.18576003321	0.170498202977984	0.199505476060939	0.729806776476678	0.392945826921878	0.872919006760984
FBgn0036516	1604.31814694493	-0.114558249114017	0.338621779568213	0.114387715223131	0.735203034345218	0.945424433670538
FBgn0036518	870.713965425282	-0.263184116922672	0.184808821079886	2.02771726105148	0.154452442556846	0.694936377535226
FBgn0036519	199.770931607088	0.0634602170904033	0.289654455044708	0.0501171059526015	0.822859625879028	0.964052863213496
FBgn0036522	579.533233469497	-0.127215768961583	0.146792885596008	0.753319078635734	0.385427421125336	0.868990603813168
FBgn0036529	104.001960709208	0.487281449885014	0.466625016272485	1.08393155338712	0.297819702633646	0.832614936158673
FBgn0036534	1761.66025833966	-0.182714757787488	0.309529859414238	0.348283142425132	0.555086614125111	0.908003182797042
FBgn0036536	61.3911821141162	-0.347630477155267	0.41540525583239	0.69857571709705	0.403262688160683	0.876559751465851
FBgn0036537	357.563091994865	0.549365432036031	0.52047637785522	1.10645199627534	0.292854508229504	0.82783359810318
FBgn0036545	133.940285414075	0.209089249805007	0.269548427733729	0.602393640456405	0.437666198464776	0.888270226363548
FBgn0036547	1498.38457349724	-0.0770019804582543	0.244364499622334	0.0993013391110225	0.752669670693509	0.949907780824185
FBgn0036549	483.239572229791	-0.426717370137377	0.409702372717699	1.07966868412498	0.298771685431407	0.832614936158673
FBgn0036550	393.93413151502	0.232514077177545	0.442750216080728	0.275278355593699	0.59981278360043	0.912217600937776
FBgn0036551	694.983709780599	0.238748420124732	0.363876676559862	0.429971121600289	0.51200311877195	0.896992747583796
FBgn0036553	1246.09557493988	0.615005457179458	0.194751587836733	9.89910699278627	0.00165358994421584	0.0348289972210273
FBgn0036556	770.974274929719	0.340176978017768	0.151705298831139	5.0235509177229	0.0250048406642314	0.270799846575001
FBgn0036557	237.421744778815	0.240957825192678	0.296581924916703	0.6592283654293	0.416832491515282	0.87938425582695
FBgn0036563	614.418816770447	0.31941725565806	0.271273621170122	1.38520005693661	0.239217370539976	0.787767547812678
FBgn0036565	168.29938104267	0.294910930944302	0.321196301429569	0.841856958999919	0.358866219169806	0.85582398423638
FBgn0036566	2518.61969366906	-0.17323335426613	0.200748635052263	0.74452865704842	0.388214038467612	0.87033225458622
FBgn0036568	221.17050270525	-0.351368270131385	0.437547111925875	0.642276744425033	0.422887555578912	0.881034667480375
FBgn0036569	120.265709372429	0.429428767910888	0.266766824074111	2.58659608740478	0.107771723095757	0.612818630670363
FBgn0036570	265.090685658907	0.112406613004542	0.166864787965162	0.453996907368605	0.500442972750688	0.895295388353976
FBgn0036571	626.478097166433	0.377513336506709	0.15911218902001	5.62452762166166	0.0177108383075475	0.213853283242284
FBgn0036574	244.275747046842	-0.12834347999052	0.242096125532096	0.28384498458508	0.59419208085232	0.911189805440844
FBgn0036575	53.0296407101261	1.27620029133698	0.548575679863977	5.29648516190539	0.0213685018862246	0.240899635735818
FBgn0036576	4108.81515876387	-0.15920482321159	0.289473639702939	0.302386786257799	0.582389974830677	0.90865959686355
FBgn0036579	279.180315162635	0.0953718926584415	0.243434568009874	0.155119816512055	0.693689917974165	0.933894384001516
FBgn0036580	412.659931782122	0.346752633924073	0.408528085079786	0.71796067815248	0.396813659447559	0.875404975034683
FBgn0036581	237.073709719019	0.508997919220945	0.497529206202158	1.03984321277169	0.307857939270218	0.832614936158673
FBgn0036589	495.670579698639	0.276530635985509	0.384834052529023	0.515854210149612	0.472615535843351	0.888270226363548
FBgn0036595	59.7041113188224	1.02201479444202	0.436494973139205	5.42194232818574	0.0198852266939848	0.23073163881703
FBgn0036597	255.482351239452	0.0224457547630519	0.678411453785193	0.00109669084245922	0.973581826096821	0.991444149622978
FBgn0036599	1081.24089385768	0.0208035117491879	0.467734935155873	0.00198105829191775	0.964498613556668	0.99066809439382
FBgn0036605	149.329316838686	0.276134145509069	0.283494217863525	0.94786015317797	0.330264575633501	0.841662811307778
FBgn0036614	211.924140084979	0.327444503272734	0.355989981709764	0.843512755996073	0.358394049633443	0.85582398423638
FBgn0036620	62.5559127474216	-1.08991113727937	0.573038925242132	3.54724959952533	0.0596442376524284	0.454030954013594
FBgn0036621	1693.96412719641	-0.14082067907763	0.264170674523384	0.284152430873831	0.593992393010914	0.911189805440844
FBgn0036622	863.329527641044	0.669224949015437	0.708637298989499	0.884154262102953	0.347066379462054	0.849760151136338
FBgn0036623	1682.16395380513	0.300260343737796	0.144333317897369	4.3194712742322	0.0376786278179843	0.349296472950447
FBgn0036624	594.500796601414	-0.0554054572290021	0.260424309234087	0.0455952401585904	0.830913264663301	0.964901903583029
FBgn0036627	198.341427176183	0.0108483540083618	0.306216785132727	0.00178897406196654	0.966262522448353	0.991109041112686
FBgn0036643	264.191536969052	0.0334898655487519	0.178517470543102	0.0375013899056285	0.846447786706876	0.969419880902724
FBgn0036648	373.87835474391	-0.266292067875066	0.21262014903385	1.56474869428146	0.210971272464842	0.762253901029463
FBgn0036652	228.744083578039	-0.378682532714912	0.509763096188809	0.549010823662925	0.458722152922814	0.888270226363548
FBgn0036659	963.592824683744	-0.506984312334517	0.527291829914349	0.919958947880957	0.337485751442491	0.844975856087411
FBgn0036661	1805.80375196941	0.134324209732033	0.292527988682076	0.210711697283045	0.646210154020736	0.922342074454869
FBgn0036662	452.43790598517	0.277606230076089	0.271309601562287	1.04547053799919	0.306552573785149	0.832614936158673
FBgn0036663	12863.6652355578	-0.0501307844191291	0.457681039909495	0.011997873485285	0.912778317515491	0.980376791913083
FBgn0036665	47.7693680661082	-0.101012090094984	0.443232732700361	0.0521510751304675	0.819361642303021	0.96317149169713
FBgn0036666	1476.81554389753	0.0992609275769994	0.200873879441374	0.244102526888483	0.621258629348985	0.915541451893316
FBgn0036667	199.694115050297	0.807304901641277	0.608574940764907	1.73521448093621	0.187746327766775	0.735739826904372
FBgn0036668	1202.9391995627	-0.204021013231221	0.287262462504105	0.504540210986221	0.47751195710581	0.889027677218827
FBgn0036671	352.853017907873	-0.273536667557742	0.160828366595415	2.89016650648954	0.0891217143968898	0.556861626610753
FBgn0036684	1117.60516961223	-0.357595226213885	0.304140074731725	1.37971533185478	0.240149642617936	0.788656393900322
FBgn0036685	1789.09648737869	0.100583974980119	0.226713065600964	0.196761087791074	0.657348003217367	0.925452063254062
FBgn0036686	553.249022918357	0.169369624518083	0.185462787881744	0.834482734805633	0.360979494095973	0.857293348360834
FBgn0036687	433.501503772573	-0.656449022351739	0.411612409690372	2.52044617358361	0.112378784082848	0.620519908956803
FBgn0036688	286.082277607438	-0.0672821882900214	0.268123905563696	0.0640253954870715	0.800243176046562	0.958174580223308
FBgn0036689	85.0872501478002	-0.141468895537417	0.524293770992236	0.0728999288747971	0.787160354934354	0.956166564393394
FBgn0036691	156.075534599737	-0.0137950853702927	0.231861638223351	0.00672763050428671	0.934629112184762	0.98378812856611
FBgn0036695	227.938870636846	0.0171074598261499	0.271027135166594	0.00434042776523569	0.947471832745685	0.985829150767044
FBgn0036697	577.928090916819	0.281877304648006	0.252094546705562	1.24727761342581	0.264073076038837	0.807484472732424
FBgn0036702	1923.10753137635	0.0384378627867169	0.274554540616647	0.0196135538827065	0.888621750806406	0.977739878734883
FBgn0036704	39.698819638832	-0.864995016153619	0.622870794468779	1.89196568258301	0.16898037867299	0.714571915379902
FBgn0036708	40.1936721427209	-0.56734740564275	0.938873681774603	0.359951571466496	0.548533132695137	0.907978647188282
FBgn0036710	379.786384147176	-0.127631289832739	0.208293600244724	0.37589420278524	0.539808822180815	0.907173673980027
FBgn0036713	156.777221503863	0.617015673160987	0.296435328272035	4.32525717850085	0.0375507393428459	0.349088952917342
FBgn0036714	356.334249644728	-0.650905698768335	0.246610722407137	6.9192829751691	0.00852711599286039	0.124412990979164
FBgn0036715	841.95053669264	-0.159843191867567	0.38719865210297	0.170509752049469	0.679659171747216	0.930081887185516
FBgn0036717	61260.4357871262	0.00620217146736031	0.531456585234724	0.000136093541954097	0.990692158711597	0.994416796552218
FBgn0036723	218.14581068237	-0.486217959781394	0.485960083625315	0.994102701398035	0.31874170157281	0.835501112348841
FBgn0036726	422.184223684476	0.179507466826303	0.362719241170203	0.244667983383692	0.620854794061593	0.915541451893316
FBgn0036727	452.353830795291	0.184814306095088	0.330216513793753	0.313253001679755	0.575690840092465	0.90865959686355
FBgn0036729	84.2878466182333	-0.522830878097472	0.50739688518318	1.05003782031429	0.305498376665213	0.832614936158673
FBgn0036732	2757.1106716909	-0.150230853848889	0.304884759757702	0.24275048699019	0.622226587854716	0.915541451893316
FBgn0036733	416.961910239359	-0.477653188093614	0.191226864966743	6.22648201166567	0.0125853527260861	0.165520038043861
FBgn0036734	912.234267334145	-0.0658441931961726	0.206640687180091	0.101597516088844	0.749920909786242	0.949227302638817
FBgn0036735	502.546754373782	0.0261635715489714	0.238659415713437	0.0125756094614786	0.910711589406005	0.980227996589148
FBgn0036740	1203.51167935862	0.460428026729759	0.406354671916655	1.27793736966748	0.258282899017771	0.803836573577056
FBgn0036741	803.600569404102	-0.293269128681602	0.333088614524544	0.77433559078159	0.378879135440277	0.86579112403379
FBgn0036742	175.791302471161	-0.497935122521762	0.29821573113028	2.78402000150194	0.095208918875507	0.57780184404153
FBgn0036746	1156.47912418238	-0.304436331226245	0.476015082653746	0.408367222412267	0.52279940423017	0.902024588541311
FBgn0036752	775.015763519496	0.00942411644877454	0.339061545105403	0.000791665747655657	0.977553238643336	0.992073109233015
FBgn0036754	122.493454653827	0.240718555521917	0.296761166663902	0.662127216284318	0.415809958973003	0.87938425582695
FBgn0036756	463.223683831044	0.572382863120547	0.303765185988661	3.525817169476	0.0604200342747503	0.456627669105217
FBgn0036759	941.519595866497	-0.118331478708884	0.178315064454974	0.440833685477457	0.506720345144411	0.895295388353976
FBgn0036760	352.135027344689	-0.248584319716359	0.235093562961336	1.11498571734269	0.291000726381306	0.826387777315387
FBgn0036761	643.312408351826	0.0399156686834872	0.355962453682049	0.0126354663311048	0.910500237374804	0.980227996589148
FBgn0036763	681.941234245891	-0.550220358430596	0.273245386199504	4.03215278987587	0.0446409423277105	0.386765442600082
FBgn0036764	288.658444024461	-0.581484072859812	0.238139568969161	5.9373850725276	0.0148229949417132	0.187892080678971
FBgn0036765	382.150668424078	0.496624567887052	0.196566633004602	6.36225705515912	0.0116573160752133	0.157504958675391
FBgn0036767	157.296568278502	0.400248979526399	0.800259215425279	0.249542738165005	0.617397233718676	0.91550458350478
FBgn0036768	249.691447790295	0.496848505278219	0.283297398572561	3.06171165516302	0.0801571903359525	0.532163252163636
FBgn0036769	378.180716900032	-0.0872372024693276	0.360088101631543	0.0587620790397239	0.808463332023348	0.95990427152039
FBgn0036770	1141.60823668678	0.15442049491526	0.262448154820294	0.346190058574734	0.556277809784212	0.908003182797042
FBgn0036771	198.932228788577	-0.298125232952627	0.331698906105391	0.804999388691485	0.36960282532395	0.864159753811589
FBgn0036772	190.882684122778	-0.000591913349368627	0.292233919755473	6.54256017895705e-06	0.997959138885588	0.998077901129892
FBgn0036773	363.286380717577	0.053807354969381	0.310147888221616	0.0301567340978721	0.862135077233207	0.97208975956209
FBgn0036774	213.774136013467	0.153502639559305	0.274579961455805	0.31325735372711	0.575688187735019	0.90865959686355
FBgn0036775	352.554061621457	0.00671174975266477	0.261339796826144	0.00146851755762611	0.969431554877457	0.991444149622978
FBgn0036778	224.355224340498	-0.308262176219723	0.47992932150332	0.410811561023863	0.521557876226269	0.90173657700483
FBgn0036784	153.43549122248	-0.923295147277554	0.388037563347266	5.56579448127241	0.0183146977847939	0.218012351534572
FBgn0036785	105.294250296189	-0.801636292185303	0.545236070598267	2.12941369950347	0.144496015883284	0.680305051811271
FBgn0036787	584.616644077894	0.293840097609375	0.267308000633577	1.20615625892826	0.272094703210333	0.81102375989842
FBgn0036804	145.956893109858	0.138432111004011	0.306990389075962	0.206180957478523	0.649777341335781	0.922694169316485
FBgn0036805	1305.0225523101	0.0745248996633251	0.240604145265753	0.0959409511436604	0.756756124147817	0.951492888590403
FBgn0036806	814.589714060802	0.995975847306894	0.201225648248838	24.0969083680965	9.16072538607589e-07	4.63775518943264e-05
FBgn0036809	65.5322875684645	0.453327963097533	0.713151964724726	0.401957007917396	0.526080303358793	0.90232385622236
FBgn0036811	147.270607183721	-0.0477215828251204	0.344496343865058	0.0197536443941217	0.888227299873167	0.977724198541247
FBgn0036813	1421.82130095751	-0.0391962038076287	0.180291989238945	0.0472674321143813	0.82788825803143	0.964901903583029
FBgn0036814	1546.7450282351	-0.0467644653798761	0.384910346039543	0.0147821348706003	0.903230225500742	0.979772897569974
FBgn0036816	2520.90741852096	0.0634318296244475	0.316378900433888	0.0401957296564888	0.841098373566735	0.968138532800968
FBgn0036820	585.749931693088	0.247497899822606	0.327601259868422	0.569620269848329	0.450409850483584	0.888270226363548
FBgn0036821	3428.05691747134	-0.296533518285197	0.235809420205654	1.57905254511245	0.208897219512535	0.758019098783826
FBgn0036824	2811.48144728769	0.76938254318809	0.591465834100315	1.67257755801838	0.195913647229482	0.747710395693263
FBgn0036825	16782.1298516889	0.149271096966072	0.14792317393935	1.01780291834348	0.313040730556897	0.833849223328102
FBgn0036828	540.322086782005	-0.0805102230770748	0.169877372505267	0.225172309961152	0.635126825972541	0.920118228835242
FBgn0036831	10230.4556788792	-0.980685944992732	0.447128677139095	4.72111939647972	0.0297943413974934	0.299511537206381
FBgn0036837	8200.4032240598	0.286390046029722	0.205302006764496	1.94278353524675	0.163366620673469	0.710550410044425
FBgn0036838	279.706313715998	0.0230149169584873	0.190911076857853	0.0145832030316768	0.903880394225277	0.979772897569974
FBgn0036842	999.070450716432	0.14852293450141	0.164317472354399	0.817413296977776	0.365937544079298	0.863131945114348
FBgn0036843	648.420436735574	-0.137937106098865	0.218196478612927	0.399147047542598	0.5275300860434	0.90232385622236
FBgn0036844	438.734661982618	0.215245224605827	0.236118908023308	0.830480409350685	0.362133650421813	0.859223940752377
FBgn0036846	1593.2987175841	-0.0234990067614569	0.504057366968159	0.00217479266602538	0.962804397535681	0.989774698090503
FBgn0036847	252.189218983528	0.557030523577592	0.36517927131673	2.30990896118035	0.128551578973484	0.653999148711491
FBgn0036848	744.972360258032	0.340326948144293	0.284889386846352	1.42332060015434	0.232857620941752	0.780240739081296
FBgn0036856	176.27549133008	-0.0190693360037361	0.364189258017316	0.00362095086567393	0.952016784560597	0.986885525775761
FBgn0036857	1950.47021908881	-0.144834593544612	0.30982566940129	0.21850848136377	0.64017873821372	0.921446243022313
FBgn0036862	1681.63641972889	0.483744483137998	0.341470922809413	1.99819430893908	0.157486722982159	0.700163998789435
FBgn0036875	3005.24117232671	-0.0320037649401961	0.177609151210876	0.0324951132162283	0.856945308836796	0.971373856909766
FBgn0036876	144.763611530277	-0.585324390811474	0.330266869513351	3.12127667996405	0.0772762171172735	0.521818199149979
FBgn0036882	237.715073992913	-0.837591251576897	0.347568186145066	5.74978805672858	0.0164906461461844	0.202613143585575
FBgn0036886	253.655949565578	0.104068645912134	0.249852930106035	0.174530588597626	0.676116323421016	0.930018495477913
FBgn0036887	278.146408205615	0.947319347377404	0.34898019554089	7.24529866490839	0.00710868892850149	0.108423632949413
FBgn0036888	1400.57312001905	-0.146880501200266	0.163527280884114	0.807014861032187	0.369004282272527	0.864159753811589
FBgn0036889	103.658862178845	-0.127353602686306	0.254456061617289	0.25481147719627	0.613707360817973	0.91550458350478
FBgn0036891	751.549978366376	0.249615897589267	0.214626350742109	1.35111642263367	0.245083037107062	0.792429197916752
FBgn0036892	756.048034810914	-0.021629684427351	0.197779743730708	0.0119788332003594	0.912847278037154	0.980376791913083
FBgn0036893	166.896434314158	-0.158613629008611	0.270041046454626	0.344528912139609	0.557226640705681	0.908176933545198
FBgn0036896	1112.15732383394	-0.206832300868112	0.271201562713235	0.581656216634556	0.445663868176896	0.888270226363548
FBgn0036897	406.788758438079	-0.346391289425664	0.316204934115323	1.19752668471985	0.27381657526667	0.811687587079642
FBgn0036899	173.456131690964	0.103193630697243	0.248180487494285	0.175212733999437	0.675520037386718	0.930018495477913
FBgn0036900	346.537002913605	-0.227880482844971	0.407178147240688	0.313513129059203	0.575532347812434	0.90865959686355
FBgn0036905	79.8641663461082	-0.546698006117167	0.460534721683155	1.39423687069911	0.237690894721003	0.784804682033993
FBgn0036908	375.569014169728	0.184038083463374	0.360412630832545	0.260467085871028	0.609799442055089	0.91550458350478
FBgn0036911	218.548872303594	0.33243259564723	0.288045051333565	1.32860882412058	0.249052860257512	0.793847876141075
FBgn0036913	1080.93239513581	-0.42709765830219	0.376265663278111	1.28487151409043	0.25699522079363	0.803193691167596
FBgn0036915	671.486129476106	-0.143619104471551	0.264160175395255	0.295203786526727	0.586904957758377	0.90865959686355
FBgn0036916	187.997092724764	0.09668786573812	0.298550166185151	0.106650453619778	0.743990254643927	0.948929139479065
FBgn0036918	371.254609001845	0.210330540202224	0.502611479869916	0.174828661451315	0.675855599900525	0.930018495477913
FBgn0036919	1541.140557094	0.0305493400541405	0.248288769472464	0.0151551765496265	0.902022872862687	0.979772897569974
FBgn0036920	228.339202604656	0.578389428385455	0.300749669002457	3.67427822798319	0.0552581739297411	0.435187046605322
FBgn0036921	2533.50846502604	0.784596313213809	0.431522334476943	3.26556282950489	0.0707487409871732	0.497966850298328
FBgn0036922	127.541221789024	0.0578154808384871	0.364257757007653	0.0255666749565719	0.872963137117498	0.975386188335215
FBgn0036924	103.073430691037	-0.789947286381676	0.502399924699959	2.442542887177	0.118084661718087	0.632975744749736
FBgn0036925	141.439119573475	-0.59656388857057	0.391744702806526	2.29848113616643	0.129500578220879	0.654185859032377
FBgn0036927	585.830030196133	0.45650093786856	0.340342522253106	1.79269171001847	0.180598548588172	0.72654447334996
FBgn0036928	763.89204027676	0.332794293145333	0.375454383446128	0.783418833137517	0.376097574309755	0.865701388774403
FBgn0036929	644.539301115554	0.547783681353995	0.5212933541664	1.09707825919097	0.294908199545479	0.829318022474993
FBgn0036931	149.535994999788	-0.314266130850182	0.621416916948243	0.25452831266395	0.613904448404466	0.91550458350478
FBgn0036932	404.222849460676	0.153617009911287	0.229579803749563	0.447628375576144	0.503463357917866	0.895295388353976
FBgn0036939	85.0658822831399	-0.289416284837488	0.264685405951907	1.20307169981028	0.272708607709361	0.81102375989842
FBgn0036940	887.9647564161	0.28423183264609	0.206011756795159	1.9004779191161	0.168024834439589	0.713814852619918
FBgn0036941	39.0569941659642	-0.914105808940395	0.660873012426368	1.87162136881216	0.171289497608997	0.716177581047768
FBgn0036942	152.974787156999	0.109063854175624	0.279340401767918	0.153805143303309	0.69492522914235	0.933894384001516
FBgn0036945	1356.79903988996	0.392339695284318	0.235653989488558	2.76255598019041	0.096493957660663	0.581043551071754
FBgn0036947	560.67001520517	-0.0801323293558509	0.481363217936063	0.0277256172681746	0.867755526339442	0.97411611643373
FBgn0036949	23112.0138817537	0.070254707635006	0.382008195913653	0.0338186598129653	0.854093078345491	0.971242149961452
FBgn0036950	817.934191483117	-0.472495497093529	0.209953727228766	5.04079695058559	0.0247570979980399	0.268462776226487
FBgn0036951	7497.46947265655	0.240014337753787	0.319873987285765	0.562389769615322	0.453298967468703	0.888270226363548
FBgn0036952	14316.6545381481	0.629961149277633	0.354318317520796	3.13644326323427	0.0765605954679111	0.519302053520844
FBgn0036953	3753.94108704705	-0.673860677958288	0.561240236485604	1.42884224563095	0.231953477551197	0.780240739081296
FBgn0036958	1260.89672270443	-0.30062163166809	0.439347099221362	0.467580092829948	0.494102550508368	0.893314949498528
FBgn0036962	107.506791019851	-0.762953859919023	0.519342460266197	2.12445843733438	0.144964011165236	0.680601983146729
FBgn0036964	185.246673436635	0.0708170653351428	0.377211113336132	0.0360022161122089	0.849510915940165	0.970281967071069
FBgn0036967	488.290602840753	0.214691005513443	0.24040201647888	0.796495985717911	0.372143081428162	0.86482559396012
FBgn0036973	215.127190727209	-0.0635965963305777	0.246657866215208	0.0673160104217061	0.795285516373468	0.957307098335159
FBgn0036974	4129.76788414117	-0.0450762046701554	0.200702667536985	0.0504362390918942	0.822305916561539	0.964052863213496
FBgn0036975	1133.5134981145	-0.452945410684898	0.488240325602418	0.85681220855534	0.354632312630488	0.854207496516658
FBgn0036980	1790.39100562773	-0.190254428497274	0.253728912965297	0.56219846806782	0.453375800180933	0.888270226363548
FBgn0036984	94.5091409170971	-0.587937225604914	0.314973059603477	3.49636707304688	0.0615036088876634	0.461496722403503
FBgn0036985	13973.2964525155	-0.188638403072863	0.489636750319625	0.148329919269372	0.700136483334808	0.935295979326931
FBgn0036986	75.4942252641855	0.184007365183425	0.37718832861557	0.238438654035065	0.62533608224277	0.916152845817619
FBgn0036987	163.525024410281	-0.0256614571100843	0.287901008037338	0.00816562810845767	0.927998070685019	0.983026071820471
FBgn0036988	383.28950681858	-0.626344233490086	0.293531532629114	4.52052764025073	0.0334905013258338	0.323356282067971
FBgn0036990	244.735825915374	-0.086564974907309	0.267843177925104	0.104920394039993	0.746003010490984	0.948987319166172
FBgn0036991	119.034886488633	-0.175506425433978	0.422800996034566	0.171950274638817	0.678384321571455	0.930018495477913
FBgn0036994	178.444760102664	0.012068056156053	0.302596992131084	0.00286736249672259	0.957295479005663	0.987852795717391
FBgn0036996	25759.1456441698	0.848012165808056	0.454165038897483	3.43739742803567	0.0637360183336198	0.46780567517532
FBgn0036997	46.5673834530761	1.07400673418003	0.634291919393285	2.82782496361793	0.092643753370331	0.569969328934306
FBgn0037000	493.849131866346	0.0034537670954248	0.217295441297874	0.000256680814544552	0.987217429784118	0.993061124148768
FBgn0037001	2527.49503938525	-0.246825937209076	0.236270270087623	1.09001677381842	0.296467492362743	0.831066549939418
FBgn0037007	7890.56624627431	0.179056965739372	0.448223717549698	0.159470530641627	0.689644454718684	0.932137258324584
FBgn0037008	106.67260851325	0.33864631117039	0.26924622526245	1.58115934056967	0.208593778862851	0.757686170716412
FBgn0037009	350.938606819456	0.175416524382807	0.306984619977933	0.326318522693157	0.567834958982936	0.90865959686355
FBgn0037011	368.574269146604	0.151232387310995	0.173570681552168	0.759459133819718	0.383497838340333	0.868413668074809
FBgn0037012	494.486092442353	0.0888207143112398	0.266735072593444	0.11101440655807	0.738992190872799	0.946738851050619
FBgn0037016	1831.32757728573	-0.129505469419677	0.335920949827262	0.148581932727993	0.699894214093175	0.935295979326931
FBgn0037018	168.55643092885	0.142496001616618	0.322121930046759	0.196240917096624	0.657772333493618	0.925452063254062
FBgn0037019	300.055087503959	0.418006362696843	0.300843406441692	1.92214102526448	0.165620827056724	0.710803241981315
FBgn0037020	544.322702486782	0.0772947979578773	0.179454455984623	0.185555773458645	0.666641539872225	0.927505087985453
FBgn0037021	792.148510868392	-0.0597539419656862	0.284168009784179	0.044207573750171	0.833467896440314	0.966067072560479
FBgn0037022	325.380815717018	-0.376984035766245	0.224693682628822	2.80864886696366	0.0937573108211667	0.573879417437061
FBgn0037023	87.5245946071244	-1.39023514895325	0.500523286711354	7.48048889268867	0.0062371134141194	0.0979751423032886
FBgn0037024	1375.49415720127	0.0947469957821872	0.202485159364534	0.218884313284207	0.639891333662037	0.921446243022313
FBgn0037025	274.067311116426	-0.0551723545228634	0.228294793197122	0.058720737834129	0.808529411333094	0.95990427152039
FBgn0037026	506.863107696384	-0.276368306734354	0.27624129966449	1.0020630730551	0.316811818996909	0.834794518653785
FBgn0037027	742.797228591022	-0.122349314305886	0.164578028960961	0.552768426967091	0.457188717599769	0.888270226363548
FBgn0037028	257.452232514269	-0.0981202880469604	0.21619847105605	0.206893844156767	0.649212947358398	0.922694169316485
FBgn0037031	103.248136828177	0.0822580663599282	0.260640185603688	0.101118473829004	0.750491527965316	0.949406787566545
FBgn0037035	134.660314562214	-0.639905384135455	0.46469739297564	1.87780440840174	0.170583901001162	0.716066239457902
FBgn0037040	190.141999189604	-0.703827917418815	0.45739512819626	2.34110160337245	0.126000422260576	0.65078499017855
FBgn0037044	333.840352154461	0.00449761589749306	0.194871970417574	0.00204248767838067	0.963952764481589	0.990445397424367
FBgn0037045	91.4095015403987	-0.405816297908174	0.325424156576183	1.54792302946299	0.213442320062993	0.765446969661498
FBgn0037050	98.500804105147	0.0162647877989504	0.300027243900548	0.00486481646736081	0.944394048219913	0.985720685676657
FBgn0037051	1241.70419805953	0.134028887522885	0.165511343633776	0.655496262094388	0.418154449352827	0.880042449076863
FBgn0037057	1870.93294244487	0.238386452671195	0.347073916367401	0.471270650281838	0.492403190100645	0.892965315521076
FBgn0037059	124.205625281005	-0.730786528333583	0.398365457941052	3.33020892529762	0.0680182338064989	0.488151355174908
FBgn0037060	107.677037752975	-0.36105310439121	0.256243616734386	1.97210566218953	0.16022453508213	0.703012504782371
FBgn0037063	557.120282108339	0.125066313984637	0.205922576483461	0.369247865301318	0.543414531660728	0.907173673980027
FBgn0037064	434.646259306608	-0.754363074424679	0.421311516022297	3.16783583642922	0.0751019004821554	0.514389870947053
FBgn0037065	2836.41756097491	0.252678873722668	0.223729701545469	1.27363203796585	0.259086416312445	0.803836573577056
FBgn0037067	171.044839848736	1.03635211658784	0.426712239309739	5.78349190698639	0.0161773712561287	0.199933276524274
FBgn0037069	103.686695185011	0.813718141560944	1.08715068594606	0.553300156576555	NA	NA
FBgn0037070	978.166282231274	0.239880036073135	0.242735713300815	0.975670466526168	0.323270040852479	0.838094865409671
FBgn0037073	849.374736442908	0.0463603271900171	0.245064323965494	0.0359991340883994	0.849517280571984	0.970281967071069
FBgn0037074	1993.81299629041	-0.153085970711712	0.220756998143257	0.4809343617476	0.487999393722874	0.890779084458522
FBgn0037076	83.3712884275167	-0.176576308140891	0.324234397173205	0.296177638652424	0.586288680703373	0.90865959686355
FBgn0037081	517.45243203929	0.298426853595437	0.321252837565925	0.860701132541948	0.353542559004012	0.853133332847072
FBgn0037082	162.767792223378	0.169075613119476	0.343052819807242	0.243329995844718	0.621811293888535	0.915541451893316
FBgn0037084	560.343520773041	0.129370328765137	0.227666625199368	0.323091143775116	0.56975587583459	0.90865959686355
FBgn0037086	153.708033861391	-0.448768500948816	0.554479526069379	0.650719688782928	0.419855489525593	0.880143567087002
FBgn0037092	628.538229039191	0.118227875006753	0.287474089588937	0.169097287566458	0.680915325922812	0.930081887185516
FBgn0037093	1317.86931815472	-0.154015804756544	0.232895074586151	0.437498080309439	0.508332503912153	0.895295388353976
FBgn0037094	4700.98730202908	-0.027856630542934	0.226429559458142	0.0151426017654188	0.902063323994987	0.979772897569974
FBgn0037098	2468.81380164675	-0.295078055678586	0.490988329288997	0.360645517085473	0.548147950254885	0.907978647188282
FBgn0037102	294.553175733713	0.0918058668235135	0.316051836440543	0.0851596525537133	0.770423283040888	0.952993416349077
FBgn0037105	132.579716121938	-0.323348205872092	0.471243122643069	0.468369953676287	0.493738023355791	0.893314949498528
FBgn0037106	178.062683678927	-0.448741956355244	0.236262600280252	3.59571664383158	0.0579286469981244	0.44704531622795
FBgn0037108	926.296114809218	0.0212189283975804	0.179127303283517	0.014374534359149	0.904567239325119	0.979772897569974
FBgn0037109	1228.86890796448	-0.280090804763987	0.297105063217175	0.888122758268665	0.345986530047528	0.849035465177977
FBgn0037110	353.019452627758	0.183601558586037	0.220884365461311	0.690767809443344	0.405903343001938	0.87822152781539
FBgn0037114	12114.460953365	0.393002847380726	0.462077736920705	0.721114665122712	0.395778522040479	0.873915580459324
FBgn0037115	123.931298172575	-0.672662411726802	0.46095591611799	2.10428885232101	0.14688661840378	0.684257552794704
FBgn0037116	1477.49489236933	-0.256064255480109	0.338639777065999	0.571354856988876	0.449721034075142	0.888270226363548
FBgn0037117	254.395137956295	-0.21312348799033	0.262854914193101	0.655592941977055	0.41812012555332	0.880042449076863
FBgn0037120	435.10961530962	-0.0881812311993913	0.176296222153914	0.250314290462057	0.616853862792858	0.91550458350478
FBgn0037121	252.967814585533	0.187604404106049	0.285524005305253	0.43222490443533	0.510899236195298	0.896060535082063
FBgn0037127	696.134122663143	-0.123204979297319	0.385152823945244	0.102327808457432	0.749053855918015	0.949227302638817
FBgn0037128	448.039650840306	-0.201450226652188	0.178330662921756	1.27359775505199	0.259092827031838	0.803836573577056
FBgn0037130	248.411120147913	0.101435125651039	0.244089240956573	0.173183892502344	0.677297545544432	0.930018495477913
FBgn0037134	128.636168411543	0.79790239522133	0.449462243913186	3.1113089187372	0.0777504537051896	0.523150370647248
FBgn0037135	8235.00410282131	0.0289639123325822	0.276541592481569	0.0109705259568926	0.916581900040035	0.980404978288931
FBgn0037137	996.68954917726	0.315707165414412	0.243970647013691	1.671136670726	0.196106355950592	0.748106135001712
FBgn0037138	1569.18417384901	-0.108617063554859	0.258055761798073	0.177163429696662	0.673822362796097	0.929968409444632
FBgn0037140	253.085618233913	0.61529784613576	0.238581419155328	6.61807004138336	0.0100949167861836	0.141146225129766
FBgn0037142	577.589593622251	-0.0559002850039078	0.249779375001849	0.0504812558138497	0.822227958912525	0.964052863213496
FBgn0037144	145.116579643087	0.495250556311185	0.46409517713286	1.13457709917333	0.286801136968294	0.823270339441738
FBgn0037146	8473.89000885976	-0.0269639967981253	0.163499690658234	0.0272080449614265	0.868984428704905	0.974400115893667
FBgn0037147	167.202596807059	-0.618068035331692	0.488934940634169	1.58321411870847	0.208298332453206	0.757607134477482
FBgn0037149	120.692709172675	-0.217536299756242	0.27139312828471	0.641524309576234	0.423159361054875	0.881034667480375
FBgn0037150	320.614617174307	0.413393304796365	0.323603735355798	1.62506613593582	0.202386831694969	0.755017386110545
FBgn0037151	78.8049565487927	-0.218674868764276	0.334806685185482	0.425514690283293	0.514198068949478	0.899246209619774
FBgn0037153	709.978850116805	-0.427215766934538	0.496668233924196	0.737333796423215	0.390516299042181	0.871686315312216
FBgn0037156	143.892305050032	0.127800132871074	0.29279331805407	0.193357891074953	0.660136445558879	0.925753143696909
FBgn0037163	384.732222389348	-0.137338770175031	0.296950390299048	0.214363009231079	0.64336900440905	0.922045210275181
FBgn0037164	194.949221518061	-0.692153233040493	0.313592335892531	4.83999343965813	0.0278070008115051	0.287986816227953
FBgn0037174	73.194714885103	0.990276606961631	0.369071964494725	7.1541525100676	0.00747906259088843	0.11243544482141
FBgn0037176	155.066260160927	0.448537240596289	0.341428058724369	1.71992130472985	0.189703175084487	0.738375700669764
FBgn0037181	5202.41338799425	0.131021603715033	0.226644938852127	0.334142993580201	0.563229667109766	0.90865959686355
FBgn0037182	1651.63596635484	0.134514352043987	0.199716557846193	0.453759765619381	0.500554888172056	0.895295388353976
FBgn0037184	132.019832340906	-0.60022057595972	0.248646124897588	5.80867099760565	0.0159473415710475	0.197963749723904
FBgn0037185	176.008987258671	0.251106345103319	0.26357478796653	0.90730103474413	0.340831549216801	0.845839535008944
FBgn0037188	485.672278236787	-0.233319857789542	0.235825502084033	0.980809134781524	0.32199912543773	0.838055326781876
FBgn0037199	190.334749867148	0.185982141006535	0.649881994723208	0.0818026090792188	0.774869272156313	0.953234312247045
FBgn0037200	298.875029623396	-0.0715138432831992	0.211166363197069	0.114802070993157	0.73474191106161	0.945424433670538
FBgn0037202	367.940093053532	-0.146395550778785	0.203354883516023	0.517832086748143	0.471767919938227	0.888270226363548
FBgn0037203	1092.20480449986	-0.478804695396126	0.424963667255417	1.26387735443495	0.260918434362362	0.805153765933073
FBgn0037204	511.869070394404	0.878546815741051	0.408800250548523	4.55436032640461	0.0328350270069273	0.319751526032696
FBgn0037206	101.226208584924	0.239297118627064	0.323290120477564	0.547825716428576	0.459207468617768	0.888270226363548
FBgn0037207	476.91491681437	0.121667758377029	0.263955916333824	0.212450080914252	0.644853796050716	0.922314497582819
FBgn0037213	1496.70620158993	-0.278081914716949	0.314467800278677	0.781193686527672	0.37677631648763	0.865701388774403
FBgn0037215	1889.66485006746	0.322423397135968	0.195181915393549	2.72477822284372	0.0988018445776259	0.588469668200119
FBgn0037217	178.161930240024	-0.741464754154031	0.430039668461687	2.94411173712749	0.0861910730694777	0.548234176044388
FBgn0037218	1216.89147343335	-0.147847508906569	0.248431777051808	0.354384215794568	0.55164176264657	0.907978647188282
FBgn0037220	783.377842807	-0.197719426084429	0.181863393297758	1.18111842096889	0.27712842486226	0.814240619512538
FBgn0037228	290.890247752307	0.957905101222139	0.227383923588353	17.5041756140785	2.86677372458072e-05	0.00104749419049463
FBgn0037231	580.665394981323	0.394315044783877	0.426332058489034	0.852102613883474	0.35595819826416	0.854885754708834
FBgn0037234	421.157629160961	0.010421504739581	0.193696447126881	0.00295805476716993	0.956626037682833	0.987810622229365
FBgn0037235	621.593186702	0.082828529877994	0.374993559473097	0.0488046770849735	0.825156432615249	0.964052863213496
FBgn0037236	242.941737015127	0.09902922086256	0.281858790004313	0.123895743181464	0.724847058427376	0.942405474262163
FBgn0037239	1388.64802599198	0.163852530854436	0.270768730572086	0.365944658671097	0.545223117657388	0.907337639760928
FBgn0037240	2318.88280446969	-0.112106647451193	0.199691065425578	0.315326518755128	0.57442986605228	0.90865959686355
FBgn0037241	435.598772431657	-0.0467344601242355	0.212551104710556	0.0485813086481812	0.82555054980946	0.964052863213496
FBgn0037242	653.211744448043	0.0370182626218041	0.264527491373208	0.0197084130696652	0.888354500730955	0.977724198541247
FBgn0037244	415.901810482927	0.0561555438267776	0.251732727540782	0.0505188101779339	0.822162952123894	0.964052863213496
FBgn0037248	392.620868976939	0.0354959944521182	0.283081645033186	0.0158092422220477	0.899941846830324	0.979772897569974
FBgn0037249	8252.86533799165	-0.148779189834706	0.225646988958387	0.434586009031648	0.509747200726748	0.895913536575615
FBgn0037251	220.780124121517	0.272868781781733	0.263841710442389	1.06855135934737	0.301272888778155	0.832614936158673
FBgn0037252	1113.51119372643	-0.212516581662388	0.302349678926996	0.494117771188712	0.482096188491778	0.889027677218827
FBgn0037255	580.022295034106	-0.0262168513147048	0.172857718404362	0.023079192488467	0.879251315808252	0.977152612807795
FBgn0037261	1548.17444893393	0.058608773422243	0.172420926440286	0.115625797470656	0.733827959981267	0.945153167468266
FBgn0037262	386.854847762399	-0.0256157399611834	0.226127069486347	0.012916434466888	0.909514859321388	0.979818340948205
FBgn0037265	207.600118669164	0.405397581815721	0.257303685129294	2.47565575421675	0.115621212359666	0.628106443872419
FBgn0037270	3574.39837299872	-0.0426492174658311	0.145079666415714	0.0864135006639799	0.768787144478374	0.952993416349077
FBgn0037275	87.2476186857102	0.435713340314115	0.41259141824012	1.11467975190017	0.291066931983011	0.826387777315387
FBgn0037276	229.063240325684	-0.526206158932288	0.380805961667063	1.89605005133845	0.168521111126759	0.71402200975569
FBgn0037279	1039.28842324749	0.52758374718217	0.226777783356133	5.3808566170509	0.0203588793554174	0.234479129527358
FBgn0037282	522.419463628031	-0.0164226020084552	0.188157034862164	0.00826450884945018	0.927564625401362	0.983026071820471
FBgn0037283	120.712202583357	-0.685295798889497	0.494651890470654	1.89441601179443	0.168704679023013	0.71402200975569
FBgn0037290	94.0474777556233	0.362281564637335	0.810087303100202	0.199099396607508	0.655448771223019	0.924526506893163
FBgn0037293	719.116948734542	0.115516890369163	0.153068397741574	0.570007089710927	0.450256099133719	0.888270226363548
FBgn0037296	112.200134293783	-0.334929816115779	0.53519002226282	0.389350057187571	0.532641237206055	0.905493756415732
FBgn0037297	270.746825377271	0.134903984078391	0.20861218703667	0.420620161190314	0.516627758014727	0.900028954883037
FBgn0037298	1347.41225336994	-0.0674268412214033	0.128642115621186	0.274617200794069	0.600251197239856	0.912217600937776
FBgn0037299	471.696828170582	0.0941079857068772	0.309535673292471	0.0925516970327038	0.760957924047394	0.951947965569036
FBgn0037301	687.679570960967	-0.315501695746188	0.230391892978611	1.87434811339475	0.17097791440804	0.716066239457902
FBgn0037305	317.553201787926	0.272534396440728	0.362099519540485	0.565139502029169	0.452196839236805	0.888270226363548
FBgn0037310	81.7986470747735	-0.578220410077919	0.596557181145743	0.929486626488149	0.334996360399708	0.84400214181012
FBgn0037313	1024.66243315755	0.533538739080194	0.261867949575461	4.12651158401923	0.042216290018175	0.372674056000781
FBgn0037315	1636.89321907255	-0.479565961752463	0.295788958198947	2.61743750467122	0.105695002383755	0.607397379988896
FBgn0037323	220.85079486595	-0.00196384116476954	0.583357372193988	3.68648589414988e-05	0.995155558884903	0.996251780148366
FBgn0037325	93.1118395560855	-1.20089441827204	0.500141779254299	5.62867992521776	0.0176689324606136	0.213654256689204
FBgn0037327	1271.88659467315	-0.202746707630355	0.31734602903435	0.408120030121395	0.52292524933047	0.902024588541311
FBgn0037328	7909.03265265187	0.206334335968193	0.178841911289522	1.32978311713872	0.248843805129492	0.793847876141075
FBgn0037329	601.11596632309	-0.307481235763928	0.231010889838352	1.76830524704184	0.183591957196609	0.729851848760788
FBgn0037330	225.022788097382	-0.248336306702957	0.257452141517227	0.927438706960729	0.335529361063193	0.84405489605778
FBgn0037336	1561.60362824805	-0.206403544565247	0.258806516307414	0.63602017398243	0.425155634897753	0.881714569656874
FBgn0037339	1550.09005672826	-0.124263523573247	0.187196546941219	0.44075693742073	0.506757340012689	0.895295388353976
FBgn0037341	320.217745720655	0.4000114070893	0.23436311695565	2.90457028570284	0.0883287913687438	0.553140955784592
FBgn0037342	216.511806168649	0.226475840354546	0.321220755442571	0.496883652608439	0.480872627941847	0.889027677218827
FBgn0037344	2286.38845015008	-0.270938356197624	0.362764367006933	0.557216013958708	0.455384132681138	0.888270226363548
FBgn0037347	406.575416114368	0.15997585266942	0.219813864414944	0.529453530759042	0.466836697118823	0.888270226363548
FBgn0037351	20326.6826493424	0.0451796529947392	0.187974303339665	0.0577651232611345	0.810063772959349	0.96039638452444
FBgn0037354	1043.07740935423	0.779695483872043	0.338750606241232	5.2380862106846	0.0220975699542258	0.246297052911556
FBgn0037356	304.420061554035	-0.206225366187645	0.282148803638552	0.533498971693078	0.465139522468822	0.888270226363548
FBgn0037358	1109.55047480763	0.0372505739528867	0.187738486346827	0.0393986574681406	0.842660964279797	0.968366267016608
FBgn0037359	180.384282411366	-0.0984723779780044	0.360353697424802	0.0751659340685364	0.783958543042008	0.955209155033956
FBgn0037360	1588.47390723366	-0.0964297400823065	0.192881216906477	0.250152058878442	0.616968028479695	0.91550458350478
FBgn0037363	1826.42573282257	-0.254172925526924	0.318034504017774	0.638294383538721	0.424329101234782	0.881714569656874
FBgn0037364	190.095426015015	-0.200399141631212	0.22252471919581	0.810146626335651	0.368076904127237	0.863934268722523
FBgn0037369	299.803443523589	-0.103002971613725	0.296621419821252	0.120859942795818	0.728103677371458	0.943653288647581
FBgn0037370	4946.97033061702	0.464439363522808	0.296834451307102	2.43753132736639	0.118462527622545	0.634114065057243
FBgn0037371	605.994935621319	0.0565507027045758	0.20530266670382	0.0759483299680141	0.782865106943015	0.954728206666318
FBgn0037372	249.604843843871	0.282280495032618	0.308596493163813	0.834984015396145	0.360835296830274	0.857293348360834
FBgn0037374	769.80873018754	0.00542009327396522	0.145409607399077	0.00145988506038464	0.969521489857704	0.991444149622978
FBgn0037375	252.299369470783	-0.59504583898041	0.289927737318843	4.19304340673153	0.0405901671574453	0.363209665867999
FBgn0037376	516.80368921036	0.141987832166745	0.339579313275167	0.174726562627981	0.675944876045979	0.930018495477913
FBgn0037377	242.675368551536	0.456701327345433	0.506800769921872	0.807602786897448	0.368829937908743	0.864159753811589
FBgn0037378	771.81409378141	-0.00269218546381369	0.387990249205489	0.000104713329051265	0.991835427203996	0.994794716579829
FBgn0037379	460.894651142198	-0.00450338691279399	0.164276253030063	0.00132878722508423	0.970921526021371	0.991444149622978
FBgn0037382	385.493552872452	0.0255777831016142	0.224170219618534	0.0137341008137213	0.906707446682501	0.979772897569974
FBgn0037383	180.390433878916	0.161799971961289	0.211840424447597	0.58405478989414	0.444727347255916	0.888270226363548
FBgn0037384	174.842787475217	-0.182779327974342	0.205284811282972	0.791830363790375	0.373547236940922	0.865521438499774
FBgn0037386	98.3275451115552	0.379325782961494	0.483809026694068	0.615060003954234	0.432888965386136	0.886668014892782
FBgn0037387	291.153448767296	-0.825449082446923	0.633056960893597	1.67814083489138	0.195171675081732	0.747574087456413
FBgn0037388	63.5076767203069	-1.09132104268082	0.550738292989265	3.8321900805468	0.0502771977079937	0.415466636713843
FBgn0037391	2155.47056047043	0.0688259950323799	0.305509606620981	0.0507717661775189	0.821725743829367	0.964052863213496
FBgn0037396	1083.62572889645	0.567482276159255	0.663147784258514	0.727483229918334	0.393700190005028	0.872919006760984
FBgn0037398	78.5805893894227	-0.698648966746571	0.506884407624744	1.87353167559237	0.171071139854814	0.716066239457902
FBgn0037433	432.78885006984	-0.0922249641641877	0.205627896128631	0.201032669644391	0.653888592879261	0.923886976220126
FBgn0037439	453.061441112862	0.0954995963363371	0.240059017626864	0.15828279247917	0.690742453707894	0.932428404446413
FBgn0037440	1227.43148171676	0.165621139983052	0.239792486224643	0.476874961021835	0.489841251082837	0.892013749026738
FBgn0037442	2008.18092299715	-0.143180064338007	0.18022578187096	0.631126525994944	0.426942397675415	0.882445624708359
FBgn0037443	1915.33371770867	-0.234418367453171	0.360814897878414	0.42174398425351	0.516068110380811	0.899800082912932
FBgn0037445	976.261962468996	-0.325239483942632	0.443309532429465	0.537382209597695	0.463519653043039	0.888270226363548
FBgn0037446	495.869214291678	-0.170169171196158	0.201844996599088	0.709528969647266	0.399600226909059	0.875888394068263
FBgn0037447	3813.2930827018	0.296585372184374	0.21484165700792	1.9021024802876	0.167843173296221	0.713814852619918
FBgn0037448	421.703806970961	-0.357933977771113	0.405266420453472	0.779380032308637	0.377330815015423	0.865701388774403
FBgn0037454	103.389146367057	-0.220058088723435	0.729717633246282	0.090657177655217	0.763343346962243	0.952566903708657
FBgn0037461	107.053599323702	-0.246928502307313	0.70138469632481	0.123464582030294	0.725306830976638	0.942405474262163
FBgn0037465	1151.19411848414	-0.0739517957963085	0.146623257766109	0.254681150494477	0.613798053461547	0.91550458350478
FBgn0037466	548.771590247984	0.142547255816613	0.185947802610352	0.587565370233762	0.443362122191878	0.888270226363548
FBgn0037467	1038.45819265859	-0.0272997418310768	0.151180730484548	0.0330252947081959	0.855795697134576	0.971310121918865
FBgn0037468	2438.58199573227	0.0616250199339044	0.331797131081091	0.0344902406835246	0.852667885748909	0.970680322951
FBgn0037469	262.997175470511	0.289269275631863	0.352797188752906	0.670599584179982	0.412842642801721	0.87822152781539
FBgn0037470	834.464773459646	-0.0814297539905413	0.15570243687688	0.273501899014718	0.60099228388516	0.912514388493636
FBgn0037472	828.141444738353	0.132318500513247	0.295865808482484	0.199881650209534	0.654816391516076	0.924526506893163
FBgn0037473	280.595694772126	0.0812264745687905	0.194402207132681	0.17613875135941	0.674712753623877	0.930018495477913
FBgn0037478	288.026750977128	0.0810921918300796	0.232847799716449	0.122466126285993	0.726375016993518	0.94316206896662
FBgn0037482	544.946300439459	0.0326810144490182	0.244653998819309	0.017981295553497	0.893327964830282	0.978928172662724
FBgn0037483	123.325977908828	-0.484754169045359	0.541232563117598	0.796370713324983	0.37218068658607	0.86482559396012
FBgn0037485	102.134705660939	0.853035723228648	0.331407987200188	6.57051092555277	0.0103682181872218	0.144023976273408
FBgn0037486	51.2779130857365	-0.873217987528043	0.660131879840089	1.7133508943709	0.190551185660635	0.739331562461671
FBgn0037487	1369.81043850625	0.00330281277982778	0.330908480641929	0.000107228760342082	0.991737947645506	0.994794716579829
FBgn0037489	335.574769815112	0.231002230779578	0.262456432908296	0.774326284659054	0.378882000091148	0.86579112403379
FBgn0037491	114.394971728184	0.489750720525064	0.402213932959301	1.47407130679854	0.224704430185902	0.776590687686833
FBgn0037502	77.9527892118062	-0.963683108093595	0.614132134722326	2.41064770881549	0.120512494053117	0.63857944515914
FBgn0037503	72.9764794408998	-0.534872402147319	0.350810799202905	2.31667485985236	0.127993371197559	0.653944362193447
FBgn0037504	238.506201607269	0.680609489365375	0.456916397675695	2.19677263199249	0.138300027384845	0.67261193873972
FBgn0037506	98.653130112922	-0.552561496651453	0.535420538560788	1.05428086907767	0.304523220235478	0.832614936158673
FBgn0037513	510.173445455051	0.647273838160423	0.221289330928296	8.49037902969874	0.0035702941857151	0.0637043574028655
FBgn0037515	1691.1290964372	-0.439379114129494	0.513794024538157	0.728367088169819	0.393412991341298	0.872919006760984
FBgn0037517	440.85571398233	0.296781790931975	0.389572947051801	0.579706065655756	0.446427556872721	0.888270226363548
FBgn0037525	242.843055242573	0.161787281460321	0.322439283211336	0.252184128635648	0.615541346943718	0.91550458350478
FBgn0037526	149.18661663184	-0.00434993699327815	0.275429851168966	0.00108033232056925	0.973779525017529	0.991444149622978
FBgn0037529	711.235259625572	-0.00152744209835232	0.142784673866436	0.000562414076782147	0.98107972496594	0.992134162437166
FBgn0037530	2212.16776263621	-0.236856990138837	0.260132392081459	0.828478983925706	0.362712715682545	0.859627090410635
FBgn0037533	3809.61978552042	0.236210422521905	0.169586127264612	1.93770060749189	0.163918416183171	0.710621263810123
FBgn0037534	819.269777673787	-0.000779189773213958	0.33522459389402	3.64200197537912e-05	0.995184875576575	0.996251780148366
FBgn0037536	1216.30638840825	-0.0452614172821241	0.230004106043899	0.0387582954367076	0.843928279893421	0.968506522494102
FBgn0037537	2374.73061089781	-0.132497104524099	0.226820039632589	0.340984655178758	0.559261410992222	0.90865959686355
FBgn0037538	1332.72878077047	0.160756352248436	0.348802231655368	0.212249773135213	0.645009740756956	0.922314497582819
FBgn0037539	538.711795894848	-0.235448046266866	0.205947096541263	1.30527956469145	0.253251097670656	0.7982483163473
FBgn0037540	85.7441523898771	-0.262923670703171	0.285418367358874	0.861332977465032	0.353365936017296	0.853133332847072
FBgn0037541	2093.80968505736	-0.224334506068381	0.372576676876446	0.362337042600146	0.547211158081244	0.907978647188282
FBgn0037543	163.414163948462	0.389215263345796	0.375080202495659	1.07257731138132	0.300364017065043	0.832614936158673
FBgn0037544	79.7780300131568	0.0891953939383967	0.378132554176706	0.0569930957003706	0.811313193975642	0.96039638452444
FBgn0037547	112.119674010707	-0.18703334024998	0.474963912274704	0.154686837791381	0.69409608955516	0.933894384001516
FBgn0037548	295.351682975727	-0.610877519512119	0.25299396678744	5.79344688266346	0.0160860190829346	0.199097060932227
FBgn0037549	1022.34221297854	0.0907899205377073	0.169390239407032	0.287644493267848	0.591733963424126	0.910126688985424
FBgn0037551	763.850461146522	-0.143320877248192	0.221845726549151	0.417227906627147	0.51832351593872	0.900305384455461
FBgn0037552	238.729975034118	0.182506825305931	0.337816756253233	0.29173211215415	0.589112684309051	0.909459468761687
FBgn0037554	303.257680611139	-0.244087914938086	0.280035434166714	0.76238228984684	0.38258401790143	0.867649983706974
FBgn0037555	670.57927964841	0.182959340152505	0.136316413567972	1.80070227287682	0.179627616695332	0.726518077095339
FBgn0037556	431.931550304789	-0.206684430447955	0.203130862277818	1.03366922905829	0.309298426637002	0.832614936158673
FBgn0037561	154.266702372314	0.14346609907713	0.272173373423313	0.279985217751729	0.596710905700263	0.911608516906928
FBgn0037565	377.03125470854	-0.140066049230149	0.333614107647333	0.176939315153433	0.674016846968974	0.929968409444632
FBgn0037566	222.059970744379	0.407986613629601	0.286827341916794	2.01564566462727	0.155685029754591	0.697057533328494
FBgn0037569	279.858710004719	-0.190434750582457	0.269269988385723	0.499022144307901	0.479930098861815	0.889027677218827
FBgn0037571	40.3581229272033	-1.12448029480622	0.912258302322202	1.47029530232625	0.225299107430314	0.777158387408573
FBgn0037573	1324.22634394131	-0.0654032387829669	0.176659773792997	0.13712065144766	0.711160420946339	0.939158326986629
FBgn0037578	184.117849302034	0.343786708321912	0.381360352632266	0.809973425383291	0.368128107602969	0.863934268722523
FBgn0037580	4861.58691023008	-0.208343119343794	0.116480450202646	3.19635548746824	0.0738025645569433	0.508807836371248
FBgn0037583	254.227093155516	0.144049394594209	0.416313889138139	0.119747276767242	0.729308750015249	0.943692519110568
FBgn0037592	2101.84185461865	0.323307049469716	0.366425792447283	0.776891116665368	0.378093636389956	0.86579112403379
FBgn0037601	573.460492167147	-0.212401026741689	0.192564069112467	1.21768522184095	0.269815406961385	0.810256083869186
FBgn0037603	168.73701349093	-0.0858472847454386	0.25545572281608	0.1136043656672	0.736077348582954	0.945951584996377
FBgn0037606	294.006257559713	0.0707242787229216	0.219007561633355	0.105035130497697	0.745868960362702	0.948987319166172
FBgn0037607	7453.11311827608	0.134159845798502	0.414651114900983	0.104648391790263	0.746321122978352	0.948987319166172
FBgn0037608	277.038583584665	0.0941001909049212	0.261261405569542	0.130527289404242	0.717885952524617	0.941287941384178
FBgn0037609	212.450167650927	0.0382551166047003	0.285512173470433	0.0183823055440797	0.892152240869883	0.978876446894751
FBgn0037610	373.397099091985	-0.258058796235674	0.354106186499823	0.529676106127951	0.466743063012587	0.888270226363548
FBgn0037612	1799.29412597006	-0.407773656344304	0.402340751000031	1.02375762309106	0.311629345607656	0.83325899474602
FBgn0037613	177.754487655489	0.652197846704698	0.590366881260894	1.20923568786296	0.271483544794563	0.81102375989842
FBgn0037614	284.983087372443	-0.246483126017837	0.208762240186899	1.39618806569021	0.237362856767096	0.784426837699833
FBgn0037615	95.2801582000555	0.657158805651976	0.649269254716996	1.01422861195545	0.313891921392453	0.834346884635717
FBgn0037617	125.629727692945	0.0166500218627523	0.265015943077903	0.00572104078109703	0.939707451913455	0.985192293647789
FBgn0037621	532.794884078523	0.000162522812557779	0.182869954739883	0.00102530239182386	0.97445582752302	0.991444149622978
FBgn0037622	405.811172095506	-0.123908673859823	0.155995646762952	0.634435242814725	0.42573308962675	0.881714569656874
FBgn0037623	1011.47882806569	-0.962271385083142	0.352086162606336	7.33953898272944	0.00674541365265978	0.104206721207634
FBgn0037624	3122.32584510337	0.0108624169488541	0.300809583712754	0.00130548231229	0.971177538233037	0.991444149622978
FBgn0037626	82.1706558468644	-0.854871770313097	0.404648752677524	4.39418503677114	0.0360616908834715	0.339375644103801
FBgn0037632	3130.62737635128	-0.187758843198164	0.145738651852057	1.65943812552919	0.197679204093351	0.749490743974774
FBgn0037633	163.439024801951	0.120053329288853	0.23282409060967	0.266000487975411	0.606027385647485	0.914069664297095
FBgn0037634	67.5737259512885	-0.0925119788966568	0.448056612392021	0.0431548945375937	0.835433887416839	0.967103958315968
FBgn0037635	485.478927560166	0.0809272787474105	0.342402671753644	0.0559379253394354	0.813035398052646	0.96039638452444
FBgn0037637	619.698437989277	0.336707674856781	0.273924227101813	1.50628283510454	0.219707170087171	0.770878105081471
FBgn0037638	812.958497346257	-0.225502510081944	0.130612165464316	2.97793034802226	0.084407142395159	0.545240295687099
FBgn0037643	4875.29462076724	0.089264453046903	0.156461813996355	0.325450674856256	0.568350255150024	0.90865959686355
FBgn0037644	561.811870617494	-0.0476424542527901	0.190729088337364	0.0625257331227971	0.802547552273583	0.958219727101694
FBgn0037646	86.6515839881004	1.0439033400755	0.345420053280663	9.02076202539275	0.00266930087745146	0.0513336489109887
FBgn0037647	477.3373972163	0.13648109257432	0.192627807751115	0.502453697183725	0.47842396849233	0.889027677218827
FBgn0037648	592.294023302001	-0.00828472711215863	0.256096691817776	0.00117443227105696	0.972661854660971	0.991444149622978
FBgn0037652	542.141964696432	0.251108577720843	0.349048045137215	0.516539989515465	0.47232136748444	0.888270226363548
FBgn0037653	674.189808758611	-0.291914936878378	0.182214224927711	2.56358093412018	0.109350642031489	0.613942740420665
FBgn0037655	2412.06407655802	-0.278517377981433	0.233225115751157	1.42433693224865	0.232690882263485	0.780240739081296
FBgn0037657	635.592364169562	0.0941724152097365	0.191598440894439	0.242315243322992	0.622538902203118	0.915541451893316
FBgn0037659	1231.95006776655	-0.208402949905688	0.391463181724421	0.283387338652815	0.59448958139398	0.911189805440844
FBgn0037660	315.213156148164	-0.0560510950855254	0.315904769246407	0.0317409373534616	0.85859742881341	0.971373856909766
FBgn0037661	49.6561065444926	-0.721344344104292	0.417304990912876	2.98337876857549	0.084123491458974	0.545083903023298
FBgn0037664	286.772072664362	-0.537534516114573	0.277112341893583	3.73610933200466	0.0532482972665449	0.428228411701477
FBgn0037665	127.617354587859	-0.600418166008656	0.583145472511043	1.04984617315679	0.305542517220011	0.832614936158673
FBgn0037667	115.125765466883	0.267337921786979	0.326273048875391	0.671783368224943	0.412430533874868	0.87822152781539
FBgn0037669	161.295818664251	0.212859039794109	0.372218203278729	0.327357180433857	0.567219435553779	0.90865959686355
FBgn0037670	113.341714751684	1.00400340638125	0.647530561062178	2.35558700072901	0.124834887094774	0.649605195755096
FBgn0037671	4907.42664916176	0.106878531191167	0.235260697621765	0.206355448548223	0.649639087697715	0.922694169316485
FBgn0037672	637.087307340947	0.2399692886623	0.209032219139899	1.31610906824075	0.251291546911095	0.796625484813597
FBgn0037677	817.104991023015	0.322624916807036	0.847887135870613	0.14443375914172	0.703912444103191	0.936602786661837
FBgn0037678	2063.62983874451	-1.02890870902706	0.398410015235983	6.5355068649131	0.0105742090398092	0.146401404893832
FBgn0037679	215.051094093225	0.191338114543172	0.185200672326721	1.06736204607184	0.301542058182434	0.832614936158673
FBgn0037680	390.172030595094	-0.0732521732085107	0.261783111630976	0.0783037277638101	0.779609443706661	0.954104815044529
FBgn0037684	912.51218361275	0.286913651953142	0.310819190617646	0.850757866670335	0.356338029360429	0.854885754708834
FBgn0037686	9065.38506149701	0.348832145950472	0.245209097568872	2.01870007256056	0.155372103402056	0.696398483728467
FBgn0037687	312.705966407825	0.0695130221156491	0.18575990120528	0.140099155147198	0.708182458562853	0.937845159433062
FBgn0037688	346.720488573342	0.091043761281826	0.327990173390948	0.0772572517872021	0.781049292087356	0.954338216153263
FBgn0037689	414.724603878045	-0.0565783840835402	0.198964791992882	0.0814177075267182	0.775385292135354	0.953234312247045
FBgn0037696	132.336371244651	0.0972098612903588	0.337074596121559	0.0859097817012255	0.76944288513899	0.952993416349077
FBgn0037697	644.313496259309	0.117760532633658	0.23389651089793	0.253378490084856	0.614706161416402	0.91550458350478
FBgn0037702	1947.57209512596	-0.384212810705495	0.230051072654198	2.78262400680781	0.0952919271586816	0.57780184404153
FBgn0037703	276.933536857551	-0.00658305715932883	0.208902644362877	0.00101411139414154	0.974595567736802	0.991444149622978
FBgn0037705	1938.6730695776	-0.0160295661487126	0.469412492136337	0.00116694640226456	0.972749087054441	0.991444149622978
FBgn0037707	529.866054860406	-0.0818592599822717	0.326053399114939	0.0630753716690577	0.801699603465616	0.958174580223308
FBgn0037709	283.230391949113	0.238635740225826	0.296887074186384	0.64531448271643	0.42179287239387	0.881034667480375
FBgn0037710	658.946097094444	-0.0147094512924148	0.450230058738593	0.00110777751947921	0.973448677513125	0.991444149622978
FBgn0037713	67.6640262551359	0.78008311816983	0.494941249288034	2.45290868232686	0.117307313634315	0.632282627764722
FBgn0037715	187.739666853309	0.910100884051175	0.434340373337671	4.32603037003696	0.0375336836182459	0.349088952917342
FBgn0037716	280.971458042164	-0.405459980187007	0.257309179920654	2.47719182714403	0.115508320962515	0.627899048750957
FBgn0037718	1564.35384835053	0.274277373791049	0.232495396446898	1.39023117557846	0.23836606349481	0.785724570537662
FBgn0037720	1249.66539881299	-0.0254662986581802	0.281743209290208	0.0081892352009163	0.927894349251069	0.983026071820471
FBgn0037721	517.295116086545	-0.111862091696816	0.400151216434258	0.0780910274007454	0.779901254911459	0.954139036571197
FBgn0037722	123.348954316179	0.320464907119172	0.287350570143512	1.24277436443293	0.264937035323303	0.808613713473861
FBgn0037723	599.860129202454	0.376473235002565	0.265042682855582	2.01088552626074	0.156174137249176	0.697773912570806
FBgn0037728	3055.57662081669	0.16414890902347	0.239200178644097	0.470602883982082	0.492709944417163	0.892965315521076
FBgn0037730	1286.87606737916	-0.275175417874729	0.170739866419837	2.59312329841151	0.107328503308426	0.611932660654013
FBgn0037731	102.973853020499	-0.440574188909062	0.336810612864697	1.69761731120855	0.192599875855071	0.743576205679301
FBgn0037734	901.175286085099	-0.27794076000434	0.191114229348616	2.11470565793459	0.145890100921866	0.683204764303291
FBgn0037737	126.218367716497	0.676815417513618	0.564674698609671	1.4216754211096	0.233127833749642	0.780240739081296
FBgn0037739	359.350952712462	-0.165523973868781	0.273000633960595	0.366964112330948	0.544663755386082	0.907173673980027
FBgn0037741	169.32550213009	-0.231333154701074	0.277947321052107	0.695254637215953	0.404382813752142	0.876788742717493
FBgn0037742	172.129121976076	-0.414002629901432	0.399686253943527	1.0676869252097	0.30146849966404	0.832614936158673
FBgn0037743	301.075978240073	0.595983035575706	0.233976561146564	6.45005729977683	0.0110948763970149	0.152126129421299
FBgn0037746	537.708675787276	-0.307511991803698	0.282049553776158	1.18605018495238	0.276127731041946	0.814206915928817
FBgn0037747	374.095183557994	0.23992025066007	0.245335432661861	0.955015417385013	0.32844594317056	0.8415226533537
FBgn0037749	378.091014255512	-0.111120762768064	0.231965673559477	0.229252736134669	0.632078467747686	0.918845491159441
FBgn0037751	123.264935793773	-0.457483890739806	0.394248408306538	1.34216508745967	0.246652511318364	0.792429197916752
FBgn0037753	66.2000083536166	-0.401878406878779	0.324661945549824	1.53438394178558	0.21545568381593	0.766267273292033
FBgn0037755	302.403476991278	0.437128562918725	0.389414236584841	1.25393240516385	0.262802736164121	0.805873472107772
FBgn0037757	753.875026455249	-0.247744154460529	0.406672416116574	0.371056319354707	0.542429045899128	0.907173673980027
FBgn0037758	2100.0151896815	-0.0981954073858312	0.320039797182122	0.09416900172657	0.758942566646037	0.951679100282497
FBgn0037759	302.004392349566	-0.58405626871943	0.400749045635902	2.10781690998408	0.146548251653739	0.684217503832233
FBgn0037760	1789.30407668372	-0.479310244104098	0.431942539609319	1.22620164780994	0.268147000861022	0.810256083869186
FBgn0037770	818.245397333756	-0.203211608162615	0.22442468641004	0.820557061329723	0.365017344540156	0.862195609600593
FBgn0037780	723.441168061296	0.110592405078545	0.187184372196088	0.349189738055571	0.554572158425334	0.908003182797042
FBgn0037781	248.138957632424	0.417070683212044	0.309103933242161	1.81417558040874	0.178008140454563	0.725051650108162
FBgn0037782	1183.34670609538	0.969892095763275	0.309301934116612	9.6574449125556	0.00188585735033611	0.0385614237767024
FBgn0037783	779.906587670549	-0.878444415561103	0.247664684196815	12.3974853140233	0.000429912414057667	0.0112554016440518
FBgn0037788	713.199866687719	0.104483328104684	0.351348910211121	0.0884563342709015	0.766148856394005	0.952993416349077
FBgn0037792	148.208573396926	0.00104543196607358	0.248932690118407	0.000185358654775314	0.989137417711861	0.993511516487449
FBgn0037794	106.772283762585	0.020842276058355	0.415081433823382	0.00439642793317319	0.947134552848776	0.985720685676657
FBgn0037796	926.556582856048	0.0118891379584676	0.15120946019747	0.00658432561168354	0.93532754741086	0.983791327714752
FBgn0037801	2322.91571072698	0.256691988265418	0.328988170351887	0.608042771097416	0.435525694519782	0.888270226363548
FBgn0037810	1022.59254421308	-0.0205366889197149	0.326627916587084	0.00396738003060193	0.949776743356231	0.986400183461692
FBgn0037814	315.956263640473	-0.260513461937417	0.321016633938746	0.65909146050825	0.416880875204018	0.87938425582695
FBgn0037819	649.567562919004	0.129674220822028	0.296869934308838	0.190699017067658	0.662335467433785	0.927023786961361
FBgn0037822	183.241086283713	0.275147250661833	0.277228803871638	0.983818023183581	0.321258012080674	0.836644664867055
FBgn0037826	80.8308520955956	-0.662815268220878	0.531533928722771	1.5360128320599	0.215212264189127	0.766267273292033
FBgn0037828	83.2006566028052	-0.881738195136023	0.75457015865671	1.33897963886964	0.247213991118106	0.792429197916752
FBgn0037831	212.371617240652	-0.209810039176739	0.254810317708857	0.67882403318368	0.409991958367803	0.87822152781539
FBgn0037834	1250.7330101121	-0.133856105695465	0.191201751005525	0.490372220739488	0.483761312283806	0.889027677218827
FBgn0037835	664.122269850461	0.313488321096038	1.44851005956834	0.0467330949147708	NA	NA
FBgn0037842	326.833064051472	0.308128659405981	0.213400496818973	2.08101099996542	0.149141366347576	0.68752505927826
FBgn0037843	784.674093297339	0.124671576256177	0.20947372731137	0.354201990982077	0.551744068966589	0.907978647188282
FBgn0037844	54.7351825761181	1.20573339440624	0.490882180115959	5.90201542181214	0.0151235696670334	0.190267184852917
FBgn0037845	65.2327331684097	1.1003215182676	0.828963412948367	1.72815445296906	0.188646762655122	0.737389485280763
FBgn0037846	268.779626219641	1.42710835700815	0.56275673890009	6.19813714866126	0.0127884841370702	0.167666802945301
FBgn0037848	395.364187677949	-0.366131591376543	0.255349957192908	2.05277744137582	0.151928808168498	0.69217570821335
FBgn0037849	76.7317469069221	0.101737116084138	0.349810329425434	0.0856846848600981	0.769736590782219	0.952993416349077
FBgn0037852	471.07287715418	0.119591690500004	0.254318139164744	0.221080558272632	0.638217817773097	0.921177946778162
FBgn0037853	155.753045978918	-0.192286018335104	0.253919158801667	0.576238625754698	0.447790447828519	0.888270226363548
FBgn0037855	327.406624325523	0.0266525557811648	0.215726611402261	0.0160575853492873	0.899163180798545	0.979772897569974
FBgn0037856	356.598707564507	-0.188750573010844	0.184302551488528	1.04942450724906	0.305639665232299	0.832614936158673
FBgn0037862	206.193210466557	-0.839708177675091	0.402609036914859	4.28747951713844	0.0383940431125555	0.353410228168584
FBgn0037873	695.485952328607	0.0249475846191265	0.262742143271983	0.00918962454311156	0.923629754683651	0.982387080003906
FBgn0037874	15213.3302691677	0.22883345492028	0.161366760903939	2.00878757431587	0.156390257182487	0.698105302645605
FBgn0037876	96.7994179528061	-0.0989103791138331	0.327604599455736	0.092508873838888	0.761011547463351	0.951947965569036
FBgn0037877	176.136150445313	-0.0164832066413544	0.269347120284523	0.00473049255388958	0.945165871356364	0.985720685676657
FBgn0037878	431.03396892751	0.0948330115575659	0.360752415938184	0.0691561742528393	0.792569373956113	0.95691559934858
FBgn0037881	559.775236929972	-0.104082312974387	0.14076442275261	0.546380328002769	0.459800473554076	0.888270226363548
FBgn0037884	531.380466304542	-0.0660665583827683	0.164779834265912	0.161019155353657	0.688219933546777	0.931504874015863
FBgn0037885	147.857262429255	0.102789063319438	0.375400900069288	0.075851162747469	0.783000572312665	0.954728206666318
FBgn0037890	640.086092978781	0.714994419449914	0.320194392099137	4.94005371532973	0.0262412211186388	0.277825112354679
FBgn0037891	2882.56335986621	-0.173866899199472	0.346052612637633	0.252317822538345	0.615447735349631	0.91550458350478
FBgn0037894	1303.90779855423	0.139502532827423	0.2194826429373	0.404156934475083	0.524950213817894	0.90232385622236
FBgn0037897	2182.00091785383	-0.141222911704804	0.407848091072079	0.119906474526672	0.72913594758355	0.943692519110568
FBgn0037899	974.258716173883	0.25231316653388	0.431323022657747	0.341584227483679	0.558916200121612	0.90865959686355
FBgn0037900	321.360650233666	-0.176808633281331	0.196016149902815	0.813474929616824	0.367094877002683	0.863438384083557
FBgn0037901	877.726681790765	0.279033388223648	0.179334721785682	2.41689080622041	0.120032960081312	0.637243838612348
FBgn0037902	76.4782786152291	-0.503989771658964	0.298075020625953	2.8614985824641	0.0907229419825257	0.563098673870861
FBgn0037906	698.673967396404	-0.466327434805579	0.196863494303064	5.59927867677045	0.0179678738126065	0.216335260058947
FBgn0037911	306.216350511485	0.0270800097862349	0.181628375731022	0.0230852745020229	0.879235528565306	0.977152612807795
FBgn0037912	1308.82725709352	0.239360132715856	0.254267789771549	0.885141543429242	0.346797308431319	0.849760151136338
FBgn0037913	12746.0762131178	0.393569002569288	0.162903318186763	5.8189751174049	0.0158541803628943	0.197098419777757
FBgn0037915	382.940009182181	-0.698244390693153	0.381602548841227	3.31484852817512	0.0686566474966318	0.491036996948575
FBgn0037917	501.068643510526	0.0227545899349358	0.18805079580014	0.0158505316298658	0.899811957795192	0.979772897569974
FBgn0037918	1068.11064077811	-0.247588068690664	0.349151142707637	0.502706983875655	0.478313105713506	0.889027677218827
FBgn0037922	195.354724675719	0.0241672612708798	0.249166526212512	0.0118715517774959	0.913236873128406	0.980404978288931
FBgn0037924	530.277519487545	-0.389125786725285	0.258175984480374	2.26833809459501	0.132041429252546	0.661996018760176
FBgn0037926	724.889656395489	0.384179596701918	0.346710768084809	1.22524544642663	0.268333682111584	0.810256083869186
FBgn0037931	154.852426823652	-0.249367851260026	0.194710013152193	1.64603477600588	0.19949947963866	0.7513326683954
FBgn0037933	1450.82185431361	0.413041136347756	0.582890386372983	0.500282919449845	0.47937583621581	0.889027677218827
FBgn0037934	1462.55510388309	0.379803241363932	0.400274468376913	0.897886900830557	0.343348943259819	0.847342045408736
FBgn0037935	661.620839298139	0.422369388329475	0.206915186489607	4.15477769379369	0.0415172234053794	0.36882742653151
FBgn0037936	351.668598472825	0.98282077542944	0.280791844303903	12.0450440519318	0.000519302597668601	0.0129887471154968
FBgn0037939	425.020847923873	-0.787301305372639	0.401131393456462	3.80293275273328	0.0511628953261622	0.418061310218481
FBgn0037942	258.498833135391	-0.351569215078564	0.239110013133094	2.15345845938734	0.142249146711411	0.678146298868089
FBgn0037943	462.670323944118	0.151638307981795	0.165050070899646	0.844303122393661	0.358168968684078	0.85582398423638
FBgn0037944	876.666992784729	-0.479392302798821	0.415319032779628	1.32733792305154	0.249279356709756	0.793847876141075
FBgn0037949	498.59095960103	0.0904618612650991	0.182738870761088	0.246067632202355	0.619857691259817	0.915541451893316
FBgn0037955	933.142478423912	0.191134487365662	0.202476258311345	0.890434773816835	0.345359515532279	0.84798757367388
FBgn0037956	610.999630882219	-0.0893132182626722	0.144372697369474	0.382465528318761	0.53628667212796	0.906910394964332
FBgn0037958	197.456154125518	-0.0746649147152232	0.202990543584119	0.135898344214077	0.712393149757263	0.939284009468917
FBgn0037960	288.860663587247	-0.0175667552105875	0.359471230821484	0.00238851262149353	0.961020974886612	0.989224370208121
FBgn0037963	1031.74715098825	-0.32424640666062	0.380006180484066	0.727209012349974	0.393789354833291	0.872919006760984
FBgn0037970	19.4693084069911	-2.02888492070101	0.994934460051255	3.8446281592871	0.0499055863379873	0.413261512962254
FBgn0037972	185.938577876395	0.393525471237047	0.369328037158707	1.1309957139019	0.287563050958264	0.823961773015087
FBgn0037978	954.806086836223	0.0563959507804133	0.181286364623356	0.0968122701162173	0.755689098936424	0.951004969670816
FBgn0037979	478.994520153528	0.0231835122078591	0.212049185900028	0.0122013986333371	0.912044617615245	0.980376791913083
FBgn0037980	275.102241795732	-0.366657435596935	0.289711404619711	1.59662182338111	0.206382605353956	0.757156699969694
FBgn0037981	222.214351659203	-0.13626602567309	0.250479845862132	0.296186895762212	0.586282828885628	0.90865959686355
FBgn0037985	321.543486507622	-0.576428340459379	0.429259789582171	1.7894133253432	0.180997659730289	0.72654447334996
FBgn0037987	142.445513041496	-0.437385635926478	0.59047417985771	0.545150703723991	0.460305911768866	0.888270226363548
FBgn0037988	185.065607854031	-0.235259026797156	0.432470521010025	0.294958437533495	0.587060428117767	0.90865959686355
FBgn0037989	392.313011399407	-0.144448139426155	0.416352295117999	0.12062018333711	0.728362821756094	0.943653288647581
FBgn0037994	168.938228139088	-1.30663934468131	0.446966643494384	8.28116749731566	0.00400583640349389	0.069269648425849
FBgn0037995	82.4664280771192	-0.293888945496256	0.561497661169303	0.272596061014717	0.601595605201027	0.912658802461654
FBgn0037996	2020.43844416365	-0.0184684455665937	0.607591022200606	0.000924301545026651	0.97574618827647	0.991444149622978
FBgn0037998	725.771427323793	-0.212803857536259	0.153795230961263	1.91690839750677	0.166197877676147	0.710803241981315
FBgn0037999	617.661900506225	-0.924400990225904	0.361024810958488	6.44693323201922	0.0111144030776627	0.152126129421299
FBgn0038009	1942.47610345857	0.538320104580167	0.499402085135725	1.15494269655851	0.282516855329624	0.820695351603928
FBgn0038013	282.486762223836	0.684869373983923	0.363983748189152	3.50586621117867	0.0611518590536728	0.460914998643109
FBgn0038016	901.638700071358	-0.1853186946945	0.187238848378743	0.980164896463975	0.322158099274425	0.838094865409671
FBgn0038020	159.560516915571	0.608813773574132	0.269064580768917	5.09051035072036	0.0240571109973623	0.262566182885497
FBgn0038037	7973.25437090309	0.565351072733556	0.186566672119186	9.12553360652748	0.0025206635220698	0.0489229936246527
FBgn0038038	2926.49504324914	0.126338229368831	0.225371082925287	0.314183564345981	0.575124257973035	0.90865959686355
FBgn0038039	645.733550483997	-0.085099110264692	0.21040140514849	0.163856563500531	0.685630409542117	0.931504874015863
FBgn0038042	70.0946030118028	-0.206291611262426	0.282532945657739	0.532083124372292	0.465732385079931	0.888270226363548
FBgn0038043	491.625472615586	-0.0798030287954134	0.292567405807944	0.0744320425268796	0.784989767171369	0.955927777582309
FBgn0038046	743.244296127018	-0.120803882862338	0.185274247663047	0.424742507775719	0.514580061085326	0.899400837426211
FBgn0038049	481.525484777435	0.0109974047983611	0.227416712854455	0.00319627211979423	0.954915149887163	0.987492945289472
FBgn0038053	2141.00749111285	-0.0668764076758697	0.215206761782621	0.096545795879365	0.756014864871557	0.951130078500085
FBgn0038055	216.304636380425	-0.0157003845596611	0.22898509921929	0.0055196768521597	0.940776031230315	0.98539396278863
FBgn0038057	80.0748478645998	-0.0892248631818019	0.365023487831086	0.0610489803694776	0.804845600693504	0.959086727233997
FBgn0038058	320.863888856584	0.0620009228845803	0.215649632071513	0.0827567574180748	0.7735957257288	0.953234312247045
FBgn0038063	201.193799064028	0.301782158199769	0.493461344436716	0.37317771796971	0.541277214356653	0.907173673980027
FBgn0038065	1702.80804324813	-0.00545094301926829	0.308769573759518	0.000334581728751004	0.985406248241195	0.992969577789289
FBgn0038071	1278.76812394883	-0.304270822811955	0.492843081028428	0.380380897923743	0.537399456713589	0.907173673980027
FBgn0038072	144.770751316798	0.529748409012961	0.379112815289781	1.94216773297742	0.163433358236063	0.710550410044425
FBgn0038074	1085.08529508846	0.778527426709785	0.512094664530585	2.28461004196825	0.130662978916541	0.657539925038688
FBgn0038080	265.358365964258	0.305832502109287	0.317715862517376	0.924196544836065	0.336375503827729	0.844358416245735
FBgn0038082	515.969478245044	1.20041919860239	0.681408837371056	3.01994503233759	0.0822462537895045	0.540843127423314
FBgn0038088	967.84223194621	0.227824679081896	0.375815194120912	0.366911115293703	0.54469280805607	0.907173673980027
FBgn0038095	1486.18181338194	-0.416716713642347	0.125430987434492	11.0137225254479	0.000904398342303995	0.0208806694195681
FBgn0038098	1484.5751643943	1.61635567644214	0.531617059378276	8.80385358744384	0.00300594961925079	0.0558879113872119
FBgn0038100	1234.37193344344	-0.295432578113639	0.321384852324798	0.843485769127014	0.358401738400021	0.85582398423638
FBgn0038106	235.296934338511	0.00868137042397327	0.233947729977809	0.00337633548910077	0.953664001509827	0.987139218831908
FBgn0038108	2455.02794229954	-0.252397078030504	0.391034098632386	0.416234685342928	0.518821867791266	0.900305384455461
FBgn0038109	135.059498672272	-0.444498922895281	0.365483255037057	1.46816699117178	0.225635124013047	0.777158387408573
FBgn0038110	1466.74140068592	0.280931994633928	0.370658678162901	0.573382926051636	0.448917754501508	0.888270226363548
FBgn0038113	94.0848426827196	0.010091275156074	0.299915072746021	0.00120153292978387	0.972348357238347	0.991444149622978
FBgn0038115	834.969377961631	0.339158838471752	0.177543185883469	3.64018354780737	0.0564007160370031	0.439695378084392
FBgn0038118	231.891215600879	-0.177849791346417	0.3572313823877	0.248836072925343	0.617895829208494	0.91550458350478
FBgn0038126	469.321357709355	0.0767331331649182	0.644340404474995	0.0141798269917928	0.90521270554819	0.979772897569974
FBgn0038128	131.417576056996	0.151027419715328	0.353922041920884	0.183803822140291	0.668124471343117	0.927910326872862
FBgn0038129	1950.04687206661	-0.527781259144765	0.244918532068553	4.62001718171472	0.0316009216390049	0.311706743490842
FBgn0038130	178.411525581144	0.821435783085196	0.604204020821237	1.82684249348361	0.176500950113079	0.7227777190376
FBgn0038135	4508.50954237951	0.915519272669553	0.594032616548263	2.33663077229755	0.126362596466544	0.65078499017855
FBgn0038136	802.774600002513	1.88768914331409	0.884461271613929	4.26556037312504	0.0388924194848539	0.355273797120339
FBgn0038145	4424.74451996592	-0.134305148115719	0.126870310010103	1.12028999479513	0.289856019138453	0.825810292247889
FBgn0038146	454.940162240094	-0.027837750112659	0.32725428343989	0.00740837861670229	0.931409230563546	0.98378812856611
FBgn0038149	3465.68331966382	0.00357463713450032	0.123990053951547	0.000832458288599014	0.976982346375303	0.99173325751154
FBgn0038151	203.865061310727	0.282365022566309	0.500068445455958	0.318301135727253	0.572630393220706	0.90865959686355
FBgn0038156	227.749681933623	-0.24645910136908	0.472611828285403	0.27237607552874	0.60174231609234	0.912658802461654
FBgn0038160	159.374725451371	-0.496770432820505	0.3265589677063	2.30809421498008	0.128701761898222	0.653999148711491
FBgn0038163	344.13346818789	-0.657081644284903	0.393768899259518	2.7584476495896	0.0967420687872287	0.581559618088605
FBgn0038165	165.024175581493	-0.353900234524826	0.210695653403531	2.82061173721595	0.0930609297992266	0.571698869906945
FBgn0038166	631.081918716038	0.137858300931234	0.307182917109431	0.201313056908774	0.653663065356962	0.923878977675733
FBgn0038167	490.197717220228	-0.259162217207564	0.251769512731854	1.06055425427094	0.303088806460047	0.832614936158673
FBgn0038168	582.09006046488	-0.0761820329013642	0.237701222255927	0.102921802787478	0.74835113644974	0.949227302638817
FBgn0038172	738.707305736642	-0.910944656969778	0.218070294675875	17.2360194298268	3.30117784624813e-05	0.00118560250512262
FBgn0038179	440.10427675039	0.172407588487446	0.317478781995642	0.29467051070931	0.587242985608716	0.90865959686355
FBgn0038180	1184.84471958157	-0.187215972246456	0.34102586875391	0.301103840211084	0.583191238279349	0.90865959686355
FBgn0038181	4862.24968794682	0.715813308389697	0.549721454833216	1.67855751103326	0.195116235665201	0.747574087456413
FBgn0038183	218.496720440595	0.265731171925674	0.359452728566215	0.54545665039322	0.460180069830406	0.888270226363548
FBgn0038195	1075.2242189114	0.0396730455385527	0.16425857107366	0.0583553887265396	0.809114454771365	0.96039638452444
FBgn0038196	286.839727761858	0.454019330821168	0.61410324732396	0.543785883068381	0.46086795496185	0.888270226363548
FBgn0038197	1202.30297539424	0.0531332869529021	0.186595753743596	0.0811037623652027	0.775807161662944	0.953234312247045
FBgn0038198	501.021162726052	0.273251252300935	0.270597150392504	1.01801651058518	0.312989960853612	0.833849223328102
FBgn0038200	432.508145660583	-0.547933055447551	0.575979696501875	0.898494353753449	0.34318575127388	0.847342045408736
FBgn0038206	687.957266023962	0.17739277363531	0.158453680514598	1.25284272199077	0.26301022655685	0.806104282999187
FBgn0038208	494.396470925383	-0.809062377714242	0.391538662047151	4.21237024439704	0.0401302253301907	0.361558214427272
FBgn0038214	90.0377320055199	-0.581828293850476	0.477395869596074	1.467901923846	0.225677014798825	0.777158387408573
FBgn0038223	521.316227657169	-0.17722611276056	0.163606467800576	1.17423330911436	0.278533113780534	0.815226058763119
FBgn0038224	1110.3506110018	0.478385436088919	0.270022514471247	3.12343396342408	0.077173990188065	0.521818199149979
FBgn0038225	202.28850767029	-0.652018770928693	0.540873749956845	1.43780521929546	0.230494834096322	0.779813484379362
FBgn0038233	249.864059002414	-0.444522502327673	0.199378467353284	4.96850056719031	0.02581301575556	0.275995654465301
FBgn0038234	93.1110854118545	0.130998617947509	0.422782695049688	0.0973662384729082	0.755013440429326	0.950744853750032
FBgn0038237	244.854634879087	0.693970337052895	0.419228048683463	2.717902553347	0.0992283283643081	0.590030880797817
FBgn0038243	381.278334929537	0.384985572950794	0.417962531751811	0.845016793285339	0.357965895988184	0.85582398423638
FBgn0038244	1083.3270664068	-0.0965304794497936	0.224585574498328	0.185018954175462	0.6670950434962	0.927882612635231
FBgn0038248	932.548124904229	-0.780835795492919	0.318908069579846	5.92343308250143	0.0149408187839079	0.188816001593928
FBgn0038250	1793.72563873152	-0.0447939207971317	0.255144254491117	0.0308219895002111	0.860638117139547	0.971619842641148
FBgn0038256	257.457153824409	-0.548158053151068	0.416103553477146	1.72675031563983	0.188826444880436	0.73740587489553
FBgn0038257	179.677081869099	-0.292662968855306	0.577224680120556	0.256563937376868	0.612490664538572	0.91550458350478
FBgn0038260	352.614606829466	-0.0948212242331113	0.522659313029765	0.0329042645884243	0.856057286700038	0.971310121918865
FBgn0038268	127.682805444907	0.285753632046022	0.324402564984655	0.775656069765105	0.378472969279674	0.86579112403379
FBgn0038269	687.311229953348	-0.140515018414477	0.226941650662518	0.383276735076265	0.535854779307989	0.906910394964332
FBgn0038271	3969.18057866606	-0.0364093976566415	0.323632945490826	0.0126572510815492	0.910423442219026	0.980227996589148
FBgn0038272	552.344093950268	0.153755300984826	0.184998268701929	0.690562725292551	0.405973042925375	0.87822152781539
FBgn0038274	437.367098362165	-0.214393413705683	0.180442839639556	1.41195820288493	0.234731592274709	0.781081606355019
FBgn0038275	95.0760449785316	0.785318029528981	0.630411667583349	1.53132059173183	0.215914355631313	0.767455583878338
FBgn0038277	214.709787672325	-0.454690119197818	0.392994711428955	1.33253968751052	0.248353906854833	0.793047004717352
FBgn0038279	176.995597899047	0.564688441872762	0.2628883541396	4.61032113688879	0.0317800813233436	0.312739816676089
FBgn0038280	64.010684876269	-0.298248404621375	0.851011827653719	0.122112976534623	0.726753999862346	0.94316206896662
FBgn0038286	1608.61283237627	-0.533064931375172	0.468012448231712	1.29017320103613	0.256016034370129	0.802938387842822
FBgn0038290	212.616359645909	0.0339454333976101	0.456466581896005	0.00554755663009132	0.940626925761046	0.98539396278863
FBgn0038291	1519.74467161203	1.14003927385232	0.481313190897152	5.47268702185065	0.0193159056716377	0.226275541701449
FBgn0038292	2163.56229035834	-0.206836624758761	0.272747771873173	0.574656574302765	0.448414428407152	0.888270226363548
FBgn0038294	14289.0891683957	0.589378764912803	0.311767988938399	3.54926657722925	0.0595717758484819	0.453890484343284
FBgn0038296	430.806566262438	-0.374090799620373	0.310330560176186	1.45105588023321	0.228358603150135	0.779156488035392
FBgn0038299	690.703584059132	-0.180890965200128	0.130404312209969	1.92550804602671	0.165250726203089	0.710633110232189
FBgn0038300	227.491716620308	-0.271315551016506	0.206929417516692	1.72424377172697	0.189147693626604	0.737433378863863
FBgn0038302	104.980688493952	0.613592007762712	0.260241128869953	5.54471153766701	0.0185366116601303	0.219192201917948
FBgn0038303	678.374754988447	-0.218750809798656	0.19152356932452	1.3069279511041	0.252951620668078	0.7982483163473
FBgn0038304	641.670107122669	-0.0451588676214943	0.197217583450805	0.0527633692429248	0.818322730981525	0.962733481890161
FBgn0038306	271.993604054472	0.17668714351237	0.200445932991181	0.777093118092168	0.378031644553315	0.86579112403379
FBgn0038312	533.686523200472	0.234491285476779	0.20175869525094	1.35102028368414	0.245099828627119	0.792429197916752
FBgn0038313	223.963923574276	-0.0992194712097789	0.274364986201527	0.130737196090472	0.717668910039194	0.941287941384178
FBgn0038316	567.254728911126	-0.131937959706083	0.177691871154553	0.551685174378562	0.457629949203697	0.888270226363548
FBgn0038318	995.9362032376	-0.242295723413512	0.243682701529589	0.988611644184516	0.32008193767102	0.836525230873765
FBgn0038319	234.006297620048	0.0648868647442535	0.234240902302003	0.0772916856388761	0.781001747867948	0.954338216153263
FBgn0038320	1878.42793663392	-0.285294326280487	0.246520639685089	1.33809535984328	0.247370134797451	0.792565235546235
FBgn0038321	700.823416112356	-0.0546473677555875	0.231256466051555	0.0558341516161676	0.81320569636791	0.96039638452444
FBgn0038324	112.045907852716	-0.183825603671978	0.242586181504457	0.577089189558734	0.447455532792652	0.888270226363548
FBgn0038325	362.159681094038	0.082076716095215	0.192004974527617	0.182772774529468	0.669001111488072	0.928040220157118
FBgn0038326	1174.67094455365	0.129181924977026	0.259166814884889	0.248437165121302	0.618177673561882	0.91550458350478
FBgn0038327	286.242887024619	0.268655330622845	0.395716151446655	0.459847345120735	0.497695325269046	0.894106779299073
FBgn0038330	97.2324882687465	-0.321576089162955	0.459076867725382	0.489497965906097	0.484151335842526	0.889027677218827
FBgn0038331	480.411805166576	0.324372419318318	0.378088069056774	0.733794321526346	0.391656059199093	0.872608038576135
FBgn0038334	126.717992792565	-0.52704972704576	0.535636636365479	0.959154817649917	0.327399912766104	0.8415226533537
FBgn0038337	556.676904720665	0.244214941796653	0.211916693024805	1.32677692901329	0.249379415811746	0.793847876141075
FBgn0038344	1015.2419702912	0.0012780921536942	0.356674679535336	4.07355790486008e-05	0.994907581818862	0.996251780148366
FBgn0038348	663.82293230409	0.365590040200393	0.455326327049718	0.64305667988765	0.422606091771266	0.881034667480375
FBgn0038354	113.449594491139	-0.0601018389649217	0.331640852737242	0.0331823711505024	0.855456935759008	0.971310121918865
FBgn0038355	124.827211544034	-0.583426126332965	0.581177047363913	0.99727800840742	0.317970047772027	0.834794518653785
FBgn0038357	46.6273082802387	-0.216452598455189	0.539220894777338	0.161283901087224	0.687977200865687	0.931504874015863
FBgn0038359	156.357341009022	-0.216761595401097	0.721046335431724	0.0901188933510753	0.764026061746367	0.952652080551405
FBgn0038360	533.628925724554	0.212771539256779	0.267869038556581	0.630044867998237	0.427338856501794	0.882613848621547
FBgn0038366	1868.74131507741	-0.164638386688692	0.192913861367557	0.727588342084445	0.393666019335877	0.872919006760984
FBgn0038369	442.201188590232	0.0251774392703926	0.218945926262637	0.0140000336883617	0.905812733933844	0.979772897569974
FBgn0038373	610.292660181668	-0.634342401581426	0.466469219033016	1.83325873720193	0.17574312414703	0.721800253941284
FBgn0038376	1140.29681874311	0.0611329359003868	0.256332745455437	0.0569572002231666	0.811371502906148	0.96039638452444
FBgn0038377	91.2122925044592	-0.703436404775123	0.40202882588963	3.02910883079834	0.0817829242981454	0.538977496885194
FBgn0038381	413.513071958602	0.215143050343197	0.154309439848351	1.94367539505894	0.16327002054359	0.710550410044425
FBgn0038385	282.875588942536	-0.211185650863104	0.250201439285809	0.713480539528881	0.398290772981505	0.875888394068263
FBgn0038388	696.732883619599	0.402540974047982	0.258300743975414	2.41948318156389	0.119834460111621	0.636592163576527
FBgn0038389	144.329860329927	-0.0447562024985415	0.444201708583485	0.0108453188636304	0.917057564994505	0.980404978288931
FBgn0038390	111.78013258996	-0.171741140448556	0.235778695374628	0.530169408006472	0.466535645557033	0.888270226363548
FBgn0038391	775.080885109707	0.201950760205998	0.401965889865934	0.252390950964795	0.615396544444618	0.91550458350478
FBgn0038396	127.537387503247	-0.0451603524428572	0.3934140012574	0.0131874065679156	0.908574769940461	0.979772897569974
FBgn0038398	91.6895116963885	-0.514076858653531	0.487573924155371	1.10288019539186	0.293634889617403	0.82889125003713
FBgn0038400	1037.65109935544	-0.0696254992031	0.227185068706485	0.093904174379503	0.759271270497859	0.951947965569036
FBgn0038401	154.060091136456	-0.0230338410383777	0.219702307786472	0.0131147404472785	0.908825904300922	0.979772897569974
FBgn0038404	525.705219296568	0.00842486655420787	0.286898216853397	0.000887873811308282	0.976228782706433	0.991447334122642
FBgn0038405	154.516083328189	0.652573897375726	0.478357837388113	1.85005707771322	0.173776756030127	0.720939348659862
FBgn0038407	1335.81428257038	0.577948684691855	0.213496621282895	7.28639987952856	0.00694785688225145	0.106550710289126
FBgn0038412	582.021631180507	-0.341108709774481	0.187642892855672	3.30514291493083	0.0690633376829227	0.491036996948575
FBgn0038416	474.13379777102	-0.304518135982137	0.188521548320873	2.61022071564182	0.106176983718479	0.608534413727712
FBgn0038418	124.223413913283	-0.129695321138959	0.241987579078123	0.294096328920226	0.587607385570523	0.908692018198927
FBgn0038420	515.705328513489	0.242572180346759	0.270439998909591	0.803081632955326	0.370173606113044	0.864159753811589
FBgn0038421	445.827750732244	0.844732868257939	0.57219165408955	2.14807429173217	0.142748835235161	0.67854140911555
FBgn0038423	64.475627717509	0.0524755025126785	0.947273812333067	0.0032828143923922	0.954309526386773	0.987200548960418
FBgn0038424	468.775116365813	0.0451233142394179	0.189380298273012	0.057298915041244	0.810817203449173	0.96039638452444
FBgn0038425	101.391802326918	-0.021875839416151	0.351970667582605	0.00453253174208612	0.94632370734139	0.985720685676657
FBgn0038427	851.255660383858	-0.253861934866956	0.251087478480475	1.02213843967067	0.312012301763501	0.8337524273515
FBgn0038428	312.093472732052	0.536480561892585	0.457267823197137	1.36730285358433	0.242275831818941	0.790406091073906
FBgn0038429	105.633638119911	0.0911900734209319	0.324966118614507	0.0811612849177337	0.775729798712167	0.953234312247045
FBgn0038431	297.362624503946	0.191137105895045	0.293769212629091	0.423298712105478	0.515295623668845	0.899800082912932
FBgn0038432	232.632921693268	0.263928673692797	0.313642349626991	0.706881928574632	0.400480883450579	0.875888394068263
FBgn0038438	699.216148457228	0.226057894483821	0.192511180745179	1.37699660649562	0.240613397663068	0.788656393900322
FBgn0038446	82.3587830547241	0.532959968541729	0.672752706030123	0.622835213037348	0.429995650302771	0.884839237302763
FBgn0038453	592.396063997678	0.0586050969584543	0.292904501119125	0.0401815751691146	0.841125980974888	0.968138532800968
FBgn0038455	153.601785363556	0.930676449948092	0.25488107198826	13.1837228192172	0.000282391205858007	0.00799062523242658
FBgn0038460	257.512946140064	0.508938930532573	0.496883525897714	1.04220182186315	0.307309938778555	0.832614936158673
FBgn0038461	488.495547860823	-0.206948415612594	0.205925905604798	1.007754348432	0.315441429315857	0.834612066592375
FBgn0038462	219.440726368555	-0.0104846339876658	0.358653338753355	0.00143823168252766	0.96974825753653	0.991444149622978
FBgn0038463	736.416220791439	0.0408998517608556	0.149012157299249	0.0753641881586589	0.783680896664777	0.955054271399475
FBgn0038465	2105.3297853195	0.11813690232846	0.225565476060658	0.2742206036433	0.600514504825607	0.91227836199465
FBgn0038466	828.936115362879	0.706316698033155	0.541728111216938	1.68384505035378	0.194414318260405	0.747574087456413
FBgn0038467	1621.53721771299	-0.469701268387581	0.248241758664486	3.5657248305275	0.0589839841560543	0.450637638952255
FBgn0038472	94.870799743612	-0.151851082566605	0.285565231102879	0.28257322920502	0.595019569984407	0.911189805440844
FBgn0038473	501.323732461148	0.212386510122692	0.274635985520869	0.597243665774243	0.439631629145209	0.888270226363548
FBgn0038474	132.887442582601	0.303758675811159	0.371264225187213	0.668301810714325	0.413644300301383	0.878274443816363
FBgn0038475	279.281859216718	0.0318100367768137	0.282530253659881	0.0132103242393953	0.908495711872011	0.979772897569974
FBgn0038476	1451.47754989278	-0.0365089406599261	0.248212774800309	0.0216444796877084	0.883036806897914	0.977724198541247
FBgn0038478	352.386458699941	-0.158193717904098	0.216227398110694	0.534694819225813	0.464639720131975	0.888270226363548
FBgn0038481	561.244639356295	1.18958600173747	0.629680160513668	3.47458306333529	0.0623184248190574	0.463542505345256
FBgn0038488	869.473042192141	-0.373013565907696	0.187557864934862	3.94841814840214	0.0469154497642934	0.39763241412527
FBgn0038491	191.983530700014	0.0570667869661404	0.306787545774881	0.0346439266141019	0.852343764924863	0.970680322951
FBgn0038492	837.475520546733	-0.511330761714957	0.484201021101508	1.11072405621846	0.291924608944656	0.827589471963489
FBgn0038499	502.502443659144	-0.152784890786139	0.186957531386783	0.668691559783241	0.413508161062054	0.87822152781539
FBgn0038504	1262.55930281983	-0.119431131824172	0.259167289401571	0.212346615694301	0.644934335224855	0.922314497582819
FBgn0038509	2590.62615250436	0.69745819617777	0.483877350444082	2.05759919795709	0.151448620121536	0.692139204778316
FBgn0038511	386.955989384104	-0.394366878221722	0.263249655839255	2.23583278484554	0.134843955288149	0.666548062109055
FBgn0038515	833.46503889308	0.0379155009832153	0.250103367728459	0.0230915075037217	0.879219351605837	0.977152612807795
FBgn0038516	902.627174016286	-0.0454157468022486	0.192372534469712	0.0558519858132911	0.813176417598206	0.96039638452444
FBgn0038519	692.75853829298	-0.0263758121348038	0.257162916161152	0.0105388417920977	0.918233725045958	0.980450334458111
FBgn0038523	5735.80712922152	-1.06562239993212	0.614531310490114	2.94080922306959	0.086367454291257	0.548234176044388
FBgn0038524	283.138042278044	-0.0120983542793173	0.276834295088255	0.00210075901286189	0.963442529138717	0.990309566399435
FBgn0038530	118.252434345643	2.36713529316757	0.804280421634985	7.89818517563583	0.00494844211514073	0.0809079913144799
FBgn0038532	237.519095792928	0.129011176796128	0.182542244091285	0.499780203727148	0.479596714678385	0.889027677218827
FBgn0038533	861.989372351481	0.147980577445134	0.177061246815692	0.698218959367125	0.403382797594724	0.876559751465851
FBgn0038535	5053.52611887288	-0.110442712637493	0.190374005544354	0.33650148109075	0.5618556282449	0.90865959686355
FBgn0038536	169.467873093583	0.110341819015632	0.318998091430862	0.120761074078416	0.728210504843466	0.943653288647581
FBgn0038542	354.92407107608	0.0668377449919421	0.357436128573724	0.0352363552917154	0.85110125275317	0.970630958579679
FBgn0038545	108.454319214233	0.72495822239202	0.588452220298249	1.49974185360356	0.220711086229344	0.771559114930207
FBgn0038546	611.567504480029	-0.190366280448005	0.178429781450348	1.13821508720739	0.286029804710781	0.823270339441738
FBgn0038547	100.337357906811	-0.0233100885140227	0.326298037605021	0.00573427219433142	0.93963790399357	0.985192293647789
FBgn0038548	71.7796929994519	0.189927579273221	0.34373124935747	0.305401589786584	0.580515758375411	0.90865959686355
FBgn0038551	293.861036463299	-0.0415315747807849	0.238111793579809	0.03154889072038	0.859021358380968	0.971373856909766
FBgn0038552	658.416020866024	-0.11521686016619	0.153786890432164	0.561531486905878	0.453643840577212	0.888270226363548
FBgn0038564	137.196992888084	0.0371227939821245	0.310853053541085	0.0176063364978134	0.894439444658803	0.979306833490564
FBgn0038565	120.847939621413	-0.390382918810938	0.509904663336527	0.582267428209363	0.44542493139689	0.888270226363548
FBgn0038567	57.4552377619317	-0.0149638243151197	0.923235348549935	0.000599781758488405	0.980461407460274	0.992134162437166
FBgn0038569	659.707947975179	-0.190696456527443	0.185824683473043	1.05424939096473	0.304530439834372	0.832614936158673
FBgn0038570	1458.86644387559	0.0542690679780074	0.19469111623344	0.0777702107742329	0.780342206279085	0.954139036571197
FBgn0038571	134.072134121947	0.167177442276697	0.5797245857814	0.0833882405325994	0.77275722192692	0.953234312247045
FBgn0038575	85.1168350319065	-0.51668568039928	0.510787128195405	1.01326850215164	0.314121078413542	0.834346884635717
FBgn0038576	342.70143470701	-0.164816697315567	0.174726828830493	0.888001961596437	0.346019332250663	0.849035465177977
FBgn0038577	880.438267296187	0.00691983724936827	0.305997536975929	0.000602444494973042	0.980418093301396	0.992134162437166
FBgn0038578	461.565572988712	-0.250385765892064	0.231130207701856	1.17388885459964	0.278603624066997	0.815226058763119
FBgn0038582	138.909716920939	0.229883695072553	0.36484381914781	0.396634894131488	0.528832274878912	0.90232385622236
FBgn0038583	184.532933977521	0.325584422793482	0.358690886659716	0.821631448622291	0.364703600047404	0.862157258733722
FBgn0038584	244.449969559735	-0.00615271536613411	0.28130361033976	0.0015526764573508	0.968568278290969	0.991444149622978
FBgn0038588	142.391904001364	-0.122595512235576	0.272885701538722	0.201849578607849	0.653232043294684	0.923735839112994
FBgn0038590	169.3223522163	-0.216436712729317	0.222385714399364	0.948890153487525	0.330001960154596	0.8415226533537
FBgn0038593	358.212492555443	-0.297160319159038	0.20470113641051	2.11188092907886	0.146159571423834	0.683204764303291
FBgn0038597	422.422574167725	-0.0257918678715787	0.196481999041072	0.0175514195895161	0.894603240736495	0.979306833490564
FBgn0038598	420.756607938599	-0.829571846994224	0.341370419017141	5.82971666862214	0.0157576611889443	0.196188717973168
FBgn0038601	183.366820400208	0.0574995508807295	0.320722821660818	0.0330627754891282	0.855714788148962	0.971310121918865
FBgn0038603	1496.98068975064	0.160308474210343	0.208027417524093	0.593917858519049	0.440908093623385	0.888270226363548
FBgn0038607	170.414634282246	-0.399397811907622	0.517261423583837	0.592944976397774	0.441282568840213	0.888270226363548
FBgn0038609	235.919404056709	-0.011993591931851	0.263061350608614	0.00330595500009423	0.954148949521921	0.987155948760584
FBgn0038610	592.14301382614	-0.16546876619167	0.226091851787546	0.53498215444084	0.46451975669518	0.888270226363548
FBgn0038613	933.912235682738	1.12786961696669	0.506468207883227	4.84119074856088	0.0277877013217931	0.287986816227953
FBgn0038617	526.177685088268	-0.397264475617474	0.149796482263896	7.03408980468976	0.0079972508108707	0.117703845559645
FBgn0038619	132.463873532747	-0.0128614280388128	0.281264511238803	0.00416473590240685	0.94854442627272	0.986127648092932
FBgn0038627	289.532175732442	-0.403360533554738	0.396586383497763	1.02883769122289	0.310431816974933	0.832614936158673
FBgn0038629	308.914319995429	-0.665433967914478	0.45277877605549	2.14353467150288	0.143171678319963	0.679015115463303
FBgn0038630	216.506996769789	-0.213042272341843	0.555707003597132	0.146588170548242	0.701817382364338	0.935904995460154
FBgn0038638	1857.95666219813	0.136291731876404	0.272066097704732	0.250968828914168	0.616393719945555	0.91550458350478
FBgn0038643	3145.33597411471	0.412536716876032	0.216569322024792	3.6154790633214	0.0572442327140187	0.445032869314166
FBgn0038645	8214.3894344884	0.583873336078201	0.498142368303005	1.36459859859912	0.242742091531291	0.790888808214532
FBgn0038646	4039.49017585671	-0.030698459607195	0.453218875918416	0.00458891279842533	0.945991401333342	0.985720685676657
FBgn0038647	1878.2485789424	0.57862664208109	0.238258540134267	5.85760000648114	0.0155099285871432	0.193627138226815
FBgn0038649	218.716756520981	-0.267231930456968	0.36739871848463	0.52749717790455	0.467661002601745	0.888270226363548
FBgn0038651	2685.10112998113	-0.314865726917871	0.322299079710291	0.952902584550287	0.328981568260628	0.8415226533537
FBgn0038652	1536.12793980462	-0.536288325372713	0.44335489588481	1.45516180461604	0.22770149984204	0.779156488035392
FBgn0038655	126.715321020889	-0.29583652513321	0.75717288246811	0.15197666919029	0.696653494282486	0.934505341731846
FBgn0038658	353.86132387388	-0.130218286151996	0.48467617576073	0.0721820541821216	0.78818580917415	0.956759612099516
FBgn0038659	821.099830138531	-0.0599670525861865	0.188213809283391	0.101481681413873	0.750058751893566	0.949227302638817
FBgn0038660	1083.06342807294	-0.127085993766442	0.207176931429755	0.376695861730454	0.539376881490295	0.907173673980027
FBgn0038662	703.075429440496	0.612366871332912	0.306043358830456	3.97670450227832	0.0461337393153163	0.395620352250937
FBgn0038666	301.540308585115	-0.0160317245961086	0.195312259096656	0.00728021629950604	0.932003665939222	0.98378812856611
FBgn0038672	154.158509250911	-0.0302832791561339	0.270000650011199	0.01479465982937	0.903189439176701	0.979772897569974
FBgn0038679	1252.81792229863	-0.159556290978745	0.372918383877703	0.183092773183958	0.668728722743458	0.928040220157118
FBgn0038680	357.203078716858	0.871714303119558	0.452649327183942	3.65730381993866	0.0558239007270258	0.437634385923437
FBgn0038681	2734.12828554158	0.279688889863433	0.171646119428704	2.65073020823542	0.103502342458566	0.601666410276905
FBgn0038682	822.343143986484	0.137487323877663	0.247545879931435	0.308505638527393	0.578598636126669	0.90865959686355
FBgn0038683	440.311675502341	-0.27908573106026	0.252179899524259	1.22272261999453	0.268826997814433	0.810256083869186
FBgn0038685	63.3431868418297	-0.795107528480886	0.470664933107628	2.80376821742284	0.0940430484929322	0.575209446531734
FBgn0038686	1023.40161835503	-0.14255222904684	0.184757181357138	0.594678032357308	0.440615832704818	0.888270226363548
FBgn0038692	161.868335340119	0.243490683694061	0.295865415383604	0.67709238544029	0.410589752355239	0.87822152781539
FBgn0038697	151.274009189848	-0.506943138780955	0.505323159866683	0.998310674787234	0.317719620670927	0.834794518653785
FBgn0038700	300.686667127439	0.874145957825419	0.305323467182844	8.09835377665732	0.00443054806549679	0.0750692055291029
FBgn0038701	1224.03824419424	0.841151798996581	0.481806219496471	3.00684674536247	0.0829134405442836	0.541023856162233
FBgn0038704	389.23469328361	0.149893691558714	0.274013810410908	0.299193466611683	0.584388487045796	0.90865959686355
FBgn0038706	195.791026730576	-0.402042184135363	0.577562142212806	0.481800362189787	0.487607956315586	0.890644917382348
FBgn0038708	178.704211452102	-0.257913932696599	0.623019853633987	0.170786507451425	0.679413757554275	0.930018495477913
FBgn0038716	1730.80231566296	-0.0417221054688957	0.325707875458118	0.0164076683518033	0.898075833700609	0.979772897569974
FBgn0038718	865.415135922783	0.915645291489849	0.362535348078091	6.27995994148517	0.0122110860579255	0.162503362172913
FBgn0038719	3763.84942927482	0.284790031640437	0.218954548769689	1.68925115475778	0.193699712867213	0.746721278411037
FBgn0038720	1895.98590764215	-0.279430086281186	0.228244876382039	1.49713721538518	0.22111237403739	0.771636719933515
FBgn0038721	1046.69835593799	0.0674374034321965	0.25464686404951	0.0702707780352654	0.790942935043543	0.956915308546756
FBgn0038722	279.590925255009	-0.199749128849335	0.257780518628684	0.600241442274431	0.438485919743661	0.888270226363548
FBgn0038723	498.512683223517	-0.104785216716051	0.254911923171608	0.16884850823574	0.681137208841081	0.930081887185516
FBgn0038725	280.42790089815	-0.381368784496455	0.260671552604651	2.13280775534787	0.144176449297462	0.680305051811271
FBgn0038730	132.655948177839	1.32475388070921	0.86151969630758	2.29053885971398	0.130164725304204	0.655817956508712
FBgn0038734	528.755000383797	0.35169425022393	0.262024312140919	1.79778544555353	0.179980454448554	0.726518077095339
FBgn0038735	374.974317064149	0.369035614709607	0.236387223540728	2.42996035537297	0.119035908894025	0.634628010735222
FBgn0038737	103.391244119517	0.607239861410071	0.466461753393059	1.67992543044697	0.19493436134681	0.747574087456413
FBgn0038738	3485.40449289174	-0.0839563899725373	0.157316533234729	0.284802485967845	0.593570635434356	0.911189805440844
FBgn0038739	736.575785479331	-0.232608563298935	0.353231099499382	0.43290154886742	0.510568626249884	0.896060535082063
FBgn0038740	1555.91787322824	0.402425471956789	0.519648729599611	0.597862155033539	0.439394875267369	0.888270226363548
FBgn0038742	991.711739005436	0.164113268764786	0.147512301137156	1.23718422028932	0.26601441410732	0.808870738247104
FBgn0038744	161.914883799397	0.272841258567664	0.389925775676173	0.489915028025656	0.483965210942247	0.889027677218827
FBgn0038745	4563.83126561439	-0.476257881261745	0.242961718818348	3.82602883636626	0.0504623586316435	0.415558378409768
FBgn0038746	151.911296594034	0.857153271316997	0.505540666131474	2.83217853628598	0.0923929487006503	0.569856474884246
FBgn0038747	1976.48733090966	0.0230177860283149	0.173129982419132	0.0177139282578054	0.894119291522253	0.979173641640997
FBgn0038752	448.096543451988	0.00499785104477784	0.240247364950106	0.000485199231746947	0.982426227701222	0.992185732789441
FBgn0038755	487.385522162912	0.280532446818594	0.172553617705927	2.64267080852985	0.104028526035926	0.602934988142017
FBgn0038760	394.292472977814	-0.221623882637456	0.268518722514264	0.683194191045644	0.408488981215128	0.87822152781539
FBgn0038761	288.891458438208	0.554762122438018	0.29019497625033	3.6343970623842	0.0565971011945914	0.440817459165289
FBgn0038763	468.366065252049	-0.145852004560892	0.26629256251701	0.299983532781226	0.583892744420291	0.90865959686355
FBgn0038767	139.30712421921	-0.136636638020948	0.272249497201671	0.251619682034047	0.615936911599154	0.91550458350478
FBgn0038768	390.134028658593	-0.279539803090599	0.207732001406768	1.8130616435792	0.178141392960795	0.725051650108162
FBgn0038769	159.504474265656	-0.0200948535413726	0.21575310234165	0.0113197298776555	0.915269579461897	0.980404978288931
FBgn0038771	1628.84227046035	0.0137539470158985	0.152331215782544	0.00816581182252207	0.927997262925534	0.983026071820471
FBgn0038772	113.265333436813	0.212878523061873	0.371479363370761	0.32895283685383	0.566276347206136	0.90865959686355
FBgn0038773	68.6436793390221	-0.0908459562423335	0.540184522343776	0.0283599014518288	0.866265474964225	0.973532984181478
FBgn0038774	2648.5869466111	0.169101487415106	0.294538634869935	0.329426314670826	0.565997090190539	0.90865959686355
FBgn0038775	49.1728811510629	-0.813344704716416	0.62201353859873	1.67613604703467	0.19543867314206	0.747574087456413
FBgn0038784	6125.51164430285	0.409515806980099	0.331578539034029	1.52015397933955	0.217596193070692	0.768846375499172
FBgn0038787	984.428292061935	-0.101300422317496	0.238793100409531	0.180191977564206	0.671208309958204	0.929450426246292
FBgn0038788	256.070167988725	0.101895116613949	0.368306156676002	0.0769331957633028	0.781497289664842	0.954608026503391
FBgn0038797	167.279997316291	-0.298183061432341	0.604348737195585	0.242399800261239	0.622478200091612	0.915541451893316
FBgn0038799	579.303879667424	-0.71429159475916	0.307644950339217	5.34593453692766	0.0207706466544254	0.236444451541098
FBgn0038803	568.325910144286	0.113677072309214	0.301969408705715	0.142173407487576	0.706129840283696	0.937342470027512
FBgn0038804	558.81022589408	0.359925000465423	0.22935913862325	2.4567348909966	0.117021810350431	0.631364481481797
FBgn0038805	422.123030236868	0.0448566661840354	0.331451152301714	0.0185703339793974	0.891605457617187	0.978876446894751
FBgn0038806	151.751316552556	0.0406929147034368	0.356993470455914	0.0141995758665487	0.905147032894621	0.979772897569974
FBgn0038809	2655.74629178989	-0.184066038243678	0.181018192412258	1.03372206109208	0.309286062981525	0.832614936158673
FBgn0038810	887.53882187303	0.0317538151752714	0.173402030396685	0.0337405962043817	0.854259686471223	0.971242149961452
FBgn0038815	213.690137900154	-0.314956398549967	0.217813783517405	2.10330210110796	0.146981412786864	0.684257552794704
FBgn0038816	583.187020670551	-0.261753570185174	0.403007106618	0.421968115329747	0.515956623149728	0.899800082912932
FBgn0038818	427.583018719582	-0.391512742938598	0.242807041784229	2.59523074489492	0.107185828112233	0.611932660654013
FBgn0038819	1070.53384282289	-0.0630381525286806	0.370986424196189	0.0288850251835839	0.86504477881217	0.972631493436784
FBgn0038820	312.182271861921	-0.534582679248856	0.392169352496121	1.84442169507585	0.174433580576921	0.721427072425416
FBgn0038826	5639.77713339703	-0.0158172680169687	0.218276788160513	0.00525472311950637	0.942212385922447	0.98539396278863
FBgn0038827	169.498117305558	-0.0655545169218085	0.298240943089593	0.0505527439283284	0.8221042344619	0.964052863213496
FBgn0038829	1775.67740744022	0.217437131103711	0.383821623781637	0.320675587106209	0.571201924468783	0.90865959686355
FBgn0038830	312.826399143269	0.743576774233594	0.386939840663727	3.65046707744014	0.0560534897159311	0.438636748640442
FBgn0038834	11946.9676768671	0.550842373842661	0.258327176606497	4.51937824568543	0.033513008291433	0.323356282067971
FBgn0038837	148.816258751878	0.0263300223907576	0.357852937477439	0.00634506314669636	0.936510930944618	0.983927723922812
FBgn0038842	1435.85561434507	0.475938014567215	0.302238559792783	2.46781840405708	0.11619910602293	0.62999679363914
FBgn0038845	2776.98070838347	0.257837868709034	0.320633073682547	0.645896663293613	0.421583561086071	0.881034667480375
FBgn0038853	727.07984265461	-0.161212766639386	0.331885646987574	0.236219108828379	0.626950310145191	0.916175181115215
FBgn0038854	631.894302510222	-0.00668276167598194	0.218018987300132	0.00124109194928224	0.971897030315217	0.991444149622978
FBgn0038855	685.58917497959	-0.270705252617804	0.268707794560876	1.01368274891485	0.314022180050306	0.834346884635717
FBgn0038857	206.30364853856	-0.0371449436731478	0.350329847660981	0.0120914659638771	0.912440144518792	0.980376791913083
FBgn0038858	207.834089107745	0.344329558367153	0.283865989514244	1.46747792510565	0.225744042243232	0.777158387408573
FBgn0038861	220.889623727266	0.249030588647765	0.311422350407115	0.638666875718087	0.424193953409447	0.881714569656874
FBgn0038862	712.962642236571	-0.34844428452157	0.243216520585966	2.05068776896104	0.152137449273528	0.69217570821335
FBgn0038866	69.0515044096697	1.68524443793875	0.629190044154758	6.85286104804399	0.00884994402406094	0.128011926984868
FBgn0038868	460.909175154309	0.160361012263247	0.323716772568486	0.245240587023673	0.620446445913678	0.915541451893316
FBgn0038869	249.356446639919	0.0614785752455229	0.195110206115765	0.100656283206057	0.751043485500194	0.949406787566545
FBgn0038870	1174.66996307686	-0.293040581913181	0.266479518350339	1.20829440899871	0.271670173072853	0.81102375989842
FBgn0038871	163.568977327409	0.185119899323995	0.297075989952431	0.389044966450037	0.532801835492122	0.905493756415732
FBgn0038872	749.124959995609	-0.381000294477211	0.300533391463402	1.6051812679974	0.205170492323997	0.756915196440241
FBgn0038873	159.566402072467	-1.16507388952818	0.618389537138095	3.46474494171193	0.062690175161324	0.463542505345256
FBgn0038874	283.637729609398	0.868851814942318	0.437600727581722	3.8926179872534	0.0484987676891651	0.404348852837047
FBgn0038876	251.871664521203	-0.0508818335445752	0.203522600024243	0.0625053671533635	0.802579047595164	0.958219727101694
FBgn0038877	1512.27420021551	0.375111485829566	0.210635990109494	3.16214747928343	0.0753639852093681	0.515409150434027
FBgn0038878	259.033639221335	0.437761588941553	0.263487419255668	2.75209845207738	0.0971268793873766	0.583038781693938
FBgn0038881	2774.93272959431	-0.354865178107134	0.362511349437376	0.956114630469713	0.328167739049402	0.8415226533537
FBgn0038887	161.651724323944	-0.859159022893651	0.391173786760348	4.76370729152792	0.029065878686436	0.295633452230208
FBgn0038889	465.804909002801	-0.0584729970723581	0.205211333297617	0.0811622159224612	0.775728546833613	0.953234312247045
FBgn0038890	877.731796434038	-0.146668523364613	0.196266228218992	0.559192071030282	0.454585952676458	0.888270226363548
FBgn0038893	190.067717593731	0.135814949709126	0.346741677283407	0.154199605874418	0.694553941011264	0.933894384001516
FBgn0038897	324.324435535642	0.0633165969380514	0.332430847995997	0.0364723149332491	0.848543406888638	0.969983775980133
FBgn0038909	154.317231179982	-0.321840792458065	0.494855656490396	0.420932106159199	0.516472307510323	0.899944696727505
FBgn0038912	215.348334731525	0.0604985761565852	0.231031233623083	0.07098233184621	0.789911839554772	0.956915308546756
FBgn0038915	31.7620935822478	-0.324487295892615	1.19412536307064	0.0733098667807184	0.786577204198043	0.956065302765536
FBgn0038922	1764.76950581422	-0.191946348772736	0.349079364605042	0.30218488997113	0.582515922161577	0.90865959686355
FBgn0038924	2044.85050571042	0.318429927404205	0.190723592233933	2.78268280019266	0.0952884296124574	0.57780184404153
FBgn0038925	589.150735063601	0.0722617482380097	0.248851692700716	0.0844666056872398	0.771333249007053	0.953136983481145
FBgn0038927	401.56822014573	-0.136528161043223	0.18642213002306	0.537124290005387	0.463626963443983	0.888270226363548
FBgn0038928	179.891615465035	0.0460577290453665	0.211685314719158	0.0492927154046185	0.824298603357334	0.964052863213496
FBgn0038934	648.148933940852	-0.670586257414523	0.425717511162303	2.46123271648264	0.116687173706928	0.630230724828422
FBgn0038938	326.429530475418	1.18006419545887	0.499313069659403	5.44620517646663	0.0196108805404534	0.228585076368891
FBgn0038943	4490.1490083782	0.763301427683915	0.825329496688872	0.845498694079168	0.357828862172908	0.85582398423638
FBgn0038944	38.7258447848885	-1.34120521123587	0.535966353088062	6.06667948092595	0.013775569742584	0.177289262046976
FBgn0038947	2637.05217691371	0.231095051001006	0.199585713158385	1.3388697766643	0.247233383738425	0.792429197916752
FBgn0038948	732.333909745	-0.224188995706183	0.20212079505319	1.2298030827727	0.267445337198535	0.810256083869186
FBgn0038950	592.42879261838	0.0836591645681112	0.306765141527801	0.0745095452715105	0.784880607292619	0.955927777582309
FBgn0038951	104.176996385271	0.121878387482378	0.349159477614786	0.123252742912548	0.725533057983354	0.942408009164158
FBgn0038952	152.723401528195	-0.343910385622585	0.401398227350802	0.730746868141914	0.39264120654585	0.872919006760984
FBgn0038953	484.716858961992	-0.016821084999033	0.145384399423355	0.0134237933759707	0.907762629533648	0.979772897569974
FBgn0038957	109.363464086146	-0.457134930049136	0.366632214966475	1.53965787149182	0.214668737483693	0.765972982598429
FBgn0038959	78.6676800718733	-0.0979605581290448	0.859667786409659	0.0129834496329337	0.909281439585274	0.979772897569974
FBgn0038961	227.996551200262	0.0395940980991231	0.243959650648419	0.0278210849625822	0.867530143101117	0.97411611643373
FBgn0038964	1057.43116962138	0.229726251136795	0.178246984182178	1.65893950526628	0.19774657056688	0.749490743974774
FBgn0038965	843.511898349379	-0.277388943518616	0.233150280865288	1.41274286751192	0.234601594810686	0.781081606355019
FBgn0038966	758.211652303654	0.0749071499865343	0.316644984197757	0.0559560720099626	0.813005635519751	0.96039638452444
FBgn0038968	455.050965787747	0.0685002482000502	0.316734129066527	0.0469667577695247	0.828428000274552	0.964901903583029
FBgn0038972	265.975726759666	0.469560978537674	0.273315159141414	2.93845901715636	0.0864932123870548	0.548234176044388
FBgn0038973	7243.78489779548	0.682103169498701	0.681355522844444	0.993019467329489	0.319005508426202	0.835501112348841
FBgn0038975	402.581590548307	-0.271469090118992	0.573999776340811	0.223477732721278	0.63640274149155	0.920514387313098
FBgn0038976	411.464383535353	0.182743250924854	0.359067247581811	0.2587309509221	0.610993351911582	0.91550458350478
FBgn0038977	43.2127931638338	0.647989568618376	0.45534968923169	2.01888447360445	0.155353234247036	0.696398483728467
FBgn0038978	102.443841591085	-0.179551382908596	0.733869186030565	0.0597901812709978	0.806827875336436	0.959176566879689
FBgn0038981	1825.98672067933	0.0214893006638889	0.261517357126999	0.00675448356291497	0.934499072400752	0.98378812856611
FBgn0038983	120.735870350117	-0.433900522820426	0.439127792538764	0.97566998105448	0.323270161233591	0.838094865409671
FBgn0038984	2620.66978482018	-0.138311675554225	0.135685149518512	1.03844293532862	0.308183880638312	0.832614936158673
FBgn0038989	222.056513607485	0.405694227665505	0.346667431439306	1.36426185094615	0.242800229080616	0.790888808214532
FBgn0039003	360.11953779814	-0.241112363972852	0.263764580162313	0.836462338313396	0.360410507845985	0.857293348360834
FBgn0039004	649.283234434611	-0.234140591702157	0.202868829048488	1.33427992907818	0.248045238876389	0.793047004717352
FBgn0039006	506.830048177274	0.569194743032697	0.285400368373512	3.95603495746953	0.0467035904446598	0.397280741345945
FBgn0039008	193.692530407532	0.766720213629125	0.714593843545281	1.13658169942995	0.286375792044829	0.823270339441738
FBgn0039010	255.679389294242	-0.831368936518032	0.413216862415106	3.99160768488795	0.0457274137839206	0.393743017868923
FBgn0039013	167.221743570902	-0.124079918022112	0.206321773685211	0.366002631117773	0.545191280328554	0.907337639760928
FBgn0039015	178.033408919848	0.0153619893683184	0.311811263303367	0.00409884417092599	0.94895253710119	0.986127648092932
FBgn0039016	788.76142451808	-0.147237730254317	0.39995491880526	0.135604960317522	0.712689971526094	0.939284009468917
FBgn0039019	431.339363271847	-0.0859628250496058	0.284812805243928	0.0912534997945329	0.762589597837239	0.952556923338905
FBgn0039020	98.2346180370721	-0.0183715292314597	0.235541058139939	0.00613090628079505	0.937589334766905	0.984233019444306
FBgn0039022	426.976762082271	0.487663461173411	0.261655187371097	3.46186912475214	0.0627992886170536	0.463542505345256
FBgn0039023	272.433981387097	0.355830768557275	0.224730828836777	2.50760837718702	0.113297757953007	0.621916628241066
FBgn0039024	288.891954761769	0.376475380070222	0.402694185042596	0.873144583457361	0.350086223569736	0.851467182456711
FBgn0039025	299.152479891813	0.140196426143403	0.190357609313847	0.542540883427321	0.461381605471934	0.888270226363548
FBgn0039026	4178.56625364367	-0.238245409771027	0.432141668844605	0.303652379577812	0.581601715142661	0.90865959686355
FBgn0039030	670.406150068416	0.0929315970526229	0.270177634810541	0.118325267700399	0.730858017741474	0.943692519110568
FBgn0039031	1505.04132172791	0.260703898007904	0.206489450030408	1.59139250902619	0.207127295912328	0.757607134477482
FBgn0039040	32.5037928490483	-0.729294034220116	0.734831732308336	0.978122301197217	0.322662819813204	0.838094865409671
FBgn0039043	660.274206363798	-0.10278289505441	0.138479763662768	0.550700506578394	0.458031608735027	0.888270226363548
FBgn0039044	145.206358997544	-0.0204696997375355	0.295653420673789	0.00537576558300401	0.941551785152612	0.98539396278863
FBgn0039045	683.142906796636	-0.113362415913224	0.33107720425625	0.117328208835545	0.731950524767807	0.943742284465887
FBgn0039048	130.052896156331	0.293010745053385	0.427140110544481	0.471410966066209	0.492338773364141	0.892965315521076
FBgn0039049	3059.2956125318	0.154931574645618	0.230966897313567	0.449801789992733	0.502429096156701	0.895295388353976
FBgn0039050	187.075979551477	0.232940968455243	0.21322963987106	1.19329622318936	0.274665675962879	0.812435951668189
FBgn0039051	1127.09139726591	0.775431191346401	0.534237428228788	2.08240668986222	0.149005080205458	0.68752505927826
FBgn0039054	293.737803693554	-0.122137353740717	0.363952820094484	0.112719264223529	0.737069279172392	0.946126559675231
FBgn0039055	688.625094142012	-0.25334655416136	0.243476151558211	1.08277153786375	0.298078370450083	0.832614936158673
FBgn0039056	754.260147789203	-0.197603199353443	0.198960502543636	0.987146966781623	0.320440681878055	0.836537052932144
FBgn0039066	443.300512637012	-0.139099760680019	0.248365454039639	0.313587553628153	0.575487017765962	0.90865959686355
FBgn0039067	200.445229387982	-0.110602688272494	0.203834009926748	0.294548789898833	0.587320196354451	0.90865959686355
FBgn0039068	327.839854987368	0.00488035209246826	0.166685517942772	0.00283645464485005	0.957526044016405	0.987852795717391
FBgn0039070	203.680294717299	-0.563789985617991	0.418888201639746	1.79744258407271	0.180021981741132	0.726518077095339
FBgn0039071	168.197742250727	-0.148840739927555	0.562970482576776	0.069830047579515	0.791584391363285	0.956915308546756
FBgn0039073	1800.95155480973	-0.19435282015008	0.293576502480382	0.437982015202934	0.508098062223073	0.895295388353976
FBgn0039075	177.984574910382	-0.399896971305519	0.406300600520212	0.96917615948253	0.324885728302553	0.838831396674705
FBgn0039078	199.983852637104	-0.304031489710072	0.552819619511567	0.302963482889595	0.582030520186591	0.90865959686355
FBgn0039084	117.130974422322	0.0793615459172971	0.407503193438316	0.0391722237744503	0.843107858811392	0.968366267016608
FBgn0039085	224.601003199541	0.318792469333488	0.256893431145653	1.539690672346	0.214663853830978	0.765972982598429
FBgn0039086	103.561895426052	0.757525968514849	0.268572656774407	7.90935791091611	0.00491797222162195	0.080776066835445
FBgn0039088	127.933314280652	-0.284322291990415	0.721706366926736	0.154554531576863	0.694220335169995	0.933894384001516
FBgn0039091	4002.21526228373	-0.196362386365187	0.30683442218746	0.409265928484544	0.52234232636568	0.902024588541311
FBgn0039098	406.842825945287	-1.23681920995298	0.681090176095295	3.19765407663061	0.0737439791509572	0.508807836371248
FBgn0039099	616.031912971017	0.0352023170981668	0.490877775413791	0.00514528052815422	0.942816294992496	0.98539396278863
FBgn0039102	250.392755892092	-0.0910233131633218	0.489593409807428	0.0345872366061712	0.852463236372554	0.970680322951
FBgn0039104	422.67523020616	-0.438402010496893	0.775525995944989	0.318039081758258	0.572788474837708	0.90865959686355
FBgn0039107	357.026330641727	0.440653968896943	0.217029697942004	4.11240818408217	0.0425697057650704	0.374221555700472
FBgn0039109	2058.17668306121	0.530768609482141	0.271182883552157	3.809200254698	0.0509717825038618	0.417105024500929
FBgn0039110	1087.27612013848	-0.230200797980325	0.217736921078372	1.11586602865702	0.290810349433406	0.826387777315387
FBgn0039111	239.995134625411	-0.115193360305222	0.233075371721713	0.244010412465151	0.621324470339269	0.915541451893316
FBgn0039113	1521.24418405638	-0.166149158714238	0.189086542863987	0.772354873672043	0.379489537769095	0.866723960672899
FBgn0039114	9335.72315978297	0.0956209392784888	0.180099103798598	0.281855309396775	0.595487751835472	0.911189805440844
FBgn0039116	260.256300557745	0.451648602682562	0.49729221714426	0.820460845764956	0.365045459824615	0.862195609600593
FBgn0039117	520.621177651164	-0.131969721746552	0.316039522939945	0.174714870390403	0.675955101800778	0.930018495477913
FBgn0039118	156.915829730862	-0.0417974331627798	0.328669490824846	0.0181212624826301	0.89291609256249	0.978876446894751
FBgn0039120	1851.8438097115	-0.0292881278385636	0.360651991968455	0.00660501958243742	0.935226220361435	0.983791327714752
FBgn0039124	127.143085029779	-0.423815016331242	0.491529783630194	0.7391613847701	0.389929648956125	0.871480042855311
FBgn0039125	468.081781420418	-0.0192191906318285	0.186603573114322	0.0111488327048193	0.91590921998278	0.980404978288931
FBgn0039126	210.638311610618	0.108932921570766	0.350586364848942	0.0975766603229431	0.754757348082715	0.950744853750032
FBgn0039129	94.204119167355	0.201612894205881	0.614154638884751	0.107825531319406	0.74263344903352	0.948205941306244
FBgn0039130	1974.18745035863	-0.199188395259159	0.405649670121713	0.240861491238277	0.623584591685117	0.916152845817619
FBgn0039132	418.233833680284	0.639470290897871	0.45858958473738	1.92779006554967	0.165000425739094	0.710633110232189
FBgn0039135	743.33314140384	0.294156897454564	0.347468811001693	0.715006986674311	0.397786608033602	0.875588961213828
FBgn0039136	1802.79033767892	-0.0932756924137934	0.183308864376984	0.258923145312224	0.610860935329781	0.91550458350478
FBgn0039137	294.4505358001	0.0200946963783968	0.221637713820402	0.009593556988996	0.921974613156853	0.982041643684189
FBgn0039139	228.897682849519	-0.0504436436504232	0.284710959219617	0.0321057628784445	0.857795730823201	0.971373856909766
FBgn0039140	1147.01790470145	-0.211157141642568	0.203009516602686	1.08180131949915	0.298294937789651	0.832614936158673
FBgn0039141	783.637213991623	-0.197851886785084	0.226923728927847	0.760901421779536	0.383046572169423	0.868156254722715
FBgn0039145	58.9303757439323	0.718074032841089	0.628009537477186	1.29242323545927	0.255601859059552	0.802120247773142
FBgn0039150	869.041758963394	-0.0497799399663501	0.271571322607306	0.033728140336251	0.854286288971329	0.971242149961452
FBgn0039151	1704.7955293092	-0.362776998680257	0.215376368165498	2.82923358261502	0.092562523462739	0.569969328934306
FBgn0039152	1825.86811655965	-0.0482246673082952	0.21593776111277	0.0498954707693997	0.823245262267149	0.964052863213496
FBgn0039153	109.274384718446	0.735271274607591	0.359873005977479	4.13505121522946	0.0420037964256618	0.37157884753817
FBgn0039154	982.129591171797	0.320792027796338	0.389590880641533	0.676376167745332	0.410837377686025	0.87822152781539
FBgn0039155	759.661415805889	-0.481262472783896	0.206740476837952	5.39853709666257	0.020153637363443	0.232972721323762
FBgn0039156	1095.76508988538	0.57674295734871	0.387642466396155	2.1998927460056	0.13802034053063	0.672563713757829
FBgn0039157	362.780624435001	-0.0144594527903838	0.277849162438535	0.00315850920704008	0.955181990668097	0.987492945289472
FBgn0039158	148.244445715231	-0.0305180672499092	0.419194568561376	0.00572630842715682	0.939679754047078	0.985192293647789
FBgn0039159	98.2275921158697	-0.216891320354922	0.397074207778233	0.297388620578388	0.585524171423205	0.90865959686355
FBgn0039160	1020.89465909307	-0.238080462413826	0.190207698808034	1.56475521353583	0.210970321633099	0.762253901029463
FBgn0039163	453.368087020055	0.315072416152892	0.441725825516223	0.507301005028708	0.476309570303673	0.889027677218827
FBgn0039165	221.316293283888	0.177650343181757	0.248504282135646	0.511813310382308	0.474354939760327	0.889027677218827
FBgn0039169	367.754739527498	-0.424979904833487	0.271966341655182	2.44271290052181	0.118071866299029	0.632975744749736
FBgn0039172	1738.6522947341	0.0267375066461221	0.187271981711752	0.0204302673471375	0.886341922143054	0.977724198541247
FBgn0039175	1042.79645255278	-0.00523433482912186	0.203084806780142	0.000694076547745226	0.978981897290577	0.992134162437166
FBgn0039178	1847.54277264989	0.298055947893314	0.275619661918247	1.16746122013542	0.279923506104565	0.817116062974214
FBgn0039182	493.057109589311	-0.0157686651637896	0.257105388085005	0.00406460112613161	0.94916592771721	0.986128131602848
FBgn0039183	655.214507154374	0.0280930328811717	0.284442529094398	0.00993382201556869	0.920607461056881	0.981651046799728
FBgn0039184	85.2933145629028	0.770881259022491	0.449003384454202	2.92312565858214	0.0873185725911426	0.549617406877679
FBgn0039186	1357.25048580522	-0.0675475723629833	0.295806846255373	0.052188940703715	0.819297208230045	0.96317149169713
FBgn0039187	1176.67391490141	-0.165419288832905	0.280853200840916	0.347031496295671	0.55579835733728	0.908003182797042
FBgn0039188	340.620385635902	-0.103581313098407	0.216405895554949	0.229341410961965	0.632012592852588	0.918845491159441
FBgn0039189	569.384115744215	0.395412833180351	0.317380628695715	1.5465568496335	0.213644463779939	0.765446969661498
FBgn0039204	490.585431674345	-0.0695137818729749	0.191712349154574	0.131481099190793	0.71690130038984	0.941287941384178
FBgn0039207	2397.80638630337	0.633467102093703	0.292704014786154	4.64870965755799	0.0310768994603138	0.307983800783581
FBgn0039209	1559.06011153436	-0.204259193613025	0.37432582907686	0.297614079794656	0.585382059014509	0.90865959686355
FBgn0039210	194.754796372756	0.0922468675738294	0.315000841258489	0.0871146548870882	0.76787783021757	0.952993416349077
FBgn0039212	414.330479432054	0.0478362005695857	0.218111776156607	0.0484920562108186	0.825708294789475	0.964052863213496
FBgn0039213	3078.99386416763	0.305911876506245	0.177413175755086	2.96892059311119	0.0848784713454352	0.546604347269761
FBgn0039214	2678.13857275237	-0.322111422163848	0.535724189994764	0.360854059017171	0.548032295205009	0.907978647188282
FBgn0039215	839.503456008734	0.0288564366335617	0.219299283193844	0.0174345318072255	0.894952742522948	0.979375762856732
FBgn0039218	111.681647240248	0.954903493902794	0.624128862399927	2.29736334720988	0.129593820902495	0.654185859032377
FBgn0039219	743.284156742196	-0.16959244538342	0.155803257575241	1.18460868659227	0.276419751792221	0.814206915928817
FBgn0039223	566.671699057022	0.149898515248923	0.55993528121963	0.0716020179269208	0.789018367338791	0.956915308546756
FBgn0039226	318.40735033313	-0.0551125026097288	0.248763621591906	0.0492197120725137	0.824426637682366	0.964052863213496
FBgn0039227	851.533891568016	-0.161765294043827	0.257796307905662	0.394287052147646	0.530054509228743	0.902833014908463
FBgn0039229	1686.6083684474	0.0506895389246865	0.177145518622853	0.0820086705424075	0.774593554582263	0.953234312247045
FBgn0039234	1315.26013982649	-0.0462041940138968	0.15862125023451	0.0849740974543778	0.770666520664314	0.953013749214669
FBgn0039238	402.145093595928	0.0703899225690293	0.264803752734083	0.0708132188238153	0.79015639404312	0.956915308546756
FBgn0039239	1570.1990580081	-0.104668353955541	0.29296324362923	0.127597711136062	0.720935934001027	0.942303107445254
FBgn0039240	1267.63959086339	-0.156700026974537	0.275387176161566	0.32392400233914	0.569258951309428	0.90865959686355
FBgn0039241	23862.7966349394	-0.191671884206315	0.391918748122528	0.239007087197692	0.624924170155126	0.916152845817619
FBgn0039244	375.601947896543	0.162418068932722	0.182942177462999	0.788795597863427	0.374464558861153	0.865701388774403
FBgn0039246	99.6602526244457	-0.966884308176149	0.594904454330321	2.58344832217386	0.107986184883002	0.612818630670363
FBgn0039249	650.74707159187	0.027769646930774	0.223617589713946	0.015508707958432	0.900892511032323	0.979772897569974
FBgn0039250	344.73505765867	-0.0834664228601759	0.179819958193591	0.215541562731914	0.642458226452457	0.921446243022313
FBgn0039251	157.485499582753	-0.515247503110739	0.48366188807933	1.12817269929879	0.288165441265851	0.824002166858868
FBgn0039252	725.988254279282	-0.0631149815537994	0.239147982774407	0.0698806379768655	0.791510650289931	0.956915308546756
FBgn0039257	4104.29736333188	-0.58917228263792	0.540110773016387	1.18198633101609	0.276951988753563	0.814240619512538
FBgn0039258	237.641593712068	-0.469502759959682	0.205729013894134	5.19181234085777	0.0226935386737583	0.250942761860874
FBgn0039259	115.283635370182	0.433641474186975	0.649107643332762	0.443774298907485	0.505306365045993	0.895295388353976
FBgn0039260	1385.61412831669	-0.0354392569182769	0.121153827240383	0.085687483339953	0.76973293676486	0.952993416349077
FBgn0039261	1006.66846663927	-0.189169546172562	0.183554509161723	1.06255052452875	0.302634189520979	0.832614936158673
FBgn0039265	687.351911519604	0.261457830655811	0.297613521036934	0.770172966209586	0.380163549165102	0.866725321739229
FBgn0039266	834.495731637146	0.229159708071885	0.264898323697852	0.747152414985862	0.387379293311477	0.869562060032605
FBgn0039269	398.186971729763	0.592854731015779	0.530769222018738	1.23781460744914	0.265892648301202	0.808870738247104
FBgn0039270	119.030924561547	0.112648595921843	0.292048856147475	0.149666695688381	0.698854079488834	0.935295979326931
FBgn0039272	66.8269208663253	-0.117446591559633	0.375664157369961	0.0999686598778666	0.751867246654928	0.949465415610521
FBgn0039273	168.612245949532	0.3618236882595	0.356092996865189	1.02906153682457	0.310379187624668	0.832614936158673
FBgn0039283	91.3335017764228	-0.125224297278051	0.273253454708789	0.215275323374669	0.642663709328665	0.921446243022313
FBgn0039290	468.690103204931	0.25033005502626	0.539465255299261	0.215187170276167	0.642731779699762	0.921446243022313
FBgn0039293	342.54677616551	0.237133970032939	0.182755179398312	1.68268575425875	0.194567960886679	0.747574087456413
FBgn0039297	811.506620383219	0.283248270515145	0.188353352347188	2.25740638308443	0.13297660467071	0.664766073310509
FBgn0039299	7170.99752103143	-0.285631057103691	0.36387069619323	0.615142371149432	0.432858160221434	0.886668014892782
FBgn0039300	6787.96041024406	0.976925858484537	0.516138290568016	3.51600685223184	0.0607787166118286	0.45851376517577
FBgn0039301	169.471230932867	-0.469053568951922	0.259327374506	3.26651576258153	0.0707076496427718	0.497966850298328
FBgn0039302	3944.44435227448	-0.189160906398827	0.401177689537285	0.222214113458435	0.637358028976231	0.920810877688885
FBgn0039303	1700.02341569908	0.57951276905901	0.126704435229292	20.8074072168239	5.07861623141941e-06	0.00022229526462942
FBgn0039306	285.222721406453	-0.0367266300253646	0.259855932857794	0.0199820391662442	0.887587257909796	0.977724198541247
FBgn0039308	408.580380508777	0.102495927913382	0.358171335232782	0.0818845437035804	0.774759595767896	0.953234312247045
FBgn0039311	2303.49973026584	0.832878758287804	0.217620629800533	14.4538443646695	0.00014363637759575	0.00434215869537655
FBgn0039312	1686.55502915311	0.116346028969374	0.286740804173352	0.164554020461793	0.684997884896222	0.931504874015863
FBgn0039313	3027.90677188901	-0.125634241888971	0.283832961666324	0.195829658666085	0.658108294828861	0.925452063254062
FBgn0039325	89.420479113974	0.37823604520105	0.635220024641043	0.353357767038815	0.552218506392033	0.907978647188282
FBgn0039331	148.66001394956	-0.64268361498242	0.47225049677167	1.83437358231686	0.175611832045314	0.721800253941284
FBgn0039332	141.027977756183	-0.0137867918288895	0.396178053786325	0.00203191815629111	0.964046091257892	0.990445397424367
FBgn0039335	264.633526884161	0.0938167975940704	0.239824637418802	0.153729650590456	0.694996349315348	0.933894384001516
FBgn0039338	2064.82731000319	-0.259386339356424	0.257896812227137	1.01075588158395	0.314721821273021	0.834611203004557
FBgn0039341	1414.14039635317	-0.0079603715096751	0.231275782433165	0.00120638571632981	0.972292595778918	0.991444149622978
FBgn0039343	175.849931580335	-0.471777370181445	0.315748155081377	2.21927462737743	0.136297083534908	0.66838197445339
FBgn0039347	145.497374128833	-0.904320769636512	0.360997099885688	6.18115704845705	0.0129117816761176	0.168494741003249
FBgn0039348	2092.22411549487	-0.0203045771746434	0.178752568646097	0.0129619975723472	0.909356092461422	0.979772897569974
FBgn0039349	1158.36460530038	-0.198277295449852	0.146431573760468	1.83120505085708	0.175985277182976	0.721831294055883
FBgn0039350	463.166728268326	0.0216652474842613	0.188284799076812	0.0132879121983649	0.90822857467437	0.979772897569974
FBgn0039357	108.888885370258	-0.0584622384776983	0.408692529408329	0.0212227122833255	0.884173875437789	0.977724198541247
FBgn0039358	2005.03474027084	0.0086359523494386	0.451691306380495	0.000365475063219378	0.984747449095106	0.992617756068896
FBgn0039359	17330.0950093579	0.619742079988966	0.21735321859024	8.0681877387197	0.00450491504748368	0.0758703528237531
FBgn0039360	634.112819393607	0.121395034761763	0.213270057506972	0.324197635444207	0.569095872872079	0.90865959686355
FBgn0039376	38.9229396411575	-1.47408607775195	0.551002080079917	6.97237032352806	0.00827777754619909	0.120985117388273
FBgn0039379	451.307515864173	0.175259936288081	0.388842532689428	0.20292991801621	0.652366222329222	0.923599348459364
FBgn0039381	786.799333758522	-0.0180860811446269	0.214922000196543	0.00709149253832209	0.932888672438808	0.98378812856611
FBgn0039385	448.511264926741	-0.0738180057281118	0.219969149634939	0.112708742974093	0.737081096326789	0.946126559675231
FBgn0039398	326.960167110342	-0.631285123187708	0.52712788844782	1.42138267569014	0.233175955475606	0.780240739081296
FBgn0039402	964.844491651833	0.051317429160704	0.27364929359353	0.0352063468506572	0.851163928899444	0.970630958579679
FBgn0039404	115.716776839463	0.285810719398223	0.330496385291663	0.74792974723924	0.387132477622091	0.869562060032605
FBgn0039405	126.324444419768	0.314778362716268	0.271796117922373	1.34118399828331	0.246825275637692	0.792429197916752
FBgn0039406	1600.80523781558	0.388054223692912	0.351655626183181	1.21362658228645	0.270615074084695	0.810256083869186
FBgn0039417	148.622233313638	-0.222459254338135	0.406984567505011	0.297827796334374	0.585247412771885	0.90865959686355
FBgn0039419	270.220175045364	-0.201507873020166	0.427318816597225	0.222303720135457	0.637290177713667	0.920810877688885
FBgn0039425	104.539136884693	-0.499821071886399	0.497215872512404	1.00192689757297	0.316844703839498	0.834794518653785
FBgn0039427	351.466535719117	0.0353949203198958	0.260847610996404	0.0184627336001455	0.891918010617097	0.978876446894751
FBgn0039430	818.960347107463	-0.0181356626153291	0.156060446724754	0.0136473939845558	0.907001061137691	0.979772897569974
FBgn0039431	484.537216850299	-0.193950292628861	0.376164047052883	0.265995374101877	0.606030848708979	0.914069664297095
FBgn0039449	110.399562616443	-0.490853573917087	0.285556309061579	2.9471392295362	0.0860297226860238	0.548234176044388
FBgn0039451	724.795763973202	-0.183459955365621	0.351180599935464	0.273025587923797	0.601309365699892	0.912514388493636
FBgn0039453	1426.28901780569	-0.175018194482055	0.276843513176798	0.399412869054601	0.52739263156294	0.90232385622236
FBgn0039454	84.6198401077242	0.792946916325251	0.31649713678358	6.23198897639384	0.012546273686939	0.165264708565886
FBgn0039459	113.217566514601	-0.327319200988273	0.319962682749082	1.04912384178063	0.305708960270138	0.832614936158673
FBgn0039464	516.235107732064	0.390019297033107	0.32555591416396	1.43225866281409	0.231396176973302	0.779813484379362
FBgn0039465	572.969293854022	-0.481692457977304	0.320099805862173	2.25473405212576	0.133206338345418	0.664766073310509
FBgn0039466	1141.25246397856	-0.258863580102808	0.406108594143479	0.406081928057304	0.523964893011053	0.90223474301381
FBgn0039470	6801.28113756054	-0.17147763044929	0.594355244991213	0.0831935199670397	0.773015410403955	0.953234312247045
FBgn0039471	5225.09808795191	-0.0229215322313463	0.272447633012054	0.00707824086154574	0.93295125835971	0.98378812856611
FBgn0039474	6589.75632871047	0.469774466150582	0.319648631942823	2.15042504908854	0.142530426067542	0.678270498681551
FBgn0039475	3332.76674235786	-0.140810063211851	0.724254148418251	0.0377829254690596	0.84587967601681	0.969403122177414
FBgn0039476	78.8283770388254	1.05881529496364	0.733105828288345	2.04304077601539	0.152903726671192	0.692764271766279
FBgn0039480	123.272678452035	0.347225425601493	0.341538744200754	1.03118656736498	0.309880139991548	0.832614936158673
FBgn0039482	2054.50020984191	0.262777077960176	0.50062266858566	0.275081004296027	0.59994357746492	0.912217600937776
FBgn0039486	377.164566102344	0.481534194723687	0.420618727165422	1.3053448724289	0.253239224340188	0.7982483163473
FBgn0039487	767.207161977557	0.175152106959053	0.202664125298813	0.746787521839224	0.387495230226333	0.869562060032605
FBgn0039488	123.928293751313	0.342992319436988	0.351484384109781	0.95066469610915	0.329550162342281	0.8415226533537
FBgn0039491	135.945653058319	-0.69882491459979	0.457225683944235	2.30630330687028	0.128850163659053	0.653999148711491
FBgn0039492	2796.06301906337	-0.478862276282351	0.384465486007842	1.54462504660489	0.213930687008062	0.765446969661498
FBgn0039494	896.304620933696	-0.122168759997192	0.28883984344679	0.178931184610832	0.672293377026194	0.929643731878032
FBgn0039501	385.941257133335	-0.39935089217416	0.302601789010918	1.73516236126521	0.187752956751722	0.735739826904372
FBgn0039505	164.530767240815	0.0271444887122189	0.302652708871334	0.0103796793025595	0.918851360565455	0.980450334458111
FBgn0039507	836.643024709896	-0.180393376373678	0.355735763982718	0.257223408558175	0.61203415953932	0.91550458350478
FBgn0039508	651.349480392364	-0.0622350033796201	0.242970853598051	0.065817540685984	0.797526721890435	0.957909169986809
FBgn0039509	421.366258164374	0.139173355266236	0.234319334654824	0.352928562351025	0.55246000525033	0.907978647188282
FBgn0039511	227.534488937745	-0.241220108218403	0.68042397189395	0.125321092162082	0.72333349319522	0.942405474262163
FBgn0039518	147.167420310967	-0.435181890448503	0.569689399202852	0.579791148253591	0.446394195789719	0.888270226363548
FBgn0039527	683.765818964358	-0.798351381781227	0.504167930763301	2.47797817161049	0.115450576827665	0.627899048750957
FBgn0039528	1300.5311513149	-0.1429541637188	0.330285246383888	0.187376427769053	0.665109223346266	0.927023786961361
FBgn0039529	374.416802838976	0.0600385751756654	0.24818524324352	0.0586998125499747	0.808562867455121	0.95990427152039
FBgn0039531	138.116680988011	0.0694662969867759	0.285879511344453	0.0620934999695208	0.803217160717317	0.958402428540451
FBgn0039532	483.573742202206	0.0372245949799564	0.3125780766653	0.0142666761430377	0.904924243840872	0.979772897569974
FBgn0039537	2792.08014380066	0.0922514603410564	0.154356614300643	0.357096399416193	0.550123259837488	0.907978647188282
FBgn0039543	2893.06758843081	0.433893579561055	0.313518757748944	1.90876537022457	0.167100467836721	0.712125928853857
FBgn0039544	339.761128962813	0.275447898613208	0.253411304895051	1.18079366532506	0.277194480298116	0.814240619512538
FBgn0039554	506.59547588695	-0.0875858695771892	0.220962720535918	0.158124591432127	0.690889061695361	0.932428404446413
FBgn0039555	564.568343250412	0.124642830003471	0.155815878781496	0.639917705393103	0.423740598803519	0.881464354540785
FBgn0039557	229.62417918134	0.0874012305779138	0.212085332407555	0.172479214659404	0.677917785191763	0.930018495477913
FBgn0039559	820.773123514662	-0.287771580615241	0.286423628205713	1.00907780286228	0.315123870293543	0.834612066592375
FBgn0039560	926.077333694979	-0.247891599017635	0.223604336061176	1.22911831696564	0.267578572962829	0.810256083869186
FBgn0039561	1153.42882131215	-0.149679847733102	0.282464437232411	0.280900566865711	0.596111560008777	0.911189805440844
FBgn0039562	12652.5905888555	0.367916082139413	0.202107029014026	3.30510436579162	0.069064958120911	0.491036996948575
FBgn0039563	200.58815739137	-0.072213627789917	0.262209725055403	0.0759043314391192	0.782926435793875	0.954728206666318
FBgn0039566	724.555458287953	-0.0352619539565419	0.216959205233326	0.026829352812058	0.869891204316599	0.974872073753393
FBgn0039580	2528.03378576695	-0.112466951172705	0.317126255220086	0.125775215686176	0.722853299274268	0.942405474262163
FBgn0039581	1058.47358896322	-0.11504911075596	0.132872767784271	0.750546137619764	0.386303375445246	0.869208451738112
FBgn0039588	114.963768443025	-0.285193291586925	0.269791128891808	1.11960372988771	0.290003797139793	0.825886787923695
FBgn0039589	262.222053015533	-0.0704392334591132	0.280651656665837	0.063079441349835	0.80169333968683	0.958174580223308
FBgn0039590	1147.76222063873	-0.788185571281704	0.45848549726649	2.92210649348738	0.0873737334113016	0.549617406877679
FBgn0039593	782.406680781601	-0.336562810737241	0.542126773083828	0.384407656695231	0.53525372170589	0.906910394964332
FBgn0039594	801.2578501234	0.294830450037055	0.2661321477759	1.22635425548295	0.268117221930069	0.810256083869186
FBgn0039595	297.650581766772	0.506596647741333	0.210671544784784	5.77167955770642	0.01628646183644	0.20098594019595
FBgn0039600	1511.8042058806	-0.0301007660239233	0.30273168282454	0.00991624952631298	0.920677481065619	0.981651046799728
FBgn0039601	494.939903108996	-0.174657202128391	0.198292890084115	0.778100172845868	0.377722804916203	0.865701388774403
FBgn0039602	199.803782271273	0.0971939114020701	0.234476939282167	0.17209318286698	0.678258190636978	0.930018495477913
FBgn0039609	75.822740271411	-1.01852864109094	0.470152992018916	4.65608507967421	0.0309436689535059	0.30738840884783
FBgn0039611	628.297868422024	-0.227521672612751	0.146546201399647	2.41065055653819	0.120512274835753	0.63857944515914
FBgn0039620	1380.6665401709	-0.273075811047353	0.297415473115435	0.841851950171758	0.358867648792123	0.85582398423638
FBgn0039625	622.510738439	0.114223603016631	0.203985965761288	0.313688474289506	0.575425560932665	0.90865959686355
FBgn0039626	253.653451154894	0.099244048848125	0.19042451010467	0.273405686494087	0.601056304515855	0.912514388493636
FBgn0039631	205.85941755843	-0.2768618171656	0.238563186292375	1.35361053827817	0.244647908083174	0.792429197916752
FBgn0039632	1354.54142592657	-0.303936465922113	0.29667680159294	1.04776248424987	0.306022970158925	0.832614936158673
FBgn0039633	2081.34542555834	-0.169816320487446	0.5403729369378	0.0987245986925984	0.75336556696859	0.950354973832676
FBgn0039634	495.212547505525	-0.209559063365417	0.151635587310664	1.91308530102926	0.166620940826177	0.710803241981315
FBgn0039635	2148.1275684646	-0.173514675591406	0.232555083959865	0.556399848985805	0.455714445971863	0.888270226363548
FBgn0039636	375.465737302735	-0.0899746208194795	0.21466707511047	0.17562864082516	0.675157148492622	0.930018495477913
FBgn0039637	2484.26073216598	-0.402430886766267	0.425176714264405	0.892934586179564	0.344683299979712	0.847552993638526
FBgn0039638	162.409641755515	-0.291525110756487	0.202326634564182	2.08551651943404	0.148701917760091	0.68752505927826
FBgn0039640	291.234829157853	-0.261034945932034	0.252287522666823	1.07349290653519	0.300157811684807	0.832614936158673
FBgn0039642	229.972272584497	0.109366860759705	0.445752247368709	0.0602887949697077	0.806040069222798	0.959086727233997
FBgn0039645	283.642418239119	1.82463642888342	0.741871253958714	5.69738797828924	0.0169901793640807	0.207537016534497
FBgn0039647	101.632667612991	-0.177352917267061	0.380225927352709	0.218152124743796	0.640451528000978	0.921446243022313
FBgn0039651	139.937811546704	-0.448031306204729	0.425550331600206	1.10229077181458	0.2937639247722	0.82889125003713
FBgn0039654	478.387604861336	-0.441191361205525	0.190661213304809	5.35462798220851	0.0206673430735816	0.236310681891673
FBgn0039663	176.406835049494	-0.112570274007494	0.394266947819669	0.0814656228387989	0.775320982471932	0.953234312247045
FBgn0039664	134.906572743042	-0.00825169061841427	0.344777745861998	0.00263322833399116	0.959074522498313	0.988479554461102
FBgn0039665	540.077300084151	-0.0881168501819881	0.202116433272271	0.190079152052391	0.66285074812438	0.927023786961361
FBgn0039667	143.593167387423	0.340977362115301	0.668238996658394	0.259807882468152	0.610252172818098	0.91550458350478
FBgn0039668	2481.19639343055	-0.172018314551544	0.221114203546075	0.605185784809763	0.436606226812324	0.888270226363548
FBgn0039669	64.5879439775547	-0.377434269101636	0.619693761167408	0.367814024105137	0.544198230001086	0.907173673980027
FBgn0039670	3362.97985897098	0.394574472717439	0.206377826128867	3.64481532451869	0.0562440411451746	0.439674611227153
FBgn0039671	787.395038162972	0.0762534732319543	0.287389344992112	0.0705496383995694	0.790538182224079	0.956915308546756
FBgn0039674	1469.54259135999	0.239090301496595	0.31727147762338	0.567290830314349	0.451337481019987	0.888270226363548
FBgn0039678	1749.67590358631	0.942720368239681	0.261793442453821	12.7472292465494	0.00035653693965811	0.00963452231796384
FBgn0039680	587.777009803422	-0.358912653795211	0.355379844130725	1.01935641487374	0.312671717993934	0.833849223328102
FBgn0039681	101.498221755735	0.785558715621663	0.278800614846721	7.88775535248492	0.004977059549926	0.0812178805001516
FBgn0039682	6206.12994926664	0.298228080653932	0.313370196893409	0.903990683303334	0.341713911237378	0.846378930161783
FBgn0039683	116.772373560132	-0.233978961318585	0.345622251615301	0.460357707375046	0.497456845615082	0.894106779299073
FBgn0039685	168506.53708492	0.326514215073407	0.205804641584663	2.511697397348	0.113004156324282	0.621652175162146
FBgn0039688	2383.35480983976	-0.72199658027827	0.334812327932112	4.6043164240333	0.0318915651518867	0.313469840393515
FBgn0039689	366.190666469571	0.167173864738679	0.222312320105056	0.565234663226612	0.452158772553825	0.888270226363548
FBgn0039690	1350.54534109778	0.960035925080526	0.175576517641862	29.4154869625428	5.84090060776518e-08	3.45682596532807e-06
FBgn0039691	593.511286903375	0.0512358960906851	0.145041067672669	0.124884999592304	0.723795543445121	0.942405474262163
FBgn0039694	130.409887992878	-0.384881672745983	0.513669156377088	0.55781415827002	0.455142294487121	0.888270226363548
FBgn0039696	319.012739812397	-0.105405196609736	0.188786513908011	0.313194870609109	0.57572627042294	0.90865959686355
FBgn0039697	1994.54256059653	0.269168144694924	0.283176767732973	0.901893064005108	0.342274617800356	0.847018812719138
FBgn0039698	345.799342293854	0.18446145934199	0.191919497386044	0.923674428286105	0.336512033380633	0.844445245903506
FBgn0039704	596.8854495154	-0.722644611234812	0.362645573690289	3.93536136917365	0.0472809811860747	0.397925315364833
FBgn0039705	400.770859782904	0.235344116336837	0.183041134748023	1.65217481996633	0.198663184779048	0.750424073325388
FBgn0039707	62.0952460576605	-0.429259999683606	0.788336358416061	0.294067977050858	0.587625390785141	0.908692018198927
FBgn0039709	1307.93659206701	-0.309410091262974	0.385908940148461	0.642063770274618	0.422964462667252	0.881034667480375
FBgn0039710	329.269097921523	-0.0631274686202224	0.216896812327078	0.085572012065569	0.769883763196103	0.952993416349077
FBgn0039711	146.794487706024	0.0590330722596658	0.370040102454417	0.0263490318499677	0.87105083519808	0.974916578858414
FBgn0039712	325.247443109849	-0.133081512108395	0.198667035855342	0.448163787985607	0.503208234399784	0.895295388353976
FBgn0039713	29058.8155696787	0.258445578554334	0.254393153101792	1.03070149894674	0.309993962689219	0.832614936158673
FBgn0039714	3167.16502869885	0.391195196568911	0.34559985770948	1.27717416822446	0.25842511277687	0.803836573577056
FBgn0039726	319.253190642885	0.232168597877965	0.289417861182704	0.642708977830637	0.422731536144641	0.881034667480375
FBgn0039727	957.337207706427	-0.136283023604611	0.437973051163495	0.0968682433896646	0.755620733873764	0.951004969670816
FBgn0039728	658.046692763691	-0.253975294766971	0.585757650979442	0.187883739378179	0.664683830298122	0.927023786961361
FBgn0039730	400.894145063929	0.0224408161254659	0.157222500226335	0.0208026914927402	0.885317760934675	0.977724198541247
FBgn0039733	369.983003094644	-0.427639338598511	0.201380383816622	4.50590996300633	0.0337779191959644	0.324422437626154
FBgn0039734	113.492236634148	-0.0927681267942797	0.266863414306777	0.123510310639354	0.725258025147381	0.942405474262163
FBgn0039735	992.869683997174	0.44096192088896	0.368007410124581	1.42954925412735	0.231838014525062	0.780240739081296
FBgn0039737	7374.06778304843	0.219087107505149	0.423609428678008	0.267236964258146	0.60519129115695	0.914069664297095
FBgn0039738	517.605470347021	-0.0356879268072459	0.240605096828824	0.0219975914989021	0.882093506842303	0.977724198541247
FBgn0039740	203.461378232534	0.0076109235280005	0.224648879646931	0.00218700654411919	0.962700172354236	0.989774698090503
FBgn0039741	209.849395222459	0.0208630084807291	0.322870420018165	0.00421936306739923	0.948208535907191	0.986108716218789
FBgn0039742	406.165429731336	-0.521304353278809	0.315538220189988	2.71112238244639	0.0996508571866243	0.59024468480448
FBgn0039743	612.629981938122	0.228290469859809	0.348876243906099	0.427447017563367	0.513244324078534	0.898418100303269
FBgn0039756	696.15585858175	1.70681780340651	0.648619721035045	6.56158645031422	0.0104203426802466	0.14450917472738
FBgn0039757	28182.6111323912	0.158383920753893	0.129901984728152	1.4858153980713	0.222866861236981	0.773568331726624
FBgn0039759	289.347439384982	-0.664685004214459	0.74838539629831	0.782830414435679	0.376276893907251	0.865701388774403
FBgn0039760	14903.8127312581	-0.970221181598889	0.321228452360187	8.95637784179144	0.0027650256666715	0.0525730219518265
FBgn0039767	1404.01224950328	-0.339794157412682	0.23468684938448	2.09323851019074	0.147952146074592	0.686955710282249
FBgn0039768	294.223740713091	-0.683701655811803	0.840838161951028	0.655255147994069	0.418240069206686	0.880042449076863
FBgn0039773	454.962838402459	-0.385678233402091	0.257201585332184	2.24546164861671	0.134006909819258	0.666388509944527
FBgn0039774	838.20212613052	0.248536428677316	0.362023681068112	0.470835344455949	0.492603121873458	0.892965315521076
FBgn0039776	1024.3141963938	0.296867577134138	0.196735572759161	2.27374688417409	0.131581440473718	0.660579704743804
FBgn0039777	30677.2756638068	0.333578801646369	0.346141505794576	0.92666908897121	0.335729958604636	0.84405489605778
FBgn0039787	494.466160748526	-0.530699068209031	0.183227281772708	8.36207983536684	0.00383131802097763	0.0668569491168898
FBgn0039789	924.621116443938	-0.584964458721048	0.272406907974723	4.58370088409262	0.032277430344255	0.316005132006233
FBgn0039790	962.759662931404	0.214396458143914	0.159924172852929	1.79701789103289	0.180073435815039	0.726518077095339
FBgn0039792	274.640215072116	-0.731005861889635	0.543324981929079	1.7890214635153	0.181045433317361	0.72654447334996
FBgn0039795	553.572031190384	-1.87327367776834	0.980696773688679	3.41956412480283	0.0644280221740337	0.470419720547853
FBgn0039797	291.251543982875	-0.669396257283923	0.351398967100952	3.59229771143733	0.0580479310714251	0.447554874058951
FBgn0039798	466.566126590314	0.900233517195154	0.251735279163304	12.6372076125457	0.000378144392904695	0.0100250015077951
FBgn0039799	63.7839201111935	-0.793945635838516	0.65124875198003	1.45944581524312	0.227018317916747	0.779156488035392
FBgn0039800	2636.00981276407	0.396720855041571	0.188620297060733	4.4108639248237	0.0357107513854682	0.336827334055527
FBgn0039801	110.44157564123	-0.302049789166293	0.301597009573017	1.00158554865432	0.316927155418276	0.834794518653785
FBgn0039802	797.767916885723	0.108675446241447	0.199113592831341	0.29790309302841	0.5851999890916	0.90865959686355
FBgn0039805	337.871896539301	0.294396169904216	0.570368549675992	0.266116921864707	0.605948549240378	0.914069664297095
FBgn0039807	108.038795850496	0.0760807445615127	0.424101683496385	0.0322054974785715	0.857577384928398	0.971373856909766
FBgn0039808	135.964014703546	-0.223147009863279	0.310311983504293	0.519120402108605	0.471217134748718	0.888270226363548
FBgn0039818	728.537525460631	0.388419383067273	0.38065695213627	1.03874333322462	0.308113919543443	0.832614936158673
FBgn0039827	1123.72040232083	0.203254676987981	0.263587707242321	0.594258620760442	0.440777045309059	0.888270226363548
FBgn0039828	329.131893049692	0.128883230182046	0.298594896150012	0.186481723629072	0.665861123725221	0.927023786961361
FBgn0039829	65.0225536856231	0.600744303982658	0.674995119374313	0.784909423899379	0.375643856305557	0.865701388774403
FBgn0039830	12627.5342953166	0.10186946922494	0.369857217694135	0.075843938004013	0.783010648393209	0.954728206666318
FBgn0039831	1308.00241447452	-0.26003878500145	0.393523276316211	0.436138395972108	0.508992200263567	0.895638704148873
FBgn0039840	352.641806769866	0.391030339686089	0.37244732127304	1.10003472649294	0.294258483418598	0.829013843328828
FBgn0039844	2249.62013734768	-0.31761483439101	0.442017539945686	0.515227887790346	0.472884458918433	0.888270226363548
FBgn0039846	325.767301402945	-0.0636848346037719	0.199466982927675	0.104091387674892	0.746973979337456	0.948987319166172
FBgn0039849	1646.7538897945	-0.0728110286419681	0.196127285910871	0.137830606772823	0.710447278686627	0.939099247610764
FBgn0039851	187.475954488446	-0.735145189688652	0.549704589969148	1.7713437280571	0.183215869507308	0.729851848760788
FBgn0039852	302.246370647234	-0.438926026071855	0.346901233310926	1.59974337395795	0.20593958217189	0.757156699969694
FBgn0039854	268.384072295917	0.221000758125289	0.33008463596095	0.448401233149539	0.503095162629508	0.895295388353976
FBgn0039856	318.494872189619	-0.252370670312404	0.497369619908192	0.257032865214214	0.61216598351044	0.91550458350478
FBgn0039857	20150.9418947163	0.242422600632905	0.164436114695471	2.17089698824161	0.140644177078438	0.67600820263168
FBgn0039858	18069.004390242	-0.0528778148544088	0.427667003795414	0.0152873027319913	0.901598869087231	0.979772897569974
FBgn0039861	269.609930739977	-0.097452909293396	0.202082059917304	0.232370750003142	0.6297714978557	0.917738801452974
FBgn0039863	1352.87016685207	-0.156954704675741	0.361868313756713	0.188176675781364	0.664438506661177	0.927023786961361
FBgn0039867	268.413252865303	0.0251404406089016	0.185171122413043	0.0184797747262877	0.891868448574715	0.978876446894751
FBgn0039869	633.344893302489	0.211370109894442	0.34352049200735	0.378019288937807	0.538665190203687	0.907173673980027
FBgn0039870	99.4189323731007	0.729379691333044	0.55505207093469	1.70574506723072	0.191538358229092	0.741450190030994
FBgn0039872	478.393471845651	-0.213086133283143	0.473975775273562	0.201958767351613	0.653144409350605	0.923735839112994
FBgn0039873	135.641453350129	1.50602721941044	0.984912323680223	2.24338306450227	0.134187110033516	0.666388509944527
FBgn0039875	1328.22247912666	-0.0517487805978266	0.218512015049426	0.0561187293892402	0.812739086802306	0.96039638452444
FBgn0039876	115.200089842873	0.0331547131677151	0.304796556670686	0.0128428137657863	0.909771994853164	0.979928201397765
FBgn0039877	581.042666086219	0.0583757345953263	0.170058772496794	0.118046461721818	0.731162993785707	0.943692519110568
FBgn0039882	550.912875975895	0.0929755751724803	0.311678829724116	0.0890211746422125	0.765425236764299	0.952993416349077
FBgn0039883	353.891206157016	-0.172062208288878	0.441027039177044	0.152340492392355	0.696308659152314	0.93449025415459
FBgn0039886	347.371512995855	0.209295299687704	0.330869275628526	0.399574997083903	0.527308827693209	0.90232385622236
FBgn0039889	205.032979657604	1.20660101550228	0.769653722733919	2.38896936827057	0.122194164938703	0.642628136511175
FBgn0039890	1462.19244493983	0.489879359858506	0.35701602555039	1.87334505861641	0.171092457024211	0.716066239457902
FBgn0039897	2182.75671745001	0.705107311727409	0.29702170661018	5.5806302666648	0.0181601860136383	0.21709559496247
FBgn0039902	765.37025319655	0.494923535875134	0.426118892975461	1.3418310149145	0.246711323018872	0.792429197916752
FBgn0039904	1343.63205240915	0.143290599732622	0.240147313717927	0.355852171872897	0.550818906293901	0.907978647188282
FBgn0039907	1337.89963645217	-0.0867354225455083	0.175777571122323	0.243880207141885	0.621417564088918	0.915541451893316
FBgn0039908	383.958546356467	0.211113576737996	0.216968249699369	0.946016212008956	0.330735413516036	0.841662811307778
FBgn0039909	1683.69784585733	0.21972699230905	0.150374013993103	2.13274805284685	0.144182063692108	0.680305051811271
FBgn0039914	391.354020005605	0.815715985898227	0.567397057763152	2.0388572648317	0.153324791228615	0.692764271766279
FBgn0039920	600.002301966077	0.450533991388081	0.259683226750353	2.9999061620662	0.0832693394689306	0.542564369061377
FBgn0039924	647.187170908364	1.007810575358	0.675563705360299	2.1811555745273	0.139709527906811	0.67439337882185
FBgn0039927	518.523314860954	1.23688408932274	0.555950598105675	4.80630386246331	0.0283558017007363	0.290819871769412
FBgn0039928	1014.57472729871	0.602323733009146	0.503095833106087	1.4226495009958	0.232967800067397	0.780240739081296
FBgn0039929	365.86901491747	0.754728428873092	0.434792571461937	2.97797966717741	0.0844045701526288	0.545240295687099
FBgn0039936	1857.55404715237	0.18112668649041	0.206297409393668	0.770236542486771	0.380143885963836	0.866725321739229
FBgn0039938	195.988821975209	0.138624188678205	0.229434667601215	0.365281971021879	0.545587297643928	0.907763937715218
FBgn0039941	267.404562974353	0.429198986408348	0.38013089037626	1.27241317651206	0.25931445736317	0.803865252556282
FBgn0039943	399.229799720194	0.0672171947480615	0.200752528708025	0.112232961886647	0.737616122186919	0.946222198858289
FBgn0039944	449.472771553517	0.0402277177778794	0.321356725995026	0.0157091390819488	0.900257470307865	0.979772897569974
FBgn0039946	102.366425990944	-0.0623826267349125	0.277602195357771	0.0534937260945156	0.817091761907708	0.961742180262238
FBgn0039955	731.593186235517	0.333204760273756	0.365770178362643	0.827643064459039	0.362954948059653	0.859882178227178
FBgn0039966	143.326356626577	-0.0385657900957825	0.316494506741813	0.0156013517430509	0.900598466109988	0.979772897569974
FBgn0039969	372.756551747975	1.2259381186294	0.739534254839303	2.66892951496828	0.102324827246552	0.599959734848459
FBgn0039993	701.474583983062	0.389320847945571	0.265995788846248	2.13427280640822	0.144038753703629	0.680305051811271
FBgn0039994	461.194786823262	0.633373348506793	0.511896384201251	1.51777364114744	0.217956718837707	0.768878039252776
FBgn0040005	435.655613404747	1.10122607248843	0.694313470616587	2.45639230565045	0.117047341997696	0.631364481481797
FBgn0040007	1793.2989693793	2.25579555376114	1.40744753010334	2.34339532195756	0.12581506014227	0.65078499017855
FBgn0040009	158.113849671344	0.271272463912643	0.328266238949261	0.68222859998879	0.408820368524123	0.87822152781539
FBgn0040010	413.581500748516	1.32354167826864	0.738759801547296	3.10321642940468	0.0781377740232115	0.524078094885131
FBgn0040011	926.985990235223	0.392627421194998	0.404625411305553	0.93822928756218	0.332733639993639	0.84199398783608
FBgn0040022	485.586598054813	0.69969175187594	0.504931132503452	1.90091032880267	0.167976459673117	0.713814852619918
FBgn0040028	252.839674925317	-0.73226189398747	0.35987711382811	4.09433912699676	0.0430270479002617	0.377452307467432
FBgn0040038	109.261690315665	-0.877761952490776	0.644953849365476	1.81689748898723	0.177683021376049	0.724877724099182
FBgn0040056	216.12662422968	1.3060467207584	0.668109225727771	3.69968657703187	0.054422690052382	0.43311390833354
FBgn0040060	37595.0661067114	0.0310617707452786	0.258569892866382	0.014430460850221	0.904382660670653	0.979772897569974
FBgn0040064	5208.63381259356	0.508402954828406	0.116407848805192	18.9798589683731	1.32105597041162e-05	0.000536335960161315
FBgn0040066	589.184865036582	-0.0650866506578865	0.139619409313991	0.217337413983998	0.641076207418845	0.921446243022313
FBgn0040068	828.551811670001	-0.231213626761281	0.373499045595177	0.382993714344721	0.536005389903841	0.906910394964332
FBgn0040070	2404.77722097616	0.462969492605481	0.186295134514976	6.14850556573695	0.0131523193096504	0.170837853907731
FBgn0040071	1148.02553864104	-0.0567399704443187	0.350607108656855	0.0262369492655381	0.871322991885477	0.974916578858414
FBgn0040075	1057.62912058052	-0.341459383579984	0.204765190304508	2.77557778639911	0.0957121121291092	0.578679561390672
FBgn0040076	43.9411940646215	-0.781332045607835	0.786898907094776	0.966086637485851	0.325658103223335	0.838856040403755
FBgn0040077	336.371741598459	0.202915715885523	0.308583547418429	0.43206354187798	0.510978133025457	0.896060535082063
FBgn0040078	1029.30473126941	-0.0628719043462385	0.157538192074505	0.159343676362056	0.689761498016676	0.932137258324584
FBgn0040079	284.803354718455	-0.0636147044733038	0.178278233228862	0.127293151961759	0.721255268086132	0.942303107445254
FBgn0040080	947.375244002862	-0.247661182707396	0.239942338223773	1.06557749500637	0.301946525916582	0.832614936158673
FBgn0040087	1264.4029082451	-0.0673750418835858	0.268592058782874	0.062999604540181	0.801816258382999	0.958174580223308
FBgn0040091	197.718703065022	0.224429348632347	0.234723410998612	0.91382302803531	0.339102087617223	0.844975856087411
FBgn0040099	800.736013341911	1.29003430363052	0.4807686629802	6.97474416917872	0.0082668040080777	0.120985117388273
FBgn0040102	175.521686997855	0.777150260068045	0.42492608343971	3.3042773993663	0.0690997299887906	0.491036996948575
FBgn0040153	569.295282062019	-0.749785559835357	0.434576039401646	2.94374070179822	0.0862108699341559	0.548234176044388
FBgn0040206	471.261315222453	0.0644786798420497	0.191205478229752	0.113722365288211	0.735945432194659	0.945951584996377
FBgn0040207	492.865479410849	-0.0278548222309814	0.177478083092925	0.025695271327308	0.872646770331461	0.975386188335215
FBgn0040208	993.654952963037	-0.449907857988483	0.134881674566597	11.0980264857802	0.000864196347402116	0.020343714575819
FBgn0040211	86.153473805592	1.11289083126809	0.694523439679046	2.51648460671602	0.112661487731211	0.621264529457413
FBgn0040212	366.560973825142	0.103759122422123	0.448400616991123	0.0536008516461237	0.816911954821332	0.961742180262238
FBgn0040227	4946.11982230104	-0.115520804306541	0.197895268264997	0.340740086170257	0.559402341379101	0.90865959686355
FBgn0040228	261.007722860141	0.00465706154432217	0.358280265615141	0.00062629162597716	0.980034369322268	0.992134162437166
FBgn0040230	786.156541318856	-0.471802407030063	0.152002278387994	9.61190115836904	0.00193320401273382	0.0392431075435146
FBgn0040232	441.903883909586	-0.21523308643478	0.280918956598938	0.586359894988576	0.443830186909205	0.888270226363548
FBgn0040233	596.161944080404	0.0217668909522161	0.287052604659637	0.00583840458611462	0.939093348779632	0.98504000288867
FBgn0040234	633.458455943087	0.0681793664418304	0.492263663202865	0.0191999078601839	0.889794904346307	0.978134254561984
FBgn0040236	2974.78878600381	-0.231354922143986	0.42521813864247	0.295780136039568	0.586540071120253	0.90865959686355
FBgn0040238	748.925615267595	0.359440080813581	0.250973994036592	2.04841142432674	0.152365097822649	0.692358666582045
FBgn0040239	363.196360801744	0.184084099022516	0.308907013738019	0.354897987039251	0.551353508193267	0.907978647188282
FBgn0040256	217.613447262789	0.706051065188781	0.517417623206407	1.84551660401192	0.17430574151727	0.721427072425416
FBgn0040259	393.659364955096	0.766950613237825	0.409351263695452	3.47453851122874	0.0623201029933491	0.463542505345256
FBgn0040260	208.136221205322	0.849652654404025	0.578617490982652	2.12998405032081	0.144442258910734	0.680305051811271
FBgn0040268	383.377884485578	0.00542084404071916	0.223040250037697	0.000955252449870159	0.975343580951563	0.991444149622978
FBgn0040271	715.857485522439	-0.086385102810876	0.317791979154663	0.074055185043477	0.785521429917026	0.955927777582309
FBgn0040273	1308.0682617673	-0.167660332377639	0.239829807114847	0.488910594968544	0.48441366590562	0.889061465007825
FBgn0040281	177.067122765807	-0.399119226323953	0.231500145990247	2.97104194695428	0.0847672410403944	0.546306666950518
FBgn0040283	810.780048707293	-0.0369193825110356	0.193724619375564	0.0363560915251355	0.848782001793042	0.969983775980133
FBgn0040285	1998.82552231986	0.21674281893242	0.224895859126906	0.927635788916078	0.33547801831683	0.84405489605778
FBgn0040290	168.674072300131	0.162094286274529	0.479937485012955	0.114378570350524	0.735213221871201	0.945424433670538
FBgn0040291	67.809416488256	-0.674078516147688	0.468628113444232	2.04003907580037	0.153205710572276	0.692764271766279
FBgn0040294	320.406816091867	-0.0709742326825207	0.193449795197492	0.137424499159508	0.710854952850742	0.939158326986629
FBgn0040297	1504.7098886529	-0.0634279772573243	0.233901854598728	0.0735744048642175	0.78620181821899	0.956065302765536
FBgn0040298	193.379717281676	-0.0436630280548351	0.237009233490046	0.0372152008638409	0.847027559867119	0.969720854011998
FBgn0040299	890.696813752566	0.602107812126926	0.284398014183463	4.45435824514965	0.0348122944628603	0.331209820987843
FBgn0040305	752.599753614846	0.0866233725805763	0.280503358474307	0.0954796724494713	0.757323160891824	0.951679100282497
FBgn0040308	591.499166265319	-0.117602535750278	0.196443696189713	0.358089624823009	0.549569127911415	0.907978647188282
FBgn0040309	2731.70164936953	0.667023433948777	0.361036170202961	3.38385940388906	0.065837717570764	0.47698291246957
FBgn0040319	2296.75737794568	-0.0076588666502381	0.440538606610643	0.000302779776973239	0.986117055791244	0.992991760146979
FBgn0040321	3167.93100445357	-0.00622750730999263	0.238228074165751	0.000694943593657626	0.978968776436747	0.992134162437166
FBgn0040322	152.20675062309	0.305426715146723	0.279443641579753	1.19291013052869	0.274743333488933	0.812435951668189
FBgn0040323	336.434958401022	0.144084547750903	0.196343741273345	0.539208025695508	0.46276113170075	0.888270226363548
FBgn0040324	760.099277481935	0.114564632065682	0.376691535292254	0.0924521286057143	0.761082625018842	0.951947965569036
FBgn0040333	108.885273732546	-0.72264297629669	0.330564798880943	4.73661264579079	0.0295271542570648	0.297537415319391
FBgn0040334	379.377396419022	-0.142576406043686	0.279449730439584	0.260480649226608	0.60979013453564	0.91550458350478
FBgn0040336	425.668046266857	0.429975243118139	0.353451963356231	1.47550820050321	0.224478630589685	0.776590687686833
FBgn0040337	203.034339520433	0.0972290979947148	0.197717797540271	0.242395454406399	0.622481319592572	0.915541451893316
FBgn0040339	172.671066499982	0.102161892345082	0.402946786050682	0.0651552523195065	0.798525946004	0.957999832735677
FBgn0040340	3496.70880333268	0.232671802892134	0.191086768186542	1.48114272862691	0.223595817371636	0.774886288326279
FBgn0040342	249.07072281132	0.545554074689718	0.468700644318631	1.34918908638632	0.245419931843343	0.792429197916752
FBgn0040344	750.350162078	-0.253991063033726	0.416434308373589	0.371881363684508	0.541980545528148	0.907173673980027
FBgn0040346	317.786285420143	0.00373535374710937	0.215753258577424	0.000561188604926599	0.981100345508719	0.992134162437166
FBgn0040349	396.470173551694	-0.65414903774424	0.322358655095232	4.08419259529103	0.0432861273625384	0.378773009651129
FBgn0040350	620.260584155929	-0.261537624650054	0.188639797892819	1.92090730497975	0.165756674101363	0.710803241981315
FBgn0040355	37.7296370214902	-0.781438357814804	0.608730443628585	1.61938338687994	0.203177786908201	0.755105290430039
FBgn0040356	29.8218135813812	-0.876767400608015	0.580134291989831	2.24346989751601	0.134179576735493	0.666388509944527
FBgn0040364	939.900968345484	0.479675706178527	0.271623714146068	3.10575190560753	0.078016198886886	0.523695335222486
FBgn0040367	172.476897408673	-0.690868470824699	0.688573544413318	0.996071639134428	0.318262926911795	0.834794518653785
FBgn0040368	69.6101963719914	-0.403741436552767	0.578099705310956	0.483738042165314	0.486733998150318	0.89023746654946
FBgn0040371	124.025756343608	-0.444156378373375	0.80979714504684	0.298815564497147	0.584625909907517	0.90865959686355
FBgn0040372	610.908656986518	0.0114009540124254	0.182801712818702	0.00452055146936914	0.94639458521522	0.985720685676657
FBgn0040373	240.110423813326	0.505020836749339	0.475297420854096	1.12166590456533	0.289560024216247	0.825810292247889
FBgn0040377	161.706148327672	0.48262102812415	0.269062422140718	3.20473310822594	0.0734254875195645	0.508670174820094
FBgn0040382	2770.60335164906	-0.327823916062647	0.264070945689765	1.53832691909395	0.214867011784933	0.765972982598429
FBgn0040383	2228.62113770609	0.283241898336654	0.174596528860067	2.62688141866565	0.105067899591572	0.605211637420416
FBgn0040388	543.998642004261	-0.0838405625468538	0.247295709991293	0.115602276279432	0.733854007048268	0.945153167468266
FBgn0040391	67.2551612425307	-0.111405262367734	0.355180666922952	0.0984813634816462	0.753659724661169	0.950354973832676
FBgn0040393	923.942029737453	-0.165898518879075	0.426062544281122	0.151442798716175	0.697160363691779	0.934588562205409
FBgn0040394	875.772607160758	-0.0319749821006558	0.134367782254429	0.0566801777131332	0.811822155458528	0.96039638452444
FBgn0040395	1053.16487457338	-0.254446548450484	0.170231588681939	2.2324951461279	0.135135462600923	0.666869305753469
FBgn0040396	579.986228010795	0.656412349980674	0.407537753581105	2.57067433239106	0.108861318044586	0.613773318427373
FBgn0040397	749.628153924436	-0.121294874530864	0.350786259819527	0.11959891686648	0.72946990423249	0.943692519110568
FBgn0040398	8378.23145345956	0.34220362572797	0.273532471342282	1.56155700472426	0.211437390404738	0.76320755582898
FBgn0040465	85.0761415305883	0.0127455517441691	0.399310476619321	0.00279501377068669	0.957837168838772	0.988052481517251
FBgn0040466	61.3098741337711	1.01178553566911	0.588461718127421	2.90041141707802	0.0885569474859776	0.554156803181054
FBgn0040475	2018.76768587755	-0.093516556902193	0.211340303670844	0.195821518185014	0.658114949129685	0.925452063254062
FBgn0040493	6570.42893300731	-0.0269085717760278	0.157195549390059	0.0293028850833537	0.864081560874245	0.972458577783987
FBgn0040496	111.997822654804	-0.885577536474558	0.301251556154831	8.54488143106153	0.00346495170108088	0.0620883882641444
FBgn0040505	547.070514179646	-0.138534441924504	0.352103060445239	0.155093674018147	0.69371442331445	0.933894384001516
FBgn0040507	639.302185399064	0.339306712990443	0.464833831067837	0.531879942513228	0.465817563268048	0.888270226363548
FBgn0040508	236.938439968796	-0.80295319579263	0.397805114321995	4.02295327610172	0.0448850508382691	0.388479883877254
FBgn0040512	840.125652815734	0.249905431554912	0.281444042210977	0.78694211367791	0.37502636769776	0.865701388774403
FBgn0040513	228.99239586965	0.0174436306937517	0.244022383351733	0.00694853741607915	0.933566972795618	0.98378812856611
FBgn0040519	146.457587115595	0.138868430243621	0.923847857471275	0.0226016925271182	0.880497486215594	0.977632563635335
FBgn0040529	2057.57922944466	0.1203368566418	0.196315313126475	0.375549497585467	0.539994747153358	0.907173673980027
FBgn0040532	1389.74366256076	0.101210853134788	0.48966905133339	0.0427018687922782	0.836287656584705	0.967103958315968
FBgn0040534	186.872442126522	0.27932633623765	0.359882614079855	0.601396175916328	0.438045817022334	0.888270226363548
FBgn0040551	346.373108860378	0.626766038943085	0.417488981908711	2.23414757931857	0.134991052083485	0.666548062109055
FBgn0040565	1585.91329059176	-0.541679056622566	0.445541590802204	1.46908465355301	0.22549017028702	0.777158387408573
FBgn0040609	1689.31680422401	0.949950007771922	0.693219394864298	1.84477957453525	0.174391783517868	0.721427072425416
FBgn0040623	772.275619675626	-0.0393366868255524	0.245405008153615	0.0258770417993901	0.872200968973827	0.975386188335215
FBgn0040636	675.698596703788	0.388351719301014	0.528435857095414	0.538178149499203	0.463188742573421	0.888270226363548
FBgn0040660	5342.53410387751	0.288554341235911	0.350200723367922	0.677698670282567	0.410380306841965	0.87822152781539
FBgn0040666	169.624830899076	0.175448118962165	0.327859433078676	0.287731245661369	0.591678082943713	0.910126688985424
FBgn0040696	120.029681781628	-0.402137729744344	0.572511724305677	0.490138834751107	0.483865379985752	0.889027677218827
FBgn0040717	4282.02301533557	-0.458745327990715	0.384294622229981	1.41920899623995	0.233533642280837	0.780240739081296
FBgn0040718	6829.64173637212	0.329559682593479	0.358964918931837	0.841013172048605	0.359107163820663	0.856037287753854
FBgn0040723	361.684010911642	0.893642135553121	0.318911734128926	7.74970637427025	0.00537212749144033	0.0864891943257942
FBgn0040729	97.619954734505	1.15225222486784	0.465822722753921	5.97631567668237	0.0144992604462858	0.185185083268368
FBgn0040732	3693.6104744372	-0.37174204046338	0.421686051249026	0.774846757088127	0.378721832917692	0.86579112403379
FBgn0040752	2237.91971644855	-0.230670748065652	0.44342222891065	0.270410910937201	0.603056262918561	0.913333002985688
FBgn0040754	186.511702480119	0.851071066129371	0.68534253021891	1.51840514914164	0.217861001341869	0.768878039252776
FBgn0040759	685.851887835812	0.63184798959568	0.630032021619586	0.997460601185978	0.317925749205564	0.834794518653785
FBgn0040765	359.126235578295	0.411589360852386	0.420962803988367	0.95299630988103	0.328957783336342	0.8415226533537
FBgn0040773	942.265252060307	0.243839888669368	0.236357221290571	1.06242845506407	0.302661963501312	0.832614936158673
FBgn0040777	4385.03018668754	-0.117983600794622	0.17725124514126	0.442965884254704	0.505694412211066	0.895295388353976
FBgn0040793	989.748079890072	-0.0116348059357242	0.20839246101673	0.00319610561118111	0.954916322991144	0.987492945289472
FBgn0040817	728.916113081758	0.7487324802079	0.590529074592637	1.58921970700132	0.207437651343295	0.757607134477482
FBgn0040827	3518.64362156313	1.11239542331359	0.374219679893542	8.62653291441637	0.00331301527802276	0.0603960529208314
FBgn0040837	85.734855233717	1.02631453554765	0.404996883385341	6.33943282800024	0.0118082633266672	0.158778631995698
FBgn0040842	52.0287747671362	1.07041974322175	0.48873545368601	4.7127224653815	0.0299402011554415	0.300107727050752
FBgn0040850	329.343055520548	0.778595958510575	0.657151794445566	1.38610166260338	0.23906454021228	0.787572871793024
FBgn0040890	158.628885764948	0.265618946362033	0.345998092856025	0.589197635433351	0.44272955593846	0.888270226363548
FBgn0040899	142.538401819722	0.336624044098899	0.403919128807102	0.692564219263993	0.40529356177509	0.87822152781539
FBgn0040918	2487.31885568383	0.0610033215165842	0.201118858161405	0.0919987024972357	0.761651432282182	0.952375931691632
FBgn0040941	10152.0986290056	0.347668338136385	0.283138212955951	1.50401690678379	0.220054328187821	0.770878105081471
FBgn0040942	440.488758377032	0.621355688468353	0.444155810894242	1.94033520732194	0.163632142440817	0.710621263810123
FBgn0040950	7114.7793225831	0.483656428393327	0.454286334963052	1.12827597181476	0.288143376146013	0.824002166858868
FBgn0040958	3264.62742533855	0.0818018530465713	0.182373210658104	0.201146172951951	0.653797274548777	0.923886976220126
FBgn0040959	6977.28075501521	0.101997278817335	0.267863460491201	0.144972010536165	0.703387352577075	0.936451299634442
FBgn0040963	108.90826990204	0.338399045991131	0.916691612202321	0.135736577684781	0.712556766809553	0.939284009468917
FBgn0040964	73.7406076188359	1.00501473936422	0.443585172189621	5.05130669178243	0.0246073742258774	0.267876130821598
FBgn0040968	163.421820709178	0.907764764116924	0.56557859160455	2.53305561450273	0.111484141997215	0.617190703020285
FBgn0040985	1444.70501613989	1.09390405328117	0.528210582246767	4.18976375037919	0.0406687643481421	0.363209665867999
FBgn0040992	4634.83241157784	0.098787398415643	0.568990901795743	0.0301330377321136	0.8621887111011	0.97208975956209
FBgn0040993	1637.43568118794	-0.500155379599301	0.413234857326926	1.45705105081676	0.227399912831966	0.779156488035392
FBgn0041004	422.244742358477	0.502985329893144	0.427186249127418	1.37847533471364	0.240361024074739	0.788656393900322
FBgn0041087	263.580932235882	0.18593505791305	0.178506991213871	1.0851421326945	0.297550067171501	0.832400050684574
FBgn0041092	3773.02013904524	-0.340910489369665	0.426554399067925	0.637408638962668	0.424650727211444	0.881714569656874
FBgn0041094	2236.92178731565	0.0367714038243847	0.149092726952116	0.0608270009447693	0.80519357437144	0.959086727233997
FBgn0041096	775.291838239313	-0.0987685961925146	0.436165495714359	0.0513178526796452	0.820785775799961	0.963913613307178
FBgn0041097	240.986797945771	-0.247873683737182	0.340416393138054	0.532539917252407	0.465540978662125	0.888270226363548
FBgn0041100	225.257117327241	-0.63999048207421	0.33327231023121	3.65038809177356	0.0560561480294901	0.438636748640442
FBgn0041102	165.634900741879	0.39715397362292	0.905784683418027	0.19137167840114	0.661777425215838	0.926929580252318
FBgn0041111	1779.25523411103	-0.349935879059332	0.441972487310528	0.625554244960625	0.428990750967851	0.884165712876296
FBgn0041147	152.104701754778	-0.0484793106964185	0.240145845877416	0.0414009204654988	0.838766002534866	0.967778591818814
FBgn0041150	241.872638106325	0.412546581890306	0.418564105932439	0.96957958424349	0.324785051749099	0.838831396674705
FBgn0041156	314.146543506685	0.110125551719137	0.409219977285915	0.0726366451204257	0.787535813318006	0.956285359792591
FBgn0041160	445.04662762331	-0.0556091033356705	0.275999617112967	0.0406636126078155	0.840188628187713	0.968048427651431
FBgn0041164	401.337671293337	-0.114074326844007	0.226728531909253	0.254209734406174	0.61412634905785	0.91550458350478
FBgn0041171	2533.946219524	-0.266507961684653	0.353192445663077	0.5687802349333	0.450744026009959	0.888270226363548
FBgn0041174	125.334856798098	0.0556069514790565	0.287285763337246	0.0383730088783167	0.84469603117301	0.968990642366636
FBgn0041181	1057.14693029623	-0.198923701646309	0.350946146352293	0.321240847842105	0.570862893401463	0.90865959686355
FBgn0041182	5902.62276985593	0.272507890197338	0.24713786702909	1.21418955895652	0.270503974922799	0.810256083869186
FBgn0041184	3246.46981797381	0.473745527320224	0.566468322481552	0.696386570870303	0.404000529040536	0.876638380081762
FBgn0041188	2251.94118655217	-0.395817631639701	0.376137659414526	1.10433194480387	0.293317385236935	0.82858464051469
FBgn0041191	1030.67652608202	0.174179776096831	0.326033176628545	0.285115401593231	0.593367835345369	0.911189805440844
FBgn0041194	3550.19387381128	-0.0931906575508414	0.260086369034898	0.128373182031069	0.720124778475129	0.94218267399484
FBgn0041195	162.915982292703	-0.628977856249991	0.491389031585439	1.62584087418783	0.202279280545887	0.755017386110545
FBgn0041205	921.757428465353	0.196737187630032	0.26484072784039	0.551161961753195	0.457843305532797	0.888270226363548
FBgn0041210	951.449961145448	-0.188305423194137	0.398845623065221	0.222835129225899	0.63688813143452	0.920647652326233
FBgn0041342	2273.01725176737	0.311560702130478	0.404852221686369	0.59118655930321	0.44196065006596	0.888270226363548
FBgn0041579	496.543070845178	-0.305757952215073	0.983750932100738	0.0964249119142409	0.756162808600173	0.951173812823807
FBgn0041581	172.021328380689	-0.182914632041731	1.07009400316489	0.0291997106718185	NA	NA
FBgn0041582	1002.21399922627	-0.236518156808582	0.388061292102833	0.371197343895801	0.542352335468809	0.907173673980027
FBgn0041585	1103.96565319696	0.329007452697928	0.146928306171277	5.00651651651562	0.0252520707200532	0.271726507466488
FBgn0041588	567.726620942978	-0.290068166514014	0.167113698535429	3.0101103823424	0.0827466560289899	0.541023856162233
FBgn0041604	941.342400779337	-0.153466689895799	0.22026682907644	0.486165987055003	0.485642572913871	0.889622202826641
FBgn0041605	324.703875278694	0.63078702463558	0.3200160356939	3.8549857830054	0.0495983471619451	0.412289326952509
FBgn0041627	229.835952457503	0.0417792080410977	0.247193902276644	0.0291894696996593	0.864342294448791	0.972458577783987
FBgn0041629	1467.91850830172	0.0322610650063988	0.258205933102488	0.0156290495108919	0.900510727591318	0.979772897569974
FBgn0041630	3756.28981265215	-0.00795321493919775	0.171161626540598	0.00218068472103994	0.962754082106119	0.989774698090503
FBgn0041707	325.902865750659	0.106280935230532	0.265045363770815	0.160909570450087	0.688320474492921	0.931504874015863
FBgn0041710	1394.11165496993	0.449371953797382	0.524658981726365	0.730519538283303	0.392714837743288	0.872919006760984
FBgn0041711	2618.21640346969	-0.126584299699047	0.356406710077567	0.12608018922684	0.722531365292324	0.942405474262163
FBgn0041712	546.964666349444	0.16571699637058	0.298686341343672	0.307756795532796	0.579059978391187	0.90865959686355
FBgn0041723	213.878379446609	-0.268601137454217	0.391473650063033	0.471755914637598	0.492180472928376	0.892965315521076
FBgn0041775	5296.90262699466	-0.27793867381625	0.345149817978219	0.647519423330863	0.421000948978682	0.880998997812958
FBgn0041781	1553.60987313577	-0.244173659484734	0.308201226944679	0.627135868066688	0.428407846649312	0.883894051617638
FBgn0041789	6912.97435695507	0.298183204050076	0.426912753923558	0.486994341202589	0.485271132262969	0.889469704588438
FBgn0042083	461.195428595337	0.481029792110336	0.20716583398006	5.3753066518412	0.0204237504533817	0.234479129527358
FBgn0042085	1022.97267657841	-0.326398326910488	0.444276222800926	0.53895845888978	0.462864695633941	0.888270226363548
FBgn0042086	6341.83795537422	0.581609544516066	0.434889159074755	1.77673064856289	0.182551296961034	0.728438996349228
FBgn0042094	734.654782300329	0.535013469948483	0.204279884715227	6.8215217618544	0.00900657911939381	0.129830687683337
FBgn0042102	851.439507703891	0.345159277065224	0.338048281902238	1.04068181786035	0.307662952130997	0.832614936158673
FBgn0042103	59.1550532918545	0.609576801596656	0.479849792851103	1.60956517855544	0.204552935362683	0.756454122201563
FBgn0042104	480.863096735502	0.139693372002788	0.317634875999267	0.193495884501871	0.660022811652494	0.925753143696909
FBgn0042111	463.405440341861	-0.261984812672903	0.224050460743176	1.36771486367014	0.242204890041314	0.790406091073906
FBgn0042125	195.699207002262	-0.176141188045668	0.30603792464174	0.330538679035392	0.565342066381607	0.90865959686355
FBgn0042127	116.143232656612	-0.827663704409247	0.259218541557825	10.1932890868566	0.00140952677453342	0.0304515758693543
FBgn0042132	238.318034309461	-0.201541023645201	0.257867250244993	0.611298533136491	0.43429930799942	0.887393966551695
FBgn0042134	6033.87941604541	-0.177040521127725	0.310034741127528	0.325928796762042	0.568066251395859	0.90865959686355
FBgn0042135	3994.95905898559	0.284817334374124	0.445151878116018	0.408620761719888	0.522670383589926	0.902024588541311
FBgn0042138	1279.71798341084	0.0173495992255412	0.170281429845533	0.0104660897774806	0.91851545273096	0.980450334458111
FBgn0042173	47.2141632040026	0.395925590910176	1.36290592671191	0.0840406940882517	0.771894477990329	0.953146024147509
FBgn0042175	1908.26989522863	-0.387320790579736	0.2629876628843	2.16254606788692	0.141410207584091	0.676983849511963
FBgn0042177	1127.39648643457	0.673134879802378	0.377325172412037	3.15631918134471	0.0756335371450999	0.516052687783004
FBgn0042179	334.838301997519	0.216141165519632	0.258554656959369	0.698636465522696	0.4032422412112	0.876559751465851
FBgn0042180	185.133556399191	-0.312100599518127	0.237120865768202	1.73976555088956	0.187168535733372	0.735739826904372
FBgn0042185	371.153843380734	0.120227819435814	0.222942977130782	0.291526409619038	0.589244027535386	0.909459468761687
FBgn0042189	318.921770272216	-0.19459268769784	0.677823342110736	0.0822524978577945	0.774267788651134	0.953234312247045
FBgn0042206	257.631792597188	-0.913873977665698	0.237968995000272	14.6001164838268	0.000132906328411631	0.00409137283505987
FBgn0042213	74.4132060490322	1.05593456539423	0.726183174291223	2.06969460355762	0.15025160580119	0.690007920848743
FBgn0042627	680.069065378874	0.627228720074395	0.669479701009422	0.871176370472654	0.350629845343069	0.851483008530474
FBgn0042630	98.783844115948	-0.498080430215758	0.424327347901093	1.37716699175732	0.240584301701821	0.788656393900322
FBgn0042641	653.585446066778	0.034242606763689	0.126528275527659	0.0733505961857333	0.786519360886208	0.956065302765536
FBgn0042693	1493.34856207064	-0.0703412495154153	0.158872356129914	0.196258532516111	0.657757952680544	0.925452063254062
FBgn0042710	137.437738128394	-0.27508513978151	0.552590359545577	0.246673779116648	0.619426971487065	0.91550458350478
FBgn0042712	814.60598506245	-0.111407218848737	0.183344272512358	0.369472248241948	0.543292078661639	0.907173673980027
FBgn0043001	153.300080397823	0.907170356104792	0.49597042881526	3.28997858632648	0.0697039312740509	0.493922292097069
FBgn0043002	124.63632172969	-0.0301693498562404	0.336158213710989	0.0104784432469742	0.918467545103353	0.980450334458111
FBgn0043010	556.459516066944	-0.0659415601807945	0.161358070490697	0.166956412126751	0.682831028250939	0.930593309535773
FBgn0043012	639.272545832548	0.0674120821865072	0.339394095106669	0.0395509133026053	0.842361218907055	0.968366267016608
FBgn0043025	107.824306232863	-0.221537685083126	0.542685449537571	0.16610019920104	0.683601199059569	0.930663288011764
FBgn0043069	738.832759705452	-0.21940972687166	0.207334290020379	1.1208565137825	0.289734099118016	0.825810292247889
FBgn0043070	2072.05145160676	-0.150254887740745	0.154503848226823	0.945840079465938	0.330780434492613	0.841662811307778
FBgn0043362	1996.9992421234	-0.681800602301035	0.510338115540821	1.76934803817524	0.183462785028203	0.729851848760788
FBgn0043364	1034.91335623288	0.103625551418306	0.472642866168509	0.0480466166477953	0.826497850592356	0.964572689401216
FBgn0043455	177.581245153689	0.536872517763788	0.526441006354199	1.03239517429472	0.309596773298066	0.832614936158673
FBgn0043456	2655.73160864276	-0.0243885766080522	0.221183162891668	0.0121672512739792	0.912167282645195	0.980376791913083
FBgn0043457	245.405807934632	-0.260246842212819	0.185713138743578	1.97078446043794	0.160364620533358	0.703012504782371
FBgn0043458	1164.19096456467	-0.0167886447935211	0.234031560473122	0.00524782995996986	0.942250235032671	0.98539396278863
FBgn0043470	126.244237705454	1.76176203663631	1.02930805368983	2.77058542194054	0.0960110412620171	0.579349609878457
FBgn0043471	384.317495105675	1.03873493346395	0.650353616529619	2.49981501000575	0.113859671606292	0.623778800638381
FBgn0043578	502.807958702784	0.533728286993781	0.657364966896185	0.655505972987044	0.418151001551425	0.880042449076863
FBgn0043783	367.003366310756	0.414110134487423	0.371039915340829	1.24253217682264	0.264983599108402	0.808613713473861
FBgn0043792	197.873640982594	0.0976517861339228	0.321940811803959	0.0925218176764062	0.760995337696118	0.951947965569036
FBgn0043796	287.454636909613	0.00968930258161184	0.179293555330168	0.0037172153977636	0.951383920798517	0.986885525775761
FBgn0043806	419.713045292212	-0.121214376314936	0.26321672268698	0.211877386114878	0.645299890763098	0.922314497582819
FBgn0043841	4672.99961583651	-0.248059211921463	0.348356046398801	0.506346937944855	0.476724529167557	0.889027677218827
FBgn0043884	8990.83079828193	-0.306811376396153	0.591063012650441	0.26896137808788	0.604029340977604	0.913818646548297
FBgn0043900	567.666055954337	-0.184783983253357	0.16807674171005	1.20926504810332	0.271477726091737	0.81102375989842
FBgn0043903	2586.98387205259	-0.0381611932223722	0.537245742691919	0.00504806506154409	0.943358171447219	0.985454577109065
FBgn0044020	370.947325511423	0.581836302955778	0.496545629729404	1.36256371200976	0.243093661662352	0.791375012342244
FBgn0044030	166.569955161547	-0.201014985338563	0.265605723954905	0.571225273343671	0.449772435820064	0.888270226363548
FBgn0044047	1319.43624492068	-0.250417234676783	0.420972381556751	0.35338378352084	0.552203874185155	0.907978647188282
FBgn0044050	34.8138209632719	1.41426979020902	0.56558317385411	6.09716871469081	0.0135398646478518	0.17452304064501
FBgn0044323	2922.87052036625	-0.313543529379273	0.404553282802831	0.599554744253936	0.438747961759516	0.888270226363548
FBgn0044324	1227.0670668858	-0.0673461220081852	0.139418231316124	0.23381067678919	0.628712552393976	0.91746836088192
FBgn0044419	260.519620067979	0.633322056274906	0.332011695989084	3.60663572060976	0.0575494286932454	0.445850601328013
FBgn0044452	3485.69222216591	-0.436615736203151	0.320916998469045	1.84465171858002	0.174406714603925	0.721427072425416
FBgn0044823	463.685457174327	0.147389412691708	0.273021734925041	0.291257012535297	0.589416130942139	0.909479312853999
FBgn0044826	1611.13059066906	0.0296202016586366	0.289661970731721	0.0104637377422563	0.918524577326734	0.980450334458111
FBgn0044871	366.30541759734	-0.0786413306378824	0.234370004626192	0.113116235649429	0.736623860305754	0.945994334047915
FBgn0045035	464.570154193164	-0.005211715543622	0.3142921479286	0.000412054406069728	0.983804755162408	0.992425298569785
FBgn0045038	85.5474589097405	-0.336399737435542	0.317736099130318	1.1171376616101	0.290535625269844	0.826387777315387
FBgn0045063	956.440122613358	0.0304233145946903	0.24112485366443	0.0159677434028822	0.899444164250436	0.979772897569974
FBgn0045064	2124.22320663979	-0.0359332367724906	0.461524436006026	0.00606180589274175	0.937941327204467	0.984445974001041
FBgn0045073	1524.97079666137	0.0498851663707323	0.178960214909101	0.0777048635369937	0.780432143906521	0.954139036571197
FBgn0045770	1612.7014521184	-0.743086551177695	0.401887541894575	3.38082422526452	0.0659590618922962	0.477450435954226
FBgn0045823	8561.09506529774	-0.10618458051658	0.180285239155514	0.346808571621892	0.555925303855643	0.908003182797042
FBgn0045827	177.319696493453	-0.0823459316273026	0.680250077605046	0.0150796610208204	0.902266051347417	0.979772897569974
FBgn0045842	706.596329989177	-0.319913086749932	0.253513566361365	1.58818711211053	0.207585336238251	0.757607134477482
FBgn0045862	904.610546857572	-0.318085692703518	0.274581304137841	1.34096966834635	0.246863037633398	0.792429197916752
FBgn0045866	1580.41437466484	0.250109516280109	0.151704572014715	2.71397885343077	0.0994726077549972	0.59024468480448
FBgn0046113	292.163612021042	-0.051955723191867	0.30936115172054	0.0283594910987262	0.86626643339063	0.973532984181478
FBgn0046114	1354.6594112298	0.234821157174199	0.262141271990685	0.801390535536726	0.370677947199194	0.864188409640516
FBgn0046214	3612.47604945796	-0.0172011282348087	0.143060138369871	0.0144643793406658	0.9042708934918	0.979772897569974
FBgn0046222	855.13160736473	-0.160567373913777	0.264574337109132	0.368540484354369	0.543800905966174	0.907173673980027
FBgn0046225	375.523392653632	-0.62128159700612	0.254910682935126	5.90444750249817	0.0151027020550808	0.190267184852917
FBgn0046247	502.262927256557	-0.194944860517872	0.219849249533864	0.784864392997918	0.375657551907903	0.865701388774403
FBgn0046253	751.89230707734	-0.416699616114272	0.646868111800586	0.413390254458278	0.520253742497711	0.900900502564648
FBgn0046258	520.779799644321	0.0883665708155262	0.24176633739619	0.133675900667171	0.714650775742173	0.93960030027178
FBgn0046294	1031.04335521178	-0.328305723707462	0.593661687377143	0.305004645770822	0.58076183528009	0.90865959686355
FBgn0046296	420.521413827623	-0.0136302462086852	0.186088381126418	0.00644492717721334	0.936014322941517	0.983817395465111
FBgn0046301	303.010333833429	0.507427227312984	0.236590343230254	4.57717135304119	0.0324006584808232	0.316172620354296
FBgn0046302	4475.67401457011	0.559536610681686	0.227337043499398	6.0216779532812	0.0141312050630682	0.181034523399428
FBgn0046332	191.263791622629	-0.478387708284455	0.49751476263232	0.917777234606618	0.338059275485304	0.844975856087411
FBgn0046685	631.582851654738	-0.017954794260224	0.274246237908425	0.00446077267132239	0.946749667768649	0.985720685676657
FBgn0046687	265.50408422893	-0.231601945074331	0.421697699202035	0.301267377126933	0.583088977960696	0.90865959686355
FBgn0046689	454.280759744189	0.436499696125566	0.421550913067385	1.06768603689453	0.301468700763128	0.832614936158673
FBgn0046692	161.77192634801	1.28612547561742	0.790596261369992	2.5634269636052	0.109361290148707	0.613942740420665
FBgn0046704	1082.97307576232	-0.339152934140374	0.419877129712972	0.651250733974393	0.419665864192411	0.880143567087002
FBgn0046706	148.193652779857	1.52212669955729	0.90168674796362	2.72826901577407	0.0985860837705671	0.588060147435234
FBgn0046763	645.618050376419	0.145245166922832	0.339970483975088	0.182382111259713	0.669334033851307	0.928040220157118
FBgn0046873	65.0791451915593	-0.993995876977824	0.475419212748741	4.27476957693415	0.0386822082579382	0.354509572736873
FBgn0046874	7499.75771012926	0.762108483089729	0.152820468675536	24.594887032012	7.07391779338823e-07	3.71557532097717e-05
FBgn0046876	369.22299292283	-0.815333800752397	0.704546201489668	1.32072534914758	0.250461914686869	0.794894989059082
FBgn0046878	52.145225415135	-0.810636874538592	0.684790703450306	1.3725606687219	0.241372412202809	0.790406091073906
FBgn0047135	3621.00737590923	0.660783584406278	0.372351976181835	3.12181349437557	0.0772507655503017	0.521818199149979
FBgn0047178	137.276331793578	0.464370503284049	0.496694358568055	0.868758419112972	0.351299260144079	0.852040110317703
FBgn0047351	98.1646911329616	0.844311110582268	1.18041482220854	0.503682422736873	0.477886550926669	0.889027677218827
FBgn0050000	639.158513724751	0.447098089457656	0.332685712263056	1.79763908693339	0.179998180010933	0.726518077095339
FBgn0050011	1882.54314527683	-0.13567049744952	0.219433873296929	0.382181511527364	0.53643803455641	0.906910394964332
FBgn0050015	2578.76347509582	-0.325085370862268	0.346390479018188	0.879321409074478	0.348387607344552	0.85100574775865
FBgn0050020	808.314002251513	-0.166977492556861	0.2926532402906	0.325921099755945	0.568070821218979	0.90865959686355
FBgn0050022	407.377409212578	0.361566661858216	0.216413851964965	2.78331531415533	0.0952508109725095	0.57780184404153
FBgn0050025	137.931044037474	-0.728414984161084	0.512914390574784	2.00842691665056	0.156427444444218	0.698105302645605
FBgn0050031	2862.74719476581	-0.212723023471558	0.401062106420082	0.281138596188271	0.595955909831346	0.911189805440844
FBgn0050035	3650.72603197677	-0.0390998710744921	0.129378061780246	0.0913278144209073	0.762495852927949	0.952556923338905
FBgn0050039	83.3589753886441	0.803011136597305	0.945329215251171	0.711145888943335	0.399063666823473	0.875888394068263
FBgn0050042	42.3718026438327	1.34502274847285	0.749966444610948	3.12350013432809	0.0771708568560396	0.521818199149979
FBgn0050043	813.605383755986	-0.742757687467727	0.442900951726465	2.7839227411303	0.0952146995951342	0.57780184404153
FBgn0050046	760.204071246641	-0.275060412385547	0.27061598635661	1.03274757845364	0.309514213042671	0.832614936158673
FBgn0050047	576.920271832265	-0.441169512314774	0.345274796699566	1.62822262719328	0.201949060522066	0.754637574311893
FBgn0050069	4231.34915924582	0.279867672942695	0.423166088516919	0.436773432819265	0.508683907279805	0.895295388353976
FBgn0050077	148.92130564935	0.31892145498231	0.311573996784488	1.04652573157448	0.30630860112108	0.832614936158673
FBgn0050083	60.3932584180571	-3.79923872621119	1.2107053667252	8.02788941744587	0.00460624833586127	0.0774218220291563
FBgn0050085	366.203609682527	-0.170534693732986	0.319476608116005	0.285376264280288	0.593198879958475	0.911189805440844
FBgn0050088	25.5334931988327	-1.58044892489984	0.755131917173215	4.24630030772271	0.0393359359849503	0.357388098059372
FBgn0050089	486.056779254571	-0.344366656772624	0.277774234476716	1.53487826246102	0.215381778455759	0.766267273292033
FBgn0050090	136.831296487678	-0.524681872441667	0.304585533584	2.94687590602647	0.0860437435415248	0.548234176044388
FBgn0050091	363.519166037787	-0.771559166586492	0.268157266165475	8.19802413771791	0.00419360347268627	0.0714869038224248
FBgn0050100	83.9079694133216	0.154210915137113	0.308824905320531	0.255686831500974	0.613098966257754	0.91550458350478
FBgn0050109	132.038571836977	0.429670969426784	0.542029136170622	0.624984675989154	0.429200958008682	0.884165712876296
FBgn0050115	1883.07343929929	-0.109831999947893	0.324896510576445	0.114318532307976	0.735280116429157	0.945424433670538
FBgn0050122	3528.51143703943	-0.117615296270957	0.271375053470188	0.187838522724377	0.664721717845623	0.927023786961361
FBgn0050147	454.428118718767	-0.0298600905667405	0.345954225661882	0.00756776444029583	0.930677156652022	0.98378812856611
FBgn0050151	48.6297322444584	-0.521843548229769	0.404975083797151	1.65397113081619	0.198419299628356	0.750424073325388
FBgn0050154	70.422425665094	0.575103126073697	0.648553824525457	0.779561313035806	0.377275339428475	0.865701388774403
FBgn0050156	153.041171822686	-0.682910685033308	0.432944346383722	2.46259336545935	0.116586150254601	0.630090036488533
FBgn0050159	597.246086392912	0.174765612752849	0.239622091849151	0.531680312337983	0.465901276790682	0.888270226363548
FBgn0050177	70.2177079406357	-0.613641676290285	0.533823272984237	1.30735585214809	0.252873951296789	0.7982483163473
FBgn0050178	37.4775224230099	-0.447312462237347	0.754910580136375	0.346724038130951	0.555973456603943	0.908003182797042
FBgn0050183	410.753213610403	-0.439576000380342	0.407890141180339	1.1590196208787	0.281668955243248	0.819576757857731
FBgn0050185	377.982325290887	-0.0178139298113015	0.219207390916709	0.00753141399741253	0.930843428626936	0.98378812856611
FBgn0050197	431.560936364076	-0.0825663150533232	0.450939803516796	0.033567917720859	0.854628936659148	0.971310121918865
FBgn0050271	248.648412719511	-0.566396268811116	0.364147047997715	2.40263883792427	0.121130766983768	0.640205897968199
FBgn0050273	241.770209444643	0.0312066966086039	0.271536624500539	0.0137118154698754	0.906782821395139	0.979772897569974
FBgn0050277	218.361430929011	0.029385730920161	0.244663918859957	0.0170389589785955	0.896144459715183	0.979604323549219
FBgn0050278	78.9732669589999	-0.500210158047433	0.587450278579706	0.717384861326984	0.397003064053128	0.875469365075436
FBgn0050291	1027.60346833355	-0.123545363322255	0.193370710512822	0.408364483572655	0.522800798274031	0.902024588541311
FBgn0050293	249.855666289949	-0.353844194570184	0.52052227087709	0.459946116631514	0.497649156712577	0.894106779299073
FBgn0050296	734.577983314227	0.279546024127831	0.261288424150417	1.14255605957189	0.285112866480956	0.823238447391109
FBgn0050324	76.3707226515767	-0.592303922026842	0.782768110856079	0.56592812569	0.451881522871254	0.888270226363548
FBgn0050338	64.1664356716501	-0.00341899537383905	0.326260341258049	0.00140804763844926	0.970067235595971	0.991444149622978
FBgn0050339	208.190009829409	0.6983144838687	0.374487089257868	3.44311238054348	0.0635159356917613	0.466597835274093
FBgn0050342	260.97881864149	0.306883348633693	0.27373931032497	1.25402337074091	0.262785424278779	0.805873472107772
FBgn0050344	2076.00375208088	-0.246740010335014	0.263004461178234	0.879002993063139	0.348474897007549	0.85100574775865
FBgn0050345	1662.31795238076	0.30374605261234	0.207628104527811	2.13645301330916	0.143834116864116	0.680305051811271
FBgn0050349	523.647020785845	0.119358774118852	0.178921072523527	0.445113132794944	0.504664832316025	0.895295388353976
FBgn0050350	113.550803072043	-0.753641972449009	0.548536460348595	1.86002069972103	0.172622411237593	0.718507921888409
FBgn0050357	53.6037823745151	-0.582543116449821	0.40244338729559	2.10401523565818	0.146912897065139	0.684257552794704
FBgn0050359	8965.45861025181	0.143673426540422	0.216530348596095	0.44010738812517	0.507070628243387	0.895295388353976
FBgn0050362	146.781328349058	-0.674462963476596	0.554090514836932	1.46427550473955	0.226251066540735	0.778311077858508
FBgn0050365	155.791367139449	-0.196561745845374	0.572127798126559	0.117745946657749	0.731492167889263	0.943692519110568
FBgn0050366	73.2631991994873	-0.425372994734156	0.695380933205034	0.370411714801534	0.542779933805581	0.907173673980027
FBgn0050371	411.236760976555	-0.129770972932353	0.265915770958519	0.238385775847007	0.625374431046923	0.916152845817619
FBgn0050372	1624.40011693955	-0.359325030217469	0.351944705531949	1.040109235598	0.307796067962156	0.832614936158673
FBgn0050373	104.23436720962	0.10648180694069	0.370363089023172	0.0845624517159678	0.771207163135822	0.953136983481145
FBgn0050376	225.76692157361	-0.633657922823367	0.703410210463017	0.803345840459713	0.37009489718334	0.864159753811589
FBgn0050377	132.035824075373	0.118561360497992	0.469238229427314	0.0639172654668414	0.800408361766692	0.958174580223308
FBgn0050378	112.653116811469	-0.435220947183824	0.5757086806561	0.566952732676711	0.451472366473144	0.888270226363548
FBgn0050380	34.1126275898658	2.19779922526446	0.711746111870992	8.97206564055693	0.00274138492130903	0.0522417208133357
FBgn0050382	7377.16486918076	-0.0407491889833529	0.286368094756268	0.0202470112746624	0.886849370827136	0.977724198541247
FBgn0050389	1046.08294498367	0.0617881352498678	0.340257354391791	0.0330033067944839	0.855843184063086	0.971310121918865
FBgn0050390	133.619477228755	-0.0109321484481432	0.341259195985063	0.00224507586910505	0.962208590261748	0.989767563348804
FBgn0050392	480.54165667459	0.262644512503299	0.432050427771073	0.368738088769291	0.543692922589995	0.907173673980027
FBgn0050393	110.690835749874	-1.05153220794258	0.549718599938485	3.5696431862339	0.0588449542852435	0.449984527582517
FBgn0050394	439.218560741083	0.342765428203099	0.248689317416315	1.89414760442695	0.168734853804712	0.71402200975569
FBgn0050403	60.1674559454976	-0.319921628060009	0.386080637632259	0.683846696133784	0.408265266961397	0.87822152781539
FBgn0050404	860.722327263286	0.132028724279263	0.193986685904597	0.463108202967632	0.496174921817784	0.894106779299073
FBgn0050410	1555.70925214537	0.0667142503202098	0.310415501703481	0.0462010007403677	0.829810838751861	0.964901903583029
FBgn0050411	525.647877040091	0.451075484901686	0.312939619203093	2.07089625169968	0.150133271050266	0.689841448828013
FBgn0050412	100.444673277854	-0.508595529708052	0.588637742134642	0.739352847890132	0.389868262890543	0.871480042855311
FBgn0050414	682.548051558394	0.393916167327913	0.271333392043151	2.10188642274809	0.147117533558668	0.684257552794704
FBgn0050418	130.066905674968	0.0270592593516287	0.261270714701223	0.0108242022481164	0.917138060574295	0.980404978288931
FBgn0050421	601.467332326122	-0.191205979447452	0.371874800760974	0.264502501414853	0.607043613168846	0.914100434522662
FBgn0050423	1104.8820823454	0.273712218612934	0.372540951178824	0.538739815663519	0.462955457391415	0.888270226363548
FBgn0050431	251.273830792456	-0.0237867196916754	0.435637501495445	0.00312739112095528	0.955403082677404	0.987492945289472
FBgn0050438	116.78299313902	0.0403353580812282	0.40530662602541	0.0106620294133037	0.917758920061759	0.980404978288931
FBgn0050440	202.367233621546	0.913573224493571	0.530874508430407	2.91282920791477	0.0878775919824039	0.550928301545752
FBgn0050443	260.298848507884	-0.0284030447603301	0.199983124807371	0.0206563863149682	0.885718973258274	0.977724198541247
FBgn0050460	1415.67499912642	-0.668480418865922	0.26517491760908	6.30518261318235	0.0120385512993298	0.160845763306148
FBgn0050463	2100.95949252142	0.264930334241164	0.368520077669118	0.516145408620503	0.472490588663967	0.888270226363548
FBgn0050467	310.00946207589	-0.237095296840816	0.29362400615968	0.650092736910139	0.420079525641389	0.880386118077366
FBgn0050479	307.101705723552	0.551413406992247	0.227504746734598	5.85545101213493	0.0155288780538878	0.193627138226815
FBgn0050480	287.835333312031	-0.266032256278185	0.367552277808062	0.523805811940562	0.469222730653121	0.888270226363548
FBgn0050481	211.037375141504	0.0423137301552576	0.239049022576234	0.0318632633305	0.858328092244042	0.971373856909766
FBgn0050493	177.236774872714	-0.0435945459574232	0.24029902299764	0.0346192168871511	0.852395827035144	0.970680322951
FBgn0050499	530.077361232915	0.205683694399092	0.297411091180709	0.477609125588486	0.489507284979367	0.891955223452815
FBgn0050502	234.936808963468	0.811545799272548	0.557902201616182	2.09099782242934	0.148169266496896	0.68752505927826
FBgn0050503	249.759168276234	0.200356555450282	0.292261696757921	0.469518405504502	0.49320880798157	0.893011739545052
FBgn0051004	6905.44686803817	0.107471063080254	0.485101595598914	0.0490716559935294	0.824686606880729	0.964052863213496
FBgn0051005	164.962448987644	-0.390239370782127	0.277926232249239	1.97341305068737	0.160086051451821	0.703012504782371
FBgn0051007	64.9464658556321	-0.798238710784888	0.817491547583576	0.935913395230038	0.333331032547672	0.84199398783608
FBgn0051010	74.2076854989113	-0.011663364252448	0.769534751330966	0.000607025641215841	0.980343796330567	0.992134162437166
FBgn0051013	69.8288899274552	-0.317065301482345	0.600442693614497	0.277057205980491	0.598636547260724	0.912159281837944
FBgn0051015	450.594455497758	0.365032997396831	0.356223608184014	1.04795172980745	0.305979293898297	0.832614936158673
FBgn0051019	59.5258775146649	-1.03576857519324	0.408292320350773	6.41435114760278	0.0113201684039144	0.153443056881446
FBgn0051025	1014.76047270008	-0.740513958263817	0.346916010149351	4.50687934000986	0.0337587794130013	0.324422437626154
FBgn0051028	325.073489049072	-0.326863360275895	0.241308253924652	1.83742701869089	0.175252816019656	0.721800253941284
FBgn0051029	692.807819775849	-0.666931254265997	0.413294026788111	2.57974237047752	0.108239277552742	0.613291256526072
FBgn0051030	178.961183762902	-0.215309417844611	0.314532551447145	0.470863303534927	0.492590276453139	0.892965315521076
FBgn0051038	1075.45849455228	0.0538098968450472	0.169949923099176	0.10042870595997	0.751315775457897	0.949406787566545
FBgn0051040	494.943333900512	0.0825595690242177	0.177387544726471	0.216706482322792	0.641560954245141	0.921446243022313
FBgn0051055	184.040289487086	-0.162813201937744	0.423418078858505	0.147598602712662	0.700840863945166	0.935625792757418
FBgn0051064	591.203062910531	-0.0568874670532078	0.163884341493135	0.120996805087159	0.727955878702812	0.943653288647581
FBgn0051068	129.358853822506	-0.427699603258927	0.308117384764483	1.91667732794305	0.166223412856963	0.710803241981315
FBgn0051072	9920.38636432244	-0.00465253327751197	0.182506391611729	0.000654763195129249	0.979585685560853	0.992134162437166
FBgn0051075	20191.7198291555	-0.403782582486474	0.213653094641852	3.56013172445896	0.0591830422267494	0.451747762827976
FBgn0051076	1073.75127913933	0.360536937578754	0.398983568173453	0.814118759142161	0.366905333356953	0.863234160563223
FBgn0051086	1152.29597708425	0.240384357125197	0.407570406423821	0.347503224200508	0.555529908496381	0.908003182797042
FBgn0051087	391.923283948399	0.310066696770173	0.376349439183726	0.677861060120208	0.41032423477632	0.87822152781539
FBgn0051092	950.527752357383	-0.0356223124773407	0.290139502398641	0.0151411975297009	0.902067842261848	0.979772897569974
FBgn0051098	369.018276685112	0.364219390740897	0.304026220318609	1.43211157759188	0.231420136844613	0.779813484379362
FBgn0051099	61.9407066943881	-0.195838706400379	0.777911470832648	0.0633468543671682	0.801282225376604	0.958174580223308
FBgn0051100	1989.78635717812	0.318175097657635	0.236781956213586	1.80213195536956	0.179454965418464	0.726518077095339
FBgn0051102	512.469805927683	0.275513688797217	0.312009078024286	0.778044060498047	0.377740003883358	0.865701388774403
FBgn0051103	272.784364096634	0.198634340004026	0.262602850970917	0.571749085976599	0.449564712172235	0.888270226363548
FBgn0051104	46.5269937015985	1.18812444929511	0.464467882133401	6.42214548113688	0.0112705918584452	0.15301785780028
FBgn0051106	78.7762984617537	-0.37677059787868	0.453408616809548	0.686414313367692	0.407386690013016	0.87822152781539
FBgn0051108	389.726033481397	0.256419150911297	0.304540529612407	0.707630894547705	0.400231421132814	0.875888394068263
FBgn0051115	80.0936073183195	-0.665408398039338	0.353593193899204	3.53397559007402	0.0601234634239993	0.456253000635638
FBgn0051121	853.30670996084	-0.0509566210073185	0.357012613008368	0.0204257430664114	0.886354422164154	0.977724198541247
FBgn0051122	577.40610324943	-0.0901451002828788	0.23727753194071	0.145125099886272	0.70323821006127	0.936451299634442
FBgn0051125	119.020509149461	-0.211697539221802	0.234461014993519	0.821645189905944	0.364699589713503	0.862157258733722
FBgn0051126	105.819820077291	-0.226549301816486	0.396203379553499	0.326076999080527	0.567978275498165	0.90865959686355
FBgn0051133	130.210515795115	-0.19170929160587	0.237026648815704	0.660723394380788	0.416304673990307	0.87938425582695
FBgn0051139	50.017860995564	-0.730640545148989	0.671290573476304	1.16418202895948	0.280599909905534	0.817999749009535
FBgn0051140	900.810387831017	-0.265840164661269	0.460035077670913	0.333689167958767	0.563494804810386	0.90865959686355
FBgn0051141	47.298191322345	-0.523015608982478	0.580069522241955	0.803292584258941	0.370110760632449	0.864159753811589
FBgn0051145	805.804158404318	-0.0732561245418451	0.375864010429193	0.0379986660190212	0.845445818072791	0.969333114635797
FBgn0051151	1624.5895011813	-0.130182716044836	0.374355446790593	0.12094677212464	0.728009898822997	0.943653288647581
FBgn0051155	218.036877950955	0.161331181961839	0.34727135798177	0.216083263681853	0.642040618768053	0.921446243022313
FBgn0051157	71.8681139658575	-0.461156438284246	0.370851754817209	1.53093315825397	0.215972448342726	0.767455583878338
FBgn0051158	1473.83191391844	-0.369823180557797	0.391036237766104	0.892483351070197	0.344805229458504	0.847552993638526
FBgn0051159	93.25953955223	0.0320035412294379	0.346277525592991	0.0104568626936796	0.918551254655615	0.980450334458111
FBgn0051163	774.00362916198	-0.307860280696178	0.361894148674927	0.723027924090829	0.395152487707146	0.873681006758972
FBgn0051176	273.011619418074	-0.19973835527178	0.471376797258971	0.179503648419939	0.671800144640684	0.929643731878032
FBgn0051183	810.105620324701	0.157064341160923	0.375846195610228	0.174706874204347	0.675962095307663	0.930018495477913
FBgn0051184	191.251481334927	0.731526923445918	0.437797421278633	2.75953236045486	0.0966764932380325	0.581559618088605
FBgn0051195	1510.25933022274	-0.266383596200302	0.241576675098117	1.21533304902701	0.270278491327408	0.810256083869186
FBgn0051198	7477.94291331913	1.13807032912606	0.670274247413799	2.81125478924451	0.093605133874787	0.57353555702015
FBgn0051201	199.453679136599	0.838559983195268	0.284421418844866	8.61485153305791	0.0033343297438057	0.060546143016767
FBgn0051204	103.963581067789	-0.607315159696162	0.585200197868667	1.06487048294142	0.302106963452761	0.832614936158673
FBgn0051211	1011.10012658761	0.0676374910415704	0.208438852247552	0.105404910890869	0.745437484309924	0.948987319166172
FBgn0051217	1044.36959697779	-0.318344596497007	0.363469707180023	0.765806744650249	0.381517403579014	0.866794338923501
FBgn0051221	88.7956436554312	-0.195326168493402	0.355761318638008	0.300997658914412	0.583257653236441	0.90865959686355
FBgn0051224	2190.78086711052	-0.39305635425337	0.311059125743182	1.59260229302079	0.206954732427445	0.757607134477482
FBgn0051226	173.312639530802	-0.0576683650693844	0.955488543885407	0.00367527744690221	0.95165860642555	0.986885525775761
FBgn0051229	161.950450965643	0.0304198814175094	0.407793903984969	0.00635747926133234	0.936448974520837	0.983927723922812
FBgn0051231	255.768437467828	-0.584948030266249	0.469789142996563	1.53771221693172	0.214958658557716	0.765972982598429
FBgn0051233	5149.47011659416	1.17319902073018	0.727392175543056	2.53287810564903	0.111496681738218	0.617190703020285
FBgn0051244	58.7695265765195	-0.719328422321385	0.635380086814622	1.26039754318241	0.261575854506991	0.805822390497342
FBgn0051245	57.257131632361	-0.290065968744199	0.716352392177324	0.163021899938087	0.686389429825616	0.931504874015863
FBgn0051249	195.571010227758	-0.139019286122458	0.279752859133191	0.246825316708254	0.619319394027003	0.91550458350478
FBgn0051265	143.383801351083	1.13374565176468	0.666507724620713	2.82849095233742	0.0926053385846455	0.569969328934306
FBgn0051266	610.573209037029	0.768125599947271	0.47884675534477	2.54481754397251	0.110656693355644	0.616726145223279
FBgn0051267	290.375425339088	0.902653594629688	0.484505914931664	3.41985477992793	0.0644166795646815	0.470419720547853
FBgn0051269	150.226979579302	1.02127193225249	0.54928130685797	3.39613309793938	0.065349449102619	0.474673094432507
FBgn0051272	448.186887722537	-0.226648476268304	0.34173638179274	0.439290693904596	0.507465006006007	0.895295388353976
FBgn0051274	427.208244301943	1.54613019983211	0.661478155043652	5.22266605139647	0.0222943460430179	0.248161171053672
FBgn0051278	59.6741748246283	0.0106398704457144	0.304658815190047	0.00182111187854161	0.965961017108321	0.990959031711222
FBgn0051301	390.066093647157	0.103122361052634	0.277738854436797	0.138000232837399	0.710277200620553	0.939099247610764
FBgn0051320	237.002218173299	-0.422964195847829	0.400865306818244	1.10824812896817	0.292463083660349	0.827795960648082
FBgn0051321	542.935334863314	0.365658074904754	0.298314098042231	1.49837143846167	0.220922112832733	0.771636719933515
FBgn0051324	271.929944713593	-0.343713202847197	0.508056915034801	0.456687652292359	0.4991760855824	0.895295388353976
FBgn0051327	141.279920225828	-1.11736106103173	0.552954923662654	3.98004222135367	0.046042409124772	0.395240455857594
FBgn0051337	127.348357683151	-0.207793988294505	0.478757612042717	0.187873174900503	0.664692681909013	0.927023786961361
FBgn0051342	1112.19316489521	-0.374456168249307	0.265816295197367	1.98118006583616	0.159266144480566	0.703012504782371
FBgn0051343	5583.05568503925	0.793376403205466	0.739915308579746	1.13555492971234	0.286593556412209	0.823270339441738
FBgn0051344	412.368313492385	-0.235322142424394	0.224025355515616	1.10203268801001	0.293820446675465	0.82889125003713
FBgn0051352	2821.35942524831	-0.0617742526445899	0.347157068646001	0.0316676605883544	0.858759025648244	0.971373856909766
FBgn0051357	953.93704883452	-0.200872710354213	0.241826858861944	0.6894488132275	0.406351923047746	0.87822152781539
FBgn0051360	53.3018285272592	0.775631222827993	0.972514977642792	0.626927492217654	0.428484574760859	0.883894051617638
FBgn0051361	293.44585991304	-0.43937294751403	0.365344245299597	1.43803803472068	0.230457093088254	0.779813484379362
FBgn0051363	2575.26609093383	-0.210475467921803	0.323911579358935	0.421771565197687	0.516054388801206	0.899800082912932
FBgn0051365	330.154524633703	-0.0762536494215443	0.204018198175372	0.14019115332416	0.708091053949228	0.937845159433062
FBgn0051368	617.546465638445	-0.0314372886510467	0.214667937873851	0.0218133569637473	0.882584696303101	0.977724198541247
FBgn0051370	121.935251379451	1.2841237182289	0.613909263296128	4.24359692451945	0.0393986121812793	0.357388098059372
FBgn0051374	2988.25899114345	0.550049007472923	0.142170784958492	14.8840066257238	0.000114328185767384	0.00363944724692839
FBgn0051388	61.988677053178	0.0485408753905008	0.287514731769801	0.0285136697331723	0.865906832252742	0.973392324538796
FBgn0051390	206.446878606495	0.636124238708196	0.447397252773129	2.00312833993411	0.156974938201353	0.698738019408991
FBgn0051391	100.176066111332	-1.04965296219243	0.582312446524891	3.17213003081392	0.0749046988902161	0.513927810015655
FBgn0051407	98.9520273615674	-0.505246037739342	0.663156703178531	0.575108989281709	0.448235852365026	0.888270226363548
FBgn0051414	336.613776245174	0.0892437919709958	0.171761379182198	0.271380860841056	0.602406979845468	0.913070040961306
FBgn0051431	260.924709740254	-0.069872412189889	0.275234216116191	0.0645290214697525	0.799475756350158	0.958174580223308
FBgn0051436	369.81495936856	0.942538781317359	0.217573209304148	18.5243797563325	1.67744852347764e-05	0.00065141677881458
FBgn0051439	18685.7633754113	0.353261805257163	0.516215570995607	0.467144227521828	0.494303899383924	0.893314949498528
FBgn0051445	120.195362753984	-0.826201910460939	0.393293438355972	4.37597346755922	0.0364490049490052	0.342254120213899
FBgn0051453	545.69635524042	0.0914132041573611	0.261992041705085	0.121807927685467	0.727081858523034	0.943253463881996
FBgn0051459	51.2702031246515	-0.155663064057676	0.722228848371558	0.0469832735103211	0.828398305901239	0.964901903583029
FBgn0051460	148.579991079422	0.414950542003603	0.453208968993828	0.834363732475545	0.361013737713237	0.857293348360834
FBgn0051463	298.616444271748	0.564648161005331	0.442754696740889	1.61749719364678	0.20344112162506	0.755510024806452
FBgn0051472	857.085711571507	0.0827275728712644	0.293494637418915	0.0794701986111619	0.778016668893787	0.953822331930472
FBgn0051473	145.750862727174	-0.253157527937981	0.507312811885136	0.248038246274135	0.618459808360465	0.91550458350478
FBgn0051475	238.608995038242	0.411795621857279	0.265532747177396	2.39775257203549	0.121509705031666	0.640230445822022
FBgn0051496	749.589156753487	0.776003450079458	0.25969728869632	8.83937372328785	0.00294800290400292	0.0555493641373107
FBgn0051501	60.3068366802697	-0.226303902228775	0.796628523055311	0.0804661650469995	0.776666669698425	0.953419031864674
FBgn0051510	302.143448235878	-0.000258489958068119	0.270570173330512	4.02101534859867e-05	0.99494053010141	0.996251780148366
FBgn0051522	1430.9120220537	-0.0414763422595979	0.177680633284485	0.0545190688650052	0.815378458542022	0.96161108133415
FBgn0051523	2701.71093401181	0.306647443262257	0.178007062654365	2.96163944450136	0.085261450568807	0.548230474812742
FBgn0051528	169.996160030025	-0.747694559736127	0.428049581182932	3.01249228104836	0.0826251604369822	0.541023856162233
FBgn0051533	132.199235640563	-0.793889529630201	0.441538547823121	3.18339281003584	0.0743901176215563	0.511599466850703
FBgn0051538	952.47791338123	-0.634540317076728	0.34770496303985	3.30237265397035	0.0691798910503466	0.491036996948575
FBgn0051547	1026.63822879092	-0.273107646953998	0.1992652992416	1.87777446691729	0.170587309813968	0.716066239457902
FBgn0051548	717.660499472211	-0.231438735135507	0.30240827865155	0.585125945974411	0.444310098665185	0.888270226363548
FBgn0051550	759.201462709073	-0.038884396029014	0.192429417055676	0.0409853524535038	0.839566198192507	0.967778591818814
FBgn0051619	289.58876027993	-0.339252967019072	0.387093119175823	0.768625895669828	0.380642478437089	0.866725321739229
FBgn0051624	124.576558630845	-0.439586576313776	0.612782844384017	0.510882497378944	0.474757079085906	0.889027677218827
FBgn0051635	1170.7067732956	-0.287912900232757	0.473294709431392	0.369549209876553	0.543250089946249	0.907173673980027
FBgn0051636	647.414132906784	-0.0808352716453472	0.598192036631591	0.0182554307419167	0.892522801172953	0.978876446894751
FBgn0051637	810.320608736515	0.143475029671573	0.230814165932424	0.386250791781876	0.534276757873835	0.906910394964332
FBgn0051638	566.031480349996	-0.07569231584638	0.16154821824077	0.21957258944164	0.639365776891428	0.921446243022313
FBgn0051639	97.0648526129636	-0.478955298735187	0.775075730200463	0.37859147465916	0.538358020843977	0.907173673980027
FBgn0051642	190.008183076674	-0.374228223883916	0.422592414412639	0.78097691926115	0.37684252960224	0.865701388774403
FBgn0051673	334.273116864394	0.51381622769687	0.262564364899997	3.81145626278628	0.0509031756832388	0.417105024500929
FBgn0051675	28.1554205734669	-0.362811449452106	0.649125798698881	0.310353017470902	0.577463640489608	0.90865959686355
FBgn0051676	367.88260813386	0.24965654003433	0.169809262625097	2.16068951850999	0.141581145268697	0.676983849511963
FBgn0051678	903.350159925824	-0.316934499895886	0.222629673369749	2.02436204142172	0.154793917048826	0.695838982452995
FBgn0051682	62.936390180119	-0.286453506270315	0.711147860931759	0.161346695877448	0.687919661279785	0.931504874015863
FBgn0051694	3597.87192792863	0.0797539308591281	0.201256753260122	0.156998455581743	0.691935135884006	0.93317827033203
FBgn0051698	1078.92634513863	0.650122666224183	0.434555272708464	2.2190508950511	0.136316837721693	0.66838197445339
FBgn0051709	296.990968094246	-0.396412396607367	0.702263433283249	0.317150395164504	0.573325206673896	0.90865959686355
FBgn0051712	749.322450931407	0.263943482897585	0.246296355452318	1.14606867226325	0.284373628887397	0.822670744139255
FBgn0051716	1878.19132376642	-0.0233414501837021	0.162391174033786	0.0206653920643447	0.885694235008746	0.977724198541247
FBgn0051717	614.639774695573	0.755666969736966	0.345105828567042	4.74078065966546	0.0294557021589193	0.29717373462612
FBgn0051721	193.094486151928	-0.242290540311352	0.322727723004164	0.565298039111099	0.452133423514561	0.888270226363548
FBgn0051729	3664.40026407821	0.0949962664718869	0.331499398097507	0.0821226616876771	0.774441191367263	0.953234312247045
FBgn0051735	51.9395672238342	-0.542385312905856	0.755801910536178	0.509494794476254	0.475357637497669	0.889027677218827
FBgn0051739	1032.47477758704	-0.0338979204797768	0.23681573127268	0.0205489410894586	0.886014544423298	0.977724198541247
FBgn0051740	240.805469773198	0.426942867537175	0.922658007341817	0.213117038408001	0.64433519429976	0.922213082123245
FBgn0051742	99.1634993597244	0.948573373012136	0.758718801533468	1.53446480100345	0.215443592575988	0.766267273292033
FBgn0051769	102.030707142858	0.901569589520434	0.584979968855779	2.34499090141586	0.125686295456968	0.65078499017855
FBgn0051773	134.039253968227	-0.496475494935712	0.554759834676271	0.794062786918047	0.372874448314625	0.86482559396012
FBgn0051778	1661.37038679089	0.172541617022434	0.392671281186098	0.192920569316854	0.660496888339679	0.925753143696909
FBgn0051780	243.924203556772	0.778405123785855	0.261173660689015	8.80189619676688	0.00300917629513426	0.0558879113872119
FBgn0051787	67.6026230603139	-0.476092218542529	0.66894993926088	0.501276258849622	0.478939881291787	0.889027677218827
FBgn0051789	5779.34500244313	0.898388530730472	0.235507120594824	14.32588147442	0.000153736629139845	0.00459787413270909
FBgn0051792	329.696133386443	0.192944542250304	0.499131983766827	0.149385177506701	0.69912359834667	0.935295979326931
FBgn0051793	435.879681316339	0.374493827602519	0.393479110819648	0.904199026752138	0.341658287365774	0.846378930161783
FBgn0051798	124.142899645316	-0.594117720349176	0.503032479259582	1.38168945890787	0.239813580560501	0.788656393900322
FBgn0051800	102.528024001147	0.502083115783009	0.533793680635519	0.879017100595142	0.348471028979773	0.85100574775865
FBgn0051802	77.1624574920712	-0.227168937437464	0.907748288052777	0.0624202414004671	0.80271075090627	0.958235958894359
FBgn0051810	341.055159210703	1.15542456546575	0.398253302226791	8.21213351382316	0.00416111962774312	0.0710846608336252
FBgn0051820	125.946979624175	-0.487071703180378	0.794421853370459	0.373021176844446	0.541362055927662	0.907173673980027
FBgn0051821	218.116597080714	-0.919836540770253	0.469794938348559	3.78276908879398	0.0517828967828835	0.420061259231036
FBgn0051826	36.9976576487225	0.690660819894439	0.579648484934511	1.4089227207337	0.235235310052898	0.781081606355019
FBgn0051852	372.257912054727	0.166933308177496	0.227091928617689	0.540432933117131	0.462253360310252	0.888270226363548
FBgn0051855	194.675007550796	0.612406016196899	0.47878993568515	1.62192493355725	0.202823591847092	0.755105290430039
FBgn0051865	71.098888316692	-1.55124863089101	0.566176532758239	7.16555420619051	0.00743167268474835	0.111927916205421
FBgn0051866	127.11570306661	0.960281489476626	0.338181886650292	7.94588837897103	0.0048196752452468	0.0797333676398703
FBgn0051869	362.00406201653	-0.164547853015772	0.355105039296343	0.215214154664679	0.642710941000118	0.921446243022313
FBgn0051874	89.8422871127107	-0.272388153163648	0.492014063230377	0.305194556689813	0.580644078031157	0.90865959686355
FBgn0051882	74.1270445560302	-0.378770673061718	0.686975288347636	0.301660613449776	0.58284323339628	0.90865959686355
FBgn0051901	6542.89386995623	0.139736812931598	0.36207990707433	0.14886956847343	0.699617988123295	0.935295979326931
FBgn0051908	1099.4584605395	-0.0488483197338037	0.164888185222493	0.08788115368381	0.766888311772391	0.952993416349077
FBgn0051915	443.42491500926	0.21592332483608	0.274396384812973	0.619432495281572	0.431258252435167	0.885700546812697
FBgn0051921	149.917971818773	-0.342295779920057	0.559664874549437	0.371946841281527	0.541944980647581	0.907173673980027
FBgn0051935	606.303347869753	0.247773995072204	0.167219179363156	2.19370483413418	0.13857564438473	0.672674546224748
FBgn0051948	433.188310080694	-0.55713813154734	0.562008274520884	0.975506303591331	0.323310751268224	0.838094865409671
FBgn0051950	114.184936954055	-0.0435015163607555	0.382758727831875	0.014905202380902	0.9028302249992	0.979772897569974
FBgn0051957	73.7638233003165	0.714185462160621	0.604050135538038	1.38149508783032	0.239846643602643	0.788656393900322
FBgn0051961	238.028559065637	0.257373321546276	0.248134688456411	1.07451214985511	0.299928477588878	0.832614936158673
FBgn0051973	356.449004226825	-0.187938153842741	0.314200474700667	0.358302523233846	0.549450485274202	0.907978647188282
FBgn0051974	269.383757737282	0.574870307130257	0.773601310765371	0.548664886633247	0.458863734410244	0.888270226363548
FBgn0051988	444.162120917652	-1.04488164381177	0.553718562340113	3.48249327876734	0.062021227053256	0.463542505345256
FBgn0051992	4986.75642009167	-0.137338681477745	0.287252361006653	0.228555497801253	0.632596979697759	0.918845491159441
FBgn0051997	966.87138426743	0.770803411635121	0.705912071562265	1.17806133985256	0.277751021866004	0.814260338601547
FBgn0051998	807.114444585182	0.0241270622931297	0.238349194168072	0.0102469993133667	0.919369896178069	0.980756691502832
FBgn0051999	1391.58078930952	0.312628507389937	0.259465395411313	1.44853013301163	0.228763951592052	0.779156488035392
FBgn0052000	1700.07556554256	0.423800550288348	0.384000630236677	1.21343707455948	0.270652484826095	0.810256083869186
FBgn0052016	965.007355409775	0.287628085653462	0.221650831827982	1.68100255674501	0.194791289564718	0.747574087456413
FBgn0052026	160.043332678969	-0.298989446471757	0.492529065019223	0.366977680543073	0.544656317831576	0.907173673980027
FBgn0052029	69.3537893016414	-0.437512740949126	0.39890665893891	1.20001699043218	0.273318282479056	0.811179110366016
FBgn0052039	226.45097202047	-0.60205901837506	0.49162229913346	1.48606953511074	0.222827296459354	0.773568331726624
FBgn0052053	167.686239163267	0.404981024602243	0.437023395144609	0.858914485518753	0.35404264344941	0.853276276326023
FBgn0052056	1609.79035545275	-0.663887836468823	0.243169119473779	7.3874623827552	0.00656800881758983	0.102028735865111
FBgn0052062	948.589044354519	0.0811002914087959	0.236157074981097	0.117978450969986	0.731237449432768	0.943692519110568
FBgn0052064	1496.81985916276	-0.661845274569968	0.411982696666997	2.5574611331237	0.109774747129904	0.614075232776427
FBgn0052066	477.743309539669	0.0232513292307703	0.322182576090598	0.00539745376160283	0.941434212605524	0.98539396278863
FBgn0052068	654.474261454962	0.192624825600047	0.267208408277556	0.51903167914773	0.471255032607347	0.888270226363548
FBgn0052069	56.0756974575209	0.950439064302387	0.663050353321674	2.01739621274757	0.155505597369078	0.696625288000923
FBgn0052072	35.1511098200909	1.57194447220596	0.525749719376203	8.74314731010747	0.00310767677969037	0.057148611939864
FBgn0052073	13.8394450234642	-0.508961101594158	0.688960493156023	0.567176310250716	0.451383162217451	0.888270226363548
FBgn0052076	367.095079399381	-0.0354299357111096	0.212783090988468	0.0277411797005627	0.867718758867394	0.97411611643373
FBgn0052081	170.822587901055	-0.224701382742249	0.579598637233342	0.149851768885796	0.698677053507624	0.935295979326931
FBgn0052082	987.829229559535	0.0392752363330368	0.314672811650522	0.0156171098254561	0.900548539371674	0.979772897569974
FBgn0052085	250.433304148581	-0.211796588103593	0.341696553283991	0.384531345594752	0.535188058307658	0.906910394964332
FBgn0052091	745.167039319328	0.525451189298196	0.214843419222705	5.95892263020635	0.0146429863612176	0.186356922525344
FBgn0052095	109.105573478492	-0.0406151554014814	0.26480716403129	0.0235535562758429	0.878026322536734	0.977068203103071
FBgn0052099	191.472615859921	0.106580403215851	0.366174512817965	0.0850375327222253	0.77058333322508	0.953013749214669
FBgn0052100	347.937632539127	-0.276179857815408	0.31598230670356	0.761722280635581	0.382790076216247	0.86780895616977
FBgn0052103	1773.63666124454	0.0419917929254217	0.204958141110601	0.0419788065174487	0.837660176311518	0.967386619542594
FBgn0052104	200.882302279163	0.166797438234244	0.232922528319634	0.513990549559551	0.47341646164363	0.88867365281507
FBgn0052112	154.769690796035	0.515347538156901	0.520019610162877	0.975704657112885	0.323261562853247	0.838094865409671
FBgn0052113	519.089888345533	-0.154604530032763	0.313088081741487	0.244376975105396	0.621062552491768	0.915541451893316
FBgn0052115	176.084995212352	1.14046972860912	0.79009971958911	2.03099079420119	0.154120105014669	0.694936377535226
FBgn0052119	286.349569292272	-0.522871488831654	0.424771208117413	1.50412212702152	0.220038193118182	0.770878105081471
FBgn0052133	810.433739571039	-0.225357859988369	0.525835665916848	0.18362879757116	0.668273079192904	0.927910326872862
FBgn0052137	1440.93634730051	-0.014353799963668	0.170172938511332	0.00713700749956558	0.932674158558115	0.98378812856611
FBgn0052170	456.27246616857	0.11548376107172	0.481873371407907	0.0574781604140782	0.810527146139426	0.96039638452444
FBgn0052177	561.687692230654	0.0956260573251188	0.234421765075236	0.166895876732383	0.6828854045582	0.930593309535773
FBgn0052179	199.965651979502	0.169765732499841	0.310143191304537	0.300289506986886	0.583700982813215	0.90865959686355
FBgn0052181	138.367032098857	-0.326405841723607	0.632583778031483	0.26489312051325	0.606778268723679	0.914069664297095
FBgn0052190	4946.73167195876	-0.0391595155941594	0.239571149343085	0.0267256779266916	0.87014059718745	0.974916578858414
FBgn0052191	482.655061699157	-0.224050243249793	0.268474943887065	0.696021794616769	0.404123666304312	0.876679218281217
FBgn0052196	61.4195479818002	0.953545513764207	0.341769759844408	7.72637414555992	0.00544199253402599	0.087279590183119
FBgn0052198	1269.35345366033	-0.0535692775175967	0.365656261408062	0.0214612058904606	0.883529502877722	0.977724198541247
FBgn0052221	176.064366696055	0.361555602220532	0.317444249907307	1.29343808307617	0.25541532120396	0.801834276951095
FBgn0052227	243.392590433926	-0.254931786394555	0.210560405741295	1.47431967661663	0.224665380831055	0.776590687686833
FBgn0052230	609.2678144805	0.611705486549356	0.561179764999137	1.17870077718715	0.27762065026695	0.814260338601547
FBgn0052238	112.893619143264	-0.581396487709309	0.539321739686703	1.15117692080727	0.283302914370683	0.821558900059082
FBgn0052240	67.0711959754437	-0.38376205968623	0.84683988541197	0.203723224174837	0.651732203352613	0.923176308859401
FBgn0052241	3691.65234923232	0.908129470351292	0.827166539429264	1.18599127672266	0.276139657150775	0.814206915928817
FBgn0052243	313.230136499751	0.798955853331951	0.636081884161604	1.55683293152238	0.212129543143629	0.764139168700838
FBgn0052249	53553.4700204583	0.406598256975659	0.52500732711579	0.597813384836797	0.439413537090826	0.888270226363548
FBgn0052250	469.539260149005	-0.0368568636093537	0.26151992310464	0.0199174200627539	0.88776796309015	0.977724198541247
FBgn0052264	2277.51951393417	0.0648977204516607	0.21893143004519	0.0878833629951856	0.76688546644005	0.952993416349077
FBgn0052279	128.374929416701	-0.137811763399834	1.3960105997313	0.00973576401197818	0.921400308798222	0.981892832603607
FBgn0052280	848.263999436391	0.117808396405107	0.306491026693978	0.147673018010678	0.700769098112194	0.935625792757418
FBgn0052281	68.0810454538908	0.00758820188385567	0.484327613974823	0.000392674409965821	0.984190143084988	0.99257577852949
FBgn0052302	15684.5103110171	-0.555143124233071	0.291511564117821	3.60475152515718	0.0576146778965043	0.445850601328013
FBgn0052304	194.792568875622	0.413038059587417	0.273160203344413	2.27999136624051	0.131052603222257	0.659105970963405
FBgn0052311	8602.31507687674	-0.0915741565942917	0.41679826856583	0.0482688191868306	0.826103512150041	0.964380318948319
FBgn0052333	574.517202772963	-0.235164195819171	0.499860983585188	0.221291941623861	0.638057282004225	0.921177946778162
FBgn0052343	241.841695092436	0.0291598313155823	0.222609473414418	0.0178447298145628	0.893731404449375	0.979004004561072
FBgn0052344	332.361504276138	0.261216212273706	0.263071198140603	0.98505445154592	0.320954121206664	0.836537052932144
FBgn0052350	153.86569289519	1.25564125293836	0.686815230100484	3.24290021841159	0.0717335517827523	0.501538077522671
FBgn0052351	1485.3316279855	-0.627464272499765	0.436114473884012	2.05317245571273	0.1518894048086	0.69217570821335
FBgn0052354	208.86369438245	-0.118631006371692	0.371447919643044	0.101958235088375	0.749492211457393	0.949227302638817
FBgn0052369	2001.306781623	0.149480103146582	0.38572616940239	0.150142717450521	0.698399009707573	0.935295979326931
FBgn0052371	125.323228146645	-0.0981485739697525	0.667905050890833	0.0217241822314236	0.88282320715393	0.977724198541247
FBgn0052373	259.499792159938	0.914931628736005	0.312356211643592	8.46265988111925	0.00362511339906936	0.0644089915555579
FBgn0052380	659.187929730645	-0.207982017377691	0.197491591419823	1.10919018693654	0.29225805166786	0.827756056843587
FBgn0052392	219.983022745914	-0.557163423343017	0.49564311362223	1.25374173593393	0.262839027492552	0.805873472107772
FBgn0052396	64.9333909140291	-0.638615977971314	0.474719464541842	1.79484557725284	0.180336890638762	0.72654447334996
FBgn0052407	121.816314915225	0.2034837247195	0.350783166195743	0.336268024614284	0.561991351050407	0.90865959686355
FBgn0052409	307.853511177691	0.035032997738404	0.384588343588898	0.00840056863275151	0.926972456738575	0.983026071820471
FBgn0052423	3509.1319829556	0.168000280140832	0.183337363033212	0.839287970062159	0.35960049115112	0.856599355905333
FBgn0052425	1110.11502920831	0.60946918395675	0.262019086417258	5.37404555480956	0.020438520652306	0.234479129527358
FBgn0052428	669.429086537908	0.0169107152849112	0.230220586526829	0.00539544791307378	0.941445076418117	0.98539396278863
FBgn0052436	840.923297655374	-0.735486614393241	0.359026542168634	4.15160267397174	0.0415951367563468	0.36912938680078
FBgn0052437	143.221221644283	-0.551179709142435	0.585983345891398	0.876596070673585	0.349135686185443	0.851277488013718
FBgn0052438	290.897804887797	0.00771342962412106	0.287850266712063	0.00117363922318248	0.972671082794682	0.991444149622978
FBgn0052440	48.9603794523307	-0.113817294299916	0.541316055843996	0.0458092598474593	0.830522899375028	0.964901903583029
FBgn0052441	782.111241226338	0.453737018250583	0.272379448920789	2.76215830979359	0.096517943514537	0.581043551071754
FBgn0052442	65.0671514240972	-0.634476163154657	0.495574270752896	1.61468003220016	0.203835179630894	0.756454122201563
FBgn0052445	224.851499016891	-0.360656994483865	0.460169849575622	0.611344206424903	0.434282141141621	0.887393966551695
FBgn0052446	1235.76389454702	-0.292503682202926	0.192458227619093	2.30432808121368	0.12901405978227	0.653999148711491
FBgn0052447	492.875078295288	-0.357538890959317	0.396926014462668	0.810594650357686	0.367944500532343	0.863934268722523
FBgn0052448	146.472066228679	-0.0403799561754419	0.372170027841868	0.0124747788402715	0.911068772875097	0.980289808594626
FBgn0052451	2203.71418265599	-0.305216204699765	0.213211396476761	2.04635702611361	0.152570881646898	0.692594906952768
FBgn0052459	81.505548722215	-0.402764809150332	0.710397728158451	0.318960574894462	0.57223297191044	0.90865959686355
FBgn0052473	3440.27340848333	0.505600473745957	0.408176382409476	1.52667657787394	0.216611917218863	0.767589085535168
FBgn0052475	351.109813552304	0.0420691624235255	0.297961683111809	0.0202554724389756	0.88682588981215	0.977724198541247
FBgn0052476	278.157880547152	0.89081155062608	0.453562652907502	3.79647990690472	0.0513604516424022	0.418061310218481
FBgn0052479	2282.82506546322	-0.12746509879068	0.418384441792349	0.0928074443448992	0.760637957824783	0.951947965569036
FBgn0052483	444.74739380891	0.625247905326183	0.658098875469148	0.896147552469685	0.343816798529723	0.847342045408736
FBgn0052484	852.805217679036	-0.224707979699877	0.14498985133925	2.40415706562322	0.121013292668204	0.640205897968199
FBgn0052495	2310.34359078628	0.0992465228648351	0.359727831465752	0.0761140571942889	0.782634273819969	0.954728206666318
FBgn0052499	878.732534332583	0.302889832020992	0.419808800551794	0.51972417443703	0.470959365034694	0.888270226363548
FBgn0052512	467.43916732931	-0.0658092895249389	0.235957235527848	0.0779175898548488	0.780139517326717	0.954139036571197
FBgn0052521	3541.33022361033	0.246953999513764	0.15978594836993	2.38615346175084	0.122414507672905	0.642896441715046
FBgn0052528	1456.79456993158	-0.158947617847863	0.236146758493532	0.453062286614227	0.500884299293347	0.895295388353976
FBgn0052529	1564.35878453089	-0.0442117693741622	0.453293895883122	0.00952654262979991	0.922246740756039	0.982069934513057
FBgn0052533	397.739771050732	-0.497152471953757	0.278018374549461	3.19185366882373	0.0740060496856846	0.509792493080732
FBgn0052537	180.655948391718	0.0354474251419477	0.22435530900165	0.025371301768736	0.873445350737698	0.975386188335215
FBgn0052548	376.838200530731	-0.852678599976203	0.402193171475993	4.42977901022043	0.0353170803763043	0.335372591505606
FBgn0052549	4217.87443544508	-0.0300419791462241	0.285876452350343	0.0110443307991943	0.916302798411721	0.980404978288931
FBgn0052557	311.598598034096	0.316817563268739	0.388467465534451	0.664610741633737	0.414936881782257	0.879240330144271
FBgn0052564	291.324976559142	0.987252271084472	1.01495471753179	0.928585541143889	0.335230741237765	0.84400214181012
FBgn0052571	696.597367696587	-0.0811485186979593	0.497175289722227	0.0266478942683364	0.870328034241195	0.974916578858414
FBgn0052573	517.686894175384	-0.932460065524806	0.606965712173583	2.31955575047952	0.127756508283792	0.653478816565423
FBgn0052576	122.636537663834	1.25862525663022	0.666780588277135	3.45500918276413	0.0630603846711138	0.463656581606335
FBgn0052579	212.262435472015	-0.0226291477599104	0.204881767103985	0.0134665071617093	0.907616655415149	0.979772897569974
FBgn0052591	211.987723505481	-0.623962987742685	0.414932464670474	2.24180170434033	0.134324385512378	0.666388509944527
FBgn0052594	855.844055382976	-0.102591323057365	0.387110420444943	0.0702717446633017	0.790941530544757	0.956915308546756
FBgn0052603	1656.72185294274	0.98054651261162	0.930189850103897	1.09051811616125	0.296356439599731	0.831066549939418
FBgn0052626	6892.17014035576	-0.0171501438949101	0.188483992422612	0.00828735531227665	0.927464849976531	0.983026071820471
FBgn0052633	1899.32916565707	0.557809406377258	0.308053416654412	3.25917415407986	0.0710248880423112	0.499492183353626
FBgn0052638	537.986844546344	0.200820218311187	0.175545993647797	1.30780143704126	0.252793103251624	0.7982483163473
FBgn0052640	230.727724768393	1.15474768555466	0.431871593681418	6.97258026114748	0.00827680647053611	0.120985117388273
FBgn0052641	35.9240356464117	-1.45117302402288	1.84789658667595	0.589868658244761	0.442469912252388	0.888270226363548
FBgn0052649	432.203326755602	-0.29665653802386	0.238703616631658	1.54388148085592	0.214040977951514	0.765446969661498
FBgn0052650	80.0732156033163	-0.497921670581011	0.386269350965517	1.64374065268315	0.199813007361223	0.7513326683954
FBgn0052654	3797.72721163417	-0.105732683237589	0.492923312576224	0.046008795777567	0.830159810139828	0.964901903583029
FBgn0052656	13362.768931353	0.195790997293256	0.486580350946194	0.16178718950485	0.687516397014769	0.931504874015863
FBgn0052666	977.37728967101	-0.20899858514037	0.338343944757237	0.381565355822048	0.536766672799693	0.907039174872657
FBgn0052667	238.903156601172	1.02494375616278	0.557260176187253	3.32070274644963	0.0684125800065436	0.49055626594838
FBgn0052669	488.026871290943	0.529475500971462	0.256240562831738	4.2531593733608	0.0391773818391713	0.357100560711926
FBgn0052672	5719.33445340562	0.718179436391219	0.46519659602118	2.35901512097901	0.124560807127976	0.648849379649793
FBgn0052675	1104.96568582138	0.184317286368192	0.180280692284022	1.04440382046442	0.306799467032956	0.832614936158673
FBgn0052676	2240.85658976126	-0.286534313277319	0.319081255578022	0.805431648983216	0.369474341332916	0.864159753811589
FBgn0052677	373.557812112417	-0.436055848170209	0.477762832116815	0.831367663380689	0.361877352814935	0.858858309250696
FBgn0052685	1747.48362303657	-0.187941549448294	0.328666717653136	0.32694311900687	0.567464658752716	0.90865959686355
FBgn0052686	184.10081889381	-0.590529272732295	0.413181365791143	2.02757348460172	0.154467057738672	0.694936377535226
FBgn0052687	7167.38807520667	0.573152085000251	0.317711724795519	3.23354169079971	0.0721445068698927	0.502321819167007
FBgn0052694	148.50221156366	0.465204446847262	0.540643695300272	0.737966044847283	0.390313206468625	0.871603681848708
FBgn0052695	383.327028633597	0.050632862066478	0.408519909082644	0.0154249938756834	0.901158981728689	0.979772897569974
FBgn0052698	1582.90450505348	0.104068000157988	0.275482758465855	0.142696737908352	0.705614672858073	0.936946034657852
FBgn0052699	907.492502254855	0.0991469276179763	0.320661831547286	0.0956363834698521	0.757130352517995	0.951679100282497
FBgn0052702	1726.6564268295	0.238833738550744	0.529594160428561	0.203189441601282	0.65215864437594	0.923510181167711
FBgn0052703	324.547129569522	-0.706279748022112	0.372907692992155	3.5509825710822	0.0595102008705426	0.453832784134338
FBgn0052707	222.997534069906	-0.0771369155649748	0.185991426976764	0.172225703697251	0.67814128247029	0.930018495477913
FBgn0052732	295.841846355497	0.0559747804888994	0.219242582236658	0.065208996281342	0.79844465895077	0.957999832735677
FBgn0052758	1905.61390995532	-0.407200292828199	0.352166817007627	1.33307422834562	0.248259044919705	0.793047004717352
FBgn0052767	1141.5796620156	-0.49087363129922	0.546586281570948	0.80277302237161	0.370265572539569	0.864159753811589
FBgn0052772	455.417517688865	0.271879538916004	0.158653443426544	2.93449078263472	0.0867060003084296	0.548597871438508
FBgn0052783	106.175322277818	-0.621232710220277	0.370905397036516	2.77902348845247	0.0955063841863844	0.577851441830363
FBgn0052803	549.859756003644	0.255075970424939	0.348644508592083	0.534171513871186	0.464858329049897	0.888270226363548
FBgn0052813	820.294627487306	-0.119229009073934	0.288538175303976	0.17086820634178	0.679341355176805	0.930018495477913
FBgn0052819	117.826490997343	-0.816754348288218	0.428842414239572	3.57604337563833	0.0586186133110872	0.44952933110537
FBgn0052820	117.826490997343	-0.816754348288218	0.428842414239572	3.57604337563833	0.0586186133110872	0.44952933110537
FBgn0052823	782.995922741853	1.70142273449407	0.84954442377893	3.80046085610951	0.0512384782533247	0.418061310218481
FBgn0052831	215.794787316443	-0.0319037428408096	0.290771302080141	0.0120435177475997	0.912613227277107	0.980376791913083
FBgn0052850	305.412041442422	0.960015604888832	0.553490329238099	2.95452348325347	0.0856375475168689	0.548234176044388
FBgn0052857	260.966890240212	-0.965861776849211	1.12273545422201	0.726313445444589	0.394080760548688	0.872919006760984
FBgn0052982	722.197597600328	-0.433655487990496	0.452833204249975	0.914391218437856	0.338951977631714	0.844975856087411
FBgn0053012	215.839794440155	-0.0696816566653979	0.25805315297424	0.0731289188293403	0.786834392595767	0.956065302765536
FBgn0053052	147.625449698999	0.033671945033672	0.249837569092139	0.0192605852770953	0.889622014668266	0.978072136482484
FBgn0053054	145.489830351244	-0.334828391699913	0.352817340119308	0.895036259591194	0.344116168507185	0.847552993638526
FBgn0053056	313.498341912401	0.865809431898768	0.258996627393477	11.0517386017358	0.000886040707224154	0.020626831311667
FBgn0053080	2126.41812282303	0.10541242860008	0.348726988456059	0.0913658163796498	0.76244793107128	0.952556923338905
FBgn0053087	5540.27807370361	-0.443105213974353	0.52930054186673	0.698169412712673	0.403399482561478	0.876559751465851
FBgn0053092	199.255796271824	-0.544477306199865	0.49382426003869	1.20596276752876	0.272133161934019	0.81102375989842
FBgn0053093	74.5168563793799	1.00493379974486	0.33681805808663	8.80388617709162	0.00300589592634967	0.0558879113872119
FBgn0053094	1432.43627786503	0.21216681829991	0.13262872551643	2.55677685867356	0.109822279951032	0.614075232776427
FBgn0053095	558.983477192655	0.208396757593147	0.338083414857406	0.379447166245754	0.537899252182375	0.907173673980027
FBgn0053096	1103.03338517807	-0.304571856952361	0.275094370743563	1.22431618228221	0.268515259724417	0.810256083869186
FBgn0053099	443.157078860012	-0.363252066291895	0.232768472812481	2.43245365375714	0.118846742700652	0.634628010735222
FBgn0053100	516.873159918934	0.0929900214215166	0.153411991136371	0.367417296201459	0.544415439645919	0.907173673980027
FBgn0053105	975.992171051389	-1.42971286218285	0.815471347873546	2.95685822991341	0.0855139526996036	0.548234176044388
FBgn0053111	908.60190073611	0.204486052518527	0.16620565939471	1.51217486278551	0.218807521324971	0.770363807798515
FBgn0053113	7641.05625158922	0.169718173611204	0.189217122816251	0.803977068295538	0.36990694525509	0.864159753811589
FBgn0053116	309.242273620288	0.12005378645959	0.240417084768932	0.249985403403912	0.61708535555025	0.91550458350478
FBgn0053120	998.927043889847	0.840204839097683	0.230656783175882	13.105374665495	0.000294449780491524	0.00824851985083589
FBgn0053126	503.023283560443	-0.399359880030714	1.03412027535045	0.148593755060574	0.699882854673164	0.935295979326931
FBgn0053127	425.897930505603	1.10444925623855	0.729604318025565	2.23920581684831	0.134550071169269	0.666548062109055
FBgn0053128	21047.9289154417	0.00082917692097623	0.348132840461139	5.70414533740404e-06	0.998094385977792	0.998094385977792
FBgn0053129	3610.29989341211	0.340627989634834	0.326935719277416	1.08275786475161	0.298081421090567	0.832614936158673
FBgn0053138	2072.03959983182	-0.657494529808705	0.553473308056815	1.39944616839661	0.236816322094172	0.78385363169729
FBgn0053144	2685.3512573365	-0.396637235401833	0.34293983196514	1.33376643611213	0.248136268642706	0.793047004717352
FBgn0053145	234.542123904312	0.203216207462261	0.234580992552675	0.75087412542544	0.386199618543456	0.869208451738112
FBgn0053155	273.65643365158	0.206824625383382	0.30164009487077	0.470104394975976	0.492939145899521	0.892965315521076
FBgn0053156	285.809236777544	-0.11326020215132	0.213799863083349	0.280340898367484	0.596477866908531	0.911583923167721
FBgn0053158	443.891207811226	0.174198100313203	0.188685359098807	0.852051211222765	0.355972707018114	0.854885754708834
FBgn0053180	758.584316547996	0.095791568014465	0.174964916181625	0.29971910700057	0.584058569037996	0.90865959686355
FBgn0053181	1316.7897798308	-0.536914337410839	0.423510691209029	1.59829652730718	0.20614478478639	0.757156699969694
FBgn0053182	525.629607630323	0.00633363037754477	0.311713452762765	0.000703298903701466	0.97884275439487	0.992134162437166
FBgn0053191	56.9892848394005	-0.872597654208151	0.466490933564992	3.46923432348996	0.0625202439053959	0.463542505345256
FBgn0053192	80.466377537488	0.800972641511613	0.627136358402363	1.60802816919815	0.204769202372128	0.756454122201563
FBgn0053193	802.385341615208	-0.473107088956638	0.262011848995902	3.25124082939874	0.0713694102099714	0.501481793565791
FBgn0053196	23663.2306826744	-0.1801054732616	0.842106723956821	0.0457156583896676	0.830693507955057	0.964901903583029
FBgn0053198	86.7236169920746	0.945649383034085	0.751631341547147	1.55497129198346	0.2124030415055	0.764141764046326
FBgn0053199	727.810103704619	0.180838252112398	0.316887786000374	0.325275800012278	0.568454199632445	0.90865959686355
FBgn0053207	155.060078940497	-0.496409081534676	0.419119528876828	1.40099060839388	0.236557780929621	0.783615132413296
FBgn0053208	6448.5666576883	-0.76248626652826	0.494228668326092	2.35329479746659	0.125018523594901	0.650158213051699
FBgn0053213	61.3234762277554	-0.119789919405145	0.363807723937021	0.111113157192136	0.738880363905392	0.946738851050619
FBgn0053223	34.9921190397504	-1.31623645876429	0.585758205801574	4.90102778020716	0.026840716255729	0.280908318073657
FBgn0053229	2059.48023084441	-0.086192216783386	0.324744092740108	0.0704847802868045	0.790632244224204	0.956915308546756
FBgn0053233	38.7344703379721	-0.292602102621292	0.721567786275276	0.163481416075399	0.685971279435698	0.931504874015863
FBgn0053265	1427.37494391056	0.258862136318242	0.658415480627942	0.154346359256678	0.69441594920217	0.933894384001516
FBgn0053278	68.9425757373761	-0.882909149255565	0.543273293182382	2.60003338992337	0.106861463602159	0.610512399804587
FBgn0053281	484.903933946935	0.164293110493715	0.475844160420826	0.119189733633718	0.729914955535393	0.943692519110568
FBgn0053284	120.518950077416	-0.381531037896204	0.699287581894269	0.295806929983826	0.586523119093521	0.90865959686355
FBgn0053287	130.289359459448	-0.442433250922294	0.513717394945825	0.737771862339578	0.390375566215913	0.871603681848708
FBgn0053301	659.398270462931	0.261129837499467	0.535688169625991	0.237366160485237	0.626114917870244	0.916152845817619
FBgn0053303	2269.47749139398	0.0282426026466396	0.204539207210049	0.0190706124933371	0.890164240057193	0.978371846032575
FBgn0053307	392.743122119037	0.753386196472639	0.358560225366582	4.36708695964896	0.0366395770437102	0.3432764832501
FBgn0053329	286.588999564226	0.329893193419755	0.315114044458346	1.09403266939549	0.29557942383967	0.830230440490837
FBgn0053333	6671.18789401445	0.233290825570088	0.187955814450332	1.53890618275564	0.21478069111194	0.765972982598429
FBgn0053340	914.182796221259	-0.621062395576708	0.482619778861153	1.64233295992376	0.200005677059378	0.75166265291399
FBgn0053460	123.662536145586	-0.429023381386625	0.237406983319331	3.24991543762511	0.07142714265805	0.501481793565791
FBgn0053493	1404.97131249335	0.430755263569475	0.389938406696999	1.21572723262314	0.270200817137267	0.810256083869186
FBgn0053494	154.167176479987	1.28154954166326	0.646264507482607	3.81212223455668	0.0508829416746084	0.417105024500929
FBgn0053497	117.951516709567	0.828643729855589	0.354716743734715	5.42021932892074	0.0199048593696272	0.23073163881703
FBgn0053499	191.498862491506	-1.29055893974765	0.665254095275324	3.64236929190693	0.0563267232362541	0.439674611227153
FBgn0053502	114.745734850054	1.05482279691481	0.75196155762817	1.93447011648401	0.164270220278529	0.710633110232189
FBgn0053505	164.415441746128	0.25718092528459	0.25064603176477	1.05228263393951	0.304981960913748	0.832614936158673
FBgn0053506	166.116461044437	-0.0853340679320854	0.383627480547544	0.049994727944167	0.823072447778986	0.964052863213496
FBgn0053514	891.473967742932	0.144124558890967	0.172581321006523	0.697112360106331	0.403755687520741	0.876559751465851
FBgn0053519	4420.01367539895	0.720899482872882	0.856038336295471	0.701951396185564	0.402128772713983	0.876196579177679
FBgn0053523	1227.94695267066	-0.102553576690397	0.152969973903624	0.449116976672954	0.502754586581382	0.895295388353976
FBgn0053526	1575.89659985351	0.47559394184836	0.189759550199755	6.25447114169134	0.0123880226566357	0.164118773593752
FBgn0053554	706.988059248042	0.169959863733576	0.331095310401451	0.263313676267018	0.607852699967746	0.915152927007454
FBgn0053558	1374.70585083201	-0.295705880561345	0.430303399373781	0.471673762318275	0.492218165741448	0.892965315521076
FBgn0053653	275.639521518729	0.112533498553254	0.384307201084751	0.0858141828417018	0.76956757112586	0.952993416349077
FBgn0053664	36.9805365983545	4.0132825278056	1.67666383823456	4.62078245991454	0.0315868260717023	0.311706743490842
FBgn0053965	130.824917928496	0.802717073026945	0.437228180224141	3.3338319224012	0.0678685808522575	0.48778465024161
FBgn0053966	112.16729276243	0.621108583633591	0.285804069084893	4.70296863793597	0.0301105656267465	0.301249039913307
FBgn0053970	416.492859071733	-0.179555134243522	0.46512727588149	0.148767601988695	0.699715874756057	0.935295979326931
FBgn0053978	944.352114067311	0.377061925701528	0.336138390916374	1.25445850199208	0.262702632940904	0.805873472107772
FBgn0053983	124.538677737563	0.900229374347514	0.398179528708264	5.04805798198265	0.0246535553436226	0.267880613150269
FBgn0053986	25.6422744808903	1.60476068059419	0.720059636865873	4.83013245605789	0.0279664819529795	0.288462776955889
FBgn0054003	718.197999706891	0.125416698840454	0.203659453608603	0.379097667805127	0.538086545263664	0.907173673980027
FBgn0054056	301.987161251169	-0.176856981127	0.23663962823761	0.557575303980876	0.455238842418032	0.888270226363548
FBgn0058002	499.683867141941	0.788735179685029	0.699496682388774	1.25530988529158	0.262540735962746	0.805873472107772
FBgn0058006	207.982625490666	0.36446854862277	0.337234233973852	1.16434240475814	0.280566780993896	0.817999749009535
FBgn0058045	717.541601216435	1.36791498555238	0.750644751314892	3.20352000681926	0.0734799609985238	0.508670174820094
FBgn0058160	1000.71068019717	0.544515892166877	0.32053148834864	2.86866761560483	0.0903196146703501	0.561840149289136
FBgn0058191	810.475169522194	-0.72451469368769	0.325395395475591	4.90505600002842	0.0267781833629196	0.280603307957576
FBgn0058263	245.661259611736	1.10522800713081	0.547208489235054	3.98356616842511	0.0459461899134424	0.394817770994447
FBgn0058439	179.147970587911	2.01602381626396	0.938271145377816	4.29137928007259	0.0383060779187434	0.352987147838947
FBgn0060296	674.705799542215	-0.0448067021227486	0.292697869875536	0.0234417136891807	0.878313998156736	0.977068203103071
FBgn0061196	53.5197635063361	-0.64242137635566	0.622381977260438	1.04876501534633	0.30579168643092	0.832614936158673
FBgn0061197	1024.0195113215	-0.649756027526	0.512922479119655	1.5905862673514	0.207242392572495	0.757607134477482
FBgn0061200	2070.97778833466	-0.170791611136335	0.419333186361304	0.165858718974903	0.68381883094163	0.930808787695733
FBgn0061356	1197.32287910164	0.00355578599564736	0.349154766096057	0.000124325851189155	0.991103651585123	0.994416796552218
FBgn0061359	914.722923956978	0.0565441540233117	0.169995774473742	0.110708453835045	0.739339008376424	0.946967073202079
FBgn0061361	98.6394974162679	-0.0354320514391223	0.242076934821283	0.0243847364973107	0.875909956740717	0.976196791307201
FBgn0061362	98.6394974162679	-0.0354320514391223	0.242076934821283	0.0243847364973107	0.875909956740717	0.976196791307201
FBgn0061469	2174.0962135003	-0.262754827205925	0.203632327746665	1.66382075402558	0.197088241934506	0.749318508723765
FBgn0061476	174.992839913805	-0.285187881387541	0.257509320399423	1.22647127918957	0.268094389431673	0.810256083869186
FBgn0061492	800.35680217323	0.145897343996966	0.141247581677907	1.06676404366846	0.301677517276987	0.832614936158673
FBgn0061515	2136.19579834753	-0.00869923929486818	0.272130758185443	0.00103402498460525	0.974347438487742	0.991444149622978
FBgn0062412	2542.8615770326	-0.159783894826306	0.14715806425589	1.17790685264782	0.277782531029347	0.814260338601547
FBgn0062413	779.148843931081	0.0598143927541547	0.184010160475434	0.105677260443812	0.745120229587508	0.948987319166172
FBgn0062442	857.623025080199	-0.0399578214564781	0.280973848774667	0.0203552884657654	0.886549261992293	0.977724198541247
FBgn0062517	125.666322063184	-1.02699758911379	0.462812404636486	4.81681673037353	0.0281833481912537	0.289905579191305
FBgn0063485	934.833128868047	-0.278350057428614	0.372050227284027	0.559197056449577	0.454583941719714	0.888270226363548
FBgn0063491	325.345197323022	0.222416599475267	0.568305555207437	0.153092985773114	0.695596941437102	0.93413178265219
FBgn0063493	664.932365480921	0.795033162255951	0.376344882824662	4.41189680586379	0.03568913644464	0.336827334055527
FBgn0063494	127.335659775665	0.691601563258886	0.441412515246679	2.4364536590622	0.118543957146529	0.634146031737381
FBgn0063497	1927.51632067256	0.675458119740765	0.169355400922857	15.7683885913708	7.15886965074462e-05	0.00238742621209753
FBgn0063499	177.783536900972	0.257436420225935	0.387072260867319	0.442201654940263	0.506061720075469	0.895295388353976
FBgn0063649	149.997922108885	0.789566325628679	0.333854097817525	5.55039287637315	0.0184765393123723	0.219008231849333
FBgn0063667	34.1523738748456	-1.1571865252175	0.452015254474252	6.42870262433824	0.0112290571658057	0.15301785780028
FBgn0063923	353.769474616052	0.196983052615177	0.229551178272168	0.73603297974887	0.390934627132714	0.87215678429077
FBgn0064115	183.647659176794	0.0920458713427568	0.199668994930132	0.213316121057815	0.644180585711752	0.922213082123245
FBgn0064116	567.187345122169	0.0989302264803611	0.188569694226713	0.275332526022055	0.599776892801801	0.912217600937776
FBgn0064117	567.187345122169	0.0989302264803611	0.188569694226713	0.275332526022055	0.599776892801801	0.912217600937776
FBgn0064126	745.776315622956	0.202150982805935	0.230574325640896	0.767828165244296	0.380889766455906	0.866725321739229
FBgn0064225	35298.0068264379	0.31642496621761	0.135446939243669	5.44669106491858	0.019605426620284	0.228585076368891
FBgn0064237	887.868967202305	0.443985226525902	0.17844478943871	6.16771333983419	0.0130102666827478	0.16951671504157
FBgn0064766	1206.27624705357	-0.185743350438892	0.272832449263199	0.463539279815024	0.495974514751447	0.894106779299073
FBgn0064912	147.623319151197	-0.54231885958272	0.561618899072934	0.924190972024391	0.336376960684284	0.844358416245735
FBgn0065035	52.2935705303594	1.0602320617557	0.561270103148712	3.49813579225527	0.061437950977414	0.461496722403503
FBgn0066084	9332.37482407339	1.10797653723454	0.684639147236311	2.55701788010612	0.109805534923247	0.614075232776427
FBgn0066101	953.104160440757	0.0351875231688783	0.428847990982226	0.00674184477639983	0.934560245055288	0.98378812856611
FBgn0066114	324.022266023188	0.0084772014901083	0.183618542792591	0.0026584016770812	0.958879538971097	0.988399809335594
FBgn0066303	220.570291190415	0.11908022261946	0.269680148828629	0.195595330257198	0.658299908868727	0.925452063254062
FBgn0066304	220.570291190415	0.11908022261946	0.269680148828629	0.195595330257198	0.658299908868727	0.925452063254062
FBgn0067102	702.673270434625	-0.168483845699391	0.397231031221888	0.179861418622281	0.671492362230936	0.929537442297609
FBgn0067628	78.788686817047	-0.168520075668562	0.310650710485935	0.29383457770313	0.587773656702685	0.908692018198927
FBgn0067779	456.34308187898	0.363837049711327	0.307010295789924	1.40018101238441	0.236693265622408	0.783755005630699
FBgn0067782	58.557407045805	0.7611756837411	1.35754988409466	0.310872597248803	0.577145217834519	0.90865959686355
FBgn0067783	480.14349529539	-0.0197823108735403	0.22999686195832	0.0074786567506635	0.93108546843128	0.98378812856611
FBgn0067864	822.737935386616	-0.161317632462854	0.129431316725041	1.55537846308525	0.212343187190378	0.764141764046326
FBgn0069242	1811.13992856247	-0.0553197378996287	0.190844125394718	0.0840983679396317	0.771818390326916	0.953146024147509
FBgn0069354	224.520166575315	-0.493718171251868	0.505892583787187	0.945797357743984	0.330791355757418	0.841662811307778
FBgn0069913	120.209899459135	-0.354317200019675	0.536119046843204	0.434064576335203	0.510001232624672	0.895913536575615
FBgn0082582	3846.80164222283	0.0152306404239499	0.154095534101214	0.00977419413565883	0.921245836494956	0.981892832603607
FBgn0082585	123.622167785711	0.102898366132392	0.26751577195404	0.148679974324708	0.699800027082263	0.935295979326931
FBgn0082598	2613.7747105514	-0.096958475591669	0.168507451507786	0.33102608299022	0.565055516993285	0.90865959686355
FBgn0082831	1565.77065383808	-0.507947517595434	0.400999248237991	1.59732596320258	0.206282572744893	0.757156699969694
FBgn0083167	736.775332516032	0.297542122507027	0.342563462297411	0.7524883477993	0.385689546908986	0.868990603813168
FBgn0083940	272.143596326639	-0.474305766226488	0.263121813854252	3.24600100410564	0.0715979429999518	0.501538077522671
FBgn0083943	76.856258313505	0.00576700341957697	0.793340809595994	0.0004044449779812	0.98395497082449	0.992457702209435
FBgn0083953	106.337143211801	0.549024938509064	0.597086496381093	0.838922315114488	0.359705171212043	0.856605910701619
FBgn0083956	1261.316440902	0.00374464657761415	0.448048700579897	7.14903234921849e-05	0.993253810784847	0.995700334295526
FBgn0083961	332.971290556149	-0.202785495543437	0.338605271322485	0.357922971123855	0.549662033024087	0.907978647188282
FBgn0083962	1958.76631703842	-0.215888465815399	0.418510142360396	0.265952255290372	0.606060049991555	0.914069664297095
FBgn0083967	273.194763538399	0.223260959815781	0.264769690466515	0.710804562793776	0.399176845885373	0.875888394068263
FBgn0083968	125.570438249505	0.744310910223398	0.585355318584209	1.59653088453732	0.206395528626324	0.757156699969694
FBgn0083969	984.385686862605	-0.155714434730442	0.187403380371374	0.691108710394019	0.405787523064565	0.87822152781539
FBgn0083972	260.746156740102	1.27889051209411	0.435251997750694	8.37565504703218	0.00380280469198288	0.0667197716731193
FBgn0083976	212.964554825976	0.110750530933104	0.186913855878731	0.35148208592102	0.553275353881655	0.907990612706933
FBgn0083978	310.564745018989	-0.210523238805484	0.257081246470974	0.671219971949739	0.412626592417005	0.87822152781539
FBgn0085188	616.989160007098	0.151386179983293	0.339212851837655	0.199006641390866	0.655523853980659	0.924526506893163
FBgn0085194	173.293324707682	-0.0122824628159013	0.464530097659755	0.000748541501053523	0.97817301123909	0.992134162437166
FBgn0085195	85258.9927780739	0.153415240892493	0.276641671927054	0.307390990086077	0.57928560831688	0.90865959686355
FBgn0085197	264.432908814796	-0.150127797216824	0.790527532830879	0.0360177523314889	0.849478836670197	0.970281967071069
FBgn0085223	64.76678447127	0.453771001607957	0.612750825188476	0.546647789446865	0.459690649728802	0.888270226363548
FBgn0085256	23413.4582490608	0.221835619032858	0.39768087598142	0.3108507135548	0.577158622141671	0.90865959686355
FBgn0085261	1270.22063571598	0.360494558345786	0.246263269342594	2.13752984317638	0.143733165082116	0.680305051811271
FBgn0085265	94.1305852240779	1.00379683262186	0.372613924767392	7.14782211243094	0.0075055074422669	0.11243544482141
FBgn0085282	281.62729388954	1.13220523586873	0.686907331469299	2.6493097299164	0.103594870974617	0.601666410276905
FBgn0085284	111.513241764566	0.776700999419373	0.501430119760522	2.36827974163054	0.123823433219767	0.645941733568542
FBgn0085305	40.5473948959647	1.00513586816262	0.670645862731156	2.19811452055437	0.138179662761407	0.672563713757829
FBgn0085306	81.3237371524071	-0.710633053567408	0.498222064111341	2.00483273618381	0.156798588358376	0.698322912858397
FBgn0085308	1713.14718836407	0.411404628142654	0.35077504113501	1.37062173866811	0.241705089133419	0.790406091073906
FBgn0085311	5429.38437584616	0.33141327319158	0.160730402129377	4.24260837465954	0.0394215572228746	0.357388098059372
FBgn0085317	115.835432840525	1.49247344529449	0.532391012350622	7.55984149803922	0.00596832409019523	0.0942815707781968
FBgn0085319	16.998894143487	-1.4176900740824	0.76003696499628	3.43116665269672	0.0639768921711002	0.469163875921401
FBgn0085320	554.608766814635	0.355030179334527	0.308842915703881	1.31727055939484	0.251082487992217	0.796563695389426
FBgn0085334	618.580966627685	0.187136003092313	0.565242637798974	0.109475782346919	0.740741741125717	0.947806576190702
FBgn0085339	515.551942833982	0.379167426662417	0.431494633530202	0.76886108579636	0.380569615294236	0.866725321739229
FBgn0085341	31.2365705524653	-1.16596238231536	0.715609392412465	2.56985830124685	0.108917487667076	0.613773318427373
FBgn0085346	105.23341585854	0.735357096946359	0.327033964882018	5.01702742912158	0.0250992215298571	0.271191976488246
FBgn0085354	610.525472903851	-0.241112123812159	0.15564598797799	2.39510064704238	0.121715916058155	0.640915136937804
FBgn0085359	2941.56015192983	0.791994674608023	0.29351197847952	7.19195255230778	0.00732312514305048	0.110491101799275
FBgn0085360	444.134584313608	0.626501967359599	0.303299402430669	4.23598113066998	0.0395757433803776	0.358013506317216
FBgn0085370	2004.52931885608	-0.386532648122362	0.453936077058163	0.723079166431887	0.395135740410376	0.873681006758972
FBgn0085376	611.007299539436	-0.318215675243373	0.421343558632713	0.57019354834965	0.450182015679452	0.888270226363548
FBgn0085377	338.643033021249	0.0141137690287175	0.197633948847087	0.00591841705437446	0.9386782381921	0.984850426188066
FBgn0085382	143.063923855402	-0.315476337317254	0.314140238825602	1.01123783022511	0.314606475747566	0.834611203004557
FBgn0085391	155.630373834262	-0.29913039396946	0.375568865086498	0.634829803361029	0.425589225051945	0.881714569656874
FBgn0085397	454.035721115832	0.0189585149971887	0.269037543131505	0.00510410441685849	0.943045175894751	0.98539396278863
FBgn0085400	646.568933643447	-0.285202748593377	0.391645565733878	0.530069957629763	0.466577449332634	0.888270226363548
FBgn0085405	1174.92940042856	-0.307317793491118	0.329141128401734	0.870319302167076	0.350866927479894	0.851483008530474
FBgn0085408	3006.33545179556	-0.331586786237193	0.206880507459442	2.56453171092416	0.109284914531124	0.613942740420665
FBgn0085409	632.647361626827	-0.311806874874176	0.307808476879309	1.02507676518979	0.311317805550536	0.83325899474602
FBgn0085412	1060.09683062266	-0.281864381586352	0.504371750893742	0.311971862870408	0.576472684773932	0.90865959686355
FBgn0085423	1704.8468083489	0.197220013539862	0.39005067835827	0.255548588137557	0.613194962053254	0.91550458350478
FBgn0085424	699.327907298188	0.527053431814973	0.370774485214065	2.01085630291695	0.15617714535289	0.697773912570806
FBgn0085426	281.427429675802	-0.123986721444372	0.416359148719339	0.0886338442644785	0.765921177186999	0.952993416349077
FBgn0085427	1926.21919528685	-0.0789198615614949	0.412549315674055	0.0366080709967065	0.848265211790312	0.969983775980133
FBgn0085428	1160.16423215165	-0.397657651031255	0.330610692476184	1.44365461121777	0.229548859296531	0.779813484379362
FBgn0085430	3043.67455721884	-0.41513060809301	0.490966594470159	0.712657435204903	0.398563016933926	0.875888394068263
FBgn0085432	490.494421834543	0.471583178922983	0.288886333921348	2.65298949780367	0.103355360957441	0.601666410276905
FBgn0085433	386.982436206969	-0.279306748119352	0.196580288880363	2.02397579942094	0.154833281435876	0.695838982452995
FBgn0085436	10592.6243690964	-0.423948780658726	0.437200490385375	0.936997789313338	0.333051131258902	0.84199398783608
FBgn0085437	1811.04969868935	-0.10108095353293	0.291451682099027	0.120362939913221	0.728641184870989	0.943673989467682
FBgn0085442	1964.5525005928	-0.168962556619989	0.261507375831944	0.417456002858557	0.518209186649305	0.900305384455461
FBgn0085443	1513.62603826039	-0.446333392355756	0.441982133501596	1.01629323838586	0.313399879911074	0.834012853316235
FBgn0085444	500.286939667667	-0.320997557050606	0.162877464576299	3.88302705434127	0.0487765396998303	0.405859445185518
FBgn0085446	14026.6601737508	0.0342970762544356	0.179682545226141	0.0364317424613319	0.848626653246601	0.969983775980133
FBgn0085450	835.201287985203	-0.289193962180479	0.38621828880001	0.560170968147602	0.454191365110844	0.888270226363548
FBgn0085451	2550.31405014194	-0.303814563179579	0.41181169222041	0.543493477974607	0.460988511168549	0.888270226363548
FBgn0085453	945.216303046338	0.423617866097838	0.281589325731891	2.25643883493019	0.133059731231727	0.664766073310509
FBgn0085454	111.508216179622	-0.771731281536151	0.604414062479109	1.60519089241022	0.205169134136	0.756915196440241
FBgn0085455	215.62685709356	0.689588205612612	0.358345617865704	3.67538273609631	0.0552215739343517	0.435187046605322
FBgn0085465	181.174667694722	-1.1041711302796	0.478297592509603	5.19393625253147	0.0226658230716885	0.250942761860874
FBgn0085466	62.3625806474714	2.18441159764772	0.8174709671479	6.61529396221486	0.0101106648653164	0.141146225129766
FBgn0085468	273.848028709888	0.206798462326854	0.359891643692224	0.329921196929149	0.565705493860107	0.90865959686355
FBgn0085470	319.65230608271	-0.555486122897818	0.452189305531876	1.50039546817706	0.220610522710842	0.771559114930207
FBgn0085478	1013.24458963998	-0.155993180716907	0.42582730014497	0.134168859418082	0.714148186263219	0.939380397144481
FBgn0085479	95.4515760325005	-0.633257184028627	0.45059428107885	1.95663574925806	0.161873576480143	0.706693785319023
FBgn0085484	1789.78157723456	-0.12476802626917	0.22333557748759	0.311975224291032	0.576470630634834	0.90865959686355
FBgn0085638	120.673682283198	0.620244892025707	0.644835013288636	0.916700593695367	0.338342782523201	0.844975856087411
FBgn0085693	29.6684036471514	-0.0789344464698404	1.44930634276913	0.00301428379151503	0.95621614535879	0.987810622229365
FBgn0085736	70.3975621542327	1.44425734925021	0.926925700314657	2.33679249863582	0.126349475139068	0.65078499017855
FBgn0086129	508.899507307101	0.0549133077269946	0.167799254227072	0.107128046545341	0.743437807768766	0.948656443438917
FBgn0086130	177.782149663453	-0.247786367606145	0.230307668408827	1.1592248621297	0.281626355213377	0.819576757857731
FBgn0086134	4634.62836642747	-0.0809287443071483	0.219400907045451	0.136022673715644	0.712267473155055	0.939284009468917
FBgn0086253	286.471365395674	-0.586724218576451	0.223919074583857	6.81792978689248	0.00902471235707	0.129869319604137
FBgn0086254	1299.16381801259	0.839902103000107	0.337068606658805	6.12482193254272	0.0133296713516748	0.172342396983807
FBgn0086346	3638.99208897902	-0.214357364642606	0.298359993316846	0.515837979263992	0.472622501750052	0.888270226363548
FBgn0086347	2636.77466749484	0.278954752225722	0.39073344130789	0.508991183514127	0.47557589140138	0.889027677218827
FBgn0086355	8149.58213842394	0.0551731328321194	0.332529807753274	0.0275276959132924	0.868224059370717	0.97411611643373
FBgn0086356	588.118502267099	-0.0140714491687708	0.229973953415722	0.00408348770700684	0.949048122058024	0.986127648092932
FBgn0086357	8790.13923820873	0.110986725290494	0.292501540111146	0.143945737057393	0.704389503127084	0.936659712702533
FBgn0086358	1695.12719750588	-0.423473159239218	0.256443617059209	2.71913218303949	0.0991519096335433	0.590030880797817
FBgn0086359	558.804468584272	-0.204662172642044	0.270532597643225	0.571864395657343	0.449519004937778	0.888270226363548
FBgn0086361	2227.3380876469	0.0632329458119402	0.178415639964693	0.125601751262323	0.723036606616848	0.942405474262163
FBgn0086362	401.183121058541	0.00356122931378517	0.319280491103454	0.000414972287387627	0.983747522518878	0.992425298569785
FBgn0086365	319.768312480747	-0.017327312210651	0.247124786386633	0.00527928927596122	0.942077700080661	0.98539396278863
FBgn0086367	291.864051431766	0.407459324866003	0.342804170813457	1.41085092673298	0.234915185929741	0.781081606355019
FBgn0086368	513.370841365857	-0.21311828587193	0.156811542991724	1.84884265728824	0.173918060184594	0.721069253967109
FBgn0086370	474.936743515565	0.140419116434595	0.252768284480606	0.308489130143329	0.578608798602625	0.90865959686355
FBgn0086371	612.633503503374	0.254609510063891	0.219144145973038	1.34741501811182	0.24573053565844	0.792429197916752
FBgn0086372	1643.95203074639	-0.290506910878439	0.190387525735221	2.3256534777417	0.127256768825342	0.652113344639129
FBgn0086378	457.663418515576	0.609542285252948	0.539757126104316	1.26505852126958	0.260695748983347	0.805153765933073
FBgn0086384	858.113643786654	0.0095534510962325	0.210601651451221	0.00219978388760467	0.962591450622517	0.989774698090503
FBgn0086442	1602.48464559072	-0.258321085134861	0.1869967451116	1.907174838842	0.167277420097003	0.712518721994532
FBgn0086443	2193.00795749678	0.07180958057543	0.111401051742934	0.415541978557854	0.51916993425888	0.900455715366879
FBgn0086444	407.881489681986	-0.156205489472863	0.259969730794976	0.362288630763274	0.547237927844712	0.907978647188282
FBgn0086445	113.801348157719	-0.208481976640221	0.257744245390356	0.653005663006972	0.41904012198402	0.880143567087002
FBgn0086446	236.716740459511	0.367473443714629	0.435653848365524	0.708665424153025	0.399887215040858	0.875888394068263
FBgn0086450	933.211193394636	0.902546508107161	0.694180352762704	1.66407427869802	0.197054119589253	0.749318508723765
FBgn0086451	726.202746516754	0.118881261450166	0.391778668512454	0.092174280258206	0.761430994854665	0.952241976303364
FBgn0086472	18395.7796261471	0.365999404107314	0.254429249288115	2.06369898289543	0.1508436154135	0.691215781862081
FBgn0086532	729.784939224447	0.301376216897498	0.155575891194892	3.74981225749949	0.0528134431368474	0.426773246271217
FBgn0086558	28472.1018685058	-0.36816222391986	0.361886927441677	1.03217417648167	0.309648562656843	0.832614936158673
FBgn0086605	501.918689245454	0.109215583355823	0.291038169901924	0.140864074865789	0.707423511605256	0.937480752259592
FBgn0086608	286.807152185555	0.482564231045382	0.53636209568145	0.804924546272659	0.369625077625159	0.864159753811589
FBgn0086613	427.222022363644	-0.114879101730901	0.265803624990252	0.18741215357349	0.665079244028035	0.927023786961361
FBgn0086655	1334.83326816047	-0.675079447537504	0.448827150866344	2.2431788425308	0.134204829409622	0.666388509944527
FBgn0086656	1522.38638092291	0.725184225976962	0.502910619057162	2.05732792853615	0.15147558958425	0.692139204778316
FBgn0086657	482.473109936157	-0.0210248668868602	0.155879590481469	0.0182220670362625	0.892620463344526	0.978876446894751
FBgn0086674	509.925249785665	0.0898700113127961	0.244495322877996	0.135119574756814	0.713181846533825	0.939284009468917
FBgn0086675	426.593553464979	0.389358097149294	0.386333850098238	1.01237742364886	0.314333954840384	0.834384888338152
FBgn0086676	1918.52705518447	0.107248714869185	0.321555223403129	0.111252617820227	0.738722530228489	0.946738851050619
FBgn0086679	746.618053979404	-0.237774863271351	0.250736682208123	0.899593913607703	0.342890621163748	0.847342045408736
FBgn0086680	902.814374901362	0.0930148577996268	0.207276796954631	0.201593487474526	0.653437691644364	0.923762843357487
FBgn0086683	442.879008226767	0.502310998176119	0.431448849266861	1.34762880153646	0.245693081028194	0.792429197916752
FBgn0086686	1688.33412600511	-0.412332749608855	0.411485487842469	1.00097855538446	0.317073841902933	0.834794518653785
FBgn0086687	8446.90269778327	0.754947514496341	0.341602263642849	4.82964215450839	0.0279744363659031	0.288462776955889
FBgn0086690	1483.847792011	-0.374023141212142	0.298570667211378	1.56601133277078	0.210787211679071	0.762244288705211
FBgn0086694	791.49980927563	-0.105462899246343	0.184282445263424	0.32843091227258	0.566584487748341	0.90865959686355
FBgn0086695	93.6686880329815	-0.202959049607285	0.307759557223855	0.43883674605113	0.507684443482671	0.895295388353976
FBgn0086698	306.396421642635	-0.132059818590373	0.179943414132615	0.543019262408208	0.46118413278854	0.888270226363548
FBgn0086706	7190.1549137566	-0.000709164040143975	0.201569555679599	1.56922837817319e-05	0.996839309272668	0.997195280934115
FBgn0086707	710.545887595485	0.0323184394656961	0.245546720720823	0.0174122222902042	0.895019584709923	0.979375762856732
FBgn0086708	2140.66233652754	0.2053458033147	0.478329461625067	0.184166200354511	0.66781705344661	0.927910326872862
FBgn0086710	6873.86005178254	0.485252789135653	0.396452983513232	1.49100754338926	0.222060199592538	0.773071216808487
FBgn0086711	211.172109125037	-0.245252418590314	0.311710325843568	0.61739013173397	0.432018785886223	0.886181566167395
FBgn0086712	449.352058535947	-0.00775513761940965	0.281106964596148	0.00102216446295245	0.974494932996216	0.991444149622978
FBgn0086757	369.807839285525	0.0776886285003347	0.226448412706585	0.117988611514676	0.731226324521319	0.943692519110568
FBgn0086758	1078.02346929265	-0.215355445250671	0.550755746580137	0.152734100464329	0.695936127578736	0.934237778124647
FBgn0086768	887.315766808242	0.321036952813504	0.198774328403724	2.60257737463355	0.106690082602792	0.610502522669874
FBgn0086779	638.647697286004	-0.216330329878683	0.211152489387464	1.05063997080522	0.305359741883667	0.832614936158673
FBgn0086784	974.314497813531	0.0570030554883994	0.220750235876786	0.0668169148774922	0.796029012220811	0.95774199265622
FBgn0086785	358.813079093081	-0.0438800320736023	0.243901900719714	0.0329078877102944	0.856049448623577	0.971310121918865
FBgn0086855	416.969288450224	0.0787279996562876	0.220319976139273	0.128043978471226	0.720468792383497	0.94223774217101
FBgn0086895	393.469718178857	0.0476990161388535	0.234228054995793	0.0421262490107637	0.837379306372271	0.967331366426469
FBgn0086898	168.181735135591	-0.365201765983859	0.292506546187729	1.56868420638249	0.210398201761661	0.761165082912181
FBgn0086904	6535.93077307912	0.187016875198358	0.289890100611401	0.415854969247874	0.519012614053794	0.900450455926525
FBgn0086906	8872.09514687841	0.651380565141203	0.659768922903635	0.966583797370433	0.325533650265913	0.838856040403755
FBgn0086907	192.470441025621	-0.197043991774801	0.475701704845785	0.171138730272503	0.679101758713938	0.930018495477913
FBgn0086908	759.379988197329	-0.0709082795566774	0.274031325599328	0.067135796591316	0.79555363812146	0.957307098335159
FBgn0086909	1590.54847891115	-0.0977895239126374	0.388294585376963	0.0633962874144345	0.801206329311635	0.958174580223308
FBgn0086915	524.198039866639	-0.0570322468936441	0.71014030661226	0.00645599549015685	0.935959521062733	0.983817395465111
FBgn0087002	37279.3407473956	0.987242989411842	0.298368667995	10.7411338149722	0.00104780116892494	0.0237992460098518
FBgn0087007	3702.4557363142	0.101784426788138	0.367521366788967	0.0766980814131983	0.781822964506004	0.95464831915353
FBgn0087008	2761.99924586885	-0.34523246894875	0.497267508435413	0.480963992437239	0.487985991851494	0.890779084458522
FBgn0087013	9783.45528701138	-0.375159004416451	0.361233575997936	1.07566116947382	0.29967021368941	0.832614936158673
FBgn0087021	86.7638011362237	0.495262728493308	0.67805197999036	0.529933017303058	0.466635021757521	0.888270226363548
FBgn0087035	8031.05779024338	-0.0185382656176607	0.23086933869009	0.00645107918485621	0.935983857031366	0.983817395465111
FBgn0087039	188.443838740185	0.773459623386245	0.563224535356279	1.86235380391558	0.172353383188987	0.718124854893527
FBgn0243486	218.718801397938	-0.478189396165332	0.306832077580918	2.42649317452498	0.119299517342135	0.635356871827187
FBgn0243511	886.486371127059	-0.0674628273672626	0.177987036109107	0.14378135400284	0.704550401695469	0.936719877499735
FBgn0243512	1282.07725222141	0.156293938028982	0.189324642605865	0.681017421816293	0.409236598632812	0.87822152781539
FBgn0243516	1663.94350796979	-0.23029610769575	0.364007845378105	0.400028996481026	0.527074282257937	0.90232385622236
FBgn0250732	798.998796145684	0.0290985572715915	0.207593829456681	0.0202798888917926	0.886758158489126	0.977724198541247
FBgn0250746	4701.28591647859	-0.0227771145903862	0.265014482284819	0.00738929814528433	0.931497398535115	0.98378812856611
FBgn0250753	6009.61602701331	0.538926993129781	0.37780599908154	2.02295439192027	0.154937434343855	0.695934900174109
FBgn0250754	1053.14390086347	-0.150464576537687	0.271574082811621	0.307126659552395	0.579448757469478	0.90865959686355
FBgn0250757	3326.43613302746	0.580747233392812	0.173971567791406	11.0744243289141	0.000875265890169238	0.020489511256218
FBgn0250785	1665.66424098758	-0.234928068323159	0.182664563853098	1.65327446956861	0.198513843606395	0.750424073325388
FBgn0250786	1690.95479832204	-0.274176485746319	0.367637548693836	0.555628433558738	0.456026995299365	0.888270226363548
FBgn0250788	11850.4850811588	-0.0441089546110172	0.47896494245513	0.00848162920452467	0.92662195632796	0.983026071820471
FBgn0250789	11129.8868885508	-0.0989329602425721	0.495060182923321	0.0399312814236623	0.841615000673303	0.968231685921758
FBgn0250791	1881.30996676947	0.238901006965391	0.249543748125029	0.915282588345832	0.338716666803944	0.844975856087411
FBgn0250814	2621.90106466645	-0.0843885361512418	0.274710913461357	0.0943478190522313	0.758720904413088	0.951679100282497
FBgn0250815	204216.479357483	-0.0146007824650588	0.336173599683777	0.00188661491651487	0.96535463406462	0.990689517101389
FBgn0250819	602.519940992	1.34863478264081	0.729287476313043	3.30245584219213	0.0691763880031407	0.491036996948575
FBgn0250820	617.413642580403	0.169036524591091	0.153194112287887	1.21749568474345	0.269852685361692	0.810256083869186
FBgn0250823	1332.88533286198	-0.0619299534525529	0.168697849249145	0.134761074941295	0.713545783619004	0.939380397144481
FBgn0250836	756.175025289857	-0.0425013453561024	0.452813548680603	0.00880957189019682	0.925220909321906	0.983003352963501
FBgn0250837	915.022427267819	0.310434584791841	0.312134670618434	0.986682997513128	0.320554432440024	0.836537052932144
FBgn0250838	1602.13704791458	0.0495552046040864	0.323997467885843	0.0233945403860503	0.878435545409816	0.977068203103071
FBgn0250839	489.369635471997	-0.814876619222677	0.890580232020127	0.825780429002336	0.363495506714337	0.860716767852773
FBgn0250843	3215.59899389103	0.211909134720754	0.303699282555917	0.486334057224695	0.485567170883763	0.889622202826641
FBgn0250845	228.200475786716	-0.405126270572946	0.53328111150927	0.57397365731525	0.448684197346276	0.888270226363548
FBgn0250846	79.1025682720403	0.0569723938707024	0.833109422212048	0.00508703500740637	0.943140329632407	0.98539396278863
FBgn0250848	7517.53845305613	0.10326114988769	0.260470048030975	0.157148669242105	0.691795351109201	0.93317827033203
FBgn0250850	634.774742198559	-0.362481510178839	0.202614439170974	3.20008016653202	0.0736346606325026	0.508807836371248
FBgn0250851	1054.01025516057	-0.455303218363174	0.475056429825382	0.915322387926196	0.338706165316257	0.844975856087411
FBgn0250867	185.584863136447	0.24221223100684	0.22326526505874	1.17652162479961	0.278065262885786	0.814520902506848
FBgn0250868	157.616352223391	0.76297833610243	0.617331281712744	1.50800148386952	0.219444295639055	0.770878105081471
FBgn0250869	469.552226957095	0.311711899691611	0.426030765347789	0.534094058651334	0.464890699644586	0.888270226363548
FBgn0250871	4364.06851184863	-0.398900834171649	0.421332642767354	0.893605073346663	0.344502233466639	0.847552993638526
FBgn0250874	630.170602211024	-0.0748966670257763	0.222606392053741	0.113446131269399	0.736254364805091	0.945951584996377
FBgn0250903	241.748970152692	-0.195050181835623	0.425042353726476	0.210271023157844	0.646555061752624	0.922677659869087
FBgn0250904	617.013789608543	-0.477346867277354	0.394571369676894	1.4559078583582	0.22758234724453	0.779156488035392
FBgn0250906	4683.46207495348	0.235449283193864	0.27602184175328	0.72685208556149	0.393905456968793	0.872919006760984
FBgn0250907	11212.0952630146	0.100527173395841	0.249785736680128	0.161947983463335	0.687369351845267	0.931504874015863
FBgn0250911	417.653839506387	-0.236309377229723	0.265569668890066	0.79120512751345	0.373735970020411	0.865521438499774
FBgn0259101	2409.0632812266	0.00811120650252406	0.426772504135272	0.000361894975725363	0.984822328665214	0.992617756068896
FBgn0259108	812.915043784209	-0.408721109421714	0.769889861361858	0.281011930121679	0.59603872775209	0.911189805440844
FBgn0259111	2801.89999191369	-0.043677675117996	0.412026429927701	0.0112409047589921	0.915563998045225	0.980404978288931
FBgn0259113	354.261872142101	-0.0544802171392217	0.256089854005115	0.045684895007355	0.830749620640167	0.964901903583029
FBgn0259139	3093.87489287511	-0.0927552711489618	0.174832851034997	0.281409292067906	0.595779001162811	0.911189805440844
FBgn0259140	713.723936556724	0.348648371574708	0.490616296557901	0.504068785695807	0.477717767928429	0.889027677218827
FBgn0259143	661.058116695552	0.112844070911253	0.14583114996692	0.598608216851318	0.439109547646361	0.888270226363548
FBgn0259152	455.318609075892	0.45111538217192	0.353535747807069	1.6206443093093	0.203001971246602	0.755105290430039
FBgn0259163	1140.80872031893	-0.640694338321907	0.383356453517454	2.77307659261342	0.0958617498664918	0.579167610264556
FBgn0259166	630.062266194212	0.0693305836858743	0.151051075063302	0.211486135557891	0.645605071598963	0.922314497582819
FBgn0259167	77.1249183320431	-0.282220704053276	0.338855074996667	0.703618649300182	0.401570440545576	0.875888394068263
FBgn0259168	1954.38300540359	-0.485242042241104	0.375914360136991	1.65851901306473	0.197803402415032	0.749490743974774
FBgn0259171	819.11883207165	-0.177224667753892	0.451382243886756	0.154190874211466	0.694562153758837	0.933894384001516
FBgn0259173	2412.59264419639	-0.146166917886449	0.35504429937858	0.169459236118641	0.68059284941936	0.930081887185516
FBgn0259174	1545.34338066527	-0.200669516991239	0.203451568798674	0.972852878547457	0.323969708401655	0.838251671615612
FBgn0259175	1259.65967311686	-0.0539174092708355	0.402264170928661	0.017975025773012	0.8933464526572	0.978928172662724
FBgn0259176	5075.70410725731	-0.133377476541089	0.232773221172709	0.328211275488272	0.566714256981216	0.90865959686355
FBgn0259178	177.013362885789	-0.0176022754779288	0.299430809150764	0.00349803056563758	0.952837292970326	0.987135676790263
FBgn0259200	115.071170593061	0.132885251762511	0.285176574736654	0.220603998879902	0.638580086439083	0.921309364194687
FBgn0259201	1637.43568118794	-0.500155379599301	0.413234857326926	1.45705105081676	0.227399912831966	0.779156488035392
FBgn0259202	848.303822926216	-0.0459489456517328	0.18761127915781	0.0600745551361399	0.806378141879763	0.959086727233997
FBgn0259209	3002.1559407889	0.548012689684865	0.299291604583964	3.33285024114973	0.0679090957618614	0.48778465024161
FBgn0259211	1679.74532293851	-0.24500592140828	0.310540682576239	0.621858680906399	0.430357426051303	0.885006445906328
FBgn0259212	2270.30756369844	-0.351827508881538	0.472372307824578	0.553530964093312	0.456878522574866	0.888270226363548
FBgn0259214	3671.59663868228	0.174779674624836	0.22453677306788	0.605505031647425	0.436485282356688	0.888270226363548
FBgn0259216	222.809690990102	0.933134594361244	0.571966574455274	2.61679184576191	0.105738025573983	0.607397379988896
FBgn0259219	650.81271949726	0.382187429898244	0.327241327787217	1.35918736127023	0.243678368618275	0.792429197916752
FBgn0259221	1197.89296377608	-0.265872839672639	0.315876676361497	0.70793142534022	0.400131385016862	0.875888394068263
FBgn0259224	588.144543651138	-0.050650521457458	0.526396702096393	0.00925894221208523	0.923343148576159	0.982387080003906
FBgn0259227	1176.26264188812	-0.227983584241795	0.295213525670278	0.59588652167551	0.440151822442052	0.888270226363548
FBgn0259228	1154.03470844628	-0.115504967153999	0.432307087198269	0.0714028550513461	0.789305069909588	0.956915308546756
FBgn0259229	187.936576464373	0.62267639474606	0.589357791089163	1.10906476227643	0.292285338825276	0.827756056843587
FBgn0259236	612.590295861822	0.177823176880934	0.274956891714373	0.417800036000045	0.5180368297102	0.900305384455461
FBgn0259237	361.510999089519	1.38526198512896	0.600592613120708	5.13465981318465	0.0234526827582559	0.25697171661722
FBgn0259238	1173.26896261205	0.771042197974086	0.287222458710122	7.12077474885703	0.00761957721615284	0.11353710447615
FBgn0259243	1907.08540315609	0.0775939219483312	0.307369559892997	0.0637241778642874	0.800703703783833	0.958174580223308
FBgn0259244	723.215646533759	-0.0614727312783759	0.23853467451844	0.0665086557878567	0.796489702335202	0.957909169986809
FBgn0259246	611.191076622011	-0.0260027213274396	0.487969458183554	0.00284877474996392	0.957433988785878	0.987852795717391
FBgn0259481	2231.93522701862	-0.169973342487702	0.228721647273221	0.552250151264005	0.457399738403626	0.888270226363548
FBgn0259482	110.768506091148	0.497144018169466	0.608386279790124	0.663309487449126	0.415393995427186	0.87938425582695
FBgn0259483	1713.36923622474	-0.325919730864186	0.178967969459046	3.31156631345358	0.0687938932715058	0.491036996948575
FBgn0259678	1653.80319507934	0.255519241993367	0.159135453144077	2.5746450498898	0.108588456652879	0.613291256526072
FBgn0259682	2612.28121090352	-0.0643778576405637	0.289069855441756	0.0495969513602574	0.823766098138901	0.964052863213496
FBgn0259685	2787.1301319744	-0.434127223826875	0.428552478208133	1.02263818820322	0.311894039861354	0.833701498408022
FBgn0259699	581.55263833773	-0.0187911548297675	0.581859501729966	0.00105824994435011	0.974048790997599	0.991444149622978
FBgn0259700	1686.25586571228	-0.00499658210690252	0.247423446470162	0.000480908865796437	0.982504085606832	0.992185732789441
FBgn0259704	337.909052233465	0.197747224758368	0.25708542483975	0.591422875415716	0.441869428495866	0.888270226363548
FBgn0259705	244.592393007255	0.217630209488043	0.214623309792757	1.02850385837342	0.310510327506326	0.832614936158673
FBgn0259715	188.229409659301	0.510308464686721	0.297675137330462	2.93071657247861	0.0869089100000484	0.548612292612179
FBgn0259716	3480.27498113319	0.375881744890636	0.30146608291582	1.55050843456078	0.213060397863665	0.765196403267623
FBgn0259718	83.9079694133216	0.154210915137113	0.308824905320531	0.255686831500974	0.613098966257754	0.91550458350478
FBgn0259720	176.27549133008	-0.0190693360037361	0.364189258017316	0.00362095086567393	0.952016784560597	0.986885525775761
FBgn0259721	158.958600961229	0.183344551682852	0.33687112243053	0.296688218945462	0.585966097798533	0.90865959686355
FBgn0259725	170.21933492878	-0.129645305160602	0.304695860096493	0.181896794476309	0.669748207431333	0.928040220157118
FBgn0259726	170.21933492878	-0.129645305160602	0.304695860096493	0.181896794476309	0.669748207431333	0.928040220157118
FBgn0259727	158.771790338239	-0.109124509205013	0.309166392212092	0.125020559251993	0.723651817742193	0.942405474262163
FBgn0259729	59.7236367854162	-0.978892034676079	0.803784196579531	1.44959070646359	0.228593638467016	0.779156488035392
FBgn0259734	908.576981110482	-0.15618496734502	0.492497903274533	0.100543527817337	0.751178351852763	0.949406787566545
FBgn0259735	2541.76070029715	-0.0636677808177307	0.457634051250394	0.019359838297305	0.889339807863027	0.978017763056906
FBgn0259736	1952.33322174195	-0.0504931338512287	0.248666366589871	0.0412598084922848	0.839037249383391	0.967778591818814
FBgn0259740	315.529895166648	0.726524988014866	0.554282763453269	1.69880340948531	0.192444539423611	0.743576205679301
FBgn0259745	488.105598006176	0.00235167476945133	0.340226016203073	4.83531354404931e-05	0.994451841211851	0.996111236417687
FBgn0259749	2102.58260864938	0.551313806062497	0.256813025065207	4.58216042185504	0.0323064584535616	0.316005132006233
FBgn0259785	2770.07502073209	-0.164152036189715	0.257066989161665	0.407703679652684	0.523137333886837	0.902200212592866
FBgn0259789	1524.64640619893	-0.302432721874217	0.586994597265168	0.265045364216789	0.606674917805444	0.914069664297095
FBgn0259791	138.817134448648	-0.941665839802418	0.372075101596534	6.34329784454073	0.0117825617277016	0.15868693711475
FBgn0259794	326.177871164843	-0.353104780015756	0.484844469112837	0.5281599204001	0.467381496068225	0.888270226363548
FBgn0259795	2188.96685269923	-0.812929042112533	0.335189926438687	5.80527750039514	0.0159781460771843	0.198053598278255
FBgn0259824	1036.66372282711	-0.0250731550151966	0.338417411140711	0.00550438143497445	0.94085799441473	0.98539396278863
FBgn0259834	494.936812065846	-0.187046135547374	0.247289001697694	0.572197499469269	0.449387007661225	0.888270226363548
FBgn0259876	746.739490521316	-0.212973782224822	0.208842248346567	1.04116049853421	0.307551724192064	0.832614936158673
FBgn0259878	111.888077739326	-0.310916545331101	0.340105874767794	0.834363026196577	0.361013940962517	0.857293348360834
FBgn0259896	972.200576297921	0.68805732436435	0.215439343396368	10.1204818476295	0.00146630660552946	0.0313558287859278
FBgn0259916	136.110393737417	0.714780843401665	0.408182993399105	3.03338251543619	0.0815678069185034	0.538065815810913
FBgn0259923	294.292061241779	-0.0452533345974113	0.296234592617965	0.0233330960640075	0.878594051743206	0.977068203103071
FBgn0259933	197.2752734621	-0.182892067144473	0.251018523564173	0.531664055267861	0.465908095139688	0.888270226363548
FBgn0259937	1475.45284159809	0.0727225786123193	0.156799113779203	0.215283006875254	0.642657777058552	0.921446243022313
FBgn0259938	890.457780699343	0.238208198159153	0.307764929303553	0.598643748897061	0.439095965684196	0.888270226363548
FBgn0259950	428.097642103185	2.1323114140459	1.08208512579269	3.57678814492461	0.0585923349053501	0.44952933110537
FBgn0259978	749.762487684466	0.0354013363971692	0.279905719314539	0.0160806344535445	0.899091222833517	0.979772897569974
FBgn0259984	1806.88623749538	-0.467344463091059	0.40502813232962	1.32616669824421	0.249488312699334	0.793847876141075
FBgn0259985	140.371203063399	0.161549351690803	0.303915762108005	0.285230295733555	0.593293408542382	0.911189805440844
FBgn0259986	199.224090402145	-0.132916580077474	0.254071682498392	0.277305779585937	0.598472566166697	0.912159281837944
FBgn0259994	611.77799234008	-0.0129181301758394	0.302679162777481	0.00190584639049973	0.965178612169431	0.990689517101389
FBgn0259998	10383.2542696406	-0.457258284177605	0.380315500431125	1.43957304187749	0.230208444036079	0.779813484379362
FBgn0260000	170.25134704691	-1.03324945815875	0.363719399870317	7.93354806473082	0.00485265494741574	0.0801212420001609
FBgn0260003	3905.40978073946	-0.0347843774557516	0.364569735239727	0.00911107169770276	0.923955867008034	0.982528799991841
FBgn0260004	88.9748622206657	1.38747130541614	0.52943826629063	6.6674984972107	0.00981869057275738	0.138724843523165
FBgn0260005	190.548730391515	-0.384179460702931	0.446234395137599	0.741070688740194	0.389318114079917	0.871094097637813
FBgn0260006	634.896022097905	-0.24916793557853	0.297302818818942	0.70250258578946	0.401944064723076	0.876195059095772
FBgn0260008	390.189178861071	0.925516523218708	0.636263555532025	2.07936876201981	0.149301907803763	0.68752505927826
FBgn0260012	797.090503105374	-0.213164054746644	0.210294520287505	1.02870061029137	0.310464052426936	0.832614936158673
FBgn0260027	24.5292457154151	1.57235495043941	0.981619955724111	2.4647688963835	0.116424825294137	0.62999679363914
FBgn0260049	3667.37827963925	-0.102888910121968	0.308819300955109	0.111002169462466	0.739006052224186	0.946738851050619
FBgn0260223	423.644179526776	0.00970132757869552	0.196521415113103	0.00311015006622029	0.955526054430461	0.987492945289472
FBgn0260224	126.324444419768	0.314778362716268	0.271796117922373	1.34118399828331	0.246825275637692	0.792429197916752
FBgn0260226	43844.0292478425	0.690001524681085	0.470480321188001	2.13066627634038	0.144377987006076	0.680305051811271
FBgn0260228	4634.83241157784	0.098787398415643	0.568990901795743	0.0301330377321136	0.8621887111011	0.97208975956209
FBgn0260233	316.355935392574	-0.208094765451126	0.307613157658501	0.457602792739621	0.498746447297001	0.895295388353976
FBgn0260237	414.724603878045	-0.0565783840835402	0.198964791992882	0.0814177075267182	0.775385292135354	0.953234312247045
FBgn0260243	278.537540822704	0.0906166780737542	0.269509857190965	0.11349487599302	0.736199819624645	0.945951584996377
FBgn0260386	154.880610475134	-0.104189082982558	0.393922548646013	0.0711062750174207	0.789732803290146	0.956915308546756
FBgn0260388	536.144719972129	0.325065547177746	0.24431869731501	1.76835997346706	0.183585175527107	0.729851848760788
FBgn0260390	126.10455104092	-0.202325981826307	0.576974697491129	0.122778476999883	0.726040328456548	0.942921174524622
FBgn0260392	556.373699473914	0.508602101194374	0.574619506161507	0.778845999342579	0.377494306701307	0.865701388774403
FBgn0260393	924.857978459216	0.0332067889655824	0.391649788245703	0.00719252817410165	0.932413417905732	0.98378812856611
FBgn0260397	365.979716457779	-0.0461741580925674	0.178636268669073	0.0679272686399486	0.794378929895709	0.957307098335159
FBgn0260398	381.556505230277	0.0850581288467581	0.282645718163757	0.0906032704268824	0.763411618619303	0.952566903708657
FBgn0260399	187.55577904356	-0.035906344790492	0.269562203597628	0.0179469737589102	0.893429210414456	0.978928172662724
FBgn0260400	566.79984800684	-0.461132759008512	0.417565465191773	1.21422720057843	0.270496548669103	0.810256083869186
FBgn0260401	211.494400812011	0.583130395535204	0.512077834290307	1.28677853627153	0.256642475207095	0.802987104110361
FBgn0260428	46.0198204060451	0.78221481236197	1.05988394850484	0.536693447292649	0.463806308852203	0.888270226363548
FBgn0260434	79.8641663461082	-0.546698006117167	0.460534721683155	1.39423687069911	0.237690894721003	0.784804682033993
FBgn0260439	5139.33591016466	-0.0670006792056943	0.189245380196082	0.1253630642167	0.72328907057567	0.942405474262163
FBgn0260442	10520.7316492542	-0.21234029425768	0.543241635571769	0.152656670114922	0.696009368019802	0.934237778124647
FBgn0260444	294.277907476998	-0.149864457328114	0.160389291692781	0.873467104463543	0.349997252474345	0.851467182456711
FBgn0260450	672.00366056936	-0.212631401737452	0.344010447453662	0.382192052042171	0.536432415760572	0.906910394964332
FBgn0260453	86.8931029900691	-0.706720720617814	0.54687071686173	1.64452530452787	0.199705707375345	0.7513326683954
FBgn0260456	168.412205864108	0.263415406054324	0.405195680608186	0.421865084640153	0.516007867423362	0.899800082912932
FBgn0260458	138.94933553199	-0.376612441696857	0.247462071409144	2.3081448341213	0.128697570162393	0.653999148711491
FBgn0260461	169.910173351036	-0.266711985330929	0.584475062025892	0.207422894741342	0.648794854974812	0.922694169316485
FBgn0260462	14375.8759681144	0.309644889416212	0.232001101948855	1.77791987002691	0.182404962001534	0.728369597213175
FBgn0260463	2658.45927515645	-1.22738057063264	0.808622448977745	2.23798988278345	0.134655929909218	0.666548062109055
FBgn0260464	158.958600961229	0.183344551682852	0.33687112243053	0.296688218945462	0.585966097798533	0.90865959686355
FBgn0260466	170.408747558792	-0.354584527962879	0.537162063976737	0.433492294189548	0.51028028937034	0.896060535082063
FBgn0260467	325.631395192554	0.248392991441652	0.287757775679112	0.74391935152984	0.388408255434185	0.87033225458622
FBgn0260470	145.189354472187	-0.381610277559282	0.296786002088912	1.64507714191348	0.199630284960698	0.7513326683954
FBgn0260480	71.0758396776993	-0.878788159750585	0.616510083376878	1.99763140382768	0.157545231046028	0.700163998789435
FBgn0260481	76.970836694193	-0.478189092556489	0.373809907187099	1.62425215300071	0.202499903414228	0.755017386110545
FBgn0260484	1219.35344496219	0.986510943230376	0.234049457058951	17.4503121676909	2.94915854430386e-05	0.00106830725889352
FBgn0260486	625.3489225122	0.118050594472216	0.343009515031735	0.118662711007431	0.730489437372668	0.943692519110568
FBgn0260632	1608.0092685916	0.298486008860239	0.405982774053351	0.539761804242772	0.462531459252041	0.888270226363548
FBgn0260634	2571.20122249227	-0.609311281294421	0.454053219203791	1.78800552301821	0.181169359043267	0.72654447334996
FBgn0260635	4511.36253178049	0.0138652472279083	0.216178108827707	0.00411417541339176	0.948857288313012	0.986127648092932
FBgn0260639	450.193641444083	-0.0740836780778846	0.151152106074393	0.240136931690593	0.624107232985976	0.916152845817619
FBgn0260642	349.501989724075	0.0638118391331811	0.250313523603775	0.0652683978828037	0.798354856293285	0.957999832735677
FBgn0260648	211.06452156274	-0.158252605744056	0.273994370038526	0.333042036462857	0.563873293454703	0.90865959686355
FBgn0260653	6283.11622520809	0.201764754463259	0.367328740980609	0.301466708822531	0.582964383844469	0.90865959686355
FBgn0260655	733.162330255268	-0.329654363213471	0.347790373515628	0.897585811919541	0.343429869516085	0.847342045408736
FBgn0260659	602.606008276309	0.084686930414525	0.192604351206938	0.193573770218109	0.659958696191699	0.925753143696909
FBgn0260660	864.04139032345	-0.185136680302649	0.311606686600729	0.35292880881309	0.552459866517521	0.907978647188282
FBgn0260741	157.983255797137	-0.321522514137212	0.226616068996634	2.00528524806704	0.156751805855671	0.698322912858397
FBgn0260742	644.495579492452	0.00239016999989186	0.182871668262589	0.000277491534845353	0.986709392091845	0.993061124148768
FBgn0260743	1347.1243340231	-0.343395081939864	0.243098519560526	1.99065071488874	0.158272858024034	0.701542773646613
FBgn0260744	2680.69934148293	0.120793859660195	0.246364371678688	0.240286178030658	0.623999498302943	0.916152845817619
FBgn0260745	5481.79755059047	-0.226857299533487	0.266794955542063	0.722416150579505	0.395352509817805	0.873768097480454
FBgn0260746	650.908939107159	0.303794829862923	0.241266798883027	1.58297320135478	0.208332947141535	0.757607134477482
FBgn0260747	1327.24226018142	0.524086075742322	0.223437262776552	5.47123448781461	0.0193319656046693	0.226275541701449
FBgn0260748	1054.76736357358	0.0559658738493517	0.325578916915184	0.0295503007964442	0.86351456692046	0.972458577783987
FBgn0260749	673.046000373937	-0.301332459319164	0.237240411574763	1.6097181433431	0.204531426983377	0.756454122201563
FBgn0260750	173.625623572138	0.166641316191496	0.370668004776339	0.202496439746298	0.652713292963033	0.923735839112994
FBgn0260755	274.436089970777	0.191953037851874	0.436775373609229	0.192931073414584	0.66048822509998	0.925753143696909
FBgn0260758	134.742163196382	-0.499580116091412	0.53407571746443	0.86893439896842	0.351250481028962	0.852040110317703
FBgn0260759	177.469955407598	0.18645492557482	0.373451116811967	0.249697296817594	0.61728830073672	0.91550458350478
FBgn0260760	177.469955407598	0.18645492557482	0.373451116811967	0.249697296817594	0.61728830073672	0.91550458350478
FBgn0260767	102.321830937367	-0.749429713608366	0.404510226766506	3.39452656095092	0.0654131394074429	0.47472540896386
FBgn0260768	114.345608605162	-0.542376822192783	0.474803083348505	1.29677737843211	0.254802712589512	0.800210013677974
FBgn0260775	164.50748749116	0.128978764447941	0.236011893534599	0.301963609795941	0.582654024533792	0.90865959686355
FBgn0260789	379.583190685283	-0.207310953591707	0.389150132943697	0.284128635561117	0.594007843226869	0.911189805440844
FBgn0260794	9226.1642997534	-0.366221663484808	0.453408656536984	0.650709686376473	0.41985906240502	0.880143567087002
FBgn0260795	914.180590092954	-0.490400447567489	0.262653972272507	3.47275767315543	0.0623872224628644	0.463542505345256
FBgn0260798	298.128525485366	1.74103251423155	0.649121643658666	6.80557660212575	0.00908736033766582	0.130102514953567
FBgn0260817	307.963011275626	0.0569271386546108	0.204485054664178	0.0777167921670525	0.780415723451913	0.954139036571197
FBgn0260855	1270.48318678712	0.556915960078269	0.146504058565744	14.3801226593072	0.000149370783062473	0.00448325736020367
FBgn0260856	186.035448907887	-0.132630500294536	0.29988663565937	0.195943767659486	0.658015035733896	0.925452063254062
FBgn0260857	333.113877253158	0.576598414181589	0.284876276947804	4.06766056393002	0.0437117737633123	0.381072351355681
FBgn0260858	620.259169684702	-0.145735723269946	0.187158653358163	0.605501053931008	0.436486788972093	0.888270226363548
FBgn0260859	477.800540343256	0.16041129010249	0.240293343747353	0.445504522136744	0.504477552557988	0.895295388353976
FBgn0260860	161.210129219485	0.238476774473337	0.325816495531062	0.536269637506891	0.46398283464855	0.888270226363548
FBgn0260861	144.084904185857	-0.0414535483063382	0.306869655935542	0.0209231652182353	0.88498846611046	0.977724198541247
FBgn0260866	854.492286532942	-0.189657237513923	0.289843465854654	0.428263524625649	0.512842242623557	0.898275574616169
FBgn0260934	4684.97738792784	-0.15805325483278	0.283821803172315	0.310005171019441	0.577677012214474	0.90865959686355
FBgn0260935	808.893010928315	-0.2531235638957	0.302482807758333	0.700370589675188	0.402659198764808	0.876443384206021
FBgn0260936	2593.82677085436	-0.358380266569883	0.219722763961726	2.65426980197121	0.103272170267017	0.601666410276905
FBgn0260938	2194.11573182236	-0.28707219782541	0.51671907843724	0.308229420292321	0.578768721491693	0.90865959686355
FBgn0260940	281.250150525464	0.0625522905960717	0.256653421900658	0.0611277968551107	0.804722209931658	0.959086727233997
FBgn0260941	1480.20558219495	-0.0580865927003417	0.175966213727458	0.1093680449559	0.740864757724381	0.947814817173518
FBgn0260943	273.77849672295	0.0947578283558036	0.25430300567615	0.139852028888086	0.708428159909798	0.937853306246139
FBgn0260944	649.277412615456	0.114721385381343	0.379456868504185	0.0913784323496145	0.762432024277651	0.952556923338905
FBgn0260945	1725.82219208544	-0.415795929796659	0.314964096933486	1.73779972451456	0.187417857834661	0.735739826904372
FBgn0260954	25241.0523120538	-0.167945595112848	0.35933304440218	0.218322552869438	0.640321032007362	0.921446243022313
FBgn0260959	1097.44250194857	-0.562727109614896	0.216760641724461	6.70885019528836	0.00959355631613672	0.135959944824305
FBgn0260960	1789.8697970276	0.421411709158574	0.158503433863997	7.04533336419779	0.00794720320848771	0.117378375683885
FBgn0260962	1629.61812124936	-0.189928216905131	0.217354667649131	0.763677439469831	0.382180121970567	0.867649983706974
FBgn0260964	253.779843270506	-0.221667409008147	0.30052882931834	0.545160975679948	0.460301685824322	0.888270226363548
FBgn0260970	3114.73494561851	-0.319855648789321	0.504873276998042	0.400636567070663	0.526760690157572	0.90232385622236
FBgn0260972	1065.54571111862	-0.104971559973397	0.20768143127775	0.255333588827085	0.613344321755343	0.91550458350478
FBgn0260985	441.347783534827	-0.0601850520623874	0.168497470818308	0.127564113648624	0.720971140283739	0.942303107445254
FBgn0260986	144.524494596218	-0.0968730817989825	0.272110772954225	0.126734036117824	0.72184263083223	0.942405474262163
FBgn0260987	444.740599953552	1.16347538933918	0.699269437802976	2.69610207339605	0.100593912121584	0.593016758284656
FBgn0260990	1719.5024708134	-0.330847984098278	0.329686389427268	1.00531145302736	0.316028695871712	0.834794518653785
FBgn0260991	666.59855283556	-0.157277935007667	0.181853694427748	0.747050262686813	0.387411745012025	0.869562060032605
FBgn0261004	386.782653307068	-0.0382521380509647	0.188466273946851	0.0422122068199968	0.837215797732414	0.967331366426469
FBgn0261015	6367.02471891572	0.407571126500772	0.531631657137164	0.585837049562556	0.444033435917052	0.888270226363548
FBgn0261019	123.372659838908	0.173254982398863	0.211938570195874	0.668818864639235	0.413463707855099	0.87822152781539
FBgn0261020	990.229653582217	0.589380150360219	0.211877602766884	7.68624941549858	0.00556431440135552	0.088902087887817
FBgn0261041	175.883910663613	0.56460026249607	0.34599055788438	2.6525527625101	0.103383755608388	0.601666410276905
FBgn0261049	257.460474693862	-0.0261648321184804	0.182460855453822	0.0218492113085631	0.882488939056554	0.977724198541247
FBgn0261053	581.703854733687	-0.157892024896106	0.414574101471092	0.145206530885233	0.703158915153577	0.936451299634442
FBgn0261064	362.547274125975	0.0934749507284702	0.167632056471892	0.312257840679393	0.576297977769145	0.90865959686355
FBgn0261065	482.320990768167	-0.0184275007679908	0.145509832617403	0.0160371796443641	0.899226930028509	0.979772897569974
FBgn0261067	154.963491580134	0.459018649418779	0.422523276060981	1.17360562334054	0.278661618724	0.815226058763119
FBgn0261068	274.84415830879	0.293482602486616	0.252610387663883	1.34707793694431	0.245789606094051	0.792429197916752
FBgn0261108	501.537061815343	-0.064720760381745	0.259593048792465	0.0621702956463679	0.803098009693046	0.958402428540451
FBgn0261109	277.111267292567	-0.140202121793562	0.213280845915496	0.432969655411391	0.510535369754021	0.896060535082063
FBgn0261111	193.266294983067	-0.143481294191155	0.198822642431373	0.52045304420043	0.470648490204769	0.888270226363548
FBgn0261112	386.889291153491	0.0878869281415112	0.315393319045324	0.077832162942002	0.780256978895116	0.954139036571197
FBgn0261113	12491.1880190402	0.562580917998757	0.392208113731833	2.04466087393871	0.152741018187332	0.692733684212812
FBgn0261119	835.825600078288	-0.00945515459274456	0.140329620622335	0.00460758335250944	0.9458818108604	0.985720685676657
FBgn0261238	1621.72848930442	-0.400960320695814	0.375388675767223	1.13793748406832	0.286088569695548	0.823270339441738
FBgn0261239	1042.62044348555	-0.463309105942127	0.298455866148592	2.40098181388497	0.121259125020157	0.640205897968199
FBgn0261243	4062.17963800806	-0.290303002229211	0.305444247463366	0.901956389428577	0.342257672371833	0.847018812719138
FBgn0261258	1128.23215500455	-0.0725844827384761	0.263759353230475	0.0757995769773743	0.783072528385403	0.954728206666318
FBgn0261260	5715.20207327803	-0.586784820325372	0.707330476798501	0.683559977248535	0.408363547658043	0.87822152781539
FBgn0261261	1335.96061782755	0.0281601493180498	0.408358035580971	0.00476352571071459	0.944975053079064	0.985720685676657
FBgn0261262	234.978104506749	0.0804301306548109	0.458460850579404	0.0308540036142659	0.86056650080242	0.971619842641148
FBgn0261268	1897.07355515335	-0.195581782906774	0.155285484634747	1.58573548847534	0.207936473180814	0.757607134477482
FBgn0261269	546.579964645403	0.281062121185318	0.289143599282789	0.943041829171122	0.331496786859925	0.841662811307778
FBgn0261270	1834.21733376203	-0.00415414908248648	0.128966842912013	0.00110079113923689	0.973532504254012	0.991444149622978
FBgn0261274	794.172425569116	0.513122742068237	0.277252663373792	3.4058590974999	0.0649652776266996	0.472699734350462
FBgn0261276	1976.81041329165	0.192012263722425	0.277381531737908	0.478951085594105	0.488897816255123	0.891955223452815
FBgn0261277	256.791423611913	-0.122665658885913	0.252235185708989	0.236529379898343	0.626724094162852	0.916175181115215
FBgn0261278	1719.56388234653	0.112476519054349	0.206893934367576	0.295415659394195	0.586770767541729	0.90865959686355
FBgn0261279	2212.92601479447	-0.0220358932397722	0.224482764869702	0.00968489183682664	0.921605266965404	0.981892832603607
FBgn0261283	3818.41875679324	0.21298047213675	0.345381071354916	0.379958936201064	0.537625213815676	0.907173673980027
FBgn0261284	331.553946029486	0.0319806338067204	0.331553741873453	0.00979323684006772	0.921169406764242	0.981892832603607
FBgn0261285	466.411662269815	0.0353292128228604	0.431115650212855	0.00671909800054493	0.934670486735859	0.98378812856611
FBgn0261286	270.628090091858	-0.000822835407789336	0.258967588290075	0.0007192380830503	0.978604406343018	0.992134162437166
FBgn0261341	6784.9071059487	-0.00209616769652495	0.472426340210819	1.97720131041024e-05	0.996452159597232	0.997164080644813
FBgn0261353	540.82163271288	0.0859676521926057	0.165806934856779	0.269395825964736	0.603737345496673	0.913688484562235
FBgn0261360	1094.07302235968	0.118645682150489	0.337472783310458	0.123640833546958	0.725118774759772	0.942405474262163
FBgn0261361	682.293770320553	0.0156757757897047	0.255988545488788	0.00387667790850799	0.950353413856333	0.986400183461692
FBgn0261380	251.940884445616	0.0399449800174736	0.207362921944384	0.0390715451075536	0.843306991483844	0.968366267016608
FBgn0261381	540.82163271288	0.0859676521926057	0.165806934856779	0.269395825964736	0.603737345496673	0.913688484562235
FBgn0261383	778.529060917664	-0.176776326352303	0.389041033788895	0.206557324795511	0.649479224053844	0.922694169316485
FBgn0261385	1388.15626653043	-0.302837063228368	0.310416004509348	0.950753827111839	0.329527491320052	0.8415226533537
FBgn0261387	786.442278079596	0.310303909961328	0.31041972264971	0.99695800523213	0.318047702812903	0.834794518653785
FBgn0261393	602.108954107742	0.711768809531099	0.319691253629547	4.91163099692339	0.0266764402092448	0.280236004398117
FBgn0261394	4893.02164909793	-0.133451335274147	0.247003691950072	0.291753494398264	0.589099034954069	0.909459468761687
FBgn0261396	4812.78849295632	-0.0184535862121318	0.221173027367219	0.00696350464339446	0.933495628285608	0.98378812856611
FBgn0261397	1418.31984412305	-0.192000778867688	0.313927930194173	0.373945338798833	0.540861535472379	0.907173673980027
FBgn0261403	976.572218464205	0.516384949694371	0.357227176468791	2.07779292596643	0.1494561416086	0.687858386680546
FBgn0261436	856.479767831443	0.251717607083889	0.229075513667381	1.20639369060277	0.272047520131028	0.81102375989842
FBgn0261437	207.39153601116	0.519793097252507	0.501820616448804	1.06568956767792	0.30192110410645	0.832614936158673
FBgn0261439	3204.21623407496	-0.0637431693398649	0.405957022673959	0.0246566606525676	0.875225622092447	0.976196791307201
FBgn0261444	1994.6857744537	-0.146291340434458	0.42680342284497	0.117465633760503	0.731799636725794	0.943692519110568
FBgn0261445	1935.86922911734	-0.129672684472687	0.293634552436718	0.194966436558673	0.658814844446804	0.925753143696909
FBgn0261446	727.495848533517	0.427725342201591	0.295868357254996	2.08135856058834	0.149107414627577	0.68752505927826
FBgn0261456	883.042338135877	-0.0404937010847084	0.174367958979905	0.0541190461460701	0.81604484189635	0.961742180262238
FBgn0261458	6846.04344960202	0.322332120297545	0.131089655986226	6.03385085336159	0.014034083754087	0.180340122124384
FBgn0261461	1460.43557556745	-0.219745789755621	0.358499649670596	0.37548960222675	0.540027065112421	0.907173673980027
FBgn0261477	1046.69631788683	-0.176253202807823	0.167712827194656	1.10494584376985	0.293183254743205	0.828484220868154
FBgn0261508	93.3966573404396	-0.410564051554876	0.521250817146334	0.615687220960034	0.4326544713534	0.886619892039497
FBgn0261509	1557.37657562726	-0.355434157962843	0.396803488673215	0.80061353989953	0.370909994475647	0.864188409640516
FBgn0261524	726.23129255667	0.132414779603792	0.176455666599882	0.56330285605938	0.45293252434442	0.888270226363548
FBgn0261529	181.172910181285	-0.83250079528616	0.415132336129138	3.96488451188182	0.0464587087256316	0.396384759523054
FBgn0261530	207.047312176462	-0.0996810330386004	0.323641422317792	0.0948964945211657	0.75804219677921	0.951679100282497
FBgn0261532	1167.75708168709	-0.327674474655779	0.244251153722769	1.79789050875203	0.179967731439019	0.726518077095339
FBgn0261538	196.346548046075	-1.12899160340933	0.381049815018368	8.57009027086492	0.00341730212383183	0.0613653996766725
FBgn0261545	780.641551069479	-0.0061067152887836	0.293957760190733	0.000479997852281144	0.982520662570608	0.992185732789441
FBgn0261547	1371.7963516969	-0.272332909806464	0.298794481049871	0.829917485303369	0.362296390072104	0.859367446278849
FBgn0261549	454.438303754886	-0.204649053105011	0.322573632337732	0.402973055253028	0.525557827926301	0.90232385622236
FBgn0261550	1157.37396732556	-0.208820396221165	0.301980211510923	0.478085242616373	0.489290905493108	0.891955223452815
FBgn0261552	2306.01841808673	0.0863141593718331	0.435927332519332	0.0391992327612911	0.84305448289656	0.968366267016608
FBgn0261553	3315.09441381346	-0.136673661855551	0.297607265279108	0.21087674559935	0.646081086062596	0.922314497582819
FBgn0261554	1762.27188536084	-0.212044306804957	0.347007263772546	0.373194910858288	0.541267897708778	0.907173673980027
FBgn0261555	921.410849514619	0.072792048719421	0.270854806227192	0.0723878142716217	0.787891332464194	0.956578843979932
FBgn0261556	1670.94994851532	-0.139552846721951	0.353602761656202	0.15578126897914	0.693070680540924	0.933894384001516
FBgn0261560	12981.1919152545	0.287883485736664	0.168370254309224	2.9189135638625	0.087546790526656	0.550294111881838
FBgn0261561	703.139359828254	-0.327165661039836	0.306564326817439	1.13587688596277	0.286525251097174	0.823270339441738
FBgn0261562	361.527166753684	-0.205812256057874	0.165584440522245	1.54506764665122	0.213865069496405	0.765446969661498
FBgn0261563	510.103998228265	-0.378687671589537	0.495239639443127	0.583826947366035	0.444816177176838	0.888270226363548
FBgn0261564	1062.73932063813	0.194963471029708	0.182780686630478	1.13754856804233	0.286170923953548	0.823270339441738
FBgn0261565	2985.02246491946	0.157845576361133	0.158024460759042	0.996982027096749	0.318041872572751	0.834794518653785
FBgn0261570	1909.32289580273	-0.462986678146438	0.426670248187072	1.17297395062774	0.278791015336174	0.815226058763119
FBgn0261573	1148.04288331668	-0.119443806236098	0.142472265635767	0.703695590511515	0.40154470156512	0.875888394068263
FBgn0261574	1755.89067979648	-0.248132542019438	0.370506144271535	0.448237712064085	0.50317302698474	0.895295388353976
FBgn0261588	604.666435822588	-0.161104250896235	0.313460402919499	0.264692654161422	0.60691441299117	0.914069664297095
FBgn0261592	24848.7478518667	0.310402913229474	0.122365148982746	6.42228827734203	0.0112696856719782	0.15301785780028
FBgn0261596	11925.4527693657	0.163583678044733	0.131497185233979	1.5467881398223	0.213610225461152	0.765446969661498
FBgn0261597	25227.557894456	-0.0209821993513187	0.162478601323419	0.0166768137061979	0.897247869970625	0.979772897569974
FBgn0261599	9643.03807827903	0.406980669724925	0.317345837738956	1.63918706334807	0.20043704276477	0.75166265291399
FBgn0261602	29318.2089540547	0.151400836056206	0.156295927553804	0.93792447944044	0.332812184638302	0.84199398783608
FBgn0261608	12383.8628314001	0.421468293301639	0.284115615157847	2.19270642874532	0.138665475908363	0.672674546224748
FBgn0261609	1760.60775562731	0.0551374542893728	0.118765108061606	0.21566488576309	0.642363098315615	0.921446243022313
FBgn0261610	178.606847530446	0.0444854056748883	0.220792997479666	0.041802024424463	0.837997614991713	0.967513663468932
FBgn0261611	199.656232861475	0.588400699785308	0.289414443146319	4.11829924750874	0.042421705417201	0.373785393086065
FBgn0261612	157.7459916505	0.0233948596269761	0.199169486420277	0.0145467723868009	0.903999946873974	0.979772897569974
FBgn0261617	5153.55046001531	-0.296904052667636	0.633727444608786	0.219124995951503	0.639707437793842	0.921446243022313
FBgn0261618	2756.35217122584	-0.282393163550076	0.410091358752404	0.473562024843886	0.491353018575725	0.892965315521076
FBgn0261625	1835.14545534956	0.0575405044772722	0.295170189785811	0.0380140530133986	0.845414923460391	0.969333114635797
FBgn0261634	44.7452437531553	1.32056563420625	0.871891439638362	2.22276888915817	0.135988977298529	0.66838197445339
FBgn0261641	1559.52674298332	-0.0528561361794701	0.256548232604672	0.0424722797030057	0.836722141946145	0.967103958315968
FBgn0261647	583.508829468955	0.363508399078651	0.249791472195526	2.11488006421436	0.145873481464808	0.683204764303291
FBgn0261648	401.593007694542	-0.171475984099294	0.285359255320779	0.362211053717658	0.547280829855385	0.907978647188282
FBgn0261649	706.081718986555	-0.281046558050072	0.456491872033874	0.378779074719475	0.538257380208043	0.907173673980027
FBgn0261671	5541.17491901948	-0.185844850948236	0.558924967346521	0.110497566539593	0.739578372977458	0.946967073202079
FBgn0261673	721.482526406879	0.0305622176540509	0.227523429913617	0.0180555237052573	0.893109335678404	0.978928172662724
FBgn0261674	488.074049632251	0.22069559664265	0.227965254692756	0.936012024712269	0.333305561557625	0.84199398783608
FBgn0261675	1015.66473812761	1.7672581171189	0.62084467429326	7.64806777353466	0.00568331626440835	0.090459450541833
FBgn0261681	200.945486158932	0.0201607250901829	0.260815499477792	0.00782172007632909	0.929526581869417	0.983598765302264
FBgn0261682	128.480220199477	-0.0572438679233457	0.343504366552008	0.0290636284978376	0.864632204929019	0.972609965228681
FBgn0261703	865.039899057888	-0.35649466369424	0.352967596007298	1.01841956582186	0.312894186107968	0.833849223328102
FBgn0261710	11693.2566396463	-0.45563622478217	0.52347369463649	0.754532433282975	0.385045018649604	0.86877986396103
FBgn0261722	1149.45274164132	0.2472525930492	0.259749088872604	0.904538466049615	0.341567689443365	0.846378930161783
FBgn0261786	499.007215581073	-0.142124804138185	0.197941716969895	0.5174006691839	0.47195259358646	0.888270226363548
FBgn0261787	894.539144908474	-0.156898248267697	0.251316490350446	0.390166164230422	0.532212071717852	0.905493756415732
FBgn0261788	1942.69804177587	-0.101764202723106	0.280452476784655	0.131837352557866	0.716534563948937	0.941046487799166
FBgn0261789	497.793517845598	0.255478090884284	0.441050739296895	0.334807469194061	0.562841894771662	0.90865959686355
FBgn0261791	321.803130089165	0.246869650295561	0.390787852461508	0.398270696998509	0.527983694906216	0.90232385622236
FBgn0261792	324.023749809052	0.204242429869967	0.415825241720735	0.240911419626769	0.623548613140167	0.916152845817619
FBgn0261793	1340.44674507903	-0.123264853663189	0.322447293039907	0.14619182846215	0.702201475439636	0.93597164149004
FBgn0261797	8937.81864876847	-0.00530077824913819	0.634649170398678	6.98689634930361e-05	0.993330747588492	0.995700334295526
FBgn0261800	5774.27383595225	-0.00663044853923771	0.32273894395881	0.000423923197985232	0.983573200015161	0.992425298569785
FBgn0261801	171.247993175038	-0.255912603319353	0.353052879127422	0.525340704543552	0.468572338164308	0.888270226363548
FBgn0261802	2329.59005572325	-0.121578796304989	0.276103731986185	0.193953572342807	0.65964626377265	0.925753143696909
FBgn0261803	319.263088807235	0.124119611346087	0.37631995570653	0.10873151697848	0.741592932788688	0.948173894288168
FBgn0261808	830.240672545302	0.391936245927307	0.206319431581042	3.59616250251477	0.0579131105139519	0.44704531622795
FBgn0261811	1136.89758089815	-0.311099853129761	0.3487958730711	0.79455276162318	0.372727010940731	0.86482559396012
FBgn0261822	5503.73230210554	0.424755539164066	0.344484783075617	1.51471312569937	0.218421311416914	0.769326362593354
FBgn0261823	862.325627390887	0.019426181856249	0.354604752244234	0.00303511515251387	0.956065265789518	0.987800896692293
FBgn0261836	14874.1665981697	0.0721630221012936	0.679079807393923	0.0112905635241702	0.915378397103499	0.980404978288931
FBgn0261837	167.451416574101	0.369275342728313	0.278904357933821	1.74883162737967	0.186023680513221	0.734308600767077
FBgn0261838	167.451416574101	0.369275342728313	0.278904357933821	1.74883162737967	0.186023680513221	0.734308600767077
FBgn0261840	67.5985951463801	-1.09743426707631	1.17279220069381	0.854396171809334	0.355311649611373	0.854616917368605
FBgn0261850	428.109480265449	-0.112092067317754	0.210532939726275	0.285055123825899	0.593406890140365	0.911189805440844
FBgn0261854	1263.42868714057	-0.127153983764122	0.244946627108002	0.269572232068356	0.603618867022875	0.913688484562235
FBgn0261859	483.715262131463	-0.193365393999002	0.47623813204706	0.164959162408167	0.68463117761831	0.931461942157079
FBgn0261862	6435.97978802069	0.221620822286289	0.26255391722286	0.711910160641608	0.398810413288225	0.875888394068263
FBgn0261872	705.660945646418	-0.0356962526727887	0.225687669998392	0.0253792776209139	0.873425627805361	0.975386188335215
FBgn0261873	1505.45108869113	-0.0738940322188104	0.396848684450738	0.0346825277558764	0.852262472755576	0.970680322951
FBgn0261881	170.43184763961	-0.133774637027621	0.335821706136428	0.158489684467611	0.69055085088285	0.932428404446413
FBgn0261885	5274.35588954177	-0.228069997713844	0.539922333554425	0.178268645549466	0.672865380494456	0.929906373569382
FBgn0261930	136.284353884904	0.456980215728064	0.383316262551522	1.41868955255396	0.233619216744741	0.780240739081296
FBgn0261931	708.855927850064	-0.699837829847007	0.297911972431675	5.47895421306866	0.0192467704552504	0.226223578889405
FBgn0261932	120.690847772395	0.936395659933286	1.33124796373534	0.485850900359154	NA	NA
FBgn0261933	159.243779805348	0.963696864053097	0.685823811296982	1.93734591679409	0.163957000300789	0.710621263810123
FBgn0261934	1533.98148917899	-0.267474249265415	0.552514738538385	0.234069738499613	0.628522461458572	0.917350254619285
FBgn0261938	361.609900052879	-0.0323177060318854	0.345689829336851	0.00897884424247763	0.924508029954554	0.982695217848241
FBgn0261953	247.667810849246	-0.122963092592721	0.248802525556546	0.24540079670723	0.620332299825289	0.915541451893316
FBgn0261954	2446.80053618584	-0.244711759092834	0.466288416966674	0.275148819497645	0.599898626438328	0.912217600937776
FBgn0261955	4385.71068503153	0.18761677128059	0.5651465069365	0.110133567281764	0.739992122591469	0.947135820630324
FBgn0261963	157.889184270998	-0.536198033272985	0.34830526427816	2.3699470514925	0.123691246735202	0.645941733568542
FBgn0261975	442.974058829533	-0.119149933076785	0.199254324404984	0.357428505850976	0.549937857533119	0.907978647188282
FBgn0261983	791.548074639779	0.011870059570036	0.173095423146759	0.00474451070961379	0.945084813027949	0.985720685676657
FBgn0261984	1223.74880582708	-0.20419571903758	0.272982932168604	0.559670369409218	0.454393086223331	0.888270226363548
FBgn0261985	2986.64354869485	-0.0994641263654958	0.287271128629998	0.119890058028375	0.729153761055027	0.943692519110568
FBgn0261986	403.824842685766	0.109085608874841	0.232300009709013	0.220867939635838	0.638379386248931	0.921177946778162
FBgn0261988	1105.76213720131	-0.126579446364688	0.368493523372612	0.11801881789556	0.731193254327478	0.943692519110568
FBgn0261989	513.257847083662	0.285115042343317	0.346431373659591	0.67615360272562	0.41091437215061	0.87822152781539
FBgn0261990	360.776057094531	-0.320118306237963	0.420125635767938	0.578506357004443	0.446898377537456	0.888270226363548
FBgn0261995	659.586703195557	0.074105492544194	0.237600313865978	0.097270025378549	0.75513063703045	0.950744853750032
FBgn0261999	231.964356641967	-0.347745068697577	0.383126133841801	0.823542617749268	0.364146419580854	0.861324658079792
FBgn0262002	240.840417185677	-0.401987456348139	0.558966211023046	0.51447520751934	0.473207963946891	0.888666278784449
FBgn0262004	64.6906269713504	1.2329791799832	0.52052063725641	5.47343089301243	0.0193076864048669	0.226275541701449
FBgn0262023	1276.39045270744	1.2145909591659	0.570359708342486	4.40750624447257	0.0357811117298195	0.337112626656281
FBgn0262026	3924.44176056336	-0.18272259771256	0.193422125903638	0.892092446128274	0.344910904122294	0.847552993638526
FBgn0262029	1722.45612230435	-0.340291201819669	0.375806442149855	0.818491816416099	0.365621492557086	0.862870829387742
FBgn0262035	519.218254813899	0.702913775382385	0.240572392946657	8.45745878368901	0.00363549441756556	0.0644571626270485
FBgn0262036	28.9636736534716	-0.670788138466242	1.20220470794381	0.305747716926767	0.580301354621657	0.90865959686355
FBgn0262057	795.344832119283	0.144446508138889	0.219379592609535	0.43326712312259	0.510390159885747	0.896060535082063
FBgn0262081	2265.50370394573	-0.0309220068262375	0.475451597708944	0.00423055572542808	0.948139984766133	0.986108716218789
FBgn0262102	86.7737162774178	0.0581169716436056	0.8799450379179	0.0045546228908222	0.946193257636575	0.985720685676657
FBgn0262103	1216.10644608511	-0.443754051204927	0.384473680027585	1.32762340705864	0.249228456568759	0.793847876141075
FBgn0262112	649.333437721451	-0.218903922345703	0.280633342949117	0.607559225205748	0.435708287788149	0.888270226363548
FBgn0262114	4338.69513770757	-0.11601057632153	0.205874892602842	0.317530983750217	0.573095224956028	0.90865959686355
FBgn0262115	691.775312353112	0.688695999569971	0.358171851016364	3.66185034124004	0.0556717735010689	0.436849285250217
FBgn0262116	592.408413371584	1.1410756502599	0.83183631167473	1.83438578474068	0.175610395626557	0.721800253941284
FBgn0262117	501.863563860333	0.661239643588972	0.485169478329441	1.84054831849575	0.174886694568361	0.721800253941284
FBgn0262124	521.834880584692	0.578401105630499	0.598750995828692	0.926498419629624	0.335774464560535	0.84405489605778
FBgn0262125	4441.79329738376	0.0379688762974574	0.305968632535861	0.0154021125958792	0.901231942936378	0.979772897569974
FBgn0262126	3541.40221835187	-0.0141421341778229	0.4427039415309	0.00102142160376673	0.974504199442717	0.991444149622978
FBgn0262127	966.605288566003	-0.0636979438451676	0.435041318740288	0.021451972170027	0.8835543826963	0.977724198541247
FBgn0262139	496.400928068626	-0.092376440021232	0.342085409057141	0.0731899282670554	0.786747639377692	0.956065302765536
FBgn0262146	367.922522170074	0.919719141086393	0.474832509625765	3.68991710791943	0.0547423367254791	0.435187046605322
FBgn0262160	6549.2746513947	-0.299357419483539	0.485246133937761	0.379950287784496	0.537629842682756	0.907173673980027
FBgn0262166	188.95166523306	-0.354963965783698	0.242952787718912	2.12619798164467	0.144799527249219	0.680601983146729
FBgn0262167	528.403809650817	-0.577660821206734	0.328171921936355	3.0849209955073	0.0790211026105661	0.528736740715921
FBgn0262169	917.531846608621	0.11772427042634	0.231587074712594	0.258591618073325	0.611089387076829	0.91550458350478
FBgn0262353	433.866329245041	0.323885276950522	0.600632323002337	0.289900810373737	0.590284100321353	0.909908168745478
FBgn0262362	108.598399013801	0.634294483159923	0.740848640305269	0.725549127078907	0.39432970511598	0.873194529985201
FBgn0262467	261.768082913388	0.0928831210979639	0.264113417866736	0.124541051800989	0.724160604669228	0.942405474262163
FBgn0262473	1302.16262512731	-0.200059723471369	0.346029534129871	0.334185421286875	0.563204891929515	0.90865959686355
FBgn0262475	651.197792537031	0.223762994449498	0.227914492084722	0.963787657970187	0.326234421464375	0.839459301281877
FBgn0262487	81.0854674843282	0.243783581293513	0.828829938768671	0.086405555892803	0.768797470833381	0.952993416349077
FBgn0262508	3990.08652087885	0.239223425491283	0.634540583610632	0.14197481286547	0.706325620635862	0.937358281747356
FBgn0262509	497.4321807479	0.440590950232385	0.287389927682111	2.34128999008567	0.125985186741347	0.65078499017855
FBgn0262512	1933.28201645365	0.0304658416166943	0.243537203106824	0.015688349157827	0.900323148561995	0.979772897569974
FBgn0262515	8633.462010942	-0.159665739796464	0.352751037959441	0.204782455821487	0.650887966238216	0.923061503251091
FBgn0262516	682.293770320553	0.0156757757897047	0.255988545488788	0.00387667790850799	0.950353413856333	0.986400183461692
FBgn0262517	1326.41864062468	-0.276195163467542	0.201311600517101	1.88110526918763	0.170208579851714	0.716066239457902
FBgn0262518	1003.92576711692	0.0450849517970767	0.238588042696035	0.0357608081988587	0.850010300668739	0.970325068611605
FBgn0262519	5204.11380250002	-0.260315720886596	0.368012778569115	0.499758828507979	0.479606110011646	0.889027677218827
FBgn0262527	1702.46232251279	-0.21914910136155	0.303361558693756	0.521621639354166	0.470150755413143	0.888270226363548
FBgn0262559	6376.52522232571	-0.0688158187257129	0.36297332766804	0.0359437398032725	0.849631722474536	0.970281967071069
FBgn0262562	406.431143563439	0.032035035189585	0.485990737704833	0.00443086259103609	0.946928228946395	0.985720685676657
FBgn0262579	7465.67569136885	0.00139467512056843	0.456444027017462	9.50976030367201e-06	0.997539495529608	0.997776948396909
FBgn0262582	2953.49237517788	-0.266321380343637	0.49672049363026	0.287111005082124	0.592077841964208	0.910488963196194
FBgn0262587	126.520525588065	0.971588921188903	0.599477120130451	2.57627459296752	0.108476694552657	0.613291256526072
FBgn0262593	217.124582434406	-0.181532687461288	0.516394070348899	0.123900211843335	0.72484229794077	0.942405474262163
FBgn0262601	461.880813941402	0.392878153774031	0.434349306176043	0.81487810111166	0.366681957475967	0.863234160563223
FBgn0262605	47.9966628280218	2.24919234952193	0.735653987919598	8.69253125085103	0.00319516587512688	0.0586292009051666
FBgn0262607	29.4701756569473	-2.81759736995232	1.12500839673327	5.66498561818268	0.0173068589002659	0.210792524924398
FBgn0262614	4916.41358766474	-0.396861914246913	0.469939699838904	0.71104073923955	0.399098528066708	0.875888394068263
FBgn0262617	2125.8712451295	0.103195242993051	0.368405857655394	0.078473348514521	0.779377041109917	0.954104815044529
FBgn0262619	209.287206191045	-0.0534406168970264	0.206005096615287	0.0686655421475564	0.793289749761321	0.95691559934858
FBgn0262647	809.313221611563	-0.0847855369670819	0.235107363353539	0.130356716592701	0.718062469325793	0.941287941384178
FBgn0262656	865.31765819312	-0.21752274528432	0.462566961969275	0.220918624602731	0.638340862227749	0.921177946778162
FBgn0262699	947.806244722996	-0.134197651295421	0.226904338615947	0.349804272166068	0.554223947756325	0.908003182797042
FBgn0262714	1373.74614463969	-0.181993677889088	0.308265921338247	0.348590687071379	0.554911994096115	0.908003182797042
FBgn0262716	1970.77446150921	-0.0179715770922577	0.229761782927602	0.00612825796778793	0.937602788193889	0.984233019444306
FBgn0262717	934.144014458365	-0.0700425130452565	0.405102500344424	0.0299332195098856	0.862641842201253	0.972192844556702
FBgn0262719	873.639761211178	-0.380405854507706	0.442160457465228	0.738740232591326	0.390064725590588	0.871480042855311
FBgn0262728	424.244656918929	-0.145021449114764	0.183956113387065	0.62388787154967	0.429606187136169	0.884470944804596
FBgn0262730	774.778334303016	-0.426064694220773	0.56575531050854	0.565381188670813	0.452100168788561	0.888270226363548
FBgn0262732	1088.68218980756	0.20125504998711	0.224679382385067	0.801441501205346	0.370662733546229	0.864188409640516
FBgn0262733	643.684116690051	-0.265491822758517	0.362041416848003	0.53713263332665	0.463623491489795	0.888270226363548
FBgn0262734	4281.43787080803	-0.016855775390351	0.269051777989186	0.00392562003716534	0.950041415956526	0.986400183461692
FBgn0262736	24972.0820185533	0.0519941623470841	0.202424017591603	0.0659717570617886	0.797294818701388	0.957909169986809
FBgn0262737	2408.49182542325	-0.136053822947851	0.286856433918872	0.224874317335889	0.635350769575052	0.920223671605787
FBgn0262739	3434.56846827361	-0.170976362912873	0.488838182688343	0.122265091859987	0.72659068190793	0.94316206896662
FBgn0262740	1023.50487405564	-0.342138404588557	0.315595947469514	1.17319440952171	0.278745846270313	0.815226058763119
FBgn0262743	2132.54722694252	-0.223937992530397	0.293993203874534	0.57978083600274	0.446398239041132	0.888270226363548
FBgn0262782	11161.9956970771	0.168139689943167	0.201289060429579	0.697375817403199	0.403666864968137	0.876559751465851
FBgn0262794	18.1823180068313	2.47370465279166	0.951753572466888	6.3108096669259	0.0120004024308375	0.160603657539021
FBgn0262801	1952.94058781159	0.173717862959988	0.146928951318367	1.39675764525626	0.237267201696795	0.784419182950379
FBgn0262816	89.7704091668708	0.474949707395993	0.573969818520066	0.680865915077227	0.409288708798965	0.87822152781539
FBgn0262866	271.439347167703	-0.0944619956007732	0.189661892731836	0.250291182561014	0.61687012147039	0.91550458350478
FBgn0262870	1695.75430490187	-0.97371994981874	0.380670399258228	6.42699861985768	0.0112398356552503	0.15301785780028
FBgn0262871	1108.04121307567	-0.105101669414219	0.249568065527292	0.177617187730263	0.673429039443525	0.929968409444632
FBgn0262872	3537.55284750917	-0.226810419641301	0.413701838595918	0.300300705839021	0.58369396662558	0.90865959686355
FBgn0262937	655.88390331223	0.0714324099376031	0.228259943434307	0.097931322054194	0.754326394666451	0.950744853750032
FBgn0262955	1784.42504362182	-0.484379393095669	0.193379972050759	6.25143423760909	0.0124092789337713	0.164118773593752
FBgn0262975	8616.00374917004	-0.0580618340734511	0.22982908962934	0.0638360440861305	0.800532538072407	0.958174580223308
FBgn0262976	174.978274572621	1.55211250323786	0.75702261368156	4.01454172365769	0.045109481127901	0.38969801442441
FBgn0263005	602.53614549989	0.030822768230609	0.38801485378541	0.00636571991795165	0.936407887245957	0.983927723922812
FBgn0263006	22628.8468981234	0.361626855770875	0.59378799562867	0.36993108180296	0.54304183685342	0.907173673980027
FBgn0263033	57.65830490916	-0.129099541759802	0.729107283252711	0.0322010368922463	0.857587142892059	0.971373856909766
FBgn0263048	441.66831902576	-0.450629953743289	0.357064795983848	1.58440924533924	0.208126718773265	0.757607134477482
FBgn0263050	129.312607277107	0.707363548241716	0.217559959712199	10.5515903458697	0.00116088160379254	0.0259469388251928
FBgn0263051	232.715556124385	1.58779169175156	0.748657330819383	4.27732735193473	0.0386240355853474	0.354362876702249
FBgn0263072	628.609313506786	-0.42927366627413	0.495131641400184	0.749573728332138	0.386611224464354	0.869435571420507
FBgn0263077	1953.39489525134	0.261965713976277	0.274037494499374	0.912932110901906	0.339337638540577	0.844975856087411
FBgn0263081	1637.52745221824	0.669183073374186	0.282058365247372	5.58221526517518	0.0181437583452774	0.21709559496247
FBgn0263087	222.099977414075	0.0624565205488316	0.391191317432222	0.0256100618777282	0.872856307617184	0.975386188335215
FBgn0263102	2502.79081817518	-0.191617035382245	0.336440515200103	0.324213588929055	0.569086367808818	0.90865959686355
FBgn0263106	863.467324292079	-0.548239423326257	0.311773005219431	3.07319658568056	0.0795928236405626	0.530450507434804
FBgn0263108	2077.03732772022	-0.236096933431117	0.344824615183175	0.468393591601796	0.493727121219098	0.893314949498528
FBgn0263110	1069.00610794465	-0.175577063469232	0.47724665909047	0.135338851214271	0.712959514418248	0.939284009468917
FBgn0263112	751.292796733176	0.293394628320467	0.265884038403007	1.21508350908626	0.270327677796797	0.810256083869186
FBgn0263117	221.720173178921	0.0523058714210001	0.381586581582674	0.0189248980367296	0.890582009875321	0.97848873098591
FBgn0263118	106.135999626199	-0.20727993315389	0.385567320598584	0.288193324664199	0.591380623116447	0.910082907282663
FBgn0263120	2384.58355889057	0.261652320131411	0.391217365736052	0.446729008910481	0.503892402831243	0.895295388353976
FBgn0263121	52.7858294916256	0.856757489541058	2.63815457421194	0.103927165076897	0.747166830231097	0.948987319166172
FBgn0263132	1966.73004038294	0.134938641074917	0.506998037327591	0.0708362250302486	0.790123106384593	0.956915308546756
FBgn0263143	102.474423159267	-0.203757322213293	0.316986072201602	0.416685743829554	0.518595443509042	0.900305384455461
FBgn0263144	1246.52631417089	0.00385445459995819	0.326738635116021	0.000152669335065525	0.990141634444918	0.994282506377714
FBgn0263197	2710.1495985179	-0.284627432140875	0.468040258121664	0.36930073172239	0.543385676164922	0.907173673980027
FBgn0263198	1439.98500763766	-0.0490017999011628	0.159271960401718	0.0947585508519495	0.758212629561082	0.951679100282497
FBgn0263199	1529.0439796873	0.372731364079213	0.215376720371345	2.98756397566071	0.0839063044473166	0.544318767074557
FBgn0263200	1009.6840356472	0.143859388050167	0.340235330039931	0.178773264058961	0.672429604370678	0.929643731878032
FBgn0263231	6268.75632229294	-0.31764236097927	0.322826421998433	0.966331102031589	0.325596899076226	0.838856040403755
FBgn0263234	2433.73945095352	0.462415980332224	0.240887964647039	3.67071626202143	0.0553763818424653	0.435344352669858
FBgn0263235	271.32344590782	0.494774404894847	0.359345852594509	1.88897706199157	0.169317344044144	0.71504671323969
FBgn0263236	3009.32110506368	-0.783800415613926	0.695406072406366	1.25493936014742	0.262611178903808	0.805873472107772
FBgn0263237	241.99992075385	0.0941149005005483	0.249392460953142	0.143656566790547	0.704672614004815	0.936719877499735
FBgn0263239	216.815550457212	-1.00504722335555	0.554336064254964	3.23452391401723	0.0721012568054101	0.502321819167007
FBgn0263240	486.085997011854	-0.385763910199608	0.253556005095078	2.31031057397904	0.128518369090786	0.653999148711491
FBgn0263241	292.695850914445	0.658923951852338	0.299411190470462	4.8111757429407	0.0282757470370933	0.290500462224611
FBgn0263251	659.647657316772	0.00560949544629375	0.205461388935948	0.000857181377810434	0.976643143963633	0.991548293138723
FBgn0263256	367.055049775315	0.206680314091911	0.162708991186884	1.61372324838551	0.203969216901331	0.756454122201563
FBgn0263258	1150.18139417727	-0.430816718906567	0.386500920978142	1.23895366860081	0.265672802718561	0.808870738247104
FBgn0263289	5682.27314209439	-0.185184745640226	0.437333742089489	0.17920337734094	0.672058741085106	0.929643731878032
FBgn0263316	544.010690715844	0.17549071008817	0.439785897119483	0.159256601551149	0.689841869678345	0.932137258324584
FBgn0263346	2458.24512675261	-0.735907618831916	0.287343768910387	6.49478039480739	0.0108191659595449	0.148812227044215
FBgn0263351	1449.54252623709	-0.224395473802388	0.198620424949649	1.27502072556737	0.258826904059839	0.803836573577056
FBgn0263352	1856.96748823375	0.0666205189630607	0.235055592793903	0.0803622531703212	0.77680709557936	0.95345214418708
FBgn0263355	846.577727532433	-0.164155724346438	0.399396832178803	0.16888050383443	0.681108661697541	0.930081887185516
FBgn0263390	252.480176928896	0.487659512428855	0.480119536103533	1.02771922166525	0.310694959518515	0.832614936158673
FBgn0263391	3247.42239856562	-0.0446164304854916	0.340293104850919	0.0171920841704889	0.895681496854225	0.979375762856732
FBgn0263392	4437.79824133783	-0.34945585799631	0.483266451477407	0.521707351116163	0.470114281963227	0.888270226363548
FBgn0263395	1182.74237498447	-0.288697743927613	0.288658757629303	0.999447774122842	0.317444167263599	0.834794518653785
FBgn0263396	5881.32128344159	0.0803716064765584	0.159486629952035	0.253931738389355	0.614320125320701	0.91550458350478
FBgn0263397	877.524875234472	-0.0787403215728505	0.215114034829845	0.133949685842666	0.714371512252991	0.939527103125843
FBgn0263398	309.587449124243	0.0216975513557064	0.251084236296149	0.00819451852482445	0.927871156794215	0.983026071820471
FBgn0263456	198.709758712448	-0.166409616167176	0.449132121749667	0.137301643846456	0.710978417040881	0.939158326986629
FBgn0263490	924.947397360654	-0.321616296367158	0.447554276989802	0.515726564554157	0.472670322754903	0.888270226363548
FBgn0263510	492.84927242439	0.190715641246161	0.159908830777594	1.42194427851236	0.233083649323313	0.780240739081296
FBgn0263593	4866.69186841753	0.108346118513327	0.356027214256135	0.0925979186258985	0.760900060346567	0.951947965569036
FBgn0263594	6355.14892118161	0.138824885197223	0.175583894354446	0.624858586386907	0.429247514104627	0.884165712876296
FBgn0263598	15137.5521326014	0.0150218602727067	0.443184310537587	0.00114872107153019	0.972962644309025	0.991444149622978
FBgn0263599	2376.46583176743	-0.174728749096473	0.383359589140591	0.207684936601211	0.648588009731435	0.922694169316485
FBgn0263600	246.818006854467	-0.0396698018999255	0.221643540721923	0.03301031845794	0.855828039316979	0.971310121918865
FBgn0263601	1404.47264227217	-0.334659270077332	0.344483443362458	0.942437312173084	0.331651814604446	0.841662811307778
FBgn0263602	201.669304385268	-0.211198701786944	0.272466015296368	0.60181925569232	0.437884738295845	0.888270226363548
FBgn0263603	1479.85410613534	-0.157617176850941	0.203420145508371	0.600508400612085	0.438384113941532	0.888270226363548
FBgn0263605	131.457103700057	0.357461999575744	0.309230400700553	1.33355413727543	0.24817391599343	0.793047004717352
FBgn0263667	500.886511638911	-0.275420874282747	0.231526327957413	1.41670094238505	0.233947175884285	0.780240739081296
FBgn0263697	439.523045362632	-0.352312990823418	0.180887186401455	3.78736553201259	0.0516408673330925	0.41931386383315
FBgn0263705	1955.92546429977	-0.515980409321675	0.587313567295749	0.768000839383916	0.380836220038692	0.866725321739229
FBgn0263706	2050.37729381112	-0.427923384981942	0.465408674456038	0.842662671836081	0.358636354124235	0.85582398423638
FBgn0263738	189.689270833227	-0.395647267180737	0.25877732390827	2.34403944834543	0.125763060928513	0.65078499017855
FBgn0263740	2786.69845060782	-0.0889427231354884	0.185463155766521	0.230016321409096	0.631511726677108	0.918845491159441
FBgn0263750	136.991878083967	-0.499322133449907	0.406642988064748	1.49916698010608	0.220799580129361	0.771559114930207
FBgn0263755	173.764188006535	-0.0607648061646749	0.234024570820423	0.0692395555518601	0.792447220356121	0.95691559934858
FBgn0263762	427.651781531754	0.906052788893961	0.774701129222569	1.34506422203145	0.246142853116907	0.792429197916752
FBgn0263773	1684.58284254578	0.238522818734475	0.552238597813443	0.186321127823064	0.665996313270249	0.927023786961361
FBgn0263776	534.807131339666	0.0886874795991013	0.447468747232907	0.0393042424798722	0.842847141122534	0.968366267016608
FBgn0263831	99.1837110397203	-0.0771512885702494	0.325408971791061	0.0562113984262993	0.812587411266764	0.96039638452444
FBgn0263832	831.862259396489	-0.0830893974768905	0.164557216220173	0.255274885170238	0.613385116817632	0.91550458350478
FBgn0263852	590.151186549354	0.26355943467467	0.305335212871077	0.743433010506251	0.38856337686905	0.87033225458622
FBgn0263855	370.849334412745	0.0284543773301432	0.235152334443159	0.0147162229706765	0.903445150782357	0.979772897569974
FBgn0263863	348.870437335244	-0.0256278757534584	0.189587563960486	0.0195361340354765	0.888840357176616	0.977808310442091
FBgn0263864	1104.44226196089	0.0534613180267946	0.308277214370789	0.0300747287917034	0.862320778927893	0.97208975956209
FBgn0263873	1323.80970949021	-0.10402728279026	0.365566238707477	0.081035903033225	0.775898464847815	0.953234312247045
FBgn0263916	1067.56272783164	0.105403868482651	0.209987184997256	0.252221044216228	0.615515495791472	0.91550458350478
FBgn0263929	1680.58006860928	-0.576546722303224	0.411990613848966	1.94623889575882	0.162992722699025	0.710472428196372
FBgn0263930	1731.78566145201	-0.00855600329412633	0.237111247421606	0.00131782827433824	0.971041631326782	0.991444149622978
FBgn0263933	1001.17007957789	-0.0953635373654158	0.171665720856951	0.309527831862724	0.57797007117224	0.90865959686355
FBgn0263934	770.944690029982	0.451208553672762	0.273489930649061	2.71403927919006	0.0994688408301616	0.59024468480448
FBgn0263968	2153.67022915407	-0.254553584020028	0.527625462610468	0.232516564663314	0.629664079645177	0.917738801452974
FBgn0263973	348.522986017089	-0.0342077147975616	0.216394947794619	0.0257870007996672	0.872421597668075	0.975386188335215
FBgn0263977	952.996016821025	1.04862533512914	0.655545791070682	2.50403839241525	0.113554779005324	0.622514261422533
FBgn0263979	1558.31709712162	-0.0716507894456781	0.129009774650053	0.308504896982853	0.578599092610025	0.90865959686355
FBgn0263980	315.500809112616	0.0236996402389328	0.267106791877213	0.00815391234542062	0.92804960183527	0.983026071820471
FBgn0263982	59.642160133354	-0.734017007166325	0.68144307424796	1.14050178859488	0.285546322039221	0.823238447391109
FBgn0263987	1317.09016804858	-0.120003731409743	0.200819799600577	0.357192832894611	0.550069412668209	0.907978647188282
FBgn0263988	110.888354648041	-0.268119968959565	0.399287696530531	0.44896892074064	0.502825004551739	0.895295388353976
FBgn0263993	1229.93155211217	-0.321915016078313	0.428060433046948	0.564733782298276	0.452359192828065	0.888270226363548
FBgn0263995	355.071962035401	-0.0566734715933307	0.439971499341987	0.0166042395137396	0.89747045480028	0.979772897569974
FBgn0263996	195.039501882435	-0.153765131121074	1.70000391999213	0.00818232891124637	0.927924677494462	0.983026071820471
FBgn0263998	1553.04567689703	-0.262766660062142	0.295385663882057	0.790824659188857	0.37385088312163	0.865521438499774
FBgn0264001	153.191707108839	0.185700579471239	0.274203449963875	0.458502263549896	0.498324775332755	0.894855002541982
FBgn0264075	873.898632201931	-0.21431114435246	0.346313804304481	0.382849775916242	0.536082016830954	0.906910394964332
FBgn0264078	986.622344099721	-0.0466453585982578	0.259378623084859	0.0324053717559707	0.857140854347556	0.971373856909766
FBgn0264086	282.52290747188	-0.541935920131181	0.646320247874074	0.69778925145468	0.40352753632908	0.876559751465851
FBgn0264089	2453.09976703154	-0.322318176356861	0.496335887572146	0.420969440019093	0.516453708535583	0.899944696727505
FBgn0264090	512.988081136585	-0.181171732703135	0.372489401305984	0.236683423778146	0.626611850237037	0.916175181115215
FBgn0264270	1749.38597306856	-0.226268034562812	0.410469809279801	0.303609326023377	0.581628495324802	0.90865959686355
FBgn0264272	563.912228079559	0.225607357332536	0.599449963403484	0.141549002024306	0.706745925033382	0.937358281747356
FBgn0264273	826.080541222052	-0.0528066938418245	0.309312441804999	0.0292034092876179	0.864310220300478	0.972458577783987
FBgn0264291	121.126711793451	-0.12094287111587	0.456565324999698	0.0707293316674011	0.79027781936434	0.956915308546756
FBgn0264294	1955.44988817585	0.382562224788368	0.192558506009985	3.93460796951007	0.0473021644513884	0.397925315364833
FBgn0264296	284.675622041233	0.164066438212037	0.411106665877837	0.159180223337145	0.689912389155628	0.932137258324584
FBgn0264299	104.507478543697	-0.150242063795805	0.552243511758928	0.0740866993583253	0.785476914576211	0.955927777582309
FBgn0264302	555.384253315014	-0.235250062072294	0.184067097091397	1.63629235635797	0.200834931554362	0.752146508370258
FBgn0264303	555.384253315014	-0.235250062072294	0.184067097091397	1.63629235635797	0.200834931554362	0.752146508370258
FBgn0264305	716.138875779842	-0.373146078394461	0.217157809914307	2.94927751834398	0.0859159594155739	0.548234176044388
FBgn0264307	1533.12573630303	-1.04776650329155	0.403358412894018	6.60737619614535	0.010155719073884	0.141540071470848
FBgn0264308	175.455325024002	-0.607327618223827	0.480133967643311	1.58883512316123	0.207492641187049	0.757607134477482
FBgn0264324	709.204018490874	-0.336541032494628	0.560412497308909	0.360078894283546	0.548462422904076	0.907978647188282
FBgn0264325	406.621246016892	0.0253373652706298	0.264193935552176	0.00972591188052263	0.921439959614564	0.981892832603607
FBgn0264326	385.152121487614	0.00141069631270241	0.408650037652721	0.000129883338090053	0.99090699602001	0.994416796552218
FBgn0264357	3163.92709620859	-0.0717711988352133	0.204024793176462	0.12378858856961	0.724961239650348	0.942405474262163
FBgn0264364	154.072131683835	-0.681246275948324	0.487600957619285	1.92844602098599	0.164928558314108	0.710633110232189
FBgn0264389	540.921312662697	0.0418477473826125	0.282921832349948	0.0218780002504104	0.882412109685764	0.977724198541247
FBgn0264442	840.838870631923	-0.329014432946195	0.441339403893854	0.554940242639773	0.456306110095854	0.888270226363548
FBgn0264443	213.332690648831	-0.229814660184076	0.255921980111608	0.804088331563257	0.369873829738167	0.864159753811589
FBgn0264449	593.627559837115	-0.310825112164613	0.378196069109669	0.675375107717471	0.411183853008637	0.87822152781539
FBgn0264488	7259.11742456264	-0.138808116546262	0.482117175675018	0.082868091579769	0.773447641674623	0.953234312247045
FBgn0264489	5791.75931926511	0.74430842555498	0.318893881229586	5.38887940418118	0.0202654810489116	0.23394382243826
FBgn0264491	1802.82546173099	-0.136497938504658	0.27135564698025	0.253005115270781	0.614966987126531	0.91550458350478
FBgn0264492	1018.73741035019	0.703141302730644	0.498915874228006	1.9663302861575	0.160837920726246	0.703577164538718
FBgn0264493	1776.28210884295	0.202129925646602	0.350353569814283	0.332467541848288	0.56420970983747	0.90865959686355
FBgn0264494	660.315370585105	0.0976093680752783	0.195451807002189	0.249419296525744	0.617484265702366	0.91550458350478
FBgn0264495	2400.91851469814	-0.386051441940996	0.43499243927734	0.785548269120738	0.375449634793196	0.865701388774403
FBgn0264542	251.116751924578	-0.273028187411628	0.489136586267955	0.311661158673019	0.576662616517075	0.90865959686355
FBgn0264560	1955.79969854275	-0.212760589994351	0.420098488393888	0.256353686804076	0.612636361041486	0.91550458350478
FBgn0264561	2962.49867280022	-0.147164883097453	0.34283979636297	0.184215278853088	0.667775446013053	0.927910326872862
FBgn0264562	1492.20211449521	-1.96160216286413	0.900280843162262	4.4233369058033	0.0354506446177547	0.336260967683533
FBgn0264574	1140.55279630022	-0.18757592345191	0.362975623341565	0.266762054371867	0.605512130700258	0.914069664297095
FBgn0264607	991.530958432068	0.6392329635382	0.441099513707605	2.08321383398496	0.148926328529282	0.68752505927826
FBgn0264672	577.415792222747	-0.1347589429093	0.19513721517397	0.47758902746962	0.489516422416782	0.891955223452815
FBgn0264691	470.32725355348	-0.00360341689279575	0.205666482894646	0.000329119506929487	0.98552585058787	0.992969577789289
FBgn0264693	3192.68995229873	0.0444680341743765	0.211047757440699	0.0444151551723309	0.833083110492456	0.965953429991528
FBgn0264694	681.425988285651	0.169244789938214	0.265497555404261	0.405978446028428	0.524017777401805	0.90223474301381
FBgn0264695	66654.6678114415	0.505778741651671	0.743421769228677	0.460503074244002	0.497388954596554	0.894106779299073
FBgn0264707	528.078662336855	-0.175996023480996	0.209319777959478	0.707900510042023	0.400141673957282	0.875888394068263
FBgn0264711	390.126675633677	-0.406961734781678	0.255971001560219	2.52907061091184	0.111766028373227	0.617542210682839
FBgn0264712	1141.81109789826	-0.206162918779954	0.476851674685001	0.186722118320773	0.66565888849326	0.927023786961361
FBgn0264742	1620.04630144885	0.00561674345299245	0.383589042278036	0.000227544377310096	0.987964707607731	0.993061124148768
FBgn0264743	1620.04630144885	0.00561674345299357	0.383589042278035	0.000227544377310096	0.987964707607731	0.993061124148768
FBgn0264750	2664.51064660371	0.640473231134192	0.302253684041876	4.45303384399924	0.034839300541796	0.331209820987843
FBgn0264751	216.397439457636	0.121136056240307	0.273032073018757	0.198103625010575	0.656255919171027	0.925054469089787
FBgn0264776	357.018046139767	1.80579738065206	0.672292036545548	6.80180718271336	0.00910656511933221	0.130155736841612
FBgn0264785	994.967269151331	-0.0329869648093204	0.1985681678109	0.0276450519932894	0.867946037925879	0.97411611643373
FBgn0264815	535.045256869565	0.544754285799377	0.325924583095032	2.78052110192043	0.0954171183396738	0.577851441830363
FBgn0264816	293.55264225427	-0.129406255200365	0.263633450108239	0.240847884187438	0.623594397768701	0.916152845817619
FBgn0264848	762.194326171354	0.0774576897968202	0.30153111666987	0.0660178360179344	0.797225583450578	0.957909169986809
FBgn0264855	2295.50470508134	-0.280088583853051	0.240331572560739	1.35672081638702	0.244106602153365	0.792429197916752
FBgn0264894	3137.92310380131	0.173258085418538	0.448225484380151	0.149342708256981	0.699164282736109	0.935295979326931
FBgn0264895	914.577734928855	-0.187266231522236	0.317022212213781	0.349119427888411	0.554612024306619	0.908003182797042
FBgn0264922	1692.85490712228	0.609847573910322	0.542166034724176	1.25564989201698	0.262476115702649	0.805873472107772
FBgn0264959	1551.44968895567	-0.113173322405697	0.152679561724239	0.549703002990199	0.458439072336305	0.888270226363548
FBgn0264962	2034.91087707354	0.177891825985509	0.173433764954956	1.05111125266143	0.305251294171263	0.832614936158673
FBgn0264975	4730.15224285954	-0.222548958806638	0.467312356902915	0.226594885339523	0.63406024548562	0.919611276494636
FBgn0264978	1005.02541380519	-0.0360688052476096	0.142757218294302	0.0640729612028252	0.800170558892221	0.958174580223308
FBgn0264979	967.570372152501	-0.207862027390584	0.35231319428965	0.347598893556963	0.555475495347628	0.908003182797042
FBgn0265003	863.886613982497	0.245935710667413	0.195452183247179	1.58100625388843	0.208615810278318	0.757686170716412
FBgn0265011	231.450223710183	-0.123372292094721	0.427608412072627	0.0834934999334251	0.772617789876153	0.953234312247045
FBgn0265045	2660.87778799277	0.186311759740757	0.324827641941646	0.328858101986611	0.566332253854265	0.90865959686355
FBgn0265047	39.5031298699368	2.22744918369505	0.748715575224665	8.28977480813545	0.00398689325441662	0.0690842286806542
FBgn0265048	2118.0331665646	0.0168373133181537	0.464151922883869	0.00131949768663731	0.971023303100197	0.991444149622978
FBgn0265052	61.0954646762187	0.658915744354034	0.477004948846303	1.89522962698805	0.168613248906312	0.71402200975569
FBgn0265082	2491.87985330533	-0.779912009453024	0.336532554373062	5.30983882375418	0.021205318028601	0.239851268791875
FBgn0265089	267.101686127654	-0.176553610281442	0.58627102707117	0.0905300678771823	0.763504362610842	0.952566903708657
FBgn0265102	211.240988369355	-0.367995725345425	0.301543514126912	1.49383612255103	0.221622216388222	0.772827015156272
FBgn0265137	2433.73671215434	0.538360571201709	0.225898169392425	5.64917944865607	0.0174635420219888	0.211780096901578
FBgn0265140	1615.96225070934	-0.267024960983373	0.351268967687071	0.577300304789645	0.447372465089305	0.888270226363548
FBgn0265174	320.214303646509	-0.217289464734664	0.207699985966391	1.09286515215963	0.295837254604668	0.830677008920024
FBgn0265177	170.126158547445	-0.0105818819209881	0.468415250866345	0.00122542987507757	0.97207484443782	0.991444149622978
FBgn0265178	4058.22229854943	-0.0932818255861338	0.160634759291462	0.337186914606946	0.561457506270016	0.90865959686355
FBgn0265180	8283.10759884774	0.265585336259829	0.353503888943573	0.563666728428956	0.452786623137163	0.888270226363548
FBgn0265182	178.048106818776	-0.268887495043369	0.437173045127628	0.378875080196181	0.538205890039439	0.907173673980027
FBgn0265185	3074.4950989649	0.704747598664929	0.354064910625551	3.92364460488122	0.0476115556279171	0.399727785711304
FBgn0265186	961.624278127783	0.471254510086505	0.377373521468215	1.55296283697541	0.212698578377318	0.764550407477751
FBgn0265187	284.242846294306	-0.126070709535264	0.25265976050659	0.24889147716214	0.617856706211261	0.91550458350478
FBgn0265189	255.613018771542	0.0209286411238424	0.19495898674634	0.0120043854618075	0.912754745005784	0.980376791913083
FBgn0265190	368.927483558705	0.0842061845419375	0.195011321992971	0.186458249432995	0.665880879991958	0.927023786961361
FBgn0265191	2951.92080929853	0.497881790618766	0.409324358402355	1.47236583738075	0.224972788534277	0.776775396401835
FBgn0265192	1009.98245338574	-0.509201340627212	0.442550556250687	1.31638036758513	0.251242696122165	0.796625484813597
FBgn0265193	183.813000280424	-0.202408168767236	0.276231414861717	0.535972469751115	0.464106675268525	0.888270226363548
FBgn0265194	1314.46922762629	-0.577769967815385	0.39273382645456	2.15157594027916	0.142423633686599	0.678146298868089
FBgn0265262	877.93306043445	-0.085118759075694	0.261457960104769	0.106054010931544	0.744682104483748	0.948987319166172
FBgn0265263	157.942312296032	-0.608916387113695	0.738460839538864	0.673163718937076	0.411950760409678	0.87822152781539
FBgn0265274	3597.33295997689	-0.205868717110015	0.241378876472944	0.72693067600251	0.393879888626334	0.872919006760984
FBgn0265276	1541.59925991553	-0.262203139105074	0.326846539140207	0.642631779285821	0.422759395492044	0.881034667480375
FBgn0265296	533.744650414381	-0.556168095838719	0.516933566406302	1.15173980187933	0.283185244143267	0.821501136272011
FBgn0265297	24756.8332944803	-0.0933423287502623	0.263036145751735	0.125909718343294	0.722711262437961	0.942405474262163
FBgn0265298	1426.57272790721	-0.0788857168757772	0.196920178489358	0.160414616013412	0.688775076543428	0.931670005355057
FBgn0265356	4263.20202211277	-0.0176200816576483	0.264931919069692	0.00442740583324053	0.946948904532541	0.985720685676657
FBgn0265413	2019.44761036419	0.349039644869996	0.21040238413795	2.74470737058509	0.0975769392388239	0.58427062255209
FBgn0265464	343.503619219335	-0.161829497017066	0.174428493773436	0.866162117695808	0.352019992465502	0.852864078651704
FBgn0265487	902.402748358598	0.150779875825202	0.330727122991631	0.207861368466382	0.648448830311879	0.922694169316485
FBgn0265512	1576.75780163179	-0.037611872985604	0.247822418671118	0.0230342102621677	0.879368143495114	0.977153229926344
FBgn0265523	3417.73292219711	-0.175331036961187	0.620984977980367	0.0796788158884851	0.777733142121629	0.953613849779716
FBgn0265574	632.131792610711	-0.142363944004205	0.329766235707482	0.186602781104455	0.665759263192926	0.927023786961361
FBgn0265575	2081.01461343052	0.0702177345790552	0.342083982223114	0.0421309941736325	0.837370275609154	0.967331366426469
FBgn0265598	193.406526062683	-0.178493354683129	0.228479914725151	0.614353117547452	0.433153476525327	0.886993620058199
FBgn0265605	477.280716834619	0.216549379412587	0.236608624348042	0.836651084365712	0.360356322198359	0.857293348360834
FBgn0265606	37.1200515500898	-0.644604339756755	0.740925481729264	0.743697306586149	0.388479067051044	0.87033225458622
FBgn0265623	407.973741935665	-0.241068033139983	0.40011199806779	0.363538004970962	0.546547853740885	0.907978647188282
FBgn0265627	258.149739942871	-0.581510532627963	0.488374481335724	1.40196296595174	0.236395182515707	0.783385297264196
FBgn0265630	769.545223812347	-0.473410037320899	0.237889188591123	3.94846136160784	0.0469142449475512	0.39763241412527
FBgn0265726	5814.6930638735	-0.316330534092548	0.532870961350019	0.351692486395507	0.553156614714962	0.907990612706933
FBgn0265778	1683.8675510367	-0.514592451309739	0.421214831731155	1.4853497656746	0.222939374041157	0.773568331726624
FBgn0265784	863.58987534302	-0.0915243719336931	0.254213239504229	0.129819445468485	0.718619317496215	0.941475819035315
FBgn0265935	3260.4606669901	0.0620283301199125	0.234186763977174	0.0701652384369567	0.791096345031176	0.956915308546756
FBgn0265959	165.318243785758	-0.0734633540588233	0.232930750389911	0.103151834483548	0.748079600435697	0.949227302638817
FBgn0265968	173.028039784431	0.466152274177598	0.500508267312306	0.862326012014591	0.353088591309089	0.85294756349208
FBgn0265974	436.700527150458	-0.338598086623977	0.219520767150931	2.37682039828758	0.123147969981059	0.644531420728408
FBgn0265991	6829.88094882115	0.118764346251309	0.535595548282826	0.0491553441114547	0.824539609835866	0.964052863213496
FBgn0265998	3255.59387226154	-0.209629295549622	0.37391724129178	0.314061371436011	0.575198593384244	0.90865959686355
FBgn0266000	2126.10938028649	0.181499507132543	0.200838843722698	0.816173430836415	0.366301345504152	0.863234160563223
FBgn0266019	7558.7480278188	-0.510651267720899	0.494700674979097	1.06007456738497	0.303198178480833	0.832614936158673
FBgn0266053	954.828266728687	-0.205040467216059	0.290329013794999	0.498788558141086	0.480032903376758	0.889027677218827
FBgn0266064	2305.78693934419	0.110695678843822	0.472855712227579	0.054795971478768	0.814918685195927	0.96161108133415
FBgn0266083	675.090177076531	-0.202333634315941	0.403893285179834	0.251137014144234	0.616275606364324	0.91550458350478
FBgn0266084	2191.41864827017	-0.29409454968838	0.27935411134422	1.10710632220103	0.292711835924704	0.827795960648082
FBgn0266098	2173.318115703	0.211533607126776	0.67390107300593	0.0984460116442278	0.75370251077996	0.950354973832676
FBgn0266100	139.409050955587	-0.14901159931	0.275969553428912	0.292996809462309	0.588306473633022	0.90901408428239
FBgn0266111	321.266665787577	-0.424437255966542	0.321010432188101	1.74719298024939	0.186230003327975	0.734537817035054
FBgn0266124	267.725831848181	0.428894819594956	0.228946904647753	3.49663917004049	0.061493503316988	0.461496722403503
FBgn0266136	1117.06598738809	0.165437835263562	0.344221362859541	0.231005105426661	0.630779557446907	0.918252451201075
FBgn0266186	1437.77743722964	0.0138043498495582	0.330754226154713	0.00176103902552427	0.966526810334062	0.991176487376138
FBgn0266195	123.372659838908	0.173254982398863	0.211938570195874	0.668818864639235	0.413463707855099	0.87822152781539
FBgn0266261	501.396099377422	2.00720396348661	0.965645743165402	4.01360630056881	0.0451345122531425	0.38969801442441
FBgn0266282	303.594587664683	-0.338858302823553	0.302843932656546	1.24796536105518	0.263941438367521	0.807484472732424
FBgn0266284	483.881092827085	0.143308236393825	0.167277121530413	0.734273503862589	0.391501477037955	0.87249493848501
FBgn0266346	183.846958858089	-0.657239777553723	0.240162478827189	7.48121947574782	0.00623458320028693	0.0979751423032886
FBgn0266369	1533.05216519871	0.203428313552483	0.187108503087312	1.18176159167454	0.276997662109029	0.814240619512538
FBgn0266377	1148.22859478132	0.115537375169606	0.392405100094462	0.0867201642230953	0.768388946632747	0.952993416349077
FBgn0266409	493.804240847504	0.0096843994781335	0.175549203553791	0.0031092893194824	0.955532202652783	0.987492945289472
FBgn0266410	5660.05560698925	0.0703973885329933	0.326762057817973	0.0464108746501637	0.829430653506365	0.964901903583029
FBgn0266411	3308.55192400727	-0.0729124922239001	0.379359706617489	0.0369501964974148	0.847566481645617	0.969949154854832
FBgn0266417	661.9171667875	0.267187655826989	0.288766764331828	0.85447677079091	0.355288958215682	0.854616917368605
FBgn0266418	925.963832371853	-0.190538307407756	0.268633641406597	0.503302602554086	0.478052570616047	0.889027677218827
FBgn0266420	313.942968246909	0.290595610059563	0.274926843846153	1.1151318193852	0.290969119216561	0.826387777315387
FBgn0266439	216.567567523578	0.356624065608163	0.553990044948691	0.413330070093892	0.520284114219723	0.900900502564648
FBgn0266441	224.737089320632	0.126519395731683	0.228687105677149	0.306183159753722	0.580031850442556	0.90865959686355
FBgn0266446	9749.22589010646	0.24202613716798	0.274899897280129	0.774227554854477	0.378912393407458	0.86579112403379
FBgn0266449	1849.53654793267	0.072892836073867	0.184307549438548	0.1564045068436	0.692488607561222	0.933687511301863
FBgn0266450	1745.1929608446	0.126523101449924	0.345379068665085	0.134218155461923	0.714097984770256	0.939380397144481
FBgn0266451	10419.5950486388	0.491972637834151	0.3023013038794	2.63562504546849	0.104490931581768	0.604436702448471
FBgn0266452	673.923494087519	-0.136965689447018	0.242060369939168	0.320892711777134	0.571071651172124	0.90865959686355
FBgn0266464	995.948768691443	-0.267143633665062	0.197297353571999	1.8326731911507	0.175812127536626	0.721800253941284
FBgn0266465	1119.65150754605	-0.168144689416877	0.21633857768352	0.604399111571027	0.436904471204181	0.888270226363548
FBgn0266486	443.391780074102	0.109027955846916	0.185765567354745	0.344447297641999	0.557273337344511	0.908176933545198
FBgn0266487	139.376294790978	0.520991605097271	0.342352358686279	2.30325310975515	0.129103354082861	0.653999148711491
FBgn0266488	8741.4122913551	0.00716795921995164	0.460449607221235	0.000242304366210533	0.987580527699709	0.993061124148768
FBgn0266489	559.444245222505	0.169556107259996	0.328495463847766	0.266711259054816	0.605546468404929	0.914069664297095
FBgn0266490	270.079158119078	0.0616512443557608	0.21120280851346	0.0857240573541631	0.769685187477449	0.952993416349077
FBgn0266491	943.18561793886	0.864235516278913	0.322487413360168	7.07906711600968	0.00779896016727323	0.115677527007315
FBgn0266492	1740.64302003116	0.92395869797453	0.305504377762742	8.99675013199271	0.00270460137408105	0.0518937670040574
FBgn0266518	400.894825555806	-0.0400761601256739	0.184130399295986	0.0485279115125081	0.825644905763241	0.964052863213496
FBgn0266521	1423.28993520009	0.590785067819783	0.592488377003871	0.987128753782812	0.320445146126518	0.836537052932144
FBgn0266525	1291.49146305388	-0.0247845837991775	0.353104475123735	0.00496004178747	0.943853352720808	0.985481870575932
FBgn0266538	401.56822014573	-0.136528161043223	0.18642213002306	0.537124290005387	0.463626963443983	0.888270226363548
FBgn0266539	255.708222769367	-0.0682331072216939	0.212667050719483	0.103900929616145	0.74719765479802	0.948987319166172
FBgn0266557	7909.83830166977	-0.215430742833417	0.432969135737126	0.247391976357406	0.618917483383926	0.91550458350478
FBgn0266569	193.560205857229	0.517775354528453	0.500754675577585	1.0615093797083	0.30287118277246	0.832614936158673
FBgn0266570	452.839463561972	-0.274488853368276	0.168812431166443	2.64271618747505	0.104025555139833	0.602934988142017
FBgn0266572	1256.25604277707	-0.128258735645798	0.222731162555172	0.331904249240168	0.564539942725103	0.90865959686355
FBgn0266580	1410.06334785827	0.0131052082903202	0.243149714632087	0.00294029207141477	0.956756333020553	0.987810622229365
FBgn0266581	461.943003944076	0.116093392215387	0.208097551384128	0.311279428049005	0.576896136399089	0.90865959686355
FBgn0266582	1268.76906862363	-0.115787977428468	0.229049218206751	0.255387866008562	0.613306608030937	0.91550458350478
FBgn0266599	64641.0594429397	-0.0667873361204685	0.241278204833053	0.076616968254541	0.781935445210911	0.95464831915353
FBgn0266666	1008.70205470598	0.978606895995366	0.718976144053111	1.81776176942749	0.177579930604026	0.724809002815072
FBgn0266667	439.401996180975	0.0417395574422155	0.199475081636809	0.0437908489567462	0.83424322165178	0.966333121349288
FBgn0266668	449.156925463685	-0.0257975618708	0.222029942374391	0.0138986399107495	0.906152841468494	0.979772897569974
FBgn0266669	521.169957052563	0.198068249486884	0.195212668512064	1.03002414744785	0.310152996197478	0.832614936158673
FBgn0266670	870.087891279672	0.138509953484141	0.142552206652169	0.944733799258785	0.331063395742057	0.841662811307778
FBgn0266671	583.830755090712	0.863784032813833	0.17385897391033	24.4054728291921	7.80466615223472e-07	4.0239518002074e-05
FBgn0266672	1040.64270781323	-0.106386658596048	0.156878879993375	0.46081243629672	0.497244524613287	0.894106779299073
FBgn0266673	388.399712663589	0.167519176635846	0.211854920426698	0.625149403403171	0.429140147159863	0.884165712876296
FBgn0266674	422.73585681921	-0.216765866923871	0.183679317949572	1.39384202200284	0.23775734417641	0.784804682033993
FBgn0266696	8464.64713791982	-0.283136417467413	0.283385630883995	0.996825418226834	0.31807988494035	0.834794518653785
FBgn0266709	198.877605043331	-0.513495824371206	0.479055647070756	1.14003313917202	0.285645325153793	0.823238447391109
FBgn0266711	1264.37448427484	0.290734630172578	0.298060963695366	0.949523048602813	0.329840730897868	0.8415226533537
FBgn0266717	5521.81934568686	-0.308868516018353	0.546715476378035	0.318600369610678	0.57244998803901	0.90865959686355
FBgn0266719	949.37790582507	0.496481758982094	0.272683134114864	3.29784438736237	0.0693708625938122	0.49197698669907
FBgn0266720	751.672028990507	0.0285581853816348	0.179693481587155	0.0252609745401315	0.873718498079763	0.975389247856314
FBgn0266723	160.086759443128	0.813218565133798	0.42992910465725	3.52961397487903	0.0602818215470196	0.45640398944248
FBgn0266756	4575.14143039318	-0.275101799112007	0.358505187770486	0.58816060150761	0.443131285445406	0.888270226363548
FBgn0266758	2045.69328533251	0.353217558387848	0.334812578269698	1.11046752836606	0.291980340834334	0.827589471963489
FBgn0266801	333.266209440956	-0.602351654741339	0.325068980356392	3.42620307850723	0.0641694723316476	0.469756311389518
FBgn0266848	1201.15156297798	0.0325631952134821	0.14528687607239	0.0504354388247634	0.822307302753633	0.964052863213496
FBgn0266916	285.544199504403	0.00503166820167624	0.214070592095141	0.000917333349505611	0.975837756428332	0.991444149622978
FBgn0266917	731.123239321453	0.0180983006055937	0.170159788988653	0.0115795867178718	0.91430626353858	0.980404978288931
FBgn0266918	865.793439210731	-0.0144882847771548	0.142229490852838	0.01040778819727	0.918741936922292	0.980450334458111
FBgn0267001	2920.04950821396	-0.307324561952896	0.706706846892284	0.188771272369848	0.66394125031426	0.927023786961361
FBgn0267002	1137.24232319694	-0.266426002371228	0.317835616002049	0.70226455439375	0.402023815786923	0.876195059095772
FBgn0267252	447.246866155424	0.0136975210109549	0.293169834030405	0.00243047115191075	0.960680371855771	0.98916415646605
FBgn0267253	79.3959100427511	-0.749787957474019	0.362839675855363	4.24357203207218	0.0393991897831276	0.357388098059372
FBgn0267330	3463.54461482946	0.0757788866461937	0.162086617120638	0.218571305380323	0.640130674749732	0.921446243022313
FBgn0267336	1506.0657054252	-0.449032775385288	0.440937485169455	1.03304220242845	0.309445211339235	0.832614936158673
FBgn0267337	312.394306394641	-0.100666464866747	0.314361422514076	0.102847322685378	0.748439126614266	0.949227302638817
FBgn0267339	272.985156435947	0.879540186743878	0.238348494700652	13.4642845347883	0.000243147866136409	0.00704625747244959
FBgn0267348	5189.50065564719	-0.386981550322501	0.417956115374449	0.854840945513757	0.355186455196735	0.854616917368605
FBgn0267350	2618.24779309231	-0.306470069507328	0.535033080745476	0.32755481146927	0.567102463375258	0.90865959686355
FBgn0267351	596.832678701861	-0.366036914506607	0.289256520427498	1.59999550486692	0.205903847759061	0.757156699969694
FBgn0267365	175.160181287688	0.829613594336145	0.67938862426355	1.46976863418922	0.225382201559255	0.777158387408573
FBgn0267366	284.475298512951	-0.0853571060808613	0.675415134102059	0.0159898180694285	0.899375050783795	0.979772897569974
FBgn0267376	580.414257702907	0.60039240706975	0.30900994930838	3.7508920480832	0.0527793368088968	0.426773246271217
FBgn0267378	1812.81221519833	0.12734924801597	0.208335468996607	0.373459811659458	0.541124387951579	0.907173673980027
FBgn0267383	116.425723491662	-0.297325725356146	0.743727040472045	0.1590768767161	0.690007839604621	0.932137258324584
FBgn0267384	767.389852190769	0.291178809477	0.234517952754383	1.53816060384449	0.214891803362768	0.765972982598429
FBgn0267385	14016.5696318899	0.518595887975589	0.48752285303134	1.1255125868179	0.288734540267039	0.824507331431938
FBgn0267390	2668.22493409143	-0.243845054821275	0.461917804947582	0.278416994906877	0.597740656276302	0.912159281837944
FBgn0267398	1189.60028869918	0.114151747001675	0.650527969437379	0.0307737774683403	0.860746040988023	0.971619842641148
FBgn0267408	4025.2101664952	0.763690171887842	0.563718876666064	1.8144160887924	0.177979385220983	0.725051650108162
FBgn0267412	134.499474873662	-0.908155356335414	0.587596579183124	2.3423992328937	0.125895519756335	0.65078499017855
FBgn0267487	1557.59239746311	-0.26715492112412	0.318001863762829	0.705098517979678	0.401075803187748	0.875888394068263
FBgn0267488	2762.15457260799	-0.251560106025736	0.259811925236983	0.936742534622482	0.33311698877173	0.84199398783608
FBgn0267689	198.8420913312	-0.632658405798234	0.412488218679411	2.32782007509606	0.1270797293039	0.652113344639129
FBgn0267698	1475.86611476514	-0.123806182778693	0.247231526156503	0.250805231035642	0.616508659420468	0.91550458350478
FBgn0267726	148.35085918154	-0.387219852459435	0.658879152384491	0.343258204234942	0.557954535267546	0.908554527104913
FBgn0267728	156.516741068598	0.00512476516543688	0.239930999609649	0.00236465430242561	0.961215985691219	0.989224370208121
FBgn0267790	3214.5870125753	-0.154318608370594	0.152449351663513	1.02442572724777	0.311471509576562	0.83325899474602
FBgn0267791	2788.68458032456	-0.061913418360491	0.195130713454852	0.100700184080196	0.750990998295759	0.949406787566545
FBgn0267792	1530.21856090317	-0.432535060764029	0.264198687006801	2.67087699749364	0.102199693691143	0.599959734848459
FBgn0267795	1811.59068339197	-0.325044291403226	0.311735237978426	1.08539469725804	0.297493852346938	0.832400050684574
FBgn0267821	1855.0307276321	-0.297919086920362	0.313817298293838	0.900050080817195	0.342768282996728	0.847342045408736
FBgn0267823	196.896854315387	0.1716688631928	0.271691043476201	0.400215299814079	0.526978088037817	0.90232385622236
FBgn0267824	1157.73659162233	0.079004544747005	0.36544806536702	0.0467461934330231	0.828825087672095	0.964901903583029
FBgn0267828	1697.05556704266	0.17493169525613	0.364820474996853	0.229835754950201	0.631645640458585	0.918845491159441
FBgn0267849	1438.02678685467	0.324209287724947	0.213081917519567	2.30968148050019	0.128570393885248	0.653999148711491
FBgn0267861	396.062696424975	1.22787197690059	0.701876401024763	2.971847991405	0.0847250185212158	0.546306666950518
FBgn0267912	949.500147333096	-0.102816010006497	0.298617698808733	0.118544639028372	0.730618337512725	0.943692519110568
FBgn0267967	61.0515973853347	-0.719521149492474	0.542575219810083	1.73351916856831	0.187962090476402	0.735739826904372
FBgn0267972	956.601655333912	-0.178495710731492	0.300475156404337	0.352391735599525	0.55276233917658	0.907978647188282
FBgn0267975	1073.26475787887	0.263897738256664	0.177966839894679	2.19507025829941	0.138452895994385	0.672674546224748
FBgn0267976	785.803966398291	0.533114976056048	0.395313007457414	1.80756376825153	0.178800755329013	0.725887316386677
FBgn0267977	75.2983033192858	-0.328755344053464	0.356909825480639	0.843010821692253	0.35853709169832	0.85582398423638
FBgn0267978	567.100333462895	0.250817795440335	0.151360806750171	2.74693276869736	0.0974411908952396	0.584091132869896
FBgn0268063	1447.64405480725	0.176144982816794	0.243174704960158	0.524726356157316	0.468832486895469	0.888270226363548
FBgn0270924	1128.68781883139	-0.111841437756251	0.148898473457403	0.563915506637244	0.452686913392271	0.888270226363548
FBgn0270925	3566.06419658355	-0.785806204338466	0.343643473527795	5.16554185291625	0.0230392694351731	0.253764115770898
FBgn0270927	421.129394363628	0.21878861586983	0.220417384453804	0.984796009325521	0.321017610150662	0.836537052932144
FBgn0275436	498.129635195353	-0.0983882351952586	0.160121787720759	0.377380595822025	0.539008441662503	0.907173673980027
FBgn0278604	321.858494622308	-0.00534754323762289	0.243501461938997	0.000490111547520655	0.982337504886246	0.992185732789441
FBgn0278608	1157.71253562857	-0.026550824602045	0.193087630450294	0.0189245214173894	0.890583091779061	0.97848873098591
FBgn0283427	19987.966142832	1.33948628362833	0.760965349595177	2.99321443789762	0.0836140401886568	0.54362942772525
FBgn0283437	5609.36060882219	0.655898338478761	0.413910446359261	2.49001072151455	0.114570944083977	0.626432060095339
FBgn0283438	1708.4867231343	-0.079964614420507	0.160477073573085	0.248311633919855	0.618266424821325	0.91550458350478
FBgn0283450	1435.06269514967	-0.0273109199087137	0.142735013674812	0.036662454634552	0.848153917355156	0.969983775980133
FBgn0283451	16930.8943301366	-0.408358271051172	0.399809331865227	1.03980853800002	0.3078660050813	0.832614936158673
FBgn0283468	1778.05368458868	-0.5675437725981	0.27678979292981	4.17915597695405	0.0409240765216079	0.364714675596599
FBgn0283469	2199.50068181705	0.0193014314277674	0.149678850302232	0.0166394692245291	0.897362343751827	0.979772897569974
FBgn0283471	6815.37397030447	0.809824705863314	0.377388144019204	4.54550850165975	0.0330052174471153	0.320800389206909
FBgn0283472	1437.52100056734	-0.229450695944227	0.144627390530903	2.51655291909344	0.1126566062202	0.621264529457413
FBgn0283473	403.424029784561	-0.310141987724736	0.282929439036789	1.20351277940576	0.27262071559952	0.81102375989842
FBgn0283477	2332.68152871495	0.126525777979838	0.277641204115852	0.207558906260473	0.648687473303395	0.922694169316485
FBgn0283478	2633.30238777449	-0.029852959048557	0.117889442350134	0.0641582851355338	0.800040369232793	0.958174580223308
FBgn0283479	5642.48291297915	0.603839473258808	0.263605429746219	5.20970908682202	0.0224610926988715	0.249455205469725
FBgn0283494	1364.45491115644	0.144101024203259	0.232315585057907	0.384560859025299	0.535172392513083	0.906910394964332
FBgn0283499	695.578752847579	-0.0996250782072485	0.354897284350971	0.078968819806434	0.778699727925843	0.954103005319841
FBgn0283500	2242.32211825426	-0.0413879690109331	0.186383273582705	0.0493491648822157	0.824199669616188	0.964052863213496
FBgn0283503	908.628409990209	-0.356408407362292	0.379690833814792	0.879699177799665	0.348284085411219	0.85100574775865
FBgn0283508	6500.27414550096	0.0601784574909442	0.207309739369021	0.0842717927972529	0.771589765520866	0.953146024147509
FBgn0283509	1693.25570685396	0.124569359452616	0.168384520616475	0.547030477955929	0.459533584122527	0.888270226363548
FBgn0283510	2545.23563525401	0.0833996572402512	0.178776104083754	0.217675916089419	0.64081648812029	0.921446243022313
FBgn0283521	6111.08182822311	-0.0942030731926234	0.332993822002352	0.0800294414692075	0.777257516602098	0.953516328305861
FBgn0283531	1275.47697719667	-0.207498838927719	0.328263454010623	0.399510904532093	0.527341954245913	0.90232385622236
FBgn0283535	7097.57220464918	0.108797013578288	0.226081811349118	0.231524100406318	0.630396026643942	0.918123717486336
FBgn0283536	4770.62699911314	0.0454425483107697	0.212738781265691	0.0456255320303995	0.83085795511159	0.964901903583029
FBgn0283649	387.953995425524	-0.27110810417168	0.281514067243326	0.924524546659967	0.336289771762557	0.844358416245735
FBgn0283657	2372.7685547397	-0.360902201780042	0.4883464044288	0.544832627305524	0.460436800777494	0.888270226363548
FBgn0283658	2286.79343944724	0.152948347195011	0.36296210128377	0.17750309615144	0.673527879782348	0.929968409444632
FBgn0283659	67.6298815354064	0.0603475183041244	0.325608827714448	0.0382491430974525	0.844943705069685	0.969142472690819
FBgn0283666	448.13712938928	0.613686019495189	0.462844196570995	1.74364541790752	0.186677590305611	0.735507955428202
FBgn0283680	2014.2638470538	0.368613477858477	0.310607171680038	1.40483036969556	0.235916480643811	0.78283101037784
FBgn0283682	1558.3998107779	-0.123309118768899	0.314388824495373	0.153890589138655	0.694844756624085	0.933894384001516
FBgn0283712	661.166469291804	-0.355352103662111	0.249846018152634	2.0217091888958	0.155064515242944	0.69613364642185
FBgn0283724	743.010639572151	-0.151957108309757	0.246438676885486	0.380874124379986	0.537135790697161	0.907173673980027
FBgn0283741	2077.34177375715	-0.704251849180956	0.365747258899452	3.67287863805632	0.0553045889784012	0.435187046605322
FBgn0284084	217.748442696266	-0.207556265885689	0.259017650852407	0.646473698222678	0.421376252944039	0.881034667480375
FBgn0284220	3094.13746493094	-0.114826368665385	0.224224420718207	0.262298788424914	0.608545236806052	0.91550458350478
FBgn0284221	1127.38968894702	0.124006758475297	0.387946622494575	0.102178049085239	0.749231382049105	0.949227302638817
FBgn0284222	154.293281056777	0.19473459151516	0.275431802657494	0.500126077538752	0.479444730052278	0.889027677218827
FBgn0284223	202.277210635502	-0.979886032346694	0.426749761978872	5.20902242122077	0.0224699655569469	0.249455205469725
FBgn0284227	290.703972514107	-0.536191707625631	0.846491243643667	0.399520065708046	0.527337219018988	0.90232385622236
FBgn0284230	378.78208756258	0.516492319082344	0.469620799658607	1.20203810770776	0.272914706448445	0.81102375989842
FBgn0284231	513.249039643853	-0.29436333608636	0.404410501071565	0.529780743354877	0.466699054105492	0.888270226363548
FBgn0284233	405.292825742415	0.364453993303405	0.402290834301274	0.818688101729634	0.365564013436421	0.862870829387742
FBgn0284235	1681.95548166937	-0.210556518962536	0.359765524502041	0.34239631843414	0.558449276642758	0.908655899497722
FBgn0284243	38135.3518779576	-0.110628437846843	0.220342493823935	0.252022932734718	0.615654256582025	0.91550458350478
FBgn0284244	1714.78370573288	0.0298880090874218	0.233167726969106	0.0164306616463534	0.89800483173276	0.979772897569974
FBgn0284245	242167.121891861	0.248901970343642	0.29983689859195	0.688251265657215	0.40675982771712	0.87822152781539
FBgn0284246	199.678255381922	0.299162140193025	0.306026598309094	0.953743861980044	0.328768156804095	0.8415226533537
FBgn0284247	2096.6331628264	-0.170893769210179	0.53954643754695	0.100294610692472	0.751476375764896	0.949406787566545
FBgn0284248	686.062786877005	0.201028775872276	0.27590953438438	0.530282361419708	0.466488173081968	0.888270226363548
FBgn0284249	760.91864331463	-0.0433407206765586	0.224073492066189	0.0374321996568199	0.846587744125492	0.969440441699228
FBgn0284251	426.442869998461	0.164223970434303	0.218077901809112	0.56685854304699	0.451509955040448	0.888270226363548
FBgn0284252	3088.38578535299	-0.149879494100427	0.275277131773789	0.296367160224975	0.586168899577073	0.90865959686355
FBgn0284253	1139.69813909287	0.134561110884741	0.281048570507497	0.22932067815276	0.632027993472013	0.918845491159441
FBgn0284254	1335.05291637379	-0.329208640670458	0.315656938555918	1.08604450716	0.297349282891365	0.832400050684574
FBgn0284255	1162.62446507112	-0.141905967955106	0.238605612831622	0.353407510480665	0.552190530288395	0.907978647188282
FBgn0284256	942.853781626983	-0.254199733003504	0.216390264101672	1.37930311534187	0.240219887797658	0.788656393900322
FBgn0284257	1161.03683839563	0.139687051997373	0.350406131998819	0.158913639173164	0.690158678263876	0.932191181634461
FBgn0284408	26517.1841012999	0.00815125297595333	0.5359345786507	0.000231217195363342	0.987867972385784	0.993061124148768
FBgn0284421	1764.26459413528	-0.250860594263963	0.136185627090877	3.39176159008544	0.0655229104186408	0.475111768039912
FBgn0284435	533.928313386631	-0.130929704746292	0.191163395983132	0.470926584390156	0.49256120499237	0.892965315521076
FBgn0284436	3283.9312670951	-0.256067458016622	0.185207535045174	1.90991280950614	0.166972944241233	0.711943492340599
FBgn0284442	672.078568938791	-0.294958655899563	0.222606654330353	1.75629484788946	0.185087335278473	0.733022603996364
FBgn0285879	522.273015292081	-0.235471034770276	0.402446630809754	0.342441134949382	0.558423530384883	0.908655899497722
FBgn0285892	224.517233360518	0.112654763680046	0.299828549289536	0.141251575260576	0.707039933845223	0.937366083614963
FBgn0285896	221.436314579611	-0.151246843159376	0.243521393767991	0.390466858820218	0.532054103006557	0.905493756415732
FBgn0285910	4761.06145907663	0.121524126748194	0.280564365417755	0.187570516920061	0.66494639422328	0.927023786961361
FBgn0285911	539.891533642532	-0.139884010056974	0.156869511674636	0.796499812927678	0.372141932632748	0.86482559396012
FBgn0285913	1781.52967262335	-0.12590131152388	0.135490024659468	0.862713151742426	0.352980547575868	0.85294756349208
FBgn0285917	3199.71391539243	-0.310164897351424	0.59511315315007	0.271157011953036	0.602556692904736	0.913070040961306
FBgn0285925	1952.4461439682	-0.229156059136048	0.297082899774046	0.594625099428058	0.440636173960733	0.888270226363548
FBgn0285926	670.994624312425	-0.38734660840543	0.347285640189501	1.24009984989107	0.265451811183507	0.808870738247104
FBgn0285937	2990.66540234524	0.397522019974161	0.370420175201486	1.14784617480127	0.284000474906784	0.822670744139255
FBgn0285943	268.944435118339	-0.306175984107273	0.625589462498431	0.238686468488268	0.625156430113591	0.916152845817619
FBgn0285947	18403.4230784211	0.211964987298792	0.177518774818293	1.42437932774224	0.232683930023993	0.780240739081296
FBgn0285948	24801.6995765876	0.239995213199233	0.16451778798449	2.1255206347835	0.144863549280741	0.680601983146729
FBgn0285949	15759.6707672841	0.36030216525612	0.212216543562465	2.87498675054401	0.0899657154815856	0.560468400969047
FBgn0285950	20480.2554496242	0.163924564432521	0.177149536199629	0.855764619674659	0.354926653305999	0.854426695612609
FBgn0285951	178.820892853755	0.0653618199844746	0.300202651505015	0.0493552729019058	0.824188968219712	0.964052863213496
FBgn0285952	14092.7526295315	0.456904697392178	0.357051687466403	1.63066556412957	0.201611016398846	0.754380668662469
FBgn0285954	1615.59691581839	0.0694841892026319	0.35650543983517	0.0379801151107273	0.845483073949955	0.969333114635797
FBgn0285955	2886.09214336983	-0.437335328249276	0.259181097604506	2.83838099542625	0.0920369050857285	0.569571539278691
FBgn0285963	1786.16480237914	-0.0221651243281146	0.401632828666629	0.00305432194578259	0.955926612320399	0.987779079053318
FBgn0285970	85.6095846660447	2.87615312974889	3.7298498480488	0.516644591311049	0.472276524071808	0.888270226363548
FBgn0285971	200.323809823187	-0.131518478550986	0.22352218493969	0.345927700722626	0.556427462090048	0.908003182797042
FBgn0286027	236.544083420597	0.0915729913217296	0.205202582761854	0.199611295408999	0.655034780247106	0.924526506893163
FBgn0286051	1005.12754985344	-0.164191457839284	0.23580241117014	0.484547719452252	0.486369575795764	0.890124110406707
FBgn0286070	1023.80188993289	-0.137424745972485	0.345688261782414	0.158165078436383	0.690851533516534	0.932428404446413
FBgn0286071	2008.00173529269	-0.542393798605062	0.469130502904227	1.32938446860604	0.24891475096869	0.793847876141075
FBgn0286075	312.163945344594	0.050924253720777	0.179502942464885	0.0807731981103927	0.77625231855775	0.953419031864674
FBgn0286198	1433.9582802658	0.331104715054735	0.319498886307431	1.07200345221625	0.300493351536599	0.832614936158673
FBgn0286199	56.4381334888088	-1.07411199733061	0.552348883348754	3.67732494707943	0.0551572773716907	0.435187046605322
FBgn0286203	666.063494140165	0.0386263252513161	0.283845141028309	0.018528081649805	0.891728080127663	0.978876446894751
FBgn0286213	10872.0932826084	0.271918921136762	0.195671643352694	1.92825115427677	0.164949904454922	0.710633110232189
FBgn0286222	2698.837699664	-0.167577343461214	0.250073032470529	0.448892373112685	0.502861418529724	0.895295388353976
FBgn0286506	867.080838185985	0.535221887327267	0.199993820067114	7.12235212805902	0.00761287635428247	0.11353710447615
FBgn0286507	421.475495580545	-0.565398058140564	0.570665348178563	0.974254799890076	0.323621331580871	0.838109323039457
FBgn0286508	3884.99005802909	0.0747412467216081	0.306050797737371	0.0596307715058089	0.807080475632542	0.959228442542198
FBgn0286511	1625.29704176747	-0.0751907697313716	0.299782332298408	0.0629704049569568	0.801861235448659	0.958174580223308
FBgn0286516	3300.77952583853	0.195961347442307	0.198759127401504	0.971267592368378	0.324364248386049	0.838831396674705
FBgn0286567	1144.60871693703	-0.285011297424444	0.307156007320955	0.860265281822777	0.353664465005073	0.853133332847072
FBgn0286723	2755.95373608268	-0.166254972715711	0.288875458782158	0.331157354909621	0.564978388989479	0.90865959686355
FBgn0286778	4409.4855692983	-0.199382045106912	0.439406539384232	0.20574044998807	0.65012668064153	0.922694169316485
FBgn0286781	1474.69382882428	0.121472099939867	0.159426111285787	0.580337548555363	0.446180043089554	0.888270226363548
FBgn0286783	1667.41874895303	0.366412635327721	0.283938440902888	1.66146268490382	0.197405950761376	0.749322317162874
FBgn0286784	17318.2974081625	-0.233553459467695	0.145014591558491	2.59127892543486	0.107453539340906	0.612230199743035
FBgn0286785	4360.95783226417	0.103169130098999	0.371135355396821	0.0772670344746302	0.781035783572433	0.954338216153263
FBgn0286786	490.59469497823	0.201176998283507	0.355245750144243	0.320253753642433	0.571455188214898	0.90865959686355
FBgn0286809	597.257106574655	-0.420336427026327	0.231570317438414	3.28147413849797	0.0700659697217464	0.495234995409215
FBgn0286813	1987.66413638708	-0.272365774994188	0.299687623144441	0.824995150474678	0.363723737438832	0.860716767852773
FBgn0286818	26399.6950733283	0.231364479110127	0.284602208206145	0.6601713406952	0.416499460091137	0.87938425582695
FBgn0286828	389.811805962988	0.0360438904632513	0.183486584269397	0.0390605357810898	0.843328783029554	0.968366267016608
FBgn0286852	53.0244207669498	-0.276125119473856	0.450451453098326	0.37507181393687	0.54025259134271	0.907173673980027
FBgn0286898	2380.99424448515	-0.296087718927045	0.24803938149748	1.42306510211856	0.232899560452028	0.780240739081296
FBgn0286929	50.7324968893887	-0.109006548252918	0.420305870137128	0.0695679775049172	0.791966845566583	0.95691559934858
FBgn0286932	533.459578475384	-0.0291518027408757	0.281820029245742	0.0107155510230257	0.917553494606884	0.980404978288931
FBgn0286940	229.055759128158	0.952679684130157	1.00680719938772	0.876644739615287	0.349122307899367	0.851277488013718
FBgn0286979	132.780132089697	-0.580419412586199	0.483233575544529	1.43014160266976	0.231741330246548	0.780240739081296
FBgn0286980	242.135914057221	-0.114247062159302	0.551000238120489	0.0430925944408358	0.835551019638836	0.967103958315968
FBgn0287182	1314.90843790858	0.788528515248724	0.448038169653544	3.05904484130667	0.0802888529841928	0.532163252163636
FBgn0287183	147.061265627809	2.01571141674374	0.723953343006509	7.22286713942283	0.00719806454027658	0.108799522295835
FBgn0287184	1646.38269132483	0.640219645221796	0.319410771518104	3.98509238291221	0.0459045833415009	0.394817770994447
FBgn0287186	107.7953284924	0.683563756264493	0.580363048567914	1.37183679589943	0.241496547323635	0.790406091073906
FBgn0287187	391.57468565235	1.29590379950305	0.775906854631412	2.7003017472575	0.100329256282774	0.592300698149173
FBgn0287204	322.90438654411	-0.065761070269314	0.174313590670607	0.142589952525761	0.705719704829153	0.936946034657852
FBgn0287209	3302.15829998844	-0.117651758485937	0.269874503387469	0.190022549425976	0.662897850490478	0.927023786961361
FBgn0287210	147.261247638591	-0.83023081821457	0.510396403143439	2.6300362691639	0.104859318098517	0.605150531894337
FBgn0287225	805.271801692289	-0.419854267928071	0.191499961093894	4.79077667635518	0.0286125219700505	0.292529969143922
FBgn0287234	6437.22594062142	0.235433991180565	0.158951641597766	2.19128864072647	0.138793153635615	0.672674546224748
FBgn0287423	799.00643370978	1.7447248569087	0.729874865178787	5.40017757904425	0.0201347028098669	0.232972721323762
FBgn0287454	131.836996773298	0.307592195131527	0.456759040271499	0.452328683670252	0.501231169119756	0.895295388353976
FBgn0287478	642.773334600517	0.0238682783664517	0.182750808343379	0.0177349208094455	0.894056940951467	0.979173641640997
FBgn0287585	594.144923616382	-0.0338783243936688	0.214714933604746	0.0249492818007582	0.874493506013488	0.97581434659254
FBgn0287589	183.241086283713	0.275147250661833	0.277228803871638	0.983818023183581	0.321258012080674	0.836644664867055
FBgn0287590	907.809454268375	-0.0606806619900646	0.973286236748335	0.0038890252775019	0.950274515840032	0.986400183461692
FBgn0287630	465.936569457081	-0.822050242775576	0.345601571071465	5.58636930966519	0.0181007766452164	0.217002748825105
FBgn0287631	934.700502465275	0.38856621352511	0.168854106189468	5.28305544783184	0.021533926683073	0.241939999792173
FBgn0287645	75.768964485711	-0.537085001884713	0.800495570010534	0.445685795447673	0.504390853586625	0.895295388353976
FBgn0287720	3640.87265579302	-0.4503493207456	0.181429513684169	6.138060793579	0.0132302327658166	0.171320302255659
FBgn0287725	1184.916995918	-0.152294457412467	0.499907991224833	0.0928155676016331	0.760627802692783	0.951947965569036
FBgn0287767	2334.58130206782	0.352615379401945	0.308947248285077	1.2990940009639	0.254378781072144	0.79947616908388
FBgn0287768	271.222918201595	0.0164152294539727	0.183921231317656	0.00899799921661781	0.92442778861571	0.982695217848241
FBgn0287774	293.870296954403	0.255253845472151	0.176978245868041	2.07942934615131	0.149295981768059	0.68752505927826
FBgn0287775	1184.33060822121	-0.35084300240498	0.375725572197445	0.870596986763715	0.350790090492794	0.851483008530474
FBgn0287825	3871.8355143499	0.116734512338851	0.322836912997901	0.130712705107385	0.717694223439038	0.941287941384178
FBgn0287828	177.540728322889	0.766021752544947	0.419472772399135	3.30379541778592	0.0691200047480833	0.491036996948575
FBgn0287831	546.525651873954	0.453804775363647	0.317233646097301	2.03905228884801	0.153305133154804	0.692764271766279
FBgn0287864	491.129404776698	-0.247432652273278	0.326114856244387	0.57594057501872	0.44790789944136	0.888270226363548
FBgn0287873	14727.9599969446	-0.153082183755125	0.218024734387405	0.492792085072495	0.482684455903525	0.889027677218827
FBgn0288229	6102.89869532618	0.185916170123736	0.135839083367685	1.87205539431245	0.171239858200187	0.716177581047768
FBgn0288232	303.970134903749	0.548973340493022	0.354602033463725	2.38671355705408	0.122370645526675	0.642896441715046
FBgn0288310	3777.88218435411	-0.546268067567426	0.529803969809733	1.05705486983371	0.303887863236421	0.832614936158673
FBgn0288469	697.171844607208	-0.405794249305395	0.318649021637555	1.61892113557765	0.203242285453683	0.755105290430039
FBgn0288470	740.215239740795	0.0678912200303836	0.224781052767356	0.0913294154563289	0.762493833744332	0.952556923338905
FBgn0288631	686.861813405469	-0.012378131865515	0.201109306520087	0.00387459057391482	0.950366764099157	0.986400183461692
FBgn0288686	7063.28440316716	-0.601485859419528	0.43125281848208	1.93155717684451	0.164588182571414	0.710633110232189
FBgn0288746	29.2073357655467	-1.86269788337457	1.35524091053484	1.77764252955478	0.182439076884071	0.728369597213175
FBgn0288834	275.689678686807	-0.0986551621232586	0.208420338984196	0.223878065106021	0.636100782292861	0.920418556196489
FBgn0288846	840.347557304501	-0.0993890014799375	0.178849124979149	0.309506288519714	0.577983304531126	0.90865959686355
FBti0018869	1406.26843287581	-0.107417218379932	0.196617317608521	0.298902408380698	0.584571331640767	0.90865959686355
FBti0018963	380.279332743095	0.391633359372316	0.264113180176077	2.19777526103761	0.13821008253924	0.672563713757829
FBti0018964	466.304739580885	1.60981946677742	0.669434026482475	5.51341971271788	0.0188711148061962	0.222742765212462
FBti0018968	1266.4118147226	0.926427148758509	0.536379103345246	2.93346497992735	0.0867610988745262	0.548597871438508
FBti0019073	177.711491378104	2.43403393175711	1.68736790576373	1.87526692903853	0.170873068657303	0.716066239457902
FBti0019193	179.138712588367	3.54267035216747	1.17970923056706	7.43978224459016	0.00637976089380399	0.0998426639693273
FBti0019250	980.539031815972	-0.666179149746063	1.05393798007858	0.39589146597497	0.529218739566875	0.90232385622236
FBti0019373	140.680485748879	-1.52815953058067	1.1048832399334	1.83537692384589	0.175493768044122	0.721800253941284
FBti0019397	97.9122309508864	-1.05813976910037	0.484824439174434	4.64557497607671	0.0311337057514179	0.308183348804377
FBti0019405	929.500310161833	5.9213156815379	1.66067139311908	8.34570158151301	0.00386600851679111	0.067127966064282
FBti0019407	120.65336722057	-1.75054886406733	0.827875688730983	4.26730696363451	0.0388524595855095	0.355273797120339
FBti0019554	1144.25671645691	-0.296086187673853	0.579254749994271	0.260964406620815	0.609458367462671	0.91550458350478
FBti0019568	1849.79174579302	6.25834295868195	1.72231612153423	8.38252182446607	0.00378846403698467	0.0666072212694961
FBti0019633	246.58171539274	0.761354223719114	1.80074617691706	0.176754610525151	0.674177240640074	0.930018495477913
FBti0020021	463.202172197752	7.23553611188531	2.08813192427494	7.07888230569664	0.00779976456578984	0.115677527007315
FBti0020095	776.735593605261	1.9376478741985	0.816013766108677	5.26460913746878	0.0217633093391539	0.243865135581666
FBti0020099	283.15902789863	-2.37987405916207	0.792281450577644	8.1705832710542	0.00425752136473696	0.0722832516146453
FBti0020108	252.359266270349	2.06189362783919	0.800548952560338	6.15047222801481	0.0131377017181823	0.170837853907731
FBti0020159	58.4807811780552	-1.28082935836164	1.11650655666639	1.28139181159689	0.25764041180586	0.803715672166461
FBti0020325	1014.6696789872	0.925462212378901	0.264859339442352	12.0228981703686	0.000525509252094614	0.0130662122917253
FBti0020388	186.8136504387	0.402270797228106	1.76526785980831	0.0517810877423841	0.819992531981937	0.963507004139901
FBti0059730	57.8957906798615	-0.0875704680712733	0.364463752878432	0.0602612557222812	0.806083490728632	0.959086727233997
FBti0060381	58.9763164393493	-2.66367789684466	0.904968714333096	7.90517896974945	0.00492934644253339	0.080776066835445
FBti0062015	892.049067733922	0.256798086277243	0.20765972727828	1.52644695512802	0.216646477646412	0.767589085535168
FBti0063624	1167.94577393179	-0.153185356744716	0.524488030610826	0.0853095302719851	0.770227023497135	0.952993416349077
FBti0215286	73.1852502100286	2.08899910253219	1.10640167823234	3.30980050356266	0.0688678520012465	0.491036996948575
RR48316_transposable_element	161.186859819374	2.98707427486586	1.16796795625804	5.6555896411945	0.0173998234769622	0.211312307081489
RR48399_transposable_element	181.308866461023	11.0809204498227	3.90705722413715	4.11615099692788	0.0424756128506892	0.373785393086065
RR48532_transposable_element	3094.27638050557	6.91684171569851	2.7757922270359	3.70475624147656	0.0542575961144253	0.432869513406781
RR51475_transposable_element	980.539031815972	-0.666179149746063	1.05393798007858	0.39589146597497	0.529218739566875	0.90232385622236
