baseMean	log2FoldChange	lfcSE	stat	pvalue	padj	expressionh2M8	expressionko	ensembl	description	gene_biotype	entrezgene_id
FBgn0037975	879.85842728843	-13.2485160970773	1.23502356182614	289.884202775649	5.26971950186642e-65	4.25582546970732e-61	0	86.6001604097444	FBgn0037975		protein_coding	41454
FBgn0033327	10908.0291100185	-8.62870001030955	0.372228602652473	288.082038575037	1.30156976868137e-64	5.25573872593537e-61	4.24315216370115	1553.01301537509	FBgn0033327	Peptidoglycan recognition protein SC1b	protein_coding	35861
FBgn0051683	440.574604463513	12.2010201858174	1.2271405542187	277.284732106861	2.9329873107174e-62	7.89560184045123e-59	25.9444565877078	0	FBgn0051683		protein_coding	261623
FBgn0053503	820.306589182356	-13.1472240109105	1.2396415700342	268.105505532664	2.93637389772598e-60	5.92853889950876e-57	0	44.6103947803616	FBgn0053503	Cytochrome P450 12d1 distal	protein_coding	2768720
FBgn0034899	6228.40431091085	9.45659865220214	0.474081979693364	225.025497736237	7.24851806948917e-51	1.17078063858389e-47	1502.36613756889	1.95192078372408	FBgn0034899		protein_coding	37758
FBgn0052581	179.399039585734	-10.9548804191418	1.22906053532036	213.582213348192	2.27174227986737e-48	3.05776510870148e-45	0	14.3830671911734	FBgn0052581	suppression of retinal degeneration disease 1 upon overexpression 2	protein_coding	318098
FBti0102102	1665.95990801397	6.64760021890623	0.389676654342288	198.472532034632	4.49951638176589e-45	5.19115632844876e-42	11.7047880983966	0.125425398046543	FBti0102102		transposable_element	NA
FBgn0036108	901.487773363508	-7.40548212444458	0.474679186573834	178.158928540377	1.22295956290034e-40	1.2345776787479e-37	1.56068078863178	233.86328376796	FBgn0036108	Cuticular protein 67Fa1	protein_coding	39223
FBgn0004425	59170.1222353835	5.12833914333196	0.324381879050969	176.246408596211	3.19910466496922e-40	2.87066325269905e-37	19497.0700873664	542.602281667895	FBgn0004425	Lysozyme B	protein_coding	38125
FBgn0034366	122.559995545458	10.3563684135913	1.2380836859949	167.388816833361	2.75106105749155e-38	2.22175691003017e-35	4.80064395986353	0	FBgn0034366	Autophagy-related 7	protein_coding	37141
FBgn0034365	378.928256926962	11.983880751148	1.26794789636816	165.81607663068	6.06795604435954e-38	4.45498300129524e-35	24.0224639303757	0	FBgn0034365		protein_coding	37140
FBgn0028533	10685.8530911045	5.5112259814111	0.356787891823375	163.31517779353	2.13484727398672e-37	1.43675221539306e-34	1212.21057210731	23.8269730727096	FBgn0028533		protein_coding	34801
FBti0019364	407.86363000952	-12.1395603916281	1.2731101352005	162.232545304361	3.68031106950364e-37	2.28632247671626e-34	0	8.30985461775618	FBti0019364		transposable_element	NA
FBgn0034441	404.35502064323	-9.31043252031129	0.858428232229553	158.514636599968	2.38886460724822e-36	1.37803361200976e-33	0.031738900195437	15.7083440842697	FBgn0034441		protein_coding	37226
FBti0019144	415.538332568728	8.74042181064011	0.778517465871898	131.917295971848	1.55984103303568e-30	8.39818412186408e-28	5.57804741284281	0.00549671081255158	FBti0019144		transposable_element	NA
FBgn0259998	22467.4590732143	3.95249794715819	0.311226440918876	127.254485716145	1.63416092027251e-29	8.24842724507551e-27	2736.89572256053	141.252097809811	FBgn0259998		protein_coding	35409
FBti0019609	103.835238145839	-10.1636171924627	1.27018309306293	117.867583361843	1.85358631847529e-27	8.80562535765085e-25	0	7.5651906831009	FBti0019609		transposable_element	NA
FBgn0038144	158.292730195565	6.54369278457502	0.624745949054354	115.636023081918	5.71047651791665e-27	2.56210046437194e-24	8.85949644988454	0.109019911945263	FBgn0038144		protein_coding	41645
FBgn0259818	980.330543468954	5.22883880665632	0.426883669831229	110.069825339048	9.45991539678655e-26	4.02096193391832e-23	12.7560087479029	0.424106455802187	FBgn0259818		protein_coding	33176
FBgn0261847	54.8830905475621	6.63126372433853	0.685421316774267	105.446523901871	9.74937859581602e-25	3.93679907699051e-22	48.9675225353976	0.54233155721055	FBgn0261847		protein_coding	10178912
FBgn0013772	578.236568057023	7.14065772949696	0.596226776928401	102.900193257633	3.5246524835012e-24	1.35548064079789e-21	20.2919916719862	0.223735981810968	FBgn0013772	Cytochrome P450 6a8	protein_coding	36666
FBti0019588	92.9575674126134	6.28622542807445	0.689735078283397	102.353624378241	4.64448107948695e-24	1.70494678172439e-21	3.31288392040658	0.0507994147329676	FBti0019588		transposable_element	NA
FBgn0052379	86.9405811187373	-7.04961812443673	0.846860811713075	101.522746334179	7.06475118643818e-24	2.48064915572499e-21	0.0557684614887051	6.59284007719302	FBgn0052379		protein_coding	326211
FBgn0053497	104.658110374385	10.1264431852428	1.29913259866129	95.1418222614552	1.77222790962965e-22	5.87502054521451e-20	6.98633700278893	0	FBgn0053497	Sperm-specific dynein intermediate chain 2	protein_coding	2768883
FBti0018869	478.70156100357	-4.45549688016254	0.407893408623834	95.0906175780176	1.81866658779548e-22	5.87502054521451e-20	0.29998046714302	6.92700588964258	FBti0018869		transposable_element	NA
FBgn0033297	1922.12335560789	-4.29198247665978	0.387509983250751	94.8729607806939	2.03003863116571e-22	6.30561230203626e-20	5.87885428573893	94.9913910354322	FBgn0033297	Maltase A8	protein_coding	35830
FBgn0037930	274.273299599855	3.91572300088216	0.374627766174363	93.6183376592175	3.8262618833277e-22	1.14447744332424e-19	51.1604016592247	3.99396325767247	FBgn0037930		protein_coding	41403
FBti0019666	43.299904004888	-8.90470433176313	1.27195573014376	87.4549764358892	8.62203098095943e-21	2.48684007865101e-18	0	4.68161354294087	FBti0019666		transposable_element	NA
FBgn0260475	95.1661932157381	7.52652137467289	0.978658269889752	83.3787136701022	6.77475808434139e-20	1.88665332031521e-17	6.90370671588537	0	FBgn0260475		protein_coding	246425
FBgn0031649	195.146486173198	-4.00583240495325	0.41526739151711	80.3273212498166	3.17252049656817e-19	8.54042517676151e-17	0.484697453422216	5.51032381085141	FBgn0031649	hoepel2	protein_coding	33700
FBti0019469	2174.89259736887	-7.0665814500973	0.620577380868921	79.5691353319995	4.65643105914537e-19	1.21307539463413e-16	0.120456760641358	37.00848886375	FBti0019469		transposable_element	NA
FBgn0032049	766.108391157989	4.89235658604291	0.488896084196262	74.7547795755457	5.32965895369219e-18	1.34507267843807e-15	81.9181803625041	1.71643445575232	FBgn0032049	beta-site APP-cleaving enzyme	protein_coding	34182
FBgn0033296	214.317752115271	-5.21054714781351	0.543071881501559	73.8456942131875	8.44684566048632e-18	2.06717350163902e-15	0.231613582426175	11.3118473394217	FBgn0033296	Maltase A7	protein_coding	35829
FBgn0063495	174.344904152225	3.86820065085563	0.424599503300155	72.6548715840372	1.5442521850016e-17	3.66805313119792e-15	29.9530232548194	2.04274368141402	FBgn0063495	Glutathione S transferase E5	protein_coding	37110
FBgn0028945	96.5213572896587	-5.09819905000278	0.594779171956981	67.4241204119205	2.18953784394697e-16	5.05220217934734e-14	0.387319621435601	15.5627207431472	FBgn0028945		protein_coding	34919
FBgn0052820	134.595022886371	5.76268428476841	0.659102523938211	66.5169578470961	3.46896434423556e-16	7.78204334556843e-14	4.05241735848003	0.102999648844988	FBgn0052820		protein_coding	318228
FBti0062820	64.0753707291482	9.42156720122524	1.34623796286249	64.3157227118432	1.05996497699306e-15	2.31358842005296e-13	3.37820625398472	0	FBti0062820		transposable_element	NA
FBgn0052819	132.555262686028	5.74619002510402	0.668318538381844	63.8492104789093	1.34316168735605e-15	2.85457204923353e-13	3.84337245669719	0.102999648844988	FBgn0052819		protein_coding	318227
FBgn0034761	366.702620132837	2.87639747900197	0.34343980891542	62.608108811167	2.52212908657681e-15	5.22274730851136e-13	81.5832192917723	9.63252602235714	FBgn0034761		protein_coding	37599
FBgn0263111	233.920319352153	-2.95542196244543	0.359038233670561	60.7435192938674	6.5016806256486e-15	1.31268931831845e-12	0.307812649359374	2.210343712111	FBgn0263111	cacophony	protein_coding	32158
FBgn0015568	2220.3413507868	2.27539845980925	0.279351428997474	60.6261119431644	6.90124754041987e-15	1.35937744235197e-12	92.698792660431	16.9742257843671	FBgn0015568	alpha-Esterase-1	protein_coding	40909
FBgn0010357	28163.4848744481	-3.81238682295219	0.440350867049043	59.8673646529104	1.01470130370214e-14	1.95112564969012e-12	288.724635446798	3831.37566237121	FBgn0010357	betaTrypsin	protein_coding	47901
FBgn0028864	154.376447864594	-3.50959817614006	0.431646621160676	58.1646611556355	2.41070871892611e-14	4.42474627591983e-12	0.947729847005291	11.2262357831943	FBgn0028864		protein_coding	34922
FBgn0051780	154.376447864594	-3.50959817614006	0.431646621160676	58.1646611556355	2.41070871892611e-14	4.42474627591983e-12	0.947729847005291	11.2262357831943	FBgn0051780		protein_coding	318937
FBgn0053508	40.0810518624453	-4.9438221492986	0.700553932997527	56.8947039270177	4.59782401934981e-14	8.25156150672646e-12	0.0626671169644437	2.73395453717324	FBgn0053508	pickpocket 13	protein_coding	3346226
FBgn0034011	413.055442266428	-2.6900713302867	0.33860562431748	56.6809484224559	5.12577564571948e-14	8.99907915539795e-12	5.84304484025169	36.513555797007	FBgn0034011		protein_coding	36701
FBgn0038242	306.848736881733	3.81510635988721	0.468106647417394	55.1680231031306	1.10654359100585e-13	1.90137149807729e-11	78.1361197539425	4.68835560393523	FBgn0038242		protein_coding	41765
FBgn0004429	97.7227261503271	-3.92403130023421	0.502340005850687	54.4685302854579	1.57957192163287e-13	2.6576297581473e-11	1.91602842917337	19.0598230941145	FBgn0004429	Lysozyme P	protein_coding	38129
FBgn0050489	823.331100301959	-2.89433023616986	0.368356924145121	54.0539200541969	1.95062562483734e-13	3.2149494992217e-11	5.9241800828814	40.8142111215276	FBgn0050489	Cytochrome P450 12d1 proximal	protein_coding	246648
FBgn0085693	34.8999916224997	7.57081346495875	1.32029241712432	53.9989478258763	2.00596998598776e-13	3.24004272136743e-11	6.66791519483136	0	FBgn0085693		protein_coding	5740411
FBgn0004171	385.455869835054	3.76865211616406	0.482735732229799	50.3828064168782	1.26497654890809e-12	1.96460588634265e-10	33.0165687477883	2.52177316693506	FBgn0004171	Male-specific RNA 98Cb	protein_coding	43367
FBgn0085244	89.0410572166476	3.31985371015174	0.45060675177915	50.4193933471826	1.24161172271367e-12	1.96460588634265e-10	31.6742898983356	3.0104487002429	FBgn0085244		protein_coding	5740170
FBgn0038132	85.51322437872	5.25657299076948	0.709434529310279	49.2077999895383	2.30233401582366e-12	3.50823575694186e-10	9.8846942318177	0.152794918140508	FBgn0038132	apnoia	protein_coding	41631
FBgn0052521	1574.81717404218	2.18451133984912	0.298927525244029	49.146380374745	2.37556317879219e-12	3.55278670961588e-10	83.4892545563178	14.6591796493467	FBgn0052521	Membrane-bound Notch regulator	protein_coding	33098
FBti0019193	672.190181538073	4.74386958632292	0.590037086967663	48.4592401175138	3.37225620981426e-12	4.95169839099272e-10	6.81832589631876	0.405191880595648	FBti0019193		transposable_element	NA
FBgn0034440	3646.50090347474	-5.20029330417287	0.633616673620856	47.3809920244707	5.8446695759576e-12	8.42884848132743e-10	2.18119120029251	110.850350460917	FBgn0034440		protein_coding	37225
FBgn0263743	25.2938101921294	-7.16789483929096	1.32612245213803	47.3179789184278	6.03560738551628e-12	8.55150267463674e-10	0	4.0402469410183	FBgn0263743		protein_coding	14462617
FBgn0051380	49.0591944414601	-5.08679478806247	0.744431564861916	47.0010107277983	7.09501059799849e-12	9.87919061886824e-10	0.152169458990508	3.49189571258547	FBgn0051380		protein_coding	318701
FBgn0036606	61.1891868267958	-5.3155942660834	0.759684437732161	46.6569716700442	8.45655904481833e-12	1.13825284743255e-09	0.279884942307352	12.8132608039364	FBgn0036606		protein_coding	39802
FBti0019147	38.7566564101845	5.32087179242238	0.82852385710917	46.6664036521522	8.41595432674694e-12	1.13825284743255e-09	2.80555855072847	0	FBti0019147		transposable_element	NA
FBgn0034317	31.2220448539604	-8.42756693920323	1.37342107891907	46.4129501695877	9.57803872153272e-12	1.26806951991964e-09	0	4.30900406167922	FBgn0034317		protein_coding	37086
FBti0063624	643.318510365473	-2.03845091406	0.293987435215744	44.9032564419626	2.07013323669313e-11	2.69651548702156e-09	3.81271957353967	15.4995887179285	FBti0063624		transposable_element	NA
FBti0018967	1737.32438689526	4.16733302895499	0.550218113990314	44.599519115795	2.41751030167746e-11	3.09901796767416e-09	15.5014533203364	1.87994925163185	FBti0018967		transposable_element	NA
FBti0019129	400.21992619572	-2.30511599154403	0.33477721212064	43.7012283042482	3.82531616994785e-11	4.610933341567e-09	0.948308128096085	5.55722255898757	FBti0019129		transposable_element	NA
FBti0019307	400.21992619572	-2.30511599154403	0.33477721212064	43.7012283042482	3.82531616994785e-11	4.610933341567e-09	0.948308128096085	5.55722255898757	FBti0019307		transposable_element	NA
FBti0019387	400.21992619572	-2.30511599154403	0.33477721212064	43.7012283042482	3.82531616994785e-11	4.610933341567e-09	0.948308128096085	5.55722255898757	FBti0019387		transposable_element	NA
FBti0019467	400.21992619572	-2.30511599154403	0.33477721212064	43.7012283042482	3.82531616994785e-11	4.610933341567e-09	0.948308128096085	5.55722255898757	FBti0019467		transposable_element	NA
FBgn0040099	384.767441591626	3.89479066819618	0.531849034420213	43.6075048032458	4.01297158091878e-11	4.7659938952206e-09	20.7720546061063	2.58311051325895	FBgn0040099	lectin-28C	protein_coding	53542
FBti0019522	485.246625819665	-3.01096319896944	0.426746942735295	43.2852930671836	4.73126320064436e-11	5.5376350157107e-09	1.11048839015874	7.84748825212406	FBti0019522		transposable_element	NA
FBgn0265185	3003.95581730201	2.14027030683409	0.312861356342134	43.1155545731484	5.16003887654326e-11	5.95321056670905e-09	263.014390260124	50.1680236111263	FBgn0265185		protein_coding	19836034
FBgn0033593	532.280158904567	-3.55692026600824	0.49615864299358	42.6489049454076	6.55010874870781e-11	7.45051806402314e-09	19.8290110690002	147.078768125271	FBgn0033593	Listericin	protein_coding	36183
FBgn0259715	446.068031313877	2.01211637341791	0.301313622003916	41.8171183148336	1.00222112767348e-10	1.12415803154042e-08	30.7084614801544	6.53911461490374	FBgn0259715		protein_coding	33894
FBgn0010549	87.1479339000536	4.65288617013511	0.669498229086698	41.6541665156774	1.08932995255079e-10	1.20512721873975e-08	2.23040234098673	0.0784152785161409	FBgn0010549	lethal (2) 03659	protein_coding	47905
FBgn0050054	31.066637544027	4.43369140911182	0.719869089465192	41.2090935647989	1.3678469246406e-10	1.49280158964831e-08	3.21543344988771	0.11519246912329	FBgn0050054		protein_coding	246420
FBgn0050360	2680.66821252355	-2.66764558708607	0.398058661544598	39.7581124030124	2.87444183789075e-10	3.09519897104076e-08	20.1806590111958	114.117507787621	FBgn0050360	Maltase A6	protein_coding	246565
FBgn0043470	648.698743566512	3.28490579855646	0.480612379995518	39.6138212783206	3.09485225006349e-10	3.28868773309378e-08	75.8462298596937	7.93314622862432	FBgn0043470	lambdaTry	protein_coding	36214
FBgn0034010	605.404362094681	-2.44250688478111	0.370340469861963	39.4375353498565	3.38722979589999e-10	3.55263218593355e-08	52.0275668685298	245.735405292841	FBgn0034010		protein_coding	36700
FBti0020127	741.44614263912	4.43566259807398	0.620845694665686	39.036464600504	4.15963077857274e-10	4.30681771381454e-08	6.05585407137236	0.635277488109576	FBti0020127		transposable_element	NA
FBgn0033683	633.502291777223	-2.3595415616866	0.362098738928554	38.7209905071624	4.88922857491607e-10	4.99815316088888e-08	38.1602600734011	195.440990955924	FBgn0033683		protein_coding	36297
FBgn0053093	77.4941051746255	4.41096795630504	0.667352623640156	37.9161702813316	7.38505919933189e-10	7.45521726172554e-08	5.86166626536073	0.290497365044896	FBgn0053093		protein_coding	42654
FBgn0051741	255.384247945567	-2.57251534585487	0.401971481550925	37.2269115726727	1.05152600672282e-09	1.04841037411031e-07	1.82691565494557	9.84682686354385	FBgn0051741		protein_coding	35079
FBgn0038412	917.135386837747	-2.45888533092453	0.384584581587348	36.8796407595325	1.25651210677257e-09	1.23751119198723e-07	5.949376774666	37.2088612113479	FBgn0038412	Zinc/iron regulated transporter-related protein 89B	protein_coding	41975
FBgn0036109	814.621769985506	-2.08309563094519	0.334459737686721	36.0181625454846	1.95486860581109e-09	1.902110706088e-07	42.4010871913232	177.015808527136	FBgn0036109	Cuticular protein 67Fa2	protein_coding	39224
FBgn0030693	1244.85902739649	-1.70069276042896	0.277497401746881	35.6727445905166	2.33406795375612e-09	2.24403961839695e-07	24.8348049688739	75.2719946637932	FBgn0030693	suppression of retinal degeneration disease 1 upon overexpression 1	protein_coding	32532
FBgn0033697	63.9728352886098	-3.01829576211452	0.488466220369205	35.6388571528021	2.37502516856145e-09	2.25655332485909e-07	0.438498899786792	3.62087060009837	FBgn0033697	Cytochrome P450 6t3	protein_coding	36318
FBgn0030775	7143.41584419981	1.7127166259646	0.283247688766203	34.6146674831434	4.01866835166128e-09	3.77380995442053e-07	777.109732851476	225.701865761393	FBgn0030775		protein_coding	32649
FBgn0035875	38.088496827231	-4.06317437101337	0.679206986702505	34.4095971200509	4.46516118693157e-09	4.14490135007579e-07	0.272730417320953	3.05249742568115	FBgn0035875	Cuticular protein 66Cb	protein_coding	38940
FBgn0020640	112.41338189778	-3.59669644983956	0.573814958165883	34.0043874436741	5.49879399660052e-09	5.0463932177893e-07	3.08664187800696	52.2991901497681	FBgn0020640	Lcp65Ae	protein_coding	45018
FBgn0028938	58.1548688529027	-3.88322489682837	0.635158766622497	33.9503299629639	5.6537096828621e-09	5.13026510098812e-07	0.1804162860422	2.25693568486615	FBgn0028938		protein_coding	34809
FBgn0037164	316.588481784915	1.75785420981419	0.295503185954412	33.7873344981927	6.14778094648835e-09	5.51660876931555e-07	20.9896452342417	5.49519253099862	FBgn0037164		protein_coding	40469
FBgn0270926	1309.53036472295	-1.79202388676874	0.301303544322262	33.3871787064602	7.55201979675663e-09	6.70221009655017e-07	15.1449461248073	59.662751769743	FBgn0270926	Asparagine synthetase	protein_coding	2768965
FBgn0032161	135.200660280722	-2.52823259549328	0.421845107088101	33.1844028939198	8.38201736101875e-09	7.35795350082472e-07	1.79031596324751	11.88543961623	FBgn0032161		protein_coding	34316
FBgn0034796	433.115428662086	-1.97846449476938	0.333874787217575	32.9534511533428	9.43920363045075e-09	8.19688263650755e-07	8.26092801807508	32.7081709894185	FBgn0034796		protein_coding	37640
FBgn0032436	77.5323628101483	3.2126819456232	0.538053013590033	32.502365010601	1.19047569479237e-08	1.02279592671736e-06	6.86851637566143	0.790542662824491	FBgn0032436		protein_coding	34663
FBgn0261575	428.261553124344	-4.1150612811995	0.641738398549462	32.4719665947267	1.2092433983404e-08	1.02798417736812e-06	0.986585450954882	20.6116185288752	FBgn0261575	target of brain insulin	protein_coding	43072
FBgn0050104	994.518152961537	-1.93662486092193	0.329699582899805	32.3003694534411	1.32088218494395e-08	1.1111921380841e-06	10.3319860684747	39.3726558010495	FBgn0050104	Ecto-5'-nucleotidase 2	protein_coding	246458
FBti0019568	2551.5495191917	3.88961728774263	0.612597780657242	32.0455054658864	1.50603124287397e-08	1.25388745540723e-06	21.6397487048804	2.11892055099573	FBti0019568		transposable_element	NA
FBgn0020270	314.334264943637	1.7390576731953	0.301307764078118	31.8067755469623	1.7029762987983e-08	1.40339148868317e-06	13.669144385796	3.33500827000118	FBgn0020270	meiotic recombination 11	protein_coding	34565
FBgn0034894	363.136633139754	-1.81761980961322	0.318637598905394	30.8853582369364	2.7372916785738e-08	2.23296642385475e-06	4.28800761449356	11.9100214814433	FBgn0034894	salivary glands marred	protein_coding	37751
FBgn0041182	4319.40226222441	-1.72265191644615	0.303637367800393	30.4590217741993	3.40993817189893e-08	2.75386606762557e-06	20.2716862692756	60.7902001063667	FBgn0041182	Thioester-containing protein 2	protein_coding	34044
FBgn0053502	212.826154510317	2.34172074928807	0.408347389230541	30.3634387379292	3.58216600256035e-08	2.86431412244331e-06	25.1260476947011	3.78274782219161	FBgn0053502		protein_coding	2768875
FBgn0062412	4067.04811808136	2.32992742054498	0.407369458241864	29.7034367334538	5.03454863867424e-08	3.98617792215031e-06	315.300269184326	71.2962652995533	FBgn0062412	Copper transporter 1B	protein_coding	40989
FBgn0002869	70.9590893048845	-2.29775646453663	0.412706591105468	29.6127804230177	5.27559453603818e-08	4.13647587116935e-06	12.880095663441	61.6709809936099	FBgn0002869	Metallothionein B	protein_coding	42424
FBgn0004427	58432.3884368385	2.502528452251	0.441519202464824	28.7595551387361	8.19446249334041e-08	6.36331529771319e-06	19841.5471242251	2422.97151235231	FBgn0004427	Lysozyme D	protein_coding	38127
FBgn0033733	150.348049026387	-3.03265552565026	0.531532981149546	28.7064808476334	8.42214084609041e-08	6.41671787481379e-06	1.01544734541249	7.54574381626619	FBgn0033733		protein_coding	36356
FBgn0043471	1161.6455447958	1.78495153005714	0.323800129522258	28.7104519216511	8.40488847223777e-08	6.41671787481379e-06	123.623333324707	37.6746888966993	FBgn0043471	kappaTry	protein_coding	36215
FBgn0037069	711.190045601485	-2.59891477586692	0.459071186940099	28.5954773407316	8.91902575447655e-08	6.73178056010772e-06	22.6650865206805	175.898762234014	FBgn0037069	Cuticular protein 78Cc	protein_coding	40355
FBgn0038511	245.45215796598	-2.01965537370593	0.3670080491093	28.4856606192664	9.43950090144209e-08	7.0586490074117e-06	1.45367842269778	6.12729209354892	FBgn0038511	Curly Su	protein_coding	42100
FBgn0031910	1224.23025418436	-1.92645461769209	0.351446562677313	28.1300532327317	1.13430705893456e-07	8.40427872289498e-06	24.6983894769822	70.1038682754984	FBgn0031910		protein_coding	34019
FBgn0037386	633.09152435454	2.98404365850868	0.531167281645871	27.3309367100107	1.71446342132798e-07	1.25872787187679e-05	21.475425493584	2.59302899459937	FBgn0037386		protein_coding	40727
FBgn0264776	892.690617305228	2.05330221116964	0.379539799312281	27.1902972850828	1.84381684907014e-07	1.34150133991806e-05	112.018823174159	24.9912870917362	FBgn0264776		protein_coding	41893
FBgn0085312	24.0206946123211	5.05944741394144	1.0037212421216	26.8337068682885	2.21735902992405e-07	1.59887424336309e-05	4.89362665126828	0	FBgn0085312		protein_coding	5740817
FBgn0034710	89.8960737417793	-3.03493828694296	0.556287956640027	26.6339424054994	2.45885854693155e-07	1.74219608410606e-05	0.680125718763385	3.8444803713957	FBgn0034710	Alkaline phosphatase 7	protein_coding	37538
FBgn0041194	2018.18088796241	-2.07136723552178	0.386199650990659	26.6336219624486	2.45926638915417e-07	1.74219608410606e-05	24.326628702556	88.3007044691304	FBgn0041194	Phosphoribosylamidotransferase 2	protein_coding	38753
FBgn0036601	360.940283262632	-2.48385197731397	0.459600595529491	26.4145125991614	2.75463026537439e-07	1.93446904549249e-05	17.0457519468843	72.753934768411	FBgn0036601		protein_coding	39797
FBgn0051865	60.7094150121311	3.62346080911499	0.666146755604254	26.1488880568242	3.16079071795695e-07	2.17487700427796e-05	6.09375462762339	0.31463910469824	FBgn0051865	transcriptional Adaptor 1-1	protein_coding	318991
FBgn0053926	1433.39608191255	-1.47091060450809	0.282072943732297	26.1385522834108	3.17775490966814e-07	2.17487700427796e-05	61.5378380697392	165.346310539346	FBgn0053926		protein_coding	39092
FBti0019199	214.968083092696	-2.1941851135987	0.413882439928746	26.1557512683277	3.14957625420142e-07	2.17487700427796e-05	1.31990238406095	4.6295018484255	FBti0019199		transposable_element	NA
FBgn0283461	301.004357282046	-3.6045187981952	0.644119800256976	25.9260354234	3.54752122505214e-07	2.40754465659841e-05	6.19508791744276	149.761338865938	FBgn0283461	Drosomycin	protein_coding	38419
FBgn0043578	142.071568821579	-3.84296660021055	0.68815011953658	25.8710014779884	3.65011623760387e-07	2.4565282279074e-05	0.750106196095595	25.8773594697707	FBgn0043578	Peptidoglycan recognition protein SB1	protein_coding	39870
FBgn0038784	11313.4383785899	1.45782675381035	0.281446487767776	25.767017535588	3.85215411679045e-07	2.57107410307435e-05	1182.42170866767	406.420117548308	FBgn0038784		protein_coding	42410
FBgn0067861	198.624087987377	2.11643882203785	0.405606108158314	25.5210270117498	4.3758787401032e-07	2.89668825451422e-05	7.49695807396457	1.77298510852044	FBgn0067861	Sperm-specific dynein intermediate chain 1	protein_coding	43984
FBgn0260767	159.961904234534	2.25984738478775	0.431231906035063	25.408157355245	4.63952122466862e-07	3.04624174068486e-05	11.8174917668356	2.00545910931813	FBgn0260767		protein_coding	37598
FBgn0036321	4837.60408708416	2.57260791797149	0.484693241882798	25.0982670072243	5.44817988328252e-07	3.54834683366045e-05	113.267480165121	15.9662009363363	FBgn0036321		protein_coding	39463
FBgn0038266	95.8569939884846	2.73387774809562	0.52274951950995	25.0612116626221	5.55388839281711e-07	3.58825621283128e-05	3.66987281205995	0.526700794310674	FBgn0038266		protein_coding	41795
FBgn0036600	384.902115748724	-2.02653383983909	0.392073521579321	24.9139514042832	5.99470256186823e-07	3.84231888013078e-05	13.0570785414512	66.3206718957367	FBgn0036600		protein_coding	39796
FBgn0034554	87.8034184681147	2.15188099208786	0.421529110756505	24.8579226244879	6.17148824124552e-07	3.89382336221085e-05	5.1662141234883	1.11889796814311	FBgn0034554	Carbonic anhydrase 14	protein_coding	37359
FBgn0038299	522.094092669444	-1.68291023725033	0.329279560425113	24.8655251168371	6.14719720856744e-07	3.89382336221085e-05	9.36059627331348	32.4101356612422	FBgn0038299	Serpin 88Eb	protein_coding	41829
FBgn0053127	1503.99484415665	1.52145814847522	0.299262520240325	24.7719560811582	6.45295272117632e-07	4.03984854079224e-05	130.367523952712	52.9116556716026	FBgn0053127		protein_coding	318893
FBgn0011270	127.522119340894	2.85504920925438	0.544509633545207	24.7191359795103	6.63223915750406e-07	4.12015103353868e-05	8.09536469169085	1.00806518648933	FBgn0011270	Phosphoglyceromutase 87	protein_coding	46246
FBgn0043575	28311.4777797649	1.95865275426334	0.380365112673905	24.7016943423631	6.69253124371222e-07	4.12586887971144e-05	4629.17025863568	968.310379350993	FBgn0043575	Peptidoglycan recognition protein SC2	protein_coding	35862
FBgn0028699	261.481262588802	-1.69611664344511	0.334352273109176	24.5811748397604	7.12443425578738e-07	4.35885841285901e-05	3.46898537708103	11.9419741711583	FBgn0028699	Rh50	protein_coding	38589
FBgn0031418	1564.40920201889	1.52005049923102	0.300514885475846	24.5163982897565	7.36800897829158e-07	4.47398800817164e-05	115.530356187907	37.5621374927909	FBgn0031418		protein_coding	33421
FBgn0038530	82.969431831248	-2.24849605863791	0.441280469235981	24.464733945067	7.56825128464925e-07	4.52749610183906e-05	2.21935537392621	11.478272509227	FBgn0038530	Attacin-D	protein_coding	42122
FBti0060500	10.9106595155997	-6.91700341812861	1.45791818154354	24.4717477120647	7.54075023425923e-07	4.52749610183906e-05	0	7.60746602236251	FBti0060500		transposable_element	NA
FBgn0032934	179.137630861097	-1.67920109397706	0.332813521723401	24.4445897173483	7.64779749737806e-07	4.5414421021195e-05	1.58169421272904	5.45628494226083	FBgn0032934		protein_coding	35395
FBgn0010042	176.184013236647	2.92945428971833	0.5578735291639	24.3521410354162	8.02375151226095e-07	4.7299136651839e-05	24.7510313797964	3.41604176189653	FBgn0010042	Glutathione S transferase D6	protein_coding	48339
FBgn0030876	1627.44933837169	-1.95590984830961	0.384058787689662	24.211203873038	8.6328616468983e-07	5.05210077248918e-05	53.044641878879	195.03270438973	FBgn0030876	Sulfiredoxin	protein_coding	32768
FBgn0051742	75.759103597314	3.21339841022427	0.619124326629886	24.1945590399924	8.70779383321739e-07	5.0592908630981e-05	6.82956592181653	0.352291571193742	FBgn0051742	Proteasome beta5 subunit-related 2	protein_coding	318924
FBgn0033521	39.3247051496312	-3.32136368849355	0.649978060631589	24.1640039511754	8.84704929899405e-07	5.103483581334e-05	0.600152517689641	5.64172776328217	FBgn0033521		protein_coding	36101
FBgn0030776	3254.35667512559	1.57540906955316	0.313935041419785	24.0393018810972	9.4389235263952e-07	5.40629407086295e-05	308.957769323533	103.133300378067	FBgn0030776		protein_coding	32650
FBgn0052284	429.783689148923	2.23521727156065	0.438030383081161	23.9656741209138	9.80686282321511e-07	5.57748057466797e-05	128.273207743712	28.816308961018	FBgn0052284		protein_coding	317956
FBgn0033302	387.137846482607	2.33888427862361	0.457418914809908	23.8758396251133	1.02753299679504e-06	5.80304649099073e-05	15.4143001331931	3.14411266651583	FBgn0033302	Cytochrome P450 6a14	protein_coding	35835
FBgn0039316	225.15078452166	2.80501669219517	0.541330792240246	23.8495019470517	1.04168827210395e-06	5.842135059383e-05	8.484184353668	2.28535718268786	FBgn0039316		protein_coding	43056
FBgn0037730	570.512301101071	-1.92215697348549	0.382311768262802	23.7251390287908	1.1112152597128e-06	6.18908581892452e-05	7.31682551690775	22.6576391138899	FBgn0037730		protein_coding	41175
FBgn0265836	17.0010215152129	-4.80816055279643	1.04476143389997	23.6059535587859	1.18221178020074e-06	6.53941255952138e-05	0	7.28633037711127	FBgn0265836		protein_coding	19836231
FBgn0034247	288.422936854675	2.158369903842	0.428305426789983	23.5714181275776	1.20362149633972e-06	6.61254911866636e-05	18.5112727365832	3.9374454522428	FBgn0034247		protein_coding	36994
FBgn0039752	138.763315665752	1.67251326131999	0.339625223999398	23.4522073727346	1.28055708545542e-06	6.98768852847162e-05	5.02727072559254	1.55015583190149	FBgn0039752		protein_coding	43589
FBti0019368	10.6599355121274	6.83225667468925	1.46686574140232	23.3508305964515	1.34985209473666e-06	7.31637954167335e-05	10.1801450711791	0	FBti0019368		transposable_element	NA
FBgn0052750	535.793323291579	2.02989142175457	0.406434180115132	23.2295643915495	1.43770047207817e-06	7.74057934166887e-05	24.5507019157231	5.40393593493318	FBgn0052750		protein_coding	326238
FBgn0051370	193.379445186303	2.70287233291798	0.533297870775073	23.037695511683	1.58855927420849e-06	8.49616205199188e-05	7.58123386189757	1.61348225032848	FBgn0051370		protein_coding	43060
FBgn0038484	2334.47068710102	1.66295191733788	0.337821085957288	23.021915335972	1.60165167493384e-06	8.50982824129322e-05	216.666183455661	55.9476178501579	FBgn0038484		protein_coding	42072
FBgn0034736	354.484566461386	1.5382984617372	0.315334004943566	22.8807403479302	1.72370368303184e-06	9.09845159749355e-05	15.0197509498171	4.44336747754332	FBgn0034736	gasoline	protein_coding	37572
FBgn0036023	1352.7998791352	-2.17607757022815	0.43726550642845	22.7615951093141	1.83394247193534e-06	9.61748013204531e-05	42.9875996456574	126.050178186893	FBgn0036023		protein_coding	39124
FBgn0038056	188.185014510142	1.74700830547046	0.358326741234878	22.722982789266	1.87116457911099e-06	9.7493710586454e-05	9.70159043266892	3.04254056570103	FBgn0038056		protein_coding	41541
FBgn0000639	228062.153561683	-2.52607402176654	0.501320615532581	22.6860891129057	1.90743771322318e-06	9.87465831537845e-05	513.187934925428	5076.14742284301	FBgn0000639	Fat body protein 1	protein_coding	39566
FBgn0030832	91.4000754622176	-3.05072214851393	0.606966420342037	22.4418413647812	2.16603590360448e-06	0.000111419783168852	2.81787598387106	15.0592448356035	FBgn0030832		protein_coding	32714
FBgn0034884	119.048711485876	1.72288522718422	0.358620518443408	22.3201527156249	2.30772030500521e-06	0.00011795664040014	13.0749019313469	3.1593745719376	FBgn0034884	Entomoglyceroporin 3	protein_coding	37738
FBgn0031930	917.481689394807	2.24982818120327	0.457016625589435	22.1888974048134	2.47098582672313e-06	0.000125507431047899	46.4004965274975	13.420660559671	FBgn0031930		protein_coding	34042
FBgn0020506	238.527023584693	-2.9667753314085	0.593077585455569	21.8821548704874	2.89917479645753e-06	0.000146335847851194	1.78757307469069	13.839710017746	FBgn0020506	Amylase related	protein_coding	36863
FBgn0028400	372.719704920381	1.48099470009743	0.311288746408856	21.8334206236807	2.97375004584091e-06	0.000149167735218703	8.42462251072257	2.59870439694037	FBgn0028400	Synaptotagmin 4	protein_coding	40876
FBgn0033520	142.073511746252	-2.56671046686771	0.526851664245187	21.5475811731537	3.45157739623734e-06	0.000172067525012424	3.0007625884482	19.3430666169674	FBgn0033520	Peroxiredoxin 2540-1	protein_coding	246663
FBgn0029994	2339.33278438371	1.44909421283324	0.307953620063939	21.2888120980905	3.95030318763882e-06	0.000195721770204731	128.641102293889	55.3324439379933	FBgn0029994	Lipid droplet subset dehydrogenase 1	protein_coding	31726
FBgn0036361	770.899632913638	1.81381923206489	0.383062540166339	21.1555097636329	4.23481992589378e-06	0.00020853905927755	85.1142988848401	15.9154819800236	FBgn0036361		protein_coding	39509
FBgn0026592	61.7293853140493	2.11699447537896	0.452346996457061	21.0918407453275	4.37788244771489e-06	0.000214277446349972	3.7860307426805	0.636171072896893	FBgn0026592	Fire exit	protein_coding	38452
FBgn0031178	276.169478559276	1.59765496308936	0.34142495953529	21.0092685434619	4.57066879811466e-06	0.000221035040602876	45.4306483155815	13.7138449989015	FBgn0031178		protein_coding	33123
FBgn0039241	9145.75401553519	-2.1769390491475	0.454981166335835	21.0092617664726	4.57068496541361e-06	0.000221035040602876	61.1351889388923	358.969182449909	FBgn0039241		protein_coding	42973
FBgn0035670	33114.3061786731	1.24507043470962	0.267675549610572	20.9969599492495	4.60012719560652e-06	0.000221134685903085	3113.9606767159	1351.86224550133	FBgn0035670		protein_coding	38688
FBgn0001089	1124.96390519485	-1.76891302274439	0.376339779007586	20.8823241221379	4.88380532002706e-06	0.000233382318133364	8.34720363045504	33.581458912972	FBgn0001089	beta galactosidase	protein_coding	33839
FBgn0034052	3090.84690154044	1.31281455872657	0.283157008976029	20.8062085546187	5.08179576364346e-06	0.000241415191689321	350.476931321857	117.541496873239	FBgn0034052		protein_coding	36751
FBgn0020641	35.4666997103161	-3.5444547597731	0.744448964006668	20.7926116377662	5.11800266888741e-06	0.000241713389204296	0.43458477676238	9.74526433256007	FBgn0020641	Lcp65Ad	protein_coding	38707
FBgn0031538	984.719782572388	1.33882373528653	0.289756646630419	20.6690974701466	5.45899650086196e-06	0.000256318928726518	52.8584189159122	19.2944337305798	FBgn0031538		protein_coding	33564
FBgn0032935	845.054929322713	-1.40424766665087	0.303850849758516	20.6177163978609	5.60747954650808e-06	0.000261768813974562	11.8110813667864	30.6174476112683	FBgn0032935	Autophagy-related 18b	protein_coding	35396
FBgn0046689	126.253771406688	-1.99698991769162	0.428920178617097	20.5458353332484	5.82203181577702e-06	0.000270222580139168	1.7992952378689	8.70795481033749	FBgn0046689	Tak1-like 1	protein_coding	318725
FBgn0031918	50.9567654679481	2.40833193402362	0.518552409495036	20.4827854520599	6.01699824624725e-06	0.00027767587335253	4.3336480721911	0.872223549450081	FBgn0031918		protein_coding	34027
FBgn0003886	1418.89076969013	2.23229843490161	0.473004207138674	20.3842106335767	6.33503370588194e-06	0.000290691660276719	78.2109004840048	16.218326635606	FBgn0003886	alpha-Tubulin at 85E	protein_coding	41183
FBti0019410	10.586510664511	5.83249976989288	1.44648038353291	20.2423844336457	6.82245041898557e-06	0.000311288754710325	2.15703316995466	0.0356238294711087	FBti0019410		transposable_element	NA
FBgn0262531	303.720989186195	2.69203895572324	0.567197684282761	20.0479011988306	7.55263763709028e-06	0.000342669109871579	17.1272515772362	5.16138885028793	FBgn0262531		protein_coding	12797926
FBgn0027657	3072.38737734206	2.33729846198575	0.497421556572167	20.0332479905488	7.6107319071348e-06	0.000343375814983356	240.269576455059	50.2812751109124	FBgn0027657	globin 1	protein_coding	41930
FBgn0000052	2959.44420568834	-1.48757023381467	0.326100735735577	19.959623126168	7.90948652574064e-06	0.000354872295454897	18.7860425586326	40.6757287987823	FBgn0000052	Phosphoribosylformylglycinamidine synthase	protein_coding	33847
FBgn0029608	314.271607013061	1.41160971521091	0.311398028493858	19.8966510391465	8.17433940108723e-06	0.000362725082435058	20.721331395946	7.41319878412908	FBgn0029608		protein_coding	31210
FBgn0032520	480.879537671532	1.98412972991041	0.430085707077843	19.9002196814647	8.15909489532437e-06	0.000362725082435058	13.3913845274673	4.58866837024629	FBgn0032520		protein_coding	34756
FBgn0033968	1949.72434143752	-1.73005719616521	0.377417669202464	19.87721042468	8.25788929989676e-06	0.000364430131070854	65.6749949961353	266.695246326398	FBgn0033968	hase und igel	protein_coding	36648
FBgn0032981	80.9004690150015	-2.25901305460304	0.492827729804271	19.7960712569193	8.61595913324855e-06	0.00037739182312393	0.745774792442881	5.43989468268405	FBgn0032981		protein_coding	35447
FBgn0033369	98.8841695260776	2.06584351745489	0.452607794679429	19.7896268873775	8.64505786007021e-06	0.00037739182312393	5.57743516254026	1.17517556826652	FBgn0033369		protein_coding	35912
FBgn0026268	57.9003723294683	-2.80208421079096	0.603914791105236	19.7618410793346	8.77165520327436e-06	0.000380859609793784	0.939075480995646	4.23848494635263	FBgn0026268	Antennal dehydrogenase	protein_coding	32058
FBgn0265835	10.0621895262567	-6.80533927028338	1.5410154844273	19.6231536137717	9.431925763168e-06	0.000407338141515213	0	7.45111920855401	FBgn0265835		protein_coding	19835525
FBgn0031034	1262.66885506809	2.26391158736402	0.488617059725145	19.6041778194362	9.52606681761755e-06	0.000409215508612124	41.7589677649471	8.82469270635855	FBgn0031034		protein_coding	32952
FBgn0020508	52866.7893193933	1.21272962530183	0.270889192018001	19.4790507006246	1.01709073153667e-05	0.000434604484015352	5744.67426141875	2271.5885891745	FBgn0020508	Antigen 5-related 2	protein_coding	44079
FBgn0032519	44.2674747529211	2.41252031279981	0.535504493128839	19.4607912683884	1.02686034300644e-05	0.000436469691058946	4.84202062653153	1.0653020292716	FBgn0032519		protein_coding	34755
FBgn0033320	531.554161371092	-1.85774100623785	0.409760148351128	19.3482455578891	1.08919270816449e-05	0.000460540330425991	6.90977435399369	24.0012235904491	FBgn0033320		protein_coding	35854
FBgn0031515	963.675254742277	-1.75427557065574	0.388915296339019	19.2492709501789	1.14714175911609e-05	0.000482516502428207	8.42451081641062	30.4524767557597	FBgn0031515		protein_coding	33540
FBgn0031227	84.7640196288833	2.00824246440758	0.450621756877432	18.9343336870459	1.3529571010087e-05	0.000566138940297733	4.25118370931872	1.03095632638698	FBgn0031227		protein_coding	33178
FBgn0037477	43.3615484163884	4.51592041878763	0.960906544007173	18.9141210262265	1.3673677246863e-05	0.000567874538821527	8.26623988079348	0.717538555440135	FBgn0037477		protein_coding	40856
FBgn0038523	2785.12581507948	-2.27003247539489	0.498530350886659	18.9088261926656	1.37116809150814e-05	0.000567874538821527	85.5972447110711	642.012191756789	FBgn0038523		protein_coding	42113
FBgn0029769	49.9382690466265	2.45455610263259	0.548599630392968	18.8854740846007	1.3880560337553e-05	0.000571935741255502	2.11842334427454	0.378224270430078	FBgn0029769	fra mauro	protein_coding	31464
FBgn0034546	172.949762574728	1.903334374105	0.426923114149515	18.8399810395277	1.42155828678994e-05	0.00058276673726475	6.15371828688278	2.09303468432453	FBgn0034546		protein_coding	37349
FBgn0004577	3882.94396330814	-1.99533766197998	0.444128973316685	18.7637501132082	1.47952742777676e-05	0.000594770093093365	31.7846200146742	110.830176644918	FBgn0004577	Peroxidase	protein_coding	2768671
FBgn0031244	127.971058420475	1.49028801914168	0.339438764331102	18.7627583609708	1.48029703704515e-05	0.000594770093093365	10.1772990093498	2.95751416614079	FBgn0031244		protein_coding	33197
FBgn0035343	595.10144096962	-1.58150302450756	0.356990347455331	18.7833835797172	1.46437412307808e-05	0.000594770093093365	19.9731790352212	47.0438987853044	FBgn0035343		protein_coding	38310
FBgn0261349	69.0755127690628	2.29726554700841	0.515543032818562	18.7629008670884	1.48018642619661e-05	0.000594770093093365	3.69331892217567	0.785384975024466	FBgn0261349	Male-specific transcript 36Fb	protein_coding	8673957
FBgn0029898	837.488009347988	-1.56323128887849	0.353070664801787	18.7449700698244	1.49416940616283e-05	0.000597371887335199	10.6358695317321	28.8977371941879	FBgn0029898		protein_coding	31614
FBgn0051875	49.9661435357322	2.0005315446947	0.456730829802299	18.6318395966207	1.58550343104727e-05	0.000630764813258018	5.16706652637046	1.22785186421345	FBgn0051875		protein_coding	318996
FBgn0025454	1130.98827163112	1.60365153097937	0.363084382281372	18.6058769237059	1.60724308603126e-05	0.00063317537379456	41.5216871343596	12.1393402462269	FBgn0025454	Cytochrome P450 6g1	protein_coding	36316
FBgn0038482	303.592106298686	1.47437205152323	0.33589995760725	18.6071095534723	1.60620421463359e-05	0.00063317537379456	29.6807190382667	10.9565189936442	FBgn0038482		protein_coding	42070
FBgn0037126	204.638881277905	1.54922781065423	0.353554325958772	18.5359697883943	1.66727949887976e-05	0.000653638312279267	33.0757480349618	8.40636295254574	FBgn0037126		protein_coding	40420
FBgn0030777	4364.0070786637	-1.52360304440961	0.347633389472226	18.3846581507377	1.80505509961525e-05	0.000704233091038296	206.828677846611	474.233342734708	FBgn0030777		protein_coding	32651
FBgn0034566	499.831099896102	1.78559282959241	0.405572538822604	18.3447424272212	1.84326942588026e-05	0.000715684802086971	10.4438350737064	3.32448551102928	FBgn0034566		protein_coding	37374
FBgn0028855	1618.29889092404	-2.24663220015107	0.503844070794974	18.1727053409664	2.01749631125488e-05	0.00077958374209064	104.331414004841	736.24383044676	FBgn0028855		protein_coding	34853
FBgn0266671	630.774915274231	1.23211145230382	0.285359132571894	18.1489713663742	2.04279741705913e-05	0.000785601520960454	18.8734588276587	7.94413179878982	FBgn0266671	Secretory 6	protein_coding	37142
FBgn0262787	73.7871267653219	2.02194593464018	0.464761690795585	18.1105666124811	2.08441502084685e-05	0.000797807379543087	5.03917578463325	1.29901731850162	FBgn0262787		protein_coding	12798364
FBgn0064119	120.501572261585	2.32066392826449	0.524965938065017	18.042107265315	2.1607255833361e-05	0.000823114142029358	3.05236581776167	0.897795652230664	FBgn0064119		protein_coding	3772159
FBgn0032024	220.410151157658	1.97802428597051	0.451830777028209	17.9914890049493	2.21894843249276e-05	0.000841325236657817	15.4843649277223	4.78643125755449	FBgn0032024		protein_coding	34146
FBgn0035293	174.303214363462	-1.40540150814169	0.327522987965969	17.8923554231811	2.33758192071215e-05	0.000878061004263781	1.91574902693022	3.99828238382731	FBgn0035293		protein_coding	38255
FBgn0288748	174.303214363462	-1.40540150814169	0.327522987965969	17.8923554231811	2.33758192071215e-05	0.000878061004263781	1.91574902693022	3.99828238382731	FBgn0288748		protein_coding	NA
FBgn0030347	438.828940114613	1.54416070103018	0.358275572889429	17.8133723848051	2.43664719894418e-05	0.000906836994408902	26.5808344594759	8.12262686200699	FBgn0030347		protein_coding	32146
FBgn0033222	522.659708177008	1.63778441072688	0.378885768158055	17.821762081533	2.42592714632996e-05	0.000906836994408902	101.057580949614	32.3872223874125	FBgn0033222		protein_coding	35727
FBgn0038079	109.42375148918	1.95373896794429	0.45237032301887	17.7842101908852	2.47428124393216e-05	0.000916619051651199	16.3559731256966	3.55063719349692	FBgn0038079	Ninjurin C	protein_coding	41568
FBgn0035782	63.7572855413663	2.03778032909118	0.474027362641653	17.7601890702175	2.50571900093194e-05	0.00092402678774093	9.71086798415274	2.41119626224739	FBgn0035782		protein_coding	38832
FBgn0038074	4163.720673683	-1.93812251061624	0.444887447445564	17.7099341988647	2.57279466808705e-05	0.000944449533612317	110.788452657928	436.449872946929	FBgn0038074	Glycine N-methyltransferase	protein_coding	41561
FBgn0030774	1542.53502878984	1.29561950678345	0.304158412300496	17.5890566871541	2.74161486995338e-05	0.00100186794976215	101.531295982404	30.7687843056482	FBgn0030774	spheroide	protein_coding	32648
FBgn0051231	240.16888380608	1.95144673111332	0.451768845420375	17.5667077067551	2.77402631717664e-05	0.00100914578997831	6.82898821899275	1.71054772528693	FBgn0051231		protein_coding	318638
FBgn0035316	123.398071393674	1.8774292997655	0.437599177076367	17.5529218856797	2.7942108345349e-05	0.0010119303452782	4.96742188415938	1.35230533847221	FBgn0035316		protein_coding	38281
FBgn0040532	852.985790210056	-1.60663951903048	0.374755194983869	17.5414720410066	2.8110872825086e-05	0.00101349736131873	92.5190910982782	288.552757887134	FBgn0040532		protein_coding	50005
FBgn0029753	344.755188980713	1.58319444811169	0.371457275094247	17.4253902505312	2.98807801378495e-05	0.00106786062931903	11.1830102959989	3.81351117571541	FBgn0029753		protein_coding	31445
FBgn0033279	95.0609708010405	1.68544399413904	0.39740445608727	17.4252380587697	2.98831726381997e-05	0.00106786062931903	9.86202823256376	3.38793204530691	FBgn0033279		protein_coding	35804
FBgn0050424	67.4126349351423	2.26234502129515	0.528233890676704	17.3150719326578	3.166652366229e-05	0.00112660284183548	4.90390253916615	1.26520857359896	FBgn0050424	cGAS-like receptor 2	protein_coding	246606
FBgn0039428	45.4885033539428	-2.61862965056968	0.609904044040917	17.3014203161014	3.18948366795302e-05	0.00112974868870125	4.2816567811315	24.3217419892012	FBgn0039428		protein_coding	43194
FBgn0037817	370.933237214488	1.94750782698863	0.453449751887989	17.2746090148955	3.23480622153087e-05	0.00114079891026564	14.2432140262789	4.86931119425976	FBgn0037817	Cytochrome P450 12e1	protein_coding	41272
FBgn0038143	95.0687402977381	1.60017119284076	0.38102714244538	17.1601779385465	3.43563575223705e-05	0.00120635627543767	2.96778587896766	0.789098507593033	FBgn0038143		protein_coding	41644
FBgn0038581	170.606870804054	1.61903722481085	0.383776725673996	17.1233044046874	3.50298340921803e-05	0.00122467939449544	7.17917276432099	2.61697911317408	FBgn0038581		protein_coding	42179
FBgn0038301	314.083577167265	-1.49093397955694	0.353916406493792	17.107104393602	3.53298997246457e-05	0.00122984599213896	3.44806725291478	9.82984850723125	FBgn0038301		protein_coding	41831
FBgn0031249	27720.4044420913	1.23743271592116	0.295081927715326	17.0723564036863	3.59822644949917e-05	0.00124359758210893	2599.80777531126	933.980468994371	FBgn0031249		protein_coding	33206
FBgn0050479	318.27325441949	-1.49980708244047	0.3563753038805	17.0696849852345	3.6032916569278e-05	0.00124359758210893	5.72231607412122	19.8321326931688	FBgn0050479		protein_coding	36631
FBgn0031861	49.6353774426829	2.575687840654	0.604052271816774	17.0509092042	3.63909471615857e-05	0.00124585388842069	2.97073818342442	0.509265622305875	FBgn0031861		protein_coding	33956
FBgn0051269	320.340999468969	1.44448793104012	0.343828554751613	17.0500808534696	3.64068248721251e-05	0.00124585388842069	27.8177734067775	12.1948812161106	FBgn0051269		protein_coding	318653
FBgn0038486	54.3092995801945	2.55111725592373	0.59798285814382	17.0188833976334	3.70099104568562e-05	0.00126114783480831	2.26419604439888	0.461703487327465	FBgn0038486		protein_coding	42074
FBgn0035186	665.560556126028	1.64284590030987	0.389065685508957	16.9871999789493	3.76326699042133e-05	0.00127698084935474	61.0549515305227	24.0859535401475	FBgn0035186		protein_coding	38120
FBti0019250	1302.46848860794	2.76180889964458	0.629606097453625	16.8989175748862	3.94240577760498e-05	0.00132661954416408	10.4400890664865	2.42554179591345	FBti0019250		transposable_element	NA
RR51475_transposable_element	1302.46848860794	2.76180889964458	0.629606097453625	16.8989175748862	3.94240577760498e-05	0.00132661954416408	10.4400890664865	2.42554179591345	RR51475_transposable_element		transposable_element	NA
FBgn0030956	183.727631921823	1.57069345428533	0.375957058717708	16.8263571062577	4.09604394405012e-05	0.00137259962208086	7.59980904155521	1.98341122130848	FBgn0030956		protein_coding	32866
FBgn0024957	12453.7874725886	1.46573855579343	0.350908458882621	16.7464931404847	4.27211522636462e-05	0.00141981903572513	313.085923019124	101.956135740991	FBgn0024957	Iron regulatory protein 1B	protein_coding	41269
FBgn0031728	1270.36516728303	1.81548959482091	0.430555451627975	16.7464932375449	4.27211500782277e-05	0.00141981903572513	33.7360725107275	10.9878082088397	FBgn0031728	Heat shock protein 60C	protein_coding	33796
FBgn0037678	5608.12031177404	1.3076108112082	0.316629630872739	16.505115272694	4.85189995968427e-05	0.00160589934731189	581.153168011014	223.376310589535	FBgn0037678		protein_coding	41111
FBgn0034629	1090.32638924098	-1.34443563798033	0.325748232570614	16.4719911146017	4.93741163733873e-05	0.00162753209727133	14.5877678405009	34.0842870526647	FBgn0034629	acyl-Coenzyme A oxidase at 57D distal	protein_coding	37446
FBti0062015	445.289015829525	-1.35282098636114	0.328553877318814	16.4132567768527	5.09278044527798e-05	0.0016719225559376	4.22782814965504	11.3198348258049	FBti0062015		transposable_element	NA
FBgn0029993	91.0969482670563	1.85636056403724	0.449187460182138	16.3770436686754	5.19101476778215e-05	0.00169549873554631	2.38159918749733	0.724386574973424	FBgn0029993		protein_coding	31725
FBgn0035007	197.544446747334	2.00806735625547	0.480999864974309	16.3637407610733	5.2275778250499e-05	0.00169549873554631	6.94710499263413	1.96834086260419	FBgn0035007		protein_coding	37902
FBgn0052751	784.031209725565	1.54945135257817	0.374689772939821	16.3665415394053	5.21985842199167e-05	0.00169549873554631	40.455395133129	12.401436875357	FBgn0052751		protein_coding	318189
FBgn0035791	32.8533233195606	2.71614959265697	0.652859600888303	16.3341603399828	5.30981050808158e-05	0.00171187490925492	2.0400526544332	0.240692750161193	FBgn0035791		protein_coding	38842
FBgn0038237	528.361690989426	1.51895039374796	0.368203710181618	16.3303621653964	5.32046312807063e-05	0.00171187490925492	6.5738466400097	2.29401454453638	FBgn0038237	Phosphodiesterase 6	protein_coding	41760
FBgn0266709	223.510664274347	1.54908591459343	0.376402279898062	16.3211043700861	5.34651829115189e-05	0.00171343181425963	9.52795235809033	3.89483739434975	FBgn0266709	Zinc finger MYND-type containing 10	protein_coding	39481
FBgn0037758	2754.63129387592	-1.49714222095553	0.36300864486556	16.3049581586446	5.39226764595702e-05	0.00172126298453553	28.2288509699038	65.8533216045186	FBgn0037758		protein_coding	41207
FBgn0038934	798.394279066944	1.50900548404824	0.366562148981163	16.2671372568603	5.50097804938386e-05	0.00174905113097733	9.65631544542432	3.62962955278202	FBgn0038934	GLD2 poly(A) polymerase	protein_coding	42602
FBgn0030615	1090.73367902757	1.45048102093743	0.353368307533609	16.2061727898066	5.6808704433002e-05	0.00179916508627813	31.5218338818661	12.0446537171412	FBgn0030615	Cytochrome P450 4s3	protein_coding	32444
FBgn0004512	2105.92766302645	-1.27635780433813	0.313049619272201	16.1165129310278	5.95624237225621e-05	0.00187884056348098	13.6892699940433	33.5268497128973	FBgn0004512	Multi drug resistance 49	protein_coding	36428
FBgn0051975	43.2940091540776	2.72199347857237	0.65259505087267	16.1092985318939	5.97897504723394e-05	0.00187884056348098	2.64405541297359	0.55977246355324	FBgn0051975		protein_coding	319052
FBgn0035427	550.246321470454	-1.43483873900736	0.351102940927065	16.0999231754716	6.00864735832952e-05	0.00188084635914222	12.3637936777072	36.5725897165458	FBgn0035427	cracked	protein_coding	38402
FBgn0033069	83.8042916626308	1.6376785648929	0.403458952479217	16.0049129857532	6.31783214935876e-05	0.00196999275823248	5.91801729919684	1.99278336564807	FBgn0033069	eukaryotic translation initiation factor 3 subunit f2	protein_coding	35547
FBgn0031432	980.913507980241	-1.09452632896788	0.271390572265669	15.9096400141883	6.64394545547235e-05	0.00206080644063243	20.9579928729684	41.623034587005	FBgn0031432	Cytochrome P450 309a1	protein_coding	33438
FBgn0031695	276.721336367785	1.74617349987448	0.426609383424234	15.905040771799	6.66010996786854e-05	0.00206080644063243	11.8293187593925	4.26816831553391	FBgn0031695	Cytochrome P450 4ac3	protein_coding	33756
FBgn0040091	237.51180547998	1.23069607060869	0.305462926001866	15.8597810659242	6.82130528181417e-05	0.0021026282998447	10.2046097119326	4.3175741768973	FBgn0040091	UDP-glycosyltransferase family 317 member A1	protein_coding	37590
FBgn0036496	259.066042694085	1.39125030962919	0.344551851112797	15.8255141306839	6.94595470681797e-05	0.00213290989400235	10.6020573949556	3.85586995281841	FBgn0036496	cocoon	protein_coding	39665
FBgn0038125	57.0786121004611	1.83830479512774	0.456494709955475	15.7448556048803	7.24847860106582e-05	0.00221737549932604	5.92760460260391	1.76002857726987	FBgn0038125		protein_coding	41622
FBgn0036689	81.4899112188052	1.56659967714299	0.390021351139652	15.7084802797536	7.38921384095497e-05	0.00225189777281329	2.74329978833375	0.971531181878132	FBgn0036689		protein_coding	39908
FBgn0034957	153.442494955668	1.93041469072137	0.474121156227939	15.6883401322959	7.4683145730011e-05	0.00226744768765251	3.92393877070655	1.30735027031539	FBgn0034957	Radial spoke head protein 4a	protein_coding	37831
FBgn0034121	446.715956296847	1.74105153787533	0.42837220493011	15.675989032505	7.51724451580186e-05	0.00227375530747625	9.96803166937435	3.20007480145805	FBgn0034121		protein_coding	36833
FBgn0000053	3740.65435039077	-1.53101114856987	0.378564655347027	15.6496547659653	7.6226495378049e-05	0.00228864287895656	24.8485159570627	59.9709531214053	FBgn0000053	GART trifunctional enzyme	protein_coding	33986
FBgn0032066	519.392375853494	-1.70897007757501	0.420725757448887	15.6495326329086	7.62314183307721e-05	0.00228864287895656	3.4360959716724	10.4774468806426	FBgn0032066	Lysosomal alpha-mannosidase III	protein_coding	34203
FBgn0040321	2034.53500376783	-1.18924090988961	0.296754263260841	15.6347064199346	7.68314173438939e-05	0.00229043462872967	47.0796471010228	93.7220444937997	FBgn0040321	Gram-negative bacteria binding protein 3	protein_coding	39020
FBgn0051025	1122.2218198671	1.71218212824254	0.421618868914341	15.6340444001263	7.68583190175509e-05	0.00229043462872967	16.8725686266569	6.67199485189748	FBgn0051025	Protein phosphatase 1c interacting protein 1	protein_coding	43581
FBgn0033598	1671.78885459542	1.929857181429	0.471911770295935	15.6209095888355	7.73940254323832e-05	0.00229791966688208	211.985223553881	53.33992080525	FBgn0033598	Cuticular protein 47Eb	protein_coding	36189
FBgn0033809	377.946415617555	-1.43902386809474	0.357971509563626	15.604601722385	7.80643760106829e-05	0.00230933296945888	5.16978657094217	13.1138788872914	FBgn0033809		protein_coding	36458
FBgn0036648	214.331215246417	-1.32777806167659	0.332277115927125	15.5421604180524	8.06855386357453e-05	0.00237816208037328	5.96528160904458	15.3595490390799	FBgn0036648		protein_coding	39854
FBgn0260466	151.758884774362	1.78235631435988	0.442242366023495	15.5143868211514	8.18796994488231e-05	0.00240458346454071	5.2661109594849	1.53466776084018	FBgn0260466	I'm not dead yet 2	protein_coding	3772456
FBgn0033323	120.288812932075	1.54739294012726	0.387270798738291	15.4908249378171	8.29067042799666e-05	0.00242592226001815	3.69028911013149	1.46064373447797	FBgn0033323		protein_coding	35857
FBgn0032139	49.3688544090159	-2.4965044998955	0.615500280414266	15.4476340120511	8.48230654993349e-05	0.00247303637896256	1.10372880998975	5.03484293393794	FBgn0032139		protein_coding	34288
FBgn0051679	55.4358750303016	2.06381151680824	0.514588706352859	15.4237304593547	8.59027497019836e-05	0.0024955057791123	3.58597083406765	1.29879651290429	FBgn0051679	Testis EndoG-Like 3	protein_coding	33404
FBgn0034739	144.504814588895	1.51319094242935	0.379754133860869	15.3951514954337	8.72117801021323e-05	0.00251543691466007	9.99870343520091	3.90178348146231	FBgn0034739		protein_coding	37576
FBgn0037402	37.8800058165169	2.46134830650592	0.610268965303972	15.3975389543192	8.71016608406757e-05	0.00251543691466007	3.50353991758345	0.825216731189955	FBgn0037402	Vacuolar H[+] ATPase 14kD subunit 2	protein_coding	40748
FBgn0038938	525.209626517492	-1.4690273740799	0.368159421721185	15.3095271095068	9.12551180648779e-05	0.00262269157826318	5.7849109749562	13.7479129135872	FBgn0038938		protein_coding	42606
FBgn0033983	152.249589809916	1.41108021218949	0.35590652409055	15.2932970179016	9.20425394981005e-05	0.00263351788182013	4.88265993804543	1.73173278399859	FBgn0033983	Alkylglycerone phosphate synthase	protein_coding	36669
FBgn0036659	1246.01274533843	-1.15649210714207	0.292199788169118	15.2753019904312	9.29235843509537e-05	0.00263351788182013	18.7022831123761	41.3434442944545	FBgn0036659		protein_coding	39872
FBgn0037759	339.5061141424	1.537450060785	0.385670679206769	15.2741471913889	9.2980412759277e-05	0.00263351788182013	8.99414079721805	4.00170450915804	FBgn0037759		protein_coding	41208
FBgn0051410	1097.82268025685	1.60669981651732	0.401375175849587	15.2788810054695	9.27476806216717e-05	0.00263351788182013	148.004482245505	58.0697949306978	FBgn0051410	Niemann-Pick type C-2e	protein_coding	326136
FBgn0051445	102.574546296111	1.78550274182068	0.447746657755992	15.2684300474089	9.32622726845664e-05	0.00263351788182013	2.1979536540024	0.670225908006446	FBgn0051445		protein_coding	326140
FBgn0034560	76.1510470543251	1.90577401731845	0.477599714928089	15.2514205296486	9.41059506116382e-05	0.00264808242905781	4.91920729301698	1.58077116842449	FBgn0034560	Carbonic anhydrase 15	protein_coding	37366
FBgn0033868	2144.21431423308	1.72344325552415	0.432143631448928	15.0550001157779	0.000104423258351404	0.00292820220293729	53.7698480003907	19.5302148886158	FBgn0033868	Sperm-Leucylaminopeptidase 7	protein_coding	36524
FBgn0003889	1676.63753140801	1.68389337989141	0.42302346372877	15.0377550854043	0.000105381732074189	0.0029448542153327	48.0851836716189	18.6377313022891	FBgn0003889	beta-Tubulin at 85D	protein_coding	41124
FBgn0031946	133.671648905231	1.89465334549679	0.477074605188285	14.992401480881	0.000107944952298067	0.00300608080951445	8.69978485943218	1.98924566007352	FBgn0031946		protein_coding	34061
FBgn0033794	220.026703996044	1.96280727664862	0.492103217922016	14.9506649702008	0.000110359161884149	0.00306275117311473	4.30918727831064	1.16067600436548	FBgn0033794		protein_coding	36439
FBgn0050271	245.342045791768	1.62110380714093	0.411413860024038	14.8803851789885	0.000114547886218066	0.00316811208594897	8.90204122428654	3.57808947939462	FBgn0050271		protein_coding	246518
FBgn0032464	282.296000414884	1.67999600037976	0.425650476511245	14.8715999813523	0.000115082620811823	0.00317203838114773	6.14779910587483	2.55012809888622	FBgn0032464	Vacuolar H[+] ATPase 68kD subunit 3	protein_coding	34695
FBgn0030313	109.192726306867	-1.69282169985997	0.43117415903816	14.8544960206517	0.000116130918117521	0.00319004522012619	2.48153631283101	10.2642167117359	FBgn0030313	Receptor accessory protein like 1	protein_coding	32103
FBgn0027376	233.868155330618	1.48516962859953	0.379058599948931	14.8344404107829	0.000117372371424806	0.00321321786992114	3.07627156298531	1.29289358050356	FBgn0027376	rha	protein_coding	43071
FBgn0053490	58.5311177791209	2.08395815352863	0.530040464935053	14.8015881509964	0.000119434876379426	0.00325863534337921	2.62016146078197	0.405909984536828	FBgn0053490		protein_coding	2768970
FBgn0036214	113.935259009541	1.72699660479506	0.440505429324418	14.7827359014496	0.000120634878721393	0.00328029387391908	5.6610774319861	1.96969215754022	FBgn0036214		protein_coding	39339
FBgn0039671	989.428469153322	-1.44212878358536	0.368314660213482	14.7464605483415	0.000122978168352017	0.00333279089802312	43.1045147315886	133.959966414041	FBgn0039671		protein_coding	43480
FBgn0034392	298.475111618882	1.29722630303018	0.333252130600522	14.7219462602722	0.000124587618499175	0.00335389868999778	12.469480392866	4.84575181431894	FBgn0034392	Major Facilitator Superfamily Transporter 15	protein_coding	37168
FBgn0034659	157.156865523144	1.67059557370716	0.426757311878403	14.7234700081336	0.000124486963839453	0.00335389868999778	11.1009399516905	2.7523003532537	FBgn0034659		protein_coding	37484
FBgn0283433	68.8267532245289	9.52336304255666	2.04201994421867	14.7048539531083	0.000125722319697713	0.00337320084345093	3.1916245504207	0	FBgn0283433	Sperm-specific dynein intermediate chain B	protein_coding	26067075
FBgn0035638	219.639209947625	1.74509974802676	0.444516815199235	14.680186168808	0.000127378299493493	0.00340631505532931	9.54519112269373	3.11563835803374	FBgn0035638	Tektin C	protein_coding	38653
FBgn0038700	774.867138632503	1.32115345780376	0.33962826708462	14.660232495623	0.000128733867643691	0.0034312036801665	34.8193107803927	15.904497609716	FBgn0038700		protein_coding	42318
FBgn0029766	6622.45386867856	-1.47933382364495	0.378594981374823	14.6444063591714	0.000129819348951194	0.00344875349384817	73.2223984231723	220.166584227968	FBgn0029766		protein_coding	31461
FBgn0036704	42.7193919236445	2.14330275134387	0.550429130725873	14.6209542189451	0.000131444850234958	0.00345781306350985	2.53227874276119	0.586683136036896	FBgn0036704		protein_coding	39924
FBgn0039045	1625.67528336225	1.18647154970712	0.306156885989262	14.6263359200561	0.000131070034519017	0.00345781306350985	77.2392682388312	37.6394803474194	FBgn0039045	Cystinosin	protein_coding	42723
FBgn0052436	867.466606792186	1.62442083046928	0.414784469886238	14.6228614668372	0.00013131189413675	0.00345781306350985	8.26839243729902	3.45222204759339	FBgn0052436		protein_coding	40362
FBgn0031722	120.617237616234	1.93402579567974	0.492761211124355	14.6144208239696	0.000131901327708831	0.0034585555927809	5.13343465021603	1.71281141591367	FBgn0031722		protein_coding	33790
FBgn0261844	112.371159471442	-1.59606889997298	0.410417949922908	14.5686968806959	0.000135140969846725	0.003532033891528	0.916118656570103	2.7284285292334	FBgn0261844		protein_coding	10178950
FBgn0034160	421.883283323855	1.84445404076969	0.469879680825091	14.5222644003027	0.000138512819136347	0.00359687950914837	48.8237755495336	8.65167055502933	FBgn0034160		protein_coding	36883
FBgn0037988	197.943941225705	1.6745590977073	0.430003379449322	14.5227150522711	0.000138479689839033	0.00359687950914837	7.47805865482257	2.31725507207017	FBgn0037988		protein_coding	41468
FBgn0011239	41.0244486570216	2.19209122949454	0.565886486671613	14.4662475356717	0.000142693620780277	0.00369356949173563	2.85303644532794	0.573612828005851	FBgn0011239	male sterile (2) 35Ci	protein_coding	49529
FBgn0011660	214.691157172593	1.31377067528125	0.341236031080503	14.4402468408589	0.000144677124777857	0.00372966148215467	5.71530458414311	1.9284381549112	FBgn0011660	Pms2	protein_coding	36705
FBgn0034435	1202.04119934957	1.56401433147476	0.402515660197296	14.4331250443165	0.000145225249786387	0.00372966148215467	31.6543569216662	10.1604642322494	FBgn0034435	wurstfest	protein_coding	37220
FBgn0037040	178.161998492174	1.7130155406862	0.44107376390976	14.4299094183864	0.000145473423338128	0.00372966148215467	3.39683113220068	1.09031793159928	FBgn0037040		protein_coding	40319
FBgn0030539	1980.45283742518	-1.49683483717828	0.386392024858751	14.3851895177606	0.000148969384939997	0.00378087466168853	88.1827839382485	234.656777562899	FBgn0030539		protein_coding	32361
FBgn0031498	86.9817406814587	1.90100552664148	0.489157322081132	14.3898714268325	0.000148599448186664	0.00378087466168853	4.48230261992144	1.49936193192625	FBgn0031498		protein_coding	33519
FBgn0032601	480.860709655463	-1.46331020599593	0.378636002291092	14.3799211382592	0.000149386770123222	0.00378087466168853	8.76426230664966	19.0714845677935	FBgn0032601	yellow-b	protein_coding	35005
FBgn0034229	4158.78495268714	-1.50532189744668	0.388586164051711	14.3745717938522	0.000149811774608758	0.00378087466168853	77.654990818401	239.962057016572	FBgn0034229		protein_coding	36973
FBgn0050359	5082.85047743442	-1.31034136889129	0.339778394411559	14.3919145319037	0.000148438304159725	0.00378087466168853	63.2998706501901	172.997514248302	FBgn0050359	Maltase A5	protein_coding	35828
FBgn0033141	67.5659947132887	2.00761131377981	0.518611115615679	14.3379321887962	0.000152755700074913	0.003843162099081	4.61521909239526	1.16781663163371	FBgn0033141		protein_coding	35631
FBgn0001229	438.872112002904	-2.31825717599581	0.585883326138999	14.2854738698081	0.000157072344962553	0.00393949148421608	10.9583980242285	20.3931746939305	FBgn0001229	Heat shock gene 67Bc	protein_coding	39071
FBgn0265186	825.614227184292	1.15126332047662	0.301182790671734	14.2569799499455	0.000159468298003879	0.00398720115999792	36.063585234986	13.2684405029867	FBgn0265186		protein_coding	36429
FBgn0011761	15.6963399729064	3.39154068722848	0.898065248969103	14.2262216074253	0.000162095988555267	0.00402796062637642	2.79799967056421	0.237422912697182	FBgn0011761	deadhead	protein_coding	31444
FBgn0039452	59.6720398078886	-2.42109573204324	0.617390927602131	14.2270573363357	0.000162024018999304	0.00402796062637642	6.04112056704544	31.9504158000026	FBgn0039452		protein_coding	3772449
FBgn0264307	1675.44723609633	1.49125389777088	0.387403480890364	14.2158548486873	0.000162991412600339	0.00403778726429552	35.567338159637	14.9444077122384	FBgn0264307	orb2	protein_coding	39018
FBgn0052026	181.999343643561	1.6635333855343	0.432425575957679	14.179903350292	0.000166135479719668	0.00410308909546189	4.29696732543356	2.18800231560848	FBgn0052026		protein_coding	317829
FBgn0036895	165.609575155679	1.70010136196292	0.44251885186061	14.138824717693	0.000169802777397265	0.00418087570201314	2.55005608780559	0.853445464437612	FBgn0036895	male sterile (3) 76Cc	protein_coding	40142
FBgn0263027	61.9858344559412	1.81250187502636	0.474431936344083	14.1161178009198	0.000171864818462696	0.00421878502706607	4.34682904516429	1.18878592842748	FBgn0263027		protein_coding	33984
FBgn0050031	5652.15517390487	1.30769687133236	0.342473983955767	14.1096458673745	0.000172457147644863	0.00422049674054518	765.715206975449	261.192292153165	FBgn0050031		protein_coding	246404
FBgn0035309	115.035988274295	1.6375308402103	0.428387299023917	14.0580126949009	0.000177256998966537	0.00432485656692978	5.65784066439258	1.95718945816305	FBgn0035309		protein_coding	38274
FBgn0011273	87.4535863161255	1.9221015479333	0.500987050860346	14.0327562609735	0.00017965363526866	0.00437012879045089	12.8841484591264	3.059183241638	FBgn0011273	Androcam	protein_coding	44913
FBgn0034904	37.4020525422473	2.5773791411804	0.669918291538527	13.9778685906381	0.000184975199330757	0.00448606519458016	6.50216533431249	0.90402160612859	FBgn0034904		protein_coding	37763
FBgn0033221	1003.3088584182	1.67114938549745	0.435967842316139	13.9583638567385	0.000186904257262426	0.00451927778937531	131.879615288028	64.5995678570658	FBgn0033221		protein_coding	35726
FBgn0025709	313.136280119576	-1.08628233671714	0.288217987214923	13.9346578654138	0.0001892761333351	0.00454938706194722	5.04970006217109	9.33848771803045	FBgn0025709	Concentrative nucleoside transporter 2	protein_coding	35914
FBgn0259795	2485.21029340596	1.56456061217537	0.409628182301922	13.9350256579976	0.000189239103688096	0.00454938706194722	63.6166342035006	25.5244201999298	FBgn0259795	loopin-1	protein_coding	36847
FBgn0038082	1064.78280382026	1.71296402364065	0.447057759317359	13.911800676164	0.000191591793479533	0.00459138078380033	42.348981803888	15.7952008489148	FBgn0038082	UDP-glycosyltransferase family 37 member A2	protein_coding	41573
FBgn0287630	500.002773641846	1.67215808366484	0.438208713954739	13.862188832202	0.000196716648864595	0.00470024750364043	11.4188253030176	3.22544515217385	FBgn0287630	doublefault	protein_coding	34462
FBgn0270925	3786.12922967755	1.57164866994636	0.413090318118793	13.8181070730842	0.000201386025146981	0.00479762105925374	49.757806470054	19.8939943959652	FBgn0270925		protein_coding	42387
FBgn0038797	158.376243303947	1.742442016339	0.4585420918626	13.8034616961977	0.000202961925842679	0.00482094268560435	11.2439295480748	3.3358441992224	FBgn0038797	Dicarboxylate carrier 2	protein_coding	54520426
FBgn0033610	242.959800174408	1.68667909322288	0.444728390546245	13.7360237884026	0.000210380381129099	0.00495344594168688	10.2700595520534	3.70845536584578	FBgn0033610		protein_coding	36202
FBgn0035005	120.612897923736	1.70436105784236	0.450540267230141	13.7375994780928	0.000210203969563122	0.00495344594168688	5.66910171491402	1.93119935073093	FBgn0035005		protein_coding	37900
FBgn0038567	57.9440995571386	2.02171713609282	0.53375561864353	13.7432862685285	0.0002095685247556	0.00495344594168688	3.93548503397492	0.766890096454526	FBgn0038567		protein_coding	42163
FBgn0030593	5155.32033528921	-1.27734382680794	0.340423267157385	13.6441076078884	0.000220933569481313	0.00518680089282291	68.3736609874033	150.217840341944	FBgn0030593		protein_coding	32419
FBgn0038492	243.880666893319	-2.37464555275021	0.615032476683943	13.5950590428983	0.000226781634286917	0.00530866225652506	0.251915445519105	2.09932104435156	FBgn0038492	Mucin related 89F	protein_coding	42080
FBgn0267376	847.170525585332	1.03948584995161	0.279210962200276	13.5864835393298	0.000227819998099873	0.00531755579379934	62.4290293711767	25.1965794891198	FBgn0267376	Selenoprotein R	protein_coding	41309
FBgn0038706	214.577031982381	1.89343065915996	0.499479252336331	13.5677686924515	0.000230102750381056	0.00535535968898389	10.1516958659726	2.31350162672337	FBgn0038706		protein_coding	42324
FBgn0032345	68.2176083573803	1.51987117174206	0.408128546765493	13.5594320342765	0.000231127025297672	0.00536374096639081	5.92260092659765	1.99709426609393	FBgn0032345		protein_coding	34547
FBgn0034132	1470.43715540603	1.56850242732293	0.416930389410277	13.5227704193608	0.000235686228741431	0.0054538738776957	36.9247457657469	13.5202226121215	FBgn0034132	Sperm-Leucylaminopeptidase 8	protein_coding	36844
FBgn0028669	169.297192010632	1.72481058372273	0.458847119502632	13.5040957011208	0.000238043330917334	0.00549267982996682	3.16085606441584	1.23312662088211	FBgn0028669	Vacuolar H[+] ATPase 100kD subunit 3	protein_coding	246543
FBgn0031347	620.858759565077	1.58004242434952	0.420866140525633	13.480548709711	0.000241049300071764	0.00553043791869194	14.6802937501297	5.73440557763295	FBgn0031347	no individualized sperm	protein_coding	33337
FBgn0036183	99.9000711201157	1.4466699896633	0.389113010772285	13.4849456532442	0.00024048510341337	0.00553043791869194	6.82143591402518	2.16392800196815	FBgn0036183		protein_coding	39305
FBgn0053092	215.707878585152	1.69338927004404	0.451009461039213	13.468976133028	0.000242540626788485	0.00554888980720624	5.31162418714989	1.8585858697887	FBgn0053092	delta-1-Pyrroline-5-carboxylate dehydrogenase 2	protein_coding	32625
FBgn0039323	102.406914326128	2.02580351421727	0.535663068682085	13.4610983299525	0.00024356113393379	0.00555649637754035	3.69753730391934	1.48298932266342	FBgn0039323		protein_coding	43063
FBgn0034819	983.681036016221	-1.61986185863006	0.431195608791462	13.4416732336665	0.000246096031482826	0.00559851140916987	179.093735917611	430.436370956341	FBgn0034819		protein_coding	37666
FBgn0050052	223.791108383688	-1.32309629726324	0.355857568200724	13.4198495384129	0.000248975668648409	0.00564811095506896	9.04401825315112	25.0279619671241	FBgn0050052	Odorant-binding protein 49a	protein_coding	36399
FBgn0031831	98.9839567434161	1.92452684178932	0.512761222804922	13.3894861964022	0.000253038696765557	0.00572420312346957	13.5620142649892	4.07021590897985	FBgn0031831	Cytochrome c oxidase subunit 5B-like	protein_coding	33919
FBgn0040510	98.537032712518	1.84758320904422	0.493829335272669	13.3836196769048	0.000253831386711482	0.00572609575162551	2.29168808228589	0.535530105848502	FBgn0040510	Adenylyl cyclase X A	protein_coding	53432
FBgn0035197	484.873692832618	1.66386066079146	0.444312045739382	13.3579165320702	0.000257334032603465	0.00578894052174257	9.05053314993792	2.65023570451279	FBgn0035197		protein_coding	3772105
FBgn0035988	1069.34315547436	1.66236051075554	0.444064175453993	13.3232251488635	0.000262138914056692	0.00588064963867178	37.875316401811	14.4184738473749	FBgn0035988		protein_coding	39084
FBgn0051874	88.5281395941459	2.04098591007119	0.544367600425563	13.3123575858126	0.000263662633829917	0.00589844717676014	3.45979407854636	0.71410716010334	FBgn0051874	Fumarase 4	protein_coding	318995
FBgn0031426	67.56595028655	-1.45728214001269	0.39559715240838	13.2894799294606	0.000266899507359912	0.00595282391579861	1.07893446760695	2.61046810755032	FBgn0031426		protein_coding	33429
FBgn0033056	116.498173683836	1.74285189145815	0.468187371277284	13.2796359353868	0.000268304594520888	0.00595282391579861	3.18374450648952	1.17115546960641	FBgn0033056		protein_coding	35533
FBgn0035915	2822.6310195827	1.5655140307055	0.419815746277651	13.2810791890511	0.00026809812551914	0.00595282391579861	66.9147393441336	27.0298403040194	FBgn0035915	Sperm-Leucylaminopeptidase 1	protein_coding	38986
FBgn0034759	133.732305632144	-1.65166471415495	0.443844844932023	13.2478851120595	0.000272887575395285	0.0060214209259353	3.55594903335657	13.840714758254	FBgn0034759		protein_coding	37597
FBgn0037616	264.585308099993	1.58251954970987	0.42589639758359	13.2530015735215	0.000272143756008668	0.0060214209259353	10.1184931787464	3.37484376172011	FBgn0037616		protein_coding	41037
FBgn0033953	542.850881709424	1.66450329786163	0.446551576592102	13.2289677834334	0.000275655573601299	0.00603515677840162	32.2949618124676	13.0333969039566	FBgn0033953		protein_coding	36628
FBgn0034842	84.4240805232083	1.76820756032429	0.4769307561865	13.225298441297	0.00027619574305566	0.00603515677840162	5.38893573300434	1.85504982289507	FBgn0034842	Proteasome beta5 subunit-related 1	protein_coding	37690
FBgn0052085	267.997236586683	1.59001805586766	0.427987018915648	13.2373646073703	0.000274423467597721	0.00603515677840162	5.04071813915342	1.64382762204022	FBgn0052085		protein_coding	39311
FBgn0053002	268.878962395527	-1.63031955242751	0.438583973736377	13.2232398531822	0.000276499258049604	0.00603515677840162	25.4813060861867	51.7022751207391	FBgn0053002	mitochondrial ribosomal protein L27	protein_coding	318825
FBgn0051601	91.4707207305739	1.58677191952907	0.430546677539698	13.1977027781538	0.000280292478748786	0.0061014610737876	2.85753227819344	0.723059811143135	FBgn0051601		protein_coding	318835
FBgn0036498	116.290992255937	1.7604539780633	0.474606569062654	13.1835265257175	0.000282420786721374	0.00613126417624144	5.48106449119716	1.68539828191124	FBgn0036498		protein_coding	39667
FBgn0030191	420.862221850354	1.34525040079372	0.365273569388003	13.1480367013403	0.000287820666642174	0.00621507942193101	15.1295057459122	6.19974813716239	FBgn0030191		protein_coding	31961
FBgn0039798	415.724970351002	-1.47166872281704	0.398169776182986	13.1509312398214	0.000287376382391192	0.00621507942193101	10.7243312849401	29.4787923943167	FBgn0039798		protein_coding	43646
FBgn0051973	793.039073224784	1.54931140589185	0.418783924171325	13.0943878634264	0.000296181769981893	0.00637857059833004	7.63629630999925	3.7075183393959	FBgn0051973	Chitin deacetylase-like 5	protein_coding	33158
FBgn0033542	391.978584201726	1.50941403164631	0.409270518301559	13.0803552424042	0.000298408856375609	0.00640944128747186	11.3443593531942	4.01955939879484	FBgn0033542	Carbonic anhydrase 13	protein_coding	36126
FBgn0000279	36.0908541959972	-2.67488936176128	0.712193932569876	13.0742119323555	0.000299389153839477	0.00641343980479473	1.62598360799197	19.557881768361	FBgn0000279	Cecropin C	protein_coding	43599
FBgn0031741	376.891370854868	-1.65432497474373	0.446776900317709	13.0688755825829	0.000300243318111837	0.00641472232029417	4.28516039567613	10.1313058907923	FBgn0031741		protein_coding	33810
FBgn0033860	272.83369815814	1.62310307286896	0.43953931581803	13.0515060486589	0.000303040628549751	0.00642685735039294	6.47641053762786	2.76280245126901	FBgn0033860	Sperm-Leucylaminopeptidase 5	protein_coding	36515
FBgn0038248	898.145304383033	1.61919613939794	0.437620828478709	13.0520829970118	0.000302947292219535	0.00642685735039294	14.0943879743142	5.23896130383352	FBgn0038248		protein_coding	41775
FBgn0045770	1607.44604752753	1.48211150821188	0.401961315756888	13.0505293945132	0.000303198693722104	0.00642685735039294	38.3593802474424	16.8320961059712	FBgn0045770	Sperm-Leucylaminopeptidase 3	protein_coding	326187
FBgn0031785	483.261852483939	1.48723683221606	0.40408699697384	13.0268140960541	0.000307062482429428	0.0064917188693719	4.35265077162956	2.09669186461103	FBgn0031785		protein_coding	33868
FBgn0028561	47.5528812529901	1.94026767408193	0.529659734044504	12.9637677065723	0.000317577422153855	0.00669648893293612	2.65707018139849	0.560028302000499	FBgn0028561	sugar transporter 3	protein_coding	44268
FBgn0001321	371.198612981877	-1.10338547453876	0.30342680446575	12.949234963906	0.00032005225789803	0.00673109904891795	5.01965159453895	8.48512540311086	FBgn0001321	knickkopf	protein_coding	47137
FBgn0029153	162.734255345354	1.40127998906456	0.384440381604933	12.9149339771892	0.000325970901531495	0.0068185909474946	3.93600842042647	2.03258835295132	FBgn0029153	Malic enzyme like-2	protein_coding	3772692
FBgn0031545	1249.32424578556	1.52878347099732	0.416318177825993	12.9146923619915	0.000326012981383441	0.0068185909474946	26.2873085463002	10.2981245829477	FBgn0031545		protein_coding	33574
FBgn0038694	159.539054633992	1.72802866775132	0.47013820179838	12.9104927895845	0.0003267452571422	0.0068185909474946	10.6063668601787	4.07168377756729	FBgn0038694		protein_coding	42311
FBgn0037064	416.095827072753	1.48439347463017	0.405471870273525	12.9018649109854	0.000328254901048493	0.00683243964141141	11.937916145054	5.02275283536224	FBgn0037064		protein_coding	40347
FBgn0002865	921.880883626697	1.65069422486811	0.449082299718299	12.8562476784184	0.000336354368888063	0.00692958643658162	44.4557194188396	15.4281956474898	FBgn0002865	Male-specific RNA 98Ca	protein_coding	47854
FBgn0032769	66.7104518235515	1.86370847992686	0.509467896193183	12.8581985009644	0.00033600390462277	0.00692958643658162	3.39202601877268	1.11176400456688	FBgn0032769		protein_coding	35206
FBgn0053191	77.1658467215769	2.10786185729297	0.570871185812378	12.863469949664	0.000335058732379481	0.00692958643658162	2.37962261951836	0.806577744909983	FBgn0053191		protein_coding	251270
FBgn0260453	77.621346928806	1.88082666691866	0.513160542152591	12.8574705420395	0.000336134638980179	0.00692958643658162	3.20380552683313	0.973691048876861	FBgn0260453		protein_coding	3885616
FBgn0037751	139.383015012034	1.47674666882522	0.405975637507969	12.8309584982115	0.000340931062093859	0.00700600319966922	3.35416121195068	1.26211280755314	FBgn0037751	matotopetli	protein_coding	41199
FBgn0031462	156.316149887189	1.98102099818034	0.53733185941247	12.7970546422373	0.000347165490235002	0.00704165945699499	4.55262084861417	1.11114419367827	FBgn0031462		protein_coding	33475
FBgn0033978	4972.47433403093	1.3659366073198	0.374943099178734	12.8071555161894	0.000345296155527635	0.00704165945699499	188.613946293798	90.5458388277702	FBgn0033978	Cytochrome P450 6a23	protein_coding	36661
FBgn0034464	65.7549741235556	1.94686240438035	0.532543751101151	12.7884979778837	0.000348757026242096	0.00704165945699499	4.60190892470414	1.05084457313701	FBgn0034464		protein_coding	37259
FBgn0034824	272.099139492686	1.55843982277094	0.427104056002543	12.7890318460805	0.00034865751210084	0.00704165945699499	7.44550880976514	3.14383762265256	FBgn0034824	Kinesin-like protein at 59C	protein_coding	37671
FBgn0036553	1395.0382008631	-1.4746822389964	0.404136389194408	12.7837592835042	0.000349641585222263	0.00704165945699499	22.9282335047687	72.1859142133884	FBgn0036553		protein_coding	39742
FBgn0038373	625.482466298064	1.45953678920603	0.400468499440465	12.786112715421	0.000349201994136461	0.00704165945699499	20.1582750160849	8.0299150820999	FBgn0038373		protein_coding	41922
FBgn0051029	756.398180230594	1.51570078781882	0.414798462506849	12.809584256337	0.000344848192638779	0.00704165945699499	13.3100237349974	5.32061172396769	FBgn0051029		protein_coding	318562
FBgn0052304	151.899037352484	1.61415232770439	0.442213104036344	12.8031520244304	0.000346035850862434	0.00704165945699499	17.5358395926091	5.7140088684671	FBgn0052304	obstructor-I	protein_coding	317966
FBgn0034352	103.373264931751	1.45344053582357	0.401617192128832	12.7659226061884	0.000352991443986695	0.00707384342837854	3.86312662964206	1.58133481308865	FBgn0034352	Dynein axonemal assembly factor 3	protein_coding	37125
FBgn0034416	718.382544015165	1.51646473759628	0.415703887450368	12.7672384811095	0.000352743210910804	0.00707384342837854	28.9310927908191	10.8264342112096	FBgn0034416		protein_coding	37195
FBgn0039501	359.470890836914	1.4845587495071	0.407930044574279	12.7549316160929	0.000355071731577375	0.00709791906984871	7.69701065888628	3.16985988740384	FBgn0039501	Tubulin tyrosine ligase-like 6B	protein_coding	43282
FBgn0039010	245.748669086683	1.48259486562884	0.407969920635902	12.7461389828615	0.000356744830673989	0.00711375617906946	4.31187850926919	1.74722287772812	FBgn0039010		protein_coding	42686
FBgn0032638	760.480305882576	-1.25387049688968	0.346266596520564	12.7391163205602	0.000358086841995259	0.00712292939890076	14.8062801580803	28.2286327206363	FBgn0032638	Serine protease homolog 93	protein_coding	35049
FBgn0037461	85.7944889498289	1.80010773175747	0.494498746688443	12.7261132419312	0.000360585151176125	0.00715500167296901	6.72392756985668	2.14591211463921	FBgn0037461		protein_coding	40810
FBgn0035823	100.199690040907	1.56242583440841	0.431841060706044	12.704371784175	0.000364801718963784	0.00722092814301842	7.95328338312125	2.36932599786591	FBgn0035823	eukaryotic translation initiation factor 4E5	protein_coding	38878
FBgn0032525	119.155716148694	1.74737088012646	0.480097547782071	12.6732726236445	0.000370919733293836	0.00732407766767975	3.26036674725399	1.18498959763162	FBgn0032525	Heat shock protein 60D	protein_coding	34763
FBgn0030836	18900.6175526256	-1.54707896492829	0.425389642997443	12.6384417947034	0.000377894827485246	0.00736473839435095	882.081112204557	2474.37642439277	FBgn0030836		protein_coding	32719
FBgn0032609	127.717552488024	1.84160959059901	0.505046184954352	12.6480894360498	0.000375949683137453	0.00736473839435095	4.02618524628415	1.66503436310173	FBgn0032609		protein_coding	35015
FBgn0034827	415.351680454354	1.53654761640292	0.423628552292416	12.6267074308381	0.000380274382174882	0.00736473839435095	10.322903845322	4.00282976071517	FBgn0034827	Kinesin-like protein at 59D	protein_coding	37674
FBgn0035550	1218.71694200357	-1.34426515873894	0.37188048755229	12.6314196510491	0.000379317003203999	0.00736473839435095	19.6597441218741	41.4569932970512	FBgn0035550		protein_coding	38552
FBgn0036687	438.66014840697	1.49285011781413	0.411669759069989	12.6497095220699	0.000375624035328342	0.00736473839435095	10.8265633386718	4.37521039450168	FBgn0036687		protein_coding	39905
FBgn0039070	212.456409149323	1.55499469228787	0.429185264787249	12.6346773310345	0.00037865656401451	0.00736473839435095	6.16261570942924	2.48487331524635	FBgn0039070	wampa	protein_coding	42755
FBgn0250907	4238.08953168573	-1.29984000263719	0.359883151566099	12.6307398141098	0.000379454975049772	0.00736473839435095	15.972492355191	37.1537464115188	FBgn0250907	Chitinase 10	protein_coding	3355116
FBgn0035693	185.280682792809	1.43244390878099	0.397045052201137	12.6210318994992	0.000381430712844069	0.00736946037542751	3.72393455269137	1.75227259875491	FBgn0035693		protein_coding	38722
FBgn0035546	213.65590544287	-1.56217082674592	0.4309319767045	12.5987007128776	0.000386014997797086	0.00744023179524885	7.82968906544892	20.3239376236257	FBgn0035546		protein_coding	38548
FBgn0033498	52.1497472362176	1.87502368158898	0.52040856886054	12.5354404695062	0.000399305473324272	0.00767807381563528	2.84442074803335	0.826089914111571	FBgn0033498		protein_coding	36077
FBgn0031858	262.068341290543	1.6808216300263	0.463787445391503	12.5306560202652	0.000400329230447361	0.00767947473893798	6.2841179059023	2.60514466498211	FBgn0031858		protein_coding	33951
FBgn0033371	174.801807288669	1.46999068511846	0.408823762519641	12.519137496607	0.000402804792063899	0.00770865284527974	3.98416676054444	1.43673654861951	FBgn0033371	Concentrative nucleoside transporter 1	protein_coding	35915
FBgn0263988	101.890540142043	1.58259700044947	0.440315998437993	12.5049891892663	0.000405866692877144	0.00774888749805158	2.20730901618687	0.749093357559781	FBgn0263988	Dynein intermediate chain at 61B	protein_coding	38020
FBgn0027259	122.671918334374	-1.54374928012831	0.429214515213546	12.4839337904236	0.000410466920191789	0.00781823313082286	5.17255761819477	17.8906251928581	FBgn0027259	kinetochore Mis12-Ndc80 network component 1	protein_coding	32102
FBgn0031500	275.670961523722	1.0832055463142	0.303980853586611	12.4630040899095	0.00041509182104622	0.00786567725549158	15.3762846153805	6.46847862840931	FBgn0031500		protein_coding	33521
FBgn0033322	58.1022077463403	1.82233999774802	0.507253427886912	12.4636331334523	0.000414952055965973	0.00786567725549158	3.53950270664553	1.37042883523912	FBgn0033322		protein_coding	35856
FBgn0035724	326.903693041282	1.48666952982202	0.413339901592942	12.4594622093879	0.000415879666678418	0.00786567725549158	8.13654788337863	3.37427911866796	FBgn0035724		protein_coding	38761
FBgn0052548	444.663486167542	1.4850619006456	0.413111846200776	12.4341999342002	0.000421542861613319	0.00795415922988123	18.6949079233072	6.80893747421066	FBgn0052548		protein_coding	32826
FBgn0053340	937.9860294905	1.57007000814193	0.435619623057188	12.4187954278242	0.000425034305459653	0.00800134510697472	50.8155761463597	18.0361898319673	FBgn0053340		protein_coding	2768682
FBgn0032376	105.431255191085	1.83395745662362	0.50881376945052	12.404320426994	0.00042834166243961	0.0080448541066565	6.18217840410094	1.46625715169512	FBgn0032376	Tetraspanin 33B	protein_coding	34590
FBgn0034356	2975.50193604092	1.21298139612473	0.339959923214678	12.3756571352233	0.000434967689174614	0.00815034584170343	83.0230861244631	36.1193287925507	FBgn0034356	Phosphoenolpyruvate carboxykinase 2	protein_coding	37130
FBgn0031690	187.293087479999	1.52272874096457	0.425413901188932	12.3654392577731	0.000437354656260916	0.00817610232398878	6.7840107085618	2.30622791007959	FBgn0031690		protein_coding	33750
FBgn0004175	73.0045079889843	1.74327582712664	0.487843446557696	12.3188290215297	0.000448411915132274	0.00833309042922223	26.4821638602779	7.48868365985547	FBgn0004175	Male-specific RNA 84Dd	protein_coding	40886
FBgn0032726	4344.31190583664	-1.29226015812626	0.362398452130532	12.3145389065038	0.00044944372163692	0.00833309042922223	100.988711074257	241.203097485323	FBgn0032726		protein_coding	35152
FBgn0034063	576.945486998755	-1.24190147057101	0.348754095282011	12.3247519243962	0.000446991336920719	0.00833309042922223	9.57924725350067	19.4654535015681	FBgn0034063		protein_coding	36764
FBgn0037503	110.971502941986	-1.49586584681952	0.419145052960338	12.3127296813379	0.000449879572454296	0.00833309042922223	3.11105080625589	6.9028606303536	FBgn0037503		protein_coding	40893
FBgn0035124	94.7220668335352	1.59563237555131	0.448106211110051	12.2935460249732	0.000454527325409672	0.00838510623573805	4.51562742803456	1.10923985291564	FBgn0035124	tiny tim 2	protein_coding	38049
FBgn0036029	171.364672665373	1.46626967412384	0.411575802817579	12.2925731976295	0.000454764305504366	0.00838510623573805	10.9155895873591	3.68254774982822	FBgn0036029		protein_coding	39131
FBgn0086915	450.080722964143	1.56629721304043	0.437339272287675	12.2879650766027	0.000455888535907253	0.00838668750794299	34.9158677139895	12.050564563577	FBgn0086915	Male-specific transcript 77F	protein_coding	40304
FBgn0051414	214.483407910769	-1.2883152263314	0.362953027857927	12.2705107689427	0.000460172304275878	0.00844625347575452	3.45502623937536	7.13049456336041	FBgn0051414	Glucocerebrosidase 1b	protein_coding	318721
FBgn0010258	169.200996728826	1.29054491467253	0.3640832536031	12.2643095376441	0.000461704017601279	0.00845515112505199	8.38895697223744	3.28552826296523	FBgn0010258	RNA-binding protein 4	protein_coding	41668
FBgn0265089	274.054602034338	1.39120380860372	0.391419126803466	12.2450163722102	0.000466502441499915	0.00852369619355954	20.1296006312424	6.86805214431752	FBgn0265089	eukaryotic translation initiation factor 4E3	protein_coding	38923
FBgn0028567	254.029591558924	1.76934858962742	0.493280860623371	12.2166529524581	0.000473648275387276	0.00861355626508011	32.4789836301983	11.1734213096237	FBgn0028567	robl62A	protein_coding	38170
FBgn0029661	83.7653628642863	1.50858475383714	0.426058265433136	12.2128286615949	0.000474620175577099	0.00861355626508011	3.40004008367283	1.32582508969234	FBgn0029661		protein_coding	31315
FBti0019397	46.3391282261113	-1.88952671331762	0.531326060237833	12.2155236150452	0.000473935074524864	0.00861355626508011	0.76762535496709	2.84574230820552	FBti0019397		transposable_element	NA
FBgn0031751	425.896489672124	1.5831609416432	0.443648917488796	12.1884568723414	0.000480861451621491	0.00864308172898955	42.9695923932133	16.1306593546978	FBgn0031751		protein_coding	33822
FBgn0035199	323.71559196792	-1.32369259394228	0.373296740622698	12.1856011438669	0.000481598164691097	0.00864308172898955	8.81216312012236	17.4147828230789	FBgn0035199	triforce	protein_coding	38141
FBgn0036568	243.041076680372	1.46551456807919	0.412421228423833	12.1903105355908	0.000480383857459293	0.00864308172898955	7.69978040620695	2.56333284753226	FBgn0036568	ATP synthase, beta subunit-like	protein_coding	39761
FBgn0037974	176.605513524259	1.81123547996854	0.504994917065768	12.2008229031362	0.000477684399697932	0.00864308172898955	17.3528889689068	3.75250438769881	FBgn0037974		protein_coding	41453
FBgn0011834	252.874616790113	1.0892575479624	0.309305759026693	12.1759908560937	0.000484085778015069	0.00864928483019845	23.7589611301336	10.7153109408959	FBgn0011834	Serine protease 6	protein_coding	33073
FBgn0266445	118.433307122329	2.45028409152131	0.669259539366146	12.1767833399491	0.0004838801546764	0.00864928483019845	2.62547506340513	0.368147437101713	FBgn0266445		protein_coding	19834937
FBgn0011743	221.318775927437	1.45009148913441	0.4093474043718	12.1367401752054	0.000494381158745976	0.00875512244826286	9.15047663868631	3.81000150869137	FBgn0011743	Actin-related protein 53D	protein_coding	36879
FBgn0029710	265.519327494991	1.05274648525475	0.299597694389193	12.133590607213	0.0004952168013509	0.00875512244826286	11.5449873642252	5.20861698760164	FBgn0029710		protein_coding	31383
FBgn0031849	193.360826219509	1.47086739937592	0.415467137412659	12.1287124852292	0.000496513878319018	0.00875512244826286	8.4804634112284	2.36672392679572	FBgn0031849		protein_coding	33940
FBgn0032636	287.488300390257	1.61087027247962	0.45234527427696	12.1440251178836	0.000492453768282616	0.00875512244826286	9.28786815826682	3.21922348450441	FBgn0032636		protein_coding	35046
FBgn0039694	134.595979270709	1.76334279506363	0.494577353596692	12.1327434972439	0.000495441799540878	0.00875512244826286	6.0377987655967	2.76441268769264	FBgn0039694	fos intronic gene	protein_coding	43511
FBgn0040076	53.8469065288778	2.0061528464778	0.563159487581803	12.1435479217328	0.000492579788492765	0.00875512244826286	2.49983733265657	0.933982427153129	FBgn0040076	primo-2	protein_coding	3772427
FBgn0036369	177.476404930616	1.4197269537935	0.40162106292479	12.1200260025416	0.00049883208163221	0.00877683636440464	7.45172722454326	2.75936211008048	FBgn0036369		protein_coding	39517
FBgn0038163	319.985464506091	1.39330863336012	0.393842493257594	12.1135514652469	0.000500567075790545	0.00878821674800965	7.54598972536843	3.11559552676837	FBgn0038163		protein_coding	41665
FBgn0028870	315.011540852688	1.57847347190712	0.444219242116384	12.1072842732473	0.000502252308519044	0.00879867601648547	16.9221848322357	5.7147663203946	FBgn0028870		protein_coding	34856
FBgn0034840	972.874233451478	1.50166518953511	0.423043575627692	12.0896000658524	0.000507038491295757	0.00886329622446869	47.3404078049059	17.9512741054369	FBgn0034840		protein_coding	37688
FBgn0033286	968.788776082841	1.57256772442687	0.442376583766463	12.0776805629954	0.000510290419289131	0.00888169272883409	30.3689139975209	12.211961486508	FBgn0033286		protein_coding	35811
FBgn0034825	55.7719976480999	1.8632156278976	0.526610823984683	12.0813052702242	0.000509299290343951	0.00888169272883409	3.22778216541451	0.788311846211178	FBgn0034825	Glycerol-3-phosphate dehydrogenase 2	protein_coding	37672
FBgn0001217	526.674659872963	1.44010095251299	0.406983877195127	12.0676359622799	0.000513047169386752	0.00889134965658243	13.3226675783435	5.60165180367553	FBgn0001217	Heat shock protein 70 cognate 2	protein_coding	41609
FBgn0039331	167.959338291798	1.53704919280025	0.434528258076911	12.070645367083	0.000512219661857999	0.00889134965658243	6.06935978844238	2.44682871228192	FBgn0039331	NADH dehydrogenase (ubiquinone) 49 kDa subunit-like	protein_coding	43073
FBgn0034816	494.624511064555	1.50714127946665	0.425337058800019	12.0614162555307	0.000514761704921174	0.00890196044741627	16.2779115981407	6.56170304818147	FBgn0034816		protein_coding	37663
FBgn0051204	95.9136636764886	1.5619401613832	0.443813149543132	12.0214155160181	0.000525927448803145	0.00907561982165428	4.80499251887834	1.18069603494078	FBgn0051204		protein_coding	318625
FBgn0000473	480.149925619734	1.94873834507952	0.543839029889327	12.0134026584815	0.000528193371985458	0.00908137806139326	27.4164710944229	3.96690502148709	FBgn0000473	Cytochrome P450 6a2	protein_coding	35587
FBgn0035273	79.7336350574848	1.81275865105318	0.511860335206348	12.0081180560191	0.000529693173591676	0.00908137806139326	3.95941936055128	1.72985573315721	FBgn0035273		protein_coding	38233
FBgn0036784	159.303543329156	1.58493710408651	0.448844835833993	12.0048324758005	0.000530627807334323	0.00908137806139326	4.46963544146148	1.63721626741867	FBgn0036784		protein_coding	40012
FBgn0039040	50.0829063700881	1.81908775791524	0.516914196010126	12.0043714222437	0.000530759094227045	0.00908137806139326	5.02011613493229	0.963005992924737	FBgn0039040		protein_coding	42718
FBgn0051636	368.517111170537	-1.741548364341	0.490036561822749	11.9827074621975	0.000536965108219396	0.0091487979197887	4.27819763642569	13.2925078615404	FBgn0051636		protein_coding	318865
FBgn0259794	330.236670474636	1.61134324427669	0.455267163396348	11.982786703316	0.000536942275270811	0.0091487979197887	12.9808656997948	4.59271217704398	FBgn0259794	sina homologue	protein_coding	39885
FBgn0034835	91.7155167342083	1.85874178542085	0.524678760025833	11.9763420433023	0.000538802478679962	0.0091607764585671	3.69418885459723	1.46567775698021	FBgn0034835		protein_coding	37682
FBgn0036031	184.956735729024	1.62665626920236	0.460934257240184	11.9498759245279	0.000546510199030824	0.00926882412769675	3.47474961853032	1.0723516569745	FBgn0036031		protein_coding	39134
FBti0020031	553.332379851433	2.44123339165429	0.670660911464009	11.9466650661615	0.000547452836665596	0.00926882412769675	4.46953310965465	1.48940112639778	FBti0020031		transposable_element	NA
FBgn0031724	264.621084769644	1.78806482924944	0.504100980768253	11.9290515245447	0.000552653062714575	0.0093177998632211	8.44682513455041	2.16257841932757	FBgn0031724		protein_coding	33792
FBgn0035380	125.657042708142	1.68659996902811	0.478429761009891	11.9306206674041	0.000552187772057391	0.0093177998632211	4.7294998671076	1.79180457347568	FBgn0035380		protein_coding	38351
FBgn0033512	154.652014954721	1.84999657828015	0.521597172506178	11.923383862019	0.000554336967720728	0.00932671948190124	16.2400329141599	2.98220772371078	FBgn0033512		protein_coding	36092
FBgn0035957	128.296470974073	1.61799950665333	0.460197065049163	11.9041994098273	0.000560075349843718	0.00938416706501633	6.2783238143129	2.93167227423938	FBgn0035957	Arginine kinase 2	protein_coding	39040
FBgn0034684	63.4709769117841	1.70101022803108	0.485484364458588	11.8872712282228	0.000565188636815593	0.00944169459043961	2.79198340441822	0.98221415109332	FBgn0034684		protein_coding	37510
FBgn0035217	106.019541091843	1.88198970053935	0.532626866024207	11.8782603985171	0.000567929622104027	0.00944169459043961	3.68335196707843	1.20310185458635	FBgn0035217	alpha1,3-fucosyltransferase D	protein_coding	38164
FBgn0036924	119.607603038894	1.67279203861922	0.47571955524585	11.8805460725808	0.000567233079884809	0.00944169459043961	4.6834128711697	1.8125048078201	FBgn0036924	hale-bopp	protein_coding	40183
FBgn0040696	89.6805484952141	1.64555050882469	0.469452610370863	11.8774224823982	0.000568185187091834	0.00944169459043961	3.57306089890972	1.43206274528218	FBgn0040696		protein_coding	50169
FBgn0036925	162.011748413269	1.69008521568706	0.480117178954296	11.8551097520256	0.000575033466536985	0.0095163325322801	4.82053954451363	1.73573171130346	FBgn0036925	schumacher-levy	protein_coding	40184
FBgn0085486	71.8227675375342	1.77184132236944	0.505229355915726	11.8559761071544	0.000574766013915093	0.0095163325322801	4.83640693211202	1.24059797396524	FBgn0085486		protein_coding	5740661
FBgn0053346	460.825943523498	-1.88548713811771	0.531492950665361	11.8236978414318	0.000584815991085409	0.00965843342332467	7.93647576124461	29.7079533328668	FBgn0053346		protein_coding	2768690
FBgn0025620	6314.64270365864	1.07294416280552	0.308719418498707	11.8124963764258	0.000588344933816484	0.0096771358156862	269.750832305837	142.729299620087	FBgn0025620		protein_coding	31025
FBgn0034251	94.2787165469113	1.67228177765097	0.478327498682959	11.7844374250748	0.000597279396101398	0.00978423611138923	2.66681492537913	0.985895840636375	FBgn0034251	NADH dehydrogenase (ubiquinone) 51 kDa subunit-like 1	protein_coding	36998
FBgn0038467	885.850044083742	-1.17882601431992	0.339167514373123	11.7719834479522	0.00060128874094091	0.00982997544906637	12.7968148126768	24.1391329181957	FBgn0038467	Adenylosuccinate Lyase	protein_coding	42051
FBgn0028880	33.1678160630711	2.19189377680333	0.628884730497747	11.7354387576995	0.000613211262300115	0.00995995497831155	3.73969597081062	0.526628222914843	FBgn0028880		protein_coding	34911
FBgn0034127	215.895859235262	1.37561308945749	0.395485350524317	11.7431393219274	0.000610679296650003	0.00995995497831155	5.77715583558824	2.41732010442755	FBgn0034127		protein_coding	36839
FBgn0035497	1778.70444086218	1.32691672043106	0.380975153790664	11.7356726979346	0.000613134186221572	0.00995995497831155	35.6239227299199	17.1346407529853	FBgn0035497		protein_coding	38487
FBgn0039796	56.6937125229091	1.89082800212703	0.540888060468594	11.7325235382222	0.000614172558097963	0.00995995497831155	3.30245750852793	1.157839946032	FBgn0039796		protein_coding	43643
FBgn0038598	514.565406898856	1.50311681575948	0.430472142025894	11.7137948734668	0.000620384748604018	0.0100405355305131	12.7632114907639	5.16152833466184	FBgn0038598		protein_coding	42197
FBgn0032538	17431.2540956429	-1.51720533230885	0.434041877880444	11.6944618125822	0.000626863987396368	0.0101048973297666	407.029897863884	933.405618015262	FBgn0032538		protein_coding	34811
FBgn0034741	619.678434025917	1.21257388974621	0.349892819452007	11.6964674061289	0.000626188672390681	0.0101048973297666	143.52711750019	54.1754063764648	FBgn0034741		protein_coding	37578
FBgn0051407	85.2238611074504	1.87770615349575	0.536553690349957	11.6860877875878	0.000629691609827791	0.0101302578505363	7.697146547046	2.73627307378866	FBgn0051407		protein_coding	318716
FBgn0016036	21.7594061844401	2.46319031174814	0.710702812935243	11.6818641936067	0.000631122656660426	0.0101330945828819	2.27915448692906	0.279908332390927	FBgn0016036	meiotic P22	protein_coding	38797
FBgn0085282	108.954283426216	-1.63492891355373	0.469656893829992	11.6746403335298	0.000633577877086354	0.0101523312209313	11.7899463461404	22.652939848747	FBgn0085282		protein_coding	5740501
FBgn0030010	202.293742484209	1.47123844731596	0.423264979501443	11.6669968727564	0.000636186214095458	0.0101733713946611	10.6891179484481	2.47199434409179	FBgn0030010		protein_coding	31743
FBgn0035776	418.195813463916	1.58609818922264	0.454362316861947	11.6633329021983	0.000637440389564614	0.0101733713946611	15.0193475012894	5.29470384166114	FBgn0035776		protein_coding	38825
FBgn0086907	182.096302190037	1.49483338238921	0.430343539507815	11.6597476216268	0.00063867004669306	0.0101733713946611	16.585098450684	5.46761634700873	FBgn0086907	Cytochrome c distal	protein_coding	34995
FBgn0034144	696.570726371862	1.44067983430738	0.414177078304474	11.6549648069912	0.000640314157054874	0.0101762575846241	27.1791792311219	8.38625382493866	FBgn0034144		protein_coding	36859
FBgn0039251	174.438751396159	1.58890365715926	0.456681852417436	11.6437494943173	0.000644186246551788	0.0101762575846241	7.72885809916467	2.03807487081719	FBgn0039251	Topoisomerase related function 4-2	protein_coding	42983
FBgn0051538	1058.00456491754	1.49007909823234	0.427700907542781	11.6512567467637	0.000641591757717469	0.0101762575846241	24.5041845378357	10.5638190653608	FBgn0051538		protein_coding	318790
FBgn0086611	381.290692514977	-1.60553019697892	0.459849271773455	11.6432721815117	0.000644351562565171	0.0101762575846241	27.1986407058474	57.0095982958223	FBgn0086611	Larval cuticle protein	protein_coding	59159
FBgn0039315	126.322071369059	1.87386317190264	0.534867590951205	11.636970840445	0.000646538036174423	0.010178247914512	5.59729811118196	2.24116186665484	FBgn0039315		protein_coding	43055
FBgn0001255	162.322918335713	-1.87465048649151	0.535074561592043	11.6064525539064	0.000657233941872635	0.0102683927493814	2.86553409481103	10.2729837720606	FBgn0001255	Ecdysone-inducible gene E3	protein_coding	48239
FBgn0032677	252.413298398896	1.48067659503273	0.426938834131344	11.6061240089772	0.000657350055897747	0.0102683927493814	5.59889865420003	2.42683895834592	FBgn0032677		protein_coding	35095
FBgn0250845	242.591531661342	1.46585395584105	0.42285184247538	11.6102083859623	0.000655908030513841	0.0102683927493814	21.0175993662773	7.25220072194768	FBgn0250845		protein_coding	40865
FBgn0038200	400.151904386226	1.58753075760588	0.455976058748835	11.6020613718415	0.000658787582475696	0.010270981691262	42.7036863685415	16.076404359139	FBgn0038200		protein_coding	41712
FBgn0002562	278698.710905006	-1.43894721741263	0.414345556783583	11.5914635051103	0.000662552502706274	0.0103097765160999	2669.59694710988	7054.47670354652	FBgn0002562	Larval serum protein 1 alpha	protein_coding	32199
FBgn0032286	1135.67812702599	-1.26062598072546	0.364940387394567	11.5773049266889	0.000667616310967463	0.010321216472861	11.5312957452949	29.1266250994835	FBgn0032286		protein_coding	34472
FBgn0035282	51.5356312803277	2.18729080466107	0.625664659969534	11.5759565102162	0.000668100605554534	0.010321216472861	3.19188433894928	0.291481105400821	FBgn0035282	CNMamide	protein_coding	38242
FBgn0037398	78.2466221104822	1.83122647855113	0.527158946570632	11.5746137886679	0.000668583207370273	0.010321216472861	2.01558184727597	0.460457901164953	FBgn0037398		protein_coding	40743
FBgn0050412	110.225221302066	1.55510563259398	0.449734451022011	11.5715721424495	0.000669677740438232	0.010321216472861	5.88772465779496	2.31168639832681	FBgn0050412		protein_coding	37691
FBgn0053225	172.113547498365	1.99987958389549	0.568225269245245	11.5840125800704	0.000665212467453426	0.010321216472861	9.85156514845862	4.06497656046935	FBgn0053225		protein_coding	2768860
FBgn0052081	162.118901551353	1.49400124069327	0.432190127341659	11.5632473224265	0.000672682682659061	0.0103477816098182	8.36445318211416	2.27083159318005	FBgn0052081		protein_coding	326194
FBgn0032338	95.7320898436281	1.47383465941974	0.427550217316245	11.5589700250883	0.000674231916637763	0.0103518953588718	2.21988861273909	1.08848443625616	FBgn0032338		protein_coding	34539
FBgn0039129	85.7605704732272	1.37750587257448	0.401041635174309	11.5536078414587	0.000676179187881433	0.0103620932093557	11.3026127734729	4.36311704575693	FBgn0039129	Ribosomal protein S19b	protein_coding	42830
FBgn0030796	462.287482860119	-1.00478962215128	0.29310343084565	11.5430300978222	0.000680037156768905	0.0104014774205789	5.86092383838121	9.14322548195792	FBgn0030796		protein_coding	32672
FBgn0267689	201.94129305108	1.63875874622162	0.472057469536312	11.538942200637	0.000681534065634194	0.0104046675124041	7.71864699951309	2.52623831732593	FBgn0267689		protein_coding	26067063
FBgn0002673	128.755783304169	1.28591515263585	0.37471412735764	11.5318787526132	0.000684128412282895	0.0104245680332013	4.42225585116076	1.77328669978635	FBgn0002673	twine	protein_coding	34954
FBgn0050362	131.672047836	1.61137235029914	0.465806621934856	11.5274980353884	0.000685742423621008	0.0104294836406088	7.01311332689865	2.16980428546799	FBgn0050362	borrelly	protein_coding	35809
FBgn0031463	73.4125002851979	1.65215394631179	0.479519332282753	11.5145928446022	0.00069051954439923	0.0104560077828263	5.88629074835133	1.3863911817251	FBgn0031463	Glucose-6-Phosphatase	protein_coding	33476
FBgn0036226	2450.22197848378	1.2209752810482	0.354662692004867	11.5172374879772	0.000689537844409656	0.0104560077828263	136.273256428103	52.8861216440533	FBgn0036226		protein_coding	39353
FBgn0046873	93.7032640932421	1.87177457211725	0.53826322360903	11.512303490926	0.000691370499755975	0.0104560077828263	6.26536297090964	2.15413921029542	FBgn0046873	PFTAIRE-interacting factor 2	protein_coding	170876
FBgn0022702	1471.52927440552	-1.14686691419689	0.333993648376949	11.500138353882	0.000695910097707448	0.0104667217425743	30.9351491557245	61.816558957225	FBgn0022702	Chitinase 2	protein_coding	38223
FBgn0034901	5527.96623178817	1.45255876191062	0.419710711849628	11.5063295011496	0.000693596030741297	0.0104667217425743	1160.72122664017	290.704413824322	FBgn0034901		protein_coding	37760
FBgn0085256	19866.6102957399	-1.89879826695664	0.541496616778503	11.4999863496221	0.000695967010371771	0.0104667217425743	1632.76452460795	3705.09095999382	FBgn0085256		protein_coding	36186
FBgn0029890	114.119691821976	1.62968938063421	0.471748239852019	11.4842511899897	0.000701883997479921	0.0105082546348567	4.11898945585396	1.4826937263427	FBgn0029890	Fumarase 2	protein_coding	31606
FBgn0032779	1799.30435192115	1.14096855574303	0.332540723455655	11.4816913996115	0.000702851365730154	0.0105082546348567	62.1858866837791	26.7845958849125	FBgn0032779	Alkaline phosphatase 12	protein_coding	35218
FBgn0035240	775.384856290657	1.47653511263386	0.427239304179034	11.4788325251672	0.000703933352830296	0.0105082546348567	9.85871838330316	4.3428221816003	FBgn0035240		protein_coding	317974
FBgn0036882	181.403301166583	1.28200552961419	0.373654865362027	11.4798188370502	0.000703559877217762	0.0105082546348567	2.47115025849216	1.00297338243267	FBgn0036882		protein_coding	40124
FBgn0031853	381.491161037093	1.47364133367582	0.42714085760791	11.4609737508665	0.000710730485491846	0.0105901464960003	6.91314341743082	2.53746730680793	FBgn0031853	Tubulin tyrosine ligase-like 3B	protein_coding	33946
FBgn0032431	52.747718261407	1.74988897566137	0.509511375327178	11.4484415847484	0.000715539841079416	0.0106421726640099	3.96119427065757	1.51417421865261	FBgn0032431		protein_coding	34657
FBgn0030661	69.8159521369998	1.83786898369383	0.532304662560557	11.4296817260661	0.000722800660860232	0.0106888783569668	3.10228658837141	0.778818387375569	FBgn0030661	Alkaline phosphatase 11	protein_coding	32496
FBgn0031343	194.992375537592	1.39022084215713	0.405037804023861	11.4361458517878	0.000720290416863518	0.0106888783569668	8.23750349279357	2.90424423491228	FBgn0031343		protein_coding	33331
FBgn0032424	64.8585540570941	1.99873386291691	0.577219243545911	11.4200182587503	0.000726569812815839	0.0106888783569668	2.46886653152299	0.652311232323755	FBgn0032424		protein_coding	34650
FBgn0036723	201.983967739079	1.38330902884821	0.403228073539479	11.4256099775749	0.000724386397080051	0.0106888783569668	6.28950181025905	2.37425610770204	FBgn0036723		protein_coding	39945
FBgn0037147	161.144065831023	1.52422987643012	0.443270629754902	11.4173539570954	0.000727612488505347	0.0106888783569668	4.08974593474447	1.44073632151915	FBgn0037147		protein_coding	40445
FBgn0051361	307.081882202416	1.43297741789196	0.416687926385304	11.4236050842782	0.000725168490626512	0.0106888783569668	6.09811761012924	2.85671224324666	FBgn0051361	defective proboscis extension response 17	protein_coding	41470
FBgn0264086	236.027627566843	1.66534748126077	0.48184435258859	11.4157628027524	0.000728235908366137	0.0106888783569668	7.45673645893103	2.25391602856231	FBgn0264086		protein_coding	319026
FBgn0036415	317.012584852986	1.21602195969857	0.355790647946868	11.4035405531436	0.000733042657418232	0.0107208331646059	44.7814720443271	18.0216968500757	FBgn0036415		protein_coding	39573
FBgn0283479	2349.74077491833	-1.37200607612648	0.399129936396193	11.400853754822	0.00073410360822524	0.0107208331646059	42.1616083728283	85.4744849611478	FBgn0283479	Alkaline phosphatase 1	protein_coding	40372
FBgn0031920	139.705014298364	1.64129698506935	0.477163225607848	11.3780610442911	0.000743166527058806	0.0108335972428284	5.26698397357648	1.32472300526115	FBgn0031920		protein_coding	34029
FBgn0039347	152.722637174018	1.63997918175975	0.476770191320396	11.3541616427553	0.000752790945991169	0.0109541255492337	3.81316229751306	1.61369916824661	FBgn0039347		protein_coding	43090
FBgn0037460	81.048280365057	1.57843181327753	0.461790425956259	11.3464485137913	0.000755923869433525	0.0109799301610524	8.11618940632305	2.66539595360564	FBgn0037460	solwind	protein_coding	40809
FBgn0030041	5401.36689396629	1.20185097831765	0.352145618768981	11.3283120455827	0.000763342561855956	0.0110677819201951	235.471394136125	113.373504747654	FBgn0030041		protein_coding	31782
FBgn0035608	100.461514066358	1.46075709371814	0.428466054506657	11.3180245193434	0.000767583313743436	0.011109324089233	6.62399352281739	2.47875054132152	FBgn0035608	blanks	protein_coding	38620
FBgn0039651	178.979952270352	1.36757044653102	0.400946727987667	11.3100066818816	0.000770904949480997	0.0111374389481369	8.56448854926484	3.62871643699473	FBgn0039651	Cytochrome c1-like	protein_coding	43457
FBgn0015570	1434.60862307632	-1.23508812127386	0.362171240061375	11.2999188354523	0.00077510479233388	0.0111646923400529	22.8103707316443	46.0403974327698	FBgn0015570	alpha-Esterase-2	protein_coding	40908
FBgn0037296	119.299545505316	1.74412493725337	0.507555923827244	11.2986984343989	0.000775614443494254	0.0111646923400529	4.85903450419544	1.61711965710233	FBgn0037296	Proteasome beta2 subunit-related 2	protein_coding	40621
FBgn0051546	73.8191355561948	1.90545635882554	0.553648126908392	11.2955311335176	0.000776938719057666	0.0111646923400529	4.62040886351099	1.72865671026422	FBgn0051546		protein_coding	40691
FBgn0032637	163.588002435467	1.45045409571082	0.425006610962039	11.2860663674019	0.000780909649766852	0.0112018229689469	10.7653523043476	3.3962154033412	FBgn0032637		protein_coding	35048
FBgn0003435	1456.81141949733	1.28447923788314	0.376687244521133	11.2738446106109	0.00078606762923442	0.0112358976525614	46.7915474003754	18.7116028725818	FBgn0003435	smooth	protein_coding	37254
FBgn0037626	65.6514831746834	1.87937779899922	0.548094900960227	11.2741041470331	0.000785957739423313	0.0112358976525614	2.56532121232452	0.854164747811329	FBgn0037626		protein_coding	41047
FBgn0028513	271.452464032566	1.61822206118264	0.471757549854615	11.2612819235631	0.000791405378704872	0.0112850248756822	11.1773354888607	3.02763171408698	FBgn0028513		protein_coding	34773
FBgn0085217	28.0577709851138	2.20936828034971	0.648129319837608	11.2559155396617	0.000793696648017271	0.0112850248756822	4.59471438233979	0.521255639518816	FBgn0085217		protein_coding	5740108
FBgn0285943	240.116637732408	1.47895319133197	0.433306706862591	11.2454674926058	0.000798176870169776	0.0113287810254677	7.3618232829631	2.15131685730618	FBgn0285943	knotted onions	protein_coding	36845
FBgn0004882	418.573743322385	1.4522423021313	0.425478214480921	11.2324380883735	0.000803799830683037	0.0113885744431512	6.86093710525933	2.63217044904002	FBgn0004882	oo18 RNA-binding protein	protein_coding	42752
FBgn0038135	8522.57612189557	1.33995428317581	0.393422544377311	11.2068669601101	0.000814951945159746	0.0115263606114012	197.270277557179	82.6915981601387	FBgn0038135		protein_coding	41634
FBgn0030033	190.764921135517	1.49735899713359	0.439795339025814	11.1949074904398	0.000820221267860008	0.0115603960894196	3.15358392376721	1.14504746617647	FBgn0030033		protein_coding	31770
FBgn0037985	322.06109757673	1.52905399940404	0.447960563810845	11.1977519314257	0.000818964899205388	0.0115603960894196	7.31214791478136	2.88545197506572	FBgn0037985	short spindle 5	protein_coding	41465
FBgn0250844	161.078646315564	1.61240395529685	0.47272173095305	11.1821894954156	0.000825862582032741	0.0116196275479032	10.7328759210343	3.74624272920466	FBgn0250844		protein_coding	34848
FBgn0034506	88.3911472559785	1.83790423273364	0.537566774011269	11.1753819835371	0.000828898282581897	0.011621844670367	3.28673453478794	0.850480968848927	FBgn0034506		protein_coding	37308
FBgn0038334	129.855679727464	1.40732072382771	0.415038161167451	11.1757614252799	0.000828728780226849	0.011621844670367	5.25102976482234	2.48804492593753	FBgn0038334	heineken-cup	protein_coding	41879
FBgn0032878	56.1360123325911	1.76541821571444	0.519957361615838	11.1689206376741	0.000831790047898475	0.0116421775161665	2.05836004036262	0.583204405045218	FBgn0032878		protein_coding	35333
FBgn0031971	1202.64396620066	1.44325512715584	0.423661311783941	11.1630847580171	0.00083441064970642	0.0116586512232336	144.261397938838	63.9961941517024	FBgn0031971	Starvation-upregulated protein	protein_coding	34089
FBgn0038129	1111.37582135901	-1.08942306306889	0.323346894508661	11.1005200745675	0.000863035136526914	0.0120377750649246	15.9875265184026	30.5031684459009	FBgn0038129	TBC1 domain family member 5	protein_coding	41628
FBgn0039797	321.611744533409	1.40674336014875	0.415553252582736	11.0813510071341	0.00087200246154079	0.0121418825506955	9.84476435402179	4.54774374928689	FBgn0039797	eukaryotic translation initiation factor 4H2	protein_coding	43645
FBgn0038355	132.71404870315	1.65140033199765	0.486426129816881	11.0751648646874	0.000874916406263265	0.0121614886350811	6.81043511815597	2.58850550370361	FBgn0038355		protein_coding	41902
FBgn0034937	129.279086277805	1.62992162136583	0.480542734060137	11.0715751094294	0.000876611849796475	0.0121641190703717	5.54665099966863	1.7125367439825	FBgn0034937	fizzy-related 2	protein_coding	37808
FBgn0004554	145.996735831638	-1.25714881440749	0.373434881208134	11.0642094973249	0.000880101038569184	0.0121915883147251	13.2994230724856	25.9099630827775	FBgn0004554	Ecdysone-dependent gene 91	protein_coding	42117
FBgn0033865	102.197947961177	1.52554942538005	0.45165628140682	11.0587095052821	0.000882715610915976	0.0122056731623272	5.48966442398591	1.66672964007939	FBgn0033865		protein_coding	36520
FBgn0039491	113.921521129103	1.72043062397161	0.506660023157968	11.0557190178624	0.000884140515101711	0.0122056731623272	2.19226162287567	0.757558109897934	FBgn0039491		protein_coding	43270
FBgn0031808	116.075297618289	-1.52279410568795	0.450335841877417	11.0447352381925	0.000889394037658004	0.0122572461572117	1.5734307214831	3.72050991437043	FBgn0031808	Neprilysin-like 5	protein_coding	33892
FBgn0028848	269.899492433518	1.48004749198471	0.437825106955404	11.0181134901906	0.000902258491118657	0.0123815210405539	6.85146179659471	2.55155558930988	FBgn0028848	Glycerophosphate oxidase 3	protein_coding	34776
FBgn0031240	259.059591032491	1.54860677824178	0.457426841218665	11.0165683861409	0.000903010883220192	0.0123815210405539	6.39831867082437	2.30329071369063	FBgn0031240		protein_coding	33192
FBgn0034658	61.1441310721275	2.12960880962368	0.623784609021957	11.020348873659	0.000901171087354463	0.0123815210405539	8.88984560074294	2.06581519199894	FBgn0034658	Glutaredoxin 1, testis-specific	protein_coding	37483
FBgn0033063	80.8554459624107	1.61951170556733	0.480566436321228	11.0092527997534	0.000906581845758382	0.0124094152310927	9.22280673011155	2.14856380271204	FBgn0033063		protein_coding	35541
FBgn0032061	373.467219666676	1.45162131505871	0.429739337946653	11.0045649631129	0.000908877624733659	0.0124197896740254	12.1015439486326	4.34958258492965	FBgn0032061		protein_coding	34198
FBgn0026602	858.975304234301	-1.27079290214046	0.377663717357271	10.9895344151096	0.000916278260354682	0.0124997689706493	10.6057413394877	26.439396712513	FBgn0026602	Adenosine kinase 3	protein_coding	44750
FBgn0037023	107.590745163434	1.8126026540265	0.53397790973662	10.9858332180925	0.000918109959075327	0.0125036358001557	5.46976050193306	1.69047999405917	FBgn0037023		protein_coding	40298
FBgn0030721	59.7699195617764	1.62597715300807	0.484196786765638	10.9780674596944	0.000921965224789426	0.0125350019451168	2.91345842963548	0.817278375960826	FBgn0030721		protein_coding	32570
FBgn0032624	129.334296993831	1.54423861440131	0.458474160157083	10.9728622021396	0.00092455850275226	0.0125491335600458	6.98333531431142	1.72005734184312	FBgn0032624		protein_coding	35032
FBgn0051068	126.517426734234	1.42398701710512	0.42452765708954	10.9380037232607	0.000942116230944339	0.012744607506041	3.17228258594789	1.35552273540345	FBgn0051068		protein_coding	318578
FBgn0035196	335.266623980791	1.6070328600506	0.47544339696768	10.9283547699598	0.000947035582236451	0.0127897313748187	17.7925916687045	6.28354120959191	FBgn0035196	Booster for Crq	protein_coding	38138
FBgn0035231	206.992014701277	1.30848771292546	0.390895137638094	10.9133685266187	0.000954727606496957	0.0128720870618855	7.49363933059347	3.2262018888549	FBgn0035231	Phosphocholine cytidylyltransferase 2	protein_coding	38180
FBgn0051533	130.216810214429	1.60186014863019	0.476113314560641	10.9037804397024	0.000959682013470888	0.0129173199013182	2.59049512668802	1.04528096700736	FBgn0051533		protein_coding	318788
FBgn0031859	570.498397834198	1.50746325961996	0.447948996834307	10.8732726084689	0.000975619816018547	0.0131099927357168	41.737356507299	15.3531090488372	FBgn0031859		protein_coding	33954
FBgn0036222	86.5639361768433	1.76580226861777	0.524757701776342	10.8608917837634	0.000982163873223907	0.0131760057145453	2.26972741791418	0.860382277708061	FBgn0036222	Succinate dehydrogenase, subunit A (flavoprotein)-like	protein_coding	39348
FBgn0031128	147.23752061433	1.55124286408935	0.462875375629707	10.8426145418941	0.000991905788337913	0.013181048609403	7.52468426754183	2.20950773608145	FBgn0031128	hydra	protein_coding	33058
FBgn0033475	116.475948277824	1.80938523327356	0.535672719872589	10.8444175352786	0.000990940449979005	0.013181048609403	5.2915591835753	2.4291847758709	FBgn0033475		protein_coding	36044
FBgn0040732	2702.5902462488	-1.4161912603342	0.422002891583666	10.8418180585717	0.00099233253522994	0.013181048609403	72.3609289120425	217.350681722501	FBgn0040732		protein_coding	50205
FBgn0041627	225.302081889022	1.13950839350477	0.342512109459977	10.8489324959393	0.000988527266847959	0.013181048609403	7.07039390078539	2.6346237172548	FBgn0041627	Ku80	protein_coding	34930
FBgn0052440	45.0215628750488	1.97501134527762	0.588231634957041	10.8457834608526	0.000990209754078197	0.013181048609403	5.90973697253459	1.96291910145508	FBgn0052440		protein_coding	318030
FBgn0063667	58.6718300030839	-2.15709534784683	0.633363350862933	10.856886197602	0.00098429057087192	0.013181048609403	1.0984616517607	5.63666513909987	FBgn0063667	meep	protein_coding	261663
FBgn0037915	364.719933126798	1.42068977301011	0.424174537353996	10.8349308143788	0.000996030396605472	0.0132084425007977	7.50433269464848	3.40614281712638	FBgn0037915		protein_coding	41388
FBti0020159	72.4239867896183	-1.53529905662072	0.459164816207148	10.812596364784	0.00100811823102514	0.0133468243176377	1.33722532740496	4.79064014077225	FBti0020159		transposable_element	NA
FBgn0053489	64.5857615174122	1.51472653930182	0.455635987163576	10.8035887484375	0.00101303521037545	0.0133899711276467	2.86061680145345	0.851993748031805	FBgn0053489		protein_coding	2768971
FBgn0260226	24263.9965809758	-1.40885018242311	0.420707156223398	10.7955939825438	0.00101741961913865	0.0134259490917708	6109.40899857591	13425.1834906906	FBgn0260226		protein_coding	50032
FBgn0011555	5236.21754786335	1.06163992757126	0.31978186561893	10.7840478623427	0.00102378552055246	0.0134879149493992	388.089759546032	147.358354163214	FBgn0011555	thetaTrypsin	protein_coding	36218
FBgn0028520	76.1415306993	1.79010490553293	0.534265579714222	10.7741236396265	0.00102928938099552	0.0135189195848949	5.17941879829802	1.61262839390366	FBgn0028520		protein_coding	34948
FBgn0051988	528.64772717314	1.44179784670763	0.431233968873946	10.7737686307136	0.00102948681831481	0.0135189195848949	35.3372355497939	11.5909730634075	FBgn0051988		protein_coding	326182
FBgn0063497	2567.41628027154	-1.55923811022919	0.464466941428752	10.7643083558633	0.00103476226027532	0.0135661363863368	108.292211203266	318.460113531912	FBgn0063497	Glutathione S transferase E3	protein_coding	37108
FBgn0038115	1078.27430895099	-1.05769457966213	0.319533336450853	10.7284997822263	0.00105497943861592	0.0138087746292742	22.4631878834795	43.4664249790739	FBgn0038115		protein_coding	41610
FBgn0037174	104.137025637203	1.33562800831396	0.402736816502129	10.7204436650938	0.00105958262748287	0.0138242153466102	4.65681759071341	2.27108976812102	FBgn0037174		protein_coding	40479
FBgn0052064	1476.0188965046	1.48935341617674	0.445530068302902	10.722348734954	0.00105849225793155	0.0138242153466102	37.7030472613077	14.300060835735	FBgn0052064	Sperm-Leucylaminopeptidase 4	protein_coding	326188
FBgn0052087	62.5472956532439	1.76565675635898	0.529432221047508	10.715007013812	0.00106270055422506	0.0138425317353575	2.24049915971807	1.14844413409893	FBgn0052087		protein_coding	39323
FBgn0030195	46.7447577279181	1.87913672606539	0.56426592240436	10.7058546635563	0.00106797041547501	0.0138887746785445	2.41288424282048	0.697478246620882	FBgn0030195		protein_coding	31966
FBgn0031948	347.577610086617	-1.06637570710551	0.32279478247583	10.696641326441	0.0010733020921229	0.0139356715369526	5.6621115480067	10.0503109227686	FBgn0031948		protein_coding	34063
FBgn0035852	160.790576081408	1.43173421429926	0.431872978064713	10.6618487768032	0.00109368021106319	0.014097274508275	6.67459730492787	2.22732083937922	FBgn0035852		protein_coding	38915
FBgn0037388	71.3296411385594	1.74297726658533	0.523589680951981	10.663863623872	0.00109248950217566	0.014097274508275	5.05899686269641	2.04902058506482	FBgn0037388		protein_coding	40729
FBgn0037910	35.3703145366488	1.73899261434949	0.527086990214961	10.6581352436843	0.00109587822858359	0.014097274508275	4.68414327383715	1.48126912314219	FBgn0037910		protein_coding	41383
FBgn0039518	139.203035709965	1.50445079049351	0.453328374190028	10.6619858949142	0.0010935991371194	0.014097274508275	3.60969062888972	0.917589310033396	FBgn0039518		protein_coding	43303
FBgn0052392	226.14423408625	1.56642758074019	0.470201161764488	10.6575552264881	0.00109622194046517	0.014097274508275	6.89082752625898	2.51957312266035	FBgn0052392	Radial spoke head protein 3	protein_coding	38751
FBgn0037276	229.773199697937	1.33216088953273	0.402479602686253	10.6501631042047	0.00110061199494216	0.0141312280940428	4.20578683690066	1.86978350388577	FBgn0037276		protein_coding	40595
FBgn0035143	282.940049869781	1.48691097343721	0.447481852527309	10.6373604421597	0.00110825739424342	0.0141842895656257	10.4130736371146	4.62304393172806	FBgn0035143	Ppm1	protein_coding	38071
FBgn0042710	136.947052470052	1.56108401042696	0.470079427644109	10.6385305137172	0.0011075564344532	0.0141842895656257	4.9831729716462	1.79288132883122	FBgn0042710	Hexokinase testis 2	protein_coding	43191
FBgn0038345	85.4812796342607	1.71186661263176	0.51493617944382	10.6343073198554	0.00111008855538484	0.0141852455273544	5.06783030446653	2.00743280351931	FBgn0038345	maca	protein_coding	41892
FBgn0032625	91.4228821067021	1.61378877674223	0.486446267516908	10.6251878516692	0.00111557635442306	0.0142328509294165	9.5117852258349	2.98698793387269	FBgn0032625		protein_coding	35033
FBgn0025686	155.677251299466	-1.11850657170687	0.339872810259606	10.620090597386	0.0011186556649945	0.0142434380812936	3.07018605231099	6.7530832181968	FBgn0025686	Amnionless	protein_coding	33199
FBgn0028534	10278.5196136404	1.37248325530388	0.413998198168829	10.6000839965037	0.00113082522602793	0.0143593467380528	1010.78003106424	407.784371649215	FBgn0028534		protein_coding	34800
FBgn0035455	150.911826026456	1.4756776587967	0.446219108102188	10.5912106095837	0.00113626549776892	0.0144057773312117	8.01270853655856	3.14548611800423	FBgn0035455		protein_coding	38437
FBgn0051320	210.617543590957	1.21624816663214	0.369667202919682	10.5825587103223	0.00114159547122974	0.0144506661844065	3.59703502881232	1.78815358911355	FBgn0051320	HEAT repeat containing 2	protein_coding	318680
FBgn0028379	139.088330003747	1.49414102966425	0.452264750219806	10.5668430101119	0.00115134186602018	0.0145284951718421	12.2132324116589	3.88925759605351	FBgn0028379	farinelli	protein_coding	43926
FBgn0038607	179.914805847943	1.64553320571136	0.495414109068142	10.5681231119192	0.00115054484639567	0.0145284951718421	5.13961034236371	1.79770822203343	FBgn0038607	hemingway	protein_coding	42207
FBgn0017556	78.2191947865079	1.94171676317638	0.582758727702478	10.5606552258694	0.00115520240039969	0.0145544689323369	3.75828178549139	1.16991507465026	FBgn0017556	Proteasome alpha4 subunit, Testis-specific 2	protein_coding	37910
FBgn0038218	21.4546398397365	2.55296538411044	0.771604102329604	10.5552347929955	0.00115859494738585	0.0145628752880038	2.36762816953017	0.198856739230804	FBgn0038218		protein_coding	41735
FBgn0046294	932.666091591111	1.40674562939209	0.425275944111447	10.5509572321086	0.00116127930726529	0.0145628752880038	92.6218103669342	33.2522925979079	FBgn0046294		protein_coding	36944
FBgn0050376	241.194928324387	1.72921203418977	0.519193853027772	10.5526238763429	0.00116023266637386	0.0145628752880038	15.4547232689791	5.62171665332457	FBgn0050376		protein_coding	246576
FBgn0038127	46.8806664350245	1.76634962885988	0.536536715093044	10.5186776285894	0.00118174017028696	0.0147964862251743	3.54533625536618	1.1615712954118	FBgn0038127		protein_coding	41624
FBgn0020399	89.6801345001908	1.69838971362159	0.514183295989169	10.5064044572521	0.00118961506140057	0.0148406576697803	4.85714823991232	1.30671144658221	FBgn0020399	Mst89B	protein_coding	41972
FBgn0033538	369.660992783658	-1.2167157309611	0.370462645393259	10.5017452164874	0.00119261847792068	0.0148406576697803	3.86640777126008	6.31606662562897	FBgn0033538		protein_coding	36121
FBgn0034844	257.672203150419	1.52104355603733	0.460366627440879	10.5029514283123	0.0011918402004035	0.0148406576697803	4.30069603107283	2.11814030063247	FBgn0034844		protein_coding	37692
FBgn0038508	207.969160908224	-1.52019595842089	0.460510713236809	10.4963124573674	0.00119613020671858	0.0148614577683988	13.7512401186887	28.1530643704829	FBgn0038508		protein_coding	42097
FBgn0020642	1079.18687235583	-1.11876226696165	0.341918206990512	10.4579915728449	0.00122119980691479	0.0151263951543617	102.765292192677	202.300792789132	FBgn0020642	Lcp65Ac	protein_coding	38708
FBgn0027611	6267.92749211895	-1.13034555154291	0.345215190910922	10.4588613731102	0.00122062492588374	0.0151263951543617	66.0527040485848	133.2963582143	FBgn0027611	Lysosomal alpha-mannosidase II	protein_coding	34437
FBgn0037086	153.921231712466	1.47871009619239	0.45003463714353	10.4533640976081	0.00122426287462043	0.0151411132855047	11.081561846923	3.49642223947771	FBgn0037086		protein_coding	40376
FBgn0033397	153.313701370693	1.41854519775471	0.43214589551911	10.4438197734299	0.00123060513335558	0.0151962799036386	6.63887665684293	2.80046776564708	FBgn0033397	Cytochrome P450 4p3	protein_coding	35948
FBgn0010359	42097.7696025967	1.17225573076558	0.358117888348088	10.4327946685612	0.00123797278043904	0.0152639208775964	5454.94690299666	2122.2257294106	FBgn0010359	gammaTrypsin	protein_coding	36221
FBgn0002842	67.4121637115925	1.50198581966072	0.459527793475786	10.423668963815	0.00124410488897893	0.0153036680031411	5.5875136283317	2.31999529102605	FBgn0002842	spermatocyte arrest	protein_coding	40367
FBgn0033954	534.252288337924	1.53872328196722	0.466694812176304	10.4204363575006	0.0012462844364297	0.0153036680031411	25.5222851863617	10.4884627675689	FBgn0033954		protein_coding	36629
FBgn0045827	170.543273415149	1.47124424094702	0.448325476640534	10.4167475741563	0.00124877627712605	0.0153036680031411	14.0661308064451	5.19697800614978	FBgn0045827		protein_coding	50456
FBgn0264364	170.543273415149	1.47124424094702	0.448325476640534	10.4167475741563	0.00124877627712605	0.0153036680031411	14.0661308064451	5.19697800614978	FBgn0264364		protein_coding	14462783
FBgn0039022	451.721309141493	-1.26384335264817	0.386003657984818	10.4087122822222	0.00125422173252341	0.0153471131997865	6.24914913219574	13.3197787381655	FBgn0039022	Neprilysin-like 13	protein_coding	42699
FBgn0035479	31.3081458375651	1.75775774702907	0.540118480547587	10.4041331768069	0.0012573357002504	0.0153619411728022	5.26970667982015	1.71213003628687	FBgn0035479		protein_coding	38466
FBgn0024989	1158.61816712662	-1.38847625399488	0.423372424804745	10.3715087791262	0.00127974919362126	0.0154233729005968	11.5078720697438	28.5785094761894	FBgn0024989		protein_coding	30979
FBgn0033065	437.328197009498	1.2159887809637	0.372541286438244	10.3764081559171	0.00127635761157611	0.0154233729005968	21.638788857701	8.1993024636411	FBgn0033065	Cytochrome P450 6w1	protein_coding	35543
FBgn0035943	62.9065968484916	1.84571835012776	0.561035411611788	10.3732149155786	0.00127856709079131	0.0154233729005968	3.13532328183754	1.11658702775351	FBgn0035943		protein_coding	39024
FBgn0036311	190.91711105502	1.65299196407491	0.501814839254392	10.3757643676714	0.00127680275280533	0.0154233729005968	8.53722360916006	3.42303559420022	FBgn0036311		protein_coding	39452
FBgn0039577	24.6374948414732	2.10570480056895	0.646442083412115	10.3721858311033	0.00127927996337805	0.0154233729005968	2.6345097677546	0.516322727179804	FBgn0039577		protein_coding	43370
FBgn0051542	67.402591161048	2.06036119849225	0.622487662102675	10.3919274049135	0.00126567437451884	0.0154233729005968	3.82272957872581	1.36833682923633	FBgn0051542		protein_coding	318791
FBgn0051910	45.9011362127208	1.80794098644002	0.55225006872008	10.3765610674694	0.00127625190543086	0.0154233729005968	4.4394550061211	1.57241471859702	FBgn0051910		protein_coding	319021
FBgn0052119	282.605266699812	1.37130746696975	0.419050699374403	10.3768326282883	0.00127606420013732	0.0154233729005968	8.22571936612327	4.25717696164309	FBgn0052119		protein_coding	317866
FBgn0052445	254.343007549123	1.73676984711235	0.525618603417927	10.3748520961676	0.00127743380331119	0.0154233729005968	9.76419981646858	3.59180563372639	FBgn0052445		protein_coding	261603
FBgn0037987	127.937454099146	1.60367456460071	0.488656753368739	10.3645534307497	0.00128457968961624	0.0154378951984237	9.06060578556016	4.02102218246604	FBgn0037987		protein_coding	41467
FBgn0038892	114.107514321842	1.65284081769982	0.503554175425038	10.3583168227156	0.00128892671047716	0.0154671205257259	5.94058602834693	2.10355610960147	FBgn0038892		protein_coding	42548
FBgn0033137	1635.3732668245	-1.60043005189103	0.485607177996818	10.3552996353899	0.00129103508175597	0.0154694351932659	57.0447092179144	136.191732147774	FBgn0033137	Tetraspanin 42Ep	protein_coding	35626
FBgn0001216	91.335379498394	1.87410573182745	0.568758605914374	10.3338686751545	0.00130611155659971	0.0156135641568239	2.04395031975272	0.603245088655571	FBgn0001216	Heat shock protein 70 cognate 1	protein_coding	39542
FBgn0011244	514.931325097314	1.53180497368213	0.466725475151478	10.3299836412226	0.00130886366198239	0.0156135641568239	11.1289101114952	5.01666327737446	FBgn0011244	Heat shock protein 60B	protein_coding	48572
FBgn0038000	128.859227834708	1.70776321523216	0.519730230506984	10.3326032653976	0.00130700731192521	0.0156135641568239	5.02683221701254	1.91033603794577	FBgn0038000	Radial spoke binding protein 15	protein_coding	41481
FBgn0028902	120.439497527046	1.64026216846447	0.500628183254189	10.3252343184431	0.0013122359929322	0.0156307048361658	3.47059924333796	1.18167276443537	FBgn0028902	Tektin A	protein_coding	34934
FBgn0030918	36.4006654976655	1.56563032645192	0.483808414253796	10.3123026315512	0.00132146298468772	0.0157111397962619	2.09261954503785	0.716143279885608	FBgn0030918		protein_coding	32824
FBgn0031626	125.61488805856	1.4106035365208	0.433287208256504	10.3103254346684	0.0013228795271741	0.0157111397962619	4.03603374333741	1.6045123624861	FBgn0031626		protein_coding	33675
FBgn0028560	144.226605037748	1.55736409801359	0.47683525780731	10.291723776213	0.00133628198227833	0.0158076842829799	5.89777758043734	1.56046712433936	FBgn0028560	sugar transporter 4	protein_coding	36055
FBgn0037844	52.0537872068527	1.46525431786381	0.451998976990967	10.2918822446417	0.00133616722758487	0.0158076842829799	3.5509408152258	1.29038972020134	FBgn0037844		protein_coding	41306
FBgn0260996	18.2977952985092	2.53889504951653	0.781051028713145	10.2908972398134	0.00133688067920694	0.0158076842829799	3.04713521113652	0.384785422954124	FBgn0260996		protein_coding	8674090
FBgn0033330	96.5201376947061	1.54264251767881	0.473449039643495	10.281500852584	0.00134370601865779	0.0158651605360823	4.76881285863168	2.20375724541992	FBgn0033330		protein_coding	35867
FBgn0027539	591.626500463192	1.00722489832411	0.311704365290863	10.2568877082243	0.001361752192103	0.0160481804025823	19.6582614525937	7.26593317500413	FBgn0027539	lilipod	protein_coding	42956
FBgn0039801	304.477873065289	1.21658618568594	0.375245229334478	10.2549527520735	0.00136318124766858	0.0160481804025823	61.2735546486793	20.3302393353168	FBgn0039801	Niemann-Pick type C-2h	protein_coding	43649
FBgn0051391	103.826115249252	1.68265339398795	0.515464261482509	10.2482123035868	0.00136817125052115	0.0160834803773054	5.22559894122204	1.15582821925431	FBgn0051391		protein_coding	41280
FBgn0036162	228.593976735826	1.4932860858739	0.458739560854137	10.2149491700575	0.0013930683329356	0.0163286209822756	7.59436931926101	3.39660246446186	FBgn0036162	Fumarase 3	protein_coding	39281
FBgn0032281	2777.78514655636	-1.50244009055871	0.460286780274821	10.2082370079367	0.0013981476665394	0.016340724392145	365.553003558163	1172.55343242181	FBgn0032281		protein_coding	34467
FBgn0033367	23415.6437396453	1.36279583379353	0.419172006660693	10.1991881805523	0.0014050249302402	0.0163973718737281	654.488321771228	268.866651128937	FBgn0033367	Prophenoloxidase 2	protein_coding	35910
FBgn0266369	1368.26699859687	-1.01911447491707	0.316063415366295	10.1918754502083	0.00141060774702448	0.0164387708008221	15.1243186785222	33.0691831786713	FBgn0266369	Microsomal triacylglycerol transfer protein	protein_coding	35362
FBgn0039398	316.847647344101	1.58858071360308	0.487297319892882	10.1788438469592	0.00142061230548453	0.0165077193943785	9.59616709271801	2.91286814614131	FBgn0039398		protein_coding	43145
FBgn0028868	119.136473620844	1.55147975477319	0.478374878627952	10.1607937323862	0.00143458844208949	0.016646172784935	5.12350613136017	2.40608440453987	FBgn0028868		protein_coding	34858
FBgn0036729	81.0438767064464	1.4967460585253	0.463493392014793	10.1560108239073	0.00143831510861743	0.0166654703259603	5.11388329921442	1.53722832510234	FBgn0036729		protein_coding	39951
FBgn0052181	134.462129821999	1.50342568597605	0.464714631044572	10.1342360297459	0.00145540552035143	0.0168152431793393	4.60257701135647	1.17436102815642	FBgn0052181		protein_coding	317897
FBgn0033153	954.513674759722	-1.39548604881549	0.430628699370594	10.1235650711933	0.00146385578224241	0.016883368176257	20.5953099470559	46.021793840498	FBgn0033153	Growth arrest and DNA damage-inducible 45	protein_coding	35646
FBgn0037059	131.228623822857	1.83256670476218	0.561403801881492	10.1215173306398	0.00146548304749334	0.016883368176257	5.3045066593184	1.54341971799305	FBgn0037059		protein_coding	40341
FBgn0039050	226.290819165988	1.10102632065844	0.343019400102283	10.0976248996063	0.00148460541829694	0.0170793067780144	11.3495814308199	4.32229530280876	FBgn0039050		protein_coding	42729
FBgn0052703	322.228235206061	1.27981820203598	0.397472382262542	10.0850939677606	0.00149473539880663	0.0171713841831612	4.7175001021945	2.35485045821032	FBgn0052703	Extracellularly regulated kinase 7	protein_coding	31877
FBgn0003312	311.841334471789	-1.10926599353908	0.345954321881606	10.0658328473949	0.0015104427182732	0.0172780954571875	5.99929266693143	12.9326368931519	FBgn0003312	shadow	protein_coding	44858
FBgn0051265	393.272768459248	1.03183279553889	0.322248983020399	10.0697569465276	0.0015072291387047	0.0172780954571875	36.8618497494048	18.4697085316503	FBgn0051265		protein_coding	42068
FBgn0069354	238.485737322603	1.60447451333301	0.495063939394867	10.0659893707892	0.0015103144031183	0.0172780954571875	13.0911041043294	4.0346576898725	FBgn0069354	Porin2	protein_coding	34499
FBgn0037483	102.756993130318	1.47347295209782	0.4581088562319	10.0494977623563	0.00152389481828585	0.0174073190275481	3.17567359910823	1.47249393148922	FBgn0037483		protein_coding	40864
FBgn0050350	113.839851967014	1.60321214249031	0.496580781729645	10.0450766350161	0.0015275564789605	0.0174245001752613	4.30618367134763	1.88538138824425	FBgn0050350		protein_coding	246556
FBgn0038952	132.656462136273	1.43705157191735	0.446813866130621	10.0417899219596	0.00153028436981903	0.0174309965735663	2.63855627181556	1.25999280434066	FBgn0038952		protein_coding	42621
FBgn0028858	23.488331383859	2.36697374931663	0.735637032073505	10.0321817594229	0.00153828723465204	0.0174351456847765	3.993824293052	0.637083977185511	FBgn0028858		protein_coding	34944
FBgn0032755	57.064181622024	1.57390887760675	0.490748091242674	10.0291080856845	0.00154085630848958	0.0174351456847765	5.95546422836121	2.03369416518706	FBgn0032755		protein_coding	35185
FBgn0051948	480.278052334944	1.43788619163624	0.445818001984019	10.0284068363255	0.00154144304345349	0.0174351456847765	24.8650575455213	8.92101369527008	FBgn0051948		protein_coding	326178
FBgn0263982	57.064181622024	1.57390887760675	0.490748091242674	10.0291080856845	0.00154085630848958	0.0174351456847765	5.95546422836121	2.03369416518706	FBgn0263982		protein_coding	14462799
FBgn0286507	407.188416244497	1.40227699649586	0.435282504878866	10.0287779954193	0.00154113246665552	0.0174351456847765	20.3760662859313	7.58448290997468	FBgn0286507	versager	protein_coding	41537
FBgn0028857	56.1087037084301	1.75957272148231	0.546573457061207	10.0196157485252	0.00154881777038666	0.0174940591799198	2.92781472776013	0.985577303875112	FBgn0028857		protein_coding	34942
FBgn0036170	91.3502186874546	1.70227184649111	0.526636649492882	10.0140352006011	0.00155351775041747	0.0175226387602953	2.87081913101081	1.29330753009494	FBgn0036170		protein_coding	3772566
FBgn0260795	852.503557604454	-1.07386851760938	0.33584036844759	10.0033023132401	0.00156259771833413	0.017600473045002	8.33139906191958	17.6193792638045	FBgn0260795	Na[+]-dependent inorganic phosphate cotransporter type III	protein_coding	39255
FBgn0051262	110.257988801326	1.90571178971552	0.585997086097013	9.98820456526484	0.00157546140513951	0.017720649453909	2.39028179563781	1.15245366117782	FBgn0051262		protein_coding	318649
FBgn0052572	151.891138919764	1.28038245659789	0.400593789906757	9.98312538120852	0.00157981307626766	0.0177448823420551	4.0437505373426	1.64579151156598	FBgn0052572		protein_coding	32657
FBgn0033708	134.826271893524	1.30524876388882	0.407966834574685	9.96457756805697	0.00159580788001171	0.0178500615498263	4.04190232397477	1.8520339598847	FBgn0033708		protein_coding	36331
FBgn0052641	86.731713826554	1.74654510611247	0.540886750474098	9.96602491459089	0.00159455387371465	0.0178500615498263	17.4798338596296	8.61072881896029	FBgn0052641		protein_coding	318136
FBgn0036327	99.2602247180239	1.19845590937191	0.376627536394889	9.95787346415286	0.00160162947555226	0.0178904006148825	5.83349517909511	2.71317817114133	FBgn0036327		protein_coding	39469
FBgn0036730	29.7603714722367	1.8147772845028	0.569571540504646	9.95384463755677	0.00160513830321072	0.0179048300231075	3.07367078871819	0.962557827716151	FBgn0036730	quijote	protein_coding	39952
FBgn0038887	178.922761603175	1.37770014693918	0.430238774413808	9.95092076214346	0.00160768967059163	0.0179085541788938	4.83729438298803	1.71502952915003	FBgn0038887		protein_coding	42539
FBgn0032372	85.8201426825318	1.72775967823714	0.537343477927725	9.93599302682443	0.00162077975073456	0.0180295003676753	4.22237187208374	1.44846209116832	FBgn0032372		protein_coding	34586
FBgn0031520	109.530788923847	-1.22886251939847	0.385967411900348	9.91921018122768	0.00163562555624538	0.0181446593299968	2.25132096016321	4.5928638548487	FBgn0031520		protein_coding	33545
FBgn0036329	137.64411979708	1.46208112649035	0.457102705387303	9.92168010038836	0.00163343209498883	0.0181446593299968	3.67140805774029	1.16973445238746	FBgn0036329		protein_coding	39471
FBgn0020637	595.976820246916	-1.94132773764006	0.596261261333878	9.90311131407366	0.00164999577424029	0.0182289546823045	39.8602315705541	89.030433678872	FBgn0020637	Lcp65Ag2	protein_coding	38702
FBgn0031805	256.773681765607	1.20861454377002	0.379109199321477	9.9038921439365	0.00164929584519388	0.0182289546823045	8.12452430498595	3.17503301151773	FBgn0031805	Neprilysin-like 4	protein_coding	33889
FBgn0033289	619.169003145877	-1.29844502170519	0.406113376771197	9.90322802198592	0.00164989113916619	0.0182289546823045	8.62392127080434	21.1698168312886	FBgn0033289		protein_coding	35814
FBgn0267326	87.6406729250949	1.56692500692914	0.490510217174182	9.88932302302149	0.00166240517201156	0.018340961979734	2.62951163051548	0.872166367380599	FBgn0267326	Neurotransmitter transporter-like	protein_coding	34046
FBgn0038978	98.3662163620314	1.76367487241778	0.548584789802088	9.88117840294611	0.00166977967071487	0.0183971904784356	14.6637209554477	6.24539452190581	FBgn0038978	testis-enriched HMG-box-containing protein 1	protein_coding	42650
FBgn0033048	242.096079629119	1.37223606915776	0.429969629247708	9.87272400512968	0.00167746971758792	0.0184567376556403	9.64693328722457	3.61273035351173	FBgn0033048		protein_coding	35521
FBgn0033830	452.659633451837	3.72265298460118	1.06618793978213	9.86735683776044	0.00168237025663337	0.0184854723708451	22.0419284786985	1.93314064050498	FBgn0033830		protein_coding	36481
FBgn0037999	504.214582407207	-1.0055679497932	0.31745741573567	9.86145969220524	0.00168777142293802	0.018519622298434	13.1066659317064	21.4911339829439	FBgn0037999		protein_coding	41480
FBgn0030846	111.831843909465	1.3650267641531	0.429533862786539	9.85797159485772	0.00169097441960776	0.0185295921475607	4.97676093639455	1.80197731045357	FBgn0030846		protein_coding	32733
FBgn0028847	225.548282968871	1.37031602099603	0.430253334615591	9.83493790231721	0.00171228062781755	0.0187376400409953	8.52642818533756	4.21939966757534	FBgn0028847		protein_coding	34777
FBgn0030975	395.372461767931	1.16373452260669	0.366959891657457	9.8262208578368	0.00172041468096463	0.0187391499377849	13.8359064329418	5.49902217444462	FBgn0030975	Succinate dehydrogenase, subunit B (iron-sulfur)-like	protein_coding	32887
FBgn0034897	988.545961255293	-1.23766299056824	0.389058387826489	9.82942650166824	0.00171741888717493	0.0187391499377849	10.8740023098511	18.9813793465519	FBgn0034897	Sestrin	protein_coding	37755
FBgn0035491	94.6352040005918	1.7082278607921	0.534054208368566	9.83152085211568	0.00171546449378238	0.0187391499377849	21.7148368092621	4.97764446751604	FBgn0035491	Dpy-30-like 2	protein_coding	38480
FBgn0036768	136.951849641148	-1.14657048686378	0.36243102496767	9.8248472308755	0.00172170000666622	0.0187391499377849	2.08978557195171	4.81708976999569	FBgn0036768		protein_coding	39994
FBgn0040694	18.3151005275308	2.38273845398479	0.748785495083303	9.81324927731867	0.00173259126973685	0.0188323110287951	5.80704313795583	0.917259855573808	FBgn0040694		protein_coding	50167
FBgn0036785	110.540624331017	1.35526863909312	0.427894566690911	9.78439261306805	0.00175999356882236	0.0191044463196363	3.29872715539081	1.49128496860365	FBgn0036785		protein_coding	40013
FBgn0000182	150.890194599971	1.53010161063799	0.480950659231835	9.76050968302518	0.00178300471777894	0.0193282497997083	2.55131875014394	1.11187284921049	FBgn0000182	Bicaudal C	protein_coding	34946
FBgn0033834	298.491820111161	1.38437781226254	0.436134944637897	9.75653145425206	0.00178686724986681	0.0193441553752338	3.37337816511587	1.42007397342573	FBgn0033834		protein_coding	36485
FBgn0052371	112.797062251104	1.49901489313884	0.472896564736228	9.7415340015074	0.00180150493845447	0.0194765112221663	8.5758433531117	2.5231969847239	FBgn0052371		protein_coding	317999
FBgn0033705	187.947854618497	1.49736679951972	0.471773859476592	9.7249483072535	0.0018178343320255	0.0196267781623502	7.40185005743559	2.16405809482285	FBgn0033705		protein_coding	36327
FBgn0022355	11176.5034915902	-1.17212618099641	0.370996942824287	9.71931809043855	0.00182341158288443	0.0196607102047726	182.812190091648	370.138569201756	FBgn0022355	Transferrin 1	protein_coding	32821
FBgn0032869	214.632037970013	1.57314844804994	0.494781832804793	9.70877425420522	0.00183390292220572	0.0196949468081561	14.849195803516	4.41539143345513	FBgn0032869		protein_coding	35321
FBgn0034655	72.9603592985887	1.41488301654953	0.449075150310275	9.71293170194455	0.00182975888791587	0.0196949468081561	4.3679078674646	1.86573616538485	FBgn0034655		protein_coding	37477
FBgn0039059	42.9410239879347	1.50961073720502	0.479989835458398	9.70961741328748	0.00183306171521207	0.0196949468081561	5.54813995936131	1.67343277160657	FBgn0039059		protein_coding	42740
FBgn0035709	130.661800023846	1.6391345087926	0.515616371165865	9.70548900415803	0.00183718430008662	0.019703984604913	7.94193789848778	2.39570340579978	FBgn0035709	eukaryotic translation initiation factor 4E4	protein_coding	38743
FBgn0032771	189.847187373175	1.36040231281241	0.430761752738984	9.68533762565987	0.00185744253886308	0.0198684846938519	9.75271412691524	5.10757541659005	FBgn0032771		protein_coding	35209
FBgn0032613	108.238064039173	-1.41476681124958	0.448216353881404	9.68036408143438	0.00186247719970668	0.0198686018844009	1.13205782198584	3.58674757489318	FBgn0032613	Neprilysin-like 9	protein_coding	35020
FBgn0038690	77.2326204584226	1.92434150484536	0.602393522791867	9.67804046839478	0.00186483410455373	0.0198686018844009	3.64671046066565	1.71067940612711	FBgn0038690		protein_coding	42307
FBgn0038697	159.930757697582	1.41851108915151	0.449101452747091	9.67918634876023	0.00186367142889183	0.0198686018844009	11.2174264028173	3.82329232528135	FBgn0038697		protein_coding	42315
FBgn0037763	47.0097051340962	1.53567641408549	0.489100825261814	9.67141850154826	0.00187156754593627	0.0199140704887765	4.43100257856302	1.15373226299638	FBgn0037763		protein_coding	41212
FBgn0003132	99.2176512530655	1.43807078439959	0.45643582065962	9.66660417654038	0.00187647838194281	0.0199400518586449	3.56464001354299	1.083678145528	FBgn0003132	Protein phosphatase 1 at 13C	protein_coding	48531
FBgn0002933	863.86734023276	-1.37283290014808	0.433995140373029	9.65789663577435	0.00188539367956449	0.0200084617032363	87.3048492145052	187.258737671634	FBgn0002933	new glue 1	protein_coding	31300
FBgn0034139	176.971237574174	-1.2649561902412	0.402102510879502	9.64363277795044	0.00190009073780378	0.0201379695518416	4.16348085900855	8.02449154383895	FBgn0034139		protein_coding	36852
FBgn0037230	86.0235679085213	1.56847361425787	0.497222719206601	9.6410159234344	0.00190279964848543	0.0201402489661446	3.47492734263786	0.627873672697619	FBgn0037230	Neprilysin-like 11	protein_coding	40540
FBgn0031132	82.0041224038109	1.67682043756691	0.530252603760727	9.63272120356739	0.00191141206028539	0.0202049264383047	3.29769099858673	1.1227897146813	FBgn0031132		protein_coding	33064
FBgn0037828	73.4168368868502	1.74286728944052	0.551697532217984	9.60198797675815	0.00194366829704432	0.0204922521761487	9.95002573321574	2.2830865101738	FBgn0037828	tomboy20	protein_coding	41285
FBgn0266579	211.907598718693	1.05421153431907	0.337345369661714	9.60240768692653	0.00194322409201954	0.0204922521761487	7.27017253376111	2.86681375831676	FBgn0266579	tau	protein_coding	326116
FBgn0038034	130.450954350614	-1.49973390348512	0.475885422786943	9.58587184198282	0.00196080308499834	0.0206409576637735	1.20867217108178	4.48327397760648	FBgn0038034	Cytochrome P450 9f3	protein_coding	3772405
FBgn0267726	138.875887508593	1.59535682412066	0.505478771828335	9.58392386744131	0.00196288453266197	0.0206409576637735	49.8071974132726	13.9498922146266	FBgn0267726		protein_coding	26067065
FBgn0005654	267.444689336836	1.23443939463928	0.393827387942625	9.58015573493346	0.00196691721321878	0.0206564673783548	5.31387337709105	2.58936114921476	FBgn0005654	Origin recognition complex subunit 3	protein_coding	36454
FBgn0037454	84.3280400833452	1.53852123878793	0.48999126696745	9.577364229285	0.00196991011643611	0.0206610312991403	5.09294735373551	1.2172135124179	FBgn0037454		protein_coding	40803
FBgn0000392	367.16989638248	1.33456844601921	0.424828320539795	9.56840668440033	0.0019795451318423	0.0207251518334749	4.87240600212887	2.02797509342003	FBgn0000392	cup	protein_coding	33934
FBgn0051373	323.235326286521	1.11565496461779	0.356744883525672	9.56691323976297	0.00198115616833118	0.0207251518334749	37.666872030404	18.5248487551734	FBgn0051373		protein_coding	318700
FBgn0039356	66.9767293641322	-1.58368741306826	0.504756271069087	9.54725966257498	0.00200248151664463	0.0209211393640647	3.24522612960244	9.20597309427483	FBgn0039356		protein_coding	43100
FBgn0031443	49.1387602241517	1.67487165791881	0.535121593228787	9.53462427627552	0.00201631446117466	0.0210384439127217	5.04570596261687	1.75705944313759	FBgn0031443	Proteasome beta4 subunit-related 2	protein_coding	33451
FBgn0034468	1409.34799168072	-1.44053195630594	0.457647842469226	9.52747923956296	0.00202417953513449	0.0210932547684255	87.819411748453	280.514818150171	FBgn0034468	Odorant-binding protein 56a	protein_coding	37264
FBgn0039343	155.179866565532	1.29851840889599	0.415476713174861	9.52511289676727	0.00202679119617363	0.0210932547684255	5.93920394648609	1.80806591766136	FBgn0039343		protein_coding	43085
FBgn0032503	101.959080358502	1.62719379400455	0.51710725310715	9.51032824015898	0.00204318611612332	0.021219804954291	2.30034630180939	0.752231206199412	FBgn0032503		protein_coding	34739
FBgn0038708	144.310336004146	1.62787270505924	0.517276120404622	9.50941243810688	0.00204420607410085	0.021219804954291	7.16100867342267	2.29226424708417	FBgn0038708	Succinyl-coenzyme A synthetase alpha subunit 2	protein_coding	42326
FBgn0037995	89.1503129201681	1.54917118928474	0.494795360084755	9.49812279850936	0.00205682220073848	0.0212960206322615	4.5784830947827	1.46830944483184	FBgn0037995	Adenosine kinase 1	protein_coding	41476
FBgn0039778	37041.6399163855	-1.3377109390296	0.427016318260924	9.48146474493453	0.00207558186061108	0.0214352929748019	1112.83876840665	2803.72574635159	FBgn0039778	Jonah 99Fi	protein_coding	43622
FBgn0030597	376.301926280912	-1.02757320691638	0.330829011424491	9.47068146276884	0.00208781799840957	0.0215066558101476	5.79214071420679	12.091820280161	FBgn0030597	Ecdysone oxidase	protein_coding	32423
FBgn0035952	164.141128148692	1.50825202905334	0.481518986714078	9.47100188062491	0.00208745335753461	0.0215066558101476	11.459956641696	4.19570668737326	FBgn0035952		protein_coding	39033
FBgn0035161	65.3685269944793	1.65554773922297	0.529343941980162	9.4649176101726	0.00209438840195852	0.0215194411376806	9.75255466538908	3.13308412079594	FBgn0035161		protein_coding	38092
FBgn0039190	208.909308866513	1.47967292319576	0.472474059735148	9.4670020621393	0.00209200985027819	0.0215194411376806	15.3709298095161	5.02706694437524	FBgn0039190		protein_coding	42907
FBgn0260461	173.087566395397	1.64424777197593	0.523260071949759	9.46048933394476	0.00209945057880827	0.0215440443131583	9.97275364290479	1.75980637728935	FBgn0260461	Reduction in Cnn dots 7	protein_coding	40126
FBgn0028950	1600.0238878057	1.22838016618782	0.393868221689431	9.45261288589333	0.00210848521062579	0.0215906713576379	127.132467996025	60.8623146352073	FBgn0028950		protein_coding	34913
FBgn0032434	53.8380621899029	1.49793140229302	0.481175322164716	9.44723748477909	0.00211467365852972	0.0215906713576379	2.83233431500559	0.941483787907014	FBgn0032434		protein_coding	34661
FBgn0038252	49.3973605153164	1.58793801956999	0.510401160442755	9.44490771706088	0.00211736152987236	0.0215906713576379	2.30379761956464	0.858294094709648	FBgn0038252	Histone H1 variant BigH1	protein_coding	41780
FBgn0030048	57.4553846144232	1.87463038675222	0.596541244716757	9.44192710133024	0.00212080534219978	0.0215985169528442	2.93903391208663	1.24035636113767	FBgn0030048		protein_coding	31794
FBgn0005778	68.081661019041	1.75643493239509	0.560313444050441	9.43686624010726	0.00212666569250386	0.0216309220814372	3.08359250836345	1.58936671846333	FBgn0005778	Protein phosphatase D5	protein_coding	44148
FBgn0032283	6997.71099004757	-1.35654237412406	0.433980053011331	9.43149665081087	0.00213290150019825	0.021644268407833	555.811698335524	1291.61820713696	FBgn0032283		protein_coding	34469
FBgn0069913	120.333273159567	1.41417417775172	0.454105015530078	9.43112138556396	0.00213333799562099	0.021644268407833	5.0821518878959	1.79761725893066	FBgn0069913		protein_coding	37928
FBgn0053293	140.217957111131	1.47274920206578	0.471960674304228	9.42870991222281	0.00213614509956382	0.021645555613648	16.885331041074	6.39830959736701	FBgn0053293		protein_coding	2768659
FBgn0031929	1415.16235597544	1.31707693494698	0.422151570576872	9.42047866437808	0.00214575502787014	0.0217095155346473	59.7163192315687	33.2665004608768	FBgn0031929		protein_coding	34041
FBgn0032025	1803.29492379523	-1.70435798423549	0.540578266200307	9.41640978686452	0.00215052159828106	0.0217095155346473	36.7805725666985	51.8584369845337	FBgn0032025		protein_coding	34147
FBgn0037512	64.6201015154401	1.75944058469653	0.56289043618092	9.41744288148138	0.00214931034208358	0.0217095155346473	2.5145075578243	0.659263395050556	FBgn0037512		protein_coding	40915
FBgn0264299	103.538915016746	1.77948719192519	0.566437247654129	9.40626381263458	0.0021624541389609	0.021802721131396	5.12075079007783	1.53373733672406	FBgn0264299		protein_coding	14462631
FBgn0250846	65.7547150249438	1.62294770003648	0.522066604864362	9.37900553994555	0.00219484587079717	0.0221017147787505	6.16158645851986	1.49146246026379	FBgn0250846	globin 2	protein_coding	40807
FBgn0052686	175.257127555804	1.2874917134565	0.415652855038475	9.35409877916288	0.00222487342643575	0.0223761865403426	2.89079569971829	1.19684828897225	FBgn0052686		protein_coding	318153
FBgn0034097	60.4520711681318	1.60417911147183	0.517667688724331	9.33123091918021	0.00225280975074726	0.0226008590646396	6.2068055227289	2.24372954308675	FBgn0034097		protein_coding	36803
FBgn0031784	83.3617912421861	1.51065587094292	0.487765485268489	9.32602097425813	0.00225922404863752	0.0226370886064474	4.53795702045362	1.66235877695748	FBgn0031784		protein_coding	33867
FBgn0042127	101.521579839098	1.31671971573784	0.426086372099768	9.32327832535465	0.00226260814029984	0.0226429037683538	4.91529723694174	2.54977883751206	FBgn0042127		protein_coding	317813
FBgn0037850	155.286629269413	1.13084819395608	0.367684544694464	9.29175789360606	0.00230187164087974	0.0229788817944929	11.3661495852827	3.62961722201676	FBgn0037850		protein_coding	41314
FBgn0051007	73.8558325794135	1.7739395399535	0.570155051055434	9.28882484501976	0.00230556017296615	0.0229872888356477	6.10059257438131	1.93816471935195	FBgn0051007		protein_coding	318553
FBgn0031905	153.306538826397	1.4490079808043	0.468063739942632	9.28319516197915	0.00231265673762154	0.0229931208849716	3.76979922329207	1.77104287623016	FBgn0031905	gudu	protein_coding	34014
FBgn0038565	118.154258781147	1.54217142481296	0.497498180770506	9.28546763011639	0.00230978948714238	0.0229931208849716	4.42637142304361	1.94115413235918	FBgn0038565		protein_coding	42159
FBgn0061197	955.261540898814	1.31973544459349	0.426273735077931	9.2815882684028	0.00231468638923748	0.0229931208849716	16.9776130306131	7.86441797490533	FBgn0061197	salto	protein_coding	36332
FBgn0032109	87.5337287764055	1.77198862685867	0.56908321705959	9.278366700243	0.00231876096578136	0.0230052992133296	2.35982016094975	1.13880998655622	FBgn0032109		protein_coding	34249
FBgn0028531	218.086806348654	1.4787682289295	0.47697337448094	9.27283766199326	0.00232577095506969	0.0230465352553899	6.39905487515725	2.89480663420774	FBgn0028531		protein_coding	34834
FBgn0029963	108.727044681559	1.39921351651885	0.453806897682145	9.25895388521809	0.00234346843267285	0.0230582187930079	3.80364158357727	1.66488087867542	FBgn0029963		protein_coding	31688
FBgn0030766	272.599308087601	-1.0457529372769	0.34045917350658	9.26051232651393	0.00234147511830673	0.0230582187930079	2.15111803007034	3.68830208306394	FBgn0030766	methuselah-like 1	protein_coding	32637
FBgn0035742	1015.70406910153	-1.17028223554831	0.379514114947753	9.26571999896072	0.00233482674791266	0.0230582187930079	249.643060625214	651.102528356822	FBgn0035742	Acyl-CoA binding protein 4	protein_coding	38781
FBgn0038361	33.3907387048624	1.82069957113535	0.59046218520764	9.26044462944656	0.00234156167005738	0.0230582187930079	2.30812128563475	0.904818617237175	FBgn0038361	Uroporphyrinogen III synthase 2	protein_coding	41908
FBgn0051787	58.2097471315927	1.78929591596408	0.577250161952873	9.25847528028031	0.00234408093475229	0.0230582187930079	6.30307256330616	1.12861977336205	FBgn0051787		protein_coding	318941
FBgn0259716	1144.30088390106	-1.03364972156297	0.33622480253355	9.26250720297605	0.00233892609440698	0.0230582187930079	18.5678741926628	35.5569155238068	FBgn0259716	Neprilysin-like 6	protein_coding	33893
FBgn0040763	73.0556364250759	1.52927086351172	0.496055824451236	9.23360929250821	0.00237612803745088	0.023345024367948	16.7695415803362	5.431083051039	FBgn0040763		protein_coding	50236
FBgn0288740	19.4871173667259	2.09808321821481	0.685480342011733	9.22556325047803	0.00238659263229612	0.0233625722405133	2.30223355759353	0.391779006585057	FBgn0288740		protein_coding	5740411
FBgn0288741	19.4871173667259	2.09808321821481	0.685480342011733	9.22556325047803	0.00238659263229612	0.0233625722405133	2.30223355759353	0.391779006585057	FBgn0288741		protein_coding	5740411
FBgn0288743	19.4871173667259	2.09808321821481	0.685480342011733	9.22556325047803	0.00238659263229612	0.0233625722405133	2.30223355759353	0.391779006585057	FBgn0288743		protein_coding	5740411
FBgn0031451	89.7114838835157	1.43910845121226	0.468097874953348	9.20047441456086	0.00241952413462629	0.0235991267043985	3.60131180912022	1.53953016858253	FBgn0031451		protein_coding	33459
FBgn0036218	115.914953706175	1.43493599149918	0.46638611715969	9.20219163528706	0.00241725548854164	0.0235991267043985	4.45745824194068	1.3295844165973	FBgn0036218	Spermitin	protein_coding	39344
FBgn0034005	224.994564960703	4.08409770541271	1.19542619888003	9.17811302555972	0.00244926412564964	0.0238080387491829	3.57685977320235	0.274768431605835	FBgn0034005	Integrin alphaPS4 subunit	protein_coding	36693
FBgn0036159	106.287026761543	1.63153733140544	0.528340415012965	9.17818787810832	0.00244916395764474	0.0238080387491829	4.29088603127874	1.33262128276333	FBgn0036159		protein_coding	39278
FBgn0037283	116.547996810316	1.39908513066536	0.455465808188994	9.1777223117056	0.00244978704811429	0.0238080387491829	17.3280377889607	6.78795946922965	FBgn0037283		protein_coding	40603
FBgn0039669	85.375157500336	1.60092177908491	0.519925012713621	9.1502628362225	0.00248682342652348	0.0241389254718793	9.21388153255522	4.16399941306657	FBgn0039669	NADH dehydrogenase (ubiquinone) 20 kDa subunit-like	protein_coding	43477
FBgn0031757	67.184987442989	1.95870118078936	0.631234502759957	9.14380759012035	0.00249561222429402	0.0241661442726601	4.5311717327937	0.889360495677553	FBgn0031757	Uncoupling protein 4C	protein_coding	33832
FBgn0039756	1555.42731821952	1.4167543079356	0.459674672763231	9.14513136470332	0.00249380734343322	0.0241661442726601	59.948815014142	30.6901468279237	FBgn0039756		protein_coding	43593
FBgn0033725	22398.8410732848	-1.61439849874576	0.521140142139608	9.1345442812278	0.00250827929927068	0.0242391868319309	274.418730664021	1037.70973433372	FBgn0033725	Cuticular protein 49Ac	protein_coding	36348
FBgn0039688	1287.97847342252	-1.47864720422103	0.479331035749507	9.13327847433236	0.00251001528232099	0.0242391868319309	5.13709763071393	8.01931769761238	FBgn0039688	Kuzbanian-like	protein_coding	43501
FBgn0051709	276.4994221728	1.36184027033888	0.443735639303114	9.13171629269196	0.00251215940791557	0.0242391868319309	23.4293056740363	6.98649834140756	FBgn0051709		protein_coding	261620
FBgn0029940	64.7111035177795	1.45117720144861	0.475338796792909	9.12202079526948	0.00252550830775061	0.0243389082260071	5.01451240691249	1.66650215766143	FBgn0029940		protein_coding	31661
FBgn0033782	1067.85623952418	1.45662343268761	0.472922587504291	9.11784622164269	0.00253127807182028	0.0243407056853042	70.1130741748543	21.2244257379859	FBgn0033782	sugarbabe	protein_coding	36424
FBgn0037939	496.463948507517	1.40128303577549	0.456012020844336	9.11752490014919	0.00253172273101232	0.0243407056853042	13.1966398494137	5.55286376471302	FBgn0037939		protein_coding	41413
FBgn0011596	202.55848059829	1.30963914328784	0.428112268779852	9.11167318656101	0.0025398344799924	0.0243896590492492	6.32869917925855	2.11342654980125	FBgn0011596	fuzzy onions	protein_coding	42745
FBgn0035620	631.040912932621	-1.16921915974102	0.382636140386649	9.09965525669432	0.00255657677049191	0.0244947747025927	12.1546346280744	20.3555992859677	FBgn0035620	Alkaline phosphatase 9	protein_coding	38633
FBgn0037464	77.8230399253588	1.3502968582759	0.443535479599385	9.09338639091448	0.00256535439912065	0.0245471589186	2.6638313628384	0.843816614241551	FBgn0037464	Male-specific transcript 84B	protein_coding	40840
FBgn0030622	48.1687817190776	1.80174489597968	0.587326286575316	9.07564562786393	0.00259036105778687	0.0246404663164744	2.98844336982521	1.00652488321895	FBgn0030622		protein_coding	32452
FBgn0031856	60.1888772887932	1.83578613180318	0.596834175682134	9.07889934133156	0.00258575629704869	0.0246404663164744	2.4853701059084	0.474747148194398	FBgn0031856		protein_coding	33949
FBgn0032810	85.7264251417276	1.72428455406044	0.560609810788508	9.07760714685942	0.00258758405702386	0.0246404663164744	8.58763603231938	1.79844196588804	FBgn0032810		protein_coding	35252
FBgn0033969	117.73970643126	1.47656139319272	0.482604768611712	9.07693443170128	0.00258853610608507	0.0246404663164744	3.15755117190552	1.1865248304907	FBgn0033969	Phosphoglucomutase 2b	protein_coding	36649
FBgn0036082	130.971630478954	1.21641499882107	0.39967061821872	9.08391057345315	0.00257868048681743	0.0246404663164744	4.16037941359511	1.70017969720949	FBgn0036082		protein_coding	39193
FBgn0038716	573.299179384476	-1.21230029343496	0.397598220001397	9.05488369593638	0.00261994069384981	0.0248892192154705	8.43022341092801	19.8254294541028	FBgn0038716		protein_coding	42335
RR48348_transposable_element	212.401519847421	-4.77684887146047	1.36608086131348	9.05297632203562	0.00262267527889617	0.0248892192154705	0.0311197521226446	3.15357740679676	RR48348_transposable_element		transposable_element	NA
FBgn0033042	41.1895661700652	1.90180128045196	0.621460200136936	9.04086074236572	0.0026401130655812	0.0250252970864246	3.36600479433293	0.682276292268766	FBgn0033042	Tetraspanin 42A	protein_coding	35515
FBgn0034907	155.838481869201	1.47653180661162	0.483014990008308	9.03744897383379	0.00264504478363388	0.0250426514333262	9.45445361497858	2.88219993499957	FBgn0034907		protein_coding	37766
FBgn0038660	736.735843688571	-1.00942539409713	0.3326924926976	9.03216865616714	0.0026526959383678	0.0250856819651737	14.6381240561314	25.6590372424354	FBgn0038660	N-sulfoglucosamine sulfohydrolase	protein_coding	42266
FBgn0002440	2599.24299147613	-1.04508184512449	0.344558031572081	9.0065404415772	0.00269015151368913	0.025261767768093	35.1516286843853	71.7949278396848	FBgn0002440	lethal (3) malignant blood neoplasm	protein_coding	38701
FBgn0029705	81.1163930139515	1.34592877034814	0.444031617002639	9.00093093028268	0.00269842117152696	0.025261767768093	3.66557386631835	1.44117477360131	FBgn0029705		protein_coding	31375
FBgn0032457	49.0341942363314	1.6866244967604	0.554279721448596	8.99781579468029	0.00270302471073597	0.025261767768093	2.31085983673872	0.866592042172265	FBgn0032457		protein_coding	34687
FBgn0033819	96.6985339429421	1.48159345062916	0.48653486238902	9.0046618660032	0.00269291807920333	0.025261767768093	2.10198924551762	0.997250347887078	FBgn0033819		protein_coding	36470
FBgn0035198	751.967049172639	1.29898538521438	0.426447289993438	8.99625330458817	0.00270533675651279	0.025261767768093	19.2409010995569	8.48531179635466	FBgn0035198		protein_coding	3772453
FBgn0036443	74.7353104372999	1.49674515304799	0.492345769977746	8.99610947018762	0.00270554969186214	0.025261767768093	6.62630144062515	2.75738038687786	FBgn0036443		protein_coding	39604
FBgn0038210	38.206315809436	1.94946834166216	0.637694622326888	9.00182985658482	0.00269709422114584	0.025261767768093	3.26774212379375	0.844527950383893	FBgn0038210		protein_coding	41725
FBgn0038357	59.8141712774971	1.54593196778272	0.508113188737924	9.00254624945461	0.00269603719194577	0.025261767768093	3.89462117933656	1.7059599540017	FBgn0038357		protein_coding	41904
FBgn0039235	28.2884927810064	2.05444873768979	0.673780415995532	9.01123161105819	0.00268325545381589	0.025261767768093	2.56579689037523	0.592354980053483	FBgn0039235	Carbonic anhydrase 4	protein_coding	42965
FBgn0040356	28.8416905300832	1.85448346360815	0.611513586676623	8.99166162808151	0.0027121427731392	0.025292135862331	2.37278980902763	0.522843459919642	FBgn0040356		protein_coding	31272
FBgn0051279	49.1383496331265	1.42256083898257	0.46948847073383	8.9895756611153	0.00271524043990106	0.025292135862331	2.68206180956946	1.2027770188515	FBgn0051279		protein_coding	318657
FBgn0064912	141.471504901263	1.46397258253799	0.480683791371473	8.98663921419883	0.00271960716055478	0.0253036260698623	10.4972386941408	2.90266890454699	FBgn0064912		protein_coding	42575
FBgn0034681	33.2671624751797	2.06732776126876	0.677638324233001	8.95361960602837	0.00276920354188971	0.025705848050921	3.41202198898094	0.650955642625317	FBgn0034681		protein_coding	37507
FBgn0034838	72.8138796589825	1.6576510948457	0.544391468697032	8.93877097882541	0.00279180501859429	0.0258858981976665	3.46761471548112	1.5606734282377	FBgn0034838		protein_coding	37685
FBgn0031440	94.3152086761115	1.5521454875341	0.511706345901952	8.90688352649154	0.00284097693454649	0.0262814773463889	5.32249446782997	1.47232335348638	FBgn0031440		protein_coding	33447
FBgn0031715	29.7077373421788	1.82515323618411	0.603616081360417	8.90710345349432	0.00284063480231286	0.0262814773463889	2.38236380157105	0.920080559913295	FBgn0031715	tombola	protein_coding	33779
FBgn0032803	105.284878058233	-1.55267978730353	0.511302910508361	8.89942345755105	0.00285260710494098	0.0263588729742601	2.12140434975679	4.73735742153342	FBgn0032803		protein_coding	35244
FBgn0036941	48.198251555104	1.76084776793533	0.580065820428939	8.89201560965045	0.00286420371200988	0.0264056040846938	2.0099188866432	0.936687695943958	FBgn0036941		protein_coding	40203
FBgn0038921	227.583649541965	1.3121635767166	0.434754630321665	8.86149560054598	0.00291248845550312	0.0267895862945822	11.1591100792748	4.38293259598036	FBgn0038921	Testicular haploid expressed gene	protein_coding	42585
FBgn0039498	77.6810184612886	1.42571849478446	0.473276355789605	8.85716538309841	0.0029194058135257	0.0268226636519153	5.22434720665417	2.01090502396579	FBgn0039498		protein_coding	43279
FBgn0052238	89.9424109809442	1.50399318812338	0.498130141542518	8.8509860381909	0.00292930599130479	0.0268830399838381	2.49210612396509	0.917526873961818	FBgn0052238	Tubulin tyrosine ligase-like 1B	protein_coding	326203
FBgn0050177	58.8469559660894	1.67331486949943	0.553747476285959	8.84032832008435	0.00294646135153485	0.02700978646424	2.38421201976679	1.02230511886555	FBgn0050177		protein_coding	246500
FBgn0039309	107.972634612951	-1.39729042014905	0.463087224431315	8.81985763352922	0.00297969912372162	0.0272526048960089	1.99007632583502	4.90826546759149	FBgn0039309		protein_coding	3772439
FBgn0051528	163.521919079162	1.26369778003347	0.420339399488872	8.82167121257661	0.00297673914352812	0.0272526048960089	7.82994191855813	3.58400127805945	FBgn0051528		protein_coding	318785
FBgn0050293	230.830566070472	1.21995644727112	0.406106453730563	8.81227810897114	0.00299210221907093	0.0273350876936842	7.67805884793269	3.40634437300283	FBgn0050293	Chitinase 12	protein_coding	246535
FBgn0031786	70.7169456533048	1.77341995708173	0.58531260722127	8.80626295553712	0.00300198270304784	0.0273634450449372	4.6131405215941	1.93533307663509	FBgn0031786		protein_coding	33869
FBgn0038957	109.056775443579	1.22455685004497	0.408717176123873	8.80689196711023	0.00300094793948745	0.0273634450449372	5.90216599702241	2.25602017926422	FBgn0038957		protein_coding	42626
FBgn0050378	89.8137889017867	1.58664269323631	0.525877595131289	8.80286368953653	0.00300758098462698	0.0273835671159498	4.96315951215722	1.49967814032783	FBgn0050378		protein_coding	246577
FBgn0052351	1378.98981278917	1.28561657525852	0.426699159603455	8.80001219814451	0.00301228531047455	0.0273955137020185	31.8702058777109	15.8006943265151	FBgn0052351	Sperm-Leucylaminopeptidase 2	protein_coding	326209
FBgn0046332	177.858627437291	1.27958939011622	0.426389460649962	8.78590373622653	0.00303567135732355	0.0275771449738413	5.84872099820815	2.42282828545091	FBgn0046332	gasket	protein_coding	318552
FBgn0267491	27.1077200805274	1.77454047727841	0.593496007037377	8.77270719427444	0.00305771275687618	0.027746166544418	3.52130403068436	1.07080962403546	FBgn0267491	Male-specific transcript 77Y 13	protein_coding	26067045
FBgn0031184	63.5460163575282	1.36163193586346	0.45532130866142	8.76823241625988	0.00306522356949606	0.0277519568915361	3.1932175116493	1.30941958664664	FBgn0031184		protein_coding	33129
FBgn0031620	172.625167392964	1.24754141540255	0.416584044164065	8.76542404891538	0.00306994692043279	0.0277635961135669	3.84206706719913	1.37446722073473	FBgn0031620		protein_coding	33668
FBgn0033687	53.3922961231173	1.6614196117923	0.552300691537028	8.76248425947591	0.00307489923049541	0.0277772776123948	6.2218188921156	2.69605763408796	FBgn0033687		protein_coding	36303
FBgn0034276	1304.9806261881	-1.09885268091549	0.367225063522135	8.74871111069835	0.0030982095171004	0.0279460011808418	14.1979382416796	26.7200952200891	FBgn0034276	Sarcosine dehydrogenase	protein_coding	37026
FBgn0034882	90.0425323560703	1.6470166165245	0.546466472246698	8.74736496310685	0.00310049740688884	0.0279460011808418	5.65114419912931	2.05942147808718	FBgn0034882	Entomoglyceroporin 1	protein_coding	37736
FBgn0040333	173.629240670326	1.18769223388539	0.397411239063281	8.74222842881898	0.00310924315721319	0.0279935872214646	4.5928736516389	1.97128849057804	FBgn0040333	brivido-3	protein_coding	31246
FBgn0033174	294.58414685527	1.22822196683699	0.410596512679669	8.72479933549917	0.00313910617227237	0.028171523022915	11.2505634906776	4.92216278619591	FBgn0033174		protein_coding	35669
FBgn0036652	202.810050110258	1.23809147390987	0.414214547595338	8.72290356186755	0.00314237191645115	0.028171523022915	4.75371444390564	2.4327408316778	FBgn0036652		protein_coding	39863
FBgn0051055	192.857516833089	1.35109315640707	0.450891318219872	8.72256258555156	0.00314295966365112	0.028171523022915	4.71776250256359	2.34258395872435	FBgn0051055		protein_coding	318574
FBgn0030394	1160.77034276808	-1.18912606450684	0.397337051669023	8.71585414715207	0.00315454586821793	0.0282127490938295	24.508890605227	61.5332802857445	FBgn0030394	Cuticular protein 11A	protein_coding	32198
FBgn0037742	157.918349874712	1.06696238525689	0.358918210396937	8.70340754983527	0.0031761575921823	0.0283746114098056	6.98196582094528	3.24028702685921	FBgn0037742	Regulatory particle triple-A ATPase 3-related	protein_coding	41190
FBgn0037826	86.1064820304821	1.56504963587156	0.522601738072166	8.67340304884624	0.00322887673876684	0.0287623319373233	2.58829694116179	1.25731032250788	FBgn0037826		protein_coding	41283
FBgn0038180	518.774855842595	-1.27443269560597	0.426364017296111	8.67263260801059	0.00323024208359983	0.0287623319373233	7.79319733470797	18.0790195710652	FBgn0038180	Chitinase 5	protein_coding	41687
FBgn0053868	25.1380879348775	2.11303159433273	0.705516205415049	8.66654484723496	0.00324105122844923	0.0288267948468678	6.63107391649954	1.11696750823258	FBgn0053868	His2B:CG33868	protein_coding	3772265
FBgn0034833	41.2767285420557	1.61556883678747	0.541751333996975	8.66430803498905	0.00324503203627959	0.0288304496424576	3.37837516232478	1.50045943814207	FBgn0034833		protein_coding	37680
FBgn0035955	73.9519622901039	1.2673251213736	0.427163842683915	8.65507329689195	0.00326151958205232	0.0289450902688511	6.39785732815563	1.84210212459122	FBgn0035955		protein_coding	39037
FBgn0053322	77.8869807854769	1.43725305322699	0.482900834761191	8.64669573283026	0.00327655038791602	0.0290465652390887	3.22823461445278	1.14218276298838	FBgn0053322		protein_coding	2768932
FBgn0037936	677.360181077839	1.39997225920022	0.467895334638026	8.63534008024057	0.00329703686371936	0.0291961290695148	25.2445249018785	14.2204622656659	FBgn0037936		protein_coding	41410
FBgn0052110	49.4957434976227	1.51845989902986	0.511775529668364	8.61740431955127	0.00332965992402337	0.0294527202041761	2.7456716961999	0.871223601595178	FBgn0052110		protein_coding	317858
FBgn0031460	36.311355081484	1.63734530624153	0.553015780702308	8.58324462215423	0.00339270289227412	0.0299447743803342	3.23065100677558	1.38752017455198	FBgn0031460		protein_coding	33472
FBgn0036224	152.448508396709	1.1504646046851	0.389008241139612	8.57965181338788	0.00339940368439449	0.0299711617414519	8.37015086343853	3.1523664531441	FBgn0036224	Regulatory particle triple-A ATPase 4-related	protein_coding	39351
FBgn0035056	96.4107440522267	-1.0917146680092	0.370304188931922	8.57011341920417	0.00341725867651685	0.0300957263593785	1.98028339223748	3.40878858799467	FBgn0035056	spatzle 6	protein_coding	37956
FBgn0000274	73.6926547364613	1.50991358538655	0.509185619555086	8.55082107488	0.00345366414611615	0.0302855541149444	2.99510936811429	1.14774861903704	FBgn0000274	Protein kinase, cAMP-dependent, catalytic subunit 2	protein_coding	43644
FBgn0031574	745.71612165953	1.23948610623616	0.417948840848856	8.55074251659991	0.00345381319215747	0.0302855541149444	11.0290528027312	5.36631257105529	FBgn0031574	Tubulin tyrosine ligase-like 4B	protein_coding	33609
FBgn0264272	829.80791862606	1.48355683370563	0.496960576706497	8.55221824123505	0.00345101444037277	0.0302855541149444	19.9943538990294	6.20891528347572	FBgn0264272	multiple wing hairs	protein_coding	38131
FBgn0265263	154.35316382591	1.56813927313605	0.525910256991317	8.55220761143437	0.00345103459183169	0.0302855541149444	39.9674425916112	14.8878889833017	FBgn0265263		protein_coding	10178824
FBgn0051793	344.677004010514	1.21300737517539	0.409770725665587	8.53565737005104	0.00348255528118808	0.0305044646972614	5.05988363977896	2.55655726936533	FBgn0051793		protein_coding	326161
FBgn0030780	183.617244520907	1.31570834085016	0.44441963592107	8.53050439990422	0.00349242898154584	0.0305247364231215	2.95638930248541	1.42646218562386	FBgn0030780		protein_coding	32654
FBgn0033285	108.042639537489	1.41149807793488	0.47667437165987	8.53192326044698	0.00348970744086722	0.0305247364231215	14.1224116706814	4.4605108028067	FBgn0033285		protein_coding	35810
FBgn0028988	137.614476575099	-1.31905411789386	0.446377374429419	8.50929584770551	0.00353336764198766	0.0307518472731303	3.36000528321323	9.46376595303092	FBgn0028988	Serpin 42Dd	protein_coding	49808
FBgn0035047	701.977364027303	1.1577970356476	0.39211569457614	8.50915318953517	0.00353364465941864	0.0307518472731303	24.5674377681024	10.5878710536432	FBgn0035047	Painting of fourth	protein_coding	37947
FBgn0036106	2277.81156235309	-1.05099820122572	0.356348885559376	8.51466930171411	0.00352294938959187	0.0307518472731303	84.0413446824013	139.338795248617	FBgn0036106		protein_coding	39220
FBgn0052299	37.0266360670565	1.62390760331536	0.550349621503896	8.51207217273073	0.00352798089430361	0.0307518472731303	5.05310836200738	1.60374305575997	FBgn0052299		protein_coding	317964
FBgn0050366	69.0825483982769	1.53757539774307	0.518915909735288	8.50119920549952	0.00354912490847203	0.0308515399847716	3.84273590304695	0.983251292627794	FBgn0050366	swift-tuttle	protein_coding	246569
FBgn0051473	140.952835818082	1.34202484795076	0.454029806020174	8.49934654799463	0.00355274048858812	0.0308515399847716	9.00011532449169	4.28254574207653	FBgn0051473		protein_coding	318753
FBgn0037186	772.608560519486	-1.01289555797054	0.344295557150784	8.48973806439948	0.0035715522315228	0.0309815852006209	14.6122018289622	28.590990534041	FBgn0037186		protein_coding	40492
FBgn0037455	55.7668104660886	1.58925462374819	0.538422178924999	8.47437895893155	0.00360183329449496	0.0312107357149585	3.36302772137286	0.96974589429679	FBgn0037455		protein_coding	40804
FBgn0035003	55.2630053369485	1.70505006084442	0.575950095276661	8.47152491137467	0.00360748885706519	0.0312262379524743	3.25753999327239	1.21414885985451	FBgn0035003		protein_coding	37898
FBgn0036403	212.486245695132	1.31643115082404	0.446106286536148	8.46870690995246	0.00361308185092281	0.0312411659829257	5.61241815457285	2.70368251985382	FBgn0036403		protein_coding	39556
FBgn0035730	44.5950061264469	1.63466215238177	0.555168530176382	8.46490779942173	0.00362063604924671	0.0312609555684063	4.59444332683182	0.96938747278897	FBgn0035730		protein_coding	38768
FBgn0085479	90.7191764706216	1.44730404340249	0.490219180151025	8.46366424523358	0.00362311223526848	0.0312609555684063	3.75261728237539	2.06915396924246	FBgn0085479		protein_coding	5740775
FBgn0004173	86.5255076637186	1.53688837815822	0.520200717944826	8.45677427047194	0.00363686290630817	0.0313461097452986	27.9811542674634	9.21684142751442	FBgn0004173	Male-specific RNA 84Db	protein_coding	40888
FBgn0040363	90.1518732665978	1.98844166053244	0.663533740020935	8.45023545924	0.00364996182516494	0.0314254708955566	4.57437101238479	0.904296752975129	FBgn0040363		protein_coding	31061
FBgn0030620	43.6157958287395	1.85831279599478	0.627642488385715	8.42731401547675	0.00369625945167277	0.0316889504582901	2.8085799444072	1.06923907813651	FBgn0030620		protein_coding	32450
FBgn0039463	73.7965227768101	1.41045613175459	0.480891955048699	8.4131164811957	0.00372523529285987	0.031903499708522	3.80020575876756	1.0526211064344	FBgn0039463	Spag1 axonemal dynein assembly factor	protein_coding	43239
FBgn0032478	118.927291725539	1.56676058171581	0.532287384589827	8.35100876596351	0.00385473260526055	0.0329372475670106	7.03219321952078	2.00695334393286	FBgn0032478	Radial spoke head protein 1	protein_coding	34712
FBgn0039678	1436.06831297564	-1.24293437063278	0.423908797387848	8.34938600721777	0.00385817684477366	0.0329372475670106	150.71974855264	276.573520107284	FBgn0039678	Odorant-binding protein 99a	protein_coding	43488
FBgn0016034	101.78300575894	1.16652616377445	0.401086054877048	8.32283061888294	0.00391498650881656	0.0333869388016922	3.50593536023256	1.38840333084883	FBgn0016034	maelstrom	protein_coding	40489
FBgn0025111	359.336088520428	1.2283840876211	0.421058787308222	8.28987907179591	0.00398666434837586	0.0339623431197082	19.910771654779	7.78159523279805	FBgn0025111	Adenine nucleotide translocase 2	protein_coding	32008
FBgn0032089	68.1380785756412	1.21923503775817	0.420298436574898	8.28789600273806	0.00399102037719166	0.0339636254649102	4.53871880289676	2.05188663942115	FBgn0032089	Rcd-1 related	protein_coding	34229
FBgn0031155	59.2326570179605	1.62833346510276	0.557554715925482	8.2781563208077	0.0040124850660417	0.034110346729845	3.72532319512909	1.05346881176999	FBgn0031155		protein_coding	33088
FBgn0039246	83.8359318149473	1.63920969223128	0.5592733868113	8.27612527189743	0.00401697595186283	0.0341126159697626	2.11462934169011	1.08143058740863	FBgn0039246		protein_coding	42978
FBgn0038539	78.1537074598337	1.5564814076201	0.532955831474596	8.26979727733618	0.00403100070368793	0.034195758070361	11.2052863357222	3.40500293044513	FBgn0038539	Autophagy-related 8b	protein_coding	42132
FBgn0036328	69.4804346165712	1.51531328989542	0.519701455130063	8.26592941670378	0.00403959757865919	0.034232728274136	3.38298746597748	1.61360965654906	FBgn0036328		protein_coding	39470
FBgn0039376	41.1442574971129	1.80052548421918	0.616602556609677	8.26377375123738	0.00404439694840371	0.0342374735380591	2.86480504616751	0.532189575525488	FBgn0039376		protein_coding	43120
FBgn0250822	37.6227300602353	1.61664022378289	0.556378266527681	8.25867515100107	0.00405577156774149	0.0342978127550579	6.03197636252915	2.19652637806584	FBgn0250822		protein_coding	5740154
FBgn0265627	214.980510817384	1.26220215774748	0.433823315701524	8.2549720805045	0.00406405326126539	0.0343318976338696	2.78098857706596	1.21750326799375	FBgn0265627		protein_coding	19835622
FBgn0035568	91.0562347265436	1.69142501689161	0.577270720551764	8.24310412713315	0.00409071136154508	0.0345209874146688	4.94149051185368	1.88680912381321	FBgn0035568		protein_coding	38572
FBgn0036346	72.8790378562377	1.56677460822185	0.537251998279063	8.23932327775466	0.00409924132400321	0.0345568610987995	2.76257813422622	1.10970873244054	FBgn0036346		protein_coding	39490
FBgn0033820	2079.41517552232	1.19155557275511	0.409693551629602	8.23052091651719	0.00411917050007285	0.0346886558483716	281.005972296717	103.542314255315	FBgn0033820		protein_coding	36471
FBgn0261534	1531.95111592913	-1.0766675842208	0.37119682969684	8.22680797047543	0.00412760641763568	0.0347234889883602	121.076864548789	225.14271276312	FBgn0261534	lethal (2) 34Fc	protein_coding	34838
FBgn0038445	50.7978391937496	1.53098253776021	0.52789145883189	8.22375546853421	0.00413455495579107	0.03474575007593	2.72590088253046	0.736815011159423	FBgn0038445		protein_coding	42013
FBgn0034863	44.0513700911193	1.67058336327629	0.57425714905305	8.22110910909635	0.00414058860836885	0.0347602844087181	4.3815933502104	1.89826892188342	FBgn0034863	SKP1-related F	protein_coding	37713
FBgn0032768	109.252797597726	1.48499104085608	0.510095738218955	8.21366561797107	0.0041576077318681	0.0348669159320527	6.50268980149651	2.21438881545554	FBgn0032768		protein_coding	35205
FBgn0000615	1495.77549513193	1.07409668576304	0.370849738736423	8.20772217693704	0.00417124818422815	0.0349450210952558	35.3162535979114	17.2982809044658	FBgn0000615	exuperantia	protein_coding	37345
FBgn0037310	76.7669381577695	1.52178267582222	0.523779928852803	8.19552693755586	0.0041993795732084	0.0351442377546436	6.49472860193666	2.36536938553956	FBgn0037310	Tim17b1	protein_coding	40635
FBgn0032069	16684.4473473386	1.23508999345925	0.425517264394598	8.1798614569619	0.00423579951172034	0.0354123362905316	435.141009303095	180.980420076085	FBgn0032069	Lysosomal alpha-mannosidase VI	protein_coding	34206
FBgn0051141	54.2237103756562	1.49960769816009	0.518792307611902	8.17313673339383	0.0042515319794837	0.0354704258949487	4.92547080756693	1.18470996010697	FBgn0051141		protein_coding	318605
FBgn0035413	45.9359671019829	-1.46586266059015	0.507289952345491	8.16940692042144	0.00426028349446936	0.0354828260573966	4.33640165574465	8.66546566741597	FBgn0035413		protein_coding	38387
FBgn0052601	30.4796791742306	1.59617185146793	0.553975036590479	8.16875904920551	0.0042618055071415	0.0354828260573966	2.42448389080146	0.870184686624317	FBgn0052601	Nascent-associated complex beta-subunit-like, testis 3	protein_coding	326224
FBgn0032314	141.660771881208	1.49031707112124	0.513076138784752	8.15790418587822	0.00428738880079446	0.0356590648354439	5.16879622718064	1.46840310875191	FBgn0032314		protein_coding	34509
FBgn0032563	47.7797347030288	1.51071665517191	0.523486754127476	8.15104066345601	0.00430364572103331	0.0357207017914337	5.34447855337288	1.95072374979609	FBgn0032563		protein_coding	34904
FBgn0050156	146.279785939872	1.25611248483947	0.434815460067211	8.15263187712397	0.0042998711978059	0.0357207017914337	5.35977718286485	2.70312106246338	FBgn0050156		protein_coding	246488
FBgn0046876	111.038613768319	-1.83058189924762	0.625224291959527	8.13805792025988	0.00433456843342736	0.0359404257375353	2.81486265989135	6.9027001913933	FBgn0046876	Odorant-binding protein 83ef	protein_coding	40747
FBgn0052450	67.3553706572108	1.45512398601719	0.504552867401877	8.12365539951671	0.00436913757094977	0.0361899025876824	7.75672135939686	2.05125490325628	FBgn0052450		protein_coding	318034
FBgn0033442	144.79357699775	1.1854228139594	0.412162073408016	8.11391919818583	0.00439266542525103	0.036347506121237	9.56073702706849	3.40941307800759	FBgn0033442		protein_coding	36004
FBgn0050295	103.831701719018	1.02571730478281	0.357991027339808	8.11078889604924	0.00440025727551229	0.0363730580931804	2.64906331349452	1.13404458234717	FBgn0050295	Inositol phosphate kinase 1	protein_coding	37360
FBgn0033168	28.7473362990273	1.93085232002637	0.66829931585931	8.09069503735419	0.00444930960125393	0.0367033956483419	5.67442559715186	1.2090040971272	FBgn0033168		protein_coding	35663
FBgn0035034	44.9283817127106	1.66069007995351	0.575282206135203	8.08618040132612	0.00446040693559922	0.0367199249866456	2.86531544506508	1.28210234472002	FBgn0035034		protein_coding	37933
FBgn0039124	141.786936785956	1.23613811031647	0.429932648651149	8.08762734142073	0.00445684717636495	0.0367199249866456	4.95080305934711	2.18224204206234	FBgn0039124	testis-specifically expressed bromodomain containing protein-1	protein_coding	42823
FBgn0038342	93.66984557344	1.3213518905418	0.459417369568463	8.08342889369004	0.00446718417839243	0.0367382682532558	9.00900043286607	3.41349673248226	FBgn0038342	B9d1	protein_coding	41888
FBgn0026141	120.251483465225	1.31011155382283	0.455380748845955	8.08032708872808	0.00447483681262393	0.0367637661228391	14.8542411258123	7.51637828559524	FBgn0026141	Cytoplasmic dynein light chain 2	protein_coding	33319
FBgn0004581	160.698129353742	1.25239559824034	0.435739711496191	8.0652323893031	0.00451226876418527	0.0370336204670328	2.07367927555421	0.969646727921518	FBgn0004581	benign gonial cell neoplasm	protein_coding	47873
FBgn0037962	49.9667269987578	1.41688712469781	0.494546441505199	8.05310167911241	0.00454258157370131	0.0372445571464079	4.56453878785122	1.69822747440582	FBgn0037962	Dynein axonemal light intermediate chain 1	protein_coding	41440
FBgn0040508	225.113473322542	1.33588309118478	0.464041566318578	8.04752062812781	0.00455659734650882	0.0373215823229262	3.24840003328443	1.86204667144608	FBgn0040508	Adenylyl cyclase X C	protein_coding	34689
FBgn0032111	33.1131024630226	1.79043615359553	0.622756539034831	8.03428240191498	0.00459001907758479	0.0374155384215665	8.18606155479203	1.87893746446736	FBgn0032111		protein_coding	34253
FBgn0038359	130.602805549096	1.40546451354808	0.488651153466324	8.03449105675833	0.00458949036790823	0.0374155384215665	7.90908361567013	2.56588149213898	FBgn0038359		protein_coding	41906
FBgn0038993	50.8844314356273	1.80354465641029	0.624448669973554	8.0305069030776	0.00459959652186532	0.0374155384215665	4.21194339235428	1.00199699249583	FBgn0038993		protein_coding	42668
FBgn0039239	1156.24381492788	-1.16922245678179	0.407314873496014	8.02832846711446	0.00460513189586888	0.0374155384215665	90.3484588763243	234.135336178827	FBgn0039239		protein_coding	42969
FBgn0263750	133.185735794164	1.13523217581625	0.397136782708463	8.03255382829084	0.00459440148954862	0.0374155384215665	5.14838460031887	2.17593222960592	FBgn0263750		protein_coding	14462445
FBgn0287645	65.2030802602172	1.36011940881926	0.475266304070694	8.0373882317006	0.00458215563371245	0.0374155384215665	4.64533905548808	1.39315833820327	FBgn0287645	central complex broad	protein_coding	33096
FBgn0030207	41.1825214007065	1.46692569466197	0.513217074036022	8.01596192661351	0.00463668392043799	0.0375585349462961	2.57562889578853	1.13986324140881	FBgn0030207		protein_coding	31978
FBgn0032004	67.5884657890649	1.43545239291725	0.501348432956529	8.00720633052849	0.00465915601976964	0.037702749514689	5.76134312792352	1.75002942546788	FBgn0032004		protein_coding	34125
FBgn0025573	36.7416888256834	1.86382975313435	0.648257200486867	8.00017960382356	0.00467727102078505	0.0378114522160761	2.68322813956824	0.450378923294101	FBgn0025573	Protein phosphatase N at 58A	protein_coding	37493
FBgn0052073	80.0523442960268	2.31354695120926	0.784657971957048	7.99635531628535	0.00468716021752954	0.0378167255588678	39.2486696766102	4.945778035806	FBgn0052073		protein_coding	326191
FBgn0260758	113.441151324881	1.13546917012984	0.398326050538227	7.99630574456894	0.00468728854438171	0.0378167255588678	6.37586995509502	2.46121332279049	FBgn0260758		protein_coding	8674031
FBgn0030386	45.6017673005866	1.44818187719932	0.507111029561103	7.99428801850417	0.00469251489255063	0.0378211080561267	3.5769819051799	1.52196175366182	FBgn0030386		protein_coding	32190
FBgn0035218	117.372911686532	1.42795146123365	0.497968431007176	7.98238531890029	0.00472346647964701	0.0379947363442523	2.69534419343443	1.01467920625166	FBgn0035218		protein_coding	38165
FBgn0036465	83.5318450971544	1.1849219475538	0.416281308504569	7.97674321534956	0.00473821068436467	0.0380754124248051	6.17328729201086	3.32367826088684	FBgn0036465	Regulatory particle non-ATPase 12-related	protein_coding	2768973
FBgn0037862	195.530795035139	1.44765029512435	0.503950535866779	7.97435654362702	0.00474446174652761	0.0380877465854443	4.10954472208783	1.89308337241311	FBgn0037862	Mitochondrial aconitase 2	protein_coding	41326
FBgn0051798	109.4727360504	1.30094045151974	0.455627502805915	7.96727296950779	0.00476306423364328	0.0381360118741751	3.72240446889693	1.67578462046664	FBgn0051798		protein_coding	318946
FBgn0051245	48.6693606990293	1.51359492826366	0.530481113282423	7.96162508037104	0.00477794963045714	0.0382046744708632	3.22797075546816	1.11260360470316	FBgn0051245		protein_coding	42316
FBgn0031441	44.4127974990669	1.54703707046158	0.542299135724955	7.95892808965599	0.00478507444203121	0.0382237994004392	3.38472381629331	0.836698723519401	FBgn0031441		protein_coding	33448
FBgn0030376	274.640826969628	1.30028187587043	0.454454762161267	7.95661972429727	0.00479118119285145	0.0382347621674588	2.4496916312729	1.31509379019378	FBgn0030376		protein_coding	32179
FBgn0036905	85.3186293857895	1.39226792337741	0.487771499348821	7.95126955338683	0.00480536554402104	0.0382723196582978	3.47046327485449	1.47102853340134	FBgn0036905	male sterile (3) 76Ca	protein_coding	40154
FBgn0260434	85.3186293857895	1.39226792337741	0.487771499348821	7.95126955338683	0.00480536554402104	0.0382723196582978	3.47046327485449	1.47102853340134	FBgn0260434		protein_coding	8674063
FBgn0030544	1372.13366929892	-1.31394378753623	0.458628634935961	7.9434379327959	0.0048262058866878	0.0384004322570352	68.1733779527389	240.75806819856	FBgn0030544		protein_coding	32366
FBgn0024289	1578.14058014126	-1.15100903730026	0.40332161290456	7.93985951332657	0.00483575886834105	0.0384385714770889	44.6336312604173	112.079504796238	FBgn0024289	Sorbitol dehydrogenase 1	protein_coding	40836
FBgn0031337	75.997569459323	1.27616591122822	0.449267446522767	7.9217493998596	0.00488440207968152	0.0387109236462296	7.35845970906599	2.7335014481835	FBgn0031337		protein_coding	33325
FBgn0037203	1161.15408707694	-1.00498238995462	0.353699823673754	7.92214802180514	0.00488332604578468	0.0387109236462296	13.7062007867774	22.5419376048421	FBgn0037203	slimfast	protein_coding	40510
FBgn0030566	30.6411898488862	1.52102741748484	0.53682053350895	7.91479099856186	0.00490322444232099	0.038792591268663	2.66420897988975	0.798103711738742	FBgn0030566	Nascent-associated complex beta-subunit-like, testis 4	protein_coding	32389
FBgn0034745	209.642954474956	1.29139803003329	0.452752978724714	7.91199159101778	0.00491081762474658	0.038792591268663	2.45942716326548	1.46039437659906	FBgn0034745	testes of unusual size	protein_coding	37582
FBgn0051161	93.1050074552901	1.26730787408334	0.446199355232942	7.91084896091546	0.00491392036501266	0.038792591268663	3.55623637628329	1.28583009532264	FBgn0051161		protein_coding	326123
FBgn0038909	135.781488169566	1.3508388146363	0.47401983654103	7.90565096507294	0.00492806042651466	0.0388283082971048	5.42251456437634	2.26207384827402	FBgn0038909		protein_coding	42573
FBgn0052823	220.792311280537	1.42610050179217	0.498473769752638	7.90577114817711	0.00492773302576417	0.0388283082971048	4.77228432454368	3.40719357901793	FBgn0052823	Sperm-specific dynein intermediate chain 3	protein_coding	318231
FBgn0063923	268.627157986699	-1.1317717107214	0.398260558633562	7.89692420285313	0.004951893053928	0.0389780587753631	20.1214665465207	43.9538652062544	FBgn0063923	Kaz1-ORFB	protein_coding	3772691
FBgn0038450	97.3638149784796	1.92208935364532	0.665053285187767	7.89029784372836	0.00497006793501336	0.0390450084077509	6.26705340421376	1.27720998737875	FBgn0038450		protein_coding	42022
FBgn0053548	173.582414983137	-1.00578659426059	0.355223935609573	7.89137432838343	0.00496711071851661	0.0390450084077509	3.97384637356145	7.85896240035478	FBgn0053548	SET and MYND domain containing, arthropod-specific, member 8	protein_coding	31200
FBgn0028668	25.1680951059455	2.07842922835523	0.726941311073046	7.8749413205023	0.00501244979165451	0.0393014995314581	3.85125022409507	1.09062701489964	FBgn0028668	Vacuolar H[+] ATPase 16kD subunit 2	protein_coding	39282
FBgn0051547	777.886576584755	-1.36564445521908	0.478210934687834	7.87529968838254	0.00501145656160427	0.0393014995314581	7.46534493065919	9.84720416546782	FBgn0051547	sodium potassium chloride cotransporter	protein_coding	40663
FBgn0039147	34.5106507204828	1.59031082809732	0.562589596580417	7.8390469518892	0.00511295560128899	0.0400184099725291	2.59530636903059	0.912415375270313	FBgn0039147		protein_coding	42855
FBgn0050393	115.152240400808	1.44541162009565	0.508503521643392	7.83875061687309	0.00511379384492942	0.0400184099725291	5.66896775643737	2.51588386294889	FBgn0050393		protein_coding	246588
FBgn0259184	22.5928949063227	2.04047437399461	0.71868582031601	7.82896218420708	0.00514156127470628	0.0401578809037987	3.73814264669569	0.826135182709175	FBgn0259184		protein_coding	36559
FBgn0032654	27.8428835725855	1.89726478834282	0.670121568761122	7.79674689852687	0.00523403822590823	0.0408012477919256	3.49133250278464	1.0954851202503	FBgn0032654		protein_coding	35069
FBgn0262002	221.503777990849	1.23986574885145	0.438575081886682	7.79839827295558	0.00522925683170105	0.0408012477919256	6.01762513251345	2.36860617383016	FBgn0262002		protein_coding	34161
FBgn0034502	75.2888758468111	1.34427771933769	0.476735511622719	7.78663012013933	0.00526342781093221	0.0409907839933351	2.58952019986435	1.17738333125191	FBgn0034502		protein_coding	37303
FBgn0259791	140.491323784757	1.12907619609917	0.401197144938562	7.77725423012719	0.00529081527477252	0.0411643778025653	3.98729139484491	1.9976116303392	FBgn0259791	aurora borealis	protein_coding	40031
FBgn0031723	146.389083208564	1.40009486186609	0.49501187636433	7.76094594358368	0.00533879922140544	0.0414977310029551	6.12450974976086	3.26536435843163	FBgn0031723		protein_coding	33791
FBgn0264672	636.47975291809	-1.05725097832529	0.375645985544019	7.75429456070061	0.00535849677014247	0.0415708164415663	13.5446776413691	23.3100107448437	FBgn0264672	EGF-domain O-GlcNAc transferase	protein_coding	33424
FBgn0039023	235.223893967211	-1.00325427021287	0.35730577047423	7.74764972093925	0.00537824892748956	0.0416597575591059	3.51348081412812	6.89862220045094	FBgn0039023	Neprilysin-like 14	protein_coding	42700
FBgn0265606	36.8242608685553	1.70233062010147	0.603690240916637	7.74696844524142	0.00538027824840855	0.0416597575591059	2.55908803353944	0.876512100044246	FBgn0265606	Proteasome alpha4 subunit, Testis-specific 1	protein_coding	42457
FBgn0263036	52.8943075881078	1.6972605039294	0.599241510092941	7.7439511442097	0.00538927529427863	0.0416894514143623	4.03353029217502	2.25247420774468	FBgn0263036		protein_coding	12798459
FBgn0028377	22.9160516291936	1.84915802894488	0.657119812971877	7.73943692213365	0.00540276453812562	0.0417248073280078	2.10774030888539	0.63184699623216	FBgn0028377	gdl-ORF39	protein_coding	3771892
FBgn0051139	48.8085272646866	1.71688857732588	0.607284441177224	7.73896428048703	0.00540417885897674	0.0417248073280078	2.46432038599757	0.792922690539462	FBgn0051139		protein_coding	42698
FBgn0031720	36.4572957172168	1.7867886416963	0.632678400278405	7.73320587572849	0.00542144050876479	0.0417781999511302	2.31457124657325	0.768948379941182	FBgn0031720		protein_coding	33786
FBgn0032184	43.4432944897496	8.85815235614135	2.57488570402558	7.73383164600929	0.00541956195266794	0.0417781999511302	7.42740653463274	0	FBgn0032184		protein_coding	34345
FBgn0052319	39.9201369406432	1.49693691647918	0.533376841478372	7.72437815283946	0.00544801209903637	0.0419429415746594	2.27122416607554	0.826794928425466	FBgn0052319	N(alpha)-acetyltransferase 30 B	protein_coding	317976
FBgn0053189	90.4613136005776	1.29511584977545	0.46136276528804	7.71900586224086	0.00546424773783683	0.0420278711721621	10.4204719506554	4.28767122263412	FBgn0053189		protein_coding	326328
FBgn0032312	19.6138911217091	2.31017862991387	0.818618303566406	7.71416370780447	0.00547892351739597	0.04210065302235	2.15797066314505	0.421317505652013	FBgn0032312		protein_coding	34507
FBgn0029827	338.168130693439	1.07205921457495	0.3821950874728	7.70599854311745	0.0055037618873725	0.042171139470987	22.2003961511261	11.8650774352226	FBgn0029827		protein_coding	31528
FBgn0033344	38.0908782602744	1.83955793800421	0.651515855129657	7.70629500536359	0.00550285804580116	0.042171139470987	2.45780823110863	0.840904864705307	FBgn0033344		protein_coding	35884
FBgn0032483	44.9431343468344	1.43902107188033	0.514524823482065	7.67400675754229	0.00560219212013095	0.0427247496421405	3.06193389647956	1.35831547765712	FBgn0032483		protein_coding	34717
FBgn0034776	37.8704239679275	1.87342259267726	0.66309090912685	7.67428174980434	0.00560133843776778	0.0427247496421405	2.0221033620254	0.817302788269938	FBgn0034776		protein_coding	37615
FBgn0036393	177.852085703967	1.23840774472019	0.441342001386994	7.6739187642403	0.00560246531340104	0.0427247496421405	30.4368469577414	14.4712840512465	FBgn0036393		protein_coding	39545
FBgn0250904	495.596711126051	1.02060460645057	0.364954529732198	7.67605139248813	0.00559584795516484	0.0427247496421405	20.4331378934515	9.94577617766075	FBgn0250904		protein_coding	31472
FBgn0034837	89.73815335897	1.20142235500029	0.430252167943328	7.66723549124119	0.00562325466058746	0.0428428345650041	4.7688689838458	2.23679410953856	FBgn0034837	Ribosomal protein L22-like	protein_coding	37684
FBgn0031707	63.3797479997385	1.27985229469961	0.457757673363546	7.66425381279175	0.00563255499253373	0.0428732461071653	4.69000390988328	1.84427810638294	FBgn0031707		protein_coding	33771
FBgn0085306	80.9589759407952	1.46046403785327	0.521036260003371	7.64726401984153	0.00568584905362547	0.0431974759709118	3.6443523544028	1.65424965917413	FBgn0085306		protein_coding	5740553
FBgn0250827	62.7249525672092	1.43276748187355	0.51237401796207	7.64274654097586	0.00570010597051615	0.0432650900544064	4.9669680281665	1.99615697363466	FBgn0250827	whipple	protein_coding	5740782
FBgn0035384	48.0836478163389	1.41415170695593	0.507152635286773	7.63909956288773	0.00571164223028346	0.0432882481375043	4.3702693020258	1.8002910208938	FBgn0035384		protein_coding	38356
FBgn0036763	729.125240963027	1.0413708744289	0.373063342905587	7.63839387712433	0.00571387723063145	0.0432882481375043	20.0138463569502	9.00768089649297	FBgn0036763	Tryptophanyl-tRNA synthetase, mitochondrial	protein_coding	39989
FBgn0039850	19.0522573073904	1.87273594265152	0.673239546937951	7.63477871913335	0.00572534091310675	0.04333444537418	2.66852298988163	0.605342621094179	FBgn0039850		protein_coding	43714
FBgn0031182	239.214872844761	-1.04736244264482	0.375488428304907	7.62979867226892	0.00574117109174426	0.0434135746600436	5.64832947269917	8.94007161945049	FBgn0031182	Cytochrome P450 6t1	protein_coding	33127
FBgn0037860	29.006032705939	1.65086679057712	0.592561545149043	7.62476342277792	0.00575722213631112	0.043494224483488	2.44260248559414	0.70215965589337	FBgn0037860	Succinate dehydrogenase, subunit C-like	protein_coding	41324
FBgn0029949	62.8535207276966	1.42679335466964	0.511674454546222	7.60725657899675	0.00581338644698708	0.0437956240166676	2.58276425398912	0.875436945911431	FBgn0029949		protein_coding	31673
FBgn0085454	114.376355020712	1.44249234314406	0.515277010283374	7.60402010954867	0.00582383053258233	0.0438334160122413	3.63037482931085	1.39664615449915	FBgn0085454		protein_coding	5740837
FBgn0030933	164.780236906031	1.34862534325548	0.482423722979701	7.5959253360419	0.00585003624872245	0.0439285944521706	5.90846723343916	2.41038242898367	FBgn0030933		protein_coding	32840
FBgn0035598	293.534196998752	1.29182974734559	0.462132625081641	7.59613740176275	0.0058493481830199	0.0439285944521706	7.79428087092291	2.99971328542656	FBgn0035598		protein_coding	38608
FBgn0036931	124.686216477926	1.3844689107378	0.495638066509988	7.59182257988277	0.00586336426154086	0.0439285944521706	3.33581671899604	0.890333640891424	FBgn0036931		protein_coding	40192
FBti0020099	960.425724892324	-1.3508047261033	0.481913108360347	7.59335646778734	0.0058583777265001	0.0439285944521706	5.68560315604733	14.2545949659557	FBti0020099		transposable_element	NA
FBgn0030586	212.107769632074	-1.77783524503781	0.628295047696225	7.58729688918899	0.00587810213449979	0.0439958784413534	2.49877868501515	9.82045378783867	FBgn0030586		protein_coding	32412
FBgn0038208	461.557229838601	1.21761799682437	0.436395479595228	7.58260287391549	0.00589342808427834	0.044069745563548	7.30313010972084	3.64793773989297	FBgn0038208		protein_coding	41723
FBgn0052459	76.6935999574477	1.35985637858436	0.488698248854628	7.57796899215678	0.00590859768575905	0.0441423079650232	3.9425029483896	1.49352617416316	FBgn0052459		protein_coding	40502
FBgn0036705	10.1350127647452	3.35843970441549	1.20336107772242	7.57475413998421	0.00591914531312675	0.044180238030325	3.01551024122332	0	FBgn0036705		protein_coding	39925
FBgn0035481	291.732640511663	1.28205448097334	0.459680135510792	7.56128401402484	0.00596354881605187	0.0444705634703923	4.63156121003966	2.49908510812408	FBgn0035481		protein_coding	38468
FBgn0039091	6282.10205435417	1.15501607557006	0.41516528620957	7.54227570471653	0.00602678750943685	0.0448179888823315	171.448204027123	82.8640716239642	FBgn0039091		protein_coding	42780
FBgn0005626	4263.67537591588	-4.44313348435088	1.40421402558895	7.5338366501159	0.00605508230115304	0.0449869776118785	4.79925574157464	18.305024990695	FBgn0005626	pale	protein_coding	38746
FBgn0263023	32.0966660575782	1.57530950424144	0.569363786469871	7.53203830603507	0.00606112935873114	0.0449905153502874	5.79043102884268	1.32715408897252	FBgn0263023		protein_coding	12798422
FBgn0039071	171.196962607622	1.20953023791797	0.436223697614985	7.51894721574062	0.00610533517818597	0.0452770311285858	5.81241491599463	2.38668157203025	FBgn0039071	big bubble 8	protein_coding	42756
FBgn0032473	129.674237474581	1.0899067843321	0.394263747711706	7.51726889831756	0.00611102624235194	0.0452776586543434	3.09897324843756	1.65499658972762	FBgn0032473	kumgang	protein_coding	34706
FBgn0034532	76.1763641984483	1.45777131079558	0.525161316844956	7.50424609925484	0.00615537008039288	0.0455226820231254	2.08757762798032	0.811874510125811	FBgn0034532		protein_coding	37334
FBgn0051802	55.5108492261697	1.54874824964486	0.558138334913856	7.5025763616604	0.00616107939384255	0.045523217918273	5.98844675617062	1.22958288051449	FBgn0051802		protein_coding	318949
FBgn0015801	1403.36470140598	-1.10686702042401	0.399458031471854	7.49891670172971	0.00617361173524893	0.0455741209998815	35.4706533158639	51.091378773431	FBgn0015801	Rhythmically expressed gene 5	protein_coding	37968
FBgn0030624	78.0387941540382	1.46559469534039	0.528457472400994	7.48049959535358	0.00623707634022899	0.0459586026675998	4.20793616286627	1.65219165486508	FBgn0030624		protein_coding	32454
FBgn0052487	21.1786816680253	1.919972522472	0.694052452649104	7.48200413179693	0.00623186688329449	0.0459586026675998	2.41555207574909	0.473658768573622	FBgn0052487		protein_coding	38358
FBgn0265269	58.9439418612996	1.69336595220667	0.608580150494117	7.47359399486088	0.00626104405728555	0.0460931557034076	7.17971876068758	1.51832469776425	FBgn0265269		protein_coding	33630
FBgn0053278	63.3586778785803	1.45268212615259	0.524935623219906	7.47043668898965	0.00627203361943156	0.0461320068401906	2.8175192405385	1.45872242000697	FBgn0053278		protein_coding	2768946
FBgn0035078	120.32821563777	1.28042498609862	0.463318777709799	7.46680750887394	0.0062846899480343	0.0461830355053002	2.40343569008188	0.807728648824733	FBgn0035078	Thiamine pyrophosphate carrier protein 2	protein_coding	37983
FBgn0030105	589.718847981508	-1.41948856504362	0.51003242668248	7.46281763550282	0.00629863423671874	0.0462434273597642	57.9929517394704	175.404234040291	FBgn0030105		protein_coding	31862
FBgn0043783	1173.99502740879	1.16696238050998	0.421680251037717	7.4602070265493	0.00630777519408138	0.0462684763554961	67.0795323878666	33.93156029935	FBgn0043783		protein_coding	40406
FBgn0033893	27.8647999610277	1.89220396968133	0.682735204882541	7.4501067173311	0.00634326880686507	0.0464866051581146	5.7420397640002	2.290874559786	FBgn0033893		protein_coding	36556
FBgn0030691	128.981430724374	1.32013373955048	0.477746611288981	7.44506346399194	0.00636106760639763	0.046490481438251	2.51427710883937	1.17161903409197	FBgn0030691	EF-hand domain containing 1.1	protein_coding	32528
FBgn0042189	319.102037608363	1.4273009142501	0.513905623512509	7.44508650928732	0.0063609861584182	0.046490481438251	61.4734051100656	19.4307190875319	FBgn0042189		protein_coding	59227
FBgn0030370	37.8796219273349	1.57989741872601	0.573535371705458	7.42956640508137	0.0064160799672572	0.0467840302609886	2.19476506039633	0.713352710412914	FBgn0030370	Uch-L5-related	protein_coding	32173
FBgn0031129	196.902361564785	1.1847454729443	0.429972592477049	7.42738054197675	0.00642387846132953	0.0467840302609886	9.88239725872014	4.26911937037871	FBgn0031129		protein_coding	33060
FBgn0034483	133.212116062187	1.32174792165473	0.478703889028361	7.42723323558879	0.00642440435357062	0.0467840302609886	7.49587472194439	4.52854255744438	FBgn0034483		protein_coding	37280
FBgn0035049	1774.84287542791	-1.03652151191973	0.376676589047083	7.41639011896294	0.00646323583910987	0.0469820815811443	19.5754718045508	30.959805954875	FBgn0035049	Matrix metalloproteinase 1	protein_coding	37949
FBgn0039425	121.77582481862	1.30262430201606	0.472888882721701	7.41034352087672	0.0064849939652937	0.047097851855856	3.61895803024025	1.51526749601442	FBgn0039425	Aldolase 2	protein_coding	43189
FBgn0051933	87.0103141947095	1.34744502105778	0.489498374588622	7.40283051376349	0.00651213305044438	0.047252458684087	2.22972651695539	1.20101136423515	FBgn0051933		protein_coding	326176
FBgn0028856	36.095602226375	1.51887397263619	0.55364448623106	7.40019111959387	0.0065216947813841	0.0472632871727087	2.39681823091252	0.592040748177376	FBgn0028856		protein_coding	34943
FBgn0263022	25.8991301662955	1.69373523782633	0.617206177672635	7.39122479969161	0.00655428425324431	0.0474122321317703	2.3411117917463	0.76397459070254	FBgn0263022		protein_coding	41916
FBgn0033706	43.704804073464	1.75437909607527	0.635121188278339	7.38266129718607	0.00658556486639646	0.0475290633253063	2.91935351377689	0.522847354013226	FBgn0033706	Vacuolar H[+] ATPase 36kD subunit 2	protein_coding	36328
FBgn0003162	2891.18942755842	-1.5695148655678	0.564524362394343	7.37914586334536	0.00659845007502792	0.0475370943853037	23.4464642741663	71.5813757038109	FBgn0003162	Punch	protein_coding	37415
FBgn0053499	579.330646235641	-1.13995369120006	0.414637657068454	7.37991854651094	0.0065956157343758	0.0475370943853037	7.21514437096525	16.3635318960011	FBgn0053499	Sperm-specific dynein intermediate chain 4	protein_coding	2768886
FBgn0031142	94.1579059491132	1.32418723907986	0.48236970606967	7.36688947500888	0.00664357540580934	0.0477769501133715	2.58296086429898	0.839344013735895	FBgn0031142	ryder cup	protein_coding	33075
FBgn0062517	128.114289273602	1.44546652786395	0.523956620570595	7.36760438226497	0.00664093464043572	0.0477769501133715	5.6835355362359	2.73726305580511	FBgn0062517		protein_coding	38322
FBgn0034999	2253.36546314767	-1.23503316450041	0.44853063982658	7.36446757978727	0.00665252951325143	0.0477987796699453	19.0315945633685	59.614877383071	FBgn0034999	Fatty acid transport protein 3	protein_coding	37887
FBgn0042133	57.2556911314123	1.63630567548889	0.593311382505434	7.36153399602298	0.00666339191549862	0.0478342694307261	3.97864192739271	1.27303715232568	FBgn0042133		protein_coding	59171
FBgn0051343	22091.7314015194	1.30501121224828	0.473219905072566	7.35935527753549	0.00667147094032486	0.0478497329609801	538.259578529854	212.094024982139	FBgn0051343		protein_coding	326133
FBgn0038655	117.621737607942	1.23191152382404	0.449716918822762	7.34799131716527	0.00671377270829252	0.0480628237839196	6.55888765946828	3.23004592092529	FBgn0038655		protein_coding	42260
FBgn0039480	153.325720632009	-1.18538931441796	0.431886542954292	7.34658272368387	0.00671903517236815	0.0480628237839196	3.33890755600924	7.96651541471094	FBgn0039480	Cuticular protein 97Ea	protein_coding	43258
FBgn0286980	216.608454043054	1.04221179328264	0.381457216779372	7.33848704949312	0.0067493621603919	0.0482370343427655	7.23832040318742	4.55427953530104	FBgn0286980	Iodotyrosine deiodinase	protein_coding	39242
FBgn0030409	42.1312234357013	1.67166678308553	0.607169458719813	7.33540690058564	0.00676093730306206	0.0482770377184166	2.98794642314769	1.10560979254231	FBgn0030409		protein_coding	32214
FBgn0038122	42.7116773665552	1.50755088896218	0.551158251589094	7.33119733922256	0.00677678955280507	0.0483474844774326	5.12837054334827	1.36649222798783	FBgn0038122		protein_coding	41619
FBgn0029501	162.327670791027	1.33762032568548	0.487549477427088	7.32321185386513	0.00680696546070756	0.0484111457957216	3.7976722912383	1.35389078264824	FBgn0029501	Caldesmon-related protein	protein_coding	44276
FBgn0031108	130.804468116127	1.63382478946891	0.591056599398118	7.32249246685939	0.00680969064189447	0.0484111457957216	5.94868476902837	2.29164576131843	FBgn0031108		protein_coding	33036
FBgn0034839	23.394539362541	1.60847666087545	0.590849531181412	7.32669012908968	0.00679380476577191	0.0484111457957216	5.54672944271403	1.44047796991486	FBgn0034839		protein_coding	37686
FBgn0263048	363.452015845682	1.21957245197586	0.44483342703549	7.32531429328117	0.00679900738444849	0.0484111457957216	4.48840817123771	2.32125236678244	FBgn0263048	Glycerol-3-phosphate dehydrogenase 3	protein_coding	42624
FBgn0028893	73.6569483799278	1.42579230567181	0.520363044106716	7.31979757876529	0.00681990932421577	0.0484411501340075	3.73765132996588	1.23193018704397	FBgn0028893		protein_coding	260658
FBgn0032291	89.2274611448715	1.44159213235897	0.525672275990823	7.3157750532151	0.00683519138786699	0.0484644474525143	6.467439715782	1.79716790481754	FBgn0032291		protein_coding	34478
FBgn0036520	44.7625421303878	1.49581652562201	0.547022298196226	7.31644871599283	0.00683262962491418	0.0484644474525143	4.16232839803647	1.109485475446	FBgn0036520		protein_coding	39695
FBgn0034467	249.347412482769	1.28013668717234	0.467123379743627	7.30844147029295	0.00686314263276251	0.0486199472826228	6.28613395059048	3.07381877373411	FBgn0034467		protein_coding	37263
FBgn0028410	63.6354313701531	1.2593735059746	0.462188393822778	7.30186890254405	0.00688829253959664	0.0487126537213506	3.50891337080852	1.68614220487042	FBgn0028410	Protein kinase at 34A	protein_coding	34705
FBgn0053309	49.6934227051269	1.49472419363994	0.547282601469107	7.29584981437336	0.00691140713625513	0.048833354359052	2.2252233514916	0.525802481162435	FBgn0053309		protein_coding	2768926
FBgn0029945	78.1634478817575	1.21521320280109	0.44643421166531	7.28473798212426	0.00695428733222753	0.0490505017424188	2.19098492011201	1.0905967115583	FBgn0029945	Acyl-CoA synthetase family member 3	protein_coding	31668
FBgn0031295	116.705042804485	1.41300655178926	0.516156208176203	7.27810627401762	0.00698000827619566	0.0490963291385606	14.4130962662007	4.40168381386031	FBgn0031295		protein_coding	33278
FBgn0034274	45.5598386278333	1.38044105439258	0.507247260046226	7.27945429556971	0.00697477214462039	0.0490963291385606	2.50131913937145	1.37469951362771	FBgn0034274		protein_coding	37024
FBgn0035619	1018.64512795342	-1.06669839918607	0.391048846776055	7.27852073268866	0.00697839796348197	0.0490963291385606	17.6848366538195	34.6266290552557	FBgn0035619	Alkaline phosphatase 10	protein_coding	38632
FBgn0264077	68.8452996505397	1.2303698825575	0.451667870536022	7.27679595573279	0.0069851018053747	0.0490963291385606	2.32894714392484	0.972515648192639	FBgn0264077	Calnexin 14D	protein_coding	32620
FBgn0032632	95.0143612728855	1.28380357025204	0.471055868808626	7.26771440409222	0.00702050854333794	0.0493022843443454	6.55083237888907	3.25482669147422	FBgn0032632		protein_coding	35040
FBgn0029703	139.060016054683	1.25624179899987	0.461007646693645	7.25640918686872	0.0070648411323817	0.0495705099783793	4.40407062542043	1.79820840262877	FBgn0029703		protein_coding	31372
