# Program:featureCounts v2.1.1; Command:"featureCounts" "-T" "8" "-p" "-B" "-C" "-F" "SAF" "-a" "purple.AM.union.saf" "-o" "counts_featureCounts.txt" "/hpcdata/Mimir/adrian/research/004_keilir/results/nov25/bam/MITF_A_Untreated_FLAG_1/human.30_120.bam" "/hpcdata/Mimir/adrian/research/004_keilir/results/nov25/bam/MITF_A_Untreated_FLAG_2/human.30_120.bam" "/hpcdata/Mimir/adrian/research/004_keilir/results/nov25/bam/MITF_A_Untreated_FLAG_3/human.30_120.bam" "/hpcdata/Mimir/adrian/research/004_keilir/results/nov25/bam/MITF_M_Untreated_FLAG_1/human.30_120.bam" "/hpcdata/Mimir/adrian/research/004_keilir/results/nov25/bam/MITF_M_Untreated_FLAG_2/human.30_120.bam" "/hpcdata/Mimir/adrian/research/004_keilir/results/nov25/bam/MITF_M_Untreated_FLAG_3/human.30_120.bam" 
Geneid	Chr	Start	End	Strand	Length	/hpcdata/Mimir/adrian/research/004_keilir/results/nov25/bam/MITF_A_Untreated_FLAG_1/human.30_120.bam	/hpcdata/Mimir/adrian/research/004_keilir/results/nov25/bam/MITF_A_Untreated_FLAG_2/human.30_120.bam	/hpcdata/Mimir/adrian/research/004_keilir/results/nov25/bam/MITF_A_Untreated_FLAG_3/human.30_120.bam	/hpcdata/Mimir/adrian/research/004_keilir/results/nov25/bam/MITF_M_Untreated_FLAG_1/human.30_120.bam	/hpcdata/Mimir/adrian/research/004_keilir/results/nov25/bam/MITF_M_Untreated_FLAG_2/human.30_120.bam	/hpcdata/Mimir/adrian/research/004_keilir/results/nov25/bam/MITF_M_Untreated_FLAG_3/human.30_120.bam
peak_1	chr1	911021	911581	.	561	298	530	564	362	480	328
peak_2	chr1	938226	938964	.	739	336	856	932	418	688	426
peak_3	chr1	1079386	1080362	.	977	566	1324	1278	674	1062	690
peak_4	chr1	1597506	1599189	.	1684	524	818	840	260	374	290
peak_5	chr1	1617971	1619102	.	1132	490	690	710	266	348	268
peak_6	chr1	1898686	1900283	.	1598	566	996	1022	624	712	564
peak_7	chr1	1917969	1920735	.	2767	958	2910	2764	1012	1394	946
peak_8	chr1	2475701	2481908	.	6208	1788	3942	4272	1476	1844	1400
peak_9	chr1	2482023	2483746	.	1724	692	1278	1314	686	850	566
peak_10	chr1	2491391	2500812	.	9422	2564	4964	5256	1880	2196	1614
peak_11	chr1	2526593	2527163	.	571	330	572	628	320	464	342
peak_12	chr1	2583165	2584263	.	1099	380	558	668	390	460	344
peak_13	chr1	2652792	2655011	.	2220	768	1336	1348	1282	1660	1082
peak_14	chr1	2655541	2656362	.	822	348	520	672	514	768	472
peak_15	chr1	2777337	2777877	.	541	212	462	586	266	330	348
peak_16	chr1	3144687	3145814	.	1128	456	844	834	518	766	422
peak_17	chr1	3206334	3206965	.	632	248	432	408	244	322	256
peak_18	chr1	3312818	3313440	.	623	406	1112	854	542	848	660
peak_19	chr1	3381480	3383969	.	2490	808	1488	1468	648	722	496
peak_20	chr1	3501652	3502320	.	669	304	772	992	538	922	618
peak_21	chr1	3604403	3605528	.	1126	310	458	584	372	530	446
peak_22	chr1	3799751	3800360	.	610	236	438	440	308	392	296
peak_23	chr1	3809322	3810120	.	799	404	704	634	490	674	374
peak_24	chr1	3856524	3858054	.	1531	466	1204	1212	448	672	410
peak_25	chr1	4124524	4125284	.	761	250	564	604	410	538	376
peak_26	chr1	4338254	4338837	.	584	218	316	334	294	302	272
peak_27	chr1	4497406	4498167	.	762	254	352	336	288	538	330
peak_28	chr1	4605275	4606049	.	775	410	640	632	554	758	472
peak_29	chr1	4632009	4632535	.	527	212	314	312	252	254	242
peak_30	chr1	4666859	4667666	.	808	422	826	726	542	690	492
peak_31	chr1	4731497	4732917	.	1421	438	764	710	278	306	228
peak_32	chr1	4745557	4745896	.	340	230	304	380	296	344	212
peak_33	chr1	4747835	4748666	.	832	230	400	506	402	580	348
peak_34	chr1	4794071	4794682	.	612	236	318	376	216	272	230
peak_35	chr1	4851337	4851860	.	524	156	238	250	274	328	232
peak_36	chr1	4877460	4877917	.	458	114	162	188	276	264	182
peak_37	chr1	5101051	5101468	.	418	166	158	196	196	280	218
peak_38	chr1	5140796	5141300	.	505	92	140	154	208	310	198
peak_39	chr1	5257260	5258015	.	756	250	298	356	386	334	266
peak_40	chr1	5333195	5333789	.	595	182	286	212	330	422	322
peak_41	chr1	5611520	5612517	.	998	482	752	848	658	1102	734
peak_42	chr1	5638080	5638477	.	398	118	280	250	310	368	264
peak_43	chr1	5756113	5757209	.	1097	542	930	862	740	968	698
peak_44	chr1	5775913	5776414	.	502	154	234	350	218	264	216
peak_45	chr1	5795471	5796985	.	1515	680	1338	1396	854	1016	900
peak_46	chr1	5819166	5821251	.	2086	776	1432	1574	880	1038	740
peak_47	chr1	5834502	5835543	.	1042	336	560	670	270	376	270
peak_48	chr1	5843732	5845936	.	2205	878	1660	1858	1052	1348	986
peak_49	chr1	5853117	5853852	.	736	276	430	486	344	506	354
peak_50	chr1	5959355	5959964	.	610	300	586	512	520	680	456
peak_51	chr1	6016250	6016817	.	568	258	542	478	300	448	302
peak_52	chr1	6157204	6158071	.	868	350	712	742	356	718	428
peak_53	chr1	6378268	6378737	.	470	230	460	522	310	342	304
peak_54	chr1	6422854	6423241	.	388	250	348	400	280	384	278
peak_55	chr1	6600767	6601534	.	768	426	732	726	576	804	526
peak_56	chr1	6784962	6785468	.	507	360	1310	856	454	520	448
peak_57	chr1	6802212	6802413	.	202	76	138	164	202	132	168
peak_58	chr1	7128056	7128468	.	413	150	282	322	248	302	196
peak_59	chr1	7221701	7222302	.	602	136	304	352	250	268	222
peak_60	chr1	7471017	7471876	.	860	392	820	678	386	558	352
peak_61	chr1	7628340	7628970	.	631	260	534	590	392	476	340
peak_62	chr1	7690305	7691423	.	1119	488	936	1052	682	1042	682
peak_63	chr1	7698584	7698994	.	411	92	248	242	224	330	298
peak_64	chr1	7707559	7708114	.	556	280	450	396	480	624	408
peak_65	chr1	7899677	7900189	.	513	182	346	372	312	484	254
peak_66	chr1	9113028	9113701	.	674	324	624	644	392	546	354
peak_67	chr1	9117956	9118481	.	526	346	528	556	464	618	362
peak_68	chr1	9162540	9163519	.	980	458	914	818	488	628	380
peak_69	chr1	9196083	9197007	.	925	322	668	722	510	616	508
peak_70	chr1	9232902	9233507	.	606	430	752	820	468	658	396
peak_71	chr1	9275586	9276163	.	578	484	960	812	584	572	466
peak_72	chr1	9302623	9303451	.	829	474	952	912	692	824	540
peak_73	chr1	9315286	9316490	.	1205	688	1556	1534	1034	1680	1042
peak_74	chr1	9321468	9321986	.	519	358	594	586	480	706	418
peak_75	chr1	9344267	9345110	.	844	442	574	564	402	522	336
peak_76	chr1	9349655	9351033	.	1379	698	970	1166	738	956	662
peak_77	chr1	9438548	9439432	.	885	924	1620	1634	1158	1692	1238
peak_78	chr1	9448699	9449068	.	370	158	162	180	232	264	206
peak_79	chr1	9476737	9477374	.	638	516	914	740	746	1114	790
peak_80	chr1	9578737	9579231	.	495	208	340	350	366	340	250
peak_81	chr1	9671388	9671645	.	258	102	166	122	204	208	164
peak_82	chr1	9676824	9677399	.	576	366	580	642	564	572	448
peak_83	chr1	9683689	9684350	.	662	302	474	514	454	558	390
peak_84	chr1	9700211	9700718	.	508	380	718	748	436	580	452
peak_85	chr1	9835939	9836712	.	774	354	850	994	424	674	490
peak_86	chr1	9848344	9849633	.	1290	594	1160	1126	602	754	522
peak_87	chr1	9860693	9861169	.	477	296	526	512	384	404	290
peak_88	chr1	9863410	9864325	.	916	462	820	864	378	302	246
peak_89	chr1	9881832	9885263	.	3432	1862	3564	3704	1544	1920	1366
peak_90	chr1	9910012	9910739	.	728	394	2104	1534	474	790	582
peak_91	chr1	10507355	10507701	.	347	320	410	410	240	356	222
peak_92	chr1	10508428	10509256	.	829	486	892	846	424	592	396
peak_93	chr1	10685569	10689236	.	3668	1854	3568	3662	1352	1580	1156
peak_94	chr1	10731079	10731558	.	480	192	438	452	276	500	278
peak_95	chr1	10911183	10911637	.	455	328	516	432	430	476	302
peak_96	chr1	10975620	10976101	.	482	410	1006	974	592	774	496
peak_97	chr1	11316302	11317358	.	1057	504	924	848	354	374	286
peak_98	chr1	11319941	11321055	.	1115	586	854	876	416	502	388
peak_99	chr1	11375208	11376179	.	972	690	1132	1160	630	972	668
peak_100	chr1	11384179	11384841	.	663	326	420	424	510	502	386
peak_101	chr1	11444530	11445510	.	981	535	980	852	458	460	348
peak_102	chr1	11456018	11456722	.	705	306	520	668	516	600	426
peak_103	chr1	11478505	11481364	.	2860	998	2080	2414	1090	1352	1100
peak_104	chr1	11543623	11544267	.	645	440	834	718	646	884	608
peak_105	chr1	11633622	11634604	.	983	408	600	694	304	446	264
peak_106	chr1	11635913	11636799	.	887	436	772	846	360	346	320
peak_107	chr1	11645783	11647275	.	1493	802	1430	1328	798	984	602
peak_108	chr1	11708564	11708987	.	424	282	484	584	396	642	494
peak_109	chr1	11711250	11712649	.	1400	448	738	668	302	354	216
peak_110	chr1	11860162	11860880	.	719	388	448	490	476	540	424
peak_111	chr1	11901450	11901814	.	365	244	446	376	306	536	306
peak_112	chr1	11938997	11939555	.	559	368	694	946	436	630	426
peak_113	chr1	12019157	12020350	.	1194	604	1724	1724	756	1084	680
peak_114	chr1	12057357	12057792	.	436	162	300	292	266	394	280
peak_115	chr1	12143668	12144089	.	422	250	462	520	396	514	392
peak_116	chr1	12177853	12178769	.	917	560	1040	988	774	806	602
peak_117	chr1	12188028	12188414	.	387	344	506	544	486	538	418
peak_118	chr1	12549488	12550323	.	836	568	1210	1164	918	1266	740
peak_119	chr1	12550435	12551076	.	642	378	516	486	354	542	292
peak_120	chr1	12572525	12574147	.	1623	886	1568	1548	1100	1598	1116
peak_121	chr1	12588203	12588810	.	608	372	868	694	568	790	502
peak_122	chr1	12851669	12852203	.	535	290	492	412	684	810	460
peak_123	chr1	13523695	13524407	.	713	240	380	392	404	374	372
peak_124	chr1	13548923	13549270	.	348	216	304	238	512	522	366
peak_125	chr1	13809576	13810156	.	581	190	258	182	344	384	298
peak_126	chr1	14017747	14018091	.	345	234	352	306	372	498	302
peak_127	chr1	14296774	14297095	.	322	166	422	332	338	518	296
peak_128	chr1	14333952	14334174	.	223	84	142	164	158	228	186
peak_129	chr1	14334435	14335132	.	698	286	408	510	556	712	488
peak_130	chr1	14440677	14441196	.	520	360	526	558	592	662	498
peak_131	chr1	14939238	14940217	.	980	416	664	570	342	412	290
peak_132	chr1	14996181	14997153	.	973	440	1128	1060	690	988	696
peak_133	chr1	15174377	15174732	.	356	180	188	188	252	278	182
peak_134	chr1	15260587	15261115	.	529	252	436	422	346	534	318
peak_135	chr1	15376933	15377270	.	338	98	196	160	194	306	212
peak_136	chr1	15432798	15433184	.	387	256	324	360	286	360	222
peak_137	chr1	15680180	15680531	.	352	136	238	324	234	294	250
peak_138	chr1	15680743	15681092	.	350	52	118	132	176	190	162
peak_139	chr1	15788339	15788507	.	169	124	194	194	176	220	138
peak_140	chr1	15796491	15797535	.	1045	558	830	700	478	680	420
peak_141	chr1	15814609	15814996	.	388	92	186	156	142	232	140
peak_142	chr1	15834357	15835289	.	933	324	806	828	328	424	280
peak_143	chr1	16158845	16159495	.	651	226	506	460	446	510	374
peak_144	chr1	16164199	16164652	.	454	294	640	506	332	558	370
peak_145	chr1	16366969	16367991	.	1023	406	850	956	534	608	370
peak_146	chr1	16628434	16629014	.	581	484	784	762	212	246	156
peak_147	chr1	16642691	16643367	.	677	496	1074	974	452	652	396
peak_148	chr1	16644601	16645037	.	437	506	1348	1100	548	740	426
peak_149	chr1	16718172	16720009	.	1838	716	1216	1170	328	352	298
peak_150	chr1	16977251	16979357	.	2107	796	1686	1736	774	1060	716
peak_151	chr1	17096966	17097625	.	660	312	568	542	404	490	304
peak_152	chr1	17136215	17136765	.	551	186	388	340	288	350	266
peak_153	chr1	17162199	17162664	.	466	178	216	252	236	312	220
peak_154	chr1	17250673	17251002	.	330	92	230	216	198	246	144
peak_155	chr1	17259216	17260009	.	794	388	466	552	178	326	214
peak_156	chr1	17392302	17392672	.	371	160	232	268	238	270	164
peak_157	chr1	17765602	17766575	.	974	358	632	570	478	610	408
peak_158	chr1	17883039	17883430	.	392	110	174	178	160	194	134
peak_159	chr1	17904887	17905151	.	265	142	136	114	162	190	162
peak_160	chr1	17948700	17949238	.	539	224	546	502	332	520	376
peak_161	chr1	17950687	17951076	.	390	146	292	342	196	366	262
peak_162	chr1	17963802	17964372	.	571	198	318	346	300	390	328
peak_163	chr1	18009482	18010057	.	576	252	402	382	360	428	344
peak_164	chr1	18211808	18212175	.	368	146	300	300	222	310	188
peak_165	chr1	18215799	18216186	.	388	182	216	240	236	240	196
peak_166	chr1	18336869	18337162	.	294	68	146	122	194	278	180
peak_167	chr1	18480293	18481619	.	1327	478	976	1024	532	722	418
peak_168	chr1	19032106	19032531	.	426	186	414	536	272	434	294
peak_169	chr1	19682374	19682873	.	500	260	396	488	300	400	308
peak_170	chr1	19816208	19816615	.	408	170	364	324	284	364	276
peak_171	chr1	19976292	19976715	.	424	138	188	200	244	228	146
peak_172	chr1	20126039	20126474	.	436	200	186	186	208	326	232
peak_173	chr1	20192375	20192825	.	451	222	428	356	400	466	350
peak_174	chr1	20367048	20368057	.	1010	522	962	958	556	700	538
peak_175	chr1	20411179	20411505	.	327	190	612	448	314	450	308
peak_176	chr1	20443641	20444536	.	896	404	628	636	400	496	364
peak_177	chr1	20466227	20467242	.	1016	410	592	620	300	360	242
peak_178	chr1	20540055	20540722	.	668	258	374	438	470	480	390
peak_179	chr1	20563410	20563923	.	514	124	246	284	226	302	250
peak_180	chr1	20588576	20589993	.	1418	514	842	864	378	464	282
peak_181	chr1	20612186	20612755	.	570	258	590	500	376	536	336
peak_182	chr1	20613284	20614365	.	1082	540	946	970	682	878	574
peak_183	chr1	20711326	20712525	.	1200	536	832	1044	394	502	318
peak_184	chr1	20732172	20733717	.	1546	850	2044	2090	1010	1360	978
peak_185	chr1	21297736	21298289	.	554	256	482	518	352	470	378
peak_186	chr1	21298459	21299453	.	995	446	730	756	600	686	464
peak_187	chr1	21564175	21565078	.	904	422	590	692	348	426	374
peak_188	chr1	21568290	21568678	.	389	174	344	322	290	298	200
peak_189	chr1	21584987	21585495	.	509	210	446	382	230	200	194
peak_190	chr1	21615530	21616129	.	600	292	466	402	286	288	192
peak_191	chr1	21791744	21792035	.	292	264	338	318	502	626	362
peak_192	chr1	21799610	21800023	.	414	192	342	338	280	380	250
peak_193	chr1	21804515	21804856	.	342	160	254	236	300	362	280
peak_194	chr1	21853003	21853737	.	735	350	636	654	390	504	334
peak_195	chr1	21933741	21934332	.	592	336	698	768	386	490	364
peak_196	chr1	22018999	22019329	.	331	140	392	370	246	420	212
peak_197	chr1	22048368	22049294	.	927	610	818	806	560	588	348
peak_198	chr1	22150547	22151133	.	587	242	404	444	60	80	58
peak_199	chr1	22162134	22162630	.	497	368	574	524	430	558	380
peak_200	chr1	22216068	22216926	.	859	420	736	708	392	474	304
peak_201	chr1	22232340	22232642	.	303	180	282	256	196	244	184
peak_202	chr1	22281552	22282299	.	748	514	778	776	628	680	392
peak_203	chr1	22380262	22380808	.	547	322	614	640	382	484	346
peak_204	chr1	22412950	22413327	.	378	334	472	502	562	770	492
peak_205	chr1	22424334	22425170	.	837	292	396	368	512	598	422
peak_206	chr1	22451680	22452369	.	690	346	858	704	506	638	448
peak_207	chr1	22561884	22562948	.	1065	788	1096	1060	668	664	486
peak_208	chr1	22579167	22580114	.	948	540	716	694	736	638	484
peak_209	chr1	22586424	22588020	.	1597	938	1792	1758	1012	1400	1004
peak_210	chr1	22601628	22602307	.	680	318	724	754	528	750	576
peak_211	chr1	22610136	22610820	.	685	448	596	518	720	728	592
peak_212	chr1	22612438	22613647	.	1210	548	1014	1008	594	574	426
peak_213	chr1	22616288	22617214	.	927	648	1164	1272	554	618	458
peak_214	chr1	22625648	22627051	.	1404	614	874	926	414	462	304
peak_215	chr1	22628575	22629303	.	729	280	544	512	506	610	454
peak_216	chr1	22639449	22639692	.	244	194	322	248	184	206	138
peak_217	chr1	22645429	22646321	.	893	378	766	738	314	382	230
peak_218	chr1	22689529	22689910	.	382	176	406	406	268	410	308
peak_219	chr1	22734931	22736077	.	1147	496	1056	1050	602	666	500
peak_220	chr1	22760520	22761241	.	722	440	784	804	652	878	688
peak_221	chr1	22829016	22829883	.	868	558	990	1108	714	928	584
peak_222	chr1	23013757	23014309	.	553	232	400	484	306	362	202
peak_223	chr1	23188436	23189439	.	1004	764	1394	1130	980	1400	846
peak_224	chr1	23215592	23216528	.	937	410	660	612	184	254	138
peak_225	chr1	23393144	23394705	.	1562	968	1702	1574	1026	1254	936
peak_226	chr1	23451620	23452460	.	841	442	868	876	406	452	292
peak_227	chr1	23479000	23479405	.	406	232	366	466	376	402	280
peak_228	chr1	23532504	23533078	.	575	290	372	358	354	482	312
peak_229	chr1	23637328	23637614	.	287	200	376	346	206	358	162
peak_230	chr1	23638260	23638885	.	626	376	678	660	450	544	332
peak_231	chr1	23639209	23640299	.	1091	632	1158	1228	476	492	340
peak_232	chr1	23774110	23774741	.	632	264	462	396	436	496	322
peak_233	chr1	23812035	23812825	.	791	372	668	644	610	706	444
peak_234	chr1	23849103	23849559	.	457	196	278	350	476	612	370
peak_235	chr1	23909494	23909829	.	336	262	352	396	320	374	314
peak_236	chr1	23910724	23911116	.	393	170	244	308	260	308	188
peak_237	chr1	23951557	23952167	.	611	408	582	560	536	538	378
peak_238	chr1	23959055	23959860	.	806	442	1062	1210	450	652	474
peak_239	chr1	24022831	24023384	.	554	340	552	546	438	590	388
peak_240	chr1	24096057	24099448	.	3392	1410	2376	2420	1276	1418	1102
peak_241	chr1	24108400	24109304	.	905	534	1210	1244	598	766	602
peak_242	chr1	24111913	24113043	.	1131	564	1098	1142	680	932	524
peak_243	chr1	24125999	24126979	.	981	394	680	776	610	872	626
peak_244	chr1	24136231	24136707	.	477	292	406	418	436	374	368
peak_245	chr1	24236807	24237148	.	342	362	536	526	420	586	404
peak_246	chr1	24266410	24266857	.	448	296	708	592	500	522	304
peak_247	chr1	24488135	24488702	.	568	160	266	278	324	468	280
peak_248	chr1	24583784	24584696	.	913	374	548	532	416	402	274
peak_249	chr1	24699602	24700100	.	499	214	510	484	444	668	484
peak_250	chr1	24744869	24745917	.	1049	604	2642	2072	714	1142	778
peak_251	chr1	24910833	24911882	.	1050	516	1206	1110	652	964	568
peak_252	chr1	24912470	24912844	.	375	170	414	414	252	372	246
peak_253	chr1	24966132	24966528	.	397	258	576	632	362	388	320
peak_254	chr1	24970201	24971574	.	1374	764	1558	1654	994	1222	818
peak_255	chr1	25003427	25004034	.	608	524	884	914	776	790	544
peak_256	chr1	25022478	25023130	.	653	486	1182	990	552	642	472
peak_257	chr1	25040391	25041542	.	1152	566	976	772	440	432	314
peak_258	chr1	25256293	25256930	.	638	264	404	412	400	448	324
peak_259	chr1	25549230	25550200	.	971	696	1348	1204	590	810	540
peak_260	chr1	25568458	25569212	.	755	466	974	956	650	970	630
peak_261	chr1	25571091	25572473	.	1383	626	1158	1346	458	656	450
peak_262	chr1	25774878	25775730	.	853	474	864	930	482	664	434
peak_263	chr1	25784677	25785201	.	525	322	424	454	240	334	280
peak_264	chr1	26006860	26007364	.	505	298	472	552	348	368	264
peak_265	chr1	26009860	26010356	.	497	308	470	438	442	646	384
peak_266	chr1	26020301	26022894	.	2594	1096	1928	2032	828	936	762
peak_267	chr1	26036257	26036914	.	658	578	1178	1244	820	1114	728
peak_268	chr1	26037437	26039423	.	1987	858	1446	1568	694	774	518
peak_269	chr1	26067355	26067959	.	605	332	520	624	512	704	452
peak_270	chr1	26145130	26146307	.	1178	644	1074	1082	610	614	518
peak_271	chr1	26233624	26234920	.	1297	716	2040	1832	824	1206	774
peak_272	chr1	26288556	26289034	.	479	212	378	430	352	382	252
peak_273	chr1	26289996	26291125	.	1130	556	1344	1216	758	956	734
peak_274	chr1	26378119	26378912	.	794	408	790	868	608	1062	772
peak_275	chr1	26530380	26532270	.	1891	974	1836	1948	908	1034	672
peak_276	chr1	26849208	26850023	.	816	610	1026	1182	792	1018	696
peak_277	chr1	26851240	26851823	.	584	284	676	810	388	532	426
peak_278	chr1	26913361	26914629	.	1269	494	834	894	452	508	318
peak_279	chr1	26938117	26939036	.	920	360	558	664	504	538	388
peak_280	chr1	26991069	26991865	.	797	480	1252	1250	668	852	644
peak_281	chr1	27009175	27010240	.	1066	634	1296	1390	974	1244	870
peak_282	chr1	27012724	27013481	.	758	998	2582	2054	1500	1660	1146
peak_283	chr1	27054442	27054819	.	378	166	316	282	392	424	316
peak_284	chr1	27070021	27071808	.	1788	1030	2108	2332	1470	1852	1144
peak_285	chr1	27072524	27074844	.	2321	1084	2072	1930	1244	1506	1006
peak_286	chr1	27106484	27107173	.	690	356	757	722	582	960	638
peak_287	chr1	27111705	27112837	.	1133	1032	2318	2084	1414	2182	1448
peak_288	chr1	27381178	27381992	.	815	500	1004	1022	606	928	566
peak_289	chr1	27391578	27392538	.	961	580	1370	1342	722	978	670
peak_290	chr1	27521506	27522643	.	1138	612	1106	1068	618	788	552
peak_291	chr1	27538730	27539126	.	397	218	460	394	332	434	232
peak_292	chr1	27541706	27543504	.	1799	1016	1872	1710	1262	1542	1156
peak_293	chr1	27588638	27590087	.	1450	986	1530	1650	974	1188	828
peak_294	chr1	27591009	27591888	.	880	498	894	944	600	794	518
peak_295	chr1	27596424	27597582	.	1159	650	1128	1006	750	1030	652
peak_296	chr1	27624375	27625738	.	1364	1096	1440	1450	1092	1376	1024
peak_297	chr1	27636609	27637437	.	829	446	696	702	440	468	394
peak_298	chr1	27650606	27651146	.	541	446	900	808	576	858	588
peak_299	chr1	27658636	27660262	.	1627	838	1502	1602	820	1168	812
peak_300	chr1	27725557	27725966	.	410	544	1566	1442	692	1044	640
peak_301	chr1	27772958	27773938	.	981	618	1704	1476	680	804	584
peak_302	chr1	27875968	27877301	.	1334	498	822	858	640	682	512
peak_303	chr1	28098783	28099641	.	859	606	878	1002	862	1098	802
peak_304	chr1	28129068	28129526	.	459	302	500	466	296	324	222
peak_305	chr1	28351394	28351780	.	387	220	588	380	350	524	232
peak_306	chr1	28425748	28425976	.	229	64	70	72	208	204	118
peak_307	chr1	28513462	28513915	.	454	134	276	284	384	506	322
peak_308	chr1	28590096	28590578	.	483	172	410	412	446	480	334
peak_309	chr1	28860383	28861064	.	682	296	436	380	472	614	356
peak_310	chr1	28865877	28866626	.	750	372	670	636	626	836	542
peak_311	chr1	28893449	28894049	.	601	368	658	636	426	560	364
peak_312	chr1	28915228	28915690	.	463	276	428	332	240	340	234
peak_313	chr1	29240916	29241451	.	536	352	544	536	430	494	340
peak_314	chr1	29243163	29243750	.	588	422	700	772	574	758	568
peak_315	chr1	29248653	29249889	.	1237	660	1184	1098	1074	1174	954
peak_316	chr1	29254200	29254755	.	556	360	452	536	522	580	418
peak_317	chr1	29256456	29256995	.	540	382	736	692	506	676	518
peak_318	chr1	29316582	29317414	.	833	540	962	1090	760	1092	704
peak_319	chr1	29330192	29330961	.	770	500	620	642	500	650	382
peak_320	chr1	29332365	29332901	.	537	304	418	448	330	368	308
peak_321	chr1	29351394	29351852	.	459	266	474	460	314	474	296
peak_322	chr1	29390441	29392679	.	2239	1250	2164	2092	1016	1096	854
peak_323	chr1	29443888	29445753	.	1866	1028	1466	1480	1010	1264	802
peak_324	chr1	29458654	29460016	.	1363	760	1336	1314	744	972	570
peak_325	chr1	29460129	29460653	.	525	376	726	802	554	732	480
peak_326	chr1	29490306	29490703	.	398	254	496	586	310	366	306
peak_327	chr1	29507207	29507750	.	544	292	532	600	430	522	426
peak_328	chr1	29550112	29550918	.	807	378	858	906	432	574	460
peak_329	chr1	29591970	29593572	.	1603	784	1234	1252	548	562	440
peak_330	chr1	29651877	29652586	.	710	416	826	766	554	776	428
peak_331	chr1	29673711	29674201	.	491	274	428	442	374	482	302
peak_332	chr1	29676318	29676813	.	496	192	338	350	238	320	244
peak_333	chr1	29682168	29682894	.	727	526	902	898	574	794	630
peak_334	chr1	29729490	29731572	.	2083	1218	2162	2090	1368	1532	1148
peak_335	chr1	29744024	29744989	.	966	570	1216	1260	632	914	650
peak_336	chr1	29789350	29790190	.	841	562	1112	1318	784	1282	814
peak_337	chr1	29806523	29807515	.	993	614	842	884	672	960	588
peak_338	chr1	29824458	29825266	.	809	372	630	616	344	340	230
peak_339	chr1	29896886	29898376	.	1491	1036	1606	1636	990	1188	874
peak_340	chr1	29903660	29903973	.	314	160	222	262	414	512	374
peak_341	chr1	29938989	29939465	.	477	130	254	324	246	456	314
peak_342	chr1	30008087	30008955	.	869	492	780	830	714	808	554
peak_343	chr1	30034363	30035264	.	902	476	1120	1036	786	946	658
peak_344	chr1	30037451	30038430	.	980	720	1196	1206	854	1168	670
peak_345	chr1	30082220	30084098	.	1879	676	1106	1094	418	484	338
peak_346	chr1	30100287	30100830	.	544	348	678	684	406	532	386
peak_347	chr1	30101431	30104279	.	2849	1416	2360	2426	1102	1366	916
peak_348	chr1	30144583	30145258	.	676	266	368	394	492	680	402
peak_349	chr1	30194364	30195640	.	1277	456	740	698	332	314	218
peak_350	chr1	30330862	30331948	.	1087	534	900	986	764	806	576
peak_351	chr1	30378945	30380882	.	1938	1010	1970	2116	946	1156	802
peak_352	chr1	30401215	30401942	.	728	196	370	358	442	510	354
peak_353	chr1	30407000	30407734	.	735	410	748	714	334	416	282
peak_354	chr1	30412160	30413023	.	864	654	1160	1156	698	788	586
peak_355	chr1	30511383	30513222	.	1840	972	1486	1518	660	768	582
peak_356	chr1	30521594	30524117	.	2524	1562	3198	3104	2162	2612	1970
peak_357	chr1	30524821	30525253	.	433	328	562	674	316	444	298
peak_358	chr1	30525560	30526698	.	1139	668	1268	1322	666	724	544
peak_359	chr1	30598639	30599414	.	776	550	694	792	542	590	450
peak_360	chr1	30635387	30636707	.	1321	808	1412	1434	902	958	650
peak_361	chr1	30637085	30637558	.	474	290	554	582	392	548	376
peak_362	chr1	30642059	30642857	.	799	312	634	686	374	560	324
peak_363	chr1	30648594	30649746	.	1153	796	1206	1384	788	846	646
peak_364	chr1	30656579	30658322	.	1744	698	1546	1568	724	924	698
peak_365	chr1	30706628	30707544	.	917	600	1134	1056	620	850	598
peak_366	chr1	30756637	30757070	.	434	348	604	582	308	556	340
peak_367	chr1	30787298	30788443	.	1146	480	870	894	238	262	216
peak_368	chr1	30797686	30798400	.	715	352	554	540	360	462	316
peak_369	chr1	30816428	30817380	.	953	596	1236	1152	684	1016	726
peak_370	chr1	30858619	30859308	.	690	276	632	776	552	668	458
peak_371	chr1	30861637	30862070	.	434	266	330	432	284	332	234
peak_372	chr1	30892511	30893266	.	756	420	748	732	468	680	396
peak_373	chr1	30905759	30906678	.	920	554	944	914	738	808	492
peak_374	chr1	30911155	30914168	.	3014	1488	2592	2626	1218	1146	844
peak_375	chr1	31183046	31183422	.	377	318	466	482	396	420	272
peak_376	chr1	31186456	31187720	.	1265	700	1432	1350	580	666	576
peak_377	chr1	31368431	31369613	.	1183	468	758	778	428	516	282
peak_378	chr1	31394629	31395088	.	460	336	844	894	524	774	512
peak_379	chr1	31409957	31411951	.	1995	980	1388	1502	864	940	588
peak_380	chr1	31505677	31506307	.	631	324	640	688	400	636	358
peak_381	chr1	31702567	31704926	.	2360	1198	2014	2030	1130	1264	896
peak_382	chr1	31705289	31706741	.	1453	690	1128	1196	804	920	642
peak_383	chr1	31745277	31746599	.	1323	824	1478	1588	856	1098	732
peak_384	chr1	31758972	31761495	.	2524	1172	1968	2296	1218	1580	1210
peak_385	chr1	31764459	31765387	.	929	750	1120	1092	760	1088	714
peak_386	chr1	31769707	31770417	.	711	434	924	940	534	842	474
peak_387	chr1	31781824	31782248	.	425	324	554	600	286	412	354
peak_388	chr1	31830064	31831114	.	1051	622	1064	1156	658	886	588
peak_389	chr1	31939528	31940166	.	639	536	1036	906	636	828	526
peak_390	chr1	32107876	32108820	.	945	464	1010	1196	516	738	424
peak_391	chr1	32199690	32200038	.	349	238	354	360	282	466	286
peak_392	chr1	32236174	32236551	.	378	286	476	518	504	554	440
peak_393	chr1	32498814	32499494	.	681	324	498	406	526	668	444
peak_394	chr1	32716718	32717056	.	339	228	468	622	238	378	234
peak_395	chr1	32729690	32730273	.	584	216	420	432	302	382	354
peak_396	chr1	32875235	32875960	.	726	374	640	588	404	552	366
peak_397	chr1	32887060	32888105	.	1046	578	750	690	1014	1218	878
peak_398	chr1	32888236	32888867	.	632	408	752	784	458	572	408
peak_399	chr1	32891023	32891959	.	937	402	790	802	656	696	452
peak_400	chr1	33099177	33099915	.	739	638	1240	986	576	680	434
peak_401	chr1	33119624	33120222	.	599	284	408	430	354	448	310
peak_402	chr1	33272556	33273348	.	793	394	756	792	498	558	442
peak_403	chr1	33327646	33328360	.	715	306	466	466	456	520	402
peak_404	chr1	33680334	33680764	.	431	206	304	376	220	216	158
peak_405	chr1	33958644	33959611	.	968	566	684	722	620	672	446
peak_406	chr1	34131974	34132384	.	411	198	196	198	296	350	260
peak_407	chr1	34284187	34284769	.	583	194	246	316	354	420	316
peak_408	chr1	34590060	34590580	.	521	266	600	572	434	542	398
peak_409	chr1	34661013	34661965	.	953	430	620	628	710	1002	590
peak_410	chr1	34683679	34683944	.	266	140	214	214	206	288	184
peak_411	chr1	34738563	34740099	.	1537	646	1086	1068	670	734	464
peak_412	chr1	34757927	34758276	.	350	154	342	338	288	334	290
peak_413	chr1	34763119	34763779	.	661	442	708	644	472	636	402
peak_414	chr1	35031577	35032108	.	532	342	904	916	546	674	492
peak_415	chr1	35189451	35190306	.	856	378	738	620	550	744	362
peak_416	chr1	35561148	35562268	.	1121	500	704	764	558	578	342
peak_417	chr1	35569937	35570383	.	447	176	338	360	502	550	390
peak_418	chr1	35589005	35589713	.	709	488	694	780	634	864	622
peak_419	chr1	35714871	35716227	.	1357	692	1180	1032	980	1192	766
peak_420	chr1	35869465	35869874	.	410	270	562	488	418	384	338
peak_421	chr1	36133412	36134055	.	644	652	1114	998	716	934	580
peak_422	chr1	36148803	36151208	.	2406	1382	3644	3252	1494	2174	1314
peak_423	chr1	36157294	36158708	.	1415	836	1224	1402	804	890	542
peak_424	chr1	36299903	36300345	.	443	274	458	524	520	490	394
peak_425	chr1	36349388	36349801	.	414	278	510	618	270	428	310
peak_426	chr1	36374436	36375201	.	766	582	1366	1142	826	1108	726
peak_427	chr1	36386531	36387106	.	576	794	1488	1414	914	1202	854
peak_428	chr1	36514112	36516166	.	2055	1318	2222	2472	1464	1738	1092
peak_429	chr1	36520589	36521468	.	880	634	1018	1068	676	974	682
peak_430	chr1	36524333	36525348	.	1016	478	682	612	764	852	518
peak_431	chr1	36555968	36556835	.	868	484	694	662	670	746	536
peak_432	chr1	36578420	36579424	.	1005	516	756	848	438	550	334
peak_433	chr1	36590892	36591359	.	468	316	500	626	402	492	344
peak_434	chr1	36604861	36605599	.	739	640	794	974	664	826	516
peak_435	chr1	36607630	36608005	.	376	214	262	298	310	420	230
peak_436	chr1	36616908	36617576	.	669	396	438	490	598	586	478
peak_437	chr1	36621381	36622038	.	658	370	618	696	620	794	594
peak_438	chr1	36623320	36623967	.	648	360	676	744	450	610	414
peak_439	chr1	36624785	36625477	.	693	552	750	860	726	850	726
peak_440	chr1	36651750	36652281	.	532	268	322	356	382	398	282
peak_441	chr1	36653968	36654543	.	576	428	672	674	532	692	500
peak_442	chr1	36691359	36693647	.	2289	1214	2046	2066	1084	958	898
peak_443	chr1	36709578	36710006	.	429	280	386	380	280	410	332
peak_444	chr1	36731470	36732205	.	736	358	756	768	538	598	406
peak_445	chr1	36782915	36784903	.	1989	908	1298	1548	714	792	536
peak_446	chr1	36798983	36800243	.	1261	616	842	826	818	952	616
peak_447	chr1	36843655	36844157	.	503	368	500	578	358	496	346
peak_448	chr1	36845706	36847426	.	1721	772	1314	1472	740	826	468
peak_449	chr1	36848993	36849975	.	983	444	874	926	600	722	422
peak_450	chr1	36917450	36917717	.	268	74	100	90	180	232	158
peak_451	chr1	36919441	36919969	.	529	262	476	524	322	458	308
peak_452	chr1	36938083	36939252	.	1170	578	1000	1252	882	1044	674
peak_453	chr1	36950673	36951407	.	735	388	638	720	488	594	368
peak_454	chr1	36951758	36956790	.	5033	2762	4956	4952	2664	3324	2420
peak_455	chr1	36956890	36957885	.	996	554	910	972	1122	1200	848
peak_456	chr1	36958339	36960805	.	2467	1124	1546	1604	2420	2356	1802
peak_457	chr1	36965836	36966575	.	740	356	626	736	502	454	380
peak_458	chr1	36981597	36983658	.	2062	1168	2148	2296	1152	1318	978
peak_459	chr1	37029038	37030127	.	1090	510	910	1000	320	294	212
peak_460	chr1	37074634	37075371	.	738	566	706	662	512	560	448
peak_461	chr1	37238870	37239356	.	487	320	646	550	432	702	468
peak_462	chr1	37250320	37250700	.	381	238	394	366	388	518	404
peak_463	chr1	37271260	37272248	.	989	658	1202	1282	736	968	730
peak_464	chr1	37319937	37320329	.	393	272	456	592	320	416	236
peak_465	chr1	37336192	37336814	.	623	342	516	606	592	644	472
peak_466	chr1	37399145	37399563	.	419	258	464	418	324	314	300
peak_467	chr1	37425172	37425713	.	542	302	346	464	350	446	362
peak_468	chr1	37431325	37432175	.	851	510	848	934	684	908	636
peak_469	chr1	37434134	37435077	.	944	548	1010	1024	328	452	270
peak_470	chr1	37475366	37478997	.	3632	1812	3810	3612	2390	2756	2118
peak_471	chr1	37485200	37485909	.	710	262	508	550	254	224	166
peak_472	chr1	37615615	37616144	.	530	246	584	418	324	428	274
peak_473	chr1	37621836	37622298	.	463	332	484	474	484	502	330
peak_474	chr1	37630195	37631480	.	1286	566	1014	982	500	534	336
peak_475	chr1	37755063	37755704	.	642	432	842	782	620	668	456
peak_476	chr1	37765727	37767000	.	1274	592	984	976	622	692	456
peak_477	chr1	37878165	37878517	.	353	124	292	360	232	422	210
peak_478	chr1	37949646	37950116	.	471	284	648	606	406	532	294
peak_479	chr1	38012264	38012789	.	526	970	1764	1586	1242	1376	902
peak_480	chr1	38067221	38067569	.	349	262	354	440	356	290	200
peak_481	chr1	38071645	38072271	.	627	400	430	470	272	298	208
peak_482	chr1	38087855	38088800	.	946	744	1342	1308	870	1240	856
peak_483	chr1	38088977	38089365	.	389	358	424	424	376	528	320
peak_484	chr1	38190747	38191244	.	498	274	424	432	426	554	336
peak_485	chr1	38214609	38215225	.	617	538	596	600	590	750	608
peak_486	chr1	38217774	38218391	.	618	316	526	600	438	470	342
peak_487	chr1	38237267	38237749	.	483	154	268	236	304	348	230
peak_488	chr1	38328426	38329118	.	693	358	582	646	596	826	594
peak_489	chr1	38451611	38452040	.	430	252	512	552	318	394	370
peak_490	chr1	38527339	38528029	.	691	312	502	606	544	606	434
peak_491	chr1	38959576	38959961	.	386	238	436	522	362	422	300
peak_492	chr1	39154573	39155058	.	486	210	312	342	232	272	210
peak_493	chr1	39183828	39184443	.	616	464	968	880	804	1110	702
peak_494	chr1	39185856	39186169	.	314	120	224	170	274	374	224
peak_495	chr1	39538554	39539471	.	918	554	942	926	646	900	568
peak_496	chr1	39540412	39541044	.	633	318	618	746	430	688	568
peak_497	chr1	39581545	39581953	.	409	180	362	388	352	484	292
peak_498	chr1	39616543	39616912	.	370	206	278	328	372	410	248
peak_499	chr1	39650461	39650786	.	326	236	326	316	362	440	274
peak_500	chr1	39653596	39653997	.	402	390	640	706	544	852	512
peak_501	chr1	39798803	39799503	.	701	692	1346	1312	924	1168	702
peak_502	chr1	39816397	39817057	.	661	606	1362	1256	916	1328	952
peak_503	chr1	39817393	39817677	.	285	374	762	746	484	748	526
peak_504	chr1	39934373	39935029	.	657	420	666	626	536	680	596
peak_505	chr1	39952471	39953048	.	578	336	540	526	262	336	256
peak_506	chr1	39959811	39961268	.	1458	942	1840	2136	1230	1460	1050
peak_507	chr1	39964451	39965812	.	1362	726	1182	1210	648	688	534
peak_508	chr1	40039589	40041317	.	1729	1102	3392	2994	1360	1698	1256
peak_509	chr1	40313478	40314323	.	846	512	876	1042	724	1072	634
peak_510	chr1	40574705	40575122	.	418	334	446	456	642	678	532
peak_511	chr1	40627987	40628638	.	652	586	726	828	776	756	680
peak_512	chr1	40637396	40637877	.	482	378	486	492	664	794	550
peak_513	chr1	40640607	40641214	.	608	362	442	502	636	680	508
peak_514	chr1	40641897	40642367	.	471	362	510	476	608	804	554
peak_515	chr1	40648684	40650848	.	2165	1584	2848	3088	1448	1792	1238
peak_516	chr1	40662929	40663931	.	1003	742	1272	1300	838	984	818
peak_517	chr1	40819318	40821737	.	2420	1410	2242	2168	1004	1102	760
peak_518	chr1	40865756	40866702	.	947	634	858	874	436	586	298
peak_519	chr1	40874107	40874562	.	456	352	424	432	542	824	542
peak_520	chr1	40901883	40902305	.	423	210	546	524	428	498	346
peak_521	chr1	41003723	41004119	.	397	392	928	806	600	950	530
peak_522	chr1	41023407	41024204	.	798	464	792	814	186	184	208
peak_523	chr1	41123232	41123499	.	268	238	488	336	420	476	314
peak_524	chr1	41282185	41282940	.	756	402	662	740	264	290	228
peak_525	chr1	41315558	41316294	.	737	576	852	904	966	1190	702
peak_526	chr1	41321911	41322611	.	701	496	1030	1004	510	702	464
peak_527	chr1	41357331	41360595	.	3265	2340	4086	4062	2134	2582	1824
peak_528	chr1	41368892	41369842	.	951	780	1090	1220	664	784	568
peak_529	chr1	41373172	41375009	.	1838	1270	1944	2032	1176	1282	986
peak_530	chr1	41394820	41395230	.	411	314	732	696	372	484	308
peak_531	chr1	41413432	41416875	.	3444	2054	3788	3892	1574	1976	1386
peak_532	chr1	41469174	41469911	.	738	466	570	438	678	702	430
peak_533	chr1	41482913	41484081	.	1169	940	1446	1368	922	1020	652
peak_534	chr1	41486201	41486594	.	394	354	598	668	350	546	366
peak_535	chr1	41493057	41493788	.	732	594	1140	1178	596	818	606
peak_536	chr1	41498545	41499839	.	1295	1020	1910	1818	1028	1356	942
peak_537	chr1	41503839	41504875	.	1037	976	1668	1764	1148	1452	1018
peak_538	chr1	41514900	41516998	.	2099	1120	1880	2106	1090	1328	920
peak_539	chr1	41525583	41526533	.	951	512	1046	1298	828	1180	750
peak_540	chr1	41540921	41541725	.	805	558	822	968	490	622	398
peak_541	chr1	41546417	41547153	.	737	614	1032	1082	660	806	576
peak_542	chr1	41638822	41639929	.	1108	748	1300	1330	1016	1352	912
peak_543	chr1	41642753	41643736	.	984	780	876	1030	718	662	546
peak_544	chr1	41661325	41662224	.	900	448	1014	1036	476	546	330
peak_545	chr1	41672071	41672577	.	507	352	632	620	420	618	418
peak_546	chr1	41675367	41675934	.	568	388	682	748	524	532	404
peak_547	chr1	41681140	41681951	.	812	594	990	962	644	908	598
peak_548	chr1	41683723	41684570	.	848	504	946	916	630	678	472
peak_549	chr1	41695853	41696701	.	849	426	742	752	424	478	376
peak_550	chr1	41728281	41729499	.	1219	1076	1670	1774	924	1064	762
peak_551	chr1	41739089	41741222	.	2134	1238	2504	2496	1132	1290	930
peak_552	chr1	41743269	41744007	.	739	532	742	660	474	510	320
peak_553	chr1	41751359	41752574	.	1216	670	1114	1156	682	788	542
peak_554	chr1	41773912	41774379	.	468	476	612	592	714	668	496
peak_555	chr1	41789764	41790324	.	561	256	360	382	384	404	330
peak_556	chr1	41869960	41870524	.	565	426	762	638	656	998	614
peak_557	chr1	41883180	41883787	.	608	410	626	664	366	342	320
peak_558	chr1	42152131	42155883	.	3753	2108	3712	3750	1480	1620	1244
peak_559	chr1	42172012	42173658	.	1647	1152	1968	2180	1188	1582	1130
peak_560	chr1	42420730	42421147	.	418	258	520	420	320	488	322
peak_561	chr1	42657971	42659362	.	1392	1262	2336	2346	1648	1776	1144
peak_562	chr1	42766035	42767989	.	1955	1232	3324	3118	1380	1924	1494
peak_563	chr1	42931992	42932999	.	1008	724	1040	1274	720	1016	692
peak_564	chr1	42940709	42941508	.	800	720	1496	1236	836	1050	788
peak_565	chr1	42960212	42961725	.	1514	822	1348	1440	736	804	578
peak_566	chr1	43021373	43022259	.	887	376	584	576	610	688	480
peak_567	chr1	43062409	43062907	.	499	324	488	552	470	538	456
peak_568	chr1	43065042	43065927	.	886	768	940	848	970	1140	768
peak_569	chr1	43066390	43067000	.	611	390	682	802	546	556	378
peak_570	chr1	43241419	43241879	.	461	290	452	396	600	708	428
peak_571	chr1	43302271	43303035	.	765	668	988	956	758	722	640
peak_572	chr1	43305307	43306002	.	696	408	716	652	494	482	300
peak_573	chr1	43312483	43313310	.	828	512	818	962	622	720	524
peak_574	chr1	43446828	43448588	.	1761	750	1156	1214	728	780	572
peak_575	chr1	43523123	43523547	.	425	370	614	680	432	706	450
peak_576	chr1	43580292	43582846	.	2555	1790	3506	3398	1554	1962	1420
peak_577	chr1	43589767	43590821	.	1055	724	1172	1220	796	944	694
peak_578	chr1	43591414	43593615	.	2202	1520	2524	2780	2194	2910	2234
peak_579	chr1	43593842	43594204	.	363	96	190	178	300	360	258
peak_580	chr1	43595680	43599062	.	3383	1828	2722	2762	1732	1992	1328
peak_581	chr1	43610931	43611532	.	602	360	608	640	514	790	536
peak_582	chr1	43858279	43859067	.	789	506	790	964	382	496	310
peak_583	chr1	43881277	43882298	.	1022	778	1430	1520	974	1224	950
peak_584	chr1	43914665	43915902	.	1238	726	1054	1116	570	530	368
peak_585	chr1	43946270	43948034	.	1765	1336	2884	2990	1406	1848	1244
peak_586	chr1	43948860	43950057	.	1198	718	1578	1856	742	1008	644
peak_587	chr1	43974207	43975727	.	1521	1672	3474	3218	1926	2140	1544
peak_588	chr1	43977466	43979096	.	1631	854	1238	1340	1068	1236	874
peak_589	chr1	43979426	43981580	.	2155	1352	2976	3038	1634	2148	1474
peak_590	chr1	44006722	44007737	.	1016	626	1120	1202	340	368	260
peak_591	chr1	44020076	44022410	.	2335	1446	2060	2256	1254	1240	1016
peak_592	chr1	44282561	44284463	.	1903	942	1500	1390	570	590	484
peak_593	chr1	44288088	44288482	.	395	186	364	370	266	364	216
peak_594	chr1	44572127	44572840	.	714	322	370	460	536	652	478
peak_595	chr1	44615851	44616304	.	454	324	444	456	428	586	428
peak_596	chr1	44626020	44626783	.	764	542	754	872	842	968	604
peak_597	chr1	44673717	44674994	.	1278	1442	3880	3298	1492	2334	1600
peak_598	chr1	44722109	44722374	.	266	226	772	612	420	538	288
peak_599	chr1	44775229	44777898	.	2670	1558	2724	2704	1534	1892	1266
peak_600	chr1	44791240	44791825	.	586	388	878	852	472	622	316
peak_601	chr1	44796756	44797107	.	352	268	816	604	456	722	482
peak_602	chr1	44801413	44804743	.	3331	2378	3678	3846	2938	3776	2426
peak_603	chr1	44806795	44811181	.	4387	3270	6512	6622	3520	4194	2894
peak_604	chr1	44826131	44826591	.	461	290	498	468	378	520	380
peak_605	chr1	44831537	44832580	.	1044	576	850	900	306	396	278
peak_606	chr1	44985476	44986091	.	616	386	514	464	492	480	346
peak_607	chr1	45334300	45334778	.	479	396	676	686	514	716	510
peak_608	chr1	45339450	45341619	.	2170	1334	2520	2458	1318	1442	988
peak_609	chr1	45349001	45349970	.	970	718	980	1018	412	418	232
peak_610	chr1	45360251	45360590	.	340	222	368	404	280	292	236
peak_611	chr1	45411021	45411923	.	903	588	964	874	956	1334	840
peak_612	chr1	45499394	45500685	.	1292	876	1648	1366	914	1036	738
peak_613	chr1	45721310	45721605	.	296	196	324	354	438	486	440
peak_614	chr1	46173689	46174188	.	500	216	316	328	364	452	266
peak_615	chr1	46174300	46175671	.	1372	616	770	854	482	514	302
peak_616	chr1	46180050	46180735	.	686	472	882	782	610	660	574
peak_617	chr1	46401442	46402519	.	1078	522	896	1082	370	534	364
peak_618	chr1	46431440	46432663	.	1224	656	1124	1202	862	968	762
peak_619	chr1	46450870	46453235	.	2366	1082	1534	1694	510	542	378
peak_620	chr1	46513526	46513978	.	453	310	392	434	194	222	162
peak_621	chr1	46520135	46521104	.	970	762	1788	1688	904	1300	1076
peak_622	chr1	46522093	46523366	.	1274	646	1042	1026	506	684	478
peak_623	chr1	46527516	46528858	.	1343	692	980	1024	642	826	450
peak_624	chr1	46531748	46532505	.	758	604	1148	1250	720	930	594
peak_625	chr1	46552690	46553849	.	1160	478	722	790	242	250	198
peak_626	chr1	46812026	46812951	.	926	422	656	722	246	236	252
peak_627	chr1	47207772	47208585	.	814	416	1070	1132	676	792	616
peak_628	chr1	47722960	47724050	.	1091	680	1304	1314	664	826	554
peak_629	chr1	47745714	47746150	.	437	348	484	448	428	502	242
peak_630	chr1	47766925	47768547	.	1623	610	1132	1216	592	650	462
peak_631	chr1	47773178	47773484	.	307	238	274	314	310	270	238
peak_632	chr1	47776383	47777252	.	870	366	560	550	328	348	250
peak_633	chr1	47778877	47780371	.	1495	604	994	960	494	466	384
peak_634	chr1	47870473	47870913	.	441	192	404	456	410	506	416
peak_635	chr1	47881581	47882742	.	1162	618	1006	1114	838	1030	710
peak_636	chr1	47932492	47933039	.	548	222	296	260	420	386	294
peak_637	chr1	47991110	47991441	.	332	290	326	252	356	420	300
peak_638	chr1	48202188	48202785	.	598	312	438	468	542	570	386
peak_639	chr1	48206087	48206727	.	641	390	618	656	386	528	386
peak_640	chr1	48570772	48571905	.	1134	778	1034	1042	812	998	722
peak_641	chr1	50189861	50190148	.	288	104	200	230	218	348	186
peak_642	chr1	50239944	50240393	.	450	242	368	398	426	370	254
peak_643	chr1	50347913	50348366	.	454	262	390	344	306	376	208
peak_644	chr1	50350448	50351226	.	779	318	460	424	342	252	186
peak_645	chr1	51313902	51314816	.	915	430	790	1004	642	954	566
peak_646	chr1	51333692	51333950	.	259	136	162	152	170	220	160
peak_647	chr1	52397156	52397585	.	430	134	268	290	318	462	244
peak_648	chr1	52658797	52659203	.	407	162	342	356	314	488	282
peak_649	chr1	52661494	52661737	.	244	138	200	306	182	314	220
peak_650	chr1	52697832	52698899	.	1068	648	1076	912	516	658	414
peak_651	chr1	52702859	52703838	.	980	864	1782	1550	1016	1326	844
peak_652	chr1	52868946	52869214	.	269	104	158	186	172	268	142
peak_653	chr1	53080074	53080591	.	518	368	538	524	380	496	358
peak_654	chr1	53082328	53083143	.	816	344	512	502	696	638	412
peak_655	chr1	53084142	53085157	.	1016	604	1184	1288	734	1076	706
peak_656	chr1	53120605	53124085	.	3481	1674	3552	3856	2006	2868	2006
peak_657	chr1	53124378	53124919	.	542	394	620	552	416	616	410
peak_658	chr1	53155683	53156184	.	502	228	360	326	362	370	294
peak_659	chr1	53175024	53175341	.	318	188	220	224	282	404	242
peak_660	chr1	53308411	53309088	.	678	402	656	794	434	662	398
peak_661	chr1	53321041	53323125	.	2085	830	1424	1584	448	516	444
peak_662	chr1	53332930	53333357	.	428	266	366	338	318	432	226
peak_663	chr1	53465004	53466246	.	1243	474	568	728	390	414	272
peak_664	chr1	53517867	53518971	.	1105	704	1174	1286	650	826	550
peak_665	chr1	53521486	53522089	.	604	372	684	714	366	464	294
peak_666	chr1	53530483	53531785	.	1303	706	1516	1492	884	1080	716
peak_667	chr1	53539564	53541790	.	2227	1060	1838	2052	942	1186	746
peak_668	chr1	53545775	53546352	.	578	262	532	544	322	462	268
peak_669	chr1	53553283	53553805	.	523	352	514	588	506	702	432
peak_670	chr1	53553997	53554942	.	946	538	1044	1128	840	952	810
peak_671	chr1	53557975	53558981	.	1007	526	796	764	456	462	310
peak_672	chr1	53575205	53577971	.	2767	1526	2650	2568	1320	1574	1272
peak_673	chr1	53581580	53583268	.	1689	952	1524	1584	964	1336	964
peak_674	chr1	53600475	53600996	.	522	270	316	316	340	404	270
peak_675	chr1	53629037	53629709	.	673	398	600	688	446	562	444
peak_676	chr1	53631631	53632434	.	804	542	584	642	774	1026	694
peak_677	chr1	53636530	53639933	.	3404	1674	3120	3056	1432	1482	1036
peak_678	chr1	53655301	53656391	.	1091	460	906	1022	718	944	644
peak_679	chr1	53670571	53670931	.	361	220	256	326	310	288	262
peak_680	chr1	54052330	54054091	.	1762	798	1928	1938	938	1026	922
peak_681	chr1	54102101	54102661	.	561	204	258	292	332	378	324
peak_682	chr1	54132755	54133339	.	585	336	482	608	418	560	350
peak_683	chr1	54166826	54167371	.	546	214	382	400	384	430	344
peak_684	chr1	54171520	54172029	.	510	362	520	582	396	548	406
peak_685	chr1	54180868	54182010	.	1143	504	800	878	374	368	230
peak_686	chr1	54227095	54227942	.	848	400	728	842	356	558	454
peak_687	chr1	54229042	54229967	.	926	414	804	902	566	618	442
peak_688	chr1	54253432	54254688	.	1257	754	1420	1362	718	838	660
peak_689	chr1	54459187	54461503	.	2317	998	1934	2134	1220	1480	1040
peak_690	chr1	54464581	54465076	.	496	226	494	666	316	442	310
peak_691	chr1	54546369	54548646	.	2278	1210	1940	1898	1052	1206	782
peak_692	chr1	54604662	54605337	.	676	396	876	998	496	586	486
peak_693	chr1	54606369	54607368	.	1000	612	982	1028	868	882	650
peak_694	chr1	54678801	54680009	.	1209	592	982	1138	628	610	508
peak_695	chr1	54688694	54689305	.	612	300	600	612	416	486	370
peak_696	chr1	54693455	54694272	.	818	510	656	674	678	874	580
peak_697	chr1	54709622	54710352	.	731	410	670	758	430	606	480
peak_698	chr1	54738164	54738590	.	427	174	340	400	372	484	330
peak_699	chr1	54794787	54795245	.	459	218	384	446	276	382	260
peak_700	chr1	54808272	54809380	.	1109	446	760	702	434	348	304
peak_701	chr1	54810556	54811731	.	1176	660	1250	1178	822	912	754
peak_702	chr1	54858971	54859353	.	383	104	214	260	272	358	260
peak_703	chr1	54950305	54950900	.	596	422	788	836	492	644	476
peak_704	chr1	55000521	55001573	.	1053	516	626	762	278	368	264
peak_705	chr1	55002833	55003167	.	335	130	178	162	232	296	162
peak_706	chr1	55014304	55014756	.	453	332	478	426	418	500	420
peak_707	chr1	55042761	55043266	.	506	140	208	286	444	440	274
peak_708	chr1	55381264	55382059	.	796	356	448	432	560	616	388
peak_709	chr1	55718820	55719367	.	548	260	344	376	298	394	308
peak_710	chr1	55826445	55826958	.	514	242	376	412	454	560	446
peak_711	chr1	56385324	56385638	.	315	116	154	198	238	304	288
peak_712	chr1	56508433	56508894	.	462	164	286	306	424	548	368
peak_713	chr1	58755231	58755794	.	564	222	448	470	468	616	402
peak_714	chr1	58783794	58784468	.	675	532	1508	1164	744	898	614
peak_715	chr1	58823460	58824001	.	542	224	514	536	508	652	438
peak_716	chr1	59137084	59137459	.	376	102	130	186	240	270	202
peak_717	chr1	59139410	59139870	.	461	230	484	612	340	502	404
peak_718	chr1	59296307	59297339	.	1033	824	2394	2044	828	1210	1038
peak_719	chr1	59333702	59334004	.	303	72	162	158	264	328	248
peak_720	chr1	59750718	59751027	.	310	158	294	190	294	382	216
peak_721	chr1	62333367	62333863	.	497	406	590	574	520	530	406
peak_722	chr1	63668350	63668726	.	377	242	364	340	402	484	302
peak_723	chr1	63877861	63878232	.	372	262	482	384	398	468	370
peak_724	chr1	63883683	63884558	.	876	482	738	732	658	640	506
peak_725	chr1	64171194	64171664	.	471	234	304	300	482	582	372
peak_726	chr1	64345473	64345864	.	392	136	206	234	300	444	272
peak_727	chr1	65079921	65080215	.	295	90	106	136	192	254	194
peak_728	chr1	65210851	65211102	.	252	136	136	126	232	306	190
peak_729	chr1	65211269	65211603	.	335	130	194	208	242	366	268
peak_730	chr1	65419742	65421125	.	1384	672	2306	2276	770	1200	868
peak_731	chr1	65434769	65435211	.	443	188	288	218	416	484	304
peak_732	chr1	66699000	66699633	.	634	394	496	538	634	566	454
peak_733	chr1	67404200	67404619	.	420	264	374	318	624	640	346
peak_734	chr1	67686518	67687107	.	590	338	666	542	556	560	416
peak_735	chr1	67700839	67701467	.	629	416	762	788	638	946	664
peak_736	chr1	67949518	67949842	.	325	158	198	274	230	272	290
peak_737	chr1	75412639	75413051	.	413	84	184	206	246	344	234
peak_738	chr1	76124187	76124644	.	458	164	236	226	294	298	190
peak_739	chr1	76219383	76220031	.	649	136	324	268	478	482	394
peak_740	chr1	81174879	81175941	.	1063	518	878	978	726	1054	700
peak_741	chr1	84365751	84366193	.	443	120	272	308	316	376	294
peak_742	chr1	84604028	84604812	.	785	556	666	698	514	612	368
peak_743	chr1	85707875	85708698	.	824	466	1058	1070	460	558	426
peak_744	chr1	86409438	86409989	.	552	300	492	482	450	528	444
peak_745	chr1	88325654	88325881	.	228	56	98	90	170	222	130
peak_746	chr1	88773293	88773835	.	543	196	440	436	420	532	390
peak_747	chr1	88774166	88774562	.	397	286	366	426	478	662	392
peak_748	chr1	89516084	89516352	.	269	150	342	270	280	416	226
peak_749	chr1	89608323	89608580	.	258	252	256	260	458	450	312
peak_750	chr1	89808099	89808619	.	521	362	514	600	532	644	596
peak_751	chr1	90204085	90204491	.	407	170	412	398	368	452	320
peak_752	chr1	91582573	91582935	.	363	232	394	292	312	432	284
peak_753	chr1	91650839	91651214	.	376	254	568	556	420	734	476
peak_754	chr1	91732540	91732870	.	331	288	412	360	326	396	298
peak_755	chr1	91804377	91804906	.	530	308	830	764	412	594	472
peak_756	chr1	92030644	92031096	.	453	134	184	232	240	314	234
peak_757	chr1	93179629	93181145	.	1517	732	1858	1812	828	1124	710
peak_758	chr1	93567302	93567944	.	643	418	754	790	804	1016	688
peak_759	chr1	93692971	93693760	.	790	414	744	716	738	912	626
peak_760	chr1	93694095	93694776	.	682	218	490	578	500	664	500
peak_761	chr1	93701739	93702473	.	735	358	992	832	528	842	420
peak_762	chr1	93845564	93846865	.	1302	520	1004	1084	608	786	528
peak_763	chr1	93850542	93850997	.	456	178	356	288	318	398	244
peak_764	chr1	94033923	94034234	.	312	124	192	234	274	340	172
peak_765	chr1	94100459	94102140	.	1682	732	1316	1344	762	896	658
peak_766	chr1	94270931	94271265	.	335	186	226	230	254	324	202
peak_767	chr1	94854106	94854593	.	488	348	496	482	472	620	382
peak_768	chr1	94864054	94864456	.	403	140	308	292	398	566	274
peak_769	chr1	94864742	94865067	.	326	180	236	196	266	358	208
peak_770	chr1	94876394	94876783	.	390	166	198	200	322	356	288
peak_771	chr1	95316204	95316767	.	564	342	412	474	556	718	466
peak_772	chr1	97231171	97231967	.	797	250	384	356	626	784	484
peak_773	chr1	98230420	98230787	.	368	116	142	152	322	394	314
peak_774	chr1	99119217	99119540	.	324	68	130	146	176	206	120
peak_775	chr1	99685556	99685926	.	371	270	378	480	372	408	300
peak_776	chr1	101496208	101496640	.	433	162	184	208	218	244	164
peak_777	chr1	101509309	101509641	.	333	144	174	160	286	326	196
peak_778	chr1	107796108	107796345	.	238	96	158	178	220	256	184
peak_779	chr1	107936590	107937080	.	491	284	756	570	518	708	448
peak_780	chr1	108829487	108829911	.	425	284	298	312	412	364	282
peak_781	chr1	109262238	109266484	.	4247	2290	4386	4602	2560	3096	2208
peak_782	chr1	109309717	109310123	.	407	166	366	382	394	680	434
peak_783	chr1	109399399	109399563	.	165	184	276	186	290	354	198
peak_784	chr1	109425811	109426948	.	1138	1382	3146	2968	1704	2374	1454
peak_785	chr1	109532291	109533717	.	1427	974	1842	2118	1444	1780	1242
peak_786	chr1	109627999	109629018	.	1020	480	1090	1198	918	1278	930
peak_787	chr1	109727009	109727525	.	517	232	246	278	276	362	262
peak_788	chr1	109733232	109733520	.	289	148	194	214	304	284	334
peak_789	chr1	109771700	109772596	.	897	608	1012	1022	612	590	434
peak_790	chr1	109807806	109809162	.	1357	1082	1712	1708	1336	1634	1194
peak_791	chr1	109821196	109822671	.	1476	822	1526	1586	860	1166	848
peak_792	chr1	109895115	109895486	.	372	242	268	342	294	306	258
peak_793	chr1	109910013	109910352	.	340	190	390	458	276	410	304
peak_794	chr1	109918079	109918824	.	746	390	676	672	626	790	524
peak_795	chr1	109922001	109923150	.	1150	828	1342	1346	1076	1292	968
peak_796	chr1	109954172	109954576	.	405	332	582	514	642	748	490
peak_797	chr1	109959772	109960197	.	426	252	390	388	348	500	310
peak_798	chr1	109981365	109982375	.	1011	954	1526	1640	1226	1448	1092
peak_799	chr1	110040497	110041172	.	676	408	850	1100	670	1004	752
peak_800	chr1	110087787	110090257	.	2471	1476	2486	2490	994	1120	800
peak_801	chr1	110105124	110107295	.	2172	1612	2550	2760	1588	2024	1426
peak_802	chr1	110112521	110113249	.	729	586	1110	1052	586	774	496
peak_803	chr1	110128168	110129121	.	954	758	986	1018	816	844	638
peak_804	chr1	110130973	110132247	.	1275	840	1588	1498	974	1246	708
peak_805	chr1	110134588	110136107	.	1520	892	1480	1540	1070	1102	864
peak_806	chr1	110152027	110153225	.	1199	976	1638	1536	1252	1436	1058
peak_807	chr1	110163485	110164332	.	848	502	964	1070	656	742	588
peak_808	chr1	110175910	110178063	.	2154	1444	2326	2144	1480	1772	1274
peak_809	chr1	110196976	110197477	.	502	360	596	640	384	426	368
peak_810	chr1	110201148	110202373	.	1226	602	1088	966	582	614	422
peak_811	chr1	110205066	110205427	.	362	444	630	680	468	544	456
peak_812	chr1	110214595	110216026	.	1432	682	1180	1194	398	476	328
peak_813	chr1	110233803	110234290	.	488	312	426	626	360	528	352
peak_814	chr1	110285172	110285783	.	612	306	642	708	596	752	516
peak_815	chr1	110338220	110339503	.	1284	1518	3560	3002	1994	2884	1820
peak_816	chr1	110339560	110340644	.	1085	688	1374	1350	728	776	606
peak_817	chr1	110412446	110412888	.	443	268	498	502	486	656	446
peak_818	chr1	110433861	110434264	.	404	472	980	998	636	1168	808
peak_819	chr1	110446822	110447601	.	780	382	724	740	480	440	342
peak_820	chr1	110450130	110450600	.	471	298	524	492	390	542	320
peak_821	chr1	110450976	110451434	.	459	402	672	714	498	542	496
peak_822	chr1	110456394	110457021	.	628	394	802	788	654	640	460
peak_823	chr1	110465212	110466422	.	1211	606	1192	1138	544	562	448
peak_824	chr1	110476527	110478057	.	1531	1266	2208	2154	1856	2292	1696
peak_825	chr1	110478344	110479113	.	770	656	1030	1016	672	802	594
peak_826	chr1	110498387	110499736	.	1350	784	1416	1306	770	824	690
peak_827	chr1	110510053	110511380	.	1328	654	958	1094	888	994	652
peak_828	chr1	110525098	110526409	.	1312	942	1522	1506	1198	1362	966
peak_829	chr1	110527515	110527802	.	288	292	344	328	454	492	376
peak_830	chr1	110548053	110548655	.	603	362	666	756	212	342	208
peak_831	chr1	110555195	110557091	.	1897	970	1718	1698	756	764	626
peak_832	chr1	110610152	110610942	.	791	442	690	700	554	652	412
peak_833	chr1	110618993	110620030	.	1038	614	966	1022	622	766	528
peak_834	chr1	110728736	110729005	.	270	66	138	156	222	260	170
peak_835	chr1	111199887	111200346	.	460	230	304	364	366	378	262
peak_836	chr1	111221302	111221800	.	499	254	404	420	282	328	224
peak_837	chr1	111263353	111263742	.	390	128	156	160	250	272	258
peak_838	chr1	111491177	111491625	.	449	200	336	392	362	488	338
peak_839	chr1	111846405	111846757	.	353	214	356	326	354	344	310
peak_840	chr1	111847695	111849516	.	1822	1370	2022	2170	1240	1520	1208
peak_841	chr1	111907153	111907743	.	591	256	340	356	460	604	352
peak_842	chr1	111923715	111924233	.	519	374	398	472	428	548	426
peak_843	chr1	111943394	111943776	.	383	318	478	546	334	340	266
peak_844	chr1	111947897	111948533	.	637	486	802	866	530	648	548
peak_845	chr1	111953383	111953810	.	428	194	336	438	338	408	314
peak_846	chr1	111979586	111980195	.	610	264	466	496	592	770	438
peak_847	chr1	111992442	111992909	.	468	308	438	622	436	388	316
peak_848	chr1	112001376	112002069	.	694	412	606	694	476	690	406
peak_849	chr1	112012900	112013488	.	589	230	490	518	560	686	440
peak_850	chr1	112141426	112142279	.	854	526	866	814	742	942	670
peak_851	chr1	112284772	112285121	.	350	138	184	212	264	360	216
peak_852	chr1	112723147	112723744	.	598	516	900	890	638	852	562
peak_853	chr1	112758102	112758608	.	507	292	370	500	496	410	350
peak_854	chr1	112849444	112849985	.	542	372	950	1142	600	786	550
peak_855	chr1	112873912	112874433	.	522	272	476	542	554	674	398
peak_856	chr1	112955307	112957805	.	2499	1800	4514	3970	2018	2730	1796
peak_857	chr1	113811497	113812705	.	1209	986	2152	2076	938	1168	778
peak_858	chr1	114036228	114036590	.	363	208	340	254	354	432	276
peak_859	chr1	114122862	114123600	.	739	596	1190	1348	1024	1528	1046
peak_860	chr1	114134399	114134955	.	557	384	556	466	406	564	374
peak_861	chr1	114234846	114235116	.	271	142	154	194	288	316	210
peak_862	chr1	114250962	114251778	.	817	278	586	658	722	938	596
peak_863	chr1	114258471	114258961	.	491	278	444	484	554	578	520
peak_864	chr1	114347255	114348095	.	841	564	818	832	500	512	444
peak_865	chr1	114458237	114458571	.	335	108	236	208	292	412	352
peak_866	chr1	114892027	114892706	.	680	492	770	750	730	820	540
peak_867	chr1	115179210	115179844	.	635	418	984	944	682	866	626
peak_868	chr1	115192209	115192762	.	554	218	390	428	588	724	540
peak_869	chr1	115300274	115301024	.	751	456	616	610	602	750	524
peak_870	chr1	115323761	115324360	.	600	174	296	288	460	406	330
peak_871	chr1	115429223	115430151	.	929	320	426	416	706	770	456
peak_872	chr1	115474075	115474612	.	538	386	618	606	540	658	490
peak_873	chr1	115475583	115476417	.	835	672	1020	1090	882	1142	736
peak_874	chr1	115545780	115546423	.	644	720	1806	1488	896	1350	918
peak_875	chr1	115782475	115783270	.	796	750	1196	1112	1056	1402	1034
peak_876	chr1	116067609	116067829	.	221	126	188	226	186	274	178
peak_877	chr1	116233040	116233575	.	536	364	630	788	572	632	498
peak_878	chr1	116376255	116376727	.	473	304	444	548	356	490	314
peak_879	chr1	116418267	116418886	.	620	366	686	742	416	650	368
peak_880	chr1	116497670	116498232	.	563	324	560	516	606	630	468
peak_881	chr1	116593128	116593734	.	607	320	524	468	382	444	272
peak_882	chr1	116643401	116643843	.	443	232	388	334	306	534	300
peak_883	chr1	116819060	116819495	.	436	260	384	376	418	500	408
peak_884	chr1	116841387	116842094	.	708	336	464	472	442	726	456
peak_885	chr1	117557683	117558222	.	540	130	238	268	430	554	422
peak_886	chr1	117587802	117588375	.	574	398	426	422	456	372	292
peak_887	chr1	118097546	118097853	.	308	78	130	78	216	278	140
peak_888	chr1	119293137	119293556	.	420	220	258	282	460	460	306
peak_889	chr1	119327344	119328187	.	844	732	1184	1324	1086	1484	988
peak_890	chr1	119572587	119572826	.	240	76	124	106	312	248	182
peak_891	chr1	119793359	119793944	.	586	366	426	476	446	584	360
peak_892	chr1	120064492	120064613	.	122	52	140	94	158	210	118
peak_893	chr1	143720333	143721101	.	769	366	780	666	386	498	338
peak_894	chr1	145758612	145758881	.	270	114	98	144	186	300	232
peak_895	chr1	145957445	145958274	.	830	494	1234	1008	524	758	534
peak_896	chr1	147103825	147104054	.	230	122	216	152	298	440	298
peak_897	chr1	147715064	147715431	.	368	76	194	210	206	310	256
peak_898	chr1	147721720	147722467	.	748	486	856	908	870	1066	758
peak_899	chr1	147736928	147737210	.	283	86	128	94	254	306	210
peak_900	chr1	147750179	147751020	.	842	598	764	886	792	1046	644
peak_901	chr1	147888556	147889084	.	529	150	230	250	342	378	280
peak_902	chr1	149395963	149396082	.	120	74	130	98	122	148	112
peak_903	chr1	150604769	150605028	.	260	144	280	278	304	324	206
peak_904	chr1	150808944	150809408	.	465	128	176	162	366	380	276
peak_905	chr1	151606259	151606805	.	547	376	686	590	608	828	566
peak_906	chr1	151611257	151611655	.	399	428	464	364	668	776	574
peak_907	chr1	151790059	151791688	.	1630	836	1804	1900	960	1300	880
peak_908	chr1	151830666	151831321	.	656	404	938	998	532	782	492
peak_909	chr1	151941218	151941582	.	365	192	420	384	358	416	312
peak_910	chr1	152182920	152183272	.	353	144	328	278	248	248	250
peak_911	chr1	152517049	152517865	.	817	444	776	904	500	822	532
peak_912	chr1	152539561	152539869	.	309	78	132	124	210	286	196
peak_913	chr1	152545410	152547239	.	1830	682	826	894	556	510	400
peak_914	chr1	152573873	152574170	.	298	122	204	192	198	284	168
peak_915	chr1	152683404	152683691	.	288	88	178	214	254	308	266
peak_916	chr1	152825575	152826108	.	534	274	452	490	416	460	334
peak_917	chr1	152902330	152903018	.	689	350	668	626	646	980	682
peak_918	chr1	152904021	152904417	.	397	224	354	314	338	288	260
peak_919	chr1	152904960	152906824	.	1865	1172	2254	2102	1566	2014	1394
peak_920	chr1	152968232	152968695	.	464	218	348	340	500	594	440
peak_921	chr1	153032617	153033257	.	641	378	660	716	614	814	528
peak_922	chr1	153232322	153233262	.	941	404	744	722	688	732	542
peak_923	chr1	153395035	153395445	.	411	188	368	488	330	416	312
peak_924	chr1	153429154	153430034	.	881	476	762	834	602	642	472
peak_925	chr1	153430314	153431233	.	920	562	970	936	678	728	522
peak_926	chr1	153432745	153433753	.	1009	772	1156	1076	862	942	660
peak_927	chr1	153441343	153441831	.	489	224	390	470	330	516	346
peak_928	chr1	153506099	153507238	.	1140	622	1356	1292	1174	1664	986
peak_929	chr1	153526161	153526532	.	372	238	344	308	318	476	300
peak_930	chr1	153527112	153527341	.	230	74	124	118	156	196	160
peak_931	chr1	153533759	153534248	.	490	464	1148	1018	666	990	600
peak_932	chr1	153535018	153535612	.	595	294	562	662	396	566	376
peak_933	chr1	153542321	153542759	.	439	280	500	488	448	542	376
peak_934	chr1	153567728	153568257	.	530	424	688	634	424	618	400
peak_935	chr1	153608680	153609546	.	867	382	982	1114	440	682	522
peak_936	chr1	153616372	153617139	.	768	598	1120	1144	494	546	414
peak_937	chr1	153635378	153635880	.	503	206	456	450	334	486	220
peak_938	chr1	153708542	153708798	.	257	236	462	368	304	516	346
peak_939	chr1	153750466	153750894	.	429	156	190	166	354	302	268
peak_940	chr1	153967134	153968091	.	958	808	1560	1428	778	1126	700
peak_941	chr1	154170815	154171263	.	449	92	126	168	254	324	200
peak_942	chr1	154220092	154221042	.	951	868	2262	1810	1040	1772	910
peak_943	chr1	154341947	154342379	.	433	218	368	358	216	362	226
peak_944	chr1	154406230	154406767	.	538	370	722	822	474	724	446
peak_945	chr1	154558684	154559207	.	524	548	1528	1280	782	1358	674
peak_946	chr1	154731120	154731479	.	360	286	428	414	266	444	330
peak_947	chr1	154751159	154751842	.	684	470	810	868	468	534	394
peak_948	chr1	154808869	154809390	.	522	326	746	804	534	622	486
peak_949	chr1	154865364	154866070	.	707	432	750	742	532	564	418
peak_950	chr1	154866609	154867651	.	1043	604	1144	1308	396	528	326
peak_951	chr1	154886307	154887163	.	857	504	772	712	754	910	584
peak_952	chr1	154936210	154937717	.	1508	940	1896	1764	1108	1382	892
peak_953	chr1	155026143	155027121	.	979	496	1040	1032	638	792	520
peak_954	chr1	155038492	155039754	.	1263	866	1378	1442	698	696	534
peak_955	chr1	155064253	155064598	.	346	184	272	252	228	252	170
peak_956	chr1	155126422	155130426	.	4005	1688	3308	3492	1738	2300	1618
peak_957	chr1	155261413	155262659	.	1247	1182	2250	1790	1256	1464	942
peak_958	chr1	155308268	155310078	.	1811	838	1430	1356	758	972	578
peak_959	chr1	155523385	155523876	.	492	314	368	374	376	528	352
peak_960	chr1	155961874	155962550	.	677	308	704	750	486	674	438
peak_961	chr1	155991038	155991826	.	789	512	788	828	728	818	518
peak_962	chr1	156050165	156050846	.	682	336	562	676	506	622	364
peak_963	chr1	156126072	156127504	.	1433	728	1622	1446	872	1112	670
peak_964	chr1	156129818	156130898	.	1081	768	1394	1250	802	956	644
peak_965	chr1	156214173	156214704	.	532	376	596	446	450	476	306
peak_966	chr1	156659616	156661778	.	2163	996	2428	2324	1434	1900	1180
peak_967	chr1	156686374	156686603	.	230	180	270	204	192	238	162
peak_968	chr1	156839031	156840075	.	1045	500	1016	952	722	904	572
peak_969	chr1	156882457	156882953	.	497	394	618	620	362	416	330
peak_970	chr1	156896507	156897058	.	552	396	788	760	528	642	398
peak_971	chr1	156944013	156944402	.	390	226	296	332	292	326	208
peak_972	chr1	157074345	157074785	.	441	180	470	472	186	342	242
peak_973	chr1	157106954	157107494	.	541	280	482	534	396	388	352
peak_974	chr1	157284125	157284995	.	871	468	548	510	886	966	662
peak_975	chr1	157311245	157312125	.	881	370	502	426	530	648	410
peak_976	chr1	157419823	157420501	.	679	298	398	384	512	610	388
peak_977	chr1	157490251	157490885	.	635	374	606	572	386	412	304
peak_978	chr1	157514437	157515538	.	1102	516	826	852	690	562	508
peak_979	chr1	157797929	157798494	.	566	224	422	482	462	518	374
peak_980	chr1	157962151	157962866	.	716	386	616	600	548	558	408
peak_981	chr1	158124071	158124356	.	286	124	326	242	244	280	180
peak_982	chr1	159088029	159088812	.	784	280	444	440	502	702	450
peak_983	chr1	159846123	159846544	.	422	306	560	594	316	456	404
peak_984	chr1	159859231	159860280	.	1050	550	856	888	674	746	492
peak_985	chr1	159861319	159863481	.	2163	686	1196	1190	442	446	394
peak_986	chr1	159953574	159954534	.	961	460	722	656	444	458	336
peak_987	chr1	159992228	159992830	.	603	344	492	522	454	522	372
peak_988	chr1	160101123	160102542	.	1420	840	1330	1306	1010	1410	890
peak_989	chr1	160124091	160125385	.	1295	904	1540	1254	1162	1490	1078
peak_990	chr1	160489636	160490281	.	646	208	286	316	354	392	338
peak_991	chr1	160789032	160790698	.	1667	870	1196	1406	1524	1970	1376
peak_992	chr1	160795751	160796336	.	586	250	430	542	550	674	494
peak_993	chr1	160816396	160817030	.	635	390	648	678	646	990	770
peak_994	chr1	160925439	160926036	.	598	342	446	482	446	536	446
peak_995	chr1	160934174	160934823	.	650	206	370	366	380	492	336
peak_996	chr1	160951319	160952857	.	1539	864	1466	1356	1010	1402	930
peak_997	chr1	161074768	161075423	.	656	354	598	554	500	628	430
peak_998	chr1	161115325	161115716	.	392	180	394	426	462	692	438
peak_999	chr1	161165766	161167506	.	1741	972	1758	1834	888	1010	708
peak_1000	chr1	161721610	161722609	.	1000	468	932	880	836	950	744
peak_1001	chr1	162289754	162290449	.	696	266	338	394	460	554	448
peak_1002	chr1	162296934	162297566	.	633	286	358	430	450	594	364
peak_1003	chr1	162561028	162561895	.	868	518	1228	1414	596	786	626
peak_1004	chr1	164994540	164994891	.	352	72	112	136	278	236	194
peak_1005	chr1	165116715	165117268	.	554	408	760	722	584	714	518
peak_1006	chr1	165207842	165208575	.	734	270	336	394	366	502	374
peak_1007	chr1	165403830	165404407	.	578	360	662	614	504	602	356
peak_1008	chr1	165564502	165564939	.	438	102	194	210	302	310	270
peak_1009	chr1	165856992	165857834	.	843	472	612	714	628	956	618
peak_1010	chr1	165898812	165899365	.	554	424	748	718	646	774	670
peak_1011	chr1	166087804	166088786	.	983	488	802	804	696	926	582
peak_1012	chr1	166129812	166130209	.	398	146	250	230	320	326	160
peak_1013	chr1	166357820	166358499	.	680	456	524	606	564	712	456
peak_1014	chr1	166915741	166916199	.	459	184	326	414	352	414	294
peak_1015	chr1	167161311	167161654	.	344	100	228	230	230	308	200
peak_1016	chr1	167197819	167198325	.	507	144	220	292	376	330	248
peak_1017	chr1	167219942	167220725	.	784	694	1866	1504	724	1190	722
peak_1018	chr1	167231916	167232380	.	465	148	222	308	294	392	212
peak_1019	chr1	167429964	167430860	.	897	342	546	506	548	582	476
peak_1020	chr1	168081475	168082034	.	560	362	560	602	740	798	556
peak_1021	chr1	168089242	168089958	.	717	344	558	676	520	628	510
peak_1022	chr1	168178626	168180137	.	1512	876	1722	1902	1180	1490	1018
peak_1023	chr1	168636638	168637101	.	464	182	318	282	378	442	308
peak_1024	chr1	169364830	169365216	.	387	170	342	246	388	570	434
peak_1025	chr1	170623282	170623580	.	299	108	180	168	252	266	224
peak_1026	chr1	171465554	171466035	.	482	244	310	290	340	298	240
peak_1027	chr1	171644944	171646264	.	1321	634	946	1042	510	464	320
peak_1028	chr1	172449981	172450786	.	806	622	1092	1088	786	918	762
peak_1029	chr1	173190268	173190885	.	618	350	610	532	472	526	422
peak_1030	chr1	174040546	174040875	.	330	198	266	288	228	262	222
peak_1031	chr1	174799457	174799904	.	448	302	568	638	536	608	432
peak_1032	chr1	175030472	175031392	.	921	460	460	490	664	678	466
peak_1033	chr1	175075719	175076540	.	822	488	634	602	468	572	368
peak_1034	chr1	175373961	175375035	.	1075	766	1072	1076	1068	1350	894
peak_1035	chr1	175394591	175395007	.	417	142	264	356	250	384	308
peak_1036	chr1	175690241	175690685	.	445	194	346	372	420	540	356
peak_1037	chr1	175693311	175693896	.	586	338	548	610	602	682	560
peak_1038	chr1	175783116	175783824	.	709	414	532	634	478	734	564
peak_1039	chr1	176517499	176517789	.	291	336	826	726	614	860	696
peak_1040	chr1	176695697	176696464	.	768	372	572	694	628	760	528
peak_1041	chr1	177032356	177032951	.	596	348	658	678	488	664	420
peak_1042	chr1	177368282	177368651	.	370	96	190	238	274	254	228
peak_1043	chr1	178683686	178684353	.	668	216	338	292	380	538	306
peak_1044	chr1	179807358	179808419	.	1062	512	986	1056	658	946	644
peak_1045	chr1	179814418	179815073	.	656	476	686	722	594	794	492
peak_1046	chr1	179881780	179883391	.	1612	728	1862	1746	894	1168	824
peak_1047	chr1	180080478	180080776	.	299	112	212	158	280	328	224
peak_1048	chr1	180123483	180123917	.	435	62	180	214	228	336	248
peak_1049	chr1	180251926	180252489	.	564	322	670	670	352	534	338
peak_1050	chr1	180256143	180257126	.	984	530	1058	1048	628	786	554
peak_1051	chr1	180259003	180261798	.	2796	1050	1898	2010	958	1214	776
peak_1052	chr1	180269992	180270448	.	457	276	426	364	310	318	232
peak_1053	chr1	180918836	180919507	.	672	414	530	478	506	518	388
peak_1054	chr1	181073679	181074031	.	353	156	238	206	288	380	266
peak_1055	chr1	181122128	181122613	.	486	260	404	448	356	404	262
peak_1056	chr1	181324996	181325585	.	590	410	664	716	590	572	464
peak_1057	chr1	181342911	181343548	.	638	190	268	328	354	436	308
peak_1058	chr1	181459109	181460146	.	1038	568	716	810	646	764	478
peak_1059	chr1	181479234	181480070	.	837	492	578	600	600	736	476
peak_1060	chr1	181503073	181503404	.	332	188	324	250	332	390	332
peak_1061	chr1	181513803	181514842	.	1040	628	1014	1038	898	1300	844
peak_1062	chr1	181532250	181532631	.	382	100	182	238	214	318	222
peak_1063	chr1	181541550	181542714	.	1165	414	600	696	722	1106	740
peak_1064	chr1	181646479	181647868	.	1390	580	842	1008	842	946	738
peak_1065	chr1	181680180	181680668	.	489	146	280	366	294	382	346
peak_1066	chr1	181733282	181733852	.	571	232	454	476	332	398	248
peak_1067	chr1	181756291	181756642	.	352	124	230	208	244	346	342
peak_1068	chr1	182065304	182065818	.	515	204	260	264	290	286	194
peak_1069	chr1	182143757	182144536	.	780	366	622	724	374	532	396
peak_1070	chr1	182235914	182236635	.	722	364	718	572	590	930	604
peak_1071	chr1	182259165	182259780	.	616	250	408	440	400	554	370
peak_1072	chr1	182280015	182280313	.	299	162	252	280	200	270	214
peak_1073	chr1	182281642	182282179	.	538	168	326	332	368	430	266
peak_1074	chr1	182348901	182349581	.	681	334	468	630	312	448	338
peak_1075	chr1	182399854	182400159	.	306	64	138	144	214	218	146
peak_1076	chr1	182484096	182485256	.	1161	466	680	678	294	298	196
peak_1077	chr1	182556224	182556598	.	375	120	172	180	268	266	180
peak_1078	chr1	182603867	182604851	.	985	896	1680	1856	1128	1484	1214
peak_1079	chr1	182751964	182752634	.	671	382	708	682	594	574	496
peak_1080	chr1	182955383	182956565	.	1183	778	1110	1222	892	1096	838
peak_1081	chr1	183106702	183107116	.	415	190	202	272	264	294	272
peak_1082	chr1	183125189	183125568	.	380	132	172	184	280	296	206
peak_1083	chr1	183286411	183287635	.	1225	766	1232	1290	1138	1330	844
peak_1084	chr1	183470935	183472517	.	1583	750	1908	1706	948	1480	896
peak_1085	chr1	183567566	183568486	.	921	552	838	942	726	1152	642
peak_1086	chr1	183712155	183713137	.	983	322	534	500	584	770	478
peak_1087	chr1	183908192	183908528	.	337	232	412	492	640	744	576
peak_1088	chr1	184118107	184118605	.	499	158	268	314	414	498	408
peak_1089	chr1	184287065	184287568	.	504	164	258	224	342	458	268
peak_1090	chr1	184800941	184801841	.	901	422	624	688	886	1128	760
peak_1091	chr1	185483585	185483933	.	349	192	296	304	358	408	318
peak_1092	chr1	185484032	185484500	.	469	374	522	510	606	854	670
peak_1093	chr1	185500026	185500568	.	543	314	508	470	734	930	632
peak_1094	chr1	191487450	191487779	.	330	50	84	98	214	210	112
peak_1095	chr1	191558221	191558690	.	470	88	146	190	372	468	310
peak_1096	chr1	195415686	195415967	.	282	78	112	122	230	320	188
peak_1097	chr1	196002997	196003327	.	331	94	154	154	258	304	180
peak_1098	chr1	198018548	198018993	.	446	140	374	290	322	430	314
peak_1099	chr1	200349548	200350115	.	568	254	264	276	448	428	316
peak_1100	chr1	200750739	200751183	.	445	98	248	272	268	320	248
peak_1101	chr1	201005802	201006916	.	1115	622	1056	978	512	478	290
peak_1102	chr1	201098169	201098835	.	667	490	692	732	652	672	488
peak_1103	chr1	201099141	201099644	.	504	334	652	622	344	360	296
peak_1104	chr1	201170562	201171684	.	1123	686	1458	1458	854	1124	750
peak_1105	chr1	201173167	201173612	.	446	232	426	540	504	798	526
peak_1106	chr1	201177000	201177387	.	388	372	402	498	382	488	372
peak_1107	chr1	201177634	201178250	.	617	274	408	442	334	488	322
peak_1108	chr1	201291276	201292285	.	1010	630	978	1104	692	796	634
peak_1109	chr1	201335243	201335778	.	536	334	450	484	480	452	360
peak_1110	chr1	201383044	201384808	.	1765	872	1432	1566	742	742	652
peak_1111	chr1	201396590	201398309	.	1720	834	1508	1614	770	916	738
peak_1112	chr1	201406761	201407299	.	539	318	368	438	276	240	226
peak_1113	chr1	201435775	201436293	.	519	284	666	554	660	692	468
peak_1114	chr1	201445300	201445695	.	396	224	318	254	444	474	340
peak_1115	chr1	201502206	201502876	.	671	432	648	744	434	492	332
peak_1116	chr1	201539381	201540426	.	1046	678	1438	1446	842	1258	780
peak_1117	chr1	201584449	201585248	.	800	374	750	850	640	1018	710
peak_1118	chr1	201605369	201606215	.	847	470	730	616	710	854	482
peak_1119	chr1	201732378	201732814	.	437	70	122	162	248	368	212
peak_1120	chr1	202183811	202184127	.	317	192	280	266	222	352	184
peak_1121	chr1	202185164	202186173	.	1010	520	1208	1084	714	778	538
peak_1122	chr1	202187566	202188387	.	822	478	966	1024	518	602	500
peak_1123	chr1	202189972	202190225	.	254	162	274	274	228	264	188
peak_1124	chr1	202221205	202223052	.	1848	690	1386	1220	686	748	564
peak_1125	chr1	202234337	202235255	.	919	528	830	852	784	1034	700
peak_1126	chr1	202294413	202294893	.	481	218	308	372	492	542	430
peak_1127	chr1	202295621	202296211	.	591	338	472	660	482	524	442
peak_1128	chr1	202589285	202589881	.	597	536	946	980	756	878	712
peak_1129	chr1	202873127	202874443	.	1317	606	1076	1262	904	1024	784
peak_1130	chr1	202927035	202927672	.	638	392	1200	1170	628	970	542
peak_1131	chr1	203002093	203002465	.	373	144	170	188	286	336	214
peak_1132	chr1	203037578	203038936	.	1359	638	1316	1348	644	810	634
peak_1133	chr1	203039847	203042495	.	2649	1458	2438	2552	1306	1706	1128
peak_1134	chr1	203127432	203128993	.	1562	772	1364	1454	624	764	582
peak_1135	chr1	203273049	203273666	.	618	408	876	992	498	728	512
peak_1136	chr1	203277935	203279019	.	1085	336	628	614	198	212	180
peak_1137	chr1	203320486	203321392	.	907	602	968	1000	656	662	532
peak_1138	chr1	203454818	203455978	.	1161	610	1302	1232	532	630	448
peak_1139	chr1	203465528	203466789	.	1262	602	1024	896	484	500	386
peak_1140	chr1	203480275	203481031	.	757	392	880	850	522	702	402
peak_1141	chr1	203512633	203513070	.	438	454	1030	816	488	648	618
peak_1142	chr1	203519417	203520173	.	757	610	830	784	694	908	654
peak_1143	chr1	203521093	203521703	.	611	540	746	754	606	648	496
peak_1144	chr1	203593606	203594572	.	967	738	910	1154	650	750	718
peak_1145	chr1	204041323	204041685	.	363	178	420	454	310	448	308
peak_1146	chr1	204141282	204142795	.	1514	698	1092	1188	606	744	500
peak_1147	chr1	204345338	204346598	.	1261	562	928	1008	586	778	610
peak_1148	chr1	204359450	204360310	.	861	356	822	798	606	732	426
peak_1149	chr1	204445868	204446762	.	895	468	804	962	614	822	580
peak_1150	chr1	204480531	204481433	.	903	342	658	786	516	746	478
peak_1151	chr1	204516060	204516690	.	631	586	1086	984	762	886	592
peak_1152	chr1	204521186	204521685	.	500	292	484	472	536	618	492
peak_1153	chr1	204565682	204566095	.	414	278	398	468	514	594	384
peak_1154	chr1	204608045	204608824	.	780	302	466	394	444	596	400
peak_1155	chr1	204699079	204699579	.	501	112	142	164	238	306	210
peak_1156	chr1	204725802	204726365	.	564	390	618	700	378	504	330
peak_1157	chr1	204756107	204756869	.	763	414	738	674	658	830	534
peak_1158	chr1	204842898	204843209	.	312	144	218	242	248	264	176
peak_1159	chr1	204850303	204850760	.	458	94	254	276	308	324	226
peak_1160	chr1	204867226	204867967	.	742	460	662	734	626	852	592
peak_1161	chr1	204947248	204948374	.	1127	562	820	922	574	712	394
peak_1162	chr1	204988984	204989520	.	537	260	406	454	356	434	320
peak_1163	chr1	205047020	205048272	.	1253	714	1106	1116	574	606	412
peak_1164	chr1	205258039	205258635	.	597	508	970	922	666	998	640
peak_1165	chr1	205258764	205259762	.	999	544	786	778	734	848	528
peak_1166	chr1	205273377	205274844	.	1468	888	1722	1676	812	1268	790
peak_1167	chr1	205324756	205325291	.	536	490	832	754	650	738	518
peak_1168	chr1	205329834	205331002	.	1169	572	1094	1084	894	1070	660
peak_1169	chr1	205348356	205349409	.	1054	704	1110	1194	1016	1226	926
peak_1170	chr1	205351931	205352997	.	1067	752	1178	1238	622	606	456
peak_1171	chr1	205447732	205448421	.	690	430	930	898	550	672	484
peak_1172	chr1	205449094	205449408	.	315	196	450	374	234	242	210
peak_1173	chr1	205493212	205494049	.	838	334	668	766	248	380	280
peak_1174	chr1	205524035	205524569	.	535	298	574	500	364	510	318
peak_1175	chr1	205976793	205977231	.	439	396	708	662	692	926	602
peak_1176	chr1	205982925	205984459	.	1535	722	1304	1516	1072	1264	848
peak_1177	chr1	205986003	205986658	.	656	424	694	732	448	574	412
peak_1178	chr1	206498359	206499183	.	825	558	872	836	696	724	522
peak_1179	chr1	206548247	206548644	.	398	106	154	210	230	196	140
peak_1180	chr1	206563811	206564338	.	528	204	292	306	324	388	254
peak_1181	chr1	206634246	206634567	.	322	246	308	330	350	450	280
peak_1182	chr1	206744797	206745464	.	668	382	430	556	270	218	192
peak_1183	chr1	206787899	206788328	.	430	116	254	324	340	470	328
peak_1184	chr1	206797774	206798332	.	559	200	194	238	326	426	294
peak_1185	chr1	206905165	206905765	.	601	406	852	778	564	908	582
peak_1186	chr1	206914940	206915727	.	788	400	730	738	648	724	486
peak_1187	chr1	206924639	206925705	.	1067	420	682	776	662	632	532
peak_1188	chr1	206952262	206952530	.	269	116	228	312	212	254	220
peak_1189	chr1	206953895	206954331	.	437	314	490	568	426	618	430
peak_1190	chr1	206973915	206974442	.	528	308	360	352	454	488	372
peak_1191	chr1	207050515	207051827	.	1313	710	1290	1416	976	1208	812
peak_1192	chr1	207052906	207053818	.	913	674	1936	1848	1044	1500	964
peak_1193	chr1	207232605	207232986	.	382	152	240	228	316	332	196
peak_1194	chr1	207320938	207321747	.	810	682	1636	1536	1012	1366	820
peak_1195	chr1	207363340	207363527	.	188	62	102	130	164	236	146
peak_1196	chr1	207393706	207394063	.	358	318	478	280	450	704	344
peak_1197	chr1	208086325	208086770	.	446	124	252	222	314	354	312
peak_1198	chr1	208135632	208136108	.	477	248	390	480	338	420	340
peak_1199	chr1	208189077	208189479	.	403	236	412	402	422	578	418
peak_1200	chr1	208387783	208388661	.	879	272	440	468	580	620	434
peak_1201	chr1	209095748	209096613	.	866	420	658	588	654	844	638
peak_1202	chr1	209448038	209448483	.	446	266	368	362	476	562	382
peak_1203	chr1	209473829	209474340	.	512	158	184	184	290	422	250
peak_1204	chr1	209567652	209568104	.	453	162	228	162	284	310	204
peak_1205	chr1	209607051	209608089	.	1039	474	740	832	536	536	440
peak_1206	chr1	209655738	209656289	.	552	306	548	500	522	524	354
peak_1207	chr1	209809418	209809968	.	551	280	512	476	462	572	392
peak_1208	chr1	209861070	209861605	.	536	212	276	294	324	446	278
peak_1209	chr1	209863925	209864738	.	814	324	446	372	554	786	438
peak_1210	chr1	210052318	210052644	.	327	316	754	620	406	706	404
peak_1211	chr1	210342971	210343340	.	370	196	334	288	392	408	238
peak_1212	chr1	210625730	210626459	.	730	324	474	476	566	600	536
peak_1213	chr1	210656236	210656672	.	437	132	284	336	280	280	220
peak_1214	chr1	210664380	210664987	.	608	140	216	232	250	316	216
peak_1215	chr1	210672259	210672624	.	366	246	282	314	452	612	426
peak_1216	chr1	210689721	210690189	.	469	238	510	526	430	600	468
peak_1217	chr1	210709771	210710111	.	341	90	166	130	222	376	240
peak_1218	chr1	210777748	210778222	.	475	216	358	488	560	698	550
peak_1219	chr1	210905963	210906532	.	570	398	660	666	582	804	720
peak_1220	chr1	211492106	211492990	.	885	442	642	536	398	394	246
peak_1221	chr1	211535368	211536027	.	660	328	478	466	326	374	310
peak_1222	chr1	211735641	211736164	.	524	444	838	728	518	700	450
peak_1223	chr1	211910193	211910872	.	680	354	586	586	484	600	312
peak_1224	chr1	211934370	211935046	.	677	304	570	596	596	690	524
peak_1225	chr1	211951494	211952198	.	705	364	688	678	638	854	610
peak_1226	chr1	212237564	212237965	.	402	182	266	208	346	426	258
peak_1227	chr1	212482832	212483497	.	666	520	764	960	560	650	492
peak_1228	chr1	212558705	212559218	.	514	232	544	560	280	534	334
peak_1229	chr1	212629874	212631132	.	1259	682	1230	1238	648	816	582
peak_1230	chr1	213015106	213015981	.	876	502	1094	1078	560	706	446
peak_1231	chr1	213689289	213689619	.	331	156	234	278	364	348	272
peak_1232	chr1	214503606	214504593	.	988	382	510	546	648	830	584
peak_1233	chr1	216045433	216045774	.	342	152	202	172	248	374	232
peak_1234	chr1	216812995	216813355	.	361	218	244	258	518	554	344
peak_1235	chr1	219771069	219771421	.	353	110	194	200	248	354	190
peak_1236	chr1	220300447	220300717	.	271	180	202	234	226	244	184
peak_1237	chr1	220342949	220343419	.	471	156	212	228	276	334	268
peak_1238	chr1	220696816	220697292	.	477	292	588	662	466	742	488
peak_1239	chr1	221839870	221840249	.	380	216	482	404	472	608	424
peak_1240	chr1	221887010	221887574	.	565	356	566	630	600	656	430
peak_1241	chr1	221995007	221995259	.	253	44	140	164	202	234	194
peak_1242	chr1	223109624	223110033	.	410	158	262	286	382	440	300
peak_1243	chr1	223312809	223313468	.	660	168	222	206	300	338	260
peak_1244	chr1	223611801	223612331	.	531	194	320	282	292	310	256
peak_1245	chr1	223679793	223680376	.	584	214	324	430	456	402	298
peak_1246	chr1	223713958	223714594	.	637	350	654	568	516	528	422
peak_1247	chr1	224092720	224092981	.	262	78	96	78	154	172	140
peak_1248	chr1	224456768	224457233	.	466	208	404	432	292	328	274
peak_1249	chr1	224481017	224481353	.	337	150	152	150	254	320	202
peak_1250	chr1	224726902	224727851	.	950	382	700	596	540	808	430
peak_1251	chr1	224759672	224760055	.	384	130	186	244	234	316	292
peak_1252	chr1	224801897	224802368	.	472	140	212	248	306	378	208
peak_1253	chr1	224897530	224897855	.	326	80	120	126	198	306	226
peak_1254	chr1	225460641	225461413	.	773	298	560	518	320	426	268
peak_1255	chr1	225694916	225695237	.	322	134	206	190	212	278	232
peak_1256	chr1	225747574	225748130	.	557	384	450	564	394	542	332
peak_1257	chr1	225931400	225931774	.	375	132	302	322	240	240	202
peak_1258	chr1	225934577	225935180	.	604	346	358	348	432	438	302
peak_1259	chr1	225978486	225978937	.	452	188	258	274	300	366	220
peak_1260	chr1	226625341	226626218	.	878	402	754	792	630	704	588
peak_1261	chr1	226657008	226657182	.	175	72	96	126	112	144	124
peak_1262	chr1	226662746	226663339	.	594	582	1032	882	874	1146	766
peak_1263	chr1	226708430	226710127	.	1698	672	1008	942	690	810	510
peak_1264	chr1	226723123	226723514	.	392	244	316	340	370	366	274
peak_1265	chr1	226809805	226810918	.	1114	548	826	788	704	1040	696
peak_1266	chr1	226815066	226815433	.	368	348	650	646	392	758	466
peak_1267	chr1	227778410	227779963	.	1554	756	1236	1282	902	888	756
peak_1268	chr1	227798106	227798785	.	680	354	560	584	366	496	408
peak_1269	chr1	227869418	227870313	.	896	302	486	512	442	672	444
peak_1270	chr1	227894017	227895526	.	1510	624	1002	1116	1060	1178	838
peak_1271	chr1	227934698	227935532	.	835	836	1552	1646	1096	1532	1178
peak_1272	chr1	228047342	228048464	.	1123	562	850	840	712	744	524
peak_1273	chr1	228073839	228074809	.	971	644	1238	1142	722	910	674
peak_1274	chr1	228369057	228369553	.	497	290	548	496	378	428	292
peak_1275	chr1	228809880	228810716	.	837	448	818	928	800	1052	688
peak_1276	chr1	228924958	228925461	.	504	170	178	172	284	264	198
peak_1277	chr1	229006093	229006912	.	820	418	814	662	616	800	600
peak_1278	chr1	229217668	229218103	.	436	258	456	416	358	446	314
peak_1279	chr1	230104521	230105241	.	721	388	794	706	414	514	378
peak_1280	chr1	230328419	230329026	.	608	286	478	436	468	640	394
peak_1281	chr1	230337236	230337605	.	370	122	230	284	206	308	216
peak_1282	chr1	230365447	230366155	.	709	344	428	504	426	530	338
peak_1283	chr1	231134437	231134988	.	552	180	302	318	308	382	314
peak_1284	chr1	231200494	231200901	.	408	148	270	218	330	408	308
peak_1285	chr1	231512181	231512511	.	331	246	392	244	356	590	362
peak_1286	chr1	231724916	231725469	.	554	258	372	462	566	592	436
peak_1287	chr1	232284683	232285348	.	666	388	538	616	506	700	546
peak_1288	chr1	233972885	233973307	.	423	200	318	292	368	480	364
peak_1289	chr1	234118983	234119275	.	293	210	304	270	348	340	272
peak_1290	chr1	234501065	234501422	.	358	214	358	388	316	434	256
peak_1291	chr1	234628035	234628434	.	400	178	300	300	452	500	284
peak_1292	chr1	234657099	234657486	.	388	238	374	454	300	352	326
peak_1293	chr1	234866192	234866928	.	737	478	730	710	776	840	694
peak_1294	chr1	234897532	234898423	.	892	310	500	490	442	546	334
peak_1295	chr1	235067392	235067985	.	594	364	878	840	456	666	410
peak_1296	chr1	235568071	235568408	.	338	116	140	182	210	304	176
peak_1297	chr1	235588898	235589673	.	776	306	646	656	526	656	424
peak_1298	chr1	235595332	235595679	.	348	168	304	318	254	374	246
peak_1299	chr1	235606585	235606900	.	316	180	312	410	216	294	262
peak_1300	chr1	235917420	235917817	.	398	338	862	538	530	760	438
peak_1301	chr1	235943558	235944001	.	444	178	258	300	338	348	210
peak_1302	chr1	236097259	236097518	.	260	204	358	322	400	508	422
peak_1303	chr1	236124952	236125390	.	439	292	480	510	382	496	408
peak_1304	chr1	236148430	236149086	.	657	328	524	446	392	402	274
peak_1305	chr1	236426043	236426833	.	791	302	532	474	424	526	348
peak_1306	chr1	236795006	236795999	.	994	678	1354	1300	904	986	638
peak_1307	chr1	237012765	237013282	.	518	236	394	290	360	554	266
peak_1308	chr1	237888232	237888491	.	260	74	114	176	152	218	166
peak_1309	chr1	238054087	238054485	.	399	118	144	102	254	320	222
peak_1310	chr1	238958415	238958866	.	452	188	226	184	442	508	338
peak_1311	chr1	239814293	239814746	.	454	268	434	430	476	490	434
peak_1312	chr1	240644811	240645120	.	310	122	166	130	194	206	132
peak_1313	chr1	241413478	241413958	.	481	190	298	270	336	442	284
peak_1314	chr1	241615603	241615971	.	369	134	212	330	232	210	176
peak_1315	chr1	242224958	242225530	.	573	264	274	238	440	566	308
peak_1316	chr1	243883446	243883927	.	482	174	296	316	324	454	394
peak_1317	chr1	244191608	244191950	.	343	86	150	164	176	248	194
peak_1318	chr1	244296015	244296774	.	760	314	452	474	714	756	570
peak_1319	chr1	244302846	244303487	.	642	396	614	596	526	820	614
peak_1320	chr1	245091828	245092180	.	353	268	586	578	464	550	418
peak_1321	chr1	245603393	245603719	.	327	188	246	268	270	426	298
peak_1322	chr1	246428593	246428897	.	305	88	238	236	226	316	198
peak_1323	chr1	246524046	246524426	.	381	128	202	320	190	278	210
peak_1324	chr1	246608626	246609389	.	764	338	536	518	566	616	408
peak_1325	chr1	246632567	246632964	.	398	138	188	156	282	352	284
peak_1326	chr1	247332923	247333496	.	574	230	392	462	328	354	242
peak_1327	chr1	247433348	247433790	.	443	232	256	296	290	326	222
peak_1328	chr1	248843017	248843354	.	338	172	288	274	258	338	200
peak_1329	chr10	458408	458874	.	467	94	194	182	234	320	188
peak_1330	chr10	1638853	1639655	.	803	296	418	484	322	536	346
peak_1331	chr10	2111919	2112279	.	361	136	260	204	136	204	180
peak_1332	chr10	2949692	2950400	.	709	184	430	406	258	442	320
peak_1333	chr10	3010827	3011456	.	630	206	254	178	238	300	250
peak_1334	chr10	4316366	4316758	.	393	174	398	302	256	408	244
peak_1335	chr10	5317484	5318071	.	588	174	374	408	348	392	342
peak_1336	chr10	5684482	5685013	.	532	298	740	754	326	594	366
peak_1337	chr10	5840979	5841299	.	321	156	322	272	298	336	268
peak_1338	chr10	6046523	6047567	.	1045	360	598	510	444	658	382
peak_1339	chr10	6274900	6275788	.	889	386	912	888	658	908	636
peak_1340	chr10	6299291	6299511	.	221	176	334	310	368	404	282
peak_1341	chr10	7003795	7004277	.	483	116	214	198	298	376	228
peak_1342	chr10	7987005	7987413	.	409	68	162	150	174	314	210
peak_1343	chr10	8332102	8332667	.	566	326	560	486	418	564	426
peak_1344	chr10	11373529	11373899	.	371	122	258	308	206	330	264
peak_1345	chr10	11662623	11663041	.	419	112	266	312	270	288	184
peak_1346	chr10	12041823	12043495	.	1673	532	1164	1160	562	772	516
peak_1347	chr10	13882082	13882515	.	434	188	400	354	270	482	234
peak_1348	chr10	13893975	13894260	.	286	122	214	240	200	272	240
peak_1349	chr10	13984665	13986076	.	1412	704	1332	1208	828	1068	826
peak_1350	chr10	14381642	14382400	.	759	288	374	298	440	498	258
peak_1351	chr10	14449918	14450705	.	788	276	370	450	430	484	348
peak_1352	chr10	14698492	14698819	.	328	140	170	138	246	304	274
peak_1353	chr10	14977824	14979219	.	1396	314	296	238	564	670	388
peak_1354	chr10	15744073	15744500	.	428	138	246	202	288	322	276
peak_1355	chr10	15879629	15880012	.	384	228	412	446	444	560	448
peak_1356	chr10	15882110	15882620	.	511	292	260	308	460	498	362
peak_1357	chr10	16183987	16184477	.	491	134	280	276	274	332	250
peak_1358	chr10	16597848	16598237	.	390	308	538	518	410	464	340
peak_1359	chr10	16606508	16607298	.	791	384	512	570	894	990	814
peak_1360	chr10	17665825	17665985	.	161	102	140	80	186	190	132
peak_1361	chr10	17955979	17956624	.	646	226	322	280	384	468	338
peak_1362	chr10	19695714	19696206	.	493	164	270	356	376	546	366
peak_1363	chr10	20963551	20964766	.	1216	308	408	464	786	816	650
peak_1364	chr10	21315035	21315634	.	600	410	720	694	480	674	444
peak_1365	chr10	21402040	21402808	.	769	366	690	654	346	378	274
peak_1366	chr10	21547424	21547852	.	429	134	224	164	274	390	310
peak_1367	chr10	22682584	22682974	.	391	330	392	424	318	450	274
peak_1368	chr10	22805370	22805731	.	362	190	296	248	390	488	242
peak_1369	chr10	22816327	22817284	.	958	580	1290	1046	1036	1516	1000
peak_1370	chr10	22966642	22967072	.	431	120	148	110	186	266	166
peak_1371	chr10	23001138	23001612	.	475	202	238	226	364	550	310
peak_1372	chr10	23051848	23052172	.	325	88	164	142	224	216	210
peak_1373	chr10	23417331	23417599	.	269	96	90	122	186	230	178
peak_1374	chr10	23455006	23455358	.	353	224	228	312	242	362	276
peak_1375	chr10	23917944	23918711	.	768	424	594	594	572	698	464
peak_1376	chr10	23918775	23919218	.	444	324	442	534	398	564	464
peak_1377	chr10	23980112	23980547	.	436	196	366	412	388	492	436
peak_1378	chr10	24470187	24470628	.	442	288	196	296	356	508	302
peak_1379	chr10	24532303	24532826	.	524	88	164	172	310	318	218
peak_1380	chr10	24822075	24822286	.	212	102	148	158	150	292	160
peak_1381	chr10	24921383	24921711	.	329	118	304	268	336	414	238
peak_1382	chr10	25068146	25068560	.	415	292	428	430	506	648	440
peak_1383	chr10	25877792	25878401	.	610	210	210	280	378	406	324
peak_1384	chr10	26247224	26247679	.	456	314	570	594	668	980	662
peak_1385	chr10	26781048	26781447	.	400	172	256	306	344	366	262
peak_1386	chr10	26919614	26919941	.	328	120	272	204	210	264	192
peak_1387	chr10	26932086	26932448	.	363	106	200	202	202	360	206
peak_1388	chr10	27506306	27506827	.	522	202	280	310	244	340	226
peak_1389	chr10	27654475	27654967	.	493	122	124	142	224	372	254
peak_1390	chr10	28180642	28180972	.	331	182	310	322	316	326	260
peak_1391	chr10	28754982	28755331	.	350	150	184	190	344	438	272
peak_1392	chr10	29229299	29229667	.	369	230	440	522	398	536	414
peak_1393	chr10	29649600	29650009	.	410	172	196	232	390	380	258
peak_1394	chr10	29659008	29659437	.	430	486	1494	948	638	876	540
peak_1395	chr10	29757663	29758224	.	562	374	716	666	520	750	468
peak_1396	chr10	29765542	29766247	.	706	320	326	424	394	386	276
peak_1397	chr10	29946890	29947944	.	1055	810	1294	1332	978	1266	1034
peak_1398	chr10	30001357	30001732	.	376	140	204	192	234	298	148
peak_1399	chr10	30384607	30385180	.	574	224	314	260	340	374	258
peak_1400	chr10	30640374	30640739	.	366	106	148	160	224	272	160
peak_1401	chr10	30641744	30642176	.	433	102	210	146	246	410	208
peak_1402	chr10	30695907	30696670	.	764	278	490	582	298	330	228
peak_1403	chr10	30980714	30981298	.	585	228	326	312	534	496	370
peak_1404	chr10	31031570	31032505	.	936	542	1810	1654	760	1142	842
peak_1405	chr10	31242671	31243273	.	603	566	968	878	866	1216	806
peak_1406	chr10	31745655	31746370	.	716	396	814	686	672	940	612
peak_1407	chr10	31927715	31928816	.	1102	426	884	978	498	696	424
peak_1408	chr10	32061308	32061761	.	454	146	212	282	478	400	340
peak_1409	chr10	32167195	32167796	.	602	294	694	680	558	738	536
peak_1410	chr10	32213796	32214363	.	568	370	538	528	556	742	496
peak_1411	chr10	32983312	32983854	.	543	322	596	608	524	722	540
peak_1412	chr10	33398670	33399126	.	457	274	412	498	524	504	570
peak_1413	chr10	33581879	33582920	.	1042	334	490	624	700	870	610
peak_1414	chr10	33886417	33886821	.	405	210	284	338	416	538	356
peak_1415	chr10	33892494	33892817	.	324	142	130	110	262	288	192
peak_1416	chr10	33897369	33897640	.	272	184	244	296	260	302	196
peak_1417	chr10	34286353	34286828	.	476	298	556	684	614	670	440
peak_1418	chr10	34887869	34888264	.	396	198	366	364	350	532	306
peak_1419	chr10	35215127	35215663	.	537	216	368	356	534	538	336
peak_1420	chr10	35414345	35414782	.	438	270	436	458	436	554	372
peak_1421	chr10	35549156	35549765	.	610	342	584	586	764	896	700
peak_1422	chr10	35564356	35564981	.	626	508	946	1038	806	954	696
peak_1423	chr10	35610872	35611252	.	381	196	240	212	320	338	232
peak_1424	chr10	35649459	35650138	.	680	252	330	428	562	724	456
peak_1425	chr10	35795225	35795645	.	421	234	380	438	398	562	310
peak_1426	chr10	36534585	36535033	.	449	206	370	466	298	344	280
peak_1427	chr10	36539017	36539349	.	333	114	298	404	246	314	296
peak_1428	chr10	37711690	37713516	.	1827	888	1358	1312	642	606	406
peak_1429	chr10	37747809	37748361	.	553	222	446	494	494	698	504
peak_1430	chr10	42188137	42188494	.	358	226	414	340	284	480	330
peak_1431	chr10	42637927	42638990	.	1064	986	2328	2206	1212	1324	1048
peak_1432	chr10	42690396	42691193	.	798	840	1854	1888	1152	1450	974
peak_1433	chr10	42720346	42720942	.	597	318	460	448	366	444	294
peak_1434	chr10	42755858	42756783	.	926	958	1486	1590	1108	1332	902
peak_1435	chr10	42757398	42758915	.	1518	1124	1996	2218	1032	1212	858
peak_1436	chr10	42864488	42865110	.	623	506	908	962	526	766	604
peak_1437	chr10	42869184	42869637	.	454	604	836	744	724	908	546
peak_1438	chr10	42872926	42873590	.	665	634	1486	1444	962	1260	888
peak_1439	chr10	42876567	42880224	.	3658	2662	4464	4872	2644	2954	2248
peak_1440	chr10	42887787	42889021	.	1235	824	1374	1360	782	904	734
peak_1441	chr10	42960523	42963086	.	2564	1724	3332	3694	1522	1864	1354
peak_1442	chr10	42973951	42977389	.	3439	2830	4928	4918	2364	2476	1742
peak_1443	chr10	42979894	42982374	.	2481	2206	3822	3962	2074	2608	1856
peak_1444	chr10	42982471	42984380	.	1910	1440	2552	2536	1480	1560	1222
peak_1445	chr10	42986656	42987855	.	1200	1178	1632	1928	1234	1272	1014
peak_1446	chr10	42997249	43002358	.	5110	3980	6276	6376	2916	2956	2110
peak_1447	chr10	43038100	43039532	.	1433	1068	1692	1744	580	660	464
peak_1448	chr10	43039640	43047193	.	7554	5198	9508	9866	4364	4978	3316
peak_1449	chr10	43048602	43049768	.	1167	1458	2630	3018	1506	1914	1302
peak_1450	chr10	43059934	43060828	.	895	572	1198	1232	584	756	550
peak_1451	chr10	43081334	43083750	.	2417	2446	3926	4212	1736	1580	1276
peak_1452	chr10	43084365	43087936	.	3572	2336	3654	3872	1786	1896	1392
peak_1453	chr10	43088943	43090658	.	1716	1934	3778	4046	1966	2312	1782
peak_1454	chr10	43094619	43096586	.	1968	2170	3580	3256	2264	2532	1504
peak_1455	chr10	43099601	43100306	.	706	588	1150	1114	938	1064	614
peak_1456	chr10	43106486	43107544	.	1059	1328	2240	2216	1316	1398	1094
peak_1457	chr10	43111717	43116553	.	4837	3422	6192	6722	2596	2862	2156
peak_1458	chr10	43117175	43120075	.	2901	1988	3564	3354	1934	2440	1808
peak_1459	chr10	43120992	43121899	.	908	766	1038	998	650	864	634
peak_1460	chr10	43122073	43123303	.	1231	786	1562	1588	1096	1294	946
peak_1461	chr10	43192792	43194492	.	1701	1108	1930	1974	1498	1606	1216
peak_1462	chr10	43196237	43202125	.	5889	4066	7380	7738	4024	4150	2946
peak_1463	chr10	43202267	43207349	.	5083	4912	10688	11498	5098	6770	4780
peak_1464	chr10	43215743	43221238	.	5496	4180	7492	7566	3142	3354	2368
peak_1465	chr10	43221776	43222809	.	1034	784	1202	1124	1038	958	690
peak_1466	chr10	43226753	43232424	.	5672	4638	8954	9204	3866	4262	3206
peak_1467	chr10	43250766	43260782	.	10017	8228	15694	16060	6786	7126	5342
peak_1468	chr10	43318060	43318674	.	615	536	830	842	674	834	562
peak_1469	chr10	43318784	43319946	.	1163	1036	1918	1896	1038	1416	906
peak_1470	chr10	43324998	43326265	.	1268	1256	1636	1888	1826	2192	1584
peak_1471	chr10	43338267	43338904	.	638	620	1186	1302	540	588	454
peak_1472	chr10	43340429	43341437	.	1009	902	1550	1546	926	1200	884
peak_1473	chr10	43344002	43345283	.	1282	1120	2016	1876	988	1190	894
peak_1474	chr10	43374031	43378843	.	4813	3118	5564	5384	1998	1958	1458
peak_1475	chr10	43407190	43410219	.	3030	2294	6042	5682	2846	3430	2564
peak_1476	chr10	43436295	43437572	.	1278	1120	2412	2588	1164	1406	1036
peak_1477	chr10	43461028	43461567	.	540	366	478	500	390	454	328
peak_1478	chr10	43512037	43512753	.	717	262	400	492	674	760	506
peak_1479	chr10	43685741	43686099	.	359	290	400	396	434	566	390
peak_1480	chr10	43695929	43697759	.	1831	1664	1970	2022	1956	2332	1340
peak_1481	chr10	43892196	43892693	.	498	540	816	844	666	872	638
peak_1482	chr10	43899220	43899823	.	604	640	1064	1184	774	798	684
peak_1483	chr10	43940063	43940547	.	485	410	520	424	466	598	378
peak_1484	chr10	43958060	43960092	.	2033	1438	2144	2178	1456	1540	1136
peak_1485	chr10	44008324	44008569	.	246	304	580	516	460	628	466
peak_1486	chr10	44051258	44051992	.	735	738	1260	1146	1190	1484	956
peak_1487	chr10	44064156	44064833	.	678	598	1090	1058	728	972	732
peak_1488	chr10	44065292	44065918	.	627	646	922	892	672	884	632
peak_1489	chr10	44195878	44196659	.	782	732	1386	1352	1060	1604	1084
peak_1490	chr10	44203695	44204291	.	597	702	988	784	1078	1460	964
peak_1491	chr10	44240691	44241253	.	563	382	778	816	756	934	626
peak_1492	chr10	44253565	44254340	.	776	370	552	548	696	852	606
peak_1493	chr10	44257385	44257819	.	435	578	662	746	716	786	600
peak_1494	chr10	44258481	44259162	.	682	416	512	538	754	766	454
peak_1495	chr10	44259314	44259933	.	620	516	1036	1126	744	896	652
peak_1496	chr10	44260396	44262384	.	1989	1268	2388	2628	990	974	718
peak_1497	chr10	44312226	44312735	.	510	426	646	740	664	768	590
peak_1498	chr10	44358281	44358695	.	415	284	722	650	442	470	426
peak_1499	chr10	44376483	44376870	.	388	474	454	378	800	846	494
peak_1500	chr10	44507301	44509361	.	2061	1444	2190	2280	1180	1284	916
peak_1501	chr10	44824513	44824969	.	457	224	312	458	312	400	284
peak_1502	chr10	44864233	44865705	.	1473	1110	1968	2020	1304	1784	1242
peak_1503	chr10	44880999	44881764	.	766	644	1142	1100	714	948	626
peak_1504	chr10	44882327	44882677	.	351	232	462	440	364	466	400
peak_1505	chr10	44911044	44912973	.	1930	1006	1726	1664	812	810	606
peak_1506	chr10	44930915	44934176	.	3262	1818	2836	2868	1378	1396	1020
peak_1507	chr10	44978568	44980889	.	2322	1492	2074	2268	1238	1238	822
peak_1508	chr10	44981587	44982907	.	1321	1026	2114	1954	1048	1388	966
peak_1509	chr10	44984498	44985298	.	801	496	744	712	536	506	398
peak_1510	chr10	44998192	44998714	.	523	316	558	624	478	812	532
peak_1511	chr10	45155815	45156760	.	946	366	672	850	586	680	486
peak_1512	chr10	45160112	45160824	.	713	272	436	352	660	1002	540
peak_1513	chr10	45249969	45251056	.	1088	480	904	936	674	778	462
peak_1514	chr10	45283801	45284282	.	482	276	284	282	472	620	392
peak_1515	chr10	45303752	45304512	.	761	394	538	546	506	532	336
peak_1516	chr10	45421192	45423247	.	2056	1426	2192	2210	1570	1700	1198
peak_1517	chr10	45425130	45426518	.	1389	724	1362	1300	948	1160	796
peak_1518	chr10	45446957	45447566	.	610	386	534	532	422	518	394
peak_1519	chr10	45452871	45453366	.	496	360	476	508	424	560	334
peak_1520	chr10	45453816	45454564	.	749	344	900	950	562	632	458
peak_1521	chr10	45672168	45673203	.	1036	684	1862	1926	962	1458	928
peak_1522	chr10	45812330	45812906	.	577	362	558	564	448	560	362
peak_1523	chr10	46091320	46092599	.	1280	684	1320	1500	852	1044	796
peak_1524	chr10	46198576	46198795	.	220	112	146	164	190	188	152
peak_1525	chr10	46215304	46218823	.	3520	1936	3576	3658	1984	2128	1610
peak_1526	chr10	46220924	46221856	.	933	686	1380	1432	866	1226	816
peak_1527	chr10	46227956	46229238	.	1283	1212	2490	2516	1394	1946	1390
peak_1528	chr10	46250500	46252564	.	2065	986	1628	1738	546	722	540
peak_1529	chr10	46263636	46265269	.	1634	836	1340	1544	712	826	658
peak_1530	chr10	46265913	46267183	.	1271	698	1678	1734	1082	1326	1000
peak_1531	chr10	46292932	46293275	.	344	192	280	240	236	274	134
peak_1532	chr10	46299169	46300448	.	1280	1012	1980	2088	1350	1762	1212
peak_1533	chr10	46311789	46312263	.	475	284	548	510	354	472	322
peak_1534	chr10	46314917	46315418	.	502	224	476	564	298	384	288
peak_1535	chr10	46316542	46317053	.	512	232	344	412	482	606	490
peak_1536	chr10	46520393	46521293	.	901	930	1344	1372	532	634	428
peak_1537	chr10	46522295	46523996	.	1702	1390	2096	2146	1018	954	726
peak_1538	chr10	46524628	46526360	.	1733	1730	2538	2632	2088	2638	1708
peak_1539	chr10	46546664	46549206	.	2543	2310	3930	3856	2390	2630	1850
peak_1540	chr10	46549275	46553910	.	4636	4008	7054	7416	3234	3796	2504
peak_1541	chr10	46558028	46559141	.	1114	952	1428	1384	930	858	668
peak_1542	chr10	46993046	46993560	.	515	518	832	1018	714	734	560
peak_1543	chr10	47022161	47023773	.	1613	1140	2206	2358	1256	1202	942
peak_1544	chr10	47023923	47026142	.	2220	1738	3148	3184	2334	2580	1986
peak_1545	chr10	47026993	47028009	.	1017	698	1576	1452	774	850	548
peak_1546	chr10	47031307	47031791	.	485	352	720	760	454	558	420
peak_1547	chr10	47034535	47036541	.	2007	1112	1976	1912	970	1206	810
peak_1548	chr10	47039457	47040530	.	1074	816	1470	1348	748	956	662
peak_1549	chr10	47042959	47043952	.	994	794	1202	1400	892	970	840
peak_1550	chr10	47044045	47048128	.	4084	2714	4990	5082	2360	2768	2132
peak_1551	chr10	47049317	47049895	.	579	410	696	714	446	534	348
peak_1552	chr10	47081262	47081763	.	502	218	396	468	422	550	440
peak_1553	chr10	47104828	47105222	.	395	234	324	390	412	358	272
peak_1554	chr10	47146204	47146965	.	762	324	414	468	430	524	394
peak_1555	chr10	47164226	47164703	.	478	428	742	908	564	724	564
peak_1556	chr10	47198202	47198800	.	599	468	636	700	472	560	418
peak_1557	chr10	47244508	47245533	.	1026	780	1222	1324	838	1088	832
peak_1558	chr10	47245645	47246068	.	424	354	450	392	366	368	270
peak_1559	chr10	47266672	47267062	.	391	276	252	284	380	580	398
peak_1560	chr10	47276158	47277893	.	1736	1072	1826	1954	1350	1316	1114
peak_1561	chr10	47285227	47286247	.	1021	738	1614	1536	990	1294	954
peak_1562	chr10	47286703	47288022	.	1320	920	1610	1498	772	898	656
peak_1563	chr10	47302624	47303400	.	777	352	574	512	276	330	248
peak_1564	chr10	47324729	47325116	.	388	332	396	462	482	464	394
peak_1565	chr10	47326337	47327029	.	693	488	824	858	662	778	592
peak_1566	chr10	47329654	47330722	.	1069	866	1766	1714	980	1190	850
peak_1567	chr10	47352976	47354483	.	1508	1208	2222	2192	1654	2232	1526
peak_1568	chr10	47356836	47357747	.	912	462	694	632	554	588	358
peak_1569	chr10	47357894	47358366	.	473	302	584	568	384	462	360
peak_1570	chr10	47358507	47360887	.	2381	1402	2052	2116	852	912	738
peak_1571	chr10	47365745	47367677	.	1933	1202	1980	1952	1072	1232	818
peak_1572	chr10	47405849	47407804	.	1956	1140	2102	2188	1414	1562	1148
peak_1573	chr10	47408909	47410333	.	1425	1000	1862	2146	1156	1568	1044
peak_1574	chr10	47418285	47418803	.	519	330	628	714	440	460	410
peak_1575	chr10	47448093	47449865	.	1773	1036	1788	1556	1258	1270	916
peak_1576	chr10	47452507	47453494	.	988	768	1566	1716	730	962	670
peak_1577	chr10	47456878	47457731	.	854	642	1148	1206	608	762	600
peak_1578	chr10	48188351	48188929	.	579	378	702	892	508	698	488
peak_1579	chr10	48189150	48190583	.	1434	754	1212	1262	690	940	748
peak_1580	chr10	48248938	48250211	.	1274	628	830	872	378	426	324
peak_1581	chr10	48324664	48324895	.	232	100	112	124	166	214	172
peak_1582	chr10	48510664	48511492	.	829	450	818	750	670	728	548
peak_1583	chr10	48545261	48545934	.	674	416	610	680	424	398	258
peak_1584	chr10	48605733	48608676	.	2944	1890	3460	3336	1870	2154	1480
peak_1585	chr10	48648385	48649181	.	797	466	680	654	494	700	404
peak_1586	chr10	48655302	48656131	.	830	534	1428	1476	694	966	688
peak_1587	chr10	48707284	48707790	.	507	486	610	632	654	778	516
peak_1588	chr10	48719616	48721480	.	1865	1176	1910	1976	966	1104	790
peak_1589	chr10	48721624	48722595	.	972	644	1084	1012	948	1196	804
peak_1590	chr10	48777891	48780166	.	2276	1342	2090	2272	1578	1734	1294
peak_1591	chr10	48791311	48792009	.	699	520	668	860	628	818	516
peak_1592	chr10	48819708	48821445	.	1738	802	1498	1634	808	886	728
peak_1593	chr10	48821670	48822188	.	519	386	836	828	652	788	608
peak_1594	chr10	48844664	48844985	.	322	204	240	308	318	436	302
peak_1595	chr10	48896125	48898436	.	2312	1502	2590	2708	1674	1854	1350
peak_1596	chr10	48933734	48934159	.	426	216	318	394	344	338	234
peak_1597	chr10	48969767	48970275	.	509	296	456	560	466	450	320
peak_1598	chr10	48982177	48982858	.	682	330	576	530	196	176	182
peak_1599	chr10	49120316	49120961	.	646	446	584	610	530	656	412
peak_1600	chr10	49139489	49140149	.	661	370	748	816	594	812	564
peak_1601	chr10	49164505	49164825	.	321	154	242	256	216	354	250
peak_1602	chr10	49165394	49165959	.	566	390	652	726	512	666	446
peak_1603	chr10	49177516	49178620	.	1105	454	920	1024	548	672	480
peak_1604	chr10	49270546	49271206	.	661	302	592	636	432	576	352
peak_1605	chr10	49271343	49271767	.	425	220	432	430	346	442	334
peak_1606	chr10	49302076	49304328	.	2253	1162	1822	1812	1336	1572	1010
peak_1607	chr10	49305954	49308513	.	2560	1520	2542	2356	1158	1246	920
peak_1608	chr10	49310360	49310906	.	547	226	326	450	322	536	346
peak_1609	chr10	49318155	49319052	.	898	898	1266	1566	1104	1394	962
peak_1610	chr10	49371993	49372591	.	599	434	508	506	710	778	506
peak_1611	chr10	49375627	49375918	.	292	178	276	340	184	262	256
peak_1612	chr10	49385614	49386840	.	1227	612	1166	1352	606	670	438
peak_1613	chr10	49387034	49387467	.	434	320	362	418	344	442	346
peak_1614	chr10	49397115	49398584	.	1470	872	1762	2006	696	1012	614
peak_1615	chr10	49406709	49407394	.	686	494	836	904	744	838	520
peak_1616	chr10	49519730	49520067	.	338	98	252	276	338	436	314
peak_1617	chr10	49601529	49602423	.	895	658	1000	1002	830	1020	706
peak_1618	chr10	49688291	49688705	.	415	278	318	400	320	372	296
peak_1619	chr10	49699749	49700356	.	608	384	592	590	616	752	448
peak_1620	chr10	49740031	49741712	.	1682	1004	1732	1774	678	792	468
peak_1621	chr10	49758099	49759454	.	1356	858	1542	1590	730	908	652
peak_1622	chr10	50019339	50020681	.	1343	654	1244	1144	900	1128	654
peak_1623	chr10	50052062	50052209	.	148	100	198	148	134	202	104
peak_1624	chr10	50169667	50169823	.	157	114	116	108	194	266	190
peak_1625	chr10	50614235	50614752	.	518	484	784	736	480	678	456
peak_1626	chr10	50624213	50625618	.	1406	934	2136	2174	1232	1272	1016
peak_1627	chr10	50704523	50704695	.	173	64	128	86	102	128	76
peak_1628	chr10	50704811	50704925	.	115	46	72	78	112	144	92
peak_1629	chr10	50874802	50875046	.	245	210	246	204	322	352	232
peak_1630	chr10	51937891	51938205	.	315	124	180	218	296	400	218
peak_1631	chr10	55291708	55292160	.	453	146	266	312	420	522	330
peak_1632	chr10	55899591	55899872	.	282	156	272	224	270	322	182
peak_1633	chr10	57983234	57983522	.	289	90	198	210	242	290	250
peak_1634	chr10	58618003	58618628	.	626	204	286	314	426	500	362
peak_1635	chr10	60031828	60032161	.	334	154	194	180	312	290	204
peak_1636	chr10	60524392	60524896	.	505	248	320	350	442	630	404
peak_1637	chr10	62258865	62259267	.	403	362	432	380	594	746	516
peak_1638	chr10	62681299	62682165	.	867	346	730	972	530	822	628
peak_1639	chr10	62744212	62744603	.	392	204	300	260	406	596	326
peak_1640	chr10	63268825	63269441	.	617	658	1282	1156	842	1058	666
peak_1641	chr10	63712135	63712700	.	566	558	1380	1036	710	1050	584
peak_1642	chr10	63765080	63765450	.	371	108	122	156	324	348	248
peak_1643	chr10	64506851	64507292	.	442	148	276	240	308	326	224
peak_1644	chr10	64797408	64798002	.	595	162	270	328	478	516	386
peak_1645	chr10	65039610	65040231	.	622	224	338	344	494	590	422
peak_1646	chr10	65950121	65950422	.	302	88	106	120	222	302	172
peak_1647	chr10	67819857	67820186	.	330	346	740	574	496	748	524
peak_1648	chr10	68526864	68528055	.	1192	766	1676	1848	894	1216	796
peak_1649	chr10	68666494	68666759	.	266	178	282	240	366	414	312
peak_1650	chr10	68720915	68721830	.	916	650	1632	1412	812	1120	654
peak_1651	chr10	69179824	69181391	.	1568	1030	1602	1588	1104	1328	886
peak_1652	chr10	69213568	69213992	.	425	230	310	254	458	602	334
peak_1653	chr10	69217152	69217518	.	367	146	282	252	334	394	242
peak_1654	chr10	69222393	69222969	.	577	414	678	674	622	754	510
peak_1655	chr10	69268627	69269070	.	444	180	424	466	312	482	298
peak_1656	chr10	69319879	69320886	.	1008	610	772	936	478	538	348
peak_1657	chr10	69362756	69363555	.	800	448	616	682	722	710	478
peak_1658	chr10	69413343	69413884	.	542	434	876	872	526	688	470
peak_1659	chr10	69413988	69414569	.	582	474	770	768	618	586	440
peak_1660	chr10	69456941	69457250	.	310	134	248	290	238	276	204
peak_1661	chr10	69498919	69499336	.	418	314	520	572	354	456	330
peak_1662	chr10	69506498	69507518	.	1021	486	934	1022	282	322	276
peak_1663	chr10	69516132	69518028	.	1897	1148	1810	1638	754	758	500
peak_1664	chr10	69538430	69538833	.	404	132	220	346	296	398	334
peak_1665	chr10	69574500	69575604	.	1105	906	1736	1808	954	1254	844
peak_1666	chr10	69641214	69641799	.	586	324	734	730	464	632	466
peak_1667	chr10	69666583	69667834	.	1252	878	1312	1318	730	1044	676
peak_1668	chr10	69716197	69716679	.	483	338	600	586	384	502	374
peak_1669	chr10	69729561	69730105	.	545	498	906	950	498	580	456
peak_1670	chr10	69737911	69738750	.	840	568	806	902	196	178	154
peak_1671	chr10	69748438	69749581	.	1144	632	918	1092	614	506	380
peak_1672	chr10	69757128	69758488	.	1361	764	1326	1402	614	688	500
peak_1673	chr10	69767728	69768662	.	935	386	712	750	500	616	484
peak_1674	chr10	69861302	69861961	.	660	688	1152	1122	864	968	582
peak_1675	chr10	69864718	69865468	.	751	460	746	810	532	670	388
peak_1676	chr10	69874404	69875306	.	903	518	878	888	696	972	740
peak_1677	chr10	69879047	69880477	.	1431	1164	1700	1642	1124	1350	1000
peak_1678	chr10	69883395	69883810	.	416	330	666	706	488	546	422
peak_1679	chr10	69888755	69889826	.	1072	832	1246	1296	868	1000	580
peak_1680	chr10	69895600	69896116	.	517	438	710	752	636	956	658
peak_1681	chr10	69896289	69897813	.	1525	762	1286	1626	666	646	508
peak_1682	chr10	69899475	69900465	.	991	786	1462	1328	864	1200	752
peak_1683	chr10	69901070	69902134	.	1065	696	1160	1056	610	824	530
peak_1684	chr10	69915918	69916668	.	751	458	864	858	540	550	460
peak_1685	chr10	69944757	69945294	.	538	256	538	596	464	462	368
peak_1686	chr10	69957165	69958187	.	1023	856	1238	1116	1318	1518	1036
peak_1687	chr10	69960798	69962214	.	1417	716	1408	1518	918	1030	846
peak_1688	chr10	70189817	70190742	.	926	822	1052	1208	892	870	700
peak_1689	chr10	70232964	70234258	.	1295	1222	2894	2822	1370	1708	1218
peak_1690	chr10	70286610	70287163	.	554	212	354	390	344	434	292
peak_1691	chr10	70321221	70325123	.	3903	2048	3374	3608	1184	1476	998
peak_1692	chr10	70331823	70332195	.	373	248	436	404	330	500	376
peak_1693	chr10	70376009	70377955	.	1947	1032	1918	1926	986	1002	732
peak_1694	chr10	70381411	70383206	.	1796	1250	2490	2102	1248	1338	1012
peak_1695	chr10	70405042	70405750	.	709	546	860	938	606	608	500
peak_1696	chr10	70450629	70451327	.	699	602	1156	1264	734	986	732
peak_1697	chr10	70461271	70461700	.	430	430	650	654	538	558	418
peak_1698	chr10	70481582	70483651	.	2070	1060	1864	1834	976	974	636
peak_1699	chr10	70490046	70490484	.	439	250	448	470	292	498	386
peak_1700	chr10	70499757	70500200	.	444	332	576	584	472	584	478
peak_1701	chr10	70508865	70509864	.	1000	710	1154	1174	472	538	370
peak_1702	chr10	70532037	70533875	.	1839	1114	1700	1706	538	508	530
peak_1703	chr10	70540528	70542189	.	1662	1042	1976	2094	1140	1424	1010
peak_1704	chr10	70592277	70593518	.	1242	594	1004	1154	308	334	250
peak_1705	chr10	70599655	70601032	.	1378	726	1194	1380	634	686	556
peak_1706	chr10	70653168	70653809	.	642	542	898	1024	676	922	560
peak_1707	chr10	70663798	70665631	.	1834	1712	3356	2448	1834	2632	1612
peak_1708	chr10	70673182	70674148	.	967	546	1140	1094	744	1102	700
peak_1709	chr10	70690120	70690874	.	755	676	1054	1042	568	650	474
peak_1710	chr10	70699545	70700165	.	621	350	708	832	532	708	470
peak_1711	chr10	70704092	70705118	.	1027	638	888	810	722	854	462
peak_1712	chr10	70720022	70720929	.	908	648	918	950	698	1060	584
peak_1713	chr10	70736569	70737684	.	1116	692	1200	1376	1116	1248	910
peak_1714	chr10	70756645	70757190	.	546	498	868	1032	682	930	650
peak_1715	chr10	70759694	70760396	.	703	634	1176	1254	826	1144	858
peak_1716	chr10	70890912	70891385	.	474	376	570	610	488	626	512
peak_1717	chr10	70902763	70903987	.	1225	1004	1818	1856	1252	1390	1014
peak_1718	chr10	70914528	70916500	.	1973	908	1514	1712	924	950	746
peak_1719	chr10	70926249	70927266	.	1018	604	1136	1160	364	450	308
peak_1720	chr10	70928217	70928980	.	764	512	734	756	536	694	524
peak_1721	chr10	70931138	70931871	.	734	762	1304	1252	726	1066	856
peak_1722	chr10	70931960	70932751	.	792	486	1072	1004	692	778	680
peak_1723	chr10	70939532	70939880	.	349	364	574	600	410	548	436
peak_1724	chr10	70996612	70997045	.	434	336	584	604	380	556	392
peak_1725	chr10	71028940	71029819	.	880	590	1108	1340	754	1066	752
peak_1726	chr10	71040729	71043185	.	2457	1342	2308	2314	1782	1950	1346
peak_1727	chr10	71045834	71046435	.	602	382	772	908	542	622	424
peak_1728	chr10	71065754	71066018	.	265	138	304	236	240	224	198
peak_1729	chr10	71068802	71069389	.	588	308	550	640	224	250	206
peak_1730	chr10	71076332	71077846	.	1515	600	1044	1130	306	304	292
peak_1731	chr10	71077915	71081164	.	3250	2112	3352	3290	1832	2112	1596
peak_1732	chr10	71150554	71151037	.	484	276	476	464	312	440	370
peak_1733	chr10	71217349	71219129	.	1781	1126	2020	2190	1258	1674	1058
peak_1734	chr10	71219653	71220267	.	615	488	634	818	458	534	402
peak_1735	chr10	71223674	71224331	.	658	526	702	778	326	414	260
peak_1736	chr10	71228718	71230669	.	1952	888	1380	1512	650	634	406
peak_1737	chr10	71245187	71248385	.	3199	1756	3036	3092	1250	1450	998
peak_1738	chr10	71248775	71249292	.	518	404	604	642	446	540	380
peak_1739	chr10	71259485	71261903	.	2419	1546	2584	2760	956	1026	744
peak_1740	chr10	71296062	71296515	.	454	366	608	678	400	530	330
peak_1741	chr10	71297269	71298505	.	1237	860	1324	1418	806	946	678
peak_1742	chr10	71302934	71304282	.	1349	1100	1692	1540	1214	1246	910
peak_1743	chr10	71333170	71334002	.	833	498	880	922	528	642	430
peak_1744	chr10	71344997	71346512	.	1516	926	1598	1634	1326	1918	1312
peak_1745	chr10	71349291	71349996	.	706	486	864	910	680	1026	718
peak_1746	chr10	71366657	71367964	.	1308	1036	1786	2010	984	1082	858
peak_1747	chr10	71384040	71384838	.	799	466	842	908	380	470	416
peak_1748	chr10	71409467	71409961	.	495	294	444	502	186	196	132
peak_1749	chr10	71424301	71425144	.	844	792	1418	1538	886	1182	904
peak_1750	chr10	71433833	71435347	.	1515	1174	2138	2274	1300	1808	1330
peak_1751	chr10	71444696	71445594	.	899	872	1348	1318	856	1026	630
peak_1752	chr10	71445913	71446669	.	757	508	1058	1062	636	830	564
peak_1753	chr10	71449939	71450246	.	308	194	366	404	260	344	254
peak_1754	chr10	71450302	71452638	.	2337	1166	2096	2070	496	612	438
peak_1755	chr10	71465927	71467839	.	1913	1186	1478	1486	1040	1254	742
peak_1756	chr10	71468669	71469107	.	439	276	566	532	374	412	346
peak_1757	chr10	71479716	71480251	.	536	374	720	660	376	528	384
peak_1758	chr10	71496359	71497245	.	887	558	872	1040	788	840	594
peak_1759	chr10	71497895	71498849	.	955	840	1226	1396	720	884	614
peak_1760	chr10	71499066	71499800	.	735	424	614	636	434	484	406
peak_1761	chr10	71503416	71504012	.	597	484	802	772	434	580	378
peak_1762	chr10	71512488	71513418	.	931	650	1136	1228	646	936	618
peak_1763	chr10	71526838	71527769	.	932	668	1212	1296	738	872	640
peak_1764	chr10	71530089	71531303	.	1215	974	1658	1738	964	1110	744
peak_1765	chr10	71554885	71556345	.	1461	974	1366	1440	770	774	602
peak_1766	chr10	71566873	71568261	.	1389	812	1404	1488	800	932	716
peak_1767	chr10	71591524	71591964	.	441	258	244	252	298	304	276
peak_1768	chr10	71595376	71596136	.	761	388	488	472	298	388	218
peak_1769	chr10	71600791	71601213	.	423	256	358	384	412	508	336
peak_1770	chr10	71612013	71612213	.	201	134	160	186	160	244	168
peak_1771	chr10	71652636	71653562	.	927	622	1080	1214	636	746	458
peak_1772	chr10	71686691	71688449	.	1759	1032	1490	1626	604	656	478
peak_1773	chr10	71689138	71689986	.	849	604	1010	998	668	802	518
peak_1774	chr10	71706340	71711667	.	5328	3284	5926	5678	2408	2940	2160
peak_1775	chr10	71714642	71716755	.	2114	1192	2122	2016	912	992	652
peak_1776	chr10	71726003	71728072	.	2070	1278	2302	2358	1184	1614	1176
peak_1777	chr10	71740269	71740693	.	425	290	328	336	288	360	268
peak_1778	chr10	71742790	71743292	.	503	282	354	444	464	522	374
peak_1779	chr10	71760878	71762662	.	1785	1014	1496	1668	1048	1142	868
peak_1780	chr10	71765953	71768264	.	2312	1072	2044	2066	912	1074	672
peak_1781	chr10	71789439	71790266	.	828	474	960	1004	576	742	486
peak_1782	chr10	71790769	71791519	.	751	490	982	888	542	802	510
peak_1783	chr10	71835907	71836850	.	944	1008	1682	1546	1126	1196	804
peak_1784	chr10	71850498	71851487	.	990	806	1666	1842	1116	1362	872
peak_1785	chr10	71859728	71859993	.	266	130	282	258	212	308	184
peak_1786	chr10	71860222	71861259	.	1038	1092	2174	2182	1226	1422	1080
peak_1787	chr10	71911155	71911649	.	495	218	322	360	314	356	358
peak_1788	chr10	71912475	71913362	.	888	742	900	878	982	1172	818
peak_1789	chr10	71965614	71966726	.	1113	664	960	1052	724	630	528
peak_1790	chr10	72035537	72036039	.	503	396	772	750	442	456	340
peak_1791	chr10	72209836	72210152	.	317	124	248	260	346	460	318
peak_1792	chr10	72297689	72299457	.	1769	1290	3036	2786	1304	1740	1146
peak_1793	chr10	72309329	72310610	.	1282	878	1610	1496	964	1392	892
peak_1794	chr10	72319421	72320579	.	1159	784	1534	1602	942	1308	876
peak_1795	chr10	72320653	72323849	.	3197	2362	4578	4860	2336	2658	1910
peak_1796	chr10	72327918	72330275	.	2358	1120	2044	2006	540	598	446
peak_1797	chr10	72334743	72337482	.	2740	1282	2394	2410	908	1146	822
peak_1798	chr10	72363969	72364859	.	891	612	1236	1434	850	1312	728
peak_1799	chr10	72682686	72682973	.	288	132	340	324	244	336	246
peak_1800	chr10	72783354	72783585	.	232	152	162	202	232	342	234
peak_1801	chr10	73205052	73205453	.	402	158	266	192	350	396	298
peak_1802	chr10	73217636	73217996	.	361	154	172	194	408	418	274
peak_1803	chr10	73252215	73253163	.	949	796	1762	1464	916	1188	774
peak_1804	chr10	73664200	73665143	.	944	386	742	630	462	650	424
peak_1805	chr10	73792688	73794459	.	1772	962	1506	1538	860	1154	776
peak_1806	chr10	73876134	73877118	.	985	596	818	890	332	300	192
peak_1807	chr10	73888657	73889387	.	731	818	1438	1398	882	1366	1038
peak_1808	chr10	73906264	73907319	.	1056	780	1654	1374	964	1006	768
peak_1809	chr10	73926366	73926747	.	382	236	358	362	536	740	434
peak_1810	chr10	75048662	75049105	.	444	226	450	324	424	566	400
peak_1811	chr10	75428386	75428884	.	499	204	482	460	484	558	380
peak_1812	chr10	75749790	75750084	.	295	164	314	234	240	328	164
peak_1813	chr10	75764653	75765187	.	535	226	344	270	440	634	354
peak_1814	chr10	75959285	75959800	.	516	220	366	380	434	616	370
peak_1815	chr10	76622210	76622495	.	286	96	146	124	186	374	218
peak_1816	chr10	77029700	77030291	.	592	194	322	380	466	592	502
peak_1817	chr10	77104377	77105097	.	721	386	628	682	654	726	678
peak_1818	chr10	77163732	77164265	.	534	360	696	674	588	776	548
peak_1819	chr10	77173755	77174085	.	331	252	400	442	380	466	310
peak_1820	chr10	77242951	77243427	.	477	520	750	760	930	946	680
peak_1821	chr10	77409954	77410894	.	941	608	896	1054	622	792	566
peak_1822	chr10	77419849	77420361	.	513	228	332	366	412	564	368
peak_1823	chr10	77450704	77451368	.	665	308	422	454	470	524	340
peak_1824	chr10	77501081	77502252	.	1172	1108	1950	1702	1446	1834	1292
peak_1825	chr10	77531364	77532021	.	658	482	1018	984	948	1358	718
peak_1826	chr10	77582724	77583134	.	411	190	434	442	376	462	318
peak_1827	chr10	77599781	77601131	.	1351	896	1258	1202	1306	1486	980
peak_1828	chr10	77603330	77604296	.	967	638	966	926	346	344	274
peak_1829	chr10	77604858	77606223	.	1366	784	1120	1100	600	678	522
peak_1830	chr10	77774778	77775555	.	778	378	582	692	638	696	558
peak_1831	chr10	77800739	77801262	.	524	346	548	658	530	750	450
peak_1832	chr10	77846722	77847371	.	650	434	930	1070	558	814	704
peak_1833	chr10	77873087	77874362	.	1276	854	1750	1774	1086	1430	1044
peak_1834	chr10	77905188	77905736	.	549	374	570	482	592	712	480
peak_1835	chr10	78068265	78070148	.	1884	988	1530	1568	838	942	656
peak_1836	chr10	78153124	78153712	.	589	142	148	194	280	322	242
peak_1837	chr10	78161262	78161780	.	519	390	394	448	510	560	412
peak_1838	chr10	78175535	78175977	.	443	294	524	476	620	896	560
peak_1839	chr10	78215758	78216371	.	614	474	762	910	536	570	442
peak_1840	chr10	78231888	78232205	.	318	254	392	468	272	364	318
peak_1841	chr10	78263495	78264138	.	644	410	892	980	638	828	706
peak_1842	chr10	78265296	78265693	.	398	244	274	388	332	430	284
peak_1843	chr10	78277954	78278355	.	402	156	398	462	272	456	306
peak_1844	chr10	78291334	78292040	.	707	564	876	896	798	1006	698
peak_1845	chr10	78342081	78342472	.	392	226	254	358	288	382	270
peak_1846	chr10	78368729	78369759	.	1031	788	1338	1534	888	938	650
peak_1847	chr10	78374137	78374708	.	572	386	642	774	326	234	228
peak_1848	chr10	78406702	78409518	.	2817	1838	2988	3402	1386	1672	1252
peak_1849	chr10	78416459	78416817	.	359	258	396	496	458	594	440
peak_1850	chr10	78438763	78439740	.	978	692	1188	984	792	876	662
peak_1851	chr10	78446976	78447599	.	624	436	836	838	738	1066	840
peak_1852	chr10	78459413	78460010	.	598	622	1194	1278	1114	1574	1100
peak_1853	chr10	78523369	78523915	.	547	228	350	332	570	664	420
peak_1854	chr10	78578881	78579439	.	559	402	482	764	540	622	518
peak_1855	chr10	78623747	78624189	.	443	314	506	506	552	758	460
peak_1856	chr10	78640934	78641386	.	453	338	458	516	432	652	440
peak_1857	chr10	78685735	78686221	.	487	238	256	292	448	442	310
peak_1858	chr10	78752321	78753151	.	831	590	818	1004	730	926	534
peak_1859	chr10	78756615	78757751	.	1137	1134	2108	2082	1714	2184	1474
peak_1860	chr10	78759471	78761043	.	1573	1032	1436	1344	694	718	592
peak_1861	chr10	78774775	78775695	.	921	636	1102	1242	784	800	628
peak_1862	chr10	78779082	78779709	.	628	334	624	652	548	648	416
peak_1863	chr10	78804505	78805596	.	1092	1046	1406	1362	630	726	524
peak_1864	chr10	78861362	78861834	.	473	218	378	432	260	416	310
peak_1865	chr10	78927265	78927686	.	422	308	686	726	328	394	298
peak_1866	chr10	78964457	78965800	.	1344	860	1918	1742	986	1458	974
peak_1867	chr10	78972163	78973893	.	1731	1518	2822	3144	1926	2756	1904
peak_1868	chr10	78974631	78976290	.	1660	1094	1858	1898	934	1116	796
peak_1869	chr10	79007453	79007851	.	399	276	526	528	368	448	318
peak_1870	chr10	79011369	79011924	.	556	334	608	634	404	534	368
peak_1871	chr10	79024239	79026448	.	2210	1454	2298	2406	1492	2104	1330
peak_1872	chr10	79026836	79028844	.	2009	1476	2066	2262	1476	1862	1258
peak_1873	chr10	79045509	79046634	.	1126	754	1166	1216	702	790	590
peak_1874	chr10	79082420	79084318	.	1899	884	1374	1386	772	910	626
peak_1875	chr10	79096888	79097596	.	709	504	724	772	670	892	520
peak_1876	chr10	79101273	79102390	.	1118	876	1870	1978	936	1450	1036
peak_1877	chr10	79107524	79108848	.	1325	552	1032	1090	270	378	286
peak_1878	chr10	79112870	79113637	.	768	570	1310	1642	652	862	660
peak_1879	chr10	79126793	79128023	.	1231	890	1930	2144	960	1474	996
peak_1880	chr10	79130251	79130762	.	512	236	370	494	382	386	288
peak_1881	chr10	79146485	79152311	.	5827	3282	6508	6692	2946	3304	2222
peak_1882	chr10	79157422	79158392	.	971	610	1134	1134	728	926	568
peak_1883	chr10	79162882	79163672	.	791	586	1090	1162	778	1000	752
peak_1884	chr10	79170266	79172501	.	2236	1254	1868	2070	740	816	524
peak_1885	chr10	79184225	79184863	.	639	500	834	714	396	624	434
peak_1886	chr10	79188887	79190421	.	1535	816	1436	1628	562	616	448
peak_1887	chr10	79194000	79194522	.	523	370	616	652	450	652	372
peak_1888	chr10	79221321	79223897	.	2577	1416	2550	2664	1326	1636	1258
peak_1889	chr10	79239058	79239753	.	696	532	974	986	650	914	646
peak_1890	chr10	79256488	79257499	.	1012	758	1216	1302	848	1072	766
peak_1891	chr10	79267613	79269430	.	1818	956	1974	2082	898	1148	800
peak_1892	chr10	79273984	79275939	.	1956	1032	1826	1724	772	790	668
peak_1893	chr10	79282476	79282847	.	372	168	354	390	322	546	350
peak_1894	chr10	79298155	79302664	.	4510	2656	4846	5310	2564	3480	2434
peak_1895	chr10	79318977	79319297	.	321	350	448	500	464	518	476
peak_1896	chr10	79328291	79329851	.	1561	1038	2046	1962	1338	1758	1328
peak_1897	chr10	79342407	79342833	.	427	332	380	472	320	386	288
peak_1898	chr10	79344509	79347098	.	2590	1790	2800	2866	1558	1914	1268
peak_1899	chr10	79374987	79376601	.	1615	860	1462	1518	440	392	296
peak_1900	chr10	79376773	79377073	.	301	202	310	274	306	278	236
peak_1901	chr10	79378888	79381179	.	2292	1434	2460	2508	864	916	716
peak_1902	chr10	79381497	79382365	.	869	722	1170	1256	810	1096	742
peak_1903	chr10	79409161	79412435	.	3275	1808	3120	3368	1636	1678	1142
peak_1904	chr10	79412783	79414170	.	1388	808	1340	1260	694	818	590
peak_1905	chr10	79440632	79441064	.	433	474	912	810	634	880	566
peak_1906	chr10	79447815	79448767	.	953	558	746	804	570	690	502
peak_1907	chr10	79488897	79489328	.	432	360	514	538	628	672	446
peak_1908	chr10	79497958	79498805	.	848	430	786	798	786	898	548
peak_1909	chr10	79502591	79502934	.	344	280	780	876	452	660	488
peak_1910	chr10	79511920	79512131	.	212	88	148	170	180	198	154
peak_1911	chr10	79551418	79553127	.	1710	958	1866	2032	1054	1124	898
peak_1912	chr10	79612103	79612803	.	701	290	574	440	188	246	134
peak_1913	chr10	79869823	79870040	.	218	82	136	108	148	314	128
peak_1914	chr10	79984895	79985213	.	319	270	408	442	320	430	332
peak_1915	chr10	79985742	79986246	.	505	540	686	704	642	596	430
peak_1916	chr10	80078144	80079450	.	1307	710	1168	1242	630	756	556
peak_1917	chr10	80158569	80159216	.	648	576	1216	1254	832	1218	790
peak_1918	chr10	80159342	80159835	.	494	380	538	482	480	524	432
peak_1919	chr10	80196204	80196886	.	683	586	1212	1448	660	908	684
peak_1920	chr10	80201347	80202158	.	812	500	904	952	752	898	620
peak_1921	chr10	80203235	80204030	.	796	700	930	1048	894	922	690
peak_1922	chr10	80256710	80257063	.	354	184	442	532	250	410	294
peak_1923	chr10	80258734	80259373	.	640	492	510	468	386	382	204
peak_1924	chr10	80289536	80289755	.	220	206	274	348	376	474	322
peak_1925	chr10	80498283	80500279	.	1997	1536	2494	2602	1752	2332	1540
peak_1926	chr10	80520891	80521593	.	703	432	552	660	480	590	478
peak_1927	chr10	80539202	80540021	.	820	640	1028	1038	662	760	464
peak_1928	chr10	80695058	80695622	.	565	258	454	590	420	504	382
peak_1929	chr10	80717777	80718551	.	775	452	582	564	422	504	376
peak_1930	chr10	81027537	81027892	.	356	124	164	224	282	344	178
peak_1931	chr10	83884794	83885062	.	269	86	110	98	188	242	156
peak_1932	chr10	84061739	84062426	.	688	488	592	622	578	704	462
peak_1933	chr10	84191134	84192008	.	875	584	790	796	856	928	660
peak_1934	chr10	84253295	84253701	.	407	142	160	182	366	370	290
peak_1935	chr10	84269791	84270215	.	425	156	362	336	304	534	316
peak_1936	chr10	85430956	85431287	.	332	70	132	162	246	236	178
peak_1937	chr10	85602506	85603532	.	1027	416	632	914	664	842	658
peak_1938	chr10	85739161	85739547	.	387	162	156	248	188	310	186
peak_1939	chr10	85785923	85786644	.	722	312	450	470	432	508	340
peak_1940	chr10	86003067	86003667	.	601	210	308	432	382	520	446
peak_1941	chr10	86058858	86059481	.	624	198	322	368	436	424	326
peak_1942	chr10	86102066	86105097	.	3032	1720	2878	3044	2020	2358	1814
peak_1943	chr10	86129747	86130297	.	551	294	456	576	510	512	544
peak_1944	chr10	86150856	86151522	.	667	406	358	414	204	270	220
peak_1945	chr10	86160347	86161670	.	1324	638	956	1118	806	942	614
peak_1946	chr10	86191357	86191906	.	550	330	584	534	350	502	312
peak_1947	chr10	86212944	86213672	.	729	358	726	680	510	710	468
peak_1948	chr10	86217556	86219552	.	1997	964	1532	1556	674	930	636
peak_1949	chr10	86223216	86224485	.	1270	736	1284	1170	904	1140	966
peak_1950	chr10	86228849	86230603	.	1755	1104	1636	1896	906	932	804
peak_1951	chr10	86231717	86232024	.	308	178	282	284	240	326	198
peak_1952	chr10	86253402	86255193	.	1792	886	1558	1736	1066	1298	882
peak_1953	chr10	86285160	86285642	.	483	298	542	558	312	426	302
peak_1954	chr10	86343601	86346245	.	2645	1564	2704	2948	1632	1718	1260
peak_1955	chr10	86346345	86349903	.	3559	2268	4290	4608	2412	2574	1750
peak_1956	chr10	86350879	86354295	.	3417	1874	3078	3160	1736	1820	1398
peak_1957	chr10	86357254	86357822	.	569	292	336	386	468	542	406
peak_1958	chr10	86390742	86391816	.	1075	712	1258	1404	804	1196	862
peak_1959	chr10	86533329	86533916	.	588	366	540	624	666	916	636
peak_1960	chr10	86612627	86613499	.	873	172	314	506	544	536	432
peak_1961	chr10	86613943	86614224	.	282	100	190	192	240	202	230
peak_1962	chr10	86663770	86664700	.	931	718	1164	1266	1060	1156	1032
peak_1963	chr10	86666501	86671798	.	5298	2370	4608	4770	2096	2514	1776
peak_1964	chr10	86678954	86679451	.	498	318	504	424	436	426	374
peak_1965	chr10	86960465	86961071	.	607	374	844	906	474	806	514
peak_1966	chr10	86961138	86962145	.	1008	648	1348	1362	708	848	694
peak_1967	chr10	86971441	86972424	.	984	600	1400	1306	890	1028	682
peak_1968	chr10	87019478	87019897	.	420	206	454	366	402	538	362
peak_1969	chr10	87386088	87386243	.	156	72	164	100	114	222	114
peak_1970	chr10	87817663	87818704	.	1042	772	1326	1354	834	1108	732
peak_1971	chr10	89251214	89252184	.	971	622	1560	1556	738	972	684
peak_1972	chr10	89351061	89351305	.	245	74	110	154	130	216	144
peak_1973	chr10	90971768	90972070	.	303	198	180	174	298	278	246
peak_1974	chr10	91613463	91613961	.	499	282	548	436	576	626	360
peak_1975	chr10	92407602	92408192	.	591	216	362	374	414	550	292
peak_1976	chr10	92644522	92644770	.	249	168	260	180	216	348	176
peak_1977	chr10	92923404	92923836	.	433	170	278	328	334	402	284
peak_1978	chr10	93425129	93425688	.	560	292	476	496	316	478	326
peak_1979	chr10	93437337	93438483	.	1147	1048	1542	1470	1196	1222	972
peak_1980	chr10	93465593	93466790	.	1198	746	1844	1544	862	1284	894
peak_1981	chr10	94183751	94183987	.	237	130	214	204	264	260	212
peak_1982	chr10	94362276	94363156	.	881	658	1130	1068	786	834	484
peak_1983	chr10	94397536	94397953	.	418	254	416	390	408	518	270
peak_1984	chr10	94402289	94404034	.	1746	616	1476	1420	686	840	584
peak_1985	chr10	95334876	95335294	.	419	380	414	424	400	506	414
peak_1986	chr10	95431895	95432298	.	404	232	362	342	294	306	262
peak_1987	chr10	96298005	96298740	.	736	256	392	440	496	514	398
peak_1988	chr10	96374658	96375834	.	1177	830	1676	1512	1140	1246	894
peak_1989	chr10	96417443	96418058	.	616	340	688	652	392	506	352
peak_1990	chr10	96488425	96489282	.	858	380	500	504	486	536	394
peak_1991	chr10	96508422	96509277	.	856	310	536	540	570	536	380
peak_1992	chr10	96720551	96721203	.	653	392	910	944	498	824	560
peak_1993	chr10	97024093	97024512	.	420	270	504	526	344	406	268
peak_1994	chr10	97039263	97040078	.	816	340	526	570	620	770	510
peak_1995	chr10	97066220	97067468	.	1249	664	1306	1398	690	1070	718
peak_1996	chr10	97071960	97072359	.	400	252	440	574	272	410	246
peak_1997	chr10	97078217	97079115	.	899	526	742	836	332	364	288
peak_1998	chr10	97089439	97090176	.	738	332	722	802	444	648	440
peak_1999	chr10	97101343	97102157	.	815	490	938	1050	658	728	588
peak_2000	chr10	97102508	97103309	.	802	448	736	736	520	626	440
peak_2001	chr10	97104635	97105224	.	590	312	536	512	354	492	316
peak_2002	chr10	97400840	97401795	.	956	614	1114	1264	696	974	554
peak_2003	chr10	97542052	97543749	.	1698	1162	2502	2500	1266	1724	1238
peak_2004	chr10	97689590	97689971	.	382	380	784	582	472	586	416
peak_2005	chr10	97767930	97768559	.	630	242	376	380	310	402	262
peak_2006	chr10	97888979	97890249	.	1271	664	1874	1478	900	1366	908
peak_2007	chr10	97921289	97922708	.	1420	880	1208	1382	776	988	642
peak_2008	chr10	97924791	97925638	.	848	328	674	628	508	576	382
peak_2009	chr10	97929020	97929697	.	678	404	572	572	436	402	266
peak_2010	chr10	97937509	97938517	.	1009	378	690	734	650	688	556
peak_2011	chr10	98039752	98040554	.	803	444	746	728	612	806	618
peak_2012	chr10	98084054	98084639	.	586	200	424	412	386	370	280
peak_2013	chr10	98153366	98153596	.	231	74	110	70	126	190	144
peak_2014	chr10	98302676	98303511	.	836	524	818	654	612	890	544
peak_2015	chr10	98309071	98309889	.	819	738	1276	1284	718	1206	734
peak_2016	chr10	98323161	98323781	.	621	274	440	354	422	616	476
peak_2017	chr10	98410415	98410909	.	495	272	548	524	312	418	326
peak_2018	chr10	98419551	98419924	.	374	210	442	408	422	546	350
peak_2019	chr10	99551263	99551516	.	254	144	202	242	210	272	194
peak_2020	chr10	99553346	99554397	.	1052	526	840	806	638	710	546
peak_2021	chr10	99558841	99559259	.	419	198	350	268	286	302	196
peak_2022	chr10	99599218	99599608	.	391	122	194	186	292	428	202
peak_2023	chr10	99620419	99621744	.	1326	852	2748	2374	1058	1498	1006
peak_2024	chr10	99778006	99778275	.	270	232	330	300	310	368	292
peak_2025	chr10	99819654	99820142	.	489	202	344	364	316	394	282
peak_2026	chr10	99906449	99906845	.	397	270	466	530	442	578	460
peak_2027	chr10	100111756	100112121	.	366	204	314	268	336	500	250
peak_2028	chr10	100286037	100287042	.	1006	472	1140	1248	754	1056	686
peak_2029	chr10	100364802	100365320	.	519	524	1024	746	680	1114	604
peak_2030	chr10	100370667	100370956	.	290	206	436	432	244	506	294
peak_2031	chr10	100373017	100374455	.	1439	1030	2534	2176	1104	1614	1010
peak_2032	chr10	100644790	100645767	.	978	650	1022	1064	788	1090	690
peak_2033	chr10	100751474	100751764	.	291	132	262	258	206	296	204
peak_2034	chr10	100847347	100847953	.	607	320	628	708	558	774	560
peak_2035	chr10	100850596	100851149	.	554	386	626	712	394	554	356
peak_2036	chr10	100998563	100999200	.	638	528	1042	986	698	876	560
peak_2037	chr10	101001005	101001696	.	692	450	784	812	556	796	450
peak_2038	chr10	101012757	101013834	.	1078	702	1118	1064	632	846	600
peak_2039	chr10	101014075	101014647	.	573	460	782	738	514	646	436
peak_2040	chr10	101014760	101015999	.	1240	720	1252	1164	812	1194	806
peak_2041	chr10	101032446	101033502	.	1057	648	1248	1282	804	1126	794
peak_2042	chr10	101052257	101052587	.	331	210	354	398	300	356	290
peak_2043	chr10	101085827	101086228	.	402	154	240	266	286	316	236
peak_2044	chr10	101099544	101100693	.	1150	664	1306	1452	950	1222	986
peak_2045	chr10	101103134	101103773	.	640	298	386	480	136	148	134
peak_2046	chr10	101112660	101113172	.	513	286	434	446	354	398	284
peak_2047	chr10	101249362	101250177	.	816	376	578	606	562	674	452
peak_2048	chr10	101272068	101272470	.	403	294	604	678	318	576	378
peak_2049	chr10	101273299	101274116	.	818	494	674	708	624	718	454
peak_2050	chr10	101283059	101283651	.	593	176	204	180	326	336	200
peak_2051	chr10	101321819	101322620	.	802	386	640	710	424	674	424
peak_2052	chr10	101879772	101880219	.	448	228	256	318	348	442	308
peak_2053	chr10	102117522	102118377	.	856	644	1374	1338	740	1172	706
peak_2054	chr10	102133524	102134141	.	618	322	902	830	462	642	440
peak_2055	chr10	102159225	102159794	.	570	204	328	366	374	512	354
peak_2056	chr10	102416298	102417662	.	1365	786	1170	1238	442	440	346
peak_2057	chr10	102449684	102451964	.	2281	1166	2520	2510	1038	1542	980
peak_2058	chr10	102455888	102456187	.	300	224	434	526	428	504	378
peak_2059	chr10	102478842	102479771	.	930	690	1248	1344	568	772	628
peak_2060	chr10	102615012	102616983	.	1972	784	1512	1512	282	358	246
peak_2061	chr10	102855680	102856366	.	687	518	1148	944	700	944	532
peak_2062	chr10	103070165	103070542	.	378	250	298	328	364	446	244
peak_2063	chr10	103132927	103133260	.	334	86	136	154	250	280	188
peak_2064	chr10	103262253	103262804	.	552	302	440	530	550	662	466
peak_2065	chr10	103360686	103361163	.	478	368	700	540	644	748	470
peak_2066	chr10	103367800	103368888	.	1089	534	994	1084	510	698	426
peak_2067	chr10	103508524	103509012	.	489	254	392	408	268	392	268
peak_2068	chr10	103563936	103564731	.	796	484	834	834	504	768	558
peak_2069	chr10	103612520	103612875	.	356	196	188	222	272	268	192
peak_2070	chr10	103649260	103650695	.	1436	502	782	796	228	326	196
peak_2071	chr10	103686181	103686692	.	512	272	484	504	330	426	306
peak_2072	chr10	103696558	103696925	.	368	258	514	584	318	480	360
peak_2073	chr10	103707556	103709651	.	2096	910	1534	1850	588	660	410
peak_2074	chr10	103745367	103745984	.	618	274	818	666	452	544	370
peak_2075	chr10	103757724	103758644	.	921	646	1314	1382	822	1276	870
peak_2076	chr10	103762863	103764120	.	1258	746	962	1230	784	726	556
peak_2077	chr10	103767195	103767500	.	306	128	300	304	254	276	246
peak_2078	chr10	103780653	103782096	.	1444	796	1426	1426	1072	1262	858
peak_2079	chr10	104233832	104234134	.	303	140	156	224	230	278	172
peak_2080	chr10	104242982	104243447	.	466	184	270	258	410	518	388
peak_2081	chr10	104300763	104301254	.	492	446	932	942	584	818	624
peak_2082	chr10	104310524	104311307	.	784	418	624	684	548	630	458
peak_2083	chr10	104327481	104328548	.	1068	646	1306	1068	786	1058	802
peak_2084	chr10	104329160	104330126	.	967	596	980	954	864	1034	740
peak_2085	chr10	104515480	104516397	.	918	400	614	668	514	488	318
peak_2086	chr10	104558186	104558744	.	559	114	154	226	366	342	280
peak_2087	chr10	104582328	104583515	.	1188	566	964	1138	712	698	588
peak_2088	chr10	104937529	104937980	.	452	250	502	496	368	476	322
peak_2089	chr10	107559919	107560393	.	475	112	216	294	450	458	350
peak_2090	chr10	107803682	107804064	.	383	156	150	202	254	262	198
peak_2091	chr10	107814958	107815407	.	450	246	290	366	368	328	266
peak_2092	chr10	107972039	107972413	.	375	106	194	166	376	466	306
peak_2093	chr10	109060930	109061711	.	782	278	410	450	552	640	458
peak_2094	chr10	109343369	109343927	.	559	152	210	238	340	376	282
peak_2095	chr10	109386195	109386496	.	302	128	166	230	188	314	166
peak_2096	chr10	109842955	109843370	.	416	312	442	478	640	702	530
peak_2097	chr10	110225617	110227210	.	1594	906	2338	2000	918	1672	1004
peak_2098	chr10	110353159	110354083	.	925	446	852	920	628	784	568
peak_2099	chr10	110354302	110354602	.	301	126	220	302	300	276	240
peak_2100	chr10	110357002	110359748	.	2747	1290	2030	2000	952	936	678
peak_2101	chr10	110361044	110361569	.	526	418	748	844	712	848	606
peak_2102	chr10	110389214	110389858	.	645	316	720	780	482	688	568
peak_2103	chr10	110393357	110394126	.	770	364	684	676	522	568	438
peak_2104	chr10	110410590	110411388	.	799	416	918	834	614	596	414
peak_2105	chr10	110414501	110414951	.	451	200	476	510	370	492	264
peak_2106	chr10	110417447	110417753	.	307	188	368	410	250	416	290
peak_2107	chr10	110525331	110526274	.	944	488	804	960	678	912	578
peak_2108	chr10	110556903	110557346	.	444	246	294	330	380	438	306
peak_2109	chr10	110613266	110613559	.	294	106	164	180	256	236	238
peak_2110	chr10	110717606	110718219	.	614	286	470	496	460	584	392
peak_2111	chr10	110852216	110852764	.	549	392	674	590	616	764	548
peak_2112	chr10	111602479	111602850	.	372	120	168	98	244	310	192
peak_2113	chr10	112140600	112141162	.	563	272	412	370	478	480	344
peak_2114	chr10	112328349	112328755	.	407	192	346	270	376	498	314
peak_2115	chr10	112356463	112357086	.	624	202	306	298	420	492	382
peak_2116	chr10	113298539	113298984	.	446	240	344	368	418	450	374
peak_2117	chr10	113650340	113650946	.	607	266	348	480	510	650	406
peak_2118	chr10	113958423	113958943	.	521	344	598	582	368	544	290
peak_2119	chr10	114507482	114507939	.	458	268	350	344	360	356	320
peak_2120	chr10	114632794	114633199	.	406	280	468	432	492	560	412
peak_2121	chr10	114681468	114681977	.	510	564	912	848	750	1118	626
peak_2122	chr10	114696913	114697577	.	665	258	492	466	432	670	348
peak_2123	chr10	116113981	116114495	.	515	300	574	498	450	454	378
peak_2124	chr10	116637864	116638205	.	342	178	224	232	292	430	284
peak_2125	chr10	116753738	116754102	.	365	276	442	462	438	354	332
peak_2126	chr10	117221233	117221565	.	333	274	588	540	392	468	370
peak_2127	chr10	117391908	117392201	.	294	116	202	156	208	246	222
peak_2128	chr10	117461868	117462385	.	518	288	516	510	322	392	284
peak_2129	chr10	117488877	117489546	.	670	238	408	476	400	536	414
peak_2130	chr10	117761118	117761600	.	483	164	164	212	308	302	222
peak_2131	chr10	118469396	118470088	.	693	270	526	496	476	514	380
peak_2132	chr10	118471720	118472392	.	673	174	362	442	370	538	346
peak_2133	chr10	118544130	118544774	.	645	558	818	904	692	846	588
peak_2134	chr10	118592781	118593249	.	469	308	392	408	466	564	396
peak_2135	chr10	118593968	118594924	.	957	510	832	948	544	668	540
peak_2136	chr10	118754881	118755361	.	481	474	1674	1544	618	1208	820
peak_2137	chr10	119100651	119101108	.	458	272	370	400	312	340	268
peak_2138	chr10	119177928	119179062	.	1135	702	1394	1476	708	938	716
peak_2139	chr10	119236706	119237045	.	340	164	220	178	294	344	222
peak_2140	chr10	119305094	119305705	.	612	344	598	508	446	474	350
peak_2141	chr10	119305900	119306468	.	569	438	1154	1116	584	808	622
peak_2142	chr10	119373259	119373680	.	422	144	218	220	378	502	334
peak_2143	chr10	119449762	119450970	.	1209	666	1342	1246	734	878	656
peak_2144	chr10	119457269	119457674	.	406	262	416	430	282	404	216
peak_2145	chr10	119596568	119597366	.	799	420	1368	1258	594	766	562
peak_2146	chr10	119616803	119617478	.	676	282	450	422	504	526	398
peak_2147	chr10	119626394	119626931	.	538	292	382	496	426	416	372
peak_2148	chr10	119681916	119682682	.	767	562	1204	1118	912	1214	812
peak_2149	chr10	120017752	120018422	.	671	286	394	392	726	902	656
peak_2150	chr10	120217762	120218180	.	419	182	272	308	356	400	282
peak_2151	chr10	120422499	120423053	.	555	354	650	682	372	588	370
peak_2152	chr10	120423844	120424651	.	808	650	910	856	1052	1266	912
peak_2153	chr10	120436687	120437174	.	488	214	398	472	462	498	414
peak_2154	chr10	120490445	120490878	.	434	212	412	400	406	422	386
peak_2155	chr10	120598448	120599133	.	686	418	964	868	564	894	626
peak_2156	chr10	120607352	120607722	.	371	172	350	354	342	500	292
peak_2157	chr10	121009485	121009847	.	363	120	158	212	268	376	246
peak_2158	chr10	121078456	121079526	.	1071	558	844	872	472	602	374
peak_2159	chr10	121113107	121113604	.	498	194	344	346	326	448	306
peak_2160	chr10	121357496	121357980	.	485	322	590	598	578	800	664
peak_2161	chr10	121414378	121414693	.	316	108	164	164	204	276	176
peak_2162	chr10	121418329	121419179	.	851	284	330	350	564	726	546
peak_2163	chr10	121421757	121422411	.	655	292	284	300	412	444	318
peak_2164	chr10	121510164	121510710	.	547	338	534	670	418	718	416
peak_2165	chr10	121988511	121989101	.	591	258	362	428	592	818	476
peak_2166	chr10	122140568	122141666	.	1099	716	1880	1706	850	1312	952
peak_2167	chr10	122183252	122184155	.	904	410	1008	1026	770	1110	794
peak_2168	chr10	122199051	122200330	.	1280	750	1200	1348	672	736	598
peak_2169	chr10	122258613	122259103	.	491	338	602	514	520	562	454
peak_2170	chr10	122278702	122280055	.	1354	724	1148	1180	966	1178	944
peak_2171	chr10	122282059	122282780	.	722	498	878	914	544	866	644
peak_2172	chr10	122288061	122288658	.	598	394	610	636	522	758	484
peak_2173	chr10	122294108	122294630	.	523	300	454	494	410	622	360
peak_2174	chr10	122519712	122520300	.	589	288	420	456	450	626	366
peak_2175	chr10	122559274	122559864	.	591	190	424	452	294	376	236
peak_2176	chr10	122560017	122560381	.	365	208	324	268	302	498	278
peak_2177	chr10	122639759	122641348	.	1590	920	1422	1356	1304	1578	1130
peak_2178	chr10	122648410	122648985	.	576	374	704	736	526	626	500
peak_2179	chr10	122973764	122974289	.	526	168	198	170	304	406	310
peak_2180	chr10	123449889	123450637	.	749	304	510	492	366	552	420
peak_2181	chr10	123462716	123463109	.	394	150	296	358	376	542	330
peak_2182	chr10	123494347	123494837	.	491	274	496	586	430	590	474
peak_2183	chr10	123581890	123582944	.	1055	582	1028	1056	658	732	492
peak_2184	chr10	123665837	123669718	.	3882	1564	2822	3206	1626	1962	1324
peak_2185	chr10	123669918	123670442	.	525	270	556	550	208	256	192
peak_2186	chr10	123671120	123671823	.	704	286	548	608	402	684	436
peak_2187	chr10	123721446	123722164	.	719	248	508	472	480	712	472
peak_2188	chr10	123783290	123783721	.	432	160	346	386	334	416	364
peak_2189	chr10	123790146	123790572	.	427	78	154	160	286	356	264
peak_2190	chr10	123853941	123854341	.	401	166	344	350	304	402	308
peak_2191	chr10	123857704	123858607	.	904	714	1174	1170	1074	1208	968
peak_2192	chr10	123969735	123971129	.	1395	448	820	822	208	266	172
peak_2193	chr10	124033297	124034179	.	883	582	1082	1034	828	914	684
peak_2194	chr10	124043516	124044427	.	912	448	624	738	310	380	296
peak_2195	chr10	124076248	124076667	.	420	238	318	350	366	406	320
peak_2196	chr10	124151702	124154292	.	2591	1310	2320	2280	1350	1614	1070
peak_2197	chr10	124247088	124248889	.	1802	856	1544	1510	1186	1280	888
peak_2198	chr10	124266657	124267950	.	1294	596	990	1064	464	488	384
peak_2199	chr10	124306991	124307517	.	527	232	410	422	602	622	538
peak_2200	chr10	124308152	124308984	.	833	448	726	750	594	716	498
peak_2201	chr10	124319887	124320518	.	632	364	634	608	518	710	546
peak_2202	chr10	124338330	124338769	.	440	314	434	382	332	270	196
peak_2203	chr10	124369607	124369830	.	224	112	136	170	206	282	250
peak_2204	chr10	124418232	124419491	.	1260	516	1570	1726	782	1018	762
peak_2205	chr10	124612396	124613387	.	992	642	1256	1342	752	978	654
peak_2206	chr10	124620171	124621530	.	1360	730	1066	1322	592	618	430
peak_2207	chr10	124718029	124718683	.	655	628	960	1044	954	1420	974
peak_2208	chr10	125084157	125085106	.	950	464	872	990	518	650	476
peak_2209	chr10	125200730	125201557	.	828	414	708	698	544	766	548
peak_2210	chr10	125607487	125608141	.	655	328	446	416	468	562	390
peak_2211	chr10	125788573	125789093	.	521	178	364	476	280	366	238
peak_2212	chr10	126041951	126042819	.	869	288	548	532	600	762	530
peak_2213	chr10	126062310	126063238	.	929	416	888	928	452	524	392
peak_2214	chr10	126131314	126131713	.	400	346	358	350	544	532	466
peak_2215	chr10	126187417	126188120	.	704	326	570	600	550	640	508
peak_2216	chr10	126191061	126191563	.	503	194	300	360	374	422	296
peak_2217	chr10	126211446	126211874	.	429	232	282	334	426	488	360
peak_2218	chr10	126242851	126243262	.	412	186	180	232	284	324	198
peak_2219	chr10	126247470	126248477	.	1008	428	820	710	624	822	560
peak_2220	chr10	126288537	126289535	.	999	480	690	758	750	902	616
peak_2221	chr10	126433290	126433718	.	429	186	366	410	302	458	370
peak_2222	chr10	126459999	126460595	.	597	322	666	622	548	574	406
peak_2223	chr10	126464189	126464501	.	313	130	220	242	228	282	234
peak_2224	chr10	126649343	126649734	.	392	244	226	304	356	392	348
peak_2225	chr10	126663304	126663779	.	476	242	452	496	448	526	430
peak_2226	chr10	126748964	126749367	.	404	162	298	308	306	424	308
peak_2227	chr10	126844229	126845148	.	920	312	600	646	716	886	590
peak_2228	chr10	126871734	126872830	.	1097	674	880	802	608	780	594
peak_2229	chr10	127034430	127035076	.	647	140	256	276	296	358	248
peak_2230	chr10	127397243	127398190	.	948	352	482	532	666	616	450
peak_2231	chr10	127398663	127398937	.	275	132	154	202	202	250	194
peak_2232	chr10	127468512	127468917	.	406	196	258	314	338	350	280
peak_2233	chr10	128323960	128324397	.	438	214	374	304	296	348	198
peak_2234	chr10	129876102	129876615	.	514	288	414	410	394	450	326
peak_2235	chr10	130047897	130049500	.	1604	422	608	650	262	308	256
peak_2236	chr10	130443361	130443685	.	325	92	144	120	174	220	166
peak_2237	chr10	130719032	130719530	.	499	166	216	188	360	474	266
peak_2238	chr10	130795583	130796177	.	595	258	494	426	318	492	320
peak_2239	chr10	130845227	130845701	.	475	160	294	248	242	336	218
peak_2240	chr10	130929809	130930531	.	723	290	550	696	416	626	428
peak_2241	chr10	131125752	131126803	.	1052	370	522	658	224	214	228
peak_2242	chr10	131129971	131130553	.	583	194	284	292	370	442	308
peak_2243	chr10	131159510	131159989	.	480	190	258	264	224	206	174
peak_2244	chr10	131177063	131179582	.	2520	830	1458	1434	1048	1200	881
peak_2245	chr10	131621851	131622604	.	754	338	626	680	404	422	354
peak_2246	chr10	131656608	131656982	.	375	106	194	194	234	302	228
peak_2247	chr10	131757718	131758159	.	442	106	220	250	224	230	170
peak_2248	chr10	131767240	131768215	.	976	212	278	334	428	492	404
peak_2249	chr10	131871055	131871688	.	634	218	386	374	416	432	352
peak_2250	chr10	131916538	131916944	.	407	92	152	152	188	246	170
peak_2251	chr10	131919314	131920562	.	1249	364	488	448	696	778	592
peak_2252	chr10	132001055	132001557	.	503	200	384	486	396	444	400
peak_2253	chr10	132130374	132130788	.	415	126	266	342	170	234	194
peak_2254	chr10	132154297	132154851	.	555	190	380	344	306	408	278
peak_2255	chr10	132208105	132208963	.	859	448	838	958	468	606	462
peak_2256	chr10	132222337	132225986	.	3650	1012	2146	2328	998	1016	874
peak_2257	chr10	132230760	132231348	.	589	196	470	548	266	414	304
peak_2258	chr10	132310156	132311973	.	1818	838	1502	1438	1210	1262	968
peak_2259	chr10	132346948	132347880	.	933	278	484	534	420	646	432
peak_2260	chr10	132456053	132456828	.	776	340	608	608	388	470	430
peak_2261	chr10	132467040	132468249	.	1210	298	636	740	302	388	288
peak_2262	chr10	132521663	132522097	.	435	188	248	258	176	272	212
peak_2263	chr10	132571713	132572785	.	1073	510	1152	1200	658	838	642
peak_2264	chr10	132655671	132657546	.	1876	616	1068	1148	356	466	382
peak_2265	chr10	132684285	132684865	.	581	232	332	388	322	502	266
peak_2266	chr10	132763944	132764408	.	465	164	298	366	198	264	180
peak_2267	chr10	133009185	133009877	.	693	254	648	684	382	542	390
peak_2268	chr10	133026954	133028024	.	1071	376	724	840	502	712	520
peak_2269	chr10	133034291	133034828	.	538	254	454	442	378	448	382
peak_2270	chr10	133051835	133053881	.	2047	550	1000	1058	650	756	530
peak_2271	chr10	133096566	133097172	.	607	272	684	696	340	528	382
peak_2272	chr10	133117330	133118043	.	714	276	664	734	452	562	442
peak_2273	chr10	133122628	133125150	.	2523	748	1550	1720	730	764	624
peak_2274	chr10	133130898	133133254	.	2357	748	1476	1756	998	1130	704
peak_2275	chr10	133143217	133143604	.	388	154	426	338	274	468	282
peak_2276	chr10	133143967	133144360	.	394	214	438	436	318	432	254
peak_2277	chr10	133145605	133145919	.	315	190	284	220	202	268	166
peak_2278	chr10	133213231	133213872	.	642	228	364	380	272	340	218
peak_2279	chr10	133258769	133260137	.	1369	734	1150	1262	652	882	564
peak_2280	chr10	133350025	133351085	.	1061	416	808	1000	544	840	590
peak_2281	chr11	213134	213686	.	553	234	442	452	344	442	322
peak_2282	chr11	319563	319943	.	381	202	354	422	222	332	216
peak_2283	chr11	447941	448681	.	741	346	1034	940	428	704	430
peak_2284	chr11	506655	507862	.	1208	662	2184	1666	658	1070	618
peak_2285	chr11	565956	566531	.	576	254	634	600	422	418	354
peak_2286	chr11	843826	845683	.	1858	560	1400	1318	550	748	522
peak_2287	chr11	919139	919614	.	476	338	554	628	440	572	452
peak_2288	chr11	1038214	1039043	.	830	236	488	462	364	510	320
peak_2289	chr11	1071503	1072509	.	1007	508	1054	1092	548	776	474
peak_2290	chr11	1127989	1128258	.	270	134	324	282	248	366	208
peak_2291	chr11	1176075	1176833	.	759	246	464	590	316	368	212
peak_2292	chr11	1181569	1182339	.	771	308	652	772	330	512	338
peak_2293	chr11	1484728	1485693	.	966	354	516	500	204	184	170
peak_2294	chr11	1503642	1505064	.	1423	506	952	1064	424	478	292
peak_2295	chr11	1540983	1543011	.	2029	836	1512	1550	682	728	590
peak_2296	chr11	1543355	1544928	.	1574	578	916	1000	384	530	396
peak_2297	chr11	1559095	1560655	.	1561	684	1472	1630	808	1204	850
peak_2298	chr11	1782999	1783248	.	250	204	184	232	174	182	150
peak_2299	chr11	1829058	1829456	.	399	170	398	362	250	344	234
peak_2300	chr11	2175727	2176272	.	546	254	618	576	320	458	400
peak_2301	chr11	2178493	2179512	.	1020	454	1030	904	586	1018	654
peak_2302	chr11	2374802	2375863	.	1062	500	1056	1034	600	698	574
peak_2303	chr11	2389127	2389670	.	544	230	408	514	346	366	268
peak_2304	chr11	2466515	2468097	.	1583	574	942	968	444	492	356
peak_2305	chr11	2532629	2533052	.	424	212	594	656	342	506	324
peak_2306	chr11	2533406	2534031	.	626	384	768	662	402	702	402
peak_2307	chr11	2752169	2752717	.	549	280	556	480	360	484	336
peak_2308	chr11	2775046	2775595	.	550	326	532	590	338	452	288
peak_2309	chr11	2898154	2898998	.	845	464	778	594	432	596	344
peak_2310	chr11	2933358	2934237	.	880	598	1304	1334	736	984	794
peak_2311	chr11	2975463	2975878	.	416	228	384	464	284	360	230
peak_2312	chr11	3095772	3096441	.	670	426	822	684	700	1020	586
peak_2313	chr11	3148900	3150273	.	1374	524	972	962	536	728	514
peak_2314	chr11	3378699	3379391	.	693	486	994	940	630	632	516
peak_2315	chr11	3422912	3423241	.	330	318	1228	912	406	696	442
peak_2316	chr11	3823136	3823590	.	455	122	348	284	284	350	224
peak_2317	chr11	3855669	3856582	.	914	406	1028	1222	658	794	538
peak_2318	chr11	5922881	5923389	.	509	170	326	260	314	344	300
peak_2319	chr11	6378342	6378770	.	429	270	358	372	346	384	340
peak_2320	chr11	6404433	6404807	.	375	166	318	250	230	348	194
peak_2321	chr11	6599607	6600128	.	522	188	232	244	288	320	276
peak_2322	chr11	6622287	6622967	.	681	592	952	1174	730	1084	758
peak_2323	chr11	6623279	6624360	.	1082	622	1100	1166	738	906	670
peak_2324	chr11	7004569	7004918	.	350	112	256	230	232	324	248
peak_2325	chr11	7381870	7382226	.	357	106	156	270	252	258	248
peak_2326	chr11	7619356	7619690	.	335	154	152	206	202	230	172
peak_2327	chr11	7654932	7656370	.	1439	908	1374	1492	968	996	710
peak_2328	chr11	8016542	8016856	.	315	164	246	248	174	228	182
peak_2329	chr11	8080782	8082649	.	1868	838	1422	1466	846	1200	880
peak_2330	chr11	8230649	8232714	.	2066	712	1284	1326	438	478	378
peak_2331	chr11	8252289	8252728	.	440	228	366	442	284	322	260
peak_2332	chr11	8349342	8350172	.	831	328	606	638	526	546	378
peak_2333	chr11	8593970	8594715	.	746	286	594	410	354	400	272
peak_2334	chr11	8832816	8833262	.	447	430	608	614	450	560	432
peak_2335	chr11	9053505	9053975	.	471	284	406	368	364	526	472
peak_2336	chr11	9460295	9461071	.	777	576	1570	1320	670	900	672
peak_2337	chr11	9759396	9760181	.	786	612	1360	1024	890	1236	796
peak_2338	chr11	10302481	10304313	.	1833	948	1644	1728	904	1040	766
peak_2339	chr11	10307295	10308260	.	966	402	926	988	640	1090	602
peak_2340	chr11	10309276	10309773	.	498	360	626	612	582	838	584
peak_2341	chr11	10398413	10398910	.	498	296	628	606	388	442	388
peak_2342	chr11	10444774	10445191	.	418	162	280	354	398	434	384
peak_2343	chr11	10454924	10455396	.	473	314	538	702	450	510	390
peak_2344	chr11	10479889	10480314	.	426	184	284	312	258	268	204
peak_2345	chr11	10691168	10692125	.	958	478	574	738	574	668	456
peak_2346	chr11	10750852	10751980	.	1129	500	1062	1080	660	762	520
peak_2347	chr11	10790443	10791286	.	844	332	538	522	544	756	524
peak_2348	chr11	10835545	10835864	.	320	182	232	270	270	312	216
peak_2349	chr11	10906588	10906918	.	331	180	332	286	380	504	320
peak_2350	chr11	10969449	10969718	.	270	72	116	124	216	334	276
peak_2351	chr11	10997073	10997421	.	349	104	156	164	218	288	232
peak_2352	chr11	11071252	11071778	.	527	278	386	436	354	430	344
peak_2353	chr11	11157801	11158379	.	579	306	534	462	302	372	330
peak_2354	chr11	11252528	11253041	.	514	262	406	408	398	472	310
peak_2355	chr11	11448996	11449786	.	791	244	534	498	424	594	454
peak_2356	chr11	11477227	11477533	.	307	230	296	298	224	284	214
peak_2357	chr11	11706050	11706445	.	396	250	536	588	404	742	496
peak_2358	chr11	11731276	11732109	.	834	320	572	632	594	780	454
peak_2359	chr11	12044015	12045058	.	1044	634	1452	1206	852	1176	708
peak_2360	chr11	12120257	12121516	.	1260	400	786	936	624	664	452
peak_2361	chr11	12138203	12139038	.	836	418	710	826	412	474	302
peak_2362	chr11	12163371	12164471	.	1101	742	1170	1042	628	792	532
peak_2363	chr11	12706704	12707086	.	383	92	146	180	246	276	226
peak_2364	chr11	12717997	12718471	.	475	256	350	338	302	366	232
peak_2365	chr11	12731897	12732335	.	439	200	230	244	392	542	348
peak_2366	chr11	13338273	13339945	.	1673	1142	1752	1734	1108	1162	822
peak_2367	chr11	13952183	13952566	.	384	168	316	360	388	368	312
peak_2368	chr11	15074597	15075219	.	623	306	838	944	588	726	510
peak_2369	chr11	15493690	15494161	.	472	152	240	254	288	420	218
peak_2370	chr11	15745265	15745668	.	404	126	250	212	250	344	240
peak_2371	chr11	15826453	15827334	.	882	392	590	544	338	336	234
peak_2372	chr11	16012348	16012727	.	380	192	360	330	490	598	412
peak_2373	chr11	16613609	16614440	.	832	438	814	950	502	546	410
peak_2374	chr11	16788145	16789867	.	1723	512	1020	1134	402	538	430
peak_2375	chr11	16811642	16811918	.	277	206	310	362	214	242	184
peak_2376	chr11	16998950	16999625	.	676	272	382	450	196	260	236
peak_2377	chr11	17397389	17398284	.	896	464	894	1036	594	838	558
peak_2378	chr11	17415405	17416117	.	713	450	664	712	620	712	488
peak_2379	chr11	17492956	17493550	.	595	330	624	638	478	672	474
peak_2380	chr11	17498010	17498690	.	681	466	760	864	538	666	394
peak_2381	chr11	17502026	17503729	.	1704	770	1414	1398	596	552	504
peak_2382	chr11	17503907	17507365	.	3459	1286	2066	2190	928	1066	814
peak_2383	chr11	17563887	17564467	.	581	376	486	434	426	522	414
peak_2384	chr11	17596341	17597540	.	1200	632	970	990	796	894	664
peak_2385	chr11	17598811	17599223	.	413	310	510	506	426	548	426
peak_2386	chr11	17611382	17612569	.	1188	756	1224	1276	786	992	682
peak_2387	chr11	17711672	17712197	.	526	324	506	414	380	438	378
peak_2388	chr11	17722490	17723598	.	1109	520	646	576	390	406	238
peak_2389	chr11	17748653	17750945	.	2293	1044	1770	1926	950	996	796
peak_2390	chr11	17757245	17757671	.	427	158	254	292	236	404	280
peak_2391	chr11	17765684	17766854	.	1171	738	1162	1272	748	910	732
peak_2392	chr11	17785734	17786288	.	555	236	354	430	334	430	362
peak_2393	chr11	17792248	17792532	.	285	150	262	270	192	234	198
peak_2394	chr11	17839500	17840766	.	1267	478	706	814	814	1084	710
peak_2395	chr11	17846830	17847320	.	491	278	404	436	390	458	356
peak_2396	chr11	18193687	18194021	.	335	172	238	276	280	312	194
peak_2397	chr11	18265730	18266308	.	579	312	464	476	236	378	240
peak_2398	chr11	18457483	18457823	.	341	238	272	270	312	448	242
peak_2399	chr11	18634198	18634938	.	741	676	1440	1506	902	1032	770
peak_2400	chr11	18681993	18682313	.	321	98	140	176	250	302	232
peak_2401	chr11	19080541	19081000	.	460	140	214	240	304	310	256
peak_2402	chr11	19191545	19192078	.	534	374	492	492	712	760	552
peak_2403	chr11	19275602	19275892	.	291	114	244	276	220	332	162
peak_2404	chr11	19276574	19277819	.	1246	466	748	782	884	890	630
peak_2405	chr11	19934834	19935381	.	548	158	260	348	354	422	220
peak_2406	chr11	20005782	20006251	.	470	72	170	168	220	376	248
peak_2407	chr11	20112176	20113110	.	935	550	1276	1164	904	1260	906
peak_2408	chr11	20621783	20623105	.	1323	792	852	744	736	766	498
peak_2409	chr11	21095839	21096212	.	374	94	120	120	160	202	122
peak_2410	chr11	22459194	22459495	.	302	106	94	116	226	252	150
peak_2411	chr11	24697742	24698165	.	424	130	300	296	368	618	440
peak_2412	chr11	27201546	27201932	.	387	204	336	354	320	360	272
peak_2413	chr11	27203121	27203454	.	334	174	184	214	266	298	250
peak_2414	chr11	27277873	27278205	.	333	116	184	210	256	350	260
peak_2415	chr11	27293742	27294441	.	700	210	288	290	442	460	356
peak_2416	chr11	27509873	27510198	.	326	102	118	112	302	346	198
peak_2417	chr11	30195083	30195503	.	421	230	264	274	316	576	282
peak_2418	chr11	30554693	30554995	.	303	126	146	148	232	244	192
peak_2419	chr11	30555334	30555654	.	321	78	150	168	258	396	240
peak_2420	chr11	30984492	30984778	.	287	114	234	286	372	468	252
peak_2421	chr11	31955752	31956591	.	840	354	550	738	410	462	410
peak_2422	chr11	32118120	32118865	.	746	358	700	846	528	648	450
peak_2423	chr11	33724028	33724861	.	834	458	890	810	594	730	522
peak_2424	chr11	33831039	33831596	.	558	356	374	378	386	430	296
peak_2425	chr11	34161780	34162722	.	943	400	908	852	494	754	472
peak_2426	chr11	34190117	34190583	.	467	174	368	344	294	410	282
peak_2427	chr11	34251930	34252848	.	919	474	766	812	430	582	380
peak_2428	chr11	34307955	34308627	.	673	294	384	400	680	628	454
peak_2429	chr11	34549101	34549635	.	535	220	338	352	418	548	414
peak_2430	chr11	35166654	35167084	.	431	174	382	392	344	408	296
peak_2431	chr11	35372973	35373516	.	544	320	670	716	498	572	504
peak_2432	chr11	35479797	35480154	.	358	150	220	304	452	426	380
peak_2433	chr11	35623644	35624138	.	495	242	572	516	414	570	348
peak_2434	chr11	36019787	36020092	.	306	180	410	428	310	560	406
peak_2435	chr11	36037010	36037386	.	377	230	352	432	372	510	348
peak_2436	chr11	36186506	36186823	.	318	154	220	272	370	464	338
peak_2437	chr11	36278589	36279020	.	432	170	224	304	312	304	290
peak_2438	chr11	36360413	36361069	.	657	332	340	426	560	568	376
peak_2439	chr11	36541019	36541383	.	365	150	290	296	428	374	316
peak_2440	chr11	41559092	41559358	.	267	74	112	146	160	206	180
peak_2441	chr11	43517588	43517923	.	336	140	240	238	236	388	244
peak_2442	chr11	43553888	43554467	.	580	306	484	422	452	434	310
peak_2443	chr11	43920449	43921154	.	706	484	884	742	866	1084	706
peak_2444	chr11	44279318	44279901	.	584	306	536	544	388	514	314
peak_2445	chr11	44300838	44302775	.	1938	938	1692	1660	892	1180	918
peak_2446	chr11	44325895	44326332	.	438	252	412	412	258	266	200
peak_2447	chr11	44356055	44357213	.	1159	656	1020	1034	634	622	494
peak_2448	chr11	44379170	44380209	.	1040	572	967	996	679	876	646
peak_2449	chr11	44445715	44446604	.	890	664	702	672	686	804	550
peak_2450	chr11	44475422	44476070	.	649	256	476	540	396	470	334
peak_2451	chr11	44625891	44626718	.	828	424	622	616	600	776	482
peak_2452	chr11	44695156	44696338	.	1183	732	1166	1238	864	1006	684
peak_2453	chr11	44857548	44857999	.	452	250	544	524	336	504	346
peak_2454	chr11	44861347	44863014	.	1668	716	1608	1408	764	974	720
peak_2455	chr11	44879551	44881095	.	1545	804	1156	1376	674	732	522
peak_2456	chr11	44898493	44899153	.	661	302	348	310	514	568	362
peak_2457	chr11	44916651	44917440	.	790	588	1108	1092	578	592	504
peak_2458	chr11	45032577	45033338	.	762	536	818	842	722	858	676
peak_2459	chr11	45105207	45105752	.	546	312	674	756	320	570	340
peak_2460	chr11	45167295	45167723	.	429	292	390	466	332	402	240
peak_2461	chr11	45250776	45251205	.	430	212	394	396	364	460	282
peak_2462	chr11	45333517	45333921	.	405	134	210	208	392	322	232
peak_2463	chr11	45435585	45436032	.	448	286	452	432	354	556	430
peak_2464	chr11	45553206	45553954	.	749	468	546	606	730	918	554
peak_2465	chr11	45556983	45558574	.	1592	652	1014	1082	942	1250	848
peak_2466	chr11	45569547	45571596	.	2050	836	1252	1298	622	678	538
peak_2467	chr11	45642982	45644236	.	1255	570	1086	1122	568	662	566
peak_2468	chr11	45683584	45684141	.	558	332	336	438	346	386	288
peak_2469	chr11	45733607	45734728	.	1122	452	624	730	706	774	598
peak_2470	chr11	45770232	45771821	.	1590	786	1278	1210	744	880	622
peak_2471	chr11	45859419	45860111	.	693	340	606	648	352	528	370
peak_2472	chr11	45880882	45881398	.	517	292	778	764	390	540	462
peak_2473	chr11	45917147	45918192	.	1046	638	1578	1434	802	1112	710
peak_2474	chr11	46276038	46276296	.	259	166	284	246	314	320	220
peak_2475	chr11	46289779	46290179	.	401	160	414	440	262	412	298
peak_2476	chr11	46293641	46294216	.	576	448	830	864	700	1032	746
peak_2477	chr11	46296813	46297232	.	420	212	612	630	392	534	384
peak_2478	chr11	46361755	46366512	.	4758	1868	3316	3546	1646	1994	1374
peak_2479	chr11	46369211	46370577	.	1367	638	1124	1396	716	1054	560
peak_2480	chr11	46386760	46387080	.	321	240	364	372	356	406	346
peak_2481	chr11	46557553	46558171	.	619	304	506	618	404	478	406
peak_2482	chr11	46597009	46597443	.	435	192	316	296	290	334	188
peak_2483	chr11	46673472	46674054	.	583	294	522	594	408	556	400
peak_2484	chr11	46676389	46676966	.	578	202	406	386	310	350	264
peak_2485	chr11	46682906	46684167	.	1262	710	1130	1180	772	1046	724
peak_2486	chr11	46710806	46711668	.	863	518	1050	998	754	1024	752
peak_2487	chr11	47241613	47242460	.	848	478	842	928	656	940	680
peak_2488	chr11	47338832	47339586	.	755	382	596	644	540	604	460
peak_2489	chr11	47345303	47345667	.	365	244	546	508	276	390	222
peak_2490	chr11	47408595	47410260	.	1666	718	1240	1282	612	832	570
peak_2491	chr11	47426068	47427020	.	953	630	1160	1086	640	808	454
peak_2492	chr11	47587249	47588287	.	1039	614	1350	1298	828	1136	750
peak_2493	chr11	47599877	47600307	.	431	236	254	232	300	388	234
peak_2494	chr11	47986633	47987108	.	476	158	226	204	312	326	228
peak_2495	chr11	48013153	48013976	.	824	444	794	874	662	636	418
peak_2496	chr11	48061222	48061845	.	624	404	670	634	604	684	564
peak_2497	chr11	57150685	57150987	.	303	146	216	226	190	212	172
peak_2498	chr11	57395170	57395734	.	565	420	558	616	828	1042	734
peak_2499	chr11	57424687	57425172	.	486	308	784	682	586	884	606
peak_2500	chr11	57459068	57460224	.	1157	580	916	874	634	678	484
peak_2501	chr11	57490464	57490850	.	387	144	190	202	242	338	250
peak_2502	chr11	57520090	57520484	.	395	98	144	138	192	244	158
peak_2503	chr11	57555958	57556405	.	448	182	404	298	472	662	458
peak_2504	chr11	57945600	57946406	.	807	494	698	762	624	638	446
peak_2505	chr11	58658673	58659139	.	467	246	376	388	424	502	398
peak_2506	chr11	58688850	58689368	.	519	266	350	310	530	638	454
peak_2507	chr11	59106721	59107862	.	1142	468	1072	996	528	624	384
peak_2508	chr11	59261250	59264234	.	2985	1280	2120	2534	1124	1308	862
peak_2509	chr11	59550132	59550773	.	642	394	1102	956	686	872	534
peak_2510	chr11	59556960	59557847	.	888	532	960	928	686	820	642
peak_2511	chr11	59565754	59566473	.	720	526	1340	970	842	966	638
peak_2512	chr11	59615647	59616542	.	896	786	2126	1466	1064	1350	908
peak_2513	chr11	59668208	59669553	.	1346	874	2432	1858	1030	1426	878
peak_2514	chr11	59767376	59767631	.	256	184	238	254	302	408	344
peak_2515	chr11	60169073	60169844	.	772	406	820	678	626	916	578
peak_2516	chr11	60746788	60747519	.	732	304	410	438	454	478	324
peak_2517	chr11	60775457	60776813	.	1357	616	1192	1362	674	980	688
peak_2518	chr11	60828476	60829251	.	776	566	690	664	534	530	340
peak_2519	chr11	60837065	60839209	.	2145	906	1478	1462	1012	1242	842
peak_2520	chr11	60843935	60844572	.	638	314	598	722	444	632	398
peak_2521	chr11	60924814	60925867	.	1054	408	736	832	314	340	326
peak_2522	chr11	61025488	61026031	.	544	312	574	512	384	624	384
peak_2523	chr11	61347596	61348565	.	970	420	622	642	642	882	584
peak_2524	chr11	61369547	61370198	.	652	400	748	862	686	748	540
peak_2525	chr11	61446126	61446572	.	447	210	530	566	382	448	310
peak_2526	chr11	61497618	61498328	.	711	320	520	474	476	608	326
peak_2527	chr11	61529817	61530215	.	399	330	618	594	278	298	224
peak_2528	chr11	61534497	61535291	.	795	398	1078	1094	588	750	484
peak_2529	chr11	61535812	61537428	.	1617	846	1716	1840	786	962	696
peak_2530	chr11	61551320	61553084	.	1765	826	1542	1640	622	810	576
peak_2531	chr11	61571037	61571761	.	725	406	886	846	592	776	572
peak_2532	chr11	61595172	61596687	.	1516	662	1296	1168	480	498	372
peak_2533	chr11	61627422	61628387	.	966	492	1002	1144	594	876	600
peak_2534	chr11	61681778	61682754	.	977	656	944	982	792	972	646
peak_2535	chr11	61700761	61701553	.	793	460	858	862	532	528	418
peak_2536	chr11	61733067	61733823	.	757	584	948	906	668	862	596
peak_2537	chr11	61768029	61768726	.	698	286	480	394	154	198	126
peak_2538	chr11	61778466	61782157	.	3692	1478	2508	2690	774	946	710
peak_2539	chr11	61814958	61815714	.	757	522	1038	960	588	754	636
peak_2540	chr11	61839858	61840866	.	1009	488	736	740	520	692	500
peak_2541	chr11	61898089	61901909	.	3821	1176	2544	2504	1100	1266	876
peak_2542	chr11	61905742	61906546	.	805	362	782	848	420	604	452
peak_2543	chr11	61947374	61947859	.	486	340	690	666	432	582	348
peak_2544	chr11	62044521	62045261	.	741	232	600	400	562	836	402
peak_2545	chr11	62071505	62071793	.	289	80	172	114	206	300	192
peak_2546	chr11	62108475	62108774	.	300	170	332	342	246	256	184
peak_2547	chr11	62190029	62190750	.	722	512	850	874	690	896	812
peak_2548	chr11	62242023	62242529	.	507	410	872	1004	756	1164	830
peak_2549	chr11	62268417	62268890	.	474	184	210	232	326	570	320
peak_2550	chr11	62297890	62298702	.	813	276	530	458	364	484	326
peak_2551	chr11	62427351	62428292	.	942	650	910	776	848	1104	656
peak_2552	chr11	62471934	62472708	.	775	514	1144	932	504	718	460
peak_2553	chr11	62543214	62544000	.	787	552	1150	1054	682	894	644
peak_2554	chr11	62696219	62696669	.	451	160	250	316	304	308	250
peak_2555	chr11	62771191	62772059	.	869	844	2466	2292	1356	1866	1292
peak_2556	chr11	62881420	62881856	.	437	412	876	690	572	812	492
peak_2557	chr11	62912636	62913171	.	536	264	466	400	308	440	256
peak_2558	chr11	62921624	62922506	.	883	702	1166	1230	802	1118	806
peak_2559	chr11	62958489	62959073	.	585	282	428	468	454	544	364
peak_2560	chr11	62974312	62974945	.	634	492	990	800	526	686	488
peak_2561	chr11	63020709	63021249	.	541	244	378	520	344	414	320
peak_2562	chr11	63539005	63539464	.	460	228	428	484	278	452	308
peak_2563	chr11	63567123	63567617	.	495	278	434	438	412	556	368
peak_2564	chr11	63596514	63596974	.	461	124	260	312	272	386	276
peak_2565	chr11	63928161	63928575	.	415	240	320	332	358	546	342
peak_2566	chr11	63975654	63976795	.	1142	544	868	878	522	676	356
peak_2567	chr11	63986232	63987128	.	897	384	824	832	388	636	438
peak_2568	chr11	64061941	64063180	.	1240	438	856	908	212	204	156
peak_2569	chr11	64087753	64090635	.	2883	1066	1856	2020	842	990	760
peak_2570	chr11	64120608	64121819	.	1212	456	904	1060	358	500	290
peak_2571	chr11	64156159	64156920	.	762	442	798	762	500	496	338
peak_2572	chr11	64184775	64187146	.	2372	1208	2924	3108	1798	2150	1392
peak_2573	chr11	64229145	64229821	.	677	214	454	428	280	278	198
peak_2574	chr11	64239959	64241073	.	1115	684	1598	1412	932	1150	762
peak_2575	chr11	64245841	64246441	.	601	368	948	1016	508	620	414
peak_2576	chr11	64266981	64267621	.	641	304	540	590	344	396	300
peak_2577	chr11	64268030	64270872	.	2843	1284	2818	3072	1262	1770	1186
peak_2578	chr11	64293867	64294347	.	481	240	364	322	430	574	368
peak_2579	chr11	64303162	64303585	.	424	284	580	648	392	616	430
peak_2580	chr11	64303722	64304838	.	1117	596	1050	1238	586	692	526
peak_2581	chr11	64331442	64332281	.	840	386	1108	1082	608	864	576
peak_2582	chr11	64335031	64335763	.	733	482	1202	1014	706	988	666
peak_2583	chr11	64349534	64350290	.	757	460	1020	1020	604	706	472
peak_2584	chr11	64356448	64359687	.	3240	1150	2862	2958	1182	1608	1200
peak_2585	chr11	64379535	64380042	.	508	252	166	180	288	386	242
peak_2586	chr11	64410134	64410922	.	789	452	660	660	614	760	494
peak_2587	chr11	64414855	64415282	.	428	240	516	472	324	398	320
peak_2588	chr11	64448636	64449988	.	1353	820	1758	1860	1006	1444	990
peak_2589	chr11	64455244	64456038	.	795	474	782	778	670	882	604
peak_2590	chr11	64465358	64465683	.	326	98	210	238	182	306	148
peak_2591	chr11	64545650	64545974	.	325	184	488	498	262	420	290
peak_2592	chr11	64546619	64547098	.	480	254	384	380	468	478	350
peak_2593	chr11	64576541	64577140	.	600	324	376	350	352	394	298
peak_2594	chr11	64643632	64644182	.	551	256	530	508	372	582	312
peak_2595	chr11	64649333	64652534	.	3202	1752	2888	3044	1482	1558	1060
peak_2596	chr11	64659793	64660490	.	698	450	1028	990	510	568	422
peak_2597	chr11	64667853	64668635	.	783	370	678	752	580	936	662
peak_2598	chr11	64679853	64680206	.	354	170	214	210	282	450	328
peak_2599	chr11	64739488	64740240	.	753	396	736	780	566	626	526
peak_2600	chr11	64787708	64789034	.	1327	528	896	1084	358	392	278
peak_2601	chr11	64789356	64791033	.	1678	772	1694	1564	796	840	646
peak_2602	chr11	64839475	64840188	.	714	374	750	762	540	678	420
peak_2603	chr11	64842926	64845101	.	2176	1064	2364	2562	1200	1636	1140
peak_2604	chr11	64847084	64847633	.	550	322	626	700	462	548	344
peak_2605	chr11	64884846	64885887	.	1042	470	736	744	542	624	506
peak_2606	chr11	65006576	65007228	.	653	670	1344	1100	814	1140	832
peak_2607	chr11	65040905	65042222	.	1318	638	1474	1392	466	882	518
peak_2608	chr11	65060049	65060909	.	861	522	758	848	956	1246	798
peak_2609	chr11	65069347	65069687	.	341	276	476	392	270	342	286
peak_2610	chr11	65071999	65072588	.	590	280	578	590	482	548	400
peak_2611	chr11	65121273	65121735	.	463	240	514	508	316	360	272
peak_2612	chr11	65315333	65317695	.	2363	1142	2176	1954	1060	1478	920
peak_2613	chr11	65370958	65371477	.	520	300	710	636	404	612	450
peak_2614	chr11	65418448	65419270	.	823	786	1754	1520	940	1252	748
peak_2615	chr11	65487582	65488964	.	1383	1152	2448	2140	1238	1442	978
peak_2616	chr11	65519107	65519399	.	293	352	554	482	292	318	210
peak_2617	chr11	65550963	65553584	.	2622	1886	3260	3328	2562	2754	1942
peak_2618	chr11	65560004	65561514	.	1511	966	1994	1970	856	990	690
peak_2619	chr11	65639815	65640398	.	584	360	552	524	430	400	306
peak_2620	chr11	65696893	65697480	.	588	344	432	418	430	418	294
peak_2621	chr11	65706353	65706914	.	562	328	602	548	372	540	252
peak_2622	chr11	65711768	65712812	.	1045	928	2268	1930	1174	1564	1008
peak_2623	chr11	65859369	65861654	.	2286	1244	2796	2838	1170	1644	1046
peak_2624	chr11	65887511	65889326	.	1816	854	1636	1654	864	1120	654
peak_2625	chr11	65901894	65902746	.	853	578	922	920	630	868	588
peak_2626	chr11	65914662	65916214	.	1553	924	2318	1954	990	1280	854
peak_2627	chr11	66006248	66007555	.	1308	692	1238	1608	784	1086	644
peak_2628	chr11	66172226	66172627	.	402	302	554	722	490	630	470
peak_2629	chr11	66288615	66290557	.	1943	944	2448	1956	1002	1532	954
peak_2630	chr11	66292405	66293475	.	1071	664	1280	1228	948	1254	908
peak_2631	chr11	66299102	66299598	.	497	376	442	452	374	502	326
peak_2632	chr11	66300253	66301041	.	789	336	622	556	470	524	376
peak_2633	chr11	66335306	66338809	.	3504	1602	3270	3510	1492	1994	1406
peak_2634	chr11	66438408	66439492	.	1085	552	1090	1022	742	850	516
peak_2635	chr11	66448174	66448592	.	419	212	332	348	368	438	348
peak_2636	chr11	66485581	66485871	.	291	186	392	308	346	464	330
peak_2637	chr11	66486278	66488288	.	2011	918	1618	1708	794	854	686
peak_2638	chr11	66489669	66490131	.	463	342	608	798	432	658	490
peak_2639	chr11	66547604	66549523	.	1920	724	1348	1314	680	754	516
peak_2640	chr11	66570143	66570581	.	439	224	296	330	312	366	330
peak_2641	chr11	66601920	66603383	.	1464	582	920	1060	758	1084	706
peak_2642	chr11	66719253	66719914	.	662	444	624	654	510	638	464
peak_2643	chr11	66867442	66867822	.	381	250	488	482	306	382	302
peak_2644	chr11	66950142	66950638	.	497	306	700	618	442	580	378
peak_2645	chr11	66958173	66959196	.	1024	934	3004	2358	1230	1672	1144
peak_2646	chr11	66971478	66971804	.	327	306	492	414	380	650	402
peak_2647	chr11	67044354	67045674	.	1321	576	1174	1144	614	690	700
peak_2648	chr11	67054574	67055617	.	1044	650	1140	1398	758	926	770
peak_2649	chr11	67055713	67056518	.	806	568	984	860	698	816	500
peak_2650	chr11	67061903	67062912	.	1010	700	1192	1254	730	944	672
peak_2651	chr11	67103661	67104271	.	611	306	598	526	388	446	340
peak_2652	chr11	67406968	67407617	.	650	418	960	934	484	646	438
peak_2653	chr11	67407786	67408739	.	954	634	1274	1246	744	992	696
peak_2654	chr11	67464025	67464344	.	320	182	526	572	210	410	296
peak_2655	chr11	67505707	67506427	.	721	482	1038	1238	548	862	548
peak_2656	chr11	67563603	67564031	.	429	262	592	534	392	460	316
peak_2657	chr11	67584477	67585330	.	854	396	942	990	552	794	576
peak_2658	chr11	67604716	67607836	.	3121	1414	3000	2932	1284	1734	1094
peak_2659	chr11	67638354	67642059	.	3706	1492	3010	3164	1130	1552	1036
peak_2660	chr11	67659346	67659654	.	309	234	430	452	250	392	288
peak_2661	chr11	67670306	67670756	.	451	276	508	556	308	498	296
peak_2662	chr11	67746184	67746540	.	357	168	240	214	258	336	182
peak_2663	chr11	67804521	67806137	.	1617	916	3126	2516	1072	1826	1074
peak_2664	chr11	68025505	68026131	.	627	428	634	642	422	528	358
peak_2665	chr11	68026383	68026898	.	516	426	714	820	384	576	400
peak_2666	chr11	68033145	68034211	.	1067	552	922	1094	494	602	416
peak_2667	chr11	68043399	68043939	.	541	340	804	782	362	708	480
peak_2668	chr11	68145040	68145697	.	658	458	920	860	716	870	680
peak_2669	chr11	68302606	68303106	.	501	336	786	828	620	766	652
peak_2670	chr11	68349725	68350920	.	1196	456	948	868	388	448	322
peak_2671	chr11	68411369	68413622	.	2254	1026	1574	1826	1098	1362	888
peak_2672	chr11	68436037	68438463	.	2427	1116	1770	2016	1032	1190	940
peak_2673	chr11	68673345	68673733	.	389	138	164	204	294	370	288
peak_2674	chr11	68773579	68774163	.	585	332	588	624	448	546	358
peak_2675	chr11	68792565	68793030	.	466	250	598	658	406	506	428
peak_2676	chr11	68964043	68965001	.	959	460	638	778	550	846	554
peak_2677	chr11	68998312	68998797	.	486	292	482	434	352	550	306
peak_2678	chr11	69010369	69010807	.	439	392	710	788	462	774	456
peak_2679	chr11	69018938	69019346	.	409	400	680	820	552	806	528
peak_2680	chr11	69021808	69022688	.	881	462	786	696	720	1034	708
peak_2681	chr11	69040966	69041415	.	450	134	334	254	346	472	284
peak_2682	chr11	69052271	69055145	.	2875	1382	2372	2580	1136	1400	1036
peak_2683	chr11	69079877	69082251	.	2375	1190	2254	2416	1400	1856	1400
peak_2684	chr11	69083054	69083575	.	522	302	488	486	382	442	274
peak_2685	chr11	69088535	69089805	.	1271	612	958	986	778	926	636
peak_2686	chr11	69099186	69102272	.	3087	948	1922	1896	550	766	498
peak_2687	chr11	69135828	69136329	.	502	200	272	280	280	348	204
peak_2688	chr11	69155549	69156283	.	735	366	516	550	154	244	164
peak_2689	chr11	69193733	69194606	.	874	488	816	782	540	550	402
peak_2690	chr11	69207253	69207626	.	374	254	478	458	302	312	226
peak_2691	chr11	69210343	69211097	.	755	588	1172	1184	710	1100	734
peak_2692	chr11	69213491	69213922	.	432	240	468	402	376	542	330
peak_2693	chr11	69294029	69294821	.	793	496	990	996	658	780	438
peak_2694	chr11	69300134	69300770	.	637	420	892	824	598	834	558
peak_2695	chr11	69308032	69308803	.	772	680	1038	1222	794	986	674
peak_2696	chr11	69333404	69333882	.	479	306	406	380	380	496	354
peak_2697	chr11	69352718	69353119	.	402	314	668	724	396	644	384
peak_2698	chr11	69374032	69376601	.	2570	1226	2406	2478	904	1090	686
peak_2699	chr11	69397494	69398049	.	556	414	682	708	478	594	360
peak_2700	chr11	69399117	69399922	.	806	482	908	956	756	1058	694
peak_2701	chr11	69442531	69443901	.	1371	720	1536	1616	774	1110	740
peak_2702	chr11	69447817	69448227	.	411	316	462	426	394	504	340
peak_2703	chr11	69480449	69481210	.	762	754	1182	1286	680	866	572
peak_2704	chr11	69536137	69536781	.	645	376	682	792	440	554	394
peak_2705	chr11	69541337	69542240	.	904	484	816	856	594	724	574
peak_2706	chr11	69551863	69552238	.	376	164	240	232	252	330	306
peak_2707	chr11	69554852	69555224	.	373	130	302	308	292	398	294
peak_2708	chr11	69587378	69587985	.	608	252	476	548	380	556	346
peak_2709	chr11	69671909	69672435	.	527	360	592	684	518	666	530
peak_2710	chr11	69674279	69675864	.	1586	810	1822	2224	984	1650	1046
peak_2711	chr11	69712103	69712578	.	476	324	536	520	456	666	400
peak_2712	chr11	69717629	69718482	.	854	462	916	902	620	844	610
peak_2713	chr11	69732958	69733419	.	462	200	302	384	300	352	240
peak_2714	chr11	69824990	69825834	.	845	582	1114	1126	584	894	648
peak_2715	chr11	69867164	69868176	.	1013	648	1380	1336	724	1324	822
peak_2716	chr11	69918813	69920184	.	1372	690	1550	1552	760	1034	722
peak_2717	chr11	69949360	69949998	.	639	438	1114	1026	620	786	556
peak_2718	chr11	70134026	70135220	.	1195	822	1332	1552	958	1216	946
peak_2719	chr11	70247096	70248074	.	979	486	930	914	498	636	440
peak_2720	chr11	70414836	70415670	.	835	336	644	774	560	800	524
peak_2721	chr11	70442907	70443359	.	453	236	348	300	298	498	236
peak_2722	chr11	70477507	70478020	.	514	260	536	546	334	586	404
peak_2723	chr11	70479721	70480580	.	860	440	738	742	590	700	480
peak_2724	chr11	70497496	70498156	.	661	442	780	786	494	706	430
peak_2725	chr11	70521589	70522222	.	634	406	696	742	622	786	618
peak_2726	chr11	70526252	70526696	.	445	248	488	488	322	348	266
peak_2727	chr11	70551218	70553067	.	1850	726	1370	1506	542	666	472
peak_2728	chr11	70553368	70554068	.	701	390	692	740	518	842	508
peak_2729	chr11	70556943	70557616	.	674	322	636	722	468	514	330
peak_2730	chr11	70576749	70577488	.	740	496	926	1000	694	1014	678
peak_2731	chr11	70581783	70585218	.	3436	1236	2014	2256	760	806	620
peak_2732	chr11	70631413	70631765	.	353	206	418	486	262	288	176
peak_2733	chr11	70655642	70656795	.	1154	642	1116	1342	788	1040	720
peak_2734	chr11	70664216	70664981	.	766	340	600	690	496	498	354
peak_2735	chr11	70668627	70669347	.	721	434	798	924	582	806	612
peak_2736	chr11	70712757	70713357	.	601	428	606	746	526	716	526
peak_2737	chr11	70762809	70763901	.	1093	558	1170	1252	830	1066	738
peak_2738	chr11	70769284	70769616	.	333	192	320	284	214	304	190
peak_2739	chr11	70769702	70770605	.	904	472	804	828	740	910	630
peak_2740	chr11	70791582	70792015	.	434	130	144	184	236	240	214
peak_2741	chr11	70815306	70816724	.	1419	700	1594	1668	830	978	656
peak_2742	chr11	70857375	70858193	.	819	478	758	796	690	794	650
peak_2743	chr11	70900561	70901061	.	501	244	478	570	380	596	366
peak_2744	chr11	70912150	70912736	.	587	162	286	258	346	480	308
peak_2745	chr11	70915294	70916051	.	758	334	638	574	486	682	516
peak_2746	chr11	71086570	71087351	.	782	418	818	846	410	668	438
peak_2747	chr11	71116086	71116928	.	843	282	460	512	306	400	258
peak_2748	chr11	71122859	71124128	.	1270	426	698	760	550	638	454
peak_2749	chr11	71354686	71355093	.	408	214	398	414	324	378	300
peak_2750	chr11	71356574	71357859	.	1286	466	942	960	438	576	502
peak_2751	chr11	71363770	71365521	.	1752	576	1054	1198	312	296	300
peak_2752	chr11	71409243	71409742	.	500	162	234	200	256	344	206
peak_2753	chr11	71418611	71419086	.	476	178	352	436	258	350	262
peak_2754	chr11	71568540	71569468	.	929	452	748	818	518	618	470
peak_2755	chr11	71572459	71573174	.	716	296	576	606	272	404	264
peak_2756	chr11	71579543	71580222	.	680	346	592	660	462	560	470
peak_2757	chr11	71780291	71780547	.	257	126	200	192	202	210	128
peak_2758	chr11	71794387	71794932	.	546	290	748	608	390	612	440
peak_2759	chr11	71864065	71864290	.	226	204	276	246	254	488	280
peak_2760	chr11	71904318	71905197	.	880	216	188	188	536	478	276
peak_2761	chr11	72102939	72103791	.	853	714	1668	1324	966	1396	806
peak_2762	chr11	72421267	72421835	.	569	152	416	430	300	438	292
peak_2763	chr11	72543606	72544272	.	667	262	478	590	354	418	332
peak_2764	chr11	72585588	72586426	.	839	498	876	888	432	620	390
peak_2765	chr11	72603839	72604640	.	802	382	832	736	578	836	596
peak_2766	chr11	72619283	72619791	.	509	302	444	432	454	540	292
peak_2767	chr11	72621158	72621745	.	588	210	420	396	410	482	374
peak_2768	chr11	72624067	72625207	.	1141	606	898	922	946	1242	722
peak_2769	chr11	72632095	72632732	.	638	378	766	742	422	586	384
peak_2770	chr11	72640171	72641253	.	1083	530	786	932	750	786	624
peak_2771	chr11	72647771	72649034	.	1264	810	1130	1026	790	1024	686
peak_2772	chr11	72723967	72724742	.	776	464	756	740	570	846	496
peak_2773	chr11	72758370	72759862	.	1493	776	1350	1130	936	1112	774
peak_2774	chr11	72772785	72774428	.	1644	1014	1968	1818	1258	1546	1168
peak_2775	chr11	72789506	72790390	.	885	376	938	1024	594	754	518
peak_2776	chr11	72812606	72815924	.	3319	1424	2852	2718	1362	1736	1220
peak_2777	chr11	73194762	73195655	.	894	532	1022	924	666	782	566
peak_2778	chr11	73224050	73224702	.	653	402	768	760	432	528	428
peak_2779	chr11	73236371	73237244	.	874	464	962	1036	590	800	584
peak_2780	chr11	73267824	73268267	.	444	298	396	396	296	314	250
peak_2781	chr11	73288487	73289778	.	1292	720	1542	1552	670	926	666
peak_2782	chr11	73814149	73814508	.	360	138	288	242	212	276	210
peak_2783	chr11	73866240	73867029	.	790	302	508	518	552	644	448
peak_2784	chr11	73907284	73907760	.	477	288	554	562	388	646	386
peak_2785	chr11	74170847	74171647	.	801	486	1006	1038	620	842	546
peak_2786	chr11	74672839	74673529	.	691	286	784	866	534	886	606
peak_2787	chr11	74705097	74706126	.	1030	438	666	708	150	154	154
peak_2788	chr11	75031285	75031853	.	569	238	532	450	454	624	386
peak_2789	chr11	75143055	75143733	.	679	376	858	802	474	552	392
peak_2790	chr11	75204906	75205994	.	1089	548	976	1064	600	690	488
peak_2791	chr11	75310439	75311157	.	719	382	740	706	594	818	570
peak_2792	chr11	75313404	75316288	.	2885	1436	2258	2352	1618	2052	1142
peak_2793	chr11	75349399	75350127	.	729	416	794	750	614	626	520
peak_2794	chr11	75354977	75355582	.	606	374	716	812	456	558	466
peak_2795	chr11	75463673	75465454	.	1782	726	1040	1146	470	524	292
peak_2796	chr11	75490146	75490793	.	648	286	602	620	310	498	314
peak_2797	chr11	75497810	75498477	.	668	306	544	510	440	656	380
peak_2798	chr11	75498656	75499359	.	704	286	506	556	476	582	416
peak_2799	chr11	75509941	75510739	.	799	456	940	834	658	1048	606
peak_2800	chr11	75557578	75558399	.	822	500	928	982	498	620	446
peak_2801	chr11	75743606	75744464	.	859	414	626	674	602	714	606
peak_2802	chr11	75795103	75796688	.	1586	574	1044	928	416	626	396
peak_2803	chr11	75841963	75842312	.	350	148	214	246	200	306	256
peak_2804	chr11	76166256	76166859	.	604	388	492	498	396	622	358
peak_2805	chr11	76218939	76219559	.	621	350	642	692	548	638	472
peak_2806	chr11	76234077	76235493	.	1417	806	1850	1998	1000	1344	842
peak_2807	chr11	76245206	76247410	.	2205	968	1488	1678	524	568	386
peak_2808	chr11	76291319	76292779	.	1461	706	1496	1506	688	924	786
peak_2809	chr11	76317348	76318482	.	1135	748	1500	1490	966	1146	836
peak_2810	chr11	76320294	76320726	.	433	208	344	388	344	494	278
peak_2811	chr11	76577124	76577643	.	520	326	666	736	350	440	344
peak_2812	chr11	76597935	76598893	.	959	578	1202	1144	812	1212	844
peak_2813	chr11	76639636	76640100	.	465	266	462	410	336	446	372
peak_2814	chr11	76669702	76670158	.	457	346	574	688	378	538	382
peak_2815	chr11	76676229	76677922	.	1694	926	1396	1524	1108	1294	882
peak_2816	chr11	76687839	76688472	.	634	378	750	822	362	448	280
peak_2817	chr11	76699558	76700114	.	557	484	792	684	410	582	408
peak_2818	chr11	76744467	76745264	.	798	574	1068	986	824	1112	690
peak_2819	chr11	76807115	76807668	.	554	450	902	914	728	946	790
peak_2820	chr11	77107746	77108548	.	803	456	1022	1136	604	910	544
peak_2821	chr11	77118251	77120034	.	1784	702	1056	1178	648	768	558
peak_2822	chr11	77120673	77124175	.	3503	1168	2134	1930	688	808	628
peak_2823	chr11	77126238	77128816	.	2579	1232	2444	2606	1138	1290	874
peak_2824	chr11	77130083	77130950	.	868	464	836	886	482	618	374
peak_2825	chr11	77158741	77159370	.	630	410	646	586	404	438	356
peak_2826	chr11	77200361	77204850	.	4490	1594	3404	3512	1698	2080	1424
peak_2827	chr11	77376820	77377367	.	548	198	312	292	418	524	352
peak_2828	chr11	77560118	77560362	.	245	122	224	128	212	364	198
peak_2829	chr11	77705573	77705803	.	231	174	346	220	280	300	184
peak_2830	chr11	78167161	78167795	.	635	252	326	348	288	332	176
peak_2831	chr11	78595541	78595977	.	437	170	218	198	332	464	280
peak_2832	chr11	78960797	78961102	.	306	106	192	214	196	216	140
peak_2833	chr11	79045892	79046286	.	395	206	314	380	302	456	362
peak_2834	chr11	79062754	79063907	.	1154	358	542	662	284	326	242
peak_2835	chr11	79076345	79076775	.	431	142	182	92	250	282	188
peak_2836	chr11	79081292	79082047	.	756	374	544	480	596	636	436
peak_2837	chr11	81030261	81030452	.	192	82	96	76	182	186	96
peak_2838	chr11	81497892	81498362	.	471	206	334	388	282	390	284
peak_2839	chr11	83449516	83449852	.	337	108	150	144	234	206	178
peak_2840	chr11	85719024	85719415	.	392	352	706	546	470	652	384
peak_2841	chr11	86068942	86069640	.	699	260	864	752	422	716	456
peak_2842	chr11	86592898	86593541	.	644	294	558	504	500	734	510
peak_2843	chr11	86743848	86744080	.	233	110	240	214	212	292	188
peak_2844	chr11	92934663	92935261	.	599	164	326	310	316	350	248
peak_2845	chr11	93005343	93005903	.	561	98	144	120	256	318	214
peak_2846	chr11	94032631	94033046	.	416	172	192	172	226	246	214
peak_2847	chr11	94778667	94778893	.	227	48	72	84	132	124	96
peak_2848	chr11	95149592	95149922	.	331	222	498	334	258	326	286
peak_2849	chr11	96212439	96212827	.	389	78	138	136	280	262	178
peak_2850	chr11	100586820	100587110	.	291	90	96	126	124	208	166
peak_2851	chr11	104772892	104773252	.	361	88	90	74	196	234	134
peak_2852	chr11	106021928	106022785	.	858	350	758	608	478	618	336
peak_2853	chr11	111441356	111441862	.	507	308	614	452	358	472	318
peak_2854	chr11	111911537	111912268	.	732	356	568	518	428	512	398
peak_2855	chr11	112658518	112659141	.	624	208	352	384	392	520	432
peak_2856	chr11	113184577	113184833	.	257	104	172	162	236	288	176
peak_2857	chr11	113290634	113291588	.	955	382	486	440	724	730	470
peak_2858	chr11	113417630	113418407	.	778	414	414	390	506	558	352
peak_2859	chr11	113663553	113664281	.	729	306	410	336	532	526	302
peak_2860	chr11	113674994	113675413	.	420	178	340	274	270	396	240
peak_2861	chr11	113689648	113690567	.	920	468	502	600	336	334	270
peak_2862	chr11	113690696	113691085	.	390	262	584	598	382	394	334
peak_2863	chr11	113697477	113698144	.	668	218	320	272	360	396	240
peak_2864	chr11	113974728	113975620	.	893	508	942	988	716	816	580
peak_2865	chr11	114058001	114058544	.	544	238	546	490	318	608	350
peak_2866	chr11	114158855	114159442	.	588	372	608	560	552	780	462
peak_2867	chr11	114243645	114244062	.	418	170	282	238	266	364	236
peak_2868	chr11	115126064	115126628	.	565	186	186	236	378	436	276
peak_2869	chr11	116166578	116166949	.	372	170	212	210	204	200	176
peak_2870	chr11	116217639	116217870	.	232	84	160	132	164	186	168
peak_2871	chr11	116467653	116468264	.	612	156	212	264	312	354	254
peak_2872	chr11	116512982	116514150	.	1169	512	872	878	718	954	630
peak_2873	chr11	117206920	117207087	.	168	68	250	212	158	190	124
peak_2874	chr11	117560946	117562636	.	1691	594	938	910	536	514	408
peak_2875	chr11	117631639	117632594	.	956	338	472	504	268	328	190
peak_2876	chr11	117650123	117650937	.	815	276	414	458	326	490	378
peak_2877	chr11	117780782	117781247	.	466	196	340	398	318	464	284
peak_2878	chr11	117898284	117898915	.	632	340	460	474	440	546	370
peak_2879	chr11	117904057	117904999	.	943	290	456	510	446	534	364
peak_2880	chr11	117919591	117920328	.	738	306	436	430	538	600	454
peak_2881	chr11	118078479	118079981	.	1503	396	768	734	340	394	208
peak_2882	chr11	118168724	118169110	.	387	168	266	316	206	226	184
peak_2883	chr11	118424055	118425231	.	1177	450	804	626	484	624	364
peak_2884	chr11	118919605	118920248	.	644	304	556	478	410	544	278
peak_2885	chr11	119121249	119121558	.	310	572	1380	1186	670	962	676
peak_2886	chr11	119166377	119166842	.	466	276	314	316	298	362	166
peak_2887	chr11	119514005	119514453	.	449	300	482	488	394	648	450
peak_2888	chr11	119795299	119796027	.	729	472	924	868	660	966	662
peak_2889	chr11	119806472	119806855	.	384	184	364	274	176	234	160
peak_2890	chr11	119806939	119808093	.	1155	470	722	658	506	600	436
peak_2891	chr11	119808486	119809240	.	755	418	642	664	542	530	420
peak_2892	chr11	119970534	119970805	.	272	118	200	202	208	230	174
peak_2893	chr11	119974730	119975152	.	423	146	236	224	248	274	184
peak_2894	chr11	119976720	119978380	.	1661	762	1138	1076	546	648	504
peak_2895	chr11	120028621	120028877	.	257	78	134	150	186	214	210
peak_2896	chr11	120186733	120187448	.	716	314	638	644	452	488	376
peak_2897	chr11	120219203	120220268	.	1066	450	820	880	506	736	486
peak_2898	chr11	120234094	120234388	.	295	84	288	216	192	196	170
peak_2899	chr11	120525225	120525740	.	516	244	400	388	308	334	276
peak_2900	chr11	120547882	120548322	.	441	218	638	516	316	502	356
peak_2901	chr11	120660012	120661558	.	1547	740	1084	1192	810	1082	674
peak_2902	chr11	121222491	121222905	.	415	94	176	162	274	360	210
peak_2903	chr11	122743866	122744874	.	1009	494	604	582	772	774	692
peak_2904	chr11	123049611	123049880	.	270	94	110	102	178	192	128
peak_2905	chr11	123303622	123303999	.	378	176	244	284	254	314	232
peak_2906	chr11	124080521	124080994	.	474	130	182	194	232	382	182
peak_2907	chr11	124823784	124824279	.	496	144	174	212	348	424	268
peak_2908	chr11	125072363	125073231	.	869	348	610	660	442	606	398
peak_2909	chr11	125154578	125156243	.	1666	968	1160	1000	1244	1506	992
peak_2910	chr11	125216758	125217361	.	604	198	394	388	326	356	270
peak_2911	chr11	125229045	125229362	.	318	158	286	342	246	366	316
peak_2912	chr11	125245078	125245506	.	429	116	230	268	312	328	232
peak_2913	chr11	125380792	125382437	.	1646	556	742	734	538	664	472
peak_2914	chr11	125592474	125593617	.	1144	516	1118	954	570	842	496
peak_2915	chr11	125998105	125998598	.	494	138	150	158	258	310	210
peak_2916	chr11	126113592	126114140	.	549	236	464	448	302	370	324
peak_2917	chr11	126162727	126163527	.	801	386	798	762	594	812	566
peak_2918	chr11	126455124	126455544	.	421	248	442	396	362	536	330
peak_2919	chr11	128467563	128468127	.	565	230	516	396	254	470	292
peak_2920	chr11	128494692	128495217	.	526	106	174	134	284	314	208
peak_2921	chr11	128502806	128503140	.	335	110	174	178	210	236	158
peak_2922	chr11	128503319	128503901	.	583	234	428	336	504	608	398
peak_2923	chr11	128929622	128930373	.	752	334	616	660	414	518	420
peak_2924	chr11	130211699	130212781	.	1083	522	880	972	604	746	532
peak_2925	chr11	130827632	130828093	.	462	256	594	612	428	488	452
peak_2926	chr11	131694613	131695032	.	420	140	366	410	254	434	264
peak_2927	chr11	131809110	131809585	.	476	124	226	220	242	304	228
peak_2928	chr11	132898543	132899163	.	621	206	392	402	438	506	384
peak_2929	chr11	132911334	132911701	.	368	84	132	150	188	272	184
peak_2930	chr11	133076518	133076957	.	440	142	158	140	220	196	206
peak_2931	chr11	133748704	133749062	.	359	100	142	202	172	230	192
peak_2932	chr11	133815507	133816031	.	525	196	354	334	426	530	334
peak_2933	chr11	133816496	133817086	.	591	284	374	358	374	508	338
peak_2934	chr11	133978498	133979315	.	818	424	788	740	740	894	740
peak_2935	chr11	134178413	134178857	.	445	206	318	292	220	312	266
peak_2936	chr11	134444591	134445058	.	468	184	192	234	408	532	382
peak_2937	chr11	134473970	134476211	.	2242	804	1492	1578	972	1086	796
peak_2938	chr11	134479188	134480678	.	1491	514	1036	1042	698	882	590
peak_2939	chr11	134488802	134489419	.	618	322	496	610	602	726	594
peak_2940	chr11	134489705	134490096	.	392	214	214	308	396	608	398
peak_2941	chr11	134510482	134511798	.	1317	582	914	994	712	830	626
peak_2942	chr11	134521871	134523140	.	1270	512	864	796	612	786	608
peak_2943	chr11	134655328	134655927	.	600	242	508	454	292	388	286
peak_2944	chr11	134668679	134669194	.	516	164	338	354	296	306	240
peak_2945	chr11	134733595	134734007	.	413	162	338	340	326	434	284
peak_2946	chr11	134743114	134743797	.	684	308	492	464	414	542	406
peak_2947	chr11	134751075	134751689	.	615	328	424	490	352	512	380
peak_2948	chr11	134862765	134863204	.	440	126	216	244	160	306	218
peak_2949	chr11	134935172	134936088	.	917	256	328	250	370	486	352
peak_2950	chr11	135043771	135044036	.	266	180	272	282	180	216	196
peak_2951	chr12	82511	83345	.	835	430	688	764	588	494	350
peak_2952	chr12	101878	102411	.	534	412	646	740	374	482	350
peak_2953	chr12	114780	115516	.	737	482	656	768	540	844	570
peak_2954	chr12	117073	118347	.	1275	638	1030	1184	306	302	282
peak_2955	chr12	120426	120988	.	563	294	460	476	614	694	460
peak_2956	chr12	129555	130928	.	1374	804	1148	1212	630	574	530
peak_2957	chr12	151605	153846	.	2242	1282	2466	2334	1308	1520	966
peak_2958	chr12	163886	164544	.	659	474	730	770	612	652	466
peak_2959	chr12	171767	174551	.	2785	1288	2718	2572	658	698	568
peak_2960	chr12	181582	182899	.	1318	886	1632	1628	798	1152	724
peak_2961	chr12	185211	186661	.	1451	838	1506	1642	794	958	666
peak_2962	chr12	193100	193760	.	661	428	632	608	580	712	444
peak_2963	chr12	195654	196224	.	571	460	794	714	514	678	442
peak_2964	chr12	219405	222036	.	2632	1268	2400	2498	1014	1200	900
peak_2965	chr12	532779	533246	.	468	262	556	726	568	778	666
peak_2966	chr12	551058	551616	.	559	428	720	716	486	486	358
peak_2967	chr12	551779	553242	.	1464	1106	1932	1916	1298	1384	1074
peak_2968	chr12	570934	571662	.	729	436	766	902	428	494	400
peak_2969	chr12	591025	591780	.	756	400	584	630	400	310	274
peak_2970	chr12	610019	610510	.	492	310	776	728	594	730	528
peak_2971	chr12	666563	667183	.	621	388	526	550	508	764	518
peak_2972	chr12	713402	713723	.	322	108	164	174	222	412	272
peak_2973	chr12	752250	754320	.	2071	1210	3246	2914	1206	1644	1216
peak_2974	chr12	905438	906186	.	749	308	540	612	638	742	472
peak_2975	chr12	989713	990189	.	477	270	470	462	398	404	358
peak_2976	chr12	1799825	1802329	.	2505	1676	3418	3740	1918	2410	1746
peak_2977	chr12	1816403	1817455	.	1053	790	1214	1246	1020	1240	736
peak_2978	chr12	1819032	1823573	.	4542	2616	4598	4622	1900	2266	1554
peak_2979	chr12	1825422	1826341	.	920	1092	1830	1804	998	1320	926
peak_2980	chr12	1827367	1828146	.	780	640	1276	1354	658	680	614
peak_2981	chr12	1835239	1836313	.	1075	1026	1902	2162	1254	1414	986
peak_2982	chr12	1911630	1912012	.	383	300	686	662	428	506	390
peak_2983	chr12	1913746	1914366	.	621	430	580	606	624	552	394
peak_2984	chr12	1926952	1928086	.	1135	1112	2050	2096	1500	1730	1140
peak_2985	chr12	2111697	2114464	.	2768	2400	3482	3624	2346	2918	1966
peak_2986	chr12	2152145	2152546	.	402	264	482	544	600	598	498
peak_2987	chr12	2220081	2220631	.	551	344	480	492	464	580	366
peak_2988	chr12	2243142	2243758	.	617	580	758	826	1012	1118	746
peak_2989	chr12	2244056	2244755	.	700	1014	1676	1750	1166	1350	1026
peak_2990	chr12	2250793	2251336	.	544	464	722	720	546	600	490
peak_2991	chr12	2261729	2262675	.	947	574	802	860	436	412	406
peak_2992	chr12	2268873	2269309	.	437	474	862	982	718	886	646
peak_2993	chr12	2294305	2295588	.	1284	866	1366	1422	898	1022	758
peak_2994	chr12	2295651	2296476	.	826	962	1436	1316	1562	1966	1332
peak_2995	chr12	2341038	2342257	.	1220	1052	1564	1504	1274	1296	952
peak_2996	chr12	2347496	2348834	.	1339	980	1670	1710	718	810	576
peak_2997	chr12	2397343	2398053	.	711	582	1068	1116	630	812	492
peak_2998	chr12	2410554	2412585	.	2032	1102	1816	1818	824	990	630
peak_2999	chr12	2438432	2439637	.	1206	786	1308	1360	944	1170	848
peak_3000	chr12	2540546	2541135	.	590	438	628	696	398	482	380
peak_3001	chr12	2580302	2581089	.	788	574	810	774	544	494	412
peak_3002	chr12	2582969	2583679	.	711	580	1238	1422	700	1060	816
peak_3003	chr12	2613566	2614080	.	515	676	1416	1242	910	1256	922
peak_3004	chr12	2616191	2617800	.	1610	834	1526	1616	278	298	330
peak_3005	chr12	2640297	2641516	.	1220	894	1716	1844	834	1006	802
peak_3006	chr12	2673513	2674388	.	876	678	870	1008	802	834	704
peak_3007	chr12	2679819	2680577	.	759	500	1226	1288	660	732	488
peak_3008	chr12	2689462	2690306	.	845	726	1234	1442	806	912	576
peak_3009	chr12	2737660	2738985	.	1326	954	1430	1560	634	668	568
peak_3010	chr12	2752468	2753508	.	1041	454	1190	1274	488	562	400
peak_3011	chr12	2760670	2761509	.	840	622	808	900	692	866	432
peak_3012	chr12	2767283	2768049	.	767	712	1014	1102	464	524	412
peak_3013	chr12	2958405	2959170	.	766	644	1270	1356	664	926	544
peak_3014	chr12	2963091	2963724	.	634	446	966	964	588	606	408
peak_3015	chr12	2966123	2966414	.	292	160	278	316	214	348	228
peak_3016	chr12	3046319	3047197	.	879	706	1228	1276	974	1306	904
peak_3017	chr12	3060808	3061945	.	1138	918	1286	1588	1248	1524	1150
peak_3018	chr12	3105871	3106876	.	1006	448	596	536	690	898	582
peak_3019	chr12	3181354	3182003	.	650	698	1066	1076	1060	1380	814
peak_3020	chr12	3202237	3203422	.	1186	848	1420	1648	1014	1348	932
peak_3021	chr12	3212539	3212977	.	439	372	520	620	240	296	202
peak_3022	chr12	3216468	3218029	.	1562	836	1524	1684	870	1042	678
peak_3023	chr12	3224133	3226265	.	2133	1768	3336	3338	1894	2534	1706
peak_3024	chr12	3236349	3237588	.	1240	1346	2400	2530	1720	2310	1708
peak_3025	chr12	3242157	3244301	.	2145	1320	2444	2574	1310	1458	1062
peak_3026	chr12	3253616	3254356	.	741	548	1130	1328	726	982	704
peak_3027	chr12	3254536	3255393	.	858	542	738	870	588	816	534
peak_3028	chr12	3266086	3266973	.	888	602	1192	1234	686	986	592
peak_3029	chr12	3292205	3293442	.	1238	1060	1526	1520	844	976	622
peak_3030	chr12	3293792	3294942	.	1151	990	1928	1944	1018	1248	980
peak_3031	chr12	3297285	3301286	.	4002	2856	5346	5678	3170	4210	2908
peak_3032	chr12	3302863	3304940	.	2078	1290	2262	2590	1130	1338	910
peak_3033	chr12	3311465	3312864	.	1400	1000	1658	1866	944	1268	756
peak_3034	chr12	3312948	3314510	.	1563	1282	2608	2636	1408	1684	1180
peak_3035	chr12	3365354	3365941	.	588	564	1032	952	708	886	530
peak_3036	chr12	3453043	3454899	.	1857	1742	2792	2560	1636	1692	1304
peak_3037	chr12	3457871	3458524	.	654	492	1118	908	624	1006	658
peak_3038	chr12	3476456	3476697	.	242	120	196	192	232	292	200
peak_3039	chr12	3559747	3560556	.	810	464	686	786	552	762	610
peak_3040	chr12	3576755	3577613	.	859	492	750	876	248	258	216
peak_3041	chr12	3600126	3600557	.	432	308	438	384	478	626	468
peak_3042	chr12	3686541	3687091	.	551	440	722	850	684	940	700
peak_3043	chr12	3751965	3752665	.	701	622	1160	1154	862	1086	848
peak_3044	chr12	4118461	4119597	.	1137	798	1416	1346	890	1152	632
peak_3045	chr12	4145977	4146669	.	693	566	932	964	824	1042	782
peak_3046	chr12	4169102	4169483	.	382	168	240	298	342	422	326
peak_3047	chr12	4206413	4206773	.	361	268	322	406	470	534	332
peak_3048	chr12	4441273	4442253	.	981	934	1336	1318	896	962	678
peak_3049	chr12	4724776	4725130	.	355	200	286	324	392	466	342
peak_3050	chr12	4771951	4772551	.	601	540	802	1036	536	738	440
peak_3051	chr12	4849176	4850515	.	1340	898	1392	1460	1598	1964	1382
peak_3052	chr12	4853494	4856026	.	2533	1920	3056	3240	1786	2264	1390
peak_3053	chr12	4900400	4900889	.	490	412	552	584	614	756	538
peak_3054	chr12	4978229	4979518	.	1290	970	1514	1562	1184	1432	1024
peak_3055	chr12	4991414	4992103	.	690	522	564	476	1008	1196	732
peak_3056	chr12	4994639	4994989	.	351	216	344	506	342	380	332
peak_3057	chr12	5096116	5096833	.	718	410	644	712	826	868	702
peak_3058	chr12	5376723	5377286	.	564	446	516	522	556	786	470
peak_3059	chr12	5378005	5378456	.	452	278	618	464	516	770	496
peak_3060	chr12	5379753	5380321	.	569	730	1440	1464	966	1640	1090
peak_3061	chr12	5392894	5393394	.	501	324	444	562	476	562	390
peak_3062	chr12	5440449	5440945	.	497	296	412	374	398	464	304
peak_3063	chr12	5441524	5442632	.	1109	916	1158	1236	1202	1336	814
peak_3064	chr12	5623563	5624693	.	1131	886	976	1082	872	986	672
peak_3065	chr12	5743138	5743808	.	671	316	548	562	664	818	520
peak_3066	chr12	5744031	5744837	.	807	374	620	704	602	676	574
peak_3067	chr12	5808759	5809944	.	1186	766	1496	1192	816	794	472
peak_3068	chr12	5865022	5865843	.	822	314	482	378	590	744	526
peak_3069	chr12	5988685	5989190	.	506	484	994	1150	818	974	694
peak_3070	chr12	6039833	6040263	.	431	602	792	920	642	764	574
peak_3071	chr12	6047115	6048165	.	1051	1004	1286	1440	1466	1632	1146
peak_3072	chr12	6093074	6094110	.	1037	1124	2080	2134	1148	1518	1158
peak_3073	chr12	6116191	6116989	.	799	546	818	966	346	378	260
peak_3074	chr12	6166966	6168514	.	1549	1440	2406	2126	1522	1768	1256
peak_3075	chr12	6195794	6196128	.	335	332	674	552	476	626	448
peak_3076	chr12	6200306	6201783	.	1478	1204	2212	2332	1210	1296	930
peak_3077	chr12	6337835	6339800	.	1966	1410	1930	1958	1084	1240	774
peak_3078	chr12	6345280	6346059	.	780	780	1472	1524	1004	1366	906
peak_3079	chr12	6368538	6370126	.	1589	992	1532	1594	784	862	526
peak_3080	chr12	6384645	6385151	.	507	426	972	894	546	584	478
peak_3081	chr12	6532149	6532943	.	795	1020	2064	1900	948	1418	892
peak_3082	chr12	6613327	6614624	.	1298	1298	2952	2832	1220	1654	1128
peak_3083	chr12	6615456	6616223	.	768	404	776	716	352	330	288
peak_3084	chr12	6635873	6636771	.	899	942	1598	1752	962	1310	1008
peak_3085	chr12	6661302	6661844	.	543	278	496	478	448	590	446
peak_3086	chr12	6688453	6689796	.	1344	902	2296	2494	1046	1386	956
peak_3087	chr12	6703602	6704118	.	517	524	1122	1232	802	1296	912
peak_3088	chr12	6745598	6746731	.	1134	894	1618	1850	1110	1036	926
peak_3089	chr12	6767688	6768262	.	575	732	1270	1222	760	1054	688
peak_3090	chr12	6778910	6779463	.	554	554	984	1192	768	1198	736
peak_3091	chr12	6779631	6780395	.	765	554	918	840	588	754	484
peak_3092	chr12	6818178	6818905	.	728	454	758	796	642	828	544
peak_3093	chr12	6824766	6825917	.	1152	714	1806	1904	836	914	642
peak_3094	chr12	6851856	6853424	.	1569	1642	4472	3778	1812	2308	1608
peak_3095	chr12	6919699	6920136	.	438	382	494	468	582	602	452
peak_3096	chr12	6945427	6946415	.	989	626	918	1048	714	724	534
peak_3097	chr12	6960390	6963385	.	2996	2030	3726	4008	1924	2328	1582
peak_3098	chr12	7032677	7033639	.	963	554	940	1016	1246	1332	952
peak_3099	chr12	7113527	7114487	.	961	600	974	1106	674	730	528
peak_3100	chr12	7155804	7157068	.	1265	864	1784	1750	1030	1110	774
peak_3101	chr12	7158832	7160171	.	1340	1148	1846	1810	1162	1372	858
peak_3102	chr12	7373192	7373635	.	444	374	554	594	540	598	388
peak_3103	chr12	7511293	7511575	.	283	198	284	230	398	522	322
peak_3104	chr12	7583725	7584467	.	743	538	716	744	716	984	642
peak_3105	chr12	8000781	8001286	.	506	262	468	460	536	754	496
peak_3106	chr12	8026572	8027507	.	936	944	2032	1650	916	1208	834
peak_3107	chr12	8034903	8035868	.	966	816	970	932	678	638	418
peak_3108	chr12	8081800	8082942	.	1143	988	1640	1560	1124	1382	908
peak_3109	chr12	8197831	8198203	.	373	186	272	320	210	428	194
peak_3110	chr12	8235867	8236066	.	200	96	238	222	176	240	118
peak_3111	chr12	8242126	8243796	.	1671	1540	6020	4458	1752	3166	1934
peak_3112	chr12	8256430	8256832	.	403	208	476	402	190	370	228
peak_3113	chr12	8376908	8377267	.	360	176	372	390	330	416	292
peak_3114	chr12	8482971	8483426	.	456	220	194	220	438	392	282
peak_3115	chr12	8657496	8658075	.	580	218	472	430	472	478	358
peak_3116	chr12	8697157	8698361	.	1205	594	1354	1610	638	964	642
peak_3117	chr12	8784189	8784918	.	730	370	612	610	738	934	800
peak_3118	chr12	8948725	8950220	.	1496	1628	4298	3996	2504	3394	2166
peak_3119	chr12	9032597	9032867	.	271	90	152	152	330	364	242
peak_3120	chr12	9380469	9381172	.	704	522	388	414	700	644	408
peak_3121	chr12	9470005	9470754	.	750	306	536	562	544	660	484
peak_3122	chr12	9644913	9645444	.	532	210	362	332	488	744	378
peak_3123	chr12	9673396	9674439	.	1044	1080	1826	1798	1404	1868	1282
peak_3124	chr12	9813688	9814776	.	1089	728	1430	1618	770	972	768
peak_3125	chr12	10153392	10154359	.	968	522	1196	1232	596	758	510
peak_3126	chr12	11014780	11015361	.	582	168	398	338	532	818	560
peak_3127	chr12	11130636	11131456	.	821	308	528	674	698	908	578
peak_3128	chr12	11227351	11227755	.	405	408	560	514	810	980	620
peak_3129	chr12	11537650	11538016	.	367	262	400	360	488	580	386
peak_3130	chr12	11538369	11538807	.	439	296	370	478	338	366	272
peak_3131	chr12	11559423	11559943	.	521	340	388	464	612	742	458
peak_3132	chr12	12009012	12009541	.	530	478	992	868	604	714	542
peak_3133	chr12	12017145	12017533	.	389	300	468	472	440	546	376
peak_3134	chr12	12160745	12161092	.	348	238	360	340	550	768	602
peak_3135	chr12	12258036	12258361	.	326	118	114	172	238	286	248
peak_3136	chr12	12278795	12279451	.	657	536	794	912	1054	1298	932
peak_3137	chr12	12323433	12324442	.	1010	572	658	578	950	800	566
peak_3138	chr12	12434175	12434460	.	286	126	184	192	190	298	226
peak_3139	chr12	12447176	12447760	.	585	476	592	668	678	870	704
peak_3140	chr12	12478599	12479000	.	402	174	208	208	454	470	302
peak_3141	chr12	12595901	12596207	.	307	202	282	212	330	520	268
peak_3142	chr12	12611536	12612369	.	834	1170	2204	2246	1360	1976	1294
peak_3143	chr12	12819909	12820325	.	417	216	322	368	440	424	288
peak_3144	chr12	12890593	12891777	.	1185	1108	2380	2434	1292	1804	1276
peak_3145	chr12	12899347	12900852	.	1506	1130	2276	1952	1638	2274	1466
peak_3146	chr12	12900953	12901735	.	783	1202	2404	1990	1664	2144	1404
peak_3147	chr12	12927179	12927561	.	383	400	534	510	646	658	396
peak_3148	chr12	13075918	13076538	.	621	256	472	616	512	672	402
peak_3149	chr12	13103340	13104089	.	750	402	726	854	806	1004	756
peak_3150	chr12	13241800	13242311	.	512	270	410	400	430	470	356
peak_3151	chr12	13339562	13339954	.	393	206	412	358	422	424	362
peak_3152	chr12	13362239	13362621	.	383	246	420	520	352	368	308
peak_3153	chr12	13383329	13383743	.	415	212	206	146	356	426	294
peak_3154	chr12	13439923	13440266	.	344	132	184	186	300	338	294
peak_3155	chr12	13771942	13772222	.	281	156	196	260	350	418	262
peak_3156	chr12	15757869	15758249	.	381	158	498	476	556	766	520
peak_3157	chr12	15881838	15883016	.	1179	936	1732	1906	1002	1336	900
peak_3158	chr12	15935833	15936187	.	355	198	258	250	308	408	324
peak_3159	chr12	16198923	16199299	.	377	188	302	414	314	416	352
peak_3160	chr12	16389566	16389929	.	364	196	400	484	536	702	492
peak_3161	chr12	19031121	19031346	.	226	70	148	146	192	230	142
peak_3162	chr12	19380504	19381081	.	578	278	342	372	574	614	460
peak_3163	chr12	19946604	19946874	.	271	104	184	262	178	330	180
peak_3164	chr12	20364509	20364810	.	302	168	176	146	286	316	174
peak_3165	chr12	20445765	20446017	.	253	114	92	128	184	212	182
peak_3166	chr12	21562253	21562549	.	297	148	164	234	242	244	198
peak_3167	chr12	21656987	21658056	.	1070	726	1512	1518	790	976	714
peak_3168	chr12	22101591	22102559	.	969	628	1434	1260	758	1132	728
peak_3169	chr12	22543428	22543950	.	523	278	548	580	356	810	404
peak_3170	chr12	23139406	23139758	.	353	96	186	246	244	396	258
peak_3171	chr12	25320507	25320968	.	462	292	500	432	560	588	428
peak_3172	chr12	25438690	25439223	.	534	134	150	126	430	492	280
peak_3173	chr12	26125606	26126320	.	715	614	1472	1548	862	1350	836
peak_3174	chr12	26164101	26164554	.	454	184	312	396	556	730	480
peak_3175	chr12	26274565	26275103	.	539	360	794	884	564	638	546
peak_3176	chr12	26276723	26277804	.	1082	646	798	816	748	956	672
peak_3177	chr12	26279026	26279881	.	856	592	982	1068	1108	1598	1160
peak_3178	chr12	26293094	26294210	.	1117	728	956	890	1064	1332	978
peak_3179	chr12	26317937	26318921	.	985	540	968	892	1002	1428	942
peak_3180	chr12	26331089	26331420	.	332	160	216	198	264	400	268
peak_3181	chr12	26691559	26691884	.	326	310	588	432	474	590	360
peak_3182	chr12	26864489	26864890	.	402	182	362	376	546	548	348
peak_3183	chr12	27367143	27367461	.	319	46	148	120	228	342	208
peak_3184	chr12	27493243	27493897	.	655	188	378	278	580	730	468
peak_3185	chr12	28583798	28583961	.	164	58	124	122	144	186	146
peak_3186	chr12	28780109	28780426	.	318	304	622	494	498	848	582
peak_3187	chr12	28879419	28879751	.	333	84	154	164	284	206	192
peak_3188	chr12	29000866	29001208	.	343	166	202	254	330	416	284
peak_3189	chr12	29537407	29537800	.	394	156	310	330	338	474	300
peak_3190	chr12	29545967	29546369	.	403	264	402	448	438	404	324
peak_3191	chr12	29743846	29744295	.	450	282	470	500	454	602	410
peak_3192	chr12	29929840	29930313	.	474	176	140	180	276	386	230
peak_3193	chr12	30417690	30418254	.	565	386	816	804	802	1276	816
peak_3194	chr12	30419240	30419591	.	352	130	182	216	264	352	242
peak_3195	chr12	30691252	30691578	.	327	212	456	430	346	496	246
peak_3196	chr12	30795258	30795994	.	737	538	1324	1264	682	980	612
peak_3197	chr12	30958017	30959198	.	1182	514	830	906	694	832	592
peak_3198	chr12	30966053	30967622	.	1570	988	1610	1690	1222	1170	818
peak_3199	chr12	30974476	30983657	.	9182	5430	9300	9846	4716	5288	3826
peak_3200	chr12	30989552	30992059	.	2508	1774	3200	3112	2106	2776	2080
peak_3201	chr12	31001508	31002127	.	620	472	738	868	444	532	342
peak_3202	chr12	31005325	31006384	.	1060	574	962	1106	370	440	410
peak_3203	chr12	31051646	31052094	.	449	186	466	452	338	438	354
peak_3204	chr12	31052690	31052982	.	293	82	168	162	136	220	138
peak_3205	chr12	31084849	31085571	.	723	272	526	500	262	230	174
peak_3206	chr12	31118352	31118857	.	506	430	912	842	450	654	318
peak_3207	chr12	31118981	31119621	.	641	366	884	816	332	436	312
peak_3208	chr12	31215394	31216437	.	1044	764	1238	1512	1082	1614	1052
peak_3209	chr12	31218717	31220357	.	1641	1054	2038	1978	976	1178	882
peak_3210	chr12	31226339	31228106	.	1768	1202	2194	2498	834	1000	784
peak_3211	chr12	31231561	31232048	.	488	290	478	510	560	748	520
peak_3212	chr12	31235408	31236227	.	820	554	946	902	754	816	560
peak_3213	chr12	31246448	31246801	.	354	192	342	340	312	326	224
peak_3214	chr12	31362811	31363373	.	563	362	546	664	390	586	400
peak_3215	chr12	31469597	31470086	.	490	224	320	368	442	598	480
peak_3216	chr12	31626297	31626633	.	337	226	476	418	402	772	518
peak_3217	chr12	31659148	31660145	.	998	678	1490	1614	892	1188	756
peak_3218	chr12	31749169	31749930	.	762	916	2312	1560	1196	1802	1032
peak_3219	chr12	31756946	31757779	.	834	356	802	476	806	1058	640
peak_3220	chr12	31773332	31773599	.	268	162	228	248	280	318	238
peak_3221	chr12	31807098	31807868	.	771	292	488	376	700	856	628
peak_3222	chr12	32051565	32051953	.	389	194	352	360	398	588	326
peak_3223	chr12	32163709	32163912	.	204	68	116	132	182	222	170
peak_3224	chr12	32217783	32218225	.	443	172	240	298	314	488	290
peak_3225	chr12	32418911	32420069	.	1159	812	1288	1414	698	862	496
peak_3226	chr12	32661515	32662179	.	665	540	882	1026	660	694	570
peak_3227	chr12	32754989	32756092	.	1104	694	1476	1500	1042	1278	864
peak_3228	chr12	34235655	34236252	.	598	166	264	260	472	586	346
peak_3229	chr12	38118511	38119519	.	1009	394	344	416	726	874	544
peak_3230	chr12	38120076	38120638	.	563	312	476	480	450	656	446
peak_3231	chr12	38149226	38150667	.	1442	816	1318	1296	848	1266	808
peak_3232	chr12	38465166	38465448	.	283	60	196	158	148	196	136
peak_3233	chr12	39230078	39230853	.	776	474	504	574	1118	1474	930
peak_3234	chr12	39458951	39459672	.	722	262	300	294	482	660	450
peak_3235	chr12	40144042	40144389	.	348	274	452	508	550	664	516
peak_3236	chr12	40170551	40170984	.	434	238	464	424	450	616	436
peak_3237	chr12	40691193	40691506	.	314	88	66	94	286	200	146
peak_3238	chr12	41993221	41993748	.	528	158	196	228	352	442	232
peak_3239	chr12	42213138	42213379	.	242	132	144	108	246	378	180
peak_3240	chr12	42448899	42449432	.	534	158	210	238	364	480	318
peak_3241	chr12	42484072	42484629	.	558	350	580	646	414	438	300
peak_3242	chr12	46524029	46524465	.	437	278	514	524	470	512	342
peak_3243	chr12	47205964	47206286	.	323	124	204	204	224	272	204
peak_3244	chr12	47753159	47753939	.	781	460	774	754	474	614	406
peak_3245	chr12	47839325	47840225	.	901	602	930	948	808	990	610
peak_3246	chr12	47876474	47877112	.	639	248	362	358	420	438	304
peak_3247	chr12	47900383	47901301	.	919	454	728	640	514	604	486
peak_3248	chr12	47904560	47905273	.	714	388	756	838	430	500	416
peak_3249	chr12	47934599	47935543	.	945	564	998	1034	734	1050	812
peak_3250	chr12	47967187	47967685	.	499	216	334	310	342	358	258
peak_3251	chr12	47980183	47984789	.	4607	1588	2760	2960	908	1040	700
peak_3252	chr12	48157042	48157839	.	798	316	642	754	412	400	300
peak_3253	chr12	48540166	48540673	.	508	334	382	354	456	570	352
peak_3254	chr12	48716180	48717369	.	1190	742	1866	1532	1024	1130	892
peak_3255	chr12	48810138	48811999	.	1862	972	1430	1522	832	808	648
peak_3256	chr12	48826504	48826796	.	293	236	420	350	298	490	348
peak_3257	chr12	49069546	49070283	.	738	582	1700	1308	760	996	624
peak_3258	chr12	49304112	49304534	.	423	204	288	324	362	430	334
peak_3259	chr12	49315920	49316314	.	395	184	292	284	306	350	262
peak_3260	chr12	49343051	49343572	.	522	344	630	686	478	620	496
peak_3261	chr12	49547494	49548079	.	586	268	594	570	430	464	314
peak_3262	chr12	49580498	49581277	.	780	392	776	864	516	704	466
peak_3263	chr12	49622339	49622993	.	655	414	950	1016	632	762	520
peak_3264	chr12	49741198	49742511	.	1314	912	2120	1802	1096	1426	962
peak_3265	chr12	49868967	49870197	.	1231	584	1064	1022	500	498	380
peak_3266	chr12	49907046	49907427	.	382	220	284	334	336	382	264
peak_3267	chr12	50055750	50056268	.	519	380	810	770	488	708	486
peak_3268	chr12	50058067	50060717	.	2651	1140	1878	2026	1022	1174	840
peak_3269	chr12	50110203	50111277	.	1075	718	1358	1508	786	970	690
peak_3270	chr12	50111487	50112916	.	1430	1274	2992	2880	1390	1750	1260
peak_3271	chr12	51184649	51185472	.	824	450	674	692	610	720	532
peak_3272	chr12	51188320	51189001	.	682	424	656	684	500	544	426
peak_3273	chr12	51288094	51288478	.	385	140	206	218	212	296	172
peak_3274	chr12	51371357	51371895	.	539	378	890	640	420	528	414
peak_3275	chr12	51538321	51539010	.	690	434	640	558	578	648	512
peak_3276	chr12	52025795	52026183	.	389	278	596	638	370	622	394
peak_3277	chr12	52027055	52028091	.	1037	602	1300	1306	762	1098	732
peak_3278	chr12	52041456	52044533	.	3078	1414	2638	2588	1230	1464	1030
peak_3279	chr12	52062218	52062782	.	565	420	804	824	404	524	420
peak_3280	chr12	52147351	52148153	.	803	556	1458	1334	710	1060	680
peak_3281	chr12	52186243	52187502	.	1260	762	1466	1542	888	1146	766
peak_3282	chr12	52202246	52203984	.	1739	1084	2022	2146	1286	2000	1406
peak_3283	chr12	52213504	52214745	.	1242	848	1544	1632	1446	1940	1458
peak_3284	chr12	52215398	52215915	.	518	304	722	640	474	792	548
peak_3285	chr12	52221869	52222483	.	615	398	694	666	606	710	510
peak_3286	chr12	52248742	52249247	.	506	494	902	862	564	670	476
peak_3287	chr12	52326943	52328486	.	1544	888	1376	1224	772	812	550
peak_3288	chr12	52416216	52416760	.	545	172	222	196	372	486	292
peak_3289	chr12	52419541	52419988	.	448	164	272	338	368	436	308
peak_3290	chr12	52434202	52434725	.	524	274	698	748	572	726	484
peak_3291	chr12	52500605	52501030	.	426	182	298	220	286	428	262
peak_3292	chr12	52516287	52516706	.	420	222	480	412	382	604	378
peak_3293	chr12	52582546	52583251	.	706	410	776	734	348	342	270
peak_3294	chr12	52603327	52603630	.	304	196	322	398	340	448	344
peak_3295	chr12	52647551	52647949	.	399	176	188	208	238	340	196
peak_3296	chr12	52687467	52688339	.	873	610	1232	1198	680	884	622
peak_3297	chr12	52828791	52829152	.	362	96	174	184	212	292	194
peak_3298	chr12	52836762	52837772	.	1011	694	1122	1234	900	1062	786
peak_3299	chr12	52873552	52874989	.	1438	822	1514	1694	744	954	676
peak_3300	chr12	52878045	52879783	.	1739	962	2081	2160	1128	1522	1008
peak_3301	chr12	52895087	52895725	.	639	376	610	536	438	544	306
peak_3302	chr12	53004320	53004898	.	579	180	316	288	406	460	332
peak_3303	chr12	53006030	53007344	.	1315	1108	3576	2716	1244	1876	1164
peak_3304	chr12	53050969	53052216	.	1248	644	1326	1264	840	1066	748
peak_3305	chr12	53053206	53054540	.	1335	546	804	838	486	606	418
peak_3306	chr12	53251061	53252108	.	1048	830	1586	1512	1064	1616	930
peak_3307	chr12	53428219	53428751	.	533	400	832	674	508	758	454
peak_3308	chr12	53675611	53676895	.	1285	568	1472	1412	654	892	672
peak_3309	chr12	53727408	53727945	.	538	520	1286	906	608	826	566
peak_3310	chr12	53732953	53733664	.	712	380	462	512	542	678	492
peak_3311	chr12	53737090	53737925	.	836	418	652	748	290	400	246
peak_3312	chr12	53867354	53867939	.	586	310	460	566	442	518	358
peak_3313	chr12	54138786	54139424	.	639	484	796	902	724	856	630
peak_3314	chr12	54204989	54206545	.	1557	712	1214	1264	616	774	510
peak_3315	chr12	54206799	54207169	.	371	236	346	428	290	394	234
peak_3316	chr12	54411333	54411782	.	450	226	640	654	544	762	608
peak_3317	chr12	54538186	54538703	.	518	276	402	410	454	498	334
peak_3318	chr12	54548994	54550676	.	1683	796	1560	1738	1408	1732	1286
peak_3319	chr12	55965110	55965597	.	488	194	240	194	380	402	278
peak_3320	chr12	55996885	55997904	.	1020	508	956	1066	568	576	434
peak_3321	chr12	56061993	56062428	.	436	210	382	390	342	542	350
peak_3322	chr12	56103994	56105479	.	1486	840	2282	1982	996	1342	932
peak_3323	chr12	56153024	56154127	.	1104	484	704	614	476	416	304
peak_3324	chr12	56315049	56316488	.	1440	1034	2114	1844	1026	1376	932
peak_3325	chr12	56448905	56449482	.	578	544	1318	1128	560	846	522
peak_3326	chr12	56629443	56630873	.	1431	514	950	998	484	520	396
peak_3327	chr12	56830883	56831375	.	493	240	230	284	384	532	360
peak_3328	chr12	56903012	56903750	.	739	196	248	242	420	476	340
peak_3329	chr12	56934847	56935170	.	324	266	318	360	304	342	248
peak_3330	chr12	56985836	56986071	.	236	160	256	224	158	212	126
peak_3331	chr12	57077934	57079108	.	1175	854	2108	1962	1192	1598	940
peak_3332	chr12	57111718	57112679	.	962	752	1850	1596	1184	1614	1024
peak_3333	chr12	57166966	57167425	.	460	314	930	920	460	816	534
peak_3334	chr12	57183014	57185249	.	2236	850	1610	1602	722	900	694
peak_3335	chr12	57222869	57223698	.	830	438	748	720	448	646	434
peak_3336	chr12	57245556	57245899	.	344	190	290	242	314	368	226
peak_3337	chr12	57454460	57456048	.	1589	768	1732	1920	1202	1256	982
peak_3338	chr12	57751301	57752758	.	1458	1314	3038	2422	1882	2600	1668
peak_3339	chr12	58529035	58529625	.	591	94	182	232	356	498	366
peak_3340	chr12	59571850	59572580	.	731	200	306	288	366	400	298
peak_3341	chr12	64625282	64625963	.	682	400	726	728	628	776	464
peak_3342	chr12	64758551	64759687	.	1137	710	996	886	656	896	464
peak_3343	chr12	65525581	65526080	.	500	220	376	310	580	714	454
peak_3344	chr12	65757079	65757548	.	470	220	292	392	398	528	340
peak_3345	chr12	66159102	66159520	.	419	178	232	270	314	412	280
peak_3346	chr12	66814936	66815544	.	609	156	224	202	422	368	274
peak_3347	chr12	68042510	68042792	.	283	212	290	328	334	396	280
peak_3348	chr12	68291470	68291879	.	410	122	210	220	286	414	254
peak_3349	chr12	79458975	79459904	.	930	212	154	138	464	468	256
peak_3350	chr12	81297001	81297326	.	326	108	250	226	230	290	244
peak_3351	chr12	87690088	87690605	.	518	110	194	186	272	414	194
peak_3352	chr12	88299603	88299989	.	387	154	214	214	252	240	214
peak_3353	chr12	89375612	89376124	.	513	258	330	466	416	608	416
peak_3354	chr12	89390839	89391670	.	832	192	326	340	416	512	294
peak_3355	chr12	92363580	92363938	.	359	112	154	226	210	268	166
peak_3356	chr12	93149225	93149697	.	473	86	180	118	354	390	226
peak_3357	chr12	93274371	93274723	.	353	86	112	140	226	272	174
peak_3358	chr12	93361591	93361963	.	373	122	184	194	228	370	250
peak_3359	chr12	94109205	94109601	.	397	88	216	200	228	296	186
peak_3360	chr12	95216718	95218503	.	1786	762	1998	1608	722	990	718
peak_3361	chr12	96220665	96221315	.	651	228	380	376	364	538	324
peak_3362	chr12	97054141	97054566	.	426	78	92	80	194	266	124
peak_3363	chr12	97212813	97213323	.	511	124	250	306	282	354	328
peak_3364	chr12	97913000	97913370	.	371	100	178	238	274	322	304
peak_3365	chr12	97953923	97954733	.	811	194	170	214	398	480	388
peak_3366	chr12	98062515	98062842	.	328	70	132	102	148	220	156
peak_3367	chr12	102539701	102540206	.	506	250	382	342	222	340	200
peak_3368	chr12	103240194	103240599	.	406	88	176	184	244	324	222
peak_3369	chr12	103505344	103505908	.	565	244	378	418	438	586	360
peak_3370	chr12	103925275	103925639	.	365	88	204	192	244	250	228
peak_3371	chr12	103929899	103930675	.	777	362	1016	868	408	590	428
peak_3372	chr12	103965565	103966298	.	734	298	866	734	466	536	366
peak_3373	chr12	104436813	104437295	.	483	254	238	280	266	306	264
peak_3374	chr12	104501699	104502156	.	458	98	176	216	208	248	224
peak_3375	chr12	104670762	104671300	.	539	200	290	278	336	472	286
peak_3376	chr12	104672534	104672991	.	458	238	646	656	388	676	468
peak_3377	chr12	105018040	105018556	.	517	250	228	226	446	526	348
peak_3378	chr12	105706681	105707227	.	547	232	260	298	422	460	352
peak_3379	chr12	105986694	105986959	.	266	108	152	170	144	276	224
peak_3380	chr12	107008641	107009030	.	390	78	126	130	210	312	226
peak_3381	chr12	107327595	107328053	.	459	284	212	230	328	346	202
peak_3382	chr12	107436141	107436703	.	563	222	314	392	408	478	368
peak_3383	chr12	107474939	107475626	.	688	268	372	390	294	416	326
peak_3384	chr12	107515342	107515987	.	646	316	642	556	542	652	386
peak_3385	chr12	107684996	107685310	.	315	208	288	230	300	370	206
peak_3386	chr12	108099593	108100165	.	573	192	398	356	426	554	334
peak_3387	chr12	108130574	108131215	.	642	314	364	408	314	352	274
peak_3388	chr12	108131439	108132939	.	1501	720	970	962	888	1082	730
peak_3389	chr12	108192421	108192794	.	374	138	204	226	206	240	182
peak_3390	chr12	108239269	108239716	.	448	246	320	312	286	446	282
peak_3391	chr12	108399100	108400102	.	1003	376	566	496	582	614	444
peak_3392	chr12	108480186	108480618	.	433	212	294	410	332	356	256
peak_3393	chr12	108485249	108485647	.	399	100	144	102	160	274	180
peak_3394	chr12	108745644	108746064	.	421	142	272	270	220	304	260
peak_3395	chr12	108838415	108838807	.	393	262	584	396	310	264	238
peak_3396	chr12	108882002	108882451	.	450	176	276	314	274	344	190
peak_3397	chr12	108951695	108952188	.	494	120	144	168	230	272	190
peak_3398	chr12	109097185	109098286	.	1102	448	1432	1328	584	792	590
peak_3399	chr12	109532628	109534151	.	1524	430	668	662	422	432	286
peak_3400	chr12	109568326	109568748	.	423	212	292	310	214	292	202
peak_3401	chr12	109671338	109671738	.	401	224	252	338	294	388	316
peak_3402	chr12	109762756	109763573	.	818	320	570	604	376	516	374
peak_3403	chr12	109893379	109893772	.	394	298	356	344	328	432	280
peak_3404	chr12	110402540	110403837	.	1298	400	962	1132	494	870	590
peak_3405	chr12	110725342	110725677	.	336	118	242	272	248	418	288
peak_3406	chr12	110906155	110906952	.	798	282	450	492	470	554	386
peak_3407	chr12	110907389	110907941	.	553	354	398	470	364	474	350
peak_3408	chr12	110916989	110917338	.	350	184	228	206	290	292	242
peak_3409	chr12	110921165	110921670	.	506	276	524	568	338	520	304
peak_3410	chr12	111056795	111057536	.	742	370	766	848	578	712	546
peak_3411	chr12	111222509	111223127	.	619	336	584	572	434	586	508
peak_3412	chr12	111249499	111250142	.	644	234	386	306	422	546	436
peak_3413	chr12	111272556	111273428	.	873	436	658	704	248	252	200
peak_3414	chr12	111283805	111284491	.	687	368	506	576	250	282	192
peak_3415	chr12	111322376	111324021	.	1646	782	1182	1236	578	676	372
peak_3416	chr12	111352379	111352592	.	214	72	152	102	196	144	170
peak_3417	chr12	111359688	111360150	.	463	290	464	380	408	488	280
peak_3418	chr12	111397069	111397382	.	314	170	362	396	292	398	266
peak_3419	chr12	111399435	111399804	.	370	236	400	422	378	442	296
peak_3420	chr12	111409745	111410972	.	1228	788	1682	1606	774	1026	786
peak_3421	chr12	111412049	111412744	.	696	442	740	756	492	660	450
peak_3422	chr12	111413253	111414539	.	1287	556	1110	1248	706	1006	730
peak_3423	chr12	111800871	111801450	.	580	152	148	144	298	318	242
peak_3424	chr12	112180061	112180671	.	611	294	466	436	372	592	360
peak_3425	chr12	112581153	112581478	.	326	112	190	124	296	430	260
peak_3426	chr12	112686325	112686732	.	408	218	386	480	356	590	396
peak_3427	chr12	113006693	113007460	.	768	454	660	664	532	782	498
peak_3428	chr12	113090670	113091801	.	1132	550	912	924	776	900	642
peak_3429	chr12	113120656	113121089	.	434	224	306	350	334	368	278
peak_3430	chr12	113130318	113131163	.	846	472	1056	1178	578	654	606
peak_3431	chr12	113221748	113222248	.	501	492	928	872	504	686	402
peak_3432	chr12	113232564	113232853	.	290	154	252	290	314	350	222
peak_3433	chr12	113271779	113272099	.	321	150	390	500	394	540	418
peak_3434	chr12	113346317	113346959	.	643	222	392	430	564	658	424
peak_3435	chr12	113370544	113372063	.	1520	866	1520	1526	1062	1340	714
peak_3436	chr12	113396674	113397761	.	1088	452	850	868	436	462	388
peak_3437	chr12	113415289	113415775	.	487	216	386	322	294	350	254
peak_3438	chr12	113416146	113416847	.	702	352	566	506	634	728	546
peak_3439	chr12	113497480	113498156	.	677	416	724	714	520	586	394
peak_3440	chr12	113546138	113546724	.	587	268	330	294	536	494	430
peak_3441	chr12	113633568	113634017	.	450	202	298	370	520	584	444
peak_3442	chr12	113700997	113701275	.	279	166	284	314	204	258	208
peak_3443	chr12	113961640	113962244	.	605	352	550	556	474	666	496
peak_3444	chr12	113990414	113990865	.	452	200	324	354	348	354	302
peak_3445	chr12	114269118	114269562	.	445	286	464	522	336	482	338
peak_3446	chr12	114497967	114498491	.	525	216	234	212	348	406	226
peak_3447	chr12	114834979	114835454	.	476	238	370	358	372	488	374
peak_3448	chr12	115232787	115233163	.	377	130	140	210	206	260	212
peak_3449	chr12	115337703	115338432	.	730	462	822	698	642	710	478
peak_3450	chr12	115341426	115341764	.	339	394	744	512	570	712	402
peak_3451	chr12	115691060	115691602	.	543	270	482	438	666	874	628
peak_3452	chr12	115693525	115694309	.	785	344	418	374	716	718	594
peak_3453	chr12	116160279	116160731	.	453	206	470	474	554	634	440
peak_3454	chr12	116336716	116337009	.	294	164	200	220	244	254	186
peak_3455	chr12	116382502	116383565	.	1064	630	1018	1034	772	1002	734
peak_3456	chr12	116433982	116434517	.	536	292	516	542	340	526	400
peak_3457	chr12	116614145	116614774	.	630	328	374	442	386	348	244
peak_3458	chr12	116736123	116736558	.	436	198	360	364	484	698	426
peak_3459	chr12	116898638	116899001	.	364	196	214	160	392	382	238
peak_3460	chr12	116915061	116915617	.	557	212	288	288	282	406	284
peak_3461	chr12	116916773	116917163	.	391	324	550	602	482	602	420
peak_3462	chr12	117045593	117046492	.	900	696	1002	918	664	804	592
peak_3463	chr12	117387717	117388264	.	548	302	388	472	404	460	382
peak_3464	chr12	117441711	117442138	.	428	618	1030	954	788	1094	828
peak_3465	chr12	117853694	117854760	.	1067	368	882	862	716	922	796
peak_3466	chr12	117985853	117986525	.	673	282	546	474	496	644	432
peak_3467	chr12	118108222	118108683	.	462	186	310	376	416	460	384
peak_3468	chr12	118467553	118467965	.	413	120	222	228	254	338	384
peak_3469	chr12	118510299	118510725	.	427	176	294	352	340	500	420
peak_3470	chr12	118732621	118732904	.	284	134	220	186	324	330	274
peak_3471	chr12	119478868	119479601	.	734	470	754	872	758	996	734
peak_3472	chr12	119613297	119613642	.	346	158	370	322	372	464	380
peak_3473	chr12	119909286	119909766	.	481	214	400	378	468	528	344
peak_3474	chr12	120086862	120087620	.	759	714	1730	1394	646	1022	662
peak_3475	chr12	120229739	120230932	.	1194	644	1178	1022	434	498	404
peak_3476	chr12	120231379	120231962	.	584	424	1100	1056	526	782	560
peak_3477	chr12	120234523	120236446	.	1924	1302	2466	2356	1460	1992	1386
peak_3478	chr12	120257322	120258604	.	1283	678	1048	1072	892	1206	858
peak_3479	chr12	120262258	120262765	.	508	164	338	300	320	390	284
peak_3480	chr12	120317337	120317932	.	596	972	2254	1972	1384	1966	1248
peak_3481	chr12	120325473	120326162	.	690	366	670	672	528	574	356
peak_3482	chr12	120469699	120470456	.	758	368	890	1020	504	550	448
peak_3483	chr12	120599015	120599464	.	450	248	452	434	376	508	352
peak_3484	chr12	120657438	120658044	.	607	374	584	586	472	660	434
peak_3485	chr12	120658131	120659688	.	1558	606	1064	1140	574	702	482
peak_3486	chr12	121399585	121401250	.	1666	826	2054	1984	872	1122	668
peak_3487	chr12	121512165	121513043	.	879	542	866	1102	560	670	520
peak_3488	chr12	121524074	121524839	.	766	524	914	884	480	538	372
peak_3489	chr12	121626928	121627659	.	732	354	708	768	482	402	434
peak_3490	chr12	121686870	121687239	.	370	660	1682	1220	568	696	592
peak_3491	chr12	121718750	121719237	.	488	348	562	500	512	742	514
peak_3492	chr12	121719805	121720426	.	622	430	688	540	590	840	492
peak_3493	chr12	121748538	121749333	.	796	454	956	974	776	862	658
peak_3494	chr12	121888465	121889226	.	762	602	1330	1232	730	1034	596
peak_3495	chr12	122106868	122107317	.	450	262	568	642	366	546	434
peak_3496	chr12	122500189	122500523	.	335	260	514	516	312	402	296
peak_3497	chr12	122646848	122647236	.	389	166	230	186	274	464	310
peak_3498	chr12	122837862	122838300	.	439	156	306	334	298	414	292
peak_3499	chr12	122844335	122846735	.	2401	952	1914	1910	810	998	736
peak_3500	chr12	122944666	122945761	.	1096	792	1722	1718	1020	1568	1010
peak_3501	chr12	122946674	122947893	.	1220	826	1868	1764	1206	1538	1236
peak_3502	chr12	122963733	122964318	.	586	248	682	684	320	580	404
peak_3503	chr12	123062864	123063254	.	391	326	580	560	332	498	346
peak_3504	chr12	123064692	123066887	.	2196	780	1732	1582	874	928	732
peak_3505	chr12	123069524	123071079	.	1556	958	1536	1504	948	1216	804
peak_3506	chr12	123071318	123071734	.	417	314	474	486	256	312	228
peak_3507	chr12	123093740	123094543	.	804	444	904	1020	568	720	514
peak_3508	chr12	123120309	123121318	.	1010	542	820	896	454	560	416
peak_3509	chr12	123131538	123132471	.	934	654	1052	1108	732	1022	622
peak_3510	chr12	123232828	123234354	.	1527	968	2450	1952	856	1102	832
peak_3511	chr12	123892903	123893294	.	392	290	416	438	342	538	324
peak_3512	chr12	123916751	123917007	.	257	192	246	254	272	334	226
peak_3513	chr12	124172313	124173091	.	779	352	772	716	432	548	380
peak_3514	chr12	124232104	124232937	.	834	708	1066	1222	812	940	808
peak_3515	chr12	124389152	124389713	.	562	234	648	758	358	516	350
peak_3516	chr12	124468943	124469357	.	415	262	396	458	412	560	410
peak_3517	chr12	124519399	124520162	.	764	438	818	886	498	692	436
peak_3518	chr12	124620123	124621294	.	1172	576	778	846	442	476	344
peak_3519	chr12	124632529	124633555	.	1027	598	946	846	688	750	450
peak_3520	chr12	124636220	124636745	.	526	250	510	394	352	452	258
peak_3521	chr12	124637320	124637925	.	606	498	776	932	730	950	812
peak_3522	chr12	124740046	124740428	.	383	174	266	246	294	404	264
peak_3523	chr12	124740592	124741428	.	837	480	1118	1250	696	888	658
peak_3524	chr12	124745787	124746926	.	1140	576	1156	1110	466	708	524
peak_3525	chr12	124790870	124791364	.	495	238	430	380	368	500	316
peak_3526	chr12	124824712	124825103	.	392	166	424	412	356	564	350
peak_3527	chr12	124838136	124838614	.	479	380	716	746	480	652	446
peak_3528	chr12	125083103	125083514	.	412	132	312	298	264	300	176
peak_3529	chr12	125089035	125089580	.	546	228	376	458	356	428	356
peak_3530	chr12	125144934	125147065	.	2132	1004	1586	1732	810	990	734
peak_3531	chr12	125189934	125190795	.	862	434	776	636	514	704	480
peak_3532	chr12	125205039	125205866	.	828	638	1002	1038	906	958	770
peak_3533	chr12	125208772	125209719	.	948	368	512	692	170	158	118
peak_3534	chr12	125429218	125429820	.	603	222	292	254	402	448	298
peak_3535	chr12	125678373	125679501	.	1129	492	524	572	720	808	446
peak_3536	chr12	125687194	125688794	.	1601	706	1172	1198	860	878	672
peak_3537	chr12	125765916	125766332	.	417	242	334	244	306	492	298
peak_3538	chr12	125905804	125906375	.	572	200	314	216	484	672	394
peak_3539	chr12	126090832	126091359	.	528	212	296	288	294	318	200
peak_3540	chr12	126118579	126119388	.	810	326	442	374	456	520	314
peak_3541	chr12	126545414	126545764	.	351	182	204	160	292	380	246
peak_3542	chr12	126763810	126764212	.	403	132	172	188	244	330	262
peak_3543	chr12	126804987	126805416	.	430	152	172	200	260	378	216
peak_3544	chr12	127245492	127245781	.	290	120	174	164	226	336	238
peak_3545	chr12	127272751	127273733	.	983	610	832	878	922	982	812
peak_3546	chr12	127355478	127355923	.	446	300	418	356	350	486	316
peak_3547	chr12	127356968	127357239	.	272	54	112	120	138	186	142
peak_3548	chr12	127359618	127359910	.	293	142	256	230	352	540	350
peak_3549	chr12	127388969	127389308	.	340	126	354	334	296	318	222
peak_3550	chr12	127391525	127391949	.	425	190	194	204	314	290	212
peak_3551	chr12	127523539	127523748	.	210	88	118	114	144	186	126
peak_3552	chr12	127548097	127548487	.	391	222	318	324	300	286	256
peak_3553	chr12	127550317	127550571	.	255	174	404	364	276	380	266
peak_3554	chr12	127943965	127944258	.	294	90	178	130	164	222	176
peak_3555	chr12	128041011	128041493	.	483	218	278	266	490	438	348
peak_3556	chr12	128042507	128042848	.	342	140	288	352	340	414	342
peak_3557	chr12	128243778	128244585	.	808	496	720	846	704	808	534
peak_3558	chr12	128465184	128465934	.	751	260	378	442	418	472	316
peak_3559	chr12	128467728	128468212	.	485	256	312	384	398	412	314
peak_3560	chr12	128571843	128572837	.	995	584	566	594	832	852	550
peak_3561	chr12	128595462	128596681	.	1220	478	996	870	644	834	504
peak_3562	chr12	128648809	128649396	.	588	232	554	526	350	408	266
peak_3563	chr12	128661128	128661479	.	352	134	198	182	264	292	178
peak_3564	chr12	128727674	128728258	.	585	420	532	628	392	364	230
peak_3565	chr12	128729548	128730300	.	753	448	666	646	484	596	414
peak_3566	chr12	128754260	128754776	.	517	282	518	588	652	960	672
peak_3567	chr12	128761474	128761865	.	392	338	376	408	372	522	340
peak_3568	chr12	128785040	128785834	.	795	336	446	410	580	576	532
peak_3569	chr12	128817768	128818056	.	289	92	150	168	176	290	188
peak_3570	chr12	128820696	128821178	.	483	432	488	530	640	762	650
peak_3571	chr12	128863988	128865175	.	1188	556	1122	1186	600	666	576
peak_3572	chr12	128885947	128886149	.	203	58	130	150	150	228	190
peak_3573	chr12	129073183	129073549	.	367	126	212	230	202	284	214
peak_3574	chr12	129822404	129823200	.	797	308	554	496	522	762	544
peak_3575	chr12	129844568	129845028	.	461	144	186	192	282	352	226
peak_3576	chr12	130053415	130054743	.	1329	614	910	1052	508	592	458
peak_3577	chr12	130074681	130075485	.	805	464	694	828	866	1242	822
peak_3578	chr12	130083790	130084651	.	862	586	796	844	514	492	352
peak_3579	chr12	130124083	130125386	.	1304	1278	2336	2556	1718	2564	1696
peak_3580	chr12	130125738	130126372	.	635	374	876	892	554	760	630
peak_3581	chr12	130215936	130216423	.	488	202	290	320	306	408	304
peak_3582	chr12	130339713	130340595	.	883	576	764	790	476	506	340
peak_3583	chr12	130460635	130464080	.	3446	1972	3228	3354	2024	2490	1586
peak_3584	chr12	130524871	130525751	.	881	428	648	718	520	564	416
peak_3585	chr12	130568905	130569755	.	851	476	684	656	532	680	410
peak_3586	chr12	130581034	130582174	.	1141	504	832	830	548	588	382
peak_3587	chr12	130633633	130634567	.	935	544	970	940	526	700	428
peak_3588	chr12	130676768	130677381	.	614	374	480	498	500	594	372
peak_3589	chr12	130762647	130763596	.	950	532	920	878	668	824	566
peak_3590	chr12	130768585	130769164	.	580	372	440	486	356	548	286
peak_3591	chr12	130831908	130832327	.	420	128	204	244	256	312	154
peak_3592	chr12	130919692	130920695	.	1004	490	760	792	478	619	360
peak_3593	chr12	130955168	130955622	.	455	280	562	598	322	406	224
peak_3594	chr12	130977576	130978002	.	427	256	468	548	306	412	348
peak_3595	chr12	131044645	131045913	.	1269	544	1274	1358	622	766	586
peak_3596	chr12	131047029	131048619	.	1591	814	1644	1782	862	972	794
peak_3597	chr12	131049037	131049763	.	727	358	732	740	528	726	474
peak_3598	chr12	131060979	131061418	.	440	182	356	342	338	412	384
peak_3599	chr12	131066098	131067638	.	1541	622	1066	1212	542	572	544
peak_3600	chr12	131102917	131107279	.	4363	2020	3702	3794	1432	1632	1266
peak_3601	chr12	131117527	131118281	.	755	570	798	780	720	834	600
peak_3602	chr12	131129788	131132978	.	3191	1506	2832	3112	1284	1444	1164
peak_3603	chr12	131140161	131141178	.	1018	500	856	882	580	702	478
peak_3604	chr12	131152034	131153427	.	1394	546	866	1072	458	572	322
peak_3605	chr12	131157349	131157846	.	498	268	350	434	328	382	224
peak_3606	chr12	131162079	131163192	.	1114	640	742	682	844	1018	560
peak_3607	chr12	131226296	131226704	.	409	222	532	582	274	398	318
peak_3608	chr12	131236412	131236960	.	549	280	534	420	324	496	244
peak_3609	chr12	131271168	131272131	.	964	290	568	496	532	502	402
peak_3610	chr12	131287438	131288750	.	1313	732	1246	1090	1150	1416	1032
peak_3611	chr12	131311376	131312072	.	697	400	708	726	432	622	372
peak_3612	chr12	131312768	131314036	.	1269	926	1814	2118	710	940	718
peak_3613	chr12	131345179	131345511	.	333	118	300	312	144	210	166
peak_3614	chr12	131386833	131387936	.	1104	724	1188	1250	628	782	514
peak_3615	chr12	131389065	131391043	.	1979	922	1298	1536	654	630	574
peak_3616	chr12	131395982	131396665	.	684	226	284	256	348	454	316
peak_3617	chr12	131400816	131401244	.	429	244	442	488	410	496	340
peak_3618	chr12	131402635	131404261	.	1627	744	1416	1566	728	940	654
peak_3619	chr12	131407087	131409008	.	1922	1238	2148	2314	1376	1506	1120
peak_3620	chr12	131412317	131412732	.	416	284	520	488	312	436	264
peak_3621	chr12	131413316	131413934	.	619	326	588	636	374	350	270
peak_3622	chr12	131452389	131452840	.	452	194	354	472	324	442	324
peak_3623	chr12	131454613	131455688	.	1076	736	1438	1486	812	1032	664
peak_3624	chr12	131455857	131456940	.	1084	712	1234	1450	716	986	646
peak_3625	chr12	131468145	131468665	.	521	198	286	346	290	290	222
peak_3626	chr12	131494311	131495742	.	1432	734	1050	1132	1134	1142	784
peak_3627	chr12	131511316	131512985	.	1670	928	1678	1610	970	1352	1018
peak_3628	chr12	131555203	131555823	.	621	396	684	682	468	574	386
peak_3629	chr12	131556950	131557581	.	632	276	580	498	384	402	340
peak_3630	chr12	131559470	131559804	.	335	258	332	380	324	368	324
peak_3631	chr12	131607842	131608364	.	523	266	490	412	416	582	444
peak_3632	chr12	131616572	131617445	.	874	556	1184	1176	648	706	548
peak_3633	chr12	131636501	131638383	.	1883	926	1790	1868	1154	1242	996
peak_3634	chr12	131642035	131642728	.	694	416	778	820	454	486	322
peak_3635	chr12	131672570	131673193	.	624	354	796	780	492	668	472
peak_3636	chr12	131673818	131674265	.	448	272	406	478	310	504	324
peak_3637	chr12	131678530	131679138	.	609	264	576	586	372	582	344
peak_3638	chr12	131686937	131687531	.	595	266	432	392	368	428	294
peak_3639	chr12	131825125	131825590	.	466	324	524	574	428	542	420
peak_3640	chr12	131832392	131833524	.	1133	634	1324	1284	810	930	666
peak_3641	chr12	131852113	131853311	.	1199	610	1370	1432	640	794	630
peak_3642	chr12	131853964	131854608	.	645	348	750	870	456	470	364
peak_3643	chr12	131860557	131861457	.	901	514	1034	1146	508	768	484
peak_3644	chr12	131865093	131865706	.	614	460	774	752	618	730	592
peak_3645	chr12	131900383	131900798	.	416	276	558	576	350	470	272
peak_3646	chr12	131910614	131911372	.	759	440	934	1010	566	868	702
peak_3647	chr12	132014564	132015291	.	728	308	512	590	464	600	512
peak_3648	chr12	132044607	132045254	.	648	356	640	722	462	668	444
peak_3649	chr12	132071860	132072127	.	268	170	290	208	222	288	218
peak_3650	chr12	132146725	132147398	.	674	254	524	562	312	400	284
peak_3651	chr12	132153953	132154687	.	735	550	1152	1192	642	812	506
peak_3652	chr12	132182188	132183373	.	1186	536	868	974	400	498	342
peak_3653	chr12	132273765	132275606	.	1842	948	1618	1652	918	930	732
peak_3654	chr12	132286845	132287500	.	656	270	528	504	400	610	386
peak_3655	chr12	132296583	132297744	.	1162	692	1184	1080	946	1148	826
peak_3656	chr12	132306673	132307139	.	467	212	614	634	376	504	338
peak_3657	chr12	132318244	132320196	.	1953	772	1254	1256	430	448	434
peak_3658	chr12	132327246	132328640	.	1395	784	1664	1834	952	1368	978
peak_3659	chr12	132340971	132341833	.	863	440	966	1024	484	718	584
peak_3660	chr12	132380782	132381242	.	461	446	532	614	400	466	286
peak_3661	chr12	132381677	132382794	.	1118	974	1188	1150	830	812	522
peak_3662	chr12	132393363	132393842	.	480	348	764	730	378	494	404
peak_3663	chr12	132430084	132430615	.	532	282	610	576	400	522	396
peak_3664	chr12	132476285	132478336	.	2052	790	1658	1744	854	1058	796
peak_3665	chr12	132478450	132479037	.	588	308	724	716	478	658	476
peak_3666	chr12	132485311	132485717	.	407	264	474	556	280	374	322
peak_3667	chr12	132497192	132501953	.	4762	1564	3142	3284	976	1070	1048
peak_3668	chr12	132529766	132530633	.	868	440	892	928	684	858	600
peak_3669	chr12	132531655	132532134	.	480	194	406	434	354	340	330
peak_3670	chr12	132566440	132570084	.	3645	1498	2814	2886	1222	1426	964
peak_3671	chr12	132577711	132579153	.	1443	548	892	816	492	686	530
peak_3672	chr12	132595973	132596576	.	604	604	1052	1168	660	1128	640
peak_3673	chr12	132784131	132784695	.	565	274	292	362	446	508	294
peak_3674	chr12	132855937	132856738	.	802	282	542	544	484	522	366
peak_3675	chr12	133080035	133081231	.	1197	952	2210	2132	1178	1550	1116
peak_3676	chr12	133214839	133215868	.	1030	574	776	882	1120	1340	1068
peak_3677	chr13	18677439	18678060	.	622	210	356	328	400	546	314
peak_3678	chr13	19051526	19052042	.	517	190	414	304	340	378	274
peak_3679	chr13	19052148	19052587	.	440	160	220	200	408	418	292
peak_3680	chr13	19118017	19118798	.	782	572	918	828	604	766	474
peak_3681	chr13	19157531	19158757	.	1227	340	704	816	564	778	548
peak_3682	chr13	19580065	19580304	.	240	86	78	86	194	176	174
peak_3683	chr13	19589011	19589517	.	507	234	474	434	366	414	294
peak_3684	chr13	19591042	19591602	.	561	224	444	412	376	380	330
peak_3685	chr13	20359259	20360176	.	918	336	590	544	472	530	452
peak_3686	chr13	21050904	21051315	.	412	130	180	192	240	246	162
peak_3687	chr13	21917211	21917827	.	617	190	318	324	356	454	386
peak_3688	chr13	23772011	23772288	.	278	108	144	134	222	276	214
peak_3689	chr13	23788314	23788732	.	419	150	168	148	260	328	176
peak_3690	chr13	24115740	24116475	.	736	222	434	456	500	520	316
peak_3691	chr13	26227887	26228520	.	634	408	442	480	604	640	524
peak_3692	chr13	26247667	26248019	.	353	110	148	160	206	230	198
peak_3693	chr13	26459327	26459822	.	496	172	254	360	388	426	290
peak_3694	chr13	26566442	26566902	.	461	196	194	220	274	384	218
peak_3695	chr13	26988464	26988746	.	283	122	224	208	242	410	312
peak_3696	chr13	27195295	27195723	.	429	240	456	424	276	412	298
peak_3697	chr13	27200357	27201027	.	671	288	470	416	486	522	358
peak_3698	chr13	27370409	27370832	.	424	108	152	166	308	324	254
peak_3699	chr13	27792343	27794355	.	2013	498	1108	1134	532	510	452
peak_3700	chr13	29270348	29270956	.	609	162	246	268	314	492	302
peak_3701	chr13	29361691	29361996	.	306	150	156	228	176	216	182
peak_3702	chr13	29543262	29543888	.	627	144	354	390	300	398	292
peak_3703	chr13	29733342	29733609	.	268	70	160	106	228	184	146
peak_3704	chr13	30159468	30159892	.	425	212	528	390	380	564	272
peak_3705	chr13	30371692	30372200	.	509	190	332	350	230	400	270
peak_3706	chr13	30870126	30870896	.	771	284	746	676	582	610	478
peak_3707	chr13	34007985	34008508	.	524	248	346	322	486	496	382
peak_3708	chr13	34340602	34340865	.	264	92	124	106	208	242	190
peak_3709	chr13	34459838	34460286	.	449	88	168	184	296	314	228
peak_3710	chr13	35347692	35348199	.	508	206	280	364	344	534	288
peak_3711	chr13	35349732	35350123	.	392	74	116	138	244	292	188
peak_3712	chr13	35927598	35928023	.	426	238	258	188	276	528	292
peak_3713	chr13	36345510	36347002	.	1493	582	1046	1106	774	818	584
peak_3714	chr13	40162920	40163832	.	913	312	544	586	504	596	384
peak_3715	chr13	41244535	41244878	.	344	72	162	182	210	266	182
peak_3716	chr13	41310999	41311990	.	992	296	650	684	432	562	348
peak_3717	chr13	41429828	41430218	.	391	96	118	86	238	234	172
peak_3718	chr13	41496677	41497180	.	504	216	344	348	324	412	362
peak_3719	chr13	42615546	42616099	.	554	262	284	272	352	428	372
peak_3720	chr13	42807739	42808162	.	424	130	222	286	254	312	246
peak_3721	chr13	44620203	44620357	.	155	68	76	114	114	146	116
peak_3722	chr13	46461553	46462308	.	756	228	218	198	388	508	264
peak_3723	chr13	46803646	46803999	.	354	160	268	246	316	546	326
peak_3724	chr13	49610232	49610548	.	317	170	250	222	232	462	228
peak_3725	chr13	51275027	51275378	.	352	138	202	160	274	328	240
peak_3726	chr13	52349042	52349263	.	222	190	248	154	250	274	172
peak_3727	chr13	52361151	52361579	.	429	244	380	422	404	492	418
peak_3728	chr13	59363483	59363877	.	395	74	100	124	176	220	152
peak_3729	chr13	60618651	60619078	.	428	198	296	288	352	486	310
peak_3730	chr13	64062294	64063005	.	712	138	194	226	350	524	244
peak_3731	chr13	66505237	66505866	.	630	162	242	228	434	698	400
peak_3732	chr13	67912423	67913358	.	936	246	212	182	410	550	300
peak_3733	chr13	68273301	68273685	.	385	110	228	182	282	382	240
peak_3734	chr13	70812576	70812940	.	365	72	94	84	222	248	134
peak_3735	chr13	77481427	77481777	.	351	96	156	128	216	326	230
peak_3736	chr13	78660187	78660715	.	529	166	266	262	286	402	262
peak_3737	chr13	93847217	93847508	.	292	56	128	108	158	212	130
peak_3738	chr13	95123562	95124187	.	626	194	298	322	344	440	314
peak_3739	chr13	95301663	95302337	.	675	342	690	720	540	748	430
peak_3740	chr13	95349291	95349676	.	386	68	196	196	210	270	224
peak_3741	chr13	95391781	95392268	.	488	160	204	254	252	336	268
peak_3742	chr13	95478497	95479150	.	654	314	482	598	514	596	410
peak_3743	chr13	97257726	97258245	.	520	226	364	342	340	418	272
peak_3744	chr13	97366992	97367371	.	380	230	342	338	302	458	292
peak_3745	chr13	97432863	97433515	.	653	490	1390	1110	580	824	498
peak_3746	chr13	97683212	97683661	.	450	152	182	220	302	388	262
peak_3747	chr13	98100560	98100816	.	257	42	88	114	176	168	166
peak_3748	chr13	98111893	98112537	.	645	250	390	346	292	364	308
peak_3749	chr13	98216155	98216518	.	364	92	306	284	246	328	246
peak_3750	chr13	98997952	98998257	.	306	78	132	194	202	206	198
peak_3751	chr13	99376130	99376376	.	247	68	94	132	142	194	174
peak_3752	chr13	99737538	99737789	.	252	96	168	176	264	266	164
peak_3753	chr13	99799414	99800101	.	688	180	268	248	408	540	338
peak_3754	chr13	102691571	102691948	.	378	142	200	208	312	350	272
peak_3755	chr13	107882644	107883019	.	376	212	428	444	386	586	396
peak_3756	chr13	108158144	108158561	.	418	220	370	362	424	582	352
peak_3757	chr13	108991432	108991627	.	196	64	62	76	140	182	102
peak_3758	chr13	109166890	109167560	.	671	204	376	410	418	492	300
peak_3759	chr13	109295085	109295495	.	411	92	150	126	160	226	168
peak_3760	chr13	109840209	109840581	.	373	176	364	386	308	384	328
peak_3761	chr13	110094666	110095197	.	532	298	622	632	330	500	298
peak_3762	chr13	110109994	110110276	.	283	162	286	364	166	252	144
peak_3763	chr13	110138091	110139030	.	940	362	790	800	540	686	472
peak_3764	chr13	110154477	110154974	.	498	278	212	242	362	318	234
peak_3765	chr13	110415676	110416439	.	764	300	584	654	632	890	602
peak_3766	chr13	110712397	110713829	.	1433	466	1360	1246	496	728	478
peak_3767	chr13	110955049	110955528	.	480	182	782	568	356	538	386
peak_3768	chr13	111031482	111032236	.	755	298	566	620	404	628	416
peak_3769	chr13	111514712	111515252	.	541	290	416	522	258	340	298
peak_3770	chr13	111518298	111518853	.	556	228	428	410	328	336	322
peak_3771	chr13	111873922	111874727	.	806	260	354	466	670	804	478
peak_3772	chr13	111954691	111955635	.	945	572	988	998	678	856	650
peak_3773	chr13	112031869	112032963	.	1095	604	1268	1378	788	1114	832
peak_3774	chr13	112118833	112120045	.	1213	626	744	880	712	1110	746
peak_3775	chr13	112170062	112170323	.	262	152	214	256	200	266	202
peak_3776	chr13	112174587	112175916	.	1330	634	1116	1082	824	1078	742
peak_3777	chr13	112345991	112346616	.	626	410	714	886	370	530	360
peak_3778	chr13	112381137	112381583	.	447	170	382	310	396	482	354
peak_3779	chr13	112394995	112395461	.	467	192	416	358	292	406	250
peak_3780	chr13	112492511	112493618	.	1108	482	658	750	30	52	50
peak_3781	chr13	112625590	112626639	.	1050	418	638	600	652	634	424
peak_3782	chr13	112691365	112692118	.	754	380	648	742	518	610	426
peak_3783	chr13	112711821	112712268	.	448	316	654	768	502	812	384
peak_3784	chr13	112724740	112725842	.	1103	770	1298	1330	864	1114	748
peak_3785	chr13	112878220	112878785	.	566	258	556	584	316	418	358
peak_3786	chr13	112934106	112934882	.	777	418	764	838	624	796	642
peak_3787	chr13	112956566	112957291	.	726	378	558	712	472	540	284
peak_3788	chr13	112958136	112958817	.	682	486	784	810	568	746	568
peak_3789	chr13	113002267	113002685	.	419	346	630	602	354	448	276
peak_3790	chr13	113041564	113042087	.	524	424	768	912	680	860	622
peak_3791	chr13	113081015	113082263	.	1249	654	1108	1152	810	1108	786
peak_3792	chr13	113093694	113094921	.	1228	604	878	844	282	350	232
peak_3793	chr13	113114449	113116234	.	1786	742	1252	1292	700	788	588
peak_3794	chr13	113161045	113161796	.	752	446	766	694	382	590	348
peak_3795	chr13	113179392	113180369	.	978	488	776	858	648	750	378
peak_3796	chr13	113214562	113215349	.	788	452	838	964	552	612	462
peak_3797	chr13	113274347	113274597	.	251	80	110	140	186	260	194
peak_3798	chr13	113313804	113314415	.	612	210	446	568	284	460	312
peak_3799	chr13	113350082	113350416	.	335	184	370	476	226	352	222
peak_3800	chr13	113374676	113375143	.	468	386	572	684	402	550	338
peak_3801	chr13	113393182	113394438	.	1257	588	1234	1256	640	1072	758
peak_3802	chr13	113592428	113592866	.	439	238	414	384	306	400	288
peak_3803	chr13	113726983	113727355	.	373	186	514	540	286	338	296
peak_3804	chr13	113729361	113729838	.	478	346	608	540	450	640	446
peak_3805	chr13	113748018	113749865	.	1848	920	2052	2042	1238	1810	1136
peak_3806	chr13	113786519	113787099	.	581	162	278	370	328	418	290
peak_3807	chr13	113816323	113817447	.	1125	496	1068	1152	692	992	766
peak_3808	chr13	113817528	113817794	.	267	226	382	476	296	458	308
peak_3809	chr13	113820637	113821792	.	1156	598	1468	1378	856	1172	742
peak_3810	chr13	113836979	113838317	.	1339	788	1338	1352	620	782	598
peak_3811	chr13	113939619	113940169	.	551	278	462	526	376	530	408
peak_3812	chr13	113954131	113954776	.	646	410	692	770	592	588	444
peak_3813	chr13	113980533	113981831	.	1299	690	1316	1436	1018	1200	844
peak_3814	chr13	113990432	113990698	.	267	140	266	324	194	230	150
peak_3815	chr13	114042807	114043823	.	1017	658	1598	1392	952	1180	982
peak_3816	chr13	114108505	114108956	.	452	284	506	560	332	350	302
peak_3817	chr13	114115121	114115735	.	615	336	674	694	542	602	498
peak_3818	chr13	114124929	114125474	.	546	306	462	470	556	674	420
peak_3819	chr13	114143790	114144438	.	649	432	840	962	528	696	506
peak_3820	chr13	114145284	114145956	.	673	272	512	514	220	292	204
peak_3821	chr14	20343103	20343753	.	651	672	2204	1514	708	1152	714
peak_3822	chr14	20454435	20456078	.	1644	1094	1948	1866	1142	1588	936
peak_3823	chr14	20460493	20462005	.	1513	1540	3700	2848	2280	3272	1840
peak_3824	chr14	20469151	20470790	.	1640	860	1600	1564	990	1354	692
peak_3825	chr14	20601110	20601364	.	255	206	166	188	274	350	184
peak_3826	chr14	20603732	20604296	.	565	412	570	618	548	702	412
peak_3827	chr14	20605841	20607549	.	1709	920	1322	1150	766	660	480
peak_3828	chr14	20630399	20631207	.	809	446	756	768	526	580	408
peak_3829	chr14	20942284	20942800	.	517	330	538	504	504	498	364
peak_3830	chr14	20970806	20972049	.	1244	1140	2604	2570	1496	1926	1292
peak_3831	chr14	21070069	21071955	.	1887	572	1408	1360	546	820	592
peak_3832	chr14	21103550	21104779	.	1230	808	1828	1734	688	1054	740
peak_3833	chr14	21218749	21218988	.	240	84	118	98	122	126	134
peak_3834	chr14	21510953	21511608	.	656	358	692	728	476	596	452
peak_3835	chr14	22281018	22281551	.	534	194	308	268	272	386	294
peak_3836	chr14	22725866	22726902	.	1037	380	614	626	368	362	306
peak_3837	chr14	22791356	22791677	.	322	156	322	196	304	324	216
peak_3838	chr14	23141796	23142267	.	472	108	180	164	284	322	218
peak_3839	chr14	24095149	24096055	.	907	428	668	594	338	358	280
peak_3840	chr14	24442242	24443008	.	767	444	1014	944	582	712	528
peak_3841	chr14	25516053	25517293	.	1241	370	422	438	692	728	490
peak_3842	chr14	31090673	31091030	.	358	120	168	134	216	264	162
peak_3843	chr14	31263586	31264011	.	426	220	466	326	394	538	282
peak_3844	chr14	31927413	31927828	.	416	164	376	314	348	380	346
peak_3845	chr14	31937798	31938200	.	403	288	708	480	412	494	376
peak_3846	chr14	32004325	32004592	.	268	86	204	150	172	230	144
peak_3847	chr14	32354783	32355026	.	244	46	160	134	172	286	252
peak_3848	chr14	33732185	33732658	.	474	238	224	214	330	448	280
peak_3849	chr14	34474243	34474547	.	305	132	166	142	192	250	164
peak_3850	chr14	34655161	34655575	.	415	182	232	226	260	262	222
peak_3851	chr14	34982201	34982792	.	592	288	626	656	368	570	344
peak_3852	chr14	35416807	35417265	.	459	316	568	478	432	544	324
peak_3853	chr14	36773614	36773927	.	314	70	102	118	186	252	162
peak_3854	chr14	42214992	42215422	.	431	154	246	164	298	362	168
peak_3855	chr14	45249020	45249517	.	498	208	272	308	484	558	408
peak_3856	chr14	49459894	49460300	.	407	208	212	298	370	438	274
peak_3857	chr14	49586061	49586664	.	604	842	1830	1528	844	1096	644
peak_3858	chr14	50001427	50001968	.	542	492	856	864	532	648	432
peak_3859	chr14	50018419	50018806	.	388	320	484	396	570	726	504
peak_3860	chr14	50054133	50054583	.	451	194	252	288	372	440	288
peak_3861	chr14	50321175	50321578	.	404	416	618	660	722	1014	598
peak_3862	chr14	50521096	50521757	.	662	188	228	198	456	474	338
peak_3863	chr14	50834992	50835767	.	776	440	596	666	572	804	522
peak_3864	chr14	50911105	50911419	.	315	110	186	190	244	402	256
peak_3865	chr14	50920651	50921264	.	614	340	584	406	638	814	506
peak_3866	chr14	50955334	50956119	.	786	754	1386	1290	988	1020	734
peak_3867	chr14	51161012	51161251	.	240	116	216	164	194	256	200
peak_3868	chr14	51761310	51762820	.	1511	844	840	734	1536	1546	900
peak_3869	chr14	52015265	52015894	.	630	398	782	706	582	710	430
peak_3870	chr14	52552053	52553113	.	1061	656	2466	2068	960	1496	892
peak_3871	chr14	53226525	53227264	.	740	414	706	936	636	864	684
peak_3872	chr14	53980217	53980578	.	362	150	260	286	290	460	262
peak_3873	chr14	54253237	54253913	.	677	476	720	824	668	688	526
peak_3874	chr14	54328011	54328468	.	458	228	336	354	484	584	368
peak_3875	chr14	54369130	54369546	.	417	140	220	222	356	488	390
peak_3876	chr14	54498378	54499026	.	649	464	524	690	728	774	598
peak_3877	chr14	54501500	54502076	.	577	574	634	564	660	716	500
peak_3878	chr14	54773272	54774447	.	1176	1116	2380	2154	1624	2324	1344
peak_3879	chr14	55107905	55108609	.	705	694	1878	1692	1164	1578	1088
peak_3880	chr14	55249351	55249801	.	451	312	402	414	530	604	408
peak_3881	chr14	55398651	55399029	.	379	296	364	292	458	518	310
peak_3882	chr14	55755728	55756285	.	558	250	428	470	494	614	434
peak_3883	chr14	55794006	55794935	.	930	514	608	652	850	874	670
peak_3884	chr14	55796592	55797159	.	568	206	270	282	482	552	302
peak_3885	chr14	55881736	55882285	.	550	258	632	560	592	748	628
peak_3886	chr14	55938293	55938805	.	513	322	526	666	566	636	458
peak_3887	chr14	56026483	56026823	.	341	94	138	182	266	306	274
peak_3888	chr14	56289304	56289740	.	437	258	346	380	462	638	456
peak_3889	chr14	56293534	56294332	.	799	276	400	378	536	778	452
peak_3890	chr14	56473442	56474081	.	640	426	678	634	688	786	456
peak_3891	chr14	56487831	56488262	.	432	242	244	330	434	456	294
peak_3892	chr14	56514967	56515534	.	568	268	496	552	584	640	524
peak_3893	chr14	56867055	56867342	.	288	90	194	196	214	246	232
peak_3894	chr14	57479711	57480325	.	615	228	322	324	574	544	312
peak_3895	chr14	57656974	57657785	.	812	288	378	428	596	656	382
peak_3896	chr14	57870855	57871294	.	440	342	478	524	358	396	240
peak_3897	chr14	57889219	57889600	.	382	302	484	552	454	568	334
peak_3898	chr14	58244617	58245419	.	803	726	1384	1392	1158	1232	816
peak_3899	chr14	58390263	58390642	.	380	188	378	312	308	488	262
peak_3900	chr14	58669003	58669455	.	453	192	208	272	306	316	306
peak_3901	chr14	58701694	58702072	.	379	274	372	342	476	544	382
peak_3902	chr14	59188258	59190272	.	2015	1002	2390	2400	1234	1498	1196
peak_3903	chr14	59521934	59522267	.	334	136	220	206	396	602	324
peak_3904	chr14	60094430	60094700	.	271	294	426	372	424	526	346
peak_3905	chr14	60247983	60248572	.	590	882	1238	1072	1440	1416	850
peak_3906	chr14	61177638	61178274	.	637	580	1014	1060	670	1112	654
peak_3907	chr14	61257666	61258039	.	374	208	268	308	480	554	392
peak_3908	chr14	61298927	61299706	.	780	434	418	512	662	694	510
peak_3909	chr14	61368049	61368670	.	622	444	580	594	464	464	258
peak_3910	chr14	61419884	61420709	.	826	598	940	1080	870	1060	726
peak_3911	chr14	61430524	61430748	.	225	106	112	134	206	248	232
peak_3912	chr14	61461248	61461766	.	519	558	638	664	876	1100	632
peak_3913	chr14	61561661	61562237	.	577	957	2336	1995	1341	2139	1324
peak_3914	chr14	61643369	61643926	.	558	504	768	754	1102	1562	1120
peak_3915	chr14	61762078	61762882	.	805	798	1662	1498	1000	1292	768
peak_3916	chr14	63200913	63201319	.	407	134	180	174	420	428	288
peak_3917	chr14	63745894	63746569	.	676	390	448	382	780	730	598
peak_3918	chr14	63752485	63753170	.	686	466	676	646	684	800	552
peak_3919	chr14	64146662	64147460	.	799	780	1130	1114	952	960	692
peak_3920	chr14	64220568	64221033	.	466	274	562	568	538	590	436
peak_3921	chr14	64232261	64233312	.	1052	432	674	656	782	764	558
peak_3922	chr14	64234618	64235829	.	1212	908	1480	1578	870	1130	692
peak_3923	chr14	64345668	64346141	.	474	386	310	350	420	512	294
peak_3924	chr14	64680176	64680471	.	296	308	496	578	278	312	216
peak_3925	chr14	64724086	64724825	.	740	846	1460	1482	1094	1354	1016
peak_3926	chr14	64758959	64759712	.	754	756	1274	1340	880	934	614
peak_3927	chr14	64762128	64762976	.	849	778	1410	1460	736	916	624
peak_3928	chr14	64763961	64765827	.	1867	1600	2872	3207	1952	2474	1762
peak_3929	chr14	64775429	64775754	.	326	290	448	568	368	594	468
peak_3930	chr14	64817498	64818779	.	1282	784	1168	1182	658	814	592
peak_3931	chr14	64822864	64824184	.	1321	1014	2026	2148	1262	1516	1148
peak_3932	chr14	64953022	64953573	.	552	464	678	600	528	574	462
peak_3933	chr14	64979496	64980041	.	546	454	664	750	452	610	416
peak_3934	chr14	64986690	64987718	.	1029	866	1686	1682	1028	1342	908
peak_3935	chr14	65081378	65081701	.	324	168	250	314	440	524	372
peak_3936	chr14	65102789	65103793	.	1005	996	1991	1736	1356	1742	1022
peak_3937	chr14	65125411	65126072	.	662	418	562	576	660	670	420
peak_3938	chr14	65154591	65154974	.	384	182	236	230	334	342	238
peak_3939	chr14	65157977	65158756	.	780	456	586	600	616	616	512
peak_3940	chr14	65161944	65163334	.	1391	800	1314	1270	800	810	592
peak_3941	chr14	65239072	65239851	.	780	914	1320	1368	946	1040	758
peak_3942	chr14	65258348	65258828	.	481	440	596	480	742	1074	648
peak_3943	chr14	65287024	65287780	.	757	602	1062	1394	578	568	488
peak_3944	chr14	65356373	65356748	.	376	422	700	558	638	804	528
peak_3945	chr14	65411670	65413921	.	2252	1576	4192	3968	1718	2506	1698
peak_3946	chr14	65786155	65787212	.	1058	808	1110	1452	1020	1046	822
peak_3947	chr14	65790193	65790631	.	439	376	752	816	422	614	410
peak_3948	chr14	65791239	65792991	.	1753	1514	2598	2664	1794	2624	1728
peak_3949	chr14	65800729	65801882	.	1154	754	1014	972	1082	1218	824
peak_3950	chr14	65948241	65948545	.	305	334	572	602	344	502	368
peak_3951	chr14	65950174	65950647	.	474	340	600	618	478	650	378
peak_3952	chr14	66015527	66016078	.	552	236	248	312	470	472	296
peak_3953	chr14	66045740	66046215	.	476	256	460	572	404	456	362
peak_3954	chr14	66102532	66102967	.	436	302	596	502	536	588	556
peak_3955	chr14	66267363	66267718	.	356	114	148	144	272	282	214
peak_3956	chr14	66507307	66508670	.	1364	1576	4170	3876	2048	2674	1810
peak_3957	chr14	67359396	67360886	.	1491	1406	3040	2686	1616	2272	1268
peak_3958	chr14	67391275	67391773	.	499	444	526	564	486	538	372
peak_3959	chr14	67428493	67429027	.	535	598	866	1038	626	830	556
peak_3960	chr14	67429890	67430945	.	1056	736	1078	1156	964	1154	760
peak_3961	chr14	67441233	67441931	.	699	538	592	662	452	372	350
peak_3962	chr14	67461433	67461790	.	358	226	320	334	382	516	374
peak_3963	chr14	67485675	67486264	.	590	542	830	828	648	884	606
peak_3964	chr14	67486548	67487306	.	759	582	1030	1228	1002	1420	958
peak_3965	chr14	67513261	67515322	.	2062	946	1792	1868	962	994	692
peak_3966	chr14	67526632	67527234	.	603	434	874	958	606	726	522
peak_3967	chr14	67538413	67538840	.	428	270	398	466	440	618	434
peak_3968	chr14	67738961	67739424	.	464	504	998	1008	952	1426	990
peak_3969	chr14	67933291	67933721	.	431	326	538	434	566	704	430
peak_3970	chr14	68468648	68469121	.	474	350	504	570	618	720	446
peak_3971	chr14	68520985	68521448	.	464	200	384	486	412	534	370
peak_3972	chr14	68577528	68578176	.	649	406	636	792	562	732	404
peak_3973	chr14	68685156	68686055	.	900	1028	2062	1762	1894	2196	1464
peak_3974	chr14	68695217	68695873	.	657	682	1610	1386	944	1372	808
peak_3975	chr14	68739435	68739969	.	535	168	202	218	442	404	250
peak_3976	chr14	68819098	68819817	.	720	578	990	1174	470	418	350
peak_3977	chr14	68897658	68899031	.	1374	1002	1696	1696	1218	1480	1012
peak_3978	chr14	69038456	69039154	.	699	506	776	848	612	706	472
peak_3979	chr14	69055132	69055929	.	798	414	1024	1240	792	992	692
peak_3980	chr14	69270099	69271001	.	903	550	1118	974	738	944	694
peak_3981	chr14	69291390	69292720	.	1331	876	1230	1372	734	644	538
peak_3982	chr14	69316878	69317537	.	660	624	1176	1132	832	810	718
peak_3983	chr14	69333790	69334229	.	440	452	800	696	628	800	570
peak_3984	chr14	69346871	69347658	.	788	478	1148	1156	772	964	690
peak_3985	chr14	69357757	69358903	.	1147	772	1534	1728	934	1368	1008
peak_3986	chr14	69479092	69479603	.	512	318	598	618	516	706	460
peak_3987	chr14	69481724	69482846	.	1123	834	1170	1056	818	780	570
peak_3988	chr14	69502809	69503474	.	666	710	1250	1138	672	786	468
peak_3989	chr14	69519214	69519904	.	691	702	1160	1126	1008	1118	766
peak_3990	chr14	69811229	69811758	.	530	360	570	570	534	626	384
peak_3991	chr14	69848992	69849488	.	497	310	474	478	510	686	450
peak_3992	chr14	69853865	69854337	.	473	170	268	316	364	440	306
peak_3993	chr14	69982356	69982952	.	597	382	690	736	626	794	602
peak_3994	chr14	70023576	70024253	.	678	466	660	704	722	934	592
peak_3995	chr14	70045819	70046568	.	750	736	1360	1426	826	876	650
peak_3996	chr14	70255092	70256135	.	1044	738	1488	1540	980	1282	752
peak_3997	chr14	70256571	70257044	.	474	446	808	686	678	626	416
peak_3998	chr14	70640777	70642981	.	2205	1002	1798	1768	1052	1300	858
peak_3999	chr14	70663479	70664458	.	980	514	716	726	792	934	590
peak_4000	chr14	70666091	70666513	.	423	310	518	474	486	530	342
peak_4001	chr14	70721565	70721990	.	426	268	402	582	522	538	446
peak_4002	chr14	70731471	70732390	.	920	408	958	916	936	1148	812
peak_4003	chr14	70755033	70756056	.	1024	664	922	998	972	1140	800
peak_4004	chr14	71123804	71124291	.	488	374	566	628	544	584	486
peak_4005	chr14	71138893	71139728	.	836	376	658	558	702	742	502
peak_4006	chr14	71240067	71240946	.	880	422	580	658	806	942	672
peak_4007	chr14	71672429	71672877	.	449	188	408	604	668	736	554
peak_4008	chr14	71675686	71676252	.	567	178	234	350	340	398	294
peak_4009	chr14	71721130	71721949	.	820	598	1002	1004	796	810	620
peak_4010	chr14	72117285	72117991	.	707	456	558	590	832	904	662
peak_4011	chr14	72256104	72256505	.	402	288	538	428	528	856	408
peak_4012	chr14	72421592	72422212	.	621	368	614	620	616	784	586
peak_4013	chr14	72610510	72611301	.	792	484	1032	1108	710	880	680
peak_4014	chr14	72643340	72643818	.	479	370	790	952	492	650	570
peak_4015	chr14	72677446	72678045	.	600	246	428	648	668	750	574
peak_4016	chr14	72683366	72683931	.	566	216	272	328	392	506	350
peak_4017	chr14	72686097	72686557	.	461	196	346	306	572	742	534
peak_4018	chr14	72801381	72802526	.	1146	542	816	924	924	1020	716
peak_4019	chr14	72925413	72927322	.	1910	1816	3830	3882	2234	2788	1800
peak_4020	chr14	73240583	73242614	.	2032	1236	2200	2102	730	750	524
peak_4021	chr14	73248055	73248911	.	857	362	626	666	558	704	488
peak_4022	chr14	73261371	73262382	.	1012	920	1636	1782	896	1062	788
peak_4023	chr14	73266248	73267139	.	892	652	1006	1116	870	930	634
peak_4024	chr14	73457501	73458875	.	1375	1450	3030	2942	1770	2056	1346
peak_4025	chr14	73582235	73582485	.	251	46	100	78	148	210	124
peak_4026	chr14	73598423	73599272	.	850	398	594	672	670	802	548
peak_4027	chr14	73740102	73741112	.	1011	824	1636	1724	694	924	614
peak_4028	chr14	73744070	73745634	.	1565	1384	2304	2580	1424	1574	1276
peak_4029	chr14	73745812	73747440	.	1629	938	1698	1742	518	558	450
peak_4030	chr14	73758285	73759516	.	1232	1216	2090	2166	1192	1514	1104
peak_4031	chr14	73770798	73772367	.	1570	1216	2006	1982	1694	2122	1474
peak_4032	chr14	73785891	73786334	.	444	396	750	820	572	706	428
peak_4033	chr14	73949759	73950731	.	973	1428	2662	2736	1816	2094	1410
peak_4034	chr14	73953575	73954072	.	498	346	666	810	902	1052	850
peak_4035	chr14	74067138	74067732	.	595	344	606	576	536	550	424
peak_4036	chr14	74073014	74073591	.	578	376	688	794	736	1008	614
peak_4037	chr14	74237381	74238139	.	759	360	548	562	478	628	414
peak_4038	chr14	74247225	74247754	.	530	300	480	486	316	410	284
peak_4039	chr14	74364184	74364924	.	741	498	850	858	514	562	358
peak_4040	chr14	74392992	74393553	.	562	244	380	430	278	424	350
peak_4041	chr14	74400994	74402324	.	1331	640	1096	1226	572	796	594
peak_4042	chr14	74609014	74610150	.	1137	682	1076	978	610	802	672
peak_4043	chr14	74965915	74966718	.	804	344	580	602	564	802	564
peak_4044	chr14	75107331	75107494	.	164	102	106	98	166	192	146
peak_4045	chr14	75258656	75259547	.	892	836	2070	1622	1136	1580	960
peak_4046	chr14	75278230	75279711	.	1482	828	1650	1584	786	1042	680
peak_4047	chr14	75400276	75400687	.	412	220	472	450	370	470	324
peak_4048	chr14	75422257	75422503	.	247	88	190	240	312	292	236
peak_4049	chr14	75660801	75661714	.	914	566	1238	1280	652	850	630
peak_4050	chr14	76090856	76091331	.	476	324	464	436	344	454	322
peak_4051	chr14	76203365	76203985	.	621	266	534	558	546	680	496
peak_4052	chr14	76407027	76408180	.	1154	480	792	902	670	720	540
peak_4053	chr14	76694321	76694547	.	227	106	164	172	168	272	140
peak_4054	chr14	76700762	76701347	.	586	184	300	320	526	594	434
peak_4055	chr14	76904008	76905187	.	1180	670	1212	1182	668	690	516
peak_4056	chr14	76956547	76957084	.	538	298	788	728	419	680	426
peak_4057	chr14	76958311	76959637	.	1327	540	826	796	352	352	244
peak_4058	chr14	76977899	76978412	.	514	420	848	856	570	740	468
peak_4059	chr14	76994322	76994733	.	412	172	180	170	336	348	194
peak_4060	chr14	77061830	77062170	.	341	192	220	220	262	260	174
peak_4061	chr14	77143183	77143510	.	328	166	448	386	284	436	234
peak_4062	chr14	77158566	77159092	.	527	344	532	552	414	628	478
peak_4063	chr14	77186815	77187924	.	1110	508	1158	1144	582	606	452
peak_4064	chr14	77200193	77200921	.	729	454	786	834	590	650	508
peak_4065	chr14	77264122	77264730	.	609	376	598	688	584	504	408
peak_4066	chr14	77290455	77291055	.	601	548	888	928	762	1200	764
peak_4067	chr14	77456964	77458759	.	1796	1046	2276	1960	1124	1296	866
peak_4068	chr14	77486323	77487064	.	742	578	1040	1098	728	776	596
peak_4069	chr14	77616505	77617158	.	654	718	1884	1576	740	1132	730
peak_4070	chr14	77790616	77791115	.	500	260	348	442	164	170	110
peak_4071	chr14	77870657	77871064	.	408	246	366	454	278	364	272
peak_4072	chr14	77880996	77881479	.	484	258	430	478	362	466	362
peak_4073	chr14	77990829	77991301	.	473	210	358	354	156	178	158
peak_4074	chr14	78593307	78593813	.	507	184	238	204	268	356	250
peak_4075	chr14	79543053	79543590	.	538	294	314	286	492	518	366
peak_4076	chr14	81219239	81219630	.	392	350	712	666	396	480	306
peak_4077	chr14	81220691	81221552	.	862	774	1610	1542	1126	1470	844
peak_4078	chr14	81246590	81247679	.	1090	440	714	750	602	812	532
peak_4079	chr14	81268025	81268410	.	386	132	166	204	372	450	240
peak_4080	chr14	83298042	83298498	.	457	166	238	236	446	484	444
peak_4081	chr14	86168316	86168901	.	586	320	472	492	694	816	536
peak_4082	chr14	86169650	86170201	.	552	136	186	198	320	322	252
peak_4083	chr14	86925748	86926165	.	418	486	538	638	800	802	664
peak_4084	chr14	87133315	87133808	.	494	494	870	854	672	952	570
peak_4085	chr14	87533640	87533914	.	275	82	202	232	218	286	228
peak_4086	chr14	87846990	87847462	.	473	194	218	304	462	422	364
peak_4087	chr14	88245282	88245744	.	463	232	458	446	348	506	320
peak_4088	chr14	88488904	88489240	.	337	108	150	216	418	346	306
peak_4089	chr14	89264238	89264853	.	616	218	212	298	378	522	410
peak_4090	chr14	89509947	89510639	.	693	182	426	472	366	520	320
peak_4091	chr14	90003995	90004354	.	360	130	192	168	194	338	236
peak_4092	chr14	90516871	90517242	.	372	270	542	510	232	432	276
peak_4093	chr14	90574328	90575046	.	719	260	384	418	394	492	362
peak_4094	chr14	90777804	90778264	.	461	236	350	342	382	400	242
peak_4095	chr14	91060525	91061225	.	701	452	1648	1370	644	938	678
peak_4096	chr14	91267254	91267845	.	592	204	334	364	316	400	322
peak_4097	chr14	91310740	91311778	.	1039	478	704	808	596	738	574
peak_4098	chr14	91873574	91874272	.	699	238	434	410	374	512	346
peak_4099	chr14	92382853	92383742	.	890	368	630	614	412	502	306
peak_4100	chr14	92391346	92392115	.	770	268	468	476	510	554	468
peak_4101	chr14	92531490	92531813	.	324	112	206	204	188	240	200
peak_4102	chr14	92630848	92631183	.	336	104	252	200	184	322	296
peak_4103	chr14	92728737	92729071	.	335	160	266	226	280	436	270
peak_4104	chr14	92902797	92903964	.	1168	356	692	592	446	522	366
peak_4105	chr14	92960114	92963024	.	2911	1074	1928	2116	926	1150	820
peak_4106	chr14	93006916	93007637	.	722	274	556	632	466	536	436
peak_4107	chr14	93035817	93036673	.	857	408	904	874	538	840	520
peak_4108	chr14	93092855	93093208	.	354	198	326	332	262	276	184
peak_4109	chr14	93139196	93139561	.	366	216	384	382	382	500	276
peak_4110	chr14	93375776	93376045	.	270	60	98	58	150	120	146
peak_4111	chr14	93715953	93717032	.	1080	468	968	1070	700	782	526
peak_4112	chr14	93766184	93766659	.	476	224	320	356	436	514	410
peak_4113	chr14	94345410	94345997	.	588	314	566	632	488	634	412
peak_4114	chr14	94346398	94346849	.	452	282	440	442	468	500	416
peak_4115	chr14	94685168	94685612	.	445	234	406	466	244	322	260
peak_4116	chr14	94789901	94790188	.	288	90	128	112	128	218	112
peak_4117	chr14	95336098	95336905	.	808	344	564	592	348	388	292
peak_4118	chr14	95413769	95414116	.	348	88	172	194	128	246	154
peak_4119	chr14	95460813	95461532	.	720	240	690	766	408	544	458
peak_4120	chr14	95500972	95501587	.	616	236	386	470	342	452	288
peak_4121	chr14	95534364	95535124	.	761	426	1204	1044	512	774	482
peak_4122	chr14	95572373	95572795	.	423	152	188	210	272	412	242
peak_4123	chr14	95741029	95741566	.	538	262	524	640	478	574	422
peak_4124	chr14	95839621	95839935	.	315	134	114	174	228	312	194
peak_4125	chr14	96100087	96100501	.	415	236	364	420	360	466	318
peak_4126	chr14	96138475	96139123	.	649	206	240	230	342	394	222
peak_4127	chr14	96267956	96268295	.	340	158	228	274	224	300	222
peak_4128	chr14	97688041	97688557	.	517	102	200	224	270	362	292
peak_4129	chr14	97866082	97866620	.	539	94	218	188	288	396	288
peak_4130	chr14	98754336	98754943	.	608	110	228	142	354	484	276
peak_4131	chr14	99218341	99218850	.	510	252	576	476	408	504	362
peak_4132	chr14	99560977	99561541	.	565	158	310	406	178	350	194
peak_4133	chr14	99578298	99580601	.	2304	860	1760	1934	894	1185	770
peak_4134	chr14	99659906	99661314	.	1409	634	1076	1246	728	1030	800
peak_4135	chr14	99680970	99681884	.	915	376	734	718	462	632	356
peak_4136	chr14	99749700	99750517	.	818	444	696	694	514	650	430
peak_4137	chr14	99774163	99774401	.	239	114	162	172	126	168	168
peak_4138	chr14	99969223	99969944	.	722	326	442	442	350	448	312
peak_4139	chr14	100156802	100157901	.	1100	468	648	706	328	442	356
peak_4140	chr14	100223375	100223695	.	321	150	184	222	170	210	156
peak_4141	chr14	100416857	100417924	.	1068	564	1076	1236	638	810	656
peak_4142	chr14	100439190	100439720	.	531	210	422	414	298	432	262
peak_4143	chr14	100476400	100477223	.	824	460	856	830	494	646	398
peak_4144	chr14	100842708	100843023	.	316	134	196	202	184	298	156
peak_4145	chr14	100871251	100873434	.	2184	1342	2084	2124	2538	3162	2626
peak_4146	chr14	101123856	101124265	.	410	160	378	362	226	286	190
peak_4147	chr14	101475954	101476592	.	639	330	580	628	554	804	586
peak_4148	chr14	101551722	101552109	.	388	222	280	288	292	388	280
peak_4149	chr14	101636135	101636442	.	308	162	354	274	218	384	292
peak_4150	chr14	101808017	101808381	.	365	174	258	292	246	256	172
peak_4151	chr14	102948968	102949318	.	351	104	208	222	154	194	136
peak_4152	chr14	103136714	103137172	.	459	214	362	346	292	340	248
peak_4153	chr14	104972581	104973932	.	1352	516	1224	1150	682	978	734
peak_4154	chr14	105028245	105028728	.	484	170	262	256	214	332	194
peak_4155	chr14_GL000194v1_random	17046	17140	.	95	124	162	134	124	108	66
peak_4156	chr14_GL000194v1_random	76196	76748	.	553	276	366	342	194	180	110
peak_4157	chr14_GL000194v1_random	101291	101888	.	598	310	602	524	454	640	442
peak_4158	chr14_GL000225v1_random	11931	12355	.	425	252	356	358	340	414	252
peak_4159	chr14_GL000225v1_random	21216	23524	.	2309	1560	2368	2188	1452	1526	1138
peak_4160	chr14_GL000225v1_random	24343	24867	.	525	330	462	378	336	394	238
peak_4161	chr14_GL000225v1_random	26331	27136	.	806	670	908	968	730	788	598
peak_4162	chr14_GL000225v1_random	28017	29183	.	1167	660	760	730	482	606	456
peak_4163	chr14_GL000225v1_random	33194	33398	.	205	158	260	158	164	208	148
peak_4164	chr14_GL000225v1_random	34432	34965	.	534	526	640	736	602	652	420
peak_4165	chr14_GL000225v1_random	45064	45332	.	269	116	208	174	140	170	152
peak_4166	chr14_GL000225v1_random	46700	47535	.	836	670	804	940	894	894	636
peak_4167	chr14_GL000225v1_random	49031	49316	.	286	194	252	278	324	384	328
peak_4168	chr14_GL000225v1_random	51238	52031	.	794	1018	1332	1160	1110	1298	948
peak_4169	chr14_GL000225v1_random	56241	56617	.	377	192	310	352	230	326	222
peak_4170	chr14_GL000225v1_random	60646	60972	.	327	372	480	444	460	676	486
peak_4171	chr14_GL000225v1_random	61245	61393	.	149	194	180	200	322	230	188
peak_4172	chr14_GL000225v1_random	61628	62266	.	639	528	776	692	284	332	242
peak_4173	chr14_GL000225v1_random	66184	66482	.	299	360	652	622	474	682	468
peak_4174	chr14_GL000225v1_random	68167	68444	.	278	352	416	394	296	330	262
peak_4175	chr14_GL000225v1_random	68920	69181	.	262	200	348	366	276	354	294
peak_4176	chr14_GL000225v1_random	69301	69516	.	216	144	270	242	232	262	206
peak_4177	chr14_GL000225v1_random	74410	75633	.	1224	982	1198	1158	1092	1198	874
peak_4178	chr14_GL000225v1_random	83422	83972	.	551	464	648	626	666	590	422
peak_4179	chr14_GL000225v1_random	91337	92167	.	831	530	660	622	570	742	584
peak_4180	chr14_GL000225v1_random	92727	92980	.	254	196	302	254	178	224	162
peak_4181	chr14_KI270723v1_random	37301	38086	.	786	478	734	620	774	906	574
peak_4182	chr15	22776004	22776267	.	264	74	86	126	186	228	152
peak_4183	chr15	22837423	22839136	.	1714	796	1804	1666	782	1214	688
peak_4184	chr15	22888189	22888487	.	299	156	250	238	330	430	278
peak_4185	chr15	22895494	22895854	.	361	162	386	410	416	524	390
peak_4186	chr15	22902830	22903841	.	1012	458	854	820	582	632	498
peak_4187	chr15	22989650	22990179	.	530	310	518	592	400	526	444
peak_4188	chr15	23054124	23054509	.	386	112	148	180	192	252	236
peak_4189	chr15	25188079	25189423	.	1345	458	1084	982	908	890	604
peak_4190	chr15	25196017	25197451	.	1435	616	998	1074	986	910	602
peak_4191	chr15	25217436	25218635	.	1200	656	1334	1440	1050	1308	890
peak_4192	chr15	25226165	25226654	.	490	248	450	498	378	344	310
peak_4193	chr15	25246061	25247359	.	1299	622	976	1128	1070	946	728
peak_4194	chr15	25504668	25505299	.	632	324	518	462	588	750	534
peak_4195	chr15	25507336	25507902	.	567	400	678	634	580	702	412
peak_4196	chr15	25616227	25616876	.	650	370	564	656	576	662	552
peak_4197	chr15	25644017	25644574	.	558	488	1010	1122	824	980	664
peak_4198	chr15	25669966	25670568	.	603	370	614	678	472	586	404
peak_4199	chr15	25775337	25775897	.	561	362	798	810	612	876	582
peak_4200	chr15	25787858	25788504	.	647	388	680	796	438	566	462
peak_4201	chr15	25810098	25811016	.	919	572	888	948	638	664	552
peak_4202	chr15	25845965	25846831	.	867	378	534	618	588	592	390
peak_4203	chr15	25900721	25902680	.	1960	952	1388	1518	754	820	656
peak_4204	chr15	25931903	25932233	.	331	176	174	176	292	340	206
peak_4205	chr15	25932925	25934146	.	1222	738	1370	1472	954	1190	894
peak_4206	chr15	26373939	26374263	.	325	148	242	288	268	428	364
peak_4207	chr15	26380537	26380945	.	409	196	240	274	282	296	286
peak_4208	chr15	26394668	26395280	.	613	376	694	828	624	838	588
peak_4209	chr15	26658444	26658777	.	334	116	120	188	238	358	220
peak_4210	chr15	26864393	26864959	.	567	336	462	468	548	642	406
peak_4211	chr15	26866626	26867784	.	1159	484	1140	1294	542	706	592
peak_4212	chr15	27039075	27039693	.	619	392	534	624	378	458	380
peak_4213	chr15	27042578	27043044	.	467	254	430	490	342	490	312
peak_4214	chr15	27061819	27062413	.	595	502	860	830	652	826	640
peak_4215	chr15	27119486	27120062	.	577	316	530	640	564	660	472
peak_4216	chr15	27455849	27456424	.	576	476	696	718	642	668	462
peak_4217	chr15	27553880	27554322	.	443	306	612	516	398	450	324
peak_4218	chr15	27669759	27670208	.	450	176	294	332	434	456	270
peak_4219	chr15	27698391	27699324	.	934	686	938	1048	1102	1204	854
peak_4220	chr15	28004202	28005213	.	1012	704	974	1198	1032	1486	940
peak_4221	chr15	28056469	28057152	.	684	420	596	602	512	690	540
peak_4222	chr15	28217065	28217393	.	329	132	220	172	224	294	148
peak_4223	chr15	28865016	28865297	.	282	118	192	118	182	300	158
peak_4224	chr15	28893008	28893544	.	537	186	376	360	288	436	304
peak_4225	chr15	28977253	28977787	.	535	250	624	434	356	456	324
peak_4226	chr15	29113465	29114251	.	787	340	522	716	480	654	406
peak_4227	chr15	29849778	29850127	.	350	128	188	248	200	266	196
peak_4228	chr15	30953914	30954403	.	490	192	386	476	416	480	388
peak_4229	chr15	31101641	31102857	.	1217	528	822	990	734	988	584
peak_4230	chr15	31384723	31385091	.	369	140	120	114	228	242	158
peak_4231	chr15	31458629	31459329	.	701	284	446	492	342	532	430
peak_4232	chr15	31522450	31522883	.	434	150	206	184	236	270	192
peak_4233	chr15	31975029	31977504	.	2476	932	1478	1460	1072	1434	1004
peak_4234	chr15	32688113	32688665	.	553	198	322	330	496	428	368
peak_4235	chr15	33559204	33559526	.	323	120	118	138	256	222	174
peak_4236	chr15	33581145	33581354	.	210	60	112	92	140	220	138
peak_4237	chr15	34430433	34430961	.	529	208	384	386	238	414	280
peak_4238	chr15	38440355	38441944	.	1590	814	1654	1612	1078	1092	902
peak_4239	chr15	39031210	39031465	.	256	86	96	108	176	194	136
peak_4240	chr15	39230536	39231000	.	465	296	618	556	538	776	612
peak_4241	chr15	39270806	39271447	.	642	592	864	804	756	830	642
peak_4242	chr15	40084650	40085176	.	527	244	308	316	340	380	246
peak_4243	chr15	40098641	40099073	.	433	242	656	618	344	454	292
peak_4244	chr15	40150112	40150839	.	728	408	792	696	764	938	570
peak_4245	chr15	40241086	40241984	.	899	490	1026	984	572	696	660
peak_4246	chr15	40256290	40258359	.	2070	1550	2224	2288	1218	1614	1106
peak_4247	chr15	40265729	40267468	.	1740	906	1728	1788	876	1208	804
peak_4248	chr15	40269631	40270836	.	1206	1108	1766	1926	1128	1440	938
peak_4249	chr15	40306167	40308451	.	2285	1192	2048	2122	876	990	684
peak_4250	chr15	40334662	40335551	.	890	528	1088	1168	506	650	454
peak_4251	chr15	40338089	40341306	.	3218	1574	3376	3268	1352	1994	1332
peak_4252	chr15	40342828	40345107	.	2280	940	1582	1770	762	754	532
peak_4253	chr15	40451579	40452624	.	1046	504	792	770	492	484	294
peak_4254	chr15	40497218	40497826	.	609	434	706	732	614	740	506
peak_4255	chr15	40743804	40744475	.	672	252	478	526	478	650	418
peak_4256	chr15	40806702	40807931	.	1230	652	1498	1436	784	1034	696
peak_4257	chr15	40834937	40835565	.	629	170	484	404	346	552	260
peak_4258	chr15	40845471	40846534	.	1064	780	1472	1410	744	1002	688
peak_4259	chr15	40891782	40892603	.	822	756	874	884	672	752	572
peak_4260	chr15	40914389	40914837	.	449	324	508	560	386	542	354
peak_4261	chr15	40920665	40921306	.	642	400	484	604	462	512	386
peak_4262	chr15	40954171	40954693	.	523	324	432	420	360	440	258
peak_4263	chr15	40955165	40957408	.	2244	1124	1858	1974	1060	1008	714
peak_4264	chr15	40966170	40966550	.	381	158	280	296	260	266	250
peak_4265	chr15	41115147	41115890	.	744	316	618	618	596	672	486
peak_4266	chr15	41600392	41600757	.	366	282	486	580	342	480	420
peak_4267	chr15	41661572	41662053	.	482	308	630	616	388	530	458
peak_4268	chr15	41806276	41807009	.	734	408	696	730	536	606	482
peak_4269	chr15	41865990	41874120	.	8131	3376	6500	6710	3070	3948	2598
peak_4270	chr15	41917832	41919184	.	1353	668	1160	1146	1062	1100	852
peak_4271	chr15	41994856	41996032	.	1177	564	1050	1192	576	644	396
peak_4272	chr15	42056924	42058261	.	1338	998	2120	1862	1208	1618	1202
peak_4273	chr15	42065039	42065503	.	465	266	656	742	308	612	450
peak_4274	chr15	42080612	42081611	.	1000	500	918	966	470	522	436
peak_4275	chr15	42084454	42085633	.	1180	650	1034	1100	540	654	476
peak_4276	chr15	42100369	42100722	.	354	192	292	276	296	332	208
peak_4277	chr15	42404603	42405168	.	566	368	534	494	454	526	342
peak_4278	chr15	42575085	42576361	.	1277	1130	3970	2930	1030	1618	1106
peak_4279	chr15	42689379	42691031	.	1653	526	812	696	254	338	242
peak_4280	chr15	43266855	43267270	.	416	210	526	582	320	488	372
peak_4281	chr15	43274127	43274605	.	479	194	346	406	256	428	308
peak_4282	chr15	44711200	44712215	.	1016	716	1550	1454	830	1094	774
peak_4283	chr15	44728454	44728706	.	253	208	500	384	358	460	246
peak_4284	chr15	45122107	45122403	.	297	76	294	286	198	256	178
peak_4285	chr15	45146260	45146930	.	671	300	450	384	380	470	364
peak_4286	chr15	45443452	45443976	.	525	264	498	498	460	502	408
peak_4287	chr15	45447983	45448657	.	675	348	748	894	516	786	572
peak_4288	chr15	45529668	45529996	.	329	164	266	326	264	364	286
peak_4289	chr15	45631323	45631698	.	376	266	322	396	340	286	238
peak_4290	chr15	45650029	45650350	.	322	88	216	196	242	346	244
peak_4291	chr15	50830946	50831306	.	361	106	188	182	238	276	188
peak_4292	chr15	52077088	52077506	.	419	166	420	406	344	454	340
peak_4293	chr15	52100786	52101234	.	449	178	390	348	354	410	256
peak_4294	chr15	52227411	52227804	.	394	296	382	380	404	350	290
peak_4295	chr15	52255984	52256517	.	534	230	434	358	386	494	326
peak_4296	chr15	52520211	52520678	.	468	200	216	254	324	406	270
peak_4297	chr15	57019568	57020097	.	530	172	164	166	352	364	272
peak_4298	chr15	57334189	57335684	.	1496	1342	2472	2572	1830	2578	1644
peak_4299	chr15	57337754	57338230	.	477	284	556	646	426	548	404
peak_4300	chr15	57539997	57541805	.	1809	904	1222	1372	1050	1254	860
peak_4301	chr15	57685265	57686145	.	881	410	606	680	794	838	756
peak_4302	chr15	58232276	58232942	.	667	298	478	480	476	606	538
peak_4303	chr15	58313303	58313965	.	663	510	744	776	748	874	564
peak_4304	chr15	58453912	58454866	.	955	586	858	846	890	1172	878
peak_4305	chr15	58466193	58466880	.	688	190	192	238	450	426	286
peak_4306	chr15	58472785	58473192	.	408	328	498	606	352	448	332
peak_4307	chr15	58476176	58476830	.	655	368	586	626	506	646	504
peak_4308	chr15	58957235	58957644	.	410	390	382	444	548	474	404
peak_4309	chr15	58966855	58967241	.	387	288	206	182	418	470	308
peak_4310	chr15	59681067	59681320	.	254	92	78	114	278	238	214
peak_4311	chr15	59688613	59689561	.	949	626	1562	1282	688	956	540
peak_4312	chr15	60212652	60213630	.	979	390	452	596	548	570	434
peak_4313	chr15	60255395	60255739	.	345	210	408	306	434	556	454
peak_4314	chr15	60855279	60855509	.	231	242	300	214	260	300	288
peak_4315	chr15	61831187	61832583	.	1397	586	934	1050	272	336	172
peak_4316	chr15	62059877	62060910	.	1034	1222	2426	2008	1046	1514	928
peak_4317	chr15	62252712	62254670	.	1959	978	1534	1484	758	770	636
peak_4318	chr15	62470349	62470703	.	355	324	436	406	318	392	310
peak_4319	chr15	62742076	62742388	.	313	224	340	302	298	368	202
peak_4320	chr15	62894430	62894716	.	287	312	558	506	434	430	386
peak_4321	chr15	62940233	62941452	.	1220	892	1582	1502	1062	1108	782
peak_4322	chr15	63474792	63475307	.	516	234	440	486	250	328	234
peak_4323	chr15	63610612	63611080	.	469	304	502	494	242	186	148
peak_4324	chr15	63764403	63764927	.	525	468	742	636	826	1242	870
peak_4325	chr15	63888213	63889197	.	985	886	1148	1142	956	1034	728
peak_4326	chr15	63892717	63893348	.	632	462	752	782	704	650	638
peak_4327	chr15	63893435	63895175	.	1741	1020	1802	1802	898	846	700
peak_4328	chr15	63985296	63985731	.	436	420	610	696	416	446	330
peak_4329	chr15	64010560	64011376	.	817	464	826	692	572	742	542
peak_4330	chr15	64047859	64048205	.	347	202	296	340	278	334	214
peak_4331	chr15	64071362	64072244	.	883	856	1452	1408	1382	1968	1232
peak_4332	chr15	64265207	64265542	.	336	132	172	146	244	332	238
peak_4333	chr15	64750122	64750717	.	596	454	802	962	616	888	546
peak_4334	chr15	64753495	64754130	.	636	382	506	534	436	526	338
peak_4335	chr15	64806188	64807152	.	965	644	1234	1494	788	1286	864
peak_4336	chr15	64884019	64884504	.	486	508	1116	938	618	1136	686
peak_4337	chr15	65085023	65085666	.	644	442	948	906	448	660	398
peak_4338	chr15	65204310	65204753	.	444	256	420	480	406	552	386
peak_4339	chr15	65217703	65219056	.	1354	824	1084	1054	936	974	594
peak_4340	chr15	65323132	65323448	.	317	202	484	528	252	368	242
peak_4341	chr15	65413555	65414239	.	685	590	790	842	770	974	568
peak_4342	chr15	65612588	65612986	.	399	244	408	398	464	474	386
peak_4343	chr15	65869206	65870003	.	798	510	1340	1368	702	1040	588
peak_4344	chr15	65936863	65937447	.	585	386	592	700	556	624	492
peak_4345	chr15	65939120	65940958	.	1839	1166	1838	1672	968	1108	784
peak_4346	chr15	66007000	66007395	.	396	282	304	308	288	304	252
peak_4347	chr15	66030038	66030574	.	537	328	412	354	504	612	364
peak_4348	chr15	66080728	66081294	.	567	398	754	888	586	654	458
peak_4349	chr15	66098577	66098995	.	419	232	338	328	366	392	330
peak_4350	chr15	66114996	66115919	.	924	446	828	754	582	768	518
peak_4351	chr15	66141304	66141957	.	654	364	496	532	356	354	262
peak_4352	chr15	66160829	66161548	.	720	518	814	868	584	612	454
peak_4353	chr15	66225430	66226246	.	817	430	508	508	664	752	474
peak_4354	chr15	66233556	66233918	.	363	200	296	338	436	488	254
peak_4355	chr15	66238891	66239969	.	1079	718	1242	1438	1144	1128	910
peak_4356	chr15	66477081	66478029	.	949	670	1168	1286	756	874	602
peak_4357	chr15	66578370	66578963	.	594	266	514	610	400	518	354
peak_4358	chr15	66593006	66594108	.	1103	604	814	798	414	386	286
peak_4359	chr15	66617211	66618087	.	877	742	1432	1504	756	1196	852
peak_4360	chr15	66658856	66659348	.	493	250	316	314	304	436	260
peak_4361	chr15	66704767	66705499	.	733	624	978	908	584	742	512
peak_4362	chr15	66800209	66801029	.	821	472	774	768	536	740	516
peak_4363	chr15	66818980	66819506	.	527	302	400	424	398	476	306
peak_4364	chr15	66834732	66835922	.	1191	726	1298	1158	836	994	684
peak_4365	chr15	66848271	66849834	.	1564	912	1412	1382	410	396	320
peak_4366	chr15	66878758	66879199	.	442	342	640	628	402	550	418
peak_4367	chr15	66879982	66880362	.	381	242	322	402	264	432	244
peak_4368	chr15	66898755	66899198	.	444	262	400	542	330	434	286
peak_4369	chr15	66923386	66924020	.	635	364	474	602	344	476	364
peak_4370	chr15	66948279	66948712	.	434	226	382	478	354	346	282
peak_4371	chr15	66956190	66957349	.	1160	584	948	954	508	524	494
peak_4372	chr15	67035090	67035524	.	435	318	434	448	486	476	374
peak_4373	chr15	67049369	67050095	.	727	1028	1794	1606	1258	1638	1060
peak_4374	chr15	67089206	67089649	.	444	190	296	314	364	480	288
peak_4375	chr15	67146300	67146586	.	287	264	420	398	276	360	210
peak_4376	chr15	67860064	67860720	.	657	324	500	518	426	474	314
peak_4377	chr15	67863434	67864033	.	600	462	766	932	468	596	410
peak_4378	chr15	68017171	68017561	.	391	242	524	528	662	944	616
peak_4379	chr15	68022388	68022808	.	421	186	304	448	282	352	224
peak_4380	chr15	68023239	68023673	.	435	212	234	172	388	526	338
peak_4381	chr15	68229814	68231431	.	1618	900	1942	1974	1576	1780	1284
peak_4382	chr15	68271809	68273207	.	1399	1130	1706	1872	1288	1510	956
peak_4383	chr15	68281870	68282172	.	303	192	212	208	360	390	272
peak_4384	chr15	68304933	68305931	.	999	732	1390	1448	924	1314	1030
peak_4385	chr15	68316201	68319927	.	3727	1960	3174	3070	1540	1882	1176
peak_4386	chr15	68342185	68343304	.	1120	728	1392	1360	744	922	568
peak_4387	chr15	68347380	68348558	.	1179	758	1040	1078	1162	1520	1032
peak_4388	chr15	68371913	68372834	.	922	470	876	1014	476	552	382
peak_4389	chr15	68415364	68416113	.	750	542	866	908	758	1108	758
peak_4390	chr15	68421313	68421652	.	340	224	432	420	268	294	204
peak_4391	chr15	68447067	68447607	.	541	256	424	408	550	684	496
peak_4392	chr15	68487204	68487896	.	693	250	416	492	534	656	506
peak_4393	chr15	68542646	68544096	.	1451	682	1090	1138	1288	1564	1112
peak_4394	chr15	68585097	68586087	.	991	562	754	742	590	626	382
peak_4395	chr15	68618278	68618825	.	548	206	268	338	378	396	282
peak_4396	chr15	68623509	68624472	.	964	484	1016	1150	604	838	546
peak_4397	chr15	68637050	68637713	.	664	378	622	620	512	618	406
peak_4398	chr15	68674039	68674703	.	665	408	906	1074	596	748	566
peak_4399	chr15	68685414	68685650	.	237	110	154	168	208	248	198
peak_4400	chr15	68699435	68701282	.	1848	942	1446	1604	674	728	546
peak_4401	chr15	69057454	69059447	.	1994	1240	1854	1830	1006	1178	692
peak_4402	chr15	69095301	69095935	.	635	258	402	410	418	456	362
peak_4403	chr15	69398581	69399237	.	657	292	584	688	418	574	370
peak_4404	chr15	69468162	69468800	.	639	568	828	816	588	722	470
peak_4405	chr15	69508615	69509023	.	409	228	380	432	368	578	404
peak_4406	chr15	69526188	69526572	.	385	144	296	332	302	372	288
peak_4407	chr15	69668009	69669273	.	1265	838	1436	1598	914	1090	708
peak_4408	chr15	69675355	69676008	.	654	358	528	564	612	652	496
peak_4409	chr15	69689713	69690077	.	365	102	132	160	220	310	190
peak_4410	chr15	69690305	69691043	.	739	190	300	352	534	500	402
peak_4411	chr15	69719011	69719302	.	292	88	212	200	260	314	180
peak_4412	chr15	69719506	69719882	.	377	206	308	338	408	606	508
peak_4413	chr15	69836065	69836383	.	319	224	304	306	352	378	264
peak_4414	chr15	69843126	69844279	.	1154	766	1300	1446	1062	1532	1020
peak_4415	chr15	69861510	69862252	.	743	524	764	692	688	900	618
peak_4416	chr15	69942533	69943021	.	489	226	362	364	316	392	270
peak_4417	chr15	69943143	69943840	.	698	314	586	634	414	556	370
peak_4418	chr15	69955338	69956158	.	821	612	988	988	742	988	694
peak_4419	chr15	69956227	69956747	.	521	306	434	406	430	600	356
peak_4420	chr15	70008684	70009982	.	1299	692	1074	1080	486	536	384
peak_4421	chr15	70151994	70152704	.	711	568	882	976	580	780	524
peak_4422	chr15	70160252	70161532	.	1281	946	1512	1482	1282	1710	1202
peak_4423	chr15	70165842	70166418	.	577	366	650	774	540	736	562
peak_4424	chr15	70195390	70197570	.	2181	1236	2504	2606	1036	1336	1004
peak_4425	chr15	70197653	70198754	.	1102	610	1176	1128	616	640	476
peak_4426	chr15	70214410	70214836	.	427	234	362	510	336	420	280
peak_4427	chr15	70247355	70248535	.	1181	612	1000	932	520	524	402
peak_4428	chr15	70258452	70259286	.	835	620	1286	1428	870	1182	904
peak_4429	chr15	70270903	70272339	.	1437	974	1648	1632	1244	1460	946
peak_4430	chr15	70344766	70345752	.	987	626	990	1018	968	1190	826
peak_4431	chr15	70349032	70349629	.	598	460	688	720	554	714	534
peak_4432	chr15	70355901	70356663	.	763	634	1072	1064	650	910	604
peak_4433	chr15	70417469	70417937	.	469	328	482	522	394	540	346
peak_4434	chr15	70459924	70460567	.	644	428	754	694	794	1024	680
peak_4435	chr15	70483036	70483679	.	644	442	588	638	540	576	410
peak_4436	chr15	70504252	70505185	.	934	834	1622	1662	1116	1424	1090
peak_4437	chr15	70538394	70539538	.	1145	828	1288	1344	1052	1218	924
peak_4438	chr15	71128262	71128505	.	244	138	202	244	248	296	206
peak_4439	chr15	71444343	71444718	.	376	128	214	234	230	284	212
peak_4440	chr15	71471096	71472165	.	1070	744	1254	1396	940	1152	958
peak_4441	chr15	71747858	71749015	.	1158	604	1336	1130	976	1192	860
peak_4442	chr15	71791158	71792094	.	937	552	1020	938	680	716	664
peak_4443	chr15	72819473	72819852	.	380	104	160	160	182	272	176
peak_4444	chr15	73697054	73697384	.	331	170	488	448	248	286	196
peak_4445	chr15	73726528	73727522	.	995	272	492	544	586	596	448
peak_4446	chr15	73816030	73816446	.	417	184	334	296	250	384	230
peak_4447	chr15	73910442	73911374	.	933	370	578	544	330	366	198
peak_4448	chr15	74179576	74181547	.	1972	544	1336	1348	584	734	532
peak_4449	chr15	74233483	74235297	.	1815	626	998	1162	446	638	418
peak_4450	chr15	74240068	74240487	.	420	230	766	578	294	326	214
peak_4451	chr15	74252273	74252756	.	484	260	550	590	400	616	428
peak_4452	chr15	74252910	74253542	.	633	390	580	720	484	542	404
peak_4453	chr15	74399935	74400761	.	827	394	660	654	412	516	298
peak_4454	chr15	74422612	74424033	.	1422	698	1246	1268	770	866	626
peak_4455	chr15	74430473	74431401	.	929	280	456	494	270	292	182
peak_4456	chr15	74535442	74535806	.	365	182	262	212	304	430	252
peak_4457	chr15	74588613	74588957	.	345	142	194	184	158	178	146
peak_4458	chr15	74627180	74628484	.	1305	604	1342	1352	904	1220	918
peak_4459	chr15	74630348	74630698	.	351	330	466	414	354	426	324
peak_4460	chr15	74818273	74819530	.	1258	590	1096	1030	772	960	584
peak_4461	chr15	75042691	75043982	.	1292	616	1312	1442	708	1064	750
peak_4462	chr15	75182514	75183231	.	718	538	746	806	522	510	372
peak_4463	chr15	75228559	75231444	.	2886	1196	2304	2498	1186	1466	1076
peak_4464	chr15	75333653	75334161	.	509	196	302	284	310	382	256
peak_4465	chr15	75459698	75460307	.	610	326	460	570	420	328	254
peak_4466	chr15	75656453	75658500	.	2048	860	1418	1442	824	902	590
peak_4467	chr15	75660162	75661498	.	1337	898	1974	2020	1262	1758	1280
peak_4468	chr15	75666637	75667257	.	621	264	536	406	440	568	326
peak_4469	chr15	75685719	75686666	.	948	402	784	856	570	924	584
peak_4470	chr15	75693990	75694893	.	904	538	930	1014	452	696	544
peak_4471	chr15	75711515	75711819	.	305	170	338	296	240	278	202
peak_4472	chr15	75811477	75811968	.	492	242	342	390	300	378	328
peak_4473	chr15	76196371	76196821	.	451	240	528	580	330	414	300
peak_4474	chr15	76999956	77000444	.	489	284	452	458	330	454	266
peak_4475	chr15	77024678	77026410	.	1733	776	1380	1172	560	640	518
peak_4476	chr15	77028916	77035488	.	6573	2318	4588	4762	1694	2174	1320
peak_4477	chr15	77064511	77064879	.	369	88	136	136	248	346	210
peak_4478	chr15	77504895	77505931	.	1037	500	850	890	648	684	642
peak_4479	chr15	77531353	77531753	.	401	188	382	404	320	420	294
peak_4480	chr15	77548685	77556755	.	8071	3588	6052	6420	2572	2930	2056
peak_4481	chr15	77607025	77608852	.	1828	1162	2016	1954	906	862	758
peak_4482	chr15	77635398	77638219	.	2822	1390	2234	2150	1056	1210	880
peak_4483	chr15	77666230	77667015	.	786	552	904	970	610	790	418
peak_4484	chr15	77704106	77705142	.	1037	700	1148	1264	886	954	602
peak_4485	chr15	77714517	77715386	.	870	384	680	722	460	580	386
peak_4486	chr15	77786605	77787557	.	953	364	696	780	248	262	244
peak_4487	chr15	77794914	77796832	.	1919	846	1474	1584	874	956	640
peak_4488	chr15	77801746	77802916	.	1171	686	1170	1326	964	1004	702
peak_4489	chr15	77810321	77810644	.	324	310	474	586	374	368	282
peak_4490	chr15	77859437	77859952	.	516	314	674	812	334	478	354
peak_4491	chr15	77869017	77869764	.	748	406	850	872	486	692	406
peak_4492	chr15	77898100	77899167	.	1068	512	1024	910	648	884	540
peak_4493	chr15	77900331	77900897	.	567	322	578	732	390	778	484
peak_4494	chr15	77900969	77901488	.	520	324	606	588	542	784	470
peak_4495	chr15	77904179	77905702	.	1524	960	1854	1674	1056	1256	826
peak_4496	chr15	77907724	77908992	.	1269	678	1166	1166	638	884	584
peak_4497	chr15	77909630	77911026	.	1397	694	1356	1390	728	1134	728
peak_4498	chr15	77942061	77942413	.	353	232	331	275	74	108	48
peak_4499	chr15	77989942	77990623	.	682	212	646	592	252	370	244
peak_4500	chr15	77991998	77992661	.	664	288	636	702	290	442	236
peak_4501	chr15	78004864	78005656	.	793	442	588	674	194	294	212
peak_4502	chr15	78076865	78077915	.	1051	456	884	928	380	520	296
peak_4503	chr15	78079384	78080920	.	1537	624	1010	1006	692	676	498
peak_4504	chr15	78265778	78266372	.	595	274	500	494	552	668	486
peak_4505	chr15	78315583	78317025	.	1443	818	1366	1478	724	1014	612
peak_4506	chr15	78419340	78419747	.	408	156	184	160	344	330	250
peak_4507	chr15	78715910	78716282	.	373	150	240	180	346	406	284
peak_4508	chr15	78740144	78741131	.	988	472	790	902	610	878	550
peak_4509	chr15	78859971	78860399	.	429	314	564	484	330	476	298
peak_4510	chr15	78913988	78914610	.	623	346	496	626	328	476	292
peak_4511	chr15	78915265	78915923	.	659	402	518	552	414	406	342
peak_4512	chr15	78988246	78988958	.	713	510	1132	1040	942	1218	910
peak_4513	chr15	79002497	79003631	.	1135	592	1178	1162	854	1114	754
peak_4514	chr15	79023295	79024039	.	745	428	858	774	572	584	464
peak_4515	chr15	79026181	79026669	.	489	320	624	652	394	490	294
peak_4516	chr15	79027515	79028340	.	826	472	706	818	568	626	440
peak_4517	chr15	79032468	79033205	.	738	462	764	914	640	958	658
peak_4518	chr15	79037870	79038305	.	436	108	140	168	214	244	156
peak_4519	chr15	79066028	79067721	.	1694	980	1526	1490	612	694	478
peak_4520	chr15	79069184	79069489	.	306	98	174	194	218	186	192
peak_4521	chr15	79084376	79085330	.	955	562	950	952	694	892	668
peak_4522	chr15	79172038	79172754	.	717	466	814	736	606	738	480
peak_4523	chr15	79173071	79173817	.	747	502	824	778	654	758	564
peak_4524	chr15	79192715	79193468	.	754	408	626	748	544	610	448
peak_4525	chr15	79640286	79640589	.	304	152	328	230	270	324	220
peak_4526	chr15	79987560	79987932	.	373	168	196	232	242	312	196
peak_4527	chr15	80173510	80174291	.	782	280	358	412	218	288	196
peak_4528	chr15	80242786	80243175	.	390	242	464	420	320	446	342
peak_4529	chr15	80275949	80276854	.	906	520	854	892	670	784	610
peak_4530	chr15	80577628	80578600	.	973	634	1194	1084	690	722	522
peak_4531	chr15	80581856	80582322	.	467	386	496	572	470	514	412
peak_4532	chr15	80594190	80595109	.	920	608	928	946	624	850	550
peak_4533	chr15	80704642	80705323	.	682	202	276	352	410	588	400
peak_4534	chr15	80845707	80846768	.	1062	646	1010	1022	658	708	558
peak_4535	chr15	80861767	80862852	.	1086	436	668	728	450	548	428
peak_4536	chr15	80925474	80926089	.	616	276	618	562	406	526	376
peak_4537	chr15	80955520	80956152	.	633	500	1172	696	586	788	570
peak_4538	chr15	81196442	81196928	.	487	220	398	474	406	412	294
peak_4539	chr15	81297332	81298135	.	804	362	526	656	690	776	464
peak_4540	chr15	81312816	81313692	.	877	458	868	928	748	922	626
peak_4541	chr15	82106801	82107308	.	508	302	374	518	302	272	180
peak_4542	chr15	82159997	82160312	.	316	118	326	300	322	394	308
peak_4543	chr15	82197849	82198302	.	454	268	320	332	250	192	112
peak_4544	chr15	82304091	82304678	.	588	308	584	536	418	558	306
peak_4545	chr15	82647182	82647676	.	495	360	682	704	434	592	412
peak_4546	chr15	82709505	82710854	.	1350	554	950	998	488	548	478
peak_4547	chr15	82851358	82851757	.	400	170	288	264	284	338	202
peak_4548	chr15	82856605	82857009	.	405	188	396	480	430	564	344
peak_4549	chr15	82942765	82943083	.	319	200	350	368	272	366	210
peak_4550	chr15	83010958	83012225	.	1268	882	1756	1732	962	1202	864
peak_4551	chr15	83114032	83114630	.	599	316	536	602	364	386	320
peak_4552	chr15	83133644	83133925	.	282	164	192	268	210	236	162
peak_4553	chr15	83398649	83398945	.	297	256	352	316	374	564	358
peak_4554	chr15	83435301	83436168	.	868	540	838	842	560	588	466
peak_4555	chr15	83626206	83626499	.	294	136	216	202	264	282	218
peak_4556	chr15	84164434	84164859	.	426	170	416	518	186	352	208
peak_4557	chr15	84392571	84393143	.	573	226	414	356	264	354	240
peak_4558	chr15	84684126	84684498	.	373	158	190	138	340	406	224
peak_4559	chr15	84685202	84685584	.	383	120	236	340	288	354	292
peak_4560	chr15	84703125	84703571	.	447	132	190	226	356	274	202
peak_4561	chr15	84832563	84833086	.	524	162	252	204	354	396	236
peak_4562	chr15	84978857	84979884	.	1028	548	1004	1058	732	850	566
peak_4563	chr15	85010376	85010991	.	616	206	256	260	266	246	156
peak_4564	chr15	85116117	85117061	.	945	358	600	626	694	724	474
peak_4565	chr15	85134105	85135667	.	1563	524	890	922	460	500	302
peak_4566	chr15	85188096	85188316	.	221	124	150	124	142	190	106
peak_4567	chr15	85252942	85253336	.	395	112	332	264	182	254	130
peak_4568	chr15	85346605	85347010	.	406	160	176	124	218	382	204
peak_4569	chr15	85413490	85413817	.	328	174	428	386	348	390	286
peak_4570	chr15	85487755	85488155	.	401	114	300	362	188	278	194
peak_4571	chr15	85772829	85773786	.	958	418	782	928	516	730	546
peak_4572	chr15	85786170	85786794	.	625	380	766	772	544	744	512
peak_4573	chr15	85810202	85810649	.	448	188	156	174	252	288	246
peak_4574	chr15	86038554	86038974	.	421	194	244	250	214	274	276
peak_4575	chr15	86830353	86830621	.	269	106	198	200	224	408	206
peak_4576	chr15	87219668	87220043	.	376	122	122	186	242	334	282
peak_4577	chr15	88073220	88073593	.	374	204	360	300	402	428	364
peak_4578	chr15	88111373	88111882	.	510	280	364	322	496	700	508
peak_4579	chr15	88241038	88242013	.	976	624	874	838	574	832	598
peak_4580	chr15	88291201	88291824	.	624	246	434	482	438	472	322
peak_4581	chr15	88449432	88450426	.	995	542	822	928	780	1042	670
peak_4582	chr15	88489965	88490369	.	405	244	368	334	426	464	360
peak_4583	chr15	88647801	88650706	.	2906	1568	3068	2910	1722	2380	1818
peak_4584	chr15	88652626	88653965	.	1340	730	1186	1208	508	462	322
peak_4585	chr15	88711913	88712727	.	815	412	754	642	574	656	484
peak_4586	chr15	88736223	88736604	.	382	192	298	340	288	332	270
peak_4587	chr15	88799241	88799730	.	490	284	376	436	446	556	318
peak_4588	chr15	88800156	88800619	.	464	338	642	522	474	628	420
peak_4589	chr15	88900299	88900983	.	685	562	1022	1124	714	842	610
peak_4590	chr15	89068323	89068723	.	401	252	540	590	450	802	548
peak_4591	chr15	89346007	89346828	.	822	398	678	830	322	316	230
peak_4592	chr15	89413432	89414234	.	803	370	622	546	612	672	422
peak_4593	chr15	89438101	89439247	.	1147	690	1208	1290	604	656	532
peak_4594	chr15	89447140	89447733	.	594	372	708	782	592	714	488
peak_4595	chr15	89514919	89515432	.	514	286	596	518	406	412	280
peak_4596	chr15	89523416	89524094	.	679	324	542	570	354	424	302
peak_4597	chr15	89755724	89756552	.	829	408	602	612	232	324	238
peak_4598	chr15	89757927	89759612	.	1686	610	1074	1138	346	280	238
peak_4599	chr15	89963122	89964121	.	1000	578	900	980	720	768	536
peak_4600	chr15	89978807	89979218	.	412	100	208	256	266	246	198
peak_4601	chr15	90078263	90078766	.	504	242	318	440	416	518	338
peak_4602	chr15	90236130	90236535	.	406	194	340	326	296	314	210
peak_4603	chr15	90623249	90624853	.	1605	722	1134	1178	596	788	442
peak_4604	chr15	90660021	90660945	.	925	484	812	852	690	722	518
peak_4605	chr15	90844891	90845908	.	1018	550	1054	1066	506	582	458
peak_4606	chr15	90854338	90855682	.	1345	690	1256	1222	844	1024	658
peak_4607	chr15	90860256	90860787	.	532	262	468	530	354	462	300
peak_4608	chr15	90864544	90865205	.	662	234	470	530	402	520	378
peak_4609	chr15	90889337	90889825	.	489	354	638	670	414	426	368
peak_4610	chr15	90906677	90907978	.	1302	584	806	916	640	638	404
peak_4611	chr15	91021539	91022796	.	1258	636	1110	1160	652	738	458
peak_4612	chr15	91104076	91104517	.	442	214	386	368	392	510	330
peak_4613	chr15	91258246	91258874	.	629	444	638	788	484	718	504
peak_4614	chr15	91466320	91466880	.	561	298	400	390	580	722	516
peak_4615	chr15	91555364	91555682	.	319	176	174	190	390	420	280
peak_4616	chr15	91561413	91562272	.	860	510	728	744	890	1136	736
peak_4617	chr15	91571777	91572487	.	711	336	600	636	494	958	604
peak_4618	chr15	91918832	91919142	.	311	138	116	170	202	258	150
peak_4619	chr15	91947708	91948772	.	1065	584	988	1016	682	846	630
peak_4620	chr15	92110901	92111413	.	513	206	352	336	262	402	322
peak_4621	chr15	92493198	92493622	.	425	222	282	352	340	362	284
peak_4622	chr15	92541761	92542415	.	655	186	344	464	374	450	398
peak_4623	chr15	92629673	92630655	.	983	454	776	806	800	1008	740
peak_4624	chr15	92795633	92796457	.	825	458	772	830	608	628	474
peak_4625	chr15	93035821	93036220	.	400	372	490	480	400	494	398
peak_4626	chr15	93042845	93043161	.	317	204	258	278	284	282	266
peak_4627	chr15	93829260	93829948	.	689	428	698	740	844	966	636
peak_4628	chr15	96273264	96274064	.	801	588	1150	930	856	1174	854
peak_4629	chr15	97902483	97902895	.	413	240	420	464	382	408	332
peak_4630	chr15	97959964	97961460	.	1497	862	2054	1964	1134	1636	982
peak_4631	chr15	98126666	98127041	.	376	198	242	210	302	444	336
peak_4632	chr15	98154891	98155286	.	396	154	264	368	264	328	222
peak_4633	chr15	98896855	98897251	.	397	376	762	552	500	704	504
peak_4634	chr15	98903393	98903949	.	557	106	302	242	414	468	356
peak_4635	chr15	99123364	99124181	.	818	540	1686	1244	760	988	546
peak_4636	chr15	99424824	99425568	.	745	368	950	950	524	580	476
peak_4637	chr15	99442342	99443099	.	758	482	942	836	706	906	522
peak_4638	chr15	99476571	99477058	.	488	250	630	656	338	352	288
peak_4639	chr15	99721241	99721722	.	482	136	242	296	334	376	276
peak_4640	chr15	99752556	99753351	.	796	374	524	530	234	224	114
peak_4641	chr15	99983056	99985273	.	2218	858	1140	1310	600	752	534
peak_4642	chr15	100027808	100028260	.	453	136	248	210	240	338	248
peak_4643	chr15	100110811	100111492	.	682	318	738	708	498	674	526
peak_4644	chr15	100189339	100189765	.	427	240	318	382	362	464	308
peak_4645	chr15	100221659	100222173	.	515	194	300	312	306	418	278
peak_4646	chr15	100601761	100602657	.	897	612	1498	1646	772	1296	818
peak_4647	chr15	100713348	100713807	.	460	386	670	666	384	570	376
peak_4648	chr15	100877590	100878013	.	424	224	286	298	312	414	252
peak_4649	chr15	101104234	101104777	.	544	254	412	446	376	452	302
peak_4650	chr15	101105026	101105349	.	324	188	390	332	394	486	334
peak_4651	chr15	101115938	101116930	.	993	378	736	616	344	302	236
peak_4652	chr15	101426844	101427888	.	1045	546	846	996	466	544	474
peak_4653	chr15	101429340	101429721	.	382	190	262	244	258	322	230
peak_4654	chr15	101446193	101447437	.	1245	880	1480	1594	1282	1692	1230
peak_4655	chr15	101455186	101456010	.	825	382	690	726	682	998	732
peak_4656	chr15	101481607	101482506	.	900	406	890	928	628	688	502
peak_4657	chr15	101499948	101500736	.	789	482	628	772	534	708	404
peak_4658	chr15	101501466	101502341	.	876	444	948	1080	582	884	558
peak_4659	chr15	101578226	101578911	.	686	402	820	814	510	664	446
peak_4660	chr15	101652256	101653370	.	1115	626	1176	1280	790	1154	648
peak_4661	chr15	101765159	101765533	.	375	164	274	286	166	234	122
peak_4662	chr16	33588	34823	.	1236	514	886	1002	662	954	598
peak_4663	chr16	65461	66040	.	580	324	664	594	454	608	476
peak_4664	chr16	66401	70475	.	4075	1864	3330	3670	1692	2332	1618
peak_4665	chr16	83768	84240	.	473	300	548	732	326	464	452
peak_4666	chr16	84624	85431	.	808	540	1478	1462	798	1112	848
peak_4667	chr16	95728	96693	.	966	508	894	902	552	616	446
peak_4668	chr16	143683	144173	.	491	216	386	426	262	306	222
peak_4669	chr16	265549	266149	.	601	408	776	838	468	614	478
peak_4670	chr16	327125	328028	.	904	592	932	952	612	862	608
peak_4671	chr16	562594	562953	.	360	198	334	360	260	320	216
peak_4672	chr16	586078	586723	.	646	436	754	732	424	622	418
peak_4673	chr16	590563	591555	.	993	646	930	986	1194	1534	1074
peak_4674	chr16	779289	780566	.	1278	584	1108	1122	560	906	574
peak_4675	chr16	804162	806304	.	2143	918	1680	1744	684	922	622
peak_4676	chr16	878204	878849	.	646	364	634	618	438	686	430
peak_4677	chr16	880565	883134	.	2570	1122	1982	1894	968	1008	760
peak_4678	chr16	883220	883509	.	290	160	366	390	210	328	238
peak_4679	chr16	890307	891434	.	1128	656	1406	1580	808	992	762
peak_4680	chr16	891556	893646	.	2091	1170	2372	2626	1454	1892	1256
peak_4681	chr16	914340	915231	.	892	402	592	756	820	844	570
peak_4682	chr16	946686	947209	.	524	336	642	580	370	528	334
peak_4683	chr16	951712	952253	.	542	194	470	510	346	514	376
peak_4684	chr16	975026	975318	.	293	120	256	294	296	568	396
peak_4685	chr16	991754	992244	.	491	380	780	810	454	641	486
peak_4686	chr16	1036807	1038461	.	1655	836	1744	1594	736	938	646
peak_4687	chr16	1088262	1088640	.	379	232	334	406	252	432	260
peak_4688	chr16	1137628	1137956	.	329	316	678	698	528	740	542
peak_4689	chr16	1196265	1197221	.	957	440	1190	1192	582	742	514
peak_4690	chr16	1224457	1226370	.	1914	718	1660	1488	648	844	588
peak_4691	chr16	1263951	1265027	.	1077	672	774	808	804	770	568
peak_4692	chr16	1271041	1271891	.	851	528	850	950	684	974	720
peak_4693	chr16	1276909	1278949	.	2041	844	1800	1788	596	730	534
peak_4694	chr16	1291131	1291836	.	706	624	1048	1162	702	1046	632
peak_4695	chr16	1338293	1339723	.	1431	834	2296	2414	942	1424	956
peak_4696	chr16	1340562	1344713	.	4152	1932	4632	4984	2044	2698	1922
peak_4697	chr16	1428985	1429348	.	364	302	650	668	472	516	346
peak_4698	chr16	1525466	1528286	.	2821	1496	3452	3454	1546	1984	1328
peak_4699	chr16	1540861	1543894	.	3034	2076	4192	4296	2216	3178	2124
peak_4700	chr16	1593411	1593745	.	335	218	332	288	258	406	232
peak_4701	chr16	1691556	1692642	.	1087	638	1340	1320	734	910	482
peak_4702	chr16	1697955	1698296	.	342	204	304	340	212	276	206
peak_4703	chr16	1721975	1722460	.	486	358	1044	860	686	918	612
peak_4704	chr16	1726584	1728590	.	2007	1386	2474	2530	1896	2254	1742
peak_4705	chr16	1734298	1735353	.	1056	746	1204	1374	832	1100	744
peak_4706	chr16	1736498	1737843	.	1346	684	526	400	1190	1546	1056
peak_4707	chr16	1737956	1738770	.	815	534	490	430	1020	1366	870
peak_4708	chr16	1739894	1741824	.	1931	1380	2452	2376	1828	2202	1600
peak_4709	chr16	1744991	1748524	.	3534	2102	3736	4144	1696	2092	1390
peak_4710	chr16	1780755	1783820	.	3066	1718	4014	3664	1562	1988	1472
peak_4711	chr16	1817004	1821473	.	4470	2440	5098	5122	1790	2218	1536
peak_4712	chr16	1839566	1840092	.	527	378	810	708	612	906	622
peak_4713	chr16	1913346	1913718	.	373	200	480	474	264	408	324
peak_4714	chr16	1945530	1947901	.	2372	1464	2610	2776	1260	1710	1114
peak_4715	chr16	1964574	1966231	.	1658	1262	2762	2530	1464	1812	1164
peak_4716	chr16	1981097	1982661	.	1565	820	1314	1236	726	968	608
peak_4717	chr16	2002875	2003619	.	745	444	752	880	518	746	456
peak_4718	chr16	2007973	2008562	.	590	390	640	674	506	576	362
peak_4719	chr16	2027387	2028024	.	638	526	950	994	606	842	508
peak_4720	chr16	2161004	2163998	.	2995	1352	2880	3360	1010	1234	944
peak_4721	chr16	2211921	2212825	.	905	832	1578	1744	942	1138	826
peak_4722	chr16	2240317	2240859	.	543	116	286	328	304	454	276
peak_4723	chr16	2250884	2252090	.	1207	626	1282	1508	622	1066	626
peak_4724	chr16	2270749	2271923	.	1175	714	1554	1708	814	1126	678
peak_4725	chr16	2273199	2274650	.	1452	894	1756	1878	832	864	562
peak_4726	chr16	2290012	2290847	.	836	642	1280	1300	724	972	708
peak_4727	chr16	2295099	2295691	.	593	266	568	592	384	474	338
peak_4728	chr16	2423842	2424983	.	1142	538	752	874	272	296	262
peak_4729	chr16	2432999	2433500	.	502	288	522	546	482	706	450
peak_4730	chr16	2516150	2519609	.	3460	2072	3936	4166	2594	3354	2262
peak_4731	chr16	2675701	2676069	.	369	176	370	410	312	300	216
peak_4732	chr16	2737356	2741791	.	4436	2342	4604	4534	1622	1594	1164
peak_4733	chr16	2777260	2778259	.	1000	480	1008	1220	444	594	446
peak_4734	chr16	2794533	2794931	.	399	178	322	224	378	430	288
peak_4735	chr16	2814506	2815762	.	1257	544	1112	1200	540	716	448
peak_4736	chr16	2835704	2837020	.	1317	1092	2876	2406	1174	1754	1122
peak_4737	chr16	2846795	2847384	.	590	334	498	520	492	778	490
peak_4738	chr16	2881827	2883931	.	2105	1096	3010	2976	1182	1524	1108
peak_4739	chr16	2895596	2896123	.	528	474	902	828	542	786	526
peak_4740	chr16	2928719	2930930	.	2212	1040	2012	1846	518	634	532
peak_4741	chr16	2968571	2972891	.	4321	2168	4956	5046	2014	2772	1824
peak_4742	chr16	3019953	3022226	.	2274	1526	5000	4404	1962	2756	1872
peak_4743	chr16	3022387	3024505	.	2119	1472	4104	3534	1444	1836	1258
peak_4744	chr16	3067109	3067673	.	565	374	714	674	372	464	270
peak_4745	chr16	3087797	3088824	.	1028	452	868	786	436	556	398
peak_4746	chr16	3113616	3114827	.	1212	874	1682	1578	1124	1200	904
peak_4747	chr16	3156691	3159334	.	2644	1846	3780	3740	1998	2544	1848
peak_4748	chr16	3163323	3163888	.	566	282	586	596	500	700	394
peak_4749	chr16	3174860	3176050	.	1191	788	1586	1804	896	1052	822
peak_4750	chr16	3195933	3196364	.	432	278	548	436	356	500	434
peak_4751	chr16	3215567	3216484	.	918	564	826	820	630	840	502
peak_4752	chr16	3263601	3265037	.	1437	1072	2456	2172	1078	1434	908
peak_4753	chr16	3364848	3365533	.	686	578	1486	1280	744	900	652
peak_4754	chr16	3481312	3482337	.	1026	898	1508	1556	1036	1332	940
peak_4755	chr16	3485868	3486256	.	389	254	510	474	310	384	276
peak_4756	chr16	3500736	3501375	.	640	820	1602	1552	934	1140	802
peak_4757	chr16	3547982	3549315	.	1334	928	1820	1944	1054	1360	980
peak_4758	chr16	3561224	3562045	.	822	568	1094	1026	768	968	688
peak_4759	chr16	3642296	3643021	.	726	496	1188	1220	534	618	460
peak_4760	chr16	3843110	3843679	.	570	146	236	350	342	380	338
peak_4761	chr16	3938880	3939690	.	811	598	1042	918	632	912	442
peak_4762	chr16	4135914	4136845	.	932	694	1096	1062	952	1174	780
peak_4763	chr16	4214219	4214696	.	478	408	574	588	578	910	474
peak_4764	chr16	4273004	4274192	.	1189	518	1338	1452	584	700	500
peak_4765	chr16	4285130	4285624	.	495	412	834	680	504	702	376
peak_4766	chr16	4288203	4288960	.	758	512	968	1074	648	868	620
peak_4767	chr16	4290198	4290556	.	359	206	418	400	302	324	264
peak_4768	chr16	4293605	4294659	.	1055	516	1146	1356	316	392	304
peak_4769	chr16	4314607	4315083	.	477	452	808	804	534	718	434
peak_4770	chr16	4347464	4348186	.	723	570	848	918	612	696	438
peak_4771	chr16	4350606	4351019	.	414	320	886	816	492	622	434
peak_4772	chr16	4371429	4372005	.	577	482	1240	1304	774	1316	902
peak_4773	chr16	4373421	4375487	.	2067	1216	2298	2564	1650	2094	1424
peak_4774	chr16	4381580	4383359	.	1780	554	1288	1346	556	824	530
peak_4775	chr16	4383530	4386049	.	2520	1246	2412	2680	916	1294	1022
peak_4776	chr16	4425363	4426276	.	914	686	1792	1586	898	1090	728
peak_4777	chr16	4476140	4477662	.	1523	1100	2150	2098	1016	1522	840
peak_4778	chr16	4548352	4549063	.	712	358	614	684	476	658	486
peak_4779	chr16	4583979	4584271	.	293	86	134	160	222	272	180
peak_4780	chr16	4611207	4611763	.	557	462	982	998	448	528	430
peak_4781	chr16	4614688	4616775	.	2088	1686	4160	3856	1804	2254	1492
peak_4782	chr16	4654431	4656307	.	1877	744	1364	1388	480	710	538
peak_4783	chr16	4690854	4692894	.	2041	1102	2168	2254	814	890	602
peak_4784	chr16	4744517	4745118	.	602	342	662	648	440	556	344
peak_4785	chr16	4912093	4912918	.	826	312	468	488	630	636	460
peak_4786	chr16	4915248	4915864	.	617	528	812	886	496	618	494
peak_4787	chr16	4972973	4973397	.	425	194	422	342	380	492	412
peak_4788	chr16	5011647	5011932	.	286	142	236	206	246	340	214
peak_4789	chr16	5013901	5015158	.	1258	804	1138	1178	574	758	450
peak_4790	chr16	5024584	5026111	.	1528	1030	1808	1768	852	972	716
peak_4791	chr16	5040812	5041626	.	815	676	1344	1344	924	1192	864
peak_4792	chr16	5041739	5042176	.	438	412	762	820	474	646	482
peak_4793	chr16	5042376	5042974	.	599	514	922	918	792	896	564
peak_4794	chr16	5064821	5065203	.	383	152	212	268	338	450	248
peak_4795	chr16	5065821	5066216	.	396	284	610	728	300	432	250
peak_4796	chr16	5090443	5090918	.	476	230	402	382	380	404	280
peak_4797	chr16	5097010	5098313	.	1304	1074	3872	2898	1136	1946	1296
peak_4798	chr16	5113800	5114588	.	789	234	596	502	362	310	284
peak_4799	chr16	5168065	5168427	.	363	158	212	244	222	430	262
peak_4800	chr16	5199807	5200988	.	1182	712	1272	1272	1172	1680	1070
peak_4801	chr16	5315719	5316374	.	656	458	536	600	638	634	392
peak_4802	chr16	5458874	5459668	.	795	350	354	398	564	608	436
peak_4803	chr16	5610037	5610456	.	420	374	528	482	452	528	424
peak_4804	chr16	5639449	5640300	.	852	440	542	584	772	856	606
peak_4805	chr16	5642577	5643553	.	977	864	1032	1000	688	712	542
peak_4806	chr16	5735999	5736429	.	431	224	380	396	340	426	296
peak_4807	chr16	6013402	6013618	.	217	36	104	76	180	208	146
peak_4808	chr16	6017756	6018068	.	313	228	292	310	328	410	272
peak_4809	chr16	6031288	6031974	.	687	252	356	396	406	530	346
peak_4810	chr16	6600823	6601096	.	274	90	146	128	264	332	212
peak_4811	chr16	6602385	6602800	.	416	226	514	446	376	444	352
peak_4812	chr16	6828064	6828683	.	620	192	280	242	350	410	288
peak_4813	chr16	7137998	7138517	.	520	366	708	664	942	1260	732
peak_4814	chr16	8324163	8324551	.	389	120	162	178	354	342	280
peak_4815	chr16	8402105	8402614	.	510	188	126	152	378	400	256
peak_4816	chr16	8554881	8555326	.	446	384	576	612	446	404	382
peak_4817	chr16	8566573	8568330	.	1758	1110	1670	1576	1372	1622	1090
peak_4818	chr16	8581840	8582515	.	676	480	740	818	432	558	360
peak_4819	chr16	8585019	8585525	.	507	334	424	430	466	618	380
peak_4820	chr16	8585888	8586364	.	477	316	378	386	510	580	428
peak_4821	chr16	8614557	8615058	.	502	260	434	470	514	610	434
peak_4822	chr16	8668000	8668627	.	628	550	738	818	662	846	668
peak_4823	chr16	8762079	8762604	.	526	360	434	516	488	620	468
peak_4824	chr16	8852591	8852941	.	351	128	202	264	242	312	280
peak_4825	chr16	8884389	8886758	.	2370	1302	2964	3018	1516	2030	1372
peak_4826	chr16	9127508	9127959	.	452	394	692	738	486	644	514
peak_4827	chr16	9191146	9192227	.	1082	584	666	694	894	922	694
peak_4828	chr16	9310824	9311637	.	814	488	778	770	648	792	586
peak_4829	chr16	9438744	9439307	.	564	264	400	488	384	538	478
peak_4830	chr16	9578480	9578842	.	363	156	332	298	306	460	342
peak_4831	chr16	9581847	9582370	.	524	144	244	250	358	474	358
peak_4832	chr16	9631383	9631722	.	340	178	88	162	262	268	206
peak_4833	chr16	9698614	9699106	.	493	214	266	234	384	500	316
peak_4834	chr16	9722044	9722501	.	458	192	292	298	488	606	408
peak_4835	chr16	9797394	9797661	.	268	192	334	276	242	324	248
peak_4836	chr16	9811265	9811830	.	566	294	290	270	400	436	312
peak_4837	chr16	9847286	9847563	.	278	96	250	314	250	328	240
peak_4838	chr16	9908769	9909453	.	685	288	416	494	492	568	434
peak_4839	chr16	9948370	9948831	.	462	224	360	374	412	460	388
peak_4840	chr16	10180733	10182879	.	2147	1496	3326	3364	1870	2828	1880
peak_4841	chr16	10341640	10342457	.	818	444	1052	714	796	1074	622
peak_4842	chr16	10638232	10638760	.	529	294	392	474	580	624	494
peak_4843	chr16	10728945	10730015	.	1071	760	1468	1222	896	1194	762
peak_4844	chr16	10738325	10739226	.	902	700	1264	1054	810	958	540
peak_4845	chr16	10775037	10775718	.	682	522	1052	1086	958	1200	840
peak_4846	chr16	10805405	10805793	.	389	160	250	204	240	420	254
peak_4847	chr16	10825516	10825825	.	310	196	240	332	230	386	262
peak_4848	chr16	10842943	10843396	.	454	334	512	580	388	540	382
peak_4849	chr16	10859656	10859895	.	240	96	172	274	210	224	182
peak_4850	chr16	10874521	10875284	.	764	406	716	694	748	968	606
peak_4851	chr16	10885172	10885525	.	354	318	386	440	404	644	500
peak_4852	chr16	10921019	10921536	.	518	404	642	696	684	898	690
peak_4853	chr16	10938367	10938659	.	293	156	298	340	286	322	278
peak_4854	chr16	10940343	10940906	.	564	464	820	724	684	746	514
peak_4855	chr16	10949308	10949818	.	511	276	456	500	398	462	240
peak_4856	chr16	10960260	10960679	.	420	266	270	222	358	412	300
peak_4857	chr16	11016762	11017367	.	606	410	776	760	736	896	792
peak_4858	chr16	11053597	11054497	.	901	634	1128	1292	750	912	628
peak_4859	chr16	11061774	11062299	.	526	210	376	386	372	468	276
peak_4860	chr16	11076451	11076792	.	342	242	432	520	286	378	270
peak_4861	chr16	11078069	11079372	.	1304	888	1440	1436	892	1158	716
peak_4862	chr16	11089452	11089868	.	417	244	364	362	300	444	294
peak_4863	chr16	11093303	11094627	.	1325	916	1560	1636	760	858	692
peak_4864	chr16	11165826	11166947	.	1122	630	914	864	754	906	698
peak_4865	chr16	11192377	11193110	.	734	558	802	856	562	716	502
peak_4866	chr16	11204489	11205175	.	687	464	804	774	524	672	480
peak_4867	chr16	11243247	11243690	.	444	216	370	336	446	604	394
peak_4868	chr16	11251829	11252519	.	691	378	648	668	554	1000	548
peak_4869	chr16	11257176	11258026	.	851	692	1432	1490	886	1284	838
peak_4870	chr16	11315504	11317041	.	1538	1056	1992	1998	1014	1242	886
peak_4871	chr16	11359196	11359936	.	741	680	1026	886	726	938	674
peak_4872	chr16	11363244	11363693	.	450	486	1142	1030	800	1192	838
peak_4873	chr16	11370554	11370937	.	384	308	390	512	406	550	380
peak_4874	chr16	11383409	11384787	.	1379	1194	2036	2088	972	1196	798
peak_4875	chr16	11391667	11392827	.	1161	474	916	944	308	276	232
peak_4876	chr16	11396183	11397178	.	996	674	1240	1314	552	776	422
peak_4877	chr16	11400462	11405026	.	4565	3126	5850	5644	3060	3666	2534
peak_4878	chr16	11405193	11405964	.	772	430	760	866	470	534	362
peak_4879	chr16	11495255	11496191	.	937	656	1068	1102	742	904	570
peak_4880	chr16	11496339	11496879	.	541	476	710	664	568	676	468
peak_4881	chr16	11496949	11497758	.	810	650	984	970	642	902	584
peak_4882	chr16	11596757	11597843	.	1087	632	910	962	724	940	488
peak_4883	chr16	11613227	11614196	.	970	632	976	1072	530	512	352
peak_4884	chr16	11639970	11641594	.	1625	1556	3424	3290	2054	2914	2106
peak_4885	chr16	11675470	11676311	.	842	412	938	1060	552	804	524
peak_4886	chr16	11850951	11852421	.	1471	1082	2080	2100	1218	1678	1104
peak_4887	chr16	11975794	11976777	.	984	566	1324	1450	838	1064	702
peak_4888	chr16	12047908	12048141	.	234	100	228	196	180	326	204
peak_4889	chr16	12062439	12063352	.	914	612	1160	1188	820	936	692
peak_4890	chr16	12087458	12088411	.	954	582	892	886	316	420	302
peak_4891	chr16	12089447	12090120	.	674	616	934	1100	524	694	470
peak_4892	chr16	12096237	12097119	.	883	540	750	726	760	742	594
peak_4893	chr16	12141811	12142510	.	700	278	580	654	686	896	720
peak_4894	chr16	12202901	12204279	.	1379	758	1336	1224	1006	1348	866
peak_4895	chr16	12225251	12225558	.	308	160	250	210	264	356	214
peak_4896	chr16	12257928	12259081	.	1154	654	1304	1250	856	1008	758
peak_4897	chr16	12317179	12317786	.	608	372	616	670	538	584	432
peak_4898	chr16	12341325	12342463	.	1139	932	1568	1438	1266	1588	1132
peak_4899	chr16	12438709	12440200	.	1492	1238	1992	1966	1782	2328	1630
peak_4900	chr16	12462679	12463605	.	927	714	1312	1128	1030	1452	906
peak_4901	chr16	12495695	12496508	.	814	638	1306	1356	1158	1922	1296
peak_4902	chr16	12497343	12498316	.	974	790	1138	1134	726	842	594
peak_4903	chr16	12531823	12532171	.	349	186	332	390	218	304	236
peak_4904	chr16	12543917	12544796	.	880	644	984	942	752	922	554
peak_4905	chr16	12570278	12571154	.	877	362	496	530	570	720	454
peak_4906	chr16	12759225	12759939	.	715	380	410	468	448	494	350
peak_4907	chr16	12857302	12857953	.	652	346	498	466	896	1010	646
peak_4908	chr16	12869594	12870487	.	894	388	514	616	716	808	592
peak_4909	chr16	13606442	13607201	.	760	822	1486	1384	1428	1462	992
peak_4910	chr16	14180462	14180896	.	435	358	686	696	588	780	550
peak_4911	chr16	14360487	14361163	.	677	576	1036	1046	570	672	522
peak_4912	chr16	14364457	14365428	.	972	638	1152	1040	814	1224	818
peak_4913	chr16	14374487	14375126	.	640	496	968	892	704	858	686
peak_4914	chr16	14399042	14399576	.	535	248	574	554	426	560	334
peak_4915	chr16	14632661	14634329	.	1669	920	2274	2202	1144	1456	1008
peak_4916	chr16	15776878	15777279	.	402	194	348	320	302	398	234
peak_4917	chr16	15996327	15997023	.	697	372	778	642	430	546	404
peak_4918	chr16	16179857	16180314	.	458	248	516	518	434	632	392
peak_4919	chr16	16188551	16189420	.	870	382	650	640	396	376	258
peak_4920	chr16	17261367	17261819	.	453	238	298	290	302	366	256
peak_4921	chr16	17397562	17397801	.	240	90	166	152	198	230	156
peak_4922	chr16	17476572	17477071	.	500	298	556	540	484	618	414
peak_4923	chr16	17548924	17549160	.	237	164	104	126	170	162	168
peak_4924	chr16	17638123	17638564	.	442	82	132	152	304	316	256
peak_4925	chr16	18049329	18049782	.	454	262	326	384	418	592	418
peak_4926	chr16	18594935	18595362	.	428	174	294	346	276	392	216
peak_4927	chr16	19005593	19006178	.	586	172	274	304	402	444	318
peak_4928	chr16	19131983	19132600	.	618	282	320	366	410	422	270
peak_4929	chr16	19831706	19831994	.	289	132	222	222	344	318	230
peak_4930	chr16	19879110	19879815	.	706	282	484	528	424	524	414
peak_4931	chr16	20192498	20193144	.	647	164	228	214	358	366	304
peak_4932	chr16	20343911	20344491	.	581	276	522	518	390	626	370
peak_4933	chr16	20344572	20345021	.	450	280	548	506	550	796	514
peak_4934	chr16	20610005	20615254	.	5250	2492	5042	5702	1262	1460	1178
peak_4935	chr16	20761458	20761959	.	502	158	166	116	328	352	214
peak_4936	chr16	20782526	20783096	.	571	202	268	254	440	620	284
peak_4937	chr16	20925593	20925925	.	333	102	142	142	276	368	216
peak_4938	chr16	20940987	20941769	.	783	318	536	618	510	516	434
peak_4939	chr16	21143248	21143520	.	273	82	126	142	252	256	164
peak_4940	chr16	21188293	21189049	.	757	650	1154	1162	960	1126	692
peak_4941	chr16	21199608	21200035	.	428	242	384	376	532	568	460
peak_4942	chr16	21302894	21303273	.	380	170	356	210	292	538	244
peak_4943	chr16	21404843	21404951	.	109	36	88	98	74	120	106
peak_4944	chr16	21511337	21512201	.	865	438	774	736	434	704	404
peak_4945	chr16	21517925	21518428	.	504	266	352	464	264	288	224
peak_4946	chr16	21525341	21526023	.	683	398	890	878	642	922	638
peak_4947	chr16	21540836	21541470	.	635	470	756	832	746	1092	766
peak_4948	chr16	21543121	21543805	.	685	322	648	606	218	328	220
peak_4949	chr16	21840469	21840580	.	112	36	52	32	50	72	50
peak_4950	chr16	22117651	22118246	.	596	320	412	436	696	902	594
peak_4951	chr16	22118703	22119101	.	399	122	222	252	244	344	222
peak_4952	chr16	22156325	22156790	.	466	194	442	506	326	370	268
peak_4953	chr16	22171740	22172559	.	820	438	666	762	434	530	394
peak_4954	chr16	22189976	22191626	.	1651	1476	5838	4406	1416	2332	1602
peak_4955	chr16	22217944	22218362	.	419	310	406	414	388	542	346
peak_4956	chr16	22297173	22298644	.	1472	956	2256	1970	1020	1250	846
peak_4957	chr16	22374564	22375394	.	831	550	1002	1172	596	812	504
peak_4958	chr16	22534472	22534601	.	130	34	102	72	88	144	84
peak_4959	chr16	22547439	22547782	.	344	82	140	124	276	340	190
peak_4960	chr16	22572366	22572625	.	260	204	362	286	244	334	158
peak_4961	chr16	22586956	22587056	.	101	36	112	82	90	140	92
peak_4962	chr16	22606641	22606741	.	101	30	62	40	90	120	60
peak_4963	chr16	22682015	22682294	.	280	182	400	448	356	528	390
peak_4964	chr16	22789342	22789999	.	658	282	552	482	598	786	496
peak_4965	chr16	22821230	22822052	.	823	362	622	620	580	770	522
peak_4966	chr16	22926105	22926633	.	529	248	516	562	482	608	482
peak_4967	chr16	22945302	22945834	.	533	284	442	448	496	724	494
peak_4968	chr16	23187484	23187850	.	367	168	310	290	296	496	366
peak_4969	chr16	23267596	23268088	.	493	320	508	498	742	992	572
peak_4970	chr16	23333919	23334711	.	793	342	624	634	572	650	508
peak_4971	chr16	23353263	23355213	.	1951	1082	1466	1644	1446	1772	1356
peak_4972	chr16	23375658	23376651	.	994	522	1030	968	694	782	566
peak_4973	chr16	23504661	23505256	.	596	394	576	602	550	702	460
peak_4974	chr16	23596919	23597387	.	469	268	630	662	476	630	428
peak_4975	chr16	23670018	23670489	.	472	138	154	172	226	324	216
peak_4976	chr16	23676936	23677387	.	452	264	396	370	380	442	338
peak_4977	chr16	23705105	23705649	.	545	214	324	468	414	522	432
peak_4978	chr16	23871116	23871420	.	305	214	346	402	222	394	336
peak_4979	chr16	23877700	23878670	.	971	254	236	318	506	588	332
peak_4980	chr16	23951852	23952751	.	900	554	862	826	884	1336	864
peak_4981	chr16	24032214	24033503	.	1290	944	1358	1318	1238	1618	1114
peak_4982	chr16	24309323	24310251	.	929	712	986	886	776	846	602
peak_4983	chr16	25114261	25115122	.	862	392	634	560	618	624	468
peak_4984	chr16	25126135	25126537	.	403	280	550	522	374	540	280
peak_4985	chr16	26572148	26572636	.	489	226	342	384	330	366	268
peak_4986	chr16	26603804	26604498	.	695	290	406	416	506	562	526
peak_4987	chr16	26616185	26616771	.	587	190	352	364	338	558	374
peak_4988	chr16	26816729	26817804	.	1076	578	1038	906	826	924	736
peak_4989	chr16	26932571	26933338	.	768	418	384	356	410	422	270
peak_4990	chr16	27101802	27102078	.	277	188	322	366	272	368	266
peak_4991	chr16	27102792	27103512	.	721	338	638	674	720	946	706
peak_4992	chr16	27185109	27185513	.	405	238	400	398	290	360	252
peak_4993	chr16	27374820	27375331	.	512	376	550	664	488	590	420
peak_4994	chr16	27401914	27402597	.	684	298	640	740	444	654	514
peak_4995	chr16	27429942	27430450	.	509	296	394	518	402	456	320
peak_4996	chr16	27432131	27433010	.	880	532	920	884	770	998	750
peak_4997	chr16	27438985	27439460	.	476	336	286	412	290	276	252
peak_4998	chr16	27515803	27516612	.	810	332	626	696	336	540	346
peak_4999	chr16	27523662	27524200	.	539	240	384	500	366	494	372
peak_5000	chr16	27546977	27547619	.	643	282	500	548	466	454	306
peak_5001	chr16	27548290	27549097	.	808	442	700	746	572	694	508
peak_5002	chr16	27786236	27787166	.	931	562	968	962	694	916	674
peak_5003	chr16	28126772	28127892	.	1121	446	652	666	238	218	146
peak_5004	chr16	28316042	28316578	.	537	318	432	478	374	462	288
peak_5005	chr16	28592623	28593934	.	1312	514	1220	1132	562	878	524
peak_5006	chr16	28597909	28598294	.	386	206	352	390	236	204	172
peak_5007	chr16	28803597	28803791	.	195	166	292	308	160	188	108
peak_5008	chr16	28822478	28822923	.	446	320	752	558	318	496	272
peak_5009	chr16	28950183	28951025	.	843	720	1626	1584	736	1012	654
peak_5010	chr16	28974503	28975076	.	574	512	1492	1220	812	1352	704
peak_5011	chr16	29028936	29029702	.	767	554	1260	1124	542	698	524
peak_5012	chr16	29106307	29106538	.	232	146	204	138	126	164	86
peak_5013	chr16	29114549	29114919	.	371	204	354	282	194	332	196
peak_5014	chr16	29146964	29147244	.	281	98	270	284	148	240	152
peak_5015	chr16	29219070	29219575	.	506	188	240	228	298	322	190
peak_5016	chr16	29266633	29266903	.	271	58	198	134	88	172	94
peak_5017	chr16	29271481	29271904	.	424	188	452	322	318	418	268
peak_5018	chr16	29272216	29272337	.	122	94	262	156	122	202	118
peak_5019	chr16	29290729	29291235	.	507	284	974	738	330	660	344
peak_5020	chr16	29308410	29310269	.	1860	588	1324	1392	462	596	412
peak_5021	chr16	29312496	29314860	.	2365	866	1778	1792	904	1558	1006
peak_5022	chr16	29316161	29317393	.	1233	654	1448	1362	796	1390	888
peak_5023	chr16	29329291	29330270	.	980	400	744	672	422	504	368
peak_5024	chr16	29333622	29333898	.	277	180	348	294	266	382	302
peak_5025	chr16	29747003	29747341	.	339	170	326	286	288	560	320
peak_5026	chr16	29808530	29809594	.	1065	504	1010	1126	684	890	562
peak_5027	chr16	29815816	29817436	.	1621	748	1804	1646	824	970	666
peak_5028	chr16	29973476	29974138	.	663	308	1322	1078	380	658	382
peak_5029	chr16	30091494	30092298	.	805	542	1678	1454	572	820	494
peak_5030	chr16	30368933	30371474	.	2542	1320	3342	3004	1600	2214	1476
peak_5031	chr16	30378166	30379587	.	1422	836	2452	2256	884	1250	724
peak_5032	chr16	30445905	30446219	.	315	426	648	650	520	736	458
peak_5033	chr16	30491596	30492249	.	654	266	450	440	282	322	218
peak_5034	chr16	30634193	30635111	.	919	624	1446	1194	656	762	494
peak_5035	chr16	30657451	30659447	.	1997	1398	4340	3498	1846	2638	1582
peak_5036	chr16	30697831	30699620	.	1790	1014	2568	2356	1088	1484	1052
peak_5037	chr16	30793497	30794158	.	662	364	636	626	462	602	426
peak_5038	chr16	30844430	30844889	.	460	238	382	490	572	756	580
peak_5039	chr16	30895810	30897310	.	1501	776	1536	1578	616	820	624
peak_5040	chr16	30910068	30911442	.	1375	698	1220	1214	884	938	646
peak_5041	chr16	30952708	30954185	.	1478	602	1108	1122	518	630	452
peak_5042	chr16	30991006	30991811	.	806	486	730	734	452	562	376
peak_5043	chr16	31005511	31007625	.	2115	788	1554	1550	698	864	540
peak_5044	chr16	31019889	31020403	.	515	200	328	350	340	414	296
peak_5045	chr16	31032596	31033117	.	522	360	632	668	526	604	440
peak_5046	chr16	31052072	31052528	.	457	240	458	354	400	528	336
peak_5047	chr16	31132277	31132969	.	693	376	764	832	422	638	414
peak_5048	chr16	31135700	31136561	.	862	366	614	672	508	590	392
peak_5049	chr16	31177088	31177470	.	383	384	784	596	396	578	478
peak_5050	chr16	31333707	31334341	.	635	398	524	574	430	448	290
peak_5051	chr16	31357575	31358236	.	662	326	514	548	436	514	390
peak_5052	chr16	31385827	31386848	.	1022	602	820	820	738	1102	620
peak_5053	chr16	31456760	31457434	.	675	338	440	546	356	434	298
peak_5054	chr16	31457925	31460167	.	2243	1290	2892	3002	1636	2210	1440
peak_5055	chr16	31707936	31708547	.	612	246	460	526	390	508	336
peak_5056	chr16	31869480	31870082	.	603	286	564	424	608	746	406
peak_5057	chr16	35206966	35207938	.	973	836	1972	1630	966	1420	998
peak_5058	chr16	35210615	35211466	.	852	386	596	476	654	790	536
peak_5059	chr16	35295832	35297228	.	1397	772	1072	1090	930	1072	716
peak_5060	chr16	35298128	35300358	.	2231	1552	2174	1994	1956	2356	1486
peak_5061	chr16	35301528	35303240	.	1713	1074	1678	1578	1512	1824	1084
peak_5062	chr16	35303352	35304173	.	822	502	654	558	704	922	604
peak_5063	chr16	35364031	35367204	.	3174	2270	3010	3184	3508	4452	3022
peak_5064	chr16	35368917	35371614	.	2698	1646	1838	2082	2252	2396	1700
peak_5065	chr16	35380505	35380704	.	200	104	204	234	202	224	198
peak_5066	chr16	35392077	35392685	.	609	426	782	668	422	558	374
peak_5067	chr16	35427714	35430177	.	2464	1606	2116	1724	2384	2546	1758
peak_5068	chr16	35494641	35496817	.	2177	2000	2484	2476	2820	3508	2324
peak_5069	chr16	35497237	35498639	.	1403	904	1242	1234	1238	1530	1092
peak_5070	chr16	35510280	35511113	.	834	622	956	794	954	1226	718
peak_5071	chr16	35516602	35516905	.	304	214	378	292	360	560	326
peak_5072	chr16	35521435	35521904	.	470	162	208	262	318	348	348
peak_5073	chr16	35557585	35558150	.	566	298	360	352	314	364	204
peak_5074	chr16	35559848	35563753	.	3906	1948	2750	2632	2644	3552	2118
peak_5075	chr16	35564896	35566200	.	1305	782	1060	1110	736	956	682
peak_5076	chr16	35566788	35567403	.	616	346	534	494	594	698	546
peak_5077	chr16	35569133	35572138	.	3006	1626	2378	2182	2146	2562	1788
peak_5078	chr16	46688472	46690423	.	1952	1140	3226	3002	1726	2272	1536
peak_5079	chr16	46718236	46718616	.	381	228	242	278	246	260	176
peak_5080	chr16	47925919	47926403	.	485	202	198	242	282	386	302
peak_5081	chr16	48081645	48082251	.	607	352	472	524	402	530	314
peak_5082	chr16	48184182	48185006	.	825	396	676	724	554	682	566
peak_5083	chr16	48229792	48230533	.	742	406	458	580	394	528	348
peak_5084	chr16	48350699	48351139	.	441	284	398	374	508	662	488
peak_5085	chr16	48462148	48462676	.	529	262	734	550	598	1024	610
peak_5086	chr16	48619772	48620210	.	439	178	314	382	390	442	328
peak_5087	chr16	48884733	48884976	.	244	102	194	238	256	334	280
peak_5088	chr16	49050631	49051368	.	738	426	502	588	476	574	478
peak_5089	chr16	49273050	49273679	.	630	442	408	456	442	462	336
peak_5090	chr16	49370199	49370593	.	395	138	246	246	396	458	356
peak_5091	chr16	49391523	49392122	.	600	220	304	352	404	514	312
peak_5092	chr16	49392742	49393215	.	474	136	218	252	286	358	204
peak_5093	chr16	49419804	49420338	.	535	328	430	492	324	362	234
peak_5094	chr16	49431043	49431566	.	524	154	216	260	322	386	312
peak_5095	chr16	49468857	49469454	.	598	370	570	680	444	566	416
peak_5096	chr16	49491689	49493700	.	2012	850	1950	2066	1006	1448	1078
peak_5097	chr16	49498751	49499536	.	786	488	768	864	640	798	532
peak_5098	chr16	49502180	49502776	.	597	390	442	494	276	282	224
peak_5099	chr16	49563686	49564128	.	443	224	424	358	336	514	330
peak_5100	chr16	49572151	49573019	.	869	468	698	682	672	766	560
peak_5101	chr16	49676238	49677210	.	973	564	926	914	586	764	538
peak_5102	chr16	49896566	49896975	.	410	160	308	284	310	348	220
peak_5103	chr16	49927503	49928953	.	1451	846	1502	1530	1410	1934	1364
peak_5104	chr16	49930752	49931350	.	599	284	534	470	420	450	364
peak_5105	chr16	49974783	49975096	.	314	152	182	240	256	252	198
peak_5106	chr16	49978215	49978960	.	746	306	372	396	424	576	310
peak_5107	chr16	50246320	50247477	.	1158	346	636	698	296	274	232
peak_5108	chr16	50264985	50265839	.	855	522	826	792	762	782	602
peak_5109	chr16	50578576	50579187	.	612	324	382	438	524	574	372
peak_5110	chr16	50598361	50598837	.	477	218	336	400	270	356	286
peak_5111	chr16	50603231	50605295	.	2065	880	1550	1586	724	872	562
peak_5112	chr16	50605751	50606183	.	433	162	316	404	250	296	198
peak_5113	chr16	50696717	50697214	.	498	328	674	766	550	772	434
peak_5114	chr16	50725887	50726489	.	603	158	262	346	326	390	322
peak_5115	chr16	51209661	51210313	.	653	280	450	458	468	592	464
peak_5116	chr16	51326248	51326842	.	595	266	424	386	506	568	386
peak_5117	chr16	51982809	51983681	.	873	392	478	530	782	884	596
peak_5118	chr16	53034359	53034702	.	344	76	136	172	256	308	248
peak_5119	chr16	53099571	53100136	.	566	358	1124	1044	594	934	620
peak_5120	chr16	53142859	53143239	.	381	108	120	156	202	246	180
peak_5121	chr16	53511313	53512047	.	735	384	644	670	636	632	474
peak_5122	chr16	53522991	53523654	.	664	336	650	600	408	438	298
peak_5123	chr16	53817221	53817469	.	249	100	234	210	154	242	182
peak_5124	chr16	54193646	54194775	.	1130	582	1590	1746	906	1414	1046
peak_5125	chr16	54298694	54299126	.	433	132	170	172	268	404	230
peak_5126	chr16	54326376	54326913	.	538	176	338	372	378	590	360
peak_5127	chr16	54373527	54374131	.	605	496	888	804	586	844	586
peak_5128	chr16	54720317	54720768	.	452	284	476	564	562	744	538
peak_5129	chr16	55147834	55148455	.	622	126	212	228	286	344	276
peak_5130	chr16	55242364	55243069	.	706	412	430	486	276	408	342
peak_5131	chr16	55247446	55248391	.	946	260	390	516	624	806	488
peak_5132	chr16	55297038	55297695	.	658	396	694	608	658	730	526
peak_5133	chr16	55623102	55623571	.	470	286	654	596	502	674	474
peak_5134	chr16	55812696	55813275	.	580	378	566	580	426	460	444
peak_5135	chr16	55835820	55835957	.	138	72	92	64	128	126	88
peak_5136	chr16	56245977	56246775	.	799	414	724	864	568	696	516
peak_5137	chr16	56286558	56288879	.	2322	1124	1840	1860	984	1128	814
peak_5138	chr16	56300069	56300524	.	456	230	340	288	338	308	310
peak_5139	chr16	56301635	56302322	.	688	426	570	576	400	492	368
peak_5140	chr16	56303180	56303786	.	607	414	712	754	538	746	558
peak_5141	chr16	56335163	56337093	.	1931	638	1136	1242	524	532	412
peak_5142	chr16	56523356	56524083	.	728	310	480	562	452	550	338
peak_5143	chr16	56606652	56607653	.	1002	582	1088	1022	536	626	448
peak_5144	chr16	56607774	56608708	.	935	568	1120	1058	420	708	414
peak_5145	chr16	56614518	56614954	.	437	278	380	428	374	440	290
peak_5146	chr16	56628564	56629659	.	1096	598	786	790	602	672	486
peak_5147	chr16	56651518	56653063	.	1546	614	1064	1162	492	530	332
peak_5148	chr16	56691866	56692292	.	427	248	594	506	360	566	330
peak_5149	chr16	56850814	56851279	.	466	432	562	664	376	584	396
peak_5150	chr16	56862054	56864044	.	1991	1020	1586	1582	634	726	486
peak_5151	chr16	56994280	56994646	.	367	198	404	460	290	386	246
peak_5152	chr16	57088815	57089324	.	510	268	412	476	520	568	334
peak_5153	chr16	57104723	57105253	.	531	260	588	652	410	450	348
peak_5154	chr16	57105482	57107008	.	1527	620	1138	1204	588	734	516
peak_5155	chr16	57277433	57277877	.	445	176	338	316	300	328	222
peak_5156	chr16	57379594	57380174	.	581	310	446	526	356	558	274
peak_5157	chr16	57399634	57399927	.	294	106	192	156	194	236	170
peak_5158	chr16	57409911	57410475	.	565	314	740	700	406	654	436
peak_5159	chr16	57507232	57508914	.	1683	574	1140	1124	310	282	276
peak_5160	chr16	57564486	57565195	.	710	486	1104	1026	618	1014	616
peak_5161	chr16	57622498	57623915	.	1418	1048	2162	2022	1200	1790	1078
peak_5162	chr16	57626462	57628865	.	2404	1130	2284	2568	1022	1540	1098
peak_5163	chr16	57643009	57643928	.	920	632	912	976	608	710	410
peak_5164	chr16	57677770	57680000	.	2231	1438	2324	2434	1596	2006	1298
peak_5165	chr16	57736599	57737657	.	1059	670	842	1042	852	934	624
peak_5166	chr16	57738864	57739491	.	628	310	592	532	352	566	344
peak_5167	chr16	57764334	57765243	.	910	688	1526	1234	862	1414	796
peak_5168	chr16	57769785	57770881	.	1097	458	820	938	534	796	570
peak_5169	chr16	57770969	57772579	.	1611	628	1150	1154	392	570	386
peak_5170	chr16	57782217	57782760	.	544	226	256	258	316	328	280
peak_5171	chr16	57786874	57787324	.	451	222	360	406	286	404	290
peak_5172	chr16	57812373	57813154	.	782	534	1066	988	428	454	320
peak_5173	chr16	57815383	57816954	.	1572	864	1630	1620	916	1122	804
peak_5174	chr16	57818429	57819486	.	1058	644	806	884	438	416	312
peak_5175	chr16	57827103	57827932	.	830	458	902	954	574	876	536
peak_5176	chr16	57830906	57831876	.	971	674	1068	1068	782	816	450
peak_5177	chr16	58021785	58022538	.	754	538	918	864	420	600	396
peak_5178	chr16	58049236	58050438	.	1203	440	772	762	374	342	238
peak_5179	chr16	58085946	58087125	.	1180	600	878	870	488	516	512
peak_5180	chr16	58109039	58109564	.	526	322	524	504	446	564	316
peak_5181	chr16	58434015	58434566	.	552	338	552	566	540	784	434
peak_5182	chr16	58464452	58465563	.	1112	540	960	1058	380	490	332
peak_5183	chr16	58496467	58497007	.	541	232	384	412	414	418	286
peak_5184	chr16	58497652	58498763	.	1112	492	822	908	362	440	304
peak_5185	chr16	58499727	58500836	.	1110	674	1512	1518	746	1074	770
peak_5186	chr16	58682997	58685085	.	2089	948	1902	1908	1038	1428	946
peak_5187	chr16	58701090	58701370	.	281	40	90	98	154	146	158
peak_5188	chr16	60604862	60605526	.	665	296	482	496	442	594	324
peak_5189	chr16	63288832	63288982	.	151	92	86	94	156	212	122
peak_5190	chr16	63442126	63442586	.	461	214	340	358	452	678	488
peak_5191	chr16	65942511	65942889	.	379	186	336	378	342	380	276
peak_5192	chr16	66019513	66019926	.	414	90	140	110	272	304	192
peak_5193	chr16	66020129	66021075	.	947	422	610	592	960	1034	700
peak_5194	chr16	66182719	66183166	.	448	244	388	456	460	502	344
peak_5195	chr16	66245143	66245696	.	554	276	430	458	350	432	324
peak_5196	chr16	66260508	66261278	.	771	348	472	486	530	596	504
peak_5197	chr16	66268190	66268588	.	399	256	372	412	360	418	296
peak_5198	chr16	66273464	66274216	.	753	388	714	670	516	586	476
peak_5199	chr16	66331039	66331896	.	858	548	804	774	566	560	442
peak_5200	chr16	66370508	66371792	.	1285	622	988	924	372	382	316
peak_5201	chr16	66432245	66432754	.	510	374	566	428	426	622	376
peak_5202	chr16	66433320	66434245	.	926	658	1558	1646	886	1226	956
peak_5203	chr16	66461349	66462046	.	698	262	518	566	438	472	346
peak_5204	chr16	66467528	66469578	.	2051	1138	1694	1840	722	888	626
peak_5205	chr16	66484171	66486014	.	1844	990	1776	1858	1082	1166	898
peak_5206	chr16	66511521	66512258	.	738	332	818	796	698	1048	788
peak_5207	chr16	66516583	66517109	.	527	416	996	864	470	542	434
peak_5208	chr16	66521984	66522670	.	687	616	1356	1232	736	916	734
peak_5209	chr16	66603698	66604998	.	1301	546	1174	1244	594	810	586
peak_5210	chr16	66622152	66622593	.	442	188	350	450	372	532	362
peak_5211	chr16	66874856	66875468	.	613	388	654	532	436	520	266
peak_5212	chr16	66901757	66902243	.	487	294	484	432	404	560	292
peak_5213	chr16	66902783	66905178	.	2396	1158	1956	1954	886	1020	696
peak_5214	chr16	66907196	66908729	.	1534	1040	1882	1978	1410	1814	1386
peak_5215	chr16	66909660	66915605	.	5946	2930	5424	5472	2584	2988	2148
peak_5216	chr16	66919569	66920462	.	894	640	1218	1180	738	930	638
peak_5217	chr16	66927741	66929163	.	1423	746	1522	1482	968	1222	910
peak_5218	chr16	66930189	66930514	.	326	190	300	304	280	306	228
peak_5219	chr16	67055737	67056122	.	386	64	164	180	228	314	204
peak_5220	chr16	67115659	67116129	.	471	202	448	486	414	516	346
peak_5221	chr16	67210926	67212000	.	1075	626	1028	1002	612	704	518
peak_5222	chr16	67244352	67245695	.	1344	548	924	902	506	636	364
peak_5223	chr16	67254597	67255647	.	1051	560	894	922	724	820	682
peak_5224	chr16	67276927	67277371	.	445	206	458	360	266	468	288
peak_5225	chr16	67288298	67289274	.	977	576	890	938	488	494	382
peak_5226	chr16	67449226	67449861	.	636	518	962	1004	524	714	594
peak_5227	chr16	67461447	67462291	.	845	528	944	918	550	802	540
peak_5228	chr16	67463682	67464271	.	590	268	644	594	466	642	348
peak_5229	chr16	67465739	67466309	.	571	520	1010	998	470	610	462
peak_5230	chr16	67498844	67499997	.	1154	580	1174	1200	984	1292	910
peak_5231	chr16	67504382	67505086	.	705	526	1162	1050	806	1134	918
peak_5232	chr16	67520922	67521762	.	841	490	1404	1320	580	966	790
peak_5233	chr16	67525527	67527204	.	1678	1010	1632	1780	868	890	632
peak_5234	chr16	67535523	67535887	.	365	210	340	370	282	356	266
peak_5235	chr16	67540655	67542043	.	1389	1014	1740	1846	1446	1986	1398
peak_5236	chr16	67645053	67647725	.	2673	950	1884	2082	886	1086	814
peak_5237	chr16	67718404	67719577	.	1174	622	1294	1510	700	1050	762
peak_5238	chr16	67856934	67858115	.	1182	616	914	920	346	326	240
peak_5239	chr16	67917112	67918551	.	1440	846	1534	1530	792	1044	724
peak_5240	chr16	67918643	67920226	.	1584	826	1548	1606	1034	1050	850
peak_5241	chr16	67922402	67924921	.	2520	1502	2546	2834	1304	1376	1014
peak_5242	chr16	67925412	67929048	.	3637	1676	3040	3212	1418	1712	1152
peak_5243	chr16	67934573	67937381	.	2809	1354	3246	3076	1514	2198	1350
peak_5244	chr16	67966944	67967713	.	770	448	902	878	668	874	634
peak_5245	chr16	68237237	68238097	.	861	644	1476	1544	716	1096	634
peak_5246	chr16	68301093	68301448	.	356	168	360	388	366	516	334
peak_5247	chr16	68410869	68412381	.	1513	814	1268	1412	650	702	476
peak_5248	chr16	68445569	68447473	.	1905	672	1244	1302	796	868	568
peak_5249	chr16	68472485	68474004	.	1520	812	1400	1564	558	858	546
peak_5250	chr16	68512191	68512675	.	485	250	382	378	328	404	302
peak_5251	chr16	68626538	68626912	.	375	252	264	246	454	456	348
peak_5252	chr16	68741681	68742043	.	363	182	300	216	254	404	252
peak_5253	chr16	69166175	69166542	.	368	116	228	234	216	218	190
peak_5254	chr16	69471010	69471392	.	383	110	116	118	222	240	158
peak_5255	chr16	69530474	69530988	.	515	466	1330	1020	614	960	526
peak_5256	chr16	70018304	70018692	.	389	100	202	212	240	224	186
peak_5257	chr16	70165077	70165586	.	510	386	748	544	520	710	422
peak_5258	chr16	70478140	70482205	.	4066	1518	2318	2422	862	732	654
peak_5259	chr16	70692798	70693509	.	712	388	848	796	476	674	422
peak_5260	chr16	70694717	70695204	.	488	352	574	676	330	380	286
peak_5261	chr16	70746156	70746670	.	515	332	556	626	440	534	442
peak_5262	chr16	70747915	70748663	.	749	450	906	994	686	988	690
peak_5263	chr16	70800289	70801476	.	1188	832	1588	1694	906	1230	952
peak_5264	chr16	71402341	71402954	.	614	342	582	680	464	474	368
peak_5265	chr16	71473819	71474292	.	474	246	478	448	496	532	374
peak_5266	chr16	71535779	71536401	.	623	262	334	362	404	418	324
peak_5267	chr16	72111675	72112152	.	478	184	292	324	344	488	346
peak_5268	chr16	73068640	73068974	.	335	232	438	408	352	326	282
peak_5269	chr16	73070586	73070905	.	320	258	702	616	316	626	356
peak_5270	chr16	73816937	73817226	.	290	126	150	196	256	270	194
peak_5271	chr16	73902941	73903391	.	451	166	278	308	322	426	280
peak_5272	chr16	73990480	73991093	.	614	214	364	388	372	504	338
peak_5273	chr16	74321232	74321821	.	590	388	588	706	570	802	494
peak_5274	chr16	74372930	74373445	.	516	482	742	632	628	778	498
peak_5275	chr16	74418976	74419289	.	314	144	292	250	198	290	208
peak_5276	chr16	74677928	74678399	.	472	308	380	354	386	344	274
peak_5277	chr16	74724549	74725469	.	921	682	1240	1322	634	840	584
peak_5278	chr16	74740688	74741301	.	614	376	660	622	490	634	408
peak_5279	chr16	75003512	75003955	.	444	270	416	366	410	532	300
peak_5280	chr16	75238630	75239429	.	800	576	1148	1340	662	882	692
peak_5281	chr16	75245176	75245948	.	773	552	1428	1214	580	980	636
peak_5282	chr16	75246467	75248015	.	1549	716	1392	1418	550	632	436
peak_5283	chr16	75305386	75305887	.	502	350	886	826	602	838	510
peak_5284	chr16	75482725	75483853	.	1129	568	958	986	572	730	466
peak_5285	chr16	75509429	75510191	.	763	394	572	618	410	326	296
peak_5286	chr16	75564956	75565545	.	590	536	1056	812	778	1202	794
peak_5287	chr16	75585433	75586170	.	738	262	302	372	444	510	310
peak_5288	chr16	75702245	75702633	.	389	228	326	256	340	398	248
peak_5289	chr16	77122516	77122866	.	351	92	104	138	188	216	192
peak_5290	chr16	77585851	77586140	.	290	194	242	268	280	264	220
peak_5291	chr16	77712555	77712792	.	238	70	94	50	126	234	134
peak_5292	chr16	77824998	77825687	.	690	332	502	542	478	594	450
peak_5293	chr16	77952344	77952687	.	344	132	106	170	262	314	230
peak_5294	chr16	78734516	78734834	.	319	164	266	262	318	450	276
peak_5295	chr16	78791078	78791614	.	537	280	404	554	406	470	334
peak_5296	chr16	78949193	78949725	.	533	208	366	388	432	494	456
peak_5297	chr16	78955134	78955560	.	427	248	398	404	514	724	500
peak_5298	chr16	79033725	79034101	.	377	236	406	442	456	546	438
peak_5299	chr16	79049876	79050612	.	737	340	690	616	720	694	530
peak_5300	chr16	79068155	79068631	.	477	138	218	322	314	386	336
peak_5301	chr16	79098995	79099507	.	513	176	248	334	552	490	418
peak_5302	chr16	79126260	79126674	.	415	174	286	320	390	650	360
peak_5303	chr16	79169210	79169461	.	252	150	218	224	216	302	182
peak_5304	chr16	79639951	79640282	.	332	276	486	386	382	554	304
peak_5305	chr16	79876751	79877711	.	961	354	392	424	450	616	482
peak_5306	chr16	79972076	79972605	.	530	184	390	412	388	614	446
peak_5307	chr16	79981950	79982770	.	821	464	606	614	714	794	534
peak_5308	chr16	80015494	80015920	.	427	216	356	394	488	796	472
peak_5309	chr16	80114847	80115306	.	460	148	210	182	292	400	290
peak_5310	chr16	80569285	80569926	.	642	366	772	786	510	478	378
peak_5311	chr16	80721157	80721653	.	497	124	272	298	436	592	360
peak_5312	chr16	80932620	80933147	.	528	196	472	522	346	540	332
peak_5313	chr16	81166610	81167436	.	827	528	714	688	614	818	494
peak_5314	chr16	81180643	81181724	.	1082	588	1296	1056	880	1138	680
peak_5315	chr16	81197180	81197960	.	781	278	466	456	376	468	332
peak_5316	chr16	81457399	81458027	.	629	320	590	596	466	654	476
peak_5317	chr16	81482154	81482731	.	578	406	590	644	404	424	336
peak_5318	chr16	81485838	81486276	.	439	310	522	560	514	676	436
peak_5319	chr16	81493696	81494190	.	495	254	488	466	380	558	398
peak_5320	chr16	81532559	81533052	.	494	330	572	634	316	508	394
peak_5321	chr16	81550484	81550943	.	460	270	366	364	398	432	270
peak_5322	chr16	81599851	81600250	.	400	284	418	400	352	532	324
peak_5323	chr16	81600322	81600608	.	287	248	420	276	290	446	318
peak_5324	chr16	81604971	81605370	.	400	212	312	270	228	224	186
peak_5325	chr16	81606088	81606725	.	638	416	528	562	596	738	490
peak_5326	chr16	81626479	81627411	.	933	384	546	548	520	628	460
peak_5327	chr16	81672060	81672452	.	393	168	248	314	274	320	234
peak_5328	chr16	81685764	81686645	.	882	442	996	1066	612	856	530
peak_5329	chr16	82062853	82063225	.	373	178	308	372	298	478	272
peak_5330	chr16	82114278	82114704	.	427	190	240	262	354	308	236
peak_5331	chr16	82363430	82363913	.	484	312	448	420	468	552	404
peak_5332	chr16	82470844	82471229	.	386	148	250	298	294	446	326
peak_5333	chr16	82560841	82561179	.	339	92	196	214	222	328	182
peak_5334	chr16	82582993	82583905	.	913	360	574	626	458	596	410
peak_5335	chr16	82767825	82768280	.	456	158	234	178	274	370	272
peak_5336	chr16	83039961	83040478	.	518	196	250	356	340	410	312
peak_5337	chr16	83189494	83190070	.	577	342	490	522	512	694	518
peak_5338	chr16	83199038	83199409	.	372	200	264	292	340	330	236
peak_5339	chr16	83312887	83313174	.	288	120	124	112	252	286	206
peak_5340	chr16	83407966	83408411	.	446	154	144	184	296	400	274
peak_5341	chr16	83443776	83444643	.	868	236	328	344	506	486	400
peak_5342	chr16	83532709	83533575	.	867	526	772	752	648	694	384
peak_5343	chr16	83744322	83744943	.	622	272	486	478	410	418	312
peak_5344	chr16	83777017	83777702	.	686	232	440	476	374	500	400
peak_5345	chr16	83796629	83797348	.	720	478	578	706	680	780	642
peak_5346	chr16	83898482	83899123	.	642	502	1040	1094	612	852	570
peak_5347	chr16	83943190	83943715	.	526	404	676	712	542	752	526
peak_5348	chr16	83949896	83950280	.	385	184	312	290	264	298	146
peak_5349	chr16	83952619	83954287	.	1669	992	2250	2002	1266	1642	1052
peak_5350	chr16	84000668	84001622	.	955	720	1210	1332	818	946	742
peak_5351	chr16	84005468	84006232	.	765	430	860	868	606	856	630
peak_5352	chr16	84013901	84014609	.	709	452	954	990	752	838	584
peak_5353	chr16	84042617	84043260	.	644	386	692	818	524	742	448
peak_5354	chr16	84050027	84050778	.	752	462	580	648	508	538	346
peak_5355	chr16	84247932	84248389	.	458	316	478	510	370	460	414
peak_5356	chr16	84265779	84266299	.	521	228	336	374	322	474	286
peak_5357	chr16	84271937	84272229	.	293	206	330	328	314	344	328
peak_5358	chr16	84291498	84292469	.	972	400	836	830	630	886	582
peak_5359	chr16	84314367	84315214	.	848	426	734	794	560	606	414
peak_5360	chr16	84332986	84334124	.	1139	402	644	576	248	318	234
peak_5361	chr16	84355637	84355961	.	325	214	280	356	302	380	292
peak_5362	chr16	84357267	84357746	.	480	262	636	632	430	584	448
peak_5363	chr16	84360251	84360547	.	297	174	444	338	288	418	344
peak_5364	chr16	84376670	84377564	.	895	646	812	852	786	930	632
peak_5365	chr16	84511379	84511960	.	582	332	506	462	420	542	406
peak_5366	chr16	84687581	84687983	.	403	228	340	330	392	530	322
peak_5367	chr16	84689066	84689527	.	462	194	272	302	292	330	274
peak_5368	chr16	84832412	84832853	.	442	282	444	452	392	460	364
peak_5369	chr16	84839114	84839593	.	480	410	834	788	434	652	462
peak_5370	chr16	84851117	84852074	.	958	652	1320	1276	948	1620	1076
peak_5371	chr16	84924364	84925455	.	1092	404	634	788	380	488	282
peak_5372	chr16	84950752	84951782	.	1031	618	898	964	478	508	290
peak_5373	chr16	85015876	85016112	.	237	160	150	110	180	280	200
peak_5374	chr16	85103528	85104411	.	884	508	890	962	530	672	528
peak_5375	chr16	85104801	85105737	.	937	610	1144	1102	588	758	472
peak_5376	chr16	85124434	85124905	.	472	150	240	302	266	394	238
peak_5377	chr16	85170126	85173129	.	3004	1234	2210	2414	1338	1448	1054
peak_5378	chr16	85274857	85275246	.	390	232	546	514	258	410	418
peak_5379	chr16	85349978	85350795	.	818	582	1114	1202	756	976	620
peak_5380	chr16	85372539	85374081	.	1543	782	1410	1484	680	962	598
peak_5381	chr16	85396060	85398059	.	2000	892	1748	1914	804	1168	902
peak_5382	chr16	85402971	85403563	.	593	354	674	688	434	450	324
peak_5383	chr16	85439543	85440659	.	1117	488	910	844	622	810	542
peak_5384	chr16	85514498	85515604	.	1107	820	1696	1768	988	1184	924
peak_5385	chr16	85515992	85516416	.	425	324	594	708	398	670	526
peak_5386	chr16	85610030	85612543	.	2514	1024	2460	2664	1074	1598	1114
peak_5387	chr16	85724164	85725522	.	1359	620	890	920	454	388	338
peak_5388	chr16	85823779	85825811	.	2033	1074	1684	1946	1278	1460	1088
peak_5389	chr16	85858382	85859088	.	707	258	442	442	410	546	334
peak_5390	chr16	85878928	85879476	.	549	336	722	722	466	756	452
peak_5391	chr16	85999282	85999794	.	513	290	464	502	430	494	416
peak_5392	chr16	86015308	86016108	.	801	460	806	836	738	896	746
peak_5393	chr16	86046910	86047370	.	461	290	380	444	346	356	288
peak_5394	chr16	86050341	86051066	.	726	444	610	636	394	456	380
peak_5395	chr16	86065635	86066240	.	606	334	556	654	466	616	458
peak_5396	chr16	86110311	86111856	.	1546	844	1198	1434	986	1040	756
peak_5397	chr16	86142671	86143160	.	490	292	388	478	380	480	396
peak_5398	chr16	86241858	86243324	.	1467	764	1148	1176	858	1134	732
peak_5399	chr16	86281444	86281831	.	388	178	380	396	218	330	210
peak_5400	chr16	86331926	86332709	.	784	556	792	760	608	786	594
peak_5401	chr16	86381993	86382820	.	828	464	1028	1148	574	1026	684
peak_5402	chr16	86396975	86397417	.	443	238	464	472	422	482	306
peak_5403	chr16	86425062	86425558	.	497	162	310	340	290	388	288
peak_5404	chr16	86549149	86549908	.	760	296	512	430	334	490	374
peak_5405	chr16	86625722	86626074	.	353	142	196	198	294	408	254
peak_5406	chr16	86712004	86713656	.	1653	874	1474	1440	1104	1366	928
peak_5407	chr16	86717943	86718433	.	491	376	644	690	380	482	362
peak_5408	chr16	86781032	86781506	.	475	278	318	320	342	408	294
peak_5409	chr16	86824090	86825301	.	1212	842	1530	1602	1158	1396	996
peak_5410	chr16	86845150	86845876	.	727	316	558	538	290	418	270
peak_5411	chr16	86880269	86881602	.	1334	724	1364	1412	1076	1552	1056
peak_5412	chr16	86882219	86883293	.	1075	798	1380	1418	970	1454	974
peak_5413	chr16	86951389	86952562	.	1174	646	1182	1220	764	962	660
peak_5414	chr16	86975450	86975879	.	430	308	710	550	522	796	434
peak_5415	chr16	87040739	87041686	.	948	598	1058	1060	588	758	542
peak_5416	chr16	87042315	87044655	.	2341	1242	2258	2446	1270	1814	1306
peak_5417	chr16	87123446	87124441	.	996	314	649	616	566	684	499
peak_5418	chr16	87145184	87146149	.	966	452	988	998	692	726	508
peak_5419	chr16	87179139	87180419	.	1281	734	1264	1300	814	1008	682
peak_5420	chr16	87278723	87279333	.	611	178	450	486	302	490	314
peak_5421	chr16	87314892	87315793	.	902	448	808	876	628	648	466
peak_5422	chr16	87318168	87318802	.	635	326	652	550	306	370	232
peak_5423	chr16	87383355	87385136	.	1782	852	2294	2068	966	1626	1008
peak_5424	chr16	87465400	87465604	.	205	162	320	304	242	252	216
peak_5425	chr16	87551658	87553324	.	1667	834	1498	1424	832	892	652
peak_5426	chr16	87582606	87583236	.	631	390	646	732	516	606	422
peak_5427	chr16	87585677	87586098	.	422	296	484	510	272	412	282
peak_5428	chr16	87627507	87629294	.	1788	662	1306	1382	520	636	528
peak_5429	chr16	87723082	87723664	.	583	378	768	828	452	704	500
peak_5430	chr16	87724407	87725435	.	1029	508	736	816	388	512	362
peak_5431	chr16	87764681	87766528	.	1848	548	1206	1352	738	900	634
peak_5432	chr16	87778591	87779539	.	949	322	816	934	378	448	354
peak_5433	chr16	87853514	87854040	.	527	364	974	900	452	682	540
peak_5434	chr16	87871521	87871845	.	325	300	500	596	394	510	368
peak_5435	chr16	87925383	87925741	.	359	226	320	340	214	228	176
peak_5436	chr16	87950576	87951558	.	983	586	1368	1266	690	1092	728
peak_5437	chr16	88164625	88165437	.	813	246	638	578	436	542	342
peak_5438	chr16	88184617	88184915	.	299	148	260	242	170	232	148
peak_5439	chr16	88242398	88243478	.	1081	646	1356	1100	946	1066	726
peak_5440	chr16	88244966	88246214	.	1249	772	1858	1800	902	1518	1030
peak_5441	chr16	88264422	88265276	.	855	318	912	778	268	470	290
peak_5442	chr16	88282153	88283007	.	855	362	630	738	378	358	274
peak_5443	chr16	88305704	88306588	.	885	614	980	992	848	966	702
peak_5444	chr16	88329545	88331026	.	1482	820	1502	1576	882	1090	750
peak_5445	chr16	88332080	88333311	.	1232	800	2398	1956	1232	1530	1000
peak_5446	chr16	88339923	88340739	.	817	560	696	794	528	712	448
peak_5447	chr16	88398434	88399381	.	948	522	828	856	648	1016	664
peak_5448	chr16	88404156	88405919	.	1764	666	1488	1440	748	950	630
peak_5449	chr16	88470075	88470505	.	431	194	502	566	296	360	276
peak_5450	chr16	88689950	88692831	.	2882	986	2038	2022	758	1012	710
peak_5451	chr16	88708114	88709100	.	987	384	678	706	244	244	278
peak_5452	chr16	88794694	88795813	.	1120	534	908	920	636	840	510
peak_5453	chr16	88820388	88820688	.	301	218	260	330	278	364	306
peak_5454	chr16	88830344	88831238	.	895	448	936	908	538	630	408
peak_5455	chr16	88831804	88832751	.	948	414	924	970	426	754	438
peak_5456	chr16	88892445	88894178	.	1734	1110	2034	2076	1246	1610	1180
peak_5457	chr16	88902436	88903606	.	1171	538	1036	1060	436	438	358
peak_5458	chr16	88930881	88932451	.	1571	618	1370	1384	706	828	576
peak_5459	chr16	88951583	88954479	.	2897	1292	2300	2374	932	1056	848
peak_5460	chr16	88956337	88957978	.	1642	814	1598	1588	682	768	580
peak_5461	chr16	89007476	89008190	.	715	338	688	558	492	516	314
peak_5462	chr16	89018109	89019241	.	1133	884	1828	1906	1162	1544	1148
peak_5463	chr16	89019352	89020761	.	1410	870	1412	1582	924	1124	950
peak_5464	chr16	89032228	89032802	.	575	344	558	612	366	414	292
peak_5465	chr16	89038752	89040607	.	1856	930	1916	2186	1138	1426	996
peak_5466	chr16	89073208	89074026	.	819	458	670	664	662	682	448
peak_5467	chr16	89090211	89090651	.	441	194	394	454	364	436	378
peak_5468	chr16	89114561	89115714	.	1154	634	1378	1512	824	1114	832
peak_5469	chr16	89156243	89156687	.	445	246	624	628	344	474	378
peak_5470	chr16	89158451	89159083	.	633	378	494	518	512	708	432
peak_5471	chr16	89159147	89160207	.	1061	636	1246	1438	842	938	710
peak_5472	chr16	89161590	89162770	.	1181	600	1002	1082	732	866	564
peak_5473	chr16	89166861	89167279	.	419	230	528	616	356	472	324
peak_5474	chr16	89187103	89188060	.	958	548	1090	1040	646	1014	634
peak_5475	chr16	89211009	89211705	.	697	410	598	676	430	564	386
peak_5476	chr16	89216316	89217053	.	738	402	626	558	454	622	444
peak_5477	chr16	89220658	89221568	.	911	638	1006	982	616	830	506
peak_5478	chr16	89301372	89302255	.	884	638	1390	1332	766	994	702
peak_5479	chr16	89315283	89316264	.	982	330	938	824	648	680	600
peak_5480	chr16	89335230	89336403	.	1174	676	1068	1200	714	1072	764
peak_5481	chr16	89558967	89559531	.	565	402	1008	820	544	800	470
peak_5482	chr16	89581026	89581672	.	647	348	626	550	522	660	504
peak_5483	chr16	89581924	89582526	.	603	300	514	528	432	466	314
peak_5484	chr16	89590605	89591688	.	1084	486	834	1102	758	986	672
peak_5485	chr16	89595765	89596482	.	718	390	730	618	540	752	488
peak_5486	chr16	89599470	89600528	.	1059	552	1400	1358	642	888	620
peak_5487	chr16	89600609	89601259	.	651	400	892	924	588	678	480
peak_5488	chr16	89601813	89603047	.	1235	676	1434	1616	756	1158	858
peak_5489	chr16	89631718	89632145	.	428	256	422	342	192	300	186
peak_5490	chr16	89699736	89700617	.	882	688	1434	1484	802	970	668
peak_5491	chr16	89706465	89709016	.	2552	940	2106	2068	892	1020	766
peak_5492	chr17	602576	602831	.	256	80	152	140	152	244	136
peak_5493	chr17	1188882	1189330	.	449	290	406	386	440	494	342
peak_5494	chr17	1197411	1197902	.	492	242	470	446	326	402	278
peak_5495	chr17	1297651	1298205	.	555	230	334	394	200	272	184
peak_5496	chr17	1486791	1487538	.	748	298	666	598	300	398	326
peak_5497	chr17	2359150	2360175	.	1026	536	1174	948	574	982	632
peak_5498	chr17	2537895	2538311	.	417	152	280	238	240	348	220
peak_5499	chr17	2545403	2545728	.	326	146	230	242	216	242	184
peak_5500	chr17	2811915	2812481	.	567	274	504	410	266	312	268
peak_5501	chr17	2892381	2892881	.	501	382	534	602	378	372	286
peak_5502	chr17	2929817	2930484	.	668	274	524	684	286	462	302
peak_5503	chr17	2960164	2960969	.	806	566	1248	1094	642	958	674
peak_5504	chr17	3558609	3559170	.	562	230	542	646	304	446	328
peak_5505	chr17	3635501	3637305	.	1805	626	1438	1504	818	1176	780
peak_5506	chr17	3738442	3739245	.	804	348	638	724	370	612	366
peak_5507	chr17	4229615	4229960	.	346	104	192	200	250	350	168
peak_5508	chr17	4477110	4477646	.	537	270	476	486	340	512	260
peak_5509	chr17	4479266	4479989	.	724	266	558	606	338	436	266
peak_5510	chr17	4492852	4493735	.	884	402	938	974	624	928	572
peak_5511	chr17	4721497	4722235	.	739	330	520	530	354	594	416
peak_5512	chr17	4903363	4903833	.	471	350	482	538	362	528	380
peak_5513	chr17	5240951	5241108	.	158	84	138	98	152	182	130
peak_5514	chr17	5780377	5780905	.	529	192	360	374	360	280	232
peak_5515	chr17	5825487	5826231	.	745	280	584	536	448	638	386
peak_5516	chr17	5873587	5874451	.	865	336	612	568	574	572	400
peak_5517	chr17	5921880	5922471	.	592	366	618	588	460	556	434
peak_5518	chr17	6019908	6020362	.	455	166	248	286	230	318	236
peak_5519	chr17	6061061	6061797	.	737	348	656	514	446	602	484
peak_5520	chr17	6472378	6473494	.	1117	444	690	782	292	446	298
peak_5521	chr17	6524533	6525105	.	573	160	372	256	326	412	266
peak_5522	chr17	7306867	7307802	.	936	700	2102	1564	820	1076	724
peak_5523	chr17	7354165	7354746	.	582	248	530	496	378	482	256
peak_5524	chr17	7572372	7572914	.	543	504	1308	908	564	758	500
peak_5525	chr17	7579028	7579648	.	621	448	966	870	690	920	634
peak_5526	chr17	7614755	7615542	.	788	330	1372	898	442	664	394
peak_5527	chr17	7841258	7843481	.	2224	888	2056	2176	1208	1626	1082
peak_5528	chr17	7882090	7882446	.	357	200	432	286	308	312	218
peak_5529	chr17	8155437	8157447	.	2011	1270	2828	2186	1364	1486	918
peak_5530	chr17	8187631	8188182	.	552	370	680	574	566	656	378
peak_5531	chr17	8384942	8385415	.	474	240	460	542	318	428	266
peak_5532	chr17	8488922	8489236	.	315	86	170	136	202	278	156
peak_5533	chr17	9962027	9962217	.	191	128	156	142	148	188	166
peak_5534	chr17	10217838	10218289	.	452	170	296	338	338	528	350
peak_5535	chr17	11704858	11705409	.	552	244	310	402	334	452	254
peak_5536	chr17	11733123	11733656	.	534	258	292	354	430	504	436
peak_5537	chr17	14337610	14338025	.	416	78	136	156	168	210	162
peak_5538	chr17	15278918	15279432	.	515	88	162	174	240	228	216
peak_5539	chr17	15414986	15415444	.	459	156	304	324	294	350	266
peak_5540	chr17	15914408	15914677	.	270	152	166	152	204	278	172
peak_5541	chr17	15920737	15921156	.	420	284	536	408	306	436	318
peak_5542	chr17	16438502	16439185	.	684	718	1652	1168	892	1152	706
peak_5543	chr17	16449889	16451547	.	1659	652	954	1006	652	722	610
peak_5544	chr17	16520460	16520875	.	416	222	302	310	278	344	186
peak_5545	chr17	16900237	16900913	.	677	304	474	482	480	548	424
peak_5546	chr17	16934493	16935436	.	944	334	578	618	420	504	366
peak_5547	chr17	16942824	16943508	.	685	330	680	646	426	544	302
peak_5548	chr17	16986417	16986739	.	323	232	438	482	298	494	330
peak_5549	chr17	16988091	16989436	.	1346	644	1054	1070	452	432	330
peak_5550	chr17	17031813	17032303	.	491	370	570	584	464	520	354
peak_5551	chr17	17102228	17103441	.	1214	768	1334	1380	670	838	680
peak_5552	chr17	17107291	17108373	.	1083	556	814	734	348	390	246
peak_5553	chr17	17126370	17128674	.	2305	1236	2260	2356	748	968	692
peak_5554	chr17	17324538	17326061	.	1524	816	1450	1464	864	1088	686
peak_5555	chr17	17341428	17341927	.	500	320	460	448	388	538	342
peak_5556	chr17	17346106	17348738	.	2633	1192	2316	2300	1132	1286	946
peak_5557	chr17	17401349	17401803	.	455	196	460	512	340	398	298
peak_5558	chr17	17539305	17540046	.	742	310	758	710	488	668	426
peak_5559	chr17	17551395	17551836	.	442	224	294	372	316	480	288
peak_5560	chr17	17559497	17562622	.	3126	1242	2206	2520	1316	1630	1172
peak_5561	chr17	17579165	17579428	.	264	256	324	342	282	362	272
peak_5562	chr17	17603037	17603755	.	719	582	946	988	714	892	712
peak_5563	chr17	17605414	17606127	.	714	414	650	552	746	866	598
peak_5564	chr17	17664135	17665117	.	983	554	856	954	508	514	308
peak_5565	chr17	17675956	17676519	.	564	474	772	858	512	602	492
peak_5566	chr17	17685770	17686570	.	801	378	856	896	420	726	496
peak_5567	chr17	17690791	17691424	.	634	396	620	574	528	610	360
peak_5568	chr17	17698600	17699198	.	599	418	696	800	374	488	358
peak_5569	chr17	17732302	17732908	.	607	374	634	556	490	496	410
peak_5570	chr17	17737927	17741065	.	3139	1484	2752	2970	1378	1756	1326
peak_5571	chr17	17813091	17813657	.	567	276	550	564	278	474	320
peak_5572	chr17	17822201	17822715	.	515	434	770	798	442	628	394
peak_5573	chr17	17840843	17841058	.	216	186	302	344	184	314	252
peak_5574	chr17	17849126	17850333	.	1208	814	1586	1682	982	1076	818
peak_5575	chr17	17856019	17857080	.	1062	748	1432	1428	818	1024	804
peak_5576	chr17	17937496	17937947	.	452	244	456	374	344	558	318
peak_5577	chr17	17972359	17973147	.	789	982	2382	1890	1216	1736	944
peak_5578	chr17	17994225	17995183	.	959	546	1202	1324	620	762	588
peak_5579	chr17	17999013	18000120	.	1108	582	868	924	646	682	480
peak_5580	chr17	18008094	18009226	.	1133	672	1254	1186	890	958	620
peak_5581	chr17	18017238	18017913	.	676	396	782	798	378	460	356
peak_5582	chr17	18021088	18022095	.	1008	638	1158	1160	816	922	686
peak_5583	chr17	18085934	18086562	.	629	294	484	602	466	502	414
peak_5584	chr17	18103373	18106624	.	3252	1508	2384	2494	1126	1244	826
peak_5585	chr17	18108012	18111287	.	3276	1448	2348	2296	932	1054	710
peak_5586	chr17	18122861	18124792	.	1932	914	1614	1504	1228	1286	910
peak_5587	chr17	18159651	18160094	.	444	236	416	410	316	396	216
peak_5588	chr17	18182615	18185127	.	2513	1398	3358	2956	1298	1876	1214
peak_5589	chr17	18243373	18244165	.	793	498	708	782	374	388	224
peak_5590	chr17	18261233	18261719	.	487	396	702	784	424	562	422
peak_5591	chr17	18314448	18315895	.	1448	918	2290	2062	1112	1574	882
peak_5592	chr17	18319745	18321077	.	1333	714	1210	1288	842	894	676
peak_5593	chr17	18322824	18323380	.	557	390	810	764	448	598	394
peak_5594	chr17	18361816	18362103	.	288	80	230	244	202	246	216
peak_5595	chr17	18694752	18695207	.	456	254	252	264	180	236	132
peak_5596	chr17	18849924	18850553	.	630	336	670	696	570	862	506
peak_5597	chr17	18960086	18963026	.	2941	1588	2642	2926	1024	1232	800
peak_5598	chr17	19010889	19013081	.	2193	668	1172	1080	264	248	206
peak_5599	chr17	19261579	19261970	.	392	196	188	238	274	328	238
peak_5600	chr17	19262878	19263342	.	465	238	334	446	348	490	262
peak_5601	chr17	19263572	19263892	.	321	160	276	282	328	410	256
peak_5602	chr17	19303019	19303756	.	738	394	688	604	470	560	376
peak_5603	chr17	19304213	19305428	.	1216	612	1088	1052	726	920	568
peak_5604	chr17	19326740	19327363	.	624	454	850	576	752	952	670
peak_5605	chr17	19346535	19347250	.	716	614	1254	1202	700	1020	768
peak_5606	chr17	19538364	19538853	.	490	180	328	256	286	478	296
peak_5607	chr17	19681252	19682007	.	756	426	648	486	446	518	412
peak_5608	chr17	19718670	19719540	.	871	568	922	1098	586	682	508
peak_5609	chr17	19738564	19739426	.	863	522	1064	1186	592	802	618
peak_5610	chr17	19741593	19742180	.	588	334	624	786	570	792	512
peak_5611	chr17	19750738	19751334	.	597	352	674	748	396	598	398
peak_5612	chr17	19992841	19993373	.	533	380	654	896	370	562	390
peak_5613	chr17	20106456	20107085	.	630	184	306	382	282	408	280
peak_5614	chr17	20611287	20611775	.	489	302	534	574	390	542	386
peak_5615	chr17	21041782	21043811	.	2030	838	2724	2186	810	1180	870
peak_5616	chr17	21247949	21249070	.	1122	518	966	984	590	660	458
peak_5617	chr17	21280057	21280525	.	469	302	640	770	480	658	484
peak_5618	chr17	21281960	21283185	.	1226	844	1340	1316	800	808	652
peak_5619	chr17	21283302	21285377	.	2076	1012	2524	2498	1272	1604	1152
peak_5620	chr17	21286916	21288861	.	1946	1476	2576	2442	1544	2012	1402
peak_5621	chr17	21294210	21295288	.	1079	1018	1690	1716	1002	1112	760
peak_5622	chr17	21297236	21297735	.	500	400	796	964	476	584	444
peak_5623	chr17	21349493	21349978	.	486	188	402	356	186	284	216
peak_5624	chr17	21358472	21359455	.	984	648	1222	1148	840	1054	724
peak_5625	chr17	21378425	21381512	.	3088	1118	1884	1812	616	736	496
peak_5626	chr17	21403993	21404485	.	493	172	262	270	108	168	78
peak_5627	chr17	21456994	21458312	.	1319	638	1360	1516	626	960	682
peak_5628	chr17	21612799	21614267	.	1469	602	1186	1046	684	916	482
peak_5629	chr17	21669523	21669903	.	381	120	310	316	224	316	204
peak_5630	chr17	21737978	21738463	.	486	220	398	410	284	306	168
peak_5631	chr17	22090008	22090876	.	869	346	736	700	430	572	328
peak_5632	chr17	22222297	22222534	.	238	80	114	104	180	172	138
peak_5633	chr17	22266315	22266676	.	362	252	562	502	424	490	356
peak_5634	chr17	27319800	27320326	.	527	262	424	440	418	536	370
peak_5635	chr17	27331335	27331718	.	384	252	352	324	244	332	218
peak_5636	chr17	27332045	27333438	.	1394	1262	3084	2664	1516	2376	1576
peak_5637	chr17	27385668	27386044	.	377	96	168	188	250	258	178
peak_5638	chr17	27408215	27409246	.	1032	314	502	590	546	622	532
peak_5639	chr17	27471293	27472564	.	1272	708	1218	1206	746	940	694
peak_5640	chr17	27545399	27546313	.	915	568	878	876	640	842	548
peak_5641	chr17	27575437	27575932	.	496	124	202	262	252	398	270
peak_5642	chr17	27576744	27577479	.	736	302	562	568	472	670	384
peak_5643	chr17	27666153	27667133	.	981	440	774	842	556	640	440
peak_5644	chr17	27674072	27674753	.	682	306	598	556	492	634	434
peak_5645	chr17	27877620	27878521	.	902	428	800	838	574	664	476
peak_5646	chr17	27916748	27917206	.	459	192	174	188	380	354	242
peak_5647	chr17	28243373	28243937	.	565	146	192	184	310	328	214
peak_5648	chr17	28246760	28247338	.	579	356	480	442	386	424	324
peak_5649	chr17	28318668	28319705	.	1038	802	2168	1676	940	1232	864
peak_5650	chr17	28343536	28344168	.	633	446	746	718	542	732	458
peak_5651	chr17	28426265	28426972	.	708	312	406	368	132	168	122
peak_5652	chr17	28446634	28447018	.	385	102	228	274	244	356	228
peak_5653	chr17	28505499	28505959	.	461	184	436	424	308	468	288
peak_5654	chr17	28514070	28514284	.	215	132	252	226	234	290	232
peak_5655	chr17	28536886	28537902	.	1017	488	934	776	518	918	480
peak_5656	chr17	28703982	28706346	.	2365	934	1828	1954	686	1010	654
peak_5657	chr17	28763598	28763915	.	318	152	174	258	268	308	258
peak_5658	chr17	29048357	29048767	.	411	192	298	376	240	356	238
peak_5659	chr17	29138448	29139040	.	593	338	568	500	410	568	378
peak_5660	chr17	29140129	29141396	.	1268	814	1256	1310	782	866	582
peak_5661	chr17	29143838	29144282	.	445	274	510	588	274	440	274
peak_5662	chr17	29311419	29311921	.	503	194	338	338	438	478	346
peak_5663	chr17	30104654	30105025	.	372	342	634	698	554	656	476
peak_5664	chr17	30345559	30346230	.	672	324	560	680	578	730	500
peak_5665	chr17	30363772	30364153	.	382	124	294	364	310	500	376
peak_5666	chr17	30549286	30549559	.	274	78	120	118	166	186	138
peak_5667	chr17	30551526	30552504	.	979	450	672	778	440	600	460
peak_5668	chr17	30554755	30555269	.	515	284	526	616	400	430	320
peak_5669	chr17	31398235	31398786	.	552	264	556	558	364	462	328
peak_5670	chr17	31511185	31513257	.	2073	1010	1732	1786	1086	1116	816
peak_5671	chr17	31549112	31550720	.	1609	714	1766	1742	952	1282	790
peak_5672	chr17	31596043	31599640	.	3598	1364	2728	2718	1302	1696	1200
peak_5673	chr17	31751137	31751622	.	486	180	290	294	242	300	196
peak_5674	chr17	31754074	31754626	.	553	156	296	386	318	390	270
peak_5675	chr17	32102287	32102861	.	575	284	496	450	332	572	344
peak_5676	chr17	32295410	32296001	.	592	282	454	500	478	644	378
peak_5677	chr17	32298697	32299030	.	334	128	384	322	248	318	216
peak_5678	chr17	32471729	32472221	.	493	212	230	228	352	312	224
peak_5679	chr17	32520170	32520774	.	605	492	736	818	558	830	564
peak_5680	chr17	32524903	32525419	.	517	240	322	388	326	528	330
peak_5681	chr17	32777445	32777840	.	396	146	254	244	290	364	224
peak_5682	chr17	32936669	32937554	.	886	342	674	674	366	566	390
peak_5683	chr17	32951446	32951911	.	466	282	408	370	310	320	280
peak_5684	chr17	33013405	33015077	.	1673	792	1348	1306	730	948	670
peak_5685	chr17	33228419	33228959	.	541	362	470	450	484	642	394
peak_5686	chr17	33233586	33234157	.	572	252	376	414	392	556	344
peak_5687	chr17	33259541	33259966	.	426	190	358	330	368	324	250
peak_5688	chr17	33267094	33267593	.	500	142	248	272	328	496	342
peak_5689	chr17	33524599	33525341	.	743	314	496	544	390	496	370
peak_5690	chr17	33854306	33855094	.	789	190	284	322	422	488	330
peak_5691	chr17	33888316	33888714	.	399	148	320	260	334	428	244
peak_5692	chr17	33977748	33978226	.	479	182	354	440	298	374	314
peak_5693	chr17	33994135	33994490	.	356	114	144	202	210	324	188
peak_5694	chr17	34074971	34075366	.	396	128	234	314	276	362	240
peak_5695	chr17	34076836	34077522	.	687	300	556	506	434	530	360
peak_5696	chr17	34098727	34099059	.	333	148	270	266	266	386	240
peak_5697	chr17	34165413	34165701	.	289	134	172	186	216	270	164
peak_5698	chr17	34204824	34205377	.	554	204	276	314	340	360	234
peak_5699	chr17	34474387	34475189	.	803	310	472	480	374	546	314
peak_5700	chr17	34483883	34484845	.	963	384	716	854	476	548	478
peak_5701	chr17	34593395	34594248	.	854	478	736	748	404	538	426
peak_5702	chr17	34614727	34615117	.	391	276	400	470	266	326	248
peak_5703	chr17	34620388	34620918	.	531	320	578	530	456	438	396
peak_5704	chr17	34633256	34633699	.	444	268	502	552	386	354	268
peak_5705	chr17	34639451	34640479	.	1029	618	910	964	552	664	424
peak_5706	chr17	34720439	34721699	.	1261	720	1626	1506	988	1308	924
peak_5707	chr17	34763693	34764177	.	485	226	386	438	290	356	258
peak_5708	chr17	34812041	34812551	.	511	278	408	472	456	692	448
peak_5709	chr17	34826095	34826885	.	791	382	746	788	562	680	458
peak_5710	chr17	34850978	34851351	.	374	130	210	216	224	316	224
peak_5711	chr17	34860457	34861110	.	654	212	374	498	342	418	282
peak_5712	chr17	35088794	35090031	.	1238	478	1194	1250	624	692	534
peak_5713	chr17	35112923	35113233	.	311	136	138	118	178	180	140
peak_5714	chr17	35166291	35167608	.	1318	870	1418	1362	900	1264	860
peak_5715	chr17	35172378	35172743	.	366	166	208	242	264	356	218
peak_5716	chr17	35185781	35186374	.	594	218	324	320	320	400	256
peak_5717	chr17	35244426	35244896	.	471	214	446	422	424	572	324
peak_5718	chr17	35747711	35748946	.	1236	706	1160	1194	820	1028	780
peak_5719	chr17	35969975	35970345	.	371	176	334	306	258	344	270
peak_5720	chr17	35972581	35972967	.	387	274	346	364	426	566	372
peak_5721	chr17	35973714	35974214	.	501	272	448	448	392	510	298
peak_5722	chr17	36192374	36192714	.	341	266	486	376	306	490	308
peak_5723	chr17	36196551	36197675	.	1125	578	934	978	926	1242	836
peak_5724	chr17	36534135	36535784	.	1650	1110	2616	2708	1312	1700	1302
peak_5725	chr17	36600818	36602246	.	1429	626	1248	1314	620	926	590
peak_5726	chr17	36647580	36648271	.	692	404	610	626	590	842	576
peak_5727	chr17	36674086	36674659	.	574	294	450	556	522	558	454
peak_5728	chr17	36678902	36679836	.	935	376	752	706	462	502	440
peak_5729	chr17	36743117	36743672	.	556	508	566	620	562	676	510
peak_5730	chr17	36819404	36820203	.	800	452	552	524	654	652	488
peak_5731	chr17	36851212	36851597	.	386	198	326	246	310	294	230
peak_5732	chr17	36878933	36879573	.	641	340	554	474	396	430	330
peak_5733	chr17	37792876	37793165	.	290	120	184	274	268	280	216
peak_5734	chr17	37832643	37832899	.	257	136	190	158	228	214	164
peak_5735	chr17	37833273	37833827	.	555	328	530	530	452	636	362
peak_5736	chr17	38568885	38571561	.	2677	1390	2208	2182	1308	1334	1086
peak_5737	chr17	38579919	38580472	.	554	500	1260	992	634	930	586
peak_5738	chr17	38584919	38585429	.	511	242	698	740	442	550	356
peak_5739	chr17	38591080	38592542	.	1463	992	1728	1774	1060	1342	970
peak_5740	chr17	38700200	38702256	.	2057	984	1572	1554	916	1062	834
peak_5741	chr17	39152912	39153306	.	395	400	602	440	584	758	362
peak_5742	chr17	39235599	39236047	.	449	256	488	656	344	470	350
peak_5743	chr17	39485492	39485921	.	430	220	440	396	310	472	290
peak_5744	chr17	39643190	39643635	.	446	280	454	448	368	466	310
peak_5745	chr17	39769906	39770584	.	679	374	690	506	522	804	430
peak_5746	chr17	39821974	39822332	.	359	118	162	214	320	344	208
peak_5747	chr17	39979872	39981612	.	1741	828	2218	1666	906	1270	768
peak_5748	chr17	40064063	40064851	.	789	406	658	762	604	896	568
peak_5749	chr17	40068062	40068593	.	532	354	672	554	438	606	420
peak_5750	chr17	40098080	40098644	.	565	204	394	380	366	436	290
peak_5751	chr17	40100078	40101371	.	1294	918	2090	1822	1172	1510	996
peak_5752	chr17	40108240	40108625	.	386	220	554	472	346	424	306
peak_5753	chr17	40111170	40112086	.	917	636	1166	1136	706	934	620
peak_5754	chr17	40314534	40315093	.	560	402	910	828	536	690	490
peak_5755	chr17	40320857	40321978	.	1122	526	934	1042	510	610	388
peak_5756	chr17	40346752	40347225	.	474	298	390	422	354	410	330
peak_5757	chr17	40533619	40534985	.	1367	674	1046	1136	588	710	476
peak_5758	chr17	41060022	41060532	.	511	292	596	508	392	598	384
peak_5759	chr17	41066182	41066483	.	302	104	188	190	222	330	212
peak_5760	chr17	41159919	41160462	.	544	308	496	578	424	554	358
peak_5761	chr17	41160690	41161300	.	611	210	308	234	424	542	348
peak_5762	chr17	41178334	41178776	.	443	276	320	364	542	450	372
peak_5763	chr17	41184647	41185291	.	645	200	310	334	318	484	272
peak_5764	chr17	41379988	41380472	.	485	196	382	340	302	388	260
peak_5765	chr17	41484195	41484831	.	637	276	422	470	374	386	346
peak_5766	chr17	41538450	41539474	.	1025	714	1138	1168	778	1054	702
peak_5767	chr17	41624536	41625050	.	515	258	648	630	410	568	380
peak_5768	chr17	41648189	41649015	.	827	400	734	858	588	548	368
peak_5769	chr17	41649569	41651665	.	2097	1124	1880	1812	1326	1554	1084
peak_5770	chr17	41659762	41661377	.	1616	646	1082	1218	518	500	414
peak_5771	chr17	41785720	41787203	.	1484	594	1238	1314	606	708	492
peak_5772	chr17	41860044	41860580	.	537	130	188	200	366	376	276
peak_5773	chr17	41918990	41919744	.	755	450	1258	1174	498	634	374
peak_5774	chr17	42017269	42018256	.	988	642	1234	1140	716	740	536
peak_5775	chr17	42081118	42082676	.	1559	768	1234	1226	820	766	490
peak_5776	chr17	42094752	42095671	.	920	584	1028	1008	648	842	578
peak_5777	chr17	42486578	42486890	.	313	110	180	224	244	274	200
peak_5778	chr17	42520033	42520416	.	384	292	718	504	342	464	386
peak_5779	chr17	42674208	42674716	.	509	230	552	596	362	472	324
peak_5780	chr17	43021157	43021558	.	402	238	578	538	432	568	432
peak_5781	chr17	43169417	43169887	.	471	316	504	470	416	420	334
peak_5782	chr17	43465997	43466524	.	528	236	262	298	304	494	280
peak_5783	chr17	43467818	43468515	.	698	378	846	750	696	1018	812
peak_5784	chr17	43665807	43666214	.	408	202	400	468	258	402	250
peak_5785	chr17	43725127	43726007	.	881	268	434	492	614	712	472
peak_5786	chr17	43853710	43855793	.	2084	854	1348	1408	716	808	466
peak_5787	chr17	43877136	43877911	.	776	448	706	774	498	650	368
peak_5788	chr17	43945055	43945725	.	671	280	516	422	452	704	432
peak_5789	chr17	44070542	44071428	.	887	758	1910	1526	844	1156	868
peak_5790	chr17	44105573	44105945	.	373	284	384	434	326	452	318
peak_5791	chr17	44199785	44201005	.	1221	518	1934	1526	506	936	518
peak_5792	chr17	44234870	44235903	.	1034	458	904	930	702	966	610
peak_5793	chr17	44256551	44257095	.	545	404	474	438	490	560	344
peak_5794	chr17	44311603	44312668	.	1066	468	718	738	492	598	414
peak_5795	chr17	44328318	44328973	.	656	390	714	748	524	596	422
peak_5796	chr17	44331145	44331600	.	456	358	522	534	406	546	344
peak_5797	chr17	44338230	44338998	.	769	600	1196	1134	840	1018	750
peak_5798	chr17	44344871	44345433	.	563	560	1108	986	740	966	636
peak_5799	chr17	44348167	44349235	.	1069	672	1080	1154	648	862	596
peak_5800	chr17	44350567	44351848	.	1282	742	1442	1360	782	1024	650
peak_5801	chr17	44470363	44470816	.	454	152	272	246	244	326	202
peak_5802	chr17	44599446	44600631	.	1186	642	1168	1248	558	604	438
peak_5803	chr17	44689788	44690126	.	339	270	708	626	462	762	494
peak_5804	chr17	44766334	44766972	.	639	316	660	622	386	542	348
peak_5805	chr17	44904504	44906973	.	2470	1032	1694	1826	930	1194	860
peak_5806	chr17	44919886	44920369	.	484	286	564	498	360	420	272
peak_5807	chr17	44979913	44980771	.	859	494	938	1006	618	844	606
peak_5808	chr17	45001389	45002039	.	651	404	490	470	444	498	358
peak_5809	chr17	45040955	45041293	.	339	138	230	296	280	314	222
peak_5810	chr17	45123516	45125291	.	1776	1206	2442	2162	1164	1494	1044
peak_5811	chr17	45127205	45128716	.	1512	1558	2812	2938	1488	1866	1320
peak_5812	chr17	45129329	45133500	.	4172	3674	8266	8562	3976	5162	3970
peak_5813	chr17	45135169	45138391	.	3223	2124	4270	4230	2034	2548	1760
peak_5814	chr17	45170444	45171054	.	611	452	1192	1334	832	1048	774
peak_5815	chr17	45177640	45178438	.	799	614	1132	1254	628	842	600
peak_5816	chr17	45227792	45231490	.	3699	2658	5560	5852	2322	2874	2008
peak_5817	chr17	45292643	45294348	.	1706	1800	3036	3286	1862	2496	1740
peak_5818	chr17	45311801	45312426	.	626	588	1114	1236	626	756	520
peak_5819	chr17	45312620	45313257	.	638	712	932	826	566	564	338
peak_5820	chr17	45380146	45380905	.	760	536	674	662	784	852	688
peak_5821	chr17	45387509	45388964	.	1456	1372	2148	2406	1514	1730	1228
peak_5822	chr17	45389103	45389880	.	778	769	1259	1404	610	808	504
peak_5823	chr17	45408285	45412935	.	4651	3294	5902	5924	2242	2700	1946
peak_5824	chr17	45467865	45468196	.	332	340	378	470	408	558	462
peak_5825	chr17	45472232	45472627	.	396	212	224	262	368	382	272
peak_5826	chr17	45487769	45488177	.	409	282	608	380	334	558	340
peak_5827	chr17	45650634	45651529	.	896	1054	2084	2102	1360	1476	1076
peak_5828	chr17	45657505	45658260	.	756	632	948	1058	658	810	540
peak_5829	chr17	45661201	45662147	.	947	850	1186	1202	616	700	486
peak_5830	chr17	45702270	45703164	.	895	790	1098	974	1092	1184	820
peak_5831	chr17	45703272	45703842	.	571	462	986	1230	744	992	740
peak_5832	chr17	45711139	45711654	.	516	404	868	910	614	740	612
peak_5833	chr17	45712118	45712649	.	532	296	434	370	488	436	308
peak_5834	chr17	45719716	45720665	.	950	806	1740	1586	828	1116	824
peak_5835	chr17	45768450	45769582	.	1133	852	1318	1332	758	888	596
peak_5836	chr17	45774190	45776017	.	1828	1844	3540	3648	1790	2344	1678
peak_5837	chr17	45791037	45792665	.	1629	1146	1920	2076	866	928	688
peak_5838	chr17	45793076	45795409	.	2334	1692	2894	3298	1708	1820	1436
peak_5839	chr17	45819214	45821873	.	2660	2610	4836	5118	2382	3026	2146
peak_5840	chr17	45834109	45835453	.	1345	1560	3144	3172	1806	2326	1494
peak_5841	chr17	45844682	45845982	.	1301	1216	2402	2258	1150	1334	864
peak_5842	chr17	45850318	45852930	.	2613	2424	4290	3990	2084	2372	1432
peak_5843	chr17	45916652	45917361	.	710	550	938	974	852	852	692
peak_5844	chr17	45985675	45986942	.	1268	840	1162	1130	546	532	468
peak_5845	chr17	46001502	46002929	.	1428	1028	1760	1928	616	760	476
peak_5846	chr17	46011506	46013728	.	2223	1654	3244	3480	1318	1480	1058
peak_5847	chr17	46101186	46101721	.	536	366	380	342	558	574	396
peak_5848	chr17	46284139	46284366	.	228	134	272	242	216	372	220
peak_5849	chr17	46781950	46784390	.	2441	1414	2368	2528	1170	1332	840
peak_5850	chr17	46814546	46816100	.	1555	1158	1726	1896	822	1084	690
peak_5851	chr17	46820743	46821338	.	596	700	1286	1356	870	1122	980
peak_5852	chr17	46875790	46878538	.	2749	1844	3460	3652	1274	1276	1086
peak_5853	chr17	46890014	46890784	.	771	538	968	954	602	728	522
peak_5854	chr17	46948944	46949806	.	863	898	1622	1624	1300	1256	954
peak_5855	chr17	47204759	47205363	.	605	586	870	1022	784	800	630
peak_5856	chr17	47222889	47223388	.	500	446	766	818	510	594	532
peak_5857	chr17	47239755	47240395	.	641	604	1418	1234	706	1042	798
peak_5858	chr17	47255622	47255954	.	333	228	334	450	564	574	470
peak_5859	chr17	47288473	47289172	.	700	294	378	458	474	566	426
peak_5860	chr17	47492322	47492827	.	506	514	1766	1246	644	1128	532
peak_5861	chr17	47531903	47532565	.	663	302	726	674	426	526	290
peak_5862	chr17	47636671	47636945	.	275	138	316	306	334	446	342
peak_5863	chr17	47648954	47650096	.	1143	1216	4160	3223	1176	1742	1150
peak_5864	chr17	47696765	47697757	.	993	838	1750	1856	1164	1526	1040
peak_5865	chr17	47717294	47718726	.	1433	1520	2874	2776	1984	2424	1784
peak_5866	chr17	47719552	47720232	.	681	554	1084	1082	628	806	574
peak_5867	chr17	47730281	47731729	.	1449	730	1302	1268	572	538	408
peak_5868	chr17	47801236	47801996	.	761	692	1300	1156	704	814	574
peak_5869	chr17	47802063	47803038	.	976	992	1602	1732	1150	1380	972
peak_5870	chr17	47803130	47804168	.	1039	628	1068	1066	514	524	416
peak_5871	chr17	47821595	47822033	.	439	332	848	1006	480	670	418
peak_5872	chr17	47886845	47887196	.	352	176	450	384	298	376	248
peak_5873	chr17	47990815	47991300	.	486	232	468	570	504	844	474
peak_5874	chr17	48025924	48027169	.	1246	864	1610	1626	802	894	634
peak_5875	chr17	48036614	48037480	.	867	684	1316	1488	770	976	620
peak_5876	chr17	48472515	48473248	.	734	622	1506	1124	744	1002	650
peak_5877	chr17	48669366	48670037	.	672	442	438	466	602	554	388
peak_5878	chr17	48678055	48679048	.	994	746	1334	1384	734	892	694
peak_5879	chr17	48679392	48679977	.	586	260	346	394	606	836	468
peak_5880	chr17	48756864	48757714	.	851	664	1068	1020	782	990	666
peak_5881	chr17	48891920	48893345	.	1426	2090	4776	3908	2460	3220	1928
peak_5882	chr17	48944550	48945291	.	742	590	1278	1346	564	776	560
peak_5883	chr17	48972141	48972860	.	720	610	1206	1150	584	752	552
peak_5884	chr17	49104598	49105037	.	440	282	360	444	424	468	332
peak_5885	chr17	49162958	49163379	.	422	160	222	174	304	356	198
peak_5886	chr17	49191739	49193429	.	1691	2072	5308	4550	2464	3718	2154
peak_5887	chr17	49193721	49194222	.	502	686	1154	1036	806	870	640
peak_5888	chr17	49241638	49242593	.	956	626	920	974	1062	1588	1114
peak_5889	chr17	49249591	49250482	.	892	446	694	780	676	894	612
peak_5890	chr17	49252174	49253507	.	1334	1092	1972	2098	1300	1534	1114
peak_5891	chr17	49259814	49261009	.	1196	872	1940	1932	906	1206	842
peak_5892	chr17	49414240	49415348	.	1109	1188	2110	2004	1458	1830	1320
peak_5893	chr17	49456019	49456986	.	968	770	1380	1450	742	794	512
peak_5894	chr17	49490366	49492346	.	1981	1378	1872	1934	1032	1086	778
peak_5895	chr17	49515175	49515824	.	650	584	1180	1320	590	828	606
peak_5896	chr17	49554663	49555665	.	1003	852	1590	1688	1114	1342	832
peak_5897	chr17	49556234	49556911	.	678	596	1606	1608	676	1008	586
peak_5898	chr17	49565790	49566479	.	690	936	1498	1538	990	1178	814
peak_5899	chr17	49569579	49571286	.	1708	1196	2904	2728	1196	1612	1054
peak_5900	chr17	49576843	49577862	.	1020	674	1140	1262	524	432	380
peak_5901	chr17	49865698	49866221	.	524	480	998	1112	624	800	602
peak_5902	chr17	49869801	49870814	.	1014	780	1402	1304	842	1186	886
peak_5903	chr17	49902072	49902706	.	635	476	762	880	490	596	386
peak_5904	chr17	49906406	49906888	.	483	340	604	746	476	410	366
peak_5905	chr17	49934075	49936105	.	2031	1026	1632	1832	588	618	510
peak_5906	chr17	49939529	49939922	.	394	264	516	564	336	444	316
peak_5907	chr17	49953145	49954028	.	884	884	1490	1592	1236	1750	1192
peak_5908	chr17	49980179	49981188	.	1010	866	1288	1412	994	1308	824
peak_5909	chr17	49986372	49988391	.	2020	1298	2222	2128	1294	1560	966
peak_5910	chr17	49989057	49989875	.	819	620	1174	1304	868	1046	652
peak_5911	chr17	49992177	49993217	.	1041	764	998	932	908	894	604
peak_5912	chr17	50022645	50023203	.	559	446	686	636	384	476	360
peak_5913	chr17	50025938	50029575	.	3638	2868	6058	5684	3072	4152	2886
peak_5914	chr17	50035188	50038252	.	3065	1742	2970	3138	920	1258	970
peak_5915	chr17	50046628	50048249	.	1622	1244	2182	2130	1044	1244	896
peak_5916	chr17	50053041	50053986	.	946	684	1010	1072	702	618	492
peak_5917	chr17	50100980	50101811	.	832	674	1136	1230	894	1142	702
peak_5918	chr17	50107948	50108754	.	807	368	818	854	618	710	454
peak_5919	chr17	50109447	50112658	.	3212	1880	4004	4066	1596	2082	1354
peak_5920	chr17	50113942	50114689	.	748	516	980	1026	610	660	580
peak_5921	chr17	50121998	50122532	.	535	326	438	496	480	626	434
peak_5922	chr17	50136681	50138750	.	2070	1166	1788	1820	1028	1104	888
peak_5923	chr17	50143859	50147553	.	3695	2114	3934	4094	2426	2976	1980
peak_5924	chr17	50163643	50164727	.	1085	1096	2264	2356	1334	1442	948
peak_5925	chr17	50167869	50170703	.	2835	1952	3810	3960	1850	2204	1524
peak_5926	chr17	50175072	50176229	.	1158	988	1660	1484	802	886	620
peak_5927	chr17	50176717	50178981	.	2265	2102	4046	3982	1796	2422	1814
peak_5928	chr17	50294893	50295317	.	425	292	432	376	428	502	394
peak_5929	chr17	50348712	50349449	.	738	762	1746	1992	1092	1386	894
peak_5930	chr17	50424776	50426436	.	1661	1100	2196	2126	1148	1366	930
peak_5931	chr17	50426763	50427768	.	1006	940	1266	1518	964	1122	732
peak_5932	chr17	50477978	50480639	.	2662	2018	4468	4140	2236	2730	1878
peak_5933	chr17	50497700	50498372	.	673	612	1086	1180	642	908	558
peak_5934	chr17	50502750	50504595	.	1846	1588	2682	2690	1232	1354	1018
peak_5935	chr17	50524191	50524891	.	701	572	858	1054	772	1192	734
peak_5936	chr17	50525388	50525996	.	609	450	744	710	554	630	482
peak_5937	chr17	50531491	50532026	.	536	398	824	770	702	766	612
peak_5938	chr17	50545953	50546839	.	887	776	1396	1332	972	1182	684
peak_5939	chr17	50546896	50552271	.	5376	3406	6824	7232	3004	3574	2566
peak_5940	chr17	50553203	50556265	.	3063	2076	3350	3256	1750	1880	1240
peak_5941	chr17	50564930	50565360	.	431	274	818	796	440	680	480
peak_5942	chr17	50575441	50579932	.	4492	3150	5744	5558	3242	3754	2514
peak_5943	chr17	50600525	50601330	.	806	548	1164	1214	642	886	586
peak_5944	chr17	50603258	50603814	.	557	460	1006	996	668	792	646
peak_5945	chr17	50611448	50612768	.	1321	1274	2184	2246	1180	1520	980
peak_5946	chr17	50619515	50621224	.	1710	958	1614	1848	652	672	514
peak_5947	chr17	50638146	50639722	.	1577	1326	2384	2568	950	1176	804
peak_5948	chr17	50678981	50679262	.	282	194	252	344	368	408	290
peak_5949	chr17	50686315	50687075	.	761	736	1298	1382	916	1152	692
peak_5950	chr17	50798047	50799426	.	1380	1090	1752	1888	848	760	622
peak_5951	chr17	50800675	50803036	.	2362	1220	1802	1972	754	762	576
peak_5952	chr17	50816749	50818288	.	1540	862	1316	1500	968	1160	856
peak_5953	chr17	50818912	50819364	.	453	346	570	572	686	730	606
peak_5954	chr17	50836746	50838235	.	1490	1206	2154	2304	980	1262	746
peak_5955	chr17	50840954	50843707	.	2754	1962	3542	3368	1828	1720	1206
peak_5956	chr17	50844981	50845947	.	967	786	1308	1340	610	720	666
peak_5957	chr17	50851528	50851885	.	358	240	488	520	432	596	406
peak_5958	chr17	50891624	50891987	.	364	292	380	336	376	412	276
peak_5959	chr17	50893247	50894007	.	761	1036	1940	1698	1288	1760	1140
peak_5960	chr17	50925365	50926401	.	1037	1144	1682	1896	1078	1386	1014
peak_5961	chr17	50946639	50947214	.	576	602	830	820	668	740	562
peak_5962	chr17	50949256	50951242	.	1987	1626	2538	2810	1430	1854	1246
peak_5963	chr17	51348081	51348549	.	469	226	296	300	484	552	340
peak_5964	chr17	51391919	51392662	.	744	822	1374	1426	1320	1734	1216
peak_5965	chr17	51519786	51520151	.	366	150	262	296	446	524	358
peak_5966	chr17	51611569	51612117	.	549	412	760	774	516	606	396
peak_5967	chr17	51651526	51652174	.	649	468	706	782	1126	1448	1058
peak_5968	chr17	51687926	51688284	.	359	174	236	310	420	564	446
peak_5969	chr17	51789418	51790198	.	781	550	782	834	938	1014	752
peak_5970	chr17	52383464	52383797	.	334	248	302	436	412	468	302
peak_5971	chr17	52907748	52908126	.	379	170	226	252	348	402	276
peak_5972	chr17	52919974	52920257	.	284	140	176	180	298	344	288
peak_5973	chr17	54776856	54777490	.	635	186	294	288	594	694	482
peak_5974	chr17	54968067	54969389	.	1323	936	1796	1844	966	1274	732
peak_5975	chr17	55152323	55152733	.	411	100	216	290	350	416	314
peak_5976	chr17	55332738	55333262	.	525	484	612	672	736	934	696
peak_5977	chr17	55458427	55459342	.	916	516	862	884	740	810	534
peak_5978	chr17	55988510	55988954	.	445	256	380	408	598	650	472
peak_5979	chr17	56625684	56626586	.	903	286	390	378	628	548	336
peak_5980	chr17	56629862	56630402	.	541	382	524	664	540	612	464
peak_5981	chr17	56730691	56731435	.	745	274	354	406	606	642	474
peak_5982	chr17	56737575	56738122	.	548	368	620	662	344	420	308
peak_5983	chr17	56786991	56787377	.	387	376	572	468	492	650	424
peak_5984	chr17	56884544	56885050	.	507	256	418	358	368	466	336
peak_5985	chr17	56902121	56903083	.	963	480	876	946	758	868	590
peak_5986	chr17	57066994	57067596	.	603	204	232	316	484	388	298
peak_5987	chr17	57211690	57212280	.	591	492	792	794	820	984	648
peak_5988	chr17	57293128	57293519	.	392	322	614	600	450	680	466
peak_5989	chr17	57295114	57295415	.	302	214	296	336	434	434	336
peak_5990	chr17	57331433	57331746	.	314	238	336	352	484	704	456
peak_5991	chr17	57422617	57423104	.	488	238	392	452	582	718	510
peak_5992	chr17	57424526	57425161	.	636	550	990	1120	974	1202	850
peak_5993	chr17	57442967	57444102	.	1136	838	1522	1502	1064	1502	892
peak_5994	chr17	57447307	57447883	.	577	354	568	558	572	542	442
peak_5995	chr17	57459188	57460108	.	921	1402	3028	2564	2550	3754	2522
peak_5996	chr17	57600396	57601704	.	1309	1112	1934	2126	1678	1844	1404
peak_5997	chr17	57619142	57620214	.	1073	1452	2294	2590	1626	2032	1574
peak_5998	chr17	57623172	57623451	.	280	250	372	588	418	504	366
peak_5999	chr17	57645576	57646676	.	1101	966	1600	1788	1448	1498	1018
peak_6000	chr17	57648461	57649336	.	876	670	1112	1200	356	330	272
peak_6001	chr17	57670866	57671098	.	233	198	358	450	366	368	288
peak_6002	chr17	57699220	57699576	.	357	252	404	406	430	434	324
peak_6003	chr17	57724645	57725254	.	610	720	998	1160	580	584	480
peak_6004	chr17	57729884	57730956	.	1073	880	1214	1226	1148	1284	892
peak_6005	chr17	57752134	57752449	.	316	334	546	698	496	602	446
peak_6006	chr17	57868795	57869354	.	560	442	696	786	512	732	514
peak_6007	chr17	57873700	57875691	.	1992	2034	4508	4404	2084	2498	1768
peak_6008	chr17	57876204	57876702	.	499	656	1108	1158	694	918	694
peak_6009	chr17	57890099	57891254	.	1156	1312	2668	2974	1572	2162	1480
peak_6010	chr17	57952355	57953168	.	814	1024	1264	1308	580	684	490
peak_6011	chr17	58021804	58022067	.	264	162	150	162	310	354	188
peak_6012	chr17	58040085	58040661	.	577	376	610	748	540	752	478
peak_6013	chr17	58044304	58044906	.	603	284	442	514	744	1000	624
peak_6014	chr17	58052407	58053334	.	928	774	1234	1344	1152	1456	864
peak_6015	chr17	58114003	58116902	.	2900	2326	4170	4068	1848	1992	1440
peak_6016	chr17	58167555	58167940	.	386	276	536	544	520	562	422
peak_6017	chr17	58170215	58170622	.	408	354	414	378	448	574	306
peak_6018	chr17	58184304	58186021	.	1718	1992	3252	3228	2170	2258	1668
peak_6019	chr17	58195069	58195898	.	830	984	1434	1654	1446	1568	1206
peak_6020	chr17	58204724	58205296	.	573	672	1100	1236	830	956	662
peak_6021	chr17	58302486	58303457	.	972	716	1008	1060	364	368	276
peak_6022	chr17	58303686	58306227	.	2542	1706	2742	2648	1580	1814	1212
peak_6023	chr17	58307450	58312764	.	5315	3418	6518	6658	1816	2030	1508
peak_6024	chr17	58317297	58318527	.	1231	982	1332	1396	618	630	506
peak_6025	chr17	58370654	58371896	.	1243	858	1404	1594	492	530	392
peak_6026	chr17	58526597	58528459	.	1863	1446	2132	2270	674	674	588
peak_6027	chr17	58537941	58539205	.	1265	1440	2286	2306	1620	2170	1636
peak_6028	chr17	58570387	58570600	.	214	254	216	222	368	348	280
peak_6029	chr17	58642049	58642479	.	431	144	132	148	322	378	212
peak_6030	chr17	58669233	58670032	.	800	732	1176	1170	732	880	656
peak_6031	chr17	59158712	59159218	.	507	244	566	580	560	682	468
peak_6032	chr17	59311092	59311874	.	783	970	1254	1178	1620	1734	1250
peak_6033	chr17	59333858	59334639	.	782	608	850	914	744	774	612
peak_6034	chr17	59506968	59507883	.	916	532	792	802	1054	1270	754
peak_6035	chr17	59892667	59893899	.	1233	1592	3524	3442	1948	2314	1640
peak_6036	chr17	60016447	60017024	.	578	200	492	530	220	236	176
peak_6037	chr17	60127615	60128312	.	698	622	1164	1146	918	1198	744
peak_6038	chr17	60390957	60392929	.	1973	2272	5724	5306	2398	3806	2366
peak_6039	chr17	61334844	61335665	.	822	790	1184	1402	368	432	302
peak_6040	chr17	61368288	61370160	.	1873	1570	2572	2834	1340	1562	1118
peak_6041	chr17	61393516	61394878	.	1363	1136	1936	2020	998	998	822
peak_6042	chr17	61426838	61427182	.	345	258	362	396	350	510	356
peak_6043	chr17	62171240	62171892	.	653	494	798	914	710	976	542
peak_6044	chr17	62587544	62587926	.	383	346	440	468	438	404	392
peak_6045	chr17	62618500	62619947	.	1448	1078	1568	1782	826	854	696
peak_6046	chr17	62628328	62628672	.	345	432	774	862	486	668	396
peak_6047	chr17	62628804	62630108	.	1305	954	1560	1818	730	832	562
peak_6048	chr17	62791805	62792509	.	705	668	1092	910	1062	1052	612
peak_6049	chr17	63405763	63406395	.	633	578	928	998	1096	1238	812
peak_6050	chr17	63433219	63434730	.	1512	930	1626	1642	896	1082	838
peak_6051	chr17	63434952	63437078	.	2127	1724	3316	3336	1740	2378	1642
peak_6052	chr17	63452137	63454839	.	2703	2278	3882	4014	2428	2962	2080
peak_6053	chr17	63478571	63480601	.	2031	1162	2014	2246	912	1026	746
peak_6054	chr17	63495903	63498251	.	2349	1380	2944	3248	976	1160	842
peak_6055	chr17	63511662	63512270	.	609	476	808	794	622	864	550
peak_6056	chr17	63529589	63532485	.	2897	1672	3182	3282	872	934	654
peak_6057	chr17	63538663	63540396	.	1734	1132	1714	1958	922	948	714
peak_6058	chr17	63688580	63688929	.	350	276	504	526	376	434	326
peak_6059	chr17	63773215	63774782	.	1568	1680	3844	3354	1752	2344	1598
peak_6060	chr17	63840598	63842124	.	1527	1208	2250	2310	1260	1288	890
peak_6061	chr17	63942434	63943202	.	769	468	720	790	706	884	628
peak_6062	chr17	63944359	63946382	.	2024	1256	2330	2474	1196	1624	1094
peak_6063	chr17	63956446	63957078	.	633	528	850	936	604	942	664
peak_6064	chr17	63959465	63960360	.	896	832	1578	1560	1024	1504	926
peak_6065	chr17	63967293	63968328	.	1036	548	742	766	660	820	584
peak_6066	chr17	63970748	63971239	.	492	296	602	580	460	550	392
peak_6067	chr17	63974166	63975012	.	847	742	1628	1524	1158	1532	1126
peak_6068	chr17	63989516	63990833	.	1318	1120	2392	2254	1690	2182	1426
peak_6069	chr17	64004882	64007160	.	2279	1742	2830	3266	1692	1920	1534
peak_6070	chr17	64056303	64057081	.	779	558	1016	930	470	566	356
peak_6071	chr17	64106419	64106714	.	296	104	138	140	314	302	202
peak_6072	chr17	64145634	64146897	.	1264	1608	3154	3022	2092	2762	1652
peak_6073	chr17	64174717	64175093	.	377	276	508	494	460	732	498
peak_6074	chr17	64206103	64206538	.	436	198	236	214	328	318	198
peak_6075	chr17	64278508	64279122	.	615	360	548	636	600	690	470
peak_6076	chr17	64285704	64286118	.	415	304	500	540	450	550	330
peak_6077	chr17	64319595	64320122	.	528	252	376	424	362	450	310
peak_6078	chr17	64320501	64321360	.	860	664	1030	1016	710	952	778
peak_6079	chr17	64354459	64354702	.	244	158	172	190	220	364	204
peak_6080	chr17	64357483	64358106	.	624	670	1190	1194	1160	1736	1124
peak_6081	chr17	64385247	64386221	.	975	642	1560	1402	868	1202	760
peak_6082	chr17	64402617	64403080	.	464	164	216	228	346	358	268
peak_6083	chr17	64410778	64411456	.	679	626	846	768	566	580	362
peak_6084	chr17	64411756	64412392	.	637	528	818	728	502	624	412
peak_6085	chr17	64442729	64443390	.	662	342	744	710	582	822	472
peak_6086	chr17	64458488	64459912	.	1425	746	1266	1280	704	848	526
peak_6087	chr17	64790663	64791288	.	626	204	360	398	130	156	146
peak_6088	chr17	64792834	64793297	.	464	224	488	432	232	292	188
peak_6089	chr17	64808574	64809074	.	501	276	468	464	284	332	232
peak_6090	chr17	64980302	64980857	.	556	252	420	518	532	652	514
peak_6091	chr17	64992375	64992818	.	444	412	808	634	570	1058	600
peak_6092	chr17	65022963	65023457	.	495	204	260	260	356	496	324
peak_6093	chr17	65055403	65056588	.	1186	986	1956	1850	1262	1612	1048
peak_6094	chr17	65064435	65065118	.	684	752	1144	1048	776	970	596
peak_6095	chr17	65099933	65100479	.	547	468	746	804	622	866	626
peak_6096	chr17	65116627	65117214	.	588	306	398	360	514	554	368
peak_6097	chr17	65132044	65132373	.	330	142	136	210	328	324	278
peak_6098	chr17	65173324	65173799	.	476	480	1034	896	696	818	588
peak_6099	chr17	65221847	65222565	.	719	482	746	670	830	968	710
peak_6100	chr17	65332899	65333467	.	569	240	290	332	544	532	400
peak_6101	chr17	65414111	65414712	.	602	318	408	410	570	612	366
peak_6102	chr17	65489669	65490153	.	485	246	376	434	422	546	310
peak_6103	chr17	65514106	65514472	.	367	222	320	340	352	410	300
peak_6104	chr17	65569343	65569860	.	518	370	536	500	396	460	274
peak_6105	chr17	66206741	66207180	.	440	292	222	254	550	566	366
peak_6106	chr17	66312777	66313407	.	631	190	452	396	398	514	322
peak_6107	chr17	66463003	66463528	.	526	294	476	436	628	840	530
peak_6108	chr17	66661369	66662369	.	1001	628	1056	1082	944	1120	788
peak_6109	chr17	66713624	66714887	.	1264	702	1280	1204	976	1018	696
peak_6110	chr17	66725036	66725792	.	757	816	1160	1084	1142	1242	798
peak_6111	chr17	66727724	66728879	.	1156	778	1182	1286	728	918	660
peak_6112	chr17	66843519	66844685	.	1167	704	1028	1042	656	610	442
peak_6113	chr17	66898031	66898940	.	910	826	1252	1198	1114	1402	1020
peak_6114	chr17	66899078	66899827	.	750	638	1004	904	840	1048	666
peak_6115	chr17	66915081	66915985	.	905	564	840	874	734	894	626
peak_6116	chr17	66920888	66921383	.	496	272	428	476	608	752	654
peak_6117	chr17	66933404	66933864	.	461	440	556	604	518	548	440
peak_6118	chr17	66934854	66935188	.	335	118	164	122	256	270	192
peak_6119	chr17	66952041	66952535	.	495	494	856	890	406	532	358
peak_6120	chr17	66952729	66953235	.	507	408	868	950	504	700	498
peak_6121	chr17	66970408	66971209	.	802	764	1350	1280	1030	1228	812
peak_6122	chr17	66971268	66971546	.	279	248	530	506	314	330	222
peak_6123	chr17	66975664	66976363	.	700	620	982	1156	556	678	428
peak_6124	chr17	66987819	66988692	.	874	516	840	872	754	786	596
peak_6125	chr17	67012663	67013224	.	562	352	462	486	480	514	344
peak_6126	chr17	67023913	67026152	.	2240	1394	2576	2544	1078	1348	808
peak_6127	chr17	67026368	67027786	.	1419	1120	2056	1944	1171	1636	996
peak_6128	chr17	67039306	67040059	.	754	462	548	534	610	630	450
peak_6129	chr17	67293330	67294146	.	817	628	1210	1098	724	872	546
peak_6130	chr17	67549822	67550156	.	335	148	176	268	256	380	208
peak_6131	chr17	68029486	68030141	.	656	470	546	518	822	918	502
peak_6132	chr17	68253624	68254042	.	419	276	294	268	414	370	260
peak_6133	chr17	68302185	68302922	.	738	620	772	774	642	776	522
peak_6134	chr17	68312505	68312939	.	435	234	482	502	322	574	436
peak_6135	chr17	68318312	68318706	.	395	292	458	604	544	690	530
peak_6136	chr17	68378059	68378663	.	605	622	1462	1580	1078	1524	1018
peak_6137	chr17	68386553	68386964	.	412	276	608	550	296	604	378
peak_6138	chr17	68398621	68399382	.	762	690	1068	1078	734	892	676
peak_6139	chr17	68413913	68414259	.	347	168	336	258	228	274	148
peak_6140	chr17	68431560	68432069	.	510	478	680	664	632	836	516
peak_6141	chr17	68435935	68436973	.	1039	856	1544	1638	914	1286	958
peak_6142	chr17	68491849	68492313	.	465	356	614	602	460	816	526
peak_6143	chr17	69348416	69348933	.	518	420	592	558	646	884	566
peak_6144	chr17	69652612	69653083	.	472	232	288	290	584	702	440
peak_6145	chr17	69810453	69811008	.	556	218	320	326	486	574	430
peak_6146	chr17	69936233	69936736	.	504	198	258	258	382	488	294
peak_6147	chr17	69978254	69978593	.	340	170	278	258	364	506	344
peak_6148	chr17	70905813	70906101	.	289	248	392	406	432	532	424
peak_6149	chr17	71161130	71161993	.	864	574	542	556	898	936	530
peak_6150	chr17	71424031	71424435	.	405	366	672	496	408	736	394
peak_6151	chr17	71438487	71439179	.	693	588	972	952	1010	1148	806
peak_6152	chr17	71543237	71543648	.	412	126	186	212	338	460	310
peak_6153	chr17	71773820	71774248	.	429	152	228	280	424	616	360
peak_6154	chr17	71967784	71968090	.	307	152	212	206	330	326	206
peak_6155	chr17	72090698	72091147	.	450	206	288	286	440	584	416
peak_6156	chr17	72206375	72206771	.	397	266	412	520	374	486	370
peak_6157	chr17	72238648	72239809	.	1162	562	814	740	1058	1108	722
peak_6158	chr17	72264763	72265516	.	754	836	1060	998	1586	1976	1310
peak_6159	chr17	72361557	72362779	.	1223	1386	2302	2568	2288	2732	2098
peak_6160	chr17	72390733	72391453	.	721	360	588	438	624	842	436
peak_6161	chr17	72421172	72422224	.	1053	1640	2868	2746	1772	2308	1496
peak_6162	chr17	72462834	72463239	.	406	366	342	356	442	400	324
peak_6163	chr17	72516753	72517206	.	454	362	674	686	568	742	458
peak_6164	chr17	72554378	72555288	.	911	1056	2092	2048	1550	1792	1288
peak_6165	chr17	72556717	72559277	.	2561	2712	3860	3732	2974	3222	2110
peak_6166	chr17	72571097	72572395	.	1299	1054	1684	1828	1004	1132	798
peak_6167	chr17	72572675	72573641	.	967	1032	1588	1838	1498	1750	1240
peak_6168	chr17	72602674	72603810	.	1137	1616	2656	2856	1742	1932	1332
peak_6169	chr17	72683714	72684911	.	1198	1248	1854	1710	1074	1176	804
peak_6170	chr17	72734541	72735142	.	602	258	376	400	596	614	462
peak_6171	chr17	72750695	72751173	.	479	300	334	376	478	516	384
peak_6172	chr17	72907395	72908209	.	815	702	984	1030	836	718	592
peak_6173	chr17	72950346	72950652	.	307	218	240	294	414	500	330
peak_6174	chr17	72955376	72956065	.	690	398	814	806	804	856	616
peak_6175	chr17	72976910	72977505	.	596	642	1300	1230	1000	1510	886
peak_6176	chr17	72992922	72993208	.	287	158	238	304	302	456	290
peak_6177	chr17	73136317	73136760	.	444	328	348	236	450	412	316
peak_6178	chr17	73142774	73143151	.	378	280	338	348	494	694	378
peak_6179	chr17	73291970	73292822	.	853	906	1772	1868	1196	1458	1020
peak_6180	chr17	73335583	73336127	.	545	396	702	656	564	702	496
peak_6181	chr17	73395375	73395888	.	514	610	1122	1102	722	862	636
peak_6182	chr17	73401189	73401566	.	378	312	454	498	322	320	224
peak_6183	chr17	73420936	73421445	.	510	498	826	932	634	608	412
peak_6184	chr17	73459897	73460403	.	507	280	270	278	510	576	454
peak_6185	chr17	73487206	73487955	.	750	734	1102	1102	814	834	546
peak_6186	chr17	73494636	73495759	.	1124	758	1314	1382	668	736	486
peak_6187	chr17	73497515	73498753	.	1239	728	1140	1084	420	420	296
peak_6188	chr17	73510437	73511288	.	852	648	1298	1172	772	1046	706
peak_6189	chr17	73521419	73523044	.	1626	978	1822	1690	980	1194	784
peak_6190	chr17	73587008	73587777	.	770	668	1220	1220	510	654	536
peak_6191	chr17	73603713	73604976	.	1264	956	1400	1538	828	1118	768
peak_6192	chr17	73628398	73629052	.	655	636	886	862	626	674	458
peak_6193	chr17	73704441	73704915	.	475	406	428	460	578	630	366
peak_6194	chr17	73717828	73720854	.	3027	2404	3670	4008	2516	2592	1776
peak_6195	chr17	73748760	73750441	.	1682	2112	2572	2306	2898	3106	2190
peak_6196	chr17	73784012	73784822	.	811	730	1132	1110	688	690	426
peak_6197	chr17	73796603	73797128	.	526	360	640	654	614	808	532
peak_6198	chr17	73840806	73842634	.	1829	1176	1920	1956	1394	1596	1132
peak_6199	chr17	73850303	73851039	.	737	576	1044	1012	688	722	498
peak_6200	chr17	73942634	73943623	.	990	716	838	820	1012	1056	724
peak_6201	chr17	73974009	73974675	.	667	640	1196	1200	660	596	436
peak_6202	chr17	74002069	74002713	.	645	428	872	994	752	962	652
peak_6203	chr17	74002961	74003435	.	475	210	332	364	404	480	306
peak_6204	chr17	74037364	74037791	.	428	442	870	768	686	764	514
peak_6205	chr17	74043388	74044055	.	668	470	714	632	518	426	284
peak_6206	chr17	74059896	74060713	.	818	540	746	740	678	940	488
peak_6207	chr17	74089471	74090284	.	814	842	1308	1278	948	904	664
peak_6208	chr17	74098015	74099439	.	1425	1296	1946	1890	1702	2170	1320
peak_6209	chr17	74115527	74116920	.	1394	1066	1496	1582	838	928	608
peak_6210	chr17	74118627	74118945	.	319	290	418	426	390	454	340
peak_6211	chr17	74128510	74128937	.	428	298	774	736	516	618	500
peak_6212	chr17	74152401	74153694	.	1294	750	1122	1220	556	542	418
peak_6213	chr17	74176774	74177595	.	822	840	1384	1598	1192	1581	1093
peak_6214	chr17	74188064	74188790	.	727	1048	1676	1658	990	1220	838
peak_6215	chr17	74192766	74196197	.	3432	3264	6258	6536	3484	3596	2498
peak_6216	chr17	74196402	74197379	.	978	938	1948	1854	1074	1310	872
peak_6217	chr17	74210684	74212049	.	1366	1104	1694	1682	692	678	536
peak_6218	chr17	74212994	74217810	.	4817	3662	7026	7492	3654	4780	3412
peak_6219	chr17	74237844	74238561	.	718	786	1212	1410	670	870	588
peak_6220	chr17	74243068	74250726	.	7659	6254	11440	12190	5478	6404	4632
peak_6221	chr17	74276398	74277080	.	683	460	788	776	662	686	530
peak_6222	chr17	74282693	74283023	.	331	350	578	482	732	904	528
peak_6223	chr17	74301208	74301654	.	447	458	766	938	546	794	488
peak_6224	chr17	74308942	74310339	.	1398	1062	1626	1772	722	806	532
peak_6225	chr17	74337094	74340515	.	3422	4112	7004	7004	4000	5092	3508
peak_6226	chr17	74340591	74346576	.	5986	4202	8082	8780	2866	3610	2504
peak_6227	chr17	74367124	74368116	.	993	748	1320	1236	398	316	364
peak_6228	chr17	74414518	74415158	.	641	532	814	860	628	788	574
peak_6229	chr17	74415727	74416284	.	558	296	412	370	434	612	422
peak_6230	chr17	74430204	74432656	.	2453	1572	3490	3836	1630	2122	1534
peak_6231	chr17	74433423	74434077	.	655	502	878	976	314	368	254
peak_6232	chr17	74462638	74463952	.	1315	1212	2650	2726	1596	1984	1404
peak_6233	chr17	74479889	74480731	.	843	1152	2106	2288	1554	1966	1358
peak_6234	chr17	74480876	74482682	.	1807	1536	2666	2612	1470	1704	1226
peak_6235	chr17	74482767	74483276	.	510	476	828	976	534	676	568
peak_6236	chr17	74494572	74495131	.	560	606	806	828	656	780	616
peak_6237	chr17	74495465	74495802	.	338	268	342	328	314	398	212
peak_6238	chr17	74512592	74513022	.	431	274	450	556	628	658	500
peak_6239	chr17	74538921	74540236	.	1316	1372	2964	2898	1820	2540	1722
peak_6240	chr17	74541186	74548151	.	6966	6166	11944	12332	6414	8016	5718
peak_6241	chr17	74549046	74551366	.	2321	2552	4720	4928	3188	4062	2624
peak_6242	chr17	74552122	74552618	.	497	614	1268	1504	846	1532	982
peak_6243	chr17	74556512	74557017	.	506	364	748	766	542	794	540
peak_6244	chr17	74560581	74561249	.	669	500	1010	1084	652	704	578
peak_6245	chr17	74562767	74563406	.	640	666	958	1012	580	554	420
peak_6246	chr17	74569237	74570018	.	782	1128	2372	2304	1466	1862	1438
peak_6247	chr17	74574674	74575173	.	500	344	546	480	490	646	400
peak_6248	chr17	74584179	74584772	.	594	568	680	616	660	858	650
peak_6249	chr17	74588022	74588921	.	900	690	992	1022	932	1036	688
peak_6250	chr17	74602104	74603603	.	1500	1032	1780	1878	932	1156	620
peak_6251	chr17	74603875	74604606	.	732	896	1658	1562	796	994	616
peak_6252	chr17	74614682	74615283	.	602	796	1252	1318	708	842	630
peak_6253	chr17	74618046	74619730	.	1685	1294	2398	2240	1186	1468	1044
peak_6254	chr17	74635311	74635916	.	606	468	968	982	508	560	432
peak_6255	chr17	74640806	74641752	.	947	852	1522	1282	1076	1208	832
peak_6256	chr17	74642308	74642825	.	518	374	554	532	338	412	200
peak_6257	chr17	74647548	74648929	.	1382	1182	2094	2250	706	774	606
peak_6258	chr17	74711147	74711793	.	647	670	1018	1104	446	458	326
peak_6259	chr17	74711955	74713062	.	1108	938	1744	1772	994	1202	828
peak_6260	chr17	74729988	74731597	.	1610	1028	2152	2250	818	922	712
peak_6261	chr17	74732785	74734798	.	2014	1866	2620	2648	1670	1978	1250
peak_6262	chr17	74833531	74834086	.	556	348	740	760	406	432	316
peak_6263	chr17	74853781	74856450	.	2670	1000	2254	2170	770	760	588
peak_6264	chr17	74867437	74868372	.	936	482	636	706	412	572	388
peak_6265	chr17	74879256	74880322	.	1067	438	784	878	594	756	562
peak_6266	chr17	74945504	74945946	.	443	292	476	458	424	686	370
peak_6267	chr17	74959150	74961119	.	1970	994	2242	2114	1120	1286	966
peak_6268	chr17	75046070	75047248	.	1179	790	1626	1628	914	1066	848
peak_6269	chr17	75078698	75079805	.	1108	622	1266	1152	822	1012	744
peak_6270	chr17	75095948	75096508	.	561	332	756	692	386	496	352
peak_6271	chr17	75098747	75099401	.	655	334	570	574	244	332	238
peak_6272	chr17	75153698	75154885	.	1188	562	1416	1426	730	900	618
peak_6273	chr17	75269823	75270563	.	741	454	962	1004	560	738	564
peak_6274	chr17	75285507	75286316	.	810	566	666	750	672	826	536
peak_6275	chr17	75288755	75289918	.	1164	1442	3622	3374	1820	2656	1876
peak_6276	chr17	75508596	75509317	.	722	425	956	944	511	821	423
peak_6277	chr17	75569822	75572325	.	2504	850	1700	1896	422	494	348
peak_6278	chr17	75650633	75651282	.	650	260	510	506	420	502	408
peak_6279	chr17	75691393	75692296	.	904	430	718	738	344	422	306
peak_6280	chr17	75736610	75738925	.	2316	950	1932	1924	852	1112	812
peak_6281	chr17	75809134	75809547	.	414	248	388	426	384	398	258
peak_6282	chr17	75843024	75845626	.	2603	1072	2540	2714	1100	1434	1122
peak_6283	chr17	75851290	75851816	.	527	392	536	590	542	756	510
peak_6284	chr17	75855006	75856542	.	1537	1290	3026	2422	1582	1958	1330
peak_6285	chr17	75895208	75895775	.	568	552	884	1028	656	688	426
peak_6286	chr17	76354814	76355236	.	423	204	472	476	328	454	288
peak_6287	chr17	76397847	76398278	.	432	218	478	610	268	542	334
peak_6288	chr17	76484737	76485056	.	320	156	392	368	234	420	218
peak_6289	chr17	76506526	76507365	.	840	484	978	1106	554	848	534
peak_6290	chr17	76517557	76518361	.	805	426	776	754	436	488	348
peak_6291	chr17	76529107	76532496	.	3390	1604	2720	2686	1432	1830	1274
peak_6292	chr17	76709113	76709719	.	607	476	970	902	488	592	460
peak_6293	chr17	76826861	76828606	.	1746	536	954	914	484	508	384
peak_6294	chr17	76839795	76840296	.	502	294	666	686	482	604	436
peak_6295	chr17	76864613	76865889	.	1277	512	908	978	642	794	466
peak_6296	chr17	76872110	76873749	.	1640	988	2084	1764	1188	1616	1142
peak_6297	chr17	77126363	77126951	.	589	458	686	620	410	494	422
peak_6298	chr17	77254849	77255958	.	1110	736	2068	1828	874	1578	1076
peak_6299	chr17	77286970	77287977	.	1008	566	1398	1334	718	896	648
peak_6300	chr17	77325285	77326622	.	1338	680	1442	1578	942	908	662
peak_6301	chr17	77362435	77363361	.	927	514	882	1036	682	854	546
peak_6302	chr17	77559120	77559669	.	550	320	550	558	388	458	380
peak_6303	chr17	77560981	77561249	.	269	64	168	142	118	128	104
peak_6304	chr17	77562340	77563122	.	783	310	638	606	512	708	538
peak_6305	chr17	77572348	77573339	.	992	558	824	834	726	850	576
peak_6306	chr17	77692463	77693343	.	881	516	810	870	516	658	454
peak_6307	chr17	77805680	77806525	.	846	426	700	712	446	638	368
peak_6308	chr17	77834111	77834758	.	648	534	980	1034	598	868	570
peak_6309	chr17	78133701	78134662	.	962	506	1028	1010	606	832	620
peak_6310	chr17	78137075	78139712	.	2638	1114	2616	2350	1096	994	822
peak_6311	chr17	78141697	78142621	.	925	644	1566	1688	800	1036	688
peak_6312	chr17	78232781	78233329	.	549	428	474	538	592	744	624
peak_6313	chr17	78241286	78243576	.	2291	1238	2446	2614	1556	2140	1574
peak_6314	chr17	78249671	78250458	.	788	612	1104	934	612	712	534
peak_6315	chr17	78412315	78413730	.	1416	666	1256	1334	736	944	664
peak_6316	chr17	78442471	78443313	.	843	440	466	562	546	688	458
peak_6317	chr17	78474495	78475214	.	720	478	884	808	648	988	610
peak_6318	chr17	78476875	78477244	.	370	382	452	552	364	402	332
peak_6319	chr17	78490134	78493338	.	3205	1682	2878	3064	1640	1820	1342
peak_6320	chr17	78532899	78533641	.	743	654	1214	1036	738	978	568
peak_6321	chr17	78592198	78593055	.	858	634	1722	1382	680	888	526
peak_6322	chr17	78672810	78673148	.	339	218	456	502	298	488	416
peak_6323	chr17	78840429	78841692	.	1264	798	2500	2650	1076	1676	1148
peak_6324	chr17	78862129	78862600	.	472	428	812	780	666	1044	602
peak_6325	chr17	78883126	78884092	.	967	702	1988	1794	870	1312	864
peak_6326	chr17	78899020	78899891	.	872	512	880	888	506	750	502
peak_6327	chr17	78930311	78930681	.	371	190	450	464	368	386	362
peak_6328	chr17	78933111	78936409	.	3299	2092	4666	4470	2180	2612	1912
peak_6329	chr17	78970336	78971671	.	1336	808	1614	1580	968	1158	878
peak_6330	chr17	78979778	78981327	.	1550	952	1968	1938	716	808	684
peak_6331	chr17	79005222	79006592	.	1371	910	1406	1622	606	710	462
peak_6332	chr17	79025069	79025847	.	779	576	830	920	364	358	252
peak_6333	chr17	79027979	79028478	.	500	328	818	958	456	598	420
peak_6334	chr17	79058065	79058594	.	530	624	984	1154	950	1196	942
peak_6335	chr17	79062767	79063566	.	800	490	700	734	726	894	688
peak_6336	chr17	79094909	79096904	.	1996	1016	1774	1694	380	468	370
peak_6337	chr17	79100629	79102805	.	2177	786	1604	1674	360	326	272
peak_6338	chr17	79104944	79106579	.	1636	828	1530	1530	312	284	268
peak_6339	chr17	79134281	79137759	.	3479	2318	4256	4428	1976	2494	1814
peak_6340	chr17	79137914	79138668	.	755	454	678	620	614	878	544
peak_6341	chr17	79139128	79139896	.	769	580	1110	1322	672	774	604
peak_6342	chr17	79153717	79154794	.	1078	784	1632	1540	706	946	562
peak_6343	chr17	79156335	79158296	.	1962	988	1742	1756	532	610	460
peak_6344	chr17	79173959	79175768	.	1810	1204	1886	2141	1783	1845	1522
peak_6345	chr17	79184134	79185827	.	1694	1318	2596	2688	1314	1556	1094
peak_6346	chr17	79226010	79226637	.	628	388	638	686	620	696	464
peak_6347	chr17	79279572	79280188	.	617	464	704	806	488	514	390
peak_6348	chr17	79280912	79281709	.	798	888	1256	1344	704	862	538
peak_6349	chr17	79290013	79290637	.	625	498	826	800	504	554	446
peak_6350	chr17	79300930	79301940	.	1011	602	950	972	432	488	276
peak_6351	chr17	79304837	79305199	.	363	262	594	690	302	414	268
peak_6352	chr17	79319383	79319963	.	581	406	796	830	144	100	118
peak_6353	chr17	79353521	79354737	.	1217	688	1342	1424	1074	1214	750
peak_6354	chr17	79362014	79365052	.	3039	1756	3490	3368	1392	1866	1322
peak_6355	chr17	79365768	79366359	.	592	414	852	888	470	610	416
peak_6356	chr17	79370167	79371145	.	979	672	1162	1160	800	1292	756
peak_6357	chr17	79374929	79375340	.	412	430	796	816	398	512	354
peak_6358	chr17	79377130	79377926	.	797	632	936	1024	792	914	694
peak_6359	chr17	79381308	79382999	.	1692	1150	1922	1878	958	1338	858
peak_6360	chr17	79391995	79392736	.	742	478	824	936	720	828	650
peak_6361	chr17	79393247	79396150	.	2904	2006	3462	3624	2302	3136	2158
peak_6362	chr17	79399741	79402233	.	2493	1248	2344	2306	1032	1120	858
peak_6363	chr17	79410023	79410950	.	928	706	1430	1262	694	852	670
peak_6364	chr17	79411491	79413037	.	1547	862	1342	1158	1062	1320	700
peak_6365	chr17	79420350	79422061	.	1712	1128	2268	2484	1118	1230	856
peak_6366	chr17	79442823	79444113	.	1291	688	1342	1156	926	1062	782
peak_6367	chr17	79455179	79456129	.	951	510	940	1010	678	838	572
peak_6368	chr17	79456793	79457357	.	565	492	880	930	528	580	494
peak_6369	chr17	79460320	79460855	.	536	452	588	686	426	554	410
peak_6370	chr17	79469190	79470586	.	1397	972	1338	1474	1126	1292	942
peak_6371	chr17	79473110	79473746	.	637	450	716	684	508	624	490
peak_6372	chr17	79477981	79478595	.	615	512	950	1024	776	1096	750
peak_6373	chr17	79481207	79482022	.	816	590	896	814	838	940	740
peak_6374	chr17	79482717	79483541	.	825	592	1124	1172	610	764	590
peak_6375	chr17	79496618	79497181	.	564	444	728	752	562	570	406
peak_6376	chr17	79520064	79520734	.	671	392	1134	1214	606	834	608
peak_6377	chr17	79525868	79527269	.	1402	1520	2770	2766	2008	2878	2136
peak_6378	chr17	79532640	79533088	.	449	360	422	438	450	492	324
peak_6379	chr17	79534815	79536166	.	1352	970	1556	1484	598	676	518
peak_6380	chr17	79573153	79573904	.	752	518	776	946	294	384	312
peak_6381	chr17	79581793	79582476	.	684	440	558	604	522	530	324
peak_6382	chr17	79616388	79617166	.	779	634	1138	1212	752	1092	778
peak_6383	chr17	79621550	79623081	.	1532	1084	1990	2010	1276	1600	1094
peak_6384	chr17	79646459	79647704	.	1246	602	930	956	606	808	518
peak_6385	chr17	79670986	79671823	.	838	416	798	810	406	610	434
peak_6386	chr17	79689283	79689793	.	511	302	476	478	370	578	358
peak_6387	chr17	79690348	79691131	.	784	576	1056	1102	512	652	418
peak_6388	chr17	79694630	79696694	.	2065	1206	2446	2522	1192	1498	1064
peak_6389	chr17	79701712	79702858	.	1147	736	1494	1604	790	1036	694
peak_6390	chr17	79719698	79719978	.	281	216	268	250	264	348	160
peak_6391	chr17	79722990	79723525	.	536	228	284	242	464	462	290
peak_6392	chr17	79807350	79809757	.	2408	1334	1982	2128	604	674	494
peak_6393	chr17	79850498	79851798	.	1301	1492	2470	2662	1616	1852	1544
peak_6394	chr17	79993119	79994215	.	1097	660	1080	1224	624	590	508
peak_6395	chr17	80101075	80102773	.	1699	970	1938	2158	974	1326	932
peak_6396	chr17	80118469	80118772	.	304	166	626	558	338	414	274
peak_6397	chr17	80119907	80120294	.	388	178	382	462	322	592	448
peak_6398	chr17	80120420	80120846	.	427	282	680	694	386	696	430
peak_6399	chr17	80194598	80196303	.	1706	1176	2382	2350	1332	2022	1328
peak_6400	chr17	80217011	80219045	.	2035	920	1558	1556	696	812	504
peak_6401	chr17	80223936	80224220	.	285	186	360	310	288	322	250
peak_6402	chr17	80243855	80244899	.	1045	578	1354	1522	648	784	540
peak_6403	chr17	80254600	80255244	.	645	434	552	540	266	324	176
peak_6404	chr17	80431530	80433849	.	2320	1390	2638	2618	1202	1544	1024
peak_6405	chr17	80447593	80448696	.	1104	646	1310	1222	672	886	518
peak_6406	chr17	80457429	80458022	.	594	280	684	550	426	498	368
peak_6407	chr17	80492658	80493036	.	379	232	522	610	312	422	320
peak_6408	chr17	80494141	80494933	.	793	804	1192	1334	668	896	638
peak_6409	chr17	80598953	80599390	.	438	164	410	432	252	416	286
peak_6410	chr17	80605703	80606047	.	345	128	168	256	280	318	190
peak_6411	chr17	80630525	80631575	.	1051	578	794	786	372	498	302
peak_6412	chr17	80694095	80695680	.	1586	810	1570	1512	830	1072	586
peak_6413	chr17	80720952	80721662	.	711	566	1226	1314	752	1128	754
peak_6414	chr17	80741627	80742387	.	761	416	828	804	626	780	534
peak_6415	chr17	80760510	80760895	.	386	158	238	238	278	308	228
peak_6416	chr17	80795724	80796161	.	438	312	752	720	376	558	392
peak_6417	chr17	80825241	80826869	.	1629	778	1444	1328	498	584	426
peak_6418	chr17	80827722	80828631	.	910	608	1324	1214	928	1116	768
peak_6419	chr17	80835904	80837584	.	1681	912	1816	1736	868	1010	692
peak_6420	chr17	80859315	80859879	.	565	402	814	810	468	668	426
peak_6421	chr17	80861490	80862203	.	714	430	812	854	616	982	602
peak_6422	chr17	80891168	80891945	.	778	752	1312	1356	740	936	606
peak_6423	chr17	80892107	80892698	.	592	512	1348	1230	578	864	628
peak_6424	chr17	80943631	80944197	.	567	382	618	746	512	636	480
peak_6425	chr17	80967289	80972842	.	5554	3290	6392	6884	2636	3176	2248
peak_6426	chr17	80978937	80979705	.	769	594	1354	1516	734	1004	718
peak_6427	chr17	80981436	80983348	.	1913	1248	2658	2714	1278	1596	984
peak_6428	chr17	80987890	80988643	.	754	836	1680	1628	982	1318	752
peak_6429	chr17	80992921	80994038	.	1118	708	1290	1400	540	588	442
peak_6430	chr17	81038114	81038853	.	740	472	1020	1074	778	994	704
peak_6431	chr17	81046327	81047461	.	1135	626	1056	1236	558	714	478
peak_6432	chr17	81049821	81050691	.	871	816	1478	1628	952	1094	756
peak_6433	chr17	81093827	81098377	.	4551	3086	6450	6342	3130	4542	3092
peak_6434	chr17	81125509	81126006	.	498	412	910	950	558	740	456
peak_6435	chr17	81135630	81136293	.	664	462	1044	1066	464	564	456
peak_6436	chr17	81137256	81137886	.	631	472	816	862	606	678	422
peak_6437	chr17	81148474	81149049	.	576	384	684	638	368	476	298
peak_6438	chr17	81150539	81150966	.	428	274	658	702	368	476	310
peak_6439	chr17	81221453	81223670	.	2218	1308	3948	3868	1464	1976	1454
peak_6440	chr17	81235084	81239549	.	4466	2250	3796	3914	1844	2318	1652
peak_6441	chr17	81291517	81292043	.	527	410	906	776	636	668	528
peak_6442	chr17	81312613	81316107	.	3495	1600	3130	3354	1054	1292	926
peak_6443	chr17	81316625	81317002	.	378	312	632	584	318	352	314
peak_6444	chr17	81324425	81325801	.	1377	1304	2364	2260	1176	1544	1100
peak_6445	chr17	81362018	81362278	.	261	112	188	134	206	264	128
peak_6446	chr17	81375600	81376449	.	850	546	752	762	378	486	260
peak_6447	chr17	81394784	81395560	.	777	844	2210	1936	730	1286	804
peak_6448	chr17	81418853	81419563	.	711	696	1882	1450	792	1150	664
peak_6449	chr17	81436554	81437976	.	1423	626	1356	1464	394	470	336
peak_6450	chr17	81479739	81480512	.	774	610	1166	1102	594	752	582
peak_6451	chr17	81524579	81525176	.	598	406	786	784	506	478	346
peak_6452	chr17	81526669	81529758	.	3090	1396	2988	3274	716	876	626
peak_6453	chr17	81530040	81531146	.	1107	480	1008	996	502	464	388
peak_6454	chr17	81532710	81535251	.	2542	1260	2430	2524	984	1078	912
peak_6455	chr17	81549829	81554439	.	4611	2792	6022	6132	3086	4446	2906
peak_6456	chr17	81556250	81556561	.	312	160	350	380	256	364	232
peak_6457	chr17	81641979	81642543	.	565	600	1162	1162	610	1142	642
peak_6458	chr17	81646927	81647595	.	669	586	892	1006	618	798	588
peak_6459	chr17	81651546	81652275	.	730	484	894	930	514	788	512
peak_6460	chr17	81682602	81684150	.	1549	948	1930	2106	1080	1268	814
peak_6461	chr17	81814810	81815991	.	1182	1004	1932	2184	1154	1674	1096
peak_6462	chr17	81831505	81834081	.	2577	1388	2946	2930	1566	1930	1288
peak_6463	chr17	81865286	81870874	.	5589	2714	5516	5908	2394	3346	2150
peak_6464	chr17	81885079	81886923	.	1845	1278	2374	2522	1544	1890	1234
peak_6465	chr17	81898145	81898935	.	791	636	1158	1108	784	1080	796
peak_6466	chr17	81923302	81925550	.	2249	1192	2434	2488	1000	1143	890
peak_6467	chr17	81967689	81968304	.	616	662	1366	1334	650	1008	756
peak_6468	chr17	81976196	81978325	.	2130	1418	2460	2918	1476	2068	1454
peak_6469	chr17	82042402	82042871	.	470	234	412	488	558	606	384
peak_6470	chr17	82088787	82091822	.	3036	1104	2392	2362	1198	1476	1092
peak_6471	chr17	82094930	82100114	.	5185	2286	5234	5464	2270	3134	2230
peak_6472	chr17	82204783	82206508	.	1726	1176	2454	2296	1490	1846	1206
peak_6473	chr17	82234220	82237339	.	3120	1500	3238	3398	1544	2182	1508
peak_6474	chr17	82246594	82247054	.	461	242	642	738	344	448	358
peak_6475	chr17	82267559	82268445	.	887	600	1108	1340	958	1300	896
peak_6476	chr17	82271304	82271983	.	680	382	480	482	654	700	460
peak_6477	chr17	82273553	82276065	.	2513	1776	2990	3450	1696	1990	1494
peak_6478	chr17	82287892	82288419	.	528	826	1524	1178	1108	1520	970
peak_6479	chr17	82291982	82293340	.	1359	1372	2630	2246	1322	1752	1236
peak_6480	chr17	82305036	82306180	.	1145	534	1010	972	324	340	238
peak_6481	chr17	82324395	82325684	.	1290	1028	2134	2358	908	1312	890
peak_6482	chr17	82332503	82333187	.	685	496	1100	924	562	696	480
peak_6483	chr17	82346360	82346928	.	569	326	658	484	692	744	506
peak_6484	chr17	82350181	82350883	.	703	370	756	814	496	678	458
peak_6485	chr17	82378774	82379186	.	413	322	440	526	310	494	362
peak_6486	chr17	82381255	82381974	.	720	472	508	490	618	880	500
peak_6487	chr17	82441475	82442960	.	1486	772	1384	1322	504	534	428
peak_6488	chr17	82461813	82463145	.	1333	910	1738	1642	848	710	582
peak_6489	chr17	82485652	82486103	.	452	398	750	864	414	620	428
peak_6490	chr17	82553064	82553745	.	682	572	1036	1120	514	592	462
peak_6491	chr17	82592831	82593688	.	858	650	1386	1332	752	990	674
peak_6492	chr17	82598298	82599043	.	746	592	1278	1422	1028	1230	854
peak_6493	chr17	82671011	82671420	.	410	244	450	440	296	456	228
peak_6494	chr17	82703913	82705235	.	1323	660	1122	1084	696	842	620
peak_6495	chr17	82708179	82708611	.	433	194	380	340	294	376	194
peak_6496	chr17	82712935	82713748	.	814	538	1314	1344	684	1014	766
peak_6497	chr17	82716038	82717032	.	995	466	1388	1330	682	952	632
peak_6498	chr17	82756172	82756514	.	343	196	260	266	236	266	194
peak_6499	chr17	82789122	82791027	.	1906	988	1830	1930	882	1026	752
peak_6500	chr17	82864010	82864765	.	756	362	754	662	326	500	328
peak_6501	chr17	82912728	82913200	.	473	194	384	440	272	412	264
peak_6502	chr17	83083211	83083927	.	717	434	974	972	592	898	532
peak_6503	chr17	83149554	83150151	.	598	200	520	526	354	454	304
peak_6504	chr17_GL000205v2_random	77948	79211	.	1264	636	888	788	922	1106	764
peak_6505	chr17_GL000205v2_random	89921	90016	.	96	80	106	120	106	202	110
peak_6506	chr18	81224	81665	.	442	230	408	416	256	344	228
peak_6507	chr18	322497	322867	.	371	430	758	694	514	758	540
peak_6508	chr18	497078	497373	.	296	154	182	272	370	390	296
peak_6509	chr18	499271	500090	.	820	950	1630	1820	1160	1696	1062
peak_6510	chr18	688325	689290	.	966	746	898	1096	1074	1204	756
peak_6511	chr18	1510515	1512029	.	1515	1424	2404	2728	1926	2496	1668
peak_6512	chr18	1559587	1559971	.	385	402	604	656	798	1006	766
peak_6513	chr18	2515973	2516659	.	687	1380	2390	2190	2904	3768	2306
peak_6514	chr18	2899753	2900116	.	364	196	220	190	338	456	306
peak_6515	chr18	2901153	2901960	.	808	592	830	868	758	778	596
peak_6516	chr18	2905813	2908133	.	2321	1852	3608	4010	2112	2674	1920
peak_6517	chr18	2908944	2909714	.	771	846	1388	1434	942	1074	910
peak_6518	chr18	2981124	2981781	.	658	510	912	632	1014	1126	750
peak_6519	chr18	3246944	3247581	.	638	1248	2916	2618	1370	2086	1350
peak_6520	chr18	3446552	3447009	.	458	270	436	400	708	788	528
peak_6521	chr18	3447577	3448574	.	998	976	2274	2322	1172	1698	1080
peak_6522	chr18	3622880	3624549	.	1670	2582	5974	4958	3544	5440	3368
peak_6523	chr18	3664091	3664674	.	584	252	294	392	822	746	474
peak_6524	chr18	3710736	3711228	.	493	424	666	754	496	646	532
peak_6525	chr18	5052452	5052869	.	418	170	218	298	470	428	288
peak_6526	chr18	5068860	5069240	.	381	114	142	142	274	396	308
peak_6527	chr18	5295992	5297099	.	1108	720	2442	1844	812	1302	836
peak_6528	chr18	5599394	5599803	.	410	158	214	166	342	390	244
peak_6529	chr18	5671003	5671729	.	727	652	934	1000	754	1028	822
peak_6530	chr18	5710316	5710985	.	670	260	350	326	506	578	458
peak_6531	chr18	5711433	5712105	.	673	206	232	224	476	532	372
peak_6532	chr18	5969401	5970379	.	979	690	964	1296	1048	1028	850
peak_6533	chr18	5979344	5980256	.	913	610	1130	1174	716	804	578
peak_6534	chr18	6221426	6222121	.	696	209	193	284	576	644	526
peak_6535	chr18	6400837	6401112	.	276	222	286	238	322	308	216
peak_6536	chr18	6482632	6483237	.	606	724	1328	1220	944	1456	916
peak_6537	chr18	6542159	6542814	.	656	222	256	288	426	542	410
peak_6538	chr18	6861030	6861580	.	551	324	578	516	758	834	636
peak_6539	chr18	7016777	7017456	.	680	428	628	706	930	1178	752
peak_6540	chr18	7022758	7023414	.	657	440	632	596	646	662	428
peak_6541	chr18	7038193	7038896	.	704	1302	2732	2356	1916	2658	1816
peak_6542	chr18	7106772	7107089	.	318	172	216	382	378	356	268
peak_6543	chr18	7150610	7151335	.	726	668	910	888	1760	2166	1430
peak_6544	chr18	7166587	7166976	.	390	232	304	294	356	386	332
peak_6545	chr18	7210407	7210802	.	396	162	366	408	444	494	372
peak_6546	chr18	7233987	7234621	.	635	620	1066	1290	956	1392	944
peak_6547	chr18	7236710	7237369	.	660	540	756	858	1122	1326	1018
peak_6548	chr18	7317549	7318267	.	719	582	1040	1140	936	1030	848
peak_6549	chr18	7324630	7325361	.	732	774	1386	1338	1466	2218	1312
peak_6550	chr18	7414431	7414792	.	362	398	704	824	512	670	494
peak_6551	chr18	7480864	7481401	.	538	430	534	518	658	794	612
peak_6552	chr18	7488499	7488854	.	356	320	466	496	500	770	530
peak_6553	chr18	7577704	7578491	.	788	552	916	1124	814	1076	656
peak_6554	chr18	7596108	7596493	.	386	224	284	284	580	686	404
peak_6555	chr18	7663840	7664561	.	722	428	492	626	456	408	316
peak_6556	chr18	7787150	7787735	.	586	490	814	988	988	1204	956
peak_6557	chr18	7796162	7797326	.	1165	594	970	970	1380	1372	898
peak_6558	chr18	7808940	7809647	.	708	306	424	590	668	718	510
peak_6559	chr18	7856560	7857267	.	708	318	610	742	814	1194	852
peak_6560	chr18	7876402	7876960	.	559	374	636	616	638	854	714
peak_6561	chr18	7879698	7880215	.	518	440	696	824	1072	1294	922
peak_6562	chr18	7941597	7941953	.	357	158	280	280	362	444	360
peak_6563	chr18	7945841	7946214	.	374	376	560	526	680	912	698
peak_6564	chr18	8404217	8404545	.	329	128	182	116	224	244	250
peak_6565	chr18	8423108	8423951	.	844	750	1256	1398	760	1052	708
peak_6566	chr18	8425250	8426857	.	1608	1288	2618	2758	1356	1978	1366
peak_6567	chr18	8435393	8435784	.	392	262	524	526	368	444	354
peak_6568	chr18	8457925	8458704	.	780	454	692	696	564	612	432
peak_6569	chr18	8471336	8472030	.	695	422	578	632	648	812	542
peak_6570	chr18	8553054	8553630	.	577	262	252	248	392	526	332
peak_6571	chr18	8559690	8560067	.	378	174	272	342	374	508	300
peak_6572	chr18	8561602	8562029	.	428	264	412	468	280	410	306
peak_6573	chr18	8563733	8564263	.	531	334	468	478	588	604	564
peak_6574	chr18	8655123	8655437	.	315	118	210	244	246	330	226
peak_6575	chr18	8658043	8658570	.	528	408	796	758	604	858	482
peak_6576	chr18	8699424	8700202	.	779	500	722	794	642	696	458
peak_6577	chr18	8976513	8976915	.	403	270	532	606	710	850	572
peak_6578	chr18	8978298	8978743	.	446	452	478	410	620	754	558
peak_6579	chr18	8996604	8997120	.	517	350	550	664	650	1006	656
peak_6580	chr18	9016503	9018147	.	1645	1276	2544	2644	1398	2030	1324
peak_6581	chr18	9334100	9335122	.	1023	712	1530	1494	712	1040	724
peak_6582	chr18	9449470	9449825	.	356	208	266	338	424	444	278
peak_6583	chr18	9474783	9476257	.	1475	838	2694	2438	912	1412	1028
peak_6584	chr18	9701595	9701962	.	368	132	252	350	302	384	280
peak_6585	chr18	9706109	9706420	.	312	210	244	248	408	456	328
peak_6586	chr18	9721705	9722526	.	822	636	974	1156	818	1084	806
peak_6587	chr18	9731356	9731851	.	496	188	616	608	432	634	428
peak_6588	chr18	9899088	9899638	.	551	344	622	614	756	1110	704
peak_6589	chr18	9914642	9915313	.	672	494	934	1102	512	970	518
peak_6590	chr18	9966219	9966757	.	539	192	290	318	380	544	314
peak_6591	chr18	10074176	10074732	.	557	232	374	434	552	670	454
peak_6592	chr18	10077902	10078337	.	436	188	220	212	298	396	258
peak_6593	chr18	10093932	10094569	.	638	132	204	278	298	282	224
peak_6594	chr18	10121724	10122776	.	1053	736	970	940	1124	1502	914
peak_6595	chr18	10139775	10140331	.	557	312	598	606	444	528	410
peak_6596	chr18	10142581	10143351	.	771	828	1224	1186	1016	1312	960
peak_6597	chr18	10296622	10296859	.	238	122	202	244	232	282	180
peak_6598	chr18	10410336	10411554	.	1219	690	994	1048	886	812	616
peak_6599	chr18	10681769	10682560	.	792	500	882	894	894	1070	854
peak_6600	chr18	10797648	10798364	.	717	394	522	542	514	574	370
peak_6601	chr18	10893813	10894269	.	457	194	346	336	372	652	430
peak_6602	chr18	11272438	11272874	.	437	160	272	314	428	466	346
peak_6603	chr18	11323250	11323783	.	534	328	780	790	598	748	658
peak_6604	chr18	11668799	11669524	.	726	388	548	554	630	794	618
peak_6605	chr18	11700345	11700562	.	218	140	158	186	226	302	204
peak_6606	chr18	11742020	11743406	.	1387	870	1340	1226	1310	1554	1084
peak_6607	chr18	11857228	11857852	.	625	594	972	1026	786	986	704
peak_6608	chr18	11953124	11953752	.	629	408	682	670	698	820	594
peak_6609	chr18	11992114	11992475	.	362	220	406	524	326	444	262
peak_6610	chr18	11994719	11995718	.	1000	674	1426	1354	862	1144	854
peak_6611	chr18	12005063	12005479	.	417	392	668	596	478	730	488
peak_6612	chr18	12035475	12036756	.	1282	890	1506	1506	1302	1422	1070
peak_6613	chr18	12198914	12199073	.	160	34	112	100	100	178	134
peak_6614	chr18	12233122	12233945	.	824	656	1066	1104	1040	1502	900
peak_6615	chr18	12267080	12267993	.	914	558	706	626	548	596	430
peak_6616	chr18	12276188	12277618	.	1431	992	1488	1404	760	756	564
peak_6617	chr18	12283233	12283685	.	453	396	760	752	480	702	464
peak_6618	chr18	12376032	12378127	.	2096	2286	7800	7052	2998	4546	3088
peak_6619	chr18	12422931	12424150	.	1220	642	936	944	254	292	230
peak_6620	chr18	12599599	12600057	.	459	248	310	326	366	424	368
peak_6621	chr18	12638216	12638867	.	652	404	556	550	1032	958	674
peak_6622	chr18	12640443	12641001	.	559	320	490	582	662	804	500
peak_6623	chr18	12750179	12750962	.	784	738	1122	1282	1042	1150	884
peak_6624	chr18	12769957	12771214	.	1258	386	564	630	1530	1516	1000
peak_6625	chr18	12883068	12884620	.	1553	1480	3302	3804	1522	2416	1758
peak_6626	chr18	12890078	12890438	.	361	318	614	756	512	614	448
peak_6627	chr18	13244915	13245333	.	419	302	330	366	652	728	560
peak_6628	chr18	13299706	13300512	.	807	750	1304	1498	792	1070	662
peak_6629	chr18	13388726	13389983	.	1258	922	1244	1432	1266	1452	942
peak_6630	chr18	13445454	13447364	.	1911	2208	3536	4000	2792	3680	2642
peak_6631	chr18	13451643	13453513	.	1871	2426	3582	3686	2930	3580	2412
peak_6632	chr18	13556214	13557370	.	1157	500	564	696	902	968	656
peak_6633	chr18	13579855	13580809	.	955	1334	2348	2626	1818	2408	1818
peak_6634	chr18	13619557	13620755	.	1199	1310	2294	2506	1332	1378	1132
peak_6635	chr18	13710240	13710916	.	677	1578	2746	1996	2380	2870	1722
peak_6636	chr18	13726080	13727392	.	1313	1586	3658	3938	2168	2948	1926
peak_6637	chr18	13824961	13825653	.	693	892	1276	1186	682	584	404
peak_6638	chr18	13833274	13833692	.	419	416	560	736	492	594	440
peak_6639	chr18	13889703	13889921	.	219	202	300	290	326	398	312
peak_6640	chr18	13914319	13915148	.	830	618	694	772	932	938	670
peak_6641	chr18	13925316	13926031	.	716	584	882	990	778	1082	786
peak_6642	chr18	13998318	13999578	.	1261	1116	1560	1696	1338	1450	1078
peak_6643	chr18	14143888	14145596	.	1709	1298	2576	2566	1456	2196	1328
peak_6644	chr18	14147993	14148467	.	475	390	840	714	534	510	384
peak_6645	chr18	14149057	14150576	.	1520	834	1662	1498	696	842	598
peak_6646	chr18	14292133	14292424	.	292	162	218	196	218	212	178
peak_6647	chr18	14501739	14502863	.	1125	516	902	748	120	178	120
peak_6648	chr18	14503321	14504043	.	723	338	640	560	144	200	154
peak_6649	chr18	14767436	14767845	.	410	368	410	350	804	1046	656
peak_6650	chr18	14767916	14768589	.	674	228	344	326	664	718	468
peak_6651	chr18	14826875	14827390	.	516	352	616	516	938	1382	858
peak_6652	chr18	14867778	14868319	.	542	238	438	408	100	144	98
peak_6653	chr18	14934747	14935905	.	1159	704	884	768	1036	1250	762
peak_6654	chr18	14961994	14962385	.	392	244	472	474	666	894	608
peak_6655	chr18	14963172	14963932	.	761	582	826	938	602	830	504
peak_6656	chr18	14966740	14967193	.	454	352	556	518	586	856	522
peak_6657	chr18	14970060	14970495	.	436	644	930	854	622	852	508
peak_6658	chr18	14971070	14972110	.	1041	838	1450	1206	794	996	616
peak_6659	chr18	14992771	14993033	.	263	176	290	216	264	294	198
peak_6660	chr18	15002784	15005203	.	2420	1012	2100	1962	906	1012	670
peak_6661	chr18	21600173	21601246	.	1074	754	2214	2112	1114	1432	1010
peak_6662	chr18	21612192	21612732	.	541	384	990	1104	548	800	644
peak_6663	chr18	21672953	21673213	.	261	154	210	190	264	282	256
peak_6664	chr18	22337530	22338196	.	667	314	504	598	442	560	506
peak_6665	chr18	22558927	22560371	.	1445	570	1082	1112	616	902	590
peak_6666	chr18	23038707	23039034	.	328	154	170	226	326	442	218
peak_6667	chr18	23107327	23108044	.	718	538	902	706	838	944	592
peak_6668	chr18	23115682	23117250	.	1569	1132	1864	1814	1692	2260	1456
peak_6669	chr18	23422726	23423232	.	507	258	398	424	358	512	326
peak_6670	chr18	24836888	24837392	.	505	190	372	360	426	590	350
peak_6671	chr18	25737524	25738142	.	619	224	378	446	372	466	288
peak_6672	chr18	33493368	33494006	.	639	182	276	248	392	342	262
peak_6673	chr18	35142096	35142628	.	533	202	274	340	370	442	304
peak_6674	chr18	35383307	35383814	.	508	140	266	276	352	422	274
peak_6675	chr18	36301976	36302585	.	610	248	440	406	362	402	302
peak_6676	chr18	36309042	36310102	.	1061	466	978	810	458	550	384
peak_6677	chr18	36420158	36420626	.	469	196	328	368	304	304	334
peak_6678	chr18	37319012	37319665	.	654	322	590	548	406	492	408
peak_6679	chr18	37447151	37447487	.	337	148	238	278	246	282	194
peak_6680	chr18	37495359	37496089	.	731	298	490	612	402	402	354
peak_6681	chr18	37502895	37503570	.	676	316	466	504	286	334	262
peak_6682	chr18	37508167	37508981	.	815	416	686	754	560	768	632
peak_6683	chr18	37900505	37900894	.	390	174	236	222	288	420	232
peak_6684	chr18	39140424	39140795	.	372	76	134	124	206	290	194
peak_6685	chr18	39414342	39414682	.	341	96	256	196	234	292	206
peak_6686	chr18	40207384	40207720	.	337	86	140	182	284	316	240
peak_6687	chr18	41938907	41939242	.	336	150	184	214	254	312	198
peak_6688	chr18	45318143	45318545	.	403	186	322	302	284	378	296
peak_6689	chr18	45793119	45793663	.	545	152	336	384	432	638	354
peak_6690	chr18	45827775	45828161	.	387	174	392	362	298	398	250
peak_6691	chr18	45962514	45962755	.	242	158	204	152	270	386	208
peak_6692	chr18	46333183	46333787	.	605	226	366	384	298	376	260
peak_6693	chr18	46371006	46371549	.	544	154	264	298	348	470	300
peak_6694	chr18	46416633	46416964	.	332	220	226	274	344	326	252
peak_6695	chr18	47309489	47309899	.	411	144	248	326	278	266	220
peak_6696	chr18	47323149	47323498	.	350	98	130	196	166	242	180
peak_6697	chr18	48327040	48327649	.	610	270	534	656	370	522	380
peak_6698	chr18	48346222	48346472	.	251	120	188	228	168	188	132
peak_6699	chr18	48418023	48418895	.	873	294	718	778	754	844	662
peak_6700	chr18	48428429	48428863	.	435	170	276	300	260	360	236
peak_6701	chr18	48606230	48606590	.	361	130	248	196	212	198	172
peak_6702	chr18	48937468	48938036	.	569	232	456	442	406	488	358
peak_6703	chr18	48989223	48989525	.	303	208	316	338	196	364	298
peak_6704	chr18	49820320	49820634	.	315	72	142	142	170	236	158
peak_6705	chr18	49855594	49856548	.	955	312	600	636	416	590	398
peak_6706	chr18	49880683	49881020	.	338	92	120	96	140	150	130
peak_6707	chr18	49886688	49887652	.	965	568	768	804	944	1272	952
peak_6708	chr18	49920716	49921009	.	294	102	256	204	208	322	204
peak_6709	chr18	50135896	50136274	.	379	122	162	216	238	306	246
peak_6710	chr18	50287340	50288298	.	959	526	1266	1046	642	662	496
peak_6711	chr18	50578724	50579172	.	449	158	290	308	302	394	306
peak_6712	chr18	50699838	50700234	.	397	96	198	188	302	332	260
peak_6713	chr18	51667488	51668389	.	902	388	530	548	576	722	532
peak_6714	chr18	57816337	57816892	.	556	254	472	518	466	434	394
peak_6715	chr18	57996471	57997176	.	706	122	224	160	354	446	298
peak_6716	chr18	58213982	58214458	.	477	160	374	332	308	460	324
peak_6717	chr18	58315666	58316190	.	525	238	526	426	290	458	270
peak_6718	chr18	59038610	59039000	.	391	110	96	64	228	266	146
peak_6719	chr18	59087341	59087817	.	477	224	328	374	274	390	242
peak_6720	chr18	59123678	59124270	.	593	258	506	582	422	636	384
peak_6721	chr18	59469731	59470388	.	658	250	344	412	404	544	384
peak_6722	chr18	59620956	59621443	.	488	156	348	350	346	342	264
peak_6723	chr18	59829453	59829884	.	432	186	184	158	316	392	236
peak_6724	chr18	59929997	59930341	.	345	176	188	242	222	244	192
peak_6725	chr18	59993322	59993876	.	555	174	274	274	434	530	338
peak_6726	chr18	60053830	60054396	.	567	328	554	426	550	688	430
peak_6727	chr18	61997807	61998364	.	558	96	210	230	378	416	322
peak_6728	chr18	63161740	63162121	.	382	290	438	436	416	562	446
peak_6729	chr18	63233459	63233808	.	350	114	128	130	206	194	124
peak_6730	chr18	70234467	70234905	.	439	108	276	264	228	330	240
peak_6731	chr18	71897401	71897853	.	453	128	174	190	264	294	204
peak_6732	chr18	73721176	73721552	.	377	114	132	148	264	256	192
peak_6733	chr18	73832071	73832864	.	794	298	510	474	520	424	278
peak_6734	chr18	73892043	73892270	.	228	150	264	320	206	300	244
peak_6735	chr18	73893824	73894284	.	461	82	136	168	226	300	206
peak_6736	chr18	73945322	73946137	.	816	496	472	590	894	852	676
peak_6737	chr18	73950332	73950662	.	331	94	144	138	184	296	212
peak_6738	chr18	74249205	74249573	.	369	126	268	246	276	444	324
peak_6739	chr18	74429009	74429470	.	462	216	368	420	280	266	228
peak_6740	chr18	74541185	74541779	.	595	276	418	504	342	412	318
peak_6741	chr18	75070574	75071272	.	699	416	674	678	710	914	624
peak_6742	chr18	75358925	75359332	.	408	176	404	336	324	470	346
peak_6743	chr18	75361006	75362116	.	1111	368	572	510	508	650	488
peak_6744	chr18	75976479	75976957	.	479	162	212	184	258	334	220
peak_6745	chr18	75982308	75982852	.	545	190	310	346	408	444	432
peak_6746	chr18	76026166	76026970	.	805	356	450	506	750	1054	734
peak_6747	chr18	76405680	76406372	.	693	370	680	742	488	698	554
peak_6748	chr18	76445756	76446214	.	459	282	444	506	364	440	310
peak_6749	chr18	76692884	76693360	.	477	190	270	252	310	382	272
peak_6750	chr18	77020323	77021291	.	969	462	722	752	560	916	582
peak_6751	chr18	77036628	77036863	.	236	60	76	72	98	124	112
peak_6752	chr18	77043627	77044574	.	948	504	926	1026	732	918	584
peak_6753	chr18	77054616	77055432	.	817	464	878	760	560	766	430
peak_6754	chr18	77062584	77063124	.	541	246	406	406	440	530	364
peak_6755	chr18	77077934	77078343	.	410	402	824	802	782	1028	802
peak_6756	chr18	77082320	77082936	.	617	340	466	468	392	442	374
peak_6757	chr18	77088836	77089681	.	846	714	1252	1268	826	1182	906
peak_6758	chr18	77101397	77102418	.	1022	718	1406	1332	962	1304	906
peak_6759	chr18	77107988	77108439	.	452	298	374	494	508	736	450
peak_6760	chr18	77114308	77115383	.	1076	698	1104	1200	1252	1650	1096
peak_6761	chr18	77128224	77128863	.	640	304	456	330	494	592	418
peak_6762	chr18	77129168	77129514	.	347	410	664	768	602	802	546
peak_6763	chr18	77139791	77140499	.	709	316	526	582	490	630	424
peak_6764	chr18	77140689	77141185	.	497	526	724	862	732	1024	754
peak_6765	chr18	77162435	77163144	.	710	452	806	902	634	758	514
peak_6766	chr18	77207418	77207969	.	552	286	490	414	462	528	360
peak_6767	chr18	77209553	77210079	.	527	308	678	706	498	644	484
peak_6768	chr18	77299380	77300111	.	732	358	500	544	650	720	554
peak_6769	chr18	77360647	77360984	.	338	138	232	248	308	436	332
peak_6770	chr18	77736157	77736658	.	502	232	270	274	350	390	286
peak_6771	chr18	78130333	78131167	.	835	584	782	940	588	718	498
peak_6772	chr18	78165362	78165868	.	507	206	324	358	360	318	302
peak_6773	chr18	78402111	78402868	.	758	562	752	816	596	694	484
peak_6774	chr18	78403015	78403610	.	596	252	458	462	372	506	304
peak_6775	chr18	78439302	78440111	.	810	712	1080	1280	1070	1340	1070
peak_6776	chr18	78450031	78450612	.	582	214	366	440	514	572	504
peak_6777	chr18	78474034	78475918	.	1885	1092	1774	1990	1964	2432	1884
peak_6778	chr18	78493612	78493862	.	251	92	210	256	132	242	216
peak_6779	chr18	78494018	78494794	.	777	456	940	1074	810	1142	826
peak_6780	chr18	78507620	78508216	.	597	232	300	364	352	378	246
peak_6781	chr18	78508779	78509107	.	329	228	220	222	374	332	210
peak_6782	chr18	78511545	78513192	.	1648	1106	1652	1858	1198	1200	922
peak_6783	chr18	78561132	78561929	.	798	496	606	578	538	508	378
peak_6784	chr18	78573035	78573416	.	382	200	284	344	418	536	482
peak_6785	chr18	78587486	78588148	.	663	470	696	724	718	906	692
peak_6786	chr18	78601372	78602028	.	657	350	566	718	594	854	662
peak_6787	chr18	78631843	78632756	.	914	738	1218	1484	1292	1656	1332
peak_6788	chr18	78687606	78688168	.	563	224	458	472	368	408	344
peak_6789	chr18	78716844	78717301	.	458	288	466	516	480	490	324
peak_6790	chr18	78717396	78718302	.	907	420	620	674	786	884	706
peak_6791	chr18	78771442	78772314	.	873	578	842	896	396	394	260
peak_6792	chr18	78793972	78794494	.	523	412	596	732	460	582	442
peak_6793	chr18	79011090	79011918	.	829	470	640	766	666	1012	654
peak_6794	chr18	79046373	79047226	.	854	376	716	826	504	656	448
peak_6795	chr18	79055379	79056185	.	807	300	472	438	506	592	430
peak_6796	chr18	79326319	79326942	.	624	216	312	338	476	608	374
peak_6797	chr18	79632368	79633033	.	666	348	462	530	388	462	370
peak_6798	chr18	79678788	79680003	.	1216	390	1288	1136	512	784	510
peak_6799	chr18	80151224	80151573	.	350	248	278	306	368	352	300
peak_6800	chr18	80179077	80179702	.	626	338	764	822	332	532	334
peak_6801	chr18	80182087	80182443	.	357	198	320	410	216	324	242
peak_6802	chr18	80205320	80205797	.	478	238	488	404	512	612	468
peak_6803	chr18	80232584	80234184	.	1601	784	1358	1404	952	1074	732
peak_6804	chr19	393066	393599	.	534	146	372	372	248	308	250
peak_6805	chr19	459720	460411	.	692	296	464	574	294	420	272
peak_6806	chr19	680321	681194	.	874	578	1844	1412	966	1256	812
peak_6807	chr19	985683	986188	.	506	190	490	406	304	376	276
peak_6808	chr19	1450919	1451624	.	706	324	680	658	374	574	376
peak_6809	chr19	1794497	1795288	.	792	282	552	528	366	630	310
peak_6810	chr19	1897550	1898038	.	489	298	624	510	332	512	342
peak_6811	chr19	2060367	2061920	.	1554	642	1420	1410	530	776	576
peak_6812	chr19	2385052	2385687	.	636	270	526	530	290	536	332
peak_6813	chr19	2387780	2388347	.	568	328	406	402	252	320	198
peak_6814	chr19	2426624	2428089	.	1466	578	1256	1384	650	1130	580
peak_6815	chr19	2452618	2454104	.	1487	592	1282	1420	846	1488	988
peak_6816	chr19	2550808	2551276	.	469	214	488	526	366	304	280
peak_6817	chr19	2627318	2628194	.	877	434	1096	894	858	1090	832
peak_6818	chr19	3171840	3172861	.	1022	448	812	804	632	776	538
peak_6819	chr19	3176085	3177602	.	1518	632	1360	1084	670	932	570
peak_6820	chr19	3450810	3451872	.	1063	602	1166	866	988	1246	826
peak_6821	chr19	3509547	3510006	.	460	194	438	474	216	324	254
peak_6822	chr19	3700580	3701080	.	501	220	386	342	308	484	254
peak_6823	chr19	3710333	3710652	.	320	124	360	362	254	352	218
peak_6824	chr19	4169936	4170363	.	428	208	270	358	292	350	228
peak_6825	chr19	4367889	4368809	.	921	362	810	858	522	740	504
peak_6826	chr19	4471590	4472193	.	604	714	2008	1484	856	1132	704
peak_6827	chr19	4712594	4713916	.	1323	358	806	828	414	770	466
peak_6828	chr19	4773112	4773827	.	716	300	644	600	366	562	420
peak_6829	chr19	4791221	4792273	.	1053	694	1886	1274	662	972	688
peak_6830	chr19	4977773	4978484	.	712	292	734	702	434	632	414
peak_6831	chr19	4981246	4982048	.	803	306	540	620	432	714	518
peak_6832	chr19	5457493	5458129	.	637	150	360	332	316	406	280
peak_6833	chr19	5461470	5461910	.	441	112	148	174	190	282	212
peak_6834	chr19	5563946	5564430	.	485	258	508	440	370	560	316
peak_6835	chr19	5577783	5578221	.	439	190	318	334	308	418	310
peak_6836	chr19	5720101	5720863	.	763	408	1340	1078	648	912	620
peak_6837	chr19	5790568	5791365	.	798	546	1232	1072	680	778	488
peak_6838	chr19	5826567	5827004	.	438	172	358	404	228	420	254
peak_6839	chr19	5977510	5978574	.	1065	310	1264	934	376	548	396
peak_6840	chr19	6060692	6061236	.	545	194	440	320	320	416	304
peak_6841	chr19	6092428	6092845	.	418	252	516	458	304	402	258
peak_6842	chr19	6132356	6134048	.	1693	494	844	706	854	938	556
peak_6843	chr19	6372294	6372963	.	670	452	1050	798	508	496	400
peak_6844	chr19	6424743	6425651	.	909	796	1994	1614	1114	1432	992
peak_6845	chr19	6480807	6481245	.	439	294	356	316	276	336	240
peak_6846	chr19	6590316	6591304	.	989	534	1182	1264	578	812	518
peak_6847	chr19	6661582	6662025	.	444	196	240	266	258	394	258
peak_6848	chr19	6736297	6736971	.	675	238	668	562	334	480	304
peak_6849	chr19	7257217	7257494	.	278	90	320	184	192	256	190
peak_6850	chr19	7350205	7350734	.	530	268	334	474	236	242	210
peak_6851	chr19	7373883	7374418	.	536	180	310	278	326	378	304
peak_6852	chr19	7679367	7680841	.	1475	590	942	900	816	946	594
peak_6853	chr19	7751244	7751816	.	573	178	320	354	306	408	234
peak_6854	chr19	7868646	7871633	.	2988	896	2566	2216	954	1400	968
peak_6855	chr19	7943125	7944886	.	1762	760	2168	1766	870	1332	890
peak_6856	chr19	7978172	7978708	.	537	132	288	340	286	510	404
peak_6857	chr19	8117435	8118043	.	609	234	396	306	316	390	352
peak_6858	chr19	8441886	8442373	.	488	214	326	364	268	342	210
peak_6859	chr19	8609675	8610641	.	967	284	650	632	410	550	366
peak_6860	chr19	9927493	9927980	.	488	114	144	208	202	236	152
peak_6861	chr19	9945376	9945873	.	498	310	666	644	388	612	396
peak_6862	chr19	10000392	10000868	.	477	242	272	362	172	170	154
peak_6863	chr19	10004613	10005185	.	573	180	338	344	316	414	244
peak_6864	chr19	10008283	10009146	.	864	352	732	666	534	788	496
peak_6865	chr19	10052333	10053109	.	777	334	600	660	454	544	386
peak_6866	chr19	10067857	10068488	.	632	288	532	396	378	438	310
peak_6867	chr19	10069078	10069958	.	881	352	630	484	468	632	446
peak_6868	chr19	10166025	10166501	.	477	132	248	256	232	262	234
peak_6869	chr19	10334481	10336035	.	1555	490	1044	1066	584	708	568
peak_6870	chr19	10363397	10364314	.	918	414	688	638	660	832	664
peak_6871	chr19	10653663	10654682	.	1020	924	1980	1520	1168	1820	998
peak_6872	chr19	10717409	10718128	.	720	656	1700	1122	658	910	592
peak_6873	chr19	10748737	10749410	.	674	292	612	562	356	462	370
peak_6874	chr19	10801971	10804243	.	2273	674	1150	1068	364	340	288
peak_6875	chr19	10852031	10853000	.	970	428	586	674	476	576	384
peak_6876	chr19	10863274	10863872	.	599	446	992	864	696	936	724
peak_6877	chr19	10914764	10915904	.	1141	386	820	848	532	744	538
peak_6878	chr19	11168610	11168916	.	307	168	270	220	224	240	186
peak_6879	chr19	11346283	11346955	.	673	434	692	742	486	652	448
peak_6880	chr19	11353375	11354357	.	983	436	704	676	468	600	432
peak_6881	chr19	11374523	11375219	.	697	450	1124	1030	482	702	454
peak_6882	chr19	11558316	11559728	.	1413	416	928	1022	514	626	476
peak_6883	chr19	12932506	12933888	.	1383	504	1048	1098	614	688	484
peak_6884	chr19	12984279	12986034	.	1756	672	1278	1326	918	1262	856
peak_6885	chr19	12991429	12992015	.	587	198	328	340	220	300	198
peak_6886	chr19	13034074	13034588	.	515	306	424	598	234	402	330
peak_6887	chr19	13050597	13051900	.	1304	594	1122	1090	572	784	554
peak_6888	chr19	13121563	13122471	.	909	254	472	462	292	298	188
peak_6889	chr19	13794955	13795450	.	496	348	1108	890	448	506	362
peak_6890	chr19	13850842	13851838	.	997	514	1244	1020	642	962	620
peak_6891	chr19	13858386	13859017	.	632	276	554	414	368	508	314
peak_6892	chr19	14256007	14256404	.	398	128	264	260	288	362	210
peak_6893	chr19	14519822	14520622	.	801	488	736	688	358	446	288
peak_6894	chr19	14571681	14572304	.	624	286	518	606	296	328	228
peak_6895	chr19	14585234	14585527	.	294	212	430	306	268	458	288
peak_6896	chr19	15505934	15506697	.	764	432	628	564	602	984	538
peak_6897	chr19	15790120	15790810	.	691	368	562	632	414	454	334
peak_6898	chr19	16025752	16026029	.	278	136	306	292	138	264	214
peak_6899	chr19	16379403	16380153	.	751	238	350	350	364	546	324
peak_6900	chr19	16457276	16458144	.	869	322	768	774	370	574	352
peak_6901	chr19	16462858	16463307	.	450	184	426	410	242	442	304
peak_6902	chr19	16584334	16584782	.	449	208	370	412	260	398	290
peak_6903	chr19	16628249	16628600	.	352	238	808	644	318	600	354
peak_6904	chr19	16660121	16662022	.	1902	524	1668	1368	612	840	596
peak_6905	chr19	16671454	16671900	.	447	202	316	344	276	390	280
peak_6906	chr19	16801323	16801923	.	601	186	364	458	292	386	286
peak_6907	chr19	16823187	16823510	.	324	104	254	172	206	352	190
peak_6908	chr19	17079633	17080609	.	977	422	724	942	528	568	472
peak_6909	chr19	17212754	17213300	.	547	204	366	360	352	456	274
peak_6910	chr19	17226162	17226643	.	482	394	1170	1040	478	768	498
peak_6911	chr19	17305364	17306282	.	919	494	1644	1216	506	810	526
peak_6912	chr19	17461440	17461749	.	310	104	182	162	162	224	134
peak_6913	chr19	17605689	17607181	.	1493	616	1358	1318	636	974	656
peak_6914	chr19	17801781	17802378	.	598	270	368	392	346	464	338
peak_6915	chr19	18021981	18022720	.	740	374	588	598	402	506	304
peak_6916	chr19	18153938	18154718	.	781	342	476	486	320	326	212
peak_6917	chr19	18172991	18174700	.	1710	718	1384	1526	828	1092	738
peak_6918	chr19	18202908	18203888	.	981	342	628	636	464	704	424
peak_6919	chr19	18230799	18231710	.	912	510	908	830	488	666	508
peak_6920	chr19	18245447	18245803	.	357	122	220	218	154	290	168
peak_6921	chr19	18293338	18293935	.	598	248	632	558	386	486	390
peak_6922	chr19	18373761	18374784	.	1024	436	882	816	544	826	546
peak_6923	chr19	18461866	18462324	.	459	152	350	440	360	520	340
peak_6924	chr19	18478100	18478724	.	625	276	526	594	336	522	308
peak_6925	chr19	18520967	18522716	.	1750	1142	4102	3078	1278	1654	1100
peak_6926	chr19	18556915	18557293	.	379	182	326	248	210	234	172
peak_6927	chr19	18572737	18573968	.	1232	374	690	532	462	630	330
peak_6928	chr19	18698612	18699464	.	853	326	416	466	452	508	334
peak_6929	chr19	18820880	18821464	.	585	300	440	456	390	438	314
peak_6930	chr19	19034322	19034717	.	396	310	502	480	382	566	308
peak_6931	chr19	19213571	19214556	.	986	320	652	584	520	476	404
peak_6932	chr19	19591123	19591531	.	409	196	388	360	234	342	268
peak_6933	chr19	21878442	21879591	.	1150	220	318	346	416	578	452
peak_6934	chr19	27671075	27673292	.	2218	2142	2502	2698	1768	1954	1438
peak_6935	chr19	27718880	27720610	.	1731	1284	1588	1590	1190	1464	880
peak_6936	chr19	27858967	27862406	.	3440	2946	4050	3912	2302	2884	1840
peak_6937	chr19	27865971	27866815	.	845	786	900	696	474	564	342
peak_6938	chr19	27891088	27891907	.	820	548	924	940	728	830	568
peak_6939	chr19	27904998	27905935	.	938	584	1062	1034	590	610	386
peak_6940	chr19	28001574	28001812	.	239	58	156	180	226	282	212
peak_6941	chr19	28009500	28009978	.	479	254	468	440	374	584	368
peak_6942	chr19	28032615	28033132	.	518	194	268	400	374	432	288
peak_6943	chr19	28039559	28040230	.	672	230	448	554	420	384	348
peak_6944	chr19	28075330	28075815	.	486	338	508	504	432	450	284
peak_6945	chr19	28171694	28172893	.	1200	542	882	1060	1052	1262	926
peak_6946	chr19	28197030	28197855	.	826	738	1242	1308	992	1046	682
peak_6947	chr19	28229763	28230628	.	866	816	1238	1302	1464	2068	1566
peak_6948	chr19	28351761	28352461	.	701	296	506	676	708	778	554
peak_6949	chr19	28468700	28469118	.	419	598	1308	1246	794	1210	1032
peak_6950	chr19	28472848	28473793	.	946	554	736	842	728	922	598
peak_6951	chr19	28512367	28512968	.	602	398	570	680	676	670	526
peak_6952	chr19	28514119	28514590	.	472	326	542	548	476	574	392
peak_6953	chr19	28552793	28553267	.	475	232	368	456	412	528	376
peak_6954	chr19	28746501	28746840	.	340	182	410	412	388	510	330
peak_6955	chr19	28838770	28839475	.	706	668	888	996	770	810	650
peak_6956	chr19	28862730	28863741	.	1012	568	784	774	388	534	354
peak_6957	chr19	28883112	28883801	.	690	538	952	922	692	1058	674
peak_6958	chr19	28892594	28892917	.	324	278	408	482	422	424	370
peak_6959	chr19	28913381	28914774	.	1394	1060	1686	1778	1470	1730	1324
peak_6960	chr19	28961001	28961596	.	596	556	632	608	812	956	590
peak_6961	chr19	28971431	28971796	.	366	166	180	270	248	318	234
peak_6962	chr19	28988783	28990042	.	1260	690	1004	1058	644	738	464
peak_6963	chr19	28990154	28991037	.	884	664	1072	1218	560	714	432
peak_6964	chr19	29056201	29056886	.	686	656	1080	1360	716	902	614
peak_6965	chr19	29058360	29059155	.	796	620	750	884	750	612	466
peak_6966	chr19	29117990	29118780	.	791	600	910	984	428	516	390
peak_6967	chr19	29127883	29130033	.	2151	2038	2676	2840	3334	4020	3070
peak_6968	chr19	29247890	29248358	.	469	352	720	772	522	686	508
peak_6969	chr19	29271066	29272242	.	1177	980	1410	1624	1594	1840	1354
peak_6970	chr19	29293257	29293724	.	468	404	840	894	562	886	652
peak_6971	chr19	29293893	29294803	.	911	804	1578	1478	1022	1438	1024
peak_6972	chr19	29308135	29309488	.	1354	1326	2460	2548	1392	1850	1204
peak_6973	chr19	29387367	29388000	.	634	542	868	900	706	864	622
peak_6974	chr19	29389047	29389725	.	679	706	1002	1132	858	1014	762
peak_6975	chr19	29400556	29401886	.	1331	1238	2752	2844	1522	2208	1464
peak_6976	chr19	29403795	29404352	.	558	418	976	918	494	660	536
peak_6977	chr19	29412776	29414425	.	1650	1356	2284	2624	1202	1438	1018
peak_6978	chr19	29419744	29421580	.	1837	1350	2112	2134	1828	2248	1462
peak_6979	chr19	29422949	29424127	.	1179	634	790	826	926	1268	922
peak_6980	chr19	29434087	29434548	.	462	372	520	576	512	518	434
peak_6981	chr19	29487170	29487801	.	632	328	472	432	556	824	508
peak_6982	chr19	29499352	29500953	.	1602	1344	2472	2542	1368	1646	1296
peak_6983	chr19	29516970	29518497	.	1528	1222	2026	2074	1036	978	758
peak_6984	chr19	29520105	29520904	.	800	752	1228	1212	664	836	584
peak_6985	chr19	29524430	29525857	.	1428	904	1798	2054	988	1142	794
peak_6986	chr19	29634787	29635568	.	782	482	790	800	632	516	456
peak_6987	chr19	29662633	29663609	.	977	874	1820	1632	802	1008	744
peak_6988	chr19	29671464	29672112	.	649	710	1638	1542	998	1684	1144
peak_6989	chr19	29694646	29696853	.	2208	1442	2096	2378	2300	2506	1718
peak_6990	chr19	29718714	29719050	.	337	160	172	170	294	224	162
peak_6991	chr19	29725543	29726005	.	463	314	450	486	294	506	302
peak_6992	chr19	29735709	29736143	.	435	646	692	724	642	638	424
peak_6993	chr19	29744301	29745054	.	754	502	682	804	200	218	162
peak_6994	chr19	29746541	29747244	.	704	424	738	718	340	316	224
peak_6995	chr19	29752225	29752945	.	721	548	778	860	364	488	260
peak_6996	chr19	29772545	29773497	.	953	794	1266	1290	906	1172	976
peak_6997	chr19	29805323	29805928	.	606	374	686	718	710	760	558
peak_6998	chr19	29819994	29820346	.	353	172	326	400	390	572	340
peak_6999	chr19	29826376	29826612	.	237	238	376	284	376	364	278
peak_7000	chr19	29831025	29831611	.	587	562	778	886	430	496	336
peak_7001	chr19	30064788	30067671	.	2884	1880	3404	3670	2100	2614	2002
peak_7002	chr19	30076888	30077541	.	654	586	1282	1336	854	1272	836
peak_7003	chr19	30092902	30093533	.	632	596	1206	1214	674	898	802
peak_7004	chr19	30093758	30096151	.	2394	1616	2640	2678	1344	1302	1066
peak_7005	chr19	30131179	30133367	.	2189	1258	2014	1902	836	880	630
peak_7006	chr19	30151918	30152275	.	358	350	408	488	512	656	466
peak_7007	chr19	30169743	30170809	.	1067	682	1034	894	994	1108	690
peak_7008	chr19	30171128	30173420	.	2293	1436	2386	2474	1230	1418	1004
peak_7009	chr19	30262073	30262720	.	648	474	814	834	604	876	650
peak_7010	chr19	30264975	30265502	.	528	468	844	766	630	770	516
peak_7011	chr19	30277695	30278490	.	796	544	844	934	780	724	644
peak_7012	chr19	30284183	30284778	.	596	384	598	618	410	484	418
peak_7013	chr19	30457288	30458185	.	898	468	698	666	350	394	306
peak_7014	chr19	30579160	30579682	.	523	218	270	252	384	342	278
peak_7015	chr19	30627784	30628425	.	642	422	1010	1104	716	836	764
peak_7016	chr19	30672963	30673673	.	711	272	524	566	472	616	464
peak_7017	chr19	31252288	31252693	.	406	148	250	302	378	486	364
peak_7018	chr19	31297901	31298180	.	280	148	210	164	200	308	176
peak_7019	chr19	31339362	31339617	.	256	72	214	192	158	206	170
peak_7020	chr19	31448202	31448583	.	382	164	362	340	254	330	246
peak_7021	chr19	31784717	31785087	.	371	274	360	452	316	430	324
peak_7022	chr19	31899399	31900212	.	814	344	480	528	540	798	432
peak_7023	chr19	31976434	31977140	.	707	344	456	594	390	610	376
peak_7024	chr19	32201627	32202024	.	398	194	378	380	296	338	216
peak_7025	chr19	32674959	32676047	.	1089	858	2366	1962	916	1378	878
peak_7026	chr19	32691385	32691885	.	501	358	664	616	364	470	374
peak_7027	chr19	32748062	32748563	.	502	186	368	412	308	464	230
peak_7028	chr19	33175923	33178025	.	2103	1160	2770	2514	1178	1862	1142
peak_7029	chr19	33248668	33249789	.	1122	652	1330	1384	766	1060	710
peak_7030	chr19	33273984	33274606	.	623	368	540	612	484	660	540
peak_7031	chr19	33279635	33280415	.	781	324	561	590	152	198	166
peak_7032	chr19	33290952	33291455	.	504	404	690	782	444	552	434
peak_7033	chr19	33360739	33361762	.	1024	440	542	598	336	400	278
peak_7034	chr19	33387410	33387865	.	456	296	326	354	368	336	312
peak_7035	chr19	33402439	33403984	.	1546	832	1602	1736	870	1188	814
peak_7036	chr19	33501878	33502429	.	552	424	644	652	480	588	418
peak_7037	chr19	33540507	33542110	.	1604	620	1150	1200	682	806	596
peak_7038	chr19	33550818	33551302	.	485	328	392	484	292	276	226
peak_7039	chr19	33628041	33631942	.	3902	1454	2448	2630	1184	1218	1012
peak_7040	chr19	33686523	33687452	.	930	522	1150	1126	578	756	486
peak_7041	chr19	33690378	33691385	.	1008	676	1300	1308	778	1228	898
peak_7042	chr19	33702685	33703441	.	757	324	840	916	438	674	540
peak_7043	chr19	33705583	33706657	.	1075	556	874	886	674	916	602
peak_7044	chr19	33714534	33715890	.	1357	376	612	744	724	910	662
peak_7045	chr19	33719615	33720336	.	722	450	684	856	504	680	470
peak_7046	chr19	33722598	33727626	.	5029	2496	4378	4394	2162	2886	2028
peak_7047	chr19	33749482	33750073	.	592	326	630	600	316	548	278
peak_7048	chr19	33755123	33755678	.	556	360	524	738	460	594	398
peak_7049	chr19	33761690	33762861	.	1172	658	1166	1274	950	1138	886
peak_7050	chr19	33763796	33764482	.	687	444	858	944	432	554	486
peak_7051	chr19	33771584	33778871	.	7288	3512	6600	6838	3802	4520	3266
peak_7052	chr19	33801287	33801919	.	633	368	700	774	476	474	332
peak_7053	chr19	34171921	34172465	.	545	318	648	748	380	590	420
peak_7054	chr19	34591128	34592244	.	1117	440	902	806	564	798	466
peak_7055	chr19	34595787	34596679	.	893	392	620	644	354	450	298
peak_7056	chr19	34853108	34853535	.	428	222	314	320	368	408	298
peak_7057	chr19	35136954	35137562	.	609	314	508	422	438	432	344
peak_7058	chr19	35154446	35156034	.	1589	586	1160	1094	498	518	416
peak_7059	chr19	35175828	35176157	.	330	180	190	320	274	368	244
peak_7060	chr19	35213942	35214590	.	649	412	828	698	486	790	436
peak_7061	chr19	35215951	35216691	.	741	264	504	572	532	666	476
peak_7062	chr19	35290294	35291854	.	1561	772	1344	1338	730	914	646
peak_7063	chr19	35318938	35319550	.	613	444	1234	974	762	1060	676
peak_7064	chr19	35388608	35388968	.	361	174	234	266	540	540	374
peak_7065	chr19	35561064	35561827	.	764	498	810	792	648	730	468
peak_7066	chr19	35604174	35604802	.	629	218	320	276	338	458	286
peak_7067	chr19	35612536	35613523	.	988	466	856	882	482	730	414
peak_7068	chr19	35673344	35673825	.	482	246	622	682	354	586	370
peak_7069	chr19	35696975	35697291	.	317	90	208	194	218	228	216
peak_7070	chr19	35702123	35703689	.	1567	932	1976	2240	1006	1414	982
peak_7071	chr19	35740281	35741359	.	1079	530	1044	1012	488	646	408
peak_7072	chr19	35834020	35834871	.	852	488	706	746	808	980	662
peak_7073	chr19	35835334	35835789	.	456	342	480	466	334	412	268
peak_7074	chr19	35852333	35852939	.	607	282	452	562	142	154	110
peak_7075	chr19	35931320	35932285	.	966	1094	2984	2314	1206	1548	1078
peak_7076	chr19	36054003	36054934	.	932	1064	2392	2312	1540	2164	1422
peak_7077	chr19	36090813	36091647	.	835	410	580	598	474	698	404
peak_7078	chr19	36182626	36183540	.	915	470	676	614	596	684	504
peak_7079	chr19	36213711	36214480	.	770	570	766	682	642	806	514
peak_7080	chr19	36488736	36489742	.	1007	512	1004	1110	752	998	594
peak_7081	chr19	36849634	36850375	.	742	392	666	848	568	596	490
peak_7082	chr19	37991340	37992481	.	1142	666	1058	1336	882	1310	964
peak_7083	chr19	38062678	38063225	.	548	302	644	600	656	878	632
peak_7084	chr19	38171929	38173083	.	1155	588	1126	1204	724	810	676
peak_7085	chr19	38184382	38185354	.	973	500	888	910	590	730	526
peak_7086	chr19	38300566	38301104	.	539	382	828	804	462	766	446
peak_7087	chr19	38370190	38370833	.	644	394	748	814	568	730	474
peak_7088	chr19	38421908	38422695	.	788	442	572	636	352	368	280
peak_7089	chr19	38442783	38444238	.	1456	552	1198	1074	834	1108	772
peak_7090	chr19	38515244	38515982	.	739	410	726	888	558	642	436
peak_7091	chr19	38562031	38563242	.	1212	494	906	880	720	890	634
peak_7092	chr19	38683564	38684694	.	1131	618	1286	1038	782	964	664
peak_7093	chr19	38693487	38694136	.	650	532	988	884	508	622	428
peak_7094	chr19	38707394	38708325	.	932	444	732	838	576	676	522
peak_7095	chr19	38785176	38785689	.	514	296	450	476	382	524	310
peak_7096	chr19	38849937	38850737	.	801	1118	3480	2612	1500	1884	1320
peak_7097	chr19	38865666	38866518	.	853	394	626	612	334	314	280
peak_7098	chr19	38898888	38900371	.	1484	1144	2680	2430	1152	1606	1000
peak_7099	chr19	38962253	38962638	.	386	194	304	338	368	376	296
peak_7100	chr19	38988967	38989599	.	633	486	796	792	448	668	398
peak_7101	chr19	39070786	39071315	.	530	232	448	544	342	376	310
peak_7102	chr19	39112374	39112661	.	288	114	282	340	230	290	184
peak_7103	chr19	39154794	39155647	.	854	234	454	553	104	66	100
peak_7104	chr19	39198793	39199455	.	663	290	562	582	366	454	344
peak_7105	chr19	39219688	39220348	.	661	268	476	486	474	694	430
peak_7106	chr19	39258340	39258629	.	290	88	156	144	202	276	180
peak_7107	chr19	39270187	39271482	.	1296	702	1062	1076	620	598	418
peak_7108	chr19	39401447	39402786	.	1340	886	1764	1962	1138	1542	1070
peak_7109	chr19	39430712	39431699	.	988	444	876	878	666	870	636
peak_7110	chr19	39602723	39603542	.	820	326	640	652	516	654	492
peak_7111	chr19	39637802	39638541	.	740	400	718	708	738	1044	806
peak_7112	chr19	39639732	39640371	.	640	302	464	528	372	614	378
peak_7113	chr19	39643652	39644244	.	593	294	472	534	626	732	614
peak_7114	chr19	39655879	39656784	.	906	302	628	582	486	630	470
peak_7115	chr19	39679209	39680360	.	1152	516	874	928	690	964	656
peak_7116	chr19	39691795	39692703	.	909	350	770	688	664	782	640
peak_7117	chr19	39727951	39728516	.	566	264	556	598	444	554	424
peak_7118	chr19	39736962	39737816	.	855	488	606	748	782	1018	772
peak_7119	chr19	39863247	39863856	.	610	242	360	436	402	472	344
peak_7120	chr19	39889954	39890450	.	497	286	614	628	222	290	220
peak_7121	chr19	40262392	40263348	.	957	398	672	712	500	684	482
peak_7122	chr19	40348390	40348750	.	361	378	1574	1436	660	1016	582
peak_7123	chr19	40403479	40404463	.	985	434	1302	1104	514	634	430
peak_7124	chr19	40425451	40426624	.	1174	786	2454	1838	812	1168	732
peak_7125	chr19	40465681	40466796	.	1116	794	1856	1828	1268	1886	1214
peak_7126	chr19	40594550	40595154	.	605	314	692	578	494	556	484
peak_7127	chr19	40632413	40632773	.	361	240	282	274	404	434	260
peak_7128	chr19	40684580	40685479	.	900	458	842	816	660	814	588
peak_7129	chr19	40687056	40689457	.	2402	1776	1876	1946	1748	2100	1324
peak_7130	chr19	40718738	40719794	.	1057	402	982	1054	596	884	606
peak_7131	chr19	40741914	40742309	.	396	236	492	522	282	298	268
peak_7132	chr19	40750499	40750851	.	353	626	1810	1466	848	1468	808
peak_7133	chr19	40798716	40799302	.	587	418	1656	1282	530	1010	572
peak_7134	chr19	40803430	40804621	.	1192	534	982	1002	482	546	352
peak_7135	chr19	40831867	40832189	.	323	244	460	284	346	564	248
peak_7136	chr19	40901815	40902555	.	741	332	492	558	472	630	452
peak_7137	chr19	40902864	40903052	.	189	86	124	58	142	136	100
peak_7138	chr19	41047900	41048365	.	466	286	458	416	340	448	288
peak_7139	chr19	41165180	41165932	.	753	350	494	628	446	538	370
peak_7140	chr19	41223486	41224999	.	1514	740	1530	1466	970	1434	860
peak_7141	chr19	41318683	41319582	.	900	562	918	856	772	970	634
peak_7142	chr19	41326394	41326698	.	305	284	346	340	250	308	248
peak_7143	chr19	41327654	41329110	.	1457	878	1620	1800	980	1260	908
peak_7144	chr19	41379970	41380678	.	709	442	756	710	754	1092	650
peak_7145	chr19	41404776	41405228	.	453	192	308	326	360	382	296
peak_7146	chr19	41452634	41453342	.	709	430	728	826	556	640	396
peak_7147	chr19	41687911	41689148	.	1238	474	886	888	450	564	328
peak_7148	chr19	41690745	41691801	.	1057	704	1336	1288	848	1046	842
peak_7149	chr19	41699205	41700206	.	1002	508	736	828	652	732	512
peak_7150	chr19	41758745	41759341	.	597	400	714	896	532	656	570
peak_7151	chr19	41762746	41763015	.	270	162	276	286	198	308	164
peak_7152	chr19	41792386	41792849	.	464	386	664	588	386	430	318
peak_7153	chr19	41876407	41877051	.	645	360	584	590	422	572	352
peak_7154	chr19	41986821	41987777	.	957	596	818	768	676	938	606
peak_7155	chr19	41993567	41994340	.	774	306	890	1142	484	756	568
peak_7156	chr19	41994831	41995702	.	872	584	794	842	752	842	536
peak_7157	chr19	42023490	42025210	.	1721	798	1658	1480	626	784	588
peak_7158	chr19	42050711	42053134	.	2424	1440	2350	2320	1294	1508	1018
peak_7159	chr19	42133148	42134076	.	929	564	896	1086	608	868	552
peak_7160	chr19	42153170	42153839	.	670	434	710	646	434	604	382
peak_7161	chr19	42166159	42166726	.	568	240	362	402	332	410	292
peak_7162	chr19	42167593	42168684	.	1092	830	1264	1202	776	1088	716
peak_7163	chr19	42189172	42189457	.	286	164	236	242	242	314	250
peak_7164	chr19	42191758	42192421	.	664	416	688	676	766	916	660
peak_7165	chr19	42203911	42204525	.	615	230	372	452	400	490	320
peak_7166	chr19	42206236	42208425	.	2190	1316	2512	2396	1464	1720	1248
peak_7167	chr19	42217756	42218256	.	501	498	1256	1088	682	860	578
peak_7168	chr19	42242575	42243418	.	844	774	2394	1864	808	1114	784
peak_7169	chr19	42268065	42269248	.	1184	1158	3548	3042	1366	2008	1364
peak_7170	chr19	42270710	42271688	.	979	690	1230	1160	932	1202	726
peak_7171	chr19	42282895	42284382	.	1488	714	2002	1792	934	1338	888
peak_7172	chr19	42446989	42447329	.	341	106	142	106	200	392	180
peak_7173	chr19	42547009	42548328	.	1320	732	1304	1316	1004	1384	1004
peak_7174	chr19	42596070	42597056	.	987	562	1212	1152	760	1080	740
peak_7175	chr19	42655655	42656007	.	353	184	316	384	234	306	276
peak_7176	chr19	42851438	42851762	.	325	210	452	318	280	372	258
peak_7177	chr19	42875571	42875795	.	225	82	188	126	128	268	150
peak_7178	chr19	42876516	42876999	.	484	270	494	450	408	576	340
peak_7179	chr19	42913537	42913986	.	450	158	162	158	248	318	248
peak_7180	chr19	42919585	42920080	.	496	294	548	608	462	570	352
peak_7181	chr19	42932334	42932718	.	385	220	384	302	358	390	294
peak_7182	chr19	42932939	42933261	.	323	174	278	152	254	348	208
peak_7183	chr19	43022181	43022632	.	452	158	316	220	248	470	256
peak_7184	chr19	43041058	43041531	.	474	120	200	224	218	328	146
peak_7185	chr19	43077848	43078231	.	384	158	360	304	326	544	306
peak_7186	chr19	43201354	43201793	.	440	164	288	200	298	446	204
peak_7187	chr19	43224193	43224828	.	636	266	422	402	566	746	432
peak_7188	chr19	43265400	43266042	.	643	272	464	394	310	322	254
peak_7189	chr19	43286049	43286487	.	439	120	206	224	212	380	262
peak_7190	chr19	43286554	43286714	.	161	62	98	62	144	172	128
peak_7191	chr19	43305699	43306603	.	905	658	1222	1218	1012	1314	938
peak_7192	chr19	43319614	43320280	.	667	186	248	250	352	480	308
peak_7193	chr19	43365770	43366024	.	255	130	244	288	204	370	184
peak_7194	chr19	43602555	43602973	.	419	124	134	128	302	246	230
peak_7195	chr19	43668321	43669128	.	808	1336	4348	3110	1540	2010	1274
peak_7196	chr19	43780690	43781547	.	858	598	1180	1142	710	910	660
peak_7197	chr19	44697374	44698919	.	1546	586	956	1018	306	250	244
peak_7198	chr19	44806767	44807636	.	870	578	1030	1102	732	894	650
peak_7199	chr19	44890370	44891534	.	1165	808	2860	2230	1256	1600	1022
peak_7200	chr19	45006478	45007183	.	706	246	384	380	388	544	330
peak_7201	chr19	45056693	45057779	.	1087	474	960	1038	272	368	270
peak_7202	chr19	45076497	45076766	.	270	168	336	328	242	390	236
peak_7203	chr19	45097805	45098976	.	1172	662	1248	1264	842	1216	842
peak_7204	chr19	45100776	45102206	.	1431	690	1394	1538	764	1102	630
peak_7205	chr19	45126794	45127276	.	483	306	394	450	410	592	400
peak_7206	chr19	45133530	45134036	.	507	224	500	448	356	496	344
peak_7207	chr19	45154076	45154829	.	754	538	900	986	614	838	570
peak_7208	chr19	45177837	45180037	.	2201	2994	6134	4936	3228	4332	2502
peak_7209	chr19	45241535	45242085	.	551	326	466	446	178	196	192
peak_7210	chr19	45321091	45323377	.	2287	906	1752	1900	774	968	648
peak_7211	chr19	45340894	45341543	.	650	336	490	524	368	598	410
peak_7212	chr19	45455644	45456632	.	989	772	1946	1806	1022	1406	962
peak_7213	chr19	45584257	45585081	.	825	990	2474	2094	1124	1444	964
peak_7214	chr19	45641315	45642777	.	1463	1340	3394	2986	1540	2228	1392
peak_7215	chr19	45664513	45665079	.	567	288	438	448	488	690	392
peak_7216	chr19	45667604	45668312	.	709	404	878	836	622	978	610
peak_7217	chr19	45862276	45863451	.	1176	692	1660	1730	804	954	738
peak_7218	chr19	45958461	45959543	.	1083	514	802	1086	682	834	608
peak_7219	chr19	45968426	45969100	.	675	344	486	474	510	510	364
peak_7220	chr19	45971925	45972883	.	959	568	934	998	716	868	674
peak_7221	chr19	45995033	45995710	.	678	796	1780	1412	914	1104	674
peak_7222	chr19	46019724	46020144	.	421	324	610	698	564	800	564
peak_7223	chr19	46076842	46077897	.	1056	788	1194	1294	752	1042	674
peak_7224	chr19	46151621	46151923	.	303	96	208	164	204	274	174
peak_7225	chr19	46201462	46201769	.	308	262	448	420	298	494	292
peak_7226	chr19	46223222	46223746	.	525	262	438	372	338	304	244
peak_7227	chr19	46288959	46289624	.	666	232	516	432	668	802	576
peak_7228	chr19	46372844	46374422	.	1579	662	1334	1448	444	660	444
peak_7229	chr19	46636930	46637556	.	627	436	850	722	558	662	466
peak_7230	chr19	46637822	46638691	.	870	604	1027	906	770	950	706
peak_7231	chr19	46660718	46661657	.	940	600	2302	1714	810	1194	756
peak_7232	chr19	46859881	46860906	.	1026	830	2558	2094	950	1220	790
peak_7233	chr19	46990160	46991619	.	1460	720	1370	1332	502	468	380
peak_7234	chr19	47183177	47183446	.	270	118	186	216	254	296	206
peak_7235	chr19	47183528	47183972	.	445	288	490	518	406	600	416
peak_7236	chr19	47351986	47352414	.	429	290	314	320	368	564	370
peak_7237	chr19	47433773	47434565	.	793	554	734	878	610	668	548
peak_7238	chr19	47507032	47508624	.	1593	710	1342	1364	754	818	508
peak_7239	chr19	47514088	47516108	.	2021	1328	3498	3220	1526	2888	1484
peak_7240	chr19	47600277	47600689	.	413	330	1048	886	408	626	354
peak_7241	chr19	47648157	47649015	.	859	482	1062	1156	700	1108	710
peak_7242	chr19	47858224	47858874	.	651	488	1014	824	592	760	428
peak_7243	chr19	48043010	48043503	.	494	252	346	388	328	344	240
peak_7244	chr19	48134706	48135216	.	511	350	634	568	538	682	526
peak_7245	chr19	48135356	48135716	.	361	208	368	414	320	454	292
peak_7246	chr19	48419091	48419496	.	406	350	686	638	338	554	416
peak_7247	chr19	48468844	48469357	.	514	626	2434	1542	856	1178	732
peak_7248	chr19	48636339	48637928	.	1590	1226	3716	3036	1076	1756	1148
peak_7249	chr19	48675109	48675633	.	525	362	698	732	420	630	414
peak_7250	chr19	48713003	48714617	.	1615	844	2598	2030	868	1132	854
peak_7251	chr19	48874090	48875958	.	1869	862	1860	1796	1308	1628	1184
peak_7252	chr19	48926934	48927321	.	388	484	906	724	652	980	610
peak_7253	chr19	48950108	48950615	.	508	216	244	296	270	480	242
peak_7254	chr19	48991918	48994505	.	2588	1304	2292	2474	1056	1314	928
peak_7255	chr19	49021635	49021939	.	305	296	492	406	302	392	244
peak_7256	chr19	49363457	49364163	.	707	944	2996	2282	980	1678	1130
peak_7257	chr19	49389491	49391403	.	1913	710	1370	1522	600	730	416
peak_7258	chr19	49495828	49496512	.	685	560	1376	1270	678	848	588
peak_7259	chr19	49564568	49565335	.	768	332	434	420	456	476	252
peak_7260	chr19	49640071	49640902	.	832	1490	4666	3062	1398	1938	1308
peak_7261	chr19	49672048	49672617	.	570	324	638	696	306	456	298
peak_7262	chr19	49716103	49716537	.	435	270	442	404	370	530	406
peak_7263	chr19	49724259	49724690	.	432	202	408	274	298	446	238
peak_7264	chr19	49793368	49793844	.	477	318	628	678	394	514	364
peak_7265	chr19	49928657	49930169	.	1513	798	2120	1824	1092	1340	986
peak_7266	chr19	50310562	50311087	.	526	294	434	366	344	392	234
peak_7267	chr19	50329063	50330089	.	1027	716	1976	1774	884	1172	848
peak_7268	chr19	50383914	50385042	.	1129	702	2478	2094	748	1308	778
peak_7269	chr19	50508168	50509072	.	905	522	1148	1188	664	710	456
peak_7270	chr19	50531048	50531397	.	350	104	222	276	194	276	238
peak_7271	chr19	50635550	50635996	.	447	194	282	324	342	382	312
peak_7272	chr19	50657856	50659273	.	1418	942	3698	2726	1248	2006	1262
peak_7273	chr19	50702034	50702470	.	437	182	370	440	260	348	290
peak_7274	chr19	50708133	50708727	.	595	178	380	458	396	480	370
peak_7275	chr19	50710059	50710506	.	448	278	402	488	304	420	280
peak_7276	chr19	50794421	50795624	.	1204	648	1110	1114	730	862	666
peak_7277	chr19	50876392	50878195	.	1804	836	1754	1722	824	1010	748
peak_7278	chr19	50896430	50897082	.	653	520	866	652	866	1056	730
peak_7279	chr19	50951653	50952622	.	970	456	824	778	682	822	530
peak_7280	chr19	50991870	50992236	.	367	198	264	256	340	352	274
peak_7281	chr19	51020266	51020821	.	556	292	620	578	444	588	404
peak_7282	chr19	51020944	51021522	.	579	402	508	566	574	616	408
peak_7283	chr19	51107360	51108676	.	1317	708	1538	1522	720	862	706
peak_7284	chr19	51157046	51157677	.	632	502	544	570	574	726	582
peak_7285	chr19	51319382	51320028	.	647	488	766	866	596	728	574
peak_7286	chr19	51393775	51394634	.	860	876	1862	1734	1052	1290	742
peak_7287	chr19	51435221	51436407	.	1187	416	570	698	874	1038	718
peak_7288	chr19	51687643	51688550	.	908	570	1174	1248	666	806	526
peak_7289	chr19	53055140	53055703	.	564	178	250	306	394	502	350
peak_7290	chr19	54030045	54030513	.	469	250	456	466	396	438	338
peak_7291	chr19	54030859	54031189	.	331	160	232	182	234	366	242
peak_7292	chr19	54159383	54161187	.	1805	1166	2738	2476	1040	1350	1110
peak_7293	chr19	54189162	54192005	.	2844	1612	5326	4618	1654	2550	1636
peak_7294	chr19	54209759	54210235	.	477	394	572	568	382	404	336
peak_7295	chr19	54222575	54222881	.	307	102	418	438	204	356	220
peak_7296	chr19	54242337	54242656	.	320	118	352	292	198	244	188
peak_7297	chr19	54272692	54272970	.	279	58	98	94	132	154	128
peak_7298	chr19	54297685	54299614	.	1930	1144	1674	1700	984	1156	826
peak_7299	chr19	54354592	54355100	.	509	348	420	538	410	420	358
peak_7300	chr19	54518894	54519106	.	213	188	368	288	254	284	272
peak_7301	chr19	54573043	54576351	.	3309	1694	2820	2778	1664	2106	1424
peak_7302	chr19	54597333	54598145	.	813	482	754	850	578	596	432
peak_7303	chr19	54625386	54625731	.	346	230	302	350	256	316	188
peak_7304	chr19	54631727	54632595	.	869	486	976	918	534	592	414
peak_7305	chr19	54633027	54633437	.	411	252	352	318	350	450	306
peak_7306	chr19	54652061	54653426	.	1366	856	1176	1130	1164	1374	1014
peak_7307	chr19	54654437	54655476	.	1040	702	1196	1202	676	968	638
peak_7308	chr19	54696149	54697242	.	1094	426	914	832	408	506	342
peak_7309	chr19	54921074	54921528	.	455	256	502	520	454	566	370
peak_7310	chr19	55209777	55210563	.	787	500	712	622	548	636	440
peak_7311	chr19	55242256	55243041	.	786	372	676	656	420	574	424
peak_7312	chr19	55248044	55249232	.	1189	624	1122	1254	622	858	528
peak_7313	chr19	55351835	55352767	.	933	560	1006	988	522	704	530
peak_7314	chr19	55407749	55408436	.	688	684	1626	1266	768	1046	616
peak_7315	chr19	55429909	55431804	.	1896	746	1302	1260	1286	1410	1030
peak_7316	chr19	55447097	55448044	.	948	682	1406	1448	808	968	652
peak_7317	chr19	55518976	55520401	.	1426	658	780	876	1236	1334	966
peak_7318	chr19	55526239	55526803	.	565	444	668	804	462	736	472
peak_7319	chr19	55547257	55547616	.	360	222	404	474	252	410	288
peak_7320	chr19	55549489	55550272	.	784	400	864	882	538	832	538
peak_7321	chr19	55604522	55605588	.	1067	836	2304	2036	884	1220	802
peak_7322	chr19	55642713	55643444	.	732	316	706	744	432	536	414
peak_7323	chr19	55714029	55714615	.	587	220	306	278	424	418	354
peak_7324	chr19	56085561	56085910	.	350	140	210	242	282	336	222
peak_7325	chr19	56118719	56119269	.	551	348	520	646	334	486	304
peak_7326	chr19	56140551	56141417	.	867	598	1608	1380	602	1064	724
peak_7327	chr19	56144375	56145032	.	658	358	512	530	452	448	248
peak_7328	chr19	56170196	56170635	.	440	280	672	634	528	712	438
peak_7329	chr19	56404331	56405415	.	1085	458	702	756	758	1006	704
peak_7330	chr19	56476675	56478495	.	1821	946	1720	1828	1208	1602	1188
peak_7331	chr19	56670197	56672029	.	1833	1120	1856	2170	1620	1912	1334
peak_7332	chr19	56687045	56687668	.	624	450	566	666	690	726	576
peak_7333	chr19	56837486	56840113	.	2628	1576	4324	3946	1976	2946	2172
peak_7334	chr19	57321731	57322477	.	747	508	682	684	636	702	486
peak_7335	chr19	58035832	58036250	.	419	204	252	190	276	344	242
peak_7336	chr19	58325479	58326127	.	649	258	504	442	416	458	344
peak_7337	chr19	58377265	58378900	.	1636	798	1174	1112	732	872	518
peak_7338	chr19	58380066	58381446	.	1381	730	2130	1606	778	1018	714
peak_7339	chr19	58517997	58520373	.	2377	910	1910	1902	856	1038	678
peak_7340	chr1_KI270712v1_random	14697	14838	.	142	76	120	112	114	138	106
peak_7341	chr2	603546	603835	.	290	94	94	96	124	212	134
peak_7342	chr2	676040	676672	.	633	150	426	334	228	428	230
peak_7343	chr2	733089	733405	.	317	254	300	348	230	330	254
peak_7344	chr2	869983	870297	.	315	162	238	274	252	312	228
peak_7345	chr2	873591	874580	.	990	546	984	1014	758	956	770
peak_7346	chr2	881020	881799	.	780	436	694	808	530	646	574
peak_7347	chr2	936422	937939	.	1518	618	962	1026	940	1200	762
peak_7348	chr2	1027830	1028703	.	874	292	404	378	264	332	278
peak_7349	chr2	1090724	1091531	.	808	364	678	658	574	886	694
peak_7350	chr2	1137882	1138704	.	823	446	742	888	630	784	560
peak_7351	chr2	1220172	1220853	.	682	310	500	656	460	528	432
peak_7352	chr2	1231369	1232106	.	738	440	730	940	768	934	706
peak_7353	chr2	1278743	1279325	.	583	196	242	306	266	326	234
peak_7354	chr2	1307175	1307607	.	433	182	308	334	292	306	202
peak_7355	chr2	1323143	1324306	.	1164	580	660	786	1256	1690	1172
peak_7356	chr2	1416671	1417195	.	525	182	300	332	318	318	286
peak_7357	chr2	1472013	1472677	.	665	400	590	602	568	642	530
peak_7358	chr2	1492477	1493300	.	824	452	990	880	502	664	490
peak_7359	chr2	1543821	1545111	.	1291	726	1228	1238	800	772	590
peak_7360	chr2	1593368	1594056	.	689	450	860	872	532	732	446
peak_7361	chr2	1652982	1653506	.	525	232	424	392	346	518	292
peak_7362	chr2	1656339	1657994	.	1656	774	1388	1640	1474	1856	1560
peak_7363	chr2	1750726	1751799	.	1074	530	914	964	572	804	548
peak_7364	chr2	1987417	1987958	.	542	392	510	608	382	512	370
peak_7365	chr2	2038692	2039382	.	691	240	330	404	378	390	288
peak_7366	chr2	2039600	2040403	.	804	336	500	530	610	840	530
peak_7367	chr2	2054110	2055060	.	951	436	726	712	978	1354	944
peak_7368	chr2	2087802	2088596	.	795	490	752	740	668	852	618
peak_7369	chr2	2112469	2113187	.	719	488	812	762	624	834	514
peak_7370	chr2	2116356	2117114	.	759	388	556	498	544	598	512
peak_7371	chr2	2147139	2147855	.	717	370	646	620	448	534	422
peak_7372	chr2	2164397	2164881	.	485	272	440	448	570	814	594
peak_7373	chr2	2233293	2233896	.	604	156	306	350	304	324	272
peak_7374	chr2	2527184	2527465	.	282	156	150	188	252	356	300
peak_7375	chr2	2557590	2558024	.	435	320	490	512	556	588	522
peak_7376	chr2	2563471	2564185	.	715	328	434	472	284	266	154
peak_7377	chr2	2581362	2582031	.	670	338	478	516	286	378	178
peak_7378	chr2	2613303	2613786	.	484	632	1316	1226	814	1130	710
peak_7379	chr2	2636583	2637314	.	732	412	612	648	492	578	418
peak_7380	chr2	2638263	2638784	.	522	374	584	762	400	572	444
peak_7381	chr2	2647178	2647652	.	475	246	530	502	426	616	408
peak_7382	chr2	2661997	2663202	.	1206	600	984	1108	434	502	362
peak_7383	chr2	2663731	2664861	.	1131	720	1124	1102	1044	1268	894
peak_7384	chr2	2664939	2665845	.	907	558	1356	1390	708	1034	728
peak_7385	chr2	2686887	2687260	.	374	212	454	554	300	368	324
peak_7386	chr2	2689359	2690938	.	1580	674	1412	1284	668	850	600
peak_7387	chr2	2691667	2692098	.	432	170	290	256	266	256	202
peak_7388	chr2	2721632	2722411	.	780	286	382	452	436	468	294
peak_7389	chr2	2722814	2723389	.	576	350	558	516	576	744	498
peak_7390	chr2	2743176	2743758	.	583	364	848	848	514	742	574
peak_7391	chr2	2763437	2764080	.	644	292	660	656	328	430	394
peak_7392	chr2	2768179	2768838	.	660	302	320	404	366	476	374
peak_7393	chr2	2774989	2775444	.	456	220	444	456	420	486	332
peak_7394	chr2	2777784	2778413	.	630	288	460	488	464	546	460
peak_7395	chr2	2790130	2790750	.	621	374	832	876	522	546	536
peak_7396	chr2	2831589	2832080	.	492	218	514	592	382	538	432
peak_7397	chr2	2858714	2858941	.	228	72	124	114	174	292	158
peak_7398	chr2	2860400	2860740	.	341	230	190	148	418	390	298
peak_7399	chr2	3099038	3100053	.	1016	268	354	402	574	630	406
peak_7400	chr2	3110951	3111600	.	650	350	588	488	442	536	348
peak_7401	chr2	3137330	3137870	.	541	174	278	332	350	404	318
peak_7402	chr2	3286053	3286766	.	714	200	424	534	332	416	330
peak_7403	chr2	3328026	3328541	.	516	226	428	462	370	404	316
peak_7404	chr2	3653666	3655006	.	1341	810	1190	1116	1138	1484	1156
peak_7405	chr2	3730531	3731375	.	845	480	688	646	542	914	688
peak_7406	chr2	3866906	3867199	.	294	76	116	82	190	204	104
peak_7407	chr2	4046793	4047387	.	595	156	236	246	352	336	256
peak_7408	chr2	4247911	4248563	.	653	214	364	380	370	448	370
peak_7409	chr2	4908460	4908947	.	488	278	364	594	332	352	342
peak_7410	chr2	5791356	5791715	.	360	228	218	268	290	368	232
peak_7411	chr2	5915366	5916268	.	903	536	918	1064	662	734	594
peak_7412	chr2	5980434	5981331	.	898	570	712	828	614	748	524
peak_7413	chr2	7094170	7094746	.	577	234	372	396	316	438	314
peak_7414	chr2	7097331	7097880	.	550	298	428	432	442	456	352
peak_7415	chr2	7392237	7392778	.	542	350	472	458	652	820	568
peak_7416	chr2	7709912	7710366	.	455	188	438	460	352	514	376
peak_7417	chr2	7850813	7851037	.	225	142	250	222	250	248	240
peak_7418	chr2	7999772	8000440	.	669	374	464	474	558	554	426
peak_7419	chr2	8031408	8031882	.	475	212	352	342	264	276	254
peak_7420	chr2	8090972	8091565	.	594	556	884	982	878	1120	918
peak_7421	chr2	8094464	8094925	.	462	336	512	578	488	546	318
peak_7422	chr2	8298439	8299400	.	962	292	452	484	474	588	452
peak_7423	chr2	8494959	8495733	.	775	344	530	698	418	440	360
peak_7424	chr2	8544867	8545569	.	703	520	1136	1212	602	940	656
peak_7425	chr2	8578587	8579099	.	513	198	428	498	366	436	306
peak_7426	chr2	8597603	8598629	.	1027	660	1164	1212	594	826	572
peak_7427	chr2	8622496	8624636	.	2141	924	1622	1704	760	816	546
peak_7428	chr2	8633830	8634254	.	425	316	788	622	366	516	378
peak_7429	chr2	9001288	9001622	.	335	332	414	338	426	536	334
peak_7430	chr2	9071075	9071452	.	378	182	584	472	522	636	440
peak_7431	chr2	9107756	9108578	.	823	484	886	882	522	566	424
peak_7432	chr2	9142582	9143093	.	512	330	862	810	528	648	482
peak_7433	chr2	9380796	9381213	.	418	230	388	404	288	352	210
peak_7434	chr2	9386377	9387196	.	820	698	1600	1200	1146	1944	1144
peak_7435	chr2	9390190	9390710	.	521	232	502	492	472	526	414
peak_7436	chr2	9558977	9559401	.	425	226	348	474	394	446	364
peak_7437	chr2	9752340	9754540	.	2201	1040	1908	2142	1064	1368	1004
peak_7438	chr2	9769011	9771909	.	2899	1902	3618	3908	1656	1976	1464
peak_7439	chr2	9777732	9778156	.	425	374	746	814	592	620	462
peak_7440	chr2	9819694	9820806	.	1113	1210	2064	1976	1180	1290	834
peak_7441	chr2	10010161	10011156	.	996	658	736	712	964	780	554
peak_7442	chr2	10011231	10012239	.	1009	614	418	368	988	832	598
peak_7443	chr2	10012310	10014564	.	2255	1438	990	896	2598	2374	1750
peak_7444	chr2	10014628	10015202	.	575	408	278	274	882	772	568
peak_7445	chr2	10015470	10015842	.	373	160	156	152	384	376	254
peak_7446	chr2	10018208	10018698	.	491	314	472	466	420	538	314
peak_7447	chr2	10021596	10023267	.	1672	1160	2160	2194	1466	1716	1272
peak_7448	chr2	10028453	10029872	.	1420	892	1558	1538	770	778	634
peak_7449	chr2	10036087	10036881	.	795	670	1470	1608	650	816	678
peak_7450	chr2	10141363	10142330	.	968	636	1174	1206	756	874	552
peak_7451	chr2	10149675	10150029	.	355	194	412	498	392	694	522
peak_7452	chr2	10161212	10161665	.	454	310	354	438	374	524	354
peak_7453	chr2	10166664	10167757	.	1094	868	1538	1550	760	1070	634
peak_7454	chr2	10169433	10172159	.	2727	1650	3056	3390	1646	2120	1696
peak_7455	chr2	10190859	10192196	.	1338	594	1126	1322	624	670	510
peak_7456	chr2	10278190	10279122	.	933	668	1188	1202	786	804	646
peak_7457	chr2	10282631	10283876	.	1246	694	1182	1192	492	624	440
peak_7458	chr2	10285500	10285946	.	447	430	972	850	492	618	436
peak_7459	chr2	10330200	10330736	.	537	338	650	680	370	474	350
peak_7460	chr2	10330992	10331483	.	492	524	936	1268	526	652	616
peak_7461	chr2	10338384	10339114	.	731	240	442	522	442	518	374
peak_7462	chr2	10400473	10401166	.	694	422	778	932	594	594	452
peak_7463	chr2	10409095	10409398	.	304	238	378	602	336	424	318
peak_7464	chr2	10414016	10414973	.	958	512	826	866	594	724	468
peak_7465	chr2	10493177	10494957	.	1781	1216	2504	2454	1310	1770	1186
peak_7466	chr2	10496469	10496821	.	353	266	454	390	382	408	236
peak_7467	chr2	10520081	10524189	.	4109	2188	4356	4640	1938	2476	1848
peak_7468	chr2	10707909	10708532	.	624	390	726	780	474	640	450
peak_7469	chr2	10760414	10760761	.	348	286	494	598	362	486	386
peak_7470	chr2	10765046	10765739	.	694	420	796	842	436	382	374
peak_7471	chr2	10868516	10869375	.	860	640	1068	1126	492	554	376
peak_7472	chr2	10877618	10878168	.	551	318	576	720	524	668	544
peak_7473	chr2	10889518	10890405	.	888	716	1292	1358	870	1230	788
peak_7474	chr2	10901218	10901944	.	727	306	698	758	432	684	458
peak_7475	chr2	10911065	10912604	.	1540	782	1510	1510	786	988	690
peak_7476	chr2	10913882	10914915	.	1034	566	1072	1200	824	918	648
peak_7477	chr2	10917943	10918462	.	520	880	794	788	1102	1278	840
peak_7478	chr2	10993005	10993381	.	377	194	408	454	288	400	266
peak_7479	chr2	11006852	11007248	.	397	178	328	332	344	336	294
peak_7480	chr2	11022875	11023406	.	532	360	604	692	740	962	728
peak_7481	chr2	11077414	11077920	.	507	248	474	542	448	598	470
peak_7482	chr2	11262405	11262704	.	300	110	214	156	210	286	146
peak_7483	chr2	11370943	11371575	.	633	514	980	984	716	958	670
peak_7484	chr2	11374448	11375102	.	655	622	1440	1354	634	904	646
peak_7485	chr2	11396307	11397277	.	971	544	824	866	828	934	608
peak_7486	chr2	11505980	11506599	.	620	544	966	858	958	1346	946
peak_7487	chr2	11564637	11565558	.	922	400	704	818	742	1006	706
peak_7488	chr2	11579998	11580677	.	680	442	590	584	626	776	444
peak_7489	chr2	11587805	11589099	.	1295	662	1324	1378	800	1088	718
peak_7490	chr2	11597976	11598781	.	806	532	832	858	746	774	542
peak_7491	chr2	11611561	11612484	.	924	612	882	852	684	754	566
peak_7492	chr2	11631439	11631989	.	551	356	518	548	484	626	404
peak_7493	chr2	11632666	11633252	.	587	264	444	484	374	444	304
peak_7494	chr2	11657159	11658575	.	1417	906	1310	1306	1418	1690	1186
peak_7495	chr2	11658991	11659519	.	529	408	746	886	624	950	712
peak_7496	chr2	11676006	11676306	.	301	192	214	212	300	286	210
peak_7497	chr2	11676372	11677635	.	1264	930	1478	1478	966	986	780
peak_7498	chr2	11693023	11693404	.	382	256	442	490	438	554	350
peak_7499	chr2	11697201	11698349	.	1149	1008	1950	2166	1068	1570	1088
peak_7500	chr2	11699964	11700431	.	468	486	696	676	556	730	560
peak_7501	chr2	11701202	11701566	.	365	230	436	432	324	562	334
peak_7502	chr2	11701835	11702402	.	568	406	570	718	620	716	512
peak_7503	chr2	11753955	11754751	.	797	570	1024	1058	714	842	646
peak_7504	chr2	12081723	12082243	.	521	256	384	392	400	634	320
peak_7505	chr2	12168899	12169650	.	752	428	600	662	902	1096	726
peak_7506	chr2	12442496	12442895	.	400	224	284	284	420	510	366
peak_7507	chr2	12498422	12499033	.	612	302	378	376	524	410	358
peak_7508	chr2	12685692	12686367	.	676	320	556	640	552	606	454
peak_7509	chr2	12884765	12885371	.	607	326	630	670	706	1008	762
peak_7510	chr2	13433922	13434325	.	404	82	110	132	212	346	234
peak_7511	chr2	13545083	13545708	.	626	254	370	348	498	656	480
peak_7512	chr2	14552023	14552594	.	572	210	306	332	408	546	264
peak_7513	chr2	14745701	14746993	.	1293	530	614	538	914	1076	682
peak_7514	chr2	15048925	15049873	.	949	652	1368	1342	780	958	872
peak_7515	chr2	15169447	15170029	.	583	484	732	680	896	932	762
peak_7516	chr2	15352627	15353015	.	389	172	262	208	348	434	332
peak_7517	chr2	15643893	15644151	.	259	126	150	152	244	308	238
peak_7518	chr2	15645976	15646385	.	410	234	336	374	444	578	462
peak_7519	chr2	15675075	15675836	.	762	502	778	882	442	444	426
peak_7520	chr2	15698682	15699322	.	641	510	566	622	630	690	428
peak_7521	chr2	15730587	15731411	.	825	714	1252	1200	738	998	742
peak_7522	chr2	15983206	15983889	.	684	412	768	632	246	346	236
peak_7523	chr2	15991251	15991646	.	396	338	504	578	594	694	506
peak_7524	chr2	16005754	16006630	.	877	518	886	950	974	1338	944
peak_7525	chr2	16189737	16190167	.	431	302	378	406	402	388	322
peak_7526	chr2	16221181	16222324	.	1144	732	900	1004	1488	1732	1092
peak_7527	chr2	16393998	16395329	.	1332	994	1456	1524	1196	1394	974
peak_7528	chr2	16395507	16396297	.	791	506	550	428	642	710	456
peak_7529	chr2	16409707	16409998	.	292	92	146	142	176	248	156
peak_7530	chr2	16411921	16412475	.	555	142	170	186	356	382	242
peak_7531	chr2	16434519	16434759	.	241	116	136	170	248	346	232
peak_7532	chr2	16608667	16609511	.	845	540	1146	1048	992	1402	946
peak_7533	chr2	16623060	16623365	.	306	382	544	516	498	670	504
peak_7534	chr2	16631756	16632906	.	1151	1022	1212	1262	1462	1544	1106
peak_7535	chr2	16633581	16634300	.	720	600	1144	1202	1082	1524	900
peak_7536	chr2	16636036	16636648	.	613	416	716	852	526	602	508
peak_7537	chr2	16658804	16659672	.	869	360	566	534	594	720	438
peak_7538	chr2	16662467	16662869	.	403	312	638	656	544	790	448
peak_7539	chr2	16715984	16716753	.	770	344	520	560	526	632	498
peak_7540	chr2	16931299	16931712	.	414	340	504	590	470	550	502
peak_7541	chr2	17632869	17633323	.	455	330	524	548	546	896	692
peak_7542	chr2	17642972	17643525	.	554	390	708	694	684	840	582
peak_7543	chr2	17844050	17844414	.	365	198	320	252	370	602	328
peak_7544	chr2	17845973	17846354	.	382	296	374	316	564	614	490
peak_7545	chr2	17869094	17870132	.	1039	1068	1306	1478	1374	1718	1208
peak_7546	chr2	17963009	17963411	.	403	212	430	402	376	406	274
peak_7547	chr2	17965006	17966039	.	1034	438	646	700	662	786	534
peak_7548	chr2	17977133	17977636	.	504	432	938	788	598	944	714
peak_7549	chr2	18154269	18155118	.	850	562	946	832	720	1066	848
peak_7550	chr2	18911866	18912783	.	918	624	868	832	620	658	468
peak_7551	chr2	19126745	19127118	.	374	220	254	240	268	328	196
peak_7552	chr2	19263869	19264319	.	451	334	524	542	498	754	480
peak_7553	chr2	19611879	19612450	.	572	384	510	462	634	782	540
peak_7554	chr2	19746344	19747075	.	732	596	1066	1188	862	1078	836
peak_7555	chr2	19801355	19801657	.	303	468	910	852	622	952	666
peak_7556	chr2	19862635	19864067	.	1433	1048	2084	2122	1430	1858	1328
peak_7557	chr2	19872937	19873458	.	522	414	596	664	716	750	538
peak_7558	chr2	19880059	19880885	.	827	478	548	668	840	1060	660
peak_7559	chr2	20082521	20083099	.	579	346	516	402	494	674	454
peak_7560	chr2	20094080	20094618	.	539	364	770	950	440	572	386
peak_7561	chr2	20097548	20098546	.	999	858	1324	1440	1114	1220	824
peak_7562	chr2	20125659	20126772	.	1114	652	1296	1274	958	1238	880
peak_7563	chr2	20140514	20141787	.	1274	1016	2110	1988	1226	1516	1118
peak_7564	chr2	20165903	20166920	.	1018	686	1266	1434	856	990	688
peak_7565	chr2	20174563	20174941	.	379	264	438	496	372	482	370
peak_7566	chr2	20179998	20180392	.	395	382	720	740	366	440	336
peak_7567	chr2	20182595	20183082	.	488	436	674	706	460	502	386
peak_7568	chr2	20186451	20187138	.	688	622	1280	1272	746	1014	760
peak_7569	chr2	20198052	20198379	.	328	212	492	448	288	428	322
peak_7570	chr2	20214965	20219575	.	4611	2234	3784	3920	1762	1800	1304
peak_7571	chr2	20222524	20224390	.	1867	966	2420	2466	1236	1504	1024
peak_7572	chr2	20391972	20392554	.	583	388	714	754	624	708	526
peak_7573	chr2	20446643	20448780	.	2138	1464	3124	3446	2002	2784	1984
peak_7574	chr2	20491923	20492574	.	652	670	1328	1404	878	1090	798
peak_7575	chr2	20514962	20515868	.	907	680	1198	1198	786	968	718
peak_7576	chr2	20538753	20540292	.	1540	1068	2252	2324	1158	1406	930
peak_7577	chr2	20564759	20566605	.	1847	1008	1700	1840	544	634	548
peak_7578	chr2	20566852	20569222	.	2371	1472	2676	2672	1084	1254	920
peak_7579	chr2	20578957	20579673	.	717	804	1844	1798	942	1168	762
peak_7580	chr2	20584106	20585339	.	1234	1264	2238	2322	1080	1474	988
peak_7581	chr2	20592980	20594013	.	1034	834	1660	1550	782	904	660
peak_7582	chr2	20594857	20596604	.	1748	1368	2354	2482	1300	1624	1114
peak_7583	chr2	20614354	20617687	.	3334	2560	4554	4576	1794	1964	1508
peak_7584	chr2	20628816	20630199	.	1384	1088	1758	1662	1076	1370	1028
peak_7585	chr2	20632103	20632894	.	792	552	732	902	616	790	514
peak_7586	chr2	20633782	20634233	.	452	234	504	606	350	552	344
peak_7587	chr2	20640312	20642958	.	2647	2150	4158	4366	2544	3044	2384
peak_7588	chr2	20884704	20885412	.	709	292	508	590	904	1260	774
peak_7589	chr2	20914554	20917475	.	2922	1792	3186	3174	1824	2338	1762
peak_7590	chr2	20989564	20990462	.	899	510	906	938	192	204	136
peak_7591	chr2	21124855	21125520	.	666	336	488	422	398	438	266
peak_7592	chr2	21281128	21282080	.	953	316	402	364	754	778	464
peak_7593	chr2	21642642	21643055	.	414	232	296	344	420	448	298
peak_7594	chr2	21648942	21649626	.	685	370	490	482	634	744	572
peak_7595	chr2	21670944	21671331	.	388	132	150	180	262	328	228
peak_7596	chr2	22545818	22546562	.	745	280	390	338	544	822	460
peak_7597	chr2	22894819	22895036	.	218	128	304	272	304	378	250
peak_7598	chr2	23360834	23361160	.	327	118	182	176	278	314	250
peak_7599	chr2	23361235	23361660	.	426	126	144	198	262	322	218
peak_7600	chr2	23384420	23385215	.	796	434	894	982	560	630	438
peak_7601	chr2	23418658	23419301	.	644	364	496	590	612	718	526
peak_7602	chr2	23421070	23421469	.	400	280	466	520	404	446	370
peak_7603	chr2	23452218	23452670	.	453	242	444	514	462	556	416
peak_7604	chr2	23491104	23492469	.	1366	948	1632	1838	948	1256	766
peak_7605	chr2	23510064	23510907	.	844	732	1358	1572	776	852	712
peak_7606	chr2	23554866	23556380	.	1515	1026	1832	1896	1042	1114	858
peak_7607	chr2	23595403	23596655	.	1253	826	1324	1344	732	938	706
peak_7608	chr2	23598339	23598837	.	499	380	596	624	536	734	496
peak_7609	chr2	23624850	23625278	.	429	246	456	442	370	342	306
peak_7610	chr2	23633577	23634377	.	801	606	892	1022	774	976	668
peak_7611	chr2	23649219	23650242	.	1024	608	1234	1470	1034	1372	1042
peak_7612	chr2	23672406	23673838	.	1433	1522	2158	2170	1876	2372	1492
peak_7613	chr2	23673904	23674516	.	613	468	968	1090	674	868	604
peak_7614	chr2	23900468	23901139	.	672	408	588	760	696	860	686
peak_7615	chr2	24015791	24016557	.	767	702	1428	1530	748	816	660
peak_7616	chr2	24020939	24025764	.	4826	3032	5988	6186	3118	4068	2920
peak_7617	chr2	24036166	24036536	.	371	132	212	262	314	348	220
peak_7618	chr2	24094554	24095070	.	517	322	408	432	186	258	220
peak_7619	chr2	24825539	24826361	.	823	546	1028	1154	540	678	590
peak_7620	chr2	24827201	24828367	.	1167	984	1598	1806	1168	1396	998
peak_7621	chr2	24877650	24878113	.	464	208	336	406	254	396	260
peak_7622	chr2	25006112	25006540	.	429	222	380	444	480	684	428
peak_7623	chr2	25014553	25015244	.	692	318	410	436	418	620	350
peak_7624	chr2	25123465	25124531	.	1067	624	1108	1160	1122	1544	1006
peak_7625	chr2	25209019	25209741	.	723	522	1028	954	432	500	386
peak_7626	chr2	25278045	25278376	.	332	182	390	444	252	402	206
peak_7627	chr2	25323923	25325559	.	1637	964	1652	1744	1716	2206	1610
peak_7628	chr2	25347197	25347878	.	682	736	1208	1268	1084	1232	880
peak_7629	chr2	25397935	25398267	.	333	254	344	326	316	404	302
peak_7630	chr2	25692780	25693256	.	477	344	544	696	628	704	552
peak_7631	chr2	25701676	25702923	.	1248	804	1386	1378	1074	1380	902
peak_7632	chr2	25877452	25878825	.	1374	1024	2704	2790	1394	2210	1210
peak_7633	chr2	25883858	25884488	.	631	280	332	386	440	458	336
peak_7634	chr2	25964749	25965249	.	501	336	544	726	362	584	414
peak_7635	chr2	25971932	25972739	.	808	428	574	694	836	990	602
peak_7636	chr2	25977717	25978260	.	544	538	1014	1034	962	1036	684
peak_7637	chr2	26181671	26183532	.	1862	1096	1866	2134	656	754	582
peak_7638	chr2	26244027	26245642	.	1616	1258	2498	2634	1372	1732	1116
peak_7639	chr2	26469272	26472006	.	2735	1610	2640	2968	1902	2120	1542
peak_7640	chr2	26472160	26472692	.	533	508	762	678	678	756	548
peak_7641	chr2	26477425	26478372	.	948	992	1872	2092	1120	1428	1048
peak_7642	chr2	26482997	26483592	.	596	504	744	888	640	746	466
peak_7643	chr2	26484644	26485109	.	466	478	974	1014	574	636	448
peak_7644	chr2	26488143	26490086	.	1944	1268	2224	2230	874	886	674
peak_7645	chr2	26511497	26513803	.	2307	1866	2738	2894	1476	1870	1278
peak_7646	chr2	26514458	26515483	.	1026	744	1192	1236	784	920	668
peak_7647	chr2	26520937	26522101	.	1165	1056	1862	1924	934	1162	816
peak_7648	chr2	26608288	26608949	.	662	370	622	590	210	180	200
peak_7649	chr2	26628877	26629623	.	747	532	1088	1270	674	680	582
peak_7650	chr2	26642181	26643330	.	1150	896	1424	1506	888	948	700
peak_7651	chr2	26682153	26683146	.	994	712	1188	1236	588	744	584
peak_7652	chr2	26685594	26686961	.	1368	970	1648	1798	1094	1268	968
peak_7653	chr2	26687206	26688804	.	1599	1018	1612	1780	804	892	666
peak_7654	chr2	26695452	26696868	.	1417	1362	2582	2740	1640	1938	1532
peak_7655	chr2	26697400	26697932	.	533	334	748	690	542	732	472
peak_7656	chr2	26700124	26701475	.	1352	976	1330	1666	754	906	650
peak_7657	chr2	26702094	26702475	.	382	334	600	660	464	504	364
peak_7658	chr2	26724579	26725997	.	1419	1276	2364	2494	924	1026	750
peak_7659	chr2	26731613	26732228	.	616	388	762	782	396	428	286
peak_7660	chr2	26743243	26744063	.	821	562	750	808	300	266	272
peak_7661	chr2	26764137	26766160	.	2024	1418	2478	2478	1382	1862	1254
peak_7662	chr2	26766877	26767824	.	948	618	1208	1478	486	528	492
peak_7663	chr2	26768897	26769865	.	969	802	1952	2110	956	1332	908
peak_7664	chr2	26772753	26773164	.	412	176	352	448	416	646	434
peak_7665	chr2	26805223	26805874	.	652	292	594	664	810	1020	720
peak_7666	chr2	26872005	26872680	.	676	394	690	766	474	568	364
peak_7667	chr2	26947284	26948669	.	1386	976	1906	1940	1108	1386	960
peak_7668	chr2	26961077	26962193	.	1117	712	1226	1402	442	526	364
peak_7669	chr2	26968883	26969519	.	637	410	720	646	686	770	572
peak_7670	chr2	27010706	27011582	.	877	462	768	828	816	1188	740
peak_7671	chr2	27014525	27015596	.	1072	606	860	932	522	520	392
peak_7672	chr2	27026841	27028043	.	1203	868	1942	1940	1092	1410	864
peak_7673	chr2	27037467	27039252	.	1786	912	1804	1822	466	506	446
peak_7674	chr2	27076998	27077794	.	797	524	900	914	306	320	230
peak_7675	chr2	27081201	27084008	.	2808	1688	3630	3382	1370	1734	1330
peak_7676	chr2	27084894	27086386	.	1493	738	1512	1644	536	680	522
peak_7677	chr2	27096394	27097237	.	844	666	1390	1590	962	1250	862
peak_7678	chr2	27201657	27202197	.	541	296	662	734	580	634	454
peak_7679	chr2	27254553	27255270	.	718	566	966	1114	672	722	528
peak_7680	chr2	27266775	27267876	.	1102	732	1150	1320	940	1202	744
peak_7681	chr2	27369643	27371685	.	2043	1284	3286	3404	1624	2182	1510
peak_7682	chr2	27715025	27716955	.	1931	974	1964	2118	856	1182	764
peak_7683	chr2	27717809	27718217	.	409	192	266	284	354	386	246
peak_7684	chr2	27720884	27721838	.	955	808	1588	1614	802	976	682
peak_7685	chr2	27977747	27978309	.	563	398	788	478	602	846	538
peak_7686	chr2	28274877	28275614	.	738	590	1278	1104	960	1218	806
peak_7687	chr2	28325872	28326680	.	809	524	1166	1252	642	1180	778
peak_7688	chr2	28356162	28357384	.	1223	1070	2512	2574	1084	1406	1018
peak_7689	chr2	28357973	28361756	.	3784	2250	4430	4320	2116	2840	1952
peak_7690	chr2	28382792	28383490	.	699	466	946	1058	604	906	508
peak_7691	chr2	28389975	28391308	.	1334	926	2124	2142	838	1266	814
peak_7692	chr2	28408978	28409686	.	709	552	1238	1170	744	1032	592
peak_7693	chr2	28508290	28509056	.	767	832	1700	1498	1478	1898	1444
peak_7694	chr2	28558520	28558981	.	462	228	374	502	510	634	542
peak_7695	chr2	28583384	28584470	.	1087	846	1934	1474	1376	1800	1202
peak_7696	chr2	28587897	28588617	.	721	668	1208	1290	876	1078	810
peak_7697	chr2	28606481	28607698	.	1218	764	1194	1338	730	816	596
peak_7698	chr2	28610410	28611040	.	631	526	1244	1252	794	1152	730
peak_7699	chr2	28621004	28621829	.	826	586	1056	1048	730	1052	730
peak_7700	chr2	28639753	28640206	.	454	464	770	800	478	706	396
peak_7701	chr2	28641853	28642541	.	689	374	650	698	424	534	400
peak_7702	chr2	28649506	28650621	.	1116	516	906	954	944	1148	816
peak_7703	chr2	28687753	28688269	.	517	476	756	726	680	976	670
peak_7704	chr2	28689808	28690164	.	357	194	216	194	330	298	278
peak_7705	chr2	28695478	28695864	.	387	208	370	438	332	366	202
peak_7706	chr2	28711763	28712091	.	329	308	512	420	490	678	420
peak_7707	chr2	28713622	28713903	.	282	132	264	326	366	466	356
peak_7708	chr2	28906315	28906898	.	584	152	224	238	314	370	316
peak_7709	chr2	28998685	28999247	.	563	380	660	658	496	520	468
peak_7710	chr2	29066984	29067868	.	885	496	764	774	900	1112	790
peak_7711	chr2	29113918	29114390	.	473	430	708	750	626	1004	572
peak_7712	chr2	29114677	29115720	.	1044	454	898	998	576	688	446
peak_7713	chr2	29115824	29116623	.	800	452	690	744	460	480	328
peak_7714	chr2	29223777	29224680	.	904	582	902	872	780	1112	720
peak_7715	chr2	29227779	29229383	.	1605	672	1362	1326	650	776	556
peak_7716	chr2	29253901	29254263	.	363	136	168	174	216	332	236
peak_7717	chr2	29289473	29290252	.	780	400	636	728	448	566	352
peak_7718	chr2	29344274	29344626	.	353	238	314	344	346	384	362
peak_7719	chr2	29353776	29354337	.	562	296	490	432	376	560	320
peak_7720	chr2	29390185	29390521	.	337	210	282	358	378	496	402
peak_7721	chr2	29522996	29523496	.	501	354	796	750	694	964	636
peak_7722	chr2	29528768	29529525	.	758	500	964	982	678	1038	692
peak_7723	chr2	29577571	29578256	.	686	242	288	268	494	618	438
peak_7724	chr2	29703179	29703742	.	564	216	354	328	412	522	366
peak_7725	chr2	29747914	29748742	.	829	894	1376	1192	1248	1630	1290
peak_7726	chr2	29952049	29952446	.	398	148	182	262	312	344	230
peak_7727	chr2	30007022	30007466	.	445	254	184	276	304	404	282
peak_7728	chr2	30026170	30026652	.	483	360	648	678	600	594	462
peak_7729	chr2	30113062	30113850	.	789	600	912	888	936	912	722
peak_7730	chr2	30178580	30179310	.	731	502	852	850	748	908	688
peak_7731	chr2	30193253	30193860	.	608	404	778	970	598	762	530
peak_7732	chr2	30239171	30240121	.	951	498	746	790	594	706	454
peak_7733	chr2	30306611	30306984	.	374	130	154	136	236	334	210
peak_7734	chr2	30358865	30359303	.	439	212	386	382	450	386	350
peak_7735	chr2	30359710	30360319	.	610	332	690	798	474	726	556
peak_7736	chr2	30629980	30630238	.	259	94	138	150	208	210	192
peak_7737	chr2	30655439	30656496	.	1058	438	716	826	622	722	594
peak_7738	chr2	30692337	30693126	.	790	452	688	886	558	634	408
peak_7739	chr2	30717301	30717596	.	296	88	168	214	212	276	214
peak_7740	chr2	30732386	30733317	.	932	496	740	748	426	388	332
peak_7741	chr2	30763220	30763702	.	483	188	478	458	482	644	480
peak_7742	chr2	30859672	30860582	.	911	468	672	672	822	1110	722
peak_7743	chr2	30972598	30972961	.	364	206	330	356	308	438	252
peak_7744	chr2	30979429	30980463	.	1035	750	1360	1472	960	1144	934
peak_7745	chr2	31057465	31058650	.	1186	660	912	1066	524	640	444
peak_7746	chr2	31173967	31174791	.	825	364	638	610	598	708	576
peak_7747	chr2	31176677	31177304	.	628	258	464	406	468	480	390
peak_7748	chr2	31204591	31204984	.	394	158	248	278	358	418	304
peak_7749	chr2	31274003	31274399	.	397	344	512	384	504	640	460
peak_7750	chr2	31297709	31298307	.	599	352	704	752	730	1108	782
peak_7751	chr2	31331152	31331661	.	510	336	604	646	390	488	384
peak_7752	chr2	31406028	31406524	.	497	170	160	182	348	466	222
peak_7753	chr2	32010732	32011408	.	677	660	1238	1356	782	1080	740
peak_7754	chr2	32805130	32805610	.	481	222	274	276	384	542	434
peak_7755	chr2	33431702	33432154	.	453	378	460	592	736	910	584
peak_7756	chr2	33476152	33476740	.	589	486	912	900	678	944	720
peak_7757	chr2	36778738	36779408	.	671	342	468	476	476	484	352
peak_7758	chr2	36975354	36975612	.	259	122	168	236	228	282	194
peak_7759	chr2	37635422	37636360	.	939	404	670	642	588	920	586
peak_7760	chr2	37637983	37638322	.	340	216	234	328	366	534	310
peak_7761	chr2	37770845	37771511	.	667	198	322	330	356	366	248
peak_7762	chr2	37779966	37780533	.	568	292	664	724	548	748	550
peak_7763	chr2	37837824	37838369	.	546	210	308	286	398	514	368
peak_7764	chr2	38146275	38146776	.	502	268	598	574	526	774	478
peak_7765	chr2	38146908	38147423	.	516	406	726	658	514	692	570
peak_7766	chr2	38266451	38267101	.	651	312	502	546	626	742	586
peak_7767	chr2	38432832	38433208	.	377	300	380	442	408	560	348
peak_7768	chr2	38462090	38462650	.	561	442	646	606	332	400	292
peak_7769	chr2	38483905	38484389	.	485	306	524	712	210	196	186
peak_7770	chr2	38709842	38710367	.	526	314	394	450	388	474	408
peak_7771	chr2	38720505	38721124	.	620	398	458	468	428	590	454
peak_7772	chr2	39492080	39492438	.	359	134	252	234	286	388	252
peak_7773	chr2	39538861	39539518	.	658	284	456	460	636	732	582
peak_7774	chr2	39837907	39839190	.	1284	614	1096	1136	1016	1046	760
peak_7775	chr2	40993535	40993809	.	275	148	156	162	272	414	250
peak_7776	chr2	41861967	41862265	.	299	98	114	106	174	186	140
peak_7777	chr2	41990544	41991277	.	734	406	664	752	606	864	472
peak_7778	chr2	41994159	41994755	.	597	348	556	642	496	478	364
peak_7779	chr2	42010702	42011559	.	858	528	850	744	422	490	362
peak_7780	chr2	42342529	42343352	.	824	748	1474	1626	1284	1760	1228
peak_7781	chr2	42493964	42495223	.	1260	816	1670	1806	936	1118	792
peak_7782	chr2	42504216	42504640	.	425	128	232	244	264	372	230
peak_7783	chr2	42543987	42544415	.	429	192	348	362	356	434	294
peak_7784	chr2	42754131	42754909	.	779	570	1048	1128	826	974	702
peak_7785	chr2	42766712	42768966	.	2255	1440	2974	3052	1772	2408	1560
peak_7786	chr2	42809848	42811817	.	1970	1236	2648	2740	1294	1820	1118
peak_7787	chr2	42829654	42829999	.	346	224	500	514	328	338	256
peak_7788	chr2	42881714	42882082	.	369	120	144	202	212	292	198
peak_7789	chr2	42895121	42896110	.	990	618	1002	1044	854	1022	678
peak_7790	chr2	42922802	42923308	.	507	344	518	626	436	516	342
peak_7791	chr2	42935625	42936181	.	557	312	664	594	356	614	414
peak_7792	chr2	42936820	42937475	.	656	370	778	918	520	732	542
peak_7793	chr2	43040250	43040815	.	566	350	570	540	430	484	370
peak_7794	chr2	43048781	43049558	.	778	468	894	846	570	790	610
peak_7795	chr2	43052089	43052821	.	733	290	628	626	520	550	368
peak_7796	chr2	43068797	43069629	.	833	472	858	924	622	720	600
peak_7797	chr2	43074926	43076484	.	1559	818	1284	1292	932	1142	772
peak_7798	chr2	43152727	43154094	.	1368	994	1836	1890	946	1150	784
peak_7799	chr2	43157952	43158752	.	801	580	1086	1066	658	856	662
peak_7800	chr2	43168718	43169858	.	1141	598	1452	1394	744	966	674
peak_7801	chr2	43209881	43211254	.	1374	962	1606	1816	684	762	606
peak_7802	chr2	43227228	43227516	.	289	238	792	930	362	644	468
peak_7803	chr2	43737350	43737879	.	530	188	396	396	406	580	350
peak_7804	chr2	43871595	43872354	.	760	378	584	656	536	544	412
peak_7805	chr2	44044213	44044729	.	517	394	838	960	584	782	536
peak_7806	chr2	44178971	44179265	.	295	136	162	194	252	320	216
peak_7807	chr2	44760989	44761414	.	426	300	438	462	468	530	378
peak_7808	chr2	45342104	45343048	.	945	554	746	796	676	664	528
peak_7809	chr2	45635464	45635733	.	270	126	218	198	254	340	260
peak_7810	chr2	45681676	45681992	.	317	224	430	390	344	458	348
peak_7811	chr2	45799838	45800501	.	664	336	612	498	434	542	374
peak_7812	chr2	45935533	45936614	.	1082	1100	2290	2064	1542	2256	1432
peak_7813	chr2	45963857	45964481	.	625	226	456	532	460	570	328
peak_7814	chr2	45965885	45966455	.	571	198	286	236	374	576	336
peak_7815	chr2	46178747	46179386	.	640	396	604	696	578	680	448
peak_7816	chr2	46224770	46225242	.	473	242	578	436	680	1134	664
peak_7817	chr2	46238843	46240203	.	1361	702	932	1064	1008	1316	992
peak_7818	chr2	46379399	46379841	.	443	282	452	468	522	720	538
peak_7819	chr2	46408849	46409680	.	832	564	974	1178	642	994	614
peak_7820	chr2	46528324	46528714	.	391	200	310	324	350	488	344
peak_7821	chr2	46563094	46563524	.	431	396	538	638	692	878	664
peak_7822	chr2	46616034	46617293	.	1260	816	1682	1828	888	1278	806
peak_7823	chr2	46805399	46805775	.	377	230	310	380	252	388	220
peak_7824	chr2	46870505	46870881	.	377	162	382	420	238	370	236
peak_7825	chr2	46872030	46872545	.	516	234	320	302	420	524	400
peak_7826	chr2	46876825	46877580	.	756	634	1098	1208	1018	1072	764
peak_7827	chr2	46941471	46942426	.	956	468	922	1060	546	640	372
peak_7828	chr2	46984620	46987309	.	2690	1380	2670	2834	1570	2308	1568
peak_7829	chr2	47016269	47016876	.	608	510	858	928	432	608	372
peak_7830	chr2	47019844	47022769	.	2926	1874	3098	3228	1668	1854	1262
peak_7831	chr2	47028881	47030317	.	1437	942	1726	1838	1248	1448	1008
peak_7832	chr2	47033256	47035089	.	1834	1502	2858	2530	1352	1770	1280
peak_7833	chr2	47039705	47040791	.	1087	596	838	912	486	620	374
peak_7834	chr2	47042880	47044220	.	1341	1194	2508	2414	1234	1492	1066
peak_7835	chr2	47076297	47078048	.	1752	902	1728	1720	1116	1170	890
peak_7836	chr2	47198887	47199399	.	513	480	876	672	442	556	398
peak_7837	chr2	48415223	48415818	.	596	300	470	466	398	550	382
peak_7838	chr2	48544952	48545718	.	767	488	756	732	772	862	694
peak_7839	chr2	48722062	48722755	.	694	226	274	352	500	526	386
peak_7840	chr2	48781498	48781877	.	380	222	334	338	238	364	298
peak_7841	chr2	49702871	49703099	.	229	86	128	126	258	282	242
peak_7842	chr2	51846588	51846822	.	235	74	96	138	172	230	152
peak_7843	chr2	52448163	52448416	.	254	102	132	150	276	318	212
peak_7844	chr2	53202938	53203133	.	196	54	74	104	188	252	172
peak_7845	chr2	53311802	53312084	.	283	84	236	242	264	394	290
peak_7846	chr2	53490691	53491013	.	323	194	320	350	348	478	318
peak_7847	chr2	54081567	54082022	.	456	368	446	526	628	862	658
peak_7848	chr2	54968726	54969131	.	406	168	258	258	264	348	254
peak_7849	chr2	55140474	55140824	.	351	184	238	236	366	426	258
peak_7850	chr2	55757338	55757617	.	280	110	186	206	254	400	364
peak_7851	chr2	57443949	57444690	.	742	412	448	462	726	912	588
peak_7852	chr2	57842599	57842836	.	238	120	140	136	202	266	162
peak_7853	chr2	59112835	59113401	.	567	178	204	348	454	420	336
peak_7854	chr2	59150301	59150707	.	407	122	174	196	298	398	290
peak_7855	chr2	60046672	60047565	.	894	496	764	826	968	1158	820
peak_7856	chr2	60957639	60958136	.	498	270	336	300	382	416	366
peak_7857	chr2	60958777	60959090	.	314	92	108	234	254	274	220
peak_7858	chr2	61178024	61178599	.	576	380	828	814	508	736	404
peak_7859	chr2	61180108	61180936	.	829	434	714	846	376	296	278
peak_7860	chr2	61536230	61537158	.	929	762	1408	1256	948	1126	780
peak_7861	chr2	61659384	61659740	.	357	210	272	290	346	382	234
peak_7862	chr2	61853750	61855337	.	1588	960	1618	1738	1016	1092	808
peak_7863	chr2	62189866	62191153	.	1288	568	894	1038	476	500	360
peak_7864	chr2	62382780	62383349	.	570	438	760	598	830	1160	762
peak_7865	chr2	62387281	62387679	.	399	198	148	166	178	294	148
peak_7866	chr2	62406645	62407156	.	512	354	506	500	740	818	698
peak_7867	chr2	62447162	62448408	.	1247	772	1108	1172	922	918	680
peak_7868	chr2	62456347	62457175	.	829	542	1126	1326	834	1098	802
peak_7869	chr2	62856246	62857083	.	838	318	526	570	606	624	446
peak_7870	chr2	64291270	64291507	.	238	104	218	298	320	290	264
peak_7871	chr2	64391500	64391824	.	325	102	226	194	320	446	304
peak_7872	chr2	64400807	64401510	.	704	450	840	990	664	820	622
peak_7873	chr2	64485102	64485626	.	525	270	354	442	220	258	190
peak_7874	chr2	64606436	64606916	.	481	286	458	584	390	508	362
peak_7875	chr2	64675948	64676210	.	263	226	512	464	374	568	396
peak_7876	chr2	64830877	64831648	.	772	664	1638	1672	1108	1614	1154
peak_7877	chr2	64847300	64848003	.	704	276	434	508	464	558	400
peak_7878	chr2	64854662	64855202	.	541	430	642	610	786	960	594
peak_7879	chr2	64859152	64860018	.	867	538	1042	1162	442	532	402
peak_7880	chr2	64869693	64870280	.	588	228	400	418	440	584	376
peak_7881	chr2	64943522	64944916	.	1395	692	1182	1186	662	754	526
peak_7882	chr2	64963498	64963980	.	483	268	492	476	518	602	462
peak_7883	chr2	64975257	64975714	.	458	272	538	442	492	634	418
peak_7884	chr2	64979688	64980461	.	774	368	562	626	608	758	552
peak_7885	chr2	65070177	65071330	.	1154	898	1654	1764	1292	1526	1076
peak_7886	chr2	65153498	65153789	.	292	194	242	240	266	356	260
peak_7887	chr2	65319454	65320801	.	1348	906	1514	1642	1342	1528	1020
peak_7888	chr2	65367542	65367942	.	401	308	576	528	424	584	450
peak_7889	chr2	65382803	65383319	.	517	414	898	972	542	752	500
peak_7890	chr2	65554669	65555391	.	723	664	1144	1282	760	994	688
peak_7891	chr2	65567318	65567549	.	232	194	474	322	258	360	274
peak_7892	chr2	65952918	65953550	.	633	282	454	402	634	602	556
peak_7893	chr2	67893584	67894075	.	492	170	248	254	266	458	254
peak_7894	chr2	68832189	68832890	.	702	572	978	910	906	936	724
peak_7895	chr2	68898262	68898706	.	445	178	248	266	356	338	342
peak_7896	chr2	68908428	68908877	.	450	168	404	434	468	522	352
peak_7897	chr2	69253995	69254321	.	327	114	282	288	332	458	318
peak_7898	chr2	69298227	69298623	.	397	264	488	570	324	532	318
peak_7899	chr2	69564642	69565739	.	1098	564	722	834	750	880	576
peak_7900	chr2	69770328	69770694	.	367	466	880	688	596	816	476
peak_7901	chr2	69914135	69915831	.	1697	1290	3854	3300	1528	2202	1432
peak_7902	chr2	69999699	70000091	.	393	236	510	604	328	406	298
peak_7903	chr2	70009930	70010574	.	645	436	834	856	678	670	484
peak_7904	chr2	70094141	70094907	.	767	518	1044	1064	672	948	704
peak_7905	chr2	70108771	70109416	.	646	708	1664	1410	872	1532	936
peak_7906	chr2	70386187	70386557	.	371	154	284	374	302	392	260
peak_7907	chr2	70467892	70468474	.	583	386	556	692	512	736	508
peak_7908	chr2	70516630	70518220	.	1591	990	1656	1772	1210	1804	1098
peak_7909	chr2	70641018	70641688	.	671	358	590	662	466	536	476
peak_7910	chr2	70645439	70646012	.	574	456	650	650	388	436	270
peak_7911	chr2	70712505	70713202	.	698	478	656	766	684	768	588
peak_7912	chr2	70936299	70936829	.	531	414	556	552	542	588	408
peak_7913	chr2	70947327	70948118	.	792	648	974	986	598	734	510
peak_7914	chr2	70959456	70959793	.	338	226	390	396	256	326	234
peak_7915	chr2	71001608	71002570	.	963	542	826	862	524	568	432
peak_7916	chr2	71005586	71005971	.	386	210	436	438	348	432	316
peak_7917	chr2	71008355	71008746	.	392	196	352	390	282	304	260
peak_7918	chr2	71015640	71017589	.	1950	602	504	508	1178	1320	680
peak_7919	chr2	71039142	71040070	.	929	474	562	418	832	972	572
peak_7920	chr2	71040143	71040629	.	487	208	200	238	302	334	224
peak_7921	chr2	71052909	71053479	.	571	156	184	222	346	422	240
peak_7922	chr2	71154817	71157702	.	2886	1388	2316	2596	1322	1612	1044
peak_7923	chr2	71226337	71227605	.	1269	970	2424	2284	1276	1778	1268
peak_7924	chr2	71287546	71287894	.	349	240	300	364	344	424	268
peak_7925	chr2	71494258	71495055	.	798	236	396	482	570	618	448
peak_7926	chr2	71498238	71498687	.	450	576	1160	1030	976	1516	1002
peak_7927	chr2	71531695	71532046	.	352	144	292	276	308	394	276
peak_7928	chr2	71552399	71556447	.	4049	2206	3762	4022	2010	2190	1508
peak_7929	chr2	71558326	71559239	.	914	482	1124	1298	568	814	556
peak_7930	chr2	71572129	71573553	.	1425	640	970	1028	842	868	650
peak_7931	chr2	71573961	71578849	.	4889	2192	3716	3898	1662	1878	1266
peak_7932	chr2	71583303	71584901	.	1599	690	1164	1192	434	410	272
peak_7933	chr2	71667689	71668097	.	409	204	366	452	292	360	322
peak_7934	chr2	71683631	71687098	.	3468	1338	2330	2512	1180	1238	1030
peak_7935	chr2	71792334	71793505	.	1172	538	808	830	608	684	464
peak_7936	chr2	71804670	71805166	.	497	358	494	510	408	474	378
peak_7937	chr2	71882936	71883899	.	964	704	1238	1242	816	1176	876
peak_7938	chr2	71887240	71887655	.	416	264	278	322	290	354	240
peak_7939	chr2	71934663	71935882	.	1220	572	1142	1246	688	872	646
peak_7940	chr2	72012670	72013790	.	1121	1038	1738	2016	1278	1584	1200
peak_7941	chr2	72027526	72028188	.	663	518	1228	1204	828	1088	800
peak_7942	chr2	72053280	72053946	.	667	428	622	632	822	934	632
peak_7943	chr2	72078771	72079248	.	478	306	388	400	454	434	342
peak_7944	chr2	72081447	72082682	.	1236	646	1366	1346	1000	1474	1124
peak_7945	chr2	72104697	72105406	.	710	552	710	888	708	720	660
peak_7946	chr2	72893644	72895107	.	1464	1130	1850	1946	1250	1586	1078
peak_7947	chr2	72928160	72928818	.	659	454	552	548	726	690	506
peak_7948	chr2	72931151	72931609	.	459	260	544	628	422	736	482
peak_7949	chr2	72936904	72937854	.	951	522	1104	1266	666	900	700
peak_7950	chr2	73000183	73000725	.	543	258	512	474	342	490	310
peak_7951	chr2	73034106	73034456	.	351	242	292	280	384	402	276
peak_7952	chr2	73036708	73037362	.	655	284	588	632	456	536	400
peak_7953	chr2	73266661	73267256	.	596	414	582	542	526	586	388
peak_7954	chr2	73291071	73293024	.	1954	892	1636	1666	650	788	542
peak_7955	chr2	74003601	74005278	.	1678	958	1548	1632	854	956	792
peak_7956	chr2	74039679	74040330	.	652	334	448	450	594	706	452
peak_7957	chr2	74137737	74139879	.	2143	766	1260	1262	614	634	454
peak_7958	chr2	74146266	74146880	.	615	384	760	582	362	472	300
peak_7959	chr2	74379692	74380998	.	1307	918	1320	1402	586	592	470
peak_7960	chr2	74391138	74392193	.	1056	554	962	914	516	664	432
peak_7961	chr2	74464385	74465806	.	1422	660	1608	1458	672	944	632
peak_7962	chr2	74506597	74508475	.	1879	1166	2562	2422	1370	1914	1346
peak_7963	chr2	74549525	74549989	.	465	282	692	752	406	550	384
peak_7964	chr2	74658258	74658896	.	639	230	304	398	412	468	346
peak_7965	chr2	74831990	74832261	.	272	128	198	194	246	346	188
peak_7966	chr2	74833495	74834080	.	586	396	880	808	530	812	616
peak_7967	chr2	74841494	74842043	.	550	198	372	406	386	466	362
peak_7968	chr2	74844007	74844279	.	273	136	238	276	304	370	244
peak_7969	chr2	74845238	74845808	.	571	328	692	652	456	578	364
peak_7970	chr2	74867749	74868480	.	732	430	680	798	628	682	426
peak_7971	chr2	74915275	74916219	.	945	470	914	832	572	752	474
peak_7972	chr2	74917792	74918079	.	288	272	368	340	544	604	420
peak_7973	chr2	75026005	75026338	.	334	254	310	340	396	536	338
peak_7974	chr2	76406071	76406874	.	804	462	724	856	526	770	482
peak_7975	chr2	77605464	77605824	.	361	120	178	144	334	334	252
peak_7976	chr2	78773527	78773975	.	449	160	252	268	330	482	334
peak_7977	chr2	84481432	84482133	.	702	364	614	538	464	574	522
peak_7978	chr2	85314348	85314839	.	492	172	308	338	318	418	332
peak_7979	chr2	85414466	85415051	.	586	258	428	404	328	348	272
peak_7980	chr2	85504508	85505377	.	870	498	1028	916	664	974	742
peak_7981	chr2	85594975	85596320	.	1346	502	894	996	526	616	410
peak_7982	chr2	85701494	85701880	.	387	94	206	176	202	224	156
peak_7983	chr2	85813143	85814461	.	1319	470	730	686	394	428	286
peak_7984	chr2	86068103	86068535	.	433	152	256	314	226	238	200
peak_7985	chr2	86704324	86704984	.	661	366	570	582	526	718	484
peak_7986	chr2	88627260	88628342	.	1083	908	1960	1836	1284	1654	1214
peak_7987	chr2	88666429	88666913	.	485	184	428	394	444	472	354
peak_7988	chr2	88858176	88858464	.	289	170	296	330	190	222	200
peak_7989	chr2	89155402	89155791	.	390	166	314	276	232	342	158
peak_7990	chr2	89208379	89208875	.	497	198	416	434	468	588	386
peak_7991	chr2	89973898	89974182	.	285	66	246	232	214	284	202
peak_7992	chr2	90026137	90026372	.	236	92	244	188	146	280	156
peak_7993	chr2	91771229	91771832	.	604	302	510	466	382	442	246
peak_7994	chr2	91781013	91781211	.	199	104	278	262	168	154	88
peak_7995	chr2	94999211	95000000	.	790	466	782	856	566	716	516
peak_7996	chr2	95000968	95001931	.	964	720	1132	1296	816	1114	808
peak_7997	chr2	95016669	95017493	.	825	690	1140	1190	686	806	582
peak_7998	chr2	95021624	95023052	.	1429	1022	1828	1848	1146	1362	940
peak_7999	chr2	95034047	95035268	.	1222	816	1304	1210	658	574	504
peak_8000	chr2	95036359	95037389	.	1031	428	798	690	674	762	564
peak_8001	chr2	95042830	95044067	.	1238	868	1466	1380	722	680	598
peak_8002	chr2	95076712	95077727	.	1016	642	1084	1172	562	692	528
peak_8003	chr2	95300209	95303866	.	3658	2388	4636	5090	2918	3692	2698
peak_8004	chr2	95306087	95308001	.	1915	980	1716	1800	948	930	740
peak_8005	chr2	95308148	95313626	.	5479	3040	5554	5704	2866	3654	2494
peak_8006	chr2	95314427	95319070	.	4644	2644	4774	5134	2230	2882	2102
peak_8007	chr2	95322323	95324253	.	1931	1150	2162	2140	1096	1454	878
peak_8008	chr2	95326371	95329067	.	2697	1604	2604	2924	1330	1702	1240
peak_8009	chr2	95330032	95330818	.	787	534	984	1118	506	630	440
peak_8010	chr2	95333467	95334359	.	893	750	1610	1316	922	1416	1130
peak_8011	chr2	95345123	95346123	.	1001	710	1656	1870	912	1378	890
peak_8012	chr2	95350131	95350694	.	564	388	752	742	622	896	512
peak_8013	chr2	95527084	95527748	.	665	262	660	622	424	550	362
peak_8014	chr2	95760859	95761927	.	1069	612	1378	1330	736	1062	734
peak_8015	chr2	96082846	96085095	.	2250	1028	1682	1776	690	794	540
peak_8016	chr2	96108142	96111401	.	3260	1232	2164	2272	696	748	554
peak_8017	chr2	96111785	96112892	.	1108	722	1290	1450	872	1022	698
peak_8018	chr2	96133432	96136878	.	3447	2054	3568	3744	1514	1592	1338
peak_8019	chr2	96137462	96138563	.	1102	780	1272	1244	670	650	446
peak_8020	chr2	96148397	96149103	.	707	502	1388	1648	822	1284	934
peak_8021	chr2	96152993	96153781	.	789	678	1158	1224	810	1024	702
peak_8022	chr2	96173954	96174817	.	864	590	924	978	616	706	450
peak_8023	chr2	96259535	96260040	.	506	210	326	324	312	398	272
peak_8024	chr2	96399596	96400404	.	809	756	1266	1318	896	1290	824
peak_8025	chr2	96403524	96403939	.	416	216	354	378	296	350	256
peak_8026	chr2	96427787	96428323	.	537	346	598	652	566	810	494
peak_8027	chr2	96505211	96505721	.	511	588	828	822	640	842	470
peak_8028	chr2	96556493	96557406	.	914	704	1700	1534	956	1450	1054
peak_8029	chr2	96608412	96609327	.	916	582	988	996	826	1024	688
peak_8030	chr2	96690750	96691192	.	443	496	962	940	710	994	774
peak_8031	chr2	96692230	96692989	.	760	688	1110	1084	782	896	652
peak_8032	chr2	96769780	96770180	.	401	300	484	510	298	368	282
peak_8033	chr2	96809946	96811638	.	1693	1122	1782	1872	976	1002	818
peak_8034	chr2	96815277	96817607	.	2331	1190	2526	2826	1284	1768	1226
peak_8035	chr2	96876531	96877316	.	786	764	1368	1418	626	760	630
peak_8036	chr2	96923928	96924872	.	945	612	964	892	692	880	524
peak_8037	chr2	96951250	96951789	.	540	526	1004	1028	538	848	546
peak_8038	chr2	97047127	97047476	.	350	192	268	266	302	350	322
peak_8039	chr2	97662745	97664413	.	1669	994	1988	1962	1200	1578	1050
peak_8040	chr2	97733384	97734604	.	1221	670	1090	1138	896	1022	744
peak_8041	chr2	97736677	97737523	.	847	540	1038	1162	662	728	500
peak_8042	chr2	97751545	97752022	.	478	258	608	704	572	818	596
peak_8043	chr2	98016043	98016762	.	720	724	996	1048	914	1078	784
peak_8044	chr2	98123210	98123936	.	727	508	826	892	744	932	600
peak_8045	chr2	98158278	98158981	.	704	290	542	520	360	566	370
peak_8046	chr2	98543339	98543908	.	570	396	696	728	418	448	416
peak_8047	chr2	98546888	98548187	.	1300	986	1630	1712	1096	1420	1014
peak_8048	chr2	98567770	98568421	.	652	370	660	750	416	720	492
peak_8049	chr2	98737714	98738226	.	513	270	388	408	408	430	336
peak_8050	chr2	98766201	98766528	.	328	198	348	454	274	366	306
peak_8051	chr2	98774824	98775362	.	539	308	520	610	330	436	340
peak_8052	chr2	98780090	98780620	.	531	140	298	284	378	408	334
peak_8053	chr2	98798989	98799316	.	328	228	320	404	212	476	248
peak_8054	chr2	98903898	98904613	.	716	488	696	664	490	524	432
peak_8055	chr2	98913199	98914204	.	1006	862	1500	1612	964	1136	882
peak_8056	chr2	98915175	98916097	.	923	532	1050	1086	776	734	612
peak_8057	chr2	98916997	98917288	.	292	228	434	346	362	486	226
peak_8058	chr2	99337110	99338401	.	1292	688	1444	1414	754	948	674
peak_8059	chr2	99710767	99711168	.	402	222	458	472	334	552	322
peak_8060	chr2	99866448	99866734	.	287	146	470	406	372	562	396
peak_8061	chr2	99880183	99880964	.	782	552	1396	1208	922	1164	812
peak_8062	chr2	100274047	100274372	.	326	296	336	346	394	532	334
peak_8063	chr2	100291195	100292008	.	814	618	1180	1150	610	956	540
peak_8064	chr2	100423387	100423965	.	579	276	362	306	456	542	316
peak_8065	chr2	100439858	100440458	.	601	336	652	634	560	678	528
peak_8066	chr2	100440936	100441384	.	449	152	200	200	416	612	346
peak_8067	chr2	100616713	100617116	.	404	246	328	364	350	594	370
peak_8068	chr2	100620506	100620896	.	391	228	356	422	332	478	374
peak_8069	chr2	100709427	100709749	.	323	178	184	280	324	386	256
peak_8070	chr2	100733406	100734133	.	728	348	546	454	542	556	418
peak_8071	chr2	100960403	100960985	.	583	328	646	728	588	812	540
peak_8072	chr2	100987453	100988362	.	910	558	900	910	900	1066	678
peak_8073	chr2	101060562	101061125	.	564	318	466	602	458	654	400
peak_8074	chr2	101112015	101112289	.	275	172	304	214	280	374	310
peak_8075	chr2	101120643	101121057	.	415	408	700	756	702	796	704
peak_8076	chr2	101351040	101351702	.	663	308	522	698	668	710	488
peak_8077	chr2	101380258	101381222	.	965	600	1050	1068	812	1078	728
peak_8078	chr2	101402068	101402754	.	687	342	588	602	532	628	408
peak_8079	chr2	101406541	101407344	.	804	416	492	604	712	872	534
peak_8080	chr2	101440288	101440782	.	495	256	364	344	406	574	362
peak_8081	chr2	101501498	101501768	.	271	208	254	244	332	414	262
peak_8082	chr2	101630221	101631109	.	889	726	1556	1358	1216	1596	1122
peak_8083	chr2	101820522	101820947	.	426	460	738	720	774	1028	704
peak_8084	chr2	101827256	101827910	.	655	330	352	336	414	550	318
peak_8085	chr2	101854959	101855283	.	325	162	202	204	334	442	340
peak_8086	chr2	102020673	102021205	.	533	396	674	758	672	840	640
peak_8087	chr2	102041455	102041798	.	344	202	258	248	306	332	284
peak_8088	chr2	102064059	102064492	.	434	372	730	568	330	360	246
peak_8089	chr2	102104040	102104701	.	662	544	842	974	534	554	544
peak_8090	chr2	102279063	102279369	.	307	120	174	212	260	254	258
peak_8091	chr2	102664431	102664774	.	344	188	380	390	436	680	446
peak_8092	chr2	102915191	102915449	.	259	54	142	178	186	250	136
peak_8093	chr2	104370624	104370920	.	297	180	184	256	280	388	224
peak_8094	chr2	104589933	104590438	.	506	108	198	156	262	396	268
peak_8095	chr2	104735836	104736395	.	560	384	688	778	500	672	482
peak_8096	chr2	104852977	104853422	.	446	346	640	628	328	586	334
peak_8097	chr2	104896543	104896840	.	298	122	226	186	236	280	180
peak_8098	chr2	105129942	105130299	.	358	190	234	250	502	542	360
peak_8099	chr2	105196267	105197055	.	789	270	358	368	498	524	354
peak_8100	chr2	105238673	105239107	.	435	316	576	592	470	534	344
peak_8101	chr2	105255784	105256101	.	318	78	142	116	184	248	188
peak_8102	chr2	105330789	105331251	.	463	278	436	510	374	468	330
peak_8103	chr2	105403838	105404682	.	845	624	1304	1124	816	1112	720
peak_8104	chr2	105722103	105722560	.	458	316	444	452	682	758	606
peak_8105	chr2	105802546	105802955	.	410	208	320	390	350	484	382
peak_8106	chr2	106057224	106057558	.	335	180	268	216	254	326	200
peak_8107	chr2	106115063	106115660	.	598	482	742	754	814	814	636
peak_8108	chr2	106143573	106144172	.	600	410	652	720	568	732	500
peak_8109	chr2	106184527	106184917	.	391	132	218	200	354	342	194
peak_8110	chr2	106189764	106190495	.	732	320	436	374	580	744	434
peak_8111	chr2	106538797	106539285	.	489	228	524	512	426	518	460
peak_8112	chr2	107112496	107112861	.	366	94	132	118	230	262	242
peak_8113	chr2	107303956	107304371	.	416	254	378	332	572	646	402
peak_8114	chr2	108189443	108189742	.	300	198	348	286	350	492	340
peak_8115	chr2	108288598	108289042	.	445	274	626	610	534	756	546
peak_8116	chr2	108291031	108291420	.	390	176	338	326	294	464	328
peak_8117	chr2	108348914	108349832	.	919	724	924	878	758	1004	706
peak_8118	chr2	108536337	108536683	.	347	190	314	286	394	376	248
peak_8119	chr2	108652556	108652918	.	363	214	438	344	366	522	334
peak_8120	chr2	108996614	108997124	.	511	334	586	498	358	426	370
peak_8121	chr2	109134757	109135412	.	656	370	526	494	278	326	204
peak_8122	chr2	109160924	109161516	.	593	394	510	556	468	486	360
peak_8123	chr2	109213589	109214397	.	809	610	1290	1158	772	972	580
peak_8124	chr2	109239744	109240335	.	592	370	558	596	494	680	438
peak_8125	chr2	109242938	109243559	.	622	410	688	758	514	724	522
peak_8126	chr2	109256955	109257306	.	352	294	496	552	368	524	330
peak_8127	chr2	109260192	109261683	.	1492	1012	1456	1578	1026	1096	704
peak_8128	chr2	109273219	109273949	.	731	464	762	884	576	856	526
peak_8129	chr2	109282769	109283271	.	503	354	642	650	370	518	332
peak_8130	chr2	109284332	109285885	.	1554	994	1858	1870	1370	1580	1086
peak_8131	chr2	109285987	109286678	.	692	470	702	606	460	596	400
peak_8132	chr2	109331883	109333204	.	1322	1062	1992	1954	1116	1446	832
peak_8133	chr2	109351119	109351970	.	852	886	1484	1396	1264	1890	1396
peak_8134	chr2	109388851	109389448	.	598	408	666	658	448	562	474
peak_8135	chr2	109396414	109397045	.	632	412	756	876	504	736	478
peak_8136	chr2	109416931	109418184	.	1254	796	1244	1280	558	748	466
peak_8137	chr2	109455068	109455494	.	427	222	378	474	372	412	308
peak_8138	chr2	109511079	109513198	.	2120	1438	2588	2470	1636	2068	1354
peak_8139	chr2	109515762	109516721	.	960	718	990	1044	484	496	396
peak_8140	chr2	109522564	109524439	.	1876	1408	2156	2254	1482	1734	1194
peak_8141	chr2	109532496	109533176	.	681	444	618	780	590	730	450
peak_8142	chr2	109651621	109652196	.	576	284	330	442	406	494	336
peak_8143	chr2	109693246	109693794	.	549	176	306	318	356	432	348
peak_8144	chr2	109701988	109702690	.	703	510	670	676	816	910	590
peak_8145	chr2	110657729	110658169	.	441	134	110	104	246	370	244
peak_8146	chr2	110674582	110675156	.	575	322	750	836	450	786	496
peak_8147	chr2	110713412	110713964	.	553	328	456	518	478	648	526
peak_8148	chr2	110752910	110753277	.	368	136	286	260	306	382	264
peak_8149	chr2	110754968	110755308	.	341	374	554	574	632	762	622
peak_8150	chr2	110782879	110783250	.	372	108	198	186	296	324	232
peak_8151	chr2	110827989	110828771	.	783	362	428	534	638	690	512
peak_8152	chr2	110837783	110838811	.	1029	502	694	624	780	770	440
peak_8153	chr2	110869426	110870335	.	910	786	1454	1600	898	1114	710
peak_8154	chr2	111031655	111032079	.	425	330	560	624	518	594	462
peak_8155	chr2	111178236	111179343	.	1108	708	1078	1154	506	656	478
peak_8156	chr2	111250590	111250973	.	384	258	302	280	328	302	248
peak_8157	chr2	111547971	111548155	.	185	64	142	148	126	218	120
peak_8158	chr2	111611288	111611379	.	92	76	62	58	100	150	80
peak_8159	chr2	111659511	111660018	.	508	256	588	582	592	812	446
peak_8160	chr2	111678612	111678993	.	382	162	342	358	408	632	294
peak_8161	chr2	111703836	111704713	.	878	590	1336	1196	746	1070	584
peak_8162	chr2	111705713	111706178	.	466	748	1778	1290	1208	1534	1030
peak_8163	chr2	111706430	111707025	.	596	474	962	1026	642	892	640
peak_8164	chr2	112024885	112025714	.	830	394	646	690	536	538	414
peak_8165	chr2	112187791	112188488	.	698	374	532	594	728	1104	678
peak_8166	chr2	112457195	112457759	.	565	206	342	326	574	542	506
peak_8167	chr2	112541907	112542844	.	938	638	1432	1382	962	1118	760
peak_8168	chr2	112691950	112692888	.	939	732	1616	1520	1082	1530	1018
peak_8169	chr2	112722971	112727230	.	4260	2548	5000	5072	2738	3378	2334
peak_8170	chr2	112881217	112881682	.	466	282	384	390	334	492	372
peak_8171	chr2	112915315	112916205	.	891	694	892	832	832	894	652
peak_8172	chr2	113053785	113054522	.	738	382	558	676	598	822	552
peak_8173	chr2	113056578	113056843	.	266	98	194	196	280	338	236
peak_8174	chr2	113062246	113063352	.	1107	600	864	964	744	752	600
peak_8175	chr2	113123993	113124926	.	934	532	760	808	598	574	448
peak_8176	chr2	113157556	113158641	.	1086	586	1232	1166	682	978	656
peak_8177	chr2	113181121	113183419	.	2299	1158	2160	2232	674	792	566
peak_8178	chr2	113232109	113233151	.	1043	672	1136	1130	830	974	682
peak_8179	chr2	113240024	113242855	.	2832	1936	4552	3708	2586	3456	2332
peak_8180	chr2	113780549	113780925	.	377	154	186	164	362	440	288
peak_8181	chr2	113818361	113818924	.	564	482	1006	1000	748	958	666
peak_8182	chr2	113847020	113847600	.	581	372	526	502	570	668	496
peak_8183	chr2	115425777	115426038	.	262	132	140	160	254	288	170
peak_8184	chr2	116412583	116412905	.	323	142	208	162	282	366	212
peak_8185	chr2	117057019	117057428	.	410	170	286	300	360	556	348
peak_8186	chr2	118177981	118178351	.	371	190	248	310	340	404	264
peak_8187	chr2	118386921	118387818	.	898	514	618	654	760	774	562
peak_8188	chr2	118772021	118772960	.	940	374	458	474	608	672	506
peak_8189	chr2	118973680	118974481	.	802	558	1224	1292	1134	1632	1048
peak_8190	chr2	119004450	119004898	.	449	146	222	280	338	388	330
peak_8191	chr2	119005545	119005877	.	333	178	374	400	314	408	264
peak_8192	chr2	119083535	119084027	.	493	166	364	318	294	362	296
peak_8193	chr2	119117347	119118146	.	800	416	670	662	400	360	306
peak_8194	chr2	119135354	119136615	.	1262	744	1554	1538	784	1110	724
peak_8195	chr2	119147276	119148337	.	1062	756	1054	1080	720	718	478
peak_8196	chr2	119160310	119160925	.	616	346	540	564	568	694	516
peak_8197	chr2	119208754	119209490	.	737	848	1404	1216	980	1320	1070
peak_8198	chr2	119240463	119241362	.	900	692	1356	1246	688	1044	708
peak_8199	chr2	119242133	119244038	.	1906	1044	1752	1588	812	920	568
peak_8200	chr2	119252098	119253254	.	1157	1032	1942	1792	1244	1622	1122
peak_8201	chr2	119387706	119388116	.	411	338	574	534	646	886	578
peak_8202	chr2	119490766	119491450	.	685	572	1058	1062	560	758	538
peak_8203	chr2	119593872	119594413	.	542	242	290	312	390	496	292
peak_8204	chr2	119687146	119687743	.	598	218	364	308	440	494	296
peak_8205	chr2	119691460	119692235	.	776	592	918	852	580	610	454
peak_8206	chr2	119730830	119731365	.	536	354	510	462	552	772	534
peak_8207	chr2	119759413	119760479	.	1067	638	1472	1532	830	1034	728
peak_8208	chr2	120210368	120210837	.	470	230	408	424	306	454	318
peak_8209	chr2	120227062	120228155	.	1094	748	1486	1690	926	1050	682
peak_8210	chr2	120239570	120240262	.	693	526	940	1092	510	698	476
peak_8211	chr2	120240646	120241341	.	696	588	964	822	658	720	496
peak_8212	chr2	120250271	120251621	.	1351	944	1230	1272	900	906	580
peak_8213	chr2	120307444	120307853	.	410	206	452	504	328	368	270
peak_8214	chr2	120352444	120355955	.	3512	2020	3508	3720	1512	1548	1138
peak_8215	chr2	120366966	120368565	.	1600	904	1532	1658	946	1316	866
peak_8216	chr2	120380010	120383042	.	3033	2158	3516	3496	1856	2330	1794
peak_8217	chr2	120388733	120389975	.	1243	650	1082	1174	430	448	332
peak_8218	chr2	120390867	120391459	.	593	364	510	624	580	756	542
peak_8219	chr2	120395828	120396400	.	573	374	722	906	416	514	380
peak_8220	chr2	120397150	120397887	.	738	482	986	1114	578	786	536
peak_8221	chr2	120444376	120445072	.	697	396	572	664	438	586	428
peak_8222	chr2	120453400	120454484	.	1085	682	1074	1076	976	1142	752
peak_8223	chr2	120464277	120465884	.	1608	866	1540	1536	848	880	714
peak_8224	chr2	120480320	120480886	.	567	396	582	656	404	576	388
peak_8225	chr2	120481008	120483138	.	2131	1240	1820	2118	1104	1316	1130
peak_8226	chr2	120486707	120487488	.	782	674	1324	1244	890	1110	884
peak_8227	chr2	120497022	120497541	.	520	330	712	768	394	568	446
peak_8228	chr2	120499871	120500715	.	845	810	1414	1524	848	1150	724
peak_8229	chr2	120503844	120504785	.	942	710	1382	1386	860	1122	762
peak_8230	chr2	120512030	120512967	.	938	550	1046	972	452	566	338
peak_8231	chr2	120517298	120518188	.	891	740	1158	1170	828	944	640
peak_8232	chr2	120540158	120542074	.	1917	1370	2518	2634	1182	1274	956
peak_8233	chr2	120572107	120573641	.	1535	820	1576	1524	846	926	784
peak_8234	chr2	120597339	120599206	.	1868	818	1274	1108	470	468	390
peak_8235	chr2	120599663	120600320	.	658	622	880	902	670	746	544
peak_8236	chr2	120606142	120607416	.	1275	938	1662	1856	1142	1508	1086
peak_8237	chr2	120625806	120626984	.	1179	730	1090	1164	1020	1170	830
peak_8238	chr2	120672349	120674154	.	1806	1124	2134	2178	864	982	798
peak_8239	chr2	120674249	120675748	.	1500	1210	2342	2552	1446	1998	1318
peak_8240	chr2	120679559	120680370	.	812	576	1154	1106	696	912	572
peak_8241	chr2	120710468	120710746	.	279	148	262	314	206	380	298
peak_8242	chr2	120722595	120723604	.	1010	526	800	842	336	272	262
peak_8243	chr2	120749498	120750297	.	800	562	820	904	758	940	642
peak_8244	chr2	120771245	120772575	.	1331	850	1448	1490	1034	1270	930
peak_8245	chr2	120817135	120818802	.	1668	820	1474	1608	774	968	666
peak_8246	chr2	120825266	120826273	.	1008	886	1656	1766	932	1502	1136
peak_8247	chr2	120829179	120830852	.	1674	1266	1984	1946	1072	1168	710
peak_8248	chr2	120861003	120861480	.	478	290	422	482	364	524	376
peak_8249	chr2	120885203	120886049	.	847	630	1054	1162	672	836	608
peak_8250	chr2	120886323	120887230	.	908	510	898	934	366	418	354
peak_8251	chr2	120911643	120912063	.	421	340	784	820	404	534	440
peak_8252	chr2	120914827	120915740	.	914	766	1384	1344	842	1014	676
peak_8253	chr2	120934098	120935669	.	1572	1008	1866	1718	1332	1944	1010
peak_8254	chr2	120948547	120949666	.	1120	814	1464	1558	878	1198	734
peak_8255	chr2	120962016	120962685	.	670	340	612	496	440	486	300
peak_8256	chr2	120963665	120964365	.	701	540	734	718	580	764	488
peak_8257	chr2	121078277	121078675	.	399	254	434	418	362	466	264
peak_8258	chr2	121080323	121080897	.	575	514	880	916	646	926	494
peak_8259	chr2	121081182	121082470	.	1289	950	1376	1492	964	1126	710
peak_8260	chr2	121100006	121100534	.	529	432	788	810	604	670	472
peak_8261	chr2	121129698	121131038	.	1341	1082	1822	1948	1424	1732	1308
peak_8262	chr2	121134748	121135223	.	476	342	606	710	330	472	266
peak_8263	chr2	121211674	121212458	.	785	576	1212	1216	810	1096	714
peak_8264	chr2	121235619	121238492	.	2874	1340	2058	2052	956	920	622
peak_8265	chr2	121266432	121266847	.	416	204	326	432	344	364	254
peak_8266	chr2	121286119	121287665	.	1547	940	1430	1584	836	894	642
peak_8267	chr2	121613820	121614384	.	565	250	474	522	540	706	486
peak_8268	chr2	121699500	121700409	.	910	620	1348	1392	826	1114	898
peak_8269	chr2	121744366	121744578	.	213	94	140	116	186	214	126
peak_8270	chr2	121844282	121844765	.	484	212	352	340	378	466	286
peak_8271	chr2	121860422	121860810	.	389	300	458	568	464	636	448
peak_8272	chr2	121884340	121885160	.	821	548	818	802	684	900	698
peak_8273	chr2	121901196	121901682	.	487	288	458	430	324	286	280
peak_8274	chr2	121933731	121934266	.	536	296	524	460	522	606	434
peak_8275	chr2	122236101	122236911	.	811	520	1244	1158	874	1300	1078
peak_8276	chr2	122705834	122706213	.	380	124	172	206	204	456	284
peak_8277	chr2	125475347	125475761	.	415	168	290	268	370	486	366
peak_8278	chr2	126042171	126042654	.	484	222	366	368	498	670	434
peak_8279	chr2	126307744	126308797	.	1054	564	904	954	534	564	378
peak_8280	chr2	126444440	126445000	.	561	280	360	418	448	444	338
peak_8281	chr2	126513118	126513352	.	235	142	252	326	244	380	196
peak_8282	chr2	126515465	126515831	.	367	238	356	356	652	792	522
peak_8283	chr2	126527606	126528026	.	421	230	254	240	332	476	302
peak_8284	chr2	126657080	126658562	.	1483	880	1190	1242	802	842	614
peak_8285	chr2	126669976	126672411	.	2436	1562	2454	2432	1384	1602	968
peak_8286	chr2	126679138	126679566	.	429	186	234	246	336	332	228
peak_8287	chr2	126730391	126730777	.	387	210	332	386	302	414	318
peak_8288	chr2	126778139	126779624	.	1486	906	1638	1740	844	902	678
peak_8289	chr2	126786962	126788458	.	1497	1014	1378	1308	918	988	666
peak_8290	chr2	126797865	126798806	.	942	608	1080	1080	894	1242	834
peak_8291	chr2	126808886	126809206	.	321	192	268	260	338	332	258
peak_8292	chr2	126825270	126825587	.	318	268	488	428	554	674	482
peak_8293	chr2	126831684	126832001	.	318	192	386	480	278	340	318
peak_8294	chr2	126839891	126840399	.	509	162	268	198	418	502	340
peak_8295	chr2	126846891	126847198	.	308	162	198	164	232	296	222
peak_8296	chr2	126856247	126857101	.	855	410	626	588	428	478	298
peak_8297	chr2	126885755	126887219	.	1465	1024	2026	2014	1250	1566	1026
peak_8298	chr2	126890641	126892509	.	1869	1530	2306	2268	1618	1926	1232
peak_8299	chr2	126896522	126896899	.	378	246	412	380	634	898	532
peak_8300	chr2	126968341	126969806	.	1466	720	1004	1074	1200	1408	990
peak_8301	chr2	126970541	126970971	.	431	386	590	532	370	502	320
peak_8302	chr2	126973254	126974214	.	961	618	962	1012	688	670	494
peak_8303	chr2	126999359	126999770	.	412	216	330	352	406	506	356
peak_8304	chr2	127000846	127001434	.	589	338	450	462	502	632	388
peak_8305	chr2	127064517	127065246	.	730	688	2212	2064	910	1458	1094
peak_8306	chr2	127078697	127082724	.	4028	2234	4108	4090	1894	2170	1694
peak_8307	chr2	127084668	127085701	.	1034	458	786	860	380	520	424
peak_8308	chr2	127097852	127099363	.	1512	908	1484	1562	862	1156	658
peak_8309	chr2	127104713	127105298	.	586	348	772	788	452	504	410
peak_8310	chr2	127382808	127383347	.	540	300	464	480	484	706	398
peak_8311	chr2	127400616	127402710	.	2095	1130	2064	2244	1022	1406	920
peak_8312	chr2	127565185	127565829	.	645	328	496	496	478	486	362
peak_8313	chr2	127623159	127624184	.	1026	644	1462	1572	818	1094	794
peak_8314	chr2	127635140	127636310	.	1171	740	1322	1284	842	1016	750
peak_8315	chr2	127639396	127642108	.	2713	1860	4074	4234	2274	3120	2050
peak_8316	chr2	127656552	127657243	.	692	452	970	886	482	590	468
peak_8317	chr2	127671604	127672888	.	1285	1168	2030	2076	1372	1448	1096
peak_8318	chr2	127700480	127700918	.	439	348	736	776	478	704	502
peak_8319	chr2	127905448	127905866	.	419	378	474	514	408	356	308
peak_8320	chr2	128260434	128261363	.	930	450	834	918	400	442	290
peak_8321	chr2	128279682	128281535	.	1854	1214	2598	2870	1580	2250	1764
peak_8322	chr2	128300450	128303384	.	2935	1820	3394	3584	2212	2542	1864
peak_8323	chr2	128304504	128305338	.	835	490	1112	1320	644	894	634
peak_8324	chr2	128308254	128308965	.	712	458	686	796	580	714	604
peak_8325	chr2	128309639	128312638	.	3000	1736	3048	3270	1814	2180	1428
peak_8326	chr2	128321181	128324758	.	3578	1716	3044	3270	1532	1956	1490
peak_8327	chr2	128347013	128348012	.	1000	490	910	954	728	840	614
peak_8328	chr2	128366326	128369380	.	3055	1768	2804	3018	1354	1678	1090
peak_8329	chr2	128370373	128371027	.	655	350	694	684	414	594	394
peak_8330	chr2	128371546	128372406	.	861	644	1010	1148	800	1092	714
peak_8331	chr2	128405927	128406616	.	690	596	940	996	424	466	366
peak_8332	chr2	128409026	128410243	.	1218	872	1342	1290	752	810	512
peak_8333	chr2	128439252	128442238	.	2987	1616	2840	3098	1292	1522	1200
peak_8334	chr2	128525631	128527181	.	1551	1208	2536	2648	1408	1908	1314
peak_8335	chr2	128534038	128534487	.	450	308	494	500	504	616	452
peak_8336	chr2	128537023	128537636	.	614	464	814	678	524	612	378
peak_8337	chr2	128603250	128603758	.	509	246	446	502	350	442	288
peak_8338	chr2	128640304	128641599	.	1296	772	1066	1040	860	980	744
peak_8339	chr2	128775739	128776506	.	768	376	650	648	484	698	466
peak_8340	chr2	128777647	128778057	.	411	230	520	494	364	528	464
peak_8341	chr2	128785196	128785511	.	316	240	344	328	278	286	226
peak_8342	chr2	128809902	128810314	.	413	228	254	300	398	372	302
peak_8343	chr2	128812217	128812984	.	768	648	1058	1216	956	980	880
peak_8344	chr2	128813315	128814087	.	773	398	724	814	544	614	468
peak_8345	chr2	128833018	128833645	.	628	420	692	630	358	478	328
peak_8346	chr2	128834342	128835262	.	921	676	1012	1140	780	1064	688
peak_8347	chr2	128868721	128869031	.	311	142	260	288	226	256	246
peak_8348	chr2	128978003	128978742	.	740	530	854	962	838	912	644
peak_8349	chr2	129016498	129016896	.	399	126	194	148	210	276	204
peak_8350	chr2	129064580	129065031	.	452	250	362	406	260	304	268
peak_8351	chr2	129228482	129229092	.	611	228	264	352	434	604	380
peak_8352	chr2	129229883	129230602	.	720	554	720	886	862	1112	798
peak_8353	chr2	129242346	129243639	.	1294	932	1518	1466	1194	1618	1082
peak_8354	chr2	129252886	129253728	.	843	654	972	1108	902	1164	928
peak_8355	chr2	129438434	129439177	.	744	456	840	744	672	678	448
peak_8356	chr2	129490580	129490995	.	416	214	446	450	528	616	540
peak_8357	chr2	129711669	129712321	.	653	372	560	584	438	492	328
peak_8358	chr2	129758939	129760365	.	1427	942	1326	1366	1108	1250	906
peak_8359	chr2	129763039	129763620	.	582	458	770	710	454	510	358
peak_8360	chr2	129765927	129766900	.	974	726	1482	1468	954	1246	922
peak_8361	chr2	129796513	129798178	.	1666	1118	2166	2132	1328	1662	1102
peak_8362	chr2	129831870	129832044	.	175	82	72	78	186	270	140
peak_8363	chr2	129857696	129859455	.	1760	1398	2242	2102	1064	1262	794
peak_8364	chr2	129896167	129896953	.	787	450	600	692	634	728	520
peak_8365	chr2	129909581	129912229	.	2649	1288	2560	2728	1092	1290	946
peak_8366	chr2	129912865	129913608	.	744	444	752	740	652	828	490
peak_8367	chr2	129922734	129924018	.	1285	564	1234	1292	560	726	440
peak_8368	chr2	129929335	129930195	.	861	432	766	760	418	494	296
peak_8369	chr2	130192500	130192910	.	411	158	268	262	252	326	224
peak_8370	chr2	130203232	130203418	.	187	104	244	304	114	186	156
peak_8371	chr2	130313434	130314682	.	1249	748	1322	1446	914	1104	806
peak_8372	chr2	130327726	130328563	.	838	386	754	752	314	368	306
peak_8373	chr2	130371464	130374099	.	2636	1158	2374	2466	1152	1464	1028
peak_8374	chr2	130759880	130762188	.	2309	1378	2198	2356	724	920	592
peak_8375	chr2	130787045	130787546	.	502	392	576	782	478	630	420
peak_8376	chr2	130790470	130791925	.	1456	1360	1928	1856	1390	1726	1284
peak_8377	chr2	130795453	130796693	.	1241	632	1240	1356	676	672	462
peak_8378	chr2	130814820	130815564	.	745	414	672	694	622	698	406
peak_8379	chr2	130822448	130826087	.	3640	1870	3814	3570	1774	2328	1680
peak_8380	chr2	130827936	130829334	.	1399	988	2128	2266	1274	1822	1208
peak_8381	chr2	130834080	130834541	.	462	436	938	778	604	542	468
peak_8382	chr2	130845507	130846482	.	976	542	1208	1418	718	944	594
peak_8383	chr2	130847228	130848823	.	1596	1068	2058	2130	1258	1354	1082
peak_8384	chr2	130850016	130851058	.	1043	754	1528	1458	726	754	596
peak_8385	chr2	130852101	130854042	.	1942	1180	2496	2504	1372	1820	1342
peak_8386	chr2	130872645	130873416	.	772	662	1402	1666	1278	1936	1526
peak_8387	chr2	130891460	130891948	.	489	290	444	502	620	858	592
peak_8388	chr2	130893189	130893946	.	758	596	1012	1122	828	1050	772
peak_8389	chr2	130895104	130895583	.	480	154	204	258	328	448	352
peak_8390	chr2	130898588	130899891	.	1304	912	1432	1474	846	1038	682
peak_8391	chr2	130987888	130988378	.	491	250	542	590	368	486	392
peak_8392	chr2	131481884	131482183	.	300	166	224	176	218	230	148
peak_8393	chr2	131511637	131512429	.	793	296	608	734	236	348	216
peak_8394	chr2	131672259	131673844	.	1586	680	1480	1318	634	820	504
peak_8395	chr2	131802300	131802859	.	560	256	514	508	332	264	194
peak_8396	chr2	131822236	131823389	.	1154	522	1064	1062	756	812	568
peak_8397	chr2	132593162	132593498	.	337	150	220	206	332	418	282
peak_8398	chr2	132959342	132959732	.	391	232	304	364	326	416	374
peak_8399	chr2	133836421	133838260	.	1840	1124	1798	1972	1132	1090	788
peak_8400	chr2	133857014	133857719	.	706	436	550	598	662	778	618
peak_8401	chr2	133956538	133957310	.	773	318	538	604	630	756	454
peak_8402	chr2	134150850	134151270	.	421	212	330	344	372	470	262
peak_8403	chr2	134151387	134152551	.	1165	868	890	1202	1500	1678	1456
peak_8404	chr2	134167134	134167419	.	286	110	140	102	212	260	216
peak_8405	chr2	134268359	134268662	.	304	188	292	338	448	552	400
peak_8406	chr2	134458927	134461160	.	2234	1006	1906	1880	938	1138	768
peak_8407	chr2	134586338	134586857	.	520	294	352	432	498	638	442
peak_8408	chr2	134662579	134663198	.	620	238	394	316	402	502	284
peak_8409	chr2	134668929	134669316	.	388	274	432	388	258	358	232
peak_8410	chr2	134692564	134693123	.	560	376	650	732	524	610	492
peak_8411	chr2	134739307	134740152	.	846	400	590	650	588	678	490
peak_8412	chr2	134918139	134919614	.	1476	1142	3044	2680	1310	1928	1100
peak_8413	chr2	135557601	135557843	.	243	106	196	170	210	354	196
peak_8414	chr2	135559053	135559408	.	356	98	136	174	186	232	192
peak_8415	chr2	135563849	135564115	.	267	114	178	168	268	216	220
peak_8416	chr2	136133393	136133874	.	482	270	494	470	472	638	426
peak_8417	chr2	136381520	136382357	.	838	538	826	788	950	1114	734
peak_8418	chr2	138601982	138602484	.	503	350	416	470	366	402	196
peak_8419	chr2	146873771	146874706	.	936	308	518	636	520	592	426
peak_8420	chr2	147665045	147665505	.	461	206	204	236	462	436	290
peak_8421	chr2	148019987	148021156	.	1170	846	1660	1798	1030	1344	1000
peak_8422	chr2	148616747	148617058	.	312	62	126	120	248	198	194
peak_8423	chr2	149469663	149469996	.	334	82	80	122	212	266	146
peak_8424	chr2	150621965	150622824	.	860	286	596	562	646	714	446
peak_8425	chr2	150625348	150625672	.	325	106	112	174	284	322	206
peak_8426	chr2	150681320	150681748	.	429	110	234	258	452	498	362
peak_8427	chr2	152566708	152566962	.	255	98	112	208	154	214	148
peak_8428	chr2	152694062	152694737	.	676	232	364	386	442	574	360
peak_8429	chr2	156114892	156115471	.	580	192	266	268	490	584	450
peak_8430	chr2	157940042	157940439	.	398	154	350	254	276	504	344
peak_8431	chr2	158741694	158742006	.	313	114	152	170	210	216	166
peak_8432	chr2	158755333	158755705	.	373	166	304	300	392	468	320
peak_8433	chr2	158781302	158781947	.	646	262	438	468	602	760	486
peak_8434	chr2	158864102	158864908	.	807	224	260	268	530	520	334
peak_8435	chr2	159119650	159120312	.	663	342	520	480	554	758	504
peak_8436	chr2	159214301	159214762	.	462	228	344	380	372	436	344
peak_8437	chr2	159226171	159226475	.	305	104	258	288	228	362	276
peak_8438	chr2	160221830	160222207	.	378	184	522	448	348	600	474
peak_8439	chr2	162056859	162057203	.	345	62	172	128	298	344	244
peak_8440	chr2	162623989	162624369	.	381	130	188	148	280	336	284
peak_8441	chr2	163028801	163029005	.	205	76	106	94	190	216	132
peak_8442	chr2	166092860	166093189	.	330	144	188	186	330	414	286
peak_8443	chr2	168208652	168209006	.	355	140	170	158	210	318	174
peak_8444	chr2	169715929	169716530	.	602	284	474	468	552	708	448
peak_8445	chr2	170238800	170239193	.	394	96	206	238	256	310	238
peak_8446	chr2	171334134	171334497	.	364	174	270	234	432	534	288
peak_8447	chr2	171999824	172000396	.	573	360	1006	754	606	838	484
peak_8448	chr2	172270501	172271036	.	536	222	510	488	266	364	284
peak_8449	chr2	172408279	172408738	.	460	242	410	446	310	418	278
peak_8450	chr2	172427227	172428517	.	1291	412	1008	946	456	662	416
peak_8451	chr2	172698316	172698988	.	673	478	870	814	844	1102	778
peak_8452	chr2	172836278	172836809	.	532	224	350	372	378	442	272
peak_8453	chr2	172842532	172842984	.	453	214	292	364	448	470	334
peak_8454	chr2	172985433	172985837	.	405	246	364	412	298	386	258
peak_8455	chr2	173288650	173289164	.	515	68	120	104	240	200	140
peak_8456	chr2	173831601	173831908	.	308	122	324	412	284	348	198
peak_8457	chr2	174281746	174282210	.	465	182	182	240	338	254	310
peak_8458	chr2	174743871	174744471	.	601	158	232	262	506	530	408
peak_8459	chr2	175167371	175168782	.	1412	1026	2906	2636	1588	2018	1280
peak_8460	chr2	175238240	175238515	.	276	50	92	118	200	314	188
peak_8461	chr2	177211853	177213449	.	1597	722	2080	1766	794	1342	846
peak_8462	chr2	177758603	177759158	.	556	266	450	466	564	638	450
peak_8463	chr2	178101308	178101669	.	362	112	150	180	354	444	254
peak_8464	chr2	181977735	181978729	.	995	572	1048	1078	1046	1310	920
peak_8465	chr2	182915403	182915814	.	412	374	554	588	542	690	468
peak_8466	chr2	183117279	183117618	.	340	134	182	226	216	312	220
peak_8467	chr2	185145222	185145994	.	773	404	764	722	616	814	470
peak_8468	chr2	186431232	186431975	.	744	296	406	390	414	496	386
peak_8469	chr2	186485782	186486307	.	526	562	1110	1114	682	942	650
peak_8470	chr2	188244458	188244744	.	287	142	294	264	330	400	308
peak_8471	chr2	189661162	189661726	.	565	598	1432	1274	636	1102	676
peak_8472	chr2	190169048	190169428	.	381	84	92	82	226	224	202
peak_8473	chr2	191601053	191601432	.	380	158	306	290	334	368	278
peak_8474	chr2	191695654	191696345	.	692	272	532	456	606	798	462
peak_8475	chr2	191927397	191927657	.	261	64	84	70	148	178	118
peak_8476	chr2	192307627	192308045	.	419	108	236	206	408	450	294
peak_8477	chr2	195533913	195534525	.	613	422	624	638	534	668	430
peak_8478	chr2	196260093	196260505	.	413	148	290	238	332	412	268
peak_8479	chr2	196292242	196292830	.	589	402	612	590	550	694	438
peak_8480	chr2	197159545	197160176	.	632	134	170	196	380	420	274
peak_8481	chr2	197167707	197168270	.	564	204	262	242	286	608	386
peak_8482	chr2	197345735	197346199	.	465	166	308	378	334	404	300
peak_8483	chr2	199772097	199772650	.	554	86	120	172	286	354	256
peak_8484	chr2	200302860	200303293	.	434	228	384	382	466	632	386
peak_8485	chr2	201135289	201135704	.	416	112	198	232	396	442	402
peak_8486	chr2	202233353	202233658	.	306	124	178	184	280	246	186
peak_8487	chr2	202281267	202281729	.	463	88	280	292	292	360	284
peak_8488	chr2	202586060	202586849	.	790	548	626	528	900	1060	584
peak_8489	chr2	202765549	202766045	.	497	260	404	466	430	494	358
peak_8490	chr2	202766642	202766933	.	292	116	78	76	192	214	136
peak_8491	chr2	203656682	203657177	.	496	182	258	286	342	420	282
peak_8492	chr2	204009941	204010457	.	517	190	328	398	334	468	410
peak_8493	chr2	204126802	204127141	.	340	130	246	190	232	378	244
peak_8494	chr2	205944363	205944919	.	557	290	516	588	506	634	392
peak_8495	chr2	206158890	206159543	.	654	490	790	808	624	736	462
peak_8496	chr2	207241110	207241595	.	486	178	302	278	384	438	314
peak_8497	chr2	207258571	207259011	.	441	344	630	468	250	362	266
peak_8498	chr2	207311363	207311940	.	578	312	450	394	538	678	396
peak_8499	chr2	207337654	207338175	.	522	492	836	864	912	1426	884
peak_8500	chr2	207662278	207662524	.	247	96	222	174	198	240	222
peak_8501	chr2	208134947	208135389	.	443	306	450	602	582	838	684
peak_8502	chr2	208221839	208222222	.	384	198	254	264	340	504	312
peak_8503	chr2	209160674	209161254	.	581	336	418	472	472	628	472
peak_8504	chr2	210007926	210008265	.	340	150	130	174	346	372	270
peak_8505	chr2	213414795	213415325	.	531	236	268	252	446	500	326
peak_8506	chr2	213923044	213924136	.	1093	380	858	754	744	1036	626
peak_8507	chr2	215609236	215609732	.	497	170	188	192	264	244	188
peak_8508	chr2	215756251	215756516	.	266	112	170	200	200	292	202
peak_8509	chr2	215888645	215889073	.	429	224	358	368	456	536	388
peak_8510	chr2	215891334	215891749	.	416	156	228	212	206	262	250
peak_8511	chr2	215982463	215982889	.	427	140	276	386	344	376	332
peak_8512	chr2	215984132	215984478	.	347	114	160	148	198	226	170
peak_8513	chr2	216006127	216006449	.	323	178	360	364	260	384	258
peak_8514	chr2	216349484	216350791	.	1308	688	1080	1222	1078	1376	952
peak_8515	chr2	216886489	216886922	.	434	178	248	302	324	320	268
peak_8516	chr2	217277663	217278028	.	366	218	476	446	390	486	370
peak_8517	chr2	217370447	217370762	.	316	304	614	474	404	514	426
peak_8518	chr2	217393275	217394077	.	803	422	690	638	804	944	612
peak_8519	chr2	217609885	217611469	.	1585	774	1366	1446	980	1290	828
peak_8520	chr2	217725343	217726158	.	816	284	454	542	432	586	362
peak_8521	chr2	217864929	217865423	.	495	208	450	472	522	672	538
peak_8522	chr2	217888289	217888738	.	450	180	312	328	322	304	204
peak_8523	chr2	217890492	217890884	.	393	258	320	330	260	372	220
peak_8524	chr2	217987624	217990576	.	2953	1522	2446	2600	1830	2406	1608
peak_8525	chr2	218000277	218000538	.	262	170	276	312	194	258	166
peak_8526	chr2	218004065	218005211	.	1147	574	994	1036	396	428	298
peak_8527	chr2	218067149	218069029	.	1881	884	1668	1752	826	1072	746
peak_8528	chr2	218130472	218131329	.	858	484	638	720	608	704	462
peak_8529	chr2	218173070	218173516	.	447	126	242	276	274	298	224
peak_8530	chr2	218269396	218270511	.	1116	766	1940	1808	818	1318	830
peak_8531	chr2	218272196	218273147	.	952	376	772	810	488	696	386
peak_8532	chr2	218297981	218298472	.	492	334	610	620	410	538	406
peak_8533	chr2	218344054	218344479	.	426	372	594	594	480	612	444
peak_8534	chr2	218422456	218423224	.	769	354	478	622	348	404	358
peak_8535	chr2	218500444	218501015	.	572	212	256	356	350	448	338
peak_8536	chr2	218811392	218811747	.	356	176	256	296	316	382	224
peak_8537	chr2	218894006	218894737	.	732	512	992	882	516	674	432
peak_8538	chr2	218896143	218897357	.	1215	732	1332	1326	774	820	598
peak_8539	chr2	218998053	218998820	.	768	380	514	578	464	616	406
peak_8540	chr2	219125231	219125799	.	569	386	842	850	500	710	482
peak_8541	chr2	219171330	219171756	.	427	334	606	612	596	688	506
peak_8542	chr2	219229389	219229989	.	601	516	1354	984	578	670	476
peak_8543	chr2	219308226	219309225	.	1000	544	1316	1344	622	886	608
peak_8544	chr2	219457933	219458745	.	813	528	760	884	692	942	592
peak_8545	chr2	219459541	219460057	.	517	264	666	678	448	512	432
peak_8546	chr2	219497765	219499095	.	1331	708	2130	1952	826	1094	766
peak_8547	chr2	219515625	219516633	.	1009	520	802	942	726	960	596
peak_8548	chr2	219574583	219574984	.	402	196	376	438	306	394	250
peak_8549	chr2	219640263	219640652	.	390	168	312	268	216	445	272
peak_8550	chr2	219645170	219645505	.	336	196	380	404	334	424	322
peak_8551	chr2	219693176	219693772	.	597	302	434	474	488	644	398
peak_8552	chr2	219731182	219731677	.	496	166	242	198	292	390	270
peak_8553	chr2	219968647	219969038	.	392	232	506	456	490	654	458
peak_8554	chr2	219987825	219988333	.	509	212	362	410	606	622	502
peak_8555	chr2	220009774	220010608	.	835	410	554	590	552	672	418
peak_8556	chr2	220224794	220225143	.	350	146	274	276	400	602	444
peak_8557	chr2	222707470	222708056	.	587	224	348	326	474	432	266
peak_8558	chr2	222709089	222709814	.	726	650	1216	1204	1032	1236	820
peak_8559	chr2	222787608	222788500	.	893	378	712	838	610	974	590
peak_8560	chr2	222994198	222994671	.	474	184	346	366	278	418	324
peak_8561	chr2	223468866	223469704	.	839	384	668	748	812	958	728
peak_8562	chr2	223895534	223895976	.	443	184	246	228	290	426	240
peak_8563	chr2	223969904	223970165	.	262	146	198	150	338	378	236
peak_8564	chr2	224058859	224059420	.	562	180	252	220	428	406	316
peak_8565	chr2	224395722	224396400	.	679	238	410	502	438	568	446
peak_8566	chr2	225494195	225494435	.	241	88	120	116	176	270	188
peak_8567	chr2	225769013	225769381	.	369	104	104	92	182	196	134
peak_8568	chr2	226862775	226863422	.	648	378	596	554	806	988	620
peak_8569	chr2	227413601	227413904	.	304	190	260	286	370	404	352
peak_8570	chr2	227781114	227781491	.	378	232	336	316	332	518	290
peak_8571	chr2	227962192	227962926	.	735	312	442	490	648	814	600
peak_8572	chr2	229275413	229276031	.	619	146	310	276	390	434	286
peak_8573	chr2	229445024	229445670	.	647	308	562	494	444	530	398
peak_8574	chr2	229454985	229455300	.	316	86	162	130	270	402	184
peak_8575	chr2	229674851	229675329	.	479	268	380	420	370	408	308
peak_8576	chr2	229731927	229732586	.	660	450	610	606	608	630	458
peak_8577	chr2	230416174	230416826	.	653	270	462	456	364	436	260
peak_8578	chr2	230472746	230473089	.	344	88	170	202	240	222	180
peak_8579	chr2	230664744	230665726	.	983	386	796	902	476	476	358
peak_8580	chr2	230680590	230681128	.	539	234	336	464	374	346	252
peak_8581	chr2	230900311	230901205	.	895	426	698	716	546	626	414
peak_8582	chr2	230985244	230985828	.	585	254	436	530	370	540	324
peak_8583	chr2	231009261	231009847	.	587	430	712	800	394	610	364
peak_8584	chr2	231042680	231043327	.	648	230	378	342	402	480	332
peak_8585	chr2	231162013	231162259	.	247	88	134	120	180	256	160
peak_8586	chr2	231335496	231335886	.	391	298	390	478	306	418	288
peak_8587	chr2	231424191	231424454	.	264	88	144	194	194	196	162
peak_8588	chr2	231463721	231465284	.	1564	866	2612	2530	1136	1604	976
peak_8589	chr2	231569198	231570089	.	892	474	804	720	612	804	482
peak_8590	chr2	231590492	231591075	.	584	422	706	848	424	496	362
peak_8591	chr2	231592532	231593963	.	1432	802	1316	1526	872	1108	740
peak_8592	chr2	231611402	231612758	.	1357	832	1758	1724	892	1054	906
peak_8593	chr2	231633323	231634045	.	723	400	608	640	488	560	382
peak_8594	chr2	231634519	231635146	.	628	368	796	760	406	568	352
peak_8595	chr2	231684280	231687941	.	3662	2112	4038	4110	1908	2098	1516
peak_8596	chr2	231707587	231708638	.	1052	588	1736	1434	614	1000	708
peak_8597	chr2	231720535	231722342	.	1808	1152	1758	1716	1252	1450	854
peak_8598	chr2	232321813	232322592	.	780	444	846	828	474	658	508
peak_8599	chr2	232329900	232330876	.	977	412	780	880	274	370	206
peak_8600	chr2	232385500	232386051	.	552	298	480	554	398	464	316
peak_8601	chr2	232414795	232416692	.	1898	1118	1644	1632	924	1074	716
peak_8602	chr2	232477583	232481319	.	3737	1558	2990	3246	1430	1876	1384
peak_8603	chr2	232529959	232531929	.	1971	780	1292	1514	686	612	552
peak_8604	chr2	232689157	232689896	.	740	282	400	442	408	644	414
peak_8605	chr2	232889671	232891918	.	2248	954	1796	2034	812	970	730
peak_8606	chr2	232893918	232894580	.	663	434	764	832	520	648	396
peak_8607	chr2	232895009	232896027	.	1019	558	904	1024	648	776	464
peak_8608	chr2	232901744	232902516	.	773	530	774	860	444	554	436
peak_8609	chr2	232979549	232980463	.	915	600	1224	1442	912	1464	1042
peak_8610	chr2	233057034	233057874	.	841	456	824	810	608	664	434
peak_8611	chr2	233188837	233190918	.	2082	1134	2018	2006	818	982	696
peak_8612	chr2	233244797	233245186	.	390	242	500	450	452	646	412
peak_8613	chr2	233262276	233263035	.	760	430	660	640	570	760	512
peak_8614	chr2	233275705	233276179	.	475	112	216	224	426	444	340
peak_8615	chr2	233414352	233414654	.	303	266	450	492	328	546	362
peak_8616	chr2	233572249	233572803	.	555	244	242	320	482	554	378
peak_8617	chr2	233972968	233973639	.	672	518	828	810	720	880	666
peak_8618	chr2	234102146	234102418	.	273	90	108	126	202	246	154
peak_8619	chr2	234288728	234289384	.	657	532	904	962	688	818	568
peak_8620	chr2	234289817	234290544	.	728	388	766	874	564	678	534
peak_8621	chr2	234291619	234292435	.	817	468	982	922	842	1098	698
peak_8622	chr2	234305806	234306271	.	466	286	468	510	520	616	412
peak_8623	chr2	234335747	234336308	.	562	308	588	662	506	746	554
peak_8624	chr2	234422015	234422623	.	609	216	360	434	422	492	334
peak_8625	chr2	234515203	234515544	.	342	252	426	470	286	372	228
peak_8626	chr2	234579515	234580086	.	572	262	458	574	304	518	340
peak_8627	chr2	234624396	234624780	.	385	174	262	370	258	334	266
peak_8628	chr2	234682400	234682964	.	565	300	452	420	446	532	328
peak_8629	chr2	234747969	234748488	.	520	192	274	234	422	364	324
peak_8630	chr2	234853732	234854087	.	356	104	126	134	164	182	136
peak_8631	chr2	234863272	234863957	.	686	488	970	1010	846	1202	818
peak_8632	chr2	235026759	235027839	.	1081	718	1262	1262	816	1084	646
peak_8633	chr2	235183020	235183317	.	298	144	158	150	268	220	206
peak_8634	chr2	235263616	235264160	.	545	454	1164	960	622	816	618
peak_8635	chr2	235426963	235428476	.	1514	780	1342	1562	1078	1276	1018
peak_8636	chr2	235707724	235708625	.	902	428	550	634	744	1044	700
peak_8637	chr2	235709152	235709715	.	564	374	654	660	546	670	530
peak_8638	chr2	236001972	236002385	.	414	146	300	398	228	310	250
peak_8639	chr2	236078088	236078974	.	887	602	974	866	844	960	680
peak_8640	chr2	236175455	236176080	.	626	358	654	660	574	900	546
peak_8641	chr2	236186761	236187358	.	598	364	590	644	548	636	414
peak_8642	chr2	236192974	236193479	.	506	314	482	542	526	650	492
peak_8643	chr2	236336467	236337417	.	951	512	700	714	654	690	598
peak_8644	chr2	236642542	236643026	.	485	290	608	622	430	642	390
peak_8645	chr2	236731821	236732564	.	744	514	610	620	586	570	442
peak_8646	chr2	236939699	236940196	.	498	316	402	356	414	466	336
peak_8647	chr2	237130213	237130643	.	431	218	244	150	420	368	290
peak_8648	chr2	237178281	237178760	.	480	370	692	578	448	534	360
peak_8649	chr2	237214344	237214651	.	308	242	322	330	304	380	268
peak_8650	chr2	237223253	237223608	.	356	518	1000	718	544	796	488
peak_8651	chr2	237253000	237253783	.	784	414	428	582	464	552	390
peak_8652	chr2	237306575	237307104	.	530	242	362	392	428	550	426
peak_8653	chr2	237428306	237428566	.	261	72	192	176	218	302	210
peak_8654	chr2	237435005	237435505	.	501	284	588	690	376	504	360
peak_8655	chr2	237491801	237492407	.	607	178	312	340	392	430	364
peak_8656	chr2	237500716	237501352	.	637	450	1036	942	628	812	474
peak_8657	chr2	237519786	237520607	.	822	430	804	860	566	658	484
peak_8658	chr2	237574529	237575478	.	950	470	854	906	454	446	390
peak_8659	chr2	237898290	237899331	.	1042	444	808	758	336	444	304
peak_8660	chr2	237920422	237921087	.	666	354	610	752	478	704	408
peak_8661	chr2	237969319	237969928	.	610	384	520	614	470	496	326
peak_8662	chr2	238025004	238025465	.	462	250	506	516	372	492	356
peak_8663	chr2	238060088	238061508	.	1421	672	1928	1918	876	1296	904
peak_8664	chr2	238117156	238117476	.	321	186	310	366	180	260	192
peak_8665	chr2	238128938	238130651	.	1714	530	952	1008	254	244	214
peak_8666	chr2	238142437	238143084	.	648	418	790	760	514	578	406
peak_8667	chr2	238157352	238157792	.	441	204	508	450	290	414	240
peak_8668	chr2	238227117	238227814	.	698	392	534	522	302	332	220
peak_8669	chr2	238288746	238289054	.	309	348	904	662	528	722	482
peak_8670	chr2	238293858	238295147	.	1290	652	1008	1072	516	700	464
peak_8671	chr2	238343150	238343637	.	488	210	492	558	322	552	440
peak_8672	chr2	238439221	238439823	.	603	380	798	820	560	888	538
peak_8673	chr2	238550726	238551692	.	967	394	506	558	650	818	562
peak_8674	chr2	238566718	238568278	.	1561	756	1290	1342	530	586	426
peak_8675	chr2	238644037	238644602	.	566	420	732	748	720	972	722
peak_8676	chr2	238653222	238653941	.	720	238	488	654	414	556	412
peak_8677	chr2	238700294	238701944	.	1651	888	1500	1566	1028	1172	874
peak_8678	chr2	238761765	238762198	.	434	262	370	468	314	394	286
peak_8679	chr2	238774668	238774980	.	313	92	102	142	180	204	210
peak_8680	chr2	238783175	238783926	.	752	314	434	522	618	768	526
peak_8681	chr2	238895930	238896995	.	1066	712	1460	1498	900	1102	852
peak_8682	chr2	238910711	238911413	.	703	312	628	566	444	528	358
peak_8683	chr2	238970408	238971009	.	602	296	676	702	350	460	322
peak_8684	chr2	238971812	238972458	.	647	344	654	766	448	610	502
peak_8685	chr2	239018248	239018804	.	557	402	410	518	458	406	322
peak_8686	chr2	239025108	239025670	.	563	382	628	546	348	406	278
peak_8687	chr2	239086384	239088219	.	1836	730	1460	1570	754	896	692
peak_8688	chr2	239140134	239141550	.	1417	878	1204	1194	640	830	564
peak_8689	chr2	239142395	239143467	.	1073	620	988	938	892	1170	824
peak_8690	chr2	239143589	239144612	.	1024	584	1142	1110	566	694	528
peak_8691	chr2	239146315	239147318	.	1004	530	1082	1068	524	650	444
peak_8692	chr2	239280226	239280744	.	519	344	610	616	366	592	380
peak_8693	chr2	239374899	239376339	.	1441	572	1132	1188	578	732	472
peak_8694	chr2	239401026	239401428	.	403	312	1274	1166	450	804	518
peak_8695	chr2	239444059	239445163	.	1105	464	818	808	556	628	446
peak_8696	chr2	239464695	239466261	.	1567	942	1896	2094	1080	1426	1150
peak_8697	chr2	239502145	239503093	.	949	548	990	898	534	762	436
peak_8698	chr2	239509406	239509911	.	506	260	274	282	366	366	302
peak_8699	chr2	239517579	239520002	.	2424	894	1752	1758	762	820	592
peak_8700	chr2	239520669	239521889	.	1221	614	1156	1220	680	878	658
peak_8701	chr2	239522044	239523466	.	1423	744	1256	1374	854	1064	732
peak_8702	chr2	239526087	239526782	.	696	402	910	810	700	794	592
peak_8703	chr2	239528084	239528516	.	433	234	250	268	312	352	268
peak_8704	chr2	239547896	239548269	.	374	194	252	330	262	382	286
peak_8705	chr2	239548385	239549005	.	621	364	688	756	432	472	386
peak_8706	chr2	239566583	239567464	.	882	328	626	624	122	110	124
peak_8707	chr2	239635586	239635831	.	246	98	144	154	134	190	112
peak_8708	chr2	239675751	239676955	.	1205	678	1344	1502	866	1258	776
peak_8709	chr2	239717008	239718053	.	1046	430	694	798	364	456	326
peak_8710	chr2	239723134	239723806	.	673	460	896	970	678	804	632
peak_8711	chr2	239726245	239728096	.	1852	990	2156	2074	1130	1366	970
peak_8712	chr2	239728192	239729298	.	1107	504	1074	1082	600	756	446
peak_8713	chr2	239817146	239817771	.	626	342	484	642	412	480	318
peak_8714	chr2	239820227	239822205	.	1979	972	1726	1842	840	1046	752
peak_8715	chr2	239830775	239833393	.	2619	1228	2130	2222	1500	1832	1170
peak_8716	chr2	239952550	239954016	.	1467	760	1314	1590	680	786	682
peak_8717	chr2	240105367	240106537	.	1171	522	896	942	530	616	436
peak_8718	chr2	240106601	240108231	.	1631	700	1250	1302	710	754	536
peak_8719	chr2	240141570	240142007	.	438	202	336	410	298	378	230
peak_8720	chr2	240146186	240147236	.	1051	326	950	1086	676	754	546
peak_8721	chr2	240150699	240152120	.	1422	832	1544	1760	1036	1310	1068
peak_8722	chr2	240159233	240163866	.	4634	2004	3722	3822	2298	2438	1960
peak_8723	chr2	240248103	240252088	.	3986	2028	4044	4218	1590	1890	1382
peak_8724	chr2	240324216	240325980	.	1765	1030	1888	1674	962	1298	926
peak_8725	chr2	240368828	240369423	.	596	348	734	678	460	708	397
peak_8726	chr2	240374200	240374711	.	512	308	952	800	370	564	450
peak_8727	chr2	240387402	240388189	.	788	466	1130	1054	696	858	516
peak_8728	chr2	240433163	240434936	.	1774	1176	2134	2324	1342	1508	1030
peak_8729	chr2	240450239	240450663	.	425	386	730	786	446	600	410
peak_8730	chr2	240463622	240464197	.	576	266	308	334	366	386	246
peak_8731	chr2	240511361	240511991	.	631	360	774	742	422	628	458
peak_8732	chr2	240512562	240514280	.	1719	884	1552	1764	846	948	688
peak_8733	chr2	240560142	240561563	.	1422	870	2606	2408	1006	1662	1110
peak_8734	chr2	240656241	240656793	.	553	320	500	472	432	486	342
peak_8735	chr2	240685746	240686406	.	661	390	722	626	450	592	400
peak_8736	chr2	240702091	240704877	.	2787	1186	2178	2392	1162	1320	1006
peak_8737	chr2	240708529	240708965	.	437	236	354	274	368	488	326
peak_8738	chr2	240723060	240723564	.	505	274	518	692	442	596	402
peak_8739	chr2	240729994	240731007	.	1014	554	1212	1044	616	732	480
peak_8740	chr2	240760838	240764964	.	4127	1328	2444	2706	1172	1548	1092
peak_8741	chr2	240816207	240817217	.	1011	566	1018	1070	700	1058	654
peak_8742	chr2	240838944	240839664	.	721	346	734	784	476	580	454
peak_8743	chr2	240849100	240849666	.	567	172	244	230	282	422	256
peak_8744	chr2	240850530	240851493	.	964	502	1212	1316	718	922	606
peak_8745	chr2	240886728	240894618	.	7891	2868	6158	6320	2372	2990	2232
peak_8746	chr2	240904378	240907729	.	3352	1348	2474	2672	1150	1494	1098
peak_8747	chr2	240922933	240923404	.	472	250	502	514	294	378	374
peak_8748	chr2	240948976	240950524	.	1549	726	1226	1278	572	816	540
peak_8749	chr2	240952469	240953669	.	1201	404	768	646	326	390	244
peak_8750	chr2	240981819	240984572	.	2754	1080	2106	2228	946	1162	792
peak_8751	chr2	240990796	240993211	.	2416	1220	2400	2594	1122	1228	946
peak_8752	chr2	240997776	240998651	.	876	524	1152	1110	482	718	550
peak_8753	chr2	241018321	241019073	.	753	322	564	756	542	566	474
peak_8754	chr2	241069917	241070437	.	521	274	592	618	310	394	308
peak_8755	chr2	241070791	241074605	.	3815	1648	3240	3224	1618	1626	1120
peak_8756	chr2	241157829	241158322	.	494	252	388	524	444	696	398
peak_8757	chr2	241197366	241202563	.	5198	2224	4166	4530	2050	2646	1830
peak_8758	chr2	241355938	241357093	.	1156	594	1526	1344	660	874	620
peak_8759	chr2	241503873	241504687	.	815	304	522	472	254	194	166
peak_8760	chr2	241536047	241536513	.	467	226	438	452	304	378	254
peak_8761	chr2	241561733	241565739	.	4007	2002	4378	4688	2308	3056	2292
peak_8762	chr2	241573352	241574022	.	671	266	432	494	304	362	242
peak_8763	chr2	241665497	241666092	.	596	284	636	744	438	504	364
peak_8764	chr2	241698991	241699282	.	292	94	186	230	264	384	212
peak_8765	chr2	241774784	241775744	.	961	542	1096	1142	566	812	478
peak_8766	chr2	241818851	241819249	.	399	198	294	296	324	282	204
peak_8767	chr2	241880692	241882670	.	1979	1388	3416	3140	1694	2654	1598
peak_8768	chr2	241985086	241985767	.	682	180	296	414	382	408	360
peak_8769	chr20	209047	209413	.	367	202	226	170	420	378	316
peak_8770	chr20	362343	362819	.	477	250	662	664	484	586	386
peak_8771	chr20	401740	402311	.	572	324	426	422	560	724	538
peak_8772	chr20	553544	553813	.	270	108	284	258	242	340	270
peak_8773	chr20	555904	556371	.	468	296	444	428	350	378	230
peak_8774	chr20	665208	666857	.	1650	574	890	810	258	326	232
peak_8775	chr20	750797	751339	.	543	290	488	438	496	644	406
peak_8776	chr20	973808	974104	.	297	144	306	376	392	454	270
peak_8777	chr20	1001071	1001633	.	563	358	506	508	388	376	316
peak_8778	chr20	1043553	1043920	.	368	156	270	326	250	320	252
peak_8779	chr20	1061014	1061290	.	277	76	124	108	186	186	122
peak_8780	chr20	1075499	1076012	.	514	396	658	702	668	800	630
peak_8781	chr20	1270645	1271007	.	363	172	260	246	240	354	208
peak_8782	chr20	1325013	1325581	.	569	462	798	960	490	564	350
peak_8783	chr20	1370220	1370554	.	335	88	120	120	212	246	168
peak_8784	chr20	1455243	1456035	.	793	322	606	742	590	654	536
peak_8785	chr20	1733107	1733578	.	472	202	304	238	290	334	244
peak_8786	chr20	1791785	1792059	.	275	86	110	118	160	160	110
peak_8787	chr20	1801368	1801850	.	483	404	618	590	596	748	516
peak_8788	chr20	1830322	1830710	.	389	232	574	640	232	474	368
peak_8789	chr20	1844685	1846053	.	1369	646	960	1002	876	1140	746
peak_8790	chr20	1863335	1863701	.	367	212	302	274	384	386	294
peak_8791	chr20	1871241	1872884	.	1644	800	1554	1588	1340	1846	1252
peak_8792	chr20	1907939	1909008	.	1070	530	756	798	914	1138	740
peak_8793	chr20	1965684	1966592	.	909	470	716	712	532	678	426
peak_8794	chr20	2136365	2136956	.	592	342	286	312	414	470	318
peak_8795	chr20	2156822	2157185	.	364	282	382	430	378	406	342
peak_8796	chr20	2168142	2168608	.	467	208	320	418	344	388	284
peak_8797	chr20	2303850	2304420	.	571	252	468	528	278	436	322
peak_8798	chr20	2536205	2537810	.	1606	668	1184	1292	670	768	580
peak_8799	chr20	2745097	2745528	.	432	312	542	538	508	660	384
peak_8800	chr20	2814562	2817396	.	2835	1248	2402	2410	1234	1560	1234
peak_8801	chr20	3067801	3068228	.	428	258	406	354	312	494	336
peak_8802	chr20	3068950	3069348	.	399	144	258	302	312	466	352
peak_8803	chr20	3094062	3094489	.	428	328	530	604	330	480	318
peak_8804	chr20	3235363	3236374	.	1012	390	800	874	562	648	464
peak_8805	chr20	3420341	3420760	.	420	314	430	456	376	592	460
peak_8806	chr20	3696643	3699602	.	2960	1168	2148	2278	902	1036	806
peak_8807	chr20	3716212	3717184	.	973	482	744	936	454	548	378
peak_8808	chr20	3766923	3769224	.	2302	1170	2762	2766	1118	1594	1062
peak_8809	chr20	4041511	4042369	.	859	450	840	778	388	498	384
peak_8810	chr20	4100763	4101131	.	369	172	204	184	312	308	272
peak_8811	chr20	4153271	4154125	.	855	354	668	778	508	622	482
peak_8812	chr20	4160792	4161739	.	948	544	1046	968	490	820	538
peak_8813	chr20	4576055	4576709	.	655	230	306	318	436	558	388
peak_8814	chr20	4729072	4729739	.	668	414	540	634	544	630	528
peak_8815	chr20	4898226	4898594	.	369	246	582	588	392	612	334
peak_8816	chr20	5056742	5057281	.	540	358	488	560	604	708	498
peak_8817	chr20	5065099	5066291	.	1193	432	1034	1030	766	1052	658
peak_8818	chr20	5150756	5151079	.	324	314	342	404	526	622	520
peak_8819	chr20	5470080	5470418	.	339	128	338	312	256	290	236
peak_8820	chr20	5654660	5655033	.	374	288	416	264	488	556	378
peak_8821	chr20	5696008	5697384	.	1377	540	782	806	944	1348	1000
peak_8822	chr20	5767496	5767893	.	398	144	194	194	296	392	292
peak_8823	chr20	5821394	5822072	.	679	232	416	480	448	498	324
peak_8824	chr20	5823204	5823520	.	317	86	194	124	196	308	182
peak_8825	chr20	5890685	5891296	.	612	232	366	400	384	486	270
peak_8826	chr20	6123053	6123674	.	622	338	756	850	480	520	466
peak_8827	chr20	6591134	6591614	.	481	294	578	460	482	726	482
peak_8828	chr20	6685171	6685693	.	523	220	316	316	488	594	394
peak_8829	chr20	6769337	6770087	.	751	404	684	670	538	584	476
peak_8830	chr20	7180360	7180655	.	296	70	128	134	214	310	212
peak_8831	chr20	7324045	7324344	.	300	112	164	182	244	358	230
peak_8832	chr20	7505713	7506153	.	441	172	308	354	340	534	334
peak_8833	chr20	7777252	7777516	.	265	56	50	56	118	140	134
peak_8834	chr20	8777816	8778482	.	667	154	266	310	400	498	400
peak_8835	chr20	9555778	9556151	.	374	200	304	266	354	622	384
peak_8836	chr20	9578569	9578910	.	342	88	72	130	158	234	144
peak_8837	chr20	10350860	10351453	.	594	240	356	358	418	506	378
peak_8838	chr20	10356724	10356961	.	238	144	208	200	278	274	188
peak_8839	chr20	10376138	10376984	.	847	336	416	370	688	786	508
peak_8840	chr20	10511219	10511805	.	587	442	826	704	684	876	550
peak_8841	chr20	10733121	10733619	.	499	184	274	318	480	614	386
peak_8842	chr20	10857380	10857742	.	363	212	284	334	270	442	296
peak_8843	chr20	10936862	10937167	.	306	116	102	130	244	244	182
peak_8844	chr20	11790113	11790452	.	340	274	248	254	338	410	346
peak_8845	chr20	12394535	12395089	.	555	334	422	456	614	724	514
peak_8846	chr20	12762764	12763179	.	416	156	376	424	286	426	294
peak_8847	chr20	12763366	12763766	.	401	274	342	380	494	584	404
peak_8848	chr20	13231144	13231748	.	605	270	486	462	504	608	444
peak_8849	chr20	13235028	13235757	.	730	384	516	524	740	942	778
peak_8850	chr20	13863246	13863758	.	513	158	298	230	398	558	348
peak_8851	chr20	16350029	16351088	.	1060	526	990	992	976	1350	928
peak_8852	chr20	16351321	16351721	.	401	224	286	374	290	420	222
peak_8853	chr20	16877051	16877430	.	380	158	232	210	370	466	396
peak_8854	chr20	16917706	16918103	.	398	324	442	444	522	734	606
peak_8855	chr20	16939109	16940052	.	944	214	318	340	612	910	558
peak_8856	chr20	17569763	17570909	.	1147	436	1056	1242	458	582	430
peak_8857	chr20	17699539	17700590	.	1052	554	892	962	632	680	442
peak_8858	chr20	17725204	17725848	.	645	224	442	470	400	484	314
peak_8859	chr20	17747474	17747842	.	369	230	466	412	376	460	292
peak_8860	chr20	17849834	17850640	.	807	428	764	826	496	672	390
peak_8861	chr20	17856077	17856479	.	403	344	442	476	478	640	436
peak_8862	chr20	17857229	17857562	.	334	154	200	248	244	278	228
peak_8863	chr20	17861810	17862195	.	386	162	294	256	288	404	256
peak_8864	chr20	17881825	17883546	.	1722	834	1690	1692	964	1084	800
peak_8865	chr20	17968099	17969561	.	1463	772	1694	1606	858	1108	732
peak_8866	chr20	18001244	18001928	.	685	414	778	856	720	930	724
peak_8867	chr20	18046307	18046908	.	602	220	326	334	440	550	352
peak_8868	chr20	18223270	18223764	.	495	356	510	610	716	902	614
peak_8869	chr20	18397653	18398039	.	387	236	300	392	310	432	358
peak_8870	chr20	18754146	18754613	.	468	320	370	366	302	418	284
peak_8871	chr20	19001206	19001818	.	613	250	470	482	584	892	564
peak_8872	chr20	19014419	19015256	.	838	468	670	656	710	714	558
peak_8873	chr20	19025596	19027684	.	2089	1338	2416	2402	1490	1572	1160
peak_8874	chr20	19275622	19275992	.	371	206	404	312	382	428	410
peak_8875	chr20	19518290	19518978	.	689	538	816	758	622	682	536
peak_8876	chr20	19602679	19603055	.	377	250	374	402	268	332	256
peak_8877	chr20	20051758	20052862	.	1105	454	994	1058	536	672	476
peak_8878	chr20	20076023	20076690	.	668	330	682	746	556	734	502
peak_8879	chr20	20085058	20085413	.	356	152	226	196	280	386	266
peak_8880	chr20	20255558	20256143	.	586	192	270	268	316	342	246
peak_8881	chr20	20352050	20352395	.	346	110	158	112	264	350	270
peak_8882	chr20	20355545	20355760	.	216	90	120	138	140	148	140
peak_8883	chr20	20357894	20358154	.	261	124	170	184	206	242	232
peak_8884	chr20	20432215	20432451	.	237	100	146	146	156	200	166
peak_8885	chr20	20457583	20458158	.	576	238	458	438	288	314	232
peak_8886	chr20	20627288	20627764	.	477	206	382	344	392	528	334
peak_8887	chr20	20824847	20825203	.	357	218	418	436	342	396	304
peak_8888	chr20	20834490	20834796	.	307	106	160	170	174	218	152
peak_8889	chr20	20840547	20840966	.	420	274	334	366	430	612	452
peak_8890	chr20	20949296	20950096	.	801	258	398	362	448	560	452
peak_8891	chr20	21526882	21527111	.	230	70	102	86	182	216	172
peak_8892	chr20	21577444	21577819	.	376	194	278	282	292	376	276
peak_8893	chr20	21670196	21670555	.	360	220	348	386	328	486	330
peak_8894	chr20	21670929	21671744	.	816	314	510	470	470	672	438
peak_8895	chr20	21674270	21674759	.	490	348	492	476	572	732	562
peak_8896	chr20	21763553	21764083	.	531	224	330	358	414	496	428
peak_8897	chr20	21933399	21933804	.	406	130	202	242	294	350	256
peak_8898	chr20	21995431	21995981	.	551	242	462	410	362	448	338
peak_8899	chr20	22499548	22500141	.	594	254	408	446	426	618	390
peak_8900	chr20	22728721	22729488	.	768	318	502	520	536	568	496
peak_8901	chr20	22763474	22764106	.	633	300	486	608	306	318	242
peak_8902	chr20	22764385	22765143	.	759	358	666	726	594	658	506
peak_8903	chr20	22766235	22766796	.	562	378	566	508	578	750	510
peak_8904	chr20	23030465	23031030	.	566	210	400	444	450	448	350
peak_8905	chr20	23118595	23119097	.	503	282	406	430	358	348	280
peak_8906	chr20	23145140	23145706	.	567	344	672	694	382	464	344
peak_8907	chr20	23152391	23152814	.	424	266	396	498	270	316	272
peak_8908	chr20	23156080	23156909	.	830	500	678	764	624	790	576
peak_8909	chr20	23342477	23343106	.	630	462	684	692	488	636	406
peak_8910	chr20	23445498	23446185	.	688	580	928	882	840	978	794
peak_8911	chr20	23564356	23564670	.	315	134	240	264	348	390	276
peak_8912	chr20	23628980	23629440	.	461	384	784	752	646	882	642
peak_8913	chr20	23630115	23630738	.	624	240	474	498	372	606	408
peak_8914	chr20	23639572	23641685	.	2114	768	1498	1572	894	980	640
peak_8915	chr20	23774948	23776294	.	1347	622	1074	1128	672	860	556
peak_8916	chr20	23798974	23799429	.	456	244	348	394	322	462	294
peak_8917	chr20	23856431	23856991	.	561	270	306	328	326	574	304
peak_8918	chr20	23877473	23877887	.	415	180	272	290	242	326	182
peak_8919	chr20	23878475	23880224	.	1750	946	1852	1748	940	1150	830
peak_8920	chr20	23888390	23889189	.	800	472	696	778	562	530	412
peak_8921	chr20	23920015	23920716	.	702	448	708	734	628	716	554
peak_8922	chr20	23920780	23921960	.	1181	654	1244	1080	970	1312	880
peak_8923	chr20	23924861	23925455	.	595	276	454	432	420	472	310
peak_8924	chr20	24136598	24136892	.	295	108	232	190	228	340	232
peak_8925	chr20	24142156	24142527	.	372	144	190	164	226	302	304
peak_8926	chr20	24148426	24148977	.	552	306	450	550	506	778	600
peak_8927	chr20	24149175	24149655	.	481	176	270	304	390	424	304
peak_8928	chr20	24316351	24317416	.	1066	434	608	552	698	982	700
peak_8929	chr20	24497822	24498162	.	341	272	420	386	314	478	286
peak_8930	chr20	24502217	24502539	.	323	306	652	546	472	572	540
peak_8931	chr20	24503044	24504123	.	1080	580	1036	1002	714	958	772
peak_8932	chr20	24608317	24608654	.	338	144	194	186	234	324	182
peak_8933	chr20	24805828	24806548	.	721	492	634	668	514	616	474
peak_8934	chr20	24808396	24809178	.	783	348	542	556	476	696	518
peak_8935	chr20	24810741	24812643	.	1903	1348	2294	2180	2404	2804	1954
peak_8936	chr20	24828606	24829464	.	859	508	942	1044	842	996	716
peak_8937	chr20	24835925	24837033	.	1109	610	850	864	918	1246	808
peak_8938	chr20	24838613	24838902	.	290	78	214	192	256	316	222
peak_8939	chr20	24871393	24874177	.	2785	1298	2396	2414	1216	1668	1208
peak_8940	chr20	24955675	24956867	.	1193	424	760	760	502	552	398
peak_8941	chr20	24957159	24958203	.	1045	564	894	936	612	676	438
peak_8942	chr20	25009328	25010652	.	1325	824	1242	1118	868	1022	696
peak_8943	chr20	25018804	25019414	.	611	344	588	632	478	562	514
peak_8944	chr20	25045162	25045808	.	647	470	810	804	630	694	512
peak_8945	chr20	25049561	25051646	.	2086	750	1306	1406	682	716	530
peak_8946	chr20	25118072	25118510	.	439	278	404	492	406	564	318
peak_8947	chr20	25198647	25199354	.	708	344	576	612	478	652	412
peak_8948	chr20	25222776	25223634	.	859	528	1376	1378	758	1134	894
peak_8949	chr20	25308414	25310327	.	1914	926	1528	1630	934	1014	830
peak_8950	chr20	25496814	25497495	.	682	346	666	698	486	536	504
peak_8951	chr20	25501235	25501900	.	666	334	518	520	376	454	354
peak_8952	chr20	25503594	25503938	.	345	292	324	414	318	310	336
peak_8953	chr20	25685464	25686585	.	1122	606	1316	1454	634	992	636
peak_8954	chr20	25863551	25864111	.	561	198	406	410	346	478	300
peak_8955	chr20	29436684	29437976	.	1293	822	1246	1172	1050	1342	766
peak_8956	chr20	29445101	29445904	.	804	1038	2544	1930	954	1612	1062
peak_8957	chr20	29448057	29448607	.	551	510	1040	892	738	1016	578
peak_8958	chr20	29455695	29456292	.	598	366	406	358	612	632	358
peak_8959	chr20	29879006	29879460	.	455	304	626	592	424	552	348
peak_8960	chr20	30283407	30283811	.	405	294	486	480	432	690	346
peak_8961	chr20	30338913	30339207	.	295	76	64	80	102	200	124
peak_8962	chr20	30420989	30421682	.	694	584	694	616	996	1284	956
peak_8963	chr20	30550324	30550560	.	237	90	124	84	138	180	160
peak_8964	chr20	30611325	30611947	.	623	700	1050	1028	988	1196	904
peak_8965	chr20	30620576	30621813	.	1238	654	1214	892	414	432	302
peak_8966	chr20	30622006	30623153	.	1148	690	1200	1110	734	718	570
peak_8967	chr20	30845975	30846332	.	358	126	140	142	168	222	154
peak_8968	chr20	31403676	31404310	.	635	344	542	552	704	706	548
peak_8969	chr20	31440411	31441774	.	1364	1030	1564	1852	1092	1168	948
peak_8970	chr20	31465463	31465950	.	488	562	698	560	854	976	680
peak_8971	chr20	31472780	31474006	.	1227	860	1650	1626	1416	1774	1220
peak_8972	chr20	31508527	31509052	.	526	274	402	402	500	566	420
peak_8973	chr20	31538281	31538857	.	577	358	522	602	630	714	522
peak_8974	chr20	31559131	31561088	.	1958	1624	2630	2648	2060	2164	1556
peak_8975	chr20	31565544	31567479	.	1936	1626	2750	2850	1116	1454	862
peak_8976	chr20	31593225	31594788	.	1564	1354	3072	2322	1334	1570	1122
peak_8977	chr20	31595846	31596539	.	694	794	1746	1552	850	972	614
peak_8978	chr20	31630199	31630693	.	495	748	1188	1142	952	1308	954
peak_8979	chr20	31666506	31666999	.	494	368	800	788	558	956	630
peak_8980	chr20	31699038	31699520	.	483	306	692	548	606	792	506
peak_8981	chr20	31712513	31713233	.	721	770	1248	1070	978	1086	612
peak_8982	chr20	31823278	31825348	.	2071	1160	2004	2076	1054	1156	822
peak_8983	chr20	31841674	31842335	.	662	478	1308	1068	698	864	508
peak_8984	chr20	31923333	31923749	.	417	282	522	544	418	616	398
peak_8985	chr20	31987708	31988184	.	477	612	1140	1176	630	992	778
peak_8986	chr20	32046089	32046404	.	316	254	288	318	312	376	280
peak_8987	chr20	32449611	32451891	.	2281	1150	1994	1868	548	668	462
peak_8988	chr20	32457496	32459151	.	1656	1112	2128	2352	1246	1528	1040
peak_8989	chr20	32524921	32525883	.	963	562	1000	966	768	1058	558
peak_8990	chr20	32539996	32540489	.	494	394	716	610	364	566	370
peak_8991	chr20	32546632	32547935	.	1304	826	1290	1256	492	616	436
peak_8992	chr20	32567482	32567871	.	390	356	528	618	426	566	498
peak_8993	chr20	32574530	32575331	.	802	390	982	980	626	910	542
peak_8994	chr20	32578254	32579412	.	1159	828	1148	1190	984	1098	722
peak_8995	chr20	32646334	32648363	.	2030	1232	2146	2074	1270	1332	990
peak_8996	chr20	32672725	32674022	.	1298	696	1406	1394	520	688	496
peak_8997	chr20	32675666	32676470	.	805	410	890	900	326	400	244
peak_8998	chr20	32677215	32678331	.	1117	666	938	914	332	284	280
peak_8999	chr20	32777704	32778170	.	467	406	632	484	584	786	424
peak_9000	chr20	32869436	32869743	.	308	166	298	220	194	310	234
peak_9001	chr20	32892883	32895286	.	2404	1406	2434	2386	842	886	634
peak_9002	chr20	32961834	32962370	.	537	290	586	654	406	502	398
peak_9003	chr20	32968634	32969398	.	765	526	848	848	540	552	362
peak_9004	chr20	32969497	32970219	.	723	446	694	728	364	278	284
peak_9005	chr20	32974124	32974860	.	737	556	944	900	554	654	434
peak_9006	chr20	33006220	33010360	.	4141	2922	4882	4822	2622	2998	2054
peak_9007	chr20	33018255	33022585	.	4331	2496	4464	4564	2464	2562	1898
peak_9008	chr20	33071258	33071847	.	590	308	456	392	450	580	386
peak_9009	chr20	33076642	33077046	.	405	266	648	620	354	436	248
peak_9010	chr20	33085475	33086394	.	920	796	1234	1338	828	974	728
peak_9011	chr20	33099968	33101299	.	1332	974	1448	1548	1180	1294	936
peak_9012	chr20	33124061	33124602	.	542	250	368	410	324	478	308
peak_9013	chr20	33242620	33243384	.	765	462	892	932	674	1018	780
peak_9014	chr20	33249108	33249752	.	645	414	590	652	638	756	540
peak_9015	chr20	33275427	33277047	.	1621	880	1592	1664	466	588	382
peak_9016	chr20	33289428	33289968	.	541	404	646	748	502	580	356
peak_9017	chr20	33291370	33292213	.	844	548	794	882	352	424	314
peak_9018	chr20	33310380	33310860	.	481	374	696	728	420	556	350
peak_9019	chr20	33719653	33720835	.	1183	1132	1878	1592	1126	1062	766
peak_9020	chr20	33731442	33733211	.	1770	622	1594	1636	748	870	648
peak_9021	chr20	33777832	33778275	.	444	150	228	218	360	446	310
peak_9022	chr20	33779062	33779953	.	892	584	900	868	718	798	592
peak_9023	chr20	33789137	33789967	.	831	564	894	902	316	476	352
peak_9024	chr20	33846589	33846890	.	302	198	332	298	334	506	340
peak_9025	chr20	33862346	33863533	.	1188	702	1348	1472	620	808	590
peak_9026	chr20	33867972	33869206	.	1235	808	1342	1448	1118	1414	1020
peak_9027	chr20	33885691	33886063	.	373	228	338	330	258	382	302
peak_9028	chr20	33926402	33926867	.	466	258	420	426	358	432	308
peak_9029	chr20	33979143	33979488	.	346	176	282	378	302	434	284
peak_9030	chr20	33992682	33994724	.	2043	1358	4152	3718	1510	2110	1468
peak_9031	chr20	34069344	34070062	.	719	538	806	726	602	688	420
peak_9032	chr20	34083165	34083731	.	567	236	392	364	394	580	296
peak_9033	chr20	34262390	34262840	.	451	326	656	656	500	626	368
peak_9034	chr20	34562754	34563043	.	290	82	150	210	158	258	136
peak_9035	chr20	34705128	34705858	.	731	320	370	382	348	390	196
peak_9036	chr20	34713134	34713738	.	605	290	390	314	492	558	374
peak_9037	chr20	34970119	34970575	.	457	238	356	406	306	316	280
peak_9038	chr20	35303829	35306676	.	2848	1028	2138	1940	906	1016	790
peak_9039	chr20	35317903	35318194	.	292	130	190	114	186	250	164
peak_9040	chr20	35616152	35616665	.	514	338	978	832	278	574	346
peak_9041	chr20	36144283	36144730	.	448	212	258	290	200	260	182
peak_9042	chr20	36261385	36262202	.	818	426	666	628	624	834	588
peak_9043	chr20	36317716	36318501	.	786	302	522	614	356	458	338
peak_9044	chr20	36322346	36322821	.	476	282	318	328	244	366	260
peak_9045	chr20	37071372	37071976	.	605	164	468	410	424	638	378
peak_9046	chr20	37383175	37383714	.	540	206	408	426	272	320	282
peak_9047	chr20	37417897	37418424	.	528	176	286	366	224	360	268
peak_9048	chr20	37534562	37535039	.	478	298	384	320	284	394	280
peak_9049	chr20	37680475	37680742	.	268	68	138	86	162	218	132
peak_9050	chr20	38043898	38044280	.	383	190	258	280	268	284	208
peak_9051	chr20	38143918	38144608	.	691	272	588	572	410	396	250
peak_9052	chr20	38631338	38631799	.	462	104	308	232	234	236	186
peak_9053	chr20	38635771	38636177	.	407	150	188	204	268	286	240
peak_9054	chr20	38883126	38883432	.	307	98	286	344	224	300	174
peak_9055	chr20	38920545	38921442	.	898	284	484	588	356	528	316
peak_9056	chr20	39164252	39165085	.	834	218	370	424	554	702	502
peak_9057	chr20	39168573	39169631	.	1059	216	270	288	512	660	456
peak_9058	chr20	39170912	39171426	.	515	154	192	218	332	328	256
peak_9059	chr20	39264472	39264813	.	342	164	298	266	256	364	304
peak_9060	chr20	40506596	40506915	.	320	164	492	384	276	412	266
peak_9061	chr20	40562039	40562550	.	512	328	494	574	310	548	394
peak_9062	chr20	40564866	40566032	.	1167	396	694	690	556	706	432
peak_9063	chr20	40668706	40668968	.	263	106	160	108	180	186	130
peak_9064	chr20	40961791	40962297	.	507	276	430	340	362	474	260
peak_9065	chr20	41308272	41308676	.	405	188	316	336	320	438	338
peak_9066	chr20	42988348	42989107	.	760	306	484	506	596	842	618
peak_9067	chr20	43446431	43446934	.	504	208	420	398	344	376	340
peak_9068	chr20	43583993	43584380	.	388	164	226	206	186	338	212
peak_9069	chr20	43657065	43659008	.	1944	920	1616	1786	1092	1280	750
peak_9070	chr20	43827455	43828681	.	1227	736	1172	1174	644	656	532
peak_9071	chr20	43868119	43868781	.	663	146	162	168	328	366	294
peak_9072	chr20	43936340	43937314	.	975	674	992	956	742	886	702
peak_9073	chr20	44018207	44018476	.	270	160	362	280	182	300	230
peak_9074	chr20	44033281	44033813	.	533	284	432	426	612	916	460
peak_9075	chr20	44083337	44084356	.	1020	616	1080	970	718	896	646
peak_9076	chr20	44270500	44271002	.	503	204	346	414	274	320	238
peak_9077	chr20	44310373	44310952	.	580	376	700	780	416	592	366
peak_9078	chr20	44356857	44357221	.	365	234	232	252	316	432	310
peak_9079	chr20	44402687	44403205	.	519	264	440	540	384	426	312
peak_9080	chr20	44495834	44496425	.	592	372	892	548	540	796	542
peak_9081	chr20	44594822	44595221	.	400	200	402	366	356	422	282
peak_9082	chr20	44596053	44596350	.	298	110	182	134	132	296	158
peak_9083	chr20	44614531	44615802	.	1272	502	932	1092	632	698	558
peak_9084	chr20	44616034	44616669	.	636	410	778	778	402	500	398
peak_9085	chr20	44635468	44636108	.	641	344	460	478	468	648	500
peak_9086	chr20	44706239	44706711	.	473	346	574	660	446	610	478
peak_9087	chr20	44720530	44721012	.	483	486	782	690	652	926	636
peak_9088	chr20	45088375	45088712	.	338	144	148	172	180	260	168
peak_9089	chr20	45114112	45115764	.	1653	720	1306	1230	734	936	676
peak_9090	chr20	45288292	45289062	.	771	442	1026	1010	926	1182	884
peak_9091	chr20	45313420	45314511	.	1092	440	658	660	256	268	166
peak_9092	chr20	45322924	45323393	.	470	254	382	408	300	386	270
peak_9093	chr20	45323747	45324006	.	260	176	228	284	362	382	312
peak_9094	chr20	45336490	45337091	.	602	400	830	780	436	722	558
peak_9095	chr20	45337325	45338344	.	1020	508	1056	1034	642	802	584
peak_9096	chr20	45341991	45342598	.	608	464	964	996	516	836	506
peak_9097	chr20	46047004	46048342	.	1339	620	1050	1032	494	472	402
peak_9098	chr20	46050133	46051110	.	978	534	948	1022	548	562	434
peak_9099	chr20	46137297	46138315	.	1019	486	796	784	686	1006	534
peak_9100	chr20	46160244	46161122	.	879	480	658	716	610	608	494
peak_9101	chr20	46164237	46165265	.	1029	554	760	712	464	630	474
peak_9102	chr20	46168315	46168886	.	572	370	546	492	590	782	502
peak_9103	chr20	46169157	46169904	.	748	336	682	722	538	644	510
peak_9104	chr20	46178674	46179251	.	578	262	476	388	144	114	86
peak_9105	chr20	46213979	46214809	.	831	516	862	884	520	594	424
peak_9106	chr20	46214860	46215237	.	378	280	332	328	350	558	408
peak_9107	chr20	46257057	46259187	.	2131	856	1630	1540	824	970	690
peak_9108	chr20	46304823	46305679	.	857	508	632	694	254	330	222
peak_9109	chr20	46363643	46364143	.	501	350	764	866	582	656	474
peak_9110	chr20	46598568	46599023	.	456	202	284	296	344	516	334
peak_9111	chr20	46599268	46599594	.	327	140	156	130	280	456	206
peak_9112	chr20	46604499	46604915	.	417	146	344	346	332	456	316
peak_9113	chr20	46743435	46743982	.	548	274	492	484	342	412	308
peak_9114	chr20	47124381	47125206	.	826	378	688	524	638	802	500
peak_9115	chr20	47379640	47380205	.	566	292	520	628	428	474	350
peak_9116	chr20	47432521	47432837	.	317	278	538	434	318	502	278
peak_9117	chr20	47450450	47450923	.	474	150	278	230	274	346	204
peak_9118	chr20	47464425	47464798	.	374	86	198	204	158	216	204
peak_9119	chr20	47466765	47467348	.	584	244	394	418	478	632	442
peak_9120	chr20	47676862	47678287	.	1426	578	1182	1202	690	822	574
peak_9121	chr20	47730665	47731143	.	479	216	326	372	338	418	276
peak_9122	chr20	47800296	47801607	.	1312	444	776	782	484	662	404
peak_9123	chr20	47814373	47815554	.	1182	414	854	778	692	772	522
peak_9124	chr20	47844254	47844850	.	597	290	558	554	386	612	402
peak_9125	chr20	47847872	47848866	.	995	424	628	710	802	1022	654
peak_9126	chr20	47886394	47886824	.	431	304	448	512	464	604	390
peak_9127	chr20	47907250	47907719	.	470	262	452	446	360	442	324
peak_9128	chr20	47909061	47909781	.	721	374	660	662	326	532	350
peak_9129	chr20	47940453	47941973	.	1521	590	1078	1010	662	906	644
peak_9130	chr20	47951395	47951952	.	558	304	574	638	480	704	524
peak_9131	chr20	48024852	48025591	.	740	598	1038	1058	640	824	564
peak_9132	chr20	48034764	48035493	.	730	516	942	962	880	1184	968
peak_9133	chr20	48211243	48212255	.	1013	582	986	1068	640	778	566
peak_9134	chr20	48283598	48284022	.	425	194	304	316	288	390	286
peak_9135	chr20	48432419	48432761	.	343	118	204	108	186	242	138
peak_9136	chr20	48457188	48458176	.	989	598	756	650	820	914	620
peak_9137	chr20	48463101	48463676	.	576	458	702	724	382	458	368
peak_9138	chr20	48463857	48464581	.	725	426	894	724	660	834	664
peak_9139	chr20	48484736	48485058	.	323	208	314	300	244	316	238
peak_9140	chr20	48488680	48489270	.	591	262	624	594	506	682	428
peak_9141	chr20	48490929	48491745	.	817	592	708	750	724	920	622
peak_9142	chr20	48545028	48545568	.	541	374	724	668	380	586	394
peak_9143	chr20	48566113	48566525	.	413	148	336	302	230	304	214
peak_9144	chr20	48597612	48598252	.	641	436	762	720	464	584	480
peak_9145	chr20	48642010	48642863	.	854	354	576	506	342	330	286
peak_9146	chr20	48656754	48657847	.	1094	424	996	1164	592	650	440
peak_9147	chr20	48697816	48698280	.	465	316	608	718	356	604	398
peak_9148	chr20	48725471	48726039	.	569	390	572	572	628	570	434
peak_9149	chr20	48853565	48854557	.	993	548	1010	886	888	1164	794
peak_9150	chr20	48858101	48858405	.	305	144	350	338	222	314	290
peak_9151	chr20	49562275	49563073	.	799	408	818	950	452	698	384
peak_9152	chr20	49594509	49596689	.	2181	1136	1958	1946	1304	1612	1228
peak_9153	chr20	49608238	49609168	.	931	560	988	1054	652	712	558
peak_9154	chr20	49724713	49725155	.	443	138	256	300	304	462	330
peak_9155	chr20	49759392	49759751	.	360	112	220	248	236	390	308
peak_9156	chr20	49805249	49805734	.	486	418	398	426	428	448	308
peak_9157	chr20	49883142	49884162	.	1021	822	1376	1546	846	996	780
peak_9158	chr20	49915634	49916302	.	669	604	1188	1308	668	960	684
peak_9159	chr20	49916406	49916947	.	542	478	668	644	502	620	392
peak_9160	chr20	49977005	49977969	.	965	482	880	970	774	1056	622
peak_9161	chr20	49986048	49986863	.	816	396	482	604	696	718	512
peak_9162	chr20	49986980	49988653	.	1674	876	1738	1922	1242	1478	1016
peak_9163	chr20	49993232	49993762	.	531	296	474	438	506	736	550
peak_9164	chr20	49994570	49995069	.	500	274	440	438	470	594	362
peak_9165	chr20	50031247	50031926	.	680	490	806	798	526	624	376
peak_9166	chr20	50076645	50076983	.	339	282	402	342	346	402	302
peak_9167	chr20	50137098	50137679	.	582	332	668	604	654	672	442
peak_9168	chr20	50142718	50143124	.	407	298	612	586	466	488	332
peak_9169	chr20	50165632	50166371	.	740	660	1412	1198	724	1144	666
peak_9170	chr20	50305308	50306506	.	1199	858	1272	1370	942	1332	940
peak_9171	chr20	50308237	50309358	.	1122	986	2088	2028	890	1498	820
peak_9172	chr20	50335079	50335478	.	400	388	792	628	528	586	464
peak_9173	chr20	50343546	50344211	.	666	450	854	904	484	664	476
peak_9174	chr20	50358909	50359430	.	522	416	620	650	382	656	460
peak_9175	chr20	50422476	50423677	.	1202	794	1792	1522	904	1298	876
peak_9176	chr20	50425098	50425420	.	323	258	248	270	354	370	268
peak_9177	chr20	50427673	50428055	.	383	454	710	706	530	672	438
peak_9178	chr20	50440364	50441186	.	823	1022	2360	1680	1462	2272	1314
peak_9179	chr20	50460362	50461007	.	646	420	734	818	316	372	282
peak_9180	chr20	50493035	50493408	.	374	148	286	272	344	458	286
peak_9181	chr20	50504252	50504776	.	525	318	476	534	482	550	384
peak_9182	chr20	50594408	50596925	.	2518	1532	2588	2702	1448	1504	1088
peak_9183	chr20	50607699	50609979	.	2281	814	1676	1884	732	820	614
peak_9184	chr20	50610203	50611802	.	1600	786	1336	1340	732	839	530
peak_9185	chr20	50645179	50646033	.	855	956	2036	1924	1024	1332	910
peak_9186	chr20	50661506	50663695	.	2190	1326	2306	2496	1302	1832	1302
peak_9187	chr20	50667651	50668474	.	824	592	936	1044	606	834	592
peak_9188	chr20	50677944	50678819	.	876	502	738	744	444	624	324
peak_9189	chr20	50761644	50762097	.	454	494	636	564	478	518	408
peak_9190	chr20	50798590	50799056	.	467	298	326	466	408	498	306
peak_9191	chr20	50843303	50843945	.	643	302	524	478	462	698	450
peak_9192	chr20	50868656	50869671	.	1016	840	1424	1330	894	988	652
peak_9193	chr20	50873286	50875383	.	2098	1048	1848	2008	890	1096	772
peak_9194	chr20	50979022	50979779	.	758	408	484	602	478	638	396
peak_9195	chr20	50989162	50989710	.	549	508	752	764	666	970	530
peak_9196	chr20	50993035	50993437	.	403	432	702	868	590	708	516
peak_9197	chr20	51108533	51109598	.	1066	704	1100	1166	1048	1168	792
peak_9198	chr20	51190984	51191631	.	648	390	628	774	530	718	440
peak_9199	chr20	51226946	51227554	.	609	354	538	560	518	594	416
peak_9200	chr20	51258560	51258896	.	337	236	392	354	400	476	354
peak_9201	chr20	51284188	51284616	.	429	164	238	322	416	460	334
peak_9202	chr20	51319441	51319776	.	336	128	280	364	280	288	268
peak_9203	chr20	51354528	51355335	.	808	484	1022	1028	692	912	528
peak_9204	chr20	51366554	51367314	.	761	750	1144	1088	842	1062	634
peak_9205	chr20	51484016	51484886	.	871	754	1272	1456	1070	1314	920
peak_9206	chr20	51506859	51507315	.	457	282	452	572	358	484	416
peak_9207	chr20	51531104	51531802	.	699	552	1110	1038	816	1110	768
peak_9208	chr20	51532576	51534090	.	1515	1040	1628	1858	1150	1434	1018
peak_9209	chr20	51578778	51579513	.	736	470	722	808	282	398	236
peak_9210	chr20	51631407	51631902	.	496	448	662	612	496	594	452
peak_9211	chr20	51634901	51635249	.	349	120	286	356	266	446	308
peak_9212	chr20	51650611	51651151	.	541	302	552	530	754	854	554
peak_9213	chr20	51687959	51688346	.	388	158	202	206	248	364	246
peak_9214	chr20	51750187	51751078	.	892	616	1578	1224	794	1148	756
peak_9215	chr20	51768803	51769461	.	659	646	1134	1174	874	1096	834
peak_9216	chr20	51951662	51952113	.	452	292	438	410	380	590	350
peak_9217	chr20	51957185	51957648	.	464	288	642	536	414	642	360
peak_9218	chr20	52490470	52491177	.	708	830	1490	1174	1280	1664	1026
peak_9219	chr20	52492027	52492464	.	438	124	162	148	318	336	246
peak_9220	chr20	52606536	52606901	.	366	140	228	310	332	350	268
peak_9221	chr20	53163560	53163804	.	245	166	202	216	238	274	238
peak_9222	chr20	53183400	53183772	.	373	154	204	326	292	454	344
peak_9223	chr20	53435606	53436023	.	418	118	146	160	244	340	232
peak_9224	chr20	53729521	53729957	.	437	370	628	488	740	968	616
peak_9225	chr20	53835374	53835834	.	461	564	834	784	760	866	594
peak_9226	chr20	53899495	53900078	.	584	792	1710	1302	844	1192	754
peak_9227	chr20	53907025	53907487	.	463	306	598	580	542	840	534
peak_9228	chr20	53926645	53927036	.	392	272	862	640	504	674	454
peak_9229	chr20	54072559	54072812	.	254	112	182	170	228	266	182
peak_9230	chr20	54073825	54074345	.	521	178	188	258	402	466	326
peak_9231	chr20	54123503	54124073	.	571	574	1750	1380	698	1242	844
peak_9232	chr20	54167934	54168601	.	668	414	792	726	532	620	438
peak_9233	chr20	54194689	54195091	.	403	308	458	422	352	444	306
peak_9234	chr20	54585186	54585557	.	372	118	120	138	240	280	228
peak_9235	chr20	55758144	55758637	.	494	304	314	384	518	766	486
peak_9236	chr20	56121651	56121950	.	300	138	196	228	186	306	206
peak_9237	chr20	56153033	56153328	.	296	208	326	340	368	604	396
peak_9238	chr20	56345372	56346274	.	903	404	724	690	820	1114	662
peak_9239	chr20	56592994	56593609	.	616	430	482	530	736	894	592
peak_9240	chr20	56702121	56702604	.	484	156	216	264	264	306	222
peak_9241	chr20	56975577	56976403	.	827	500	934	870	782	944	628
peak_9242	chr20	57005369	57005864	.	496	406	556	620	572	558	354
peak_9243	chr20	57076183	57076745	.	563	186	336	314	408	546	374
peak_9244	chr20	57091702	57092739	.	1038	746	1432	1538	884	1266	840
peak_9245	chr20	57107997	57109598	.	1602	1024	1796	1986	1490	1778	1298
peak_9246	chr20	57243901	57245029	.	1129	744	1282	1440	698	720	596
peak_9247	chr20	57302913	57304539	.	1627	794	1056	1036	800	940	674
peak_9248	chr20	57315594	57316315	.	722	468	602	706	716	916	712
peak_9249	chr20	57392522	57393321	.	800	530	1202	1202	622	972	606
peak_9250	chr20	57393651	57394324	.	674	488	860	900	608	570	424
peak_9251	chr20	57397053	57398190	.	1138	832	1582	1764	1232	1434	1018
peak_9252	chr20	57411465	57413007	.	1543	894	1718	1774	764	1038	692
peak_9253	chr20	57450534	57453200	.	2667	1438	2318	2252	1244	1392	930
peak_9254	chr20	57513242	57513626	.	385	540	684	656	820	1042	672
peak_9255	chr20	57582951	57584331	.	1381	918	1804	1606	784	1036	728
peak_9256	chr20	57694725	57696342	.	1618	748	1574	1618	652	884	596
peak_9257	chr20	57748520	57749204	.	685	450	1122	1058	528	904	540
peak_9258	chr20	57770907	57771917	.	1011	434	698	722	598	740	564
peak_9259	chr20	57772268	57773012	.	745	576	1152	1104	714	982	642
peak_9260	chr20	57791554	57792327	.	774	364	484	500	566	488	412
peak_9261	chr20	57807241	57808142	.	902	622	970	1108	788	808	616
peak_9262	chr20	57809803	57810255	.	453	372	554	670	290	394	336
peak_9263	chr20	57810660	57811260	.	601	434	950	930	550	808	590
peak_9264	chr20	57819319	57820750	.	1432	1024	1650	1616	1264	1778	1324
peak_9265	chr20	57839262	57840647	.	1386	684	1130	1164	412	432	364
peak_9266	chr20	57844998	57845624	.	627	450	624	724	516	504	378
peak_9267	chr20	57872407	57872848	.	442	184	244	260	336	380	304
peak_9268	chr20	57920601	57921434	.	834	494	730	800	678	880	706
peak_9269	chr20	57960830	57961157	.	328	320	452	462	332	386	296
peak_9270	chr20	57986656	57987254	.	599	490	660	752	582	524	436
peak_9271	chr20	57991338	57991940	.	603	542	1100	1116	748	878	610
peak_9272	chr20	58018750	58019309	.	560	454	708	726	542	612	466
peak_9273	chr20	58021113	58021854	.	742	316	526	604	718	872	578
peak_9274	chr20	58168458	58169245	.	788	826	1086	1138	802	740	594
peak_9275	chr20	58181395	58182111	.	717	470	776	746	286	268	210
peak_9276	chr20	58192265	58192908	.	644	488	818	802	722	826	696
peak_9277	chr20	58194017	58194670	.	654	618	1090	1018	846	898	680
peak_9278	chr20	58542432	58543023	.	592	392	860	876	678	928	570
peak_9279	chr20	58622788	58624149	.	1362	1010	1748	1830	1326	1608	1084
peak_9280	chr20	58638375	58638893	.	519	330	472	412	608	670	420
peak_9281	chr20	58695919	58699214	.	3296	2050	3850	4056	2020	2582	1988
peak_9282	chr20	58709353	58710006	.	654	364	600	594	608	640	420
peak_9283	chr20	58722327	58723126	.	800	544	764	858	460	640	420
peak_9284	chr20	58835313	58835619	.	307	152	174	200	370	440	254
peak_9285	chr20	59130837	59131829	.	993	670	1038	1034	682	666	474
peak_9286	chr20	59150979	59151734	.	756	388	714	732	706	918	606
peak_9287	chr20	59160424	59160787	.	364	218	438	442	262	360	332
peak_9288	chr20	59228092	59228371	.	280	76	124	164	222	338	236
peak_9289	chr20	59306807	59307628	.	822	446	722	712	644	754	618
peak_9290	chr20	59351298	59351737	.	440	318	560	452	434	516	364
peak_9291	chr20	59482153	59482909	.	757	306	508	544	588	718	516
peak_9292	chr20	59560987	59561527	.	541	360	670	714	398	594	366
peak_9293	chr20	59597437	59598809	.	1373	880	1190	1110	558	590	370
peak_9294	chr20	59687682	59688105	.	424	202	326	294	306	298	184
peak_9295	chr20	59723182	59724343	.	1162	748	1284	1228	1036	1314	978
peak_9296	chr20	59737174	59737506	.	333	384	566	604	486	524	490
peak_9297	chr20	59744145	59744456	.	312	166	584	630	212	398	266
peak_9298	chr20	59759571	59760174	.	604	330	670	576	528	640	444
peak_9299	chr20	59811890	59812456	.	567	400	874	862	450	682	544
peak_9300	chr20	59817337	59817706	.	370	328	456	520	416	530	398
peak_9301	chr20	59820514	59821637	.	1124	762	1150	1282	1066	1188	764
peak_9302	chr20	59823925	59824409	.	485	324	474	482	374	432	316
peak_9303	chr20	59829002	59829810	.	809	580	1216	1360	764	988	728
peak_9304	chr20	59829937	59830665	.	729	408	858	876	682	858	704
peak_9305	chr20	59830776	59831471	.	696	682	1360	1574	660	1014	748
peak_9306	chr20	59955150	59955606	.	457	258	274	302	314	368	202
peak_9307	chr20	60266903	60268011	.	1109	392	554	570	474	486	404
peak_9308	chr20	60268409	60268847	.	439	108	166	186	278	304	206
peak_9309	chr20	60644526	60644846	.	321	124	144	164	160	188	152
peak_9310	chr20	61081594	61082275	.	682	290	300	332	484	628	406
peak_9311	chr20	61136935	61137340	.	406	124	204	230	214	252	214
peak_9312	chr20	61640146	61640726	.	581	290	724	726	590	824	624
peak_9313	chr20	61771890	61772292	.	403	122	202	180	236	186	174
peak_9314	chr20	61832075	61833205	.	1131	316	610	664	540	596	428
peak_9315	chr20	61895015	61898760	.	3746	2088	3400	3696	1418	1676	1080
peak_9316	chr20	61923004	61924866	.	1863	744	1300	1278	512	626	418
peak_9317	chr20	61949302	61951136	.	1835	1326	2290	2462	1078	1210	968
peak_9318	chr20	61951633	61952068	.	436	288	472	566	260	240	196
peak_9319	chr20	61976503	61977015	.	513	312	756	776	408	546	410
peak_9320	chr20	62087392	62088819	.	1428	940	1330	1366	1406	1708	1118
peak_9321	chr20	62121158	62124122	.	2965	1400	2928	3076	1346	1902	1258
peak_9322	chr20	62141573	62142018	.	446	416	580	654	492	604	438
peak_9323	chr20	62146085	62146571	.	487	400	669	716	746	808	584
peak_9324	chr20	62159052	62160262	.	1211	712	1052	1162	598	754	550
peak_9325	chr20	62222110	62225476	.	3367	2242	4902	4770	2240	2608	1966
peak_9326	chr20	62225660	62229468	.	3809	2372	4966	5168	2048	2544	1674
peak_9327	chr20	62237300	62237889	.	590	584	816	808	678	686	458
peak_9328	chr20	62301869	62303199	.	1331	790	2112	2096	858	1402	886
peak_9329	chr20	62326402	62331080	.	4679	2262	4204	4492	1858	2298	1472
peak_9330	chr20	62336442	62337187	.	746	466	988	1042	560	716	548
peak_9331	chr20	62349892	62350742	.	851	606	1500	1714	790	1040	732
peak_9332	chr20	62367502	62371875	.	4374	2242	4968	5458	2352	2956	2284
peak_9333	chr20	62381227	62383004	.	1778	1150	1872	2290	1252	1442	1182
peak_9334	chr20	62407280	62409580	.	2301	1622	3344	3506	1484	1928	1432
peak_9335	chr20	62417955	62420348	.	2394	1350	2402	2470	1040	1076	898
peak_9336	chr20	62437866	62439035	.	1170	808	1440	1708	750	1062	754
peak_9337	chr20	62444026	62447344	.	3319	1856	3516	3476	1254	1582	1150
peak_9338	chr20	62501276	62502231	.	956	764	1602	1604	1002	1392	838
peak_9339	chr20	62503161	62504349	.	1189	1062	1806	1950	1064	1312	928
peak_9340	chr20	62504979	62505886	.	908	560	1188	1128	620	678	488
peak_9341	chr20	62507338	62509236	.	1899	968	2320	2562	1166	1566	1070
peak_9342	chr20	62564778	62570985	.	6208	3484	6520	6848	2594	2862	2188
peak_9343	chr20	62571088	62571967	.	880	592	932	1052	788	1020	688
peak_9344	chr20	62584719	62585409	.	691	534	690	694	766	908	652
peak_9345	chr20	62586848	62587175	.	328	316	558	642	290	532	284
peak_9346	chr20	62588137	62589457	.	1321	962	2060	2204	966	1162	966
peak_9347	chr20	62589812	62590614	.	803	752	1302	1316	750	1010	660
peak_9348	chr20	62591883	62592869	.	987	724	1164	1130	732	893	636
peak_9349	chr20	62595550	62596212	.	663	456	1084	1032	532	836	592
peak_9350	chr20	62597550	62598092	.	543	410	654	648	428	502	432
peak_9351	chr20	62602981	62604947	.	1967	1676	3616	4130	1742	2480	1920
peak_9352	chr20	62617393	62618948	.	1556	1048	2130	2276	1410	1846	1244
peak_9353	chr20	62623297	62624356	.	1060	734	1922	1888	948	1406	988
peak_9354	chr20	62644692	62645430	.	739	534	936	1078	684	774	566
peak_9355	chr20	62652098	62652728	.	631	532	922	1234	618	684	496
peak_9356	chr20	62692285	62692976	.	692	262	486	512	396	600	358
peak_9357	chr20	62696040	62696744	.	705	470	872	812	624	788	500
peak_9358	chr20	62712511	62713261	.	751	536	1088	944	568	666	530
peak_9359	chr20	62739938	62741584	.	1647	1340	2670	2828	1352	1880	1264
peak_9360	chr20	62760715	62761676	.	962	602	1060	1292	498	528	328
peak_9361	chr20	62768958	62770319	.	1362	1108	1942	2022	1178	1612	1130
peak_9362	chr20	62774875	62775481	.	607	598	1102	1132	622	876	648
peak_9363	chr20	62786315	62786894	.	580	612	1180	1274	754	904	704
peak_9364	chr20	62789786	62791142	.	1357	998	1446	1682	1014	1016	742
peak_9365	chr20	62791842	62794720	.	2879	2168	4616	4756	2064	2482	1596
peak_9366	chr20	62937046	62939068	.	2023	1108	2452	2358	1242	1492	934
peak_9367	chr20	62957219	62957687	.	469	362	676	848	450	606	482
peak_9368	chr20	62974950	62976049	.	1100	504	984	950	444	494	326
peak_9369	chr20	62976166	62976862	.	697	318	540	610	292	284	254
peak_9370	chr20	62992336	62993035	.	700	354	594	652	394	522	340
peak_9371	chr20	63014314	63015898	.	1585	914	1930	2010	972	1316	866
peak_9372	chr20	63035223	63035898	.	676	392	676	796	496	544	364
peak_9373	chr20	63050475	63051562	.	1088	720	1114	1106	736	892	618
peak_9374	chr20	63055697	63056533	.	837	490	1294	1480	584	918	606
peak_9375	chr20	63064507	63065096	.	590	428	838	892	526	632	474
peak_9376	chr20	63070754	63072079	.	1326	668	1330	1390	906	872	652
peak_9377	chr20	63085257	63085914	.	658	420	912	1086	542	692	528
peak_9378	chr20	63088570	63089556	.	987	850	1326	1338	898	1146	668
peak_9379	chr20	63114078	63116250	.	2173	1196	1942	1976	1190	1376	946
peak_9380	chr20	63117193	63117725	.	533	406	660	628	460	510	366
peak_9381	chr20	63120974	63121885	.	912	554	1124	1020	658	788	518
peak_9382	chr20	63138759	63139636	.	878	834	1022	1000	780	926	588
peak_9383	chr20	63157246	63158430	.	1185	624	1110	1080	698	720	540
peak_9384	chr20	63158635	63159011	.	377	240	258	270	332	342	240
peak_9385	chr20	63159856	63161579	.	1724	796	1630	1560	506	516	444
peak_9386	chr20	63218296	63221491	.	3196	2726	4764	4826	2256	2280	1700
peak_9387	chr20	63223758	63225484	.	1727	2188	3722	3736	1888	2276	1466
peak_9388	chr20	63232117	63233157	.	1041	966	1834	1772	988	1128	752
peak_9389	chr20	63235444	63237769	.	2326	2034	4280	4794	1864	2422	1812
peak_9390	chr20	63238423	63238830	.	408	330	880	970	502	846	564
peak_9391	chr20	63243165	63244965	.	1801	1148	2118	2104	672	722	558
peak_9392	chr20	63246427	63247984	.	1558	1348	3014	3180	1374	1522	1202
peak_9393	chr20	63255966	63256948	.	983	666	1280	1296	578	862	494
peak_9394	chr20	63259416	63262060	.	2645	2052	4054	4560	1828	2478	1908
peak_9395	chr20	63266935	63269808	.	2874	2092	3476	3400	1142	1118	980
peak_9396	chr20	63273636	63274215	.	580	738	1398	1298	928	1140	786
peak_9397	chr20	63290685	63291596	.	912	658	1670	1874	820	1174	922
peak_9398	chr20	63306384	63316226	.	9843	7876	16926	17250	6962	8844	6252
peak_9399	chr20	63327151	63330878	.	3728	3280	6422	6742	2836	3364	2456
peak_9400	chr20	63366264	63368637	.	2374	1394	2274	2564	868	990	678
peak_9401	chr20	63369599	63372210	.	2612	1320	2974	3098	1358	1698	1208
peak_9402	chr20	63380043	63381496	.	1454	944	2052	2070	1078	1496	1074
peak_9403	chr20	63401270	63402456	.	1187	928	1816	2048	1098	1344	920
peak_9404	chr20	63409959	63411829	.	1871	1372	2292	2540	882	918	620
peak_9405	chr20	63427565	63431352	.	3788	1860	3904	4056	972	1186	926
peak_9406	chr20	63442201	63442533	.	333	212	596	558	354	496	302
peak_9407	chr20	63451176	63453361	.	2186	1248	2348	2704	1018	1216	964
peak_9408	chr20	63456273	63456788	.	516	416	898	864	440	572	444
peak_9409	chr20	63518812	63519703	.	892	578	1324	1382	680	838	626
peak_9410	chr20	63540070	63540934	.	865	598	1222	1202	824	958	644
peak_9411	chr20	63544046	63546773	.	2728	1938	4222	4618	1890	2424	1650
peak_9412	chr20	63549529	63550390	.	862	586	1150	1184	602	680	500
peak_9413	chr20	63560188	63560706	.	519	294	670	746	426	590	394
peak_9414	chr20	63588200	63588638	.	439	178	404	514	330	374	274
peak_9415	chr20	63655053	63655848	.	796	306	510	564	426	570	380
peak_9416	chr20	63948685	63950394	.	1710	684	1322	1398	766	1058	716
peak_9417	chr20	63951770	63952395	.	626	278	526	498	174	196	138
peak_9418	chr20	64155813	64157735	.	1923	802	1622	1658	764	814	576
peak_9419	chr20	64244100	64245722	.	1623	730	940	1128	660	854	648
peak_9420	chr21	9013014	9013831	.	818	482	906	568	430	540	322
peak_9421	chr21	9017131	9018078	.	948	410	1072	692	428	612	386
peak_9422	chr21	9018783	9019203	.	421	218	718	392	300	386	260
peak_9423	chr21	9025931	9026159	.	229	214	304	212	286	258	162
peak_9424	chr21	9027945	9029201	.	1257	536	1652	996	688	926	534
peak_9425	chr21	9030378	9030647	.	270	80	256	114	120	180	92
peak_9426	chr21	9032051	9032288	.	238	142	416	210	188	228	170
peak_9427	chr21	14013221	14014135	.	915	374	962	888	424	640	382
peak_9428	chr21	14863732	14864624	.	893	562	844	976	920	968	776
peak_9429	chr21	15498538	15498767	.	230	72	86	118	186	272	190
peak_9430	chr21	16588305	16588798	.	494	338	654	696	560	768	518
peak_9431	chr21	17370318	17370755	.	438	102	144	160	310	266	206
peak_9432	chr21	17848316	17848734	.	419	390	778	562	612	820	602
peak_9433	chr21	18878058	18878303	.	246	102	192	270	184	200	126
peak_9434	chr21	25064008	25064488	.	481	214	228	288	446	502	354
peak_9435	chr21	25370365	25370786	.	422	206	428	420	342	444	300
peak_9436	chr21	25734096	25734478	.	383	248	332	344	412	374	212
peak_9437	chr21	26216879	26217253	.	375	106	110	132	200	212	138
peak_9438	chr21	26388661	26389232	.	572	152	294	250	380	538	378
peak_9439	chr21	26389947	26390569	.	623	406	804	736	662	836	648
peak_9440	chr21	26453242	26453568	.	327	172	128	164	190	234	160
peak_9441	chr21	27649301	27649708	.	408	138	252	268	448	552	366
peak_9442	chr21	27744042	27744503	.	462	238	328	342	400	452	302
peak_9443	chr21	28142776	28143219	.	444	170	284	350	472	546	374
peak_9444	chr21	28624520	28624977	.	458	220	280	310	516	550	376
peak_9445	chr21	29022146	29022650	.	505	402	610	670	754	846	518
peak_9446	chr21	29162855	29163099	.	245	222	348	296	428	476	322
peak_9447	chr21	29299837	29300579	.	743	774	1224	1258	1168	1180	764
peak_9448	chr21	29462452	29462914	.	463	546	618	706	808	906	748
peak_9449	chr21	30480250	30480537	.	288	260	366	408	430	492	388
peak_9450	chr21	31509176	31510062	.	887	576	1086	1164	906	1038	740
peak_9451	chr21	31561761	31562093	.	333	244	352	412	484	588	446
peak_9452	chr21	31564359	31564782	.	424	224	474	440	466	590	358
peak_9453	chr21	31733233	31733680	.	448	396	548	498	488	618	420
peak_9454	chr21	31785373	31786137	.	765	540	792	896	920	1100	740
peak_9455	chr21	31787683	31788112	.	430	200	398	454	368	656	366
peak_9456	chr21	31794090	31794467	.	378	372	368	466	496	490	388
peak_9457	chr21	31799754	31800049	.	296	352	544	680	450	462	356
peak_9458	chr21	32048479	32050797	.	2319	1700	2548	2764	2094	2316	1510
peak_9459	chr21	32622769	32623513	.	745	212	184	226	454	464	306
peak_9460	chr21	32624536	32625148	.	613	408	664	550	664	1078	600
peak_9461	chr21	33178742	33179178	.	437	164	282	244	278	336	236
peak_9462	chr21	33203749	33204446	.	698	448	674	682	558	684	456
peak_9463	chr21	33268402	33269461	.	1060	432	642	738	634	888	630
peak_9464	chr21	33324281	33325720	.	1440	1066	2214	1886	958	1354	952
peak_9465	chr21	33380019	33380392	.	374	160	332	334	320	316	234
peak_9466	chr21	33398294	33399068	.	775	328	594	564	558	596	442
peak_9467	chr21	33400569	33401406	.	838	640	1134	752	780	882	498
peak_9468	chr21	33784179	33784477	.	299	86	138	146	178	172	118
peak_9469	chr21	33949605	33949859	.	255	80	176	192	180	224	206
peak_9470	chr21	34367619	34367882	.	264	114	180	142	186	152	140
peak_9471	chr21	34534429	34535026	.	598	170	266	322	348	334	294
peak_9472	chr21	34644853	34645224	.	372	168	198	214	250	350	230
peak_9473	chr21	34967372	34967802	.	431	146	212	220	332	370	274
peak_9474	chr21	36027346	36027759	.	414	100	228	224	208	232	178
peak_9475	chr21	42009868	42010415	.	548	356	1044	828	498	868	502
peak_9476	chr21	42018990	42019810	.	821	514	752	832	526	782	518
peak_9477	chr21	42078733	42079779	.	1047	516	752	784	400	384	264
peak_9478	chr21	42089002	42089543	.	542	282	470	588	410	498	464
peak_9479	chr21	42113853	42114375	.	523	270	502	560	468	530	464
peak_9480	chr21	42162336	42163559	.	1224	412	732	778	850	1004	640
peak_9481	chr21	42218890	42220723	.	1834	618	1460	1426	640	754	602
peak_9482	chr21	42227782	42228456	.	675	410	720	716	604	806	652
peak_9483	chr21	42239480	42240374	.	895	396	814	802	524	620	444
peak_9484	chr21	42443902	42445727	.	1826	906	1852	1714	1114	1276	808
peak_9485	chr21	42456409	42456970	.	562	426	824	780	574	784	500
peak_9486	chr21	42460413	42461353	.	941	528	890	862	606	754	580
peak_9487	chr21	42614899	42615336	.	438	290	440	534	334	494	334
peak_9488	chr21	42625283	42625655	.	373	208	332	346	404	422	282
peak_9489	chr21	42630011	42630986	.	976	392	740	762	416	344	320
peak_9490	chr21	42672089	42672588	.	500	262	580	646	392	554	418
peak_9491	chr21	42690809	42692100	.	1292	526	926	860	796	920	566
peak_9492	chr21	42761267	42762030	.	764	416	822	956	434	658	424
peak_9493	chr21	42878719	42879142	.	424	284	696	682	352	498	324
peak_9494	chr21	42942754	42943229	.	476	228	326	326	322	344	220
peak_9495	chr21	42997036	42997355	.	320	96	206	174	208	324	210
peak_9496	chr21	43209745	43210702	.	958	560	1118	1108	622	926	640
peak_9497	chr21	43282554	43283224	.	671	378	688	888	572	782	556
peak_9498	chr21	43306867	43307527	.	661	500	1150	1172	672	912	604
peak_9499	chr21	43331937	43332608	.	672	476	806	736	550	780	540
peak_9500	chr21	43333506	43334094	.	589	280	792	840	482	782	454
peak_9501	chr21	43340483	43341062	.	580	464	932	954	506	730	556
peak_9502	chr21	43342008	43342316	.	309	210	366	342	312	382	264
peak_9503	chr21	43345997	43346411	.	415	248	636	676	326	502	340
peak_9504	chr21	43359920	43360652	.	733	440	606	578	414	488	322
peak_9505	chr21	43369071	43369493	.	423	224	530	470	364	522	406
peak_9506	chr21	43373657	43376949	.	3293	1434	2474	2546	1126	1330	1002
peak_9507	chr21	43603170	43604323	.	1154	618	986	1220	896	1170	830
peak_9508	chr21	43727338	43729753	.	2416	1238	2516	2670	1364	1822	1424
peak_9509	chr21	43810184	43811110	.	927	432	990	1118	622	970	672
peak_9510	chr21	43813350	43813894	.	545	336	786	830	448	484	354
peak_9511	chr21	43879466	43880843	.	1378	788	1274	1346	552	640	426
peak_9512	chr21	43922051	43923216	.	1166	754	1480	1724	854	1266	930
peak_9513	chr21	43923410	43923785	.	376	230	422	482	236	346	256
peak_9514	chr21	43938407	43940659	.	2253	1304	2600	2918	1508	1990	1324
peak_9515	chr21	43955950	43957462	.	1513	726	1106	1216	772	730	616
peak_9516	chr21	43959370	43960116	.	747	378	784	888	508	796	498
peak_9517	chr21	43974361	43975022	.	662	384	588	516	390	492	364
peak_9518	chr21	43975412	43975952	.	541	444	548	660	488	546	386
peak_9519	chr21	43988663	43989264	.	602	266	558	596	396	498	300
peak_9520	chr21	44279634	44280260	.	627	290	490	562	312	340	206
peak_9521	chr21	44347918	44348371	.	454	362	608	662	282	436	308
peak_9522	chr21	44369998	44371242	.	1245	666	1296	1432	828	1118	924
peak_9523	chr21	44400099	44400677	.	579	338	558	696	460	504	340
peak_9524	chr21	44405026	44407107	.	2082	1104	2190	2228	1040	1370	894
peak_9525	chr21	44450135	44450854	.	720	390	948	1048	614	826	496
peak_9526	chr21	44475239	44475628	.	390	198	354	338	250	412	252
peak_9527	chr21	44477273	44478599	.	1327	602	982	958	744	976	624
peak_9528	chr21	44479573	44479901	.	329	194	492	518	264	320	270
peak_9529	chr21	44513893	44514566	.	674	390	846	704	512	684	464
peak_9530	chr21	44517227	44517846	.	620	450	704	676	662	654	532
peak_9531	chr21	44522715	44525909	.	3195	1884	3152	2954	2290	2632	1638
peak_9532	chr21	44531255	44531960	.	706	464	900	1002	486	670	470
peak_9533	chr21	44591412	44592145	.	734	212	602	664	304	366	282
peak_9534	chr21	44595888	44596664	.	777	506	744	816	658	756	514
peak_9535	chr21	44601602	44602135	.	534	232	396	422	214	224	154
peak_9536	chr21	44622547	44623131	.	585	132	242	240	312	446	318
peak_9537	chr21	44653830	44654755	.	926	528	918	886	578	650	468
peak_9538	chr21	44752774	44753607	.	834	364	614	616	582	816	554
peak_9539	chr21	44853554	44854067	.	514	320	702	674	602	960	692
peak_9540	chr21	44865392	44866366	.	975	592	1042	1016	576	734	444
peak_9541	chr21	44869775	44871083	.	1309	576	866	870	880	1130	682
peak_9542	chr21	44872470	44874398	.	1929	870	1952	2056	992	1314	912
peak_9543	chr21	44882502	44882977	.	476	396	552	566	462	728	436
peak_9544	chr21	44900649	44901512	.	864	476	906	976	596	832	522
peak_9545	chr21	44947197	44947707	.	511	264	492	678	370	658	418
peak_9546	chr21	44967625	44968731	.	1107	524	1120	1358	870	1110	954
peak_9547	chr21	44969536	44970284	.	749	296	700	640	574	754	522
peak_9548	chr21	44972463	44973333	.	871	534	1216	1190	648	898	730
peak_9549	chr21	44992318	44993181	.	864	550	922	1042	672	886	572
peak_9550	chr21	45004586	45005282	.	697	506	902	826	718	936	728
peak_9551	chr21	45011823	45013698	.	1876	900	2082	1990	1012	1482	1068
peak_9552	chr21	45091443	45091816	.	374	384	558	558	430	738	498
peak_9553	chr21	45125214	45125766	.	553	296	504	640	348	374	260
peak_9554	chr21	45126133	45126880	.	748	362	578	610	580	652	430
peak_9555	chr21	45140143	45140656	.	514	428	648	714	392	596	326
peak_9556	chr21	45142504	45143666	.	1163	546	1016	1002	634	612	488
peak_9557	chr21	45151668	45152154	.	487	322	576	584	352	440	316
peak_9558	chr21	45201983	45202913	.	931	520	1216	1156	800	958	708
peak_9559	chr21	45208473	45208898	.	426	212	372	446	274	444	268
peak_9560	chr21	45226621	45227132	.	512	364	564	562	512	594	422
peak_9561	chr21	45244756	45245535	.	780	434	600	672	562	652	566
peak_9562	chr21	45246193	45246621	.	429	164	348	354	292	338	276
peak_9563	chr21	45310329	45310956	.	628	362	432	618	326	338	230
peak_9564	chr21	45363878	45365885	.	2008	930	1986	1842	932	1324	876
peak_9565	chr21	45386400	45387399	.	1000	700	1286	1350	850	1160	766
peak_9566	chr21	45412510	45415527	.	3018	1280	2266	2292	1190	1398	902
peak_9567	chr21	45427294	45428179	.	886	534	1298	1402	746	952	802
peak_9568	chr21	45430236	45431387	.	1152	798	1530	1528	810	998	662
peak_9569	chr21	45538901	45539367	.	467	228	348	412	340	454	292
peak_9570	chr21	45556593	45557527	.	935	654	1382	1486	676	1026	700
peak_9571	chr21	45577490	45578787	.	1298	576	1192	1316	750	1010	758
peak_9572	chr21	45599536	45600240	.	705	318	438	514	424	522	336
peak_9573	chr21	45606820	45607646	.	827	554	950	988	646	844	508
peak_9574	chr21	45609486	45610079	.	594	468	484	480	294	406	278
peak_9575	chr21	45636802	45637508	.	707	372	1030	1142	624	818	560
peak_9576	chr21	45639216	45641611	.	2396	1040	1994	2056	892	1010	772
peak_9577	chr21	45726368	45726817	.	450	242	470	454	262	390	238
peak_9578	chr21	45735387	45735946	.	560	178	326	388	424	506	380
peak_9579	chr21	45736352	45737308	.	957	624	1038	1258	908	1078	782
peak_9580	chr21	45740673	45741440	.	768	460	726	760	474	492	388
peak_9581	chr21	45747279	45749057	.	1779	1112	2096	2124	1186	1486	928
peak_9582	chr21	45788081	45788962	.	882	264	570	652	522	800	472
peak_9583	chr21	45799875	45801671	.	1797	986	1970	2018	1150	1424	1000
peak_9584	chr21	45804497	45806218	.	1722	980	1670	1636	1066	1142	748
peak_9585	chr21	45819738	45821026	.	1289	828	1620	1738	1022	1440	868
peak_9586	chr21	45821436	45822271	.	836	512	974	960	620	916	648
peak_9587	chr21	45845069	45845407	.	339	266	404	404	418	600	454
peak_9588	chr21	45874754	45875500	.	747	298	962	982	450	782	522
peak_9589	chr21	45893990	45894708	.	719	494	854	862	446	486	402
peak_9590	chr21	45895398	45896334	.	937	430	1050	1036	656	930	634
peak_9591	chr21	45922744	45923503	.	760	392	724	902	402	744	482
peak_9592	chr21	45926000	45926367	.	368	166	254	202	230	286	172
peak_9593	chr21	45944197	45944992	.	796	404	744	828	420	532	332
peak_9594	chr21	45995528	45996099	.	572	310	606	680	486	600	392
peak_9595	chr21	46078732	46079730	.	999	538	964	1100	588	718	526
peak_9596	chr21	46080344	46080962	.	619	410	758	702	404	554	378
peak_9597	chr21	46132833	46133633	.	801	350	822	832	390	514	362
peak_9598	chr21	46133776	46134323	.	548	362	682	942	556	786	598
peak_9599	chr21	46189018	46190814	.	1797	1188	2090	2210	1326	1692	1214
peak_9600	chr21	46191245	46191668	.	424	270	744	816	470	742	574
peak_9601	chr21	46200889	46201192	.	304	192	232	222	418	502	454
peak_9602	chr21	46219310	46220184	.	875	512	994	1186	650	808	652
peak_9603	chr21	46222164	46223168	.	1005	642	1244	1316	876	1300	868
peak_9604	chr21	46226172	46226525	.	354	276	496	430	440	504	338
peak_9605	chr21	46228257	46229082	.	826	578	2000	1644	612	1190	776
peak_9606	chr21	46253304	46254099	.	796	388	634	630	744	1106	714
peak_9607	chr21	46357515	46358562	.	1048	704	1002	1140	844	1030	700
peak_9608	chr22	15635578	15635748	.	171	136	224	168	114	174	82
peak_9609	chr22	15791819	15791922	.	104	58	44	38	88	130	60
peak_9610	chr22	16915644	16916279	.	636	378	540	480	524	554	392
peak_9611	chr22	16963912	16965489	.	1578	858	1548	1496	1018	1120	800
peak_9612	chr22	17011646	17013455	.	1810	922	1588	1550	934	1236	802
peak_9613	chr22	17056063	17056710	.	648	242	294	350	448	628	402
peak_9614	chr22	17130171	17130562	.	392	154	264	358	314	346	270
peak_9615	chr22	17269298	17270802	.	1505	614	1242	1202	856	910	568
peak_9616	chr22	17628040	17629161	.	1122	948	1944	1770	1100	1300	722
peak_9617	chr22	17771923	17773391	.	1469	778	1880	2068	1056	1320	1022
peak_9618	chr22	17784892	17786087	.	1196	510	1330	1320	618	990	760
peak_9619	chr22	17786521	17787205	.	685	406	668	796	406	558	372
peak_9620	chr22	17909731	17910113	.	383	142	192	236	240	286	184
peak_9621	chr22	17972744	17973239	.	496	206	314	346	270	312	258
peak_9622	chr22	18015464	18015764	.	301	146	174	184	190	244	170
peak_9623	chr22	18056785	18057205	.	421	300	472	434	478	584	446
peak_9624	chr22	18964567	18969009	.	4443	1760	3524	3478	1424	1760	1182
peak_9625	chr22	19034433	19034896	.	464	170	378	316	314	368	248
peak_9626	chr22	19085298	19085627	.	330	134	322	334	266	358	224
peak_9627	chr22	19086233	19086722	.	490	142	378	372	386	376	308
peak_9628	chr22	19116720	19117180	.	461	306	384	442	344	506	360
peak_9629	chr22	19121453	19123203	.	1751	832	1912	2078	858	1096	812
peak_9630	chr22	19136753	19138404	.	1652	642	1206	1190	516	602	404
peak_9631	chr22	19144052	19144953	.	902	714	1688	1208	684	810	594
peak_9632	chr22	19179553	19186521	.	6969	3364	5826	6296	2828	3280	2382
peak_9633	chr22	19197600	19198600	.	1001	448	938	1016	598	718	432
peak_9634	chr22	19199451	19199904	.	454	182	256	208	294	332	210
peak_9635	chr22	19291949	19292875	.	927	1166	1750	1938	1768	1984	1366
peak_9636	chr22	19352783	19354541	.	1759	1344	2440	2692	460	588	474
peak_9637	chr22	19356064	19358094	.	2031	1292	2258	2206	528	596	476
peak_9638	chr22	19376106	19377348	.	1243	758	1212	1024	628	832	558
peak_9639	chr22	19378275	19378718	.	444	376	574	686	510	672	408
peak_9640	chr22	19385339	19387270	.	1932	1348	2042	2282	620	744	608
peak_9641	chr22	19419677	19420104	.	428	282	402	454	414	510	322
peak_9642	chr22	19446934	19448002	.	1069	596	1444	1528	652	904	600
peak_9643	chr22	19505049	19506745	.	1697	1040	1960	2056	944	1208	932
peak_9644	chr22	19514700	19515482	.	783	718	1140	1232	638	808	602
peak_9645	chr22	19525761	19527600	.	1840	836	1734	1684	360	346	314
peak_9646	chr22	19555550	19556522	.	973	650	1048	942	692	718	504
peak_9647	chr22	19559107	19559844	.	738	528	644	736	416	500	390
peak_9648	chr22	19607901	19608464	.	564	506	598	684	368	444	308
peak_9649	chr22	19610209	19610792	.	584	426	928	1056	440	492	362
peak_9650	chr22	19625295	19626550	.	1256	968	1826	1942	1210	1394	906
peak_9651	chr22	19631082	19631858	.	777	612	1268	1138	822	1304	676
peak_9652	chr22	19636830	19640023	.	3194	2350	3876	4030	2220	2236	1624
peak_9653	chr22	19644212	19645290	.	1079	626	854	932	574	628	488
peak_9654	chr22	19663389	19663751	.	363	346	556	684	438	668	448
peak_9655	chr22	19663979	19664356	.	378	356	710	760	358	426	316
peak_9656	chr22	19710050	19711130	.	1081	1018	1690	1864	898	1292	902
peak_9657	chr22	19711725	19712676	.	952	738	1328	1400	972	948	580
peak_9658	chr22	19734198	19736430	.	2233	1284	2576	2430	1272	1388	1118
peak_9659	chr22	19740885	19743004	.	2120	1390	2374	2520	784	836	594
peak_9660	chr22	19749107	19750532	.	1426	1276	2780	2942	1464	1812	1224
peak_9661	chr22	19767746	19768635	.	890	654	868	978	554	616	414
peak_9662	chr22	19775524	19777027	.	1504	954	1978	2078	716	854	694
peak_9663	chr22	19785568	19787961	.	2394	1292	2382	2536	1308	1634	938
peak_9664	chr22	19797470	19800090	.	2621	1796	2986	3278	1392	1726	1264
peak_9665	chr22	19817674	19824117	.	6444	4286	9166	9234	3956	4506	3312
peak_9666	chr22	19849836	19852657	.	2822	1356	2394	2474	1006	1004	862
peak_9667	chr22	19869898	19875416	.	5519	3494	6852	6884	2002	2580	1748
peak_9668	chr22	19881647	19883408	.	1762	1422	2462	2340	1400	1560	972
peak_9669	chr22	19896774	19897400	.	627	750	1310	1378	632	990	590
peak_9670	chr22	19899115	19899918	.	804	632	984	950	730	942	578
peak_9671	chr22	19912311	19913140	.	830	800	1412	1528	536	612	490
peak_9672	chr22	19957230	19957816	.	587	360	558	620	458	554	444
peak_9673	chr22	19961338	19962611	.	1274	854	1770	1868	864	986	752
peak_9674	chr22	19966727	19967637	.	911	610	850	852	498	638	406
peak_9675	chr22	19976021	19976514	.	494	410	736	658	456	542	370
peak_9676	chr22	19980264	19981504	.	1241	1062	1908	2160	1198	1420	1082
peak_9677	chr22	19984235	19987371	.	3137	1994	3838	3612	2062	2380	1662
peak_9678	chr22	19998663	20000718	.	2056	1128	2118	2078	554	632	444
peak_9679	chr22	20008161	20013851	.	5691	5054	9410	9520	5430	6108	4320
peak_9680	chr22	20019185	20022624	.	3440	2262	4108	4202	1958	2414	1626
peak_9681	chr22	20024263	20024968	.	706	546	732	760	600	622	430
peak_9682	chr22	20027028	20027704	.	677	400	816	734	466	762	442
peak_9683	chr22	20031099	20033862	.	2764	1684	3476	3632	1838	2456	1576
peak_9684	chr22	20063216	20065282	.	2067	1466	2278	2322	1142	1384	998
peak_9685	chr22	20080429	20081967	.	1539	994	1522	1580	988	1036	670
peak_9686	chr22	20082703	20083882	.	1180	884	1396	1308	1000	942	760
peak_9687	chr22	20105886	20109124	.	3239	2088	4142	4184	1070	1224	830
peak_9688	chr22	20111039	20111691	.	653	688	1302	1278	796	996	792
peak_9689	chr22	20114056	20118339	.	4284	3278	6764	6344	3212	3642	2480
peak_9690	chr22	20143192	20144636	.	1445	670	1184	1290	346	340	288
peak_9691	chr22	20166130	20170891	.	4762	3510	6366	6250	2424	3054	2018
peak_9692	chr22	20174726	20175793	.	1068	736	1344	1540	602	868	530
peak_9693	chr22	20200408	20200760	.	353	188	416	394	392	542	386
peak_9694	chr22	20204685	20206595	.	1911	1110	2088	2194	800	946	746
peak_9695	chr22	20208586	20213591	.	5006	3372	7166	7540	3338	3904	2870
peak_9696	chr22	20216971	20218134	.	1164	1328	1966	2046	1492	1664	1152
peak_9697	chr22	20222556	20223820	.	1265	1116	2334	2330	1136	1216	818
peak_9698	chr22	20225739	20226350	.	612	484	632	586	554	662	378
peak_9699	chr22	20240694	20241474	.	781	474	906	894	622	702	512
peak_9700	chr22	20246977	20247812	.	836	852	1596	1864	896	1374	1084
peak_9701	chr22	20252103	20253628	.	1526	1176	2168	2512	1468	1786	1256
peak_9702	chr22	20266598	20267566	.	969	540	1156	1044	786	1016	660
peak_9703	chr22	20271193	20272559	.	1367	618	1258	1194	738	918	598
peak_9704	chr22	20282746	20285582	.	2837	1736	3552	3676	1724	2242	1518
peak_9705	chr22	20289754	20292068	.	2315	1508	2964	3130	1638	2060	1498
peak_9706	chr22	20296765	20300175	.	3411	1930	4198	4080	1712	2468	1688
peak_9707	chr22	20305243	20305646	.	404	162	486	478	246	354	236
peak_9708	chr22	20319766	20322153	.	2388	1024	2530	2448	1014	1300	872
peak_9709	chr22	20435365	20437753	.	2389	1110	2160	2396	1108	1252	860
peak_9710	chr22	20520067	20520553	.	487	222	468	548	326	394	320
peak_9711	chr22	20526680	20527202	.	523	408	568	682	404	566	378
peak_9712	chr22	20566638	20567262	.	625	294	700	632	386	582	326
peak_9713	chr22	20568938	20569991	.	1054	1032	2104	1832	1374	1798	1238
peak_9714	chr22	20578323	20586769	.	8447	4206	7410	7562	2716	3208	2510
peak_9715	chr22	20607438	20607734	.	297	160	390	392	210	324	206
peak_9716	chr22	20609255	20611251	.	1997	892	1728	1930	716	824	566
peak_9717	chr22	20624187	20624808	.	622	330	480	470	430	582	364
peak_9718	chr22	20782140	20782516	.	377	190	290	280	308	326	274
peak_9719	chr22	20807225	20807798	.	574	456	706	820	612	776	454
peak_9720	chr22	20856794	20857466	.	673	432	520	494	536	590	362
peak_9721	chr22	20916724	20918546	.	1823	1124	2438	2382	1136	1576	1022
peak_9722	chr22	20940960	20941304	.	345	226	380	404	396	500	302
peak_9723	chr22	20999275	21002552	.	3278	1862	4008	3884	1956	2376	1634
peak_9724	chr22	21013922	21016009	.	2088	1038	1982	2098	846	902	660
peak_9725	chr22	21017883	21018571	.	689	468	1040	1136	640	724	520
peak_9726	chr22	21025156	21030588	.	5433	2708	5088	5314	1966	2116	1624
peak_9727	chr22	21042804	21044109	.	1306	770	1356	1482	868	926	728
peak_9728	chr22	21051212	21053574	.	2363	1446	2142	2328	1072	1278	902
peak_9729	chr22	21065414	21065784	.	371	302	362	354	330	454	358
peak_9730	chr22	21641314	21644406	.	3093	2280	4770	4600	2272	2922	1900
peak_9731	chr22	21645020	21645781	.	762	356	610	600	352	526	322
peak_9732	chr22	21741808	21742305	.	498	444	480	546	620	750	488
peak_9733	chr22	21960965	21962347	.	1383	886	1936	2138	1202	1514	1140
peak_9734	chr22	21989041	21992091	.	3051	2106	3460	3370	1938	2212	1582
peak_9735	chr22	22022310	22023406	.	1097	506	1106	1186	516	592	412
peak_9736	chr22	22032104	22033294	.	1191	724	1042	1136	444	530	344
peak_9737	chr22	22042933	22043993	.	1061	560	862	874	346	318	320
peak_9738	chr22	22057757	22058092	.	336	170	174	166	228	238	200
peak_9739	chr22	22070117	22070886	.	770	556	924	996	610	538	460
peak_9740	chr22	22085832	22087297	.	1466	880	1590	1432	894	966	690
peak_9741	chr22	22088772	22089324	.	553	360	464	428	492	626	330
peak_9742	chr22	22110840	22111752	.	913	610	1410	1570	704	916	694
peak_9743	chr22	22112751	22113195	.	445	334	480	438	410	496	308
peak_9744	chr22	22178375	22178829	.	455	448	806	916	572	604	556
peak_9745	chr22	22180832	22181143	.	312	144	298	284	292	316	268
peak_9746	chr22	22200393	22201163	.	771	506	822	882	330	346	306
peak_9747	chr22	22210416	22211894	.	1479	1178	1966	1970	1338	1644	1034
peak_9748	chr22	22341613	22342004	.	392	284	458	500	434	562	308
peak_9749	chr22	22347892	22350049	.	2158	1454	2096	2094	1600	1732	1216
peak_9750	chr22	22357086	22357890	.	805	790	1476	1422	968	1288	850
peak_9751	chr22	22370782	22372437	.	1656	998	1440	1656	956	1084	816
peak_9752	chr22	22380066	22381025	.	960	506	904	1020	458	520	338
peak_9753	chr22	22396629	22400300	.	3672	2102	3334	3282	1634	1710	1324
peak_9754	chr22	22406343	22406964	.	622	300	494	474	436	414	322
peak_9755	chr22	22408690	22409712	.	1023	912	1554	1500	1156	1160	936
peak_9756	chr22	22410185	22410587	.	403	186	458	488	258	394	258
peak_9757	chr22	22426833	22428001	.	1169	846	1094	1140	810	852	590
peak_9758	chr22	22431074	22432819	.	1746	1206	2298	2424	1258	1594	1180
peak_9759	chr22	22579024	22580152	.	1129	492	1106	1082	690	912	638
peak_9760	chr22	22587597	22588586	.	990	614	1030	1084	658	722	496
peak_9761	chr22	22594611	22595154	.	544	414	740	748	452	552	378
peak_9762	chr22	22603141	22605356	.	2216	1284	1868	1898	1266	1492	976
peak_9763	chr22	22609012	22609723	.	712	464	784	814	556	636	464
peak_9764	chr22	22614071	22614573	.	503	216	490	550	296	456	288
peak_9765	chr22	22616441	22617037	.	597	378	568	560	488	598	456
peak_9766	chr22	22640851	22641014	.	164	120	184	152	140	232	172
peak_9767	chr22	22663773	22664961	.	1189	912	1668	1776	976	1172	866
peak_9768	chr22	22673250	22673808	.	559	302	582	734	304	412	320
peak_9769	chr22	22683138	22683728	.	591	412	626	528	582	762	500
peak_9770	chr22	22688808	22689273	.	466	284	438	416	326	446	286
peak_9771	chr22	22689738	22690406	.	669	474	610	600	462	484	302
peak_9772	chr22	22691797	22692133	.	337	234	314	314	276	430	246
peak_9773	chr22	22697126	22698057	.	932	478	1122	1102	682	822	606
peak_9774	chr22	22702529	22704097	.	1569	968	1838	1930	1050	1432	1028
peak_9775	chr22	22706246	22707016	.	771	594	1064	864	816	932	622
peak_9776	chr22	22714661	22715294	.	634	386	476	444	546	610	458
peak_9777	chr22	22730438	22731068	.	631	642	1076	1186	836	1030	730
peak_9778	chr22	22733771	22735134	.	1364	662	1196	1156	518	596	420
peak_9779	chr22	22746756	22747378	.	623	336	656	614	572	698	396
peak_9780	chr22	22750217	22751526	.	1310	884	1186	1210	684	620	434
peak_9781	chr22	22764095	22764821	.	727	584	1178	1094	1080	1468	854
peak_9782	chr22	22771576	22773064	.	1489	1080	2338	2418	1492	2066	1300
peak_9783	chr22	22791671	22792193	.	523	288	512	470	276	360	222
peak_9784	chr22	22809932	22810926	.	995	654	954	1230	614	780	540
peak_9785	chr22	22824302	22824555	.	254	180	272	238	286	362	268
peak_9786	chr22	22848347	22852084	.	3738	2750	4872	5050	2660	3596	2452
peak_9787	chr22	22854957	22857172	.	2216	1134	2130	2240	1112	1402	1014
peak_9788	chr22	22863027	22863554	.	528	308	438	408	588	692	428
peak_9789	chr22	22870677	22871435	.	759	566	820	724	590	730	462
peak_9790	chr22	22878660	22879790	.	1131	718	1446	1482	1334	1754	1016
peak_9791	chr22	22879917	22880268	.	352	302	398	358	356	430	324
peak_9792	chr22	22880633	22881865	.	1233	812	1692	1742	876	1286	848
peak_9793	chr22	22913641	22914351	.	711	474	838	1018	602	728	576
peak_9794	chr22	22916618	22917637	.	1020	574	1006	990	662	764	560
peak_9795	chr22	22927809	22929085	.	1277	1108	2420	2276	996	1326	986
peak_9796	chr22	22940951	22942750	.	1800	1274	1836	2030	1022	1034	876
peak_9797	chr22	22942876	22943233	.	358	198	488	542	330	418	306
peak_9798	chr22	22950688	22952128	.	1441	1128	1980	1836	1602	1988	1288
peak_9799	chr22	23016267	23016986	.	720	498	1010	982	600	808	518
peak_9800	chr22	23037204	23037681	.	478	242	376	474	346	356	350
peak_9801	chr22	23063184	23065493	.	2310	1194	2146	2082	898	920	806
peak_9802	chr22	23090148	23091082	.	935	644	1318	1266	676	972	606
peak_9803	chr22	23099378	23100780	.	1403	1122	2318	2202	1038	1266	920
peak_9804	chr22	23101105	23103143	.	2039	1568	3032	3236	1338	1692	1222
peak_9805	chr22	23105873	23120652	.	14780	8800	16284	16772	6670	8144	5798
peak_9806	chr22	23126231	23129452	.	3222	2094	4172	4100	2032	2464	1834
peak_9807	chr22	23179457	23179901	.	445	380	678	732	450	694	448
peak_9808	chr22	23182312	23183070	.	759	460	778	830	346	484	298
peak_9809	chr22	23192223	23192617	.	395	344	408	500	328	474	320
peak_9810	chr22	23217903	23219056	.	1154	512	930	1084	318	346	238
peak_9811	chr22	23250897	23252333	.	1437	940	1552	1580	930	1268	906
peak_9812	chr22	23252799	23254989	.	2191	1176	1974	1914	1034	1164	856
peak_9813	chr22	23262902	23264869	.	1968	1208	1896	1986	604	708	516
peak_9814	chr22	23279611	23280709	.	1099	950	1700	1864	1068	1176	940
peak_9815	chr22	23280778	23283003	.	2226	1412	3192	3416	1598	2622	1726
peak_9816	chr22	23285682	23286146	.	465	330	788	936	544	724	596
peak_9817	chr22	23289615	23290835	.	1221	858	1910	1904	1198	1708	1120
peak_9818	chr22	23379625	23380613	.	989	474	842	872	370	452	354
peak_9819	chr22	23400978	23401690	.	713	500	936	940	542	658	414
peak_9820	chr22	23403600	23405850	.	2251	1028	1926	1890	676	800	642
peak_9821	chr22	23457752	23457995	.	244	118	224	262	212	310	230
peak_9822	chr22	23517473	23517817	.	345	356	436	428	388	442	298
peak_9823	chr22	23627451	23628843	.	1393	494	834	826	488	502	378
peak_9824	chr22	23631892	23632876	.	985	482	872	792	356	348	272
peak_9825	chr22	23671841	23672946	.	1106	494	860	754	344	378	284
peak_9826	chr22	23715163	23715736	.	574	262	424	464	388	468	348
peak_9827	chr22	23786220	23787813	.	1594	770	1558	1660	728	960	576
peak_9828	chr22	23832255	23834244	.	1990	696	1284	1350	362	396	324
peak_9829	chr22	23834608	23838213	.	3606	1296	2446	2454	504	562	536
peak_9830	chr22	23857648	23858582	.	935	650	1536	1532	776	930	648
peak_9831	chr22	23953272	23953863	.	592	208	408	302	178	192	158
peak_9832	chr22	23954739	23955249	.	511	266	446	396	374	424	244
peak_9833	chr22	24005209	24005654	.	446	388	634	692	418	470	336
peak_9834	chr22	24010892	24012007	.	1116	758	1880	1612	692	1010	608
peak_9835	chr22	24095911	24097122	.	1212	770	1434	1378	842	962	730
peak_9836	chr22	24117608	24120412	.	2805	1356	2346	2442	730	920	678
peak_9837	chr22	24126157	24126650	.	494	252	378	478	376	566	374
peak_9838	chr22	24140725	24145120	.	4396	2880	4868	4874	2542	2658	1866
peak_9839	chr22	24146737	24147298	.	562	718	972	1134	802	1026	790
peak_9840	chr22	24147480	24148544	.	1065	660	990	1020	270	268	262
peak_9841	chr22	24152969	24156820	.	3852	2294	4124	4070	1960	2232	1592
peak_9842	chr22	24162845	24167013	.	4169	1858	3030	3216	1322	1388	944
peak_9843	chr22	24184895	24187720	.	2826	1098	2356	2398	942	1290	784
peak_9844	chr22	24187816	24192241	.	4426	2208	4172	4444	1708	1966	1386
peak_9845	chr22	24247024	24248416	.	1393	770	1638	1628	610	834	582
peak_9846	chr22	24419278	24419973	.	696	452	1026	918	496	626	442
peak_9847	chr22	24435785	24436332	.	548	402	722	750	482	514	380
peak_9848	chr22	24444168	24446405	.	2238	1516	2626	2524	1234	1334	948
peak_9849	chr22	24525296	24525859	.	564	590	994	898	568	706	508
peak_9850	chr22	24549732	24551239	.	1508	1228	2128	2304	1314	1390	1070
peak_9851	chr22	24604346	24604701	.	356	186	310	276	166	202	120
peak_9852	chr22	24606276	24606710	.	435	230	492	492	318	474	330
peak_9853	chr22	24695860	24697834	.	1975	1294	2560	2684	1042	1542	1074
peak_9854	chr22	24703075	24703668	.	594	500	958	1058	636	1096	724
peak_9855	chr22	24706713	24707900	.	1188	1026	1692	1814	986	1212	862
peak_9856	chr22	24772407	24773317	.	911	862	1496	1564	936	956	694
peak_9857	chr22	24780622	24781281	.	660	374	650	614	490	498	400
peak_9858	chr22	24807013	24808061	.	1049	952	1736	1818	1382	1822	1192
peak_9859	chr22	24816795	24817278	.	484	452	800	790	748	808	654
peak_9860	chr22	24824019	24824532	.	514	574	1138	1182	1008	1050	828
peak_9861	chr22	24827405	24828141	.	737	740	1300	1396	996	1470	980
peak_9862	chr22	24873034	24873777	.	744	474	730	768	274	374	262
peak_9863	chr22	24875960	24876504	.	545	298	500	502	528	524	404
peak_9864	chr22	24977907	24978381	.	475	534	756	776	692	830	524
peak_9865	chr22	24985545	24986275	.	731	802	1464	1376	968	1074	826
peak_9866	chr22	24986761	24987117	.	357	292	278	338	402	408	276
peak_9867	chr22	24990147	24990847	.	701	562	1052	1022	800	972	712
peak_9868	chr22	24992972	24993745	.	774	802	1442	1438	1134	1342	924
peak_9869	chr22	24995741	24997035	.	1295	1244	2150	2260	1372	1602	952
peak_9870	chr22	25058710	25059191	.	482	406	526	416	472	552	390
peak_9871	chr22	25067418	25068455	.	1038	962	1882	2074	870	1192	674
peak_9872	chr22	25079546	25080077	.	532	580	676	674	526	648	346
peak_9873	chr22	25080937	25081790	.	854	626	916	838	878	1116	798
peak_9874	chr22	25110540	25111716	.	1177	1464	3392	3086	1822	2524	1710
peak_9875	chr22	25113335	25114051	.	717	910	1576	1576	1266	1496	1122
peak_9876	chr22	25143450	25143828	.	379	226	396	498	390	480	384
peak_9877	chr22	25148114	25149328	.	1215	1240	2082	2168	952	1212	742
peak_9878	chr22	25231818	25232479	.	662	446	664	670	506	788	398
peak_9879	chr22	25237521	25237956	.	436	386	798	784	522	474	330
peak_9880	chr22	25392999	25393712	.	714	500	836	750	330	364	228
peak_9881	chr22	25497108	25497667	.	560	396	644	772	872	1270	824
peak_9882	chr22	25750263	25751831	.	1569	1318	2066	2142	1526	1712	1156
peak_9883	chr22	25762573	25763147	.	575	454	630	734	618	708	486
peak_9884	chr22	25845654	25846775	.	1122	924	1444	1668	780	1016	750
peak_9885	chr22	25884179	25884482	.	304	340	526	598	810	978	688
peak_9886	chr22	26143467	26144199	.	733	404	662	622	778	922	588
peak_9887	chr22	26220446	26220877	.	432	406	666	726	802	824	754
peak_9888	chr22	26288080	26288360	.	281	222	318	270	398	596	382
peak_9889	chr22	26326014	26327873	.	1860	1518	2094	2318	2002	2174	1610
peak_9890	chr22	26336665	26337185	.	521	266	302	394	634	690	486
peak_9891	chr22	26470640	26472110	.	1471	1162	2026	1750	1170	1460	980
peak_9892	chr22	26516551	26517006	.	456	148	184	184	368	390	260
peak_9893	chr22	26620819	26621135	.	317	332	526	440	438	676	452
peak_9894	chr22	26756660	26757207	.	548	406	874	1094	596	780	492
peak_9895	chr22	26806235	26806977	.	743	354	550	526	670	734	610
peak_9896	chr22	26903781	26904103	.	323	352	432	486	562	598	376
peak_9897	chr22	26992365	26993029	.	665	504	854	1070	892	1164	862
peak_9898	chr22	27009584	27010320	.	737	674	926	986	510	562	460
peak_9899	chr22	27099474	27101297	.	1824	2078	4240	4462	2650	3530	2298
peak_9900	chr22	27207338	27208289	.	952	768	1238	1338	802	1044	660
peak_9901	chr22	27212636	27213602	.	967	1866	3154	2450	1996	2720	1666
peak_9902	chr22	27226636	27226990	.	355	260	336	356	398	478	354
peak_9903	chr22	27238965	27240935	.	1971	1890	3382	3286	1438	1948	1476
peak_9904	chr22	27278674	27279321	.	648	856	1170	1226	972	1180	882
peak_9905	chr22	27381835	27382615	.	781	550	1030	1012	442	492	344
peak_9906	chr22	27415682	27416564	.	883	864	1118	1044	1056	1280	872
peak_9907	chr22	27456803	27457874	.	1072	904	1494	1588	900	1002	646
peak_9908	chr22	27473913	27475517	.	1605	1944	4122	3762	1932	2698	1876
peak_9909	chr22	27476688	27477416	.	729	804	1644	1542	920	1184	794
peak_9910	chr22	27479866	27481091	.	1226	1504	2794	2304	1604	2110	1488
peak_9911	chr22	27534704	27535228	.	525	382	714	696	562	704	584
peak_9912	chr22	27592776	27593748	.	973	660	534	580	854	920	624
peak_9913	chr22	27613566	27614130	.	565	582	982	992	568	718	532
peak_9914	chr22	27620346	27621399	.	1054	780	1294	1310	840	898	564
peak_9915	chr22	27625906	27626480	.	575	566	1022	834	750	948	652
peak_9916	chr22	27662343	27663169	.	827	984	1862	1928	1110	1632	1072
peak_9917	chr22	27668789	27671896	.	3108	3246	6592	6036	3150	3924	2718
peak_9918	chr22	27704574	27705707	.	1134	1058	1628	1850	1256	1470	1018
peak_9919	chr22	27718223	27718980	.	758	816	1522	1782	1092	1404	944
peak_9920	chr22	27725559	27726082	.	524	552	760	772	792	786	532
peak_9921	chr22	27804650	27806125	.	1476	1238	2054	2054	1394	1612	1166
peak_9922	chr22	27918344	27918861	.	518	480	1122	1194	630	1002	588
peak_9923	chr22	27959343	27959864	.	522	410	714	680	518	808	482
peak_9924	chr22	27992753	27996448	.	3696	2280	4128	4034	1652	1830	1458
peak_9925	chr22	28004861	28006368	.	1508	1450	2372	2412	926	866	648
peak_9926	chr22	28019287	28022749	.	3463	3254	6434	6720	3032	3760	2574
peak_9927	chr22	28022895	28025029	.	2135	1856	2866	2818	1400	1540	1056
peak_9928	chr22	28049542	28050240	.	699	556	846	806	738	900	660
peak_9929	chr22	28074469	28074843	.	375	324	436	366	468	518	364
peak_9930	chr22	28348873	28349250	.	378	152	260	204	378	450	352
peak_9931	chr22	28741599	28742708	.	1110	930	3040	2046	958	1388	856
peak_9932	chr22	29031226	29031983	.	758	542	1238	1010	784	1006	670
peak_9933	chr22	29129370	29129776	.	407	272	468	464	452	590	432
peak_9934	chr22	29215332	29218347	.	3016	1032	1966	2064	756	948	576
peak_9935	chr22	29240448	29240801	.	354	150	260	190	220	310	192
peak_9936	chr22	29386190	29386581	.	392	236	330	344	342	382	280
peak_9937	chr22	29587834	29588621	.	788	540	914	882	738	944	564
peak_9938	chr22	29727008	29727493	.	486	294	516	610	370	420	316
peak_9939	chr22	29747330	29749216	.	1887	634	1088	1208	338	364	298
peak_9940	chr22	29830539	29830969	.	431	312	368	474	272	400	254
peak_9941	chr22	30205366	30206131	.	766	444	1128	948	604	772	594
peak_9942	chr22	30210438	30210958	.	521	326	916	804	472	724	480
peak_9943	chr22	30212460	30213241	.	782	432	890	646	558	746	438
peak_9944	chr22	30214801	30215388	.	588	432	914	892	492	728	536
peak_9945	chr22	30225897	30226773	.	877	534	1066	1006	554	782	544
peak_9946	chr22	30252409	30253663	.	1255	834	1566	1518	858	1362	926
peak_9947	chr22	30257318	30258360	.	1043	710	1402	1392	782	1040	864
peak_9948	chr22	30282721	30283917	.	1197	678	972	1032	676	788	550
peak_9949	chr22	30361746	30363356	.	1611	940	1714	1912	728	908	634
peak_9950	chr22	30396681	30398864	.	2184	1068	2010	2166	790	830	656
peak_9951	chr22	30422917	30424446	.	1530	1478	4142	3586	1658	2702	1730
peak_9952	chr22	30425402	30426949	.	1548	1106	2128	2328	1104	1384	832
peak_9953	chr22	30546435	30548229	.	1795	874	1502	1424	914	1224	800
peak_9954	chr22	30634350	30637279	.	2930	1510	3308	3574	1642	2312	1570
peak_9955	chr22	30640854	30641513	.	660	364	616	790	520	654	480
peak_9956	chr22	30643129	30643841	.	713	428	600	672	396	510	332
peak_9957	chr22	30649385	30650140	.	756	592	1120	1118	736	804	622
peak_9958	chr22	30875647	30875966	.	320	214	302	324	224	396	248
peak_9959	chr22	30877720	30878293	.	574	362	698	660	442	556	388
peak_9960	chr22	31105666	31106829	.	1164	490	832	876	594	682	362
peak_9961	chr22	31118089	31119503	.	1415	876	1458	1452	808	1040	770
peak_9962	chr22	31749606	31750502	.	897	476	1090	1216	484	696	446
peak_9963	chr22	31853731	31854484	.	754	326	586	562	452	478	428
peak_9964	chr22	31932970	31933279	.	310	158	276	328	190	258	214
peak_9965	chr22	31967366	31967828	.	463	290	440	448	390	346	304
peak_9966	chr22	31976641	31977706	.	1066	620	1078	1108	752	780	546
peak_9967	chr22	32174981	32175451	.	471	236	344	446	318	358	258
peak_9968	chr22	32199426	32199846	.	421	272	490	468	316	302	222
peak_9969	chr22	32271792	32272877	.	1086	566	966	834	742	928	646
peak_9970	chr22	32309550	32310027	.	478	206	402	334	286	372	218
peak_9971	chr22	32473361	32474022	.	662	556	756	770	740	864	550
peak_9972	chr22	32532542	32532938	.	397	210	592	592	346	408	286
peak_9973	chr22	32557543	32558018	.	476	166	300	178	268	340	258
peak_9974	chr22	32558663	32559050	.	388	354	848	700	508	612	550
peak_9975	chr22	32564097	32564503	.	407	118	246	298	196	306	218
peak_9976	chr22	32644328	32644799	.	472	246	666	652	366	544	402
peak_9977	chr22	32723646	32724070	.	425	338	648	632	500	540	458
peak_9978	chr22	32753109	32753528	.	420	296	684	746	666	994	822
peak_9979	chr22	32775929	32776275	.	347	186	262	346	250	312	254
peak_9980	chr22	33073848	33074657	.	810	276	492	418	534	696	432
peak_9981	chr22	33277792	33278395	.	604	342	312	298	480	750	484
peak_9982	chr22	33295241	33295938	.	698	376	508	464	444	502	366
peak_9983	chr22	33350343	33350941	.	599	260	438	358	426	542	366
peak_9984	chr22	33971392	33972119	.	728	578	988	1062	894	1268	944
peak_9985	chr22	33985493	33985857	.	365	192	262	300	260	250	260
peak_9986	chr22	33994627	33995218	.	592	154	164	228	374	436	278
peak_9987	chr22	34055723	34056109	.	387	94	192	272	330	324	318
peak_9988	chr22	34096647	34097181	.	535	216	284	296	418	566	350
peak_9989	chr22	34102289	34103281	.	993	384	692	680	606	828	412
peak_9990	chr22	34197375	34197839	.	465	190	234	226	360	456	354
peak_9991	chr22	34449759	34450281	.	523	196	262	328	496	582	474
peak_9992	chr22	34761064	34761466	.	403	284	384	306	470	560	446
peak_9993	chr22	35036829	35037701	.	873	762	1116	1152	738	760	534
peak_9994	chr22	35312263	35313090	.	828	1302	2488	2710	1644	2160	1734
peak_9995	chr22	35315866	35316435	.	570	512	808	888	736	910	550
peak_9996	chr22	35335019	35337057	.	2039	1774	3012	3102	926	1034	822
peak_9997	chr22	35342160	35342925	.	766	746	1334	1288	990	1228	716
peak_9998	chr22	35344052	35351820	.	7769	7236	13626	13484	6498	7730	5624
peak_9999	chr22	35357917	35358781	.	865	594	1184	1102	1030	1240	810
peak_10000	chr22	35359439	35360119	.	681	826	1756	1686	1416	1778	1150
peak_10001	chr22	35380511	35381065	.	555	514	1060	974	898	1296	792
peak_10002	chr22	35384291	35384978	.	688	1066	1536	1772	1402	1772	1220
peak_10003	chr22	35538247	35538714	.	468	334	712	710	610	770	512
peak_10004	chr22	35539835	35540192	.	358	202	468	522	254	426	308
peak_10005	chr22	35548397	35548985	.	589	296	530	524	434	430	344
peak_10006	chr22	35602195	35602811	.	617	294	534	512	584	858	496
peak_10007	chr22	35604899	35605134	.	236	144	214	270	194	266	244
peak_10008	chr22	36010861	36011351	.	491	218	270	242	292	370	206
peak_10009	chr22	36143536	36143957	.	422	214	312	270	338	456	298
peak_10010	chr22	36158939	36160017	.	1079	380	670	776	790	1110	832
peak_10011	chr22	36179757	36180658	.	902	490	650	750	572	780	608
peak_10012	chr22	36223435	36223930	.	496	264	444	490	354	594	424
peak_10013	chr22	36385622	36388664	.	3043	1520	3638	3554	1498	2044	1410
peak_10014	chr22	36396816	36397936	.	1121	502	774	822	650	732	580
peak_10015	chr22	36411536	36411947	.	412	228	308	318	352	574	314
peak_10016	chr22	36465616	36467247	.	1632	1016	1658	1674	1004	1232	796
peak_10017	chr22	36533542	36533812	.	271	158	180	172	280	314	224
peak_10018	chr22	36562107	36562807	.	701	290	512	574	502	548	402
peak_10019	chr22	36565451	36566056	.	606	354	708	694	490	748	472
peak_10020	chr22	36605431	36606841	.	1411	868	1220	1322	716	852	666
peak_10021	chr22	36608905	36609337	.	433	166	282	266	322	458	384
peak_10022	chr22	36609705	36610242	.	538	282	542	504	398	625	460
peak_10023	chr22	36673746	36674268	.	523	226	442	444	368	434	304
peak_10024	chr22	36726981	36727486	.	506	364	502	508	460	672	408
peak_10025	chr22	36745344	36746950	.	1607	796	1516	1538	784	934	666
peak_10026	chr22	36796727	36797069	.	343	176	308	358	242	282	220
peak_10027	chr22	36818026	36818763	.	738	520	1006	1138	618	778	514
peak_10028	chr22	36865227	36865682	.	456	396	906	832	464	778	466
peak_10029	chr22	36869957	36870630	.	674	350	680	606	520	590	440
peak_10030	chr22	36976743	36977874	.	1132	618	950	1112	536	550	446
peak_10031	chr22	36980644	36981127	.	484	144	410	318	352	412	288
peak_10032	chr22	36988110	36988512	.	403	168	222	268	320	362	324
peak_10033	chr22	37018086	37020417	.	2332	910	1646	1554	846	954	600
peak_10034	chr22	37052068	37054923	.	2856	1128	2174	2232	852	828	774
peak_10035	chr22	37098127	37099380	.	1254	660	1020	1062	822	1014	634
peak_10036	chr22	37105887	37106138	.	252	156	308	196	164	182	116
peak_10037	chr22	37110726	37111798	.	1073	512	894	896	770	720	550
peak_10038	chr22	37149476	37150370	.	895	424	846	962	392	576	414
peak_10039	chr22	37157939	37158364	.	426	382	632	560	550	826	498
peak_10040	chr22	37165766	37168044	.	2279	870	1774	1736	780	986	644
peak_10041	chr22	37176323	37176943	.	621	432	678	834	442	542	440
peak_10042	chr22	37228198	37230688	.	2491	1338	2542	2464	1006	1100	808
peak_10043	chr22	37266630	37267380	.	751	394	728	744	384	470	362
peak_10044	chr22	37303753	37304908	.	1156	544	1212	1138	566	750	552
peak_10045	chr22	37309713	37310335	.	623	396	874	794	480	636	368
peak_10046	chr22	37316440	37317666	.	1227	552	1054	1092	526	660	492
peak_10047	chr22	37382902	37384627	.	1726	1088	1804	1854	1046	1146	924
peak_10048	chr22	37407946	37408666	.	721	446	672	714	584	810	674
peak_10049	chr22	37423943	37424662	.	720	430	652	696	414	514	392
peak_10050	chr22	37425365	37426527	.	1163	636	1178	1254	720	1096	644
peak_10051	chr22	37428275	37429410	.	1136	538	940	950	460	650	332
peak_10052	chr22	37489990	37490870	.	881	508	828	758	500	712	504
peak_10053	chr22	37496177	37497131	.	955	416	572	654	190	230	188
peak_10054	chr22	37511984	37512776	.	793	518	1050	944	714	936	630
peak_10055	chr22	37552617	37553603	.	987	594	944	986	498	606	410
peak_10056	chr22	37561659	37563069	.	1411	704	1124	1048	568	818	546
peak_10057	chr22	37639839	37644170	.	4332	1834	3246	3432	1436	1730	1414
peak_10058	chr22	37751463	37753102	.	1640	770	1332	1500	528	542	456
peak_10059	chr22	37766024	37766452	.	429	280	466	444	398	512	382
peak_10060	chr22	37784749	37785614	.	866	566	920	880	618	734	480
peak_10061	chr22	37932825	37934298	.	1474	734	1472	1550	682	876	614
peak_10062	chr22	37954051	37954338	.	288	152	202	218	230	252	126
peak_10063	chr22	38017212	38017894	.	683	380	638	658	276	372	296
peak_10064	chr22	38018973	38019683	.	711	470	662	746	524	844	530
peak_10065	chr22	38032282	38033155	.	874	460	786	834	422	556	370
peak_10066	chr22	38049869	38053082	.	3214	1486	3026	2746	1156	1410	944
peak_10067	chr22	38145407	38146037	.	631	358	814	730	472	688	424
peak_10068	chr22	38164067	38164610	.	544	356	576	560	316	386	210
peak_10069	chr22	38176150	38176779	.	630	384	812	904	552	734	506
peak_10070	chr22	38177672	38178673	.	1002	714	1088	984	718	814	568
peak_10071	chr22	38180182	38180657	.	476	446	598	612	460	486	352
peak_10072	chr22	38180899	38182161	.	1263	860	1678	1556	976	1320	978
peak_10073	chr22	38191811	38192310	.	500	230	588	582	316	436	316
peak_10074	chr22	38201023	38202253	.	1231	812	1878	1782	1060	1560	1058
peak_10075	chr22	38317643	38318753	.	1111	506	1006	946	434	380	342
peak_10076	chr22	38348032	38348651	.	620	464	816	954	614	716	526
peak_10077	chr22	38431587	38432084	.	498	304	554	490	326	580	316
peak_10078	chr22	38434045	38435434	.	1390	626	932	968	464	534	372
peak_10079	chr22	38444183	38445071	.	889	436	774	850	514	752	486
peak_10080	chr22	38623465	38623765	.	301	150	318	354	314	498	232
peak_10081	chr22	38657339	38657825	.	487	356	482	458	318	312	252
peak_10082	chr22	38733592	38734453	.	862	538	982	1008	476	482	428
peak_10083	chr22	38758032	38759508	.	1477	694	966	1054	648	922	522
peak_10084	chr22	38766203	38766749	.	547	394	720	622	548	640	462
peak_10085	chr22	38782970	38783929	.	960	646	968	1038	522	648	436
peak_10086	chr22	38818728	38821067	.	2340	958	1596	1730	858	1044	718
peak_10087	chr22	38873848	38874274	.	427	228	350	382	306	412	312
peak_10088	chr22	38935072	38935348	.	277	140	228	218	202	312	242
peak_10089	chr22	38947808	38948592	.	785	400	678	616	394	466	312
peak_10090	chr22	38985045	38985569	.	525	366	872	650	498	816	450
peak_10091	chr22	39079934	39081375	.	1442	552	1056	998	458	758	394
peak_10092	chr22	39135446	39135888	.	443	234	538	576	452	622	426
peak_10093	chr22	39290629	39291319	.	691	470	1120	1192	488	824	564
peak_10094	chr22	39292443	39293116	.	674	548	1252	1154	570	780	518
peak_10095	chr22	39316090	39316764	.	675	428	740	654	622	730	422
peak_10096	chr22	39353331	39353793	.	463	196	520	578	328	582	368
peak_10097	chr22	39435602	39435924	.	323	166	190	212	208	264	172
peak_10098	chr22	39453648	39455060	.	1413	726	1306	1392	470	480	296
peak_10099	chr22	39494605	39495043	.	439	354	816	768	690	988	630
peak_10100	chr22	39501942	39502884	.	943	382	1024	912	418	534	404
peak_10101	chr22	39519621	39521321	.	1701	864	2148	1936	1062	1312	802
peak_10102	chr22	39532543	39533156	.	614	494	1428	1236	572	886	548
peak_10103	chr22	39561644	39563271	.	1628	784	1290	1404	1166	1430	936
peak_10104	chr22	39573071	39573787	.	717	362	804	698	504	610	482
peak_10105	chr22	39574249	39575611	.	1363	876	1800	1608	1044	1480	1064
peak_10106	chr22	39620373	39621657	.	1285	584	988	1068	376	552	356
peak_10107	chr22	39621938	39622568	.	631	308	646	650	296	544	306
peak_10108	chr22	39622832	39624779	.	1948	1192	1970	1880	1334	1392	1056
peak_10109	chr22	39626783	39629336	.	2554	804	1684	1566	450	416	372
peak_10110	chr22	39652071	39652641	.	571	266	490	546	394	548	436
peak_10111	chr22	39653525	39654108	.	584	400	768	818	448	644	518
peak_10112	chr22	39665194	39665885	.	692	372	884	980	504	768	542
peak_10113	chr22	39688502	39688972	.	471	428	878	736	460	654	464
peak_10114	chr22	39972493	39972926	.	434	152	236	268	272	266	212
peak_10115	chr22	40033114	40034770	.	1657	694	994	1006	364	400	316
peak_10116	chr22	40422419	40423070	.	652	338	650	704	408	536	394
peak_10117	chr22	40500522	40500631	.	110	78	120	96	60	104	64
peak_10118	chr22	40641297	40641674	.	378	292	442	384	506	460	348
peak_10119	chr22	40654466	40654927	.	462	358	392	426	386	516	296
peak_10120	chr22	40683052	40683460	.	409	286	638	584	274	368	266
peak_10121	chr22	40728740	40729214	.	475	260	492	460	446	528	372
peak_10122	chr22	41326331	41327580	.	1250	728	1218	1198	486	532	358
peak_10123	chr22	41413282	41415015	.	1734	756	1396	1450	568	804	540
peak_10124	chr22	41550502	41550889	.	388	172	386	298	316	354	282
peak_10125	chr22	41561082	41561582	.	501	354	566	576	326	442	312
peak_10126	chr22	41564614	41565066	.	453	290	552	514	438	552	358
peak_10127	chr22	41565638	41566055	.	418	304	552	498	290	486	290
peak_10128	chr22	41762856	41763445	.	590	324	406	454	132	82	90
peak_10129	chr22	41821581	41823051	.	1471	932	1440	1492	798	852	628
peak_10130	chr22	41917100	41918582	.	1483	674	1486	1480	720	996	840
peak_10131	chr22	41940813	41942120	.	1308	692	1284	1330	932	1156	798
peak_10132	chr22	41979345	41980070	.	726	418	816	908	518	736	536
peak_10133	chr22	42089794	42091260	.	1467	852	2208	1816	990	1456	826
peak_10134	chr22	42278460	42280442	.	1983	856	1392	1360	700	796	520
peak_10135	chr22	42318522	42319500	.	979	776	1290	1318	774	866	642
peak_10136	chr22	42328128	42329042	.	915	512	1138	1094	564	1018	552
peak_10137	chr22	42356876	42358283	.	1408	672	1112	1112	420	392	312
peak_10138	chr22	42376640	42377063	.	424	410	768	874	556	910	696
peak_10139	chr22	42386467	42388171	.	1705	850	1714	1668	648	680	514
peak_10140	chr22	42431826	42435146	.	3321	1692	3132	3152	1220	1410	946
peak_10141	chr22	42619269	42619773	.	505	270	572	618	390	414	320
peak_10142	chr22	42622198	42622884	.	687	316	570	576	348	370	312
peak_10143	chr22	42637378	42638057	.	680	342	772	916	538	716	518
peak_10144	chr22	42664838	42665724	.	887	588	962	922	596	734	492
peak_10145	chr22	42680580	42681007	.	428	134	300	306	288	406	298
peak_10146	chr22	42693955	42694881	.	927	594	1104	1176	776	1052	766
peak_10147	chr22	42696461	42696956	.	496	312	592	608	340	496	366
peak_10148	chr22	42700729	42702305	.	1577	884	1268	1254	984	900	686
peak_10149	chr22	42800639	42802244	.	1606	724	1388	1388	702	880	692
peak_10150	chr22	42806068	42806916	.	849	576	1038	1028	672	962	640
peak_10151	chr22	42867197	42868060	.	864	486	930	1116	760	1042	742
peak_10152	chr22	42882280	42882657	.	378	176	362	400	258	386	274
peak_10153	chr22	42930783	42931277	.	495	272	528	522	434	450	362
peak_10154	chr22	42962815	42963484	.	670	346	598	682	302	417	294
peak_10155	chr22	42990179	42990563	.	385	190	390	362	204	368	278
peak_10156	chr22	43007281	43008094	.	814	392	622	694	378	390	316
peak_10157	chr22	43025029	43025615	.	587	372	742	708	446	642	378
peak_10158	chr22	43027930	43028888	.	959	580	1164	1156	592	792	502
peak_10159	chr22	43066750	43067900	.	1151	1080	2568	1894	1216	1956	1050
peak_10160	chr22	43126450	43126730	.	281	128	316	302	238	196	134
peak_10161	chr22	43148478	43149347	.	870	688	1158	1116	818	1180	820
peak_10162	chr22	43241052	43241473	.	422	292	592	666	292	474	334
peak_10163	chr22	43246812	43247987	.	1176	644	1042	1218	312	520	258
peak_10164	chr22	43272834	43273279	.	446	312	594	618	400	640	404
peak_10165	chr22	43274398	43277582	.	3185	1944	3840	3982	2208	2762	2120
peak_10166	chr22	43292683	43294926	.	2244	950	1458	1630	620	802	586
peak_10167	chr22	43427856	43428287	.	432	294	472	484	250	354	264
peak_10168	chr22	43429287	43429844	.	558	366	628	766	364	474	350
peak_10169	chr22	43442177	43443609	.	1433	720	1500	1366	692	788	600
peak_10170	chr22	43479153	43479802	.	650	500	832	872	522	696	528
peak_10171	chr22	43509995	43510758	.	764	414	850	838	484	604	460
peak_10172	chr22	43643283	43643847	.	565	286	420	566	580	616	502
peak_10173	chr22	43811683	43812676	.	994	768	1634	1592	934	1208	842
peak_10174	chr22	43828667	43829858	.	1192	608	1126	1124	636	808	526
peak_10175	chr22	43836715	43837435	.	721	562	932	880	604	724	414
peak_10176	chr22	43851138	43852332	.	1195	656	1112	1214	634	796	520
peak_10177	chr22	43876518	43878396	.	1879	1004	1472	1372	796	790	608
peak_10178	chr22	43921212	43922343	.	1132	576	1582	1560	852	1250	870
peak_10179	chr22	43941144	43941557	.	414	114	234	294	234	236	244
peak_10180	chr22	44128095	44128774	.	680	230	308	334	342	514	420
peak_10181	chr22	44165311	44166274	.	964	428	716	772	400	410	316
peak_10182	chr22	44190133	44191374	.	1242	584	998	1122	486	510	336
peak_10183	chr22	44199817	44202410	.	2594	1028	1724	1908	578	744	500
peak_10184	chr22	44213946	44214394	.	449	234	414	552	344	322	268
peak_10185	chr22	44218052	44218950	.	899	426	844	918	576	700	508
peak_10186	chr22	44275898	44276323	.	426	270	418	406	268	348	238
peak_10187	chr22	44338953	44339589	.	637	580	938	984	624	736	520
peak_10188	chr22	44363128	44363864	.	737	494	1296	1374	586	802	678
peak_10189	chr22	44389949	44390352	.	404	234	466	442	208	316	234
peak_10190	chr22	44438667	44439167	.	501	320	620	618	342	486	344
peak_10191	chr22	44441299	44441831	.	533	238	564	672	342	494	334
peak_10192	chr22	44448816	44449688	.	873	592	1248	1228	884	1368	948
peak_10193	chr22	44497053	44498908	.	1856	670	1418	1412	666	1056	706
peak_10194	chr22	44526474	44526937	.	464	266	394	448	376	500	412
peak_10195	chr22	44540359	44541132	.	774	600	792	832	534	650	446
peak_10196	chr22	44550686	44551593	.	908	464	1080	1124	722	1162	838
peak_10197	chr22	44575387	44575603	.	217	140	198	188	186	208	158
peak_10198	chr22	44600298	44600642	.	345	150	346	386	246	288	210
peak_10199	chr22	44663320	44663899	.	580	330	470	476	438	414	340
peak_10200	chr22	44664225	44664545	.	321	172	242	356	246	270	248
peak_10201	chr22	44671425	44672319	.	895	698	824	736	792	840	636
peak_10202	chr22	44676534	44677179	.	646	372	770	774	400	514	340
peak_10203	chr22	44678523	44679242	.	720	362	536	528	250	292	196
peak_10204	chr22	44684639	44685057	.	419	214	722	830	300	502	396
peak_10205	chr22	44693220	44693593	.	374	250	580	584	354	520	374
peak_10206	chr22	44816198	44816746	.	549	360	762	730	434	634	390
peak_10207	chr22	44818075	44818613	.	539	174	352	334	286	448	266
peak_10208	chr22	44839474	44840231	.	758	438	638	636	454	536	396
peak_10209	chr22	44842374	44842879	.	506	364	536	556	700	728	554
peak_10210	chr22	45014110	45015112	.	1003	586	992	1016	272	322	228
peak_10211	chr22	45036790	45038056	.	1267	602	1078	1084	866	1012	742
peak_10212	chr22	45064665	45065031	.	367	174	476	416	352	504	390
peak_10213	chr22	45083675	45084291	.	617	302	502	544	462	554	348
peak_10214	chr22	45161934	45162302	.	369	132	220	180	204	210	136
peak_10215	chr22	45237249	45237800	.	552	262	630	702	316	416	306
peak_10216	chr22	45245776	45246758	.	983	570	1150	1022	492	786	450
peak_10217	chr22	45246949	45247340	.	392	266	556	474	364	578	310
peak_10218	chr22	45263618	45264268	.	651	406	906	810	446	652	432
peak_10219	chr22	45475919	45477125	.	1207	348	652	666	132	158	156
peak_10220	chr22	45648314	45648984	.	671	306	560	658	366	474	286
peak_10221	chr22	45675415	45675697	.	283	190	276	284	318	398	326
peak_10222	chr22	45934532	45935459	.	928	798	1714	1594	766	1110	740
peak_10223	chr22	45961959	45965495	.	3537	1648	3140	3526	1332	1630	1082
peak_10224	chr22	46102830	46103369	.	540	264	444	476	336	522	344
peak_10225	chr22	46120913	46122961	.	2049	1134	2102	2064	826	916	582
peak_10226	chr22	46123067	46125154	.	2088	1096	2144	2294	1186	1554	1180
peak_10227	chr22	46126300	46127024	.	725	420	1040	1024	488	774	614
peak_10228	chr22	46128448	46129025	.	578	436	892	938	470	536	356
peak_10229	chr22	46171257	46171924	.	668	482	898	878	756	936	596
peak_10230	chr22	46352606	46353856	.	1251	896	1384	1362	882	1092	776
peak_10231	chr22	46453995	46454639	.	645	480	968	1104	596	682	536
peak_10232	chr22	46488057	46488666	.	610	368	698	700	386	484	360
peak_10233	chr22	46502534	46502896	.	363	186	228	170	332	488	334
peak_10234	chr22	46514626	46515820	.	1195	712	1438	1614	764	1256	912
peak_10235	chr22	46599733	46600258	.	526	250	442	512	482	560	456
peak_10236	chr22	46612191	46613818	.	1628	784	1384	1350	504	594	402
peak_10237	chr22	46638700	46639597	.	898	484	754	722	670	810	504
peak_10238	chr22	46656272	46660514	.	4243	1726	3464	3868	1544	1740	1056
peak_10239	chr22	46738343	46740043	.	1701	1068	2118	2140	928	1146	834
peak_10240	chr22	46753953	46754700	.	748	526	1096	900	730	800	628
peak_10241	chr22	46769126	46769852	.	727	316	750	946	542	554	470
peak_10242	chr22	46798122	46798960	.	839	580	1082	1172	764	972	692
peak_10243	chr22	46805209	46805672	.	464	254	298	274	330	334	276
peak_10244	chr22	46935771	46936297	.	527	232	528	539	324	398	366
peak_10245	chr22	47129939	47130333	.	395	214	468	498	368	488	354
peak_10246	chr22	47246704	47247300	.	597	252	396	510	228	272	206
peak_10247	chr22	47293856	47294538	.	683	448	726	748	656	956	690
peak_10248	chr22	47566202	47566734	.	533	298	458	434	466	544	392
peak_10249	chr22	47622384	47622972	.	589	440	726	674	778	1006	628
peak_10250	chr22	47627296	47629026	.	1731	764	968	966	940	1028	758
peak_10251	chr22	47631459	47632182	.	724	406	834	938	526	664	462
peak_10252	chr22	47794797	47795085	.	289	128	194	258	188	184	138
peak_10253	chr22	48055332	48056181	.	850	532	704	626	554	574	366
peak_10254	chr22	48204396	48204794	.	399	130	254	264	232	380	224
peak_10255	chr22	48205264	48205620	.	357	184	296	306	324	376	332
peak_10256	chr22	48210810	48211557	.	748	444	742	700	596	746	534
peak_10257	chr22	48261472	48262091	.	620	298	552	500	568	520	398
peak_10258	chr22	48301446	48302438	.	993	560	850	852	452	458	360
peak_10259	chr22	48473247	48473618	.	372	216	218	260	238	322	238
peak_10260	chr22	48500469	48501201	.	733	446	912	956	404	602	466
peak_10261	chr22	48651157	48653679	.	2523	1136	2194	2188	918	1146	768
peak_10262	chr22	48666367	48667078	.	712	394	584	690	510	710	456
peak_10263	chr22	48832660	48832983	.	324	118	370	358	328	488	378
peak_10264	chr22	48885656	48886288	.	633	342	788	856	568	736	452
peak_10265	chr22	48928915	48929298	.	384	190	384	440	246	328	214
peak_10266	chr22	48954618	48956357	.	1740	1008	2262	2450	1164	1630	1114
peak_10267	chr22	48967954	48969516	.	1563	688	1046	914	498	580	382
peak_10268	chr22	49075190	49076388	.	1199	668	1026	1074	510	508	412
peak_10269	chr22	49092072	49092547	.	476	278	572	710	452	512	410
peak_10270	chr22	49097765	49098408	.	644	470	1058	924	574	762	594
peak_10271	chr22	49099083	49100063	.	981	454	678	708	514	618	484
peak_10272	chr22	49158533	49159614	.	1082	692	1422	1408	932	1110	1014
peak_10273	chr22	49159914	49161128	.	1215	528	900	1066	740	1062	812
peak_10274	chr22	49186551	49187166	.	616	212	456	454	442	666	522
peak_10275	chr22	49188137	49188775	.	639	322	510	598	548	712	518
peak_10276	chr22	49233487	49234953	.	1467	736	1138	1064	546	554	352
peak_10277	chr22	49282594	49283103	.	510	232	382	386	324	398	238
peak_10278	chr22	49369007	49369583	.	577	322	1028	1016	522	912	636
peak_10279	chr22	49383777	49384065	.	289	114	368	184	310	352	238
peak_10280	chr22	49435543	49435964	.	422	174	360	468	394	472	370
peak_10281	chr22	49481363	49482371	.	1009	576	1006	980	424	524	350
peak_10282	chr22	49525450	49525947	.	498	350	456	536	310	384	360
peak_10283	chr22	49527753	49528606	.	854	362	583	562	502	596	456
peak_10284	chr22	49586693	49587673	.	981	376	798	760	372	390	398
peak_10285	chr22	49595935	49596349	.	415	242	274	346	374	382	262
peak_10286	chr22	49733617	49734094	.	478	266	390	464	394	606	482
peak_10287	chr22	49934023	49935156	.	1134	514	962	1022	388	566	508
peak_10288	chr22	49946640	49960800	.	14161	5188	10672	11412	3438	4328	3160
peak_10289	chr22	49970255	49971185	.	931	892	1972	1550	1014	1384	924
peak_10290	chr22	50027638	50028506	.	869	510	1156	1314	776	1196	730
peak_10291	chr22	50139749	50140557	.	809	390	594	596	496	648	406
peak_10292	chr22	50148938	50149692	.	755	352	990	1016	730	962	638
peak_10293	chr22	50151842	50153669	.	1828	1112	2410	2436	1224	1632	1088
peak_10294	chr22	50241123	50241944	.	822	338	688	604	470	704	404
peak_10295	chr22	50262562	50262964	.	403	374	634	640	394	466	306
peak_10296	chr22	50292497	50294986	.	2490	874	1792	1892	666	764	696
peak_10297	chr22	50314109	50316904	.	2796	1188	2066	2192	816	838	590
peak_10298	chr22	50325549	50326406	.	858	426	640	660	380	482	288
peak_10299	chr22	50340624	50340944	.	321	176	428	440	300	316	280
peak_10300	chr22	50397120	50397608	.	489	244	380	444	272	400	238
peak_10301	chr22	50397784	50398207	.	424	224	544	578	370	560	382
peak_10302	chr22	50399359	50399932	.	574	410	560	600	280	334	290
peak_10303	chr22	50438805	50441251	.	2447	852	1804	1936	790	986	784
peak_10304	chr22	50472720	50474694	.	1975	780	1742	1730	870	1014	656
peak_10305	chr22	50484288	50485949	.	1662	922	1778	1856	1204	1524	1092
peak_10306	chr22	50486529	50488569	.	2041	810	1465	1634	608	868	688
peak_10307	chr22	50527443	50527747	.	305	214	334	322	360	436	290
peak_10308	chr22	50569930	50570956	.	1027	402	740	770	644	808	556
peak_10309	chr22	50612766	50613373	.	608	326	736	760	472	586	446
peak_10310	chr22	50700000	50700643	.	644	542	948	908	660	842	508
peak_10311	chr22	50706451	50706992	.	542	290	432	460	378	498	314
peak_10312	chr22_KI270731v1_random	132797	132889	.	93	42	42	34	84	126	64
peak_10313	chr22_KI270732v1_random	17834	18098	.	265	170	216	242	232	310	174
peak_10314	chr22_KI270732v1_random	24775	24946	.	172	76	142	106	156	240	124
peak_10315	chr22_KI270734v1_random	82309	82587	.	279	90	166	184	102	170	110
peak_10316	chr22_KI270735v1_random	31763	32405	.	643	312	420	352	546	660	412
peak_10317	chr3	4421088	4421522	.	435	336	500	372	782	998	646
peak_10318	chr3	4425788	4426263	.	476	226	214	242	376	580	344
peak_10319	chr3	4724217	4724847	.	631	284	468	448	472	692	484
peak_10320	chr3	4736547	4736914	.	368	204	390	414	358	534	354
peak_10321	chr3	4813853	4814200	.	348	184	330	346	274	398	280
peak_10322	chr3	4814365	4814886	.	522	364	942	976	720	868	544
peak_10323	chr3	4983781	4984225	.	445	304	460	408	490	656	400
peak_10324	chr3	4985829	4986440	.	612	688	1138	1216	848	1274	838
peak_10325	chr3	4988803	4989794	.	992	644	1010	960	708	906	640
peak_10326	chr3	5002176	5002770	.	595	322	456	518	468	514	374
peak_10327	chr3	5012885	5013757	.	873	524	864	960	442	564	494
peak_10328	chr3	5026136	5027143	.	1008	786	1870	1828	846	1284	874
peak_10329	chr3	5072478	5072810	.	333	214	270	276	304	450	298
peak_10330	chr3	5232576	5233401	.	826	574	954	1028	636	1000	640
peak_10331	chr3	5252923	5253237	.	315	174	196	190	328	322	226
peak_10332	chr3	5255275	5255762	.	488	136	228	188	342	374	306
peak_10333	chr3	6955518	6955911	.	394	154	278	242	274	366	324
peak_10334	chr3	7025878	7026281	.	404	174	222	242	306	366	288
peak_10335	chr3	7112353	7112979	.	627	268	316	340	440	554	352
peak_10336	chr3	7505272	7505782	.	511	198	198	262	508	470	336
peak_10337	chr3	8164073	8164438	.	366	110	120	134	240	266	204
peak_10338	chr3	8313937	8314194	.	258	124	174	180	232	228	216
peak_10339	chr3	8502434	8502996	.	563	314	468	436	380	516	308
peak_10340	chr3	8595206	8595758	.	553	340	378	446	436	474	384
peak_10341	chr3	8670200	8670920	.	721	496	508	428	834	902	626
peak_10342	chr3	8693950	8695292	.	1343	482	566	634	1298	1394	992
peak_10343	chr3	8809319	8809761	.	443	142	218	290	334	438	290
peak_10344	chr3	9223436	9223815	.	380	132	232	252	336	366	308
peak_10345	chr3	9223947	9224356	.	410	184	338	348	360	490	328
peak_10346	chr3	9467491	9467873	.	383	158	240	324	322	394	274
peak_10347	chr3	9677717	9678321	.	605	306	560	678	440	586	488
peak_10348	chr3	9697560	9698833	.	1274	634	1010	1152	678	824	632
peak_10349	chr3	10142604	10142895	.	292	142	320	362	282	302	222
peak_10350	chr3	10173848	10174385	.	538	310	506	494	508	732	438
peak_10351	chr3	10192083	10192431	.	349	384	656	638	344	374	310
peak_10352	chr3	10334057	10337466	.	3410	1224	2622	2746	1498	1562	1208
peak_10353	chr3	10343622	10348868	.	5247	2182	4008	4090	1618	1780	1342
peak_10354	chr3	10351779	10353081	.	1303	704	1130	1174	548	606	444
peak_10355	chr3	10411107	10413647	.	2541	1066	1754	1616	996	1102	750
peak_10356	chr3	10419693	10420346	.	654	304	644	802	490	820	640
peak_10357	chr3	10420905	10423014	.	2110	1130	2010	1916	1386	1334	1026
peak_10358	chr3	10442142	10442731	.	590	242	442	448	390	510	414
peak_10359	chr3	10459384	10460492	.	1109	530	770	672	394	498	270
peak_10360	chr3	10549035	10549548	.	514	336	512	432	404	596	394
peak_10361	chr3	10557512	10558611	.	1100	534	1028	1058	744	804	622
peak_10362	chr3	10560874	10561455	.	582	178	236	382	366	316	278
peak_10363	chr3	10562009	10562437	.	429	198	350	382	284	392	264
peak_10364	chr3	10607723	10608312	.	590	260	472	432	326	482	258
peak_10365	chr3	10695201	10696007	.	807	394	642	728	544	710	534
peak_10366	chr3	10766983	10767285	.	303	66	194	196	204	294	196
peak_10367	chr3	10772472	10773033	.	562	346	660	622	462	598	482
peak_10368	chr3	10777375	10777572	.	198	134	276	284	334	422	284
peak_10369	chr3	10928261	10929806	.	1546	966	1622	1750	1072	1530	922
peak_10370	chr3	10941890	10942272	.	383	102	186	208	262	314	222
peak_10371	chr3	10950884	10952043	.	1160	364	564	652	124	122	124
peak_10372	chr3	10971954	10972709	.	756	450	848	752	564	814	524
peak_10373	chr3	10977932	10978750	.	819	338	740	818	516	760	488
peak_10374	chr3	11118033	11118693	.	661	310	656	618	410	552	394
peak_10375	chr3	11136737	11138042	.	1306	1076	2606	2010	1400	1772	1220
peak_10376	chr3	11195985	11196901	.	917	582	932	1034	770	1002	684
peak_10377	chr3	11365490	11366034	.	545	234	476	538	460	676	462
peak_10378	chr3	11754961	11755916	.	956	518	738	822	306	346	288
peak_10379	chr3	11846211	11847085	.	875	660	1338	1172	652	710	544
peak_10380	chr3	11956359	11956731	.	373	230	348	370	306	292	192
peak_10381	chr3	12003854	12004542	.	689	308	782	864	480	756	496
peak_10382	chr3	12740920	12741528	.	609	436	748	832	588	700	434
peak_10383	chr3	12807724	12809860	.	2137	900	1432	1542	608	556	446
peak_10384	chr3	12891459	12892196	.	738	640	934	1080	790	1256	778
peak_10385	chr3	12895301	12896339	.	1039	610	1174	1294	620	928	642
peak_10386	chr3	12920665	12921746	.	1082	520	1118	1166	610	908	508
peak_10387	chr3	12946732	12948111	.	1380	918	1382	1572	840	1008	742
peak_10388	chr3	12948966	12949640	.	675	560	882	776	628	710	460
peak_10389	chr3	12981715	12982154	.	440	254	432	472	274	446	352
peak_10390	chr3	12994816	12995474	.	659	434	1170	1058	528	942	588
peak_10391	chr3	13011648	13012170	.	523	264	492	576	362	428	322
peak_10392	chr3	13012409	13012732	.	324	248	380	428	222	346	278
peak_10393	chr3	13019310	13020442	.	1133	792	1488	1668	836	1102	746
peak_10394	chr3	13034516	13034888	.	373	244	366	336	244	366	244
peak_10395	chr3	13039623	13041193	.	1571	822	1330	1326	688	776	588
peak_10396	chr3	13045628	13046566	.	939	664	1058	1082	876	834	618
peak_10397	chr3	13047867	13049159	.	1293	574	924	960	404	462	288
peak_10398	chr3	13057361	13058014	.	654	440	806	840	424	460	354
peak_10399	chr3	13066345	13068402	.	2058	796	1314	1540	410	498	378
peak_10400	chr3	13085867	13086407	.	541	292	668	668	392	538	400
peak_10401	chr3	13092141	13092489	.	349	330	574	602	402	686	304
peak_10402	chr3	13112185	13113741	.	1557	978	1812	1950	874	1110	850
peak_10403	chr3	13134675	13136322	.	1648	680	1402	1626	838	930	610
peak_10404	chr3	13144128	13145759	.	1632	934	1472	1650	988	1376	950
peak_10405	chr3	13189541	13190058	.	518	158	442	500	348	396	284
peak_10406	chr3	13198407	13198841	.	435	298	538	522	362	494	468
peak_10407	chr3	13214846	13215146	.	301	154	342	392	168	258	178
peak_10408	chr3	13248277	13249123	.	847	402	784	798	564	654	384
peak_10409	chr3	13273119	13274831	.	1713	632	1214	1142	462	438	346
peak_10410	chr3	13313914	13315409	.	1496	834	1454	1490	922	1270	672
peak_10411	chr3	13324964	13326398	.	1435	936	1400	1590	930	1412	1022
peak_10412	chr3	13326804	13329217	.	2414	1088	1870	2034	1080	1182	832
peak_10413	chr3	13339471	13341641	.	2171	864	1178	1194	390	386	328
peak_10414	chr3	13346161	13347362	.	1202	540	1050	1240	864	1254	1038
peak_10415	chr3	13352099	13353485	.	1387	826	1504	1490	862	1068	744
peak_10416	chr3	13408843	13409440	.	598	320	502	534	458	900	644
peak_10417	chr3	13475911	13476448	.	538	320	518	520	292	396	318
peak_10418	chr3	13484973	13485515	.	543	450	894	866	360	550	404
peak_10419	chr3	13544298	13545689	.	1392	624	950	1016	386	492	366
peak_10420	chr3	13549557	13550807	.	1251	650	1054	1088	730	1058	728
peak_10421	chr3	13557443	13558023	.	581	462	864	734	714	994	578
peak_10422	chr3	13569642	13570603	.	962	500	944	1040	640	886	580
peak_10423	chr3	13574802	13575295	.	494	382	544	592	340	526	326
peak_10424	chr3	13575592	13576020	.	429	260	470	600	242	344	194
peak_10425	chr3	13597221	13597911	.	691	340	662	540	478	652	372
peak_10426	chr3	13599330	13599932	.	603	458	842	914	490	612	458
peak_10427	chr3	13600881	13602046	.	1166	634	968	1180	686	852	636
peak_10428	chr3	13632130	13633677	.	1548	674	966	1090	580	586	394
peak_10429	chr3	13645739	13646530	.	792	446	912	916	534	666	520
peak_10430	chr3	13653585	13654305	.	721	370	826	812	450	538	410
peak_10431	chr3	13680311	13680876	.	566	284	536	494	344	444	290
peak_10432	chr3	13714905	13715770	.	866	316	514	410	336	272	234
peak_10433	chr3	13775579	13775991	.	413	192	236	292	364	298	234
peak_10434	chr3	13829529	13832389	.	2861	1022	1788	1766	740	870	750
peak_10435	chr3	13853486	13854140	.	655	432	994	1132	694	956	690
peak_10436	chr3	14094403	14094895	.	493	242	360	346	438	512	418
peak_10437	chr3	14124030	14124464	.	435	342	690	666	398	514	312
peak_10438	chr3	14125817	14126680	.	864	560	932	926	582	662	484
peak_10439	chr3	14253310	14253977	.	668	388	622	796	310	414	282
peak_10440	chr3	14256590	14257294	.	705	504	680	888	548	724	528
peak_10441	chr3	14265288	14265730	.	443	376	514	606	474	696	454
peak_10442	chr3	14266407	14266763	.	357	148	328	334	178	304	260
peak_10443	chr3	14267591	14268267	.	677	304	528	592	442	540	324
peak_10444	chr3	14273903	14274294	.	392	250	436	498	280	374	330
peak_10445	chr3	14344085	14344753	.	669	504	764	786	436	528	390
peak_10446	chr3	14371604	14372262	.	659	366	758	826	528	500	474
peak_10447	chr3	14410579	14411149	.	571	460	904	932	562	862	540
peak_10448	chr3	14414995	14415296	.	302	168	256	236	216	264	198
peak_10449	chr3	14423005	14423635	.	631	328	380	484	346	508	340
peak_10450	chr3	14431142	14432195	.	1054	508	786	782	432	466	404
peak_10451	chr3	14441707	14442206	.	500	138	314	338	316	360	196
peak_10452	chr3	14451852	14453344	.	1493	646	1238	1340	712	822	608
peak_10453	chr3	14506514	14507971	.	1458	658	1378	1510	728	790	692
peak_10454	chr3	14544923	14546351	.	1429	596	976	1024	442	528	392
peak_10455	chr3	14563754	14565042	.	1289	814	1450	1532	854	1022	752
peak_10456	chr3	14565667	14566724	.	1058	822	1462	1434	890	1012	730
peak_10457	chr3	14604998	14605793	.	796	428	780	882	478	552	432
peak_10458	chr3	14617336	14617965	.	630	354	608	598	568	892	624
peak_10459	chr3	14631243	14631773	.	531	362	478	582	480	576	516
peak_10460	chr3	14701320	14701898	.	579	224	336	330	438	606	366
peak_10461	chr3	14862701	14864065	.	1365	692	1068	1094	606	816	458
peak_10462	chr3	14900914	14902025	.	1112	564	970	1050	832	854	682
peak_10463	chr3	14920807	14921453	.	647	358	746	792	512	686	492
peak_10464	chr3	15148650	15149011	.	362	180	312	348	316	334	314
peak_10465	chr3	15268607	15269849	.	1243	714	1522	1232	940	1220	874
peak_10466	chr3	15341143	15341670	.	528	236	412	468	418	630	408
peak_10467	chr3	15453366	15454517	.	1152	528	882	916	702	852	654
peak_10468	chr3	16101569	16102108	.	540	210	510	428	456	692	428
peak_10469	chr3	16203712	16204283	.	572	446	746	782	698	940	638
peak_10470	chr3	16251094	16251898	.	805	342	534	556	484	606	394
peak_10471	chr3	16386738	16387329	.	592	162	260	328	360	360	294
peak_10472	chr3	16522894	16523337	.	444	152	208	260	318	478	354
peak_10473	chr3	16796655	16797101	.	447	90	134	160	228	324	202
peak_10474	chr3	20054527	20054925	.	399	112	232	236	262	350	274
peak_10475	chr3	20406512	20407197	.	686	394	552	496	514	636	458
peak_10476	chr3	20537123	20537621	.	499	120	246	216	332	524	340
peak_10477	chr3	21705715	21706186	.	472	218	478	394	390	556	352
peak_10478	chr3	23667689	23668026	.	338	202	406	348	312	434	306
peak_10479	chr3	25820438	25820782	.	345	126	178	206	306	362	250
peak_10480	chr3	27483167	27484181	.	1015	382	810	896	360	526	410
peak_10481	chr3	30606267	30607496	.	1230	540	1240	1276	562	892	548
peak_10482	chr3	31216808	31217131	.	324	132	158	250	300	320	194
peak_10483	chr3	31423505	31424025	.	521	222	394	370	488	544	394
peak_10484	chr3	32023187	32023399	.	213	86	98	142	214	226	162
peak_10485	chr3	32177813	32178327	.	515	550	752	796	756	826	480
peak_10486	chr3	32794428	32794915	.	488	378	456	452	412	458	248
peak_10487	chr3	33439365	33441366	.	2002	1434	3942	3514	1734	2328	1578
peak_10488	chr3	33791693	33792093	.	401	410	550	586	740	970	736
peak_10489	chr3	33963449	33963819	.	371	116	180	144	280	330	248
peak_10490	chr3	35744399	35744814	.	416	308	418	490	448	568	438
peak_10491	chr3	36596478	36596752	.	275	148	194	208	274	518	274
peak_10492	chr3	36710560	36711289	.	730	400	606	624	532	490	366
peak_10493	chr3	37442190	37442948	.	759	354	564	726	662	722	512
peak_10494	chr3	37458332	37458918	.	587	282	534	614	486	594	458
peak_10495	chr3	37541868	37542652	.	785	498	694	722	762	852	614
peak_10496	chr3	37601758	37602163	.	406	164	328	380	326	488	298
peak_10497	chr3	37624281	37625454	.	1174	600	690	830	594	508	358
peak_10498	chr3	37665727	37666800	.	1074	694	1258	1260	1260	1394	1040
peak_10499	chr3	37852869	37853211	.	343	164	306	398	230	390	276
peak_10500	chr3	37996183	37997259	.	1077	748	1042	960	970	1084	800
peak_10501	chr3	38004131	38005540	.	1410	1314	2180	2346	1508	2126	1420
peak_10502	chr3	38030464	38032222	.	1759	886	1626	1780	596	738	526
peak_10503	chr3	38087605	38088285	.	681	526	786	816	834	1032	698
peak_10504	chr3	38088806	38089728	.	923	854	1430	1622	1024	1476	1158
peak_10505	chr3	38111553	38112498	.	946	656	1328	1560	716	962	682
peak_10506	chr3	38116580	38118631	.	2052	1292	2638	2834	1606	2276	1564
peak_10507	chr3	38164704	38165405	.	702	696	1606	1264	718	1006	716
peak_10508	chr3	38327596	38327967	.	372	174	464	354	402	508	362
peak_10509	chr3	38365018	38365955	.	938	570	1186	1166	820	1248	862
peak_10510	chr3	38454170	38456332	.	2163	1316	2546	2532	1518	1708	1176
peak_10511	chr3	38578322	38579404	.	1083	572	1164	1168	758	920	628
peak_10512	chr3	38607037	38607699	.	663	430	844	814	440	624	478
peak_10513	chr3	38614175	38616970	.	2796	1286	2110	2254	1654	1804	1332
peak_10514	chr3	38625840	38626815	.	976	730	1170	1318	734	880	606
peak_10515	chr3	38628848	38629655	.	808	512	840	980	568	652	482
peak_10516	chr3	38630636	38631304	.	669	336	850	800	544	590	480
peak_10517	chr3	38648071	38648599	.	529	392	662	604	530	546	390
peak_10518	chr3	38649824	38650823	.	1000	804	1392	1498	1120	1484	1010
peak_10519	chr3	38655648	38656127	.	480	440	482	686	534	504	380
peak_10520	chr3	38717542	38718187	.	646	332	630	528	556	722	590
peak_10521	chr3	38740208	38741253	.	1046	526	926	830	982	1380	924
peak_10522	chr3	39149959	39154028	.	4070	2024	4540	4668	3042	4014	2802
peak_10523	chr3	39154391	39154739	.	349	238	538	572	264	328	250
peak_10524	chr3	39180178	39181288	.	1111	560	1156	1176	454	668	438
peak_10525	chr3	39291874	39292433	.	560	404	664	576	492	702	468
peak_10526	chr3	39406382	39407180	.	799	562	1334	1416	862	1152	786
peak_10527	chr3	39794969	39795232	.	264	186	276	210	310	382	252
peak_10528	chr3	40152612	40153060	.	449	172	206	202	282	340	274
peak_10529	chr3	40504658	40505050	.	393	246	562	522	530	838	462
peak_10530	chr3	40768545	40768935	.	391	284	316	256	362	430	304
peak_10531	chr3	40847637	40848136	.	500	338	516	460	226	318	236
peak_10532	chr3	40864425	40864835	.	411	188	254	270	308	432	236
peak_10533	chr3	41103689	41104198	.	510	268	398	546	456	544	334
peak_10534	chr3	41117222	41117841	.	620	496	932	990	716	1128	734
peak_10535	chr3	41264912	41265485	.	574	362	750	736	530	662	544
peak_10536	chr3	41349077	41349502	.	426	152	228	204	332	424	280
peak_10537	chr3	41569774	41570281	.	508	148	162	184	282	394	204
peak_10538	chr3	41683276	41684305	.	1030	512	878	1026	946	1350	844
peak_10539	chr3	41960829	41961514	.	686	492	680	538	582	616	392
peak_10540	chr3	41961900	41962639	.	740	620	1556	1630	880	1134	798
peak_10541	chr3	42223857	42224428	.	572	230	260	320	370	356	246
peak_10542	chr3	42502202	42504441	.	2240	1296	2430	2640	1304	1780	1216
peak_10543	chr3	42514360	42516613	.	2254	1488	2246	2500	1464	1714	1148
peak_10544	chr3	42525253	42525721	.	469	218	504	524	290	360	232
peak_10545	chr3	42540026	42541489	.	1464	714	1290	1218	520	504	430
peak_10546	chr3	42590209	42591997	.	1789	1084	2042	2080	1178	1704	1128
peak_10547	chr3	42651495	42656270	.	4776	2570	5142	5062	2608	3278	2114
peak_10548	chr3	42699319	42704908	.	5590	3562	6282	6446	3240	3886	2704
peak_10549	chr3	42706935	42707309	.	375	298	522	546	270	332	272
peak_10550	chr3	42739763	42740222	.	460	236	426	486	516	644	518
peak_10551	chr3	42744225	42744684	.	460	260	448	448	318	392	278
peak_10552	chr3	42749806	42750322	.	517	422	774	830	476	906	554
peak_10553	chr3	42902275	42902632	.	358	306	444	462	742	812	588
peak_10554	chr3	43004266	43004577	.	312	150	286	282	286	424	248
peak_10555	chr3	43012767	43018202	.	5436	3180	5336	4994	4196	4578	3270
peak_10556	chr3	43031453	43032068	.	616	418	482	630	608	870	642
peak_10557	chr3	43104736	43105454	.	719	488	770	906	568	708	482
peak_10558	chr3	43254309	43254619	.	311	170	206	226	270	330	278
peak_10559	chr3	43259350	43260289	.	940	690	1128	1088	1182	1612	1142
peak_10560	chr3	43423168	43423555	.	388	108	198	244	398	458	360
peak_10561	chr3	43454857	43455636	.	780	456	814	868	828	1216	748
peak_10562	chr3	43490691	43491287	.	597	442	660	770	746	1296	886
peak_10563	chr3	43505354	43505655	.	302	236	288	302	398	696	434
peak_10564	chr3	43531787	43532201	.	415	212	340	444	392	434	420
peak_10565	chr3	43638667	43639414	.	748	528	880	930	830	1002	674
peak_10566	chr3	43759032	43759812	.	781	560	1290	1326	718	920	672
peak_10567	chr3	43773211	43773743	.	533	280	538	562	338	528	346
peak_10568	chr3	44414195	44414986	.	792	496	912	954	590	752	540
peak_10569	chr3	44886416	44887422	.	1007	472	818	888	790	990	688
peak_10570	chr3	45023376	45024075	.	700	388	508	552	866	1224	784
peak_10571	chr3	45028781	45032665	.	3885	2498	3978	3986	2566	3002	2272
peak_10572	chr3	45132455	45132929	.	475	568	898	772	802	1168	806
peak_10573	chr3	45544498	45546391	.	1894	1230	2126	2044	1062	1160	850
peak_10574	chr3	45551497	45551963	.	467	500	1380	1152	784	968	816
peak_10575	chr3	45870121	45870565	.	445	294	388	502	442	574	508
peak_10576	chr3	45986062	45986955	.	894	492	722	802	402	516	352
peak_10577	chr3	46085734	46086715	.	982	460	786	786	558	606	454
peak_10578	chr3	46089089	46090022	.	934	380	824	890	998	1180	836
peak_10579	chr3	46187940	46188244	.	305	162	282	256	358	570	406
peak_10580	chr3	46386124	46386589	.	466	308	578	594	510	738	566
peak_10581	chr3	46406570	46407504	.	935	546	1120	1094	982	1080	766
peak_10582	chr3	46411895	46412178	.	284	152	258	194	262	372	288
peak_10583	chr3	46416677	46417042	.	366	234	222	226	294	306	260
peak_10584	chr3	46417551	46418143	.	593	334	430	510	454	520	368
peak_10585	chr3	46422481	46422919	.	439	318	512	626	606	920	596
peak_10586	chr3	46423434	46423916	.	483	302	486	442	514	678	444
peak_10587	chr3	46429713	46430143	.	431	268	400	346	572	946	476
peak_10588	chr3	46501515	46502151	.	637	502	562	652	506	648	426
peak_10589	chr3	46516480	46517282	.	803	376	680	694	600	728	496
peak_10590	chr3	46557696	46558242	.	547	370	656	690	532	740	474
peak_10591	chr3	46646406	46647117	.	712	348	594	588	566	576	398
peak_10592	chr3	46665960	46668931	.	2972	1782	2988	3054	1468	1664	1118
peak_10593	chr3	46692518	46696945	.	4428	3002	5872	6280	3272	4102	3134
peak_10594	chr3	46702098	46704457	.	2360	1466	2390	2494	1106	1206	796
peak_10595	chr3	46708563	46709212	.	650	420	912	988	358	548	384
peak_10596	chr3	46709720	46711730	.	2011	1096	1850	1852	1056	1218	920
peak_10597	chr3	46713771	46714457	.	687	482	966	1080	656	676	638
peak_10598	chr3	46716853	46717517	.	665	418	728	746	216	318	234
peak_10599	chr3	46718798	46720084	.	1287	930	1434	1374	858	1110	682
peak_10600	chr3	46733368	46735278	.	1911	1246	2090	2134	1282	1292	970
peak_10601	chr3	46857901	46858376	.	476	214	596	642	316	472	316
peak_10602	chr3	46860185	46863371	.	3187	1648	2856	3026	1582	1844	1334
peak_10603	chr3	46875354	46875655	.	302	224	398	412	224	272	158
peak_10604	chr3	46875993	46879982	.	3990	2352	4378	4574	1696	2174	1528
peak_10605	chr3	46908690	46910742	.	2053	1468	2980	2904	1724	2138	1520
peak_10606	chr3	46915273	46915829	.	557	364	562	560	452	452	328
peak_10607	chr3	46934529	46935810	.	1282	752	1538	1500	828	1088	734
peak_10608	chr3	46946402	46948908	.	2507	1794	3186	3650	2334	3368	2474
peak_10609	chr3	46949358	46949835	.	478	198	492	462	416	578	412
peak_10610	chr3	46958881	46960417	.	1537	646	1106	1248	770	788	658
peak_10611	chr3	46982633	46983305	.	673	602	1054	1160	672	768	534
peak_10612	chr3	46984989	46985507	.	519	308	772	880	544	820	594
peak_10613	chr3	46994696	46995829	.	1134	730	1254	1336	688	822	578
peak_10614	chr3	46996831	46998752	.	1922	1184	2872	2764	1374	1846	1208
peak_10615	chr3	47239666	47240777	.	1112	686	1306	1458	622	716	578
peak_10616	chr3	47250662	47251496	.	835	428	778	744	460	488	360
peak_10617	chr3	47281574	47283517	.	1944	990	1786	2080	924	1148	762
peak_10618	chr3	47323380	47324209	.	830	510	812	980	854	1034	686
peak_10619	chr3	47380108	47381698	.	1591	1290	3140	3216	1378	2042	1318
peak_10620	chr3	47394907	47395944	.	1038	722	862	922	408	376	210
peak_10621	chr3	47522229	47523217	.	989	852	1494	1652	874	936	656
peak_10622	chr3	47781087	47781714	.	628	408	784	766	600	882	522
peak_10623	chr3	47781817	47782493	.	677	620	1482	1340	654	898	560
peak_10624	chr3	47789856	47790260	.	405	212	484	386	364	478	342
peak_10625	chr3	47864997	47865623	.	627	248	472	502	370	450	378
peak_10626	chr3	48152046	48152589	.	544	362	748	818	500	676	406
peak_10627	chr3	48187418	48188806	.	1389	830	1888	2004	762	1124	822
peak_10628	chr3	48219400	48220174	.	775	380	658	722	300	426	338
peak_10629	chr3	48268275	48269258	.	984	632	870	928	644	748	502
peak_10630	chr3	48397811	48400217	.	2407	1282	2454	2700	1032	1300	910
peak_10631	chr3	48417346	48420329	.	2984	1414	2676	2588	834	930	738
peak_10632	chr3	48420741	48426678	.	5938	3148	5516	5430	2742	3276	2276
peak_10633	chr3	48430485	48431015	.	531	420	680	674	406	556	352
peak_10634	chr3	48476414	48477086	.	673	334	806	736	522	648	428
peak_10635	chr3	48502113	48505031	.	2919	1584	2980	3130	1552	1808	1376
peak_10636	chr3	48535660	48537167	.	1508	974	1622	1460	1162	1560	1108
peak_10637	chr3	48543282	48543904	.	623	410	696	720	560	706	582
peak_10638	chr3	48549329	48549781	.	453	246	518	478	258	346	258
peak_10639	chr3	48550063	48551193	.	1131	670	1216	1196	558	600	470
peak_10640	chr3	48556138	48557874	.	1737	1086	2730	2612	1084	1586	1146
peak_10641	chr3	48562062	48562640	.	579	460	844	812	548	830	538
peak_10642	chr3	48565884	48566493	.	610	468	924	1004	536	746	584
peak_10643	chr3	48567101	48567638	.	538	376	552	574	508	692	394
peak_10644	chr3	48576892	48577846	.	955	868	1212	1214	888	1288	780
peak_10645	chr3	48586392	48586893	.	502	386	790	776	362	408	312
peak_10646	chr3	48637393	48637743	.	351	162	410	380	368	444	348
peak_10647	chr3	48637810	48638446	.	637	310	530	674	396	598	372
peak_10648	chr3	48650583	48651393	.	811	556	902	1040	790	790	590
peak_10649	chr3	48663366	48664360	.	995	784	2120	1964	1090	1400	1008
peak_10650	chr3	48881003	48882136	.	1134	662	1010	1140	696	814	550
peak_10651	chr3	49006076	49008729	.	2654	1656	3776	3414	1602	2202	1462
peak_10652	chr3	49013511	49013944	.	434	352	544	536	428	652	382
peak_10653	chr3	49097938	49100622	.	2685	1412	2448	2470	1210	1532	1036
peak_10654	chr3	49131212	49132197	.	986	662	1276	1382	654	776	610
peak_10655	chr3	49133283	49135418	.	2136	1466	2224	2258	1390	1534	1174
peak_10656	chr3	49137446	49139396	.	1951	1116	1992	2062	1426	1574	1242
peak_10657	chr3	49141707	49142474	.	768	290	566	584	600	668	444
peak_10658	chr3	49149679	49150847	.	1169	914	1112	1126	1120	1222	840
peak_10659	chr3	49152926	49155125	.	2200	1228	1966	1810	1188	1296	876
peak_10660	chr3	49244715	49245178	.	464	488	662	774	684	774	532
peak_10661	chr3	49339502	49340864	.	1363	1200	2260	2416	1266	1464	1038
peak_10662	chr3	49460136	49460709	.	574	404	584	556	272	256	196
peak_10663	chr3	49469165	49470920	.	1756	1172	3022	3002	1068	1658	1174
peak_10664	chr3	49518563	49519609	.	1047	450	676	690	178	166	156
peak_10665	chr3	49519937	49520601	.	665	522	832	942	818	856	674
peak_10666	chr3	49547472	49548595	.	1124	806	1522	1622	858	1316	800
peak_10667	chr3	49548940	49549493	.	554	418	630	660	414	582	394
peak_10668	chr3	49602633	49603682	.	1050	724	1258	1446	832	920	592
peak_10669	chr3	49609137	49610219	.	1083	1050	1610	1764	1286	1684	1354
peak_10670	chr3	49626233	49626718	.	486	498	814	792	476	606	450
peak_10671	chr3	49636371	49637602	.	1232	718	1234	1302	744	914	598
peak_10672	chr3	49642957	49646056	.	3100	1726	2708	2808	1318	1510	998
peak_10673	chr3	49659554	49662063	.	2510	1116	2304	2308	798	850	674
peak_10674	chr3	49696919	49700985	.	4067	1862	3018	2994	1478	1692	1100
peak_10675	chr3	49714313	49716845	.	2533	1220	2144	2106	710	868	652
peak_10676	chr3	49785791	49786908	.	1118	1180	2742	2302	1270	1732	1026
peak_10677	chr3	49855557	49857165	.	1609	1106	1564	1808	890	1038	764
peak_10678	chr3	49869590	49872485	.	2896	1694	2870	3036	1404	1812	1232
peak_10679	chr3	49882283	49883814	.	1532	986	1778	1894	1146	1570	1026
peak_10680	chr3	49896111	49899531	.	3421	1756	3142	3286	1058	1238	824
peak_10681	chr3	49899779	49901298	.	1520	1016	1684	1782	864	1010	672
peak_10682	chr3	49939667	49940763	.	1097	1106	2142	1996	958	1228	874
peak_10683	chr3	50122093	50124212	.	2120	1280	2260	2376	846	960	736
peak_10684	chr3	50135657	50141379	.	5723	2866	5478	5726	2114	2378	1806
peak_10685	chr3	50153195	50153869	.	675	492	882	848	608	772	542
peak_10686	chr3	50154162	50155369	.	1208	546	1304	1626	734	1064	730
peak_10687	chr3	50166690	50167869	.	1180	634	1212	1206	516	698	444
peak_10688	chr3	50170531	50171187	.	657	298	686	594	422	770	418
peak_10689	chr3	50175225	50176080	.	856	592	1224	1384	628	1116	688
peak_10690	chr3	50190935	50192071	.	1137	754	1378	1418	528	624	442
peak_10691	chr3	50217391	50218182	.	792	472	1086	1218	648	772	586
peak_10692	chr3	50226801	50227701	.	901	702	2088	1702	798	1078	730
peak_10693	chr3	50253688	50255247	.	1560	944	1638	1438	680	718	476
peak_10694	chr3	50268126	50269229	.	1104	736	1718	1486	934	1164	824
peak_10695	chr3	50294333	50301350	.	7018	4152	7936	7808	3146	3494	2566
peak_10696	chr3	50304627	50305169	.	543	318	596	586	532	746	556
peak_10697	chr3	50316293	50317744	.	1452	788	1592	1478	612	744	636
peak_10698	chr3	50322412	50324918	.	2507	1402	2390	2532	1282	1738	1162
peak_10699	chr3	50335518	50336189	.	672	350	572	578	322	336	194
peak_10700	chr3	50336617	50338238	.	1622	966	2268	2418	814	1282	844
peak_10701	chr3	50347224	50352224	.	5001	3162	5900	6136	2860	3608	2302
peak_10702	chr3	50367942	50370321	.	2380	1832	3204	3276	1866	2174	1650
peak_10703	chr3	50372338	50372938	.	601	398	756	784	372	566	360
peak_10704	chr3	50379247	50380408	.	1162	830	1574	1694	886	1222	864
peak_10705	chr3	50383105	50384185	.	1081	666	984	966	430	458	360
peak_10706	chr3	50386534	50387986	.	1453	866	1692	1822	722	838	470
peak_10707	chr3	50389401	50397184	.	7784	5072	9040	9688	3714	4378	3150
peak_10708	chr3	50410350	50411242	.	893	622	1278	1256	678	1012	604
peak_10709	chr3	50411612	50412047	.	436	308	646	672	316	436	364
peak_10710	chr3	50416794	50419379	.	2586	1480	2042	2406	1326	1638	1130
peak_10711	chr3	50420276	50421073	.	798	566	1044	1038	560	700	456
peak_10712	chr3	50433402	50435785	.	2384	1428	2766	3008	1658	2242	1724
peak_10713	chr3	50436206	50436681	.	476	426	828	882	502	590	428
peak_10714	chr3	50457462	50458700	.	1239	630	1198	1086	212	262	268
peak_10715	chr3	50465391	50466814	.	1424	894	1608	1568	1470	2012	1376
peak_10716	chr3	50474414	50475318	.	905	554	858	842	536	690	430
peak_10717	chr3	50487280	50488632	.	1353	576	826	914	604	556	448
peak_10718	chr3	50488973	50489636	.	664	304	496	484	444	584	380
peak_10719	chr3	50496090	50497866	.	1777	990	1606	1728	1256	1500	994
peak_10720	chr3	50512380	50512766	.	387	306	512	428	306	420	364
peak_10721	chr3	50518093	50519380	.	1288	928	1586	1872	884	1220	824
peak_10722	chr3	50523352	50524351	.	1000	666	1330	1236	750	976	678
peak_10723	chr3	50533803	50538353	.	4551	2794	4810	5034	2518	3348	2324
peak_10724	chr3	50548825	50549976	.	1152	946	1706	1738	916	1200	930
peak_10725	chr3	50559267	50560507	.	1241	818	1292	1312	420	394	404
peak_10726	chr3	50570428	50574926	.	4499	2716	4350	4400	2176	2336	1686
peak_10727	chr3	50590592	50591994	.	1403	1046	1598	1634	1192	1342	1082
peak_10728	chr3	50602099	50605576	.	3478	1542	2640	2558	868	1088	832
peak_10729	chr3	50615444	50616323	.	880	672	1160	1292	780	936	598
peak_10730	chr3	50617879	50618627	.	749	476	738	876	570	814	522
peak_10731	chr3	50627254	50628111	.	858	806	1524	1636	924	1264	868
peak_10732	chr3	50647405	50649994	.	2590	1318	1932	2074	808	962	680
peak_10733	chr3	50652513	50652993	.	481	396	622	610	442	468	382
peak_10734	chr3	50653906	50655831	.	1926	1484	2566	2712	1502	1812	1328
peak_10735	chr3	51396078	51397017	.	940	470	814	618	464	608	366
peak_10736	chr3	51516597	51517102	.	506	386	600	600	594	626	554
peak_10737	chr3	51585277	51585604	.	328	110	130	134	226	212	222
peak_10738	chr3	51670757	51672693	.	1937	998	1928	2100	840	1090	818
peak_10739	chr3	51689509	51690536	.	1028	554	1122	1082	478	528	358
peak_10740	chr3	51703518	51704205	.	688	494	1050	1118	638	936	608
peak_10741	chr3	51704560	51705787	.	1228	816	1282	1314	952	1216	942
peak_10742	chr3	51710441	51712939	.	2499	1318	2170	2382	1028	1190	884
peak_10743	chr3	51941281	51944440	.	3160	2178	5514	5140	2176	2886	2030
peak_10744	chr3	51962326	51963407	.	1082	598	974	1064	204	306	184
peak_10745	chr3	52004936	52006750	.	1815	1084	2270	2328	1134	1532	1000
peak_10746	chr3	52028348	52029965	.	1618	844	1294	1404	542	650	464
peak_10747	chr3	52032570	52033909	.	1340	586	1268	1232	314	310	238
peak_10748	chr3	52034356	52039470	.	5115	2908	5274	5514	1828	2192	1520
peak_10749	chr3	52043347	52047966	.	4620	2926	5450	5584	2328	3032	2240
peak_10750	chr3	52056567	52058943	.	2377	2000	4360	3792	1958	2670	1792
peak_10751	chr3	52071506	52072321	.	816	570	1176	1332	870	1122	876
peak_10752	chr3	52090942	52092263	.	1322	1006	1832	2016	1144	1790	1208
peak_10753	chr3	52122867	52123616	.	750	420	872	906	584	760	550
peak_10754	chr3	52174682	52175665	.	984	648	1242	1364	734	1082	766
peak_10755	chr3	52183774	52185680	.	1907	1328	2010	2084	1192	1492	1142
peak_10756	chr3	52253272	52254004	.	733	342	674	744	236	268	186
peak_10757	chr3	52296407	52300631	.	4225	2296	4388	4758	2030	1866	1424
peak_10758	chr3	52307712	52309406	.	1695	706	1160	1360	596	608	558
peak_10759	chr3	52364527	52366796	.	2270	798	1244	1248	762	720	644
peak_10760	chr3	52449880	52450527	.	648	426	966	978	454	552	402
peak_10761	chr3	52495553	52496568	.	1016	608	1174	1222	586	924	640
peak_10762	chr3	52515926	52523643	.	7718	2314	4434	4710	1730	2196	1590
peak_10763	chr3	52536276	52537518	.	1243	852	2048	1972	944	1296	928
peak_10764	chr3	52788956	52792723	.	3768	1322	2624	2594	1050	1116	782
peak_10765	chr3	52798603	52799311	.	709	278	588	730	178	276	186
peak_10766	chr3	52805443	52807151	.	1709	700	1130	1350	470	532	468
peak_10767	chr3	52841419	52842318	.	900	568	774	822	414	432	268
peak_10768	chr3	53140344	53141154	.	811	428	598	514	604	748	408
peak_10769	chr3	53141396	53142629	.	1234	618	1058	1068	586	692	494
peak_10770	chr3	53147141	53148306	.	1166	428	730	846	206	202	226
peak_10771	chr3	53149038	53151100	.	2063	790	1348	1538	808	1084	744
peak_10772	chr3	53157928	53158950	.	1023	644	882	994	722	852	764
peak_10773	chr3	53162363	53163803	.	1441	784	1266	1456	1122	1170	872
peak_10774	chr3	53702844	53703476	.	633	264	370	410	382	488	404
peak_10775	chr3	53704124	53704736	.	613	332	724	630	404	634	434
peak_10776	chr3	53705773	53706269	.	497	258	522	524	312	394	312
peak_10777	chr3	53773703	53774623	.	921	474	808	718	598	814	556
peak_10778	chr3	53788191	53788518	.	328	92	116	150	190	270	148
peak_10779	chr3	53794721	53795584	.	864	424	648	702	716	752	540
peak_10780	chr3	53806378	53807307	.	930	562	978	1040	634	810	580
peak_10781	chr3	53821537	53822044	.	508	322	670	780	396	602	416
peak_10782	chr3	53835300	53836860	.	1561	746	1382	1376	984	1140	848
peak_10783	chr3	54027436	54027785	.	350	106	162	162	264	290	190
peak_10784	chr3	54611028	54611320	.	293	102	132	112	238	234	152
peak_10785	chr3	55354044	55354337	.	294	104	72	114	182	212	154
peak_10786	chr3	55589461	55589981	.	521	220	428	452	348	538	378
peak_10787	chr3	56052828	56053301	.	474	268	328	304	340	396	322
peak_10788	chr3	56297520	56297767	.	248	36	116	120	176	216	112
peak_10789	chr3	56314911	56315228	.	318	200	380	358	344	418	374
peak_10790	chr3	56994718	56995077	.	360	86	226	178	256	346	214
peak_10791	chr3	57060434	57060795	.	362	288	708	672	332	594	434
peak_10792	chr3	57579835	57580093	.	259	80	104	132	284	258	214
peak_10793	chr3	57756076	57756864	.	789	534	1072	938	524	610	444
peak_10794	chr3	57974790	57975081	.	292	274	616	440	308	414	302
peak_10795	chr3	58009710	58010482	.	773	388	568	610	468	504	346
peak_10796	chr3	58052411	58052916	.	506	334	564	514	428	522	324
peak_10797	chr3	58214385	58214825	.	441	168	266	258	330	520	252
peak_10798	chr3	58217260	58217791	.	532	334	608	632	434	504	344
peak_10799	chr3	58233599	58234051	.	453	308	476	468	526	634	422
peak_10800	chr3	58260319	58261070	.	752	496	830	940	668	912	624
peak_10801	chr3	58384005	58384421	.	417	312	744	564	354	626	390
peak_10802	chr3	59559759	59560138	.	380	280	502	406	382	558	382
peak_10803	chr3	60073973	60074217	.	245	56	106	162	164	242	120
peak_10804	chr3	62109559	62110052	.	494	226	512	510	314	402	324
peak_10805	chr3	63508387	63508666	.	280	108	210	208	336	298	232
peak_10806	chr3	64143393	64143796	.	404	128	172	198	258	322	272
peak_10807	chr3	65338625	65338989	.	365	120	238	234	298	412	220
peak_10808	chr3	66224312	66224536	.	225	86	120	160	154	202	184
peak_10809	chr3	66412856	66413557	.	702	334	632	640	542	738	558
peak_10810	chr3	66992317	66992557	.	241	66	98	90	184	170	132
peak_10811	chr3	67608952	67609323	.	372	142	234	238	312	268	304
peak_10812	chr3	67647459	67647975	.	517	234	424	464	376	492	372
peak_10813	chr3	69785172	69785529	.	358	218	322	284	234	272	226
peak_10814	chr3	70855225	70855451	.	227	100	160	142	192	258	138
peak_10815	chr3	71066838	71067357	.	520	200	380	348	326	496	310
peak_10816	chr3	71074424	71074742	.	319	82	130	168	256	308	214
peak_10817	chr3	71089210	71089663	.	454	238	318	332	542	670	488
peak_10818	chr3	71141225	71141553	.	329	128	290	194	230	388	160
peak_10819	chr3	71142234	71142626	.	393	258	338	314	418	578	308
peak_10820	chr3	71787779	71788178	.	400	164	162	206	230	312	198
peak_10821	chr3	71847796	71848264	.	469	104	190	220	256	262	204
peak_10822	chr3	72128892	72129365	.	474	238	434	486	402	734	498
peak_10823	chr3	72238697	72239070	.	374	106	102	108	242	186	140
peak_10824	chr3	72337589	72339976	.	2388	1520	3004	2766	2042	2484	1810
peak_10825	chr3	72455300	72455693	.	394	194	244	336	320	402	314
peak_10826	chr3	72479775	72480190	.	416	208	280	288	398	444	362
peak_10827	chr3	72484413	72485506	.	1094	476	722	758	816	1094	660
peak_10828	chr3	72487354	72487833	.	480	352	836	520	438	646	424
peak_10829	chr3	72595928	72596853	.	926	408	732	674	348	350	362
peak_10830	chr3	73498669	73499537	.	869	488	798	782	720	932	734
peak_10831	chr3	73866810	73867348	.	539	154	224	234	436	510	354
peak_10832	chr3	75285654	75285991	.	338	88	222	192	216	262	194
peak_10833	chr3	75331284	75332773	.	1490	456	824	860	598	720	448
peak_10834	chr3	75346224	75347358	.	1135	368	334	322	634	782	456
peak_10835	chr3	75450088	75450463	.	376	160	298	306	222	266	158
peak_10836	chr3	76221993	76222677	.	685	214	316	300	370	542	298
peak_10837	chr3	79038767	79038973	.	207	60	106	90	132	146	130
peak_10838	chr3	88218990	88219546	.	557	302	334	324	512	598	270
peak_10839	chr3	88988980	88989268	.	289	118	170	248	246	306	240
peak_10840	chr3	93969434	93969691	.	258	252	360	282	372	432	262
peak_10841	chr3	98503612	98504033	.	422	144	204	226	364	446	278
peak_10842	chr3	98778960	98779569	.	610	368	424	386	750	938	516
peak_10843	chr3	98893727	98894226	.	500	204	316	288	380	470	234
peak_10844	chr3	99108613	99109012	.	400	160	238	124	358	396	210
peak_10845	chr3	99930384	99930921	.	538	182	190	198	344	368	262
peak_10846	chr3	100666774	100666973	.	200	90	268	224	242	396	190
peak_10847	chr3	101154489	101154909	.	421	154	202	160	372	404	308
peak_10848	chr3	101179574	101180041	.	468	230	312	352	374	482	384
peak_10849	chr3	102830406	102831043	.	638	318	358	424	484	534	342
peak_10850	chr3	104554506	104554835	.	330	76	86	108	196	224	160
peak_10851	chr3	104670575	104671002	.	428	118	220	240	296	416	282
peak_10852	chr3	105366174	105367006	.	833	698	1964	1846	828	1068	742
peak_10853	chr3	105904664	105905140	.	477	238	272	290	444	474	340
peak_10854	chr3	107129898	107130896	.	999	604	928	928	914	976	722
peak_10855	chr3	107445461	107445819	.	359	258	368	346	478	604	438
peak_10856	chr3	108022315	108022869	.	555	344	444	486	586	870	710
peak_10857	chr3	108031749	108032246	.	498	268	378	462	540	700	376
peak_10858	chr3	108100310	108100780	.	471	250	274	348	460	514	418
peak_10859	chr3	108221921	108222715	.	795	596	1510	1466	716	1036	668
peak_10860	chr3	108305538	108306071	.	534	266	350	380	474	488	424
peak_10861	chr3	111978587	111979439	.	853	656	1146	1260	662	828	526
peak_10862	chr3	112074700	112075408	.	709	476	850	828	858	964	666
peak_10863	chr3	112561746	112562542	.	797	790	1656	1486	1092	1270	828
peak_10864	chr3	113249115	113249501	.	387	230	458	490	398	550	376
peak_10865	chr3	113263077	113263410	.	334	194	304	234	314	370	244
peak_10866	chr3	113797840	113798133	.	294	110	128	92	226	236	208
peak_10867	chr3	114213295	114213906	.	612	248	314	364	510	592	436
peak_10868	chr3	114299460	114299992	.	533	398	536	758	460	492	400
peak_10869	chr3	114319526	114319806	.	281	52	84	78	172	218	166
peak_10870	chr3	115146595	115148203	.	1609	1252	3122	2782	1688	2354	1304
peak_10871	chr3	115697348	115697543	.	196	114	162	188	176	208	178
peak_10872	chr3	115800267	115800882	.	616	198	296	314	400	434	260
peak_10873	chr3	115891115	115891684	.	570	262	354	386	570	650	552
peak_10874	chr3	116000324	116000928	.	605	436	744	604	762	962	724
peak_10875	chr3	116238875	116239285	.	411	228	270	282	526	540	328
peak_10876	chr3	117509797	117510338	.	542	202	240	248	514	522	402
peak_10877	chr3	117510395	117510726	.	332	114	118	166	272	304	210
peak_10878	chr3	119304194	119304676	.	483	264	502	604	574	622	396
peak_10879	chr3	119405331	119405860	.	530	224	264	300	398	454	338
peak_10880	chr3	119638822	119639207	.	386	228	330	326	334	550	314
peak_10881	chr3	119795057	119795616	.	560	550	856	840	548	580	352
peak_10882	chr3	119898937	119899251	.	315	222	396	422	432	626	458
peak_10883	chr3	120170287	120170700	.	414	402	672	732	614	714	534
peak_10884	chr3	120743477	120744055	.	579	374	574	586	556	714	470
peak_10885	chr3	121545254	121546117	.	864	496	846	916	696	788	452
peak_10886	chr3	121574424	121574743	.	320	164	162	260	336	300	212
peak_10887	chr3	122169950	122170249	.	300	152	188	186	244	272	222
peak_10888	chr3	122914683	122916055	.	1373	566	888	886	766	940	550
peak_10889	chr3	122925739	122926217	.	479	420	504	492	380	386	224
peak_10890	chr3	122928723	122929295	.	573	362	804	788	400	546	370
peak_10891	chr3	122929582	122930647	.	1066	578	926	1092	586	686	452
peak_10892	chr3	122931704	122932074	.	371	172	340	358	392	612	432
peak_10893	chr3	123292210	123293004	.	795	558	1130	1236	562	756	620
peak_10894	chr3	123305186	123305927	.	742	436	716	842	658	912	588
peak_10895	chr3	123341966	123344313	.	2348	1222	2020	2162	1050	1224	904
peak_10896	chr3	123383700	123384291	.	592	354	484	428	548	610	350
peak_10897	chr3	123481676	123482014	.	339	302	614	698	298	444	320
peak_10898	chr3	123651279	123651991	.	713	418	718	790	498	518	388
peak_10899	chr3	123688235	123688718	.	484	260	450	470	424	452	296
peak_10900	chr3	123780482	123780891	.	410	288	362	516	360	316	252
peak_10901	chr3	123791264	123791729	.	466	144	156	278	326	324	232
peak_10902	chr3	123791956	123792302	.	347	132	188	204	308	386	220
peak_10903	chr3	123877943	123878683	.	741	494	722	848	694	736	420
peak_10904	chr3	124067555	124068079	.	525	180	244	274	208	362	196
peak_10905	chr3	124249792	124250594	.	803	332	580	538	504	650	436
peak_10906	chr3	124276655	124277218	.	564	214	300	268	390	424	288
peak_10907	chr3	124300365	124300911	.	547	338	474	482	546	636	460
peak_10908	chr3	124346568	124347309	.	742	338	423	480	568	690	532
peak_10909	chr3	124347411	124347926	.	516	332	579	574	458	766	490
peak_10910	chr3	124401932	124402403	.	472	198	228	256	348	414	280
peak_10911	chr3	124566808	124567254	.	447	266	272	262	332	382	278
peak_10912	chr3	124600885	124601163	.	279	136	164	208	356	306	250
peak_10913	chr3	124780848	124781445	.	598	482	958	944	606	788	620
peak_10914	chr3	124797259	124797919	.	661	370	668	646	532	722	506
peak_10915	chr3	124807999	124808298	.	300	164	208	276	242	324	172
peak_10916	chr3	124834985	124835801	.	817	600	922	870	698	688	506
peak_10917	chr3	124919756	124920275	.	520	216	264	292	340	470	262
peak_10918	chr3	125154008	125154664	.	657	268	322	360	492	354	352
peak_10919	chr3	125160632	125161138	.	507	246	266	456	428	426	326
peak_10920	chr3	125594908	125595839	.	932	600	1822	1662	674	1036	706
peak_10921	chr3	125713330	125714273	.	944	426	550	542	854	900	586
peak_10922	chr3	125714378	125714874	.	497	278	302	238	506	600	336
peak_10923	chr3	125915822	125917431	.	1610	1250	4312	3262	1384	2316	1592
peak_10924	chr3	125923350	125923835	.	486	296	496	508	348	550	336
peak_10925	chr3	125948919	125949254	.	336	80	138	218	144	182	128
peak_10926	chr3	126006959	126009067	.	2109	1162	2008	1950	1216	1436	1000
peak_10927	chr3	126013464	126014188	.	725	540	992	1012	654	870	632
peak_10928	chr3	126017638	126018308	.	671	404	654	744	596	766	496
peak_10929	chr3	126034475	126035448	.	974	754	1196	1240	1202	1690	1212
peak_10930	chr3	126036878	126037269	.	392	200	264	294	324	506	336
peak_10931	chr3	126049243	126050011	.	769	252	378	346	508	668	416
peak_10932	chr3	126052181	126053086	.	906	616	728	816	508	486	362
peak_10933	chr3	126056398	126057259	.	862	804	1378	1582	850	1076	780
peak_10934	chr3	126058404	126058993	.	590	342	604	600	336	536	392
peak_10935	chr3	126081660	126082363	.	704	506	1138	1254	844	1184	834
peak_10936	chr3	126106406	126107947	.	1542	1108	1644	1880	1316	1784	1182
peak_10937	chr3	126108073	126109007	.	935	602	1104	996	674	846	578
peak_10938	chr3	126110538	126111513	.	976	712	1208	1252	904	918	636
peak_10939	chr3	126146803	126148703	.	1901	1064	1688	1800	870	950	698
peak_10940	chr3	126247059	126247636	.	578	286	336	330	390	510	334
peak_10941	chr3	126258392	126259130	.	739	436	738	734	570	648	442
peak_10942	chr3	126340952	126341976	.	1025	540	770	734	772	806	596
peak_10943	chr3	126345316	126346763	.	1448	1026	1960	1968	1138	1466	962
peak_10944	chr3	126348668	126351965	.	3298	1982	3530	3438	1426	1556	1098
peak_10945	chr3	126353644	126354488	.	845	552	880	994	312	362	212
peak_10946	chr3	126364064	126366865	.	2802	1970	3582	4108	1812	2342	1850
peak_10947	chr3	126370023	126372281	.	2259	1350	2136	2290	1154	1432	956
peak_10948	chr3	126381778	126382312	.	535	402	718	864	572	886	670
peak_10949	chr3	126389146	126390033	.	888	730	1372	1536	882	1030	582
peak_10950	chr3	126398419	126398868	.	450	372	652	590	388	428	294
peak_10951	chr3	126401545	126402468	.	924	548	1154	1150	588	766	504
peak_10952	chr3	126464187	126465501	.	1315	830	1386	1672	1084	1290	904
peak_10953	chr3	126474538	126475696	.	1159	654	1626	1728	704	964	612
peak_10954	chr3	126491913	126493583	.	1671	1190	1774	1914	1130	1230	916
peak_10955	chr3	126494206	126495147	.	942	710	1314	1290	588	682	426
peak_10956	chr3	126503699	126504370	.	672	628	868	958	778	924	622
peak_10957	chr3	126519536	126520330	.	795	624	1184	1010	748	818	574
peak_10958	chr3	126536969	126539532	.	2564	2222	3718	3749	2431	2802	1766
peak_10959	chr3	126540056	126540811	.	756	668	1064	966	780	1112	682
peak_10960	chr3	126544076	126545266	.	1191	962	1618	1688	1224	1598	1090
peak_10961	chr3	126549792	126551808	.	2017	1484	2520	2808	906	1088	828
peak_10962	chr3	126553331	126554083	.	753	574	994	1000	596	768	474
peak_10963	chr3	126554530	126555753	.	1224	1138	1840	1824	1244	1356	934
peak_10964	chr3	126556866	126557946	.	1081	652	1092	1120	466	644	474
peak_10965	chr3	126567635	126568360	.	726	552	816	898	524	594	436
peak_10966	chr3	126568825	126572228	.	3404	2134	3602	3606	1586	1886	1398
peak_10967	chr3	126599523	126599985	.	463	344	390	432	408	398	376
peak_10968	chr3	126655873	126657038	.	1166	730	1184	1268	946	1204	966
peak_10969	chr3	126661579	126662263	.	685	352	478	582	392	532	450
peak_10970	chr3	126662666	126663301	.	636	392	672	814	444	580	398
peak_10971	chr3	126703686	126705120	.	1435	880	2558	2434	1032	1584	1100
peak_10972	chr3	126707495	126708482	.	988	436	766	804	676	856	574
peak_10973	chr3	126851036	126852350	.	1315	806	1356	1414	946	1208	802
peak_10974	chr3	126935081	126935458	.	378	172	288	338	224	336	202
peak_10975	chr3	126954402	126956192	.	1791	850	1282	1236	720	892	584
peak_10976	chr3	126971968	126972316	.	349	190	298	374	304	388	246
peak_10977	chr3	126987202	126989165	.	1964	832	1530	1848	1108	1310	874
peak_10978	chr3	127018983	127019809	.	827	538	908	1026	608	768	536
peak_10979	chr3	127032668	127033183	.	516	338	714	766	314	440	386
peak_10980	chr3	127064599	127065343	.	745	546	764	724	778	1114	742
peak_10981	chr3	127134464	127135554	.	1091	692	1350	1428	858	1208	786
peak_10982	chr3	127136847	127138349	.	1503	852	1472	1446	976	1032	814
peak_10983	chr3	127152651	127154162	.	1512	816	1430	1640	998	1344	814
peak_10984	chr3	127155897	127159116	.	3220	1498	2508	2688	1524	1788	1176
peak_10985	chr3	127208100	127211032	.	2933	1368	2824	2820	1566	2022	1442
peak_10986	chr3	127217713	127218585	.	873	460	722	784	388	400	312
peak_10987	chr3	127362222	127363500	.	1279	710	1066	1166	456	552	386
peak_10988	chr3	127405220	127405595	.	376	236	422	344	286	344	188
peak_10989	chr3	127475926	127476390	.	465	296	352	328	334	412	330
peak_10990	chr3	127480915	127481372	.	458	240	362	244	320	308	216
peak_10991	chr3	127484673	127485325	.	653	396	608	756	508	540	464
peak_10992	chr3	127517731	127518826	.	1096	296	508	568	752	804	570
peak_10993	chr3	127519290	127519545	.	256	106	174	278	284	352	174
peak_10994	chr3	127568193	127569649	.	1457	578	952	946	654	816	516
peak_10995	chr3	127577492	127578431	.	940	586	820	910	586	612	420
peak_10996	chr3	127590260	127592314	.	2055	938	2022	2206	1210	1622	1116
peak_10997	chr3	127597996	127598671	.	676	506	1468	1326	640	1026	680
peak_10998	chr3	127630877	127631438	.	562	294	566	510	388	518	250
peak_10999	chr3	127688020	127688826	.	807	532	1050	1126	554	610	440
peak_11000	chr3	127696675	127697326	.	652	426	750	794	466	654	536
peak_11001	chr3	127746910	127748403	.	1494	1120	2198	1920	1366	1716	1246
peak_11002	chr3	127770679	127771164	.	486	312	466	444	590	800	498
peak_11003	chr3	127847375	127847663	.	289	112	196	240	204	260	246
peak_11004	chr3	127887368	127887663	.	296	166	302	292	268	438	268
peak_11005	chr3	128143639	128144327	.	689	340	502	444	562	664	436
peak_11006	chr3	128145368	128145842	.	475	182	292	384	280	372	218
peak_11007	chr3	128245221	128245937	.	717	526	798	892	548	766	516
peak_11008	chr3	128296537	128297340	.	804	472	614	592	544	514	378
peak_11009	chr3	128299484	128300175	.	692	244	398	378	382	350	296
peak_11010	chr3	128317100	128318497	.	1398	748	1390	1456	538	796	530
peak_11011	chr3	128361501	128362897	.	1397	924	1606	1536	1086	1312	906
peak_11012	chr3	128367262	128368249	.	988	534	764	778	446	584	456
peak_11013	chr3	128383392	128383924	.	533	384	746	726	506	594	444
peak_11014	chr3	128391961	128393005	.	1045	778	1296	1150	734	904	760
peak_11015	chr3	128402724	128405016	.	2293	1048	1878	1992	932	1140	804
peak_11016	chr3	128416473	128417184	.	712	418	784	842	482	716	526
peak_11017	chr3	128429092	128430597	.	1506	714	1584	1732	1010	1266	884
peak_11018	chr3	128433566	128434349	.	784	458	632	662	470	676	402
peak_11019	chr3	128447005	128448161	.	1157	532	630	806	390	502	340
peak_11020	chr3	128470216	128470811	.	596	344	570	698	486	536	456
peak_11021	chr3	128547462	128547966	.	505	366	536	584	404	554	356
peak_11022	chr3	128553637	128555181	.	1545	764	1230	1314	758	864	604
peak_11023	chr3	128567134	128568110	.	977	514	652	666	374	482	288
peak_11024	chr3	128591947	128592460	.	514	254	274	418	416	490	368
peak_11025	chr3	128650095	128651023	.	929	464	1224	1336	530	846	528
peak_11026	chr3	128707524	128708146	.	623	192	344	340	442	534	354
peak_11027	chr3	128708668	128709450	.	783	562	894	948	672	786	582
peak_11028	chr3	128827687	128828190	.	504	184	246	286	322	500	296
peak_11029	chr3	129004528	129005438	.	911	508	770	866	512	596	470
peak_11030	chr3	129016269	129017954	.	1686	874	1266	1302	844	1002	706
peak_11031	chr3	129020945	129021491	.	547	314	590	664	358	590	364
peak_11032	chr3	129025202	129026039	.	838	454	754	816	558	750	536
peak_11033	chr3	129026638	129026995	.	358	188	242	270	298	354	236
peak_11034	chr3	129131256	129133038	.	1783	794	1400	1464	1200	1698	1032
peak_11035	chr3	129162036	129162528	.	493	292	492	464	456	536	410
peak_11036	chr3	129203047	129203372	.	326	108	184	168	264	364	252
peak_11037	chr3	129205245	129205960	.	716	356	596	630	410	406	300
peak_11038	chr3	129320296	129322392	.	2097	984	1866	1800	1330	1512	1090
peak_11039	chr3	129439458	129440734	.	1277	646	2018	1684	934	1174	902
peak_11040	chr3	129490221	129491354	.	1134	610	990	1078	732	970	700
peak_11041	chr3	129592861	129593788	.	928	510	974	1034	586	722	564
peak_11042	chr3	129611366	129613325	.	1960	1282	2400	2536	1572	2056	1594
peak_11043	chr3	129616129	129617322	.	1194	732	1162	1326	794	980	658
peak_11044	chr3	129954922	129955461	.	540	368	606	518	496	500	426
peak_11045	chr3	130110725	130112278	.	1554	882	3194	2538	1022	1690	1088
peak_11046	chr3	130532444	130533068	.	625	226	426	372	566	686	452
peak_11047	chr3	130926619	130926858	.	240	98	98	146	186	172	116
peak_11048	chr3	131072154	131072734	.	581	188	346	318	476	606	426
peak_11049	chr3	132463993	132464430	.	438	122	156	102	340	374	240
peak_11050	chr3	133023454	133024105	.	652	344	536	568	656	700	530
peak_11051	chr3	133242480	133242872	.	393	140	294	374	376	594	458
peak_11052	chr3	133466727	133467254	.	528	262	508	618	474	710	492
peak_11053	chr3	133663557	133663978	.	422	236	320	368	402	416	380
peak_11054	chr3	133820927	133821509	.	583	324	468	546	472	550	362
peak_11055	chr3	133821754	133822468	.	715	470	832	862	642	944	482
peak_11056	chr3	133839677	133840416	.	740	380	818	870	486	640	460
peak_11057	chr3	133868935	133869964	.	1030	696	1250	1374	830	1062	786
peak_11058	chr3	133881961	133882921	.	961	512	802	912	750	760	700
peak_11059	chr3	133887830	133888586	.	757	438	830	804	712	678	644
peak_11060	chr3	133910803	133911330	.	528	158	242	296	368	458	426
peak_11061	chr3	134049506	134050377	.	872	322	650	622	560	700	530
peak_11062	chr3	134056561	134058209	.	1649	896	1514	1554	1026	1198	908
peak_11063	chr3	134079223	134079567	.	345	78	200	264	226	248	234
peak_11064	chr3	134607356	134609376	.	2021	750	1354	1324	512	598	436
peak_11065	chr3	134644086	134645371	.	1286	538	890	1060	450	518	394
peak_11066	chr3	134791870	134792450	.	581	194	358	386	344	594	368
peak_11067	chr3	134792632	134794586	.	1955	1016	1658	1720	1186	1340	906
peak_11068	chr3	134794823	134795396	.	574	490	972	950	668	890	556
peak_11069	chr3	134805441	134806098	.	658	198	274	292	326	494	280
peak_11070	chr3	134833047	134833423	.	377	148	206	242	282	362	248
peak_11071	chr3	134985914	134986584	.	671	290	316	398	424	580	470
peak_11072	chr3	135034267	135035284	.	1018	622	892	944	804	1002	824
peak_11073	chr3	135035571	135035958	.	388	160	220	192	296	406	262
peak_11074	chr3	135082259	135083169	.	911	308	522	528	506	674	424
peak_11075	chr3	135105345	135105810	.	466	116	128	144	244	320	220
peak_11076	chr3	135447810	135448606	.	797	350	718	638	654	780	564
peak_11077	chr3	135487294	135487730	.	437	168	190	234	396	412	346
peak_11078	chr3	136402325	136403219	.	895	194	398	394	502	538	416
peak_11079	chr3	137030774	137031048	.	275	134	248	312	178	328	216
peak_11080	chr3	137988978	137989450	.	473	240	342	428	470	596	532
peak_11081	chr3	138118522	138119115	.	594	396	614	632	508	582	412
peak_11082	chr3	138440509	138441365	.	857	428	780	666	630	612	480
peak_11083	chr3	138455693	138462292	.	6600	3238	5460	6092	3018	3796	2460
peak_11084	chr3	138694290	138694857	.	568	178	362	268	330	400	250
peak_11085	chr3	139269963	139270498	.	536	260	506	468	402	462	318
peak_11086	chr3	139434732	139435211	.	480	182	338	448	266	424	292
peak_11087	chr3	139518959	139520745	.	1787	646	1136	1108	806	922	810
peak_11088	chr3	139774478	139775229	.	752	364	542	672	532	742	558
peak_11089	chr3	140273897	140274328	.	432	294	488	508	492	636	390
peak_11090	chr3	140342760	140343154	.	395	164	260	242	356	404	302
peak_11091	chr3	140446762	140447792	.	1031	444	636	664	676	894	522
peak_11092	chr3	140466737	140467369	.	633	256	414	376	482	496	346
peak_11093	chr3	140470960	140471409	.	450	190	354	384	352	434	294
peak_11094	chr3	140487567	140487865	.	299	114	134	192	224	306	234
peak_11095	chr3	140552554	140553265	.	712	454	626	714	640	856	552
peak_11096	chr3	141078080	141078473	.	394	272	400	292	326	400	268
peak_11097	chr3	141093431	141094607	.	1177	668	1476	1614	940	1366	960
peak_11098	chr3	141271470	141272178	.	709	308	552	634	436	482	402
peak_11099	chr3	141652514	141652953	.	440	180	212	256	312	346	246
peak_11100	chr3	141738001	141739174	.	1174	626	1534	1592	860	1118	702
peak_11101	chr3	141795821	141796886	.	1066	598	958	912	924	1170	710
peak_11102	chr3	142053292	142053504	.	213	80	76	148	144	194	134
peak_11103	chr3	142148750	142149091	.	342	118	268	294	240	320	180
peak_11104	chr3	142857092	142857518	.	427	208	252	292	294	340	194
peak_11105	chr3	143307706	143308128	.	423	264	574	526	536	700	530
peak_11106	chr3	143375516	143375700	.	185	92	144	108	168	252	132
peak_11107	chr3	145152739	145153227	.	489	210	184	212	304	340	240
peak_11108	chr3	146539152	146539591	.	440	212	292	354	340	386	266
peak_11109	chr3	146543827	146545003	.	1177	676	1180	1224	726	816	564
peak_11110	chr3	148006420	148006837	.	418	140	250	246	312	460	298
peak_11111	chr3	149129390	149130173	.	784	456	974	1060	630	736	534
peak_11112	chr3	149604204	149604949	.	746	364	546	686	438	588	448
peak_11113	chr3	149605942	149606159	.	218	90	162	160	172	228	156
peak_11114	chr3	149812318	149813575	.	1258	934	2234	1998	1206	1694	954
peak_11115	chr3	150365200	150365622	.	423	298	528	402	558	688	430
peak_11116	chr3	150653367	150653715	.	349	108	160	200	230	276	186
peak_11117	chr3	150719977	150720547	.	571	108	204	192	310	290	226
peak_11118	chr3	150829121	150829727	.	607	194	346	334	374	464	338
peak_11119	chr3	151003235	151003771	.	537	436	740	566	730	934	610
peak_11120	chr3	152487637	152488008	.	372	120	178	174	258	316	294
peak_11121	chr3	152742941	152743341	.	401	102	168	128	226	310	238
peak_11122	chr3	154956892	154957158	.	267	146	172	186	182	220	208
peak_11123	chr3	155070948	155071364	.	417	236	356	418	418	590	340
peak_11124	chr3	155853713	155855267	.	1555	1016	2038	1776	1060	1402	900
peak_11125	chr3	155874962	155875537	.	576	168	322	436	366	406	270
peak_11126	chr3	155881529	155882231	.	703	244	480	482	460	594	426
peak_11127	chr3	156017778	156018130	.	353	108	186	242	290	294	226
peak_11128	chr3	156132195	156132644	.	450	258	366	402	386	482	464
peak_11129	chr3	156456799	156457129	.	331	118	308	338	260	464	300
peak_11130	chr3	156620361	156621374	.	1014	454	708	770	668	1006	656
peak_11131	chr3	156626148	156626438	.	291	154	304	328	328	472	292
peak_11132	chr3	156764613	156765117	.	505	170	280	264	520	568	346
peak_11133	chr3	157128215	157128717	.	503	280	686	624	388	602	424
peak_11134	chr3	157128878	157129510	.	633	370	650	668	410	594	348
peak_11135	chr3	157282277	157282759	.	483	152	210	148	260	334	264
peak_11136	chr3	158330948	158331178	.	231	82	144	116	182	188	170
peak_11137	chr3	161314775	161315286	.	512	204	314	304	478	570	370
peak_11138	chr3	163474729	163475014	.	286	116	164	126	238	248	218
peak_11139	chr3	166889204	166889688	.	485	122	228	176	350	496	268
peak_11140	chr3	167734211	167735862	.	1652	564	1436	1288	558	742	620
peak_11141	chr3	168211071	168211496	.	426	86	148	136	290	318	238
peak_11142	chr3	169760487	169760829	.	343	74	154	118	240	282	150
peak_11143	chr3	170768153	170768866	.	714	218	336	404	418	450	362
peak_11144	chr3	172658924	172659130	.	207	194	230	226	286	270	246
peak_11145	chr3	177285975	177286338	.	364	264	288	348	326	408	226
peak_11146	chr3	177473130	177473680	.	551	370	644	632	510	710	456
peak_11147	chr3	177628378	177628630	.	253	94	56	98	204	192	162
peak_11148	chr3	177777578	177777993	.	416	326	466	454	512	546	378
peak_11149	chr3	179093850	179094221	.	372	164	336	326	332	442	350
peak_11150	chr3	179299781	179300252	.	472	226	326	340	336	334	250
peak_11151	chr3	179528789	179529191	.	403	142	164	198	304	280	180
peak_11152	chr3	182182511	182182952	.	442	250	516	496	490	768	502
peak_11153	chr3	183098942	183099860	.	919	812	2096	1910	1180	1326	908
peak_11154	chr3	183158551	183158833	.	283	122	164	196	222	300	186
peak_11155	chr3	183159451	183159980	.	530	394	648	714	510	566	382
peak_11156	chr3	183183259	183183604	.	346	236	350	374	342	466	256
peak_11157	chr3	183187681	183188803	.	1123	672	874	852	644	646	402
peak_11158	chr3	183210661	183211702	.	1042	422	690	738	508	654	454
peak_11159	chr3	183392196	183392858	.	663	222	416	482	460	696	458
peak_11160	chr3	183548199	183548573	.	375	206	324	310	348	320	234
peak_11161	chr3	183903970	183904716	.	747	422	716	656	468	582	396
peak_11162	chr3	183937642	183938078	.	437	198	310	262	390	480	362
peak_11163	chr3	184016799	184018345	.	1547	886	2094	2134	1304	1714	1010
peak_11164	chr3	184144909	184145587	.	679	428	722	772	648	748	612
peak_11165	chr3	184227456	184228646	.	1191	534	898	854	308	300	250
peak_11166	chr3	184232487	184235652	.	3166	1464	2540	2602	1304	1422	886
peak_11167	chr3	184235758	184236145	.	388	262	486	550	312	422	266
peak_11168	chr3	184249422	184250563	.	1142	920	1780	1748	868	1166	780
peak_11169	chr3	184291984	184292900	.	917	490	988	1030	672	710	508
peak_11170	chr3	184334393	184335031	.	639	340	596	580	418	552	364
peak_11171	chr3	184336719	184337636	.	918	526	850	764	510	588	366
peak_11172	chr3	184362896	184364178	.	1283	794	1736	1680	948	1258	814
peak_11173	chr3	184390957	184391595	.	639	410	660	728	662	912	648
peak_11174	chr3	184394955	184395566	.	612	282	550	538	360	448	346
peak_11175	chr3	184457239	184457857	.	619	364	450	430	584	600	542
peak_11176	chr3	184482004	184482249	.	246	152	144	192	204	184	160
peak_11177	chr3	184563555	184564085	.	531	300	448	488	382	462	346
peak_11178	chr3	184566921	184568429	.	1509	758	1182	1204	1056	1016	694
peak_11179	chr3	184632298	184633337	.	1040	712	1346	1346	916	1360	866
peak_11180	chr3	184654498	184655138	.	641	452	634	752	602	658	492
peak_11181	chr3	184755335	184755868	.	534	374	592	708	442	664	450
peak_11182	chr3	185153115	185154477	.	1363	680	1080	988	846	894	678
peak_11183	chr3	185341869	185342335	.	467	218	376	378	432	722	450
peak_11184	chr3	185422742	185423075	.	334	130	216	306	250	326	228
peak_11185	chr3	186207595	186207864	.	270	114	156	102	248	224	202
peak_11186	chr3	186217900	186218260	.	361	168	408	284	364	428	250
peak_11187	chr3	186319148	186319747	.	600	364	408	438	428	428	370
peak_11188	chr3	186452500	186453010	.	511	464	678	842	620	888	608
peak_11189	chr3	186453489	186453802	.	314	108	154	130	206	270	184
peak_11190	chr3	186760349	186760837	.	489	122	188	204	240	330	222
peak_11191	chr3	186938723	186939056	.	334	184	236	220	374	352	294
peak_11192	chr3	187403710	187404225	.	516	252	490	294	538	556	332
peak_11193	chr3	187562475	187563532	.	1058	358	406	516	876	822	526
peak_11194	chr3	188197557	188197862	.	306	154	236	238	244	348	252
peak_11195	chr3	188827136	188827460	.	325	126	182	152	350	410	260
peak_11196	chr3	189824532	189824955	.	424	378	458	510	422	566	314
peak_11197	chr3	190497869	190498116	.	248	130	180	158	266	314	240
peak_11198	chr3	193079362	193079603	.	242	126	92	112	166	220	152
peak_11199	chr3	193314319	193314821	.	503	312	428	434	366	422	324
peak_11200	chr3	193391775	193392851	.	1077	512	734	660	786	1078	732
peak_11201	chr3	193572505	193572957	.	453	382	706	608	816	896	512
peak_11202	chr3	193723176	193723506	.	331	108	130	116	218	286	180
peak_11203	chr3	193825081	193825581	.	501	294	430	500	306	380	322
peak_11204	chr3	193834556	193835014	.	459	242	370	472	392	540	392
peak_11205	chr3	193870725	193871486	.	762	488	792	872	518	776	488
peak_11206	chr3	193972336	193972753	.	418	244	452	438	390	456	322
peak_11207	chr3	194047356	194047737	.	382	244	450	484	352	538	450
peak_11208	chr3	194134394	194135361	.	968	620	1996	1726	864	1318	768
peak_11209	chr3	194136779	194137900	.	1122	808	1492	1540	876	1080	656
peak_11210	chr3	194158779	194159455	.	677	428	826	774	686	1018	692
peak_11211	chr3	194255352	194255895	.	544	428	822	840	572	570	394
peak_11212	chr3	194276766	194278051	.	1286	878	1718	1770	638	696	640
peak_11213	chr3	194322385	194323245	.	861	692	1736	1738	922	1108	848
peak_11214	chr3	194344074	194344496	.	423	362	560	656	242	398	226
peak_11215	chr3	194494943	194495305	.	363	206	286	286	304	442	284
peak_11216	chr3	194541482	194541842	.	361	174	234	282	290	412	334
peak_11217	chr3	194577928	194578635	.	708	630	1182	1148	1004	1258	942
peak_11218	chr3	194605206	194606094	.	889	460	604	640	578	696	386
peak_11219	chr3	194682237	194683334	.	1098	926	1958	1688	1288	1874	1290
peak_11220	chr3	194726976	194727890	.	915	588	964	1104	814	1026	710
peak_11221	chr3	194755491	194757429	.	1939	960	1866	1796	1026	1238	814
peak_11222	chr3	194782684	194783383	.	700	428	876	942	692	626	534
peak_11223	chr3	194817627	194818258	.	632	294	458	434	360	450	292
peak_11224	chr3	194960267	194961205	.	939	498	704	750	624	794	564
peak_11225	chr3	195059894	195061559	.	1666	1060	1678	1684	620	666	436
peak_11226	chr3	195094748	195095953	.	1206	1108	1874	2002	1262	1712	1262
peak_11227	chr3	195104289	195104667	.	379	200	410	462	294	402	312
peak_11228	chr3	195118285	195118653	.	369	280	512	624	332	478	316
peak_11229	chr3	195150246	195151193	.	948	580	1236	1306	840	1072	732
peak_11230	chr3	195257698	195258306	.	609	618	1146	1160	732	874	632
peak_11231	chr3	195352676	195353300	.	625	262	516	622	492	686	450
peak_11232	chr3	195461753	195462591	.	839	644	1012	1102	750	960	582
peak_11233	chr3	195558590	195559032	.	443	270	362	358	312	368	296
peak_11234	chr3	195751368	195752216	.	849	590	876	834	738	920	638
peak_11235	chr3	195816277	195818256	.	1980	1070	1754	1636	680	712	496
peak_11236	chr3	195820187	195820521	.	335	186	502	552	256	354	238
peak_11237	chr3	195864368	195864696	.	329	194	274	262	224	262	182
peak_11238	chr3	195865361	195866078	.	718	390	692	672	554	762	416
peak_11239	chr3	195897003	195897736	.	734	492	1044	1022	540	884	612
peak_11240	chr3	195907151	195908840	.	1690	1234	2310	2512	1384	1744	1190
peak_11241	chr3	196169794	196170315	.	522	458	1020	1018	782	1176	814
peak_11242	chr3	196183309	196183983	.	675	430	720	804	432	526	360
peak_11243	chr3	196192047	196195185	.	3139	1744	3098	3038	1200	1402	992
peak_11244	chr3	196317518	196318556	.	1039	526	1160	1286	596	776	590
peak_11245	chr3	196321752	196322276	.	525	256	468	496	374	490	378
peak_11246	chr3	196339536	196340216	.	681	282	564	558	458	674	454
peak_11247	chr3	196531368	196531826	.	459	232	420	372	298	518	378
peak_11248	chr3	196641242	196642225	.	984	460	650	622	774	858	492
peak_11249	chr3	196662062	196662404	.	343	120	146	180	244	424	244
peak_11250	chr3	196665937	196666554	.	618	652	1088	1118	706	838	602
peak_11251	chr3	196970320	196971502	.	1183	1052	1640	1712	1154	1362	904
peak_11252	chr3	196977040	196977448	.	409	422	722	752	602	854	698
peak_11253	chr3	197000188	197000674	.	487	376	448	566	432	504	296
peak_11254	chr3	197016251	197016872	.	622	396	904	910	538	630	462
peak_11255	chr3	197380729	197381187	.	459	340	490	558	520	756	448
peak_11256	chr3	197471741	197472524	.	784	494	762	838	622	748	506
peak_11257	chr3	197494332	197494895	.	564	320	614	556	450	686	356
peak_11258	chr3	197507613	197509098	.	1486	858	1200	1314	746	966	680
peak_11259	chr3	197554454	197556325	.	1872	1200	3078	3086	1286	2148	1468
peak_11260	chr3	197907960	197908270	.	311	110	356	350	242	328	186
peak_11261	chr3	197908569	197909114	.	546	224	482	536	378	460	298
peak_11262	chr3	198093223	198093570	.	348	134	186	180	410	472	354
peak_11263	chr4	617795	618728	.	934	440	626	710	418	434	426
peak_11264	chr4	659769	660444	.	676	282	492	426	426	480	388
peak_11265	chr4	686976	687980	.	1005	470	858	1104	452	658	434
peak_11266	chr4	815449	815815	.	367	122	280	298	290	362	226
peak_11267	chr4	919055	919656	.	602	168	388	442	380	372	282
peak_11268	chr4	959046	961158	.	2113	488	824	890	328	330	272
peak_11269	chr4	1051538	1051971	.	434	220	360	322	272	302	274
peak_11270	chr4	1082107	1082667	.	561	278	528	538	314	612	340
peak_11271	chr4	1154484	1155050	.	567	322	508	542	444	568	484
peak_11272	chr4	1169689	1170280	.	592	236	474	512	296	338	320
peak_11273	chr4	1191817	1192390	.	574	316	690	684	468	604	466
peak_11274	chr4	1196053	1197118	.	1066	458	820	928	558	614	502
peak_11275	chr4	1337306	1338074	.	769	260	754	814	560	784	660
peak_11276	chr4	1415933	1417544	.	1612	468	814	984	336	468	294
peak_11277	chr4	1469095	1471776	.	2682	838	1502	1722	754	914	760
peak_11278	chr4	1584437	1584951	.	515	136	278	298	286	490	272
peak_11279	chr4	1625831	1626575	.	745	300	550	660	296	438	338
peak_11280	chr4	1673054	1673550	.	497	136	274	336	276	282	272
peak_11281	chr4	2071228	2071823	.	596	230	480	418	354	360	304
peak_11282	chr4	2167207	2167853	.	647	336	524	422	414	568	398
peak_11283	chr4	2262086	2263031	.	946	592	1634	1462	742	890	552
peak_11284	chr4	2412657	2413899	.	1243	648	1336	1424	690	1108	710
peak_11285	chr4	2510868	2511217	.	350	164	262	288	264	338	234
peak_11286	chr4	2803445	2804025	.	581	330	680	694	504	738	374
peak_11287	chr4	2811861	2812830	.	970	312	718	856	426	578	374
peak_11288	chr4	2813146	2815332	.	2187	804	1320	1292	980	1268	814
peak_11289	chr4	3254285	3254948	.	664	216	356	370	134	146	112
peak_11290	chr4	3483268	3483933	.	666	288	550	638	296	418	348
peak_11291	chr4	3557112	3557534	.	423	110	166	204	196	296	182
peak_11292	chr4	3675216	3676783	.	1568	704	1144	1096	580	584	426
peak_11293	chr4	3761520	3762455	.	936	344	594	588	404	548	346
peak_11294	chr4	3783945	3784810	.	866	320	680	784	336	524	368
peak_11295	chr4	3810145	3810618	.	474	140	274	314	198	380	248
peak_11296	chr4	3830163	3830722	.	560	224	486	492	254	320	282
peak_11297	chr4	3864058	3864670	.	613	228	368	336	188	248	150
peak_11298	chr4	3954538	3956458	.	1921	922	3082	2620	1074	1760	1152
peak_11299	chr4	4172831	4174280	.	1450	558	662	566	1040	1254	806
peak_11300	chr4	4455608	4456089	.	482	242	410	472	470	574	516
peak_11301	chr4	4456402	4456753	.	352	214	370	430	352	546	352
peak_11302	chr4	4474389	4474775	.	387	136	136	166	194	296	190
peak_11303	chr4	4762289	4763238	.	950	562	1128	1008	812	1082	806
peak_11304	chr4	4837420	4837974	.	555	136	178	272	292	326	294
peak_11305	chr4	5383253	5384047	.	795	306	526	732	420	566	338
peak_11306	chr4	5576380	5576960	.	581	226	430	398	306	412	296
peak_11307	chr4	5628103	5628717	.	615	142	290	256	342	414	242
peak_11308	chr4	5750627	5751460	.	834	234	430	462	494	630	460
peak_11309	chr4	5752486	5754367	.	1882	710	1442	1472	990	1114	818
peak_11310	chr4	5758931	5759158	.	228	88	148	212	144	220	164
peak_11311	chr4	5826567	5827059	.	493	232	384	386	290	392	364
peak_11312	chr4	5886211	5888582	.	2372	858	1580	1746	868	882	662
peak_11313	chr4	5955290	5955853	.	564	234	424	414	300	382	268
peak_11314	chr4	5998444	5998837	.	394	190	374	438	254	414	246
peak_11315	chr4	6044985	6045639	.	655	374	598	588	444	478	298
peak_11316	chr4	6046605	6047675	.	1071	424	934	968	542	844	544
peak_11317	chr4	6509593	6510178	.	586	338	498	506	380	514	352
peak_11318	chr4	6528318	6528675	.	358	114	294	322	194	266	176
peak_11319	chr4	6529025	6530147	.	1123	342	642	722	286	298	248
peak_11320	chr4	6541507	6542676	.	1170	562	908	800	638	702	592
peak_11321	chr4	6560575	6560982	.	408	186	350	418	230	356	228
peak_11322	chr4	6724282	6724854	.	573	302	730	660	360	380	288
peak_11323	chr4	6727161	6727546	.	386	270	598	572	256	368	284
peak_11324	chr4	6767468	6768098	.	631	222	429	458	236	398	322
peak_11325	chr4	6855732	6855939	.	208	86	132	124	148	178	142
peak_11326	chr4	6916551	6917161	.	611	276	476	508	412	580	390
peak_11327	chr4	6917461	6917927	.	467	272	490	506	334	484	294
peak_11328	chr4	7070801	7071524	.	724	342	650	686	456	534	344
peak_11329	chr4	7254694	7255268	.	575	244	482	532	270	466	292
peak_11330	chr4	7539825	7540602	.	778	286	576	752	424	514	426
peak_11331	chr4	7564189	7564627	.	439	222	346	408	310	368	314
peak_11332	chr4	7648192	7650382	.	2191	892	1826	1760	880	1188	872
peak_11333	chr4	7705207	7705631	.	425	176	420	518	290	252	228
peak_11334	chr4	7940986	7942464	.	1479	658	906	988	732	794	590
peak_11335	chr4	7970105	7972764	.	2660	794	1648	1760	662	742	514
peak_11336	chr4	8005778	8006855	.	1078	496	792	844	576	740	476
peak_11337	chr4	8046760	8047477	.	718	336	764	796	368	766	492
peak_11338	chr4	8081280	8082220	.	941	430	992	982	716	1016	668
peak_11339	chr4	8101103	8101734	.	632	352	826	796	638	800	546
peak_11340	chr4	8152637	8152936	.	300	116	188	198	200	304	218
peak_11341	chr4	8188686	8189415	.	730	376	844	912	464	696	574
peak_11342	chr4	8191080	8191761	.	682	388	736	720	438	624	482
peak_11343	chr4	8192515	8193180	.	666	328	680	636	470	626	364
peak_11344	chr4	8211427	8213711	.	2285	612	1238	1208	384	494	332
peak_11345	chr4	8306440	8307490	.	1051	420	894	872	560	676	426
peak_11346	chr4	8309006	8310475	.	1470	450	822	778	412	524	364
peak_11347	chr4	8330785	8331838	.	1054	392	824	874	598	756	552
peak_11348	chr4	8383095	8383902	.	808	348	712	690	480	714	410
peak_11349	chr4	8393689	8393969	.	281	106	126	190	152	260	170
peak_11350	chr4	8539558	8540034	.	477	256	452	470	290	412	322
peak_11351	chr4	8542673	8543164	.	492	198	432	530	272	394	240
peak_11352	chr4	8585033	8586395	.	1363	752	1366	1338	914	1228	814
peak_11353	chr4	8685153	8685697	.	545	298	488	466	400	530	440
peak_11354	chr4	8690322	8691139	.	818	352	644	706	494	790	494
peak_11355	chr4	8773377	8773890	.	514	258	452	508	278	396	302
peak_11356	chr4	8795956	8796647	.	692	358	542	510	416	482	358
peak_11357	chr4	8817527	8819046	.	1520	622	1108	1356	660	942	668
peak_11358	chr4	8849797	8850273	.	477	110	346	306	216	326	260
peak_11359	chr4	8853250	8853566	.	317	162	162	208	188	182	168
peak_11360	chr4	9152136	9154104	.	1969	904	3140	2520	976	1498	1062
peak_11361	chr4	9159937	9160585	.	649	148	482	370	356	382	258
peak_11362	chr4	9210837	9211213	.	377	120	234	222	182	212	196
peak_11363	chr4	9691062	9692122	.	1061	376	952	962	396	632	412
peak_11364	chr4	9743221	9743580	.	360	72	130	110	186	216	138
peak_11365	chr4	9756445	9756919	.	475	288	218	184	382	564	294
peak_11366	chr4	9924637	9925156	.	520	274	476	444	244	390	232
peak_11367	chr4	10023871	10024644	.	774	360	546	654	536	580	484
peak_11368	chr4	10145080	10145441	.	362	138	180	228	192	222	134
peak_11369	chr4	10145698	10145988	.	291	160	214	216	230	230	206
peak_11370	chr4	10173144	10173501	.	358	118	174	180	220	232	190
peak_11371	chr4	10228955	10229313	.	359	100	124	118	212	282	178
peak_11372	chr4	10762524	10762917	.	394	144	222	220	250	370	270
peak_11373	chr4	10887716	10887897	.	182	56	58	98	96	124	86
peak_11374	chr4	11177156	11177446	.	291	88	130	148	202	222	172
peak_11375	chr4	11291056	11291385	.	330	100	98	86	170	180	140
peak_11376	chr4	14346302	14346598	.	297	84	132	162	182	202	156
peak_11377	chr4	14856460	14856790	.	331	150	432	304	288	468	294
peak_11378	chr4	14879747	14880074	.	328	142	154	212	202	252	262
peak_11379	chr4	14916987	14917642	.	656	336	536	430	504	508	380
peak_11380	chr4	15244392	15244843	.	452	234	338	280	304	508	312
peak_11381	chr4	17604951	17605514	.	564	176	354	354	336	434	314
peak_11382	chr4	22515055	22515553	.	499	292	564	512	326	388	298
peak_11383	chr4	23476603	23476955	.	353	148	146	184	244	262	160
peak_11384	chr4	23889856	23890207	.	352	198	436	364	334	422	290
peak_11385	chr4	23930733	23931305	.	573	258	420	426	520	670	414
peak_11386	chr4	24924241	24924682	.	442	144	218	216	208	380	288
peak_11387	chr4	25255631	25256091	.	461	184	238	232	348	322	288
peak_11388	chr4	25465364	25466324	.	961	358	760	814	786	976	726
peak_11389	chr4	25563050	25563445	.	396	182	226	240	228	256	212
peak_11390	chr4	26182825	26183538	.	714	244	392	340	410	536	344
peak_11391	chr4	31299017	31299450	.	434	100	200	206	388	432	266
peak_11392	chr4	33715932	33716435	.	504	204	390	378	618	826	556
peak_11393	chr4	36402409	36402701	.	293	120	130	140	238	256	178
peak_11394	chr4	36651207	36651634	.	428	214	294	320	504	666	444
peak_11395	chr4	36716895	36717294	.	400	60	116	140	270	258	148
peak_11396	chr4	36773461	36773792	.	332	188	290	266	422	540	414
peak_11397	chr4	37441341	37442016	.	676	510	892	662	1036	1194	752
peak_11398	chr4	37634861	37635611	.	751	248	356	462	564	674	500
peak_11399	chr4	37685776	37687087	.	1312	1150	4654	3808	1374	2268	1396
peak_11400	chr4	37767526	37767875	.	350	158	288	310	324	450	282
peak_11401	chr4	38160324	38161302	.	979	486	624	762	986	964	756
peak_11402	chr4	38314086	38315000	.	915	476	762	696	770	860	598
peak_11403	chr4	38529839	38530093	.	255	158	224	246	200	236	166
peak_11404	chr4	38586182	38586688	.	507	226	266	262	410	460	352
peak_11405	chr4	39042378	39042728	.	351	262	372	370	332	372	268
peak_11406	chr4	39706266	39706587	.	322	118	296	324	246	236	192
peak_11407	chr4	39803769	39804100	.	332	188	228	242	262	266	178
peak_11408	chr4	40576962	40577263	.	302	310	494	442	444	506	356
peak_11409	chr4	40827566	40828102	.	537	236	416	494	470	538	404
peak_11410	chr4	41888747	41889073	.	327	168	210	230	332	286	244
peak_11411	chr4	41912562	41912849	.	288	94	150	164	204	292	220
peak_11412	chr4	42391955	42392321	.	367	246	238	304	294	332	212
peak_11413	chr4	43394689	43395897	.	1209	432	672	646	870	1030	820
peak_11414	chr4	44462266	44462746	.	481	144	244	250	348	438	290
peak_11415	chr4	46212835	46213359	.	525	154	268	248	526	662	450
peak_11416	chr4	46294756	46295167	.	412	114	158	228	340	462	282
peak_11417	chr4	46492586	46492996	.	411	296	388	412	572	518	462
peak_11418	chr4	46732831	46733207	.	377	172	230	232	380	388	268
peak_11419	chr4	46773178	46773543	.	366	126	154	134	308	338	236
peak_11420	chr4	47373833	47374157	.	325	130	140	264	304	362	268
peak_11421	chr4	47659451	47659737	.	287	152	188	198	432	340	244
peak_11422	chr4	48204057	48204814	.	758	286	428	440	508	636	372
peak_11423	chr4	48385759	48386082	.	324	134	206	236	252	298	202
peak_11424	chr4	48651352	48651571	.	220	128	214	200	216	256	163
peak_11425	chr4	48909757	48910227	.	471	502	1020	1104	764	886	752
peak_11426	chr4	49063262	49063977	.	716	216	308	390	486	590	456
peak_11427	chr4	52560343	52561329	.	987	584	796	814	806	808	604
peak_11428	chr4	52643945	52644513	.	569	394	638	622	500	686	446
peak_11429	chr4	52713495	52714374	.	880	628	764	762	860	1026	614
peak_11430	chr4	53563853	53564454	.	602	420	826	802	804	1096	758
peak_11431	chr4	54377927	54378381	.	455	188	262	326	286	514	336
peak_11432	chr4	54497998	54498345	.	348	198	358	256	386	516	324
peak_11433	chr4	54546013	54546458	.	446	324	552	458	682	798	516
peak_11434	chr4	54586186	54587118	.	933	584	750	768	856	898	518
peak_11435	chr4	55062207	55062505	.	299	130	130	148	266	284	222
peak_11436	chr4	55184293	55184901	.	609	484	756	718	794	986	602
peak_11437	chr4	55203385	55203663	.	279	62	128	160	222	282	220
peak_11438	chr4	56330776	56331074	.	299	86	170	142	208	266	148
peak_11439	chr4	56467295	56468007	.	713	586	1242	1404	810	1060	656
peak_11440	chr4	56847004	56847898	.	895	630	1202	1194	1168	1566	1062
peak_11441	chr4	57112097	57112772	.	676	470	730	802	722	784	608
peak_11442	chr4	57491391	57491822	.	432	196	180	198	374	498	286
peak_11443	chr4	57822971	57823486	.	516	228	248	338	558	532	372
peak_11444	chr4	58165819	58166274	.	456	208	346	304	394	568	316
peak_11445	chr4	58215698	58216094	.	397	308	334	334	434	434	338
peak_11446	chr4	58587752	58588311	.	560	254	336	450	640	654	426
peak_11447	chr4	58948836	58949079	.	244	102	152	142	256	282	244
peak_11448	chr4	59517187	59518887	.	1701	770	1186	1186	726	854	598
peak_11449	chr4	60009179	60009575	.	397	152	168	144	264	308	272
peak_11450	chr4	61202556	61203601	.	1046	936	1370	1404	926	1110	724
peak_11451	chr4	61251184	61251463	.	280	152	212	216	288	254	238
peak_11452	chr4	65071637	65072306	.	670	356	622	560	832	1130	804
peak_11453	chr4	67106828	67107207	.	380	124	156	192	334	352	274
peak_11454	chr4	67484192	67484624	.	433	92	176	192	244	346	278
peak_11455	chr4	70050208	70050456	.	249	76	92	64	196	204	120
peak_11456	chr4	70688196	70688931	.	736	682	1316	1258	832	1120	670
peak_11457	chr4	70838823	70840071	.	1249	484	1198	1180	490	692	494
peak_11458	chr4	71602371	71603071	.	701	332	436	542	408	524	358
peak_11459	chr4	72112473	72112862	.	390	276	382	276	450	608	320
peak_11460	chr4	73609794	73610044	.	251	132	182	144	330	456	300
peak_11461	chr4	76809800	76810279	.	480	210	230	248	380	588	402
peak_11462	chr4	77501865	77502164	.	300	98	222	216	306	334	292
peak_11463	chr4	77505624	77506105	.	482	108	168	136	252	310	206
peak_11464	chr4	78839105	78839443	.	339	130	156	178	260	330	298
peak_11465	chr4	81412965	81413386	.	422	166	292	352	380	418	318
peak_11466	chr4	82710021	82710538	.	518	246	306	346	448	524	404
peak_11467	chr4	83012834	83013321	.	488	390	1300	1190	552	940	692
peak_11468	chr4	83033516	83033763	.	248	212	156	126	326	334	250
peak_11469	chr4	84747570	84747870	.	301	44	52	58	154	150	92
peak_11470	chr4	85681226	85681603	.	378	166	244	202	216	330	268
peak_11471	chr4	86401877	86402122	.	246	110	118	144	266	228	194
peak_11472	chr4	86918407	86919041	.	635	306	484	458	664	760	570
peak_11473	chr4	87038849	87039202	.	354	228	314	314	294	344	210
peak_11474	chr4	87391202	87391631	.	430	328	520	672	446	432	244
peak_11475	chr4	87422477	87423202	.	726	446	1096	1104	628	1028	630
peak_11476	chr4	87423668	87423935	.	268	244	236	278	322	258	154
peak_11477	chr4	87424953	87425559	.	607	250	280	324	258	256	172
peak_11478	chr4	87857741	87858130	.	390	198	292	244	428	522	348
peak_11479	chr4	88021850	88022168	.	319	96	196	166	248	272	204
peak_11480	chr4	88447264	88447709	.	446	190	314	364	414	548	382
peak_11481	chr4	89586391	89586686	.	296	118	150	172	288	280	234
peak_11482	chr4	89906759	89907125	.	367	54	104	104	236	208	148
peak_11483	chr4	91891299	91891740	.	442	122	154	136	276	296	206
peak_11484	chr4	93825844	93826183	.	340	172	248	328	234	368	272
peak_11485	chr4	95181594	95182010	.	417	256	426	400	394	512	392
peak_11486	chr4	98110120	98110647	.	528	290	306	362	482	768	500
peak_11487	chr4	98284625	98285002	.	378	300	438	506	536	702	406
peak_11488	chr4	98929065	98929496	.	432	390	830	708	498	758	448
peak_11489	chr4	99346764	99347028	.	265	110	176	180	208	226	222
peak_11490	chr4	99950053	99951075	.	1023	638	1754	1530	958	1446	860
peak_11491	chr4	102174540	102175148	.	609	436	632	608	732	1100	670
peak_11492	chr4	102217975	102218239	.	265	104	140	96	174	254	144
peak_11493	chr4	102734711	102735211	.	501	192	316	332	284	458	310
peak_11494	chr4	102826398	102828593	.	2196	1332	3828	3398	1902	2724	1736
peak_11495	chr4	103075353	103075826	.	474	218	196	222	378	418	304
peak_11496	chr4	103078866	103079303	.	438	146	182	160	300	274	236
peak_11497	chr4	107565971	107566197	.	227	108	136	128	216	206	176
peak_11498	chr4	108028884	108030621	.	1738	1026	1518	1544	1364	1398	1028
peak_11499	chr4	111199036	111199356	.	321	82	92	104	194	200	154
peak_11500	chr4	112231349	112232584	.	1236	608	1808	1918	942	1362	944
peak_11501	chr4	112722375	112722882	.	508	206	252	188	408	450	266
peak_11502	chr4	113468244	113468692	.	449	682	1164	856	726	954	652
peak_11503	chr4	113673494	113673738	.	245	74	142	118	216	218	140
peak_11504	chr4	114922007	114922435	.	429	222	296	332	370	568	304
peak_11505	chr4	116361644	116362229	.	586	384	490	522	534	834	522
peak_11506	chr4	117479615	117480062	.	448	190	304	314	284	340	256
peak_11507	chr4	118821702	118821864	.	163	38	86	56	122	150	128
peak_11508	chr4	118989127	118989861	.	735	466	716	756	634	946	560
peak_11509	chr4	121254886	121255467	.	582	154	192	226	338	312	224
peak_11510	chr4	122334927	122335422	.	496	214	360	350	416	508	370
peak_11511	chr4	123478748	123479300	.	553	306	454	464	422	482	338
peak_11512	chr4	123495555	123495945	.	391	128	138	162	284	324	262
peak_11513	chr4	123602807	123603387	.	581	84	176	152	300	278	242
peak_11514	chr4	125728663	125729006	.	344	142	326	366	276	276	222
peak_11515	chr4	128241376	128241814	.	439	184	334	346	396	554	420
peak_11516	chr4	128254419	128254847	.	429	154	190	200	316	424	352
peak_11517	chr4	128287137	128288736	.	1600	766	2704	2170	876	1524	984
peak_11518	chr4	128711540	128711826	.	287	94	138	172	188	308	156
peak_11519	chr4	129145394	129145668	.	275	76	112	118	146	176	114
peak_11520	chr4	135382125	135382615	.	491	90	204	208	270	334	202
peak_11521	chr4	138866535	138867009	.	475	180	298	320	276	340	206
peak_11522	chr4	139453113	139454538	.	1426	542	1230	1300	740	894	642
peak_11523	chr4	140250936	140251680	.	745	308	596	638	502	724	454
peak_11524	chr4	140296372	140296901	.	530	230	420	396	330	472	238
peak_11525	chr4	140488662	140488976	.	315	94	122	158	218	222	188
peak_11526	chr4	147577988	147578325	.	338	342	750	554	470	680	412
peak_11527	chr4	148442083	148443123	.	1041	600	1234	1084	670	886	572
peak_11528	chr4	149029191	149029557	.	367	122	186	172	162	226	188
peak_11529	chr4	150061220	150061666	.	447	130	124	188	270	348	288
peak_11530	chr4	151014976	151016455	.	1480	548	874	1150	404	656	388
peak_11531	chr4	151676437	151676695	.	259	196	272	270	200	242	220
peak_11532	chr4	151806552	151806865	.	314	198	376	242	242	326	176
peak_11533	chr4	152999397	152999812	.	416	168	232	290	230	290	244
peak_11534	chr4	154073208	154073930	.	723	306	394	308	462	798	478
peak_11535	chr4	154082903	154083437	.	535	268	372	308	376	452	260
peak_11536	chr4	154707906	154708226	.	321	116	252	204	242	308	216
peak_11537	chr4	155722783	155723092	.	310	66	96	78	182	202	128
peak_11538	chr4	158210176	158210653	.	478	194	536	590	346	522	394
peak_11539	chr4	158805620	158805962	.	343	214	182	230	314	442	364
peak_11540	chr4	159395505	159396031	.	527	162	236	172	298	368	208
peak_11541	chr4	161546892	161547261	.	370	130	160	186	284	240	172
peak_11542	chr4	164467412	164467784	.	373	112	214	212	288	342	254
peak_11543	chr4	170979023	170979409	.	387	180	306	296	254	256	224
peak_11544	chr4	172982219	172982643	.	425	198	386	454	450	772	512
peak_11545	chr4	174314843	174315102	.	260	98	160	132	220	234	158
peak_11546	chr4	174977675	174978107	.	433	206	418	500	428	692	566
peak_11547	chr4	176545854	176546195	.	342	98	126	174	256	304	166
peak_11548	chr4	177762382	177762800	.	419	86	116	140	270	268	208
peak_11549	chr4	178297818	178298125	.	308	64	92	112	162	208	136
peak_11550	chr4	182813604	182814371	.	768	328	448	480	396	380	302
peak_11551	chr4	183412836	183413655	.	820	406	594	600	552	594	412
peak_11552	chr4	184247480	184247743	.	264	128	152	154	164	172	126
peak_11553	chr4	184344953	184345562	.	610	184	362	442	368	400	268
peak_11554	chr4	184792994	184793345	.	352	288	424	442	378	494	368
peak_11555	chr4	184824999	184826725	.	1727	400	696	794	414	544	402
peak_11556	chr4	185305891	185306408	.	518	186	386	280	436	552	324
peak_11557	chr4	186513565	186514529	.	965	404	660	674	704	974	622
peak_11558	chr4	186845184	186845575	.	392	170	324	330	320	472	362
peak_11559	chr4	188159350	188159892	.	543	304	552	434	366	432	304
peak_11560	chr5	142062	143109	.	1048	412	558	554	714	804	568
peak_11561	chr5	173287	173884	.	598	262	422	386	324	388	326
peak_11562	chr5	342542	343139	.	598	292	468	510	454	508	326
peak_11563	chr5	369137	369699	.	563	216	474	522	418	560	332
peak_11564	chr5	418690	419148	.	459	262	522	422	414	686	502
peak_11565	chr5	537186	540818	.	3633	1370	2416	2704	982	1224	996
peak_11566	chr5	657528	657905	.	378	106	192	278	214	252	184
peak_11567	chr5	912263	912949	.	687	424	758	824	518	722	546
peak_11568	chr5	923501	924419	.	919	384	736	682	578	744	450
peak_11569	chr5	1003462	1004589	.	1128	466	954	834	524	844	416
peak_11570	chr5	1107378	1108342	.	965	358	616	718	526	650	414
peak_11571	chr5	1185685	1187861	.	2177	748	1322	1356	590	668	556
peak_11572	chr5	1191991	1192231	.	241	162	166	226	226	236	190
peak_11573	chr5	1211349	1211695	.	347	226	254	242	254	238	190
peak_11574	chr5	1220925	1222073	.	1149	420	844	930	706	756	626
peak_11575	chr5	1288601	1289384	.	784	226	466	520	362	454	380
peak_11576	chr5	1385482	1387696	.	2215	862	1772	1828	848	1172	796
peak_11577	chr5	1390765	1391416	.	652	292	558	622	452	478	346
peak_11578	chr5	1391510	1392223	.	714	386	700	662	368	584	404
peak_11579	chr5	1399584	1402257	.	2674	1210	2206	2498	1166	1604	1152
peak_11580	chr5	1505595	1506150	.	556	296	570	576	548	668	486
peak_11581	chr5	1511604	1512862	.	1259	684	982	1090	726	882	632
peak_11582	chr5	1516110	1516543	.	434	244	394	378	380	504	364
peak_11583	chr5	1563804	1564665	.	862	368	820	794	484	660	476
peak_11584	chr5	1666859	1667264	.	406	232	328	490	136	196	156
peak_11585	chr5	1764877	1765869	.	993	334	406	356	262	230	192
peak_11586	chr5	1951358	1952095	.	738	248	394	460	360	418	274
peak_11587	chr5	1959201	1959618	.	418	240	306	418	360	426	324
peak_11588	chr5	2012971	2013711	.	741	392	610	628	458	424	276
peak_11589	chr5	2030212	2030591	.	380	118	156	142	176	248	202
peak_11590	chr5	2143805	2144337	.	533	256	332	382	280	308	260
peak_11591	chr5	2166601	2167340	.	740	478	832	946	722	804	738
peak_11592	chr5	2186826	2187752	.	927	224	382	470	468	510	322
peak_11593	chr5	2223428	2223705	.	278	176	172	186	270	250	220
peak_11594	chr5	2249062	2249690	.	629	328	406	488	538	642	454
peak_11595	chr5	2511060	2511747	.	688	336	540	624	460	640	448
peak_11596	chr5	2574349	2575015	.	667	266	308	296	416	548	368
peak_11597	chr5	2628597	2629251	.	655	314	520	636	396	618	354
peak_11598	chr5	2705595	2706287	.	693	204	490	432	304	346	272
peak_11599	chr5	2732457	2733304	.	848	440	536	618	662	714	486
peak_11600	chr5	2996237	2996548	.	312	128	384	334	158	236	178
peak_11601	chr5	3105444	3106102	.	659	398	566	482	464	516	400
peak_11602	chr5	3258174	3258461	.	288	116	290	256	262	302	254
peak_11603	chr5	3340203	3340847	.	645	278	502	504	358	452	286
peak_11604	chr5	3480991	3481506	.	516	238	294	306	244	272	198
peak_11605	chr5	3542267	3542624	.	358	102	262	242	222	246	230
peak_11606	chr5	4586164	4586721	.	558	180	196	246	306	332	304
peak_11607	chr5	4875839	4877121	.	1283	664	1096	1076	1022	1314	952
peak_11608	chr5	4882074	4882722	.	649	258	468	494	354	506	324
peak_11609	chr5	5025597	5026762	.	1166	532	1046	926	748	878	498
peak_11610	chr5	5126569	5126822	.	254	318	606	476	438	530	446
peak_11611	chr5	5409111	5409972	.	862	396	660	670	762	876	714
peak_11612	chr5	5416800	5418407	.	1608	532	866	976	676	756	500
peak_11613	chr5	5629634	5629915	.	282	80	136	148	188	142	176
peak_11614	chr5	5630514	5631030	.	517	152	210	248	320	394	260
peak_11615	chr5	5888311	5888723	.	413	100	144	146	242	256	190
peak_11616	chr5	6097764	6098027	.	264	84	168	138	188	196	148
peak_11617	chr5	6175285	6175733	.	449	186	276	216	314	368	218
peak_11618	chr5	6181130	6181614	.	485	236	452	464	296	346	268
peak_11619	chr5	6396381	6396970	.	590	252	266	374	396	394	276
peak_11620	chr5	6478678	6479133	.	456	228	350	396	338	388	348
peak_11621	chr5	6574537	6575008	.	472	334	636	584	580	810	560
peak_11622	chr5	6715922	6717117	.	1196	636	1012	886	882	834	692
peak_11623	chr5	6766454	6767081	.	628	240	724	836	366	544	396
peak_11624	chr5	6818667	6819253	.	587	284	308	290	380	384	248
peak_11625	chr5	7321551	7322265	.	715	492	850	802	834	1118	834
peak_11626	chr5	7742180	7742743	.	564	316	358	400	406	564	290
peak_11627	chr5	8517319	8517742	.	424	208	484	478	324	546	332
peak_11628	chr5	8843018	8843451	.	434	170	296	398	306	408	282
peak_11629	chr5	8843771	8844264	.	494	180	328	374	348	498	306
peak_11630	chr5	8981158	8981785	.	628	268	312	386	388	412	388
peak_11631	chr5	9156312	9156862	.	551	144	268	296	366	384	312
peak_11632	chr5	9156988	9157788	.	801	486	754	756	740	876	632
peak_11633	chr5	9914358	9914902	.	545	180	214	200	388	446	286
peak_11634	chr5	9924675	9925113	.	439	90	232	328	318	376	248
peak_11635	chr5	10171005	10171616	.	612	218	278	344	364	476	366
peak_11636	chr5	10268863	10269646	.	784	240	356	342	376	468	326
peak_11637	chr5	10311250	10311466	.	217	94	118	84	142	144	158
peak_11638	chr5	10311723	10312057	.	335	144	186	202	182	164	146
peak_11639	chr5	10452852	10453333	.	482	234	396	364	334	388	224
peak_11640	chr5	10454457	10455671	.	1215	564	1030	1050	842	972	604
peak_11641	chr5	10504032	10504452	.	421	182	214	206	346	358	278
peak_11642	chr5	10556243	10556885	.	643	424	688	564	414	502	342
peak_11643	chr5	10565673	10566403	.	731	336	576	638	558	720	452
peak_11644	chr5	10601198	10602046	.	849	322	614	570	546	754	424
peak_11645	chr5	11157276	11158010	.	735	230	294	402	378	386	290
peak_11646	chr5	11981939	11982399	.	461	70	102	126	224	264	194
peak_11647	chr5	12095961	12096384	.	424	130	180	192	302	372	320
peak_11648	chr5	14449247	14449681	.	435	466	728	670	600	570	442
peak_11649	chr5	14501370	14501969	.	600	286	440	422	384	518	418
peak_11650	chr5	14503107	14503594	.	488	262	606	660	564	758	564
peak_11651	chr5	14672083	14672391	.	309	174	194	186	274	310	234
peak_11652	chr5	14682021	14682277	.	257	120	114	148	212	198	154
peak_11653	chr5	15471152	15471572	.	421	166	188	152	336	480	326
peak_11654	chr5	15634853	15635330	.	478	248	314	330	426	624	378
peak_11655	chr5	16051278	16051581	.	304	100	224	242	260	338	264
peak_11656	chr5	16455742	16456451	.	710	318	650	500	832	1074	556
peak_11657	chr5	16539009	16539758	.	750	642	1178	1298	964	1164	852
peak_11658	chr5	16569358	16569893	.	536	358	492	496	434	608	292
peak_11659	chr5	16578455	16579522	.	1068	358	584	540	692	866	552
peak_11660	chr5	16580536	16581458	.	923	396	698	736	842	1050	704
peak_11661	chr5	16593099	16593386	.	288	176	220	268	372	348	260
peak_11662	chr5	16597476	16598699	.	1224	706	1094	1214	796	1016	738
peak_11663	chr5	16604462	16604740	.	279	156	224	190	222	266	224
peak_11664	chr5	16871285	16871600	.	316	202	300	314	318	412	284
peak_11665	chr5	16949196	16950062	.	867	628	756	894	982	1078	870
peak_11666	chr5	17180932	17181590	.	659	486	822	900	778	970	740
peak_11667	chr5	17189812	17190741	.	930	552	724	712	900	850	596
peak_11668	chr5	17895701	17896070	.	370	148	180	114	356	336	236
peak_11669	chr5	18792029	18792792	.	764	564	1238	956	858	1258	832
peak_11670	chr5	20505818	20506694	.	877	482	534	580	704	826	474
peak_11671	chr5	20660548	20661258	.	711	326	544	528	966	1182	792
peak_11672	chr5	20856221	20856529	.	309	100	78	76	202	242	172
peak_11673	chr5	21145246	21145731	.	486	176	246	258	422	586	408
peak_11674	chr5	23257723	23257995	.	273	122	180	164	240	274	202
peak_11675	chr5	30959176	30959629	.	454	134	228	266	384	446	324
peak_11676	chr5	31678145	31678557	.	413	220	362	436	298	356	278
peak_11677	chr5	31688425	31688758	.	334	170	214	212	254	304	286
peak_11678	chr5	31733383	31733717	.	335	194	288	268	362	470	362
peak_11679	chr5	31944646	31945038	.	393	84	226	242	186	348	206
peak_11680	chr5	32640026	32640551	.	526	182	302	396	368	454	328
peak_11681	chr5	32768029	32768729	.	701	432	700	746	766	976	794
peak_11682	chr5	33049210	33050790	.	1581	1042	1782	1906	1208	1372	1004
peak_11683	chr5	33237468	33237876	.	409	116	142	98	268	232	202
peak_11684	chr5	33733646	33734200	.	555	144	244	272	266	332	198
peak_11685	chr5	34124362	34124733	.	372	56	146	164	184	282	158
peak_11686	chr5	34484721	34485247	.	527	234	372	400	360	472	322
peak_11687	chr5	34489100	34489855	.	756	408	600	608	568	618	464
peak_11688	chr5	34914749	34915773	.	1025	340	912	1012	462	538	482
peak_11689	chr5	36431839	36432630	.	792	440	494	562	744	824	608
peak_11690	chr5	36680080	36680477	.	398	162	228	240	334	450	278
peak_11691	chr5	36691863	36692390	.	528	256	266	286	428	422	324
peak_11692	chr5	36887608	36887869	.	262	142	254	140	440	480	390
peak_11693	chr5	37696375	37696868	.	494	212	242	252	398	404	296
peak_11694	chr5	37722832	37723205	.	374	194	382	334	536	506	442
peak_11695	chr5	37723459	37724017	.	559	288	356	464	562	736	432
peak_11696	chr5	38078903	38079419	.	517	348	472	552	600	780	544
peak_11697	chr5	38199860	38200471	.	612	342	324	416	592	502	382
peak_11698	chr5	38465764	38467583	.	1820	1054	1734	1746	1272	1266	982
peak_11699	chr5	38468185	38468796	.	612	708	1110	1094	1054	1238	936
peak_11700	chr5	38719840	38720372	.	533	220	458	456	680	840	528
peak_11701	chr5	39216721	39216979	.	259	98	160	170	248	268	202
peak_11702	chr5	39238760	39239036	.	277	134	158	142	342	326	214
peak_11703	chr5	39272056	39272492	.	437	470	720	586	766	816	508
peak_11704	chr5	39501846	39502280	.	435	284	524	510	674	710	550
peak_11705	chr5	40224156	40224397	.	242	400	806	554	582	772	420
peak_11706	chr5	40446925	40447299	.	375	238	298	246	458	594	356
peak_11707	chr5	40486510	40486910	.	401	258	336	328	496	600	420
peak_11708	chr5	40831918	40832284	.	367	162	180	252	444	554	320
peak_11709	chr5	41037458	41037798	.	341	142	178	206	260	334	224
peak_11710	chr5	41748675	41749040	.	366	92	128	154	356	414	282
peak_11711	chr5	42375150	42375780	.	631	246	308	348	572	652	450
peak_11712	chr5	42665575	42666157	.	583	144	234	182	360	558	310
peak_11713	chr5	42689267	42689709	.	443	272	372	384	580	622	456
peak_11714	chr5	42887109	42887584	.	476	302	600	572	672	722	562
peak_11715	chr5	42903376	42904204	.	829	482	678	768	736	654	592
peak_11716	chr5	43120404	43121862	.	1459	984	2326	2502	1148	1600	1110
peak_11717	chr5	43281415	43282364	.	950	426	728	808	952	1200	826
peak_11718	chr5	43312790	43313877	.	1088	1496	3442	3300	1870	2516	1636
peak_11719	chr5	43985434	43985778	.	345	282	428	358	448	770	530
peak_11720	chr5	44399435	44400081	.	647	194	276	322	460	628	334
peak_11721	chr5	45018344	45018668	.	325	134	188	188	288	278	194
peak_11722	chr5	50807620	50808056	.	437	204	214	248	522	644	410
peak_11723	chr5	52800538	52801058	.	521	434	740	820	532	740	418
peak_11724	chr5	53008724	53009097	.	374	166	370	304	360	564	404
peak_11725	chr5	53019377	53019769	.	393	116	208	328	274	296	216
peak_11726	chr5	54360087	54360447	.	361	294	442	508	494	512	368
peak_11727	chr5	54430607	54431211	.	605	232	350	378	490	504	276
peak_11728	chr5	54644232	54644858	.	627	640	940	832	886	1264	832
peak_11729	chr5	54658068	54658355	.	288	200	238	328	296	346	264
peak_11730	chr5	54718540	54718961	.	422	274	418	378	398	552	342
peak_11731	chr5	54901244	54901946	.	703	392	652	850	610	760	548
peak_11732	chr5	55902816	55903643	.	828	442	792	752	598	672	538
peak_11733	chr5	55978021	55978560	.	540	204	350	344	512	576	370
peak_11734	chr5	56974171	56974567	.	397	178	204	298	378	354	308
peak_11735	chr5	57031544	57032610	.	1067	546	772	864	900	838	714
peak_11736	chr5	57085526	57086057	.	532	232	304	282	282	396	250
peak_11737	chr5	57441553	57441861	.	309	198	326	280	346	366	272
peak_11738	chr5	57442533	57442841	.	309	304	440	354	510	658	466
peak_11739	chr5	57663505	57663767	.	263	70	96	116	176	176	160
peak_11740	chr5	57713386	57713993	.	608	216	308	324	612	638	402
peak_11741	chr5	59792850	59793339	.	490	172	302	314	386	430	328
peak_11742	chr5	59840090	59840569	.	480	202	270	304	342	422	272
peak_11743	chr5	60945352	60945950	.	599	392	724	766	484	702	414
peak_11744	chr5	61304514	61305228	.	715	462	606	732	652	744	544
peak_11745	chr5	61313991	61314234	.	244	154	438	262	310	396	266
peak_11746	chr5	61790545	61790970	.	426	158	260	308	296	362	294
peak_11747	chr5	61807987	61808428	.	442	132	82	80	302	240	190
peak_11748	chr5	61881313	61882040	.	728	374	456	624	524	566	408
peak_11749	chr5	61910415	61911088	.	674	162	254	264	404	676	418
peak_11750	chr5	62145349	62145816	.	468	112	180	138	330	406	252
peak_11751	chr5	64819457	64819879	.	423	104	150	162	258	372	220
peak_11752	chr5	65121926	65122274	.	349	114	172	152	224	308	210
peak_11753	chr5	65692879	65693210	.	332	84	234	252	326	468	266
peak_11754	chr5	65931872	65932280	.	409	88	200	140	222	272	144
peak_11755	chr5	66770266	66770725	.	460	330	492	452	416	620	444
peak_11756	chr5	68265427	68265729	.	303	152	202	180	190	216	180
peak_11757	chr5	68434004	68434592	.	589	540	1238	1018	672	992	668
peak_11758	chr5	68544934	68545334	.	401	246	338	358	344	344	256
peak_11759	chr5	68984151	68984468	.	318	82	128	118	164	258	156
peak_11760	chr5	69336055	69336659	.	605	400	640	724	574	844	648
peak_11761	chr5	71388304	71388607	.	304	88	106	106	186	226	156
peak_11762	chr5	71586991	71588097	.	1107	574	1164	1112	770	830	560
peak_11763	chr5	71891715	71892275	.	561	252	540	520	476	560	330
peak_11764	chr5	71892623	71893119	.	497	246	410	434	342	428	356
peak_11765	chr5	72661383	72661685	.	303	268	376	356	312	266	240
peak_11766	chr5	73160815	73161195	.	381	146	182	188	194	214	146
peak_11767	chr5	73448221	73449160	.	940	480	992	910	656	682	578
peak_11768	chr5	73454230	73454684	.	455	244	428	346	436	596	386
peak_11769	chr5	75601716	75602378	.	663	188	204	258	380	540	362
peak_11770	chr5	76805880	76806430	.	551	324	478	444	532	580	390
peak_11771	chr5	77367779	77368074	.	296	60	152	122	164	204	148
peak_11772	chr5	77782986	77783193	.	208	102	118	104	204	186	178
peak_11773	chr5	78534343	78534707	.	365	152	266	330	224	256	142
peak_11774	chr5	79346566	79346873	.	308	74	218	216	234	308	242
peak_11775	chr5	80399457	80399916	.	460	130	250	280	374	574	396
peak_11776	chr5	85452992	85453263	.	272	76	184	138	200	348	210
peak_11777	chr5	87524388	87524691	.	304	60	112	78	184	254	134
peak_11778	chr5	88251110	88251425	.	316	98	188	90	226	370	170
peak_11779	chr5	95632103	95632715	.	613	206	354	346	622	632	480
peak_11780	chr5	95673163	95673449	.	287	88	158	172	200	264	206
peak_11781	chr5	95739934	95740256	.	323	112	134	156	164	318	198
peak_11782	chr5	95817342	95817787	.	446	132	328	292	194	294	236
peak_11783	chr5	95843016	95843598	.	583	270	446	454	328	470	336
peak_11784	chr5	96822744	96823313	.	570	188	308	368	444	542	362
peak_11785	chr5	106397694	106398009	.	316	240	510	450	452	594	430
peak_11786	chr5	108720421	108720838	.	418	184	228	216	366	538	350
peak_11787	chr5	109308427	109308769	.	343	98	164	278	242	320	228
peak_11788	chr5	109553921	109554250	.	330	38	86	128	180	180	162
peak_11789	chr5	109900916	109901423	.	508	136	210	278	326	312	272
peak_11790	chr5	110845309	110845572	.	264	78	144	156	290	278	174
peak_11791	chr5	111550108	111550931	.	824	656	912	948	876	860	618
peak_11792	chr5	111676913	111677297	.	385	342	432	422	550	766	428
peak_11793	chr5	112172858	112173438	.	581	224	244	322	470	484	288
peak_11794	chr5	113039236	113039900	.	665	408	594	748	544	666	486
peak_11795	chr5	113047301	113047683	.	383	464	762	658	634	750	458
peak_11796	chr5	113093592	113093901	.	310	104	178	204	274	266	220
peak_11797	chr5	113612917	113613720	.	804	414	694	732	814	1130	722
peak_11798	chr5	113738094	113738380	.	287	94	146	148	188	244	202
peak_11799	chr5	113922358	113922753	.	396	154	282	250	410	562	408
peak_11800	chr5	114237824	114238153	.	330	178	292	386	464	624	388
peak_11801	chr5	114325522	114325906	.	385	170	244	272	326	488	324
peak_11802	chr5	114419850	114420220	.	371	80	152	220	246	390	298
peak_11803	chr5	115414320	115414833	.	514	406	626	528	780	818	528
peak_11804	chr5	115414906	115415478	.	573	720	1320	1266	1116	1442	1054
peak_11805	chr5	115419755	115420082	.	328	218	482	400	530	586	434
peak_11806	chr5	115776083	115776404	.	322	232	168	240	286	310	214
peak_11807	chr5	116544946	116545361	.	416	104	132	98	226	260	182
peak_11808	chr5	116858404	116859042	.	639	184	288	312	522	496	370
peak_11809	chr5	118405690	118406144	.	455	178	490	560	352	344	288
peak_11810	chr5	119032616	119032962	.	347	210	316	360	352	428	290
peak_11811	chr5	119070432	119071847	.	1416	1292	2616	2692	1636	2138	1536
peak_11812	chr5	119315559	119315845	.	287	166	308	322	294	338	260
peak_11813	chr5	119643587	119644272	.	686	264	290	292	442	500	412
peak_11814	chr5	120457910	120458538	.	629	438	700	670	612	770	558
peak_11815	chr5	122098788	122099692	.	905	600	792	780	686	724	516
peak_11816	chr5	122233752	122234046	.	295	94	82	108	182	264	154
peak_11817	chr5	122943269	122943836	.	568	288	472	340	420	542	380
peak_11818	chr5	124628739	124629651	.	913	700	1444	1412	808	1230	762
peak_11819	chr5	124930395	124930896	.	502	206	200	228	384	416	302
peak_11820	chr5	125433565	125433976	.	412	66	126	106	272	266	200
peak_11821	chr5	126776552	126778883	.	2332	1214	3342	3206	1624	2156	1402
peak_11822	chr5	127515374	127515830	.	457	170	296	280	440	512	404
peak_11823	chr5	127517122	127517507	.	386	368	482	584	418	658	412
peak_11824	chr5	127875596	127875963	.	368	300	598	400	336	356	274
peak_11825	chr5	128179469	128179813	.	345	184	258	226	460	430	302
peak_11826	chr5	128199148	128199663	.	516	204	246	268	338	448	322
peak_11827	chr5	128200033	128200430	.	398	122	258	266	430	484	340
peak_11828	chr5	129094194	129095865	.	1672	830	1848	1816	818	1252	734
peak_11829	chr5	129114953	129115165	.	213	104	108	96	304	238	172
peak_11830	chr5	130652275	130652652	.	378	156	268	250	366	558	368
peak_11831	chr5	130715425	130715923	.	499	236	360	430	672	760	572
peak_11832	chr5	130825977	130826461	.	485	140	222	230	322	418	268
peak_11833	chr5	131964664	131965276	.	613	386	520	626	496	566	530
peak_11834	chr5	131984244	131985601	.	1358	1070	1816	1890	1088	1270	896
peak_11835	chr5	131986083	131986530	.	448	350	686	696	426	476	398
peak_11836	chr5	131987037	131988518	.	1482	1092	1874	2072	1150	1568	1090
peak_11837	chr5	132000071	132000835	.	765	586	822	760	612	716	464
peak_11838	chr5	132004048	132004666	.	619	376	606	626	548	612	450
peak_11839	chr5	132007470	132010410	.	2941	1642	2382	2384	1410	1306	984
peak_11840	chr5	132011778	132013577	.	1800	1462	2578	3126	1940	2506	1782
peak_11841	chr5	132049841	132050536	.	696	568	912	948	914	990	628
peak_11842	chr5	132058884	132061076	.	2193	1278	2334	2346	1082	1294	910
peak_11843	chr5	132064731	132065649	.	919	672	1644	1688	952	1482	1104
peak_11844	chr5	132068276	132069974	.	1699	774	1300	1324	488	458	324
peak_11845	chr5	132078251	132078962	.	712	702	1188	1202	654	814	612
peak_11846	chr5	132094252	132095949	.	1698	1488	3464	3184	1860	1950	1534
peak_11847	chr5	132225307	132225984	.	678	546	852	916	726	904	636
peak_11848	chr5	132237135	132237885	.	751	438	594	770	390	434	326
peak_11849	chr5	132257697	132259914	.	2218	1392	2522	2754	1452	1726	1372
peak_11850	chr5	132259988	132260612	.	625	632	1136	1146	814	944	668
peak_11851	chr5	132260756	132261540	.	785	630	1208	1148	650	810	514
peak_11852	chr5	132261901	132262925	.	1025	650	888	896	398	442	288
peak_11853	chr5	132263692	132264235	.	544	420	942	920	434	632	450
peak_11854	chr5	132267921	132268812	.	892	706	1486	1480	674	820	528
peak_11855	chr5	132283359	132284095	.	737	434	718	832	852	996	642
peak_11856	chr5	132294865	132296129	.	1265	828	1558	1472	808	1010	706
peak_11857	chr5	132313785	132314527	.	743	480	584	650	376	350	242
peak_11858	chr5	132318394	132319066	.	673	460	586	746	462	514	460
peak_11859	chr5	132406287	132406754	.	468	210	354	372	404	496	366
peak_11860	chr5	132417927	132418436	.	510	182	280	344	476	520	370
peak_11861	chr5	132426374	132427059	.	686	606	962	1052	594	748	572
peak_11862	chr5	132451410	132451991	.	582	258	412	448	396	520	358
peak_11863	chr5	132481608	132482051	.	444	460	588	742	864	986	668
peak_11864	chr5	132527062	132527548	.	487	330	530	506	560	558	474
peak_11865	chr5	132688006	132688374	.	369	266	434	418	322	366	270
peak_11866	chr5	132768239	132768879	.	641	398	556	594	602	574	426
peak_11867	chr5	132775020	132775793	.	774	596	898	828	772	880	668
peak_11868	chr5	132866062	132867378	.	1317	1054	2300	2330	1412	1854	1218
peak_11869	chr5	133114539	133115283	.	745	620	998	1160	736	778	542
peak_11870	chr5	133140399	133140723	.	325	314	552	596	382	450	340
peak_11871	chr5	133220722	133221370	.	649	364	550	646	574	628	466
peak_11872	chr5	133243597	133245818	.	2222	1500	2406	2508	1696	1858	1358
peak_11873	chr5	133264841	133267982	.	3142	2060	3880	4028	1926	2206	1430
peak_11874	chr5	133277598	133279088	.	1491	1298	1854	1794	1378	1342	1078
peak_11875	chr5	133285515	133286168	.	654	726	1344	1456	1062	1316	1028
peak_11876	chr5	133290023	133291899	.	1877	1140	2068	2134	822	902	604
peak_11877	chr5	133297249	133297757	.	509	420	856	762	740	964	730
peak_11878	chr5	133302893	133304130	.	1238	1256	2150	2156	1072	1380	926
peak_11879	chr5	133304767	133305311	.	545	290	392	440	332	496	300
peak_11880	chr5	133308519	133308944	.	426	374	464	404	446	436	348
peak_11881	chr5	133312612	133313573	.	962	646	898	962	780	876	696
peak_11882	chr5	133314003	133314725	.	723	782	1202	1330	590	766	528
peak_11883	chr5	133316301	133316741	.	441	362	516	578	492	584	332
peak_11884	chr5	133322705	133323756	.	1052	768	1218	1146	616	782	482
peak_11885	chr5	133334653	133335547	.	895	550	956	1016	418	374	348
peak_11886	chr5	133350141	133350487	.	347	318	546	432	420	480	308
peak_11887	chr5	133363620	133364645	.	1026	722	1324	1262	906	1312	884
peak_11888	chr5	133409156	133409862	.	707	654	1076	1190	784	906	646
peak_11889	chr5	133423572	133424844	.	1273	1078	1882	1686	1576	1860	1164
peak_11890	chr5	133466619	133467833	.	1215	872	1430	1590	1112	1226	790
peak_11891	chr5	133467960	133468854	.	895	582	936	1102	584	746	498
peak_11892	chr5	133472759	133473609	.	851	512	782	956	876	1034	610
peak_11893	chr5	133486920	133488018	.	1099	812	1404	1446	1232	1282	1008
peak_11894	chr5	133502276	133502753	.	478	380	604	602	480	596	466
peak_11895	chr5	133579883	133581097	.	1215	612	842	952	334	322	308
peak_11896	chr5	133627200	133627559	.	360	208	378	342	530	892	518
peak_11897	chr5	133662656	133662996	.	341	256	544	572	408	544	388
peak_11898	chr5	133664134	133664729	.	596	374	766	674	656	756	650
peak_11899	chr5	133688655	133689056	.	402	216	400	382	354	380	272
peak_11900	chr5	133706539	133707332	.	794	482	450	664	536	594	446
peak_11901	chr5	133799153	133800144	.	992	480	1002	998	658	680	502
peak_11902	chr5	133817666	133818282	.	617	222	338	280	450	530	382
peak_11903	chr5	133863735	133864487	.	753	570	658	774	394	330	340
peak_11904	chr5	133878080	133878825	.	746	462	704	654	692	888	522
peak_11905	chr5	133898792	133900090	.	1299	500	912	954	514	604	434
peak_11906	chr5	133903712	133907648	.	3937	1828	3222	3336	1636	1766	1220
peak_11907	chr5	133933847	133934670	.	824	586	1118	1152	576	774	396
peak_11908	chr5	133992396	133992954	.	559	258	316	416	350	440	310
peak_11909	chr5	134018092	134019040	.	949	380	644	730	770	896	646
peak_11910	chr5	134058576	134059399	.	824	444	712	932	626	750	560
peak_11911	chr5	134101593	134102178	.	586	416	714	822	504	800	518
peak_11912	chr5	134125057	134125986	.	930	456	884	998	518	580	478
peak_11913	chr5	134138431	134139685	.	1255	638	1022	1062	436	506	410
peak_11914	chr5	134255499	134256177	.	679	352	636	620	612	996	624
peak_11915	chr5	134267321	134267862	.	542	230	270	286	388	492	280
peak_11916	chr5	134435345	134435934	.	590	488	602	608	406	476	316
peak_11917	chr5	134436254	134437116	.	863	572	1094	1232	654	966	650
peak_11918	chr5	134457950	134458678	.	729	386	800	820	398	536	310
peak_11919	chr5	134465197	134467184	.	1988	1018	1916	1890	998	1146	870
peak_11920	chr5	134511088	134512695	.	1608	790	1314	1482	600	720	470
peak_11921	chr5	134550371	134551093	.	723	460	678	672	652	870	526
peak_11922	chr5	134553653	134555640	.	1988	1096	1996	2102	1088	1264	862
peak_11923	chr5	134585891	134587491	.	1601	738	1166	1256	472	544	382
peak_11924	chr5	134738231	134738608	.	378	633	1804	1406	736	1108	754
peak_11925	chr5	134738737	134739679	.	943	572	672	582	518	500	310
peak_11926	chr5	135009793	135011139	.	1347	546	904	928	534	584	452
peak_11927	chr5	135047426	135047869	.	444	232	384	454	318	428	322
peak_11928	chr5	135062099	135065761	.	3663	1404	2322	2444	1002	994	788
peak_11929	chr5	135130906	135131947	.	1042	650	1300	1396	774	1094	674
peak_11930	chr5	135132852	135133924	.	1073	652	1142	1128	750	776	580
peak_11931	chr5	135155093	135155468	.	376	172	248	318	274	450	308
peak_11932	chr5	135176199	135178737	.	2539	974	1646	1770	744	770	580
peak_11933	chr5	135241980	135242696	.	717	458	758	748	578	628	524
peak_11934	chr5	135242899	135244039	.	1141	828	1150	1286	1174	1374	1038
peak_11935	chr5	135246745	135247887	.	1143	814	1570	1296	870	1088	766
peak_11936	chr5	135327821	135328505	.	685	364	716	820	608	980	668
peak_11937	chr5	135438022	135438551	.	530	516	926	882	572	774	588
peak_11938	chr5	135482239	135482692	.	454	266	490	496	304	298	286
peak_11939	chr5	135529560	135529876	.	317	146	174	160	230	304	194
peak_11940	chr5	135549454	135551118	.	1665	1024	1790	1764	1304	1612	1058
peak_11941	chr5	135552933	135553490	.	558	326	582	634	526	496	350
peak_11942	chr5	135565771	135566255	.	485	246	398	400	400	450	314
peak_11943	chr5	135697321	135698461	.	1141	710	1234	1272	896	1042	740
peak_11944	chr5	135814174	135814927	.	754	434	728	812	710	930	704
peak_11945	chr5	135820831	135821981	.	1151	652	1118	1296	1008	1306	1044
peak_11946	chr5	136032604	136032851	.	248	92	150	158	206	206	162
peak_11947	chr5	136230812	136231287	.	476	192	228	356	354	378	296
peak_11948	chr5	136232068	136232687	.	620	284	386	412	490	682	512
peak_11949	chr5	137027722	137028323	.	602	154	402	386	350	480	396
peak_11950	chr5	137077204	137077850	.	647	400	634	590	524	566	406
peak_11951	chr5	137142432	137143464	.	1033	594	894	1042	794	932	618
peak_11952	chr5	137195483	137196024	.	542	228	358	378	394	438	332
peak_11953	chr5	137471569	137472027	.	459	206	304	342	298	254	234
peak_11954	chr5	138331220	138332145	.	926	714	1908	1286	692	838	530
peak_11955	chr5	138574925	138575985	.	1061	814	2084	1952	950	1298	814
peak_11956	chr5	138654217	138654953	.	737	442	882	754	684	942	626
peak_11957	chr5	138668418	138668820	.	403	150	336	406	344	376	238
peak_11958	chr5	139225749	139226583	.	835	346	482	576	632	750	524
peak_11959	chr5	139458885	139459197	.	313	218	366	458	288	288	236
peak_11960	chr5	139652214	139652712	.	499	410	772	694	678	988	584
peak_11961	chr5	139661061	139661840	.	780	438	1014	950	578	814	604
peak_11962	chr5	139670255	139671957	.	1703	718	1102	1172	578	744	502
peak_11963	chr5	139685968	139686969	.	1002	626	1130	1104	876	980	770
peak_11964	chr5	139690525	139690861	.	337	246	478	506	316	454	394
peak_11965	chr5	139699254	139699613	.	360	226	400	448	296	366	240
peak_11966	chr5	139709953	139710892	.	940	582	984	1202	662	818	572
peak_11967	chr5	139744947	139745701	.	755	456	914	978	560	738	496
peak_11968	chr5	139752321	139752887	.	567	372	492	482	396	488	374
peak_11969	chr5	139752953	139753754	.	802	426	702	752	476	554	362
peak_11970	chr5	139876892	139877671	.	780	400	774	816	458	578	382
peak_11971	chr5	139881686	139883298	.	1613	784	1288	1330	806	959	682
peak_11972	chr5	139908629	139909014	.	386	156	356	380	320	344	298
peak_11973	chr5	139925917	139926572	.	656	400	702	802	512	658	462
peak_11974	chr5	139960865	139962263	.	1399	670	916	1098	608	694	550
peak_11975	chr5	140107170	140108416	.	1247	556	1370	1300	540	832	558
peak_11976	chr5	140143529	140144450	.	922	410	504	558	130	146	98
peak_11977	chr5	140356974	140357997	.	1024	470	796	854	430	534	362
peak_11978	chr5	140363161	140364693	.	1533	780	1224	1284	586	708	492
peak_11979	chr5	140557118	140558012	.	895	422	722	834	410	486	482
peak_11980	chr5	140563690	140565218	.	1529	782	1716	1506	894	1200	776
peak_11981	chr5	141521237	141521538	.	302	186	540	324	364	500	290
peak_11982	chr5	141668768	141669247	.	480	224	294	302	318	400	288
peak_11983	chr5	141692938	141693857	.	920	538	774	762	668	850	594
peak_11984	chr5	141695626	141696278	.	653	300	532	614	490	562	484
peak_11985	chr5	141771023	141771471	.	449	274	482	572	416	576	384
peak_11986	chr5	141777619	141778056	.	438	168	194	208	234	306	218
peak_11987	chr5	141848625	141849786	.	1162	612	1328	1378	650	898	456
peak_11988	chr5	141878536	141879544	.	1009	498	776	836	452	780	566
peak_11989	chr5	142201606	142201933	.	328	132	128	172	186	172	154
peak_11990	chr5	142598060	142598489	.	430	180	336	270	288	392	216
peak_11991	chr5	142816441	142817070	.	630	476	812	848	686	1014	616
peak_11992	chr5	143009067	143009481	.	415	194	448	462	388	418	306
peak_11993	chr5	143134949	143135218	.	270	44	106	148	234	214	138
peak_11994	chr5	143582926	143583326	.	401	164	154	168	240	296	218
peak_11995	chr5	144125607	144126329	.	723	340	554	576	538	672	514
peak_11996	chr5	144633284	144633573	.	290	118	114	124	222	264	168
peak_11997	chr5	145237680	145238150	.	471	296	428	502	666	598	492
peak_11998	chr5	145937535	145937896	.	362	424	546	522	468	684	398
peak_11999	chr5	145945616	145946345	.	730	594	930	1070	778	854	608
peak_12000	chr5	145946413	145946807	.	395	314	506	384	494	612	364
peak_12001	chr5	146182307	146183041	.	735	720	1818	1670	978	1362	850
peak_12002	chr5	146201456	146202196	.	741	372	732	750	502	634	308
peak_12003	chr5	146424954	146425426	.	473	318	392	438	442	384	296
peak_12004	chr5	146440239	146440632	.	394	138	134	172	268	312	216
peak_12005	chr5	147404010	147405082	.	1073	596	1032	990	990	1102	832
peak_12006	chr5	148459437	148459702	.	266	136	178	180	232	252	192
peak_12007	chr5	148864103	148864487	.	385	168	402	382	380	436	276
peak_12008	chr5	148905689	148905915	.	227	102	184	274	246	296	248
peak_12009	chr5	148910486	148911491	.	1006	912	1794	1680	1408	1744	1348
peak_12010	chr5	148965344	148966338	.	995	898	1640	1332	1336	1894	1238
peak_12011	chr5	149003133	149003806	.	674	686	1096	1004	926	1142	720
peak_12012	chr5	149024638	149025328	.	691	348	464	426	452	510	384
peak_12013	chr5	149049042	149050219	.	1178	674	1032	1004	1000	1294	734
peak_12014	chr5	149072925	149073572	.	648	246	472	572	648	616	466
peak_12015	chr5	149134135	149134750	.	616	352	804	924	620	772	470
peak_12016	chr5	149140342	149140834	.	493	182	358	354	386	470	264
peak_12017	chr5	149153153	149154396	.	1244	678	1022	1102	900	866	668
peak_12018	chr5	149233699	149234241	.	543	250	334	386	520	560	414
peak_12019	chr5	149241787	149242227	.	441	216	530	568	576	770	634
peak_12020	chr5	149274930	149275226	.	297	156	224	240	300	326	294
peak_12021	chr5	149297374	149298352	.	979	582	1104	1200	788	920	630
peak_12022	chr5	149307267	149307890	.	624	276	472	538	444	596	376
peak_12023	chr5	149365410	149366019	.	610	342	528	464	302	468	234
peak_12024	chr5	149404642	149406508	.	1867	1010	1790	1896	790	832	658
peak_12025	chr5	149414338	149414914	.	577	390	824	854	502	582	492
peak_12026	chr5	149445684	149446226	.	543	474	794	800	612	770	468
peak_12027	chr5	149455587	149456542	.	956	966	1836	1888	1018	1212	954
peak_12028	chr5	149457012	149457879	.	868	424	764	828	496	612	414
peak_12029	chr5	149466057	149466921	.	865	1002	1898	1684	1410	1764	1490
peak_12030	chr5	149617957	149618408	.	452	282	550	662	296	474	342
peak_12031	chr5	149631766	149633399	.	1634	1242	2010	2022	1260	1502	1056
peak_12032	chr5	149648794	149649430	.	637	516	870	786	686	1014	606
peak_12033	chr5	149747312	149748284	.	973	576	1106	1256	560	596	432
peak_12034	chr5	149757937	149758612	.	676	500	826	886	776	886	506
peak_12035	chr5	149772060	149774123	.	2064	1114	1728	1976	1298	1700	1084
peak_12036	chr5	149778076	149778777	.	702	494	922	944	704	832	682
peak_12037	chr5	149802578	149803310	.	733	612	900	952	678	744	592
peak_12038	chr5	149803441	149804165	.	725	742	1104	1132	642	660	450
peak_12039	chr5	149904383	149904851	.	469	272	458	452	344	360	236
peak_12040	chr5	149960357	149961190	.	834	508	1648	1522	798	1064	748
peak_12041	chr5	150010041	150010771	.	731	450	714	786	340	312	312
peak_12042	chr5	150053196	150053917	.	722	424	822	886	478	792	458
peak_12043	chr5	150112542	150113808	.	1267	912	1928	2186	1094	1612	1046
peak_12044	chr5	150125216	150126675	.	1460	944	1428	1610	1112	1216	958
peak_12045	chr5	150127902	150128585	.	684	414	594	664	336	380	278
peak_12046	chr5	150152788	150153942	.	1155	816	1730	1762	874	1114	756
peak_12047	chr5	150159491	150161965	.	2475	1646	3142	3278	1520	1916	1474
peak_12048	chr5	150175529	150175938	.	410	288	514	460	352	336	252
peak_12049	chr5	150203441	150203806	.	366	234	364	378	376	446	320
peak_12050	chr5	150233845	150234360	.	516	306	542	548	392	614	400
peak_12051	chr5	150246661	150248196	.	1536	818	1484	1546	772	916	690
peak_12052	chr5	150252055	150252582	.	528	336	638	580	406	416	374
peak_12053	chr5	150260995	150261633	.	639	422	764	850	628	766	522
peak_12054	chr5	150262667	150264727	.	2061	1408	2888	2610	1700	2142	1516
peak_12055	chr5	150269685	150270158	.	474	420	692	740	460	542	474
peak_12056	chr5	150270573	150271815	.	1243	696	1178	1248	554	642	414
peak_12057	chr5	150278599	150279179	.	581	364	792	794	474	568	436
peak_12058	chr5	150287846	150288676	.	831	562	796	772	654	842	612
peak_12059	chr5	150295149	150295766	.	618	638	1300	1334	784	1106	756
peak_12060	chr5	150316785	150317853	.	1069	876	2296	2176	1322	1936	1296
peak_12061	chr5	150340909	150341766	.	858	694	934	1030	652	710	604
peak_12062	chr5	150346491	150347131	.	641	328	546	566	462	444	428
peak_12063	chr5	150427349	150428950	.	1602	964	1618	1640	978	1128	746
peak_12064	chr5	150472454	150473579	.	1126	640	1418	1306	804	992	724
peak_12065	chr5	150481963	150482456	.	494	380	630	720	450	488	340
peak_12066	chr5	150482578	150483421	.	844	700	750	642	558	612	430
peak_12067	chr5	150497294	150498277	.	984	540	844	1056	544	906	484
peak_12068	chr5	150575771	150576266	.	496	386	606	552	488	444	366
peak_12069	chr5	150576993	150577522	.	530	272	292	312	428	494	336
peak_12070	chr5	150622561	150623176	.	616	366	632	670	562	662	500
peak_12071	chr5	150632434	150633249	.	816	670	1014	1050	602	610	470
peak_12072	chr5	150633380	150633692	.	313	188	332	392	328	426	258
peak_12073	chr5	150644247	150645315	.	1069	852	1340	1316	910	1064	756
peak_12074	chr5	150655229	150655643	.	415	238	576	552	432	558	396
peak_12075	chr5	150673901	150674359	.	459	352	698	710	552	692	468
peak_12076	chr5	151022577	151023270	.	694	420	564	584	570	670	392
peak_12077	chr5	151040185	151040909	.	725	474	738	742	736	822	586
peak_12078	chr5	151059893	151060397	.	505	474	706	664	536	608	464
peak_12079	chr5	151075660	151076406	.	747	490	914	960	594	666	466
peak_12080	chr5	151079708	151080841	.	1134	468	1006	956	756	1038	596
peak_12081	chr5	151122083	151123169	.	1087	494	774	772	788	742	590
peak_12082	chr5	151211724	151211981	.	258	164	340	326	216	306	262
peak_12083	chr5	151258811	151259345	.	535	392	842	874	694	1060	676
peak_12084	chr5	151514501	151514788	.	288	190	238	226	282	320	192
peak_12085	chr5	151525224	151526207	.	984	516	700	690	488	502	384
peak_12086	chr5	151569073	151569390	.	318	236	406	462	436	554	424
peak_12087	chr5	151570072	151570460	.	389	162	306	362	384	496	320
peak_12088	chr5	151614643	151615993	.	1351	866	1504	1662	1176	1316	954
peak_12089	chr5	151741559	151742076	.	518	292	496	494	442	510	386
peak_12090	chr5	151745065	151745981	.	917	432	754	828	538	650	498
peak_12091	chr5	151757291	151757810	.	520	384	548	510	398	514	372
peak_12092	chr5	151770425	151771204	.	780	490	830	984	498	750	460
peak_12093	chr5	152571444	152571676	.	233	60	90	92	196	208	150
peak_12094	chr5	154332103	154333197	.	1095	514	916	866	296	322	224
peak_12095	chr5	154354287	154355418	.	1132	702	1166	1186	1062	1396	960
peak_12096	chr5	154372651	154373090	.	440	96	160	138	238	276	176
peak_12097	chr5	154398880	154400225	.	1346	620	982	1028	662	918	536
peak_12098	chr5	154603923	154604589	.	667	376	630	668	356	358	222
peak_12099	chr5	154754623	154756623	.	2001	1252	3624	3042	1440	2104	1362
peak_12100	chr5	154858220	154858948	.	729	534	1614	1320	658	820	520
peak_12101	chr5	155554598	155554921	.	324	150	182	254	342	362	272
peak_12102	chr5	157046124	157046572	.	449	190	290	388	296	340	278
peak_12103	chr5	157080451	157080590	.	140	128	142	162	176	208	144
peak_12104	chr5	157222551	157222799	.	249	270	398	310	360	554	312
peak_12105	chr5	157271700	157272126	.	427	230	244	280	314	488	314
peak_12106	chr5	157290341	157290899	.	559	358	486	412	482	568	386
peak_12107	chr5	157451666	157452113	.	448	202	298	260	294	460	248
peak_12108	chr5	157463115	157463693	.	579	266	478	560	468	546	438
peak_12109	chr5	157463753	157464330	.	578	274	480	370	500	570	388
peak_12110	chr5	157870728	157871144	.	417	158	246	246	348	468	326
peak_12111	chr5	158640055	158640917	.	863	312	438	506	552	658	464
peak_12112	chr5	158830954	158831497	.	544	118	224	284	446	510	368
peak_12113	chr5	159240324	159240750	.	427	220	518	384	386	554	348
peak_12114	chr5	159763558	159764055	.	498	382	540	530	498	628	542
peak_12115	chr5	160165050	160166021	.	972	660	1498	1204	740	1070	638
peak_12116	chr5	160182920	160183429	.	510	256	338	378	316	454	336
peak_12117	chr5	160230714	160231302	.	589	300	446	510	434	446	348
peak_12118	chr5	160459151	160459601	.	451	154	264	314	364	368	366
peak_12119	chr5	161314033	161314348	.	316	184	200	210	254	352	214
peak_12120	chr5	163437372	163438258	.	887	372	932	1010	602	708	596
peak_12121	chr5	168095723	168095965	.	243	90	110	140	158	136	136
peak_12122	chr5	168267934	168268197	.	264	76	124	112	148	216	136
peak_12123	chr5	168282178	168282504	.	327	158	228	214	232	268	184
peak_12124	chr5	168794321	168794868	.	548	278	572	524	642	742	496
peak_12125	chr5	168822731	168823581	.	851	344	528	536	502	592	458
peak_12126	chr5	169126447	169127112	.	666	148	274	352	394	446	324
peak_12127	chr5	169218126	169218550	.	425	152	214	246	282	294	222
peak_12128	chr5	169289702	169291290	.	1589	970	894	842	1304	1086	812
peak_12129	chr5	169710806	169711137	.	332	94	168	186	222	258	218
peak_12130	chr5	169833849	169834127	.	279	70	138	92	134	168	114
peak_12131	chr5	169834637	169834894	.	258	74	174	142	194	234	182
peak_12132	chr5	170307570	170308000	.	431	232	478	528	396	576	352
peak_12133	chr5	170404395	170404739	.	345	102	158	180	232	292	192
peak_12134	chr5	170552712	170553268	.	557	404	774	824	458	672	424
peak_12135	chr5	170597070	170597658	.	589	324	656	570	474	568	384
peak_12136	chr5	170630916	170631175	.	260	174	200	184	214	222	158
peak_12137	chr5	170660422	170661387	.	966	384	554	628	568	578	470
peak_12138	chr5	171594012	171594314	.	303	114	170	158	146	216	174
peak_12139	chr5	172361505	172362027	.	523	162	320	390	434	430	294
peak_12140	chr5	172451747	172452143	.	397	212	402	320	394	444	346
peak_12141	chr5	172490594	172491907	.	1314	700	1206	1260	936	1108	820
peak_12142	chr5	172492948	172493357	.	410	170	296	302	302	462	328
peak_12143	chr5	172494772	172495044	.	273	146	234	254	194	192	152
peak_12144	chr5	172557595	172559461	.	1867	694	1226	1222	780	916	574
peak_12145	chr5	172594540	172596661	.	2122	730	1140	1172	520	506	384
peak_12146	chr5	172733229	172733704	.	476	224	506	612	328	434	296
peak_12147	chr5	173455143	173455658	.	516	328	746	488	532	734	448
peak_12148	chr5	173718638	173719211	.	574	200	416	426	348	416	310
peak_12149	chr5	173955036	173955480	.	445	98	148	140	316	286	216
peak_12150	chr5	174044072	174044707	.	636	210	246	230	354	336	312
peak_12151	chr5	174145055	174145589	.	535	384	360	446	284	274	226
peak_12152	chr5	174325512	174326086	.	575	266	348	416	308	378	256
peak_12153	chr5	174371578	174372093	.	516	284	530	452	376	628	302
peak_12154	chr5	174875425	174875952	.	528	204	306	328	316	376	224
peak_12155	chr5	175246236	175246859	.	624	348	960	758	484	650	418
peak_12156	chr5	175330943	175331446	.	504	272	258	296	368	382	270
peak_12157	chr5	175590486	175591391	.	906	298	410	362	252	300	158
peak_12158	chr5	175689647	175690434	.	788	288	470	516	382	444	258
peak_12159	chr5	175842896	175843728	.	833	366	782	796	480	622	430
peak_12160	chr5	175898586	175899008	.	423	126	258	288	276	286	234
peak_12161	chr5	176621602	176622338	.	737	406	726	738	428	630	356
peak_12162	chr5	176646727	176647541	.	815	306	908	1034	398	694	444
peak_12163	chr5	176660607	176661017	.	411	194	412	486	302	412	288
peak_12164	chr5	176880117	176880437	.	321	106	234	318	200	284	166
peak_12165	chr5	177387376	177388394	.	1019	402	754	754	460	618	388
peak_12166	chr5	177390516	177390799	.	284	164	280	274	214	228	210
peak_12167	chr5	177421084	177421481	.	398	184	264	334	238	246	240
peak_12168	chr5	178074388	178074889	.	502	202	354	348	258	312	210
peak_12169	chr5	178075180	178076414	.	1235	424	780	816	396	462	376
peak_12170	chr5	178227861	178228315	.	455	194	376	402	360	458	338
peak_12171	chr5	178236629	178237000	.	372	198	238	236	284	350	202
peak_12172	chr5	178354245	178354670	.	426	124	296	314	246	368	190
peak_12173	chr5	178369415	178370116	.	702	148	242	226	252	308	164
peak_12174	chr5	179015366	179015698	.	333	104	106	132	210	292	172
peak_12175	chr5	179228821	179229205	.	385	214	332	358	278	380	274
peak_12176	chr5	179265002	179266477	.	1476	644	1108	1166	612	812	494
peak_12177	chr5	179275991	179276723	.	733	308	650	772	462	638	442
peak_12178	chr5	179337271	179337825	.	555	148	298	296	306	390	226
peak_12179	chr5	179472320	179473046	.	727	314	380	510	288	360	208
peak_12180	chr5	179759917	179760646	.	730	364	486	530	452	398	378
peak_12181	chr5	179822356	179823428	.	1073	422	680	678	386	388	304
peak_12182	chr5	180212497	180213544	.	1048	406	574	616	534	602	398
peak_12183	chr5	180396668	180397172	.	505	142	290	316	240	340	242
peak_12184	chr5	180399398	180399878	.	481	198	354	400	342	402	350
peak_12185	chr5	180607817	180608152	.	336	142	230	236	156	224	126
peak_12186	chr5	180806245	180806739	.	495	266	344	380	318	378	278
peak_12187	chr5	181152337	181152904	.	568	270	410	458	366	540	360
peak_12188	chr6	215640	215958	.	319	102	140	130	152	182	142
peak_12189	chr6	439767	440047	.	281	86	122	122	164	216	150
peak_12190	chr6	1636979	1637692	.	714	298	730	710	408	616	488
peak_12191	chr6	2269271	2269721	.	451	110	174	188	278	320	230
peak_12192	chr6	2405774	2406058	.	285	72	116	74	122	202	112
peak_12193	chr6	2764975	2765729	.	755	314	928	758	272	484	360
peak_12194	chr6	3109778	3110122	.	345	142	94	100	186	184	130
peak_12195	chr6	3158239	3158567	.	329	156	216	244	250	348	280
peak_12196	chr6	3175691	3176662	.	972	374	630	660	578	742	430
peak_12197	chr6	3297028	3297394	.	367	128	238	260	302	350	262
peak_12198	chr6	3309464	3309930	.	467	166	432	510	436	554	420
peak_12199	chr6	3353394	3353942	.	549	168	408	266	316	394	342
peak_12200	chr6	3631921	3632250	.	330	100	180	210	194	304	214
peak_12201	chr6	3788785	3789531	.	747	248	470	370	416	554	390
peak_12202	chr6	3872130	3872548	.	419	92	188	194	270	286	284
peak_12203	chr6	4371485	4371849	.	365	100	222	330	220	222	182
peak_12204	chr6	4732876	4733334	.	459	244	566	554	292	414	322
peak_12205	chr6	5030783	5031009	.	227	170	264	300	312	336	338
peak_12206	chr6	5190499	5190792	.	294	90	134	112	226	236	212
peak_12207	chr6	5905729	5906305	.	577	300	444	436	416	558	356
peak_12208	chr6	6160925	6161409	.	485	174	272	240	310	368	274
peak_12209	chr6	6467424	6467892	.	469	224	282	392	294	452	242
peak_12210	chr6	6802928	6803993	.	1066	316	644	598	438	620	402
peak_12211	chr6	6805077	6805701	.	625	234	344	302	304	336	276
peak_12212	chr6	6830386	6830759	.	374	196	228	170	328	346	224
peak_12213	chr6	6856460	6856969	.	510	252	362	368	346	422	304
peak_12214	chr6	7016232	7016845	.	614	244	412	414	370	426	294
peak_12215	chr6	7124647	7125254	.	608	318	382	434	470	584	396
peak_12216	chr6	7127621	7128002	.	382	82	270	314	240	346	312
peak_12217	chr6	7272409	7272759	.	351	186	276	242	254	348	162
peak_12218	chr6	7273607	7274131	.	525	262	484	502	296	474	330
peak_12219	chr6	8814510	8814873	.	364	158	192	164	300	288	202
peak_12220	chr6	9394264	9395020	.	757	210	442	490	436	452	330
peak_12221	chr6	10441032	10441508	.	477	160	518	360	316	430	272
peak_12222	chr6	10694500	10695132	.	633	366	758	900	606	692	440
peak_12223	chr6	10759932	10760410	.	479	174	372	256	346	410	260
peak_12224	chr6	10760643	10761010	.	368	126	188	206	184	230	150
peak_12225	chr6	11111793	11112295	.	503	148	234	272	326	494	340
peak_12226	chr6	11770833	11771861	.	1029	498	1190	940	712	1000	620
peak_12227	chr6	12233597	12234175	.	579	234	398	382	466	552	400
peak_12228	chr6	13183183	13183873	.	691	304	492	468	484	650	476
peak_12229	chr6	13250992	13251667	.	676	276	560	552	450	572	422
peak_12230	chr6	13302585	13303224	.	640	274	648	542	578	830	590
peak_12231	chr6	13916967	13917402	.	436	166	264	272	316	430	286
peak_12232	chr6	14211615	14211979	.	365	114	224	180	180	294	188
peak_12233	chr6	14509439	14509942	.	504	120	320	320	268	376	300
peak_12234	chr6	14804563	14805179	.	617	232	532	534	298	440	306
peak_12235	chr6	14820862	14821200	.	339	92	232	158	188	340	190
peak_12236	chr6	15148477	15148941	.	465	196	416	468	238	438	358
peak_12237	chr6	15413629	15413903	.	275	168	148	170	242	312	166
peak_12238	chr6	15534909	15535295	.	387	130	118	158	202	274	158
peak_12239	chr6	16334721	16334976	.	256	68	186	80	124	182	124
peak_12240	chr6	17864062	17864612	.	551	262	444	418	424	600	342
peak_12241	chr6	22236617	22237141	.	525	186	352	242	334	436	270
peak_12242	chr6	27684169	27684729	.	561	466	990	874	792	992	662
peak_12243	chr6	28080016	28080393	.	378	108	262	316	230	376	216
peak_12244	chr6	28353859	28354572	.	714	430	616	624	424	610	314
peak_12245	chr6	28795921	28796427	.	507	328	640	532	452	556	344
peak_12246	chr6	28980811	28981351	.	541	292	580	456	496	670	344
peak_12247	chr6	29527582	29529817	.	2236	1600	2518	2356	1982	2222	1612
peak_12248	chr6	29599136	29599543	.	408	188	278	252	296	380	254
peak_12249	chr6	29752593	29753348	.	756	332	1136	814	338	528	402
peak_12250	chr6	29777315	29777674	.	360	102	218	254	288	396	284
peak_12251	chr6	29788735	29789398	.	664	260	288	340	518	542	500
peak_12252	chr6	29793684	29794205	.	522	302	490	474	368	390	322
peak_12253	chr6	29797177	29797593	.	417	294	522	474	552	814	522
peak_12254	chr6	29922867	29923065	.	199	62	136	134	124	164	116
peak_12255	chr6	29939093	29939405	.	313	204	210	248	224	300	236
peak_12256	chr6	29996881	29997934	.	1054	330	560	636	606	678	454
peak_12257	chr6	30078511	30078909	.	399	80	132	182	264	258	222
peak_12258	chr6	30091615	30092397	.	783	476	1074	1152	866	1202	918
peak_12259	chr6	30212947	30213842	.	896	498	930	960	508	648	364
peak_12260	chr6	30263753	30264465	.	713	258	446	464	586	660	464
peak_12261	chr6	30441207	30441465	.	259	78	156	170	236	220	228
peak_12262	chr6	30490103	30491786	.	1684	600	1154	1254	1054	1156	736
peak_12263	chr6	30495958	30496296	.	339	152	268	270	228	314	216
peak_12264	chr6	30496409	30497078	.	670	562	976	868	756	1236	714
peak_12265	chr6	30527977	30528327	.	351	154	440	292	314	424	232
peak_12266	chr6	30555398	30556823	.	1426	786	1638	1634	764	1178	736
peak_12267	chr6	30682176	30683456	.	1281	526	1024	1116	454	638	376
peak_12268	chr6	30749317	30749899	.	583	242	434	460	446	558	378
peak_12269	chr6	30780921	30782309	.	1389	1034	1934	1594	1562	1972	1290
peak_12270	chr6	30810753	30811403	.	651	552	764	886	520	664	490
peak_12271	chr6	30884616	30886810	.	2195	1538	2990	3380	1842	2242	1424
peak_12272	chr6	31075253	31075870	.	618	274	520	588	450	594	392
peak_12273	chr6	31203357	31203891	.	535	618	976	788	932	1220	788
peak_12274	chr6	31224525	31224958	.	434	244	332	336	372	538	378
peak_12275	chr6	31402255	31404652	.	2398	1020	2140	2166	970	1226	774
peak_12276	chr6	31433241	31433638	.	398	106	132	224	194	298	212
peak_12277	chr6	31664872	31666583	.	1712	938	2432	2334	1144	1376	858
peak_12278	chr6	31862563	31863175	.	613	1022	2798	2328	1432	1888	1212
peak_12279	chr6	31874236	31875493	.	1258	496	720	798	504	544	380
peak_12280	chr6	31876982	31878229	.	1248	498	954	996	278	224	206
peak_12281	chr6	31898527	31899058	.	532	268	572	492	328	504	348
peak_12282	chr6	31948680	31949268	.	589	278	578	560	628	858	602
peak_12283	chr6	32744845	32745207	.	363	150	152	186	220	250	176
peak_12284	chr6	32837564	32838427	.	864	430	850	902	620	836	528
peak_12285	chr6	32843430	32845010	.	1581	876	1912	1886	1178	1288	890
peak_12286	chr6	32969334	32969847	.	514	346	894	796	480	526	426
peak_12287	chr6	33144398	33144765	.	368	266	374	298	330	434	308
peak_12288	chr6	33205164	33205954	.	791	634	1268	1118	764	1104	740
peak_12289	chr6	33210129	33210609	.	481	194	310	316	338	326	242
peak_12290	chr6	33341970	33342529	.	560	250	498	484	472	574	424
peak_12291	chr6	33360090	33360705	.	616	212	296	324	320	342	280
peak_12292	chr6	33384639	33385225	.	587	290	482	476	360	378	260
peak_12293	chr6	33417823	33419184	.	1362	1168	3068	2276	1444	2126	1286
peak_12294	chr6	33426830	33427281	.	452	366	562	494	500	716	366
peak_12295	chr6	33428316	33428867	.	552	292	734	688	428	630	408
peak_12296	chr6	33590143	33590466	.	324	150	470	470	270	382	268
peak_12297	chr6	33686246	33687310	.	1065	574	1078	1064	794	1162	728
peak_12298	chr6	33744000	33745894	.	1895	914	1704	1792	1022	1294	848
peak_12299	chr6	33761981	33764048	.	2068	1016	1742	1878	788	942	630
peak_12300	chr6	33771448	33773460	.	2013	598	1256	1304	530	662	458
peak_12301	chr6	33850918	33851457	.	540	390	768	772	392	516	342
peak_12302	chr6	33861435	33862147	.	713	390	702	710	496	574	468
peak_12303	chr6	33927693	33928167	.	475	394	532	618	590	816	582
peak_12304	chr6	33930448	33931304	.	857	514	936	964	470	510	376
peak_12305	chr6	33966445	33967121	.	677	364	476	582	462	518	352
peak_12306	chr6	34030923	34033645	.	2723	1518	2372	2512	1558	1744	1228
peak_12307	chr6	34067682	34068175	.	494	382	752	924	410	504	388
peak_12308	chr6	34084713	34085545	.	833	528	940	908	548	524	464
peak_12309	chr6	34087445	34088004	.	560	328	612	726	394	588	342
peak_12310	chr6	34089781	34093611	.	3831	1482	2528	2822	994	1140	918
peak_12311	chr6	34095525	34096093	.	569	366	738	778	386	596	372
peak_12312	chr6	34096709	34097385	.	677	408	698	740	516	694	504
peak_12313	chr6	34129088	34130084	.	997	510	966	986	646	774	632
peak_12314	chr6	34135841	34136545	.	705	458	582	530	304	334	232
peak_12315	chr6	34163201	34164044	.	844	384	728	718	494	546	406
peak_12316	chr6	34207474	34208434	.	961	668	1148	1190	1086	1372	1022
peak_12317	chr6	34229069	34229795	.	727	480	984	886	678	888	504
peak_12318	chr6	34447543	34448641	.	1099	628	954	1028	626	734	476
peak_12319	chr6	34522400	34524299	.	1900	988	1426	1578	826	918	574
peak_12320	chr6	34726145	34726467	.	323	92	138	124	252	320	224
peak_12321	chr6	35365534	35365977	.	444	198	276	308	336	416	288
peak_12322	chr6	35396964	35397384	.	421	158	356	438	322	528	342
peak_12323	chr6	35493360	35493967	.	608	336	566	626	434	612	472
peak_12324	chr6	35499644	35501490	.	1847	886	1338	1454	922	1082	756
peak_12325	chr6	35728043	35728622	.	580	370	796	778	386	580	428
peak_12326	chr6	35794346	35795452	.	1107	706	984	1164	850	928	750
peak_12327	chr6	35939412	35939711	.	300	64	158	142	264	298	180
peak_12328	chr6	36127409	36127910	.	502	152	418	506	312	404	320
peak_12329	chr6	36128241	36128707	.	467	268	414	402	350	442	320
peak_12330	chr6	36373609	36374035	.	427	196	466	464	368	304	312
peak_12331	chr6	36567564	36567794	.	231	126	244	280	220	244	174
peak_12332	chr6	36593343	36594646	.	1304	978	2000	1724	1034	1228	816
peak_12333	chr6	36658092	36658471	.	380	156	382	308	512	606	366
peak_12334	chr6	36682399	36683344	.	946	732	1256	1254	926	1104	796
peak_12335	chr6	36710576	36711000	.	425	142	362	288	332	526	318
peak_12336	chr6	36717806	36718219	.	414	258	496	534	246	398	246
peak_12337	chr6	36727524	36727850	.	327	162	224	258	194	264	200
peak_12338	chr6	36755453	36756177	.	725	362	850	810	576	760	514
peak_12339	chr6	36820587	36821364	.	778	474	1140	972	774	1198	712
peak_12340	chr6	36957058	36957766	.	709	528	788	720	476	526	334
peak_12341	chr6	37018201	37018991	.	791	542	676	744	400	542	308
peak_12342	chr6	37051121	37051984	.	864	350	890	918	616	820	630
peak_12343	chr6	37099431	37099877	.	447	200	444	296	426	700	438
peak_12344	chr6	37102303	37102760	.	458	272	882	750	392	764	572
peak_12345	chr6	37131087	37131942	.	856	480	920	850	468	682	496
peak_12346	chr6	37133971	37135151	.	1181	546	998	1096	680	750	536
peak_12347	chr6	37172096	37172526	.	431	394	850	752	532	670	504
peak_12348	chr6	37242470	37243016	.	547	394	846	552	558	750	392
peak_12349	chr6	37505645	37505937	.	293	186	260	246	276	406	282
peak_12350	chr6	37516356	37516886	.	531	342	710	752	446	636	450
peak_12351	chr6	37569340	37569816	.	477	246	492	378	436	556	326
peak_12352	chr6	37570211	37571120	.	910	358	530	598	140	140	128
peak_12353	chr6	37630099	37631026	.	928	632	1342	1252	788	1190	740
peak_12354	chr6	37636854	37637254	.	401	444	510	604	382	382	252
peak_12355	chr6	38432299	38432889	.	591	186	226	212	382	450	336
peak_12356	chr6	38937428	38937842	.	415	156	224	234	284	404	270
peak_12357	chr6	39060390	39061409	.	1020	524	982	1002	392	420	366
peak_12358	chr6	39082508	39084211	.	1704	1090	1988	1922	1232	1578	1208
peak_12359	chr6	39089439	39089753	.	315	174	216	210	218	308	182
peak_12360	chr6	39204227	39206000	.	1774	784	1366	1278	486	498	442
peak_12361	chr6	39270924	39271439	.	516	204	340	350	420	466	328
peak_12362	chr6	39274598	39275328	.	731	350	534	494	382	376	270
peak_12363	chr6	39289494	39289885	.	392	212	252	286	368	300	224
peak_12364	chr6	39293899	39294724	.	826	366	642	692	420	438	266
peak_12365	chr6	39347185	39347825	.	641	452	914	820	454	410	372
peak_12366	chr6	39426124	39426452	.	329	204	330	246	296	346	300
peak_12367	chr6	39891912	39893045	.	1134	524	918	894	600	732	542
peak_12368	chr6	40297487	40297770	.	284	60	88	108	212	202	150
peak_12369	chr6	40327158	40327570	.	413	224	352	372	302	462	368
peak_12370	chr6	40349859	40350910	.	1052	380	650	628	606	646	432
peak_12371	chr6	40436772	40437221	.	450	316	426	482	460	590	430
peak_12372	chr6	40455134	40455511	.	378	114	186	156	232	284	180
peak_12373	chr6	40491395	40491723	.	329	152	316	256	222	290	142
peak_12374	chr6	40534846	40535668	.	823	404	746	694	558	636	434
peak_12375	chr6	40541369	40542403	.	1035	734	1114	1084	922	978	780
peak_12376	chr6	40650012	40650470	.	459	226	314	422	310	396	278
peak_12377	chr6	40755285	40756183	.	899	522	726	880	668	712	558
peak_12378	chr6	40782380	40783272	.	893	338	480	528	564	666	502
peak_12379	chr6	40996600	40997161	.	562	402	558	538	440	416	424
peak_12380	chr6	41027563	41028816	.	1254	634	1278	1252	590	754	510
peak_12381	chr6	41040702	41041691	.	990	428	792	916	610	766	518
peak_12382	chr6	41320492	41320835	.	344	296	508	432	282	370	256
peak_12383	chr6	41532028	41532709	.	682	330	662	658	410	574	410
peak_12384	chr6	41543180	41543934	.	755	382	478	522	538	646	410
peak_12385	chr6	41566623	41567417	.	795	346	598	738	502	590	392
peak_12386	chr6	41581325	41582148	.	824	662	1424	1500	864	1304	916
peak_12387	chr6	41674396	41674806	.	411	320	562	500	452	516	342
peak_12388	chr6	41713118	41714088	.	971	556	1242	1322	718	1136	706
peak_12389	chr6	41720153	41720813	.	661	434	656	704	544	694	566
peak_12390	chr6	41915007	41915588	.	582	340	424	492	562	530	428
peak_12391	chr6	42028076	42029107	.	1032	606	1174	1162	784	1014	596
peak_12392	chr6	42118030	42118680	.	651	358	762	720	448	530	412
peak_12393	chr6	42137346	42137754	.	409	224	408	380	366	434	318
peak_12394	chr6	42268126	42269001	.	876	294	590	690	478	544	352
peak_12395	chr6	42315134	42315651	.	518	296	324	414	322	328	250
peak_12396	chr6	42316766	42317174	.	409	314	484	310	424	572	336
peak_12397	chr6	42337967	42339076	.	1110	752	1350	1082	1084	1168	790
peak_12398	chr6	42548009	42548335	.	327	276	544	382	456	674	446
peak_12399	chr6	42766253	42766647	.	395	146	320	288	270	326	246
peak_12400	chr6	42988589	42988863	.	275	134	208	220	240	284	166
peak_12401	chr6	43125569	43126028	.	460	322	592	528	350	410	318
peak_12402	chr6	43303714	43304652	.	939	554	978	908	580	720	520
peak_12403	chr6	43328544	43328842	.	299	264	536	448	512	600	414
peak_12404	chr6	43376508	43376988	.	481	248	364	370	498	556	314
peak_12405	chr6	43427212	43428309	.	1098	508	1072	1156	602	754	658
peak_12406	chr6	43467769	43468468	.	700	282	542	520	464	526	384
peak_12407	chr6	43507641	43508080	.	440	210	366	372	330	330	276
peak_12408	chr6	43579150	43579861	.	712	124	206	180	314	372	222
peak_12409	chr6	43628440	43630826	.	2387	1722	3596	2874	1748	2240	1460
peak_12410	chr6	43666252	43667150	.	899	494	922	858	580	738	526
peak_12411	chr6	43677181	43677662	.	482	294	500	610	516	604	478
peak_12412	chr6	43724647	43725570	.	924	572	1304	1066	554	696	464
peak_12413	chr6	43793716	43794203	.	488	252	506	536	396	524	362
peak_12414	chr6	43798384	43800327	.	1944	1086	1856	1630	1220	1606	1256
peak_12415	chr6	43804088	43804412	.	325	186	422	354	250	406	250
peak_12416	chr6	43809351	43810042	.	692	378	586	608	480	868	550
peak_12417	chr6	43811070	43812510	.	1441	832	1678	1562	1186	1544	1136
peak_12418	chr6	43835825	43836349	.	525	324	520	560	384	486	336
peak_12419	chr6	43855977	43856786	.	810	544	996	1006	514	618	408
peak_12420	chr6	43860255	43860692	.	438	294	474	494	450	504	328
peak_12421	chr6	43874301	43876582	.	2282	1054	1762	1614	446	464	416
peak_12422	chr6	43927071	43927537	.	467	400	680	674	400	458	306
peak_12423	chr6	43992098	43994455	.	2358	1228	2068	2142	1726	2024	1378
peak_12424	chr6	44002456	44003111	.	656	370	940	1130	474	798	446
peak_12425	chr6	44185887	44186679	.	793	484	860	840	352	354	258
peak_12426	chr6	44221117	44221787	.	671	452	1002	1098	770	954	810
peak_12427	chr6	44237186	44238355	.	1170	590	1102	1234	736	778	618
peak_12428	chr6	44332549	44333008	.	460	348	406	422	514	422	352
peak_12429	chr6	44333555	44334038	.	484	284	430	406	408	518	354
peak_12430	chr6	44339592	44340283	.	692	456	754	688	492	676	488
peak_12431	chr6	44391490	44391876	.	387	140	220	172	338	478	252
peak_12432	chr6	44494286	44494917	.	632	410	546	562	352	414	300
peak_12433	chr6	44512928	44513416	.	489	210	280	328	374	472	364
peak_12434	chr6	44677793	44678806	.	1014	462	620	580	806	940	608
peak_12435	chr6	47653667	47654434	.	768	210	370	464	376	344	292
peak_12436	chr6	48563490	48563804	.	315	156	232	164	284	326	270
peak_12437	chr6	49922442	49922714	.	273	50	94	108	140	198	134
peak_12438	chr6	52352410	52352927	.	518	634	1188	900	812	1200	776
peak_12439	chr6	52503318	52505055	.	1738	1452	3438	3070	1772	2318	1674
peak_12440	chr6	52511535	52512111	.	577	360	576	574	542	750	586
peak_12441	chr6	52889987	52890340	.	354	76	104	166	268	234	176
peak_12442	chr6	53244297	53244798	.	502	206	284	316	488	402	340
peak_12443	chr6	53250102	53250635	.	534	112	176	214	300	416	348
peak_12444	chr6	53300563	53301388	.	826	504	764	870	634	774	514
peak_12445	chr6	53432694	53433226	.	533	254	342	356	396	548	474
peak_12446	chr6	53651261	53651735	.	475	194	270	290	374	346	222
peak_12447	chr6	53717488	53717854	.	367	282	394	300	594	534	304
peak_12448	chr6	54883892	54884464	.	573	176	442	376	352	464	300
peak_12449	chr6	54892781	54893176	.	396	220	314	352	424	522	270
peak_12450	chr6	56758537	56759063	.	527	334	440	424	528	726	420
peak_12451	chr6	56772757	56773193	.	437	308	580	468	584	746	520
peak_12452	chr6	63262479	63263031	.	553	274	394	338	512	548	288
peak_12453	chr6	64146937	64147170	.	234	130	168	172	268	366	184
peak_12454	chr6	64648052	64648299	.	248	110	144	156	212	260	238
peak_12455	chr6	70668253	70668681	.	429	402	838	966	502	556	406
peak_12456	chr6	72620161	72620489	.	329	178	400	378	270	294	262
peak_12457	chr6	72811866	72812394	.	529	176	232	222	306	406	272
peak_12458	chr6	73308866	73309317	.	452	330	498	656	494	564	448
peak_12459	chr6	73704204	73704615	.	412	308	746	578	590	834	562
peak_12460	chr6	73722685	73722990	.	306	204	276	220	370	470	270
peak_12461	chr6	73782999	73783243	.	245	102	190	200	222	294	182
peak_12462	chr6	74137903	74138308	.	406	132	262	262	318	430	322
peak_12463	chr6	79223769	79223999	.	231	78	128	102	178	300	188
peak_12464	chr6	86192007	86192432	.	426	136	188	168	322	326	198
peak_12465	chr6	87333913	87334202	.	290	72	170	150	208	252	172
peak_12466	chr6	88547852	88548035	.	184	36	112	86	128	158	116
peak_12467	chr6	89768227	89768675	.	449	78	122	180	268	316	240
peak_12468	chr6	89939106	89939479	.	374	124	174	208	310	318	256
peak_12469	chr6	90088050	90088383	.	334	90	196	146	278	290	210
peak_12470	chr6	94735663	94736176	.	514	156	262	266	246	348	194
peak_12471	chr6	103536805	103537360	.	556	216	278	338	404	644	414
peak_12472	chr6	104638945	104639542	.	598	208	238	280	354	518	328
peak_12473	chr6	107108190	107108488	.	299	140	262	198	266	344	244
peak_12474	chr6	107712872	107713545	.	674	418	632	564	562	804	604
peak_12475	chr6	107811978	107812326	.	349	186	278	286	228	252	176
peak_12476	chr6	108002766	108003236	.	471	146	190	214	296	516	384
peak_12477	chr6	108966988	108967548	.	561	180	460	470	338	316	268
peak_12478	chr6	109382694	109383473	.	780	398	670	696	630	622	480
peak_12479	chr6	109434488	109435010	.	523	158	280	270	356	382	262
peak_12480	chr6	109623297	109623644	.	348	102	182	136	228	340	228
peak_12481	chr6	109691144	109691788	.	645	286	620	506	340	386	280
peak_12482	chr6	109869901	109870127	.	227	120	200	190	268	308	210
peak_12483	chr6	109925132	109925422	.	291	116	204	202	246	348	290
peak_12484	chr6	110875994	110876745	.	752	486	984	920	698	802	464
peak_12485	chr6	111207312	111207779	.	468	140	206	252	316	360	260
peak_12486	chr6	111399407	111399929	.	523	80	142	136	266	368	190
peak_12487	chr6	111591127	111592038	.	912	372	832	842	486	754	474
peak_12488	chr6	113351174	113351716	.	543	106	134	152	214	350	214
peak_12489	chr6	114049446	114049871	.	426	204	348	292	330	434	444
peak_12490	chr6	117257482	117257794	.	313	108	120	90	224	214	152
peak_12491	chr6	119012139	119012846	.	708	382	534	546	762	992	668
peak_12492	chr6	119184028	119184535	.	508	144	146	172	300	282	232
peak_12493	chr6	119203301	119203684	.	384	98	182	150	202	282	152
peak_12494	chr6	121388695	121388973	.	279	92	108	150	214	252	148
peak_12495	chr6	122399201	122400323	.	1123	590	1392	1310	760	1170	700
peak_12496	chr6	123338380	123338768	.	389	138	184	154	280	296	180
peak_12497	chr6	124780559	124780942	.	384	128	228	236	250	368	278
peak_12498	chr6	125274014	125274371	.	358	232	448	316	344	522	250
peak_12499	chr6	125766095	125766826	.	732	270	376	336	468	526	390
peak_12500	chr6	126253549	126253829	.	281	60	90	144	232	220	178
peak_12501	chr6	126966070	126966469	.	400	102	84	124	258	308	208
peak_12502	chr6	127530215	127530560	.	346	140	158	122	266	348	222
peak_12503	chr6	130034704	130034969	.	266	104	156	214	178	268	208
peak_12504	chr6	131736214	131736589	.	376	124	108	126	216	280	152
peak_12505	chr6	133092735	133093486	.	752	222	388	350	550	602	414
peak_12506	chr6	133198769	133199095	.	327	216	396	410	526	662	424
peak_12507	chr6	133552068	133552391	.	324	170	238	196	262	292	186
peak_12508	chr6	133609600	133609922	.	323	182	446	288	424	580	314
peak_12509	chr6	133671433	133671916	.	484	144	282	254	292	346	278
peak_12510	chr6	134111617	134112647	.	1031	538	624	576	664	750	488
peak_12511	chr6	134363230	134363653	.	424	118	154	202	344	402	278
peak_12512	chr6	134641050	134641407	.	358	170	262	268	316	426	282
peak_12513	chr6	134908198	134908476	.	279	196	404	542	324	388	322
peak_12514	chr6	136249394	136250066	.	673	388	650	664	548	764	474
peak_12515	chr6	136809060	136809504	.	445	180	362	340	372	418	328
peak_12516	chr6	136842250	136842622	.	373	212	306	272	282	408	246
peak_12517	chr6	137397832	137398131	.	300	136	134	144	172	202	102
peak_12518	chr6	137851549	137852137	.	589	230	436	386	552	636	438
peak_12519	chr6	137852295	137852702	.	408	284	542	488	452	636	456
peak_12520	chr6	139764496	139764929	.	434	242	666	496	480	636	384
peak_12521	chr6	139983902	139984231	.	330	92	120	156	232	282	196
peak_12522	chr6	142232299	142233047	.	749	326	490	562	276	396	278
peak_12523	chr6	143139985	143140305	.	321	66	132	136	222	282	214
peak_12524	chr6	143409379	143409710	.	332	260	408	400	452	558	372
peak_12525	chr6	143510790	143511280	.	491	268	344	386	388	482	336
peak_12526	chr6	144977340	144977809	.	470	162	282	312	278	368	202
peak_12527	chr6	145016015	145016360	.	346	128	178	128	214	320	174
peak_12528	chr6	145735436	145736128	.	693	398	830	642	502	582	402
peak_12529	chr6	146358501	146359471	.	971	398	624	534	756	986	634
peak_12530	chr6	146913865	146914307	.	443	314	868	662	478	608	354
peak_12531	chr6	147528317	147528797	.	481	276	328	296	408	498	258
peak_12532	chr6	148107909	148108421	.	513	212	270	320	364	432	234
peak_12533	chr6	148306757	148307010	.	254	182	216	290	312	300	232
peak_12534	chr6	148837911	148838496	.	586	258	374	428	522	638	454
peak_12535	chr6	148873743	148874187	.	445	176	226	288	270	310	254
peak_12536	chr6	148970326	148970745	.	420	214	284	244	284	298	238
peak_12537	chr6	149026549	149026853	.	305	114	164	176	342	334	238
peak_12538	chr6	149254214	149254739	.	526	316	402	504	580	718	544
peak_12539	chr6	149863122	149864997	.	1876	776	2030	2224	962	1438	854
peak_12540	chr6	149895862	149896323	.	462	404	620	558	560	718	434
peak_12541	chr6	150046777	150047234	.	458	212	312	294	340	404	268
peak_12542	chr6	150069749	150070880	.	1132	702	1392	1274	798	1020	764
peak_12543	chr6	150142109	150144052	.	1944	724	1582	1640	732	820	614
peak_12544	chr6	150293548	150293841	.	294	78	148	176	214	286	200
peak_12545	chr6	150332673	150333672	.	1000	586	508	472	818	760	484
peak_12546	chr6	150677245	150677686	.	442	246	318	358	380	414	354
peak_12547	chr6	150919351	150920265	.	915	484	688	856	768	1012	648
peak_12548	chr6	151040835	151041488	.	654	230	378	422	270	500	288
peak_12549	chr6	152095120	152095748	.	629	184	348	350	408	490	284
peak_12550	chr6	152454038	152454647	.	610	286	302	292	500	502	320
peak_12551	chr6	152529390	152529922	.	533	348	546	626	874	954	710
peak_12552	chr6	154474610	154475249	.	640	296	620	556	498	664	410
peak_12553	chr6	154596800	154597442	.	643	200	370	388	498	578	408
peak_12554	chr6	154606279	154606787	.	509	242	530	576	378	640	416
peak_12555	chr6	154950917	154951547	.	631	270	442	416	332	446	326
peak_12556	chr6	155099745	155100360	.	616	410	724	742	782	948	672
peak_12557	chr6	156828095	156828705	.	611	368	622	664	532	624	412
peak_12558	chr6	157182386	157183216	.	831	412	536	572	572	674	514
peak_12559	chr6	157240473	157240933	.	461	130	352	412	222	284	216
peak_12560	chr6	157252939	157253445	.	507	202	462	468	474	628	444
peak_12561	chr6	157487061	157488116	.	1056	302	400	524	578	598	458
peak_12562	chr6	157605576	157605965	.	390	170	364	398	420	454	384
peak_12563	chr6	157632866	157633253	.	388	188	288	252	246	336	188
peak_12564	chr6	157653560	157654200	.	641	294	370	358	170	196	86
peak_12565	chr6	157763435	157763931	.	497	338	730	626	460	726	462
peak_12566	chr6	157764481	157764890	.	410	434	1244	878	758	1126	712
peak_12567	chr6	157778789	157779139	.	351	158	276	308	348	460	350
peak_12568	chr6	157813217	157813692	.	476	150	272	242	364	428	316
peak_12569	chr6	157833576	157834108	.	533	284	502	498	426	496	260
peak_12570	chr6	157999309	158000001	.	693	402	652	800	572	656	382
peak_12571	chr6	158018909	158019756	.	848	406	832	1000	590	812	620
peak_12572	chr6	158019840	158020846	.	1007	462	606	648	888	1136	724
peak_12573	chr6	158026039	158026480	.	442	264	582	688	386	536	432
peak_12574	chr6	158031334	158032442	.	1109	672	1222	1276	842	1236	874
peak_12575	chr6	158039217	158041054	.	1838	1014	1794	1710	1294	1528	1028
peak_12576	chr6	158134873	158135362	.	490	98	156	132	278	308	176
peak_12577	chr6	158219157	158219587	.	431	278	502	516	602	678	510
peak_12578	chr6	158392127	158392770	.	644	198	230	268	452	546	410
peak_12579	chr6	158475497	158476100	.	604	268	486	554	530	668	468
peak_12580	chr6	158655624	158656481	.	858	482	796	894	626	748	508
peak_12581	chr6	158704201	158704841	.	641	356	618	766	422	484	376
peak_12582	chr6	158705355	158706614	.	1260	808	1204	1246	684	808	536
peak_12583	chr6	158720443	158721110	.	668	334	572	576	524	592	366
peak_12584	chr6	158852472	158853873	.	1402	804	1406	1338	886	1246	698
peak_12585	chr6	158879280	158879701	.	422	218	424	302	372	552	334
peak_12586	chr6	159055026	159055570	.	545	230	324	360	380	414	340
peak_12587	chr6	159112781	159114414	.	1634	810	1370	1512	1238	1492	1136
peak_12588	chr6	159123877	159124143	.	267	60	138	104	156	242	162
peak_12589	chr6	159125936	159126427	.	492	368	708	710	572	908	562
peak_12590	chr6	159404474	159404960	.	487	284	490	510	686	1012	696
peak_12591	chr6	159577519	159577997	.	479	480	1042	836	736	1164	888
peak_12592	chr6	159640019	159640592	.	574	204	334	300	356	534	386
peak_12593	chr6	159701105	159701926	.	822	358	756	620	672	1082	632
peak_12594	chr6	159961495	159961968	.	474	246	430	472	458	652	448
peak_12595	chr6	160072069	160073035	.	967	626	1160	1092	706	814	552
peak_12596	chr6	160100845	160101143	.	299	80	130	84	138	202	140
peak_12597	chr6	160139199	160139980	.	782	332	474	464	544	560	402
peak_12598	chr6	160260734	160261160	.	427	140	150	204	264	258	226
peak_12599	chr6	160977963	160978428	.	466	204	280	308	356	412	314
peak_12600	chr6	161139818	161140919	.	1102	476	780	774	354	408	298
peak_12601	chr6	161153088	161154180	.	1093	512	796	1032	738	902	696
peak_12602	chr6	161162650	161163138	.	489	196	264	428	370	474	392
peak_12603	chr6	161168308	161168770	.	463	408	658	510	592	642	580
peak_12604	chr6	161186083	161186744	.	662	492	1114	956	768	1178	748
peak_12605	chr6	161260936	161261582	.	647	318	510	662	444	538	406
peak_12606	chr6	161669424	161670045	.	622	208	276	240	302	414	304
peak_12607	chr6	162760074	162760662	.	589	206	378	432	338	428	336
peak_12608	chr6	163688798	163689226	.	429	162	260	362	284	334	248
peak_12609	chr6	163745945	163746362	.	418	386	666	564	472	620	464
peak_12610	chr6	163747156	163747670	.	515	138	194	234	286	424	220
peak_12611	chr6	163841378	163842385	.	1008	410	858	1018	822	1200	874
peak_12612	chr6	163986319	163986835	.	517	230	442	442	514	516	442
peak_12613	chr6	164080517	164081519	.	1003	464	710	780	598	668	486
peak_12614	chr6	164157351	164157898	.	548	216	344	334	350	496	328
peak_12615	chr6	165117722	165118720	.	999	480	648	700	804	1022	760
peak_12616	chr6	165181927	165182447	.	521	276	528	476	516	842	498
peak_12617	chr6	165691292	165692091	.	800	346	508	630	582	562	430
peak_12618	chr6	165833346	165835172	.	1827	758	1212	1244	602	736	460
peak_12619	chr6	166259608	166259941	.	334	114	188	206	262	296	198
peak_12620	chr6	166274681	166275202	.	522	226	440	428	316	492	382
peak_12621	chr6	166275712	166275954	.	243	108	204	330	148	300	198
peak_12622	chr6	166405009	166406787	.	1779	724	1032	1124	546	488	368
peak_12623	chr6	166409157	166409374	.	218	90	78	144	162	246	164
peak_12624	chr6	166466263	166466838	.	576	272	470	544	400	458	294
peak_12625	chr6	166490806	166491434	.	629	332	594	580	392	498	364
peak_12626	chr6	166498784	166499779	.	996	388	698	618	320	422	308
peak_12627	chr6	166500080	166500537	.	458	214	318	366	292	338	248
peak_12628	chr6	166567101	166567597	.	497	550	826	682	732	926	614
peak_12629	chr6	166633789	166634217	.	429	290	644	528	378	536	408
peak_12630	chr6	166691094	166691482	.	389	304	750	570	318	480	270
peak_12631	chr6	166693963	166694322	.	360	188	426	394	344	422	308
peak_12632	chr6	166729058	166729470	.	413	240	378	456	310	304	258
peak_12633	chr6	166800098	166800507	.	410	198	334	314	278	404	262
peak_12634	chr6	166809586	166810449	.	864	326	402	572	702	978	632
peak_12635	chr6	166940719	166941114	.	396	214	502	512	384	602	350
peak_12636	chr6	166951019	166951637	.	619	414	700	802	600	644	532
peak_12637	chr6	166997549	166998142	.	594	412	588	642	628	644	446
peak_12638	chr6	166998783	166999984	.	1202	524	1488	1468	564	970	716
peak_12639	chr6	167015297	167015710	.	414	220	332	376	262	372	232
peak_12640	chr6	167114013	167114421	.	409	226	554	540	490	482	300
peak_12641	chr6	167129648	167130021	.	374	156	182	180	242	230	210
peak_12642	chr6	167140565	167141088	.	524	314	482	422	218	196	148
peak_12643	chr6	167383021	167383512	.	492	208	288	340	120	132	96
peak_12644	chr6	167391680	167392799	.	1120	420	534	532	788	940	598
peak_12645	chr6	167393374	167394089	.	716	276	444	478	436	402	300
peak_12646	chr6	167401479	167402038	.	560	328	512	646	368	416	332
peak_12647	chr6	167413066	167413818	.	753	518	532	570	652	662	412
peak_12648	chr6	167424046	167425245	.	1200	720	1074	1192	752	898	622
peak_12649	chr6	167467827	167468633	.	807	288	654	720	626	1048	716
peak_12650	chr6	167493581	167494847	.	1267	666	1124	1094	906	978	648
peak_12651	chr6	167501369	167502294	.	926	436	808	872	570	706	496
peak_12652	chr6	167515858	167516189	.	332	86	138	134	188	216	190
peak_12653	chr6	167516575	167516927	.	353	166	190	200	178	280	182
peak_12654	chr6	167520955	167521641	.	687	334	536	664	518	716	590
peak_12655	chr6	167662838	167663622	.	785	478	816	936	408	440	388
peak_12656	chr6	167735636	167736278	.	643	278	402	454	246	304	184
peak_12657	chr6	167804529	167805018	.	490	284	388	426	324	384	288
peak_12658	chr6	168084539	168085957	.	1419	670	1106	1162	504	488	454
peak_12659	chr6	168086669	168090137	.	3469	1502	3012	3194	1722	2220	1546
peak_12660	chr6	168092916	168093781	.	866	408	536	570	432	474	322
peak_12661	chr6	168130970	168131515	.	546	410	828	772	386	520	322
peak_12662	chr6	168155099	168155552	.	454	210	424	490	376	488	312
peak_12663	chr6	168165419	168165857	.	439	164	200	226	268	278	258
peak_12664	chr6	168190687	168191407	.	721	506	762	734	550	664	522
peak_12665	chr6	168240863	168241368	.	506	300	388	492	370	344	318
peak_12666	chr6	168284204	168284675	.	472	224	350	458	274	302	234
peak_12667	chr6	168557721	168558183	.	463	250	356	460	342	492	378
peak_12668	chr6	168668062	168668744	.	683	184	270	282	358	402	268
peak_12669	chr6	168670015	168670830	.	816	404	638	614	620	896	626
peak_12670	chr6	168713854	168714752	.	899	362	566	540	278	454	328
peak_12671	chr6	168839551	168839960	.	410	134	300	354	236	322	234
peak_12672	chr6	168867056	168867942	.	887	370	856	906	582	684	608
peak_12673	chr6	168942353	168942981	.	629	368	550	724	492	566	406
peak_12674	chr6	169062115	169062624	.	510	310	564	544	454	530	438
peak_12675	chr6	169165596	169166287	.	692	470	670	666	428	432	300
peak_12676	chr6	169188061	169188880	.	820	418	708	696	432	536	410
peak_12677	chr6	169191529	169192744	.	1216	272	346	262	636	702	638
peak_12678	chr6	169221355	169221825	.	471	298	412	470	462	554	446
peak_12679	chr6	169260811	169261157	.	347	106	266	216	194	200	168
peak_12680	chr6	169371086	169371889	.	804	376	798	690	542	678	450
peak_12681	chr6	169624288	169625129	.	842	442	746	874	632	806	598
peak_12682	chr6	169625325	169626061	.	737	326	714	728	376	576	366
peak_12683	chr6	169643763	169644746	.	984	354	710	584	542	744	490
peak_12684	chr6	169645067	169646356	.	1290	612	972	958	652	724	476
peak_12685	chr6	169654704	169655307	.	604	384	788	928	438	642	464
peak_12686	chr6	169662894	169663187	.	294	138	158	222	248	184	190
peak_12687	chr6	169830444	169832018	.	1575	868	1292	1556	752	950	626
peak_12688	chr6	169852336	169853091	.	756	324	692	658	486	642	392
peak_12689	chr6	169857915	169858830	.	916	566	1124	1140	760	998	752
peak_12690	chr6	169860020	169860954	.	935	442	802	822	646	842	518
peak_12691	chr6	169906415	169906907	.	493	246	456	528	322	314	260
peak_12692	chr6	169918055	169918820	.	766	350	552	760	584	686	568
peak_12693	chr6	169919036	169919579	.	544	372	486	514	428	396	340
peak_12694	chr6	169923293	169924995	.	1703	570	882	912	1066	1312	1096
peak_12695	chr6	169926511	169927012	.	502	202	474	488	370	460	394
peak_12696	chr6	169966250	169967218	.	969	494	892	916	748	846	682
peak_12697	chr6	169974750	169975914	.	1165	648	1112	1050	698	1008	686
peak_12698	chr6	169981485	169982918	.	1434	616	1162	952	612	642	400
peak_12699	chr6	169984565	169985147	.	583	322	770	854	400	394	282
peak_12700	chr6	170002744	170003729	.	986	244	486	628	444	694	472
peak_12701	chr6	170013594	170014147	.	554	120	218	314	274	376	274
peak_12702	chr6	170025896	170027131	.	1236	656	1164	1122	644	788	488
peak_12703	chr6	170045535	170045967	.	433	178	210	238	306	304	224
peak_12704	chr6	170048573	170048966	.	394	218	524	514	208	264	188
peak_12705	chr6	170072262	170072817	.	556	248	278	290	582	564	400
peak_12706	chr6	170073781	170074317	.	537	138	358	384	244	426	234
peak_12707	chr6	170088023	170089055	.	1033	530	1112	1288	682	910	524
peak_12708	chr6	170097020	170098031	.	1012	404	596	712	300	376	298
peak_12709	chr6	170165017	170165394	.	378	318	588	596	244	364	314
peak_12710	chr6	170223735	170224235	.	501	182	422	586	346	476	390
peak_12711	chr6	170224736	170225283	.	548	346	640	676	436	484	428
peak_12712	chr6	170229981	170230390	.	410	256	386	504	346	546	428
peak_12713	chr6	170250810	170251462	.	653	254	402	336	320	410	276
peak_12714	chr6	170280029	170280695	.	667	390	690	802	476	770	468
peak_12715	chr6	170438303	170440354	.	2052	1148	2228	2340	1266	1900	1278
peak_12716	chr6	170507889	170508182	.	294	92	160	108	182	228	176
peak_12717	chr6	170508973	170509470	.	498	122	204	144	192	290	224
peak_12718	chr7	55773	56683	.	911	728	1180	1248	728	942	652
peak_12719	chr7	62935	63791	.	857	558	1144	1326	796	1022	762
peak_12720	chr7	86174	88839	.	2666	1168	1962	2242	762	806	650
peak_12721	chr7	88952	89926	.	975	632	1268	1262	866	990	774
peak_12722	chr7	101957	102288	.	332	144	450	412	362	470	370
peak_12723	chr7	105044	105442	.	399	206	292	290	276	416	312
peak_12724	chr7	166238	168391	.	2154	1006	1514	1592	698	776	536
peak_12725	chr7	176677	177507	.	831	408	822	802	492	656	388
peak_12726	chr7	220459	220929	.	471	224	446	592	310	468	380
peak_12727	chr7	222906	223725	.	820	382	776	860	506	714	438
peak_12728	chr7	280537	281023	.	487	344	518	462	278	500	290
peak_12729	chr7	318314	319840	.	1527	734	1582	1600	1028	1432	962
peak_12730	chr7	339594	340947	.	1354	678	1192	1074	378	372	238
peak_12731	chr7	348919	349969	.	1051	630	1208	1424	810	1286	928
peak_12732	chr7	357152	357475	.	324	166	294	370	290	422	378
peak_12733	chr7	466861	468226	.	1366	554	730	692	900	914	654
peak_12734	chr7	468339	469106	.	768	312	490	604	610	607	464
peak_12735	chr7	492423	492991	.	569	236	616	590	320	458	338
peak_12736	chr7	512747	513874	.	1128	480	1232	1298	568	676	462
peak_12737	chr7	531745	533169	.	1425	672	1282	1316	314	332	332
peak_12738	chr7	578941	579640	.	700	382	492	610	412	458	328
peak_12739	chr7	651170	651650	.	481	284	498	482	430	544	482
peak_12740	chr7	992658	993606	.	949	564	1286	1102	372	604	464
peak_12741	chr7	1087974	1088947	.	974	864	1376	1366	692	794	516
peak_12742	chr7	1121957	1122419	.	463	244	500	468	272	386	244
peak_12743	chr7	1176179	1177354	.	1176	690	1510	1508	1078	1498	1000
peak_12744	chr7	1318707	1319146	.	440	242	328	406	344	390	272
peak_12745	chr7	1355257	1356316	.	1060	642	982	996	440	520	378
peak_12746	chr7	1432570	1433001	.	432	280	570	634	454	456	386
peak_12747	chr7	1442720	1443075	.	356	202	432	490	336	440	286
peak_12748	chr7	1462430	1463065	.	636	326	902	862	526	810	460
peak_12749	chr7	1520162	1521191	.	1030	658	1134	1188	780	928	726
peak_12750	chr7	1559156	1560222	.	1067	732	1684	1926	870	1182	866
peak_12751	chr7	1608960	1609387	.	428	210	388	394	328	368	270
peak_12752	chr7	1611697	1612265	.	569	504	1036	1094	628	952	626
peak_12753	chr7	1807757	1808742	.	986	710	744	724	1240	1068	692
peak_12754	chr7	1852993	1853742	.	750	512	960	1026	520	676	558
peak_12755	chr7	1883037	1885437	.	2401	1440	2694	2734	1386	1788	1168
peak_12756	chr7	1888833	1890509	.	1677	890	1554	1568	960	1080	716
peak_12757	chr7	1930681	1931191	.	511	302	568	606	400	552	408
peak_12758	chr7	1942426	1942982	.	557	430	634	710	386	422	250
peak_12759	chr7	1950388	1953131	.	2744	966	1990	2038	934	1052	752
peak_12760	chr7	1961688	1962297	.	610	500	1228	772	796	1224	676
peak_12761	chr7	2009099	2010021	.	923	600	1222	1062	556	792	586
peak_12762	chr7	2151281	2152691	.	1411	614	972	1148	610	628	456
peak_12763	chr7	2158622	2159563	.	942	524	890	830	728	920	550
peak_12764	chr7	2208669	2209937	.	1269	868	1498	1456	1076	1186	734
peak_12765	chr7	2242637	2243490	.	854	522	1046	1000	692	770	504
peak_12766	chr7	2451707	2452477	.	771	386	1102	1080	566	756	586
peak_12767	chr7	2503293	2503670	.	378	224	520	450	264	400	270
peak_12768	chr7	2508543	2509308	.	766	442	1022	1012	708	922	646
peak_12769	chr7	2515335	2519954	.	4620	2520	5310	5376	2356	3128	2092
peak_12770	chr7	2554047	2556045	.	1999	1078	2550	2500	1000	1222	838
peak_12771	chr7	2579762	2580288	.	527	230	376	462	526	602	382
peak_12772	chr7	2602306	2602855	.	550	340	560	496	360	412	288
peak_12773	chr7	2631170	2631933	.	764	724	1592	1724	856	900	714
peak_12774	chr7	2632073	2636246	.	4174	1670	3620	3850	1840	2048	1430
peak_12775	chr7	2643391	2645829	.	2439	1082	1922	2064	578	716	500
peak_12776	chr7	2668366	2668742	.	377	210	378	388	342	554	328
peak_12777	chr7	2669783	2670312	.	530	332	546	564	350	464	306
peak_12778	chr7	2680680	2681208	.	529	252	562	534	372	460	312
peak_12779	chr7	2701622	2702217	.	596	406	792	788	518	708	426
peak_12780	chr7	2757320	2758181	.	862	526	898	758	800	860	612
peak_12781	chr7	2758233	2758961	.	729	684	1118	1126	788	1006	640
peak_12782	chr7	2856589	2857145	.	557	260	482	494	430	416	240
peak_12783	chr7	2878916	2879699	.	784	486	602	628	744	670	474
peak_12784	chr7	3162949	3163588	.	640	244	398	356	398	510	398
peak_12785	chr7	3244200	3244720	.	521	254	378	422	498	562	406
peak_12786	chr7	3300085	3300498	.	414	234	518	482	418	512	398
peak_12787	chr7	3755765	3756104	.	340	190	108	128	268	256	188
peak_12788	chr7	3770986	3771418	.	433	254	278	358	390	414	302
peak_12789	chr7	3911401	3911956	.	556	210	310	346	346	420	304
peak_12790	chr7	3936940	3937452	.	513	282	426	512	330	462	308
peak_12791	chr7	4028187	4028613	.	427	152	298	258	362	450	448
peak_12792	chr7	4134612	4135053	.	442	294	618	668	382	466	382
peak_12793	chr7	4145343	4145800	.	458	324	644	724	514	476	408
peak_12794	chr7	4260216	4261043	.	828	272	638	534	668	1062	624
peak_12795	chr7	4282741	4283333	.	593	420	800	880	676	846	658
peak_12796	chr7	4620342	4620771	.	430	170	412	486	432	442	334
peak_12797	chr7	4800327	4801502	.	1176	894	1924	1928	1152	1342	984
peak_12798	chr7	5073223	5074061	.	839	806	1176	1368	966	1158	898
peak_12799	chr7	5549219	5549639	.	421	244	526	612	362	364	240
peak_12800	chr7	5569244	5569816	.	573	878	1552	1580	1092	1280	992
peak_12801	chr7	5594091	5596339	.	2249	1360	2312	2452	1592	1872	1308
peak_12802	chr7	5621596	5622089	.	494	320	534	638	306	428	294
peak_12803	chr7	5678372	5678969	.	598	392	568	558	266	282	150
peak_12804	chr7	5822637	5823163	.	527	466	774	728	538	746	450
peak_12805	chr7	5843087	5843366	.	280	108	236	212	272	324	238
peak_12806	chr7	6031388	6031990	.	603	388	556	514	544	726	396
peak_12807	chr7	6095846	6097579	.	1734	888	1442	1574	1212	1504	992
peak_12808	chr7	6178397	6179009	.	613	390	644	586	578	618	432
peak_12809	chr7	6179900	6180535	.	636	552	914	980	800	932	642
peak_12810	chr7	6282776	6283402	.	627	660	1440	1096	844	1196	662
peak_12811	chr7	6446599	6448092	.	1494	878	1798	2002	944	1272	866
peak_12812	chr7	6505692	6506530	.	839	918	1624	1714	774	1060	722
peak_12813	chr7	6507555	6511386	.	3832	2222	3972	3986	1734	1846	1278
peak_12814	chr7	6616076	6616557	.	482	432	776	810	422	478	372
peak_12815	chr7	6635077	6635542	.	466	230	428	484	390	572	392
peak_12816	chr7	6641575	6642170	.	596	386	704	834	500	512	400
peak_12817	chr7	6833134	6834937	.	1804	1712	1780	1730	2834	2592	1780
peak_12818	chr7	6936453	6936955	.	503	160	288	214	266	314	248
peak_12819	chr7	6938266	6938720	.	455	178	314	262	250	278	160
peak_12820	chr7	7178911	7179327	.	417	252	378	282	446	514	386
peak_12821	chr7	8214252	8214634	.	383	96	180	156	204	284	162
peak_12822	chr7	12066009	12066341	.	333	92	154	124	270	300	172
peak_12823	chr7	12256159	12256618	.	460	90	104	78	224	296	162
peak_12824	chr7	12686398	12687765	.	1368	810	2090	1612	1016	1494	862
peak_12825	chr7	17679446	17679747	.	302	122	226	194	290	294	186
peak_12826	chr7	21903037	21903662	.	626	192	268	314	438	528	384
peak_12827	chr7	22000000	22000472	.	473	76	154	172	244	236	184
peak_12828	chr7	23216203	23216396	.	194	52	136	122	154	196	138
peak_12829	chr7	24026361	24026757	.	397	108	134	200	184	254	182
peak_12830	chr7	24721545	24722131	.	587	264	400	446	442	516	352
peak_12831	chr7	24786990	24787504	.	515	196	444	298	332	484	336
peak_12832	chr7	24821406	24821844	.	439	214	532	430	342	452	324
peak_12833	chr7	25124620	25125935	.	1316	708	1558	1320	704	1002	708
peak_12834	chr7	25537291	25538206	.	916	294	460	452	482	702	448
peak_12835	chr7	25568282	25568819	.	538	248	334	410	336	450	270
peak_12836	chr7	26105029	26105611	.	583	260	376	544	316	472	314
peak_12837	chr7	26321457	26322043	.	587	226	448	428	470	712	408
peak_12838	chr7	26499477	26499997	.	521	244	488	524	414	562	420
peak_12839	chr7	26596905	26597772	.	868	438	686	710	754	1140	706
peak_12840	chr7	26603657	26604043	.	387	352	576	490	526	686	460
peak_12841	chr7	27975130	27975625	.	496	334	522	584	798	1126	802
peak_12842	chr7	28053001	28053255	.	255	102	188	150	246	354	180
peak_12843	chr7	29749365	29749965	.	601	344	670	666	606	778	590
peak_12844	chr7	29750507	29750819	.	313	100	230	278	194	288	178
peak_12845	chr7	29809875	29810416	.	542	324	438	456	254	226	152
peak_12846	chr7	30093299	30094065	.	767	280	430	526	402	570	484
peak_12847	chr7	30271479	30271912	.	434	126	236	216	254	356	236
peak_12848	chr7	30284078	30285435	.	1358	610	2160	1798	646	1110	738
peak_12849	chr7	30413033	30413496	.	464	242	338	440	406	588	412
peak_12850	chr7	30471064	30471577	.	514	254	402	472	388	338	268
peak_12851	chr7	30512046	30512621	.	576	430	504	506	484	614	368
peak_12852	chr7	30521557	30521999	.	443	262	534	536	510	762	594
peak_12853	chr7	30550008	30550369	.	362	114	198	180	266	360	240
peak_12854	chr7	30658355	30659046	.	692	416	664	682	632	740	558
peak_12855	chr7	30680524	30681380	.	857	438	758	660	478	658	408
peak_12856	chr7	30703833	30704232	.	400	168	250	290	436	372	272
peak_12857	chr7	30750921	30753265	.	2345	996	1630	1826	1062	1214	818
peak_12858	chr7	30795089	30795742	.	654	314	382	440	330	326	252
peak_12859	chr7	30858682	30860934	.	2253	1166	2110	1980	978	1018	730
peak_12860	chr7	30908815	30909724	.	910	488	862	994	674	1000	620
peak_12861	chr7	30912916	30913265	.	350	210	356	382	298	386	288
peak_12862	chr7	30963356	30965053	.	1698	790	1338	1482	644	750	536
peak_12863	chr7	31019353	31020615	.	1263	552	762	844	354	468	316
peak_12864	chr7	31036807	31037873	.	1067	422	772	866	340	380	338
peak_12865	chr7	31073968	31074827	.	860	376	682	640	486	550	402
peak_12866	chr7	31077673	31078783	.	1111	440	860	864	648	874	488
peak_12867	chr7	31116518	31117019	.	502	218	354	466	520	534	356
peak_12868	chr7	31970772	31970971	.	200	74	74	76	164	130	100
peak_12869	chr7	31971228	31971727	.	500	140	232	316	318	450	298
peak_12870	chr7	32206721	32207278	.	558	300	534	570	408	558	384
peak_12871	chr7	32250018	32250646	.	629	186	382	436	482	592	434
peak_12872	chr7	32364621	32365625	.	1005	382	740	742	532	584	452
peak_12873	chr7	32616635	32617050	.	416	406	536	586	514	692	472
peak_12874	chr7	32998361	32998620	.	260	110	134	160	144	174	118
peak_12875	chr7	33079541	33080042	.	502	282	422	460	506	764	586
peak_12876	chr7	33722348	33723162	.	815	346	748	904	558	824	478
peak_12877	chr7	33856659	33857052	.	394	96	204	182	272	308	292
peak_12878	chr7	33979785	33980305	.	521	152	328	284	398	478	312
peak_12879	chr7	35337696	35338238	.	543	176	182	258	298	362	228
peak_12880	chr7	35353420	35353805	.	386	180	312	252	318	404	294
peak_12881	chr7	35355719	35356062	.	344	142	198	172	190	278	204
peak_12882	chr7	35780149	35780467	.	319	128	222	190	236	274	210
peak_12883	chr7	36115540	36116158	.	619	546	1088	800	672	974	648
peak_12884	chr7	36127207	36127619	.	413	184	450	480	410	550	420
peak_12885	chr7	36129080	36129556	.	477	302	702	612	668	894	542
peak_12886	chr7	36152570	36153351	.	782	768	3510	2460	890	1542	1094
peak_12887	chr7	36182582	36183458	.	877	414	646	686	648	768	436
peak_12888	chr7	36262589	36263004	.	416	190	296	268	326	492	320
peak_12889	chr7	36272829	36273178	.	350	140	244	248	224	298	222
peak_12890	chr7	36303844	36304473	.	630	314	520	466	432	520	342
peak_12891	chr7	36472509	36473151	.	643	320	466	486	428	424	296
peak_12892	chr7	36473725	36474125	.	401	320	530	492	392	402	302
peak_12893	chr7	36828018	36828377	.	360	86	132	184	248	284	222
peak_12894	chr7	38341198	38341791	.	594	294	522	552	306	366	300
peak_12895	chr7	38368153	38368531	.	379	242	418	558	196	396	214
peak_12896	chr7	38448902	38449118	.	217	62	74	78	166	232	166
peak_12897	chr7	38561063	38561589	.	527	320	552	552	676	880	660
peak_12898	chr7	38670160	38670773	.	614	286	504	614	548	640	510
peak_12899	chr7	38673887	38674163	.	277	126	130	220	208	242	220
peak_12900	chr7	39174502	39174921	.	420	134	182	138	294	194	160
peak_12901	chr7	39688741	39689319	.	579	232	460	480	480	698	480
peak_12902	chr7	40521105	40521443	.	339	68	100	98	206	266	184
peak_12903	chr7	40579552	40579812	.	261	124	180	106	158	222	170
peak_12904	chr7	41029070	41029550	.	481	360	764	544	608	794	544
peak_12905	chr7	41035673	41036222	.	550	172	236	258	226	360	224
peak_12906	chr7	41047924	41048261	.	338	184	354	316	314	342	228
peak_12907	chr7	41916436	41916843	.	408	242	636	498	456	608	326
peak_12908	chr7	41918349	41919071	.	723	170	244	222	330	456	268
peak_12909	chr7	42097780	42098235	.	456	280	586	614	602	710	456
peak_12910	chr7	42382589	42382935	.	347	106	102	142	190	254	208
peak_12911	chr7	43220270	43220593	.	324	202	284	276	398	402	346
peak_12912	chr7	43270108	43270657	.	550	252	408	366	430	494	400
peak_12913	chr7	43302136	43302739	.	604	410	1010	1008	530	742	548
peak_12914	chr7	43363045	43363679	.	635	106	162	218	276	394	310
peak_12915	chr7	43522309	43522806	.	498	344	456	496	332	346	242
peak_12916	chr7	43807770	43808588	.	819	362	502	580	666	680	522
peak_12917	chr7	43856544	43857494	.	951	244	418	382	518	682	438
peak_12918	chr7	43954673	43954936	.	264	142	368	274	326	404	302
peak_12919	chr7	44096204	44097590	.	1387	672	1124	1216	380	378	362
peak_12920	chr7	44104921	44105932	.	1012	682	1356	1444	826	1086	838
peak_12921	chr7	44128464	44130048	.	1585	788	1458	1538	936	970	800
peak_12922	chr7	44150378	44151048	.	671	448	726	742	612	734	570
peak_12923	chr7	44151178	44152084	.	907	700	1306	1358	678	910	672
peak_12924	chr7	44153585	44154346	.	762	500	728	792	488	560	424
peak_12925	chr7	44184398	44184864	.	467	288	494	560	324	486	388
peak_12926	chr7	44222726	44223981	.	1256	870	1524	1462	1018	1394	936
peak_12927	chr7	44254857	44261338	.	6482	3106	5572	5906	3276	3676	2414
peak_12928	chr7	44281017	44282732	.	1716	914	1892	1990	1184	1458	1086
peak_12929	chr7	44284213	44284729	.	517	256	592	610	316	488	334
peak_12930	chr7	44325890	44326294	.	405	328	624	650	364	462	332
peak_12931	chr7	44329107	44330516	.	1410	634	1096	1132	374	350	264
peak_12932	chr7	44431071	44431641	.	571	224	410	348	480	430	344
peak_12933	chr7	44539771	44540760	.	990	706	1430	1574	874	1162	738
peak_12934	chr7	44565181	44565713	.	533	364	668	664	474	598	430
peak_12935	chr7	44617223	44618034	.	812	162	224	226	442	600	350
peak_12936	chr7	44678482	44679659	.	1178	546	784	786	920	1220	788
peak_12937	chr7	44748966	44751553	.	2588	1242	1890	1984	1082	984	848
peak_12938	chr7	44754691	44755088	.	398	264	510	512	302	348	236
peak_12939	chr7	44847393	44848893	.	1501	1118	3148	2948	1378	1704	1108
peak_12940	chr7	44856892	44857333	.	442	332	546	612	356	392	320
peak_12941	chr7	44971095	44972141	.	1047	810	1280	1354	808	870	668
peak_12942	chr7	45001405	45001666	.	262	174	280	342	260	342	276
peak_12943	chr7	45153278	45153843	.	566	334	566	556	574	732	542
peak_12944	chr7	45154592	45155059	.	468	316	638	596	338	542	394
peak_12945	chr7	45175033	45177905	.	2873	1184	1772	1898	1008	1166	890
peak_12946	chr7	45225285	45226138	.	854	388	710	750	562	648	498
peak_12947	chr7	45228953	45229513	.	561	356	552	674	374	480	348
peak_12948	chr7	45306135	45306430	.	296	100	166	238	214	236	170
peak_12949	chr7	45306850	45307200	.	351	178	294	348	350	520	360
peak_12950	chr7	45324650	45325042	.	393	200	282	316	372	572	374
peak_12951	chr7	45402829	45403179	.	351	114	228	182	288	494	274
peak_12952	chr7	45568584	45569199	.	616	362	702	834	524	774	514
peak_12953	chr7	45581270	45582539	.	1270	664	1046	1072	798	938	566
peak_12954	chr7	45586664	45587878	.	1215	726	1320	1260	784	1002	736
peak_12955	chr7	45590447	45591849	.	1403	912	1552	1588	948	1202	938
peak_12956	chr7	45644901	45647685	.	2785	1474	2216	2362	1260	1290	984
peak_12957	chr7	45649530	45650739	.	1210	630	810	892	736	948	652
peak_12958	chr7	45656791	45657753	.	963	394	688	568	492	500	354
peak_12959	chr7	45689349	45690311	.	963	500	760	834	704	926	556
peak_12960	chr7	45853119	45853432	.	314	218	356	282	288	336	250
peak_12961	chr7	45875758	45876306	.	549	218	242	284	354	398	252
peak_12962	chr7	45882096	45882386	.	291	98	196	224	172	256	246
peak_12963	chr7	46129011	46129588	.	578	174	212	218	274	440	398
peak_12964	chr7	46153879	46154630	.	752	620	826	974	714	942	748
peak_12965	chr7	46162550	46162973	.	424	196	494	434	326	444	318
peak_12966	chr7	46229488	46229779	.	292	146	188	176	268	276	260
peak_12967	chr7	46603517	46603863	.	347	176	206	210	218	318	208
peak_12968	chr7	46651116	46652194	.	1079	670	1012	1016	680	860	608
peak_12969	chr7	47252582	47253031	.	450	254	338	314	390	462	366
peak_12970	chr7	47253421	47254045	.	625	386	770	912	642	808	626
peak_12971	chr7	47255869	47256496	.	628	440	746	790	660	886	610
peak_12972	chr7	47282988	47283414	.	427	138	294	354	268	332	210
peak_12973	chr7	47283520	47284174	.	655	412	556	692	368	384	340
peak_12974	chr7	47354460	47355601	.	1142	728	1190	1276	836	960	694
peak_12975	chr7	47378603	47379100	.	498	284	562	510	378	512	336
peak_12976	chr7	47457586	47458482	.	897	556	972	782	644	864	622
peak_12977	chr7	47475176	47476477	.	1302	698	1392	1418	872	1130	852
peak_12978	chr7	47571589	47572424	.	836	498	930	952	556	724	574
peak_12979	chr7	47596523	47597130	.	608	432	776	716	508	740	420
peak_12980	chr7	47762797	47763566	.	770	380	710	712	372	384	320
peak_12981	chr7	47793095	47793395	.	301	70	88	92	236	242	150
peak_12982	chr7	47812552	47813105	.	554	244	330	328	368	422	234
peak_12983	chr7	47885194	47885988	.	795	392	616	696	468	574	448
peak_12984	chr7	48000155	48000517	.	363	270	776	518	362	590	288
peak_12985	chr7	48048118	48048543	.	426	184	310	378	366	502	370
peak_12986	chr7	48074274	48074674	.	401	116	190	140	294	414	220
peak_12987	chr7	48084751	48085341	.	591	484	1046	932	770	1250	798
peak_12988	chr7	48088087	48089624	.	1538	958	2210	2282	1224	1770	1124
peak_12989	chr7	48114527	48115300	.	774	392	714	758	520	538	424
peak_12990	chr7	48283450	48284026	.	577	226	278	418	420	376	322
peak_12991	chr7	48486676	48487261	.	586	244	326	344	420	548	360
peak_12992	chr7	50182929	50183784	.	856	522	674	740	872	1136	774
peak_12993	chr7	50192357	50192824	.	468	202	414	440	496	532	422
peak_12994	chr7	50197621	50197920	.	300	270	758	652	418	736	450
peak_12995	chr7	50335507	50336830	.	1324	962	1552	1742	1400	1734	1180
peak_12996	chr7	50356794	50357281	.	488	262	430	534	386	522	340
peak_12997	chr7	50360552	50360968	.	417	288	706	696	532	868	580
peak_12998	chr7	50531250	50531967	.	718	524	846	754	730	1068	648
peak_12999	chr7	50561924	50562685	.	762	416	668	796	490	582	358
peak_13000	chr7	50739803	50740381	.	579	220	318	300	406	476	364
peak_13001	chr7	50772988	50773309	.	322	116	164	200	346	450	328
peak_13002	chr7	50821333	50822018	.	686	550	926	980	872	1156	852
peak_13003	chr7	50969733	50970476	.	744	396	866	948	824	948	820
peak_13004	chr7	50980742	50981070	.	329	138	158	306	274	292	234
peak_13005	chr7	51009221	51009646	.	426	336	546	478	360	706	528
peak_13006	chr7	51010080	51010751	.	672	468	852	860	630	818	496
peak_13007	chr7	51045223	51046312	.	1090	958	1558	1352	1152	1632	936
peak_13008	chr7	51072302	51072651	.	350	226	426	360	530	628	446
peak_13009	chr7	51086299	51086588	.	290	212	390	390	254	348	316
peak_13010	chr7	51088864	51089267	.	404	198	316	304	336	442	292
peak_13011	chr7	51224864	51225603	.	740	514	940	1006	760	930	708
peak_13012	chr7	51278647	51279168	.	522	256	382	428	444	460	332
peak_13013	chr7	51300414	51301038	.	625	356	786	676	536	672	474
peak_13014	chr7	51303234	51303746	.	513	226	414	486	344	404	356
peak_13015	chr7	51345965	51346679	.	715	296	456	480	590	748	448
peak_13016	chr7	51520362	51521418	.	1057	496	670	698	732	744	488
peak_13017	chr7	52902331	52902757	.	427	198	416	344	388	578	430
peak_13018	chr7	54109542	54109778	.	237	98	128	100	252	256	158
peak_13019	chr7	54968971	54969597	.	627	176	250	298	406	566	374
peak_13020	chr7	55066537	55067118	.	582	366	438	452	554	604	374
peak_13021	chr7	55073928	55074338	.	411	334	640	750	534	730	540
peak_13022	chr7	55130754	55131286	.	533	446	710	770	514	674	494
peak_13023	chr7	55132619	55134331	.	1713	1130	2370	2338	1364	1494	1076
peak_13024	chr7	55158953	55159581	.	629	330	592	570	508	602	416
peak_13025	chr7	55240482	55241234	.	753	468	778	826	904	948	726
peak_13026	chr7	55271338	55272104	.	767	548	712	856	682	776	580
peak_13027	chr7	55272357	55273400	.	1044	696	1068	1010	724	942	642
peak_13028	chr7	55276447	55277380	.	934	548	754	746	642	642	470
peak_13029	chr7	55369787	55370336	.	550	268	394	376	568	594	366
peak_13030	chr7	55410579	55411304	.	726	336	374	386	642	604	406
peak_13031	chr7	55476464	55477647	.	1184	736	1430	1524	908	962	670
peak_13032	chr7	55513889	55514132	.	244	192	296	352	324	410	270
peak_13033	chr7	55517915	55518831	.	917	478	646	808	794	982	820
peak_13034	chr7	55532917	55533705	.	789	286	556	570	426	552	306
peak_13035	chr7	55534304	55535215	.	912	504	1028	974	670	800	624
peak_13036	chr7	55545306	55545891	.	586	364	600	776	456	552	442
peak_13037	chr7	55588183	55589003	.	821	616	1150	1254	600	712	570
peak_13038	chr7	55593928	55594617	.	690	486	1052	1008	568	656	566
peak_13039	chr7	55688930	55689679	.	750	348	518	486	388	478	392
peak_13040	chr7	55883646	55884419	.	774	520	726	752	698	848	534
peak_13041	chr7	56106131	56106773	.	643	614	1294	1472	950	1030	706
peak_13042	chr7	56110674	56111297	.	624	278	450	524	732	708	562
peak_13043	chr7	56447628	56448882	.	1255	516	1042	1076	624	876	554
peak_13044	chr7	56663594	56664186	.	593	194	240	238	352	354	230
peak_13045	chr7	64232573	64233053	.	481	180	264	268	372	382	296
peak_13046	chr7	64283809	64285150	.	1342	450	548	632	824	808	590
peak_13047	chr7	64288191	64288796	.	606	238	320	402	426	556	356
peak_13048	chr7	64292089	64292773	.	685	302	408	380	520	658	446
peak_13049	chr7	64293766	64294569	.	804	298	426	376	436	672	480
peak_13050	chr7	64296030	64296661	.	632	294	550	566	472	514	490
peak_13051	chr7	64300490	64301327	.	838	312	558	506	828	1034	722
peak_13052	chr7	64400235	64401591	.	1357	536	636	742	842	792	578
peak_13053	chr7	64598847	64600385	.	1539	658	964	996	1142	1290	918
peak_13054	chr7	64604360	64605783	.	1424	604	842	962	968	1108	726
peak_13055	chr7	64608672	64609836	.	1165	640	818	914	940	1052	782
peak_13056	chr7	64611008	64612121	.	1114	544	724	800	860	1102	734
peak_13057	chr7	64612300	64612800	.	501	204	224	302	292	390	216
peak_13058	chr7	64613638	64615751	.	2114	894	1316	1600	1608	1726	1406
peak_13059	chr7	64634399	64634998	.	600	286	424	470	498	674	444
peak_13060	chr7	64637858	64639946	.	2089	1106	1464	1400	1138	1152	886
peak_13061	chr7	64650974	64652164	.	1191	672	888	944	880	852	716
peak_13062	chr7	64655441	64657024	.	1584	610	982	866	982	1062	828
peak_13063	chr7	65980494	65981126	.	633	354	742	690	574	628	556
peak_13064	chr7	65984028	65984605	.	578	330	448	456	450	604	334
peak_13065	chr7	66050712	66051554	.	843	384	714	702	438	582	334
peak_13066	chr7	66054126	66054626	.	501	306	512	636	438	482	342
peak_13067	chr7	66107191	66107877	.	687	476	858	970	794	1012	676
peak_13068	chr7	66110802	66111420	.	619	356	720	696	522	774	524
peak_13069	chr7	66330931	66331250	.	320	104	156	186	200	246	180
peak_13070	chr7	66432181	66432574	.	394	128	224	204	342	318	194
peak_13071	chr7	66493288	66494040	.	753	438	1070	850	484	740	486
peak_13072	chr7	66499824	66500434	.	611	388	636	686	802	984	636
peak_13073	chr7	66571718	66571928	.	211	102	170	150	280	320	178
peak_13074	chr7	66952363	66952997	.	635	268	424	434	404	552	378
peak_13075	chr7	67045236	67045503	.	268	60	92	102	152	198	132
peak_13076	chr7	67262330	67262563	.	234	100	170	164	136	178	114
peak_13077	chr7	67267425	67267772	.	348	236	310	262	228	318	176
peak_13078	chr7	67269868	67270174	.	307	64	120	114	144	192	130
peak_13079	chr7	67378188	67378903	.	716	338	466	664	504	626	438
peak_13080	chr7	67484120	67484425	.	306	218	278	264	404	466	294
peak_13081	chr7	67530547	67530869	.	323	72	136	128	176	284	232
peak_13082	chr7	67937654	67938473	.	820	368	466	554	514	752	454
peak_13083	chr7	68269535	68269994	.	460	248	430	446	452	650	392
peak_13084	chr7	68304635	68304918	.	284	90	152	126	250	352	304
peak_13085	chr7	68321884	68322523	.	640	294	408	412	668	754	514
peak_13086	chr7	68508917	68509538	.	622	270	200	232	436	462	352
peak_13087	chr7	69246649	69247210	.	562	270	484	526	466	676	516
peak_13088	chr7	69367907	69368094	.	188	156	264	148	176	218	204
peak_13089	chr7	69381211	69381847	.	637	326	434	464	546	718	568
peak_13090	chr7	69399261	69399753	.	493	320	432	480	446	654	352
peak_13091	chr7	69412650	69412957	.	308	216	412	400	304	480	300
peak_13092	chr7	71211107	71211453	.	347	100	112	138	234	248	178
peak_13093	chr7	71238571	71239201	.	631	388	472	512	488	510	300
peak_13094	chr7	71494026	71494439	.	414	136	162	182	312	338	240
peak_13095	chr7	71723824	71724217	.	394	172	222	274	276	384	278
peak_13096	chr7	72084896	72085240	.	345	100	102	182	254	266	214
peak_13097	chr7	72268812	72269120	.	309	92	134	102	144	228	186
peak_13098	chr7	72405217	72405703	.	487	216	328	366	484	556	376
peak_13099	chr7	72435996	72436799	.	804	382	574	590	684	1090	742
peak_13100	chr7	72543850	72544036	.	187	64	136	136	126	196	82
peak_13101	chr7	72544612	72544884	.	273	128	176	174	224	282	226
peak_13102	chr7	72546624	72547005	.	382	186	396	440	326	438	272
peak_13103	chr7	72547080	72547462	.	383	152	338	356	312	414	256
peak_13104	chr7	73341887	73342281	.	395	258	418	274	422	560	280
peak_13105	chr7	73367699	73368193	.	495	142	256	336	238	370	244
peak_13106	chr7	73430581	73432194	.	1614	966	1280	1454	986	1138	642
peak_13107	chr7	73435601	73437317	.	1717	866	1368	1462	852	850	626
peak_13108	chr7	73559774	73560592	.	819	550	852	886	554	748	494
peak_13109	chr7	73578154	73579156	.	1003	1290	4874	3010	946	1522	894
peak_13110	chr7	73587812	73588204	.	393	204	538	538	358	510	330
peak_13111	chr7	73706511	73707485	.	975	558	1036	1062	708	848	530
peak_13112	chr7	73715510	73716228	.	719	408	1040	868	368	382	314
peak_13113	chr7	73717378	73718998	.	1621	776	1304	1364	604	826	602
peak_13114	chr7	73726619	73727105	.	487	286	486	506	170	218	108
peak_13115	chr7	73865195	73865911	.	717	320	710	716	438	444	326
peak_13116	chr7	73892632	73895355	.	2724	1434	3000	2768	1328	1738	1190
peak_13117	chr7	74003699	74004066	.	368	140	332	302	278	400	262
peak_13118	chr7	74020169	74020736	.	568	252	514	384	336	464	314
peak_13119	chr7	74031948	74032537	.	590	286	500	522	208	294	200
peak_13120	chr7	74044857	74045374	.	518	304	652	592	402	560	410
peak_13121	chr7	74094119	74094772	.	654	314	710	810	456	728	388
peak_13122	chr7	74097991	74098663	.	673	422	768	846	904	1168	834
peak_13123	chr7	74133475	74134137	.	663	258	592	594	400	560	342
peak_13124	chr7	74307766	74308455	.	690	268	564	640	444	552	324
peak_13125	chr7	74428842	74429397	.	556	250	420	448	348	370	258
peak_13126	chr7	74477739	74478632	.	894	518	966	938	652	1062	640
peak_13127	chr7	74617194	74617657	.	464	260	710	676	430	612	424
peak_13128	chr7	75738338	75739920	.	1583	834	2531	2371	866	1167	892
peak_13129	chr7	75791527	75791882	.	356	154	334	360	278	262	196
peak_13130	chr7	75882808	75883500	.	693	370	676	736	572	668	472
peak_13131	chr7	75943988	75944450	.	463	142	300	292	332	346	310
peak_13132	chr7	75950212	75950965	.	754	256	556	552	490	662	416
peak_13133	chr7	76189124	76189724	.	601	330	494	506	362	484	304
peak_13134	chr7	76206362	76207102	.	741	416	690	866	280	352	236
peak_13135	chr7	76219811	76220502	.	692	316	574	588	362	432	288
peak_13136	chr7	76300156	76300693	.	538	376	640	500	470	476	324
peak_13137	chr7	76322591	76323099	.	509	172	258	272	312	404	276
peak_13138	chr7	76343239	76343777	.	539	266	406	436	482	532	334
peak_13139	chr7	76365607	76366396	.	790	346	496	574	282	314	176
peak_13140	chr7	76420898	76421428	.	531	360	1076	804	618	1122	592
peak_13141	chr7	76423267	76423738	.	472	488	980	632	624	870	414
peak_13142	chr7	77308773	77309521	.	749	780	1252	1414	1112	1410	1018
peak_13143	chr7	77316195	77316520	.	326	256	372	382	352	420	446
peak_13144	chr7	77714944	77715242	.	299	124	136	100	232	294	156
peak_13145	chr7	77797877	77799029	.	1153	946	2486	2526	1462	2090	1400
peak_13146	chr7	80763197	80763640	.	444	156	234	232	494	552	380
peak_13147	chr7	80883553	80883967	.	415	200	364	336	342	444	302
peak_13148	chr7	81160982	81161198	.	217	88	310	230	182	276	162
peak_13149	chr7	81211599	81211968	.	370	296	384	378	418	596	452
peak_13150	chr7	82333324	82333694	.	371	86	182	186	194	244	210
peak_13151	chr7	87253703	87254051	.	349	102	134	110	232	338	170
peak_13152	chr7	87318833	87319501	.	669	286	402	422	286	206	154
peak_13153	chr7	88664694	88665046	.	353	218	304	310	250	278	294
peak_13154	chr7	90620618	90621463	.	846	204	280	324	468	490	396
peak_13155	chr7	93231829	93232893	.	1065	874	1492	1422	908	1056	642
peak_13156	chr7	93576192	93576487	.	296	328	516	474	438	588	316
peak_13157	chr7	93693743	93694087	.	345	102	124	162	278	370	206
peak_13158	chr7	96085060	96085485	.	426	174	248	276	296	346	246
peak_13159	chr7	96326813	96327135	.	323	106	118	134	288	332	196
peak_13160	chr7	96346594	96346998	.	405	124	232	200	332	450	288
peak_13161	chr7	96400103	96400335	.	233	56	104	92	176	178	150
peak_13162	chr7	97422108	97422682	.	575	116	264	206	350	498	316
peak_13163	chr7	97964489	97965930	.	1442	344	388	382	840	896	468
peak_13164	chr7	98113016	98113419	.	404	90	158	148	244	262	166
peak_13165	chr7	98283293	98283557	.	265	144	274	310	304	332	216
peak_13166	chr7	98418739	98419193	.	455	292	690	614	396	550	354
peak_13167	chr7	98819855	98820181	.	327	204	266	270	274	296	182
peak_13168	chr7	99267512	99268109	.	598	500	1228	1122	658	1050	726
peak_13169	chr7	99274116	99274652	.	537	310	688	752	488	650	402
peak_13170	chr7	99380414	99382193	.	1780	968	1778	1614	1162	1294	954
peak_13171	chr7	99446130	99446732	.	603	222	420	382	390	470	400
peak_13172	chr7	99748981	99749490	.	510	162	186	262	300	378	238
peak_13173	chr7	99780686	99781191	.	506	176	258	256	340	416	308
peak_13174	chr7	100053177	100053539	.	363	134	258	296	342	388	274
peak_13175	chr7	100120119	100120782	.	664	500	670	696	530	542	332
peak_13176	chr7	100148689	100149025	.	337	458	1334	1020	604	1134	608
peak_13177	chr7	100429106	100431038	.	1933	1278	3010	2438	1246	1712	1156
peak_13178	chr7	100444219	100445051	.	833	368	842	852	480	628	448
peak_13179	chr7	100509124	100509900	.	777	312	716	728	450	672	404
peak_13180	chr7	100584575	100585254	.	680	268	630	662	402	518	284
peak_13181	chr7	100641925	100642967	.	1043	448	854	848	694	846	574
peak_13182	chr7	100647183	100648363	.	1181	466	696	788	492	506	428
peak_13183	chr7	100763641	100764145	.	505	346	546	452	346	410	268
peak_13184	chr7	100791817	100792307	.	491	280	538	548	384	494	474
peak_13185	chr7	100896012	100896933	.	922	430	956	956	698	926	642
peak_13186	chr7	100910691	100911182	.	492	134	232	230	260	294	252
peak_13187	chr7	100915064	100915374	.	311	230	334	310	250	294	234
peak_13188	chr7	101077233	101077838	.	606	384	662	656	424	462	288
peak_13189	chr7	101100116	101101469	.	1354	744	1540	1430	720	994	722
peak_13190	chr7	101117111	101117838	.	728	518	988	962	666	706	628
peak_13191	chr7	101126194	101127128	.	935	772	1616	1354	954	1314	760
peak_13192	chr7	101159762	101160607	.	846	392	1002	1002	548	896	602
peak_13193	chr7	101289529	101290240	.	712	210	450	396	184	198	182
peak_13194	chr7	101442526	101443157	.	632	366	486	434	476	626	396
peak_13195	chr7	101548027	101548556	.	530	404	586	600	530	716	404
peak_13196	chr7	101659233	101660041	.	809	244	340	406	336	494	300
peak_13197	chr7	101685892	101686601	.	710	564	776	640	548	750	444
peak_13198	chr7	101728985	101729980	.	996	676	1628	1330	956	1118	820
peak_13199	chr7	101780302	101780777	.	476	200	332	328	326	406	310
peak_13200	chr7	101882545	101883189	.	645	344	584	686	414	536	382
peak_13201	chr7	102063733	102065020	.	1288	596	1116	1206	670	816	564
peak_13202	chr7	102079133	102079657	.	525	358	536	402	480	704	410
peak_13203	chr7	102125043	102125669	.	627	484	962	1094	598	822	628
peak_13204	chr7	102222320	102222772	.	453	256	496	570	416	596	436
peak_13205	chr7	102272945	102274564	.	1620	760	1454	1390	854	942	620
peak_13206	chr7	102440214	102440734	.	521	252	478	540	340	546	326
peak_13207	chr7	102748656	102749079	.	424	382	1312	752	542	694	368
peak_13208	chr7	103380413	103381036	.	624	270	328	336	540	454	336
peak_13209	chr7	104705986	104706420	.	435	130	182	194	298	352	262
peak_13210	chr7	104813573	104813767	.	195	116	184	152	158	174	112
peak_13211	chr7	104963622	104964242	.	621	318	520	644	570	730	482
peak_13212	chr7	105580025	105580428	.	404	394	622	594	594	666	520
peak_13213	chr7	105773083	105773446	.	364	102	164	162	238	294	192
peak_13214	chr7	105831878	105832100	.	223	94	142	110	232	352	202
peak_13215	chr7	106283932	106285798	.	1867	1266	3280	3080	1370	2230	1308
peak_13216	chr7	106371565	106371885	.	321	174	234	178	238	304	222
peak_13217	chr7	106468678	106469421	.	744	106	156	186	308	436	302
peak_13218	chr7	107168027	107169110	.	1084	814	1776	1666	980	1292	832
peak_13219	chr7	108222591	108222922	.	332	110	240	288	308	418	210
peak_13220	chr7	108442089	108442438	.	350	186	326	320	344	444	334
peak_13221	chr7	108525377	108526670	.	1294	628	1546	1540	790	1076	726
peak_13222	chr7	108569253	108570700	.	1448	958	2138	2152	1190	1588	1016
peak_13223	chr7	108584127	108584622	.	496	66	172	206	316	374	264
peak_13224	chr7	108589850	108590223	.	374	144	252	254	332	432	218
peak_13225	chr7	108674130	108674450	.	321	100	130	76	220	312	194
peak_13226	chr7	109641530	109642117	.	588	194	246	210	348	418	278
peak_13227	chr7	111053313	111053676	.	364	102	226	188	286	334	254
peak_13228	chr7	112391799	112392199	.	401	272	496	332	230	322	194
peak_13229	chr7	112422787	112423175	.	389	180	260	290	280	338	200
peak_13230	chr7	112834590	112834902	.	313	108	108	154	290	368	202
peak_13231	chr7	114048433	114049174	.	742	368	618	632	790	1050	696
peak_13232	chr7	114309585	114309864	.	280	86	92	118	202	222	126
peak_13233	chr7	117229305	117229661	.	357	90	148	94	188	234	208
peak_13234	chr7	117771934	117772288	.	355	46	146	138	168	222	128
peak_13235	chr7	120645173	120645830	.	658	326	190	174	502	332	310
peak_13236	chr7	122988292	122988585	.	294	122	120	140	178	224	170
peak_13237	chr7	128137077	128137537	.	461	224	362	408	308	290	222
peak_13238	chr7	128163665	128164314	.	650	368	550	672	496	706	544
peak_13239	chr7	128236878	128237270	.	393	112	156	160	226	212	164
peak_13240	chr7	128313597	128313960	.	364	122	212	254	268	416	266
peak_13241	chr7	128366276	128366743	.	468	174	320	386	246	338	264
peak_13242	chr7	128827240	128828532	.	1293	670	1324	1366	780	1040	802
peak_13243	chr7	129213928	129214311	.	384	150	258	238	238	246	182
peak_13244	chr7	129824784	129825865	.	1082	422	1010	1056	332	566	438
peak_13245	chr7	130009845	130010794	.	950	602	1158	1180	986	1234	832
peak_13246	chr7	130224842	130225385	.	544	218	344	328	362	446	280
peak_13247	chr7	130369135	130369625	.	491	206	364	330	290	330	276
peak_13248	chr7	130913242	130913791	.	550	288	566	566	426	616	368
peak_13249	chr7	130959807	130960141	.	335	172	268	234	236	340	162
peak_13250	chr7	131630413	131630772	.	360	210	338	330	248	386	226
peak_13251	chr7	131844070	131844726	.	657	268	334	334	220	290	160
peak_13252	chr7	131895712	131896142	.	431	260	702	498	414	534	342
peak_13253	chr7	132251441	132251863	.	423	208	336	346	180	216	134
peak_13254	chr7	132430965	132432029	.	1065	470	764	738	638	894	628
peak_13255	chr7	132441779	132442235	.	457	190	192	218	304	282	246
peak_13256	chr7	133853634	133854550	.	917	368	562	602	424	422	282
peak_13257	chr7	135815042	135815447	.	406	130	224	208	198	340	226
peak_13258	chr7	138741200	138741578	.	379	114	214	276	190	306	250
peak_13259	chr7	138752395	138753009	.	615	248	548	592	352	528	452
peak_13260	chr7	138875834	138876175	.	342	208	406	262	268	356	212
peak_13261	chr7	138880797	138881333	.	537	238	334	362	376	518	436
peak_13262	chr7	138949580	138950043	.	464	124	126	182	188	290	250
peak_13263	chr7	139340122	139340801	.	680	288	752	726	434	624	334
peak_13264	chr7	139456705	139457792	.	1088	580	810	862	598	780	568
peak_13265	chr7	139548186	139549704	.	1519	562	876	798	830	1094	700
peak_13266	chr7	139657813	139658182	.	370	242	352	304	472	528	390
peak_13267	chr7	139681894	139682385	.	492	148	358	368	290	350	214
peak_13268	chr7	139960120	139960533	.	414	128	240	208	258	280	224
peak_13269	chr7	140283202	140284418	.	1217	286	546	576	622	812	612
peak_13270	chr7	141151388	141152317	.	930	354	568	610	486	558	372
peak_13271	chr7	141738022	141738616	.	595	316	576	710	532	630	464
peak_13272	chr7	141915693	141916156	.	464	124	180	172	288	298	194
peak_13273	chr7	142399803	142400446	.	644	208	382	424	294	444	376
peak_13274	chr7	142611836	142612162	.	327	120	232	256	246	420	274
peak_13275	chr7	142875372	142876165	.	794	340	562	600	432	654	468
peak_13276	chr7	142886903	142887206	.	304	150	252	298	186	290	210
peak_13277	chr7	150877023	150877295	.	273	170	246	180	160	270	152
peak_13278	chr7	151694914	151695391	.	478	82	250	274	204	348	216
peak_13279	chr7	151736437	151736840	.	404	148	338	274	234	276	264
peak_13280	chr7	156334577	156335259	.	683	276	354	408	340	380	338
peak_13281	chr7	157745755	157746885	.	1131	624	888	770	1122	1510	1076
peak_13282	chr7	157903780	157904432	.	653	298	480	570	364	436	300
peak_13283	chr7	157972100	157972497	.	398	124	192	224	248	334	262
peak_13284	chr7	157983502	157984009	.	508	212	524	606	326	436	338
peak_13285	chr7	157984473	157985006	.	534	212	424	450	240	298	312
peak_13286	chr7	158245516	158246051	.	536	190	260	314	284	330	168
peak_13287	chr7	158326065	158326607	.	543	222	392	436	324	416	292
peak_13288	chr7	158337067	158337225	.	159	104	228	184	182	202	138
peak_13289	chr7	158375976	158376519	.	544	136	222	246	314	294	352
peak_13290	chr7	158492036	158492727	.	692	302	586	484	384	450	342
peak_13291	chr7	158494153	158494572	.	420	182	372	422	210	424	238
peak_13292	chr7	158527852	158528593	.	742	406	524	596	386	438	306
peak_13293	chr7	158864063	158864513	.	451	262	364	420	346	454	308
peak_13294	chr7	158877749	158878372	.	624	158	380	374	316	366	308
peak_13295	chr7	159027401	159028499	.	1099	494	782	760	538	662	506
peak_13296	chr7	159091026	159092312	.	1287	540	800	820	530	620	436
peak_13297	chr7	159105808	159106252	.	445	190	290	274	230	250	148
peak_13298	chr7	159117171	159117960	.	790	334	484	622	574	828	502
peak_13299	chr8	629041	630131	.	1091	220	322	302	396	672	482
peak_13300	chr8	2223943	2224554	.	612	328	442	448	348	510	346
peak_13301	chr8	2985186	2985805	.	620	142	262	232	410	530	372
peak_13302	chr8	6040752	6041117	.	366	86	138	154	182	292	212
peak_13303	chr8	6648851	6649706	.	856	696	708	562	1190	1402	894
peak_13304	chr8	7023537	7023920	.	384	124	184	164	234	306	222
peak_13305	chr8	8227916	8229342	.	1427	780	2728	2108	888	1468	972
peak_13306	chr8	8295814	8296676	.	863	636	1234	1214	826	996	700
peak_13307	chr8	8487552	8488117	.	566	362	690	540	680	886	518
peak_13308	chr8	8600706	8601261	.	556	272	638	496	374	604	390
peak_13309	chr8	9074829	9075303	.	475	550	1104	866	962	1272	788
peak_13310	chr8	9088469	9089071	.	603	528	928	854	830	1002	758
peak_13311	chr8	9926149	9926579	.	431	114	242	308	296	488	238
peak_13312	chr8	10377637	10378691	.	1055	564	680	850	410	430	356
peak_13313	chr8	10547758	10548880	.	1123	694	1418	1380	770	1162	840
peak_13314	chr8	10561256	10561697	.	442	128	278	268	226	348	252
peak_13315	chr8	10569535	10570194	.	660	270	408	490	248	320	214
peak_13316	chr8	10839708	10840266	.	559	408	854	808	564	694	550
peak_13317	chr8	10891468	10892015	.	548	328	482	554	396	550	362
peak_13318	chr8	10928143	10928742	.	600	416	838	876	536	722	454
peak_13319	chr8	11061735	11062346	.	612	380	538	616	314	460	342
peak_13320	chr8	11066449	11067342	.	894	494	1106	1186	754	894	618
peak_13321	chr8	11076812	11077734	.	923	486	878	938	714	880	688
peak_13322	chr8	11423414	11423969	.	556	206	312	312	414	466	260
peak_13323	chr8	11434639	11435427	.	789	374	778	816	488	632	416
peak_13324	chr8	11448231	11449266	.	1036	436	756	910	692	890	578
peak_13325	chr8	11457138	11457485	.	348	308	642	698	352	546	364
peak_13326	chr8	11467059	11468387	.	1329	728	1318	1410	566	620	496
peak_13327	chr8	11479732	11480742	.	1011	416	816	670	758	888	556
peak_13328	chr8	11564328	11564916	.	589	494	970	1246	670	956	776
peak_13329	chr8	11565827	11566472	.	646	266	718	676	560	888	468
peak_13330	chr8	11571018	11572160	.	1143	514	914	910	544	876	548
peak_13331	chr8	11623001	11623292	.	292	124	140	166	252	276	212
peak_13332	chr8	11762327	11762836	.	510	246	490	486	306	476	268
peak_13333	chr8	11765337	11765774	.	438	314	512	452	374	404	274
peak_13334	chr8	11788968	11789844	.	877	356	602	646	390	508	378
peak_13335	chr8	11802090	11803453	.	1364	792	1896	1914	794	1148	700
peak_13336	chr8	11845274	11845892	.	619	266	496	488	378	486	270
peak_13337	chr8	11853990	11854419	.	430	280	686	652	410	534	404
peak_13338	chr8	11862584	11862912	.	329	118	212	282	240	300	160
peak_13339	chr8	11917324	11917566	.	243	136	130	130	188	210	152
peak_13340	chr8	11966157	11966601	.	445	246	356	490	212	304	194
peak_13341	chr8	12000709	12001143	.	435	170	196	276	312	376	290
peak_13342	chr8	12694511	12695392	.	882	282	328	314	648	618	430
peak_13343	chr8	13123017	13123272	.	256	118	246	222	206	192	164
peak_13344	chr8	13631101	13631494	.	394	70	134	134	232	304	166
peak_13345	chr8	13687055	13687327	.	273	144	178	164	312	330	260
peak_13346	chr8	16749485	16749755	.	271	96	162	152	208	188	154
peak_13347	chr8	16964136	16964549	.	414	198	260	280	312	320	248
peak_13348	chr8	17246237	17247811	.	1575	598	1536	1748	902	1262	962
peak_13349	chr8	18083246	18084430	.	1185	754	1490	1636	1188	1414	1200
peak_13350	chr8	19346158	19346663	.	506	246	350	430	460	562	398
peak_13351	chr8	19363479	19364002	.	524	100	206	270	310	312	276
peak_13352	chr8	19394111	19394632	.	522	228	220	336	320	378	242
peak_13353	chr8	20282067	20282471	.	405	168	286	308	276	300	230
peak_13354	chr8	20522073	20522676	.	604	328	468	468	502	600	398
peak_13355	chr8	20542234	20543235	.	1002	418	788	742	650	982	670
peak_13356	chr8	21192388	21193170	.	783	352	546	554	538	650	458
peak_13357	chr8	21463732	21464539	.	808	564	1024	942	998	1300	852
peak_13358	chr8	21554011	21554344	.	334	328	402	490	448	466	416
peak_13359	chr8	21578482	21579147	.	666	372	586	682	560	732	534
peak_13360	chr8	21612677	21613498	.	822	314	480	520	312	344	312
peak_13361	chr8	21629103	21629595	.	493	268	582	680	484	616	428
peak_13362	chr8	21630769	21631200	.	432	274	434	544	374	522	354
peak_13363	chr8	21646303	21646732	.	430	244	310	368	324	456	274
peak_13364	chr8	21663219	21664308	.	1090	416	688	852	438	558	408
peak_13365	chr8	21683899	21684410	.	512	400	822	792	524	780	540
peak_13366	chr8	21687012	21687467	.	456	344	596	584	466	492	448
peak_13367	chr8	21687642	21688048	.	407	240	454	420	312	464	312
peak_13368	chr8	21697356	21697946	.	591	246	434	386	360	468	328
peak_13369	chr8	21765918	21766757	.	840	302	660	770	618	818	440
peak_13370	chr8	21895853	21897454	.	1602	758	1184	1414	712	768	590
peak_13371	chr8	22140723	22141478	.	756	524	934	898	776	1058	818
peak_13372	chr8	22158011	22159260	.	1250	740	1124	1164	724	878	510
peak_13373	chr8	22162764	22163972	.	1209	848	1552	1584	862	1060	672
peak_13374	chr8	22175470	22175753	.	284	90	158	138	252	240	242
peak_13375	chr8	22229090	22229686	.	597	300	574	616	358	476	332
peak_13376	chr8	22264437	22264717	.	281	100	190	208	192	248	188
peak_13377	chr8	22560179	22560821	.	643	440	730	682	442	604	354
peak_13378	chr8	22560915	22561457	.	543	406	1020	1162	558	692	450
peak_13379	chr8	22581232	22582887	.	1656	618	1254	1304	732	969	637
peak_13380	chr8	22587574	22588292	.	719	534	922	918	504	436	366
peak_13381	chr8	22622263	22623178	.	916	544	1176	1142	642	944	624
peak_13382	chr8	22672877	22673376	.	500	330	840	762	416	600	438
peak_13383	chr8	22715219	22715932	.	714	628	950	932	606	654	432
peak_13384	chr8	22718444	22721986	.	3543	1914	3184	3134	1556	1784	1342
peak_13385	chr8	22740684	22745042	.	4359	1920	3074	3448	1610	1738	1266
peak_13386	chr8	22747229	22748276	.	1048	434	820	892	366	430	320
peak_13387	chr8	22748353	22748787	.	435	336	602	620	434	682	490
peak_13388	chr8	22750975	22751555	.	581	346	744	736	492	552	356
peak_13389	chr8	22780449	22782451	.	2003	818	1548	1392	672	836	530
peak_13390	chr8	22797611	22798054	.	444	264	462	528	388	492	364
peak_13391	chr8	22840501	22840847	.	347	124	194	252	180	284	236
peak_13392	chr8	22899550	22900272	.	723	208	350	356	462	500	368
peak_13393	chr8	22922634	22923669	.	1036	498	816	840	604	706	536
peak_13394	chr8	22925263	22925883	.	621	280	368	398	438	482	318
peak_13395	chr8	22947546	22948096	.	551	214	332	426	304	458	244
peak_13396	chr8	23064474	23065495	.	1022	710	1252	1256	800	906	660
peak_13397	chr8	23072526	23073063	.	538	454	756	820	596	686	512
peak_13398	chr8	23218529	23219474	.	946	458	868	718	560	670	490
peak_13399	chr8	23343090	23344855	.	1766	1144	2006	1966	1550	1984	1254
peak_13400	chr8	23353973	23354933	.	961	628	1160	994	952	1194	768
peak_13401	chr8	23391907	23392800	.	894	622	810	756	926	1042	714
peak_13402	chr8	23452575	23453046	.	472	274	314	302	386	394	276
peak_13403	chr8	23479629	23480547	.	919	404	740	674	598	782	458
peak_13404	chr8	23540921	23542263	.	1343	862	1354	1310	1004	1120	846
peak_13405	chr8	24222781	24223145	.	365	240	302	286	422	558	390
peak_13406	chr8	24575254	24575877	.	624	202	322	276	562	640	416
peak_13407	chr8	24596749	24597234	.	486	84	136	180	288	336	232
peak_13408	chr8	24668866	24669214	.	349	286	688	634	350	638	422
peak_13409	chr8	24927370	24927792	.	423	174	292	330	318	418	288
peak_13410	chr8	25304565	25305083	.	519	194	430	440	446	520	462
peak_13411	chr8	25458273	25459679	.	1407	1002	3034	2888	1340	2130	1342
peak_13412	chr8	26045324	26046953	.	1630	766	1388	1442	808	936	668
peak_13413	chr8	26157509	26157753	.	245	82	96	66	170	184	122
peak_13414	chr8	26590869	26591592	.	724	300	578	674	490	566	412
peak_13415	chr8	26628433	26629118	.	686	306	638	800	416	720	494
peak_13416	chr8	26637441	26638062	.	622	242	348	390	484	682	460
peak_13417	chr8	27256916	27257930	.	1015	370	860	840	574	634	498
peak_13418	chr8	27267160	27267720	.	561	216	290	216	336	382	228
peak_13419	chr8	27361851	27362564	.	714	328	634	844	538	732	468
peak_13420	chr8	27363523	27364341	.	819	440	654	768	606	784	592
peak_13421	chr8	27462545	27463385	.	841	550	1092	1154	772	850	698
peak_13422	chr8	27558339	27559351	.	1013	358	554	524	192	202	156
peak_13423	chr8	27636539	27637646	.	1108	604	1164	1212	758	950	544
peak_13424	chr8	27701620	27702093	.	474	244	406	420	422	480	384
peak_13425	chr8	27725574	27726385	.	812	580	808	838	614	722	504
peak_13426	chr8	28257304	28258153	.	850	426	780	890	900	1334	922
peak_13427	chr8	28401113	28401578	.	466	326	474	462	438	432	392
peak_13428	chr8	28581712	28582026	.	315	190	366	488	342	532	334
peak_13429	chr8	28889833	28890604	.	772	876	2246	1966	974	1482	926
peak_13430	chr8	29341275	29341659	.	385	226	402	382	422	412	296
peak_13431	chr8	29493738	29494315	.	578	248	440	552	546	690	460
peak_13432	chr8	29498835	29499412	.	578	294	510	452	450	478	348
peak_13433	chr8	29642273	29642562	.	290	216	328	308	376	464	334
peak_13434	chr8	29665270	29665930	.	661	426	682	588	480	562	434
peak_13435	chr8	29752304	29752607	.	304	126	220	202	218	310	198
peak_13436	chr8	29846983	29847570	.	588	224	292	374	394	394	352
peak_13437	chr8	29971683	29972137	.	455	230	458	398	304	420	356
peak_13438	chr8	30026166	30026487	.	322	152	192	224	260	322	282
peak_13439	chr8	30099654	30100055	.	402	140	204	220	226	290	220
peak_13440	chr8	30137032	30137568	.	537	308	500	610	528	536	400
peak_13441	chr8	30211959	30212774	.	816	254	348	304	402	512	272
peak_13442	chr8	30264836	30265182	.	347	164	232	228	328	442	334
peak_13443	chr8	30279756	30280250	.	495	346	640	626	436	452	274
peak_13444	chr8	30327338	30327753	.	416	156	182	212	398	554	378
peak_13445	chr8	30722785	30723283	.	499	284	364	300	402	356	280
peak_13446	chr8	31367746	31368057	.	312	96	114	138	252	320	208
peak_13447	chr8	32846973	32847417	.	445	190	336	266	516	736	486
peak_13448	chr8	33533462	33533833	.	372	250	460	456	378	612	414
peak_13449	chr8	33537420	33538277	.	858	288	446	488	472	530	392
peak_13450	chr8	33723096	33723450	.	355	330	382	372	378	438	262
peak_13451	chr8	34321019	34321529	.	511	102	182	162	282	320	256
peak_13452	chr8	35544645	35545143	.	499	216	342	350	430	506	302
peak_13453	chr8	37313642	37314056	.	415	172	126	166	270	330	180
peak_13454	chr8	37506870	37507299	.	430	216	270	358	258	338	232
peak_13455	chr8	37515218	37515770	.	553	354	620	646	468	524	372
peak_13456	chr8	37570412	37570779	.	368	186	220	228	312	368	256
peak_13457	chr8	37603933	37604254	.	322	104	90	148	196	268	160
peak_13458	chr8	37838084	37838816	.	733	436	714	704	496	742	480
peak_13459	chr8	37842742	37843295	.	554	366	558	552	392	532	346
peak_13460	chr8	37899366	37900107	.	742	312	906	942	528	750	624
peak_13461	chr8	37915973	37916525	.	553	336	770	728	496	574	420
peak_13462	chr8	38003634	38004290	.	657	156	244	236	354	418	262
peak_13463	chr8	38031342	38031918	.	577	330	740	830	450	632	458
peak_13464	chr8	38523064	38523454	.	391	146	322	270	418	502	316
peak_13465	chr8	38527849	38528376	.	528	532	1092	902	694	1026	700
peak_13466	chr8	38571553	38572237	.	685	428	718	818	516	562	386
peak_13467	chr8	38734679	38735196	.	518	418	580	690	486	684	418
peak_13468	chr8	38769161	38770317	.	1157	558	980	898	762	962	648
peak_13469	chr8	38936564	38937422	.	859	500	1198	1140	602	836	436
peak_13470	chr8	39113152	39113356	.	205	90	116	152	132	160	148
peak_13471	chr8	40389078	40389400	.	323	198	268	272	310	420	274
peak_13472	chr8	41139746	41140331	.	586	246	372	376	396	476	296
peak_13473	chr8	41199089	41199599	.	511	234	314	372	414	434	308
peak_13474	chr8	41200703	41201871	.	1169	488	876	920	794	1070	708
peak_13475	chr8	41218153	41218754	.	602	382	484	532	620	814	556
peak_13476	chr8	41249582	41250210	.	629	374	724	802	340	466	388
peak_13477	chr8	41308302	41308990	.	689	328	808	916	614	896	660
peak_13478	chr8	41322990	41323815	.	826	506	1016	1010	728	1006	564
peak_13479	chr8	41333935	41335171	.	1237	774	1166	1170	1018	1148	820
peak_13480	chr8	41340803	41341130	.	328	102	150	152	216	278	208
peak_13481	chr8	41446956	41447836	.	881	510	830	764	708	870	658
peak_13482	chr8	41649292	41650159	.	868	330	598	712	292	296	274
peak_13483	chr8	41663189	41663660	.	472	238	452	486	302	398	310
peak_13484	chr8	41712909	41713531	.	623	542	1434	1328	772	1122	708
peak_13485	chr8	41798080	41799898	.	1819	896	1682	1574	1038	1404	938
peak_13486	chr8	41870087	41871387	.	1301	446	678	644	486	584	466
peak_13487	chr8	41900946	41901775	.	830	438	648	746	482	514	370
peak_13488	chr8	41907505	41908440	.	936	470	606	636	398	356	232
peak_13489	chr8	41916003	41916396	.	394	212	288	316	374	428	364
peak_13490	chr8	42051988	42052973	.	986	496	1314	1344	514	858	618
peak_13491	chr8	42152574	42153818	.	1245	768	2352	2162	962	1486	1072
peak_13492	chr8	42659624	42660283	.	660	286	522	468	358	498	328
peak_13493	chr8	42814122	42814509	.	388	164	238	296	264	444	260
peak_13494	chr8	42816678	42817413	.	736	210	332	348	416	520	370
peak_13495	chr8	43099634	43101103	.	1470	724	1040	1222	682	754	472
peak_13496	chr8	46650164	46651050	.	887	482	576	484	738	934	544
peak_13497	chr8	46849916	46851336	.	1421	586	732	756	812	980	580
peak_13498	chr8	46891180	46892248	.	1069	544	668	632	710	776	484
peak_13499	chr8	46912283	46913150	.	868	428	784	762	622	700	576
peak_13500	chr8	46921257	46922459	.	1203	602	976	1062	826	1112	796
peak_13501	chr8	47202064	47203060	.	997	626	922	1008	840	924	600
peak_13502	chr8	47204262	47204760	.	499	306	382	378	434	424	306
peak_13503	chr8	47223887	47225039	.	1153	530	692	822	546	504	390
peak_13504	chr8	47661840	47662291	.	452	216	446	510	334	448	252
peak_13505	chr8	48265345	48266710	.	1366	830	970	1086	826	820	582
peak_13506	chr8	48283812	48284514	.	703	402	530	602	732	888	610
peak_13507	chr8	48287741	48288121	.	381	190	258	304	260	376	302
peak_13508	chr8	48407451	48408306	.	856	646	1074	896	774	1034	770
peak_13509	chr8	48501557	48501983	.	427	230	526	542	542	648	406
peak_13510	chr8	48590017	48590821	.	805	758	1410	1150	958	1252	836
peak_13511	chr8	48628483	48628933	.	451	370	850	624	602	848	534
peak_13512	chr8	48792173	48792661	.	489	234	444	416	366	528	366
peak_13513	chr8	49184831	49185145	.	315	94	182	134	230	330	220
peak_13514	chr8	49456856	49457233	.	378	94	132	132	202	292	176
peak_13515	chr8	49795510	49795821	.	312	78	102	88	170	274	206
peak_13516	chr8	49962096	49962547	.	452	98	144	218	306	360	266
peak_13517	chr8	51351535	51352226	.	692	230	272	354	416	536	404
peak_13518	chr8	51394821	51395313	.	493	326	596	486	616	704	504
peak_13519	chr8	51446845	51447164	.	320	106	110	96	156	162	170
peak_13520	chr8	52109257	52109761	.	505	272	398	488	528	614	502
peak_13521	chr8	52148248	52148662	.	415	126	296	318	276	384	276
peak_13522	chr8	52495656	52496312	.	657	292	610	690	510	658	460
peak_13523	chr8	52695314	52695734	.	421	238	296	304	496	510	372
peak_13524	chr8	52713049	52713559	.	511	272	396	374	378	414	304
peak_13525	chr8	52764393	52765015	.	623	518	1128	756	756	1054	624
peak_13526	chr8	53221811	53222359	.	549	202	246	292	442	560	382
peak_13527	chr8	53632106	53632976	.	871	342	462	480	576	618	504
peak_13528	chr8	53872921	53873303	.	383	154	288	204	360	622	358
peak_13529	chr8	53885845	53886243	.	399	346	534	558	528	718	492
peak_13530	chr8	54223759	54224080	.	322	86	120	142	206	212	144
peak_13531	chr8	54348745	54349155	.	411	154	130	176	262	384	270
peak_13532	chr8	54883173	54883754	.	582	214	246	238	358	354	270
peak_13533	chr8	55284384	55284895	.	512	334	466	408	560	806	586
peak_13534	chr8	55310935	55311568	.	634	186	304	330	356	510	380
peak_13535	chr8	55589125	55590029	.	905	814	642	554	958	1012	764
peak_13536	chr8	55779926	55780540	.	615	204	238	276	290	288	274
peak_13537	chr8	56195334	56196118	.	785	334	536	486	288	326	294
peak_13538	chr8	57128105	57128377	.	273	94	150	124	178	264	152
peak_13539	chr8	57220504	57221496	.	993	674	1056	974	982	1216	814
peak_13540	chr8	57225013	57225737	.	725	256	496	408	512	742	448
peak_13541	chr8	57249259	57249754	.	496	202	240	276	310	320	270
peak_13542	chr8	57298158	57298610	.	453	294	408	374	538	690	496
peak_13543	chr8	57407226	57407651	.	426	306	376	502	404	410	278
peak_13544	chr8	57519050	57519379	.	330	106	198	242	302	416	340
peak_13545	chr8	57861984	57862374	.	391	108	182	140	330	350	284
peak_13546	chr8	58077303	58077535	.	233	90	168	232	154	206	162
peak_13547	chr8	58080817	58081185	.	369	152	250	210	270	410	276
peak_13548	chr8	58596026	58596348	.	323	146	218	100	274	318	186
peak_13549	chr8	60297823	60298003	.	181	34	100	140	144	262	194
peak_13550	chr8	60402621	60403154	.	534	384	564	552	524	614	432
peak_13551	chr8	60473401	60473620	.	220	140	150	126	218	276	160
peak_13552	chr8	60668877	60669271	.	395	94	124	144	260	240	216
peak_13553	chr8	61288396	61288826	.	431	228	358	346	304	358	246
peak_13554	chr8	61713895	61714963	.	1069	450	1506	1276	688	988	678
peak_13555	chr8	61759695	61760449	.	755	438	910	840	680	1002	566
peak_13556	chr8	65499079	65499666	.	588	252	306	382	472	522	406
peak_13557	chr8	65641657	65642051	.	395	148	182	158	306	332	184
peak_13558	chr8	65841726	65842717	.	992	444	956	902	508	748	474
peak_13559	chr8	65974106	65974402	.	297	134	152	138	166	222	160
peak_13560	chr8	66176939	66177742	.	804	392	750	826	460	548	406
peak_13561	chr8	67746153	67746801	.	649	286	508	548	384	610	402
peak_13562	chr8	67785784	67786330	.	547	254	436	530	362	436	380
peak_13563	chr8	69336059	69336944	.	886	394	558	570	504	628	410
peak_13564	chr8	69643716	69644311	.	596	336	618	602	414	614	424
peak_13565	chr8	69747936	69748366	.	431	248	378	350	364	536	362
peak_13566	chr8	69834779	69835247	.	469	278	700	814	398	522	394
peak_13567	chr8	69994267	69994950	.	684	302	838	706	456	702	412
peak_13568	chr8	70668898	70669556	.	659	662	1572	1422	1152	1530	844
peak_13569	chr8	73130732	73131115	.	384	272	342	446	624	720	498
peak_13570	chr8	73505735	73506094	.	360	94	210	172	224	330	250
peak_13571	chr8	74173996	74174345	.	350	142	218	114	306	262	208
peak_13572	chr8	74505904	74506600	.	697	332	518	490	516	746	518
peak_13573	chr8	74823255	74823585	.	331	144	82	82	154	230	168
peak_13574	chr8	79800467	79801053	.	587	282	484	506	542	768	584
peak_13575	chr8	79807745	79808105	.	361	158	354	398	426	532	364
peak_13576	chr8	80361611	80362338	.	728	170	250	258	324	398	282
peak_13577	chr8	80762341	80762601	.	261	68	66	104	172	212	156
peak_13578	chr8	81026439	81026854	.	416	290	678	724	480	574	436
peak_13579	chr8	86570113	86570547	.	435	82	172	238	316	328	248
peak_13580	chr8	86760762	86761173	.	412	116	220	246	326	394	308
peak_13581	chr8	87881189	87881394	.	206	110	112	114	204	236	166
peak_13582	chr8	87936136	87936488	.	353	140	190	232	202	338	256
peak_13583	chr8	87937076	87937495	.	420	150	208	196	324	458	258
peak_13584	chr8	88424990	88425502	.	513	168	350	324	434	492	316
peak_13585	chr8	89801573	89802007	.	435	138	222	242	394	446	304
peak_13586	chr8	90700953	90701461	.	509	228	220	224	324	332	264
peak_13587	chr8	93698421	93698836	.	416	134	160	252	238	264	206
peak_13588	chr8	93873760	93874229	.	470	288	448	282	304	484	256
peak_13589	chr8	94233280	94233790	.	511	232	488	510	436	622	468
peak_13590	chr8	94234224	94234695	.	472	322	764	646	486	672	490
peak_13591	chr8	94259027	94259442	.	416	202	414	254	328	494	216
peak_13592	chr8	96905071	96905683	.	613	202	294	296	302	464	360
peak_13593	chr8	97207001	97207700	.	700	154	222	236	324	416	274
peak_13594	chr8	97244894	97245573	.	680	196	354	366	360	470	370
peak_13595	chr8	97764245	97765070	.	826	172	328	352	412	556	310
peak_13596	chr8	100409636	100410401	.	766	276	492	578	582	612	468
peak_13597	chr8	100458494	100459026	.	533	404	1064	884	684	1066	812
peak_13598	chr8	100597941	100598368	.	428	350	558	560	572	760	566
peak_13599	chr8	100847251	100847893	.	643	952	1830	1694	1354	1758	1116
peak_13600	chr8	100906668	100909013	.	2346	1326	2514	2556	1224	1348	1012
peak_13601	chr8	100986052	100986552	.	501	456	696	622	554	664	416
peak_13602	chr8	101026963	101028083	.	1121	1022	1988	1928	1214	1610	1054
peak_13603	chr8	101062826	101064081	.	1256	814	1178	1380	790	1012	752
peak_13604	chr8	101111522	101113737	.	2216	1814	2400	2394	1652	1662	1230
peak_13605	chr8	101125754	101128130	.	2377	1526	3084	3060	1518	1862	1382
peak_13606	chr8	101154776	101155641	.	866	708	1396	1112	894	1172	832
peak_13607	chr8	101158853	101159214	.	362	374	626	490	520	742	444
peak_13608	chr8	101245433	101245808	.	376	306	786	776	618	816	684
peak_13609	chr8	101279609	101280304	.	696	532	606	688	826	906	632
peak_13610	chr8	101322375	101322920	.	546	304	502	554	740	864	534
peak_13611	chr8	101361765	101362743	.	979	780	1190	1174	1190	1360	918
peak_13612	chr8	101554026	101554470	.	445	362	518	626	444	606	396
peak_13613	chr8	101600466	101600899	.	434	294	464	646	486	568	428
peak_13614	chr8	101854918	101855533	.	616	246	440	534	898	938	784
peak_13615	chr8	102238249	102239882	.	1634	1924	5994	5680	2042	3042	2364
peak_13616	chr8	102572308	102572732	.	425	274	372	436	580	806	510
peak_13617	chr8	102585948	102586913	.	966	644	1128	1352	922	1144	710
peak_13618	chr8	102600590	102601943	.	1354	888	1594	1690	970	1288	750
peak_13619	chr8	102603493	102603820	.	328	336	368	410	540	564	372
peak_13620	chr8	102654371	102657017	.	2647	1676	4882	5102	2140	3064	2026
peak_13621	chr8	102662759	102663377	.	619	504	798	896	712	1078	710
peak_13622	chr8	102728274	102729011	.	738	774	1808	1826	874	1414	886
peak_13623	chr8	102746881	102747429	.	549	542	836	996	648	768	530
peak_13624	chr8	102756605	102757306	.	702	854	1640	1390	1022	1368	982
peak_13625	chr8	102805912	102808111	.	2200	2046	6368	5838	2592	3424	2356
peak_13626	chr8	102808257	102808853	.	597	566	1284	1242	628	1042	678
peak_13627	chr8	102946000	102946531	.	532	230	384	344	458	652	472
peak_13628	chr8	103108857	103109204	.	348	292	414	400	456	632	482
peak_13629	chr8	103197633	103197923	.	291	142	260	270	270	412	292
peak_13630	chr8	103902173	103902539	.	367	352	480	444	752	992	526
peak_13631	chr8	106421412	106421684	.	273	156	186	158	302	298	192
peak_13632	chr8	106550068	106550787	.	720	326	474	572	604	726	470
peak_13633	chr8	107517371	107517988	.	618	420	624	578	698	1004	614
peak_13634	chr8	108606809	108607260	.	452	218	268	410	510	648	546
peak_13635	chr8	109977979	109978209	.	231	178	236	210	366	360	248
peak_13636	chr8	110559605	110560281	.	677	486	732	826	794	950	452
peak_13637	chr8	110893078	110894976	.	1899	1352	2438	2452	1794	2414	1606
peak_13638	chr8	111933305	111933781	.	477	226	392	308	566	798	508
peak_13639	chr8	112115134	112115479	.	346	190	358	280	374	618	332
peak_13640	chr8	112581859	112582207	.	349	202	304	278	342	418	224
peak_13641	chr8	113435705	113435953	.	249	196	304	298	412	374	274
peak_13642	chr8	114270583	114270955	.	373	150	202	162	348	386	338
peak_13643	chr8	115293529	115293832	.	304	226	296	292	398	540	376
peak_13644	chr8	117064050	117064754	.	705	422	574	630	948	1048	736
peak_13645	chr8	117260880	117261128	.	249	206	214	188	296	388	224
peak_13646	chr8	117810364	117810874	.	511	170	142	206	442	452	326
peak_13647	chr8	117847638	117848133	.	496	536	1080	880	1120	1520	924
peak_13648	chr8	118166875	118167548	.	674	324	490	560	538	632	480
peak_13649	chr8	118332472	118333081	.	610	376	578	492	712	878	580
peak_13650	chr8	118341019	118341362	.	344	196	286	312	430	518	402
peak_13651	chr8	118436799	118437222	.	424	352	350	450	566	698	516
peak_13652	chr8	118494916	118495427	.	512	348	322	334	676	664	490
peak_13653	chr8	118622206	118622888	.	683	938	1442	1408	950	1088	752
peak_13654	chr8	119438827	119439596	.	770	458	614	552	1086	1194	826
peak_13655	chr8	119578940	119579548	.	609	332	472	442	614	670	442
peak_13656	chr8	120172208	120172778	.	571	378	548	686	686	790	542
peak_13657	chr8	120216649	120217145	.	497	604	578	628	928	954	612
peak_13658	chr8	120328419	120328769	.	351	276	400	416	548	778	422
peak_13659	chr8	120601584	120602402	.	819	446	626	744	890	1192	768
peak_13660	chr8	120702141	120702662	.	522	360	562	592	624	776	542
peak_13661	chr8	120742369	120742701	.	333	450	610	620	662	802	704
peak_13662	chr8	120857678	120858120	.	443	510	942	1018	756	1194	836
peak_13663	chr8	120861038	120862587	.	1550	1712	2420	2578	1586	1400	1126
peak_13664	chr8	120954201	120954471	.	271	224	278	250	290	414	272
peak_13665	chr8	121096557	121097013	.	457	302	440	482	754	1074	726
peak_13666	chr8	121370493	121370884	.	392	346	304	320	548	524	372
peak_13667	chr8	121556091	121556401	.	311	274	280	316	498	524	362
peak_13668	chr8	121631647	121632180	.	534	504	746	726	1084	1174	744
peak_13669	chr8	121771242	121771717	.	476	332	568	840	778	794	708
peak_13670	chr8	122483178	122483700	.	523	390	504	642	638	804	468
peak_13671	chr8	122526337	122526966	.	630	456	660	728	848	930	668
peak_13672	chr8	122533732	122534066	.	335	338	390	518	498	574	428
peak_13673	chr8	122681198	122681765	.	568	508	618	612	708	640	506
peak_13674	chr8	122684705	122685418	.	714	610	792	876	998	962	668
peak_13675	chr8	122688538	122688966	.	429	404	826	832	950	1172	778
peak_13676	chr8	122773720	122774088	.	369	400	550	590	450	508	378
peak_13677	chr8	122776236	122776614	.	379	434	470	544	624	752	472
peak_13678	chr8	122786125	122787098	.	974	438	642	674	924	1194	768
peak_13679	chr8	122824978	122825643	.	666	652	976	982	1186	1378	910
peak_13680	chr8	122828328	122828758	.	431	388	470	536	608	598	450
peak_13681	chr8	122863399	122864855	.	1457	1240	1888	1870	1132	1168	924
peak_13682	chr8	122920505	122921013	.	509	436	804	862	860	1066	664
peak_13683	chr8	122969992	122971258	.	1267	1176	1816	2088	1338	1570	1172
peak_13684	chr8	123057594	123058471	.	878	740	876	1022	998	1424	866
peak_13685	chr8	123154523	123155212	.	690	950	1432	1550	1436	1692	1132
peak_13686	chr8	123168845	123169182	.	338	236	350	450	538	634	500
peak_13687	chr8	123273308	123275493	.	2186	2380	6728	6736	2812	3782	2800
peak_13688	chr8	123516744	123517763	.	1020	2096	4260	3678	3492	4816	3084
peak_13689	chr8	123571558	123572054	.	497	380	548	640	612	702	476
peak_13690	chr8	123579528	123580391	.	864	494	688	780	1116	1680	1090
peak_13691	chr8	123630383	123630834	.	452	644	1248	902	1118	1784	1070
peak_13692	chr8	123828036	123828706	.	671	438	484	484	896	980	576
peak_13693	chr8	123952596	123953480	.	885	494	520	554	958	786	622
peak_13694	chr8	124014837	124015376	.	540	506	614	560	958	810	608
peak_13695	chr8	124041091	124041809	.	719	876	1606	1388	1306	1950	1196
peak_13696	chr8	124092895	124093413	.	519	396	532	518	584	802	536
peak_13697	chr8	124450733	124451740	.	1008	836	1286	1554	1000	1148	870
peak_13698	chr8	124470766	124471198	.	433	262	398	438	528	586	412
peak_13699	chr8	124710483	124711982	.	1500	1188	1728	1732	948	1230	680
peak_13700	chr8	124732431	124732834	.	404	520	666	834	770	832	562
peak_13701	chr8	124866506	124866832	.	327	206	424	304	452	532	420
peak_13702	chr8	124928851	124929568	.	718	658	894	1046	666	858	644
peak_13703	chr8	125328322	125329298	.	977	602	1200	1414	1246	1436	1124
peak_13704	chr8	125342032	125342577	.	546	594	982	1094	1060	1426	1050
peak_13705	chr8	125376163	125376793	.	631	414	486	638	682	676	454
peak_13706	chr8	125404304	125405837	.	1534	1492	2702	2922	1078	1226	936
peak_13707	chr8	125466487	125467228	.	742	700	1334	1472	1222	1476	1088
peak_13708	chr8	125473299	125473661	.	363	322	542	618	598	928	610
peak_13709	chr8	125506924	125508509	.	1586	1888	3014	3142	1808	2338	1750
peak_13710	chr8	125528451	125529200	.	750	682	942	1056	958	1148	782
peak_13711	chr8	125539737	125540277	.	541	430	664	654	490	494	352
peak_13712	chr8	125579296	125579908	.	613	946	1198	1336	1590	1700	1394
peak_13713	chr8	125589999	125590861	.	863	898	1100	1104	510	522	370
peak_13714	chr8	125606135	125606773	.	639	1048	1532	1624	1322	1616	1140
peak_13715	chr8	125613600	125614709	.	1110	890	1262	1184	1350	1446	1004
peak_13716	chr8	125697430	125698790	.	1361	1250	2128	2290	1732	1768	1380
peak_13717	chr8	125701785	125702196	.	412	502	856	796	480	546	408
peak_13718	chr8	125784732	125785352	.	621	486	780	888	832	1002	718
peak_13719	chr8	125821620	125822472	.	853	328	498	584	618	816	608
peak_13720	chr8	125826850	125827349	.	500	400	678	720	834	996	768
peak_13721	chr8	125854754	125855361	.	608	376	438	478	714	754	618
peak_13722	chr8	126453255	126454369	.	1115	544	748	824	1258	1254	846
peak_13723	chr8	126833365	126834288	.	924	924	1520	1582	1392	1934	1426
peak_13724	chr8	126839405	126841057	.	1653	1338	2042	2006	2674	2996	2242
peak_13725	chr8	126912699	126913202	.	504	196	266	244	450	612	384
peak_13726	chr8	126934599	126934861	.	263	168	262	200	372	424	286
peak_13727	chr8	127210213	127210799	.	587	440	654	612	1036	1138	718
peak_13728	chr8	127565015	127565336	.	322	260	456	608	538	744	556
peak_13729	chr8	127734929	127736513	.	1585	2040	3852	4092	2258	2792	1932
peak_13730	chr8	127794637	127796169	.	1533	1588	2342	2244	2066	2350	1442
peak_13731	chr8	127851379	127853745	.	2367	2594	4458	5016	2838	3278	2270
peak_13732	chr8	127859543	127860341	.	799	990	1978	2032	1392	1812	1310
peak_13733	chr8	127865780	127867303	.	1524	1854	3308	3492	1888	2122	1496
peak_13734	chr8	127872970	127873316	.	347	448	618	664	508	638	436
peak_13735	chr8	127891371	127892185	.	815	678	1140	1238	1056	1260	962
peak_13736	chr8	127899218	127899883	.	666	902	2066	1972	1634	2368	1646
peak_13737	chr8	127900544	127901087	.	544	488	648	624	786	990	708
peak_13738	chr8	127909201	127909944	.	744	684	1118	1248	994	1228	816
peak_13739	chr8	127910769	127912050	.	1282	1538	2200	2362	984	856	660
peak_13740	chr8	128076612	128077397	.	786	1476	2186	2420	2428	2968	2426
peak_13741	chr8	128329710	128330154	.	445	268	420	462	632	676	480
peak_13742	chr8	128554835	128555298	.	464	884	1454	1272	1232	1696	1132
peak_13743	chr8	128597747	128598091	.	345	184	264	300	326	494	452
peak_13744	chr8	129685589	129686117	.	529	642	1610	1142	1084	1578	988
peak_13745	chr8	129824933	129825599	.	667	596	690	694	320	312	182
peak_13746	chr8	129972354	129973062	.	709	714	992	976	1116	1314	832
peak_13747	chr8	129984046	129984695	.	650	758	1648	1738	844	1064	654
peak_13748	chr8	130048231	130049073	.	843	828	1308	1476	822	822	712
peak_13749	chr8	130062142	130062622	.	481	236	370	424	510	658	440
peak_13750	chr8	130096575	130096939	.	365	264	398	380	580	654	498
peak_13751	chr8	130121209	130121612	.	404	308	622	776	698	898	648
peak_13752	chr8	130486685	130487054	.	370	350	558	586	364	510	388
peak_13753	chr8	130503138	130503506	.	369	448	804	738	846	1020	822
peak_13754	chr8	130525490	130525957	.	468	684	974	966	1082	1350	996
peak_13755	chr8	130588215	130588581	.	367	198	160	196	372	368	282
peak_13756	chr8	130682629	130683295	.	667	732	1434	1442	1256	1372	1036
peak_13757	chr8	130740076	130740610	.	535	676	710	770	966	1304	838
peak_13758	chr8	130766073	130766652	.	580	636	832	1000	1010	1090	858
peak_13759	chr8	130766794	130767403	.	610	316	428	490	584	898	504
peak_13760	chr8	130803356	130804084	.	729	586	684	734	990	996	626
peak_13761	chr8	130805727	130806390	.	664	570	1138	1134	730	944	602
peak_13762	chr8	130880421	130881063	.	643	644	1164	1208	1580	1758	1170
peak_13763	chr8	131029836	131030489	.	654	384	296	304	776	562	504
peak_13764	chr8	132031606	132032353	.	748	968	1340	1580	1350	1572	1198
peak_13765	chr8	132033269	132034032	.	764	792	1158	1500	1242	1256	972
peak_13766	chr8	132053589	132054567	.	979	940	1656	1760	906	1146	918
peak_13767	chr8	132054862	132055296	.	435	328	476	538	502	626	434
peak_13768	chr8	132056702	132057343	.	642	542	718	780	974	1098	744
peak_13769	chr8	132057491	132058591	.	1101	972	1440	1556	1348	1478	896
peak_13770	chr8	132071106	132072103	.	998	580	608	566	1042	1176	856
peak_13771	chr8	132174895	132175510	.	616	344	478	636	838	876	666
peak_13772	chr8	132180339	132180792	.	454	478	526	574	680	740	584
peak_13773	chr8	132210031	132210581	.	551	344	408	476	698	742	626
peak_13774	chr8	132293187	132293977	.	791	688	938	898	1376	1418	970
peak_13775	chr8	132327945	132328578	.	634	722	1062	1266	1292	1686	1238
peak_13776	chr8	132330697	132331613	.	917	784	1214	1438	1294	1550	1270
peak_13777	chr8	132331754	132332316	.	563	294	540	472	840	1036	796
peak_13778	chr8	132342988	132343444	.	457	170	226	346	364	418	400
peak_13779	chr8	132393817	132394338	.	522	528	752	840	584	732	586
peak_13780	chr8	132414902	132415681	.	780	998	1690	1802	1118	1474	1096
peak_13781	chr8	132473865	132474300	.	436	332	542	602	630	802	428
peak_13782	chr8	132496481	132496822	.	342	396	486	448	578	482	390
peak_13783	chr8	132528982	132529575	.	594	518	616	686	900	786	532
peak_13784	chr8	132564567	132565673	.	1107	1244	1674	1846	2010	2210	1662
peak_13785	chr8	132676981	132677417	.	437	346	428	374	618	762	502
peak_13786	chr8	132732311	132732720	.	410	352	558	542	676	904	670
peak_13787	chr8	132870672	132871999	.	1328	1536	2212	2422	1790	1778	1456
peak_13788	chr8	132894971	132895629	.	659	1228	1852	2102	1330	1696	1310
peak_13789	chr8	132903505	132903851	.	347	366	546	618	614	764	560
peak_13790	chr8	132909287	132909704	.	418	312	414	644	670	724	678
peak_13791	chr8	132930158	132930436	.	279	192	346	334	400	420	374
peak_13792	chr8	132963528	132964610	.	1083	1256	2000	2132	1628	2202	1428
peak_13793	chr8	132976480	132976949	.	470	472	596	684	686	724	592
peak_13794	chr8	133025829	133026384	.	556	900	1224	1320	982	1306	916
peak_13795	chr8	133046282	133046769	.	488	632	1094	1384	1024	1370	972
peak_13796	chr8	133062301	133063355	.	1055	1378	2138	2398	1890	2782	2054
peak_13797	chr8	133128539	133128980	.	442	528	754	818	818	1342	936
peak_13798	chr8	133139361	133139819	.	459	188	298	410	530	710	584
peak_13799	chr8	133146981	133147733	.	753	1064	1916	2080	1232	1706	1142
peak_13800	chr8	133152573	133153181	.	609	602	862	920	980	1212	824
peak_13801	chr8	133153761	133154188	.	428	482	666	716	490	644	564
peak_13802	chr8	133182611	133183848	.	1238	1430	2410	2466	1352	1426	946
peak_13803	chr8	133184245	133185442	.	1198	1058	1860	1614	738	990	652
peak_13804	chr8	133199439	133200963	.	1525	1164	1706	1838	904	858	736
peak_13805	chr8	133206020	133207969	.	1950	2258	3534	3470	1978	2114	1548
peak_13806	chr8	133234698	133235180	.	483	438	536	626	444	434	314
peak_13807	chr8	133265438	133266544	.	1107	910	1788	1970	1428	1790	1272
peak_13808	chr8	133287229	133288941	.	1713	2054	3290	3506	2710	3460	2430
peak_13809	chr8	133298176	133298622	.	447	444	744	896	654	824	606
peak_13810	chr8	133320506	133321009	.	504	580	1094	1380	750	878	786
peak_13811	chr8	133347228	133347727	.	500	270	422	442	480	740	448
peak_13812	chr8	133356181	133356584	.	404	482	886	1000	546	746	526
peak_13813	chr8	133374565	133376395	.	1831	2016	4390	4112	2580	3350	2440
peak_13814	chr8	133376471	133377725	.	1255	1364	2140	2140	1326	1502	1016
peak_13815	chr8	133379759	133380371	.	613	430	594	642	732	840	554
peak_13816	chr8	133381855	133382949	.	1095	1360	2430	2562	1892	2448	1822
peak_13817	chr8	133402505	133405466	.	2962	3098	5508	5364	3396	4176	3060
peak_13818	chr8	133447149	133447831	.	683	896	1540	1628	1300	1706	1324
peak_13819	chr8	133452099	133453856	.	1758	1368	2618	2638	1492	1746	1050
peak_13820	chr8	133530303	133530991	.	689	760	1028	948	854	920	620
peak_13821	chr8	133560459	133560769	.	311	292	310	376	434	370	346
peak_13822	chr8	133569756	133571134	.	1379	1550	3758	4182	2128	2736	2166
peak_13823	chr8	133583077	133583803	.	727	496	698	622	756	892	600
peak_13824	chr8	133642774	133643620	.	847	580	990	1146	426	476	350
peak_13825	chr8	133645226	133646297	.	1072	1010	1840	2158	1278	1640	1200
peak_13826	chr8	133717056	133717572	.	517	644	994	1066	1570	2238	1606
peak_13827	chr8	133725065	133725514	.	450	850	1352	1330	1204	1968	1396
peak_13828	chr8	133735236	133736152	.	917	468	658	692	990	1174	940
peak_13829	chr8	133753103	133753721	.	619	630	1106	1120	1476	1694	1210
peak_13830	chr8	133763228	133764198	.	971	796	1240	1504	1504	1826	1232
peak_13831	chr8	133818034	133818655	.	622	738	1252	1380	936	1216	804
peak_13832	chr8	133819259	133819579	.	321	356	434	520	468	410	406
peak_13833	chr8	133843692	133845057	.	1366	922	1524	1798	1872	1964	1584
peak_13834	chr8	133858239	133858737	.	499	1274	2140	1956	2308	3162	2164
peak_13835	chr8	133890728	133891157	.	430	386	538	554	672	988	728
peak_13836	chr8	133892379	133892848	.	470	274	424	436	502	602	454
peak_13837	chr8	133897570	133898537	.	968	638	1032	1128	944	1374	954
peak_13838	chr8	133906664	133907787	.	1124	868	1270	1408	1554	1858	1392
peak_13839	chr8	133997848	133998512	.	665	354	538	636	946	1300	840
peak_13840	chr8	134033162	134033645	.	484	378	502	482	710	846	566
peak_13841	chr8	134156439	134156914	.	476	242	304	396	534	514	366
peak_13842	chr8	134377919	134378460	.	542	560	728	750	728	854	638
peak_13843	chr8	134428436	134428681	.	246	296	388	450	338	460	402
peak_13844	chr8	134456883	134457647	.	765	690	1124	1320	852	1046	756
peak_13845	chr8	134459919	134463111	.	3193	3098	4818	4854	4014	4716	3458
peak_13846	chr8	134472236	134472694	.	459	676	1468	1568	904	1274	1086
peak_13847	chr8	134475763	134477217	.	1455	924	1426	1518	470	398	358
peak_13848	chr8	134487589	134488924	.	1336	1122	1716	1602	596	576	440
peak_13849	chr8	134494864	134496830	.	1967	1882	2590	2992	2494	3022	2082
peak_13850	chr8	134512922	134513177	.	256	138	226	264	268	454	288
peak_13851	chr8	134542580	134543593	.	1014	1292	2104	2032	2122	2996	2068
peak_13852	chr8	134553536	134554407	.	872	948	1072	1142	1534	1770	1264
peak_13853	chr8	134621799	134622569	.	771	388	528	586	674	922	662
peak_13854	chr8	134629018	134629709	.	692	760	970	984	982	1212	824
peak_13855	chr8	134630866	134631860	.	995	698	852	1008	1146	1258	874
peak_13856	chr8	134955878	134956474	.	597	580	1058	1034	764	976	590
peak_13857	chr8	134964822	134965373	.	552	306	326	386	546	662	458
peak_13858	chr8	134998712	134999014	.	303	174	236	202	334	350	282
peak_13859	chr8	135009008	135009499	.	492	298	458	484	534	770	544
peak_13860	chr8	135040939	135041926	.	988	512	732	744	1000	1054	744
peak_13861	chr8	135054567	135055012	.	446	434	692	706	750	844	586
peak_13862	chr8	135424377	135424708	.	332	194	218	220	370	466	244
peak_13863	chr8	135458349	135459130	.	782	756	1468	1638	808	910	578
peak_13864	chr8	135633702	135634148	.	447	474	696	694	898	1152	788
peak_13865	chr8	135662160	135662843	.	684	484	738	870	732	1080	752
peak_13866	chr8	135664415	135665480	.	1066	1034	1582	1802	1034	1154	886
peak_13867	chr8	135684859	135685786	.	928	922	1312	1266	942	1048	814
peak_13868	chr8	135701063	135702290	.	1228	786	1252	1152	386	424	358
peak_13869	chr8	135704923	135705662	.	740	662	1180	964	1158	1326	906
peak_13870	chr8	135725424	135726050	.	627	446	632	658	556	822	556
peak_13871	chr8	135826639	135827164	.	526	638	860	918	848	1116	772
peak_13872	chr8	136021277	136022153	.	877	518	438	428	1030	1132	678
peak_13873	chr8	136052427	136053089	.	663	504	576	572	786	930	600
peak_13874	chr8	136053944	136054807	.	864	1080	1856	2026	1752	2258	1546
peak_13875	chr8	136450603	136451135	.	533	356	464	550	642	714	486
peak_13876	chr8	137733199	137733515	.	317	468	602	552	712	770	694
peak_13877	chr8	137979423	137979810	.	388	356	484	584	450	568	388
peak_13878	chr8	138075244	138075505	.	262	162	182	176	276	306	210
peak_13879	chr8	138163103	138163807	.	705	432	668	542	648	792	538
peak_13880	chr8	138241036	138241850	.	815	506	630	750	708	808	540
peak_13881	chr8	138340322	138340968	.	647	636	968	1090	892	1102	878
peak_13882	chr8	138491767	138492044	.	278	152	358	418	308	454	344
peak_13883	chr8	138520463	138521284	.	822	426	620	702	566	800	570
peak_13884	chr8	138595760	138596490	.	731	386	672	734	708	996	734
peak_13885	chr8	138605656	138606319	.	664	408	630	562	970	1162	872
peak_13886	chr8	138614107	138615272	.	1166	680	898	954	1098	1382	992
peak_13887	chr8	138687469	138688174	.	706	524	718	714	730	776	582
peak_13888	chr8	138692857	138693701	.	845	594	1138	924	640	824	528
peak_13889	chr8	138697025	138698614	.	1590	1220	1644	1732	1008	1094	776
peak_13890	chr8	138719492	138720227	.	736	602	956	1142	816	1036	700
peak_13891	chr8	138722527	138723857	.	1331	878	1290	1432	856	1218	760
peak_13892	chr8	138725770	138726320	.	551	466	748	682	764	916	612
peak_13893	chr8	138765518	138766376	.	859	630	1128	1298	700	912	664
peak_13894	chr8	138778534	138778863	.	330	330	472	504	378	464	266
peak_13895	chr8	138848838	138849340	.	503	322	594	716	462	614	428
peak_13896	chr8	138876077	138877017	.	941	590	1058	974	804	1082	752
peak_13897	chr8	138882679	138883610	.	932	694	1270	1188	890	1046	806
peak_13898	chr8	138917585	138918922	.	1338	662	822	898	896	884	632
peak_13899	chr8	138936225	138937140	.	916	776	1420	1562	926	1316	1012
peak_13900	chr8	138938253	138938702	.	450	210	216	242	422	522	250
peak_13901	chr8	138939013	138939456	.	444	362	556	520	404	510	330
peak_13902	chr8	138952860	138953371	.	512	446	750	618	520	648	386
peak_13903	chr8	138987830	138988211	.	382	140	256	308	360	540	368
peak_13904	chr8	139277293	139278476	.	1184	876	1498	1394	828	1186	852
peak_13905	chr8	139287739	139288253	.	515	446	846	932	780	936	624
peak_13906	chr8	139341313	139342248	.	936	734	1398	1470	938	1220	908
peak_13907	chr8	139370361	139370643	.	283	272	442	490	334	518	356
peak_13908	chr8	139572620	139572999	.	380	200	332	378	324	374	298
peak_13909	chr8	139597459	139598386	.	928	880	1308	1486	1034	1248	980
peak_13910	chr8	139600738	139601335	.	598	554	1162	1356	684	820	576
peak_13911	chr8	139611390	139611965	.	576	464	712	854	616	824	532
peak_13912	chr8	139623877	139625622	.	1746	1330	2638	2936	1248	1542	1060
peak_13913	chr8	139632218	139633896	.	1679	1310	2130	1974	1412	1460	1074
peak_13914	chr8	139638283	139640670	.	2388	1676	2886	2884	1342	1598	1162
peak_13915	chr8	139644462	139646549	.	2088	1408	2574	2522	900	940	706
peak_13916	chr8	139647227	139647815	.	589	478	930	832	644	862	486
peak_13917	chr8	139650064	139650788	.	725	546	950	894	568	582	448
peak_13918	chr8	139651852	139652670	.	819	1076	1656	1542	1246	1736	1238
peak_13919	chr8	139654244	139656980	.	2737	1866	3532	3886	1712	1996	1510
peak_13920	chr8	139665586	139666392	.	807	604	756	694	362	334	278
peak_13921	chr8	139679209	139681936	.	2728	1832	3040	3190	1232	1532	1198
peak_13922	chr8	139683168	139683982	.	815	622	970	944	594	700	552
peak_13923	chr8	139691808	139692937	.	1130	838	1200	1286	808	882	720
peak_13924	chr8	139750317	139751572	.	1256	802	1204	1390	664	810	582
peak_13925	chr8	139754030	139758046	.	4017	2094	4760	4562	1862	2394	1724
peak_13926	chr8	139763306	139763607	.	302	308	410	444	422	460	316
peak_13927	chr8	139765594	139767813	.	2220	1582	2818	2836	1870	2442	1846
peak_13928	chr8	139771636	139772577	.	942	578	1044	1104	686	940	630
peak_13929	chr8	139790389	139794922	.	4534	2914	6030	6206	2550	3150	2348
peak_13930	chr8	139802631	139803750	.	1120	700	1082	1118	1030	944	686
peak_13931	chr8	139823194	139824055	.	862	514	804	812	334	302	254
peak_13932	chr8	139829342	139830977	.	1636	866	1246	1208	1430	1628	1174
peak_13933	chr8	139833266	139835088	.	1823	1350	2550	2702	1510	1964	1382
peak_13934	chr8	139856791	139857922	.	1132	954	1836	1978	1098	1446	1078
peak_13935	chr8	139869317	139869609	.	293	98	158	156	242	316	248
peak_13936	chr8	139876146	139876732	.	587	418	704	878	524	674	458
peak_13937	chr8	139879654	139880290	.	637	466	1008	988	638	818	562
peak_13938	chr8	139882966	139883314	.	349	116	152	162	274	270	206
peak_13939	chr8	139891924	139894132	.	2209	1228	1780	1946	988	1174	768
peak_13940	chr8	139956367	139959256	.	2890	2142	3936	4062	2668	3644	2628
peak_13941	chr8	139959444	139960965	.	1522	1076	1890	2118	1062	1310	1012
peak_13942	chr8	139970052	139971683	.	1632	1180	2246	2384	1114	1220	838
peak_13943	chr8	139976476	139976917	.	442	258	566	534	372	538	340
peak_13944	chr8	140121742	140122378	.	637	450	538	628	780	1124	820
peak_13945	chr8	140136160	140136936	.	777	592	830	1052	756	962	702
peak_13946	chr8	140147789	140148217	.	429	292	646	834	438	656	418
peak_13947	chr8	140165768	140167113	.	1346	902	1510	1538	1246	1314	992
peak_13948	chr8	140254044	140254666	.	623	568	978	1126	534	860	612
peak_13949	chr8	140289724	140290297	.	574	388	814	854	498	506	378
peak_13950	chr8	140336879	140337843	.	965	314	568	738	644	826	636
peak_13951	chr8	140369147	140369695	.	549	300	324	378	392	422	290
peak_13952	chr8	140394371	140394796	.	426	344	676	610	500	630	420
peak_13953	chr8	140448230	140449431	.	1202	788	1152	1328	1090	1354	950
peak_13954	chr8	140463873	140465325	.	1453	1624	4650	3748	1872	2994	1754
peak_13955	chr8	140633559	140634627	.	1069	474	1018	1014	634	894	548
peak_13956	chr8	140987638	140988126	.	489	254	498	568	438	610	450
peak_13957	chr8	141026276	141027482	.	1207	924	1992	2114	796	1010	728
peak_13958	chr8	141037815	141038844	.	1030	766	1546	1658	896	1230	796
peak_13959	chr8	141107788	141108515	.	728	424	706	662	642	850	504
peak_13960	chr8	141147764	141148217	.	454	518	946	1062	808	1040	654
peak_13961	chr8	141153805	141154516	.	712	720	1678	1482	928	1318	808
peak_13962	chr8	141158112	141160164	.	2053	1168	2016	2206	982	1026	604
peak_13963	chr8	141160257	141161487	.	1231	720	1228	1350	602	626	456
peak_13964	chr8	141169044	141171110	.	2067	1154	2146	2242	1224	1312	938
peak_13965	chr8	141173119	141175166	.	2048	1354	2378	2540	1000	1082	716
peak_13966	chr8	141239396	141239930	.	535	552	660	650	606	722	472
peak_13967	chr8	141264098	141264524	.	427	270	442	508	292	372	284
peak_13968	chr8	141267002	141267471	.	470	396	644	616	390	472	312
peak_13969	chr8	141268782	141269805	.	1024	952	1614	1536	1142	1282	1002
peak_13970	chr8	141271320	141271846	.	527	494	834	896	586	792	472
peak_13971	chr8	141272214	141272811	.	598	438	844	916	486	554	342
peak_13972	chr8	141276680	141277313	.	634	692	1338	1346	698	760	544
peak_13973	chr8	141277848	141279515	.	1668	1152	2124	2090	842	834	632
peak_13974	chr8	141282689	141284432	.	1744	1194	1814	1778	876	920	698
peak_13975	chr8	141286839	141287368	.	530	476	694	684	544	614	436
peak_13976	chr8	141313431	141314375	.	945	770	1264	1408	952	1174	856
peak_13977	chr8	141314798	141316147	.	1350	1086	2098	2300	1064	1092	810
peak_13978	chr8	141317580	141320858	.	3279	2196	3890	4218	3040	3624	2954
peak_13979	chr8	141329147	141331369	.	2223	1230	2186	2312	454	488	454
peak_13980	chr8	141332788	141334122	.	1335	794	1204	1420	498	580	462
peak_13981	chr8	141348514	141349595	.	1082	854	1236	1120	1052	1324	790
peak_13982	chr8	141353472	141355310	.	1839	942	1636	1774	600	720	528
peak_13983	chr8	141367924	141368909	.	986	736	1646	1636	860	1148	948
peak_13984	chr8	141375100	141377571	.	2472	1446	2552	2708	1016	1356	976
peak_13985	chr8	141379696	141382415	.	2720	1906	2998	3170	1172	1372	1020
peak_13986	chr8	141382843	141385560	.	2718	1854	3774	3976	1700	2212	1548
peak_13987	chr8	141391754	141392908	.	1155	930	2586	2450	1024	1722	1220
peak_13988	chr8	141401562	141402037	.	476	404	946	1076	462	582	440
peak_13989	chr8	141408753	141415605	.	6853	4944	9646	10320	3320	3704	2884
peak_13990	chr8	141415760	141419736	.	3977	2622	5254	5456	2028	2416	1718
peak_13991	chr8	141419845	141421803	.	1959	1784	3458	3674	1750	2394	1604
peak_13992	chr8	141422951	141424439	.	1489	1610	2928	2868	1960	2552	1672
peak_13993	chr8	141428201	141429142	.	942	820	1582	1834	824	1244	916
peak_13994	chr8	141439056	141443239	.	4184	2956	5624	6142	3334	4132	2812
peak_13995	chr8	141454644	141454997	.	354	222	448	458	334	292	240
peak_13996	chr8	141465332	141468325	.	2994	2250	3808	4272	1638	1930	1360
peak_13997	chr8	141473817	141476556	.	2740	1746	3032	3166	696	878	708
peak_13998	chr8	141479608	141480159	.	552	368	788	826	490	538	404
peak_13999	chr8	141507024	141508504	.	1481	1382	2812	2900	1284	1666	1156
peak_14000	chr8	141512347	141515172	.	2826	2236	4102	4486	1910	2310	1632
peak_14001	chr8	141520940	141521739	.	800	634	1012	948	648	718	440
peak_14002	chr8	141521999	141523096	.	1098	1106	1852	1972	856	1080	742
peak_14003	chr8	141523436	141524173	.	738	708	1608	1836	840	1186	870
peak_14004	chr8	141527040	141527584	.	545	300	498	524	438	590	314
peak_14005	chr8	141527725	141528758	.	1034	870	1848	2186	858	1328	1010
peak_14006	chr8	141529589	141531415	.	1827	1594	2942	3234	1212	1476	1170
peak_14007	chr8	141531553	141532383	.	831	596	1192	1248	846	1154	714
peak_14008	chr8	141534894	141540941	.	6048	4390	9148	9402	4490	5768	4012
peak_14009	chr8	141541373	141542015	.	643	522	1134	1024	642	800	656
peak_14010	chr8	141549816	141550417	.	602	392	1026	1304	676	958	714
peak_14011	chr8	141551568	141553997	.	2430	1926	3658	4040	1504	1918	1338
peak_14012	chr8	141557684	141563695	.	6012	4326	9106	9586	4576	5700	3950
peak_14013	chr8	141565174	141565791	.	618	730	1528	1416	690	760	588
peak_14014	chr8	141573901	141577339	.	3439	2342	4110	4242	1598	1742	1454
peak_14015	chr8	141577403	141578412	.	1010	658	1010	1142	416	404	334
peak_14016	chr8	141594262	141594945	.	684	586	1244	1272	680	840	638
peak_14017	chr8	141597829	141599869	.	2041	1288	2222	2378	572	604	450
peak_14018	chr8	141611486	141613260	.	1775	1292	2558	2724	794	982	714
peak_14019	chr8	141613438	141614775	.	1338	1036	2038	2006	1148	1510	980
peak_14020	chr8	141617195	141620054	.	2860	2064	3788	3724	1696	2004	1476
peak_14021	chr8	141623982	141625628	.	1647	1744	3956	4042	1836	2554	1888
peak_14022	chr8	141640251	141643006	.	2756	1848	3512	3642	1410	1748	1302
peak_14023	chr8	141651046	141653762	.	2717	1504	2606	2728	1416	1602	1212
peak_14024	chr8	141658596	141660313	.	1718	1356	2050	2252	1040	1206	962
peak_14025	chr8	141660411	141661475	.	1065	566	982	1128	458	440	378
peak_14026	chr8	141662622	141663361	.	740	688	1282	1432	760	1252	790
peak_14027	chr8	141664214	141664920	.	707	680	1122	1204	562	738	576
peak_14028	chr8	141666614	141672416	.	5803	3784	7090	7036	2578	2898	2232
peak_14029	chr8	141679315	141680126	.	812	794	1382	1530	976	1252	922
peak_14030	chr8	141683213	141686701	.	3489	2760	5310	5990	2798	3556	2644
peak_14031	chr8	141696415	141700443	.	4029	3078	5878	6234	2568	3232	2278
peak_14032	chr8	141700597	141705001	.	4405	3202	6340	6854	2940	3690	2604
peak_14033	chr8	141706740	141707437	.	698	616	1320	1416	912	1292	850
peak_14034	chr8	141710062	141712562	.	2501	2054	4006	4210	1962	2466	1654
peak_14035	chr8	141712722	141713689	.	968	952	1626	1964	784	858	630
peak_14036	chr8	141719388	141720192	.	805	1012	1786	1790	896	980	730
peak_14037	chr8	141721916	141727229	.	5314	3738	7616	8580	2890	3514	2498
peak_14038	chr8	141730899	141731283	.	385	362	632	612	534	518	430
peak_14039	chr8	141734548	141735190	.	643	542	1224	1270	560	756	530
peak_14040	chr8	141735395	141735942	.	548	582	1022	1130	482	582	376
peak_14041	chr8	141738219	141743013	.	4795	3522	6070	6476	2338	2914	2114
peak_14042	chr8	141753318	141755024	.	1707	1062	1764	1860	992	1138	884
peak_14043	chr8	141755095	141755740	.	646	656	952	828	510	412	398
peak_14044	chr8	141757851	141758843	.	993	990	1564	1872	864	1122	754
peak_14045	chr8	141768300	141769484	.	1185	1348	2362	2670	1490	2066	1504
peak_14046	chr8	141787368	141788005	.	638	666	1432	1550	708	898	682
peak_14047	chr8	141788137	141788862	.	726	718	1542	1684	858	1174	916
peak_14048	chr8	141795157	141795718	.	562	456	700	684	510	556	398
peak_14049	chr8	141796642	141797599	.	958	1028	1806	1836	896	1190	718
peak_14050	chr8	141798183	141799192	.	1010	828	1796	1808	998	1364	844
peak_14051	chr8	141800526	141801318	.	793	734	1172	1254	820	924	688
peak_14052	chr8	141802134	141802812	.	679	614	1096	1286	804	988	852
peak_14053	chr8	141808183	141808468	.	286	218	276	338	306	448	270
peak_14054	chr8	141808904	141809329	.	426	394	616	586	584	650	518
peak_14055	chr8	141812235	141812747	.	513	382	692	832	440	544	430
peak_14056	chr8	141843414	141844361	.	948	498	622	886	732	972	744
peak_14057	chr8	141845114	141845436	.	323	222	512	608	276	366	278
peak_14058	chr8	141851745	141852827	.	1083	924	1306	1426	836	936	738
peak_14059	chr8	141852974	141854456	.	1483	856	1370	1286	1178	1310	902
peak_14060	chr8	141860828	141864859	.	4032	2874	5466	6026	2248	2674	2042
peak_14061	chr8	141876052	141876657	.	606	508	886	864	700	752	482
peak_14062	chr8	141878621	141880004	.	1384	1350	2604	2782	1438	2028	1480
peak_14063	chr8	141899001	141900096	.	1096	846	1418	1480	692	830	550
peak_14064	chr8	141900551	141901422	.	872	468	844	750	606	838	550
peak_14065	chr8	141904706	141908886	.	4181	2646	4688	5172	1852	2062	1572
peak_14066	chr8	141916926	141917349	.	424	410	520	664	626	700	488
peak_14067	chr8	141919581	141920839	.	1259	978	2288	2180	1202	1572	1146
peak_14068	chr8	141921055	141921972	.	918	1022	1680	1746	928	1252	860
peak_14069	chr8	141927445	141928322	.	878	638	1274	1476	828	978	744
peak_14070	chr8	141932591	141937277	.	4687	3548	7038	7430	3174	3600	2738
peak_14071	chr8	141938348	141939034	.	687	730	1558	1770	904	1236	772
peak_14072	chr8	141965617	141967401	.	1785	1264	2164	2060	1026	1114	732
peak_14073	chr8	141973210	141974075	.	866	416	652	868	584	794	564
peak_14074	chr8	141976666	141978819	.	2154	1428	2424	2814	732	860	612
peak_14075	chr8	141978987	141981693	.	2707	2610	4678	4980	2642	3314	2708
peak_14076	chr8	141986540	141989071	.	2532	2006	4286	4786	2108	2642	1988
peak_14077	chr8	141990529	141991803	.	1275	1114	1786	1920	1150	1300	906
peak_14078	chr8	141994936	141995853	.	918	752	1418	1422	892	1038	820
peak_14079	chr8	141996108	142000886	.	4779	3204	6208	6584	2570	3112	2324
peak_14080	chr8	142001347	142003909	.	2563	1372	2394	2586	796	810	704
peak_14081	chr8	142004967	142006673	.	1707	1594	2746	2896	1986	2476	1636
peak_14082	chr8	142009291	142012661	.	3371	2634	4408	4846	1806	2120	1516
peak_14083	chr8	142013208	142018893	.	5686	4532	8974	9466	3624	4382	3114
peak_14084	chr8	142019503	142021328	.	1826	1568	3344	3374	1344	1532	1118
peak_14085	chr8	142030757	142031759	.	1003	934	1282	1414	544	730	468
peak_14086	chr8	142037354	142039868	.	2515	2274	4206	4112	1654	2112	1372
peak_14087	chr8	142040084	142043872	.	3789	2894	5314	5718	2862	3534	2442
peak_14088	chr8	142044193	142048123	.	3931	3022	5592	5896	2564	3444	2264
peak_14089	chr8	142062818	142065382	.	2565	1730	3160	3172	1170	1262	970
peak_14090	chr8	142081410	142082126	.	717	510	714	768	464	446	322
peak_14091	chr8	142088726	142094737	.	6012	4130	7858	8174	2630	3242	2442
peak_14092	chr8	142094823	142096813	.	1991	1524	2694	3146	1120	1246	910
peak_14093	chr8	142097165	142098273	.	1109	1022	1970	2068	1198	1582	1058
peak_14094	chr8	142102733	142103787	.	1055	688	1260	1334	692	1010	752
peak_14095	chr8	142104001	142106982	.	2982	2462	4748	4846	2148	2644	2044
peak_14096	chr8	142109487	142115444	.	5958	4070	7428	7978	3730	4460	3170
peak_14097	chr8	142117483	142120541	.	3059	2002	3786	4058	1994	2282	1646
peak_14098	chr8	142143307	142144643	.	1337	1060	2170	2274	1086	1306	978
peak_14099	chr8	142151708	142153841	.	2134	1470	2502	2656	550	660	534
peak_14100	chr8	142154310	142155438	.	1129	742	1440	1548	434	620	436
peak_14101	chr8	142169948	142172517	.	2570	1554	3240	3162	1282	1328	1012
peak_14102	chr8	142185739	142189839	.	4101	3040	5132	5408	2826	3222	2304
peak_14103	chr8	142191285	142194718	.	3434	2240	3690	4108	1578	1738	1368
peak_14104	chr8	142194835	142197226	.	2392	1584	3274	3372	1216	1598	1134
peak_14105	chr8	142201876	142202962	.	1087	1004	1978	2224	850	1082	764
peak_14106	chr8	142209947	142210948	.	1002	936	1730	2100	918	1298	936
peak_14107	chr8	142211891	142212787	.	897	834	2052	2230	1034	1470	1002
peak_14108	chr8	142217402	142218829	.	1428	1106	2358	2494	1440	1940	1262
peak_14109	chr8	142218959	142221254	.	2296	1396	2552	3006	1138	1234	886
peak_14110	chr8	142223986	142228706	.	4721	2636	4694	4990	1400	1542	1168
peak_14111	chr8	142245188	142245561	.	374	184	334	410	372	326	270
peak_14112	chr8	142246141	142248819	.	2679	2096	3632	3944	1612	1874	1510
peak_14113	chr8	142249448	142250275	.	828	812	1558	1722	676	846	674
peak_14114	chr8	142250335	142251786	.	1452	1440	2866	3302	1554	2310	1478
peak_14115	chr8	142257376	142258481	.	1106	866	1456	1440	910	896	622
peak_14116	chr8	142260298	142260958	.	661	502	1010	1072	518	492	348
peak_14117	chr8	142270556	142279953	.	9398	5562	12046	12144	4118	4598	3508
peak_14118	chr8	142286525	142287061	.	537	364	636	900	492	732	516
peak_14119	chr8	142301524	142304091	.	2568	1912	3526	3622	1402	1626	1112
peak_14120	chr8	142317407	142318783	.	1377	944	1390	1592	776	1114	828
peak_14121	chr8	142323644	142324916	.	1273	938	1684	1878	1252	1618	1268
peak_14122	chr8	142325764	142326307	.	544	258	768	1058	674	1142	836
peak_14123	chr8	142335053	142335446	.	394	176	326	382	506	624	484
peak_14124	chr8	142338110	142343711	.	5602	3492	7040	7484	2888	3360	2344
peak_14125	chr8	142346588	142347675	.	1088	806	1544	1602	374	464	382
peak_14126	chr8	142378521	142380703	.	2183	1364	2614	2514	682	726	578
peak_14127	chr8	142380958	142382771	.	1814	1402	3154	3454	1616	2060	1386
peak_14128	chr8	142396093	142397035	.	943	766	1268	1286	702	746	546
peak_14129	chr8	142397280	142398134	.	855	678	1694	1844	720	924	630
peak_14130	chr8	142400814	142407923	.	7110	4876	9316	10096	5234	6218	4586
peak_14131	chr8	142411547	142413343	.	1797	1106	2290	2238	810	856	656
peak_14132	chr8	142416475	142417402	.	928	708	1702	1890	862	1142	878
peak_14133	chr8	142426913	142428297	.	1385	1076	2072	2322	1240	1422	1200
peak_14134	chr8	142428672	142429353	.	682	558	1110	1146	576	848	628
peak_14135	chr8	142437831	142439512	.	1682	1958	2832	2986	2070	2298	1928
peak_14136	chr8	142445399	142447005	.	1607	1176	1298	1482	2086	2086	1494
peak_14137	chr8	142453317	142462153	.	8837	5874	11660	12118	5136	5926	4656
peak_14138	chr8	142469649	142476685	.	7037	4506	10396	10786	4722	6614	4694
peak_14139	chr8	142480109	142481085	.	977	900	1762	1876	856	952	716
peak_14140	chr8	142481723	142482038	.	316	258	268	302	370	492	348
peak_14141	chr8	142482500	142483090	.	591	352	270	366	644	628	462
peak_14142	chr8	142483249	142483994	.	746	536	560	612	888	900	740
peak_14143	chr8	142493347	142495416	.	2070	1694	3486	3648	2392	2832	2320
peak_14144	chr8	142500459	142501352	.	894	894	1410	1632	1024	1190	804
peak_14145	chr8	142502694	142506651	.	3958	2544	4686	5068	1874	1750	1374
peak_14146	chr8	142511182	142516164	.	4983	3372	7036	7784	3065	3918	2826
peak_14147	chr8	142525339	142528110	.	2772	1478	2542	2746	794	790	622
peak_14148	chr8	142528768	142532956	.	4189	2394	4220	4382	2322	2578	2038
peak_14149	chr8	142559000	142559295	.	296	188	288	244	320	324	204
peak_14150	chr8	142559705	142560251	.	547	240	254	272	330	484	292
peak_14151	chr8	142564759	142565745	.	987	960	1634	1994	1026	1202	970
peak_14152	chr8	142572867	142578426	.	5560	4244	8830	9138	3208	4208	2952
peak_14153	chr8	142578696	142580611	.	1916	1068	2130	1974	424	518	376
peak_14154	chr8	142599059	142603049	.	3991	2588	5480	5774	2326	2666	2008
peak_14155	chr8	142611479	142612961	.	1483	1040	2590	2804	1360	1606	1188
peak_14156	chr8	142615335	142616065	.	731	628	1596	1720	762	1178	904
peak_14157	chr8	142616145	142619675	.	3531	2574	5542	6152	2346	3020	2006
peak_14158	chr8	142622086	142622969	.	884	856	1502	1958	816	1146	832
peak_14159	chr8	142627416	142628120	.	705	622	1158	1246	624	738	558
peak_14160	chr8	142631554	142636408	.	4855	3202	6310	6970	2148	2652	2040
peak_14161	chr8	142653850	142655796	.	1947	1104	2044	2114	818	1070	788
peak_14162	chr8	142674649	142679279	.	4631	3910	7660	7436	3676	4456	3178
peak_14163	chr8	142699813	142700420	.	608	518	1600	1380	698	1020	728
peak_14164	chr8	142716286	142716737	.	452	270	302	354	404	408	310
peak_14165	chr8	142739348	142743395	.	4048	3102	6858	7126	3020	3762	2668
peak_14166	chr8	142747382	142757864	.	10483	6680	11614	11924	4350	4490	3384
peak_14167	chr8	142764744	142765402	.	659	432	1052	948	508	620	388
peak_14168	chr8	142782500	142783947	.	1448	910	2254	2488	1058	1362	946
peak_14169	chr8	142788104	142789116	.	1013	1068	2398	2332	1132	1584	1146
peak_14170	chr8	142808218	142809711	.	1494	972	1510	1268	1246	1438	870
peak_14171	chr8	142818698	142821710	.	3013	1616	2426	2744	632	642	616
peak_14172	chr8	142838286	142838695	.	410	254	534	562	406	618	298
peak_14173	chr8	142841798	142842472	.	675	490	840	950	726	1046	716
peak_14174	chr8	142864926	142866711	.	1786	1788	2758	3060	1452	1754	1214
peak_14175	chr8	142873955	142875332	.	1378	916	1718	2050	856	1120	822
peak_14176	chr8	142875691	142876368	.	678	376	916	966	470	684	516
peak_14177	chr8	142877891	142878712	.	822	540	990	1034	838	940	664
peak_14178	chr8	142910646	142911160	.	515	470	774	846	458	600	362
peak_14179	chr8	142916104	142916432	.	329	304	490	528	496	690	330
peak_14180	chr8	142916609	142918129	.	1521	800	1566	1552	586	750	490
peak_14181	chr8	142925365	142927056	.	1692	1560	2832	2746	1424	1802	1118
peak_14182	chr8	142934122	142935617	.	1496	1022	1674	1848	1094	1160	846
peak_14183	chr8	142941872	142948425	.	6554	5276	9534	9456	4432	5418	3886
peak_14184	chr8	142950388	142951134	.	747	854	1416	1176	1262	1632	978
peak_14185	chr8	142951960	142952887	.	928	892	1892	2066	954	1340	1146
peak_14186	chr8	143015830	143016252	.	423	472	988	960	674	894	628
peak_14187	chr8	143017376	143017967	.	592	458	822	892	504	682	420
peak_14188	chr8	143043816	143045821	.	2006	1250	2236	2422	790	1036	790
peak_14189	chr8	143047346	143047943	.	598	362	612	662	606	618	414
peak_14190	chr8	143093956	143095652	.	1697	944	1604	1958	690	710	540
peak_14191	chr8	143103973	143104480	.	508	486	748	882	860	1228	734
peak_14192	chr8	143107091	143107974	.	884	636	852	846	972	1148	798
peak_14193	chr8	143122121	143123309	.	1189	914	1528	1524	1182	1376	912
peak_14194	chr8	143124915	143131688	.	6774	4586	8774	8654	3882	4492	3396
peak_14195	chr8	143142777	143143664	.	888	732	1130	1280	570	810	582
peak_14196	chr8	143147643	143149572	.	1930	1014	1658	1938	476	514	398
peak_14197	chr8	143168619	143171125	.	2507	1462	2610	2898	1080	1504	1000
peak_14198	chr8	143206921	143208596	.	1676	890	1888	1778	476	690	502
peak_14199	chr8	143213536	143216046	.	2511	1642	3248	3750	1526	1996	1440
peak_14200	chr8	143217243	143218034	.	792	800	1352	1368	818	1040	648
peak_14201	chr8	143218369	143221073	.	2705	3478	7104	7176	3634	5204	3110
peak_14202	chr8	143227282	143227816	.	535	358	826	870	622	812	560
peak_14203	chr8	143229089	143229579	.	491	460	1066	1192	470	660	524
peak_14204	chr8	143235358	143236617	.	1260	962	1796	1890	1120	1458	950
peak_14205	chr8	143256842	143257315	.	474	468	614	612	502	606	356
peak_14206	chr8	143264676	143265194	.	519	356	682	774	554	794	498
peak_14207	chr8	143309616	143310579	.	964	644	1204	1434	658	796	616
peak_14208	chr8	143333822	143335901	.	2080	1568	3552	3956	1770	2280	1498
peak_14209	chr8	143343757	143345579	.	1823	1486	2718	3048	1076	1454	1010
peak_14210	chr8	143347798	143349195	.	1398	1026	1842	2114	1320	1596	1104
peak_14211	chr8	143379140	143389993	.	10854	6988	14666	16224	6204	7270	5394
peak_14212	chr8	143392504	143395214	.	2711	1948	3894	4016	1524	1604	1252
peak_14213	chr8	143401933	143403157	.	1225	1002	1890	1952	878	1034	810
peak_14214	chr8	143462063	143463008	.	946	608	1068	1232	448	546	390
peak_14215	chr8	143491072	143492724	.	1653	1370	2462	2594	872	972	748
peak_14216	chr8	143495969	143496520	.	552	462	664	770	416	610	368
peak_14217	chr8	143501242	143502392	.	1151	830	1566	1796	1018	1352	868
peak_14218	chr8	143524195	143530757	.	6563	3316	7102	7308	1708	2090	1620
peak_14219	chr8	143543954	143545001	.	1048	768	1280	1366	902	988	746
peak_14220	chr8	143592567	143594978	.	2412	1594	3116	3264	1282	1500	1022
peak_14221	chr8	143595423	143597903	.	2481	1748	4564	4536	2366	3030	2038
peak_14222	chr8	143635794	143637502	.	1709	914	1992	2210	922	1046	738
peak_14223	chr8	143696529	143698067	.	1539	676	1042	1018	774	802	554
peak_14224	chr8	143716040	143718550	.	2511	1386	2720	2682	990	1284	870
peak_14225	chr8	143719483	143720317	.	835	638	1516	1554	726	922	608
peak_14226	chr8	143756226	143756659	.	434	402	568	546	674	714	560
peak_14227	chr8	143787470	143789828	.	2359	1000	1904	2276	632	760	692
peak_14228	chr8	143808426	143814650	.	6225	3054	5990	6482	1740	2102	1570
peak_14229	chr8	143829194	143830095	.	902	826	1892	1976	998	1362	946
peak_14230	chr8	143903758	143904311	.	554	386	818	894	234	322	246
peak_14231	chr8	143931368	143941791	.	10424	5358	12312	13478	5796	7412	5310
peak_14232	chr8	143982448	143987660	.	5213	3044	5430	6200	2486	2568	2052
peak_14233	chr8	143994353	143994871	.	519	426	964	936	466	658	438
peak_14234	chr8	144014589	144015007	.	419	626	1150	958	970	1258	792
peak_14235	chr8	144077269	144078432	.	1164	966	1780	1742	1206	1236	930
peak_14236	chr8	144104749	144107561	.	2813	1476	3174	3244	1624	1972	1280
peak_14237	chr8	144149572	144150161	.	590	442	860	954	580	558	458
peak_14238	chr8	144184615	144185297	.	683	400	818	840	220	210	162
peak_14239	chr8	144199462	144200360	.	899	638	1260	1362	674	786	620
peak_14240	chr8	144212887	144213401	.	515	242	438	440	382	612	392
peak_14241	chr8	144220182	144222456	.	2275	1348	2370	2294	1044	1214	890
peak_14242	chr8	144240427	144241285	.	859	564	1288	1324	632	986	616
peak_14243	chr8	144242884	144243989	.	1106	834	1502	1352	578	572	456
peak_14244	chr8	144290956	144292905	.	1950	1092	2268	2328	1312	1636	1052
peak_14245	chr8	144318044	144324755	.	6712	3572	7292	8040	2496	2958	2154
peak_14246	chr8	144334887	144335705	.	819	836	1452	1394	972	1334	914
peak_14247	chr8	144374886	144375367	.	482	370	744	740	418	522	420
peak_14248	chr8	144382578	144383684	.	1107	704	1080	1132	342	244	256
peak_14249	chr8	144394766	144395712	.	947	600	1328	1412	674	1016	598
peak_14250	chr8	144407747	144410139	.	2393	1296	2842	2852	1314	1700	1142
peak_14251	chr8	144422849	144423654	.	806	696	1464	1676	850	1230	890
peak_14252	chr8	144442956	144444078	.	1123	668	1236	1276	780	810	556
peak_14253	chr8	144463898	144466112	.	2215	1230	3094	3258	1430	1968	1380
peak_14254	chr8	144476735	144477273	.	539	618	1416	1254	716	820	478
peak_14255	chr8	144479040	144480427	.	1388	982	1926	2034	992	1318	934
peak_14256	chr8	144501250	144505080	.	3831	2038	4198	4734	1644	2056	1576
peak_14257	chr8	144514115	144515432	.	1318	990	2452	2628	1184	1576	1190
peak_14258	chr8	144519396	144524330	.	4935	2362	4748	4716	2190	2478	2008
peak_14259	chr8	144532046	144535246	.	3201	1852	3574	3820	1222	1336	972
peak_14260	chr8	144535321	144537749	.	2429	1622	3338	3488	1594	1708	1198
peak_14261	chr8	144598322	144598785	.	464	490	886	924	720	840	728
peak_14262	chr8	144684030	144684714	.	685	544	1066	1082	482	616	488
peak_14263	chr8	144687846	144688176	.	331	270	274	238	456	418	276
peak_14264	chr8	144730631	144731210	.	580	372	566	554	520	644	434
peak_14265	chr8	144767044	144769063	.	2020	1448	2280	2292	1438	1776	1122
peak_14266	chr8	144774450	144775321	.	872	646	940	908	844	844	626
peak_14267	chr8	144788110	144788795	.	686	820	1348	1390	868	922	574
peak_14268	chr8	144791066	144794271	.	3206	1906	3930	4136	2428	2770	1940
peak_14269	chr8	144890164	144891973	.	1810	916	1442	1250	712	782	506
peak_14270	chr8	145001496	145002330	.	835	672	850	1028	500	626	392
peak_14271	chr8	145057037	145058249	.	1213	1924	2860	3424	2342	2596	1940
peak_14272	chr9	1759811	1760379	.	569	192	362	376	400	522	388
peak_14273	chr9	4508332	4508893	.	562	240	316	330	344	462	292
peak_14274	chr9	4786068	4786340	.	273	72	80	84	144	202	120
peak_14275	chr9	5895688	5896367	.	680	252	318	312	468	764	472
peak_14276	chr9	5897930	5898232	.	303	82	154	144	264	366	206
peak_14277	chr9	6102409	6103009	.	601	108	218	234	264	418	282
peak_14278	chr9	6743592	6743912	.	321	164	242	280	272	410	234
peak_14279	chr9	15722942	15723318	.	377	136	192	170	242	358	218
peak_14280	chr9	16039213	16039859	.	647	200	332	374	378	444	292
peak_14281	chr9	16960075	16960528	.	454	148	246	284	364	462	300
peak_14282	chr9	19154180	19154692	.	513	222	412	384	504	650	446
peak_14283	chr9	19161698	19162041	.	344	164	292	288	420	592	332
peak_14284	chr9	27124854	27125562	.	709	664	1042	1152	992	1012	728
peak_14285	chr9	27227508	27227809	.	302	230	262	212	368	368	352
peak_14286	chr9	27303196	27303514	.	319	244	546	580	386	598	448
peak_14287	chr9	27385762	27386428	.	667	584	922	972	984	1086	822
peak_14288	chr9	27530826	27531239	.	414	232	296	216	432	506	302
peak_14289	chr9	27572606	27573423	.	818	738	1388	1400	1052	1324	828
peak_14290	chr9	27870445	27870762	.	318	198	314	328	426	484	390
peak_14291	chr9	29339036	29339445	.	410	178	246	268	284	344	246
peak_14292	chr9	31908269	31908695	.	427	252	376	300	310	476	278
peak_14293	chr9	31942169	31942440	.	272	72	148	124	272	296	210
peak_14294	chr9	32082824	32083153	.	330	208	262	218	324	442	292
peak_14295	chr9	33075940	33077105	.	1166	710	1652	1668	954	1090	754
peak_14296	chr9	33186509	33186931	.	423	252	380	366	422	454	348
peak_14297	chr9	33187146	33187551	.	406	216	318	308	274	370	256
peak_14298	chr9	33297453	33297818	.	366	258	364	390	410	456	278
peak_14299	chr9	33380729	33381653	.	925	508	890	850	392	354	276
peak_14300	chr9	33391037	33391457	.	421	174	352	282	276	382	244
peak_14301	chr9	33414653	33417884	.	3232	2158	3532	3566	1748	1968	1308
peak_14302	chr9	33426493	33427320	.	828	538	832	978	726	886	660
peak_14303	chr9	33449762	33450381	.	620	336	508	482	400	478	280
peak_14304	chr9	33450523	33451173	.	651	714	710	738	786	898	616
peak_14305	chr9	33502351	33502645	.	295	92	160	214	192	258	170
peak_14306	chr9	33597950	33598483	.	534	218	322	304	260	332	162
peak_14307	chr9	33633578	33634014	.	437	104	132	192	306	304	214
peak_14308	chr9	33813848	33814525	.	678	358	588	646	672	808	600
peak_14309	chr9	34145154	34145552	.	399	350	580	700	626	704	512
peak_14310	chr9	34454772	34455109	.	338	296	582	560	480	588	452
peak_14311	chr9	34519878	34520500	.	623	460	768	768	646	710	426
peak_14312	chr9	34540945	34541273	.	329	238	412	370	346	432	300
peak_14313	chr9	34550494	34551270	.	777	382	746	856	298	410	314
peak_14314	chr9	34559967	34561288	.	1322	990	1620	1558	1310	1674	1132
peak_14315	chr9	34566826	34568078	.	1253	932	1392	1284	1210	1250	896
peak_14316	chr9	34568550	34569220	.	671	426	774	810	558	726	458
peak_14317	chr9	34586687	34588484	.	1798	1288	1802	1720	1128	1194	764
peak_14318	chr9	34646166	34646697	.	532	444	716	672	516	668	460
peak_14319	chr9	34653047	34653676	.	630	444	700	670	478	530	468
peak_14320	chr9	34982031	34982479	.	449	340	526	506	410	498	344
peak_14321	chr9	34986400	34988029	.	1630	996	1752	1860	1490	1660	1204
peak_14322	chr9	34988676	34990918	.	2243	1464	3666	3368	1560	2182	1510
peak_14323	chr9	35028448	35028804	.	357	128	208	208	278	272	208
peak_14324	chr9	35042008	35042893	.	886	494	792	898	902	964	668
peak_14325	chr9	35095715	35096711	.	997	450	862	916	538	624	466
peak_14326	chr9	35102082	35102730	.	649	470	714	594	606	598	448
peak_14327	chr9	35115626	35116561	.	936	642	1992	1742	810	1158	800
peak_14328	chr9	35657172	35658039	.	868	1150	2830	2060	1244	1708	1046
peak_14329	chr9	35956733	35958387	.	1655	1060	1494	1540	1238	1232	762
peak_14330	chr9	36013458	36014004	.	547	304	488	580	522	658	460
peak_14331	chr9	36021642	36022340	.	699	594	922	832	712	896	594
peak_14332	chr9	36164879	36165349	.	471	348	558	570	348	406	318
peak_14333	chr9	36246002	36246418	.	417	284	428	418	420	636	390
peak_14334	chr9	36317524	36318087	.	564	352	644	626	454	648	438
peak_14335	chr9	36555762	36556104	.	343	376	582	390	386	376	264
peak_14336	chr9	36760610	36761613	.	1004	798	1710	1730	912	978	694
peak_14337	chr9	36762670	36764233	.	1564	1050	1610	1744	1312	1660	1172
peak_14338	chr9	36764864	36766525	.	1662	1342	2406	2744	1666	1756	1574
peak_14339	chr9	36772613	36773710	.	1098	1064	1778	1762	1362	1570	1202
peak_14340	chr9	36796110	36796683	.	574	340	560	674	470	626	440
peak_14341	chr9	36796867	36797406	.	540	406	814	786	630	686	528
peak_14342	chr9	36826604	36826959	.	356	190	312	268	322	384	236
peak_14343	chr9	36849054	36850576	.	1523	958	1494	1560	658	634	476
peak_14344	chr9	36904999	36906181	.	1183	778	1154	1332	546	642	526
peak_14345	chr9	36921905	36923723	.	1819	972	1914	1826	1052	1006	730
peak_14346	chr9	36965790	36966161	.	372	202	258	274	288	308	252
peak_14347	chr9	36966597	36967297	.	701	342	480	500	496	464	348
peak_14348	chr9	36970041	36970427	.	387	400	762	782	630	710	490
peak_14349	chr9	37408896	37409660	.	765	654	1090	1116	824	946	688
peak_14350	chr9	37416712	37417738	.	1027	738	1036	1082	702	792	522
peak_14351	chr9	37418420	37419251	.	832	536	812	876	344	374	298
peak_14352	chr9	37464606	37466024	.	1419	1682	4076	4194	2262	3062	2016
peak_14353	chr9	37466130	37466873	.	744	522	996	942	470	570	384
peak_14354	chr9	37521695	37522883	.	1189	1114	1754	1798	1526	2070	1410
peak_14355	chr9	37592020	37592875	.	856	704	1844	1954	1200	1426	926
peak_14356	chr9	37676639	37676866	.	228	112	148	134	176	260	196
peak_14357	chr9	37723084	37723601	.	518	368	416	504	426	488	334
peak_14358	chr9	37800446	37800977	.	532	366	938	1094	532	976	620
peak_14359	chr9	37922335	37923693	.	1359	890	1602	1764	1218	1446	984
peak_14360	chr9	37951547	37952644	.	1098	566	992	1144	518	514	370
peak_14361	chr9	37953628	37954746	.	1119	1052	1930	1872	1454	2076	1476
peak_14362	chr9	37966613	37967139	.	527	328	510	528	530	562	390
peak_14363	chr9	37992708	37993304	.	597	370	560	556	490	524	398
peak_14364	chr9	37994701	37995657	.	957	590	1090	1198	872	1338	784
peak_14365	chr9	38003519	38005630	.	2112	844	1606	1572	712	856	622
peak_14366	chr9	38008057	38009673	.	1617	970	1934	1924	1092	1134	818
peak_14367	chr9	38025415	38026605	.	1191	918	1506	1674	1082	1544	1046
peak_14368	chr9	38062243	38062838	.	596	454	748	916	808	966	692
peak_14369	chr9	38107634	38108870	.	1237	804	1202	1222	972	936	780
peak_14370	chr9	38111165	38111415	.	251	144	184	226	238	356	218
peak_14371	chr9	38153628	38154975	.	1348	810	1206	1452	764	954	636
peak_14372	chr9	38208434	38208910	.	477	372	454	532	644	808	576
peak_14373	chr9	38310796	38312934	.	2139	1334	2262	2394	1314	1548	1222
peak_14374	chr9	38318951	38319486	.	536	416	812	894	492	726	516
peak_14375	chr9	38414369	38416354	.	1986	1152	1900	1958	1032	1212	826
peak_14376	chr9	38650424	38650840	.	417	98	128	236	318	274	228
peak_14377	chr9	38671779	38672079	.	301	248	426	316	358	392	314
peak_14378	chr9	38680780	38681227	.	448	224	384	346	334	532	368
peak_14379	chr9	41359160	41359464	.	305	114	174	122	150	184	104
peak_14380	chr9	61680094	61680860	.	767	314	376	316	252	246	172
peak_14381	chr9	63728115	63728680	.	566	248	446	434	358	390	298
peak_14382	chr9	63728931	63729291	.	361	160	362	494	242	358	214
peak_14383	chr9	65404373	65404920	.	548	348	652	592	374	406	280
peak_14384	chr9	65409495	65410352	.	858	518	926	884	576	734	504
peak_14385	chr9	65412595	65414016	.	1422	534	1342	1198	526	694	464
peak_14386	chr9	65414112	65414596	.	485	134	300	296	306	324	222
peak_14387	chr9	65455726	65456343	.	618	352	644	496	320	324	246
peak_14388	chr9	65459697	65460377	.	681	392	722	722	602	716	508
peak_14389	chr9	65465187	65466140	.	954	458	814	826	544	806	532
peak_14390	chr9	65473087	65473940	.	854	440	828	756	784	1162	752
peak_14391	chr9	65474656	65475335	.	680	284	478	484	300	420	336
peak_14392	chr9	65509982	65510481	.	500	264	368	392	318	342	210
peak_14393	chr9	69018718	69019184	.	467	174	268	270	360	340	240
peak_14394	chr9	69174534	69174763	.	230	170	268	294	172	212	138
peak_14395	chr9	70121907	70122446	.	540	116	130	178	302	328	268
peak_14396	chr9	71072545	71073025	.	481	132	186	182	286	306	220
peak_14397	chr9	72041472	72042160	.	689	434	606	498	602	842	580
peak_14398	chr9	72092940	72093232	.	293	158	202	232	310	360	278
peak_14399	chr9	72824063	72824670	.	608	284	376	360	406	458	284
peak_14400	chr9	74775393	74775902	.	510	218	256	238	430	446	350
peak_14401	chr9	75046882	75047251	.	370	184	268	234	360	516	340
peak_14402	chr9	75083229	75083610	.	382	202	476	480	422	670	524
peak_14403	chr9	75152226	75152744	.	519	148	196	188	332	328	254
peak_14404	chr9	75229959	75230382	.	424	288	362	522	358	330	274
peak_14405	chr9	75993470	75993856	.	387	244	376	234	374	482	230
peak_14406	chr9	76231087	76231433	.	347	78	160	196	204	272	262
peak_14407	chr9	76321242	76321788	.	547	416	636	590	512	574	400
peak_14408	chr9	76603449	76603802	.	354	100	172	174	248	344	228
peak_14409	chr9	76665462	76665839	.	378	142	220	214	318	314	238
peak_14410	chr9	76900989	76901463	.	475	258	376	416	368	526	336
peak_14411	chr9	77807159	77807540	.	382	100	176	172	356	436	312
peak_14412	chr9	80995743	80996146	.	404	148	302	316	370	428	282
peak_14413	chr9	81562507	81562936	.	430	192	450	420	454	588	412
peak_14414	chr9	81738138	81738537	.	400	302	536	496	602	578	448
peak_14415	chr9	81842524	81842878	.	355	304	686	492	436	624	292
peak_14416	chr9	83238896	83239605	.	710	228	212	272	494	522	344
peak_14417	chr9	83426978	83427472	.	495	112	128	162	230	306	212
peak_14418	chr9	84170525	84171117	.	593	322	524	518	338	588	380
peak_14419	chr9	84512489	84512956	.	468	222	436	412	512	588	396
peak_14420	chr9	85093697	85094079	.	383	158	154	176	290	322	208
peak_14421	chr9	85212337	85212577	.	241	182	326	324	302	384	228
peak_14422	chr9	85740977	85742556	.	1580	734	1502	1600	770	1104	678
peak_14423	chr9	86485114	86485645	.	532	158	260	298	370	426	312
peak_14424	chr9	86569152	86569598	.	447	336	350	370	558	660	460
peak_14425	chr9	86674416	86674856	.	441	224	354	420	346	532	322
peak_14426	chr9	87547765	87548200	.	436	162	212	256	376	410	272
peak_14427	chr9	87558708	87559095	.	388	166	246	302	258	340	262
peak_14428	chr9	87713244	87713935	.	692	396	864	878	688	920	686
peak_14429	chr9	87799386	87799653	.	268	176	252	304	216	228	208
peak_14430	chr9	87869092	87869600	.	509	304	504	538	274	390	276
peak_14431	chr9	87872121	87873092	.	972	526	1088	1014	546	750	510
peak_14432	chr9	88270621	88271179	.	559	142	298	310	264	384	208
peak_14433	chr9	88359738	88360322	.	585	102	102	114	278	350	208
peak_14434	chr9	88579102	88580063	.	962	592	886	900	752	902	614
peak_14435	chr9	88665772	88666143	.	372	158	318	302	360	356	302
peak_14436	chr9	88747666	88748234	.	569	198	268	248	382	406	210
peak_14437	chr9	89153504	89153940	.	437	318	414	582	460	584	428
peak_14438	chr9	89179680	89180488	.	809	504	844	960	686	770	532
peak_14439	chr9	89226250	89226532	.	283	118	208	242	236	236	242
peak_14440	chr9	89245865	89246746	.	882	366	642	654	560	618	468
peak_14441	chr9	89310293	89311422	.	1130	946	2420	2138	1180	1666	1034
peak_14442	chr9	89388031	89388434	.	404	142	190	150	214	326	250
peak_14443	chr9	89403882	89404517	.	636	346	576	640	456	594	464
peak_14444	chr9	89425244	89425854	.	611	370	658	748	500	730	500
peak_14445	chr9	89427688	89428561	.	874	494	854	936	594	676	482
peak_14446	chr9	89433284	89434254	.	971	522	920	928	524	814	488
peak_14447	chr9	89466257	89466965	.	709	388	610	626	802	924	632
peak_14448	chr9	89505616	89506093	.	478	256	360	324	344	454	260
peak_14449	chr9	89519016	89519845	.	830	528	782	872	734	916	648
peak_14450	chr9	89595737	89596278	.	542	230	370	348	310	462	272
peak_14451	chr9	89656062	89657607	.	1546	938	1610	1526	916	1082	800
peak_14452	chr9	89668330	89669022	.	693	274	392	454	460	562	434
peak_14453	chr9	89674466	89675712	.	1247	662	1162	1214	816	928	708
peak_14454	chr9	89686062	89686930	.	869	322	604	564	466	536	422
peak_14455	chr9	89748893	89750220	.	1328	708	1106	1114	968	1220	782
peak_14456	chr9	89799704	89800193	.	490	146	372	292	240	352	248
peak_14457	chr9	89803081	89803653	.	573	288	362	332	382	556	324
peak_14458	chr9	89805715	89806217	.	503	284	580	630	490	532	486
peak_14459	chr9	89806480	89807534	.	1055	580	788	768	928	990	654
peak_14460	chr9	89875470	89875934	.	465	380	590	526	378	432	302
peak_14461	chr9	89878704	89879180	.	477	270	480	596	312	412	302
peak_14462	chr9	89939719	89940246	.	528	168	266	332	414	498	400
peak_14463	chr9	89940658	89941197	.	540	334	470	472	482	616	432
peak_14464	chr9	89992964	89994595	.	1632	908	1298	1200	1250	1408	882
peak_14465	chr9	90045676	90046358	.	683	234	330	276	364	378	276
peak_14466	chr9	90103653	90104038	.	386	218	228	224	370	408	238
peak_14467	chr9	90217891	90218863	.	973	442	494	410	922	954	632
peak_14468	chr9	90290761	90291354	.	594	280	316	352	486	614	438
peak_14469	chr9	90449549	90450172	.	624	148	270	402	360	366	314
peak_14470	chr9	90872984	90873309	.	326	132	182	244	188	244	206
peak_14471	chr9	90882755	90883982	.	1228	432	620	722	254	296	192
peak_14472	chr9	90892980	90893370	.	391	304	426	426	426	378	320
peak_14473	chr9	91071170	91072052	.	883	560	1148	1254	752	988	776
peak_14474	chr9	91089934	91090762	.	829	490	726	756	586	742	476
peak_14475	chr9	91164337	91165271	.	935	570	1118	1066	648	1014	582
peak_14476	chr9	91197294	91197530	.	237	166	292	212	334	412	262
peak_14477	chr9	91898280	91899489	.	1210	572	1098	914	862	1130	772
peak_14478	chr9	91952261	91952617	.	357	238	218	224	394	348	298
peak_14479	chr9	92136970	92137568	.	599	278	606	538	400	540	302
peak_14480	chr9	92185837	92186238	.	402	144	246	254	248	258	168
peak_14481	chr9	92187234	92188279	.	1046	672	1390	1264	720	882	724
peak_14482	chr9	92206550	92206938	.	389	132	158	168	274	294	230
peak_14483	chr9	92325481	92326355	.	875	730	1226	1366	872	1138	746
peak_14484	chr9	92724628	92725763	.	1136	838	1368	1422	866	1092	778
peak_14485	chr9	92726030	92727466	.	1437	878	1270	1400	668	812	642
peak_14486	chr9	92734856	92736097	.	1242	790	1394	1418	888	958	662
peak_14487	chr9	92762600	92765985	.	3386	1416	2988	3048	1480	1860	1372
peak_14488	chr9	92796253	92796707	.	455	210	384	412	324	430	294
peak_14489	chr9	92968869	92969398	.	530	322	600	572	418	460	316
peak_14490	chr9	93003343	93004317	.	975	560	890	988	798	970	688
peak_14491	chr9	93034915	93038611	.	3697	1462	2402	2586	714	734	588
peak_14492	chr9	93060938	93062978	.	2041	656	1270	1312	440	496	282
peak_14493	chr9	93095914	93098229	.	2316	1078	2732	2628	1172	1572	1090
peak_14494	chr9	93118830	93121218	.	2389	1036	2152	1930	942	1160	820
peak_14495	chr9	93148746	93149093	.	348	86	80	138	194	196	132
peak_14496	chr9	93197524	93198668	.	1145	404	578	644	300	368	254
peak_14497	chr9	93224301	93225053	.	753	590	1014	1056	834	1156	762
peak_14498	chr9	93245279	93246086	.	808	336	604	674	542	626	492
peak_14499	chr9	93256480	93256908	.	429	248	430	356	288	374	284
peak_14500	chr9	93257912	93258705	.	794	484	776	808	546	780	606
peak_14501	chr9	93291473	93291805	.	333	252	350	390	338	322	280
peak_14502	chr9	93430552	93431072	.	521	184	188	212	246	348	238
peak_14503	chr9	93508024	93508825	.	802	474	716	816	490	580	382
peak_14504	chr9	93615327	93615838	.	512	204	250	264	256	356	254
peak_14505	chr9	93649489	93650774	.	1286	638	836	912	922	1028	714
peak_14506	chr9	93663826	93664576	.	751	272	592	670	370	486	368
peak_14507	chr9	93811932	93812617	.	686	352	572	634	434	546	362
peak_14508	chr9	93813998	93814873	.	876	380	654	602	338	294	256
peak_14509	chr9	93928871	93929372	.	502	262	360	372	326	430	328
peak_14510	chr9	93936508	93937438	.	931	494	702	834	582	748	460
peak_14511	chr9	93978563	93979180	.	618	224	392	416	376	458	280
peak_14512	chr9	94212013	94213068	.	1056	620	820	818	702	730	434
peak_14513	chr9	94800980	94801610	.	631	328	504	536	548	682	442
peak_14514	chr9	94870992	94871417	.	426	240	348	366	382	432	322
peak_14515	chr9	95268730	95269016	.	287	118	314	268	252	300	236
peak_14516	chr9	95381036	95381641	.	606	240	360	380	346	434	368
peak_14517	chr9	96057048	96057664	.	617	292	376	418	474	652	410
peak_14518	chr9	96436164	96437223	.	1060	466	648	626	796	734	600
peak_14519	chr9	96725539	96725984	.	446	146	296	300	364	424	280
peak_14520	chr9	96856831	96857462	.	632	358	606	550	714	942	600
peak_14521	chr9	96864937	96865505	.	569	282	438	574	394	598	484
peak_14522	chr9	97398943	97399353	.	411	280	556	520	290	512	396
peak_14523	chr9	97468664	97469458	.	795	434	488	542	584	668	448
peak_14524	chr9	97558924	97559507	.	584	276	510	610	406	490	332
peak_14525	chr9	97564378	97564714	.	337	160	346	228	300	350	296
peak_14526	chr9	97811661	97812034	.	374	174	296	276	276	420	302
peak_14527	chr9	97958332	97959497	.	1166	732	950	1046	598	736	556
peak_14528	chr9	98010483	98010815	.	333	278	458	466	440	608	412
peak_14529	chr9	98160589	98161122	.	534	268	464	416	434	592	438
peak_14530	chr9	98190723	98192456	.	1734	848	1556	1556	722	774	586
peak_14531	chr9	98214651	98216657	.	2007	620	1052	958	508	612	436
peak_14532	chr9	98241662	98242253	.	592	218	348	400	278	342	204
peak_14533	chr9	98248829	98249220	.	392	158	380	336	294	346	294
peak_14534	chr9	98280238	98280987	.	750	258	374	476	368	366	340
peak_14535	chr9	98374497	98375540	.	1044	642	1126	1132	942	1070	752
peak_14536	chr9	98410172	98410485	.	314	270	264	324	208	326	214
peak_14537	chr9	98426061	98426486	.	426	232	304	432	406	506	338
peak_14538	chr9	98728489	98729559	.	1071	526	918	980	594	730	458
peak_14539	chr9	98883326	98883861	.	536	180	252	228	390	384	342
peak_14540	chr9	98971070	98972415	.	1346	752	1306	1190	920	1240	734
peak_14541	chr9	98988973	98990087	.	1115	750	1336	1264	758	830	600
peak_14542	chr9	98998680	98999783	.	1104	588	1012	976	682	1000	728
peak_14543	chr9	99019293	99020347	.	1055	428	668	730	676	826	618
peak_14544	chr9	99253728	99254379	.	652	480	910	944	570	692	592
peak_14545	chr9	99257848	99258584	.	737	456	792	876	518	628	492
peak_14546	chr9	99266424	99266813	.	390	336	512	506	398	568	404
peak_14547	chr9	99356407	99357064	.	658	316	714	638	616	752	488
peak_14548	chr9	99357515	99357997	.	483	402	742	846	592	692	550
peak_14549	chr9	99819297	99820323	.	1027	574	1720	1546	834	1310	842
peak_14550	chr9	99820986	99821662	.	677	462	794	840	530	612	474
peak_14551	chr9	100377059	100377315	.	257	46	100	152	126	232	172
peak_14552	chr9	100699138	100699766	.	629	370	494	530	580	664	446
peak_14553	chr9	104854017	104854268	.	252	104	148	142	200	226	142
peak_14554	chr9	104993706	104994116	.	411	328	598	644	470	584	488
peak_14555	chr9	105064171	105065146	.	976	860	1510	1432	972	1198	862
peak_14556	chr9	105115945	105116477	.	533	292	416	428	532	638	548
peak_14557	chr9	105995067	105995472	.	406	126	210	298	278	346	286
peak_14558	chr9	106450532	106450833	.	302	102	184	154	266	308	184
peak_14559	chr9	106885553	106885943	.	391	154	196	270	276	302	274
peak_14560	chr9	106893141	106893449	.	309	120	214	198	202	364	212
peak_14561	chr9	108562175	108562676	.	502	198	300	320	318	436	402
peak_14562	chr9	109356070	109356577	.	508	288	394	400	388	490	274
peak_14563	chr9	109726146	109726465	.	320	110	240	194	206	278	158
peak_14564	chr9	109765721	109766146	.	426	134	236	228	226	334	238
peak_14565	chr9	110069679	110070276	.	598	190	336	328	490	538	370
peak_14566	chr9	111959630	111960309	.	680	392	794	918	544	794	612
peak_14567	chr9	112061200	112061607	.	408	122	222	230	296	246	230
peak_14568	chr9	113632847	113633554	.	708	282	390	356	340	530	360
peak_14569	chr9	113633804	113634628	.	825	328	702	684	414	588	398
peak_14570	chr9	113659534	113660046	.	513	124	206	238	204	278	194
peak_14571	chr9	113675185	113676203	.	1019	596	1052	1058	754	924	788
peak_14572	chr9	114603367	114603630	.	264	40	98	76	122	146	152
peak_14573	chr9	117121803	117122489	.	687	126	132	142	294	304	226
peak_14574	chr9	119332431	119332854	.	424	124	166	230	196	278	222
peak_14575	chr9	120480723	120481240	.	518	128	300	226	368	466	272
peak_14576	chr9	120571971	120572341	.	371	92	190	166	266	336	226
peak_14577	chr9	121288584	121289089	.	506	282	392	304	380	448	290
peak_14578	chr9	121476158	121476973	.	816	306	490	486	384	434	424
peak_14579	chr9	121557882	121558443	.	562	292	596	630	358	558	372
peak_14580	chr9	121744547	121745625	.	1079	394	816	864	520	595	436
peak_14581	chr9	121781207	121783450	.	2244	634	990	1010	360	432	286
peak_14582	chr9	121984752	121985246	.	495	238	302	418	310	378	348
peak_14583	chr9	122190988	122191340	.	353	154	310	270	212	260	192
peak_14584	chr9	122796920	122798116	.	1197	652	936	952	846	1014	828
peak_14585	chr9	123340151	123340575	.	425	196	392	420	298	450	304
peak_14586	chr9	123342172	123343139	.	968	464	648	756	562	650	506
peak_14587	chr9	123364430	123364953	.	524	234	614	478	298	452	338
peak_14588	chr9	123983485	123983730	.	246	98	154	154	200	194	146
peak_14589	chr9	124068381	124068944	.	564	162	190	224	336	360	284
peak_14590	chr9	124113245	124114039	.	795	274	536	532	296	468	294
peak_14591	chr9	124124657	124125911	.	1255	636	1058	1248	796	1290	924
peak_14592	chr9	124142831	124143189	.	359	120	164	142	194	238	154
peak_14593	chr9	124144658	124145260	.	603	382	518	492	548	652	482
peak_14594	chr9	124357679	124358000	.	322	196	296	354	280	420	286
peak_14595	chr9	124472612	124473832	.	1221	602	952	992	650	778	520
peak_14596	chr9	124483348	124484175	.	828	300	382	460	398	466	290
peak_14597	chr9	124812355	124812795	.	441	258	706	520	360	486	322
peak_14598	chr9	124818565	124819240	.	676	446	852	894	618	826	586
peak_14599	chr9	124840263	124840673	.	411	152	444	520	240	450	294
peak_14600	chr9	125125986	125126601	.	616	346	532	464	394	610	372
peak_14601	chr9	125427564	125428010	.	447	198	424	374	204	386	338
peak_14602	chr9	126399205	126399749	.	545	238	522	538	390	442	380
peak_14603	chr9	126459139	126459583	.	445	192	350	284	274	380	224
peak_14604	chr9	126477389	126477777	.	389	100	200	168	232	338	206
peak_14605	chr9	126480599	126481274	.	676	382	688	734	428	624	542
peak_14606	chr9	126592103	126592446	.	344	104	148	148	158	190	166
peak_14607	chr9	126656498	126656987	.	490	178	290	322	248	364	252
peak_14608	chr9	126686442	126686830	.	389	128	186	184	172	198	168
peak_14609	chr9	126788594	126789074	.	481	184	360	282	324	370	278
peak_14610	chr9	127050585	127050968	.	384	158	244	222	236	260	182
peak_14611	chr9	127074539	127075459	.	921	340	374	498	330	408	314
peak_14612	chr9	127091971	127092648	.	678	166	314	364	360	408	244
peak_14613	chr9	127116944	127117370	.	427	150	400	410	240	442	274
peak_14614	chr9	127124223	127124485	.	263	148	246	202	190	260	158
peak_14615	chr9	127128372	127129087	.	716	228	354	468	398	486	394
peak_14616	chr9	127159237	127159612	.	376	140	304	290	290	354	240
peak_14617	chr9	127344557	127345035	.	479	150	272	270	312	486	240
peak_14618	chr9	127450728	127453019	.	2292	722	1408	1604	868	1026	676
peak_14619	chr9	127720992	127722722	.	1731	826	1734	1786	850	1188	726
peak_14620	chr9	127740756	127741185	.	430	236	346	342	190	328	180
peak_14621	chr9	127786208	127786869	.	662	346	854	1020	410	540	384
peak_14622	chr9	127914536	127917525	.	2990	1346	2508	2706	1414	1656	1124
peak_14623	chr9	127932958	127933921	.	964	502	922	904	692	884	650
peak_14624	chr9	127934880	127936648	.	1769	886	1876	1934	1168	1400	916
peak_14625	chr9	127943607	127946645	.	3039	1114	1986	2154	808	902	756
peak_14626	chr9	127954137	127956335	.	2199	1274	2472	2450	1308	1738	1096
peak_14627	chr9	127964290	127964940	.	651	370	772	654	320	452	274
peak_14628	chr9	127968019	127969309	.	1291	716	1430	1442	1058	1268	1052
peak_14629	chr9	128018146	128018415	.	270	98	222	306	198	262	190
peak_14630	chr9	128051749	128052288	.	540	406	714	806	416	626	504
peak_14631	chr9	128056149	128056558	.	410	246	432	480	334	458	284
peak_14632	chr9	128067785	128068228	.	444	490	1718	1144	410	600	422
peak_14633	chr9	128634262	128637413	.	3152	1378	3466	3528	1416	1760	1252
peak_14634	chr9	128901675	128903565	.	1891	962	1684	1738	778	1074	766
peak_14635	chr9	129084109	129085444	.	1336	436	842	806	426	542	384
peak_14636	chr9	129306327	129306759	.	433	362	534	612	436	580	434
peak_14637	chr9	129333806	129334525	.	720	456	1276	942	504	766	420
peak_14638	chr9	129343684	129344167	.	484	158	386	392	248	344	276
peak_14639	chr9	129607528	129608057	.	530	324	632	612	314	346	294
peak_14640	chr9	129749755	129750376	.	622	276	552	484	406	582	458
peak_14641	chr9	129991940	129992367	.	428	168	366	344	280	352	290
peak_14642	chr9	130277017	130277522	.	506	182	256	368	288	314	248
peak_14643	chr9	130343580	130344216	.	637	254	584	594	308	390	286
peak_14644	chr9	130368559	130369096	.	538	264	488	554	364	668	358
peak_14645	chr9	130439482	130439876	.	395	174	330	354	248	364	250
peak_14646	chr9	130927864	130929924	.	2061	700	1528	1520	792	1168	710
peak_14647	chr9	130961896	130962955	.	1060	472	946	804	342	592	368
peak_14648	chr9	130991731	130995230	.	3500	988	1722	1870	796	908	628
peak_14649	chr9	130995351	130995932	.	582	340	548	622	260	298	234
peak_14650	chr9	131057394	131058042	.	649	260	508	540	334	578	388
peak_14651	chr9	131695973	131696292	.	320	126	210	224	162	298	164
peak_14652	chr9	131744327	131745148	.	822	414	550	700	496	626	412
peak_14653	chr9	131810547	131810989	.	443	224	478	498	306	510	300
peak_14654	chr9	131813086	131813862	.	777	320	566	590	410	434	392
peak_14655	chr9	132190823	132191537	.	715	316	504	572	444	492	452
peak_14656	chr9	132269612	132269893	.	282	144	228	186	274	336	280
peak_14657	chr9	132270185	132270594	.	410	144	220	210	294	414	240
peak_14658	chr9	132276189	132276732	.	544	186	272	258	196	302	182
peak_14659	chr9	132378670	132379024	.	355	134	208	204	234	208	182
peak_14660	chr9	132799287	132799927	.	641	232	348	308	378	418	272
peak_14661	chr9	133114214	133115225	.	1012	558	1116	1114	522	742	442
peak_14662	chr9	133188375	133189339	.	965	504	944	1070	590	796	470
peak_14663	chr9	133269705	133269945	.	241	50	152	144	158	196	132
peak_14664	chr9	133377843	133378691	.	849	368	474	590	376	456	308
peak_14665	chr9	133386029	133388048	.	2020	608	1016	1030	590	558	474
peak_14666	chr9	133406549	133407431	.	883	336	864	848	508	694	454
peak_14667	chr9	133442070	133443847	.	1778	404	822	860	160	208	146
peak_14668	chr9	133444705	133445095	.	391	126	316	310	182	248	218
peak_14669	chr9	133459537	133461670	.	2134	942	2150	2182	1050	1316	874
peak_14670	chr9	133628932	133630020	.	1089	330	572	630	220	322	212
peak_14671	chr9	133715507	133716563	.	1057	514	902	1068	414	654	434
peak_14672	chr9	134323807	134324945	.	1139	588	1150	1088	620	864	660
peak_14673	chr9	134790823	134791404	.	582	192	434	520	392	440	360
peak_14674	chr9	134850137	134851103	.	967	300	414	430	502	692	400
peak_14675	chr9	135023433	135024092	.	660	290	430	482	394	606	412
peak_14676	chr9	135083272	135084295	.	1024	440	906	1064	550	782	602
peak_14677	chr9	135084724	135085672	.	949	492	862	884	552	814	552
peak_14678	chr9	135147100	135148043	.	944	376	916	958	550	792	546
peak_14679	chr9	135166399	135166959	.	561	274	522	476	354	488	336
peak_14680	chr9	135250714	135251372	.	659	268	622	744	472	634	446
peak_14681	chr9	135342182	135343744	.	1563	472	1076	958	610	660	464
peak_14682	chr9	135345014	135345902	.	889	382	716	630	424	526	412
peak_14683	chr9	135379463	135380354	.	892	360	694	796	552	722	550
peak_14684	chr9	135555135	135555698	.	564	236	446	446	358	438	300
peak_14685	chr9	135607645	135608587	.	943	440	810	834	464	652	458
peak_14686	chr9	135613297	135614014	.	718	272	652	716	408	492	416
peak_14687	chr9	135967953	135968531	.	579	246	410	502	326	418	286
peak_14688	chr9	136251338	136251703	.	366	130	354	326	204	312	170
peak_14689	chr9	136306043	136307214	.	1172	590	1298	1356	670	992	672
peak_14690	chr9	136324400	136325716	.	1317	478	974	1028	588	674	512
peak_14691	chr9	136354643	136355084	.	442	186	446	494	240	434	208
peak_14692	chr9	136409467	136410347	.	881	334	622	616	338	378	314
peak_14693	chr9	136437554	136438042	.	489	176	270	416	230	334	212
peak_14694	chr9	136726580	136727067	.	488	340	384	468	268	306	228
peak_14695	chr9	136901300	136902826	.	1527	740	1262	1214	532	732	482
peak_14696	chr9	136966159	136966568	.	410	252	422	388	344	446	324
peak_14697	chr9	136968230	136968576	.	347	150	300	300	174	290	168
peak_14698	chr9	136991821	136993445	.	1625	656	1544	1780	816	1122	808
peak_14699	chr9	137139659	137142738	.	3080	1400	2270	2350	1562	1912	1426
peak_14700	chr9	137157511	137158431	.	921	386	742	828	508	672	458
peak_14701	chr9	137276851	137277936	.	1086	360	714	696	290	364	286
peak_14702	chr9	137396184	137396635	.	452	186	298	342	226	316	208
peak_14703	chr9	137422853	137424335	.	1483	340	912	1036	366	648	440
peak_14704	chr9	137424588	137425324	.	737	486	594	602	564	682	488
peak_14705	chr9	137506655	137507314	.	660	346	620	702	390	562	358
peak_14706	chr9	137514901	137515669	.	769	334	642	786	410	534	380
peak_14707	chr9	137956704	137957243	.	540	248	472	534	358	546	340
peak_14708	chr9	138047456	138048350	.	895	300	458	478	474	552	374
peak_14709	chr9	138099574	138100283	.	710	264	408	454	342	472	300
peak_14710	chr9_KI270720v1_random	199	1629	.	1431	954	1268	1268	1582	1676	1304
peak_14711	chrUn_GL000195v1	18185	18474	.	290	102	186	130	148	170	110
peak_14712	chrUn_GL000195v1	24107	24472	.	366	104	238	170	180	256	178
peak_14713	chrUn_GL000216v2	141092	142105	.	1014	442	692	590	650	708	586
peak_14714	chrUn_GL000216v2	154200	155144	.	945	386	706	698	520	752	538
peak_14715	chrUn_GL000216v2	163946	164283	.	338	192	210	128	212	202	152
peak_14716	chrUn_GL000216v2	173451	174130	.	680	618	836	552	688	758	464
peak_14717	chrUn_GL000216v2	174213	174472	.	260	134	200	126	146	182	100
peak_14718	chrUn_GL000216v2	174540	175362	.	823	358	628	578	454	528	334
peak_14719	chrUn_KI270744v1	110940	111297	.	358	172	356	418	304	404	202
peak_14720	chrUn_KI270749v1	58114	58401	.	288	134	324	272	274	332	170
peak_14721	chrX	756136	756999	.	864	188	322	336	432	418	344
peak_14722	chrX	13398498	13398794	.	297	164	328	224	204	274	150
peak_14723	chrX	17769048	17770768	.	1721	458	602	598	744	774	536
peak_14724	chrX	30801986	30803055	.	1070	294	364	542	614	622	602
peak_14725	chrX	39639889	39640270	.	382	104	194	218	258	422	224
peak_14726	chrX	47056702	47057292	.	591	128	312	340	272	352	256
peak_14727	chrX	47311764	47312633	.	870	150	220	276	336	452	298
peak_14728	chrX	47366331	47366782	.	452	240	334	364	392	410	258
peak_14729	chrX	47650166	47651200	.	1035	676	1728	1374	684	936	666
peak_14730	chrX	48165270	48165854	.	585	184	340	398	382	630	382
peak_14731	chrX	48464807	48466114	.	1308	562	704	754	610	662	396
peak_14732	chrX	48487154	48487840	.	687	264	688	524	460	650	432
peak_14733	chrX	48487992	48489069	.	1078	432	596	726	714	742	532
peak_14734	chrX	48498372	48498827	.	456	224	432	416	236	326	302
peak_14735	chrX	48575716	48576503	.	788	234	418	426	368	360	300
peak_14736	chrX	48591422	48591728	.	307	144	216	222	288	242	240
peak_14737	chrX	48601122	48602136	.	1015	290	526	556	156	194	140
peak_14738	chrX	48694943	48696608	.	1666	724	1678	1754	1072	1482	1006
peak_14739	chrX	48753242	48755225	.	1984	792	1176	1236	984	1050	898
peak_14740	chrX	48794214	48794888	.	675	288	384	438	532	636	452
peak_14741	chrX	48919902	48920915	.	1014	262	344	392	442	424	292
peak_14742	chrX	49190833	49191900	.	1068	620	1348	1188	718	864	578
peak_14743	chrX	49192942	49194065	.	1124	524	834	892	638	608	494
peak_14744	chrX	49732178	49732713	.	536	168	292	348	252	476	268
peak_14745	chrX	50448425	50448853	.	429	190	304	318	336	352	384
peak_14746	chrX	51041101	51041818	.	718	148	226	220	262	314	208
peak_14747	chrX	51155762	51156335	.	574	266	332	364	346	386	286
peak_14748	chrX	52554949	52555558	.	610	154	296	278	284	420	218
peak_14749	chrX	52603145	52603476	.	332	108	182	202	184	272	224
peak_14750	chrX	52804936	52805361	.	426	110	162	166	200	190	114
peak_14751	chrX	53074816	53075375	.	560	272	674	574	512	656	452
peak_14752	chrX	53083928	53084591	.	664	216	290	256	414	444	330
peak_14753	chrX	53093706	53094602	.	897	400	850	774	470	696	510
peak_14754	chrX	53263547	53264420	.	874	324	764	658	640	810	526
peak_14755	chrX	53280453	53281750	.	1298	568	1062	1204	584	708	532
peak_14756	chrX	54472382	54473504	.	1123	496	678	648	668	800	610
peak_14757	chrX	54825537	54826015	.	479	154	272	198	176	270	148
peak_14758	chrX	55717503	55718271	.	769	604	1258	1246	762	1120	724
peak_14759	chrX	63423672	63424475	.	804	364	544	622	534	638	468
peak_14760	chrX	64204724	64206395	.	1672	568	1234	1306	644	676	588
peak_14761	chrX	68238714	68239107	.	394	146	274	260	208	208	138
peak_14762	chrX	68571458	68572255	.	798	266	554	384	544	652	480
peak_14763	chrX	68650840	68651552	.	713	208	362	378	390	378	310
peak_14764	chrX	68826200	68826802	.	603	246	568	596	428	484	362
peak_14765	chrX	68929421	68931633	.	2213	812	1394	1504	616	732	562
peak_14766	chrX	68936698	68937079	.	382	192	368	388	298	364	242
peak_14767	chrX	69027176	69028284	.	1109	498	870	932	650	920	616
peak_14768	chrX	69045582	69046000	.	419	148	258	192	268	320	224
peak_14769	chrX	69097411	69097920	.	510	158	300	368	260	428	282
peak_14770	chrX	69115056	69115483	.	428	150	238	364	244	294	252
peak_14771	chrX	69120068	69121514	.	1447	632	1032	1114	788	842	536
peak_14772	chrX	69163978	69164788	.	811	340	588	576	418	600	410
peak_14773	chrX	69507048	69507824	.	777	372	578	502	504	640	560
peak_14774	chrX	69520232	69520622	.	391	74	184	168	238	244	186
peak_14775	chrX	70029911	70030675	.	765	268	320	392	238	258	128
peak_14776	chrX	70098038	70098334	.	297	98	270	194	236	272	156
peak_14777	chrX	71207508	71207786	.	279	68	90	120	120	170	104
peak_14778	chrX	71657276	71657583	.	308	118	142	130	232	256	164
peak_14779	chrX	71989691	71990090	.	400	176	378	320	262	432	292
peak_14780	chrX	78064957	78065229	.	273	118	214	112	206	280	210
peak_14781	chrX	84781312	84781720	.	409	124	164	126	240	298	216
peak_14782	chrX	85107401	85108060	.	660	224	458	556	514	818	528
peak_14783	chrX	85116339	85117216	.	878	240	260	316	510	602	396
peak_14784	chrX	96243925	96244350	.	426	120	124	164	230	302	182
peak_14785	chrX	96315033	96315293	.	261	84	122	90	196	242	160
peak_14786	chrX	101265731	101266261	.	531	244	408	414	556	726	458
peak_14787	chrX	101407964	101408399	.	436	262	708	512	398	624	332
peak_14788	chrX	101859128	101860080	.	953	524	714	798	1110	1102	964
peak_14789	chrX	102765857	102766279	.	423	156	358	358	316	438	282
peak_14790	chrX	103030715	103031390	.	676	216	326	264	464	584	400
peak_14791	chrX	103031460	103031933	.	474	184	174	168	408	388	260
peak_14792	chrX	103686651	103687550	.	900	288	790	592	322	584	368
peak_14793	chrX	123846549	123846937	.	389	162	316	146	244	338	172
peak_14794	chrX	133229347	133229664	.	318	58	146	88	190	198	130
peak_14795	chrX	150767487	150768001	.	515	140	356	368	250	428	286
peak_14796	chrX	151902961	151903638	.	678	350	662	690	460	556	464
peak_14797	chrX	153036545	153037053	.	509	216	234	232	270	290	242
peak_14798	chrX	153379865	153380445	.	581	280	588	526	408	504	396
peak_14799	chrX	153381632	153382574	.	943	464	682	680	402	576	380
peak_14800	chrX	153528203	153528526	.	324	80	212	220	204	234	186
peak_14801	chrX	153634831	153639204	.	4374	1494	2738	2748	1162	1414	934
peak_14802	chrX	153667443	153668865	.	1423	416	834	908	294	328	232
peak_14803	chrX	153689080	153690236	.	1157	458	1018	922	556	934	536
peak_14804	chrX	153799148	153799658	.	511	184	398	430	266	378	350
peak_14805	chrX	153888279	153888576	.	298	152	266	268	218	294	218
peak_14806	chrX	153893665	153894302	.	638	468	506	646	484	746	494
peak_14807	chrX	153908781	153909693	.	913	510	920	1090	512	812	554
peak_14808	chrX	154396825	154398447	.	1623	584	1392	1022	598	724	446
peak_14809	chrX	155215990	155217322	.	1333	606	936	882	614	654	452
